# FlyGym 1.2.1 STL; B(x,y,z)=(x,z,y); winding reversed
v -0.000584921327 -0.00859599968 0.00362747196
v -0.000464894765 -0.00821384601 0.00369204572
v -0.000502906141 -0.00752921333 0.00368532092
f 1 3 2
v -0.00107592559 -0.00780662813 0.00334138422
v -0.00115974062 -0.00805760938 0.00331404663
v -0.000584921327 -0.00859599968 0.00362747196
f 4 6 5
v -0.000955838914 -0.00717615912 0.00340153711
v -0.000527538396 -0.00713689587 0.00367413413
v -0.000736254196 -0.00675160773 0.00351954841
f 7 9 8
v -0.000736254196 -0.00675160773 0.00351954841
v -0.000527538396 -0.00713689587 0.00367413413
v -0.000484174188 -0.00680099693 0.00367892062
f 10 12 11
v -0.00121622033 -0.00730865504 0.0031480864
v -0.00117129021 -0.00779296533 0.0032590975
v -0.000955838914 -0.00717615912 0.00340153711
f 13 15 14
v -0.00121622033 -0.00730865504 0.0031480864
v -0.00118811049 -0.00685752093 0.00306993861
v -0.00133071144 -0.00707751678 0.00285701644
f 16 18 17
v -0.000392647962 -0.00761324845 0.0037164853
v 6.1599394e-06 -0.00847396586 0.0037809059
v -4.80993435e-05 -0.00767867314 0.0037537131
f 19 21 20
v -0.00162228753 -0.0096301439 0.000968162567
v -0.00170837156 -0.00962235354 0.00109715793
v -0.00183558568 -0.00952640403 0.00107835031
f 22 24 23
v -0.00162228753 -0.0096301439 0.000968162567
v -0.00183558568 -0.00952640403 0.00107835031
v -0.00182401982 -0.00948555316 0.000945391366
f 25 27 26
v -0.000392647962 -0.00761324845 0.0037164853
v -4.80993435e-05 -0.00767867314 0.0037537131
v -0.000286300201 -0.00678967554 0.00372958566
f 28 30 29
v -0.000502906141 -0.00752921333 0.00368532092
v -0.000392647962 -0.00761324845 0.0037164853
v -0.000527538396 -0.00713689587 0.00367413413
f 31 33 32
v -0.000955838914 -0.00717615912 0.00340153711
v -0.00107592559 -0.00780662813 0.00334138422
v -0.000502906141 -0.00752921333 0.00368532092
f 34 36 35
v -0.000955838914 -0.00717615912 0.00340153711
v -0.000502906141 -0.00752921333 0.00368532092
v -0.000527538396 -0.00713689587 0.00367413413
f 37 39 38
v -0.000564441552 -0.00576724888 0.00359520709
v -0.000787360204 -0.00572143581 0.00341039959
v -0.000794684274 -0.00619115817 0.00339339022
f 40 42 41
v -0.000458839077 -0.00521652109 0.0036373156
v -0.000523208155 -0.00465325938 0.00353206524
v -0.000713238887 -0.00514111198 0.00349392467
f 43 45 44
v -0.000713238887 -0.00514111198 0.00349392467
v -0.000787360204 -0.00572143581 0.00341039959
v -0.000492054824 -0.00547860436 0.00364674015
f 46 48 47
v -0.000183978068 -0.00473768159 0.00364772895
v 0.00109023595 -0.00489047015 0.00372618597
v -1.70387025e-05 -0.00446956619 0.00365713822
f 49 51 50
v -0.000492054824 -0.00547860436 0.00364674015
v -0.000787360204 -0.00572143581 0.00341039959
v -0.000564441552 -0.00576724888 0.00359520709
f 52 54 53
v -0.000492054824 -0.00547860436 0.00364674015
v -0.000564441552 -0.00576724888 0.00359520709
v -0.000464378127 -0.0057730711 0.00365981577
f 55 57 56
v -0.000713238887 -0.00514111198 0.00349392467
v -0.000492054824 -0.00547860436 0.00364674015
v -0.000458839077 -0.00521652109 0.0036373156
f 58 60 59
v -0.000794684274 -0.00619115817 0.00339339022
v -0.00118811049 -0.00685752093 0.00306993861
v -0.000736254196 -0.00675160773 0.00351954841
f 61 63 62
v -0.00102830863 -0.00644456813 0.00316076075
v -0.00118811049 -0.00685752093 0.00306993861
v -0.000794684274 -0.00619115817 0.00339339022
f 64 66 65
v -0.00118811049 -0.00685752093 0.00306993861
v -0.00102830863 -0.00644456813 0.00316076075
v -0.00119866636 -0.00672680035 0.00299385392
f 67 69 68
v -0.00119866636 -0.00672680035 0.00299385392
v -0.00133071144 -0.00707751678 0.00285701644
v -0.00118811049 -0.00685752093 0.00306993861
f 70 72 71
v -0.00136392509 -0.00669934307 0.00224815813
v -0.00132022014 -0.00683439794 0.00275635957
v -0.00121654548 -0.00646109256 0.00274541999
f 73 75 74
v -0.0011250333 -0.00624276799 0.00284724701
v -0.00119866636 -0.00672680035 0.00299385392
v -0.00102830863 -0.00644456813 0.00316076075
f 76 78 77
v -0.00119866636 -0.00672680035 0.00299385392
v -0.0011250333 -0.00624276799 0.00284724701
v -0.00132022014 -0.00683439794 0.00275635957
f 79 81 80
v -0.00118549106 -0.00499965827 0.00257376123
v -0.00117025111 -0.0054837943 0.00278788975
v -0.00117006803 -0.00491207866 0.00264537048
f 82 84 83
v -0.00125272572 -0.00591594908 0.00223718471
v -0.00117025111 -0.0054837943 0.00278788975
v -0.00118549106 -0.00499965827 0.00257376123
f 85 87 86
v -0.00125272572 -0.00591594908 0.00223718471
v -0.00125424431 -0.00603725348 0.00225695949
v -0.00117025111 -0.0054837943 0.00278788975
f 88 90 89
v -0.00115928906 -0.0057883004 0.00278405641
v -0.0011250333 -0.00624276799 0.00284724701
v -0.00100337738 -0.00616611142 0.00310283467
f 91 93 92
v -0.0011879788 -0.00621704967 0.00262296708
v -0.00136721901 -0.00646418266 0.00189634538
v -0.00121654548 -0.00646109256 0.00274541999
f 94 96 95
v -0.00125424431 -0.00603725348 0.00225695949
v -0.00136721901 -0.00646418266 0.00189634538
v -0.0011879788 -0.00621704967 0.00262296708
f 97 99 98
v -0.000421345294 -0.00625844332 0.00367965185
v -0.000484174188 -0.00680099693 0.00367892062
v -0.000252644759 -0.00634781682 0.00372705981
f 100 102 101
v -0.000464378127 -0.0057730711 0.00365981577
v -0.000629213855 -0.00632719675 0.00355706507
v -0.000421345294 -0.00625844332 0.00367965185
f 103 105 104
v -4.80993435e-05 -0.00767867314 0.0037537131
v -0.000252644759 -0.00634781682 0.00372705981
v -0.000286300201 -0.00678967554 0.00372958566
f 106 108 107
v -0.0003424341 -0.00555318184 0.00368236906
v -0.000325268297 -0.00595626152 0.00370284142
v 0.00109023595 -0.00489047015 0.00372618597
f 109 111 110
v -0.000252644759 -0.00634781682 0.00372705981
v 0.00130479639 -0.00622759399 0.00376312128
v 0.00159385309 -0.00555974511 0.00375172713
f 112 114 113
v -0.00118811049 -0.00685752093 0.00306993861
v -0.000955838914 -0.00717615912 0.00340153711
v -0.000736254196 -0.00675160773 0.00351954841
f 115 117 116
v -0.000629213855 -0.00632719675 0.00355706507
v -0.000736254196 -0.00675160773 0.00351954841
v -0.000421345294 -0.00625844332 0.00367965185
f 118 120 119
v -0.00199973201 -0.00942883707 0.00357961726
v -0.00161671524 -0.00961089754 0.0035834837
v -0.00180189072 -0.00922038962 0.00366530476
f 121 123 122
v -0.00202180872 -0.00914908014 0.00361022503
v -0.00199973201 -0.00942883707 0.00357961726
v -0.00180189072 -0.00922038962 0.00366530476
f 124 126 125
v -0.00214190895 -0.00894915574 0.00338825848
v -0.00218654441 -0.00889752919 0.00314648787
v -0.00222661911 -0.00908005022 0.0033079039
f 127 129 128
v -0.00176824178 -0.00843620364 0.00315688303
v -0.00179164017 -0.00836853651 0.00296973358
v -0.0019860805 -0.00869125579 0.00323817512
f 130 132 131
v -0.00210733961 -0.00879229483 0.00320023973
v -0.00193766282 -0.00858330604 0.00273216629
v -0.00218654441 -0.00889752919 0.00314648787
f 133 135 134
v -0.00225384538 -0.00912971445 0.00322887317
v -0.00218654441 -0.00889752919 0.00314648787
v -0.00215420532 -0.00895297489 0.0029222274
f 136 138 137
v -0.00225384538 -0.00912971445 0.00322887317
v -0.00218174901 -0.00930580791 0.0034540255
v -0.00222661911 -0.00908005022 0.0033079039
f 139 141 140
v -0.00180189072 -0.00922038962 0.00366530476
v -0.0015709853 -0.00914867051 0.00363462568
v -0.00146823731 -0.00886002017 0.00353235846
f 142 144 143
v -0.00180189072 -0.00922038962 0.00366530476
v -0.00146823731 -0.00886002017 0.00353235846
v -0.00192998959 -0.00895670164 0.00357627396
f 145 147 146
v -0.00183979573 -0.00866752162 0.00335759687
v -0.00192998959 -0.00895670164 0.00357627396
v -0.00172038599 -0.00879954823 0.00349318107
f 148 150 149
v -0.00192998959 -0.00895670164 0.00357627396
v -0.00146823731 -0.00886002017 0.00353235846
v -0.00172038599 -0.00879954823 0.00349318107
f 151 153 152
v -0.00225384538 -0.00912971445 0.00322887317
v -0.00226173033 -0.00935584903 0.0032775024
v -0.00218174901 -0.00930580791 0.0034540255
f 154 156 155
v -0.00172038599 -0.00879954823 0.00349318107
v -0.00165172878 -0.00838864435 0.00322653541
v -0.00183979573 -0.00866752162 0.00335759687
f 157 159 158
v -0.00210086127 -0.00968212771 0.00315654361
v -0.00207003104 -0.00955702926 0.003452897
v -0.00214506599 -0.00958225937 0.00321745429
f 160 162 161
v -0.00226872016 -0.00937097866 0.00323750028
v -0.00207003104 -0.00955702926 0.003452897
v -0.00226173033 -0.00935584903 0.0032775024
f 163 165 164
v -0.00226872016 -0.00937097866 0.00323750028
v -0.00226173033 -0.00935584903 0.0032775024
v -0.00225384538 -0.00912971445 0.00322887317
f 166 168 167
v -0.00221959435 -0.00925259083 0.00307418049
v -0.00226872016 -0.00937097866 0.00323750028
v -0.00225384538 -0.00912971445 0.00322887317
f 169 171 170
v -0.00214344745 -0.00940949612 0.00290424869
v -0.00219286921 -0.00946687214 0.00307360824
v -0.00221959435 -0.00925259083 0.00307418049
f 172 174 173
v -0.00208246092 -0.00956346994 0.00283904155
v -0.00200962149 -0.00976043448 0.00298285158
v -0.00214837837 -0.0095876363 0.0030867468
f 175 177 176
v -0.00200962149 -0.00976043448 0.00298285158
v -0.00210086127 -0.00968212771 0.00315654361
v -0.00214837837 -0.0095876363 0.0030867468
f 178 180 179
v -0.00215420532 -0.00895297489 0.0029222274
v -0.00202148167 -0.00935347343 0.00265547042
v -0.00214344745 -0.00940949612 0.00290424869
f 181 183 182
v -0.00185610206 -0.00955469004 0.00253297258
v -0.00197936715 -0.00963648417 0.0027609869
v -0.00202148167 -0.00935347343 0.00265547042
f 184 186 185
v -0.00214837837 -0.0095876363 0.0030867468
v -0.00219286921 -0.00946687214 0.00307360824
v -0.00214344745 -0.00940949612 0.00290424869
f 187 189 188
v -0.00165172878 -0.00838864435 0.00322653541
v -0.00156065817 -0.00834091697 0.00323281311
v -0.00156911465 -0.00808216937 0.00304441237
f 190 192 191
v -0.00151290114 -0.00792135907 0.00276720421
v -0.00179164017 -0.00836853651 0.00296973358
v -0.00156911465 -0.00808216937 0.00304441237
f 193 195 194
v -0.00165830115 -0.00814537561 0.00274209306
v -0.00193766282 -0.00858330604 0.00273216629
v -0.00187254536 -0.00846581897 0.00282973888
f 196 198 197
v -0.00146823731 -0.00886002017 0.00353235846
v -0.00104943283 -0.00875106489 0.00348230205
v -0.00134573302 -0.00859696956 0.00340439256
f 199 201 200
v -0.00156065817 -0.00834091697 0.00323281311
v -0.00118278704 -0.00822628572 0.00334212091
v -0.00128941938 -0.00802724753 0.00322967753
f 202 204 203
v -0.00146774473 -0.0079692225 0.00306920738
v -0.00128941938 -0.00802724753 0.00322967753
v -0.00134889842 -0.00778132817 0.00305808389
f 205 207 206
v -0.00130805038 -0.00755489164 0.00305668109
v -0.00134889842 -0.00778132817 0.00305808389
v -0.00121622033 -0.00730865504 0.0031480864
f 208 210 209
v -0.00134889842 -0.00778132817 0.00305808389
v -0.00128941938 -0.00802724753 0.00322967753
v -0.00117129021 -0.00779296533 0.0032590975
f 211 213 212
v -0.00134889842 -0.00778132817 0.00305808389
v -0.00140814509 -0.00773572756 0.00285479382
v -0.00146774473 -0.0079692225 0.00306920738
f 214 216 215
v -0.00137033576 -0.00742768461 0.00274147351
v -0.00140570737 -0.00759251852 0.0026461732
v -0.00140814509 -0.00773572756 0.00285479382
f 217 219 218
v -0.00128534739 -0.00733897177 0.00304111963
v -0.00137033576 -0.00742768461 0.00274147351
v -0.00140814509 -0.00773572756 0.00285479382
f 220 222 221
v -0.00193766282 -0.00858330604 0.00273216629
v -0.00169379528 -0.00846895491 0.00226235916
v -0.00215420532 -0.00895297489 0.0029222274
f 223 225 224
v -0.00161702246 -0.00822579968 0.00226077536
v -0.00169379528 -0.00846895491 0.00226235916
v -0.00193766282 -0.00858330604 0.00273216629
f 226 228 227
v -0.00163599252 -0.00836229301 0.00213282801
v -0.00169379528 -0.00846895491 0.00226235916
v -0.00161702246 -0.00822579968 0.00226077536
f 229 231 230
v -0.00156339629 -0.00810137935 0.00227121509
v -0.00154637582 -0.00806977841 0.00194505665
v -0.00163599252 -0.00836229301 0.00213282801
f 232 234 233
v -0.00165830115 -0.00814537561 0.00274209306
v -0.00156339629 -0.00810137935 0.00227121509
v -0.00161702246 -0.00822579968 0.00226077536
f 235 237 236
v -0.00147495693 -0.00782441493 0.00265326889
v -0.00154637582 -0.00806977841 0.00194505665
v -0.00156339629 -0.00810137935 0.00227121509
f 238 240 239
v -0.00128941938 -0.00802724753 0.00322967753
v -0.00115974062 -0.00805760938 0.00331404663
v -0.00117129021 -0.00779296533 0.0032590975
f 241 243 242
v -0.00169379528 -0.00846895491 0.00226235916
v -0.00176612502 -0.0087853201 0.00232972434
v -0.00215420532 -0.00895297489 0.0029222274
f 244 246 245
v -0.00164287558 -0.00945038555 0.00221189766
v -0.00185610206 -0.00955469004 0.00253297258
v -0.00175123023 -0.00919199374 0.00228391946
f 247 249 248
v -0.00175123023 -0.00919199374 0.00228391946
v -0.00185610206 -0.00955469004 0.00253297258
v -0.00202148167 -0.00935347343 0.00265547042
f 250 252 251
v -0.00164021585 -0.00932602488 0.00208283618
v -0.00164287558 -0.00945038555 0.00221189766
v -0.00175123023 -0.00919199374 0.00228391946
f 253 255 254
v -0.0016582906 -0.00917831494 0.00196531255
v -0.00164021585 -0.00932602488 0.00208283618
v -0.00170593503 -0.00909486189 0.00216734861
f 256 258 257
v -0.00176612502 -0.0087853201 0.00232972434
v -0.00170593503 -0.00909486189 0.00216734861
v -0.00175123023 -0.00919199374 0.00228391946
f 259 261 260
v -0.00170593503 -0.00909486189 0.00216734861
v -0.00164021585 -0.00932602488 0.00208283618
v -0.00175123023 -0.00919199374 0.00228391946
f 262 264 263
v -0.00165620695 -0.00842482041 0.00196076671
v -0.00166850768 -0.00851876175 0.00212891318
v -0.00163599252 -0.00836229301 0.00213282801
f 265 267 266
v -0.00163599252 -0.00836229301 0.00213282801
v -0.00163129298 -0.00821885915 0.001768318
v -0.00165620695 -0.00842482041 0.00196076671
f 268 270 269
v -0.00169685936 -0.00842313239 0.00179419312
v -0.00211227507 -0.00901427484 0.00118285061
v -0.00171940937 -0.00857354025 0.00180514253
f 271 273 272
v -0.00172414566 -0.00870552904 0.00224377582
v -0.00169379528 -0.00846895491 0.00226235916
v -0.00166850768 -0.00851876175 0.00212891318
f 274 276 275
v -0.00169807154 -0.00894903424 0.00194980912
v -0.00178559076 -0.00878471837 0.00173987191
v -0.00177386737 -0.00890776573 0.00176674148
f 277 279 278
v -0.00169807154 -0.00894903424 0.00194980912
v -0.0016582906 -0.00917831494 0.00196531255
v -0.00169850628 -0.00891203017 0.00211598781
f 280 282 281
v -0.00165620695 -0.00842482041 0.00196076671
v -0.00178559076 -0.00878471837 0.00173987191
v -0.00170578769 -0.00869992218 0.00205728356
f 283 285 284
v -0.00164984212 -0.00925156055 0.00183603061
v -0.0016582906 -0.00917831494 0.00196531255
v -0.00170568055 -0.00913359108 0.00176722933
f 286 288 287
v -0.00159910105 -0.00948808083 0.00169113955
v -0.00155931521 -0.00951847396 0.00184621586
v -0.00164984212 -0.00925156055 0.00183603061
f 289 291 290
v -0.00164984212 -0.00925156055 0.00183603061
v -0.00155931521 -0.00951847396 0.00184621586
v -0.0016582906 -0.00917831494 0.00196531255
f 292 294 293
v -0.00211227507 -0.00901427484 0.00118285061
v -0.00208125603 -0.00907643043 0.0012507071
v -0.00178559076 -0.00878471837 0.00173987191
f 295 297 296
v -0.0016582906 -0.00917831494 0.00196531255
v -0.00170593503 -0.00909486189 0.00216734861
v -0.00169850628 -0.00891203017 0.00211598781
f 298 300 299
v -0.00136022891 -0.00691448004 0.00263268957
v -0.00137033576 -0.00742768461 0.00274147351
v -0.00133071144 -0.00707751678 0.00285701644
f 301 303 302
v -0.00139022286 -0.00719422242 0.00226493903
v -0.00137033576 -0.00742768461 0.00274147351
v -0.00136022891 -0.00691448004 0.00263268957
f 304 306 305
v -0.00136392509 -0.00669934307 0.00224815813
v -0.0014035224 -0.00675599949 0.00173035478
v -0.00140938928 -0.00696445277 0.00191007239
f 307 309 308
v -0.00131925799 -0.00618324339 0.00176949889
v -0.00136721901 -0.00646418266 0.00189634538
v -0.00125424431 -0.00603725348 0.00225695949
f 310 312 311
v -0.00140938928 -0.00696445277 0.00191007239
v -0.00136022891 -0.00691448004 0.00263268957
v -0.00136392509 -0.00669934307 0.00224815813
f 313 315 314
v -0.0014035224 -0.00675599949 0.00173035478
v -0.00139701633 -0.00696319694 0.00163910972
v -0.00140938928 -0.00696445277 0.00191007239
f 316 318 317
v -0.00132570676 -0.00671209345 0.00137810321
v -0.00127369331 -0.00732189947 0.00119986835
v -0.00139701633 -0.00696319694 0.00163910972
f 319 321 320
v -0.00134610264 -0.00742493357 0.00192261869
v -0.00132506257 -0.00743643031 0.00152263492
v -0.00140570737 -0.00759251852 0.0026461732
f 322 324 323
v -0.00132506257 -0.00743643031 0.00152263492
v -0.00133660124 -0.00757417802 0.0013068453
v -0.00140570737 -0.00759251852 0.0026461732
f 325 327 326
v -0.00137589477 -0.00743156925 0.00248780725
v -0.00134610264 -0.00742493357 0.00192261869
v -0.00140570737 -0.00759251852 0.0026461732
f 328 330 329
v -0.00127369331 -0.00732189947 0.00119986835
v -0.00132506257 -0.00743643031 0.00152263492
v -0.00134025249 -0.00728657105 0.00151807963
f 331 333 332
v -0.00143016105 -0.00782980569 0.00137153565
v -0.00163129298 -0.00821885915 0.001768318
v -0.00154637582 -0.00806977841 0.00194505665
f 334 336 335
v -0.00143016105 -0.00782980569 0.00137153565
v -0.00149433035 -0.00796542008 0.00119233609
v -0.00167679555 -0.0082237726 0.00119866181
f 337 339 338
v -0.00156305796 -0.00817809996 0.000904497483
v -0.00183598786 -0.00849471398 0.000983542577
v -0.00167679555 -0.0082237726 0.00119866181
f 340 342 341
v -0.00183598786 -0.00849471398 0.000983542577
v -0.00161718963 -0.00839156201 0.000760054581
v -0.00187373571 -0.00869194555 0.000827596705
f 343 345 344
v -0.00119507586 -0.00734068308 0.000971585087
v -0.00125577862 -0.00754789289 0.000958906094
v -0.00127369331 -0.00732189947 0.00119986835
f 346 348 347
v -0.00118943835 -0.00778723188 0.000744415638
v -0.00124993594 -0.00778054018 0.000834817911
v -0.00125577862 -0.00754789289 0.000958906094
f 349 351 350
v -0.00125577862 -0.00754789289 0.000958906094
v -0.00136639801 -0.00779362308 0.00113054566
v -0.00143016105 -0.00782980569 0.00137153565
f 352 354 353
v -0.00125577862 -0.00754789289 0.000958906094
v -0.00143016105 -0.00782980569 0.00137153565
v -0.00133660124 -0.00757417802 0.0013068453
f 355 357 356
v -0.00149433035 -0.00796542008 0.00119233609
v -0.00135037808 -0.00792584469 0.000895815629
v -0.00156305796 -0.00817809996 0.000904497483
f 358 360 359
v -0.0012595051 -0.00799747286 0.000710214545
v -0.00103081884 -0.00806004537 0.000496771008
v -0.00123995269 -0.0083029634 0.000533615093
f 361 363 362
v -0.000843811995 -0.00846884941 0.000392877064
v -0.00136561475 -0.0086241751 0.000516305408
v -0.000924412325 -0.00832471633 0.000418792297
f 364 366 365
v -0.00156305796 -0.00817809996 0.000904497483
v -0.00161718963 -0.00839156201 0.000760054581
v -0.00183598786 -0.00849471398 0.000983542577
f 367 369 368
v -0.00135037808 -0.00792584469 0.000895815629
v -0.0012595051 -0.00799747286 0.000710214545
v -0.00156305796 -0.00817809996 0.000904497483
f 370 372 371
v -0.00207424437 -0.0088424662 0.00105682457
v -0.00210441049 -0.00895272533 0.000953817835
v -0.00211227507 -0.00901427484 0.00118285061
f 373 375 374
v -0.00212732939 -0.00922302352 0.00112668777
v -0.00203658565 -0.00931443428 0.00121452995
v -0.00208125603 -0.00907643043 0.0012507071
f 376 378 377
v -0.00193509313 -0.00942258266 0.00120847053
v -0.00198457801 -0.00946137079 0.00104033252
v -0.00183558568 -0.00952640403 0.00107835031
f 379 381 380
v -0.00193509313 -0.00942258266 0.00120847053
v -0.00183558568 -0.00952640403 0.00107835031
v -0.00179341532 -0.00953245981 0.0012176677
f 382 384 383
v -0.00182401982 -0.00948555316 0.000945391366
v -0.00183558568 -0.00952640403 0.00107835031
v -0.00198457801 -0.00946137079 0.00104033252
f 385 387 386
v -0.0018871473 -0.00936093929 0.000807967081
v -0.00182401982 -0.00948555316 0.000945391366
v -0.00204006574 -0.00944743224 0.000961792284
f 388 390 389
v -0.00203658565 -0.00931443428 0.00121452995
v -0.00193509313 -0.00942258266 0.00120847053
v -0.00181544656 -0.00937637014 0.00140676384
f 391 393 392
v -0.00204006574 -0.00944743224 0.000961792284
v -0.00198457801 -0.00946137079 0.00104033252
v -0.00209789559 -0.00937619843 0.00103890152
f 394 396 395
v -0.0019979936 -0.00875477344 0.000954941243
v -0.00187373571 -0.00869194555 0.000827596705
v -0.00206760742 -0.00897633363 0.00084983767
f 397 399 398
v -0.00207424437 -0.0088424662 0.00105682457
v -0.00206760742 -0.00897633363 0.00084983767
v -0.00210441049 -0.00895272533 0.000953817835
f 400 402 401
v -0.00191813469 -0.00924994747 0.000730176589
v -0.00171116972 -0.00939282399 0.000787771933
v -0.0018871473 -0.00936093929 0.000807967081
f 403 405 404
v -0.00168187053 -0.00916947029 0.000650779248
v -0.00171116972 -0.00939282399 0.000787771933
v -0.00191813469 -0.00924994747 0.000730176589
f 406 408 407
v -0.00146933762 -0.00880785665 0.000538862605
v -0.00175450004 -0.00897820355 0.000635514016
v -0.00165576748 -0.00873662648 0.000615492308
f 409 411 410
v -0.00137866991 -0.00923378393 0.000592879087
v -0.00168187053 -0.00916947029 0.000650779248
v -0.00152342473 -0.00911281677 0.000584725012
f 412 414 413
v -0.00168187053 -0.00916947029 0.000650779248
v -0.00137866991 -0.00923378393 0.000592879087
v -0.00171116972 -0.00939282399 0.000787771933
f 415 417 416
v -0.00168187053 -0.00916947029 0.000650779248
v -0.00191813469 -0.00924994747 0.000730176589
v -0.00175450004 -0.00897820355 0.000635514016
f 418 420 419
v -0.00132789446 -0.00847121992 0.000527863449
v -0.00136561475 -0.0086241751 0.000516305408
v -0.00165576748 -0.00873662648 0.000615492308
f 421 423 422
v -0.00136561475 -0.0086241751 0.000516305408
v -0.00146933762 -0.00880785665 0.000538862605
v -0.00165576748 -0.00873662648 0.000615492308
f 424 426 425
v -0.00119031747 -0.00918732185 0.000520263711
v -0.00152342473 -0.00911281677 0.000584725012
v -0.00146933762 -0.00880785665 0.000538862605
f 427 429 428
v -0.00185507524 -0.00895676931 0.00068151071
v -0.00206760742 -0.00897633363 0.00084983767
v -0.00187373571 -0.00869194555 0.000827596705
f 430 432 431
v -0.00172038599 -0.00879954823 0.00349318107
v -0.00134573302 -0.00859696956 0.00340439256
v -0.00165172878 -0.00838864435 0.00322653541
f 433 435 434
v -0.000584921327 -0.00859599968 0.00362747196
v -0.000518417573 -0.00890544834 0.00364629268
v -0.000409357563 -0.00863773457 0.00369643712
f 436 438 437
v -0.000219820686 -0.00827357144 0.00375357413
v 3.0859465e-05 -0.00894886107 0.00378609766
v 6.1599394e-06 -0.00847396586 0.0037809059
f 439 441 440
v -0.000392647962 -0.00761324845 0.0037164853
v -0.000219820686 -0.00827357144 0.00375357413
v 6.1599394e-06 -0.00847396586 0.0037809059
f 442 444 443
v 3.0859465e-05 -0.00894886107 0.00378609766
v 0.000139317501 -0.00965863146 0.00361489838
v 0.000337330539 -0.00931663744 0.00371650276
f 445 447 446
v 0.000792356423 -0.00927931105 0.00365892774
v 0.000745912166 -0.00807290344 0.0037451875
v 9.32138107e-05 -0.00892788958 0.00378961704
f 448 450 449
v 3.0859465e-05 -0.00894886107 0.00378609766
v 0.000337330539 -0.00931663744 0.00371650276
v 9.32138107e-05 -0.00892788958 0.00378961704
f 451 453 452
v 0.000666845426 -0.00970577385 0.00354639888
v 0.000792356423 -0.00927931105 0.00365892774
v 0.000337330539 -0.00931663744 0.00371650276
f 454 456 455
v 0.000820091282 -0.00965159343 0.00352987227
v 0.000904183798 -0.00984468643 0.00344090549
v 0.00090555186 -0.00943245395 0.00360845479
f 457 459 458
v 0.000666845426 -0.00970577385 0.00354639888
v 0.000820091282 -0.00965159343 0.00352987227
v 0.000792356423 -0.00927931105 0.00365892774
f 460 462 461
v 0.00174327688 -0.00937755613 0.00355226839
v 0.00181323594 -0.00909922601 0.00355262709
v 0.00155602447 -0.00837054758 0.00364104308
f 463 465 464
v 0.00110296678 -0.00954605639 0.00359315018
v 0.00157561135 -0.00982091951 0.00355813681
v 0.00092519831 -0.0091959133 0.00364795414
f 466 468 467
v 0.00155602447 -0.00837054758 0.00364104308
v 0.00152276543 -0.00945390348 0.00358872421
v 0.00174327688 -0.00937755613 0.00355226839
f 469 471 470
v 0.00185339049 -0.0068526213 0.00369299742
v 0.00172032815 -0.0065181528 0.00370958514
v 0.0017337059 -0.00679077566 0.00372595932
f 472 474 473
v 0.00185339049 -0.0068526213 0.00369299742
v 0.00191165873 -0.00626235487 0.00361614402
v 0.00172032815 -0.0065181528 0.00370958514
f 475 477 476
v 0.00210148974 -0.00691642417 0.00359497353
v 0.00191165873 -0.00626235487 0.00361614402
v 0.00185339049 -0.0068526213 0.00369299742
f 478 480 479
v 0.00164728408 -0.00797617467 0.00363572653
v 0.00142152649 -0.00745379002 0.00370655071
v 0.00155602447 -0.00837054758 0.00364104308
f 481 483 482
v 0.00189421953 -0.00861518711 0.00355306074
v 0.00181463638 -0.00742167831 0.00358900252
v 0.00164728408 -0.00797617467 0.00363572653
f 484 486 485
v 0.00181463638 -0.00742167831 0.00358900252
v 0.00217132765 -0.00711851462 0.0035122157
v 0.00210148974 -0.00691642417 0.00359497353
f 487 489 488
v 0.00204585904 -0.00755314832 0.0034903609
v 0.00255746036 -0.00759394097 0.00317568156
v 0.00199383376 -0.00737067239 0.00352734205
f 490 492 491
v 0.00231977028 -0.00823740265 0.00337682723
v 0.00230065416 -0.00796578752 0.00339244398
v 0.00189421953 -0.00861518711 0.00355306074
f 493 495 494
v 0.00235017451 -0.00849203352 0.00332770687
v 0.00259480621 -0.00834974635 0.00307043119
v 0.00231977028 -0.00823740265 0.00337682723
f 496 498 497
v 0.00242180686 -0.00795783344 0.00331357769
v 0.00255746036 -0.00759394097 0.00317568156
v 0.00230065416 -0.00796578752 0.00339244398
f 499 501 500
v 0.00242180686 -0.00795783344 0.00331357769
v 0.00265261879 -0.00778058311 0.00310864161
v 0.00255746036 -0.00759394097 0.00317568156
f 502 504 503
v 0.00259480621 -0.00834974635 0.00307043119
v 0.00265261879 -0.00778058311 0.00310864161
v 0.00231977028 -0.00823740265 0.00337682723
f 505 507 506
v 0.00259480621 -0.00834974635 0.00307043119
v 0.0026982867 -0.00802529466 0.00301075652
v 0.00265261879 -0.00778058311 0.00310864161
f 508 510 509
v 0.00181463638 -0.00742167831 0.00358900252
v 0.00230065416 -0.00796578752 0.00339244398
v 0.00204585904 -0.00755314832 0.0034903609
f 511 513 512
v 0.00199383376 -0.00737067239 0.00352734205
v 0.00239972778 -0.00735913782 0.00330828843
v 0.00217132765 -0.00711851462 0.0035122157
f 514 516 515
v 0.00181323594 -0.00909922601 0.00355262709
v 0.00189421953 -0.00861518711 0.00355306074
v 0.00155602447 -0.00837054758 0.00364104308
f 517 519 518
v 0.00232103866 -0.00873749814 0.00332738091
v 0.00235017451 -0.00849203352 0.00332770687
v 0.00223948155 -0.00845376635 0.00340378574
f 520 522 521
v 0.00230113055 -0.00898914659 0.00331590309
v 0.00232103866 -0.00873749814 0.00332738091
v 0.00223948155 -0.00845376635 0.00340378574
f 523 525 524
v 0.00174327688 -0.00937755613 0.00355226839
v 0.00195036082 -0.00937835721 0.00346256202
v 0.00181323594 -0.00909922601 0.00355262709
f 526 528 527
v 0.00166230802 -0.0100620869 0.00346955021
v 0.00176772628 -0.0100547833 0.00344062573
v 0.00157561135 -0.00982091951 0.00355813681
f 529 531 530
v 0.00179541621 -0.0102251455 0.00332396194
v 0.00176772628 -0.0100547833 0.00344062573
v 0.00171902284 -0.0102097219 0.0033841945
f 532 534 533
v 0.00196209294 -0.010097614 0.00325470755
v 0.00200008908 -0.00990795816 0.00333192947
v 0.00176772628 -0.0100547833 0.00344062573
f 535 537 536
v 0.00157561135 -0.00982091951 0.00355813681
v 0.00174327688 -0.00937755613 0.00355226839
v 0.00152276543 -0.00945390348 0.00358872421
f 538 540 539
v 0.00230113055 -0.00898914659 0.00331590309
v 0.00189924194 -0.00894773038 0.00353109608
v 0.00212379891 -0.00919300874 0.00338926511
f 541 543 542
v 0.00230113055 -0.00898914659 0.00331590309
v 0.00212379891 -0.00919300874 0.00338926511
v 0.0023124383 -0.0094529838 0.00316106416
f 544 546 545
v 0.00230113055 -0.00898914659 0.00331590309
v 0.00251806359 -0.00913293334 0.00304496898
v 0.00232103866 -0.00873749814 0.00332738091
f 547 549 548
v 0.00247739154 -0.00934795462 0.00303299239
v 0.00230113055 -0.00898914659 0.00331590309
v 0.0023124383 -0.0094529838 0.00316106416
f 550 552 551
v 0.0023124383 -0.0094529838 0.00316106416
v 0.00212379891 -0.00919300874 0.00338926511
v 0.00195036082 -0.00937835721 0.00346256202
f 553 555 554
v 0.0023124383 -0.0094529838 0.00316106416
v 0.00214634056 -0.00966100415 0.00326406262
v 0.00230516216 -0.0097194119 0.00303859488
f 556 558 557
v 0.00247739154 -0.00934795462 0.00303299239
v 0.0023124383 -0.0094529838 0.00316106416
v 0.00230516216 -0.0097194119 0.00303859488
f 559 561 560
v 0.00259129356 -0.00950840622 0.00282162655
v 0.00247739154 -0.00934795462 0.00303299239
v 0.00251102283 -0.00991070701 0.00273126898
f 562 564 563
v 0.00251806359 -0.00913293334 0.00304496898
v 0.00259480621 -0.00834974635 0.00307043119
v 0.00232103866 -0.00873749814 0.00332738091
f 565 567 566
v 0.0028334347 -0.00961390033 0.00242134483
v 0.00259129356 -0.00950840622 0.00282162655
v 0.0028479777 -0.00985263978 0.00232181737
f 568 570 569
v 0.0028334347 -0.00961390033 0.00242134483
v 0.00299880903 -0.00918410078 0.00217337238
v 0.00298080813 -0.00893772376 0.00228666304
f 571 573 572
v 0.00294827587 -0.00973080969 0.00216669887
v 0.00299880903 -0.00918410078 0.00217337238
v 0.0028334347 -0.00961390033 0.00242134483
f 574 576 575
v 0.00214634056 -0.00966100415 0.00326406262
v 0.0023124383 -0.0094529838 0.00316106416
v 0.00195036082 -0.00937835721 0.00346256202
f 577 579 578
v -0.00136594981 -0.0110268171 0.00440516778
v -0.00134973679 -0.0109727065 0.00458948743
v -0.00143138786 -0.0108087763 0.00461838063
f 580 582 581
v -0.00134973679 -0.0109727065 0.00458948743
v -0.00139367276 -0.0108409207 0.00469090592
v -0.00143138786 -0.0108087763 0.00461838063
f 583 585 584
v -0.00116824467 -0.0107600565 0.0047038382
v -0.00118577109 -0.0106322062 0.00462186908
v -0.00135414666 -0.0107314911 0.00467726131
f 586 588 587
v -0.0014672818 -0.0107679931 0.004246346
v -0.00142108702 -0.0109339169 0.00436465671
v -0.00147764331 -0.0107930471 0.00446134691
f 589 591 590
v -0.00142108702 -0.0109339169 0.00436465671
v -0.00136594981 -0.0110268171 0.00440516778
v -0.00147764331 -0.0107930471 0.00446134691
f 592 594 593
v -0.00134817801 -0.0108936525 0.00405926075
v -0.00142108702 -0.0109339169 0.00436465671
v -0.0014672818 -0.0107679931 0.004246346
f 595 597 596
v -0.00112959533 -0.0101895821 0.0040249106
v -0.00124154612 -0.0102068756 0.00393066766
v -0.00147160818 -0.0105126928 0.00432359848
f 598 600 599
v -0.0013401761 -0.0103142949 0.00392863403
v -0.00140190623 -0.0104137667 0.00383952902
v -0.00147635574 -0.0105099847 0.00412202535
f 601 603 602
v -0.00148096833 -0.0105434527 0.00406198305
v -0.0014672818 -0.0107679931 0.004246346
v -0.00150319165 -0.0105734267 0.00415692521
f 604 606 605
v -0.00147635574 -0.0105099847 0.00412202535
v -0.00150319165 -0.0105734267 0.00415692521
v -0.00150785136 -0.0105949774 0.00424662248
f 607 609 608
v -0.00139474369 -0.0106099331 0.00388138469
v -0.00134817801 -0.0108936525 0.00405926075
v -0.00148096833 -0.0105434527 0.00406198305
f 610 612 611
v -0.0013401761 -0.0103142949 0.00392863403
v -0.00147635574 -0.0105099847 0.00412202535
v -0.00147160818 -0.0105126928 0.00432359848
f 613 615 614
v -0.000883254233 -0.0109765831 0.00470963641
v -0.00116824467 -0.0107600565 0.0047038382
v -0.0013683064 -0.0108251486 0.00471644744
f 616 618 617
v -0.00110619676 -0.011339019 0.00436525042
v -0.00106052239 -0.0113104172 0.00452367349
v -0.00134973679 -0.0109727065 0.00458948743
f 619 621 620
v -0.00106052239 -0.0113104172 0.00452367349
v -0.000870347594 -0.0113137641 0.00461684685
v -0.000990454919 -0.0112304129 0.00465946032
f 622 624 623
v -0.000928607915 -0.0114001945 0.00446420199
v -0.000782452389 -0.0114359798 0.00441936609
v -0.000870347594 -0.0113137641 0.00461684685
f 625 627 626
v -0.000734624382 -0.0111081827 0.00468558937
v -0.000594938274 -0.0110867637 0.00463826473
v -0.000883254233 -0.0109765831 0.00470963641
f 628 630 629
v -0.000317200988 -0.0106636886 0.00441156444
v -0.000694594792 -0.0105016843 0.00440232398
v -0.000558522197 -0.01078922 0.00454022884
f 631 633 632
v -0.00142108702 -0.0109339169 0.00436465671
v -0.00127442318 -0.011112629 0.00407755761
v -0.00136594981 -0.0110268171 0.00440516778
f 634 636 635
v -0.00110619676 -0.011339019 0.00436525042
v -0.00136594981 -0.0110268171 0.00440516778
v -0.00127442318 -0.011112629 0.00407755761
f 637 639 638
v -0.000235969651 -0.0111296569 0.00443908175
v -0.000369602458 -0.0108180117 0.00449889121
v -0.000454391602 -0.0111438392 0.00457282986
f 640 642 641
v -0.00052559426 -0.0112398266 0.00458332797
v -0.000594938274 -0.0110867637 0.00463826473
v -0.000734624382 -0.0111081827 0.00468558937
f 643 645 644
v -0.000535975187 -0.011366354 0.00448633909
v -0.000706328365 -0.0113056987 0.00460538286
v -0.000782452389 -0.0114359798 0.00441936609
f 646 648 647
v -0.000870347594 -0.0113137641 0.00461684685
v -0.000706328365 -0.0113056987 0.00460538286
v -0.000763696698 -0.0112127847 0.00466691636
f 649 651 650
v -0.000861141416 -0.0114903953 0.00419834505
v -0.000782452389 -0.0114359798 0.00441936609
v -0.000928607915 -0.0114001945 0.00446420199
f 652 654 653
v -0.00035034102 -0.0116449752 0.00394978124
v -0.000305081312 -0.0116040348 0.00405874343
v -0.000782452389 -0.0114359798 0.00441936609
f 655 657 656
v -0.000782452389 -0.0114359798 0.00441936609
v -0.000305081312 -0.0116040348 0.00405874343
v -0.000279240157 -0.0115346505 0.00418822419
f 658 660 659
v 1.34622582e-05 -0.0111601446 0.00426711013
v -0.000235969651 -0.0111296569 0.00443908175
v -0.000306775701 -0.0113146598 0.00442621422
f 661 663 662
v -0.000306775701 -0.0113146598 0.00442621422
v -0.000235969651 -0.0111296569 0.00443908175
v -0.000398559496 -0.011250138 0.00450700136
f 664 666 665
v -0.000782452389 -0.0114359798 0.00441936609
v -0.000279240157 -0.0115346505 0.00418822419
v -0.000535975187 -0.011366354 0.00448633909
f 667 669 668
v -0.000398559496 -0.011250138 0.00450700136
v -0.000235969651 -0.0111296569 0.00443908175
v -0.000454391602 -0.0111438392 0.00457282986
f 670 672 671
v -0.000763696698 -0.0112127847 0.00466691636
v -0.000734624382 -0.0111081827 0.00468558937
v -0.00100970792 -0.0111492693 0.00471188323
f 673 675 674
v -0.00128819611 -0.0108740103 0.00338752834
v -0.00123227701 -0.0110814806 0.00354523763
v -0.00132476307 -0.0108782413 0.00371265087
f 676 678 677
v -0.00123227701 -0.0110814806 0.00354523763
v -0.00124886592 -0.0111320078 0.00377252545
v -0.00132476307 -0.0108782413 0.00371265087
f 679 681 680
v -0.000747632021 -0.0115715353 0.00396460273
v -0.00035034102 -0.0116449752 0.00394978124
v -0.000782452389 -0.0114359798 0.00441936609
f 682 684 683
v -0.000770399765 -0.0115432085 0.00376066782
v -0.000396170799 -0.0116549214 0.00380315578
v -0.000747632021 -0.0115715353 0.00396460273
f 685 687 686
v -0.000975692819 -0.011424259 0.00374813135
v -0.000763263324 -0.0114990617 0.00352226307
v -0.000770399765 -0.0115432085 0.00376066782
f 688 690 689
v -0.000396170799 -0.0116549214 0.00380315578
v -0.000200089744 -0.011667786 0.00375430864
v -0.00035034102 -0.0116449752 0.00394978124
f 691 693 692
v -0.000975692819 -0.011424259 0.00374813135
v -0.000747632021 -0.0115715353 0.00396460273
v -0.00103177772 -0.0114131304 0.00419341413
f 694 696 695
v -0.000763263324 -0.0114990617 0.00352226307
v -0.000396170799 -0.0116549214 0.00380315578
v -0.000770399765 -0.0115432085 0.00376066782
f 697 699 698
v -0.00161671524 -0.00961089754 0.0035834837
v -0.00136760236 -0.00971589325 0.00361834354
v -0.00143644866 -0.00959311074 0.00361316888
f 700 702 701
v -0.00144969499 -0.00976947631 0.00357538338
v -0.00143880116 -0.0100105062 0.00351758499
v -0.00125091046 -0.0100177822 0.00366112326
f 703 705 704
v -0.00159089195 -0.00981662015 0.00347740315
v -0.00151023014 -0.0100441255 0.00340834449
v -0.00143880116 -0.0100105062 0.00351758499
f 706 708 707
v -0.00161671524 -0.00961089754 0.0035834837
v -0.00159089195 -0.00981662015 0.00347740315
v -0.00144969499 -0.00976947631 0.00357538338
f 709 711 710
v -0.000444537363 -0.00993349531 0.00375138952
v -0.000659441639 -0.00991583947 0.00377955766
v -0.000486921181 -0.0101397782 0.00398910815
f 712 714 713
v -0.00139123777 -0.0105468527 0.00373054427
v -0.00140190623 -0.0104137667 0.00383952902
v -0.00141916698 -0.0103639693 0.00359763799
f 715 717 716
v -0.000929007365 -0.0102368816 0.00414175483
v -0.00112959533 -0.0101895821 0.0040249106
v -0.00141022965 -0.0106650688 0.00461484306
f 718 720 719
v -0.000929007365 -0.0102368816 0.00414175483
v -0.00104566871 -0.0100516816 0.00389469824
v -0.00112959533 -0.0101895821 0.0040249106
f 721 723 722
v -0.00112492216 -0.00997180687 0.00374968076
v -0.00103011771 -0.00989101682 0.00375959862
v -0.00116946503 -0.00986191662 0.00369021582
f 724 726 725
v -0.00104566871 -0.0100516816 0.00389469824
v -0.00112492216 -0.00997180687 0.00374968076
v -0.00124154612 -0.0102068756 0.00393066766
f 727 729 728
v -0.00125091046 -0.0100177822 0.00366112326
v -0.00143880116 -0.0100105062 0.00351758499
v -0.00135524961 -0.0101599653 0.00366548011
f 730 732 731
v -0.00104566871 -0.0100516816 0.00389469824
v -0.000659441639 -0.00991583947 0.00377955766
v -0.00103011771 -0.00989101682 0.00375959862
f 733 735 734
v -0.00136760236 -0.00971589325 0.00361834354
v -0.00116489828 -0.00962863487 0.00362222927
v -0.00143644866 -0.00959311074 0.00361316888
f 736 738 737
v -0.000659441639 -0.00991583947 0.00377955766
v -0.000559306909 -0.00983222999 0.00370954258
v -0.000767724669 -0.00975314397 0.00369014633
f 739 741 740
v -0.000859699685 -0.00903549662 0.00353782416
v -0.00112519747 -0.00893331817 0.00352818861
v 0.000150648873 -0.00985816441 0.00357993595
f 742 744 743
v -0.00103011771 -0.00989101682 0.00375959862
v -0.000767724669 -0.00975314397 0.00369014633
v -0.00116489828 -0.00962863487 0.00362222927
f 745 747 746
v -0.000767724669 -0.00975314397 0.00369014633
v -0.000802150043 -0.00938276717 0.00357153949
v -0.00107387232 -0.00936634387 0.00357948411
f 748 750 749
v -0.00116946503 -0.00986191662 0.00369021582
v -0.00116489828 -0.00962863487 0.00362222927
v -0.00136760236 -0.00971589325 0.00361834354
f 751 753 752
v -0.0018973109 -0.00988314787 0.00314953977
v -0.00167953931 -0.00988442771 0.00337119673
v -0.00196139099 -0.00963406783 0.00348103895
f 754 756 755
v -0.00151023014 -0.0100441255 0.00340834449
v -0.00148370209 -0.0102285725 0.00327983507
v -0.00145804142 -0.0101443242 0.00347342539
f 757 759 758
v -0.00158372513 -0.0101238264 0.00314563476
v -0.00151023014 -0.0100441255 0.00340834449
v -0.00167953931 -0.00988442771 0.00337119673
f 760 762 761
v -0.00132476307 -0.0108782413 0.00371265087
v -0.00139474369 -0.0106099331 0.00388138469
v -0.00139123777 -0.0105468527 0.00373054427
f 763 765 764
v -0.00133693611 -0.0107120068 0.00332104246
v -0.00132476307 -0.0108782413 0.00371265087
v -0.00138666555 -0.0105380495 0.00350218797
f 766 768 767
v -0.00133693611 -0.0107120068 0.00332104246
v -0.00138666555 -0.0105380495 0.00350218797
v -0.00138143014 -0.0105534484 0.003297492
f 769 771 770
v -0.00144098776 -0.0103787243 0.00339357757
v -0.00141916698 -0.0103639693 0.00359763799
v -0.00145804142 -0.0101443242 0.00347342539
f 772 774 773
v -0.00144098776 -0.0103787243 0.00339357757
v -0.00138143014 -0.0105534484 0.003297492
v -0.00138666555 -0.0105380495 0.00350218797
f 775 777 776
v -0.00149113994 -0.0102741797 0.00309798961
v -0.00144098776 -0.0103787243 0.00339357757
v -0.00148370209 -0.0102285725 0.00327983507
f 778 780 779
v -0.00138666555 -0.0105380495 0.00350218797
v -0.00141916698 -0.0103639693 0.00359763799
v -0.00144098776 -0.0103787243 0.00339357757
f 781 783 782
v -0.00137805828 -0.0105179781 0.00308016351
v -0.00128611564 -0.0107474894 0.00321401276
v -0.00138143014 -0.0105534484 0.003297492
f 784 786 785
v -0.00128611564 -0.0107474894 0.00321401276
v -0.00133693611 -0.0107120068 0.00332104246
v -0.00138143014 -0.0105534484 0.003297492
f 787 789 788
v -0.00123847885 -0.0109888999 0.00340715378
v -0.00128819611 -0.0108740103 0.00338752834
v -0.00128611564 -0.0107474894 0.00321401276
f 790 792 791
v -0.00200962149 -0.00976043448 0.00298285158
v -0.00181757714 -0.00995343944 0.00297911301
v -0.0018973109 -0.00988314787 0.00314953977
f 793 795 794
v -0.00164327248 -0.0099979181 0.00269941847
v -0.00157563372 -0.0101133941 0.00275406164
v -0.00181757714 -0.00995343944 0.00297911301
f 796 798 797
v -0.0018973109 -0.00988314787 0.00314953977
v -0.00181757714 -0.00995343944 0.00297911301
v -0.00155435155 -0.0101733582 0.00294998135
f 799 801 800
v -0.0018973109 -0.00988314787 0.00314953977
v -0.00155435155 -0.0101733582 0.00294998135
v -0.00158372513 -0.0101238264 0.00314563476
f 802 804 803
v -0.00155315884 -0.00972361158 0.00220135025
v -0.00145604126 -0.0101181511 0.00242858532
v -0.00164327248 -0.0099979181 0.00269941847
f 805 807 806
v -0.00137805828 -0.0105179781 0.00308016351
v -0.00149113994 -0.0102741797 0.00309798961
v -0.00155435155 -0.0101733582 0.00294998135
f 808 810 809
v -0.00133564818 -0.0105176972 0.00288812244
v -0.00137805828 -0.0105179781 0.00308016351
v -0.00157563372 -0.0101133941 0.00275406164
f 811 813 812
v -0.000833399008 -0.0110383764 0.00296925846
v -0.00122847641 -0.0107068699 0.00306302099
v -0.00133564818 -0.0105176972 0.00288812244
f 814 816 815
v -0.00157563372 -0.0101133941 0.00275406164
v -0.00126065434 -0.0105347848 0.00264515347
v -0.00133564818 -0.0105176972 0.00288812244
f 817 819 818
v -0.00108109389 -0.0106864325 0.00242074821
v -0.00157563372 -0.0101133941 0.00275406164
v -0.00133016065 -0.0101703052 0.00212982086
f 820 822 821
v -0.000317200988 -0.0106636886 0.00441156444
v -0.000234338154 -0.0105096769 0.00427679515
v -0.000694594792 -0.0105016843 0.00440232398
f 823 825 824
v -0.000373002877 -0.0101141588 0.00391205613
v -0.000486921181 -0.0101397782 0.00398910815
v -0.000393989831 -0.0103310202 0.00417649899
f 826 828 827
v -0.000393989831 -0.0103310202 0.00417649899
v -0.000167961412 -0.0104357197 0.0041711246
v -0.000373002877 -0.0101141588 0.00391205613
f 829 831 830
v -0.000393989831 -0.0103310202 0.00417649899
v -0.000486921181 -0.0101397782 0.00398910815
v -0.000929007365 -0.0102368816 0.00414175483
f 832 834 833
v -0.000107571941 -0.010816782 0.00434616522
v -3.20314115e-05 -0.0107352942 0.00426702536
v -0.000317200988 -0.0106636886 0.00441156444
f 835 837 836
v -0.000369602458 -0.0108180117 0.00449889121
v -0.000107571941 -0.010816782 0.00434616522
v -0.000317200988 -0.0106636886 0.00441156444
f 838 840 839
v 1.34622582e-05 -0.0111601446 0.00426711013
v -0.000107571941 -0.010816782 0.00434616522
v -0.000235969651 -0.0111296569 0.00443908175
f 841 843 842
v -0.000234338154 -0.0105096769 0.00427679515
v -3.20314115e-05 -0.0107352942 0.00426702536
v -0.000167961412 -0.0104357197 0.0041711246
f 844 846 845
v -0.000486921181 -0.0101397782 0.00398910815
v -0.000373002877 -0.0101141588 0.00391205613
v -0.000444537363 -0.00993349531 0.00375138952
f 847 849 848
v -7.89902515e-05 -0.010240858 0.00385501553
v -0.000373002877 -0.0101141588 0.00391205613
v -0.000167961412 -0.0104357197 0.0041711246
f 850 852 851
v 7.33244576e-05 -0.0103522492 0.00384056475
v -7.89902515e-05 -0.010240858 0.00385501553
v -0.000167961412 -0.0104357197 0.0041711246
f 853 855 854
v -0.000444537363 -0.00993349531 0.00375138952
v 6.47727688e-05 -0.0100563702 0.003644975
v -0.000122054712 -0.00991296838 0.0036189158
f 856 858 857
v 0.000150648873 -0.00985816441 0.00357993595
v 0.0002164634 -0.0101474434 0.00361884922
v 0.000389125216 -0.010072258 0.00354047661
f 859 861 860
v -0.000444537363 -0.00993349531 0.00375138952
v -0.000373002877 -0.0101141588 0.00391205613
v -7.89902515e-05 -0.010240858 0.00385501553
f 862 864 863
v 0.000350089249 -0.0107215972 0.00370541857
v 0.000447735829 -0.0106087289 0.00353906689
v 7.33244576e-05 -0.0103522492 0.00384056475
f 865 867 866
v 0.0002164634 -0.0101474434 0.00361884922
v 0.000447735829 -0.0106087289 0.00353906689
v 0.000419426169 -0.0102806458 0.00352342286
f 868 870 869
v 0.000463908873 -0.0107787724 0.00351699819
v 0.000620910851 -0.0106958127 0.00327800844
v 0.000447735829 -0.0106087289 0.00353906689
f 871 873 872
v -3.20314115e-05 -0.0107352942 0.00426702536
v 0.000350089249 -0.0107215972 0.00370541857
v 7.33244576e-05 -0.0103522492 0.00384056475
f 874 876 875
v -0.00123847885 -0.0109888999 0.00340715378
v -0.00123227701 -0.0110814806 0.00354523763
v -0.00128819611 -0.0108740103 0.00338752834
f 877 879 878
v -0.000833399008 -0.0110383764 0.00296925846
v -0.00128611564 -0.0107474894 0.00321401276
v -0.00122847641 -0.0107068699 0.00306302099
f 880 882 881
v -0.00128611564 -0.0107474894 0.00321401276
v -0.000776860179 -0.011288761 0.00319045394
v -0.00123847885 -0.0109888999 0.00340715378
f 883 885 884
v -0.000763263324 -0.0114990617 0.00352226307
v -0.000255815939 -0.0115445204 0.00322322085
v -0.000283585064 -0.0115994648 0.00346658016
f 886 888 887
v -0.000568803762 -0.0114021532 0.00311893164
v -0.000296718713 -0.0114707189 0.00302940098
v -0.000763263324 -0.0114990617 0.00352226307
f 889 891 890
v -0.000164441281 -0.0114835835 0.00300374759
v 1.65556386e-05 -0.0114417206 0.00305308859
v -0.000255815939 -0.0115445204 0.00322322085
f 892 894 893
v -0.000296718713 -0.0114707189 0.00302940098
v -0.000255815939 -0.0115445204 0.00322322085
v -0.000763263324 -0.0114990617 0.00352226307
f 895 897 896
v -0.000296718713 -0.0114707189 0.00302940098
v -0.000164441281 -0.0114835835 0.00300374759
v -0.000255815939 -0.0115445204 0.00322322085
f 898 900 899
v -0.00126065434 -0.0105347848 0.00264515347
v -0.00060395887 -0.0112078174 0.00280650311
v -0.000833399008 -0.0110383764 0.00296925846
f 901 903 902
v -0.00108109389 -0.0106864325 0.00242074821
v -0.00060395887 -0.0112078174 0.00280650311
v -0.00126065434 -0.0105347848 0.00264515347
f 904 906 905
v -0.000675843285 -0.0109339031 0.00206792793
v -0.00108109389 -0.0106864325 0.00242074821
v -0.000796513359 -0.0108211898 0.00205549877
f 907 909 908
v -0.00060395887 -0.0112078174 0.00280650311
v -0.00108109389 -0.0106864325 0.00242074821
v -0.000675843285 -0.0109339031 0.00206792793
f 910 912 911
v -0.000182663177 -0.011421222 0.00264594764
v -0.000167485848 -0.0114672483 0.00285367769
v -0.000296718713 -0.0114707189 0.00302940098
f 913 915 914
v -0.000436336313 -0.0113778391 0.00293550074
v -0.000156013448 -0.0112639391 0.00215057462
v -0.000182663177 -0.011421222 0.00264594764
f 916 918 917
v -0.000156013448 -0.0112639391 0.00215057462
v -0.000148847221 -0.0113457398 0.00240304435
v -0.000182663177 -0.011421222 0.00264594764
f 919 921 920
v -0.000776860179 -0.011288761 0.00319045394
v -0.000763263324 -0.0114990617 0.00352226307
v -0.00099477511 -0.0113661059 0.00355991979
f 922 924 923
v -0.00124154612 -0.0102068756 0.00393066766
v -0.0013401761 -0.0103142949 0.00392863403
v -0.00147160818 -0.0105126928 0.00432359848
f 925 927 926
v -0.000694594792 -0.0105016843 0.00440232398
v -0.000929007365 -0.0102368816 0.00414175483
v -0.00118577109 -0.0106322062 0.00462186908
f 928 930 929
v -0.00151023014 -0.0100441255 0.00340834449
v -0.00145804142 -0.0101443242 0.00347342539
v -0.00143880116 -0.0100105062 0.00351758499
f 931 933 932
v -0.000158301475 -0.0116172792 0.00391013127
v -5.85170369e-05 -0.0114828421 0.0040420764
v -0.000305081312 -0.0116040348 0.00405874343
f 934 936 935
v 0.000174157412 -0.0112342881 0.00397910699
v 9.57223392e-05 -0.0110872672 0.00416247531
v 5.55621455e-05 -0.0113432849 0.0040784711
f 937 939 938
v 0.000162015442 -0.0113545291 0.00386497777
v 0.000174157412 -0.0112342881 0.00397910699
v 5.55621455e-05 -0.0113432849 0.0040784711
f 940 942 941
v 4.60802738e-05 -0.0115198898 0.00379286394
v -0.000158301475 -0.0116172792 0.00391013127
v -0.000200089744 -0.011667786 0.00375430864
f 943 945 944
v 0.000152791858 -0.0114398645 0.00367415778
v 4.60802738e-05 -0.0115198898 0.00379286394
v 3.05871197e-05 -0.0115428127 0.00361181046
f 946 948 947
v 4.60802738e-05 -0.0115198898 0.00379286394
v 0.000162015442 -0.0113545291 0.00386497777
v -5.85170369e-05 -0.0114828421 0.0040420764
f 949 951 950
v 0.000162015442 -0.0113545291 0.00386497777
v 0.000463908873 -0.0107787724 0.00351699819
v 0.000174157412 -0.0112342881 0.00397910699
f 952 954 953
v 0.000397129588 -0.0111660534 0.00323268723
v 0.000472942247 -0.0109515371 0.00332427117
v 0.000162015442 -0.0113545291 0.00386497777
f 955 957 956
v 0.000465336279 -0.0111432426 0.0030158224
v 0.000533564025 -0.0110422719 0.00310019859
v 0.000397129588 -0.0111660534 0.00323268723
f 958 960 959
v 0.000472942247 -0.0109515371 0.00332427117
v 0.000463908873 -0.0107787724 0.00351699819
v 0.000162015442 -0.0113545291 0.00386497777
f 961 963 962
v 0.000112106272 -0.0114392329 0.00327396847
v 0.000190172489 -0.011410829 0.00340005026
v 3.05871197e-05 -0.0115428127 0.00361181046
f 964 966 965
v 1.65556386e-05 -0.0114417206 0.00305308859
v 0.000274101376 -0.0113124617 0.00301669697
v 0.000112106272 -0.0114392329 0.00327396847
f 967 969 968
v -0.000167485848 -0.0114672483 0.00285367769
v 3.70093602e-05 -0.0114358394 0.00277998988
v -0.000164441281 -0.0114835835 0.00300374759
f 970 972 971
v -0.000164441281 -0.0114835835 0.00300374759
v 3.70093602e-05 -0.0114358394 0.00277998988
v 1.65556386e-05 -0.0114417206 0.00305308859
f 973 975 974
v 0.000335421737 -0.0112907175 0.0028702656
v 0.000465336279 -0.0111432426 0.0030158224
v 0.000274101376 -0.0113124617 0.00301669697
f 976 978 977
v 0.000278177913 -0.0113625007 0.00259294047
v 0.000335421737 -0.0112907175 0.0028702656
v 3.70093602e-05 -0.0114358394 0.00277998988
f 979 981 980
v 1.46559231e-05 -0.0114063718 0.00252138962
v 3.70093602e-05 -0.0114358394 0.00277998988
v -0.000167485848 -0.0114672483 0.00285367769
f 982 984 983
v -0.00035034102 -0.0116449752 0.00394978124
v -0.000200089744 -0.011667786 0.00375430864
v -0.000158301475 -0.0116172792 0.00391013127
f 985 987 986
v -0.00118278704 -0.00822628572 0.00334212091
v -0.00067105384 -0.00876453269 0.00361621969
v -0.000584921327 -0.00859599968 0.00362747196
f 988 990 989
v -0.00067105384 -0.00876453269 0.00361621969
v -0.00104943283 -0.00875106489 0.00348230205
v -0.000957742759 -0.00888440845 0.0035242887
f 991 993 992
v -0.00067105384 -0.00876453269 0.00361621969
v -0.000518417573 -0.00890544834 0.00364629268
v -0.000584921327 -0.00859599968 0.00362747196
f 994 996 995
v -0.000518417573 -0.00890544834 0.00364629268
v -0.000859699685 -0.00903549662 0.00353782416
v 0.000139317501 -0.00965863146 0.00361489838
f 997 999 998
v -0.00148378431 -0.00977416494 0.00188783542
v -0.00136717172 -0.0100291509 0.00200192517
v -0.00155315884 -0.00972361158 0.00220135025
f 1000 1002 1001
v -0.000963862112 -0.0106282787 0.0020674348
v -0.00108109389 -0.0106864325 0.00242074821
v -0.00121566427 -0.0102599959 0.00197433019
f 1003 1005 1004
v -0.000963862112 -0.0106282787 0.0020674348
v -0.00121566427 -0.0102599959 0.00197433019
v -0.00111418722 -0.0103943683 0.00196382152
f 1006 1008 1007
v -0.00111418722 -0.0103943683 0.00196382152
v -0.000998106589 -0.0105597748 0.00178502723
v -0.000963862112 -0.0106282787 0.0020674348
f 1009 1011 1010
v -0.00125216584 -0.0102244558 0.00181633422
v -0.00111418722 -0.0103943683 0.00196382152
v -0.00121566427 -0.0102599959 0.00197433019
f 1012 1014 1013
v -0.00108109389 -0.0106864325 0.00242074821
v -0.00133016065 -0.0101703052 0.00212982086
v -0.00121566427 -0.0102599959 0.00197433019
f 1015 1017 1016
v -0.00152132152 -0.00980881523 0.00144177056
v -0.00155931521 -0.00951847396 0.00184621586
v -0.0015788406 -0.00958192031 0.00158886996
f 1018 1020 1019
v -0.0015788406 -0.00958192031 0.00158886996
v -0.00155931521 -0.00951847396 0.00184621586
v -0.00159910105 -0.00948808083 0.00169113955
f 1021 1023 1022
v -0.00141505961 -0.0101416292 0.00148401432
v -0.00125216584 -0.0102244558 0.00181633422
v -0.00145368622 -0.00988515167 0.00172065065
f 1024 1026 1025
v 0.000607347602 -0.010125948 0.00342032399
v 0.000543607712 -0.00995442824 0.00350997689
v 0.000389125216 -0.010072258 0.00354047661
f 1027 1029 1028
v 0.000605417927 -0.0104213505 0.00336039848
v 0.000652931567 -0.0102675069 0.00333761018
v 0.000419426169 -0.0102806458 0.00352342286
f 1030 1032 1031
v 0.000652931567 -0.0102675069 0.00333761018
v 0.000607347602 -0.010125948 0.00342032399
v 0.000419426169 -0.0102806458 0.00352342286
f 1033 1035 1034
v 0.000786628425 -0.00994124784 0.00342781022
v 0.000904183798 -0.00984468643 0.00344090549
v 0.000666845426 -0.00970577385 0.00354639888
f 1036 1038 1037
v 0.000904183798 -0.00984468643 0.00344090549
v 0.000820091282 -0.00965159343 0.00352987227
v 0.000666845426 -0.00970577385 0.00354639888
f 1039 1041 1040
v 0.000786628425 -0.00994124784 0.00342781022
v 0.000932974126 -0.0100529112 0.00333318167
v 0.000904183798 -0.00984468643 0.00344090549
f 1042 1044 1043
v 0.000389125216 -0.010072258 0.00354047661
v 0.000543607712 -0.00995442824 0.00350997689
v 0.000274873901 -0.00980258919 0.0035782894
f 1045 1047 1046
v 0.000607347602 -0.010125948 0.00342032399
v 0.000786628425 -0.00994124784 0.00342781022
v 0.000543607712 -0.00995442824 0.00350997689
f 1048 1050 1049
v 0.000620910851 -0.0106958127 0.00327800844
v 0.00073545234 -0.0104885476 0.00320065628
v 0.000605417927 -0.0104213505 0.00336039848
f 1051 1053 1052
v 0.000620910851 -0.0106958127 0.00327800844
v 0.000605417927 -0.0104213505 0.00336039848
v 0.000447735829 -0.0106087289 0.00353906689
f 1054 1056 1055
v -0.00056127933 -0.0110221663 0.00178368937
v -0.000796513359 -0.0108211898 0.00205549877
v -0.000998106589 -0.0105597748 0.00178502723
f 1057 1059 1058
v -0.000796513359 -0.0108211898 0.00205549877
v -0.00056127933 -0.0110221663 0.00178368937
v -0.000675843285 -0.0109339031 0.00206792793
f 1060 1062 1061
v 0.000632070123 -0.0104678838 0.000617717751
v 0.000811378504 -0.0103025392 0.000631069588
v 0.000636714003 -0.0106529573 0.000702544685
f 1063 1065 1064
v -0.00121691519 -0.0104747647 0.00149414373
v -0.00121946696 -0.0103248749 0.00168830938
v -0.00141505961 -0.0101416292 0.00148401432
f 1066 1068 1067
v -0.00121946696 -0.0103248749 0.00168830938
v -0.000859642842 -0.0107251915 0.00165904876
v -0.000998106589 -0.0105597748 0.00178502723
f 1069 1071 1070
v -0.00163036839 -0.00976513038 0.00117334312
v -0.00152132152 -0.00980881523 0.00144177056
v -0.0015788406 -0.00958192031 0.00158886996
f 1072 1074 1073
v -0.00163036839 -0.00976513038 0.00117334312
v -0.0015788406 -0.00958192031 0.00158886996
v -0.00179341532 -0.00953245981 0.0012176677
f 1075 1077 1076
v -0.00149663556 -0.00999850527 0.00118812368
v -0.00146854163 -0.0100160083 0.00139962858
v -0.00152132152 -0.00980881523 0.00144177056
f 1078 1080 1079
v -0.00170837156 -0.00962235354 0.00109715793
v -0.00163036839 -0.00976513038 0.00117334312
v -0.00179341532 -0.00953245981 0.0012176677
f 1081 1083 1082
v -0.00150897358 -0.00992495843 0.00106179023
v -0.00162228753 -0.0096301439 0.000968162567
v -0.00149324178 -0.00980720797 0.000936138258
f 1084 1086 1085
v -0.00139634913 -0.0097773067 0.000717397461
v -0.00142760855 -0.00990608605 0.000691053219
v -0.00145560098 -0.00990703484 0.000873752469
f 1087 1089 1088
v -0.00145560098 -0.00990703484 0.000873752469
v -0.00147800411 -0.010122505 0.000403694776
v -0.00148540275 -0.0100899786 0.000993307185
f 1090 1092 1091
v -0.00162228753 -0.0096301439 0.000968162567
v -0.00150897358 -0.00992495843 0.00106179023
v -0.00163036839 -0.00976513038 0.00117334312
f 1093 1095 1094
v -0.00150897358 -0.00992495843 0.00106179023
v -0.00149663556 -0.00999850527 0.00118812368
v -0.00163036839 -0.00976513038 0.00117334312
f 1096 1098 1097
v -0.00147800411 -0.010122505 0.000403694776
v -0.0014868031 -0.0102952297 0.000486982844
v -0.00148905792 -0.0101795908 0.000735622007
f 1099 1101 1100
v -0.00145478407 -0.0104653482 0.000631162993
v -0.00145368604 -0.0105672421 0.000548475236
v -0.00135108767 -0.0107843189 0.000848100171
f 1102 1104 1103
v -0.00135108767 -0.0107843189 0.000848100171
v -0.00129583777 -0.0110975692 0.000664569461
v -0.00124563057 -0.0107968757 0.00111431591
f 1105 1107 1106
v -0.00139248168 -0.0108846398 0.000613566181
v -0.00135081973 -0.0111371475 0.000487031775
v -0.00129583777 -0.0110975692 0.000664569461
f 1108 1110 1109
v -0.00145368604 -0.0105672421 0.000548475236
v -0.00145478407 -0.0104653482 0.000631162993
v -0.0014868031 -0.0102952297 0.000486982844
f 1111 1113 1112
v -0.00147163364 -0.0110891764 0.000304660261
v -0.00135081973 -0.0111371475 0.000487031775
v -0.00139248168 -0.0108846398 0.000613566181
f 1114 1116 1115
v -0.0016858532 -0.0105586885 2.76823329e-05
v -0.00167781727 -0.0107178399 2.48952801e-05
v -0.00152164694 -0.010673012 0.000342888325
f 1117 1119 1118
v -0.00147163364 -0.0110891764 0.000304660261
v -0.00139248168 -0.0108846398 0.000613566181
v -0.00152164694 -0.010673012 0.000342888325
f 1120 1122 1121
v -0.00152164694 -0.010673012 0.000342888325
v -0.00156610677 -0.011013382 0.000117654281
v -0.00147163364 -0.0110891764 0.000304660261
f 1123 1125 1124
v -0.000859642842 -0.0107251915 0.00165904876
v -0.00056127933 -0.0110221663 0.00178368937
v -0.000998106589 -0.0105597748 0.00178502723
f 1126 1128 1127
v -0.00124563057 -0.0107968757 0.00111431591
v -0.00114865315 -0.0111606954 0.000844187161
v -0.00121691519 -0.0104747647 0.00149414373
f 1129 1131 1130
v -0.000527746579 -0.0111170273 0.00160221534
v -0.000859642842 -0.0107251915 0.00165904876
v -0.00121691519 -0.0104747647 0.00149414373
f 1132 1134 1133
v -0.00114865315 -0.0111606954 0.000844187161
v -0.000527746579 -0.0111170273 0.00160221534
v -0.00121691519 -0.0104747647 0.00149414373
f 1135 1137 1136
v -0.000781582276 -0.0108069995 0.00165304646
v -0.00056127933 -0.0110221663 0.00178368937
v -0.000859642842 -0.0107251915 0.00165904876
f 1138 1140 1139
v -0.000371525061 -0.0112622954 0.00160250329
v -0.00056127933 -0.0110221663 0.00178368937
v -0.000527746579 -0.0111170273 0.00160221534
f 1141 1143 1142
v -0.000371525061 -0.0112622954 0.00160250329
v -0.000246722539 -0.0112550515 0.00185384906
v -0.00056127933 -0.0110221663 0.00178368937
f 1144 1146 1145
v -0.000246722539 -0.0112550515 0.00185384906
v -0.000176504818 -0.0113598144 0.00165112997
v -0.000138579685 -0.0113227827 0.00184581186
f 1147 1149 1148
v -0.000246722539 -0.0112550515 0.00185384906
v -0.000371525061 -0.0112622954 0.00160250329
v -0.000176504818 -0.0113598144 0.00165112997
f 1150 1152 1151
v -0.000348954131 -0.0113601127 0.00145872673
v -0.000176504818 -0.0113598144 0.00165112997
v -0.000371525061 -0.0112622954 0.00160250329
f 1153 1155 1154
v -0.000138579685 -0.0113227827 0.00184581186
v -0.000176504818 -0.0113598144 0.00165112997
v 3.79547558e-06 -0.0113760419 0.00174829329
f 1156 1158 1157
v -0.000176504818 -0.0113598144 0.00165112997
v -0.000138203882 -0.0114797665 0.00137408242
v 0.000100773855 -0.0113942151 0.00163623536
f 1159 1161 1160
v -0.000348954131 -0.0113601127 0.00145872673
v -0.000138203882 -0.0114797665 0.00137408242
v -0.000176504818 -0.0113598144 0.00165112997
f 1162 1164 1163
v -0.000348954131 -0.0113601127 0.00145872673
v -0.000600618841 -0.0113931703 0.00112359521
v -0.000138203882 -0.0114797665 0.00137408242
f 1165 1167 1166
v -0.00129583777 -0.0110975692 0.000664569461
v -0.00114865315 -0.0111606954 0.000844187161
v -0.00124563057 -0.0107968757 0.00111431591
f 1168 1170 1169
v -0.000814019586 -0.0113309601 0.000985191582
v -0.000620383025 -0.0114620285 0.000872927649
v -0.000600618841 -0.0113931703 0.00112359521
f 1171 1173 1172
v -0.000183660666 -0.0115372968 0.00108808654
v 4.39002719e-05 -0.0115038798 0.000819479192
v -0.000132902915 -0.0115265328 0.0011565372
f 1174 1176 1175
v -0.000362727314 -0.0115234528 0.000396395353
v -0.000124960593 -0.0115261413 0.000567648567
v -0.000183660666 -0.0115372968 0.00108808654
f 1177 1179 1178
v -0.000600618841 -0.0113931703 0.00112359521
v -0.000620383025 -0.0114620285 0.000872927649
v -0.000138203882 -0.0114797665 0.00137408242
f 1180 1182 1181
v -0.00135081973 -0.0111371475 0.000487031775
v -0.00137179486 -0.0112530979 0.000239430187
v -0.0011967787 -0.0112796588 0.000521379025
f 1183 1185 1184
v -0.0011967787 -0.0112796588 0.000521379025
v -0.00112636726 -0.0113692346 0.00035033363
v -0.000879809431 -0.011411406 0.000718273941
f 1186 1188 1187
v -0.00149983516 -0.0111424924 0.00011035213
v -0.00121512594 -0.0113417344 0.000140160455
v -0.00137179486 -0.0112530979 0.000239430187
f 1189 1191 1190
v -0.00121512594 -0.0113417344 0.000140160455
v -0.000772882413 -0.0114787086 0.000271579006
v -0.00112636726 -0.0113692346 0.00035033363
f 1192 1194 1193
v -0.000821783397 -0.0114082395 -5.90872901e-05
v -0.00121512594 -0.0113417344 0.000140160455
v -0.00135399368 -0.0112405476 4.35743068e-06
f 1195 1197 1196
v -0.000735565072 -0.0114942835 0.000463844844
v -0.000462232401 -0.0115000897 0.000209563837
v -0.000362727314 -0.0115234528 0.000396395353
f 1198 1200 1199
v -0.000598088536 -0.011429275 -4.18379955e-05
v -0.000462232401 -0.0115000897 0.000209563837
v -0.000772882413 -0.0114787086 0.000271579006
f 1201 1203 1202
v -0.000772882413 -0.0114787086 0.000271579006
v -0.000462232401 -0.0115000897 0.000209563837
v -0.000735565072 -0.0114942835 0.000463844844
f 1204 1206 1205
v -0.00141557284 -0.00968698587 0.000780441405
v -0.00148413947 -0.00963157581 0.000819448996
v -0.00125529741 -0.00934061827 0.000585519729
f 1207 1209 1208
v -0.00120244758 -0.00961985352 0.000547821855
v -0.00139634913 -0.0097773067 0.000717397461
v -0.00123073769 -0.00956398944 0.000596437667
f 1210 1212 1211
v -0.00139634913 -0.0097773067 0.000717397461
v -0.00132023752 -0.00979389079 0.000496906887
v -0.00142760855 -0.00990608605 0.000691053219
f 1213 1215 1214
v -0.00120244758 -0.00961985352 0.000547821855
v -0.00113377155 -0.00972534617 0.000249973209
v -0.00132023752 -0.00979389079 0.000496906887
f 1216 1218 1217
v -0.00123073769 -0.00956398944 0.000596437667
v -0.00100005182 -0.00946043801 0.000416623334
v -0.00120244758 -0.00961985352 0.000547821855
f 1219 1221 1220
v -0.000966190328 -0.00958092642 0.000295932728
v -0.00113377155 -0.00972534617 0.000249973209
v -0.00120244758 -0.00961985352 0.000547821855
f 1222 1224 1223
v -0.00100005182 -0.00946043801 0.000416623334
v -0.00123073769 -0.00956398944 0.000596437667
v -0.00125529741 -0.00934061827 0.000585519729
f 1225 1227 1226
v -0.00142760855 -0.00990608605 0.000691053219
v -0.00132023752 -0.00979389079 0.000496906887
v -0.001406505 -0.0100006328 0.00025867962
f 1228 1230 1229
v -0.00113377155 -0.00972534617 0.000249973209
v -0.00115598223 -0.00981346238 7.93169022e-05
v -0.00127064632 -0.00985215738 0.000221435084
f 1231 1233 1232
v -0.00127064632 -0.00985215738 0.000221435084
v -0.001406505 -0.0100006328 0.00025867962
v -0.00132023752 -0.00979389079 0.000496906887
f 1234 1236 1235
v -0.000909596747 -0.00940245445 0.000380592496
v -0.00100005182 -0.00946043801 0.000416623334
v -0.00119031747 -0.00918732185 0.000520263711
f 1237 1239 1238
v -0.000668244957 -0.00937439254 0.000342253293
v -0.000746123669 -0.00950107205 0.000276535548
v -0.000909596747 -0.00940245445 0.000380592496
f 1240 1242 1241
v -0.000486658519 -0.0095084346 0.000224158475
v -0.000774957334 -0.00973837596 -7.02708576e-06
v -0.000746123669 -0.00950107205 0.000276535548
f 1243 1245 1244
v -0.000546575757 -0.00928418813 0.000351477388
v -0.000275588445 -0.00937521691 0.0002787016
v -0.000373371518 -0.00943455743 0.000272162697
f 1246 1248 1247
v -0.000373371518 -0.00943455743 0.000272162697
v -0.000379767016 -0.00959824101 0.000148836682
v -0.000486658519 -0.0095084346 0.000224158475
f 1249 1251 1250
v -1.71855405e-05 -0.00945604552 0.000216555645
v -0.000106597349 -0.00958324017 0.000192844936
v -0.000275588445 -0.00937521691 0.0002787016
f 1252 1254 1253
v -0.000696908683 -0.00978119206 -0.000131299726
v -0.000379767016 -0.00959824101 0.000148836682
v -7.3970233e-05 -0.00978750249 8.99381575e-05
f 1255 1257 1256
v -0.000668244957 -0.00937439254 0.000342253293
v -0.000373371518 -0.00943455743 0.000272162697
v -0.000746123669 -0.00950107205 0.000276535548
f 1258 1260 1259
v -0.000774957334 -0.00973837596 -7.02708576e-06
v -0.00115598223 -0.00981346238 7.93169022e-05
v -0.00113377155 -0.00972534617 0.000249973209
f 1261 1263 1262
v -0.000931423801 -0.00998711839 -0.000493286097
v -0.000696908683 -0.00978119206 -0.000131299726
v -0.000639704558 -0.00981372432 -0.000163740685
f 1264 1266 1265
v -0.000796233144 -0.010072341 -0.000525046198
v -0.000931423801 -0.00998711839 -0.000493286097
v -0.000639704558 -0.00981372432 -0.000163740685
f 1267 1269 1268
v -7.3970233e-05 -0.00978750249 8.99381575e-05
v -0.000639704558 -0.00981372432 -0.000163740685
v -0.000696908683 -0.00978119206 -0.000131299726
f 1270 1272 1271
v -0.000480996096 -0.010135951 -0.000417563751
v -0.000796233144 -0.010072341 -0.000525046198
v -0.000639704558 -0.00981372432 -0.000163740685
f 1273 1275 1274
v -0.00119031747 -0.00918732185 0.000520263711
v -0.00100005182 -0.00946043801 0.000416623334
v -0.00125529741 -0.00934061827 0.000585519729
f 1276 1278 1277
v -0.000774957334 -0.00973837596 -7.02708576e-06
v -0.00113377155 -0.00972534617 0.000249973209
v -0.000966190328 -0.00958092642 0.000295932728
f 1279 1281 1280
v -0.00170434614 -0.010419984 -3.5872074e-05
v -0.0016858532 -0.0105586885 2.76823329e-05
v -0.00150782762 -0.0104343162 0.000405241644
f 1282 1284 1283
v -0.00170434614 -0.010419984 -3.5872074e-05
v -0.00172876626 -0.0103903083 -0.000321299012
v -0.00175715832 -0.0105078827 -0.000250725293
f 1285 1287 1286
v -0.00168568295 -0.0102934187 -0.000228264776
v -0.00172876626 -0.0103903083 -0.000321299012
v -0.00170434614 -0.010419984 -3.5872074e-05
f 1288 1290 1289
v -0.00170811945 -0.0107368651 -0.000184595945
v -0.00167781727 -0.0107178399 2.48952801e-05
v -0.0016858532 -0.0105586885 2.76823329e-05
f 1291 1293 1292
v -0.00175194582 -0.0105519423 -0.000317974991
v -0.00157995073 -0.0107874512 -0.000336700214
v -0.00170885287 -0.010660079 -0.000276892365
f 1294 1296 1295
v -0.00157995073 -0.0107874512 -0.000336700214
v -0.00170811945 -0.0107368651 -0.000184595945
v -0.00170885287 -0.010660079 -0.000276892365
f 1297 1299 1298
v -0.00157995073 -0.0107874512 -0.000336700214
v -0.00139166523 -0.0109687906 -0.000378646291
v -0.00140426782 -0.0111119843 -0.000185747547
f 1300 1302 1301
v -0.0012661365 -0.0110545901 -0.000371393253
v -0.00140426782 -0.0111119843 -0.000185747547
v -0.00139166523 -0.0109687906 -0.000378646291
f 1303 1305 1304
v -0.00125569604 -0.0108820212 -0.00052600717
v -0.00139166523 -0.0109687906 -0.000378646291
v -0.00157995073 -0.0107874512 -0.000336700214
f 1306 1308 1307
v -0.00126882342 -0.0102341168 -0.000651275923
v -0.000982529764 -0.0106505569 -0.000682211839
v -0.00146980074 -0.010362421 -0.000618584318
f 1309 1311 1310
v -0.00126882342 -0.0102341168 -0.000651275923
v -0.00146980074 -0.010362421 -0.000618584318
v -0.00138378264 -0.010280883 -0.000624759787
f 1312 1314 1313
v -0.000982529764 -0.0106505569 -0.000682211839
v -0.00105878325 -0.0103484512 -0.000683790722
v -0.000860759974 -0.0105559542 -0.000693119409
f 1315 1317 1316
v -0.00101349005 -0.0101718229 -0.000659066654
v -0.000931423801 -0.00998711839 -0.000493286097
v -0.000796233144 -0.010072341 -0.000525046198
f 1318 1320 1319
v -0.0011014663 -0.0100848367 -0.000577374203
v -0.000998278301 -0.0099567369 -0.000439956966
v -0.000931423801 -0.00998711839 -0.000493286097
f 1321 1323 1322
v -0.000567035931 -0.0105211526 -0.000648362447
v -0.00101349005 -0.0101718229 -0.000659066654
v -0.000575802233 -0.0102916441 -0.000566568087
f 1324 1326 1325
v -0.00105878325 -0.0103484512 -0.000683790722
v -0.000982529764 -0.0106505569 -0.000682211839
v -0.00126882342 -0.0102341168 -0.000651275923
f 1327 1329 1328
v -0.00146980074 -0.010362421 -0.000618584318
v -0.00108796194 -0.0107841937 -0.000625245093
v -0.00125569604 -0.0108820212 -0.00052600717
f 1330 1332 1331
v -9.45060265e-05 -0.0112359849 -1.91657477e-05
v 2.51708371e-05 -0.0111576403 6.7517658e-05
v -2.64403948e-06 -0.0113106093 0.00015768843
f 1333 1335 1334
v -0.000106597349 -0.00958324017 0.000192844936
v -1.71855405e-05 -0.00945604552 0.000216555645
v 0.000247350067 -0.00954691641 0.00024787355
f 1336 1338 1337
v 0.000313582245 -0.0099355093 0.000224375117
v 0.000163820323 -0.0100601435 0.000115608646
v 0.000122538006 -0.0097695658 0.000194304675
f 1339 1341 1340
v 0.000313582245 -0.0099355093 0.000224375117
v 0.00039177994 -0.00982251295 0.000272694024
v 0.000568824407 -0.00991842244 0.000386257034
f 1342 1344 1343
v -4.19579237e-05 -0.0104429637 -0.000201724265
v 0.000163820323 -0.0100601435 0.000115608646
v 0.000235532411 -0.0101809899 0.000150768267
f 1345 1347 1346
v 0.000163820323 -0.0100601435 0.000115608646
v -7.3970233e-05 -0.00978750249 8.99381575e-05
v 0.000122538006 -0.0097695658 0.000194304675
f 1348 1350 1349
v -0.000349644552 -0.0105960637 -0.000531365913
v -0.000405391575 -0.0103143073 -0.00048021775
v -0.000133862579 -0.010557213 -0.000333151547
f 1351 1353 1352
v -0.000405391575 -0.0103143073 -0.00048021775
v -0.000480996096 -0.010135951 -0.000417563751
v -7.3970233e-05 -0.00978750249 8.99381575e-05
f 1354 1356 1355
v 0.000479005712 -0.0103612634 0.000455051213
v 0.000632070123 -0.0104678838 0.000617717751
v 0.000495370523 -0.010501199 0.000519215519
f 1357 1359 1358
v 0.000235532411 -0.0101809899 0.000150768267
v 0.000495370523 -0.010501199 0.000519215519
v 0.000466987558 -0.0108096428 0.000560142053
f 1360 1362 1361
v 0.000368086057 -0.0100822974 0.000266205507
v 0.000615398949 -0.0101929669 0.000492748586
v 0.000479005712 -0.0103612634 0.000455051213
f 1363 1365 1364
v 0.000615398949 -0.0101929669 0.000492748586
v 0.000368086057 -0.0100822974 0.000266205507
v 0.000568824407 -0.00991842244 0.000386257034
f 1366 1368 1367
v -4.19579237e-05 -0.0104429637 -0.000201724265
v 0.000235532411 -0.0101809899 0.000150768267
v 2.51708371e-05 -0.0111576403 6.7517658e-05
f 1369 1371 1370
v 0.000368086057 -0.0100822974 0.000266205507
v 0.000313582245 -0.0099355093 0.000224375117
v 0.000568824407 -0.00991842244 0.000386257034
f 1372 1374 1373
v -0.000892107983 -0.0113178445 -0.000210702979
v -0.00140426782 -0.0111119843 -0.000185747547
v -0.0012661365 -0.0110545901 -0.000371393253
f 1375 1377 1376
v -0.000892107983 -0.0113178445 -0.000210702979
v -0.000654837731 -0.0114045237 -0.000124545272
v -0.000821783397 -0.0114082395 -5.90872901e-05
f 1378 1380 1379
v -0.00108796194 -0.0107841937 -0.000625245093
v -0.000705177217 -0.011114381 -0.00049119335
v -0.00125569604 -0.0108820212 -0.00052600717
f 1381 1383 1382
v -0.000821428785 -0.0109553388 -0.000583335759
v -0.000705177217 -0.011114381 -0.00049119335
v -0.00108796194 -0.0107841937 -0.000625245093
f 1384 1386 1385
v -0.000705177217 -0.011114381 -0.00049119335
v -0.000654837731 -0.0114045237 -0.000124545272
v -0.000892107983 -0.0113178445 -0.000210702979
f 1387 1389 1388
v -0.00052335854 -0.0110394285 -0.000516456021
v -0.000554495409 -0.0112245049 -0.000363211984
v -0.000705177217 -0.011114381 -0.00049119335
f 1390 1392 1391
v -0.000654837731 -0.0114045237 -0.000124545272
v -0.000598088536 -0.011429275 -4.18379955e-05
v -0.000821783397 -0.0114082395 -5.90872901e-05
f 1393 1395 1394
v -0.000342028466 -0.0112640497 -0.0002092356
v -0.000554495409 -0.0112245049 -0.000363211984
v -0.000417451065 -0.0111002679 -0.000398923476
f 1396 1398 1397
v -0.000654837731 -0.0114045237 -0.000124545272
v -0.000368519136 -0.0113404094 -0.00012104299
v -0.000598088536 -0.011429275 -4.18379955e-05
f 1399 1401 1400
v -0.000243921318 -0.0114089111 6.77075604e-05
v -0.000598088536 -0.011429275 -4.18379955e-05
v -0.000368519136 -0.0113404094 -0.00012104299
f 1402 1404 1403
v -0.000567035931 -0.0105211526 -0.000648362447
v -0.000709447886 -0.0107892833 -0.000635379229
v -0.000860759974 -0.0105559542 -0.000693119409
f 1405 1407 1406
v -0.000349644552 -0.0105960637 -0.000531365913
v -0.000325114729 -0.0108682107 -0.00043716791
v -0.00052880323 -0.0108529406 -0.000569853
f 1408 1410 1409
v -0.00052335854 -0.0110394285 -0.000516456021
v -0.000709447886 -0.0107892833 -0.000635379229
v -0.00052880323 -0.0108529406 -0.000569853
f 1411 1413 1412
v -0.000349644552 -0.0105960637 -0.000531365913
v -0.000567035931 -0.0105211526 -0.000648362447
v -0.000405391575 -0.0103143073 -0.00048021775
f 1414 1416 1415
v -0.000349644552 -0.0105960637 -0.000531365913
v -0.000225177155 -0.0106457068 -0.00042393367
v -0.000325114729 -0.0108682107 -0.00043716791
f 1417 1419 1418
v -0.00141557284 -0.00968698587 0.000780441405
v -0.00149324178 -0.00980720797 0.000936138258
v -0.00148413947 -0.00963157581 0.000819448996
f 1420 1422 1421
v -0.000462232401 -0.0115000897 0.000209563837
v -0.000117543289 -0.0114994727 0.000392835591
v -0.000362727314 -0.0115234528 0.000396395353
f 1423 1425 1424
v -0.00150957185 -0.0111208166 7.51210436e-06
v -0.00135399368 -0.0112405476 4.35743068e-06
v -0.00149983516 -0.0111424924 0.00011035213
f 1426 1428 1427
v -0.00145368604 -0.0105672421 0.000548475236
v -0.00152164694 -0.010673012 0.000342888325
v -0.00139248168 -0.0108846398 0.000613566181
f 1429 1431 1430
v 0.000932974126 -0.0100529112 0.00333318167
v 0.00103328939 -0.0103776874 0.00316111255
v 0.00153749297 -0.0101937076 0.00341707746
f 1432 1434 1433
v 0.00155436646 -0.0103552171 0.00332047384
v 0.00103328939 -0.0103776874 0.00316111255
v 0.00126615041 -0.0107053216 0.00292642435
f 1435 1437 1436
v 0.000739613279 -0.0108744774 0.00295171139
v 0.00074789441 -0.0106254563 0.00311004151
v 0.000620910851 -0.0106958127 0.00327800844
f 1438 1440 1439
v 0.000977967102 -0.0109248424 0.00270192286
v 0.00105251975 -0.0107621941 0.00286486065
v 0.000896426991 -0.0107761727 0.0028838931
f 1441 1443 1442
v 0.000977967102 -0.0109248424 0.00270192286
v 0.000896426991 -0.0107761727 0.0028838931
v 0.000819875186 -0.0110199646 0.00269500051
f 1444 1446 1445
v 0.000836570871 -0.010698098 0.00296041217
v 0.000879579147 -0.010525067 0.0030825071
v 0.00074789441 -0.0106254563 0.00311004151
f 1447 1449 1448
v 0.00169739396 -0.0104216699 0.00321075458
v 0.00173269982 -0.0106157997 0.00284291564
v 0.00177457041 -0.0105016014 0.0029698389
f 1450 1452 1451
v 0.00234796735 -0.0100950601 0.00276033225
v 0.00216243516 -0.0101119607 0.0029700348
v 0.00177457041 -0.0105016014 0.0029698389
f 1453 1455 1454
v 0.00177457041 -0.0105016014 0.0029698389
v 0.00216243516 -0.0101119607 0.0029700348
v 0.00177918882 -0.0103158927 0.00325390101
f 1456 1458 1457
v 0.00100047464 -0.011064596 0.00250498033
v 0.00146589091 -0.0109737535 0.00237399017
v 0.00165250367 -0.0108085391 0.00257453394
f 1459 1461 1460
v 0.00173269982 -0.0106157997 0.00284291564
v 0.00165250367 -0.0108085391 0.00257453394
v 0.0018925939 -0.010684631 0.00250756821
f 1462 1464 1463
v 0.00155436646 -0.0103552171 0.00332047384
v 0.00171902284 -0.0102097219 0.0033841945
v 0.00153749297 -0.0101937076 0.00341707746
f 1465 1467 1466
v 0.00126615041 -0.0107053216 0.00292642435
v 0.00100047464 -0.011064596 0.00250498033
v 0.00169739396 -0.0104216699 0.00321075458
f 1468 1470 1469
v 0.000800732505 -0.0111202877 0.00258300533
v 0.000715458691 -0.0110592242 0.00276510891
v 0.000335421737 -0.0112907175 0.0028702656
f 1471 1473 1472
v 0.000115379612 -0.011376616 0.00180186344
v 0.000237214226 -0.0113320391 0.00204708012
v 3.79547558e-06 -0.0113760419 0.00174829329
f 1474 1476 1475
v 3.79547558e-06 -0.0113760419 0.00174829329
v 0.000100773855 -0.0113942151 0.00163623536
v 0.000115379612 -0.011376616 0.00180186344
f 1477 1479 1478
v 0.000442324153 -0.0112152324 0.00167817016
v 0.000363803133 -0.0112988841 0.0019846053
v 0.000115379612 -0.011376616 0.00180186344
f 1480 1482 1481
v 0.000363803133 -0.0112988841 0.0019846053
v 0.000237214226 -0.0113320391 0.00204708012
v 0.000115379612 -0.011376616 0.00180186344
f 1483 1485 1484
v 0.000237214226 -0.0113320391 0.00204708012
v 0.000740975975 -0.0112488022 0.00196881811
v 0.000448918672 -0.0113116934 0.00229111938
f 1486 1488 1487
v 0.000740975975 -0.0112488022 0.00196881811
v 0.00110781839 -0.0111486414 0.0018165103
v 0.000949701007 -0.0111552399 0.00228691497
f 1489 1491 1490
v 0.000521344191 -0.0111497298 0.00157554296
v 0.000617910655 -0.0111890819 0.00168422266
v 0.000442324153 -0.0112152324 0.00167817016
f 1492 1494 1493
v 0.000363803133 -0.0112988841 0.0019846053
v 0.000865655329 -0.0112173213 0.00182657932
v 0.000740975975 -0.0112488022 0.00196881811
f 1495 1497 1496
v 0.000723011499 -0.0111036446 0.00157206105
v 0.000977357649 -0.0111610825 0.00168427105
v 0.000617910655 -0.0111890819 0.00168422266
f 1498 1500 1499
v 0.000723011499 -0.0111036446 0.00157206105
v 0.000617910655 -0.0111890819 0.00168422266
v 0.000521344191 -0.0111497298 0.00157554296
f 1501 1503 1502
v 0.000977357649 -0.0111610825 0.00168427105
v 0.00110781839 -0.0111486414 0.0018165103
v 0.000865655329 -0.0112173213 0.00182657932
f 1504 1506 1505
v 0.00110781839 -0.0111486414 0.0018165103
v 0.00148616928 -0.010982441 0.00197841946
v 0.00146589091 -0.0109737535 0.00237399017
f 1507 1509 1508
v 0.00110781839 -0.0111486414 0.0018165103
v 0.00113798451 -0.011103943 0.00165568654
v 0.00148616928 -0.010982441 0.00197841946
f 1510 1512 1511
v 0.00234046784 -0.0104060171 0.00203011132
v 0.00242388433 -0.0103418563 0.00218561563
v 0.00177058682 -0.0108406814 0.00224024934
f 1513 1515 1514
v 0.0028479777 -0.00985263978 0.00232181737
v 0.00266304596 -0.010053665 0.0024255789
v 0.00277422332 -0.0100479592 0.00221689315
f 1516 1518 1517
v 0.00263618276 -0.0102188802 0.00206441891
v 0.00277422332 -0.0100479592 0.00221689315
v 0.00231793074 -0.0103635248 0.0024181245
f 1519 1521 1520
v 0.00256996955 -0.0102708807 0.00183857246
v 0.00234046784 -0.0104060171 0.00203011132
v 0.00217504767 -0.0104729501 0.00184874825
f 1522 1524 1523
v 0.00248377601 -0.0102657126 0.00164322173
v 0.00256996955 -0.0102708807 0.00183857246
v 0.00217504767 -0.0104729501 0.00184874825
f 1525 1527 1526
v 0.00209130758 -0.010411824 0.00150330479
v 0.00248377601 -0.0102657126 0.00164322173
v 0.00217504767 -0.0104729501 0.00184874825
f 1528 1530 1529
v 0.00268966705 -0.0100492529 0.00154014106
v 0.00285356073 -0.00998893956 0.00176170615
v 0.00265105009 -0.0101581361 0.0016587921
f 1531 1533 1532
v 0.00239020301 -0.0101218611 0.00133378853
v 0.00268966705 -0.0100492529 0.00154014106
v 0.00248377601 -0.0102657126 0.00164322173
f 1534 1536 1535
v 0.00239020301 -0.0101218611 0.00133378853
v 0.00248377601 -0.0102657126 0.00164322173
v 0.00194977329 -0.0101851874 0.0010144875
f 1537 1539 1538
v 0.00263618276 -0.0102188802 0.00206441891
v 0.00231793074 -0.0103635248 0.0024181245
v 0.00242388433 -0.0103418563 0.00218561563
f 1540 1542 1541
v 0.00265105009 -0.0101581361 0.0016587921
v 0.00277782729 -0.0100950499 0.00194105196
v 0.00256996955 -0.0102708807 0.00183857246
f 1543 1545 1544
v 0.00075481571 -0.010812554 0.00104495639
v 0.000904005719 -0.0106980908 0.00103298762
v 0.000607779248 -0.010972844 0.00107613423
f 1546 1548 1547
v 0.0010037741 -0.0107097927 0.00110678939
v 0.00113552896 -0.0109893495 0.00144684327
v 0.000723011499 -0.0111036446 0.00157206105
f 1549 1551 1550
v 0.0011833743 -0.0108541804 0.00131643219
v 0.00131001643 -0.0109270557 0.0014826267
v 0.00113552896 -0.0109893495 0.00144684327
f 1552 1554 1553
v 0.000712652809 -0.0106874024 0.000809279663
v 0.000974261911 -0.0105500767 0.000908027141
v 0.000904005719 -0.0106980908 0.00103298762
f 1555 1557 1556
v 0.0010037741 -0.0107097927 0.00110678939
v 0.000974261911 -0.0105500767 0.000908027141
v 0.0011833743 -0.0108541804 0.00131643219
f 1558 1560 1559
v 0.00179984509 -0.0105973966 0.00150602827
v 0.00176992162 -0.0108276603 0.00204460393
v 0.00131001643 -0.0109270557 0.0014826267
f 1561 1563 1562
v 0.000974261911 -0.0105500767 0.000908027141
v 0.0014097961 -0.0101647754 0.000691341438
v 0.0015424268 -0.0105678198 0.00121253588
f 1564 1566 1565
v 0.00194977329 -0.0101851874 0.0010144875
v 0.00209130758 -0.010411824 0.00150330479
v 0.00179984509 -0.0105973966 0.00150602827
f 1567 1569 1568
v 0.00194977329 -0.0101851874 0.0010144875
v 0.00179984509 -0.0105973966 0.00150602827
v 0.0015424268 -0.0105678198 0.00121253588
f 1570 1572 1571
v 0.000974261911 -0.0105500767 0.000908027141
v 0.0015424268 -0.0105678198 0.00121253588
v 0.0011833743 -0.0108541804 0.00131643219
f 1573 1575 1574
v 0.00194977329 -0.0101851874 0.0010144875
v 0.0015424268 -0.0105678198 0.00121253588
v 0.00177096863 -0.0101777485 0.000875592923
f 1576 1578 1577
v 0.0015424268 -0.0105678198 0.00121253588
v 0.0014097961 -0.0101647754 0.000691341438
v 0.00177096863 -0.0101777485 0.000875592923
f 1579 1581 1580
v 0.00277782729 -0.0100950499 0.00194105196
v 0.00293225639 -0.00987349049 0.00199033057
v 0.00277422332 -0.0100479592 0.00221689315
f 1582 1584 1583
v 0.00277782729 -0.0100950499 0.00194105196
v 0.00277422332 -0.0100479592 0.00221689315
v 0.00263618276 -0.0102188802 0.00206441891
f 1585 1587 1586
v 0.00231793074 -0.0103635248 0.0024181245
v 0.00234796735 -0.0100950601 0.00276033225
v 0.0018925939 -0.010684631 0.00250756821
f 1588 1590 1589
v 0.0010037741 -0.0107097927 0.00110678939
v 0.000723011499 -0.0111036446 0.00157206105
v 0.000904005719 -0.0106980908 0.00103298762
f 1591 1593 1592
v 0.00148616928 -0.010982441 0.00197841946
v 0.00177058682 -0.0108406814 0.00224024934
v 0.00146589091 -0.0109737535 0.00237399017
f 1594 1596 1595
v 0.00179984509 -0.0105973966 0.00150602827
v 0.00217504767 -0.0104729501 0.00184874825
v 0.00176992162 -0.0108276603 0.00204460393
f 1597 1599 1598
v 0.000521344191 -0.0111497298 0.00157554296
v 0.000442324153 -0.0112152324 0.00167817016
v 4.33215945e-05 -0.0114800641 0.00115604953
f 1600 1602 1601
v 4.33215945e-05 -0.0114800641 0.00115604953
v 0.000442324153 -0.0112152324 0.00167817016
v 0.000100773855 -0.0113942151 0.00163623536
f 1603 1605 1604
v 0.000165557958 -0.0114043869 0.000980971163
v 0.000607779248 -0.010972844 0.00107613423
v 0.000521344191 -0.0111497298 0.00157554296
f 1606 1608 1607
v 4.39002719e-05 -0.0115038798 0.000819479192
v 0.000165557958 -0.0114043869 0.000980971163
v 4.33215945e-05 -0.0114800641 0.00115604953
f 1609 1611 1610
v 0.000165557958 -0.0114043869 0.000980971163
v 0.000521344191 -0.0111497298 0.00157554296
v 4.33215945e-05 -0.0114800641 0.00115604953
f 1612 1614 1613
v -0.000124960593 -0.0115261413 0.000567648567
v 0.000104687763 -0.0113917704 0.000565637492
v -4.44025176e-05 -0.0115166331 0.000760875946
f 1615 1617 1616
v 0.000104687763 -0.0113917704 0.000565637492
v 0.000375795526 -0.0111087153 0.000653945381
v 0.000607779248 -0.010972844 0.00107613423
f 1618 1620 1619
v 0.000712652809 -0.0106874024 0.000809279663
v 0.000628502085 -0.0108378488 0.000889122566
v 0.000636714003 -0.0106529573 0.000702544685
f 1621 1623 1622
v 0.000466987558 -0.0108096428 0.000560142053
v 0.000628502085 -0.0108378488 0.000889122566
v 0.000375795526 -0.0111087153 0.000653945381
f 1624 1626 1625
v 0.000104687763 -0.0113917704 0.000565637492
v 0.000607779248 -0.010972844 0.00107613423
v 4.39002719e-05 -0.0115038798 0.000819479192
f 1627 1629 1628
v -0.000148847221 -0.0113457398 0.00240304435
v 8.03541411e-05 -0.0113674425 0.00232591447
v 1.46559231e-05 -0.0114063718 0.00252138962
f 1630 1632 1631
v 0.000739613279 -0.0108744774 0.00295171139
v 0.000472942247 -0.0109515371 0.00332427117
v 0.000533564025 -0.0110422719 0.00310019859
f 1633 1635 1634
v 0.000472942247 -0.0109515371 0.00332427117
v 0.000739613279 -0.0108744774 0.00295171139
v 0.000620910851 -0.0106958127 0.00327800844
f 1636 1638 1637
v 0.000583342535 -0.0112534311 0.00247370463
v 0.000335421737 -0.0112907175 0.0028702656
v 0.000278177913 -0.0113625007 0.00259294047
f 1639 1641 1640
v 0.000174157412 -0.0112342881 0.00397910699
v 0.000463908873 -0.0107787724 0.00351699819
v 9.57223392e-05 -0.0110872672 0.00416247531
f 1642 1644 1643
v -0.000396170799 -0.0116549214 0.00380315578
v -0.000283585064 -0.0115994648 0.00346658016
v -0.000200089744 -0.011667786 0.00375430864
f 1645 1647 1646
v -0.000132902915 -0.0115265328 0.0011565372
v 4.39002719e-05 -0.0115038798 0.000819479192
v 4.33215945e-05 -0.0114800641 0.00115604953
f 1648 1650 1649
v -0.00146854163 -0.0100160083 0.00139962858
v -0.00145368622 -0.00988515167 0.00172065065
v -0.00152132152 -0.00980881523 0.00144177056
f 1651 1653 1652
v -0.00133118601 -0.00345350963 0.0032926011
v -0.000334798938 -0.00393787668 0.00356329438
v -0.000437724475 -0.00348183603 0.00369131194
f 1654 1656 1655
v -0.00133118601 -0.00345350963 0.0032926011
v -0.000909653227 -0.00383207698 0.00331390147
v -0.000334798938 -0.00393787668 0.00356329438
f 1657 1659 1658
v -0.000167319126 -0.00321586922 0.00380776801
v 4.08169456e-05 -0.00317149788 0.00380774545
v -9.71008944e-05 -0.00308085037 0.00381789214
f 1660 1662 1661
v -0.000437724475 -0.00348183603 0.00369131194
v -0.000285531905 -0.00332854142 0.00377041506
v -0.00072108287 -0.00339397848 0.00358413199
f 1663 1665 1664
v -0.000345285071 -0.00310781834 0.00371537499
v -0.00072108287 -0.00339397848 0.00358413199
v -0.000285531905 -0.00332854142 0.00377041506
f 1666 1668 1667
v -0.000358212196 -0.00257358206 0.00350115843
v -0.00068627337 -0.00308377166 0.00352748357
v -0.000345285071 -0.00310781834 0.00371537499
f 1669 1671 1670
v -0.00068627337 -0.00308377166 0.00352748357
v -0.000796448239 -0.00279133092 0.00331059528
v -0.0010826644 -0.00317586455 0.00338841564
f 1672 1674 1673
v -0.000437724475 -0.00348183603 0.00369131194
v -0.000111568113 -0.00377175493 0.00368816945
v -0.000285531905 -0.00332854142 0.00377041506
f 1675 1677 1676
v 0.00105958652 -0.0020268415 0.00337446727
v 0.000839526729 -0.00228558711 0.00348825342
v 0.000964076389 -0.00215568944 0.00342513194
f 1678 1680 1679
v 0.001163666 -0.00170836593 0.00317184495
v 0.00105958652 -0.0020268415 0.00337446727
v 0.00119934348 -0.00187590103 0.00331938027
f 1681 1683 1682
v 0.000377819856 -0.00276082992 0.00371699534
v 0.000543654687 -0.00259189055 0.00365403284
v 3.59290283e-05 -0.00256292733 0.00362915162
f 1684 1686 1685
v 0.000269417683 -0.00289425134 0.00376501375
v 3.59290283e-05 -0.00256292733 0.00362915162
v 0.000155713099 -0.00293936064 0.00378738441
f 1687 1689 1688
v 0.000353093037 -0.00200107042 0.00323154309
v -0.000133923459 -0.00220772563 0.00328242277
v 7.63825625e-06 -0.00236573869 0.00350329174
f 1690 1692 1691
v 0.000349219044 -0.00238732991 0.00354581243
v 3.59290283e-05 -0.00256292733 0.00362915162
v 0.000543654687 -0.00259189055 0.00365403284
f 1693 1695 1694
v 0.000631885587 -0.001990073 0.00328361602
v 0.000349219044 -0.00238732991 0.00354581243
v 0.000695006702 -0.00243407158 0.00357773497
f 1696 1698 1697
v -0.000358212196 -0.00257358206 0.00350115843
v -0.000370767657 -0.00232618422 0.00326175686
v -0.000940737937 -0.00259418048 0.00305180511
f 1699 1701 1700
v 0.000735411049 -0.00163527184 0.00299516396
v 0.000543134456 -0.00163186105 0.00287906914
v 0.000230514843 -0.00192492862 0.00308769959
f 1702 1704 1703
v 0.000344918658 -0.00164330941 0.00267658525
v -0.000212198938 -0.00185014924 0.00238856428
v 2.84000265e-05 -0.00189812672 0.0028660339
f 1705 1707 1706
v -0.00133118601 -0.00345350963 0.0032926011
v -0.00135802056 -0.00363487234 0.00317045924
v -0.00122577803 -0.00383224433 0.00310435244
f 1708 1710 1709
v -0.00152654211 -0.00328735623 0.00323151835
v -0.00158055809 -0.0034318844 0.00311441509
v -0.00133118601 -0.00345350963 0.0032926011
f 1711 1713 1712
v -0.00128877391 -0.00405418505 0.00250609301
v -0.00129886848 -0.00403319718 0.00270965429
v -0.00144605719 -0.00382655271 0.00261727837
f 1714 1716 1715
v -0.000768979862 -0.00403471968 0.00332370983
v -0.000520096819 -0.0044015731 0.00349839829
v -0.000488361002 -0.00419238349 0.00347949208
f 1717 1719 1718
v -0.000975985768 -0.00407089974 0.00318035891
v -0.000950072626 -0.00426875122 0.00317633203
v -0.000768979862 -0.00403471968 0.00332370983
f 1720 1722 1721
v -0.000520096819 -0.0044015731 0.00349839829
v -0.000768979862 -0.00403471968 0.00332370983
v -0.000950072626 -0.00426875122 0.00317633203
f 1723 1725 1724
v -0.000933525462 -0.00457546303 0.00321121152
v -0.000520096819 -0.0044015731 0.00349839829
v -0.000950072626 -0.00426875122 0.00317633203
f 1726 1728 1727
v -0.000975985768 -0.00407089974 0.00318035891
v -0.000768979862 -0.00403471968 0.00332370983
v -0.000909653227 -0.00383207698 0.00331390147
f 1729 1731 1730
v -0.00122577803 -0.00383224433 0.00310435244
v -0.00110218398 -0.00400746649 0.00309625939
v -0.00133118601 -0.00345350963 0.0032926011
f 1732 1734 1733
v -0.00120704763 -0.00413981106 0.0028689894
v -0.00106290854 -0.00436175578 0.00301478613
v -0.000950072626 -0.00426875122 0.00317633203
f 1735 1737 1736
v -0.00113603373 -0.00437297022 0.00282432284
v -0.00117006803 -0.00491207866 0.00264537048
v -0.00109234215 -0.00455528316 0.00294178153
f 1738 1740 1739
v -0.00120704763 -0.00413981106 0.0028689894
v -0.00113603373 -0.00437297022 0.00282432284
v -0.00106290854 -0.00436175578 0.00301478613
f 1741 1743 1742
v -0.00128877391 -0.00405418505 0.00250609301
v -0.00121476369 -0.00424478603 0.00249241293
v -0.00129886848 -0.00403319718 0.00270965429
f 1744 1746 1745
v -0.00172822129 -0.00320763356 0.00274408485
v -0.00176792728 -0.00325733345 0.00284780253
v -0.00165080583 -0.00313743003 0.00282956862
f 1747 1749 1748
v -0.00151479599 -0.00310462092 0.00301557702
v -0.00165080583 -0.00313743003 0.00282956862
v -0.00153372766 -0.0031488471 0.00307457703
f 1750 1752 1751
v -0.00168201823 -0.0032124859 0.00308630697
v -0.0016451997 -0.00317543636 0.00313499622
v -0.00153372766 -0.0031488471 0.00307457703
f 1753 1755 1754
v -0.00165080583 -0.00313743003 0.00282956862
v -0.00176792728 -0.00325733345 0.00284780253
v -0.00168201823 -0.0032124859 0.00308630697
f 1756 1758 1757
v -0.0010826644 -0.00317586455 0.00338841564
v -0.0012897689 -0.00330531038 0.00337077727
v -0.00106427633 -0.0033563756 0.00345681692
f 1759 1761 1760
v -0.00136706585 -0.00288971041 0.00299173989
v -0.00151479599 -0.00310462092 0.00301557702
v -0.00135305181 -0.00314082463 0.00321047883
f 1762 1764 1763
v -0.00165319107 -0.00355333614 0.00267431933
v -0.00176792728 -0.00325733345 0.00284780253
v -0.00174748875 -0.00327492708 0.00268269141
f 1765 1767 1766
v -0.00165319107 -0.00355333614 0.00267431933
v -0.001654062 -0.00354341319 0.00283941154
v -0.00176792728 -0.00325733345 0.00284780253
f 1768 1770 1769
v -0.00141380624 -0.00365431333 0.00225514268
v -0.00125030065 -0.00389837805 0.00209988448
v -0.00128877391 -0.00405418505 0.00250609301
f 1771 1773 1772
v -0.00172822129 -0.00320763356 0.00274408485
v -0.0016652566 -0.0030842697 0.00260928791
v -0.00173889875 -0.0031597865 0.00260175912
f 1774 1776 1775
v -0.00163656659 -0.00323135318 0.00234782729
v -0.00173889875 -0.0031597865 0.00260175912
v -0.00172017335 -0.00307920236 0.00250156518
f 1777 1779 1778
v -0.0016652566 -0.0030842697 0.00260928791
v -0.00163509903 -0.00305606736 0.00239037709
v -0.00167167782 -0.00306150614 0.00238778757
f 1780 1782 1781
v -0.001532231 -0.00287826879 0.00248761644
v -0.00163509903 -0.00305606736 0.00239037709
v -0.0016652566 -0.0030842697 0.00260928791
f 1783 1785 1784
v -0.00163656659 -0.00323135318 0.00234782729
v -0.00138223568 -0.00323247368 0.00188570029
v -0.00141380624 -0.00365431333 0.00225514268
f 1786 1788 1787
v -0.00174748875 -0.00327492708 0.00268269141
v -0.00163656659 -0.00323135318 0.00234782729
v -0.00165276342 -0.00343316096 0.00253600301
f 1789 1791 1790
v -0.00176792728 -0.00325733345 0.00284780253
v -0.001654062 -0.00354341319 0.00283941154
v -0.00173900262 -0.00330825715 0.00293988796
f 1792 1794 1793
v -0.00129433993 -0.00395587304 0.00286725135
v -0.00110218398 -0.00400746649 0.00309625939
v -0.00122577803 -0.00383224433 0.00310435244
f 1795 1797 1796
v -0.00117384425 -0.00442597775 0.00224456035
v -0.00119021579 -0.00458843206 0.00251380188
v -0.00118663311 -0.00443345598 0.00250982303
f 1798 1800 1799
v -0.00117384425 -0.00442597775 0.00224456035
v -0.00122204947 -0.00552495003 0.00156660262
v -0.00118549106 -0.00499965827 0.00257376123
f 1801 1803 1802
v -0.00119848273 -0.00391833601 0.00191310774
v -0.00117384425 -0.00442597775 0.00224456035
v -0.00118982052 -0.00409606328 0.00209520585
f 1804 1806 1805
v -0.00119848273 -0.00391833601 0.00191310774
v -0.00117531017 -0.00400083554 0.00166820264
v -0.00117384425 -0.00442597775 0.00224456035
f 1807 1809 1808
v -0.000940737937 -0.00259418048 0.00305180511
v -0.000697268024 -0.00217061315 0.00270540149
v -0.0013026578 -0.00271795561 0.00285254864
f 1810 1812 1811
v -0.0013026578 -0.00271795561 0.00285254864
v -0.000697268024 -0.00217061315 0.00270540149
v -0.000813852967 -0.00214023494 0.00238386692
f 1813 1815 1814
v -0.000813852967 -0.00214023494 0.00238386692
v -0.00104698711 -0.0023350045 0.00220955862
v -0.00140142001 -0.00272534671 0.00262206013
f 1816 1818 1817
v -0.00104698711 -0.0023350045 0.00220955862
v -0.00114754712 -0.00247074986 0.00188243557
v -0.00138954729 -0.00270319997 0.00220713791
f 1819 1821 1820
v -0.00148802183 -0.00296399267 0.00198815269
v -0.00163656659 -0.00323135318 0.00234782729
v -0.00159723295 -0.00299487765 0.00220040292
f 1822 1824 1823
v -0.00129941245 -0.00343590727 0.00186510006
v -0.00138223568 -0.00323247368 0.00188570029
v -0.00132322584 -0.00314427998 0.00166602313
f 1825 1827 1826
v -0.00132322584 -0.00314427998 0.00166602313
v -0.00118884009 -0.00357441168 0.00155391081
v -0.00129941245 -0.00343590727 0.00186510006
f 1828 1830 1829
v -0.00138954729 -0.00270319997 0.00220713791
v -0.00134649381 -0.002835737 0.00163895038
v -0.00146125003 -0.00287556213 0.00203706804
f 1831 1833 1832
v -0.000473836963 -0.00186466877 0.00184106957
v -0.000813852967 -0.00214023494 0.00238386692
v -0.000599025043 -0.0020328087 0.0024893403
f 1834 1836 1835
v -0.000813852967 -0.00214023494 0.00238386692
v -0.000473836963 -0.00186466877 0.00184106957
v -0.000627591817 -0.00195718712 0.00168570004
f 1837 1839 1838
v -0.00138954729 -0.00270319997 0.00220713791
v -0.000970257224 -0.00245484152 0.00119469714
v -0.00126760169 -0.00273206297 0.00158905405
f 1840 1842 1841
v -0.00128776182 -0.00308895251 0.00142231911
v -0.00134649381 -0.002835737 0.00163895038
v -0.00129806085 -0.00283874633 0.00140539214
f 1843 1845 1844
v -0.00106421367 -0.00455398949 0.000936187917
v -0.00106576499 -0.00493403313 0.000934806576
v -0.00113799588 -0.00465027442 0.00108288323
f 1846 1848 1847
v -0.0010091564 -0.00406663494 0.00059148233
v -0.00111526679 -0.00431672997 0.000893654214
v -0.00110832998 -0.00404020429 0.00071316199
f 1849 1851 1850
v -0.00128776182 -0.00308895251 0.00142231911
v -0.00127027724 -0.00291617707 0.00115715884
v -0.00119807237 -0.00337747697 0.000890251977
f 1852 1854 1853
v -0.00118933067 -0.00350303599 0.000992400601
v -0.00115566654 -0.00376782773 0.00132680188
v -0.00118884009 -0.00357441168 0.00155391081
f 1855 1857 1856
v -0.00115875091 -0.00361948369 0.000745805664
v -0.00118933067 -0.00350303599 0.000992400601
v -0.00119807237 -0.00337747697 0.000890251977
f 1858 1860 1859
v -0.00119182878 -0.00367231696 0.000858699423
v -0.00115566654 -0.00376782773 0.00132680188
v -0.00118933067 -0.00350303599 0.000992400601
f 1861 1863 1862
v -0.00115875091 -0.00361948369 0.000745805664
v -0.00119182878 -0.00367231696 0.000858699423
v -0.00118933067 -0.00350303599 0.000992400601
f 1864 1866 1865
v -0.00123131686 -0.00290157968 0.00103025632
v -0.00120373634 -0.00292753521 0.00091751117
v -0.00127027724 -0.00291617707 0.00115715884
f 1867 1869 1868
v -0.00120373634 -0.00292753521 0.00091751117
v -0.00123131686 -0.00290157968 0.00103025632
v -0.00122869114 -0.00279913675 0.00118191383
f 1870 1872 1871
v -0.00101334253 -0.00268726781 0.000896151505
v -0.00120373634 -0.00292753521 0.00091751117
v -0.00122869114 -0.00279913675 0.00118191383
f 1873 1875 1874
v -0.00112515163 -0.00339477519 0.000724190431
v -0.00115875091 -0.00361948369 0.000745805664
v -0.00119807237 -0.00337747697 0.000890251977
f 1876 1878 1877
v -0.00110832998 -0.00404020429 0.00071316199
v -0.00115247067 -0.00408214 0.000865614584
v -0.00117837972 -0.00387513392 0.000815379371
f 1879 1881 1880
v -0.00111893132 -0.00374062329 0.000686018211
v -0.00119182878 -0.00367231696 0.000858699423
v -0.00115875091 -0.00361948369 0.000745805664
f 1882 1884 1883
v -0.00110832998 -0.00404020429 0.00071316199
v -0.00117837972 -0.00387513392 0.000815379371
v -0.00111893132 -0.00374062329 0.000686018211
f 1885 1887 1886
v -0.00117837972 -0.00387513392 0.000815379371
v -0.00117642639 -0.00396234827 0.00103766097
v -0.00119182878 -0.00367231696 0.000858699423
f 1888 1890 1889
v -0.000939405254 -0.0034753939 0.000549971946
v -0.000940154041 -0.00364028565 0.000524312918
v -0.0010302163 -0.00342425519 0.000610009829
f 1891 1893 1892
v -0.00115875091 -0.00361948369 0.000745805664
v -0.0010302163 -0.00342425519 0.000610009829
v -0.00111893132 -0.00374062329 0.000686018211
f 1894 1896 1895
v -0.00106421367 -0.00455398949 0.000936187917
v -0.0010091564 -0.00406663494 0.00059148233
v -0.000860920045 -0.00444733014 0.000654145788
f 1897 1899 1898
v -0.00110832998 -0.00404020429 0.00071316199
v -0.00100503912 -0.00392451075 0.000554829649
v -0.0010091564 -0.00406663494 0.00059148233
f 1900 1902 1901
v -0.000803474359 -0.00391679168 0.000430264981
v -0.00100503912 -0.00392451075 0.000554829649
v -0.000940154041 -0.00364028565 0.000524312918
f 1903 1905 1904
v -0.000715474562 -0.00444085927 0.000554574353
v -0.0010091564 -0.00406663494 0.00059148233
v -0.000803474359 -0.00391679168 0.000430264981
f 1906 1908 1907
v -0.000803474359 -0.00391679168 0.000430264981
v -0.000371584451 -0.0041718642 0.000337334927
v -0.000405328774 -0.00450451807 0.000416137345
f 1909 1911 1910
v -0.0011620722 -0.00418005511 0.000987536259
v -0.00117531017 -0.00400083554 0.00166820264
v -0.00115566654 -0.00376782773 0.00132680188
f 1912 1914 1913
v -0.00115247067 -0.00408214 0.000865614584
v -0.0011620722 -0.00418005511 0.000987536259
v -0.00117642639 -0.00396234827 0.00103766097
f 1915 1917 1916
v -0.000803474359 -0.00391679168 0.000430264981
v -0.000940154041 -0.00364028565 0.000524312918
v -0.000939405254 -0.0034753939 0.000549971946
f 1918 1920 1919
v -0.00141380624 -0.00365431333 0.00225514268
v -0.00129941245 -0.00343590727 0.00186510006
v -0.00125030065 -0.00389837805 0.00209988448
f 1921 1923 1922
v -0.00117531017 -0.00400083554 0.00166820264
v -0.00117266272 -0.00441532284 0.00125446222
v -0.00117384425 -0.00442597775 0.00224456035
f 1924 1926 1925
v -0.00118884009 -0.00357441168 0.00155391081
v -0.00119848273 -0.00391833601 0.00191310774
v -0.00129941245 -0.00343590727 0.00186510006
f 1927 1929 1928
v -0.00102406657 -0.00265938197 0.000963350885
v -0.00101334253 -0.00268726781 0.000896151505
v -0.00122869114 -0.00279913675 0.00118191383
f 1930 1932 1931
v -0.000111568113 -0.00377175493 0.00368816945
v -0.000437724475 -0.00348183603 0.00369131194
v -0.000334798938 -0.00393787668 0.00356329438
f 1933 1935 1934
v -0.000488361002 -0.00419238349 0.00347949208
v -0.000135845869 -0.00411538349 0.00362754763
v -0.000334798938 -0.00393787668 0.00356329438
f 1936 1938 1937
v -0.000135845869 -0.00411538349 0.00362754763
v -1.70387025e-05 -0.00446956619 0.00365713822
v 7.56358418e-05 -0.00401606667 0.00367997964
f 1939 1941 1940
v -1.70387025e-05 -0.00446956619 0.00365713822
v 0.00109023595 -0.00489047015 0.00372618597
v 0.000460168576 -0.00391699868 0.00370995695
f 1942 1944 1943
v -1.70387025e-05 -0.00446956619 0.00365713822
v 0.000460168576 -0.00391699868 0.00370995695
v 7.56358418e-05 -0.00401606667 0.00367997964
f 1945 1947 1946
v 0.00109023595 -0.00489047015 0.00372618597
v 0.00102546819 -0.00430341497 0.00373444745
v 0.000460168576 -0.00391699868 0.00370995695
f 1948 1950 1949
v 0.000294114011 -0.00363730142 0.00370540947
v 0.000460168576 -0.00391699868 0.00370995695
v 0.000558400598 -0.00380573802 0.00368363435
f 1951 1953 1952
v 0.000294114011 -0.00363730142 0.00370540947
v 0.000558400598 -0.00380573802 0.00368363435
v 0.000482625092 -0.00346350935 0.00365069827
f 1954 1956 1955
v 0.000482625092 -0.00346350935 0.00365069827
v 0.000558400598 -0.00380573802 0.00368363435
v 0.000727210272 -0.0032185264 0.00355891571
f 1957 1959 1958
v 0.000460168576 -0.00391699868 0.00370995695
v 0.00102546819 -0.00430341497 0.00373444745
v 0.00122915817 -0.00404428501 0.00370324633
f 1960 1962 1961
v 0.000460168576 -0.00391699868 0.00370995695
v 0.00122915817 -0.00404428501 0.00370324633
v 0.000558400598 -0.00380573802 0.00368363435
f 1963 1965 1964
v 0.00122915817 -0.00404428501 0.00370324633
v 0.00136293975 -0.00392209258 0.00365495071
v 0.000558400598 -0.00380573802 0.00368363435
f 1966 1968 1967
v 0.00102546819 -0.00430341497 0.00373444745
v 0.00109023595 -0.00489047015 0.00372618597
v 0.0015864367 -0.00492389881 0.00368209185
f 1969 1971 1970
v 0.00159385309 -0.00555974511 0.00375172713
v 0.0016617214 -0.00531775004 0.0037221489
v 0.00109023595 -0.00489047015 0.00372618597
f 1972 1974 1973
v 0.0016617214 -0.00531775004 0.0037221489
v 0.00164484627 -0.0049995484 0.00367682587
v 0.00109023595 -0.00489047015 0.00372618597
f 1975 1977 1976
v 0.00136293975 -0.00392209258 0.00365495071
v 0.00122915817 -0.00404428501 0.00370324633
v 0.00147025339 -0.00453013563 0.00368357287
f 1978 1980 1979
v 0.0010086188 -0.00293497542 0.0034650162
v 0.00122270949 -0.00261235964 0.00334607612
v 0.000839526729 -0.00228558711 0.00348825342
f 1981 1983 1982
v 0.00122270949 -0.00261235964 0.00334607612
v 0.00166585887 -0.00252282553 0.00321144798
v 0.00147172013 -0.00189980528 0.00323758431
f 1984 1986 1985
v 0.00165212532 -0.00270377859 0.00324940884
v 0.00197552345 -0.0028654229 0.00317630729
v 0.00183365319 -0.002616032 0.00315514008
f 1987 1989 1988
v 0.00206033837 -0.00310574469 0.00323554887
v 0.00216989847 -0.00291022498 0.00305090871
v 0.00197552345 -0.0028654229 0.00317630729
f 1990 1992 1991
v 0.00206033837 -0.00310574469 0.00323554887
v 0.00197552345 -0.0028654229 0.00317630729
v 0.00190133651 -0.003078183 0.00329643772
f 1993 1995 1994
v 0.000269417683 -0.00289425134 0.00376501375
v 0.000727210272 -0.0032185264 0.00355891571
v 0.000543654687 -0.00259189055 0.00365403284
f 1996 1998 1997
v 0.0010086188 -0.00293497542 0.0034650162
v 0.000695006702 -0.00243407158 0.00357773497
v 0.000543654687 -0.00259189055 0.00365403284
f 1999 2001 2000
v 0.00181783034 -0.00345167318 0.00342352032
v 0.00206033837 -0.00310574469 0.00323554887
v 0.00190133651 -0.003078183 0.00329643772
f 2002 2004 2003
v 0.00201613384 -0.00348159156 0.00334748911
v 0.00206033837 -0.00310574469 0.00323554887
v 0.00181783034 -0.00345167318 0.00342352032
f 2005 2007 2006
v 0.00201613384 -0.00348159156 0.00334748911
v 0.0022629225 -0.00374517986 0.00325914662
v 0.00240543741 -0.00357365643 0.00305646608
f 2008 2010 2009
v 0.00222193612 -0.00394216113 0.00335590921
v 0.0022629225 -0.00374517986 0.00325914662
v 0.00190449191 -0.00369733061 0.00345067965
f 2011 2013 2012
v 0.00248471115 -0.00462866628 0.00335082805
v 0.00255776267 -0.00442089768 0.00330363873
v 0.00136293975 -0.00392209258 0.00365495071
f 2014 2016 2015
v 0.00255776267 -0.00442089768 0.00330363873
v 0.00190449191 -0.00369733061 0.00345067965
v 0.00136293975 -0.00392209258 0.00365495071
f 2017 2019 2018
v 0.00255776267 -0.00442089768 0.00330363873
v 0.00222193612 -0.00394216113 0.00335590921
v 0.00190449191 -0.00369733061 0.00345067965
f 2020 2022 2021
v 0.00248471115 -0.00462866628 0.00335082805
v 0.00136293975 -0.00392209258 0.00365495071
v 0.00147025339 -0.00453013563 0.00368357287
f 2023 2025 2024
v -0.000520096819 -0.0044015731 0.00349839829
v -0.000933525462 -0.00457546303 0.00321121152
v -0.000713238887 -0.00514111198 0.00349392467
f 2026 2028 2027
v -0.000520096819 -0.0044015731 0.00349839829
v -0.000183978068 -0.00473768159 0.00364772895
v -0.000135845869 -0.00411538349 0.00362754763
f 2029 2031 2030
v -0.000523208155 -0.00465325938 0.00353206524
v -0.000183978068 -0.00473768159 0.00364772895
v -0.000520096819 -0.0044015731 0.00349839829
f 2032 2034 2033
v -0.00122204947 -0.00552495003 0.00156660262
v -0.00125272572 -0.00591594908 0.00223718471
v -0.00118549106 -0.00499965827 0.00257376123
f 2035 2037 2036
v -0.00120038212 -0.00548585194 0.00141045111
v -0.00122204947 -0.00552495003 0.00156660262
v -0.00120125496 -0.00516359178 0.00141866958
f 2038 2040 2039
v -0.000371584451 -0.0041718642 0.000337334927
v -0.00019407953 -0.00457042479 0.000329322643
v -0.000405328774 -0.00450451807 0.000416137345
f 2041 2043 2042
v -0.000233379433 -0.00473860564 0.000349812649
v -0.000672596752 -0.00468492908 0.000572865611
v -0.000405328774 -0.00450451807 0.000416137345
f 2044 2046 2045
v 0.00132116202 -0.00154430872 0.00297389779
v 0.000735411049 -0.00163527184 0.00299516396
v 0.001163666 -0.00170836593 0.00317184495
f 2047 2049 2048
v 0.00151334871 -0.0015726273 0.00312379307
v 0.00157316463 -0.0015519825 0.00305868452
v 0.00132116202 -0.00154430872 0.00297389779
f 2050 2052 2051
v 0.00161454373 -0.00129415275 0.00190755563
v 0.0013184369 -0.00138653977 0.002130549
v 0.00177049606 -0.00140846687 0.00255821542
f 2053 2055 2054
v 0.000900053237 -0.00147014689 0.00264720329
v 0.000615519457 -0.00151754602 0.00259149692
v 0.000780957998 -0.00152210923 0.00278557254
f 2056 2058 2057
v 0.000615519457 -0.00151754602 0.00259149692
v 0.000746682417 -0.0014592948 0.00217755351
v 0.000355323778 -0.00155620601 0.00194110999
f 2059 2061 2060
v 0.000355323778 -0.00155620601 0.00194110999
v -7.87042609e-05 -0.00173728477 0.00221042592
v 0.000344918658 -0.00164330941 0.00267658525
f 2062 2064 2063
v -7.87042609e-05 -0.00173728477 0.00221042592
v -1.92545571e-05 -0.00162096039 0.00148833951
v -0.000473836963 -0.00186466877 0.00184106957
f 2065 2067 2066
v 0.0013184369 -0.00138653977 0.002130549
v 0.000746682417 -0.0014592948 0.00217755351
v 0.000900053237 -0.00147014689 0.00264720329
f 2068 2070 2069
v 0.00126292352 -0.00130458993 0.0014433188
v 0.000959552381 -0.00142874969 0.00176068861
v 0.00161454373 -0.00129415275 0.00190755563
f 2071 2073 2072
v 0.000959552381 -0.00142874969 0.00176068861
v 0.000355323778 -0.00155620601 0.00194110999
v 0.000746682417 -0.0014592948 0.00217755351
f 2074 2076 2075
v 0.00126292352 -0.00130458993 0.0014433188
v 0.00076991937 -0.00139654512 0.00101029927
v 0.000448551782 -0.00146600851 0.00111219606
f 2077 2079 2078
v 0.00126292352 -0.00130458993 0.0014433188
v 0.00158368202 -0.00128329921 0.00132472724
v 0.00076991937 -0.00139654512 0.00101029927
f 2080 2082 2081
v 0.00162266679 -0.00137333882 0.000957981683
v 0.000862437264 -0.00146485836 0.000696953248
v 0.00158368202 -0.00128329921 0.00132472724
f 2083 2085 2084
v 0.00152153807 -0.00145701988 0.000728638952
v 0.001363925 -0.00147615856 0.000596483642
v 0.00130251756 -0.00148925119 0.000637475023
f 2086 2088 2087
v -0.000473836963 -0.00186466877 0.00184106957
v -0.000395574489 -0.00181610139 0.0014379938
v -0.000627591817 -0.00195718712 0.00168570004
f 2089 2091 2090
v -0.000395574489 -0.00181610139 0.0014379938
v -0.000430341788 -0.00188669201 0.00124161234
v -0.000693767834 -0.00203564814 0.00152043795
f 2092 2094 2093
v -0.000191168192 -0.00175614587 0.00111186137
v -0.000220313245 -0.00191541421 0.000786734199
v -0.000430341788 -0.00188669201 0.00124161234
f 2095 2097 2096
v -0.000581044333 -0.00239566416 0.000787669524
v -0.000776562592 -0.00261267669 0.000746569549
v -0.00102406657 -0.00265938197 0.000963350885
f 2098 2100 2099
v 0.00011827666 -0.0021447795 0.000203811237
v 2.41078311e-05 -0.00232437342 0.000218296941
v -0.000131274828 -0.00257474021 0.000285783813
f 2101 2103 2102
v -6.32659976e-05 -0.00193783198 0.000546692763
v 0.00011827666 -0.0021447795 0.000203811237
v -0.000131274828 -0.00257474021 0.000285783813
f 2104 2106 2105
v 0.000144718013 -0.00157933027 0.00093509525
v -0.000191168192 -0.00175614587 0.00111186137
v -1.92545571e-05 -0.00162096039 0.00148833951
f 2107 2109 2108
v 0.000144718013 -0.00157933027 0.00093509525
v 5.02665443e-05 -0.00165761849 0.000807371816
v -0.000191168192 -0.00175614587 0.00111186137
f 2110 2112 2111
v 0.000370952694 -0.00150421856 0.000862609159
v 0.000144718013 -0.00157933027 0.00093509525
v 0.000448551782 -0.00146600851 0.00111219606
f 2113 2115 2114
v 0.00035845253 -0.0016804579 0.000490132652
v 9.78941671e-05 -0.00172347827 0.000624488803
v 0.000272750526 -0.0016014661 0.000675634237
f 2116 2118 2117
v 0.000272750526 -0.0016014661 0.000675634237
v 5.02665443e-05 -0.00165761849 0.000807371816
v 0.000370952694 -0.00150421856 0.000862609159
f 2119 2121 2120
v 0.000456427506 -0.00277302261 0.000303696152
v 0.000100043474 -0.00287433904 0.000317718013
v 2.41078311e-05 -0.00232437342 0.000218296941
f 2122 2124 2123
v 0.000100043474 -0.00287433904 0.000317718013
v -3.82299504e-05 -0.00243738032 0.000240547365
v 2.41078311e-05 -0.00232437342 0.000218296941
f 2125 2127 2126
v -0.000924584492 -0.00267851101 0.000617412206
v -0.000927403653 -0.00286037794 0.000612852091
v -0.00101855021 -0.00274481481 0.000694637038
f 2128 2130 2129
v -0.000776562592 -0.00261267669 0.000746569549
v -0.000887157967 -0.00267850082 0.000599218765
v -0.00101334253 -0.00268726781 0.000896151505
f 2131 2133 2132
v -0.00102997201 -0.00312782067 0.000633646505
v -0.000927403653 -0.00286037794 0.000612852091
v -0.000939405254 -0.0034753939 0.000549971946
f 2134 2136 2135
v -0.000939405254 -0.0034753939 0.000549971946
v -0.0010302163 -0.00342425519 0.000610009829
v -0.00102997201 -0.00312782067 0.000633646505
f 2137 2139 2138
v -0.000604682691 -0.00346596134 0.000434054027
v -0.000939405254 -0.0034753939 0.000549971946
v -0.000756458849 -0.00278570878 0.000542879525
f 2140 2142 2141
v -0.000776562592 -0.00261267669 0.000746569549
v -0.000724194206 -0.00270435703 0.000617403111
v -0.000887157967 -0.00267850082 0.000599218765
f 2143 2145 2144
v -0.000756458849 -0.00278570878 0.000542879525
v -0.000927403653 -0.00286037794 0.000612852091
v -0.000924584492 -0.00267851101 0.000617412206
f 2146 2148 2147
v -0.000527606244 -0.00274111753 0.000475227034
v -0.000623016149 -0.00277309628 0.000494095229
v -0.000776562592 -0.00261267669 0.000746569549
f 2149 2151 2150
v -0.000623016149 -0.00277309628 0.000494095229
v -0.000429822649 -0.00305086305 0.00041781791
v -0.000756458849 -0.00278570878 0.000542879525
f 2152 2154 2153
v -0.000431300214 -0.00280021868 0.000401235638
v -0.000429822649 -0.00305086305 0.00041781791
v -0.000610534744 -0.00275112398 0.000475332808
f 2155 2157 2156
v -0.000440935628 -0.00261548466 0.000497198516
v -0.000527606244 -0.00274111753 0.000475227034
v -0.000776562592 -0.00261267669 0.000746569549
f 2158 2160 2159
v -0.000610534744 -0.00275112398 0.000475332808
v -0.000429822649 -0.00305086305 0.00041781791
v -0.000623016149 -0.00277309628 0.000494095229
f 2161 2163 2162
v -0.000201596481 -0.0040777828 0.000310108476
v -0.000604682691 -0.00346596134 0.000434054027
v 2.84118373e-07 -0.00327055241 0.000339937151
f 2164 2166 2165
v -0.000288371939 -0.00258153141 0.00040050495
v -0.000131274828 -0.00257474021 0.000285783813
v -0.000250037397 -0.00279716205 0.000355156453
f 2167 2169 2168
v 0.000100043474 -0.00287433904 0.000317718013
v -0.000250037397 -0.00279716205 0.000355156453
v -3.82299504e-05 -0.00243738032 0.000240547365
f 2170 2172 2171
v -0.000250037397 -0.00279716205 0.000355156453
v -0.000429822649 -0.00305086305 0.00041781791
v -0.000431300214 -0.00280021868 0.000401235638
f 2173 2175 2174
v 0.000862437264 -0.00146485836 0.000696953248
v 0.000589840738 -0.00150333026 0.000679224286
v 0.00076991937 -0.00139654512 0.00101029927
f 2176 2178 2177
v 0.000589840738 -0.00150333026 0.000679224286
v 0.00069907619 -0.00154851259 0.000488511932
v 0.000584445297 -0.00161698317 0.000387966838
f 2179 2181 2180
v 0.00035845253 -0.0016804579 0.000490132652
v 0.000388762919 -0.0017467295 0.000309392681
v 0.00039787933 -0.00177141428 0.00022541501
f 2182 2184 2183
v 0.000584445297 -0.00161698317 0.000387966838
v 0.00035845253 -0.0016804579 0.000490132652
v 0.000589840738 -0.00150333026 0.000679224286
f 2185 2187 2186
v 0.000584445297 -0.00161698317 0.000387966838
v 0.00050791441 -0.00167423659 0.000291257174
v 0.000388762919 -0.0017467295 0.000309392681
f 2188 2190 2189
v 0.000881862707 -0.00151254935 0.000353186124
v 0.000863501919 -0.00149673724 0.000378048253
v 0.000784004533 -0.00158212097 0.000310402038
f 2191 2193 2192
v 0.000701752788 -0.00151497688 0.000356103055
v 0.000584445297 -0.00161698317 0.000387966838
v 0.00069907619 -0.00154851259 0.000488511932
f 2194 2196 2195
v 0.000492721801 -0.0016808388 0.000248118363
v 0.000664354411 -0.00188385457 0.000252275481
v 0.000490647972 -0.00170823751 0.000253135681
f 2197 2199 2198
v 0.000492721801 -0.0016808388 0.000248118363
v 0.000532681679 -0.00167054113 0.000262269373
v 0.000664354411 -0.00188385457 0.000252275481
f 2200 2202 2201
v 0.000570578095 -0.00163229688 0.000271788508
v 0.000664354411 -0.00188385457 0.000252275481
v 0.000532681679 -0.00167054113 0.000262269373
f 2203 2205 2204
v 0.000664354411 -0.00188385457 0.000252275481
v 0.000570578095 -0.00163229688 0.000271788508
v 0.000784004533 -0.00158212097 0.000310402038
f 2206 2208 2207
v 0.00103274915 -0.00151421455 0.00041845401
v 0.000862437264 -0.00146485836 0.000696953248
v 0.00121869971 -0.00152744051 0.000548542948
f 2209 2211 2210
v 0.000900890791 -0.00154786758 0.000352232428
v 0.00103307511 -0.00184568362 0.000358226907
v 0.000784004533 -0.00158212097 0.000310402038
f 2212 2214 2213
v 0.00103307511 -0.00184568362 0.000358226907
v 0.00103274915 -0.00151421455 0.00041845401
v 0.00122136435 -0.00158209823 0.000485931787
f 2215 2217 2216
v 0.000454904603 -0.00171655902 0.000238327107
v 0.000664354411 -0.00188385457 0.000252275481
v 0.000451432697 -0.00174481593 0.000244274293
f 2218 2220 2219
v 0.000862437264 -0.00146485836 0.000696953248
v 0.00103274915 -0.00151421455 0.00041845401
v 0.000800622638 -0.00150568048 0.000470684472
f 2221 2223 2222
v 0.00039787933 -0.00177141428 0.00022541501
v 0.000261902323 -0.00194388613 0.00020420232
v 0.000236909773 -0.00187811984 0.000342636349
f 2224 2226 2225
v 0.000236909773 -0.00187811984 0.000342636349
v 0.000261902323 -0.00194388613 0.00020420232
v 0.000175804291 -0.00208094934 0.000202550132
f 2227 2229 2228
v 0.000494583628 -0.00215333148 0.000227457735
v 0.000175804291 -0.00208094934 0.000202550132
v 0.000261902323 -0.00194388613 0.00020420232
f 2230 2232 2231
v 0.00073503943 -0.00244621806 0.000295817563
v 0.000456427506 -0.00277302261 0.000303696152
v 0.000494583628 -0.00215333148 0.000227457735
f 2233 2235 2234
v 0.00128365637 -0.00217898869 0.000426768065
v 0.00073503943 -0.00244621806 0.000295817563
v 0.000664354411 -0.00188385457 0.000252275481
f 2236 2238 2237
v 0.000664354411 -0.00188385457 0.000252275481
v 0.00039787933 -0.00177141428 0.00022541501
v 0.000451432697 -0.00174481593 0.000244274293
f 2239 2241 2240
v 0.000494583628 -0.00215333148 0.000227457735
v 2.41078311e-05 -0.00232437342 0.000218296941
v 0.000175804291 -0.00208094934 0.000202550132
f 2242 2244 2243
v 0.00189636739 -0.00207659668 0.00301704567
v 0.00151334871 -0.0015726273 0.00312379307
v 0.00147172013 -0.00189980528 0.00323758431
f 2245 2247 2246
v 0.00147172013 -0.00189980528 0.00323758431
v 0.00151334871 -0.0015726273 0.00312379307
v 0.00142725166 -0.00164800058 0.00319062528
f 2248 2250 2249
v 0.00166585887 -0.00252282553 0.00321144798
v 0.00195479824 -0.00244616003 0.00305070462
v 0.00147172013 -0.00189980528 0.00323758431
f 2251 2253 2252
v 0.00200157247 -0.00199735859 0.00288985102
v 0.00204959415 -0.00178143437 0.00273675396
v 0.00185877434 -0.00146022949 0.00277942927
f 2254 2256 2255
v 0.00214217253 -0.00252536101 0.00292165169
v 0.00189636739 -0.00207659668 0.00301704567
v 0.00195479824 -0.00244616003 0.00305070462
f 2257 2259 2258
v 0.00214217253 -0.00252536101 0.00292165169
v 0.00200157247 -0.00199735859 0.00288985102
v 0.00189636739 -0.00207659668 0.00301704567
f 2260 2262 2261
v 0.00204959415 -0.00178143437 0.00273675396
v 0.00201821185 -0.00128978154 0.00245000701
v 0.00185877434 -0.00146022949 0.00277942927
f 2263 2265 2264
v 0.00206659406 -0.00121586836 0.00232684524
v 0.00194485146 -0.00124874005 0.00222878643
v 0.00201821185 -0.00128978154 0.00245000701
f 2266 2268 2267
v 0.0018007453 -0.00126480672 0.00206152017
v 0.00161454373 -0.00129415275 0.00190755563
v 0.00177049606 -0.00140846687 0.00255821542
f 2269 2271 2270
v 0.00204959415 -0.00178143437 0.00273675396
v 0.00235872321 -0.00210609796 0.00245190604
v 0.0021358117 -0.00132201803 0.0021790087
f 2272 2274 2273
v 0.00289090094 -0.00409978056 0.00283148111
v 0.00285294736 -0.00362608589 0.00249628902
v 0.00261267724 -0.00354866534 0.0027971877
f 2275 2277 2276
v 0.00285294736 -0.00362608589 0.00249628902
v 0.00298558971 -0.00384045888 0.00218145124
v 0.00282869078 -0.00335152617 0.00229308589
f 2278 2280 2279
v 0.00285294736 -0.00362608589 0.00249628902
v 0.00282869078 -0.00335152617 0.00229308589
v 0.00268511703 -0.00342976491 0.00262977592
f 2281 2283 2282
v 0.00246022446 -0.00226146803 0.00234479085
v 0.00262542108 -0.00271652061 0.00232825605
v 0.00277500949 -0.00307570444 0.00210785856
f 2284 2286 2285
v 0.00274685099 -0.00311878903 0.00230137011
v 0.00282869078 -0.00335152617 0.00229308589
v 0.00277500949 -0.00307570444 0.00210785856
f 2287 2289 2288
v 0.00283244735 -0.00324790853 0.00157141421
v 0.00259373774 -0.00257512693 0.00150614051
v 0.00277500949 -0.00307570444 0.00210785856
f 2290 2292 2291
v 0.00246022446 -0.00226146803 0.00234479085
v 0.00277500949 -0.00307570444 0.00210785856
v 0.00247823245 -0.00217746056 0.00184934397
f 2293 2295 2294
v 0.00298558971 -0.00384045888 0.00218145124
v 0.00283244735 -0.00324790853 0.00157141421
v 0.00277500949 -0.00307570444 0.00210785856
f 2296 2298 2297
v 0.00295545233 -0.00388039443 0.00141147357
v 0.00283244735 -0.00324790853 0.00157141421
v 0.00298558971 -0.00384045888 0.00218145124
f 2299 2301 2300
v 0.00295545233 -0.00388039443 0.00141147357
v 0.00299111198 -0.00422524863 0.00120754485
v 0.00289427917 -0.00386196589 0.00112905373
f 2302 2304 2303
v 0.00204431217 -0.0013054012 0.00241158814
v 0.0021358117 -0.00132201803 0.0021790087
v 0.00209451482 -0.00124317467 0.00224969608
f 2305 2307 2306
v 0.0021358117 -0.00132201803 0.0021790087
v 0.00215082127 -0.00129949904 0.00208132642
v 0.0020889267 -0.00127484982 0.00214883221
f 2308 2310 2309
v 0.00175470104 -0.00127638714 0.00180298957
v 0.0018007453 -0.00126480672 0.00206152017
v 0.00200260674 -0.00129089585 0.0019356281
f 2311 2313 2312
v 0.00215607415 -0.00136695699 0.00182623717
v 0.00200260674 -0.00129089585 0.0019356281
v 0.00217021061 -0.00132304913 0.00199856386
f 2314 2316 2315
v 0.00221005394 -0.001333401 0.0017855933
v 0.00199254773 -0.00129345626 0.00169430677
v 0.00215607415 -0.00136695699 0.00182623717
f 2317 2319 2318
v 0.00201992862 -0.00132815276 0.00127251942
v 0.00158368202 -0.00128329921 0.00132472724
v 0.00199254773 -0.00129345626 0.00169430677
f 2320 2322 2321
v 0.00215074688 -0.00129292048 0.00148863655
v 0.00214498123 -0.0013085707 0.00144207479
v 0.0021241889 -0.00131127072 0.00148606614
f 2323 2325 2324
v 0.0021241889 -0.00131127072 0.00148606614
v 0.00201992862 -0.00132815276 0.00127251942
v 0.00218421173 -0.00130852304 0.0016905562
f 2326 2328 2327
v 0.0018690238 -0.00134164666 0.00114088416
v 0.00158368202 -0.00128329921 0.00132472724
v 0.00201992862 -0.00132815276 0.00127251942
f 2329 2331 2330
v 0.0018690238 -0.00134164666 0.00114088416
v 0.00162266679 -0.00137333882 0.000957981683
v 0.00158368202 -0.00128329921 0.00132472724
f 2332 2334 2333
v 0.00243093946 -0.00224617797 0.00120157638
v 0.00223699644 -0.00149991965 0.00149417838
v 0.00259373774 -0.00257512693 0.00150614051
f 2335 2337 2336
v 0.00243093946 -0.00224617797 0.00120157638
v 0.00222714807 -0.00171727606 0.00121443045
v 0.00223699644 -0.00149991965 0.00149417838
f 2338 2340 2339
v 0.00259373774 -0.00257512693 0.00150614051
v 0.00223699644 -0.00149991965 0.00149417838
v 0.0022328808 -0.00137703782 0.00171756728
f 2341 2343 2342
v 0.00243093946 -0.00224617797 0.00120157638
v 0.00217702109 -0.00208695219 0.00090962867
v 0.00223904099 -0.00193765627 0.00107876476
f 2344 2346 2345
v 0.00259373774 -0.00257512693 0.00150614051
v 0.00251518541 -0.00265583403 0.00109533466
v 0.00243093946 -0.00224617797 0.00120157638
f 2347 2349 2348
v 0.00243093946 -0.00224617797 0.00120157638
v 0.00244450184 -0.0025268946 0.00102182566
v 0.00217702109 -0.00208695219 0.00090962867
f 2350 2352 2351
v 0.00251518541 -0.00265583403 0.00109533466
v 0.00244450184 -0.0025268946 0.00102182566
v 0.00243093946 -0.00224617797 0.00120157638
f 2353 2355 2354
v 0.00195572793 -0.00133467383 0.00110926103
v 0.0018690238 -0.00134164666 0.00114088416
v 0.00200668183 -0.00130102617 0.0011907352
f 2356 2358 2357
v 0.00179891613 -0.00144251326 0.000926487974
v 0.00162266679 -0.00137333882 0.000957981683
v 0.0018690238 -0.00134164666 0.00114088416
f 2359 2361 2360
v 0.00179891613 -0.00144251326 0.000926487974
v 0.00195572793 -0.00133467383 0.00110926103
v 0.00206275854 -0.00156225087 0.00107818323
f 2362 2364 2363
v 0.00222714807 -0.00171727606 0.00121443045
v 0.00223904099 -0.00193765627 0.00107876476
v 0.00206275854 -0.00156225087 0.00107818323
f 2365 2367 2366
v 0.00223904099 -0.00193765627 0.00107876476
v 0.00217702109 -0.00208695219 0.00090962867
v 0.00206275854 -0.00156225087 0.00107818323
f 2368 2370 2369
v 0.00163883869 -0.00194325621 0.000605920286
v 0.00151769082 -0.00154071931 0.000654581072
v 0.0020223064 -0.00229061388 0.000689499848
f 2371 2373 2372
v 0.00277508188 -0.00310626092 0.0014612313
v 0.00267005089 -0.00315158104 0.00106709631
v 0.00251518541 -0.00265583403 0.00109533466
f 2374 2376 2375
v 0.00284090311 -0.00354230942 0.00119487649
v 0.00267005089 -0.00315158104 0.00106709631
v 0.00277508188 -0.00310626092 0.0014612313
f 2377 2379 2378
v 0.00255849118 -0.00307942792 0.000916481076
v 0.00236520846 -0.00270596829 0.000876299964
v 0.00251518541 -0.00265583403 0.00109533466
f 2380 2382 2381
v 0.00255849118 -0.00307942792 0.000916481076
v 0.00226603479 -0.002858691 0.000753553195
v 0.00236520846 -0.00270596829 0.000876299964
f 2383 2385 2384
v 0.00284090311 -0.00354230942 0.00119487649
v 0.00271015888 -0.00336801313 0.000995536902
v 0.00267005089 -0.00315158104 0.00106709631
f 2386 2388 2387
v 0.00262542108 -0.00271652061 0.00232825605
v 0.00246022446 -0.00226146803 0.00234479085
v 0.00245148822 -0.00248130746 0.00253470425
f 2389 2391 2390
v 0.00274685099 -0.00311878903 0.00230137011
v 0.00262542108 -0.00271652061 0.00232825605
v 0.00257348784 -0.00299169042 0.0026024074
f 2392 2394 2393
v 0.000692442291 -0.00283292138 0.000306559787
v -0.000201596481 -0.0040777828 0.000310108476
v 2.84118373e-07 -0.00327055241 0.000339937151
f 2395 2397 2396
v -0.000371584451 -0.0041718642 0.000337334927
v -0.000201596481 -0.0040777828 0.000310108476
v 0.000471179601 -0.00478683978 0.000185638999
f 2398 2400 2399
v 0.00143788775 -0.00403684899 0.000262148797
v 0.000495129552 -0.00409385611 0.0002847612
v -0.000201596481 -0.0040777828 0.000310108476
f 2401 2403 2402
v 0.00189082348 -0.00391058129 0.000294363849
v 0.00171028569 -0.0040963645 0.000270813734
v 0.00143788775 -0.00403684899 0.000262148797
f 2404 2406 2405
v 0.00283636673 -0.00370903654 0.00105604204
v 0.00289427917 -0.00386196589 0.00112905373
v 0.00288168467 -0.00429593492 0.000974518025
f 2407 2409 2408
v 0.00212908708 -0.00439756732 0.000412221334
v 0.00238871489 -0.00398611774 0.000521059656
v 0.00251491765 -0.00458208488 0.000643041949
f 2410 2412 2411
v 0.00225840522 -0.00456462112 0.000478341963
v 0.00212908708 -0.00439756732 0.000412221334
v 0.00251491765 -0.00458208488 0.000643041949
f 2413 2415 2414
v 0.00179475774 -0.00515668071 0.00010680418
v 0.000932728381 -0.00519923233 0.000103741365
v 0.00149223843 -0.00495030617 0.000114563613
f 2416 2418 2417
v 0.00179475774 -0.00515668071 0.00010680418
v 0.00183041502 -0.00571007004 0.000119982758
v 0.000932728381 -0.00519923233 0.000103741365
f 2419 2421 2420
v 0.00171028569 -0.0040963645 0.000270813734
v 0.00154532299 -0.00439133146 0.000209825203
v 0.00143788775 -0.00403684899 0.000262148797
f 2422 2424 2423
v 0.00184136861 -0.00442472592 0.000283343479
v 0.00205648557 -0.00403553313 0.000356658597
v 0.00212908708 -0.00439756732 0.000412221334
f 2425 2427 2426
v 0.00158010898 -0.0046396246 0.00016047419
v 0.00154532299 -0.00439133146 0.000209825203
v 0.00184136861 -0.00442472592 0.000283343479
f 2428 2430 2429
v 0.00154532299 -0.00439133146 0.000209825203
v 0.00171028569 -0.0040963645 0.000270813734
v 0.00184136861 -0.00442472592 0.000283343479
f 2431 2433 2432
v 0.00170220264 -0.00478992442 0.000151858728
v 0.00149223843 -0.00495030617 0.000114563613
v 0.00158010898 -0.0046396246 0.00016047419
f 2434 2436 2435
v 0.00193837204 -0.00504665586 0.000151657002
v 0.00179475774 -0.00515668071 0.00010680418
v 0.00170220264 -0.00478992442 0.000151858728
f 2437 2439 2438
v 0.00212908708 -0.00439756732 0.000412221334
v 0.00211708193 -0.00458791219 0.000386994043
v 0.00184136861 -0.00442472592 0.000283343479
f 2440 2442 2441
v 0.00211708193 -0.00458791219 0.000386994043
v 0.00170220264 -0.00478992442 0.000151858728
v 0.00184136861 -0.00442472592 0.000283343479
f 2443 2445 2444
v 0.00193837204 -0.00504665586 0.000151657002
v 0.00190188766 -0.00525211472 0.000119803587
v 0.00179475774 -0.00515668071 0.00010680418
f 2446 2448 2447
v 0.0020223064 -0.00229061388 0.000689499848
v 0.00177192105 -0.00273641854 0.000508322637
v 0.00163883869 -0.00194325621 0.000605920286
f 2449 2451 2450
v 0.0016109514 -0.0027673952 0.00044581916
v 0.0010618749 -0.00294715446 0.000286146178
v 0.00128365637 -0.00217898869 0.000426768065
f 2452 2454 2453
v 0.0010618749 -0.00294715446 0.000286146178
v 0.000692442291 -0.00283292138 0.000306559787
v 0.000878159426 -0.00252832688 0.000317682907
f 2455 2457 2456
v 0.00186032066 -0.00309537172 0.000416435932
v 0.0016109514 -0.0027673952 0.00044581916
v 0.00177192105 -0.00273641854 0.000508322637
f 2458 2460 2459
v 0.00226603479 -0.002858691 0.000753553195
v 0.00217654997 -0.0033319895 0.000472440979
v 0.00177192105 -0.00273641854 0.000508322637
f 2461 2463 2462
v 0.00186032066 -0.00309537172 0.000416435932
v 0.00177192105 -0.00273641854 0.000508322637
v 0.00217654997 -0.0033319895 0.000472440979
f 2464 2466 2465
v 0.00186032066 -0.00309537172 0.000416435932
v 0.00200570448 -0.00359691876 0.000316746514
v 0.00182869098 -0.00354850708 0.000282578958
f 2467 2469 2468
v 0.00186032066 -0.00309537172 0.000416435932
v 0.0010618749 -0.00294715446 0.000286146178
v 0.0016109514 -0.0027673952 0.00044581916
f 2470 2472 2471
v 0.00189082348 -0.00391058129 0.000294363849
v 0.00182869098 -0.00354850708 0.000282578958
v 0.00200570448 -0.00359691876 0.000316746514
f 2473 2475 2474
v 0.00205648557 -0.00403553313 0.000356658597
v 0.00200570448 -0.00359691876 0.000316746514
v 0.00224076975 -0.00368470428 0.000418100581
f 2476 2478 2477
v 0.00205648557 -0.00403553313 0.000356658597
v 0.00224076975 -0.00368470428 0.000418100581
v 0.00238609173 -0.00373425537 0.00051165166
f 2479 2481 2480
v 0.00288168467 -0.00429593492 0.000974518025
v 0.00261424157 -0.00347932255 0.000811355312
v 0.00283636673 -0.00370903654 0.00105604204
f 2482 2484 2483
v 0.00251836809 -0.00389600464 0.000630405157
v 0.00238609173 -0.00373425537 0.00051165166
v 0.00261424157 -0.00347932255 0.000811355312
f 2485 2487 2486
v 0.00251836809 -0.00389600464 0.000630405157
v 0.00261424157 -0.00347932255 0.000811355312
v 0.00288168467 -0.00429593492 0.000974518025
f 2488 2490 2489
v 0.00217654997 -0.0033319895 0.000472440979
v 0.00200570448 -0.00359691876 0.000316746514
v 0.00186032066 -0.00309537172 0.000416435932
f 2491 2493 2492
v 0.00154532299 -0.00439133146 0.000209825203
v 0.000495129552 -0.00409385611 0.0002847612
v 0.00143788775 -0.00403684899 0.000262148797
f 2494 2496 2495
v 0.00205648557 -0.00403553313 0.000356658597
v 0.00171028569 -0.0040963645 0.000270813734
v 0.00189082348 -0.00391058129 0.000294363849
f 2497 2499 2498
v 4.08169456e-05 -0.00317149788 0.00380774545
v 0.000269417683 -0.00289425134 0.00376501375
v 0.000155713099 -0.00293936064 0.00378738441
f 2500 2502 2501
v 0.00168480074 -0.00153381843 0.00291165306
v 0.00161394601 -0.00145589474 0.00272726793
v 0.00157316463 -0.0015519825 0.00305868452
f 2503 2505 2504
v 0.00179891613 -0.00144251326 0.000926487974
v 0.00151769082 -0.00154071931 0.000654581072
v 0.00164946741 -0.00139960066 0.000827683198
f 2506 2508 2507
v 0.00128365637 -0.00217898869 0.000426768065
v 0.00103307511 -0.00184568362 0.000358226907
v 0.00122136435 -0.00158209823 0.000485931787
f 2509 2511 2510
v -0.00127156673 -0.00588148723 0.00159217107
v -0.00131925799 -0.00618324339 0.00176949889
v -0.00125272572 -0.00591594908 0.00223718471
f 2512 2514 2513
v -0.00122204947 -0.00552495003 0.00156660262
v -0.00127156673 -0.00588148723 0.00159217107
v -0.00125272572 -0.00591594908 0.00223718471
f 2515 2517 2516
v -0.00120038212 -0.00548585194 0.00141045111
v -0.00116581996 -0.00565103001 0.00126367431
v -0.00122204947 -0.00552495003 0.00156660262
f 2518 2520 2519
v -0.00116581996 -0.00565103001 0.00126367431
v -0.0012321324 -0.00631119692 0.00123818791
v -0.00126664354 -0.00613804223 0.00137308625
f 2521 2523 2522
v -0.00126664354 -0.00613804223 0.00137308625
v -0.00129159207 -0.00638616693 0.00135524015
v -0.00136721901 -0.00646418266 0.00189634538
f 2524 2526 2525
v -0.00110868214 -0.00510463142 0.00103774537
v -0.00116581996 -0.00565103001 0.00126367431
v -0.00120038212 -0.00548585194 0.00141045111
f 2527 2529 2528
v -0.00109663388 -0.00529048375 0.00103924222
v -0.00116581996 -0.00565103001 0.00126367431
v -0.00110868214 -0.00510463142 0.00103774537
f 2530 2532 2531
v -0.000818383614 -0.00597962317 0.000608176651
v -0.0012321324 -0.00631119692 0.00123818791
v -0.00106012276 -0.0056375804 0.00105934178
f 2533 2535 2534
v -0.000818383614 -0.00597962317 0.000608176651
v -0.000769429425 -0.0062831823 0.00047837043
v -0.0012321324 -0.00631119692 0.00123818791
f 2536 2538 2537
v -0.0012321324 -0.00631119692 0.00123818791
v -0.000769429425 -0.0062831823 0.00047837043
v -0.00119507586 -0.00734068308 0.000971585087
f 2539 2541 2540
v -0.000679062759 -0.00638148631 0.000372821592
v -0.000531272644 -0.00682006503 0.000265215431
v -0.000719660375 -0.00714915368 0.000387960881
f 2542 2544 2543
v -0.00108930071 -0.00733322668 0.000792802894
v -0.00104474775 -0.00748035163 0.000700743612
v -0.00119507586 -0.00734068308 0.000971585087
f 2545 2547 2546
v -0.00094837178 -0.00704701306 0.000626511201
v -0.00104474775 -0.00748035163 0.000700743612
v -0.00108930071 -0.00733322668 0.000792802894
f 2548 2550 2549
v -0.000607149559 -0.00757682865 0.00031418283
v -0.000777132027 -0.00778759641 0.000391588128
v -0.000776048182 -0.00758495516 0.00044162216
f 2551 2553 2552
v -0.000924412325 -0.00832471633 0.000418792297
v -0.000777132027 -0.00778759641 0.000391588128
v -0.000607149559 -0.00757682865 0.00031418283
f 2554 2556 2555
v -0.000777132027 -0.00778759641 0.000391588128
v -0.000924412325 -0.00832471633 0.000418792297
v -0.00103081884 -0.00806004537 0.000496771008
f 2557 2559 2558
v -0.000218397031 -0.00748102902 0.000160315221
v -0.000924412325 -0.00832471633 0.000418792297
v -0.000607149559 -0.00757682865 0.00031418283
f 2560 2562 2561
v -0.000672596752 -0.00468492908 0.000572865611
v -0.000523294875 -0.00494213054 0.000478450011
v -0.00101376554 -0.00508677622 0.000863352307
f 2563 2565 2564
v -0.000523294875 -0.00494213054 0.000478450011
v -0.000786077271 -0.00543385722 0.000648903733
v -0.00101376554 -0.00508677622 0.000863352307
f 2566 2568 2567
v -0.000456910993 -0.00526964759 0.000396417863
v -0.000786077271 -0.00543385722 0.000648903733
v -0.000523294875 -0.00494213054 0.000478450011
f 2569 2571 2570
v -0.000491139826 -0.00568462856 0.000346346201
v -0.000734143941 -0.00582001194 0.000530709667
v -0.000786077271 -0.00543385722 0.000648903733
f 2572 2574 2573
v -0.000734143941 -0.00582001194 0.000530709667
v -0.000491139826 -0.00568462856 0.000346346201
v -0.000679062759 -0.00638148631 0.000372821592
f 2575 2577 2576
v -0.000233379433 -0.00473860564 0.000349812649
v -0.000523294875 -0.00494213054 0.000478450011
v -0.000672596752 -0.00468492908 0.000572865611
f 2578 2580 2579
v -0.000523294875 -0.00494213054 0.000478450011
v -0.000233379433 -0.00473860564 0.000349812649
v -0.000456910993 -0.00526964759 0.000396417863
f 2581 2583 2582
v -0.000166554162 -0.00531959813 0.000270415558
v -0.000456910993 -0.00526964759 0.000396417863
v -5.44139994e-05 -0.00464136974 0.000284737371
f 2584 2586 2585
v -0.000166554162 -0.00531959813 0.000270415558
v -0.000446069953 -0.00609773706 0.000259078706
v -0.000491139826 -0.00568462856 0.000346346201
f 2587 2589 2588
v -0.000679062759 -0.00638148631 0.000372821592
v -0.000446069953 -0.00609773706 0.000259078706
v -0.000458538943 -0.00639643258 0.000227454848
f 2590 2592 2591
v -0.000446069953 -0.00609773706 0.000259078706
v 0.000105579466 -0.00613514057 0.000109674545
v -0.000458538943 -0.00639643258 0.000227454848
f 2593 2595 2594
v -7.02628142e-05 -0.00680215162 8.04855858e-05
v -0.000458538943 -0.00639643258 0.000227454848
v 0.000105579466 -0.00613514057 0.000109674545
f 2596 2598 2597
v 0.000932728381 -0.00519923233 0.000103741365
v 0.000296147027 -0.00635187462 7.98032829e-05
v 0.000381741893 -0.00538252498 0.000134702566
f 2599 2601 2600
v 0.0010266961 -0.00735380891 7.18031799e-05
v 0.000246147715 -0.00718938609 6.20561252e-05
v 0.0011751481 -0.00588849471 9.2866162e-05
f 2602 2604 2603
v 0.00191165873 -0.00626235487 0.00361614402
v 0.00170589919 -0.00568322685 0.00373753719
v 0.00166158279 -0.00625417961 0.00370852176
f 2605 2607 2606
v 0.00215351538 -0.00580341693 0.00358266661
v 0.00170589919 -0.00568322685 0.00373753719
v 0.00191165873 -0.00626235487 0.00361614402
f 2608 2610 2609
v 0.00223766074 -0.00561186534 0.00354502081
v 0.0025318519 -0.00522312512 0.00332240961
v 0.00164484627 -0.0049995484 0.00367682587
f 2611 2613 2612
v 0.00276622995 -0.00582370158 0.00318526836
v 0.00272010839 -0.00558805223 0.00323147797
v 0.00215351538 -0.00580341693 0.00358266661
f 2614 2616 2615
v 0.00215351538 -0.00580341693 0.00358266661
v 0.00272010839 -0.00558805223 0.00323147797
v 0.00223766074 -0.00561186534 0.00354502081
f 2617 2619 2618
v 0.0028122613 -0.00612098302 0.00310354262
v 0.00276622995 -0.00582370158 0.00318526836
v 0.00245163701 -0.00612097137 0.00334148717
f 2620 2622 2621
v 0.00271277604 -0.00470847117 0.00324992398
v 0.00274523354 -0.00446089507 0.00318629645
v 0.00255776267 -0.00442089768 0.00330363873
f 2623 2625 2624
v 0.0026692016 -0.00501145369 0.00325379697
v 0.00283656373 -0.00469659462 0.00315084144
v 0.00271277604 -0.00470847117 0.00324992398
f 2626 2628 2627
v 0.00293366884 -0.00521629772 0.00299840067
v 0.00299991207 -0.00487174184 0.00292767363
v 0.00281631965 -0.0050226703 0.00313415003
f 2629 2631 2630
v 0.00271701756 -0.00524896241 0.00322549131
v 0.00282539131 -0.00555361039 0.00313643723
v 0.00293366884 -0.00521629772 0.00299840067
f 2632 2634 2633
v 0.00311527474 -0.00583787005 0.00263400325
v 0.00308457311 -0.00562521564 0.00268903495
v 0.00303424367 -0.00509235142 0.00285528986
f 2635 2637 2636
v 0.00293366884 -0.00521629772 0.00299840067
v 0.00282539131 -0.00555361039 0.00313643723
v 0.00303424367 -0.00509235142 0.00285528986
f 2638 2640 2639
v 0.00311527474 -0.00583787005 0.00263400325
v 0.00303424367 -0.00509235142 0.00285528986
v 0.00282539131 -0.00555361039 0.00313643723
f 2641 2643 2642
v 0.00294849015 -0.00454503679 0.00297610368
v 0.00299991207 -0.00487174184 0.00292767363
v 0.00305727444 -0.00494827109 0.00279344458
f 2644 2646 2645
v 0.00324495195 -0.00550264303 0.00211524384
v 0.0032017022 -0.00493852094 0.00196403344
v 0.00305727444 -0.00494827109 0.00279344458
f 2647 2649 2648
v 0.00271701756 -0.00524896241 0.00322549131
v 0.00281631965 -0.0050226703 0.00313415003
v 0.0026692016 -0.00501145369 0.00325379697
f 2650 2652 2651
v 0.00305727444 -0.00494827109 0.00279344458
v 0.00299991207 -0.00487174184 0.00292767363
v 0.00303424367 -0.00509235142 0.00285528986
f 2653 2655 2654
v 0.00311527474 -0.00583787005 0.00263400325
v 0.00284885009 -0.00576397033 0.00308901508
v 0.00294588608 -0.00614419114 0.00294546408
f 2656 2658 2657
v 0.00170589919 -0.00568322685 0.00373753719
v 0.00130479639 -0.00622759399 0.00376312128
v 0.00166158279 -0.00625417961 0.00370852176
f 2659 2661 2660
v 0.00191165873 -0.00626235487 0.00361614402
v 0.00228596527 -0.00675258925 0.00349646762
v 0.00214877764 -0.00623467276 0.00351457384
f 2662 2664 2663
v 0.00228596527 -0.00675258925 0.00349646762
v 0.0028122613 -0.00612098302 0.00310354262
v 0.00214877764 -0.00623467276 0.00351457384
f 2665 2667 2666
v 0.00232393959 -0.00693768816 0.00347953865
v 0.00228596527 -0.00675258925 0.00349646762
v 0.00210148974 -0.00691642417 0.00359497353
f 2668 2670 2669
v 0.00210148974 -0.00691642417 0.00359497353
v 0.00217132765 -0.00711851462 0.0035122157
v 0.00232393959 -0.00693768816 0.00347953865
f 2671 2673 2672
v 0.00232393959 -0.00693768816 0.00347953865
v 0.00285297338 -0.00692081449 0.00313398887
v 0.00228596527 -0.00675258925 0.00349646762
f 2674 2676 2675
v 0.00255746036 -0.00759394097 0.00317568156
v 0.00239972778 -0.00735913782 0.00330828843
v 0.00199383376 -0.00737067239 0.00352734205
f 2677 2679 2678
v 0.00276146875 -0.00755482906 0.00303860506
v 0.00303602683 -0.00724159763 0.00289945492
v 0.00290036205 -0.00710322565 0.00305843641
f 2680 2682 2681
v 0.00276146875 -0.00755482906 0.00303860506
v 0.00255746036 -0.00759394097 0.00317568156
v 0.00265261879 -0.00778058311 0.00310864161
f 2683 2685 2684
v 0.00285297338 -0.00692081449 0.00313398887
v 0.00288952415 -0.00663647515 0.00308816379
v 0.0028122613 -0.00612098302 0.00310354262
f 2686 2688 2687
v 0.00288952415 -0.00663647515 0.00308816379
v 0.00296304224 -0.00688891305 0.00302653607
v 0.00294588608 -0.00614419114 0.00294546408
f 2689 2691 2690
v 0.00300748598 -0.00768355676 0.00274268641
v 0.00313886194 -0.00759469913 0.00260369143
v 0.00303602683 -0.00724159763 0.00289945492
f 2692 2694 2693
v 0.00338302416 -0.0073284471 0.00233347964
v 0.00335928416 -0.00709573796 0.00246809304
v 0.00313886194 -0.00759469913 0.00260369143
f 2695 2697 2696
v 0.00290036205 -0.00710322565 0.00305843641
v 0.00296304224 -0.00688891305 0.00302653607
v 0.00285297338 -0.00692081449 0.00313398887
f 2698 2700 2699
v 0.00327199596 -0.00573224388 0.00212434716
v 0.00330340044 -0.00595115671 0.00193907472
v 0.00323526911 -0.00529491081 0.00196620349
f 2701 2703 2702
v 0.00327199596 -0.00573224388 0.00212434716
v 0.00323526911 -0.00529491081 0.00196620349
v 0.00324495195 -0.00550264303 0.00211524384
f 2704 2706 2705
v 0.00217208599 -0.00686276981 0.000226319617
v 0.0022700824 -0.00656804186 0.000293015978
v 0.00255741124 -0.00670737863 0.000460504589
f 2707 2709 2708
v 0.00311527474 -0.00583787005 0.00263400325
v 0.00294588608 -0.00614419114 0.00294546408
v 0.00327981616 -0.00648090499 0.00246313302
f 2710 2712 2711
v 0.00327981616 -0.00648090499 0.00246313302
v 0.0033566721 -0.00658688878 0.00230752739
v 0.00329831237 -0.00620555729 0.00233724968
f 2713 2715 2714
v 0.00294588608 -0.00614419114 0.00294546408
v 0.00329318646 -0.0069632224 0.00257953434
v 0.00327981616 -0.00648090499 0.00246313302
f 2716 2718 2717
v 0.00337430174 -0.00651630544 0.00205468623
v 0.00330703624 -0.00608208975 0.00217427769
v 0.0033566721 -0.00658688878 0.00230752739
f 2719 2721 2720
v 0.00341792911 -0.00695261479 0.00219323156
v 0.00337430174 -0.00651630544 0.00205468623
v 0.0033566721 -0.00658688878 0.00230752739
f 2722 2724 2723
v 0.00341792911 -0.00695261479 0.00219323156
v 0.0033566721 -0.00658688878 0.00230752739
v 0.00335928416 -0.00709573796 0.00246809304
f 2725 2727 2726
v 0.00311527474 -0.00583787005 0.00263400325
v 0.00327199596 -0.00573224388 0.00212434716
v 0.00324495195 -0.00550264303 0.00211524384
f 2728 2730 2729
v 0.00327623347 -0.00579730986 0.00176131271
v 0.00323526911 -0.00529491081 0.00196620349
v 0.00330340044 -0.00595115671 0.00193907472
f 2731 2733 2732
v 0.00320728141 -0.00700590608 0.00129990167
v 0.00311126569 -0.00645785185 0.00111594609
v 0.00330848561 -0.00610236857 0.00183040429
f 2734 2736 2735
v 0.00311126569 -0.00645785185 0.00111594609
v 0.00327623347 -0.00579730986 0.00176131271
v 0.00330848561 -0.00610236857 0.00183040429
f 2737 2739 2738
v 0.00329831237 -0.00620555729 0.00233724968
v 0.00327199596 -0.00573224388 0.00212434716
v 0.00311527474 -0.00583787005 0.00263400325
f 2740 2742 2741
v 0.00335968507 -0.00654724499 0.00195156917
v 0.00320728141 -0.00700590608 0.00129990167
v 0.00330848561 -0.00610236857 0.00183040429
f 2743 2745 2744
v 0.00285483511 -0.00800935886 0.00104761775
v 0.00283878671 -0.00761132396 0.000852982703
v 0.00306503352 -0.00770341503 0.0011920707
f 2746 2748 2747
v 0.00316517835 -0.0070902046 0.00120307068
v 0.0030129806 -0.0061919076 0.000934659965
v 0.00311126569 -0.00645785185 0.00111594609
f 2749 2751 2750
v 0.00277660147 -0.00669955625 0.00063503312
v 0.0028543338 -0.00640304643 0.000712287147
v 0.00292403129 -0.00696557618 0.000808526147
f 2752 2754 2753
v 0.00316517835 -0.0070902046 0.00120307068
v 0.00292403129 -0.00696557618 0.000808526147
v 0.0030129806 -0.0061919076 0.000934659965
f 2755 2757 2756
v 0.00256506901 -0.00736194488 0.000546633419
v 0.00237276436 -0.00716777431 0.000353250539
v 0.00279379929 -0.00734553832 0.0007259217
f 2758 2760 2759
v 0.00290549942 -0.0073378782 0.000846446892
v 0.00279379929 -0.00734553832 0.0007259217
v 0.00292403129 -0.00696557618 0.000808526147
f 2761 2763 2762
v 0.00237276436 -0.00716777431 0.000353250539
v 0.00255741124 -0.00670737863 0.000460504589
v 0.00279379929 -0.00734553832 0.0007259217
f 2764 2766 2765
v 0.00279379929 -0.00734553832 0.0007259217
v 0.00255741124 -0.00670737863 0.000460504589
v 0.00277660147 -0.00669955625 0.00063503312
f 2767 2769 2768
v 0.00290549942 -0.0073378782 0.000846446892
v 0.00292403129 -0.00696557618 0.000808526147
v 0.00316517835 -0.0070902046 0.00120307068
f 2770 2772 2771
v 0.00290549942 -0.0073378782 0.000846446892
v 0.00316517835 -0.0070902046 0.00120307068
v 0.00306503352 -0.00770341503 0.0011920707
f 2773 2775 2774
v 0.00304806181 -0.00807515098 0.00240418958
v 0.00300748598 -0.00768355676 0.00274268641
v 0.00288976298 -0.0080801663 0.00266807128
f 2776 2778 2777
v 0.00259480621 -0.00834974635 0.00307043119
v 0.00301953296 -0.00859173742 0.00228932113
v 0.00288976298 -0.0080801663 0.00266807128
f 2779 2781 2780
v 0.00300373995 -0.00945735228 0.00190089668
v 0.00304975765 -0.00862976158 0.00213974636
v 0.00299880903 -0.00918410078 0.00217337238
f 2782 2784 2783
v 0.00304975765 -0.00862976158 0.00213974636
v 0.00300373995 -0.00945735228 0.00190089668
v 0.00302600201 -0.00909774462 0.00189018501
f 2785 2787 2786
v 0.00321154002 -0.00795346496 0.00199445276
v 0.003357276 -0.00754260473 0.00202226256
v 0.00335794248 -0.00753545391 0.00221841256
f 2788 2790 2789
v 0.00321154002 -0.00795346496 0.00199445276
v 0.00318041275 -0.00802122886 0.00209324171
v 0.00315608704 -0.00821581052 0.00201235925
f 2791 2793 2792
v 0.00302600201 -0.00909774462 0.00189018501
v 0.00301154414 -0.00896926067 0.00174700344
v 0.00306294314 -0.00859772845 0.00188603353
f 2794 2796 2795
v 0.00315608704 -0.00821581052 0.00201235925
v 0.00300347401 -0.008543898 0.00159627871
v 0.00304849691 -0.00823717201 0.00158854054
f 2797 2799 2798
v 0.00294720776 -0.00929938687 0.00163114655
v 0.00298071536 -0.00831414363 0.00146353505
v 0.00300347401 -0.008543898 0.00159627871
f 2800 2802 2801
v 0.00294720776 -0.00929938687 0.00163114655
v 0.00300347401 -0.008543898 0.00159627871
v 0.00301154414 -0.00896926067 0.00174700344
f 2803 2805 2804
v 0.00301953296 -0.00859173742 0.00228932113
v 0.00304975765 -0.00862976158 0.00213974636
v 0.00315608704 -0.00821581052 0.00201235925
f 2806 2808 2807
v 0.00342979474 -0.00727938459 0.0021785796
v 0.00335794248 -0.00753545391 0.00221841256
v 0.003357276 -0.00754260473 0.00202226256
f 2809 2811 2810
v 0.00327472153 -0.00764433571 0.00171338761
v 0.00333979478 -0.00739138995 0.00169792784
v 0.003357276 -0.00754260473 0.00202226256
f 2812 2814 2813
v 0.00304849691 -0.00823717201 0.00158854054
v 0.00333979478 -0.00739138995 0.00169792784
v 0.00327472153 -0.00764433571 0.00171338761
f 2815 2817 2816
v 0.00298071536 -0.00831414363 0.00146353505
v 0.00306503352 -0.00770341503 0.0011920707
v 0.00304849691 -0.00823717201 0.00158854054
f 2818 2820 2819
v 0.00304849691 -0.00823717201 0.00158854054
v 0.00306503352 -0.00770341503 0.0011920707
v 0.00333979478 -0.00739138995 0.00169792784
f 2821 2823 2822
v 0.00288976298 -0.0080801663 0.00266807128
v 0.0026982867 -0.00802529466 0.00301075652
v 0.00259480621 -0.00834974635 0.00307043119
f 2824 2826 2825
v 0.00312658158 -0.0047065223 0.0014140267
v 0.00295545233 -0.00388039443 0.00141147357
v 0.00298558971 -0.00384045888 0.00218145124
f 2827 2829 2828
v 0.00323526911 -0.00529491081 0.00196620349
v 0.00316388105 -0.00501898867 0.00140505499
v 0.0032017022 -0.00493852094 0.00196403344
f 2830 2832 2831
v 0.00323236382 -0.00553858117 0.00161436164
v 0.00316388105 -0.00501898867 0.00140505499
v 0.00323526911 -0.00529491081 0.00196620349
f 2833 2835 2834
v 0.00327623347 -0.00579730986 0.00176131271
v 0.00323236382 -0.00553858117 0.00161436164
v 0.00323526911 -0.00529491081 0.00196620349
f 2836 2838 2837
v 0.00313261407 -0.00520878602 0.00126207806
v 0.00316388105 -0.00501898867 0.00140505499
v 0.00323236382 -0.00553858117 0.00161436164
f 2839 2841 2840
v 0.00316388105 -0.00501898867 0.00140505499
v 0.00312658158 -0.0047065223 0.0014140267
v 0.0032017022 -0.00493852094 0.00196403344
f 2842 2844 2843
v 0.00313261407 -0.00520878602 0.00126207806
v 0.00301136733 -0.00474826084 0.00107149062
v 0.00316388105 -0.00501898867 0.00140505499
f 2845 2847 2846
v 0.00316388105 -0.00501898867 0.00140505499
v 0.00301136733 -0.00474826084 0.00107149062
v 0.00311795884 -0.0047952657 0.00131001962
f 2848 2850 2849
v 0.00298198247 -0.00565236878 0.000900180476
v 0.00293024077 -0.00487799043 0.000920040566
v 0.00301136733 -0.00474826084 0.00107149062
f 2851 2853 2852
v 0.00288168467 -0.00429593492 0.000974518025
v 0.00305508365 -0.0044214692 0.00128724032
v 0.00301136733 -0.00474826084 0.00107149062
f 2854 2856 2855
v 0.00305508365 -0.0044214692 0.00128724032
v 0.00288168467 -0.00429593492 0.000974518025
v 0.00299111198 -0.00422524863 0.00120754485
f 2857 2859 2858
v 0.002704295 -0.00516075888 0.000611250653
v 0.00232294042 -0.00518261149 0.000307961886
v 0.00251491765 -0.00458208488 0.000643041949
f 2860 2862 2861
v 0.002704295 -0.00516075888 0.000611250653
v 0.00251491765 -0.00458208488 0.000643041949
v 0.0027552147 -0.00465574813 0.000803578496
f 2863 2865 2864
v 0.00232294042 -0.00518261149 0.000307961886
v 0.00225840522 -0.00456462112 0.000478341963
v 0.00251491765 -0.00458208488 0.000643041949
f 2866 2868 2867
v 0.002704295 -0.00516075888 0.000611250653
v 0.0027552147 -0.00465574813 0.000803578496
v 0.00293024077 -0.00487799043 0.000920040566
f 2869 2871 2870
v 0.00289825821 -0.00461993914 0.000941820053
v 0.0027552147 -0.00465574813 0.000803578496
v 0.00251836809 -0.00389600464 0.000630405157
f 2872 2874 2873
v 0.00293024077 -0.00487799043 0.000920040566
v 0.00289825821 -0.00461993914 0.000941820053
v 0.00301136733 -0.00474826084 0.00107149062
f 2875 2877 2876
v 0.00231148188 -0.00555755214 0.000273449814
v 0.00234204508 -0.00543475362 0.000283978488
v 0.00267555315 -0.00603380431 0.000522219625
f 2878 2880 2879
v 0.00168985207 -0.00631940493 9.90380045e-05
v 0.00177069396 -0.00600010608 0.000112545092
v 0.0022700824 -0.00656804186 0.000293015978
f 2881 2883 2882
v 0.00177069396 -0.00600010608 0.000112545092
v 0.00231790837 -0.00574935802 0.000283996678
v 0.00233442479 -0.00599705563 0.00030397448
f 2884 2886 2885
v 0.00190188766 -0.00525211472 0.000119803587
v 0.00231148188 -0.00555755214 0.000273449814
v 0.00183041502 -0.00571007004 0.000119982758
f 2887 2889 2888
v 0.00298198247 -0.00565236878 0.000900180476
v 0.00302777662 -0.00577592946 0.000992300374
v 0.0030129806 -0.0061919076 0.000934659965
f 2890 2892 2891
v 0.0028543338 -0.00640304643 0.000712287147
v 0.00270391683 -0.00631098301 0.000547470654
v 0.00267555315 -0.00603380431 0.000522219625
f 2893 2895 2894
v 0.0028543338 -0.00640304643 0.000712287147
v 0.00267555315 -0.00603380431 0.000522219625
v 0.00272800553 -0.0057262172 0.000576866478
f 2896 2898 2897
v 0.00238003795 -0.00628606867 0.000338151835
v 0.00267555315 -0.00603380431 0.000522219625
v 0.00270391683 -0.00631098301 0.000547470654
f 2899 2901 2900
v 0.00255741124 -0.00670737863 0.000460504589
v 0.00238003795 -0.00628606867 0.000338151835
v 0.00270391683 -0.00631098301 0.000547470654
f 2902 2904 2903
v 0.00234204508 -0.00543475362 0.000283978488
v 0.00193837204 -0.00504665586 0.000151657002
v 0.00232294042 -0.00518261149 0.000307961886
f 2905 2907 2906
v 0.00273112091 -0.00538122731 0.000587532941
v 0.00234204508 -0.00543475362 0.000283978488
v 0.00232294042 -0.00518261149 0.000307961886
f 2908 2910 2909
v 0.00273112091 -0.00538122731 0.000587532941
v 0.00232294042 -0.00518261149 0.000307961886
v 0.002704295 -0.00516075888 0.000611250653
f 2911 2913 2912
v 0.00234204508 -0.00543475362 0.000283978488
v 0.00273112091 -0.00538122731 0.000587532941
v 0.00267555315 -0.00603380431 0.000522219625
f 2914 2916 2915
v 0.00231790837 -0.00574935802 0.000283996678
v 0.00231148188 -0.00555755214 0.000273449814
v 0.00267555315 -0.00603380431 0.000522219625
f 2917 2919 2918
v 0.00233442479 -0.00599705563 0.00030397448
v 0.00231790837 -0.00574935802 0.000283996678
v 0.00267555315 -0.00603380431 0.000522219625
f 2920 2922 2921
v 0.00238003795 -0.00628606867 0.000338151835
v 0.00233442479 -0.00599705563 0.00030397448
v 0.00267555315 -0.00603380431 0.000522219625
f 2923 2925 2924
v 0.00231148188 -0.00555755214 0.000273449814
v 0.00190188766 -0.00525211472 0.000119803587
v 0.00234204508 -0.00543475362 0.000283978488
f 2926 2928 2927
v 0.00311126569 -0.00645785185 0.00111594609
v 0.0030129806 -0.0061919076 0.000934659965
v 0.00302777662 -0.00577592946 0.000992300374
f 2929 2931 2930
v 0.00277660147 -0.00669955625 0.00063503312
v 0.00270391683 -0.00631098301 0.000547470654
v 0.0028543338 -0.00640304643 0.000712287147
f 2932 2934 2933
v 0.00302334447 -0.00402855985 0.00220496586
v 0.0029737128 -0.00415818504 0.00264935352
v 0.00297806546 -0.00440304066 0.00284167891
f 2935 2937 2936
v 0.00312658158 -0.0047065223 0.0014140267
v 0.00305508365 -0.0044214692 0.00128724032
v 0.00295545233 -0.00388039443 0.00141147357
f 2938 2940 2939
v 0.00305508365 -0.0044214692 0.00128724032
v 0.00299111198 -0.00422524863 0.00120754485
v 0.00295545233 -0.00388039443 0.00141147357
f 2941 2943 2942
v 9.3660401e-05 -0.0087255612 0.000123612563
v 0.000173419676 -0.00903113105 0.000115166267
v -0.000843811995 -0.00846884941 0.000392877064
f 2944 2946 2945
v 9.25455026e-05 -0.00824491945 0.000119384129
v 9.3660401e-05 -0.0087255612 0.000123612563
v -0.000218397031 -0.00748102902 0.000160315221
f 2947 2949 2948
v 9.25455026e-05 -0.00824491945 0.000119384129
v 8.57758323e-05 -0.00758172027 9.83240511e-05
v 0.000246147715 -0.00718938609 6.20561252e-05
f 2950 2952 2951
v 0.00207425073 -0.00866505216 0.000341367627
v 0.00243094873 -0.00900556115 0.000744702766
v 0.00202336214 -0.00906032365 0.000410886969
f 2953 2955 2954
v 0.000122538006 -0.0097695658 0.000194304675
v 0.000247350067 -0.00954691641 0.00024787355
v 0.000569351823 -0.00977698219 0.000340048859
f 2956 2958 2957
v 0.000886019916 -0.00934676355 0.000150578728
v 0.000538155291 -0.00956082658 0.00026450748
v 0.000537382857 -0.00930903188 0.000153776693
f 2959 2961 2960
v 0.000886019916 -0.00934676355 0.000150578728
v 0.000537382857 -0.00930903188 0.000153776693
v 0.000173419676 -0.00903113105 0.000115166267
f 2962 2964 2963
v 0.000538155291 -0.00956082658 0.00026450748
v 0.000211581346 -0.00945266947 0.000222420795
v 0.000537382857 -0.00930903188 0.000153776693
f 2965 2967 2966
v 0.00115589573 -0.00992572241 0.000429978354
v 0.000715280066 -0.00976784795 0.000361204434
v 0.000538155291 -0.00956082658 0.00026450748
f 2968 2970 2969
v 0.00138906353 -0.009766515 0.000354627514
v 0.00115589573 -0.00992572241 0.000429978354
v 0.0013918916 -0.00966210864 0.000291948777
f 2971 2973 2972
v 0.00126175764 -0.00937778022 0.000143309319
v 0.000173419676 -0.00903113105 0.000115166267
v 0.000882731365 -0.00892832977 9.0432917e-05
f 2974 2976 2975
v 0.00126175764 -0.00937778022 0.000143309319
v 0.000886019916 -0.00934676355 0.000150578728
v 0.000173419676 -0.00903113105 0.000115166267
f 2977 2979 2978
v 0.00138140385 -0.00946646105 0.000201293415
v 0.00163219247 -0.00932827679 0.000272851184
v 0.00170421481 -0.00953318377 0.000388056924
f 2980 2982 2981
v 0.00157512331 -0.00885406844 0.000149411483
v 0.00175959158 -0.00863611349 0.000185278316
v 0.00207425073 -0.00866505216 0.000341367627
f 2983 2985 2984
v 0.00192014668 -0.00910900271 0.000356209489
v 0.00157512331 -0.00885406844 0.000149411483
v 0.00207425073 -0.00866505216 0.000341367627
f 2986 2988 2987
v 0.00140581051 -0.00921766114 0.000145051365
v 0.00138140385 -0.00946646105 0.000201293415
v 0.00126175764 -0.00937778022 0.000143309319
f 2989 2991 2990
v 0.00140581051 -0.00921766114 0.000145051365
v 0.00126175764 -0.00937778022 0.000143309319
v 0.000882731365 -0.00892832977 9.0432917e-05
f 2992 2994 2993
v 0.000944346084 -0.00748802559 7.53998734e-05
v 0.000246147715 -0.00718938609 6.20561252e-05
v 0.0010266961 -0.00735380891 7.18031799e-05
f 2995 2997 2996
v 0.00158146686 -0.00770692786 0.000129838224
v 0.0013484384 -0.0077474906 0.000120453331
v 0.00149686221 -0.0074562864 6.0636944e-05
f 2998 3000 2999
v 0.00159006286 -0.00663699175 8.00995906e-05
v 0.0010266961 -0.00735380891 7.18031799e-05
v 0.0011751481 -0.00588849471 9.2866162e-05
f 3001 3003 3002
v 0.00178262908 -0.00667090935 0.000106837467
v 0.00159006286 -0.00663699175 8.00995906e-05
v 0.00168985207 -0.00631940493 9.90380045e-05
f 3004 3006 3005
v 0.00194020595 -0.00710189124 0.000113834756
v 0.00170436761 -0.00703731203 5.17972012e-05
v 0.00178262908 -0.00667090935 0.000106837467
f 3007 3009 3008
v 0.00155067955 -0.00726694998 3.69529772e-05
v 0.0010266961 -0.00735380891 7.18031799e-05
v 0.00159006286 -0.00663699175 8.00995906e-05
f 3010 3012 3011
v 0.00170436761 -0.00703731203 5.17972012e-05
v 0.00155067955 -0.00726694998 3.69529772e-05
v 0.00159006286 -0.00663699175 8.00995906e-05
f 3013 3015 3014
v 0.00173056778 -0.00732487533 6.75296405e-05
v 0.00149686221 -0.0074562864 6.0636944e-05
v 0.00155067955 -0.00726694998 3.69529772e-05
f 3016 3018 3017
v 0.00173056778 -0.00732487533 6.75296405e-05
v 0.00155067955 -0.00726694998 3.69529772e-05
v 0.00170436761 -0.00703731203 5.17972012e-05
f 3019 3021 3020
v 9.25455026e-05 -0.00824491945 0.000119384129
v 0.000246147715 -0.00718938609 6.20561252e-05
v 0.000944346084 -0.00748802559 7.53998734e-05
f 3022 3024 3023
v 0.00207785415 -0.007696588 0.000351386439
v 0.00158146686 -0.00770692786 0.000129838224
v 0.00171014381 -0.00752991182 0.000119591311
f 3025 3027 3026
v 0.00158146686 -0.00770692786 0.000129838224
v 0.00207785415 -0.007696588 0.000351386439
v 0.00172692926 -0.00792661012 0.000242035867
f 3028 3030 3029
v 0.00243956965 -0.00834785824 0.000667536597
v 0.00199094848 -0.00803473667 0.00035300734
v 0.00254956649 -0.00806709868 0.000766126595
f 3031 3033 3032
v 0.00207785415 -0.007696588 0.000351386439
v 0.00232112889 -0.00735339927 0.000368078213
v 0.00232366383 -0.00794923617 0.000592539664
f 3034 3036 3035
v 0.00199094848 -0.00803473667 0.00035300734
v 0.00232366383 -0.00794923617 0.000592539664
v 0.00254956649 -0.00806709868 0.000766126595
f 3037 3039 3038
v 0.00193542837 -0.00836578765 0.000275980574
v 0.00199094848 -0.00803473667 0.00035300734
v 0.00210387989 -0.00842926092 0.000374533079
f 3040 3042 3041
v 0.00199094848 -0.00803473667 0.00035300734
v 0.00243956965 -0.00834785824 0.000667536597
v 0.00210387989 -0.00842926092 0.000374533079
f 3043 3045 3044
v 0.00207425073 -0.00866505216 0.000341367627
v 0.00210387989 -0.00842926092 0.000374533079
v 0.00246238033 -0.00853107267 0.000687148031
f 3046 3048 3047
v 0.00214154679 -0.00712563924 0.000212774876
v 0.00173056778 -0.00732487533 6.75296405e-05
v 0.00194020595 -0.00710189124 0.000113834756
f 3049 3051 3050
v 0.00199094848 -0.00803473667 0.00035300734
v 0.00201611783 -0.00790518388 0.000367684584
v 0.00232366383 -0.00794923617 0.000592539664
f 3052 3054 3053
v 0.00150246378 -0.00814754603 0.00013334942
v 0.001648344 -0.00829847995 0.000162928382
v 0.00166720693 -0.00858839921 0.000145954675
f 3055 3057 3056
v 0.00156108636 -0.00789508267 0.000168677298
v 0.00150246378 -0.00814754603 0.00013334942
v 0.000944346084 -0.00748802559 7.53998734e-05
f 3058 3060 3059
v 0.000211581346 -0.00945266947 0.000222420795
v -1.71855405e-05 -0.00945604552 0.000216555645
v -1.65095585e-05 -0.00930553942 0.000214968759
f 3061 3063 3062
v 0.000882731365 -0.00892832977 9.0432917e-05
v 0.000944346084 -0.00748802559 7.53998734e-05
v 0.00150246378 -0.00814754603 0.00013334942
f 3064 3066 3065
v 0.00175959158 -0.00863611349 0.000185278316
v 0.00166720693 -0.00858839921 0.000145954675
v 0.00193542837 -0.00836578765 0.000275980574
f 3067 3069 3068
v 0.00294827587 -0.00973080969 0.00216669887
v 0.00298026862 -0.00971588015 0.00188530648
v 0.00300373995 -0.00945735228 0.00190089668
f 3070 3072 3071
v 0.00276845385 -0.00995266819 0.00155292018
v 0.00285439073 -0.00989225664 0.00163848854
v 0.00268966705 -0.0100492529 0.00154014106
f 3073 3075 3074
v 0.00300373995 -0.00945735228 0.00190089668
v 0.00294720776 -0.00929938687 0.00163114655
v 0.00302600201 -0.00909774462 0.00189018501
f 3076 3078 3077
v 0.00285439073 -0.00989225664 0.00163848854
v 0.00276845385 -0.00995266819 0.00155292018
v 0.0025653515 -0.00931062314 0.00102687718
f 3079 3081 3080
v 0.00292887617 -0.00977596283 0.00172462678
v 0.00285439073 -0.00989225664 0.00163848854
v 0.00255906125 -0.0089263478 0.000864425692
f 3082 3084 3083
v 0.00292887617 -0.00977596283 0.00172462678
v 0.00293225639 -0.00987349049 0.00199033057
v 0.00285356073 -0.00998893956 0.00176170615
f 3085 3087 3086
v 0.00250364883 -0.00997366369 0.00130620301
v 0.00203311065 -0.0100373058 0.000933307183
v 0.00219081012 -0.00983230857 0.000928398458
f 3088 3090 3089
v 0.00276845385 -0.00995266819 0.00155292018
v 0.00268966705 -0.0100492529 0.00154014106
v 0.00250364883 -0.00997366369 0.00130620301
f 3091 3093 3092
v 0.00250364883 -0.00997366369 0.00130620301
v 0.00219081012 -0.00983230857 0.000928398458
v 0.00276845385 -0.00995266819 0.00155292018
f 3094 3096 3095
v 0.00292887617 -0.00977596283 0.00172462678
v 0.00255906125 -0.0089263478 0.000864425692
v 0.00294720776 -0.00929938687 0.00163114655
f 3097 3099 3098
v 0.0028277309 -0.00822719376 0.00111489144
v 0.00294720776 -0.00929938687 0.00163114655
v 0.00255906125 -0.0089263478 0.000864425692
f 3100 3102 3101
v 0.00243094873 -0.00900556115 0.000744702766
v 0.00255906125 -0.0089263478 0.000864425692
v 0.0025653515 -0.00931062314 0.00102687718
f 3103 3105 3104
v 0.00243094873 -0.00900556115 0.000744702766
v 0.00219081012 -0.00983230857 0.000928398458
v 0.00202336214 -0.00906032365 0.000410886969
f 3106 3108 3107
v 0.00246238033 -0.00853107267 0.000687148031
v 0.00243094873 -0.00900556115 0.000744702766
v 0.00207425073 -0.00866505216 0.000341367627
f 3109 3111 3110
v 0.00243094873 -0.00900556115 0.000744702766
v 0.00246238033 -0.00853107267 0.000687148031
v 0.00255906125 -0.0089263478 0.000864425692
f 3112 3114 3113
v 0.00178922219 -0.00976070223 0.000578210484
v 0.00203311065 -0.0100373058 0.000933307183
v 0.00173846656 -0.00997329844 0.000688241244
f 3115 3117 3116
v 0.00203311065 -0.0100373058 0.000933307183
v 0.00177096863 -0.0101777485 0.000875592923
v 0.00173846656 -0.00997329844 0.000688241244
f 3118 3120 3119
v 0.00173846656 -0.00997329844 0.000688241244
v 0.0015229034 -0.00976213705 0.000414337774
v 0.00178922219 -0.00976070223 0.000578210484
f 3121 3123 3122
v 0.00170421481 -0.00953318377 0.000388056924
v 0.00178922219 -0.00976070223 0.000578210484
v 0.0015229034 -0.00976213705 0.000414337774
f 3124 3126 3125
v 0.0015229034 -0.00976213705 0.000414337774
v 0.0014097961 -0.0101647754 0.000691341438
v 0.00138906353 -0.009766515 0.000354627514
f 3127 3129 3128
v 0.00239020301 -0.0101218611 0.00133378853
v 0.00194977329 -0.0101851874 0.0010144875
v 0.00203311065 -0.0100373058 0.000933307183
f 3130 3132 3131
v 0.00182428685 -0.00933450719 0.000381504924
v 0.00202336214 -0.00906032365 0.000410886969
v 0.00219081012 -0.00983230857 0.000928398458
f 3133 3135 3134
v 0.00192014668 -0.00910900271 0.000356209489
v 0.00202336214 -0.00906032365 0.000410886969
v 0.00182428685 -0.00933450719 0.000381504924
f 3136 3138 3137
v 0.0014097961 -0.0101647754 0.000691341438
v 0.0015229034 -0.00976213705 0.000414337774
v 0.00173846656 -0.00997329844 0.000688241244
f 3139 3141 3140
v 0.00270897017 -0.00821627618 0.000945475858
v 0.0028277309 -0.00822719376 0.00111489144
v 0.00262953199 -0.00863461537 0.000900811574
f 3142 3144 3143
v 0.00246238033 -0.00853107267 0.000687148031
v 0.00270897017 -0.00821627618 0.000945475858
v 0.00262953199 -0.00863461537 0.000900811574
f 3145 3147 3146
v 0.00168985207 -0.00631940493 9.90380045e-05
v 0.0011751481 -0.00588849471 9.2866162e-05
v 0.00177069396 -0.00600010608 0.000112545092
f 3148 3150 3149
v -0.000933525462 -0.00457546303 0.00321121152
v -0.00103023485 -0.00498809059 0.00309687057
v -0.000985760016 -0.00501504146 0.00319141363
f 3151 3153 3152
v -0.00125272572 -0.00591594908 0.00223718471
v -0.00131925799 -0.00618324339 0.00176949889
v -0.00125424431 -0.00603725348 0.00225695949
f 3154 3156 3155
v -0.00129159207 -0.00638616693 0.00135524015
v -0.00132570676 -0.00671209345 0.00137810321
v -0.0014035224 -0.00675599949 0.00173035478
f 3157 3159 3158
v -0.00103081884 -0.00806004537 0.000496771008
v -0.000924412325 -0.00832471633 0.000418792297
v -0.00123995269 -0.0083029634 0.000533615093
f 3160 3162 3161
v 0.0014097961 -0.0101647754 0.000691341438
v 0.000965376785 -0.0103130064 0.000703717751
v 0.00115589573 -0.00992572241 0.000429978354
f 3163 3165 3164
v -0.000252644759 -0.00634781682 0.00372705981
v -4.80993435e-05 -0.00767867314 0.0037537131
v 0.00130479639 -0.00622759399 0.00376312128
f 3166 3168 3167
v 0.00223766074 -0.00561186534 0.00354502081
v 0.00164484627 -0.0049995484 0.00367682587
v 0.0016617214 -0.00531775004 0.0037221489
f 3169 3171 3170
v -0.00196139099 -0.00963406783 0.00348103895
v -0.00161671524 -0.00961089754 0.0035834837
v -0.00199973201 -0.00942883707 0.00357961726
f 3172 3174 3173
v -0.00155931521 -0.00951847396 0.00184621586
v -0.00164021585 -0.00932602488 0.00208283618
v -0.0016582906 -0.00917831494 0.00196531255
f 3175 3177 3176
v -0.00106667903 -0.00913585172 0.000474011995
v -0.00136561475 -0.0086241751 0.000516305408
v -0.000843811995 -0.00846884941 0.000392877064
f 3178 3180 3179
v 0.000274873901 -0.00980258919 0.0035782894
v 0.000666845426 -0.00970577385 0.00354639888
v 0.000337330539 -0.00931663744 0.00371650276
f 3181 3183 3182
v 0.00196209294 -0.010097614 0.00325470755
v 0.00179541621 -0.0102251455 0.00332396194
v 0.00177918882 -0.0103158927 0.00325390101
f 3184 3186 3185
v 0.000471179601 -0.00478683978 0.000185638999
v 0.000381741893 -0.00538252498 0.000134702566
v -5.44139994e-05 -0.00464136974 0.000284737371
f 3187 3189 3188
v 0.000932728381 -0.00519923233 0.000103741365
v 0.000381741893 -0.00538252498 0.000134702566
v 0.000471179601 -0.00478683978 0.000185638999
f 3190 3192 3191
v 0.00283878671 -0.00761132396 0.000852982703
v 0.00285483511 -0.00800935886 0.00104761775
v 0.00254956649 -0.00806709868 0.000766126595
f 3193 3195 3194
v -0.000502906141 -0.00752921333 0.00368532092
v -0.00107592559 -0.00780662813 0.00334138422
v -0.000584921327 -0.00859599968 0.00362747196
f 3196 3198 3197
v -0.00121622033 -0.00730865504 0.0031480864
v -0.00128534739 -0.00733897177 0.00304111963
v -0.00130805038 -0.00755489164 0.00305668109
f 3199 3201 3200
v -0.000955838914 -0.00717615912 0.00340153711
v -0.00117129021 -0.00779296533 0.0032590975
v -0.00107592559 -0.00780662813 0.00334138422
f 3202 3204 3203
v -0.00118811049 -0.00685752093 0.00306993861
v -0.00121622033 -0.00730865504 0.0031480864
v -0.000955838914 -0.00717615912 0.00340153711
f 3205 3207 3206
v -0.00133071144 -0.00707751678 0.00285701644
v -0.00128534739 -0.00733897177 0.00304111963
v -0.00121622033 -0.00730865504 0.0031480864
f 3208 3210 3209
v -0.000527538396 -0.00713689587 0.00367413413
v -0.000286300201 -0.00678967554 0.00372958566
v -0.000484174188 -0.00680099693 0.00367892062
f 3211 3213 3212
v -0.000286300201 -0.00678967554 0.00372958566
v -0.000527538396 -0.00713689587 0.00367413413
v -0.000392647962 -0.00761324845 0.0037164853
f 3214 3216 3215
v -0.00107592559 -0.00780662813 0.00334138422
v -0.00117129021 -0.00779296533 0.0032590975
v -0.00115974062 -0.00805760938 0.00331404663
f 3217 3219 3218
v -0.000464378127 -0.0057730711 0.00365981577
v -0.000325268297 -0.00595626152 0.00370284142
v -0.0003424341 -0.00555318184 0.00368236906
f 3220 3222 3221
v -0.000523208155 -0.00465325938 0.00353206524
v -0.000520096819 -0.0044015731 0.00349839829
v -0.000713238887 -0.00514111198 0.00349392467
f 3223 3225 3224
v -0.000523208155 -0.00465325938 0.00353206524
v -0.000458839077 -0.00521652109 0.0036373156
v -0.000183978068 -0.00473768159 0.00364772895
f 3226 3228 3227
v -0.000713238887 -0.00514111198 0.00349392467
v -0.000991932575 -0.0053293883 0.00317343402
v -0.000787360204 -0.00572143581 0.00341039959
f 3229 3231 3230
v -0.00109234215 -0.00455528316 0.00294178153
v -0.00117006803 -0.00491207866 0.00264537048
v -0.00103023485 -0.00498809059 0.00309687057
f 3232 3234 3233
v -0.000713238887 -0.00514111198 0.00349392467
v -0.000933525462 -0.00457546303 0.00321121152
v -0.000985760016 -0.00501504146 0.00319141363
f 3235 3237 3236
v -0.000713238887 -0.00514111198 0.00349392467
v -0.000985760016 -0.00501504146 0.00319141363
v -0.000991932575 -0.0053293883 0.00317343402
f 3238 3240 3239
v -0.000492054824 -0.00547860436 0.00364674015
v -0.0003424341 -0.00555318184 0.00368236906
v -0.000458839077 -0.00521652109 0.0036373156
f 3241 3243 3242
v -0.0003424341 -0.00555318184 0.00368236906
v -0.000183978068 -0.00473768159 0.00364772895
v -0.000458839077 -0.00521652109 0.0036373156
f 3244 3246 3245
v -0.0003424341 -0.00555318184 0.00368236906
v 0.00109023595 -0.00489047015 0.00372618597
v -0.000183978068 -0.00473768159 0.00364772895
f 3247 3249 3248
v -0.000492054824 -0.00547860436 0.00364674015
v -0.000464378127 -0.0057730711 0.00365981577
v -0.0003424341 -0.00555318184 0.00368236906
f 3250 3252 3251
v -0.000991932575 -0.0053293883 0.00317343402
v -0.000794684274 -0.00619115817 0.00339339022
v -0.000787360204 -0.00572143581 0.00341039959
f 3253 3255 3254
v -0.00100337738 -0.00616611142 0.00310283467
v -0.000794684274 -0.00619115817 0.00339339022
v -0.000991932575 -0.0053293883 0.00317343402
f 3256 3258 3257
v -0.00100337738 -0.00616611142 0.00310283467
v -0.00102830863 -0.00644456813 0.00316076075
v -0.000794684274 -0.00619115817 0.00339339022
f 3259 3261 3260
v -0.00102830863 -0.00644456813 0.00316076075
v -0.00100337738 -0.00616611142 0.00310283467
v -0.0011250333 -0.00624276799 0.00284724701
f 3262 3264 3263
v -0.00132022014 -0.00683439794 0.00275635957
v -0.00136022891 -0.00691448004 0.00263268957
v -0.00133071144 -0.00707751678 0.00285701644
f 3265 3267 3266
v -0.00119866636 -0.00672680035 0.00299385392
v -0.00132022014 -0.00683439794 0.00275635957
v -0.00133071144 -0.00707751678 0.00285701644
f 3268 3270 3269
v -0.0011879788 -0.00621704967 0.00262296708
v -0.00121654548 -0.00646109256 0.00274541999
v -0.0011250333 -0.00624276799 0.00284724701
f 3271 3273 3272
v -0.0011250333 -0.00624276799 0.00284724701
v -0.00121654548 -0.00646109256 0.00274541999
v -0.00132022014 -0.00683439794 0.00275635957
f 3274 3276 3275
v -0.00117025111 -0.0054837943 0.00278788975
v -0.00100337738 -0.00616611142 0.00310283467
v -0.000991932575 -0.0053293883 0.00317343402
f 3277 3279 3278
v -0.00117025111 -0.0054837943 0.00278788975
v -0.00115928906 -0.0057883004 0.00278405641
v -0.00100337738 -0.00616611142 0.00310283467
f 3280 3282 3281
v -0.00103023485 -0.00498809059 0.00309687057
v -0.00117006803 -0.00491207866 0.00264537048
v -0.00117025111 -0.0054837943 0.00278788975
f 3283 3285 3284
v -0.000991932575 -0.0053293883 0.00317343402
v -0.000985760016 -0.00501504146 0.00319141363
v -0.00103023485 -0.00498809059 0.00309687057
f 3286 3288 3287
v -0.00125424431 -0.00603725348 0.00225695949
v -0.0011879788 -0.00621704967 0.00262296708
v -0.00115928906 -0.0057883004 0.00278405641
f 3289 3291 3290
v -0.00121654548 -0.00646109256 0.00274541999
v -0.00136721901 -0.00646418266 0.00189634538
v -0.00136392509 -0.00669934307 0.00224815813
f 3292 3294 3293
v -0.00115928906 -0.0057883004 0.00278405641
v -0.0011879788 -0.00621704967 0.00262296708
v -0.0011250333 -0.00624276799 0.00284724701
f 3295 3297 3296
v -0.000252644759 -0.00634781682 0.00372705981
v -0.000484174188 -0.00680099693 0.00367892062
v -0.000286300201 -0.00678967554 0.00372958566
f 3298 3300 3299
v -0.000464378127 -0.0057730711 0.00365981577
v -0.000421345294 -0.00625844332 0.00367965185
v -0.000325268297 -0.00595626152 0.00370284142
f 3301 3303 3302
v -0.000252644759 -0.00634781682 0.00372705981
v -0.000325268297 -0.00595626152 0.00370284142
v -0.000421345294 -0.00625844332 0.00367965185
f 3304 3306 3305
v -0.000464378127 -0.0057730711 0.00365981577
v -0.000564441552 -0.00576724888 0.00359520709
v -0.000629213855 -0.00632719675 0.00355706507
f 3307 3309 3308
v -0.000325268297 -0.00595626152 0.00370284142
v -0.000252644759 -0.00634781682 0.00372705981
v 0.00109023595 -0.00489047015 0.00372618597
f 3310 3312 3311
v -0.000629213855 -0.00632719675 0.00355706507
v -0.000794684274 -0.00619115817 0.00339339022
v -0.000736254196 -0.00675160773 0.00351954841
f 3313 3315 3314
v -0.000421345294 -0.00625844332 0.00367965185
v -0.000736254196 -0.00675160773 0.00351954841
v -0.000484174188 -0.00680099693 0.00367892062
f 3316 3318 3317
v -0.000564441552 -0.00576724888 0.00359520709
v -0.000794684274 -0.00619115817 0.00339339022
v -0.000629213855 -0.00632719675 0.00355706507
f 3319 3321 3320
v -0.00207003104 -0.00955702926 0.003452897
v -0.00199973201 -0.00942883707 0.00357961726
v -0.00218174901 -0.00930580791 0.0034540255
f 3322 3324 3323
v -0.00196139099 -0.00963406783 0.00348103895
v -0.00199973201 -0.00942883707 0.00357961726
v -0.00207003104 -0.00955702926 0.003452897
f 3325 3327 3326
v -0.00207834837 -0.00927518631 0.00357374738
v -0.00202180872 -0.00914908014 0.00361022503
v -0.00207529865 -0.00911836905 0.00357832214
f 3328 3330 3329
v -0.00207834837 -0.00927518631 0.00357374738
v -0.00218174901 -0.00930580791 0.0034540255
v -0.00199973201 -0.00942883707 0.00357961726
f 3331 3333 3332
v -0.00202180872 -0.00914908014 0.00361022503
v -0.00207834837 -0.00927518631 0.00357374738
v -0.00199973201 -0.00942883707 0.00357961726
f 3334 3336 3335
v -0.00222661911 -0.00908005022 0.0033079039
v -0.00218654441 -0.00889752919 0.00314648787
v -0.00225384538 -0.00912971445 0.00322887317
f 3337 3339 3338
v -0.00199469923 -0.00883769026 0.00343002212
v -0.00176824178 -0.00843620364 0.00315688303
v -0.0019860805 -0.00869125579 0.00323817512
f 3340 3342 3341
v -0.00199469923 -0.00883769026 0.00343002212
v -0.0019860805 -0.00869125579 0.00323817512
v -0.00214190895 -0.00894915574 0.00338825848
f 3343 3345 3344
v -0.00199469923 -0.00883769026 0.00343002212
v -0.00183979573 -0.00866752162 0.00335759687
v -0.00176824178 -0.00843620364 0.00315688303
f 3346 3348 3347
v -0.00210733961 -0.00879229483 0.00320023973
v -0.00214190895 -0.00894915574 0.00338825848
v -0.0019860805 -0.00869125579 0.00323817512
f 3349 3351 3350
v -0.00210733961 -0.00879229483 0.00320023973
v -0.00187254536 -0.00846581897 0.00282973888
v -0.00193766282 -0.00858330604 0.00273216629
f 3352 3354 3353
v -0.00218654441 -0.00889752919 0.00314648787
v -0.00193766282 -0.00858330604 0.00273216629
v -0.00215420532 -0.00895297489 0.0029222274
f 3355 3357 3356
v -0.00214190895 -0.00894915574 0.00338825848
v -0.00210733961 -0.00879229483 0.00320023973
v -0.00218654441 -0.00889752919 0.00314648787
f 3358 3360 3359
v -0.00172038599 -0.00879954823 0.00349318107
v -0.00146823731 -0.00886002017 0.00353235846
v -0.00134573302 -0.00859696956 0.00340439256
f 3361 3363 3362
v -0.00146823731 -0.00886002017 0.00353235846
v -0.0015709853 -0.00914867051 0.00363462568
v -0.00112519747 -0.00893331817 0.00352818861
f 3364 3366 3365
v -0.00207529865 -0.00911836905 0.00357832214
v -0.00192998959 -0.00895670164 0.00357627396
v -0.00199469923 -0.00883769026 0.00343002212
f 3367 3369 3368
v -0.00214190895 -0.00894915574 0.00338825848
v -0.00207529865 -0.00911836905 0.00357832214
v -0.00199469923 -0.00883769026 0.00343002212
f 3370 3372 3371
v -0.00192998959 -0.00895670164 0.00357627396
v -0.00207529865 -0.00911836905 0.00357832214
v -0.00202180872 -0.00914908014 0.00361022503
f 3373 3375 3374
v -0.00202180872 -0.00914908014 0.00361022503
v -0.00180189072 -0.00922038962 0.00366530476
v -0.00192998959 -0.00895670164 0.00357627396
f 3376 3378 3377
v -0.00214190895 -0.00894915574 0.00338825848
v -0.00222661911 -0.00908005022 0.0033079039
v -0.00207529865 -0.00911836905 0.00357832214
f 3379 3381 3380
v -0.00222661911 -0.00908005022 0.0033079039
v -0.00218174901 -0.00930580791 0.0034540255
v -0.00207529865 -0.00911836905 0.00357832214
f 3382 3384 3383
v -0.00183979573 -0.00866752162 0.00335759687
v -0.00199469923 -0.00883769026 0.00343002212
v -0.00192998959 -0.00895670164 0.00357627396
f 3385 3387 3386
v -0.00207003104 -0.00955702926 0.003452897
v -0.00210086127 -0.00968212771 0.00315654361
v -0.00196139099 -0.00963406783 0.00348103895
f 3388 3390 3389
v -0.00210086127 -0.00968212771 0.00315654361
v -0.0018973109 -0.00988314787 0.00314953977
v -0.00196139099 -0.00963406783 0.00348103895
f 3391 3393 3392
v -0.00226872016 -0.00937097866 0.00323750028
v -0.00214506599 -0.00958225937 0.00321745429
v -0.00207003104 -0.00955702926 0.003452897
f 3394 3396 3395
v -0.00219286921 -0.00946687214 0.00307360824
v -0.00226872016 -0.00937097866 0.00323750028
v -0.00221959435 -0.00925259083 0.00307418049
f 3397 3399 3398
v -0.00214837837 -0.0095876363 0.0030867468
v -0.00210086127 -0.00968212771 0.00315654361
v -0.00214506599 -0.00958225937 0.00321745429
f 3400 3402 3401
v -0.00214344745 -0.00940949612 0.00290424869
v -0.00208246092 -0.00956346994 0.00283904155
v -0.00214837837 -0.0095876363 0.0030867468
f 3403 3405 3404
v -0.00202148167 -0.00935347343 0.00265547042
v -0.00208246092 -0.00956346994 0.00283904155
v -0.00214344745 -0.00940949612 0.00290424869
f 3406 3408 3407
v -0.00202148167 -0.00935347343 0.00265547042
v -0.00197936715 -0.00963648417 0.0027609869
v -0.00208246092 -0.00956346994 0.00283904155
f 3409 3411 3410
v -0.00221959435 -0.00925259083 0.00307418049
v -0.00215420532 -0.00895297489 0.0029222274
v -0.00214344745 -0.00940949612 0.00290424869
f 3412 3414 3413
v -0.0018973109 -0.00988314787 0.00314953977
v -0.00210086127 -0.00968212771 0.00315654361
v -0.00200962149 -0.00976043448 0.00298285158
f 3415 3417 3416
v -0.00215420532 -0.00895297489 0.0029222274
v -0.00221959435 -0.00925259083 0.00307418049
v -0.00225384538 -0.00912971445 0.00322887317
f 3418 3420 3419
v -0.00146774473 -0.0079692225 0.00306920738
v -0.00156911465 -0.00808216937 0.00304441237
v -0.00156065817 -0.00834091697 0.00323281311
f 3421 3423 3422
v -0.00165172878 -0.00838864435 0.00322653541
v -0.00156911465 -0.00808216937 0.00304441237
v -0.00176824178 -0.00843620364 0.00315688303
f 3424 3426 3425
v -0.00179164017 -0.00836853651 0.00296973358
v -0.00187254536 -0.00846581897 0.00282973888
v -0.0019860805 -0.00869125579 0.00323817512
f 3427 3429 3428
v -0.00179164017 -0.00836853651 0.00296973358
v -0.00151290114 -0.00792135907 0.00276720421
v -0.00165830115 -0.00814537561 0.00274209306
f 3430 3432 3431
v -0.00118278704 -0.00822628572 0.00334212091
v -0.00156065817 -0.00834091697 0.00323281311
v -0.00134573302 -0.00859696956 0.00340439256
f 3433 3435 3434
v -0.00134573302 -0.00859696956 0.00340439256
v -0.00104943283 -0.00875106489 0.00348230205
v -0.00118278704 -0.00822628572 0.00334212091
f 3436 3438 3437
v -0.00118278704 -0.00822628572 0.00334212091
v -0.00115974062 -0.00805760938 0.00331404663
v -0.00128941938 -0.00802724753 0.00322967753
f 3439 3441 3440
v -0.000584921327 -0.00859599968 0.00362747196
v -0.00115974062 -0.00805760938 0.00331404663
v -0.00118278704 -0.00822628572 0.00334212091
f 3442 3444 3443
v -0.00130805038 -0.00755489164 0.00305668109
v -0.00140814509 -0.00773572756 0.00285479382
v -0.00134889842 -0.00778132817 0.00305808389
f 3445 3447 3446
v -0.00117129021 -0.00779296533 0.0032590975
v -0.00121622033 -0.00730865504 0.0031480864
v -0.00134889842 -0.00778132817 0.00305808389
f 3448 3450 3449
v -0.00140814509 -0.00773572756 0.00285479382
v -0.00147495693 -0.00782441493 0.00265326889
v -0.00151290114 -0.00792135907 0.00276720421
f 3451 3453 3452
v -0.00146774473 -0.0079692225 0.00306920738
v -0.00140814509 -0.00773572756 0.00285479382
v -0.00151290114 -0.00792135907 0.00276720421
f 3454 3456 3455
v -0.00137033576 -0.00742768461 0.00274147351
v -0.00137589477 -0.00743156925 0.00248780725
v -0.00140570737 -0.00759251852 0.0026461732
f 3457 3459 3458
v -0.00140814509 -0.00773572756 0.00285479382
v -0.00140570737 -0.00759251852 0.0026461732
v -0.00147495693 -0.00782441493 0.00265326889
f 3460 3462 3461
v -0.00151290114 -0.00792135907 0.00276720421
v -0.00156339629 -0.00810137935 0.00227121509
v -0.00165830115 -0.00814537561 0.00274209306
f 3463 3465 3464
v -0.00140570737 -0.00759251852 0.0026461732
v -0.00154637582 -0.00806977841 0.00194505665
v -0.00147495693 -0.00782441493 0.00265326889
f 3466 3468 3467
v -0.00156339629 -0.00810137935 0.00227121509
v -0.00163599252 -0.00836229301 0.00213282801
v -0.00161702246 -0.00822579968 0.00226077536
f 3469 3471 3470
v -0.00151290114 -0.00792135907 0.00276720421
v -0.00147495693 -0.00782441493 0.00265326889
v -0.00156339629 -0.00810137935 0.00227121509
f 3472 3474 3473
v -0.00165830115 -0.00814537561 0.00274209306
v -0.00161702246 -0.00822579968 0.00226077536
v -0.00193766282 -0.00858330604 0.00273216629
f 3475 3477 3476
v -0.00128941938 -0.00802724753 0.00322967753
v -0.00146774473 -0.0079692225 0.00306920738
v -0.00156065817 -0.00834091697 0.00323281311
f 3478 3480 3479
v -0.00176824178 -0.00843620364 0.00315688303
v -0.00156911465 -0.00808216937 0.00304441237
v -0.00179164017 -0.00836853651 0.00296973358
f 3481 3483 3482
v -0.00215420532 -0.00895297489 0.0029222274
v -0.00176612502 -0.0087853201 0.00232972434
v -0.00202148167 -0.00935347343 0.00265547042
f 3484 3486 3485
v -0.00176612502 -0.0087853201 0.00232972434
v -0.00175123023 -0.00919199374 0.00228391946
v -0.00202148167 -0.00935347343 0.00265547042
f 3487 3489 3488
v -0.00176612502 -0.0087853201 0.00232972434
v -0.00169850628 -0.00891203017 0.00211598781
v -0.00170593503 -0.00909486189 0.00216734861
f 3490 3492 3491
v -0.00163599252 -0.00836229301 0.00213282801
v -0.00166850768 -0.00851876175 0.00212891318
v -0.00169379528 -0.00846895491 0.00226235916
f 3493 3495 3494
v -0.00163599252 -0.00836229301 0.00213282801
v -0.00154637582 -0.00806977841 0.00194505665
v -0.00163129298 -0.00821885915 0.001768318
f 3496 3498 3497
v -0.00165620695 -0.00842482041 0.00196076671
v -0.00163129298 -0.00821885915 0.001768318
v -0.00169685936 -0.00842313239 0.00179419312
f 3499 3501 3500
v -0.00169685936 -0.00842313239 0.00179419312
v -0.00207424437 -0.0088424662 0.00105682457
v -0.00211227507 -0.00901427484 0.00118285061
f 3502 3504 3503
v -0.00166850768 -0.00851876175 0.00212891318
v -0.00170578769 -0.00869992218 0.00205728356
v -0.00172414566 -0.00870552904 0.00224377582
f 3505 3507 3506
v -0.00170578769 -0.00869992218 0.00205728356
v -0.00169807154 -0.00894903424 0.00194980912
v -0.00169850628 -0.00891203017 0.00211598781
f 3508 3510 3509
v -0.00178559076 -0.00878471837 0.00173987191
v -0.00169807154 -0.00894903424 0.00194980912
v -0.00170578769 -0.00869992218 0.00205728356
f 3511 3513 3512
v -0.00171940937 -0.00857354025 0.00180514253
v -0.00178559076 -0.00878471837 0.00173987191
v -0.00165620695 -0.00842482041 0.00196076671
f 3514 3516 3515
v -0.00166850768 -0.00851876175 0.00212891318
v -0.00165620695 -0.00842482041 0.00196076671
v -0.00170578769 -0.00869992218 0.00205728356
f 3517 3519 3518
v -0.00177386737 -0.00890776573 0.00176674148
v -0.00192556236 -0.00907192152 0.00147869159
v -0.00203658565 -0.00931443428 0.00121452995
f 3520 3522 3521
v -0.00164984212 -0.00925156055 0.00183603061
v -0.00171909469 -0.00932670446 0.00159139563
v -0.00159910105 -0.00948808083 0.00169113955
f 3523 3525 3524
v -0.00170568055 -0.00913359108 0.00176722933
v -0.00171909469 -0.00932670446 0.00159139563
v -0.00164984212 -0.00925156055 0.00183603061
f 3526 3528 3527
v -0.00170568055 -0.00913359108 0.00176722933
v -0.00177386737 -0.00890776573 0.00176674148
v -0.00171909469 -0.00932670446 0.00159139563
f 3529 3531 3530
v -0.0015788406 -0.00958192031 0.00158886996
v -0.00181544656 -0.00937637014 0.00140676384
v -0.00179341532 -0.00953245981 0.0012176677
f 3532 3534 3533
v -0.00171909469 -0.00932670446 0.00159139563
v -0.00181544656 -0.00937637014 0.00140676384
v -0.0015788406 -0.00958192031 0.00158886996
f 3535 3537 3536
v -0.00171940937 -0.00857354025 0.00180514253
v -0.00211227507 -0.00901427484 0.00118285061
v -0.00178559076 -0.00878471837 0.00173987191
f 3538 3540 3539
v -0.00178559076 -0.00878471837 0.00173987191
v -0.00208125603 -0.00907643043 0.0012507071
v -0.00192556236 -0.00907192152 0.00147869159
f 3541 3543 3542
v -0.00208125603 -0.00907643043 0.0012507071
v -0.00203658565 -0.00931443428 0.00121452995
v -0.00192556236 -0.00907192152 0.00147869159
f 3544 3546 3545
v -0.00177386737 -0.00890776573 0.00176674148
v -0.00178559076 -0.00878471837 0.00173987191
v -0.00192556236 -0.00907192152 0.00147869159
f 3547 3549 3548
v -0.00181544656 -0.00937637014 0.00140676384
v -0.00171909469 -0.00932670446 0.00159139563
v -0.00177386737 -0.00890776573 0.00176674148
f 3550 3552 3551
v -0.00169379528 -0.00846895491 0.00226235916
v -0.00172414566 -0.00870552904 0.00224377582
v -0.00176612502 -0.0087853201 0.00232972434
f 3553 3555 3554
v -0.00176612502 -0.0087853201 0.00232972434
v -0.00172414566 -0.00870552904 0.00224377582
v -0.00169850628 -0.00891203017 0.00211598781
f 3556 3558 3557
v -0.00136022891 -0.00691448004 0.00263268957
v -0.00140938928 -0.00696445277 0.00191007239
v -0.00139022286 -0.00719422242 0.00226493903
f 3559 3561 3560
v -0.00136721901 -0.00646418266 0.00189634538
v -0.00129159207 -0.00638616693 0.00135524015
v -0.0014035224 -0.00675599949 0.00173035478
f 3562 3564 3563
v -0.00139701633 -0.00696319694 0.00163910972
v -0.00134610264 -0.00742493357 0.00192261869
v -0.00140938928 -0.00696445277 0.00191007239
f 3565 3567 3566
v -0.00139701633 -0.00696319694 0.00163910972
v -0.00134025249 -0.00728657105 0.00151807963
v -0.00134610264 -0.00742493357 0.00192261869
f 3568 3570 3569
v -0.00134025249 -0.00728657105 0.00151807963
v -0.00139701633 -0.00696319694 0.00163910972
v -0.00127369331 -0.00732189947 0.00119986835
f 3571 3573 3572
v -0.0014035224 -0.00675599949 0.00173035478
v -0.00132570676 -0.00671209345 0.00137810321
v -0.00139701633 -0.00696319694 0.00163910972
f 3574 3576 3575
v -0.00137033576 -0.00742768461 0.00274147351
v -0.00139022286 -0.00719422242 0.00226493903
v -0.00137589477 -0.00743156925 0.00248780725
f 3577 3579 3578
v -0.00139022286 -0.00719422242 0.00226493903
v -0.00134610264 -0.00742493357 0.00192261869
v -0.00137589477 -0.00743156925 0.00248780725
f 3580 3582 3581
v -0.00140570737 -0.00759251852 0.0026461732
v -0.00143016105 -0.00782980569 0.00137153565
v -0.00154637582 -0.00806977841 0.00194505665
f 3583 3585 3584
v -0.00133660124 -0.00757417802 0.0013068453
v -0.00143016105 -0.00782980569 0.00137153565
v -0.00140570737 -0.00759251852 0.0026461732
f 3586 3588 3587
v -0.00140938928 -0.00696445277 0.00191007239
v -0.00134610264 -0.00742493357 0.00192261869
v -0.00139022286 -0.00719422242 0.00226493903
f 3589 3591 3590
v -0.00127369331 -0.00732189947 0.00119986835
v -0.00133660124 -0.00757417802 0.0013068453
v -0.00132506257 -0.00743643031 0.00152263492
f 3592 3594 3593
v -0.00132570676 -0.00671209345 0.00137810321
v -0.00119507586 -0.00734068308 0.000971585087
v -0.00127369331 -0.00732189947 0.00119986835
f 3595 3597 3596
v -0.00163129298 -0.00821885915 0.001768318
v -0.00143016105 -0.00782980569 0.00137153565
v -0.00167679555 -0.0082237726 0.00119866181
f 3598 3600 3599
v -0.00207424437 -0.0088424662 0.00105682457
v -0.00163129298 -0.00821885915 0.001768318
v -0.00194601143 -0.00863216628 0.00106440557
f 3601 3603 3602
v -0.00183598786 -0.00849471398 0.000983542577
v -0.00187373571 -0.00869194555 0.000827596705
v -0.00194601143 -0.00863216628 0.00106440557
f 3604 3606 3605
v -0.00167679555 -0.0082237726 0.00119866181
v -0.00183598786 -0.00849471398 0.000983542577
v -0.00194601143 -0.00863216628 0.00106440557
f 3607 3609 3608
v -0.00161718963 -0.00839156201 0.000760054581
v -0.00165576748 -0.00873662648 0.000615492308
v -0.00187373571 -0.00869194555 0.000827596705
f 3610 3612 3611
v -0.00149433035 -0.00796542008 0.00119233609
v -0.00136639801 -0.00779362308 0.00113054566
v -0.00135037808 -0.00792584469 0.000895815629
f 3613 3615 3614
v -0.00127369331 -0.00732189947 0.00119986835
v -0.00125577862 -0.00754789289 0.000958906094
v -0.00133660124 -0.00757417802 0.0013068453
f 3616 3618 3617
v -0.00125577862 -0.00754789289 0.000958906094
v -0.00124993594 -0.00778054018 0.000834817911
v -0.00136639801 -0.00779362308 0.00113054566
f 3619 3621 3620
v -0.00124993594 -0.00778054018 0.000834817911
v -0.00135037808 -0.00792584469 0.000895815629
v -0.00136639801 -0.00779362308 0.00113054566
f 3622 3624 3623
v -0.00135037808 -0.00792584469 0.000895815629
v -0.00124993594 -0.00778054018 0.000834817911
v -0.0012595051 -0.00799747286 0.000710214545
f 3625 3627 3626
v -0.00143016105 -0.00782980569 0.00137153565
v -0.00136639801 -0.00779362308 0.00113054566
v -0.00149433035 -0.00796542008 0.00119233609
f 3628 3630 3629
v -0.00156305796 -0.00817809996 0.000904497483
v -0.0012595051 -0.00799747286 0.000710214545
v -0.00161718963 -0.00839156201 0.000760054581
f 3631 3633 3632
v -0.00161718963 -0.00839156201 0.000760054581
v -0.00123995269 -0.0083029634 0.000533615093
v -0.00165576748 -0.00873662648 0.000615492308
f 3634 3636 3635
v -0.00165576748 -0.00873662648 0.000615492308
v -0.00123995269 -0.0083029634 0.000533615093
v -0.00132789446 -0.00847121992 0.000527863449
f 3637 3639 3638
v -0.0012595051 -0.00799747286 0.000710214545
v -0.00123995269 -0.0083029634 0.000533615093
v -0.00161718963 -0.00839156201 0.000760054581
f 3640 3642 3641
v -0.0012595051 -0.00799747286 0.000710214545
v -0.00118943835 -0.00778723188 0.000744415638
v -0.00103081884 -0.00806004537 0.000496771008
f 3643 3645 3644
v -0.00123995269 -0.0083029634 0.000533615093
v -0.000924412325 -0.00832471633 0.000418792297
v -0.00132789446 -0.00847121992 0.000527863449
f 3646 3648 3647
v -0.000924412325 -0.00832471633 0.000418792297
v -0.00136561475 -0.0086241751 0.000516305408
v -0.00132789446 -0.00847121992 0.000527863449
f 3649 3651 3650
v -0.00149433035 -0.00796542008 0.00119233609
v -0.00156305796 -0.00817809996 0.000904497483
v -0.00167679555 -0.0082237726 0.00119866181
f 3652 3654 3653
v -0.00163129298 -0.00821885915 0.001768318
v -0.00207424437 -0.0088424662 0.00105682457
v -0.00169685936 -0.00842313239 0.00179419312
f 3655 3657 3656
v -0.00210441049 -0.00895272533 0.000953817835
v -0.00214579031 -0.00906747737 0.000977531454
v -0.00211227507 -0.00901427484 0.00118285061
f 3658 3660 3659
v -0.00193509313 -0.00942258266 0.00120847053
v -0.00179341532 -0.00953245981 0.0012176677
v -0.00181544656 -0.00937637014 0.00140676384
f 3661 3663 3662
v -0.00211227507 -0.00901427484 0.00118285061
v -0.00212732939 -0.00922302352 0.00112668777
v -0.00208125603 -0.00907643043 0.0012507071
f 3664 3666 3665
v -0.00209789559 -0.00937619843 0.00103890152
v -0.00203658565 -0.00931443428 0.00121452995
v -0.00212732939 -0.00922302352 0.00112668777
f 3667 3669 3668
v -0.00214579031 -0.00906747737 0.000977531454
v -0.00206760742 -0.00897633363 0.00084983767
v -0.00213793737 -0.00919273225 0.000957941302
f 3670 3672 3671
v -0.00212732939 -0.00922302352 0.00112668777
v -0.00214579031 -0.00906747737 0.000977531454
v -0.00213793737 -0.00919273225 0.000957941302
f 3673 3675 3674
v -0.00214579031 -0.00906747737 0.000977531454
v -0.00212732939 -0.00922302352 0.00112668777
v -0.00211227507 -0.00901427484 0.00118285061
f 3676 3678 3677
v -0.00204006574 -0.00944743224 0.000961792284
v -0.00209789559 -0.00937619843 0.00103890152
v -0.00215390337 -0.00933379852 0.000955549604
f 3679 3681 3680
v -0.00204520293 -0.00921573155 0.000802387876
v -0.00215390337 -0.00933379852 0.000955549604
v -0.00213793737 -0.00919273225 0.000957941302
f 3682 3684 3683
v -0.00191813469 -0.00924994747 0.000730176589
v -0.00204006574 -0.00944743224 0.000961792284
v -0.00215390337 -0.00933379852 0.000955549604
f 3685 3687 3686
v -0.00191813469 -0.00924994747 0.000730176589
v -0.00215390337 -0.00933379852 0.000955549604
v -0.00204520293 -0.00921573155 0.000802387876
f 3688 3690 3689
v -0.00179341532 -0.00953245981 0.0012176677
v -0.00183558568 -0.00952640403 0.00107835031
v -0.00170837156 -0.00962235354 0.00109715793
f 3691 3693 3692
v -0.00182401982 -0.00948555316 0.000945391366
v -0.00198457801 -0.00946137079 0.00104033252
v -0.00204006574 -0.00944743224 0.000961792284
f 3694 3696 3695
v -0.00171116972 -0.00939282399 0.000787771933
v -0.00162228753 -0.0096301439 0.000968162567
v -0.00182401982 -0.00948555316 0.000945391366
f 3697 3699 3698
v -0.00212732939 -0.00922302352 0.00112668777
v -0.00215390337 -0.00933379852 0.000955549604
v -0.00209789559 -0.00937619843 0.00103890152
f 3700 3702 3701
v -0.00207424437 -0.0088424662 0.00105682457
v -0.0019979936 -0.00875477344 0.000954941243
v -0.00206760742 -0.00897633363 0.00084983767
f 3703 3705 3704
v -0.00206760742 -0.00897633363 0.00084983767
v -0.00185507524 -0.00895676931 0.00068151071
v -0.00204520293 -0.00921573155 0.000802387876
f 3706 3708 3707
v -0.00185507524 -0.00895676931 0.00068151071
v -0.00175450004 -0.00897820355 0.000635514016
v -0.00191813469 -0.00924994747 0.000730176589
f 3709 3711 3710
v -0.00171116972 -0.00939282399 0.000787771933
v -0.00137866991 -0.00923378393 0.000592879087
v -0.00160632771 -0.00952124683 0.000843591079
f 3712 3714 3713
v -0.00185507524 -0.00895676931 0.00068151071
v -0.00191813469 -0.00924994747 0.000730176589
v -0.00204520293 -0.00921573155 0.000802387876
f 3715 3717 3716
v -0.00175450004 -0.00897820355 0.000635514016
v -0.00146933762 -0.00880785665 0.000538862605
v -0.00152342473 -0.00911281677 0.000584725012
f 3718 3720 3719
v -0.00187373571 -0.00869194555 0.000827596705
v -0.00165576748 -0.00873662648 0.000615492308
v -0.00185507524 -0.00895676931 0.00068151071
f 3721 3723 3722
v -0.00152342473 -0.00911281677 0.000584725012
v -0.00119031747 -0.00918732185 0.000520263711
v -0.00137866991 -0.00923378393 0.000592879087
f 3724 3726 3725
v -0.00175450004 -0.00897820355 0.000635514016
v -0.00152342473 -0.00911281677 0.000584725012
v -0.00168187053 -0.00916947029 0.000650779248
f 3727 3729 3728
v -0.00136561475 -0.0086241751 0.000516305408
v -0.00106667903 -0.00913585172 0.000474011995
v -0.00146933762 -0.00880785665 0.000538862605
f 3730 3732 3731
v -0.0018871473 -0.00936093929 0.000807967081
v -0.00171116972 -0.00939282399 0.000787771933
v -0.00182401982 -0.00948555316 0.000945391366
f 3733 3735 3734
v -0.00204006574 -0.00944743224 0.000961792284
v -0.00191813469 -0.00924994747 0.000730176589
v -0.0018871473 -0.00936093929 0.000807967081
f 3736 3738 3737
v -0.00213793737 -0.00919273225 0.000957941302
v -0.00206760742 -0.00897633363 0.00084983767
v -0.00204520293 -0.00921573155 0.000802387876
f 3739 3741 3740
v -0.00183979573 -0.00866752162 0.00335759687
v -0.00165172878 -0.00838864435 0.00322653541
v -0.00176824178 -0.00843620364 0.00315688303
f 3742 3744 3743
v -0.00210733961 -0.00879229483 0.00320023973
v -0.0019860805 -0.00869125579 0.00323817512
v -0.00187254536 -0.00846581897 0.00282973888
f 3745 3747 3746
v -0.00146823731 -0.00886002017 0.00353235846
v -0.00112519747 -0.00893331817 0.00352818861
v -0.00104943283 -0.00875106489 0.00348230205
f 3748 3750 3749
v -0.000219820686 -0.00827357144 0.00375357413
v -0.000464894765 -0.00821384601 0.00369204572
v -0.000409357563 -0.00863773457 0.00369643712
f 3751 3753 3752
v -0.000464894765 -0.00821384601 0.00369204572
v -0.000584921327 -0.00859599968 0.00362747196
v -0.000409357563 -0.00863773457 0.00369643712
f 3754 3756 3755
v 6.1599394e-06 -0.00847396586 0.0037809059
v 3.0859465e-05 -0.00894886107 0.00378609766
v 9.32138107e-05 -0.00892788958 0.00378961704
f 3757 3759 3758
v -0.000219820686 -0.00827357144 0.00375357413
v -0.000409357563 -0.00863773457 0.00369643712
v 3.0859465e-05 -0.00894886107 0.00378609766
f 3760 3762 3761
v 9.32138107e-05 -0.00892788958 0.00378961704
v 0.000745912166 -0.00807290344 0.0037451875
v 6.1599394e-06 -0.00847396586 0.0037809059
f 3763 3765 3764
v -4.80993435e-05 -0.00767867314 0.0037537131
v 6.1599394e-06 -0.00847396586 0.0037809059
v 0.000745912166 -0.00807290344 0.0037451875
f 3766 3768 3767
v 3.0859465e-05 -0.00894886107 0.00378609766
v -0.000409357563 -0.00863773457 0.00369643712
v -0.000518417573 -0.00890544834 0.00364629268
f 3769 3771 3770
v 0.000139317501 -0.00965863146 0.00361489838
v 0.000274873901 -0.00980258919 0.0035782894
v 0.000337330539 -0.00931663744 0.00371650276
f 3772 3774 3773
v 0.000337330539 -0.00931663744 0.00371650276
v 0.000792356423 -0.00927931105 0.00365892774
v 9.32138107e-05 -0.00892788958 0.00378961704
f 3775 3777 3776
v 0.000792356423 -0.00927931105 0.00365892774
v 0.00090555186 -0.00943245395 0.00360845479
v 0.00092519831 -0.0091959133 0.00364795414
f 3778 3780 3779
v 0.000792356423 -0.00927931105 0.00365892774
v 0.000820091282 -0.00965159343 0.00352987227
v 0.00090555186 -0.00943245395 0.00360845479
f 3781 3783 3782
v 0.00090555186 -0.00943245395 0.00360845479
v 0.000904183798 -0.00984468643 0.00344090549
v 0.00110296678 -0.00954605639 0.00359315018
f 3784 3786 3785
v 0.000904183798 -0.00984468643 0.00344090549
v 0.00139391313 -0.00989943583 0.00352384595
v 0.00110296678 -0.00954605639 0.00359315018
f 3787 3789 3788
v 0.00152276543 -0.00945390348 0.00358872421
v 0.00155602447 -0.00837054758 0.00364104308
v 0.000745912166 -0.00807290344 0.0037451875
f 3790 3792 3791
v 0.00092519831 -0.0091959133 0.00364795414
v 0.00152276543 -0.00945390348 0.00358872421
v 0.000745912166 -0.00807290344 0.0037451875
f 3793 3795 3794
v 0.000745912166 -0.00807290344 0.0037451875
v 0.000792356423 -0.00927931105 0.00365892774
v 0.00092519831 -0.0091959133 0.00364795414
f 3796 3798 3797
v 0.00092519831 -0.0091959133 0.00364795414
v 0.00157561135 -0.00982091951 0.00355813681
v 0.00152276543 -0.00945390348 0.00358872421
f 3799 3801 3800
v 0.00090555186 -0.00943245395 0.00360845479
v 0.00110296678 -0.00954605639 0.00359315018
v 0.00092519831 -0.0091959133 0.00364795414
f 3802 3804 3803
v 0.00157561135 -0.00982091951 0.00355813681
v 0.00110296678 -0.00954605639 0.00359315018
v 0.00139391313 -0.00989943583 0.00352384595
f 3805 3807 3806
v -4.80993435e-05 -0.00767867314 0.0037537131
v 0.000745912166 -0.00807290344 0.0037451875
v 0.00130479639 -0.00622759399 0.00376312128
f 3808 3810 3809
v 0.00142152649 -0.00745379002 0.00370655071
v 0.000745912166 -0.00807290344 0.0037451875
v 0.00155602447 -0.00837054758 0.00364104308
f 3811 3813 3812
v 0.0017337059 -0.00679077566 0.00372595932
v 0.000745912166 -0.00807290344 0.0037451875
v 0.00142152649 -0.00745379002 0.00370655071
f 3814 3816 3815
v 0.00142152649 -0.00745379002 0.00370655071
v 0.00162056331 -0.00709234955 0.00371321985
v 0.0017337059 -0.00679077566 0.00372595932
f 3817 3819 3818
v 0.00159385309 -0.00555974511 0.00375172713
v 0.00130479639 -0.00622759399 0.00376312128
v 0.00170589919 -0.00568322685 0.00373753719
f 3820 3822 3821
v 0.0017337059 -0.00679077566 0.00372595932
v 0.00172032815 -0.0065181528 0.00370958514
v 0.00130479639 -0.00622759399 0.00376312128
f 3823 3825 3824
v 0.00172032815 -0.0065181528 0.00370958514
v 0.00166158279 -0.00625417961 0.00370852176
v 0.00130479639 -0.00622759399 0.00376312128
f 3826 3828 3827
v 0.0017337059 -0.00679077566 0.00372595932
v 0.00162056331 -0.00709234955 0.00371321985
v 0.00185339049 -0.0068526213 0.00369299742
f 3829 3831 3830
v 0.00181463638 -0.00742167831 0.00358900252
v 0.00185339049 -0.0068526213 0.00369299742
v 0.00162056331 -0.00709234955 0.00371321985
f 3832 3834 3833
v 0.00162056331 -0.00709234955 0.00371321985
v 0.00142152649 -0.00745379002 0.00370655071
v 0.00181463638 -0.00742167831 0.00358900252
f 3835 3837 3836
v 0.00155602447 -0.00837054758 0.00364104308
v 0.00189421953 -0.00861518711 0.00355306074
v 0.00164728408 -0.00797617467 0.00363572653
f 3838 3840 3839
v 0.00164728408 -0.00797617467 0.00363572653
v 0.00181463638 -0.00742167831 0.00358900252
v 0.00142152649 -0.00745379002 0.00370655071
f 3841 3843 3842
v 0.00181463638 -0.00742167831 0.00358900252
v 0.00199383376 -0.00737067239 0.00352734205
v 0.00217132765 -0.00711851462 0.0035122157
f 3844 3846 3845
v 0.00204585904 -0.00755314832 0.0034903609
v 0.00199383376 -0.00737067239 0.00352734205
v 0.00181463638 -0.00742167831 0.00358900252
f 3847 3849 3848
v 0.00189421953 -0.00861518711 0.00355306074
v 0.00230065416 -0.00796578752 0.00339244398
v 0.00181463638 -0.00742167831 0.00358900252
f 3850 3852 3851
v 0.00230065416 -0.00796578752 0.00339244398
v 0.00231977028 -0.00823740265 0.00337682723
v 0.00242180686 -0.00795783344 0.00331357769
f 3853 3855 3854
v 0.00223948155 -0.00845376635 0.00340378574
v 0.00235017451 -0.00849203352 0.00332770687
v 0.00231977028 -0.00823740265 0.00337682723
f 3856 3858 3857
v 0.00230065416 -0.00796578752 0.00339244398
v 0.00255746036 -0.00759394097 0.00317568156
v 0.00204585904 -0.00755314832 0.0034903609
f 3859 3861 3860
v 0.00231977028 -0.00823740265 0.00337682723
v 0.00265261879 -0.00778058311 0.00310864161
v 0.00242180686 -0.00795783344 0.00331357769
f 3862 3864 3863
v 0.00189924194 -0.00894773038 0.00353109608
v 0.00223948155 -0.00845376635 0.00340378574
v 0.00189421953 -0.00861518711 0.00355306074
f 3865 3867 3866
v 0.00230113055 -0.00898914659 0.00331590309
v 0.00223948155 -0.00845376635 0.00340378574
v 0.00189924194 -0.00894773038 0.00353109608
f 3868 3870 3869
v 0.00181323594 -0.00909922601 0.00355262709
v 0.00189924194 -0.00894773038 0.00353109608
v 0.00189421953 -0.00861518711 0.00355306074
f 3871 3873 3872
v 0.00185339049 -0.0068526213 0.00369299742
v 0.00181463638 -0.00742167831 0.00358900252
v 0.00210148974 -0.00691642417 0.00359497353
f 3874 3876 3875
v 0.00157561135 -0.00982091951 0.00355813681
v 0.00169893465 -0.00984969738 0.00351955496
v 0.00189296261 -0.0096528609 0.00346291599
f 3877 3879 3878
v 0.00139391313 -0.00989943583 0.00352384595
v 0.00153749297 -0.0101937076 0.00341707746
v 0.00157561135 -0.00982091951 0.00355813681
f 3880 3882 3881
v 0.00188461891 -0.0098940407 0.00342542116
v 0.00189296261 -0.0096528609 0.00346291599
v 0.00169893465 -0.00984969738 0.00351955496
f 3883 3885 3884
v 0.00153749297 -0.0101937076 0.00341707746
v 0.00166230802 -0.0100620869 0.00346955021
v 0.00157561135 -0.00982091951 0.00355813681
f 3886 3888 3887
v 0.00169893465 -0.00984969738 0.00351955496
v 0.00157561135 -0.00982091951 0.00355813681
v 0.00176772628 -0.0100547833 0.00344062573
f 3889 3891 3890
v 0.00166230802 -0.0100620869 0.00346955021
v 0.00171902284 -0.0102097219 0.0033841945
v 0.00176772628 -0.0100547833 0.00344062573
f 3892 3894 3893
v 0.00200008908 -0.00990795816 0.00333192947
v 0.00188461891 -0.0098940407 0.00342542116
v 0.00176772628 -0.0100547833 0.00344062573
f 3895 3897 3896
v 0.00196209294 -0.010097614 0.00325470755
v 0.00176772628 -0.0100547833 0.00344062573
v 0.00179541621 -0.0102251455 0.00332396194
f 3898 3900 3899
v 0.00188461891 -0.0098940407 0.00342542116
v 0.00200008908 -0.00990795816 0.00333192947
v 0.00214634056 -0.00966100415 0.00326406262
f 3901 3903 3902
v 0.00189296261 -0.0096528609 0.00346291599
v 0.00214634056 -0.00966100415 0.00326406262
v 0.00195036082 -0.00937835721 0.00346256202
f 3904 3906 3905
v 0.00189296261 -0.0096528609 0.00346291599
v 0.00174327688 -0.00937755613 0.00355226839
v 0.00157561135 -0.00982091951 0.00355813681
f 3907 3909 3908
v 0.00216243516 -0.0101119607 0.0029700348
v 0.00230516216 -0.0097194119 0.00303859488
v 0.00200008908 -0.00990795816 0.00333192947
f 3910 3912 3911
v 0.00196209294 -0.010097614 0.00325470755
v 0.00216243516 -0.0101119607 0.0029700348
v 0.00200008908 -0.00990795816 0.00333192947
f 3913 3915 3914
v 0.00181323594 -0.00909922601 0.00355262709
v 0.00195036082 -0.00937835721 0.00346256202
v 0.00212379891 -0.00919300874 0.00338926511
f 3916 3918 3917
v 0.00181323594 -0.00909922601 0.00355262709
v 0.00212379891 -0.00919300874 0.00338926511
v 0.00189924194 -0.00894773038 0.00353109608
f 3919 3921 3920
v 0.00247739154 -0.00934795462 0.00303299239
v 0.00251806359 -0.00913293334 0.00304496898
v 0.00230113055 -0.00898914659 0.00331590309
f 3922 3924 3923
v 0.00216243516 -0.0101119607 0.0029700348
v 0.00251102283 -0.00991070701 0.00273126898
v 0.00230516216 -0.0097194119 0.00303859488
f 3925 3927 3926
v 0.00234796735 -0.0100950601 0.00276033225
v 0.00251102283 -0.00991070701 0.00273126898
v 0.00216243516 -0.0101119607 0.0029700348
f 3928 3930 3929
v 0.00230516216 -0.0097194119 0.00303859488
v 0.00251102283 -0.00991070701 0.00273126898
v 0.00247739154 -0.00934795462 0.00303299239
f 3931 3933 3932
v 0.00258816035 -0.0100123703 0.00254944989
v 0.0028479777 -0.00985263978 0.00232181737
v 0.00251102283 -0.00991070701 0.00273126898
f 3934 3936 3935
v 0.00251102283 -0.00991070701 0.00273126898
v 0.0028479777 -0.00985263978 0.00232181737
v 0.00259129356 -0.00950840622 0.00282162655
f 3937 3939 3938
v 0.00232103866 -0.00873749814 0.00332738091
v 0.00259480621 -0.00834974635 0.00307043119
v 0.00235017451 -0.00849203352 0.00332770687
f 3940 3942 3941
v 0.00251806359 -0.00913293334 0.00304496898
v 0.00301953296 -0.00859173742 0.00228932113
v 0.00259480621 -0.00834974635 0.00307043119
f 3943 3945 3944
v 0.0028334347 -0.00961390033 0.00242134483
v 0.00251806359 -0.00913293334 0.00304496898
v 0.00259129356 -0.00950840622 0.00282162655
f 3946 3948 3947
v 0.0028334347 -0.00961390033 0.00242134483
v 0.00298080813 -0.00893772376 0.00228666304
v 0.00251806359 -0.00913293334 0.00304496898
f 3949 3951 3950
v 0.0028479777 -0.00985263978 0.00232181737
v 0.00294827587 -0.00973080969 0.00216669887
v 0.0028334347 -0.00961390033 0.00242134483
f 3952 3954 3953
v 0.00200008908 -0.00990795816 0.00333192947
v 0.00230516216 -0.0097194119 0.00303859488
v 0.00214634056 -0.00966100415 0.00326406262
f 3955 3957 3956
v 0.00251806359 -0.00913293334 0.00304496898
v 0.00247739154 -0.00934795462 0.00303299239
v 0.00259129356 -0.00950840622 0.00282162655
f 3958 3960 3959
v -0.00135414666 -0.0107314911 0.00467726131
v -0.00141022965 -0.0106650688 0.00461484306
v -0.00143138786 -0.0108087763 0.00461838063
f 3961 3963 3962
v -0.00147764331 -0.0107930471 0.00446134691
v -0.00136594981 -0.0110268171 0.00440516778
v -0.00143138786 -0.0108087763 0.00461838063
f 3964 3966 3965
v -0.00145959266 -0.0106282831 0.00448515166
v -0.00141022965 -0.0106650688 0.00461484306
v -0.0014320055 -0.010522073 0.0043772834
f 3967 3969 3968
v -0.00141022965 -0.0106650688 0.00461484306
v -0.00135414666 -0.0107314911 0.00467726131
v -0.00118577109 -0.0106322062 0.00462186908
f 3970 3972 3971
v -0.0014672818 -0.0107679931 0.004246346
v -0.00147764331 -0.0107930471 0.00446134691
v -0.00150785136 -0.0105949774 0.00424662248
f 3973 3975 3974
v -0.0014320055 -0.010522073 0.0043772834
v -0.00112959533 -0.0101895821 0.0040249106
v -0.00147160818 -0.0105126928 0.00432359848
f 3976 3978 3977
v -0.00150319165 -0.0105734267 0.00415692521
v -0.00147635574 -0.0105099847 0.00412202535
v -0.00148096833 -0.0105434527 0.00406198305
f 3979 3981 3980
v -0.0014320055 -0.010522073 0.0043772834
v -0.00141022965 -0.0106650688 0.00461484306
v -0.00112959533 -0.0101895821 0.0040249106
f 3982 3984 3983
v -0.00141022965 -0.0106650688 0.00461484306
v -0.00118577109 -0.0106322062 0.00462186908
v -0.000929007365 -0.0102368816 0.00414175483
f 3985 3987 3986
v -0.00148096833 -0.0105434527 0.00406198305
v -0.00134817801 -0.0108936525 0.00405926075
v -0.0014672818 -0.0107679931 0.004246346
f 3988 3990 3989
v -0.0014320055 -0.010522073 0.0043772834
v -0.00150785136 -0.0105949774 0.00424662248
v -0.00145959266 -0.0106282831 0.00448515166
f 3991 3993 3992
v -0.00145959266 -0.0106282831 0.00448515166
v -0.00150785136 -0.0105949774 0.00424662248
v -0.00147764331 -0.0107930471 0.00446134691
f 3994 3996 3995
v -0.00143138786 -0.0108087763 0.00461838063
v -0.00141022965 -0.0106650688 0.00461484306
v -0.00145959266 -0.0106282831 0.00448515166
f 3997 3999 3998
v -0.00132476307 -0.0108782413 0.00371265087
v -0.00134817801 -0.0108936525 0.00405926075
v -0.00139474369 -0.0106099331 0.00388138469
f 4000 4002 4001
v -0.00139367276 -0.0108409207 0.00469090592
v -0.00100970792 -0.0111492693 0.00471188323
v -0.0013683064 -0.0108251486 0.00471644744
f 4003 4005 4004
v -0.00100970792 -0.0111492693 0.00471188323
v -0.00139367276 -0.0108409207 0.00469090592
v -0.00106052239 -0.0113104172 0.00452367349
f 4006 4008 4007
v -0.000883254233 -0.0109765831 0.00470963641
v -0.0013683064 -0.0108251486 0.00471644744
v -0.00100970792 -0.0111492693 0.00471188323
f 4009 4011 4010
v -0.00134973679 -0.0109727065 0.00458948743
v -0.00136594981 -0.0110268171 0.00440516778
v -0.00110619676 -0.011339019 0.00436525042
f 4012 4014 4013
v -0.00100970792 -0.0111492693 0.00471188323
v -0.00106052239 -0.0113104172 0.00452367349
v -0.000990454919 -0.0112304129 0.00465946032
f 4015 4017 4016
v -0.000990454919 -0.0112304129 0.00465946032
v -0.000870347594 -0.0113137641 0.00461684685
v -0.00100970792 -0.0111492693 0.00471188323
f 4018 4020 4019
v -0.00106052239 -0.0113104172 0.00452367349
v -0.000928607915 -0.0114001945 0.00446420199
v -0.000870347594 -0.0113137641 0.00461684685
f 4021 4023 4022
v -0.00116824467 -0.0107600565 0.0047038382
v -0.000883254233 -0.0109765831 0.00470963641
v -0.000558522197 -0.01078922 0.00454022884
f 4024 4026 4025
v -0.000883254233 -0.0109765831 0.00470963641
v -0.000594938274 -0.0110867637 0.00463826473
v -0.000558522197 -0.01078922 0.00454022884
f 4027 4029 4028
v -0.000694594792 -0.0105016843 0.00440232398
v -0.00116824467 -0.0107600565 0.0047038382
v -0.000558522197 -0.01078922 0.00454022884
f 4030 4032 4031
v -0.000317200988 -0.0106636886 0.00441156444
v -0.000558522197 -0.01078922 0.00454022884
v -0.000369602458 -0.0108180117 0.00449889121
f 4033 4035 4034
v -0.00127442318 -0.011112629 0.00407755761
v -0.00116591118 -0.0112664449 0.00383498955
v -0.00110619676 -0.011339019 0.00436525042
f 4036 4038 4037
v -0.00110619676 -0.011339019 0.00436525042
v -0.00103177772 -0.0114131304 0.00419341413
v -0.000861141416 -0.0114903953 0.00419834505
f 4039 4041 4040
v -0.000594938274 -0.0110867637 0.00463826473
v -0.000454391602 -0.0111438392 0.00457282986
v -0.000369602458 -0.0108180117 0.00449889121
f 4042 4044 4043
v -0.000763696698 -0.0112127847 0.00466691636
v -0.00052559426 -0.0112398266 0.00458332797
v -0.000734624382 -0.0111081827 0.00468558937
f 4045 4047 4046
v -0.000706328365 -0.0113056987 0.00460538286
v -0.00052559426 -0.0112398266 0.00458332797
v -0.000763696698 -0.0112127847 0.00466691636
f 4048 4050 4049
v -0.000706328365 -0.0113056987 0.00460538286
v -0.000535975187 -0.011366354 0.00448633909
v -0.00052559426 -0.0112398266 0.00458332797
f 4051 4053 4052
v -0.000535975187 -0.011366354 0.00448633909
v -0.000398559496 -0.011250138 0.00450700136
v -0.00052559426 -0.0112398266 0.00458332797
f 4054 4056 4055
v -0.00052559426 -0.0112398266 0.00458332797
v -0.000398559496 -0.011250138 0.00450700136
v -0.000454391602 -0.0111438392 0.00457282986
f 4057 4059 4058
v -0.000535975187 -0.011366354 0.00448633909
v -0.000306775701 -0.0113146598 0.00442621422
v -0.000398559496 -0.011250138 0.00450700136
f 4060 4062 4061
v -0.000306775701 -0.0113146598 0.00442621422
v -0.000535975187 -0.011366354 0.00448633909
v -0.00027039398 -0.0114076531 0.00433249188
f 4063 4065 4064
v -0.000279240157 -0.0115346505 0.00418822419
v -0.00027039398 -0.0114076531 0.00433249188
v -0.000535975187 -0.011366354 0.00448633909
f 4066 4068 4067
v -0.00027039398 -0.0114076531 0.00433249188
v -0.000111708414 -0.0113504051 0.00427613304
v -0.000306775701 -0.0113146598 0.00442621422
f 4069 4071 4070
v -0.000279240157 -0.0115346505 0.00418822419
v -0.000111708414 -0.0113504051 0.00427613304
v -0.00027039398 -0.0114076531 0.00433249188
f 4072 4074 4073
v -0.000306775701 -0.0113146598 0.00442621422
v -0.000111708414 -0.0113504051 0.00427613304
v 1.34622582e-05 -0.0111601446 0.00426711013
f 4075 4077 4076
v -0.000305081312 -0.0116040348 0.00405874343
v -5.85170369e-05 -0.0114828421 0.0040420764
v -0.000279240157 -0.0115346505 0.00418822419
f 4078 4080 4079
v -0.000883254233 -0.0109765831 0.00470963641
v -0.00100970792 -0.0111492693 0.00471188323
v -0.000734624382 -0.0111081827 0.00468558937
f 4081 4083 4082
v -0.00110619676 -0.011339019 0.00436525042
v -0.000861141416 -0.0114903953 0.00419834505
v -0.000928607915 -0.0114001945 0.00446420199
f 4084 4086 4085
v -0.000782452389 -0.0114359798 0.00441936609
v -0.000706328365 -0.0113056987 0.00460538286
v -0.000870347594 -0.0113137641 0.00461684685
f 4087 4089 4088
v -0.00124886592 -0.0111320078 0.00377252545
v -0.00116591118 -0.0112664449 0.00383498955
v -0.00127442318 -0.011112629 0.00407755761
f 4090 4092 4091
v -0.00114829545 -0.0112119269 0.00353179057
v -0.00124886592 -0.0111320078 0.00377252545
v -0.00123227701 -0.0110814806 0.00354523763
f 4093 4095 4094
v -0.00127442318 -0.011112629 0.00407755761
v -0.00134817801 -0.0108936525 0.00405926075
v -0.00124886592 -0.0111320078 0.00377252545
f 4096 4098 4097
v -0.00114829545 -0.0112119269 0.00353179057
v -0.00116591118 -0.0112664449 0.00383498955
v -0.00124886592 -0.0111320078 0.00377252545
f 4099 4101 4100
v -0.00103177772 -0.0114131304 0.00419341413
v -0.000747632021 -0.0115715353 0.00396460273
v -0.000861141416 -0.0114903953 0.00419834505
f 4102 4104 4103
v -0.000782452389 -0.0114359798 0.00441936609
v -0.000861141416 -0.0114903953 0.00419834505
v -0.000747632021 -0.0115715353 0.00396460273
f 4105 4107 4106
v -0.000975692819 -0.011424259 0.00374813135
v -0.000770399765 -0.0115432085 0.00376066782
v -0.000747632021 -0.0115715353 0.00396460273
f 4108 4110 4109
v -0.00099477511 -0.0113661059 0.00355991979
v -0.000763263324 -0.0114990617 0.00352226307
v -0.000975692819 -0.011424259 0.00374813135
f 4111 4113 4112
v -0.000747632021 -0.0115715353 0.00396460273
v -0.000396170799 -0.0116549214 0.00380315578
v -0.00035034102 -0.0116449752 0.00394978124
f 4114 4116 4115
v -0.00180189072 -0.00922038962 0.00366530476
v -0.00161671524 -0.00961089754 0.0035834837
v -0.00143644866 -0.00959311074 0.00361316888
f 4117 4119 4118
v -0.00196139099 -0.00963406783 0.00348103895
v -0.00167953931 -0.00988442771 0.00337119673
v -0.00159089195 -0.00981662015 0.00347740315
f 4120 4122 4121
v -0.00161671524 -0.00961089754 0.0035834837
v -0.00196139099 -0.00963406783 0.00348103895
v -0.00159089195 -0.00981662015 0.00347740315
f 4123 4125 4124
v -0.00116946503 -0.00986191662 0.00369021582
v -0.00136760236 -0.00971589325 0.00361834354
v -0.00125091046 -0.0100177822 0.00366112326
f 4126 4128 4127
v -0.00144969499 -0.00976947631 0.00357538338
v -0.00159089195 -0.00981662015 0.00347740315
v -0.00143880116 -0.0100105062 0.00351758499
f 4129 4131 4130
v -0.00136760236 -0.00971589325 0.00361834354
v -0.00144969499 -0.00976947631 0.00357538338
v -0.00125091046 -0.0100177822 0.00366112326
f 4132 4134 4133
v -0.00161671524 -0.00961089754 0.0035834837
v -0.00144969499 -0.00976947631 0.00357538338
v -0.00136760236 -0.00971589325 0.00361834354
f 4135 4137 4136
v -0.000659441639 -0.00991583947 0.00377955766
v -0.000929007365 -0.0102368816 0.00414175483
v -0.000486921181 -0.0101397782 0.00398910815
f 4138 4140 4139
v -0.00140190623 -0.0104137667 0.00383952902
v -0.0013401761 -0.0103142949 0.00392863403
v -0.00137489196 -0.0102485421 0.00369251575
f 4141 4143 4142
v -0.00137489196 -0.0102485421 0.00369251575
v -0.00124154612 -0.0102068756 0.00393066766
v -0.00135524961 -0.0101599653 0.00366548011
f 4144 4146 4145
v -0.00124154612 -0.0102068756 0.00393066766
v -0.00137489196 -0.0102485421 0.00369251575
v -0.0013401761 -0.0103142949 0.00392863403
f 4147 4149 4148
v -0.00124154612 -0.0102068756 0.00393066766
v -0.00112492216 -0.00997180687 0.00374968076
v -0.00125091046 -0.0100177822 0.00366112326
f 4150 4152 4151
v -0.00112492216 -0.00997180687 0.00374968076
v -0.00116946503 -0.00986191662 0.00369021582
v -0.00125091046 -0.0100177822 0.00366112326
f 4153 4155 4154
v -0.00112492216 -0.00997180687 0.00374968076
v -0.00104566871 -0.0100516816 0.00389469824
v -0.00103011771 -0.00989101682 0.00375959862
f 4156 4158 4157
v -0.00103011771 -0.00989101682 0.00375959862
v -0.00116489828 -0.00962863487 0.00362222927
v -0.00116946503 -0.00986191662 0.00369021582
f 4159 4161 4160
v -0.00112959533 -0.0101895821 0.0040249106
v -0.00104566871 -0.0100516816 0.00389469824
v -0.00124154612 -0.0102068756 0.00393066766
f 4162 4164 4163
v -0.00124154612 -0.0102068756 0.00393066766
v -0.00125091046 -0.0100177822 0.00366112326
v -0.00135524961 -0.0101599653 0.00366548011
f 4165 4167 4166
v -0.00112519747 -0.00893331817 0.00352818861
v -0.00107387232 -0.00936634387 0.00357948411
v -0.000802150043 -0.00938276717 0.00357153949
f 4168 4170 4169
v -0.0015709853 -0.00914867051 0.00363462568
v -0.00107387232 -0.00936634387 0.00357948411
v -0.00112519747 -0.00893331817 0.00352818861
f 4171 4173 4172
v -0.00180189072 -0.00922038962 0.00366530476
v -0.00143644866 -0.00959311074 0.00361316888
v -0.00107387232 -0.00936634387 0.00357948411
f 4174 4176 4175
v -0.00143644866 -0.00959311074 0.00361316888
v -0.00116489828 -0.00962863487 0.00362222927
v -0.00107387232 -0.00936634387 0.00357948411
f 4177 4179 4178
v -0.000767724669 -0.00975314397 0.00369014633
v -0.000559306909 -0.00983222999 0.00370954258
v -0.000424404743 -0.009689945 0.00360399827
f 4180 4182 4181
v -0.000659441639 -0.00991583947 0.00377955766
v -0.000444537363 -0.00993349531 0.00375138952
v -0.000559306909 -0.00983222999 0.00370954258
f 4183 4185 4184
v -0.000767724669 -0.00975314397 0.00369014633
v -0.000424404743 -0.009689945 0.00360399827
v -0.000802150043 -0.00938276717 0.00357153949
f 4186 4188 4187
v -0.000802150043 -0.00938276717 0.00357153949
v -0.000424404743 -0.009689945 0.00360399827
v -0.00112519747 -0.00893331817 0.00352818861
f 4189 4191 4190
v -0.000424404743 -0.009689945 0.00360399827
v -0.000559306909 -0.00983222999 0.00370954258
v -0.000122054712 -0.00991296838 0.0036189158
f 4192 4194 4193
v -0.000424404743 -0.009689945 0.00360399827
v 0.000150648873 -0.00985816441 0.00357993595
v -0.00112519747 -0.00893331817 0.00352818861
f 4195 4197 4196
v -0.000122054712 -0.00991296838 0.0036189158
v 0.000150648873 -0.00985816441 0.00357993595
v -0.000424404743 -0.009689945 0.00360399827
f 4198 4200 4199
v -0.00103011771 -0.00989101682 0.00375959862
v -0.000659441639 -0.00991583947 0.00377955766
v -0.000767724669 -0.00975314397 0.00369014633
f 4201 4203 4202
v -0.00135524961 -0.0101599653 0.00366548011
v -0.00143880116 -0.0100105062 0.00351758499
v -0.00145804142 -0.0101443242 0.00347342539
f 4204 4206 4205
v -0.00107387232 -0.00936634387 0.00357948411
v -0.00116489828 -0.00962863487 0.00362222927
v -0.000767724669 -0.00975314397 0.00369014633
f 4207 4209 4208
v -0.000929007365 -0.0102368816 0.00414175483
v -0.000659441639 -0.00991583947 0.00377955766
v -0.00104566871 -0.0100516816 0.00389469824
f 4210 4212 4211
v -0.0018973109 -0.00988314787 0.00314953977
v -0.00158372513 -0.0101238264 0.00314563476
v -0.00167953931 -0.00988442771 0.00337119673
f 4213 4215 4214
v -0.00151023014 -0.0100441255 0.00340834449
v -0.00158372513 -0.0101238264 0.00314563476
v -0.00148370209 -0.0102285725 0.00327983507
f 4216 4218 4217
v -0.00138666555 -0.0105380495 0.00350218797
v -0.00132476307 -0.0108782413 0.00371265087
v -0.00139123777 -0.0105468527 0.00373054427
f 4219 4221 4220
v -0.00133693611 -0.0107120068 0.00332104246
v -0.00128819611 -0.0108740103 0.00338752834
v -0.00132476307 -0.0108782413 0.00371265087
f 4222 4224 4223
v -0.00141916698 -0.0103639693 0.00359763799
v -0.00138666555 -0.0105380495 0.00350218797
v -0.00139123777 -0.0105468527 0.00373054427
f 4225 4227 4226
v -0.00149113994 -0.0102741797 0.00309798961
v -0.00137805828 -0.0105179781 0.00308016351
v -0.00138143014 -0.0105534484 0.003297492
f 4228 4230 4229
v -0.00149113994 -0.0102741797 0.00309798961
v -0.00138143014 -0.0105534484 0.003297492
v -0.00144098776 -0.0103787243 0.00339357757
f 4231 4233 4232
v -0.00133693611 -0.0107120068 0.00332104246
v -0.00128611564 -0.0107474894 0.00321401276
v -0.00128819611 -0.0108740103 0.00338752834
f 4234 4236 4235
v -0.00137805828 -0.0105179781 0.00308016351
v -0.00122847641 -0.0107068699 0.00306302099
v -0.00128611564 -0.0107474894 0.00321401276
f 4237 4239 4238
v -0.00200962149 -0.00976043448 0.00298285158
v -0.00197936715 -0.00963648417 0.0027609869
v -0.00181757714 -0.00995343944 0.00297911301
f 4240 4242 4241
v -0.00164327248 -0.0099979181 0.00269941847
v -0.00181757714 -0.00995343944 0.00297911301
v -0.00197936715 -0.00963648417 0.0027609869
f 4243 4245 4244
v -0.00157563372 -0.0101133941 0.00275406164
v -0.00155435155 -0.0101733582 0.00294998135
v -0.00181757714 -0.00995343944 0.00297911301
f 4246 4248 4247
v -0.00172392247 -0.00969048633 0.00244454986
v -0.00164327248 -0.0099979181 0.00269941847
v -0.00197936715 -0.00963648417 0.0027609869
f 4249 4251 4250
v -0.00145604126 -0.0101181511 0.00242858532
v -0.00157563372 -0.0101133941 0.00275406164
v -0.00164327248 -0.0099979181 0.00269941847
f 4252 4254 4253
v -0.00158372513 -0.0101238264 0.00314563476
v -0.00155435155 -0.0101733582 0.00294998135
v -0.00149113994 -0.0102741797 0.00309798961
f 4255 4257 4256
v -0.00155435155 -0.0101733582 0.00294998135
v -0.00157563372 -0.0101133941 0.00275406164
v -0.00137805828 -0.0105179781 0.00308016351
f 4258 4260 4259
v -0.00157563372 -0.0101133941 0.00275406164
v -0.00108109389 -0.0106864325 0.00242074821
v -0.00126065434 -0.0105347848 0.00264515347
f 4261 4263 4262
v -0.00145604126 -0.0101181511 0.00242858532
v -0.00133016065 -0.0101703052 0.00212982086
v -0.00157563372 -0.0101133941 0.00275406164
f 4264 4266 4265
v -0.00133564818 -0.0105176972 0.00288812244
v -0.00122847641 -0.0107068699 0.00306302099
v -0.00137805828 -0.0105179781 0.00308016351
f 4267 4269 4268
v -0.00158372513 -0.0101238264 0.00314563476
v -0.00149113994 -0.0102741797 0.00309798961
v -0.00148370209 -0.0102285725 0.00327983507
f 4270 4272 4271
v -0.000929007365 -0.0102368816 0.00414175483
v -0.000694594792 -0.0105016843 0.00440232398
v -0.000393989831 -0.0103310202 0.00417649899
f 4273 4275 4274
v -0.000393989831 -0.0103310202 0.00417649899
v -0.000234338154 -0.0105096769 0.00427679515
v -0.000167961412 -0.0104357197 0.0041711246
f 4276 4278 4277
v -0.000317200988 -0.0106636886 0.00441156444
v -3.20314115e-05 -0.0107352942 0.00426702536
v -0.000234338154 -0.0105096769 0.00427679515
f 4279 4281 4280
v -3.20314115e-05 -0.0107352942 0.00426702536
v -0.000107571941 -0.010816782 0.00434616522
v 9.57223392e-05 -0.0110872672 0.00416247531
f 4282 4284 4283
v 1.34622582e-05 -0.0111601446 0.00426711013
v 9.57223392e-05 -0.0110872672 0.00416247531
v -0.000107571941 -0.010816782 0.00434616522
f 4285 4287 4286
v 9.57223392e-05 -0.0110872672 0.00416247531
v 0.000350089249 -0.0107215972 0.00370541857
v -3.20314115e-05 -0.0107352942 0.00426702536
f 4288 4290 4289
v 5.55621455e-05 -0.0113432849 0.0040784711
v 1.34622582e-05 -0.0111601446 0.00426711013
v -0.000111708414 -0.0113504051 0.00427613304
f 4291 4293 4292
v -7.89902515e-05 -0.010240858 0.00385501553
v 6.47727688e-05 -0.0100563702 0.003644975
v -0.000444537363 -0.00993349531 0.00375138952
f 4294 4296 4295
v -0.000444537363 -0.00993349531 0.00375138952
v -0.000122054712 -0.00991296838 0.0036189158
v -0.000559306909 -0.00983222999 0.00370954258
f 4297 4299 4298
v -0.000122054712 -0.00991296838 0.0036189158
v 6.47727688e-05 -0.0100563702 0.003644975
v 0.000150648873 -0.00985816441 0.00357993595
f 4300 4302 4301
v 6.47727688e-05 -0.0100563702 0.003644975
v 0.0002164634 -0.0101474434 0.00361884922
v 0.000150648873 -0.00985816441 0.00357993595
f 4303 4305 4304
v 0.0002164634 -0.0101474434 0.00361884922
v 0.000419426169 -0.0102806458 0.00352342286
v 0.000389125216 -0.010072258 0.00354047661
f 4306 4308 4307
v 0.000447735829 -0.0106087289 0.00353906689
v 0.0002164634 -0.0101474434 0.00361884922
v 7.33244576e-05 -0.0103522492 0.00384056475
f 4309 4311 4310
v 0.000350089249 -0.0107215972 0.00370541857
v 0.000463908873 -0.0107787724 0.00351699819
v 0.000447735829 -0.0106087289 0.00353906689
f 4312 4314 4313
v -0.000167961412 -0.0104357197 0.0041711246
v -3.20314115e-05 -0.0107352942 0.00426702536
v 7.33244576e-05 -0.0103522492 0.00384056475
f 4315 4317 4316
v 9.57223392e-05 -0.0110872672 0.00416247531
v 0.000463908873 -0.0107787724 0.00351699819
v 0.000350089249 -0.0107215972 0.00370541857
f 4318 4320 4319
v -0.000776860179 -0.011288761 0.00319045394
v -0.00114829545 -0.0112119269 0.00353179057
v -0.00123847885 -0.0109888999 0.00340715378
f 4321 4323 4322
v -0.00114829545 -0.0112119269 0.00353179057
v -0.000776860179 -0.011288761 0.00319045394
v -0.00099477511 -0.0113661059 0.00355991979
f 4324 4326 4325
v -0.000776860179 -0.011288761 0.00319045394
v -0.000833399008 -0.0110383764 0.00296925846
v -0.000611586574 -0.0113261151 0.00304154019
f 4327 4329 4328
v -0.000833399008 -0.0110383764 0.00296925846
v -0.000776860179 -0.011288761 0.00319045394
v -0.00128611564 -0.0107474894 0.00321401276
f 4330 4332 4331
v -0.000568803762 -0.0114021532 0.00311893164
v -0.000763263324 -0.0114990617 0.00352226307
v -0.000776860179 -0.011288761 0.00319045394
f 4333 4335 4334
v -0.000763263324 -0.0114990617 0.00352226307
v -0.000283585064 -0.0115994648 0.00346658016
v -0.000396170799 -0.0116549214 0.00380315578
f 4336 4338 4337
v -0.000568803762 -0.0114021532 0.00311893164
v -0.000611586574 -0.0113261151 0.00304154019
v -0.000436336313 -0.0113778391 0.00293550074
f 4339 4341 4340
v -0.000611586574 -0.0113261151 0.00304154019
v -0.000568803762 -0.0114021532 0.00311893164
v -0.000776860179 -0.011288761 0.00319045394
f 4342 4344 4343
v -0.000436336313 -0.0113778391 0.00293550074
v -0.000296718713 -0.0114707189 0.00302940098
v -0.000568803762 -0.0114021532 0.00311893164
f 4345 4347 4346
v -0.00133564818 -0.0105176972 0.00288812244
v -0.00126065434 -0.0105347848 0.00264515347
v -0.000833399008 -0.0110383764 0.00296925846
f 4348 4350 4349
v -0.00108109389 -0.0106864325 0.00242074821
v -0.000963862112 -0.0106282787 0.0020674348
v -0.000796513359 -0.0108211898 0.00205549877
f 4351 4353 4352
v -0.00060395887 -0.0112078174 0.00280650311
v -0.000675843285 -0.0109339031 0.00206792793
v -0.000436336313 -0.0113778391 0.00293550074
f 4354 4356 4355
v -0.000182663177 -0.011421222 0.00264594764
v -0.000148847221 -0.0113457398 0.00240304435
v 1.46559231e-05 -0.0114063718 0.00252138962
f 4357 4359 4358
v -0.000833399008 -0.0110383764 0.00296925846
v -0.00060395887 -0.0112078174 0.00280650311
v -0.000611586574 -0.0113261151 0.00304154019
f 4360 4362 4361
v -0.000611586574 -0.0113261151 0.00304154019
v -0.00060395887 -0.0112078174 0.00280650311
v -0.000436336313 -0.0113778391 0.00293550074
f 4363 4365 4364
v -0.000436336313 -0.0113778391 0.00293550074
v -0.000182663177 -0.011421222 0.00264594764
v -0.000296718713 -0.0114707189 0.00302940098
f 4366 4368 4367
v -0.00139474369 -0.0106099331 0.00388138469
v -0.00140190623 -0.0104137667 0.00383952902
v -0.00139123777 -0.0105468527 0.00373054427
f 4369 4371 4370
v -0.00110619676 -0.011339019 0.00436525042
v -0.00116591118 -0.0112664449 0.00383498955
v -0.00103177772 -0.0114131304 0.00419341413
f 4372 4374 4373
v -0.00159089195 -0.00981662015 0.00347740315
v -0.00167953931 -0.00988442771 0.00337119673
v -0.00151023014 -0.0100441255 0.00340834449
f 4375 4377 4376
v 1.34622582e-05 -0.0111601446 0.00426711013
v 5.55621455e-05 -0.0113432849 0.0040784711
v 9.57223392e-05 -0.0110872672 0.00416247531
f 4378 4380 4379
v -5.85170369e-05 -0.0114828421 0.0040420764
v 0.000162015442 -0.0113545291 0.00386497777
v 5.55621455e-05 -0.0113432849 0.0040784711
f 4381 4383 4382
v 0.000162015442 -0.0113545291 0.00386497777
v 4.60802738e-05 -0.0115198898 0.00379286394
v 0.000152791858 -0.0114398645 0.00367415778
f 4384 4386 4385
v 4.60802738e-05 -0.0115198898 0.00379286394
v -5.85170369e-05 -0.0114828421 0.0040420764
v -0.000158301475 -0.0116172792 0.00391013127
f 4387 4389 4388
v 0.000190172489 -0.011410829 0.00340005026
v 0.000397129588 -0.0111660534 0.00323268723
v 0.000152791858 -0.0114398645 0.00367415778
f 4390 4392 4391
v 0.000472942247 -0.0109515371 0.00332427117
v 0.000620910851 -0.0106958127 0.00327800844
v 0.000463908873 -0.0107787724 0.00351699819
f 4393 4395 4394
v 0.000533564025 -0.0110422719 0.00310019859
v 0.000472942247 -0.0109515371 0.00332427117
v 0.000397129588 -0.0111660534 0.00323268723
f 4396 4398 4397
v 0.000152791858 -0.0114398645 0.00367415778
v 0.000397129588 -0.0111660534 0.00323268723
v 0.000162015442 -0.0113545291 0.00386497777
f 4399 4401 4400
v -0.000200089744 -0.011667786 0.00375430864
v 0.000112106272 -0.0114392329 0.00327396847
v 3.05871197e-05 -0.0115428127 0.00361181046
f 4402 4404 4403
v -0.000283585064 -0.0115994648 0.00346658016
v -0.000255815939 -0.0115445204 0.00322322085
v 1.65556386e-05 -0.0114417206 0.00305308859
f 4405 4407 4406
v 0.000190172489 -0.011410829 0.00340005026
v 0.000112106272 -0.0114392329 0.00327396847
v 0.000274101376 -0.0113124617 0.00301669697
f 4408 4410 4409
v 3.70093602e-05 -0.0114358394 0.00277998988
v 0.000335421737 -0.0112907175 0.0028702656
v 1.65556386e-05 -0.0114417206 0.00305308859
f 4411 4413 4412
v 3.70093602e-05 -0.0114358394 0.00277998988
v 1.46559231e-05 -0.0114063718 0.00252138962
v 0.000278177913 -0.0113625007 0.00259294047
f 4414 4416 4415
v -0.000200089744 -0.011667786 0.00375430864
v 3.05871197e-05 -0.0115428127 0.00361181046
v 4.60802738e-05 -0.0115198898 0.00379286394
f 4417 4419 4418
v 0.000190172489 -0.011410829 0.00340005026
v 0.000465336279 -0.0111432426 0.0030158224
v 0.000397129588 -0.0111660534 0.00323268723
f 4420 4422 4421
v -0.00067105384 -0.00876453269 0.00361621969
v -0.00118278704 -0.00822628572 0.00334212091
v -0.00104943283 -0.00875106489 0.00348230205
f 4423 4425 4424
v -0.00067105384 -0.00876453269 0.00361621969
v -0.000859699685 -0.00903549662 0.00353782416
v -0.000518417573 -0.00890544834 0.00364629268
f 4426 4428 4427
v -0.000859699685 -0.00903549662 0.00353782416
v -0.00067105384 -0.00876453269 0.00361621969
v -0.000957742759 -0.00888440845 0.0035242887
f 4429 4431 4430
v -0.00172392247 -0.00969048633 0.00244454986
v -0.00155315884 -0.00972361158 0.00220135025
v -0.00164327248 -0.0099979181 0.00269941847
f 4432 4434 4433
v -0.00155315884 -0.00972361158 0.00220135025
v -0.00172392247 -0.00969048633 0.00244454986
v -0.00164287558 -0.00945038555 0.00221189766
f 4435 4437 4436
v -0.00133016065 -0.0101703052 0.00212982086
v -0.00145604126 -0.0101181511 0.00242858532
v -0.00155315884 -0.00972361158 0.00220135025
f 4438 4440 4439
v -0.00136717172 -0.0100291509 0.00200192517
v -0.00133016065 -0.0101703052 0.00212982086
v -0.00155315884 -0.00972361158 0.00220135025
f 4441 4443 4442
v -0.00155315884 -0.00972361158 0.00220135025
v -0.00164287558 -0.00945038555 0.00221189766
v -0.00164021585 -0.00932602488 0.00208283618
f 4444 4446 4445
v -0.00155931521 -0.00951847396 0.00184621586
v -0.00155315884 -0.00972361158 0.00220135025
v -0.00164021585 -0.00932602488 0.00208283618
f 4447 4449 4448
v -0.00155315884 -0.00972361158 0.00220135025
v -0.00155931521 -0.00951847396 0.00184621586
v -0.00148378431 -0.00977416494 0.00188783542
f 4450 4452 4451
v -0.00136717172 -0.0100291509 0.00200192517
v -0.00145368622 -0.00988515167 0.00172065065
v -0.00125216584 -0.0102244558 0.00181633422
f 4453 4455 4454
v -0.00148378431 -0.00977416494 0.00188783542
v -0.00145368622 -0.00988515167 0.00172065065
v -0.00136717172 -0.0100291509 0.00200192517
f 4456 4458 4457
v -0.00136717172 -0.0100291509 0.00200192517
v -0.00125216584 -0.0102244558 0.00181633422
v -0.00121566427 -0.0102599959 0.00197433019
f 4459 4461 4460
v -0.00141505961 -0.0101416292 0.00148401432
v -0.00121946696 -0.0103248749 0.00168830938
v -0.00125216584 -0.0102244558 0.00181633422
f 4462 4464 4463
v -0.00111418722 -0.0103943683 0.00196382152
v -0.00121946696 -0.0103248749 0.00168830938
v -0.000998106589 -0.0105597748 0.00178502723
f 4465 4467 4466
v -0.00121946696 -0.0103248749 0.00168830938
v -0.00111418722 -0.0103943683 0.00196382152
v -0.00125216584 -0.0102244558 0.00181633422
f 4468 4470 4469
v 0.000139317501 -0.00965863146 0.00361489838
v 0.000150648873 -0.00985816441 0.00357993595
v 0.000274873901 -0.00980258919 0.0035782894
f 4471 4473 4472
v 0.000274873901 -0.00980258919 0.0035782894
v 0.000150648873 -0.00985816441 0.00357993595
v 0.000389125216 -0.010072258 0.00354047661
f 4474 4476 4475
v 0.000543607712 -0.00995442824 0.00350997689
v 0.000786628425 -0.00994124784 0.00342781022
v 0.000666845426 -0.00970577385 0.00354639888
f 4477 4479 4478
v 0.000274873901 -0.00980258919 0.0035782894
v 0.000543607712 -0.00995442824 0.00350997689
v 0.000666845426 -0.00970577385 0.00354639888
f 4480 4482 4481
v 0.000389125216 -0.010072258 0.00354047661
v 0.000419426169 -0.0102806458 0.00352342286
v 0.000607347602 -0.010125948 0.00342032399
f 4483 4485 4484
v 0.000652931567 -0.0102675069 0.00333761018
v 0.000823921528 -0.0101746686 0.00329253198
v 0.000607347602 -0.010125948 0.00342032399
f 4486 4488 4487
v 0.00073545234 -0.0104885476 0.00320065628
v 0.000921646733 -0.0103732229 0.00316229198
v 0.000652931567 -0.0102675069 0.00333761018
f 4489 4491 4490
v 0.000605417927 -0.0104213505 0.00336039848
v 0.00073545234 -0.0104885476 0.00320065628
v 0.000652931567 -0.0102675069 0.00333761018
f 4492 4494 4493
v 0.000823921528 -0.0101746686 0.00329253198
v 0.00103328939 -0.0103776874 0.00316111255
v 0.000932974126 -0.0100529112 0.00333318167
f 4495 4497 4496
v 0.000652931567 -0.0102675069 0.00333761018
v 0.000921646733 -0.0103732229 0.00316229198
v 0.000823921528 -0.0101746686 0.00329253198
f 4498 4500 4499
v 0.000607347602 -0.010125948 0.00342032399
v 0.000823921528 -0.0101746686 0.00329253198
v 0.000786628425 -0.00994124784 0.00342781022
f 4501 4503 4502
v -0.000963862112 -0.0106282787 0.0020674348
v -0.000998106589 -0.0105597748 0.00178502723
v -0.000796513359 -0.0108211898 0.00205549877
f 4504 4506 4505
v -0.00056127933 -0.0110221663 0.00178368937
v -0.000156013448 -0.0112639391 0.00215057462
v -0.000675843285 -0.0109339031 0.00206792793
f 4507 4509 4508
v -0.000156013448 -0.0112639391 0.00215057462
v -0.00056127933 -0.0110221663 0.00178368937
v -0.000246722539 -0.0112550515 0.00185384906
f 4510 4512 4511
v -0.000156013448 -0.0112639391 0.00215057462
v 8.03541411e-05 -0.0113674425 0.00232591447
v -0.000148847221 -0.0113457398 0.00240304435
f 4513 4515 4514
v -0.000156013448 -0.0112639391 0.00215057462
v -0.000246722539 -0.0112550515 0.00185384906
v -0.000138579685 -0.0113227827 0.00184581186
f 4516 4518 4517
v -0.000138579685 -0.0113227827 0.00184581186
v 7.71571933e-05 -0.0113361173 0.00213676303
v -0.000156013448 -0.0112639391 0.00215057462
f 4519 4521 4520
v 8.03541411e-05 -0.0113674425 0.00232591447
v -0.000156013448 -0.0112639391 0.00215057462
v 7.71571933e-05 -0.0113361173 0.00213676303
f 4522 4524 4523
v 0.000569351823 -0.00977698219 0.000340048859
v 0.000568824407 -0.00991842244 0.000386257034
v 0.00039177994 -0.00982251295 0.000272694024
f 4525 4527 4526
v 0.000632070123 -0.0104678838 0.000617717751
v 0.000615398949 -0.0101929669 0.000492748586
v 0.000811378504 -0.0103025392 0.000631069588
f 4528 4530 4529
v 0.000811378504 -0.0103025392 0.000631069588
v 0.000712652809 -0.0106874024 0.000809279663
v 0.000636714003 -0.0106529573 0.000702544685
f 4531 4533 4532
v 0.000615398949 -0.0101929669 0.000492748586
v 0.000568824407 -0.00991842244 0.000386257034
v 0.000719497211 -0.0100703983 0.000482187261
f 4534 4536 4535
v 0.000787125737 -0.00999289623 0.000469804399
v 0.000568824407 -0.00991842244 0.000386257034
v 0.000569351823 -0.00977698219 0.000340048859
f 4537 4539 4538
v 0.000568824407 -0.00991842244 0.000386257034
v 0.000787125737 -0.00999289623 0.000469804399
v 0.000719497211 -0.0100703983 0.000482187261
f 4540 4542 4541
v 0.000930415808 -0.0101250313 0.000550789809
v 0.000811378504 -0.0103025392 0.000631069588
v 0.000719497211 -0.0100703983 0.000482187261
f 4543 4545 4544
v 0.000719497211 -0.0100703983 0.000482187261
v 0.000811378504 -0.0103025392 0.000631069588
v 0.000615398949 -0.0101929669 0.000492748586
f 4546 4548 4547
v 0.000930415808 -0.0101250313 0.000550789809
v 0.000965376785 -0.0103130064 0.000703717751
v 0.000811378504 -0.0103025392 0.000631069588
f 4549 4551 4550
v 0.000787125737 -0.00999289623 0.000469804399
v 0.000930415808 -0.0101250313 0.000550789809
v 0.000719497211 -0.0100703983 0.000482187261
f 4552 4554 4553
v -0.00121946696 -0.0103248749 0.00168830938
v -0.00121691519 -0.0104747647 0.00149414373
v -0.000859642842 -0.0107251915 0.00165904876
f 4555 4557 4556
v -0.00121691519 -0.0104747647 0.00149414373
v -0.00141505961 -0.0101416292 0.00148401432
v -0.00124563057 -0.0107968757 0.00111431591
f 4558 4560 4559
v -0.00152132152 -0.00980881523 0.00144177056
v -0.00163036839 -0.00976513038 0.00117334312
v -0.00149663556 -0.00999850527 0.00118812368
f 4561 4563 4562
v -0.00146854163 -0.0100160083 0.00139962858
v -0.00149663556 -0.00999850527 0.00118812368
v -0.00141333312 -0.0103352832 0.00119395372
f 4564 4566 4565
v -0.00149663556 -0.00999850527 0.00118812368
v -0.00148540275 -0.0100899786 0.000993307185
v -0.00141333312 -0.0103352832 0.00119395372
f 4567 4569 4568
v -0.00162228753 -0.0096301439 0.000968162567
v -0.00163036839 -0.00976513038 0.00117334312
v -0.00170837156 -0.00962235354 0.00109715793
f 4570 4572 4571
v -0.00162228753 -0.0096301439 0.000968162567
v -0.00148413947 -0.00963157581 0.000819448996
v -0.00149324178 -0.00980720797 0.000936138258
f 4573 4575 4574
v -0.00160632771 -0.00952124683 0.000843591079
v -0.00148413947 -0.00963157581 0.000819448996
v -0.00162228753 -0.0096301439 0.000968162567
f 4576 4578 4577
v -0.00150897358 -0.00992495843 0.00106179023
v -0.00145560098 -0.00990703484 0.000873752469
v -0.00148540275 -0.0100899786 0.000993307185
f 4579 4581 4580
v -0.00148540275 -0.0100899786 0.000993307185
v -0.00147800411 -0.010122505 0.000403694776
v -0.00148905792 -0.0101795908 0.000735622007
f 4582 4584 4583
v -0.00149324178 -0.00980720797 0.000936138258
v -0.00145560098 -0.00990703484 0.000873752469
v -0.00150897358 -0.00992495843 0.00106179023
f 4585 4587 4586
v -0.00150897358 -0.00992495843 0.00106179023
v -0.00148540275 -0.0100899786 0.000993307185
v -0.00149663556 -0.00999850527 0.00118812368
f 4588 4590 4589
v -0.00148905792 -0.0101795908 0.000735622007
v -0.00145478407 -0.0104653482 0.000631162993
v -0.00148540275 -0.0100899786 0.000993307185
f 4591 4593 4592
v -0.00148540275 -0.0100899786 0.000993307185
v -0.00145478407 -0.0104653482 0.000631162993
v -0.00141333312 -0.0103352832 0.00119395372
f 4594 4596 4595
v -0.00141333312 -0.0103352832 0.00119395372
v -0.00124563057 -0.0107968757 0.00111431591
v -0.00141505961 -0.0101416292 0.00148401432
f 4597 4599 4598
v -0.00145478407 -0.0104653482 0.000631162993
v -0.00135108767 -0.0107843189 0.000848100171
v -0.00141333312 -0.0103352832 0.00119395372
f 4600 4602 4601
v -0.00135108767 -0.0107843189 0.000848100171
v -0.00139248168 -0.0108846398 0.000613566181
v -0.00129583777 -0.0110975692 0.000664569461
f 4603 4605 4604
v -0.00145368604 -0.0105672421 0.000548475236
v -0.00139248168 -0.0108846398 0.000613566181
v -0.00135108767 -0.0107843189 0.000848100171
f 4606 4608 4607
v -0.00148905792 -0.0101795908 0.000735622007
v -0.0014868031 -0.0102952297 0.000486982844
v -0.00145478407 -0.0104653482 0.000631162993
f 4609 4611 4610
v -0.0014868031 -0.0102952297 0.000486982844
v -0.00150782762 -0.0104343162 0.000405241644
v -0.00145368604 -0.0105672421 0.000548475236
f 4612 4614 4613
v -0.00150782762 -0.0104343162 0.000405241644
v -0.00152164694 -0.010673012 0.000342888325
v -0.00145368604 -0.0105672421 0.000548475236
f 4615 4617 4616
v -0.00135108767 -0.0107843189 0.000848100171
v -0.00124563057 -0.0107968757 0.00111431591
v -0.00141333312 -0.0103352832 0.00119395372
f 4618 4620 4619
v -0.00145368622 -0.00988515167 0.00172065065
v -0.00146854163 -0.0100160083 0.00139962858
v -0.00141505961 -0.0101416292 0.00148401432
f 4621 4623 4622
v -0.00141333312 -0.0103352832 0.00119395372
v -0.00141505961 -0.0101416292 0.00148401432
v -0.00146854163 -0.0100160083 0.00139962858
f 4624 4626 4625
v -0.00145560098 -0.00990703484 0.000873752469
v -0.00142760855 -0.00990608605 0.000691053219
v -0.00147800411 -0.010122505 0.000403694776
f 4627 4629 4628
v -0.00147163364 -0.0110891764 0.000304660261
v -0.00137179486 -0.0112530979 0.000239430187
v -0.00135081973 -0.0111371475 0.000487031775
f 4630 4632 4631
v -0.00152164694 -0.010673012 0.000342888325
v -0.00167781727 -0.0107178399 2.48952801e-05
v -0.00156610677 -0.011013382 0.000117654281
f 4633 4635 4634
v -0.00157897266 -0.0109576598 -0.000136540234
v -0.00150957185 -0.0111208166 7.51210436e-06
v -0.0015990152 -0.010965707 1.03420881e-05
f 4636 4638 4637
v -0.00150957185 -0.0111208166 7.51210436e-06
v -0.00157897266 -0.0109576598 -0.000136540234
v -0.00140426782 -0.0111119843 -0.000185747547
f 4639 4641 4640
v -0.00140426782 -0.0111119843 -0.000185747547
v -0.00135399368 -0.0112405476 4.35743068e-06
v -0.00150957185 -0.0111208166 7.51210436e-06
f 4642 4644 4643
v -0.00156610677 -0.011013382 0.000117654281
v -0.00149983516 -0.0111424924 0.00011035213
v -0.00147163364 -0.0110891764 0.000304660261
f 4645 4647 4646
v -0.0015990152 -0.010965707 1.03420881e-05
v -0.00164714074 -0.0108717511 -7.0921817e-05
v -0.00157897266 -0.0109576598 -0.000136540234
f 4648 4650 4649
v -0.00167781727 -0.0107178399 2.48952801e-05
v -0.0015990152 -0.010965707 1.03420881e-05
v -0.00156610677 -0.011013382 0.000117654281
f 4651 4653 4652
v -0.000781582276 -0.0108069995 0.00165304646
v -0.000859642842 -0.0107251915 0.00165904876
v -0.000527746579 -0.0111170273 0.00160221534
f 4654 4656 4655
v -0.000781582276 -0.0108069995 0.00165304646
v -0.000527746579 -0.0111170273 0.00160221534
v -0.00056127933 -0.0110221663 0.00178368937
f 4657 4659 4658
v -0.000527746579 -0.0111170273 0.00160221534
v -0.00114865315 -0.0111606954 0.000844187161
v -0.000814019586 -0.0113309601 0.000985191582
f 4660 4662 4661
v -0.000371525061 -0.0112622954 0.00160250329
v -0.000527746579 -0.0111170273 0.00160221534
v -0.000600618841 -0.0113931703 0.00112359521
f 4663 4665 4664
v 3.79547558e-06 -0.0113760419 0.00174829329
v -0.000176504818 -0.0113598144 0.00165112997
v 0.000100773855 -0.0113942151 0.00163623536
f 4666 4668 4667
v -0.000527746579 -0.0111170273 0.00160221534
v -0.000814019586 -0.0113309601 0.000985191582
v -0.000600618841 -0.0113931703 0.00112359521
f 4669 4671 4670
v -0.000973016176 -0.0113224036 0.000804605861
v -0.00114865315 -0.0111606954 0.000844187161
v -0.0011967787 -0.0112796588 0.000521379025
f 4672 4674 4673
v -0.00129583777 -0.0110975692 0.000664569461
v -0.0011967787 -0.0112796588 0.000521379025
v -0.00114865315 -0.0111606954 0.000844187161
f 4675 4677 4676
v -0.00114865315 -0.0111606954 0.000844187161
v -0.000973016176 -0.0113224036 0.000804605861
v -0.000814019586 -0.0113309601 0.000985191582
f 4678 4680 4679
v -0.000879809431 -0.011411406 0.000718273941
v -0.000620383025 -0.0114620285 0.000872927649
v -0.000814019586 -0.0113309601 0.000985191582
f 4681 4683 4682
v -0.000735565072 -0.0114942835 0.000463844844
v -0.000183660666 -0.0115372968 0.00108808654
v -0.000620383025 -0.0114620285 0.000872927649
f 4684 4686 4685
v -0.000138203882 -0.0114797665 0.00137408242
v -0.000620383025 -0.0114620285 0.000872927649
v -0.000183660666 -0.0115372968 0.00108808654
f 4687 4689 4688
v -4.44025176e-05 -0.0115166331 0.000760875946
v -0.000183660666 -0.0115372968 0.00108808654
v -0.000124960593 -0.0115261413 0.000567648567
f 4690 4692 4691
v -0.000124960593 -0.0115261413 0.000567648567
v -0.000117543289 -0.0114994727 0.000392835591
v 2.66908415e-05 -0.0114322771 0.000428305611
f 4693 4695 4694
v -0.000362727314 -0.0115234528 0.000396395353
v -0.000117543289 -0.0114994727 0.000392835591
v -0.000124960593 -0.0115261413 0.000567648567
f 4696 4698 4697
v -0.000183660666 -0.0115372968 0.00108808654
v -0.000735565072 -0.0114942835 0.000463844844
v -0.000362727314 -0.0115234528 0.000396395353
f 4699 4701 4700
v -0.000138203882 -0.0114797665 0.00137408242
v -0.000132902915 -0.0115265328 0.0011565372
v 0.000100773855 -0.0113942151 0.00163623536
f 4702 4704 4703
v -0.000138203882 -0.0114797665 0.00137408242
v -0.000183660666 -0.0115372968 0.00108808654
v -0.000132902915 -0.0115265328 0.0011565372
f 4705 4707 4706
v -0.0011967787 -0.0112796588 0.000521379025
v -0.00129583777 -0.0110975692 0.000664569461
v -0.00135081973 -0.0111371475 0.000487031775
f 4708 4710 4709
v -0.0011967787 -0.0112796588 0.000521379025
v -0.00137179486 -0.0112530979 0.000239430187
v -0.00112636726 -0.0113692346 0.00035033363
f 4711 4713 4712
v -0.000735565072 -0.0114942835 0.000463844844
v -0.000879809431 -0.011411406 0.000718273941
v -0.00112636726 -0.0113692346 0.00035033363
f 4714 4716 4715
v -0.00135399368 -0.0112405476 4.35743068e-06
v -0.00121512594 -0.0113417344 0.000140160455
v -0.00149983516 -0.0111424924 0.00011035213
f 4717 4719 4718
v -0.000892107983 -0.0113178445 -0.000210702979
v -0.000821783397 -0.0114082395 -5.90872901e-05
v -0.00135399368 -0.0112405476 4.35743068e-06
f 4720 4722 4721
v -0.00140426782 -0.0111119843 -0.000185747547
v -0.000892107983 -0.0113178445 -0.000210702979
v -0.00135399368 -0.0112405476 4.35743068e-06
f 4723 4725 4724
v -0.00112636726 -0.0113692346 0.00035033363
v -0.000772882413 -0.0114787086 0.000271579006
v -0.000735565072 -0.0114942835 0.000463844844
f 4726 4728 4727
v -0.00112636726 -0.0113692346 0.00035033363
v -0.00137179486 -0.0112530979 0.000239430187
v -0.00121512594 -0.0113417344 0.000140160455
f 4729 4731 4730
v -0.00121512594 -0.0113417344 0.000140160455
v -0.000821783397 -0.0114082395 -5.90872901e-05
v -0.000772882413 -0.0114787086 0.000271579006
f 4732 4734 4733
v -0.00141557284 -0.00968698587 0.000780441405
v -0.00139634913 -0.0097773067 0.000717397461
v -0.00149324178 -0.00980720797 0.000936138258
f 4735 4737 4736
v -0.00141557284 -0.00968698587 0.000780441405
v -0.00123073769 -0.00956398944 0.000596437667
v -0.00139634913 -0.0097773067 0.000717397461
f 4738 4740 4739
v -0.00139634913 -0.0097773067 0.000717397461
v -0.00120244758 -0.00961985352 0.000547821855
v -0.00132023752 -0.00979389079 0.000496906887
f 4741 4743 4742
v -0.00119031747 -0.00918732185 0.000520263711
v -0.00125529741 -0.00934061827 0.000585519729
v -0.00137866991 -0.00923378393 0.000592879087
f 4744 4746 4745
v -0.00123073769 -0.00956398944 0.000596437667
v -0.00141557284 -0.00968698587 0.000780441405
v -0.00125529741 -0.00934061827 0.000585519729
f 4747 4749 4748
v -0.00142760855 -0.00990608605 0.000691053219
v -0.001406505 -0.0100006328 0.00025867962
v -0.00147800411 -0.010122505 0.000403694776
f 4750 4752 4751
v -0.00152370767 -0.010209543 0.000254111774
v -0.0014868031 -0.0102952297 0.000486982844
v -0.00147800411 -0.010122505 0.000403694776
f 4753 4755 4754
v -0.00150782762 -0.0104343162 0.000405241644
v -0.00152370767 -0.010209543 0.000254111774
v -0.00170434614 -0.010419984 -3.5872074e-05
f 4756 4758 4757
v -0.00147800411 -0.010122505 0.000403694776
v -0.001406505 -0.0100006328 0.00025867962
v -0.00152370767 -0.010209543 0.000254111774
f 4759 4761 4760
v -0.00132023752 -0.00979389079 0.000496906887
v -0.00113377155 -0.00972534617 0.000249973209
v -0.00127064632 -0.00985215738 0.000221435084
f 4762 4764 4763
v -0.00119031747 -0.00918732185 0.000520263711
v -0.00106667903 -0.00913585172 0.000474011995
v -0.000909596747 -0.00940245445 0.000380592496
f 4765 4767 4766
v -0.000546575757 -0.00928418813 0.000351477388
v -0.000668244957 -0.00937439254 0.000342253293
v -0.000909596747 -0.00940245445 0.000380592496
f 4768 4770 4769
v -0.000843811995 -0.00846884941 0.000392877064
v -1.65095585e-05 -0.00930553942 0.000214968759
v -0.000546575757 -0.00928418813 0.000351477388
f 4771 4773 4772
v -0.000843811995 -0.00846884941 0.000392877064
v -0.000546575757 -0.00928418813 0.000351477388
v -0.00106667903 -0.00913585172 0.000474011995
f 4774 4776 4775
v -0.00115598223 -0.00981346238 7.93169022e-05
v -0.00119048518 -0.00988687025 -0.000146987793
v -0.00132048008 -0.00999681433 -0.000306724201
f 4777 4779 4778
v -0.000966190328 -0.00958092642 0.000295932728
v -0.000746123669 -0.00950107205 0.000276535548
v -0.000774957334 -0.00973837596 -7.02708576e-06
f 4780 4782 4781
v -0.000546575757 -0.00928418813 0.000351477388
v -0.000373371518 -0.00943455743 0.000272162697
v -0.000668244957 -0.00937439254 0.000342253293
f 4783 4785 4784
v -0.000373371518 -0.00943455743 0.000272162697
v -0.000486658519 -0.0095084346 0.000224158475
v -0.000746123669 -0.00950107205 0.000276535548
f 4786 4788 4787
v -0.000696908683 -0.00978119206 -0.000131299726
v -0.000774957334 -0.00973837596 -7.02708576e-06
v -0.000486658519 -0.0095084346 0.000224158475
f 4789 4791 4790
v -0.000275588445 -0.00937521691 0.0002787016
v -0.000106597349 -0.00958324017 0.000192844936
v -0.000373371518 -0.00943455743 0.000272162697
f 4792 4794 4793
v -0.000373371518 -0.00943455743 0.000272162697
v -0.000106597349 -0.00958324017 0.000192844936
v -0.000379767016 -0.00959824101 0.000148836682
f 4795 4797 4796
v -0.000275588445 -0.00937521691 0.0002787016
v -1.65095585e-05 -0.00930553942 0.000214968759
v -1.71855405e-05 -0.00945604552 0.000216555645
f 4798 4800 4799
v -0.000379767016 -0.00959824101 0.000148836682
v -0.000696908683 -0.00978119206 -0.000131299726
v -0.000486658519 -0.0095084346 0.000224158475
f 4801 4803 4802
v -0.00115598223 -0.00981346238 7.93169022e-05
v -0.000774957334 -0.00973837596 -7.02708576e-06
v -0.00119048518 -0.00988687025 -0.000146987793
f 4804 4806 4805
v -0.000696908683 -0.00978119206 -0.000131299726
v -0.00119048518 -0.00988687025 -0.000146987793
v -0.000774957334 -0.00973837596 -7.02708576e-06
f 4807 4809 4808
v -0.000696908683 -0.00978119206 -0.000131299726
v -0.000998278301 -0.0099567369 -0.000439956966
v -0.00119048518 -0.00988687025 -0.000146987793
f 4810 4812 4811
v -0.00119048518 -0.00988687025 -0.000146987793
v -0.000998278301 -0.0099567369 -0.000439956966
v -0.00132048008 -0.00999681433 -0.000306724201
f 4813 4815 4814
v -0.000998278301 -0.0099567369 -0.000439956966
v -0.000696908683 -0.00978119206 -0.000131299726
v -0.000931423801 -0.00998711839 -0.000493286097
f 4816 4818 4817
v -7.3970233e-05 -0.00978750249 8.99381575e-05
v -0.000480996096 -0.010135951 -0.000417563751
v -0.000639704558 -0.00981372432 -0.000163740685
f 4819 4821 4820
v -0.000575802233 -0.0102916441 -0.000566568087
v -0.000796233144 -0.010072341 -0.000525046198
v -0.000480996096 -0.010135951 -0.000417563751
f 4822 4824 4823
v -0.00120244758 -0.00961985352 0.000547821855
v -0.00100005182 -0.00946043801 0.000416623334
v -0.000966190328 -0.00958092642 0.000295932728
f 4825 4827 4826
v -0.00127064632 -0.00985215738 0.000221435084
v -0.00115598223 -0.00981346238 7.93169022e-05
v -0.00132048008 -0.00999681433 -0.000306724201
f 4828 4830 4829
v -0.00152370767 -0.010209543 0.000254111774
v -0.00168568295 -0.0102934187 -0.000228264776
v -0.00170434614 -0.010419984 -3.5872074e-05
f 4831 4833 4832
v -0.001406505 -0.0100006328 0.00025867962
v -0.00127064632 -0.00985215738 0.000221435084
v -0.00168568295 -0.0102934187 -0.000228264776
f 4834 4836 4835
v -0.00127064632 -0.00985215738 0.000221435084
v -0.00132048008 -0.00999681433 -0.000306724201
v -0.00168568295 -0.0102934187 -0.000228264776
f 4837 4839 4838
v -0.00158334333 -0.0103616665 -0.000561292836
v -0.00175194582 -0.0105519423 -0.000317974991
v -0.00172876626 -0.0103903083 -0.000321299012
f 4840 4842 4841
v -0.00168568295 -0.0102934187 -0.000228264776
v -0.00158334333 -0.0103616665 -0.000561292836
v -0.00172876626 -0.0103903083 -0.000321299012
f 4843 4845 4844
v -0.00172876626 -0.0103903083 -0.000321299012
v -0.00175194582 -0.0105519423 -0.000317974991
v -0.00175715832 -0.0105078827 -0.000250725293
f 4846 4848 4847
v -0.0016858532 -0.0105586885 2.76823329e-05
v -0.00175715832 -0.0105078827 -0.000250725293
v -0.00170811945 -0.0107368651 -0.000184595945
f 4849 4851 4850
v -0.00170811945 -0.0107368651 -0.000184595945
v -0.00164714074 -0.0108717511 -7.0921817e-05
v -0.00167781727 -0.0107178399 2.48952801e-05
f 4852 4854 4853
v -0.00170811945 -0.0107368651 -0.000184595945
v -0.00157995073 -0.0107874512 -0.000336700214
v -0.00157897266 -0.0109576598 -0.000136540234
f 4855 4857 4856
v -0.00170885287 -0.010660079 -0.000276892365
v -0.00170811945 -0.0107368651 -0.000184595945
v -0.00175715832 -0.0105078827 -0.000250725293
f 4858 4860 4859
v -0.00157995073 -0.0107874512 -0.000336700214
v -0.00140426782 -0.0111119843 -0.000185747547
v -0.00157897266 -0.0109576598 -0.000136540234
f 4861 4863 4862
v -0.00158334333 -0.0103616665 -0.000561292836
v -0.00157995073 -0.0107874512 -0.000336700214
v -0.00175194582 -0.0105519423 -0.000317974991
f 4864 4866 4865
v -0.00125569604 -0.0108820212 -0.00052600717
v -0.00157995073 -0.0107874512 -0.000336700214
v -0.00158334333 -0.0103616665 -0.000561292836
f 4867 4869 4868
v -0.00158334333 -0.0103616665 -0.000561292836
v -0.00146980074 -0.010362421 -0.000618584318
v -0.00125569604 -0.0108820212 -0.00052600717
f 4870 4872 4871
v -0.00125569604 -0.0108820212 -0.00052600717
v -0.0012661365 -0.0110545901 -0.000371393253
v -0.00139166523 -0.0109687906 -0.000378646291
f 4873 4875 4874
v -0.00132048008 -0.00999681433 -0.000306724201
v -0.00140705843 -0.0101773599 -0.000546429874
v -0.0014687389 -0.0102108046 -0.000560830813
f 4876 4878 4877
v -0.00158334333 -0.0103616665 -0.000561292836
v -0.0014687389 -0.0102108046 -0.000560830813
v -0.00146980074 -0.010362421 -0.000618584318
f 4879 4881 4880
v -0.0014687389 -0.0102108046 -0.000560830813
v -0.00140705843 -0.0101773599 -0.000546429874
v -0.00138378264 -0.010280883 -0.000624759787
f 4882 4884 4883
v -0.000982529764 -0.0106505569 -0.000682211839
v -0.00108796194 -0.0107841937 -0.000625245093
v -0.00146980074 -0.010362421 -0.000618584318
f 4885 4887 4886
v -0.000796233144 -0.010072341 -0.000525046198
v -0.000575802233 -0.0102916441 -0.000566568087
v -0.00101349005 -0.0101718229 -0.000659066654
f 4888 4890 4889
v -0.00132048008 -0.00999681433 -0.000306724201
v -0.000998278301 -0.0099567369 -0.000439956966
v -0.0011014663 -0.0100848367 -0.000577374203
f 4891 4893 4892
v -0.0011014663 -0.0100848367 -0.000577374203
v -0.00101349005 -0.0101718229 -0.000659066654
v -0.00126882342 -0.0102341168 -0.000651275923
f 4894 4896 4895
v -0.00140705843 -0.0101773599 -0.000546429874
v -0.0011014663 -0.0100848367 -0.000577374203
v -0.00126882342 -0.0102341168 -0.000651275923
f 4897 4899 4898
v -0.00101349005 -0.0101718229 -0.000659066654
v -0.00105878325 -0.0103484512 -0.000683790722
v -0.00126882342 -0.0102341168 -0.000651275923
f 4900 4902 4901
v -0.00101349005 -0.0101718229 -0.000659066654
v -0.000860759974 -0.0105559542 -0.000693119409
v -0.00105878325 -0.0103484512 -0.000683790722
f 4903 4905 4904
v -0.00168568295 -0.0102934187 -0.000228264776
v -0.00132048008 -0.00999681433 -0.000306724201
v -0.0014687389 -0.0102108046 -0.000560830813
f 4906 4908 4907
v -0.00175715832 -0.0105078827 -0.000250725293
v -0.00175194582 -0.0105519423 -0.000317974991
v -0.00170885287 -0.010660079 -0.000276892365
f 4909 4911 4910
v -0.00175715832 -0.0105078827 -0.000250725293
v -0.0016858532 -0.0105586885 2.76823329e-05
v -0.00170434614 -0.010419984 -3.5872074e-05
f 4912 4914 4913
v 0.000211490237 -0.011159986 0.000330662533
v 0.000235532411 -0.0101809899 0.000150768267
v 0.000466987558 -0.0108096428 0.000560142053
f 4915 4917 4916
v -5.43067415e-05 -0.0114267124 0.000265633821
v 7.82529355e-05 -0.0112538663 0.000198279918
v 2.66908415e-05 -0.0114322771 0.000428305611
f 4918 4920 4919
v -2.64403948e-06 -0.0113106093 0.00015768843
v 7.82529355e-05 -0.0112538663 0.000198279918
v -5.43067415e-05 -0.0114267124 0.000265633821
f 4921 4923 4922
v -2.64403948e-06 -0.0113106093 0.00015768843
v -5.43067415e-05 -0.0114267124 0.000265633821
v -0.000243921318 -0.0114089111 6.77075604e-05
f 4924 4926 4925
v -0.000117543289 -0.0114994727 0.000392835591
v -5.43067415e-05 -0.0114267124 0.000265633821
v 2.66908415e-05 -0.0114322771 0.000428305611
f 4927 4929 4928
v 0.000235532411 -0.0101809899 0.000150768267
v 0.000211490237 -0.011159986 0.000330662533
v 9.00853763e-05 -0.0111242596 0.000156361659
f 4930 4932 4931
v -2.64403948e-06 -0.0113106093 0.00015768843
v 2.51708371e-05 -0.0111576403 6.7517658e-05
v 9.00853763e-05 -0.0111242596 0.000156361659
f 4933 4935 4934
v 9.00853763e-05 -0.0111242596 0.000156361659
v 7.82529355e-05 -0.0112538663 0.000198279918
v -2.64403948e-06 -0.0113106093 0.00015768843
f 4936 4938 4937
v -0.000170672968 -0.011070988 -0.000206491654
v 2.51708371e-05 -0.0111576403 6.7517658e-05
v -9.45060265e-05 -0.0112359849 -1.91657477e-05
f 4939 4941 4940
v 0.000122538006 -0.0097695658 0.000194304675
v -7.3970233e-05 -0.00978750249 8.99381575e-05
v -0.000106597349 -0.00958324017 0.000192844936
f 4942 4944 4943
v 0.000247350067 -0.00954691641 0.00024787355
v 0.000122538006 -0.0097695658 0.000194304675
v -0.000106597349 -0.00958324017 0.000192844936
f 4945 4947 4946
v -0.000405391575 -0.0103143073 -0.00048021775
v -7.3970233e-05 -0.00978750249 8.99381575e-05
v 0.000163820323 -0.0100601435 0.000115608646
f 4948 4950 4949
v 0.000368086057 -0.0100822974 0.000266205507
v 0.000235532411 -0.0101809899 0.000150768267
v 0.000163820323 -0.0100601435 0.000115608646
f 4951 4953 4952
v 0.000313582245 -0.0099355093 0.000224375117
v 0.000122538006 -0.0097695658 0.000194304675
v 0.00039177994 -0.00982251295 0.000272694024
f 4954 4956 4955
v 0.000368086057 -0.0100822974 0.000266205507
v 0.000163820323 -0.0100601435 0.000115608646
v 0.000313582245 -0.0099355093 0.000224375117
f 4957 4959 4958
v -0.000480996096 -0.010135951 -0.000417563751
v -0.000405391575 -0.0103143073 -0.00048021775
v -0.000575802233 -0.0102916441 -0.000566568087
f 4960 4962 4961
v 0.000163820323 -0.0100601435 0.000115608646
v -4.19579237e-05 -0.0104429637 -0.000201724265
v -0.000405391575 -0.0103143073 -0.00048021775
f 4963 4965 4964
v -4.19579237e-05 -0.0104429637 -0.000201724265
v -0.000133862579 -0.010557213 -0.000333151547
v -0.000405391575 -0.0103143073 -0.00048021775
f 4966 4968 4967
v 0.000615398949 -0.0101929669 0.000492748586
v 0.000632070123 -0.0104678838 0.000617717751
v 0.000479005712 -0.0103612634 0.000455051213
f 4969 4971 4970
v 0.000636714003 -0.0106529573 0.000702544685
v 0.000495370523 -0.010501199 0.000519215519
v 0.000632070123 -0.0104678838 0.000617717751
f 4972 4974 4973
v 2.51708371e-05 -0.0111576403 6.7517658e-05
v 0.000235532411 -0.0101809899 0.000150768267
v 9.00853763e-05 -0.0111242596 0.000156361659
f 4975 4977 4976
v 2.51708371e-05 -0.0111576403 6.7517658e-05
v -0.000225177155 -0.0106457068 -0.00042393367
v -0.000133862579 -0.010557213 -0.000333151547
f 4978 4980 4979
v 2.51708371e-05 -0.0111576403 6.7517658e-05
v -0.000170672968 -0.011070988 -0.000206491654
v -0.000225177155 -0.0106457068 -0.00042393367
f 4981 4983 4982
v 2.51708371e-05 -0.0111576403 6.7517658e-05
v -0.000133862579 -0.010557213 -0.000333151547
v -4.19579237e-05 -0.0104429637 -0.000201724265
f 4984 4986 4985
v -0.00125569604 -0.0108820212 -0.00052600717
v -0.000705177217 -0.011114381 -0.00049119335
v -0.0012661365 -0.0110545901 -0.000371393253
f 4987 4989 4988
v -0.000705177217 -0.011114381 -0.00049119335
v -0.000892107983 -0.0113178445 -0.000210702979
v -0.0012661365 -0.0110545901 -0.000371393253
f 4990 4992 4991
v -0.000705177217 -0.011114381 -0.00049119335
v -0.000554495409 -0.0112245049 -0.000363211984
v -0.000654837731 -0.0114045237 -0.000124545272
f 4993 4995 4994
v -0.000462232401 -0.0115000897 0.000209563837
v -0.000598088536 -0.011429275 -4.18379955e-05
v -0.000243921318 -0.0114089111 6.77075604e-05
f 4996 4998 4997
v -0.000342028466 -0.0112640497 -0.0002092356
v -0.000368519136 -0.0113404094 -0.00012104299
v -0.000654837731 -0.0114045237 -0.000124545272
f 4999 5001 5000
v -0.000554495409 -0.0112245049 -0.000363211984
v -0.000342028466 -0.0112640497 -0.0002092356
v -0.000654837731 -0.0114045237 -0.000124545272
f 5002 5004 5003
v -0.000243921318 -0.0114089111 6.77075604e-05
v -0.000368519136 -0.0113404094 -0.00012104299
v -0.000168836982 -0.0112973525 -3.5130472e-05
f 5005 5007 5006
v -0.000243921318 -0.0114089111 6.77075604e-05
v -0.000168836982 -0.0112973525 -3.5130472e-05
v -2.64403948e-06 -0.0113106093 0.00015768843
f 5008 5010 5009
v -0.000168836982 -0.0112973525 -3.5130472e-05
v -0.000342028466 -0.0112640497 -0.0002092356
v -9.45060265e-05 -0.0112359849 -1.91657477e-05
f 5011 5013 5012
v -0.000168836982 -0.0112973525 -3.5130472e-05
v -0.000368519136 -0.0113404094 -0.00012104299
v -0.000342028466 -0.0112640497 -0.0002092356
f 5014 5016 5015
v -9.45060265e-05 -0.0112359849 -1.91657477e-05
v -0.000342028466 -0.0112640497 -0.0002092356
v -0.000170672968 -0.011070988 -0.000206491654
f 5017 5019 5018
v -0.000860759974 -0.0105559542 -0.000693119409
v -0.000709447886 -0.0107892833 -0.000635379229
v -0.000982529764 -0.0106505569 -0.000682211839
f 5020 5022 5021
v -0.000709447886 -0.0107892833 -0.000635379229
v -0.000567035931 -0.0105211526 -0.000648362447
v -0.000524759525 -0.0105904124 -0.000630472505
f 5023 5025 5024
v -0.000982529764 -0.0106505569 -0.000682211839
v -0.000709447886 -0.0107892833 -0.000635379229
v -0.000821428785 -0.0109553388 -0.000583335759
f 5026 5028 5027
v -0.00052335854 -0.0110394285 -0.000516456021
v -0.00052880323 -0.0108529406 -0.000569853
v -0.000325114729 -0.0108682107 -0.00043716791
f 5029 5031 5030
v -0.000405391575 -0.0103143073 -0.00048021775
v -0.000567035931 -0.0105211526 -0.000648362447
v -0.000575802233 -0.0102916441 -0.000566568087
f 5032 5034 5033
v -0.00052880323 -0.0108529406 -0.000569853
v -0.000709447886 -0.0107892833 -0.000635379229
v -0.000524759525 -0.0105904124 -0.000630472505
f 5035 5037 5036
v -0.000325114729 -0.0108682107 -0.00043716791
v -0.000170672968 -0.011070988 -0.000206491654
v -0.000417451065 -0.0111002679 -0.000398923476
f 5038 5040 5039
v -0.000225177155 -0.0106457068 -0.00042393367
v -0.000170672968 -0.011070988 -0.000206491654
v -0.000325114729 -0.0108682107 -0.00043716791
f 5041 5043 5042
v -0.00149324178 -0.00980720797 0.000936138258
v -0.00139634913 -0.0097773067 0.000717397461
v -0.00145560098 -0.00990703484 0.000873752469
f 5044 5046 5045
v -0.00150782762 -0.0104343162 0.000405241644
v -0.0014868031 -0.0102952297 0.000486982844
v -0.00152370767 -0.010209543 0.000254111774
f 5047 5049 5048
v -0.000821783397 -0.0114082395 -5.90872901e-05
v -0.000598088536 -0.011429275 -4.18379955e-05
v -0.000772882413 -0.0114787086 0.000271579006
f 5050 5052 5051
v -7.3970233e-05 -0.00978750249 8.99381575e-05
v -0.000379767016 -0.00959824101 0.000148836682
v -0.000106597349 -0.00958324017 0.000192844936
f 5053 5055 5054
v -0.00149983516 -0.0111424924 0.00011035213
v -0.00137179486 -0.0112530979 0.000239430187
v -0.00147163364 -0.0110891764 0.000304660261
f 5056 5058 5057
v -0.000168836982 -0.0112973525 -3.5130472e-05
v -9.45060265e-05 -0.0112359849 -1.91657477e-05
v -2.64403948e-06 -0.0113106093 0.00015768843
f 5059 5061 5060
v 0.000932974126 -0.0100529112 0.00333318167
v 0.00153749297 -0.0101937076 0.00341707746
v 0.000904183798 -0.00984468643 0.00344090549
f 5062 5064 5063
v 0.00103328939 -0.0103776874 0.00316111255
v 0.00155436646 -0.0103552171 0.00332047384
v 0.00153749297 -0.0101937076 0.00341707746
f 5065 5067 5066
v 0.00126615041 -0.0107053216 0.00292642435
v 0.00169739396 -0.0104216699 0.00321075458
v 0.00155436646 -0.0103552171 0.00332047384
f 5068 5070 5069
v 0.00074789441 -0.0106254563 0.00311004151
v 0.000879579147 -0.010525067 0.0030825071
v 0.00073545234 -0.0104885476 0.00320065628
f 5071 5073 5072
v 0.000739613279 -0.0108744774 0.00295171139
v 0.000836570871 -0.010698098 0.00296041217
v 0.00074789441 -0.0106254563 0.00311004151
f 5074 5076 5075
v 0.000620910851 -0.0106958127 0.00327800844
v 0.00074789441 -0.0106254563 0.00311004151
v 0.00073545234 -0.0104885476 0.00320065628
f 5077 5079 5078
v 0.000739613279 -0.0108744774 0.00295171139
v 0.000896426991 -0.0107761727 0.0028838931
v 0.000836570871 -0.010698098 0.00296041217
f 5080 5082 5081
v 0.000715458691 -0.0110592242 0.00276510891
v 0.000819875186 -0.0110199646 0.00269500051
v 0.000739613279 -0.0108744774 0.00295171139
f 5083 5085 5084
v 0.000896426991 -0.0107761727 0.0028838931
v 0.00100615807 -0.0105270323 0.0030464842
v 0.000836570871 -0.010698098 0.00296041217
f 5086 5088 5087
v 0.000836570871 -0.010698098 0.00296041217
v 0.00100615807 -0.0105270323 0.0030464842
v 0.000879579147 -0.010525067 0.0030825071
f 5089 5091 5090
v 0.00100615807 -0.0105270323 0.0030464842
v 0.00126615041 -0.0107053216 0.00292642435
v 0.00103328939 -0.0103776874 0.00316111255
f 5092 5094 5093
v 0.00126615041 -0.0107053216 0.00292642435
v 0.00105251975 -0.0107621941 0.00286486065
v 0.00100047464 -0.011064596 0.00250498033
f 5095 5097 5096
v 0.000819875186 -0.0110199646 0.00269500051
v 0.00100047464 -0.011064596 0.00250498033
v 0.000977967102 -0.0109248424 0.00270192286
f 5098 5100 5099
v 0.000977967102 -0.0109248424 0.00270192286
v 0.00100047464 -0.011064596 0.00250498033
v 0.00105251975 -0.0107621941 0.00286486065
f 5101 5103 5102
v 0.000819875186 -0.0110199646 0.00269500051
v 0.000896426991 -0.0107761727 0.0028838931
v 0.000739613279 -0.0108744774 0.00295171139
f 5104 5106 5105
v 0.000896426991 -0.0107761727 0.0028838931
v 0.00105251975 -0.0107621941 0.00286486065
v 0.00100615807 -0.0105270323 0.0030464842
f 5107 5109 5108
v 0.000465336279 -0.0111432426 0.0030158224
v 0.000715458691 -0.0110592242 0.00276510891
v 0.000739613279 -0.0108744774 0.00295171139
f 5110 5112 5111
v 0.00169739396 -0.0104216699 0.00321075458
v 0.00177918882 -0.0103158927 0.00325390101
v 0.00171902284 -0.0102097219 0.0033841945
f 5113 5115 5114
v 0.00177918882 -0.0103158927 0.00325390101
v 0.00216243516 -0.0101119607 0.0029700348
v 0.00196209294 -0.010097614 0.00325470755
f 5116 5118 5117
v 0.00177457041 -0.0105016014 0.0029698389
v 0.00177918882 -0.0103158927 0.00325390101
v 0.00169739396 -0.0104216699 0.00321075458
f 5119 5121 5120
v 0.00177457041 -0.0105016014 0.0029698389
v 0.00173269982 -0.0106157997 0.00284291564
v 0.00234796735 -0.0100950601 0.00276033225
f 5122 5124 5123
v 0.00173269982 -0.0106157997 0.00284291564
v 0.0018925939 -0.010684631 0.00250756821
v 0.00234796735 -0.0100950601 0.00276033225
f 5125 5127 5126
v 0.00100047464 -0.011064596 0.00250498033
v 0.00173269982 -0.0106157997 0.00284291564
v 0.00169739396 -0.0104216699 0.00321075458
f 5128 5130 5129
v 0.00165250367 -0.0108085391 0.00257453394
v 0.00173269982 -0.0106157997 0.00284291564
v 0.00100047464 -0.011064596 0.00250498033
f 5131 5133 5132
v 0.00148616928 -0.010982441 0.00197841946
v 0.00176992162 -0.0108276603 0.00204460393
v 0.00177058682 -0.0108406814 0.00224024934
f 5134 5136 5135
v 0.00146589091 -0.0109737535 0.00237399017
v 0.00177058682 -0.0108406814 0.00224024934
v 0.00165250367 -0.0108085391 0.00257453394
f 5137 5139 5138
v 0.00165250367 -0.0108085391 0.00257453394
v 0.00177058682 -0.0108406814 0.00224024934
v 0.0018925939 -0.010684631 0.00250756821
f 5140 5142 5141
v 0.00179541621 -0.0102251455 0.00332396194
v 0.00171902284 -0.0102097219 0.0033841945
v 0.00177918882 -0.0103158927 0.00325390101
f 5143 5145 5144
v 0.000335421737 -0.0112907175 0.0028702656
v 0.000715458691 -0.0110592242 0.00276510891
v 0.000465336279 -0.0111432426 0.0030158224
f 5146 5148 5147
v 0.000278177913 -0.0113625007 0.00259294047
v 0.000448918672 -0.0113116934 0.00229111938
v 0.000583342535 -0.0112534311 0.00247370463
f 5149 5151 5150
v 0.000819875186 -0.0110199646 0.00269500051
v 0.000800732505 -0.0111202877 0.00258300533
v 0.00100047464 -0.011064596 0.00250498033
f 5152 5154 5153
v 0.000949701007 -0.0111552399 0.00228691497
v 0.00100047464 -0.011064596 0.00250498033
v 0.000800732505 -0.0111202877 0.00258300533
f 5155 5157 5156
v 0.000448918672 -0.0113116934 0.00229111938
v 0.000949701007 -0.0111552399 0.00228691497
v 0.000583342535 -0.0112534311 0.00247370463
f 5158 5160 5159
v 0.000800732505 -0.0111202877 0.00258300533
v 0.000819875186 -0.0110199646 0.00269500051
v 0.000715458691 -0.0110592242 0.00276510891
f 5161 5163 5162
v 0.000335421737 -0.0112907175 0.0028702656
v 0.000583342535 -0.0112534311 0.00247370463
v 0.000800732505 -0.0111202877 0.00258300533
f 5164 5166 5165
v 0.000583342535 -0.0112534311 0.00247370463
v 0.000949701007 -0.0111552399 0.00228691497
v 0.000800732505 -0.0111202877 0.00258300533
f 5167 5169 5168
v 1.46559231e-05 -0.0114063718 0.00252138962
v 8.03541411e-05 -0.0113674425 0.00232591447
v 0.000448918672 -0.0113116934 0.00229111938
f 5170 5172 5171
v 8.03541411e-05 -0.0113674425 0.00232591447
v 0.000237214226 -0.0113320391 0.00204708012
v 0.000448918672 -0.0113116934 0.00229111938
f 5173 5175 5174
v 0.000115379612 -0.011376616 0.00180186344
v 0.000100773855 -0.0113942151 0.00163623536
v 0.000442324153 -0.0112152324 0.00167817016
f 5176 5178 5177
v 0.000740975975 -0.0112488022 0.00196881811
v 0.000237214226 -0.0113320391 0.00204708012
v 0.000363803133 -0.0112988841 0.0019846053
f 5179 5181 5180
v 0.000617910655 -0.0111890819 0.00168422266
v 0.000865655329 -0.0112173213 0.00182657932
v 0.000363803133 -0.0112988841 0.0019846053
f 5182 5184 5183
v 0.000521344191 -0.0111497298 0.00157554296
v 0.000904005719 -0.0106980908 0.00103298762
v 0.000723011499 -0.0111036446 0.00157206105
f 5185 5187 5186
v 0.000617910655 -0.0111890819 0.00168422266
v 0.000363803133 -0.0112988841 0.0019846053
v 0.000442324153 -0.0112152324 0.00167817016
f 5188 5190 5189
v 0.000617910655 -0.0111890819 0.00168422266
v 0.000977357649 -0.0111610825 0.00168427105
v 0.000865655329 -0.0112173213 0.00182657932
f 5191 5193 5192
v 0.000949701007 -0.0111552399 0.00228691497
v 0.00146589091 -0.0109737535 0.00237399017
v 0.00100047464 -0.011064596 0.00250498033
f 5194 5196 5195
v 0.000949701007 -0.0111552399 0.00228691497
v 0.00110781839 -0.0111486414 0.0018165103
v 0.00146589091 -0.0109737535 0.00237399017
f 5197 5199 5198
v 0.00110781839 -0.0111486414 0.0018165103
v 0.000977357649 -0.0111610825 0.00168427105
v 0.00113798451 -0.011103943 0.00165568654
f 5200 5202 5201
v 0.000448918672 -0.0113116934 0.00229111938
v 0.000740975975 -0.0112488022 0.00196881811
v 0.000949701007 -0.0111552399 0.00228691497
f 5203 5205 5204
v 1.46559231e-05 -0.0114063718 0.00252138962
v 0.000448918672 -0.0113116934 0.00229111938
v 0.000278177913 -0.0113625007 0.00259294047
f 5206 5208 5207
v 0.00251102283 -0.00991070701 0.00273126898
v 0.00234796735 -0.0100950601 0.00276033225
v 0.00258816035 -0.0100123703 0.00254944989
f 5209 5211 5210
v 0.00234796735 -0.0100950601 0.00276033225
v 0.00266304596 -0.010053665 0.0024255789
v 0.00258816035 -0.0100123703 0.00254944989
f 5212 5214 5213
v 0.00234796735 -0.0100950601 0.00276033225
v 0.00231793074 -0.0103635248 0.0024181245
v 0.00266304596 -0.010053665 0.0024255789
f 5215 5217 5216
v 0.00177058682 -0.0108406814 0.00224024934
v 0.00242388433 -0.0103418563 0.00218561563
v 0.00231793074 -0.0103635248 0.0024181245
f 5218 5220 5219
v 0.00231793074 -0.0103635248 0.0024181245
v 0.0018925939 -0.010684631 0.00250756821
v 0.00177058682 -0.0108406814 0.00224024934
f 5221 5223 5222
v 0.00176992162 -0.0108276603 0.00204460393
v 0.00234046784 -0.0104060171 0.00203011132
v 0.00177058682 -0.0108406814 0.00224024934
f 5224 5226 5225
v 0.00217504767 -0.0104729501 0.00184874825
v 0.00234046784 -0.0104060171 0.00203011132
v 0.00176992162 -0.0108276603 0.00204460393
f 5227 5229 5228
v 0.00179984509 -0.0105973966 0.00150602827
v 0.00209130758 -0.010411824 0.00150330479
v 0.00217504767 -0.0104729501 0.00184874825
f 5230 5232 5231
v 0.00266304596 -0.010053665 0.0024255789
v 0.0028479777 -0.00985263978 0.00232181737
v 0.00258816035 -0.0100123703 0.00254944989
f 5233 5235 5234
v 0.00234046784 -0.0104060171 0.00203011132
v 0.00263618276 -0.0102188802 0.00206441891
v 0.00242388433 -0.0103418563 0.00218561563
f 5236 5238 5237
v 0.00277422332 -0.0100479592 0.00221689315
v 0.00293225639 -0.00987349049 0.00199033057
v 0.0028479777 -0.00985263978 0.00232181737
f 5239 5241 5240
v 0.00293225639 -0.00987349049 0.00199033057
v 0.00294827587 -0.00973080969 0.00216669887
v 0.0028479777 -0.00985263978 0.00232181737
f 5242 5244 5243
v 0.00265105009 -0.0101581361 0.0016587921
v 0.00285356073 -0.00998893956 0.00176170615
v 0.00277782729 -0.0100950499 0.00194105196
f 5245 5247 5246
v 0.00277782729 -0.0100950499 0.00194105196
v 0.00285356073 -0.00998893956 0.00176170615
v 0.00293225639 -0.00987349049 0.00199033057
f 5248 5250 5249
v 0.00248377601 -0.0102657126 0.00164322173
v 0.00265105009 -0.0101581361 0.0016587921
v 0.00256996955 -0.0102708807 0.00183857246
f 5251 5253 5252
v 0.00209130758 -0.010411824 0.00150330479
v 0.00194977329 -0.0101851874 0.0010144875
v 0.00248377601 -0.0102657126 0.00164322173
f 5254 5256 5255
v 0.00231793074 -0.0103635248 0.0024181245
v 0.00277422332 -0.0100479592 0.00221689315
v 0.00266304596 -0.010053665 0.0024255789
f 5257 5259 5258
v 0.00234046784 -0.0104060171 0.00203011132
v 0.00256996955 -0.0102708807 0.00183857246
v 0.00263618276 -0.0102188802 0.00206441891
f 5260 5262 5261
v 0.000607779248 -0.010972844 0.00107613423
v 0.000904005719 -0.0106980908 0.00103298762
v 0.000521344191 -0.0111497298 0.00157554296
f 5263 5265 5264
v 0.0011833743 -0.0108541804 0.00131643219
v 0.00113552896 -0.0109893495 0.00144684327
v 0.0010037741 -0.0107097927 0.00110678939
f 5266 5268 5267
v 0.000904005719 -0.0106980908 0.00103298762
v 0.000628502085 -0.0108378488 0.000889122566
v 0.000712652809 -0.0106874024 0.000809279663
f 5269 5271 5270
v 0.000904005719 -0.0106980908 0.00103298762
v 0.00075481571 -0.010812554 0.00104495639
v 0.000628502085 -0.0108378488 0.000889122566
f 5272 5274 5273
v 0.000628502085 -0.0108378488 0.000889122566
v 0.00075481571 -0.010812554 0.00104495639
v 0.000607779248 -0.010972844 0.00107613423
f 5275 5277 5276
v 0.0010037741 -0.0107097927 0.00110678939
v 0.000904005719 -0.0106980908 0.00103298762
v 0.000974261911 -0.0105500767 0.000908027141
f 5278 5280 5279
v 0.00131001643 -0.0109270557 0.0014826267
v 0.00176992162 -0.0108276603 0.00204460393
v 0.00148616928 -0.010982441 0.00197841946
f 5281 5283 5282
v 0.00113798451 -0.011103943 0.00165568654
v 0.00131001643 -0.0109270557 0.0014826267
v 0.00148616928 -0.010982441 0.00197841946
f 5284 5286 5285
v 0.00131001643 -0.0109270557 0.0014826267
v 0.0015424268 -0.0105678198 0.00121253588
v 0.00179984509 -0.0105973966 0.00150602827
f 5287 5289 5288
v 0.000811378504 -0.0103025392 0.000631069588
v 0.000965376785 -0.0103130064 0.000703717751
v 0.000974261911 -0.0105500767 0.000908027141
f 5290 5292 5291
v 0.000811378504 -0.0103025392 0.000631069588
v 0.000974261911 -0.0105500767 0.000908027141
v 0.000712652809 -0.0106874024 0.000809279663
f 5293 5295 5294
v 0.000965376785 -0.0103130064 0.000703717751
v 0.0014097961 -0.0101647754 0.000691341438
v 0.000974261911 -0.0105500767 0.000908027141
f 5296 5298 5297
v 0.00113552896 -0.0109893495 0.00144684327
v 0.00131001643 -0.0109270557 0.0014826267
v 0.00113798451 -0.011103943 0.00165568654
f 5299 5301 5300
v 0.00263618276 -0.0102188802 0.00206441891
v 0.00256996955 -0.0102708807 0.00183857246
v 0.00277782729 -0.0100950499 0.00194105196
f 5302 5304 5303
v 0.000723011499 -0.0111036446 0.00157206105
v 0.00113552896 -0.0109893495 0.00144684327
v 0.000977357649 -0.0111610825 0.00168427105
f 5305 5307 5306
v 0.000977357649 -0.0111610825 0.00168427105
v 0.00113552896 -0.0109893495 0.00144684327
v 0.00113798451 -0.011103943 0.00165568654
f 5308 5310 5309
v 4.39002719e-05 -0.0115038798 0.000819479192
v 0.000607779248 -0.010972844 0.00107613423
v 0.000165557958 -0.0114043869 0.000980971163
f 5311 5313 5312
v -0.000132902915 -0.0115265328 0.0011565372
v 4.33215945e-05 -0.0114800641 0.00115604953
v 0.000100773855 -0.0113942151 0.00163623536
f 5314 5316 5315
v -4.44025176e-05 -0.0115166331 0.000760875946
v 0.000104687763 -0.0113917704 0.000565637492
v 4.39002719e-05 -0.0115038798 0.000819479192
f 5317 5319 5318
v 0.000607779248 -0.010972844 0.00107613423
v 0.000375795526 -0.0111087153 0.000653945381
v 0.000628502085 -0.0108378488 0.000889122566
f 5320 5322 5321
v 0.000211490237 -0.011159986 0.000330662533
v 0.000466987558 -0.0108096428 0.000560142053
v 0.000375795526 -0.0111087153 0.000653945381
f 5323 5325 5324
v 0.000628502085 -0.0108378488 0.000889122566
v 0.000466987558 -0.0108096428 0.000560142053
v 0.000636714003 -0.0106529573 0.000702544685
f 5326 5328 5327
v 0.000211490237 -0.011159986 0.000330662533
v 0.000375795526 -0.0111087153 0.000653945381
v 0.000104687763 -0.0113917704 0.000565637492
f 5329 5331 5330
v 2.66908415e-05 -0.0114322771 0.000428305611
v 0.000211490237 -0.011159986 0.000330662533
v 0.000104687763 -0.0113917704 0.000565637492
f 5332 5334 5333
v -0.000124960593 -0.0115261413 0.000567648567
v 2.66908415e-05 -0.0114322771 0.000428305611
v 0.000104687763 -0.0113917704 0.000565637492
f 5335 5337 5336
v -0.00104943283 -0.00875106489 0.00348230205
v -0.00112519747 -0.00893331817 0.00352818861
v -0.000957742759 -0.00888440845 0.0035242887
f 5338 5340 5339
v -0.00112519747 -0.00893331817 0.00352818861
v -0.000859699685 -0.00903549662 0.00353782416
v -0.000957742759 -0.00888440845 0.0035242887
f 5341 5343 5342
v -0.000675843285 -0.0109339031 0.00206792793
v -0.000156013448 -0.0112639391 0.00215057462
v -0.000436336313 -0.0113778391 0.00293550074
f 5344 5346 5345
v 0.000465336279 -0.0111432426 0.0030158224
v 0.000739613279 -0.0108744774 0.00295171139
v 0.000533564025 -0.0110422719 0.00310019859
f 5347 5349 5348
v -0.000305081312 -0.0116040348 0.00405874343
v -0.00035034102 -0.0116449752 0.00394978124
v -0.000158301475 -0.0116172792 0.00391013127
f 5350 5352 5351
v -0.000167485848 -0.0114672483 0.00285367769
v -0.000182663177 -0.011421222 0.00264594764
v 1.46559231e-05 -0.0114063718 0.00252138962
f 5353 5355 5354
v 0.000823921528 -0.0101746686 0.00329253198
v 0.000921646733 -0.0103732229 0.00316229198
v 0.00103328939 -0.0103776874 0.00316111255
f 5356 5358 5357
v 7.71571933e-05 -0.0113361173 0.00213676303
v -0.000138579685 -0.0113227827 0.00184581186
v 3.79547558e-06 -0.0113760419 0.00174829329
f 5359 5361 5360
v 4.39002719e-05 -0.0115038798 0.000819479192
v -0.000183660666 -0.0115372968 0.00108808654
v -4.44025176e-05 -0.0115166331 0.000760875946
f 5362 5364 5363
v -1.65095585e-05 -0.00930553942 0.000214968759
v -0.000275588445 -0.00937521691 0.0002787016
v -0.000546575757 -0.00928418813 0.000351477388
f 5365 5367 5366
v -0.00072108287 -0.00339397848 0.00358413199
v -0.00133118601 -0.00345350963 0.0032926011
v -0.000437724475 -0.00348183603 0.00369131194
f 5368 5370 5369
v -0.00072108287 -0.00339397848 0.00358413199
v -0.00106427633 -0.0033563756 0.00345681692
v -0.00133118601 -0.00345350963 0.0032926011
f 5371 5373 5372
v 0.000155713099 -0.00293936064 0.00378738441
v 7.00178191e-05 -0.00303710476 0.00379007943
v 4.08169456e-05 -0.00317149788 0.00380774545
f 5374 5376 5375
v 7.00178191e-05 -0.00303710476 0.00379007943
v 0.000155713099 -0.00293936064 0.00378738441
v -8.89984278e-05 -0.00300233187 0.00377147844
f 5377 5379 5378
v -8.89984278e-05 -0.00300233187 0.00377147844
v -0.000167319126 -0.00321586922 0.00380776801
v -9.71008944e-05 -0.00308085037 0.00381789214
f 5380 5382 5381
v -0.00106427633 -0.0033563756 0.00345681692
v -0.00068627337 -0.00308377166 0.00352748357
v -0.0010826644 -0.00317586455 0.00338841564
f 5383 5385 5384
v -0.00068627337 -0.00308377166 0.00352748357
v -0.00106427633 -0.0033563756 0.00345681692
v -0.00072108287 -0.00339397848 0.00358413199
f 5386 5388 5387
v -0.000285531905 -0.00332854142 0.00377041506
v -0.000111568113 -0.00377175493 0.00368816945
v -0.000167319126 -0.00321586922 0.00380776801
f 5389 5391 5390
v -0.000167319126 -0.00321586922 0.00380776801
v -0.000345285071 -0.00310781834 0.00371537499
v -0.000285531905 -0.00332854142 0.00377041506
f 5392 5394 5393
v -0.000345285071 -0.00310781834 0.00371537499
v -0.000196159158 -0.00268289823 0.00362795217
v -0.000358212196 -0.00257358206 0.00350115843
f 5395 5397 5396
v -0.0010826644 -0.00317586455 0.00338841564
v -0.000796448239 -0.00279133092 0.00331059528
v -0.00114875202 -0.0029429224 0.00321877596
f 5398 5400 5399
v -0.00068627337 -0.00308377166 0.00352748357
v -0.000358212196 -0.00257358206 0.00350115843
v -0.000796448239 -0.00279133092 0.00331059528
f 5401 5403 5402
v -0.000167319126 -0.00321586922 0.00380776801
v -8.89984278e-05 -0.00300233187 0.00377147844
v -0.000345285071 -0.00310781834 0.00371537499
f 5404 5406 5405
v -0.00072108287 -0.00339397848 0.00358413199
v -0.000345285071 -0.00310781834 0.00371537499
v -0.00068627337 -0.00308377166 0.00352748357
f 5407 5409 5408
v -8.89984278e-05 -0.00300233187 0.00377147844
v 0.000155713099 -0.00293936064 0.00378738441
v -0.000196159158 -0.00268289823 0.00362795217
f 5410 5412 5411
v 0.000839526729 -0.00228558711 0.00348825342
v 0.00105958652 -0.0020268415 0.00337446727
v 0.000631885587 -0.001990073 0.00328361602
f 5413 5415 5414
v 0.00105958652 -0.0020268415 0.00337446727
v 0.001163666 -0.00170836593 0.00317184495
v 0.000631885587 -0.001990073 0.00328361602
f 5416 5418 5417
v 0.000155713099 -0.00293936064 0.00378738441
v 3.59290283e-05 -0.00256292733 0.00362915162
v -0.000196159158 -0.00268289823 0.00362795217
f 5419 5421 5420
v 3.59290283e-05 -0.00256292733 0.00362915162
v 0.000349219044 -0.00238732991 0.00354581243
v 7.63825625e-06 -0.00236573869 0.00350329174
f 5422 5424 5423
v 0.000377819856 -0.00276082992 0.00371699534
v 3.59290283e-05 -0.00256292733 0.00362915162
v 0.000269417683 -0.00289425134 0.00376501375
f 5425 5427 5426
v -0.000358212196 -0.00257358206 0.00350115843
v -0.000191422487 -0.00243811683 0.00349402508
v -0.000370767657 -0.00232618422 0.00326175686
f 5428 5430 5429
v -0.000196159158 -0.00268289823 0.00362795217
v -0.000191422487 -0.00243811683 0.00349402508
v -0.000358212196 -0.00257358206 0.00350115843
f 5431 5433 5432
v 3.59290283e-05 -0.00256292733 0.00362915162
v -0.000191422487 -0.00243811683 0.00349402508
v -0.000196159158 -0.00268289823 0.00362795217
f 5434 5436 5435
v -0.000133923459 -0.00220772563 0.00328242277
v -0.000434804542 -0.00207416069 0.00282849833
v -0.000370767657 -0.00232618422 0.00326175686
f 5437 5439 5438
v -0.000434804542 -0.00207416069 0.00282849833
v -0.000697268024 -0.00217061315 0.00270540149
v -0.000370767657 -0.00232618422 0.00326175686
f 5440 5442 5441
v -0.000212198938 -0.00185014924 0.00238856428
v -0.000473836963 -0.00186466877 0.00184106957
v -0.000599025043 -0.0020328087 0.0024893403
f 5443 5445 5444
v -0.000212198938 -0.00185014924 0.00238856428
v -7.87042609e-05 -0.00173728477 0.00221042592
v -0.000473836963 -0.00186466877 0.00184106957
f 5446 5448 5447
v 0.000353093037 -0.00200107042 0.00323154309
v 0.000230514843 -0.00192492862 0.00308769959
v -0.000133923459 -0.00220772563 0.00328242277
f 5449 5451 5450
v 0.000543134456 -0.00163186105 0.00287906914
v 2.84000265e-05 -0.00189812672 0.0028660339
v 0.000230514843 -0.00192492862 0.00308769959
f 5452 5454 5453
v 0.000543134456 -0.00163186105 0.00287906914
v 0.000344918658 -0.00164330941 0.00267658525
v 2.84000265e-05 -0.00189812672 0.0028660339
f 5455 5457 5456
v 0.000735411049 -0.00163527184 0.00299516396
v 0.000230514843 -0.00192492862 0.00308769959
v 0.000353093037 -0.00200107042 0.00323154309
f 5458 5460 5459
v -0.000697268024 -0.00217061315 0.00270540149
v -0.000434804542 -0.00207416069 0.00282849833
v -0.000599025043 -0.0020328087 0.0024893403
f 5461 5463 5462
v -0.000599025043 -0.0020328087 0.0024893403
v 2.84000265e-05 -0.00189812672 0.0028660339
v -0.000212198938 -0.00185014924 0.00238856428
f 5464 5466 5465
v 2.84000265e-05 -0.00189812672 0.0028660339
v -0.000599025043 -0.0020328087 0.0024893403
v -0.000434804542 -0.00207416069 0.00282849833
f 5467 5469 5468
v 0.000631885587 -0.001990073 0.00328361602
v 0.000353093037 -0.00200107042 0.00323154309
v 7.63825625e-06 -0.00236573869 0.00350329174
f 5470 5472 5471
v -0.000940737937 -0.00259418048 0.00305180511
v -0.000370767657 -0.00232618422 0.00326175686
v -0.000697268024 -0.00217061315 0.00270540149
f 5473 5475 5474
v 7.63825625e-06 -0.00236573869 0.00350329174
v -0.000133923459 -0.00220772563 0.00328242277
v -0.000191422487 -0.00243811683 0.00349402508
f 5476 5478 5477
v 0.001163666 -0.00170836593 0.00317184495
v 0.000735411049 -0.00163527184 0.00299516396
v 0.000353093037 -0.00200107042 0.00323154309
f 5479 5481 5480
v -0.0014401825 -0.003247313 0.00329008362
v -0.00152654211 -0.00328735623 0.00323151835
v -0.0012897689 -0.00330531038 0.00337077727
f 5482 5484 5483
v -0.00152654211 -0.00328735623 0.00323151835
v -0.00133118601 -0.00345350963 0.0032926011
v -0.0012897689 -0.00330531038 0.00337077727
f 5485 5487 5486
v -0.00106427633 -0.0033563756 0.00345681692
v -0.0012897689 -0.00330531038 0.00337077727
v -0.00133118601 -0.00345350963 0.0032926011
f 5488 5490 5489
v -0.00135802056 -0.00363487234 0.00317045924
v -0.00156346596 -0.00356688543 0.00300764641
v -0.00122577803 -0.00383224433 0.00310435244
f 5491 5493 5492
v -0.00122577803 -0.00383224433 0.00310435244
v -0.00156346596 -0.00356688543 0.00300764641
v -0.00129433993 -0.00395587304 0.00286725135
f 5494 5496 5495
v -0.00158055809 -0.0034318844 0.00311441509
v -0.00135802056 -0.00363487234 0.00317045924
v -0.00133118601 -0.00345350963 0.0032926011
f 5497 5499 5498
v -0.00129433993 -0.00395587304 0.00286725135
v -0.001654062 -0.00354341319 0.00283941154
v -0.00144605719 -0.00382655271 0.00261727837
f 5500 5502 5501
v -0.00144605719 -0.00382655271 0.00261727837
v -0.00129886848 -0.00403319718 0.00270965429
v -0.00129433993 -0.00395587304 0.00286725135
f 5503 5505 5504
v -0.000488361002 -0.00419238349 0.00347949208
v -0.000334798938 -0.00393787668 0.00356329438
v -0.000768979862 -0.00403471968 0.00332370983
f 5506 5508 5507
v -0.00110218398 -0.00400746649 0.00309625939
v -0.000950072626 -0.00426875122 0.00317633203
v -0.000975985768 -0.00407089974 0.00318035891
f 5509 5511 5510
v -0.000909653227 -0.00383207698 0.00331390147
v -0.00110218398 -0.00400746649 0.00309625939
v -0.000975985768 -0.00407089974 0.00318035891
f 5512 5514 5513
v -0.000909653227 -0.00383207698 0.00331390147
v -0.000768979862 -0.00403471968 0.00332370983
v -0.000334798938 -0.00393787668 0.00356329438
f 5515 5517 5516
v -0.00109234215 -0.00455528316 0.00294178153
v -0.00103023485 -0.00498809059 0.00309687057
v -0.00106290854 -0.00436175578 0.00301478613
f 5518 5520 5519
v -0.00106290854 -0.00436175578 0.00301478613
v -0.00103023485 -0.00498809059 0.00309687057
v -0.000933525462 -0.00457546303 0.00321121152
f 5521 5523 5522
v -0.00129433993 -0.00395587304 0.00286725135
v -0.00120704763 -0.00413981106 0.0028689894
v -0.00110218398 -0.00400746649 0.00309625939
f 5524 5526 5525
v -0.00121476369 -0.00424478603 0.00249241293
v -0.00120704763 -0.00413981106 0.0028689894
v -0.00129886848 -0.00403319718 0.00270965429
f 5527 5529 5528
v -0.00121476369 -0.00424478603 0.00249241293
v -0.00118663311 -0.00443345598 0.00250982303
v -0.00113603373 -0.00437297022 0.00282432284
f 5530 5532 5531
v -0.00113603373 -0.00437297022 0.00282432284
v -0.00109234215 -0.00455528316 0.00294178153
v -0.00106290854 -0.00436175578 0.00301478613
f 5533 5535 5534
v -0.00118663311 -0.00443345598 0.00250982303
v -0.00119021579 -0.00458843206 0.00251380188
v -0.00113603373 -0.00437297022 0.00282432284
f 5536 5538 5537
v -0.00152654211 -0.00328735623 0.00323151835
v -0.0014401825 -0.003247313 0.00329008362
v -0.00157186896 -0.00321028492 0.00318882048
f 5539 5541 5540
v -0.00153372766 -0.0031488471 0.00307457703
v -0.0016451997 -0.00317543636 0.00313499622
v -0.00157186896 -0.00321028492 0.00318882048
f 5542 5544 5543
v -0.00173900262 -0.00330825715 0.00293988796
v -0.00156346596 -0.00356688543 0.00300764641
v -0.00158055809 -0.0034318844 0.00311441509
f 5545 5547 5546
v -0.00152654211 -0.00328735623 0.00323151835
v -0.00168201823 -0.0032124859 0.00308630697
v -0.00158055809 -0.0034318844 0.00311441509
f 5548 5550 5549
v -0.00134103866 -0.0032050244 0.00328059832
v -0.0014401825 -0.003247313 0.00329008362
v -0.0012897689 -0.00330531038 0.00337077727
f 5551 5553 5552
v -0.00153372766 -0.0031488471 0.00307457703
v -0.00135305181 -0.00314082463 0.00321047883
v -0.00151479599 -0.00310462092 0.00301557702
f 5554 5556 5555
v -0.00135305181 -0.00314082463 0.00321047883
v -0.00153372766 -0.0031488471 0.00307457703
v -0.00134103866 -0.0032050244 0.00328059832
f 5557 5559 5558
v -0.00114875202 -0.0029429224 0.00321877596
v -0.00135305181 -0.00314082463 0.00321047883
v -0.0010826644 -0.00317586455 0.00338841564
f 5560 5562 5561
v -0.0010826644 -0.00317586455 0.00338841564
v -0.00135305181 -0.00314082463 0.00321047883
v -0.00134103866 -0.0032050244 0.00328059832
f 5563 5565 5564
v -0.0016652566 -0.0030842697 0.00260928791
v -0.00140142001 -0.00272534671 0.00262206013
v -0.001532231 -0.00287826879 0.00248761644
f 5566 5568 5567
v -0.00135305181 -0.00314082463 0.00321047883
v -0.00114875202 -0.0029429224 0.00321877596
v -0.00136706585 -0.00288971041 0.00299173989
f 5569 5571 5570
v -0.000940737937 -0.00259418048 0.00305180511
v -0.0013026578 -0.00271795561 0.00285254864
v -0.00136706585 -0.00288971041 0.00299173989
f 5572 5574 5573
v -0.00136706585 -0.00288971041 0.00299173989
v -0.00165080583 -0.00313743003 0.00282956862
v -0.00151479599 -0.00310462092 0.00301557702
f 5575 5577 5576
v -0.0013026578 -0.00271795561 0.00285254864
v -0.00165080583 -0.00313743003 0.00282956862
v -0.00136706585 -0.00288971041 0.00299173989
f 5578 5580 5579
v -0.0014401825 -0.003247313 0.00329008362
v -0.00134103866 -0.0032050244 0.00328059832
v -0.00157186896 -0.00321028492 0.00318882048
f 5581 5583 5582
v -0.00157186896 -0.00321028492 0.00318882048
v -0.0016451997 -0.00317543636 0.00313499622
v -0.00152654211 -0.00328735623 0.00323151835
f 5584 5586 5585
v -0.00172822129 -0.00320763356 0.00274408485
v -0.00173889875 -0.0031597865 0.00260175912
v -0.00174748875 -0.00327492708 0.00268269141
f 5587 5589 5588
v -0.00165276342 -0.00343316096 0.00253600301
v -0.00165319107 -0.00355333614 0.00267431933
v -0.00174748875 -0.00327492708 0.00268269141
f 5590 5592 5591
v -0.00165319107 -0.00355333614 0.00267431933
v -0.00144605719 -0.00382655271 0.00261727837
v -0.001654062 -0.00354341319 0.00283941154
f 5593 5595 5594
v -0.00165319107 -0.00355333614 0.00267431933
v -0.00141380624 -0.00365431333 0.00225514268
v -0.00144605719 -0.00382655271 0.00261727837
f 5596 5598 5597
v -0.00128877391 -0.00405418505 0.00250609301
v -0.00144605719 -0.00382655271 0.00261727837
v -0.00141380624 -0.00365431333 0.00225514268
f 5599 5601 5600
v -0.00172017335 -0.00307920236 0.00250156518
v -0.00173889875 -0.0031597865 0.00260175912
v -0.0016652566 -0.0030842697 0.00260928791
f 5602 5604 5603
v -0.00173889875 -0.0031597865 0.00260175912
v -0.00163656659 -0.00323135318 0.00234782729
v -0.00174748875 -0.00327492708 0.00268269141
f 5605 5607 5606
v -0.00172017335 -0.00307920236 0.00250156518
v -0.0016652566 -0.0030842697 0.00260928791
v -0.00167167782 -0.00306150614 0.00238778757
f 5608 5610 5609
v -0.00141380624 -0.00365431333 0.00225514268
v -0.00138223568 -0.00323247368 0.00188570029
v -0.00129941245 -0.00343590727 0.00186510006
f 5611 5613 5612
v -0.00165276342 -0.00343316096 0.00253600301
v -0.00163656659 -0.00323135318 0.00234782729
v -0.00141380624 -0.00365431333 0.00225514268
f 5614 5616 5615
v -0.00141380624 -0.00365431333 0.00225514268
v -0.00165319107 -0.00355333614 0.00267431933
v -0.00165276342 -0.00343316096 0.00253600301
f 5617 5619 5618
v -0.00118982052 -0.00409606328 0.00209520585
v -0.00121476369 -0.00424478603 0.00249241293
v -0.00128877391 -0.00405418505 0.00250609301
f 5620 5622 5621
v -0.00156346596 -0.00356688543 0.00300764641
v -0.001654062 -0.00354341319 0.00283941154
v -0.00129433993 -0.00395587304 0.00286725135
f 5623 5625 5624
v -0.00176792728 -0.00325733345 0.00284780253
v -0.00172822129 -0.00320763356 0.00274408485
v -0.00174748875 -0.00327492708 0.00268269141
f 5626 5628 5627
v -0.00119021579 -0.00458843206 0.00251380188
v -0.00117384425 -0.00442597775 0.00224456035
v -0.00118549106 -0.00499965827 0.00257376123
f 5629 5631 5630
v -0.00117384425 -0.00442597775 0.00224456035
v -0.00120125496 -0.00516359178 0.00141866958
v -0.00122204947 -0.00552495003 0.00156660262
f 5632 5634 5633
v -0.00117384425 -0.00442597775 0.00224456035
v -0.0011904528 -0.00485948513 0.00134842321
v -0.00120125496 -0.00516359178 0.00141866958
f 5635 5637 5636
v -0.00117266272 -0.00441532284 0.00125446222
v -0.0011904528 -0.00485948513 0.00134842321
v -0.00117384425 -0.00442597775 0.00224456035
f 5638 5640 5639
v -0.00120125496 -0.00516359178 0.00141866958
v -0.0011904528 -0.00485948513 0.00134842321
v -0.00113799588 -0.00465027442 0.00108288323
f 5641 5643 5642
v -0.00140142001 -0.00272534671 0.00262206013
v -0.0013026578 -0.00271795561 0.00285254864
v -0.000813852967 -0.00214023494 0.00238386692
f 5644 5646 5645
v -0.0013026578 -0.00271795561 0.00285254864
v -0.00140142001 -0.00272534671 0.00262206013
v -0.00165080583 -0.00313743003 0.00282956862
f 5647 5649 5648
v -0.001532231 -0.00287826879 0.00248761644
v -0.00140142001 -0.00272534671 0.00262206013
v -0.00138954729 -0.00270319997 0.00220713791
f 5650 5652 5651
v -0.00138954729 -0.00270319997 0.00220713791
v -0.00140142001 -0.00272534671 0.00262206013
v -0.00104698711 -0.0023350045 0.00220955862
f 5653 5655 5654
v -0.00163509903 -0.00305606736 0.00239037709
v -0.001532231 -0.00287826879 0.00248761644
v -0.00159723295 -0.00299487765 0.00220040292
f 5656 5658 5657
v -0.00155566413 -0.00294881174 0.00213465519
v -0.00152312396 -0.00296190847 0.00206322784
v -0.00159723295 -0.00299487765 0.00220040292
f 5659 5661 5660
v -0.00148802183 -0.00296399267 0.00198815269
v -0.00138223568 -0.00323247368 0.00188570029
v -0.00163656659 -0.00323135318 0.00234782729
f 5662 5664 5663
v -0.00152312396 -0.00296190847 0.00206322784
v -0.00148802183 -0.00296399267 0.00198815269
v -0.00159723295 -0.00299487765 0.00220040292
f 5665 5667 5666
v -0.00129941245 -0.00343590727 0.00186510006
v -0.00119848273 -0.00391833601 0.00191310774
v -0.00125030065 -0.00389837805 0.00209988448
f 5668 5670 5669
v -0.00148802183 -0.00296399267 0.00198815269
v -0.00146125003 -0.00287556213 0.00203706804
v -0.00139691147 -0.00284781581 0.00178525406
f 5671 5673 5672
v -0.00134649381 -0.002835737 0.00163895038
v -0.00139691147 -0.00284781581 0.00178525406
v -0.00146125003 -0.00287556213 0.00203706804
f 5674 5676 5675
v -0.00148802183 -0.00296399267 0.00198815269
v -0.00132322584 -0.00314427998 0.00166602313
v -0.00138223568 -0.00323247368 0.00188570029
f 5677 5679 5678
v -0.00139691147 -0.00284781581 0.00178525406
v -0.00134649381 -0.002835737 0.00163895038
v -0.00132322584 -0.00314427998 0.00166602313
f 5680 5682 5681
v -0.00128776182 -0.00308895251 0.00142231911
v -0.00132322584 -0.00314427998 0.00166602313
v -0.00134649381 -0.002835737 0.00163895038
f 5683 5685 5684
v -0.00138954729 -0.00270319997 0.00220713791
v -0.00146125003 -0.00287556213 0.00203706804
v -0.00159723295 -0.00299487765 0.00220040292
f 5686 5688 5687
v -0.00104698711 -0.0023350045 0.00220955862
v -0.000627591817 -0.00195718712 0.00168570004
v -0.000693767834 -0.00203564814 0.00152043795
f 5689 5691 5690
v -0.000813852967 -0.00214023494 0.00238386692
v -0.000627591817 -0.00195718712 0.00168570004
v -0.00104698711 -0.0023350045 0.00220955862
f 5692 5694 5693
v -0.00138954729 -0.00270319997 0.00220713791
v -0.00126760169 -0.00273206297 0.00158905405
v -0.00134649381 -0.002835737 0.00163895038
f 5695 5697 5696
v -0.00114754712 -0.00247074986 0.00188243557
v -0.000970257224 -0.00245484152 0.00119469714
v -0.00138954729 -0.00270319997 0.00220713791
f 5698 5700 5699
v -0.00126760169 -0.00273206297 0.00158905405
v -0.000970257224 -0.00245484152 0.00119469714
v -0.00128183101 -0.00279794858 0.00142660319
f 5701 5703 5702
v -0.00129806085 -0.00283874633 0.00140539214
v -0.00128410811 -0.00283689096 0.00133007807
v -0.00127027724 -0.00291617707 0.00115715884
f 5704 5706 5705
v -0.00122869114 -0.00279913675 0.00118191383
v -0.00128717702 -0.00283446043 0.00132988935
v -0.00128410811 -0.00283689096 0.00133007807
f 5707 5709 5708
v -0.00128717702 -0.00283446043 0.00132988935
v -0.00128183101 -0.00279794858 0.00142660319
v -0.00128410811 -0.00283689096 0.00133007807
f 5710 5712 5711
v -0.00129806085 -0.00283874633 0.00140539214
v -0.00127027724 -0.00291617707 0.00115715884
v -0.00128776182 -0.00308895251 0.00142231911
f 5713 5715 5714
v -0.000970257224 -0.00245484152 0.00119469714
v -0.00122869114 -0.00279913675 0.00118191383
v -0.00128183101 -0.00279794858 0.00142660319
f 5716 5718 5717
v -0.00114754712 -0.00247074986 0.00188243557
v -0.000838680171 -0.00223993884 0.00135736409
v -0.000970257224 -0.00245484152 0.00119469714
f 5719 5721 5720
v -0.000970257224 -0.00245484152 0.00119469714
v -0.00102406657 -0.00265938197 0.000963350885
v -0.00122869114 -0.00279913675 0.00118191383
f 5722 5724 5723
v -0.000838680171 -0.00223993884 0.00135736409
v -0.00114754712 -0.00247074986 0.00188243557
v -0.000693767834 -0.00203564814 0.00152043795
f 5725 5727 5726
v -0.00118884009 -0.00357441168 0.00155391081
v -0.00115566654 -0.00376782773 0.00132680188
v -0.00117531017 -0.00400083554 0.00166820264
f 5728 5730 5729
v -0.00119848273 -0.00391833601 0.00191310774
v -0.00118884009 -0.00357441168 0.00155391081
v -0.00117531017 -0.00400083554 0.00166820264
f 5731 5733 5732
v -0.00132322584 -0.00314427998 0.00166602313
v -0.00128776182 -0.00308895251 0.00142231911
v -0.00118884009 -0.00357441168 0.00155391081
f 5734 5736 5735
v -0.00115566654 -0.00376782773 0.00132680188
v -0.00117642639 -0.00396234827 0.00103766097
v -0.0011620722 -0.00418005511 0.000987536259
f 5737 5739 5738
v -0.00117837972 -0.00387513392 0.000815379371
v -0.00115247067 -0.00408214 0.000865614584
v -0.00117642639 -0.00396234827 0.00103766097
f 5740 5742 5741
v -0.0011620722 -0.00418005511 0.000987536259
v -0.00117266272 -0.00441532284 0.00125446222
v -0.00117531017 -0.00400083554 0.00166820264
f 5743 5745 5744
v -0.0011620722 -0.00418005511 0.000987536259
v -0.00114177274 -0.00439640971 0.00101212972
v -0.00117266272 -0.00441532284 0.00125446222
f 5746 5748 5747
v -0.00113799588 -0.00465027442 0.00108288323
v -0.0011904528 -0.00485948513 0.00134842321
v -0.00117266272 -0.00441532284 0.00125446222
f 5749 5751 5750
v -0.00114177274 -0.00439640971 0.00101212972
v -0.00106421367 -0.00455398949 0.000936187917
v -0.00113799588 -0.00465027442 0.00108288323
f 5752 5754 5753
v -0.00101376554 -0.00508677622 0.000863352307
v -0.00106576499 -0.00493403313 0.000934806576
v -0.00106421367 -0.00455398949 0.000936187917
f 5755 5757 5756
v -0.00110832998 -0.00404020429 0.00071316199
v -0.00111526679 -0.00431672997 0.000893654214
v -0.0011620722 -0.00418005511 0.000987536259
f 5758 5760 5759
v -0.0010091564 -0.00406663494 0.00059148233
v -0.00106421367 -0.00455398949 0.000936187917
v -0.00111526679 -0.00431672997 0.000893654214
f 5761 5763 5762
v -0.000860920045 -0.00444733014 0.000654145788
v -0.000889392049 -0.00463471442 0.000737045411
v -0.00106421367 -0.00455398949 0.000936187917
f 5764 5766 5765
v -0.00114177274 -0.00439640971 0.00101212972
v -0.00113799588 -0.00465027442 0.00108288323
v -0.00117266272 -0.00441532284 0.00125446222
f 5767 5769 5768
v -0.00114177274 -0.00439640971 0.00101212972
v -0.0011620722 -0.00418005511 0.000987536259
v -0.00111526679 -0.00431672997 0.000893654214
f 5770 5772 5771
v -0.0011620722 -0.00418005511 0.000987536259
v -0.00115247067 -0.00408214 0.000865614584
v -0.00110832998 -0.00404020429 0.00071316199
f 5773 5775 5774
v -0.00128776182 -0.00308895251 0.00142231911
v -0.00118933067 -0.00350303599 0.000992400601
v -0.00118884009 -0.00357441168 0.00155391081
f 5776 5778 5777
v -0.00128776182 -0.00308895251 0.00142231911
v -0.00119807237 -0.00337747697 0.000890251977
v -0.00118933067 -0.00350303599 0.000992400601
f 5779 5781 5780
v -0.00127027724 -0.00291617707 0.00115715884
v -0.00122869114 -0.00279913675 0.00118191383
v -0.00123131686 -0.00290157968 0.00103025632
f 5782 5784 5783
v -0.0011405501 -0.00285651822 0.000822074071
v -0.00120373634 -0.00292753521 0.00091751117
v -0.00101334253 -0.00268726781 0.000896151505
f 5785 5787 5786
v -0.00102997201 -0.00312782067 0.000633646505
v -0.00112515163 -0.00339477519 0.000724190431
v -0.0011405501 -0.00285651822 0.000822074071
f 5788 5790 5789
v -0.00112515163 -0.00339477519 0.000724190431
v -0.00102997201 -0.00312782067 0.000633646505
v -0.0010302163 -0.00342425519 0.000610009829
f 5791 5793 5792
v -0.00120373634 -0.00292753521 0.00091751117
v -0.0011405501 -0.00285651822 0.000822074071
v -0.00112515163 -0.00339477519 0.000724190431
f 5794 5796 5795
v -0.00100503912 -0.00392451075 0.000554829649
v -0.00110832998 -0.00404020429 0.00071316199
v -0.00111893132 -0.00374062329 0.000686018211
f 5797 5799 5798
v -0.00119182878 -0.00367231696 0.000858699423
v -0.00111893132 -0.00374062329 0.000686018211
v -0.00117837972 -0.00387513392 0.000815379371
f 5800 5802 5801
v -0.00115875091 -0.00361948369 0.000745805664
v -0.00112515163 -0.00339477519 0.000724190431
v -0.0010302163 -0.00342425519 0.000610009829
f 5803 5805 5804
v -0.0010302163 -0.00342425519 0.000610009829
v -0.000940154041 -0.00364028565 0.000524312918
v -0.00100503912 -0.00392451075 0.000554829649
f 5806 5808 5807
v -0.00111893132 -0.00374062329 0.000686018211
v -0.0010302163 -0.00342425519 0.000610009829
v -0.00100503912 -0.00392451075 0.000554829649
f 5809 5811 5810
v -0.000860920045 -0.00444733014 0.000654145788
v -0.000715474562 -0.00444085927 0.000554574353
v -0.000889392049 -0.00463471442 0.000737045411
f 5812 5814 5813
v -0.0010091564 -0.00406663494 0.00059148233
v -0.000715474562 -0.00444085927 0.000554574353
v -0.000860920045 -0.00444733014 0.000654145788
f 5815 5817 5816
v -0.00100503912 -0.00392451075 0.000554829649
v -0.000803474359 -0.00391679168 0.000430264981
v -0.0010091564 -0.00406663494 0.00059148233
f 5818 5820 5819
v -0.00119182878 -0.00367231696 0.000858699423
v -0.00117642639 -0.00396234827 0.00103766097
v -0.00115566654 -0.00376782773 0.00132680188
f 5821 5823 5822
v -0.00167167782 -0.00306150614 0.00238778757
v -0.00163509903 -0.00305606736 0.00239037709
v -0.00159723295 -0.00299487765 0.00220040292
f 5824 5826 5825
v -0.00121476369 -0.00424478603 0.00249241293
v -0.00117384425 -0.00442597775 0.00224456035
v -0.00118663311 -0.00443345598 0.00250982303
f 5827 5829 5828
v -0.000135845869 -0.00411538349 0.00362754763
v -0.000488361002 -0.00419238349 0.00347949208
v -0.000520096819 -0.0044015731 0.00349839829
f 5830 5832 5831
v -0.000111568113 -0.00377175493 0.00368816945
v 7.56358418e-05 -0.00401606667 0.00367997964
v 0.000113372323 -0.00369165318 0.00372220929
f 5833 5835 5834
v -0.000111568113 -0.00377175493 0.00368816945
v -0.000135845869 -0.00411538349 0.00362754763
v 7.56358418e-05 -0.00401606667 0.00367997964
f 5836 5838 5837
v -0.000111568113 -0.00377175493 0.00368816945
v -0.000334798938 -0.00393787668 0.00356329438
v -0.000135845869 -0.00411538349 0.00362754763
f 5839 5841 5840
v 0.000113372323 -0.00369165318 0.00372220929
v 7.56358418e-05 -0.00401606667 0.00367997964
v 0.000460168576 -0.00391699868 0.00370995695
f 5842 5844 5843
v 0.000294114011 -0.00363730142 0.00370540947
v 4.08169456e-05 -0.00317149788 0.00380774545
v 0.000113372323 -0.00369165318 0.00372220929
f 5845 5847 5846
v -0.000167319126 -0.00321586922 0.00380776801
v 0.000113372323 -0.00369165318 0.00372220929
v 4.08169456e-05 -0.00317149788 0.00380774545
f 5848 5850 5849
v 0.000113372323 -0.00369165318 0.00372220929
v 0.000460168576 -0.00391699868 0.00370995695
v 0.000294114011 -0.00363730142 0.00370540947
f 5851 5853 5852
v 0.000269417683 -0.00289425134 0.00376501375
v 4.08169456e-05 -0.00317149788 0.00380774545
v 0.000294114011 -0.00363730142 0.00370540947
f 5854 5856 5855
v 0.000558400598 -0.00380573802 0.00368363435
v 0.000940248447 -0.00335704281 0.00351834096
v 0.000727210272 -0.0032185264 0.00355891571
f 5857 5859 5858
v 0.000558400598 -0.00380573802 0.00368363435
v 0.00136293975 -0.00392209258 0.00365495071
v 0.00143036077 -0.00350320843 0.00349480797
f 5860 5862 5861
v 0.00109023595 -0.00489047015 0.00372618597
v -0.000252644759 -0.00634781682 0.00372705981
v 0.00159385309 -0.00555974511 0.00375172713
f 5863 5865 5864
v 0.00102546819 -0.00430341497 0.00373444745
v 0.00147025339 -0.00453013563 0.00368357287
v 0.00122915817 -0.00404428501 0.00370324633
f 5866 5868 5867
v 0.00102546819 -0.00430341497 0.00373444745
v 0.0015864367 -0.00492389881 0.00368209185
v 0.00147025339 -0.00453013563 0.00368357287
f 5869 5871 5870
v 0.00192736024 -0.00482969481 0.00355695665
v 0.00248471115 -0.00462866628 0.00335082805
v 0.0015864367 -0.00492389881 0.00368209185
f 5872 5874 5873
v 0.0015864367 -0.00492389881 0.00368209185
v 0.00248471115 -0.00462866628 0.00335082805
v 0.00147025339 -0.00453013563 0.00368357287
f 5875 5877 5876
v 0.0015864367 -0.00492389881 0.00368209185
v 0.00164484627 -0.0049995484 0.00367682587
v 0.00192736024 -0.00482969481 0.00355695665
f 5878 5880 5879
v 0.0015864367 -0.00492389881 0.00368209185
v 0.00109023595 -0.00489047015 0.00372618597
v 0.00164484627 -0.0049995484 0.00367682587
f 5881 5883 5882
v 0.000839526729 -0.00228558711 0.00348825342
v 0.000695006702 -0.00243407158 0.00357773497
v 0.0010086188 -0.00293497542 0.0034650162
f 5884 5886 5885
v 0.0010086188 -0.00293497542 0.0034650162
v 0.00128474358 -0.00316124933 0.00343807878
v 0.00165212532 -0.00270377859 0.00324940884
f 5887 5889 5888
v 0.00128474358 -0.00316124933 0.00343807878
v 0.00181783034 -0.00345167318 0.00342352032
v 0.00190133651 -0.003078183 0.00329643772
f 5890 5892 5891
v 0.000839526729 -0.00228558711 0.00348825342
v 0.00122270949 -0.00261235964 0.00334607612
v 0.000964076389 -0.00215568944 0.00342513194
f 5893 5895 5894
v 0.000964076389 -0.00215568944 0.00342513194
v 0.00122270949 -0.00261235964 0.00334607612
v 0.00147172013 -0.00189980528 0.00323758431
f 5896 5898 5897
v 0.00122270949 -0.00261235964 0.00334607612
v 0.0010086188 -0.00293497542 0.0034650162
v 0.00165212532 -0.00270377859 0.00324940884
f 5899 5901 5900
v 0.00122270949 -0.00261235964 0.00334607612
v 0.00165212532 -0.00270377859 0.00324940884
v 0.00166585887 -0.00252282553 0.00321144798
f 5902 5904 5903
v 0.00166585887 -0.00252282553 0.00321144798
v 0.00165212532 -0.00270377859 0.00324940884
v 0.00183365319 -0.002616032 0.00315514008
f 5905 5907 5906
v 0.00197552345 -0.0028654229 0.00317630729
v 0.00165212532 -0.00270377859 0.00324940884
v 0.00190133651 -0.003078183 0.00329643772
f 5908 5910 5909
v 0.000269417683 -0.00289425134 0.00376501375
v 0.000482625092 -0.00346350935 0.00365069827
v 0.000727210272 -0.0032185264 0.00355891571
f 5911 5913 5912
v 0.0010086188 -0.00293497542 0.0034650162
v 0.000940248447 -0.00335704281 0.00351834096
v 0.00128474358 -0.00316124933 0.00343807878
f 5914 5916 5915
v 0.000727210272 -0.0032185264 0.00355891571
v 0.0010086188 -0.00293497542 0.0034650162
v 0.000543654687 -0.00259189055 0.00365403284
f 5917 5919 5918
v 0.00128474358 -0.00316124933 0.00343807878
v 0.00143036077 -0.00350320843 0.00349480797
v 0.00181783034 -0.00345167318 0.00342352032
f 5920 5922 5921
v 0.00190449191 -0.00369733061 0.00345067965
v 0.00201613384 -0.00348159156 0.00334748911
v 0.00181783034 -0.00345167318 0.00342352032
f 5923 5925 5924
v 0.00206033837 -0.00310574469 0.00323554887
v 0.00201613384 -0.00348159156 0.00334748911
v 0.00240543741 -0.00357365643 0.00305646608
f 5926 5928 5927
v 0.00206033837 -0.00310574469 0.00323554887
v 0.00240543741 -0.00357365643 0.00305646608
v 0.00216989847 -0.00291022498 0.00305090871
f 5929 5931 5930
v 0.00240543741 -0.00357365643 0.00305646608
v 0.0023924069 -0.00284662092 0.0027801625
v 0.00216989847 -0.00291022498 0.00305090871
f 5932 5934 5933
v 0.00274523354 -0.00446089507 0.00318629645
v 0.0022629225 -0.00374517986 0.00325914662
v 0.00255776267 -0.00442089768 0.00330363873
f 5935 5937 5936
v 0.00286971554 -0.00430133368 0.00298550476
v 0.0022629225 -0.00374517986 0.00325914662
v 0.00274523354 -0.00446089507 0.00318629645
f 5938 5940 5939
v 0.0022629225 -0.00374517986 0.00325914662
v 0.00286971554 -0.00430133368 0.00298550476
v 0.00240543741 -0.00357365643 0.00305646608
f 5941 5943 5942
v 0.00286971554 -0.00430133368 0.00298550476
v 0.00289090094 -0.00409978056 0.00283148111
v 0.00240543741 -0.00357365643 0.00305646608
f 5944 5946 5945
v 0.00240543741 -0.00357365643 0.00305646608
v 0.00289090094 -0.00409978056 0.00283148111
v 0.00261267724 -0.00354866534 0.0027971877
f 5947 5949 5948
v 0.00143036077 -0.00350320843 0.00349480797
v 0.00136293975 -0.00392209258 0.00365495071
v 0.00181783034 -0.00345167318 0.00342352032
f 5950 5952 5951
v -0.000405328774 -0.00450451807 0.000416137345
v -0.000672596752 -0.00468492908 0.000572865611
v -0.000715474562 -0.00444085927 0.000554574353
f 5953 5955 5954
v -0.000233379433 -0.00473860564 0.000349812649
v -0.00019407953 -0.00457042479 0.000329322643
v -5.44139994e-05 -0.00464136974 0.000284737371
f 5956 5958 5957
v -0.000889392049 -0.00463471442 0.000737045411
v -0.000715474562 -0.00444085927 0.000554574353
v -0.000672596752 -0.00468492908 0.000572865611
f 5959 5961 5960
v 0.00151334871 -0.0015726273 0.00312379307
v 0.00132116202 -0.00154430872 0.00297389779
v 0.00142725166 -0.00164800058 0.00319062528
f 5962 5964 5963
v 0.00133106905 -0.00174242796 0.00325436631
v 0.00142725166 -0.00164800058 0.00319062528
v 0.001163666 -0.00170836593 0.00317184495
f 5965 5967 5966
v 0.00132116202 -0.00154430872 0.00297389779
v 0.00157316463 -0.0015519825 0.00305868452
v 0.000900053237 -0.00147014689 0.00264720329
f 5968 5970 5969
v 0.00177049606 -0.00140846687 0.00255821542
v 0.0013184369 -0.00138653977 0.002130549
v 0.000900053237 -0.00147014689 0.00264720329
f 5971 5973 5972
v 0.00161394601 -0.00145589474 0.00272726793
v 0.00177049606 -0.00140846687 0.00255821542
v 0.000900053237 -0.00147014689 0.00264720329
f 5974 5976 5975
v 0.000615519457 -0.00151754602 0.00259149692
v 0.000355323778 -0.00155620601 0.00194110999
v 0.000344918658 -0.00164330941 0.00267658525
f 5977 5979 5978
v 0.000735411049 -0.00163527184 0.00299516396
v 0.00132116202 -0.00154430872 0.00297389779
v 0.000780957998 -0.00152210923 0.00278557254
f 5980 5982 5981
v 0.000900053237 -0.00147014689 0.00264720329
v 0.000746682417 -0.0014592948 0.00217755351
v 0.000615519457 -0.00151754602 0.00259149692
f 5983 5985 5984
v 0.00132116202 -0.00154430872 0.00297389779
v 0.000900053237 -0.00147014689 0.00264720329
v 0.000780957998 -0.00152210923 0.00278557254
f 5986 5988 5987
v 0.000780957998 -0.00152210923 0.00278557254
v 0.000615519457 -0.00151754602 0.00259149692
v 0.000543134456 -0.00163186105 0.00287906914
f 5989 5991 5990
v 0.000355323778 -0.00155620601 0.00194110999
v 0.000283369354 -0.00153188721 0.00133532576
v -1.92545571e-05 -0.00162096039 0.00148833951
f 5992 5994 5993
v -1.92545571e-05 -0.00162096039 0.00148833951
v -7.87042609e-05 -0.00173728477 0.00221042592
v 0.000355323778 -0.00155620601 0.00194110999
f 5995 5997 5996
v 0.0013184369 -0.00138653977 0.002130549
v 0.000959552381 -0.00142874969 0.00176068861
v 0.000746682417 -0.0014592948 0.00217755351
f 5998 6000 5999
v 0.0013184369 -0.00138653977 0.002130549
v 0.00161454373 -0.00129415275 0.00190755563
v 0.000959552381 -0.00142874969 0.00176068861
f 6001 6003 6002
v 0.000355323778 -0.00155620601 0.00194110999
v 0.000959552381 -0.00142874969 0.00176068861
v 0.000283369354 -0.00153188721 0.00133532576
f 6004 6006 6005
v 0.000959552381 -0.00142874969 0.00176068861
v 0.000448551782 -0.00146600851 0.00111219606
v 0.000283369354 -0.00153188721 0.00133532576
f 6007 6009 6008
v 0.000959552381 -0.00142874969 0.00176068861
v 0.00126292352 -0.00130458993 0.0014433188
v 0.000448551782 -0.00146600851 0.00111219606
f 6010 6012 6011
v 0.00175470104 -0.00127638714 0.00180298957
v 0.00126292352 -0.00130458993 0.0014433188
v 0.00161454373 -0.00129415275 0.00190755563
f 6013 6015 6014
v 0.00175470104 -0.00127638714 0.00180298957
v 0.00158368202 -0.00128329921 0.00132472724
v 0.00126292352 -0.00130458993 0.0014433188
f 6016 6018 6017
v 0.000862437264 -0.00146485836 0.000696953248
v 0.00076991937 -0.00139654512 0.00101029927
v 0.00158368202 -0.00128329921 0.00132472724
f 6019 6021 6020
v 0.00130251756 -0.00148925119 0.000637475023
v 0.00121869971 -0.00152744051 0.000548542948
v 0.000862437264 -0.00146485836 0.000696953248
f 6022 6024 6023
v 0.00162266679 -0.00137333882 0.000957981683
v 0.00152153807 -0.00145701988 0.000728638952
v 0.00130251756 -0.00148925119 0.000637475023
f 6025 6027 6026
v 0.00152153807 -0.00145701988 0.000728638952
v 0.00164946741 -0.00139960066 0.000827683198
v 0.00151769082 -0.00154071931 0.000654581072
f 6028 6030 6029
v 0.00164946741 -0.00139960066 0.000827683198
v 0.00162266679 -0.00137333882 0.000957981683
v 0.00166450973 -0.00139794574 0.000879565596
f 6031 6033 6032
v 0.00130251756 -0.00148925119 0.000637475023
v 0.001363925 -0.00147615856 0.000596483642
v 0.00132684791 -0.0015097884 0.000550667983
f 6034 6036 6035
v 0.00132684791 -0.0015097884 0.000550667983
v 0.001363925 -0.00147615856 0.000596483642
v 0.00151769082 -0.00154071931 0.000654581072
f 6037 6039 6038
v -0.000395574489 -0.00181610139 0.0014379938
v -0.000693767834 -0.00203564814 0.00152043795
v -0.000627591817 -0.00195718712 0.00168570004
f 6040 6042 6041
v -0.000430341788 -0.00188669201 0.00124161234
v -0.000220313245 -0.00191541421 0.000786734199
v -0.000838680171 -0.00223993884 0.00135736409
f 6043 6045 6044
v -0.000838680171 -0.00223993884 0.00135736409
v -0.00102406657 -0.00265938197 0.000963350885
v -0.000970257224 -0.00245484152 0.00119469714
f 6046 6048 6047
v -0.000838680171 -0.00223993884 0.00135736409
v -0.000220313245 -0.00191541421 0.000786734199
v -0.000612124495 -0.00223076095 0.000983964401
f 6049 6051 6050
v -0.000838680171 -0.00223993884 0.00135736409
v -0.000612124495 -0.00223076095 0.000983964401
v -0.00102406657 -0.00265938197 0.000963350885
f 6052 6054 6053
v -0.000612124495 -0.00223076095 0.000983964401
v -0.000581044333 -0.00239566416 0.000787669524
v -0.00102406657 -0.00265938197 0.000963350885
f 6055 6057 6056
v -0.000220313245 -0.00191541421 0.000786734199
v -0.00040804548 -0.00227225009 0.00069960779
v -0.000581044333 -0.00239566416 0.000787669524
f 6058 6060 6059
v -0.000220313245 -0.00191541421 0.000786734199
v -0.000581044333 -0.00239566416 0.000787669524
v -0.000612124495 -0.00223076095 0.000983964401
f 6061 6063 6062
v -0.000191168192 -0.00175614587 0.00111186137
v -0.000395574489 -0.00181610139 0.0014379938
v -1.92545571e-05 -0.00162096039 0.00148833951
f 6064 6066 6065
v -0.00040804548 -0.00227225009 0.00069960779
v -0.000288371939 -0.00258153141 0.00040050495
v -0.000440935628 -0.00261548466 0.000497198516
f 6067 6069 6068
v -6.32659976e-05 -0.00193783198 0.000546692763
v -0.000131274828 -0.00257474021 0.000285783813
v -0.000288371939 -0.00258153141 0.00040050495
f 6070 6072 6071
v -3.82299504e-05 -0.00243738032 0.000240547365
v -0.000131274828 -0.00257474021 0.000285783813
v 2.41078311e-05 -0.00232437342 0.000218296941
f 6073 6075 6074
v -0.00040804548 -0.00227225009 0.00069960779
v -6.32659976e-05 -0.00193783198 0.000546692763
v -0.000288371939 -0.00258153141 0.00040050495
f 6076 6078 6077
v -1.92545571e-05 -0.00162096039 0.00148833951
v 0.000448551782 -0.00146600851 0.00111219606
v 0.000144718013 -0.00157933027 0.00093509525
f 6079 6081 6080
v 5.02665443e-05 -0.00165761849 0.000807371816
v -0.000220313245 -0.00191541421 0.000786734199
v -0.000191168192 -0.00175614587 0.00111186137
f 6082 6084 6083
v -0.000220313245 -0.00191541421 0.000786734199
v 5.02665443e-05 -0.00165761849 0.000807371816
v 9.78941671e-05 -0.00172347827 0.000624488803
f 6085 6087 6086
v 0.000144718013 -0.00157933027 0.00093509525
v 0.000370952694 -0.00150421856 0.000862609159
v 5.02665443e-05 -0.00165761849 0.000807371816
f 6088 6090 6089
v 0.000370952694 -0.00150421856 0.000862609159
v 0.000448551782 -0.00146600851 0.00111219606
v 0.00076991937 -0.00139654512 0.00101029927
f 6091 6093 6092
v 5.02665443e-05 -0.00165761849 0.000807371816
v 0.000272750526 -0.0016014661 0.000675634237
v 9.78941671e-05 -0.00172347827 0.000624488803
f 6094 6096 6095
v 0.000236909773 -0.00187811984 0.000342636349
v 9.78941671e-05 -0.00172347827 0.000624488803
v 0.00035845253 -0.0016804579 0.000490132652
f 6097 6099 6098
v 0.00011827666 -0.0021447795 0.000203811237
v -6.32659976e-05 -0.00193783198 0.000546692763
v 0.000175804291 -0.00208094934 0.000202550132
f 6100 6102 6101
v -6.32659976e-05 -0.00193783198 0.000546692763
v 0.000236909773 -0.00187811984 0.000342636349
v 0.000175804291 -0.00208094934 0.000202550132
f 6103 6105 6104
v 9.78941671e-05 -0.00172347827 0.000624488803
v 0.000236909773 -0.00187811984 0.000342636349
v -6.32659976e-05 -0.00193783198 0.000546692763
f 6106 6108 6107
v 2.41078311e-05 -0.00232437342 0.000218296941
v 0.000494583628 -0.00215333148 0.000227457735
v 0.000456427506 -0.00277302261 0.000303696152
f 6109 6111 6110
v 0.00073503943 -0.00244621806 0.000295817563
v 0.000692442291 -0.00283292138 0.000306559787
v 0.000456427506 -0.00277302261 0.000303696152
f 6112 6114 6113
v 0.000175804291 -0.00208094934 0.000202550132
v 2.41078311e-05 -0.00232437342 0.000218296941
v 0.00011827666 -0.0021447795 0.000203811237
f 6115 6117 6116
v 9.78941671e-05 -0.00172347827 0.000624488803
v -6.32659976e-05 -0.00193783198 0.000546692763
v -0.000220313245 -0.00191541421 0.000786734199
f 6118 6120 6119
v -0.00101334253 -0.00268726781 0.000896151505
v -0.00101855021 -0.00274481481 0.000694637038
v -0.0011405501 -0.00285651822 0.000822074071
f 6121 6123 6122
v -0.000887157967 -0.00267850082 0.000599218765
v -0.000924584492 -0.00267851101 0.000617412206
v -0.00101334253 -0.00268726781 0.000896151505
f 6124 6126 6125
v -0.00101334253 -0.00268726781 0.000896151505
v -0.000924584492 -0.00267851101 0.000617412206
v -0.00101855021 -0.00274481481 0.000694637038
f 6127 6129 6128
v -0.00102997201 -0.00312782067 0.000633646505
v -0.0011405501 -0.00285651822 0.000822074071
v -0.00101855021 -0.00274481481 0.000694637038
f 6130 6132 6131
v -0.000776562592 -0.00261267669 0.000746569549
v -0.000623016149 -0.00277309628 0.000494095229
v -0.000724194206 -0.00270435703 0.000617403111
f 6133 6135 6134
v -0.000440935628 -0.00261548466 0.000497198516
v -0.000431300214 -0.00280021868 0.000401235638
v -0.000527606244 -0.00274111753 0.000475227034
f 6136 6138 6137
v -0.000610534744 -0.00275112398 0.000475332808
v -0.000527606244 -0.00274111753 0.000475227034
v -0.000431300214 -0.00280021868 0.000401235638
f 6139 6141 6140
v -0.000724194206 -0.00270435703 0.000617403111
v -0.000623016149 -0.00277309628 0.000494095229
v -0.000756458849 -0.00278570878 0.000542879525
f 6142 6144 6143
v -0.000623016149 -0.00277309628 0.000494095229
v -0.000527606244 -0.00274111753 0.000475227034
v -0.000610534744 -0.00275112398 0.000475332808
f 6145 6147 6146
v -0.000756458849 -0.00278570878 0.000542879525
v -0.000429822649 -0.00305086305 0.00041781791
v -0.000604682691 -0.00346596134 0.000434054027
f 6148 6150 6149
v -0.000756458849 -0.00278570878 0.000542879525
v -0.000939405254 -0.0034753939 0.000549971946
v -0.000927403653 -0.00286037794 0.000612852091
f 6151 6153 6152
v -0.000429822649 -0.00305086305 0.00041781791
v 2.84118373e-07 -0.00327055241 0.000339937151
v -0.000604682691 -0.00346596134 0.000434054027
f 6154 6156 6155
v -0.000604682691 -0.00346596134 0.000434054027
v -0.000201596481 -0.0040777828 0.000310108476
v -0.000803474359 -0.00391679168 0.000430264981
f 6157 6159 6158
v -0.000201596481 -0.0040777828 0.000310108476
v -0.000371584451 -0.0041718642 0.000337334927
v -0.000803474359 -0.00391679168 0.000430264981
f 6160 6162 6161
v -0.000431300214 -0.00280021868 0.000401235638
v -0.000440935628 -0.00261548466 0.000497198516
v -0.000288371939 -0.00258153141 0.00040050495
f 6163 6165 6164
v -0.000288371939 -0.00258153141 0.00040050495
v -0.000250037397 -0.00279716205 0.000355156453
v -0.000431300214 -0.00280021868 0.000401235638
f 6166 6168 6167
v 0.000100043474 -0.00287433904 0.000317718013
v 2.84118373e-07 -0.00327055241 0.000339937151
v -0.000429822649 -0.00305086305 0.00041781791
f 6169 6171 6170
v -0.000250037397 -0.00279716205 0.000355156453
v 0.000100043474 -0.00287433904 0.000317718013
v -0.000429822649 -0.00305086305 0.00041781791
f 6172 6174 6173
v 0.000692442291 -0.00283292138 0.000306559787
v 2.84118373e-07 -0.00327055241 0.000339937151
v 0.000456427506 -0.00277302261 0.000303696152
f 6175 6177 6176
v -0.000604682691 -0.00346596134 0.000434054027
v -0.000803474359 -0.00391679168 0.000430264981
v -0.000939405254 -0.0034753939 0.000549971946
f 6178 6180 6179
v 0.000589840738 -0.00150333026 0.000679224286
v 0.000862437264 -0.00146485836 0.000696953248
v 0.00069907619 -0.00154851259 0.000488511932
f 6181 6183 6182
v 0.000451432697 -0.00174481593 0.000244274293
v 0.000461099307 -0.00171372649 0.000260191177
v 0.000434752837 -0.00173493881 0.000238958296
f 6184 6186 6185
v 0.000388762919 -0.0017467295 0.000309392681
v 0.000461099307 -0.00171372649 0.000260191177
v 0.000451432697 -0.00174481593 0.000244274293
f 6187 6189 6188
v 0.000434752837 -0.00173493881 0.000238958296
v 0.000388762919 -0.0017467295 0.000309392681
v 0.000451432697 -0.00174481593 0.000244274293
f 6190 6192 6191
v 0.000388762919 -0.0017467295 0.000309392681
v 0.00050791441 -0.00167423659 0.000291257174
v 0.000461099307 -0.00171372649 0.000260191177
f 6193 6195 6194
v 0.00069907619 -0.00154851259 0.000488511932
v 0.000800622638 -0.00150568048 0.000470684472
v 0.000701752788 -0.00151497688 0.000356103055
f 6196 6198 6197
v 0.000800622638 -0.00150568048 0.000470684472
v 0.00069907619 -0.00154851259 0.000488511932
v 0.000862437264 -0.00146485836 0.000696953248
f 6199 6201 6200
v 0.000735797857 -0.00149755397 0.000344476439
v 0.000701752788 -0.00151497688 0.000356103055
v 0.000800622638 -0.00150568048 0.000470684472
f 6202 6204 6203
v 0.000730340662 -0.00148686013 0.000313221472
v 0.000735797857 -0.00149755397 0.000344476439
v 0.000814164196 -0.00149290499 0.0003409074
f 6205 6207 6206
v 0.000877885304 -0.00148749132 0.000359447631
v 0.000881862707 -0.00151254935 0.000353186124
v 0.000814164196 -0.00149290499 0.0003409074
f 6208 6210 6209
v 0.000814164196 -0.00149290499 0.0003409074
v 0.000881862707 -0.00151254935 0.000353186124
v 0.000784004533 -0.00158212097 0.000310402038
f 6211 6213 6212
v 0.000814164196 -0.00149290499 0.0003409074
v 0.000800622638 -0.00150568048 0.000470684472
v 0.000863501919 -0.00149673724 0.000378048253
f 6214 6216 6215
v 0.000570578095 -0.00163229688 0.000271788508
v 0.000701752788 -0.00151497688 0.000356103055
v 0.000671233829 -0.00154757145 0.000300766851
f 6217 6219 6218
v 0.000584445297 -0.00161698317 0.000387966838
v 0.000701752788 -0.00151497688 0.000356103055
v 0.000546724232 -0.00163906134 0.000286443219
f 6220 6222 6221
v 0.000532681679 -0.00167054113 0.000262269373
v 0.000546724232 -0.00163906134 0.000286443219
v 0.000515556167 -0.00166056943 0.000256739281
f 6223 6225 6224
v 0.000532681679 -0.00167054113 0.000262269373
v 0.00050791441 -0.00167423659 0.000291257174
v 0.000546724232 -0.00163906134 0.000286443219
f 6226 6228 6227
v 0.000515556167 -0.00166056943 0.000256739281
v 0.00050791441 -0.00167423659 0.000291257174
v 0.000532681679 -0.00167054113 0.000262269373
f 6229 6231 6230
v 0.000490647972 -0.00170823751 0.000253135681
v 0.00050791441 -0.00167423659 0.000291257174
v 0.000473678301 -0.00169795585 0.00024769854
f 6232 6234 6233
v 0.000532681679 -0.00167054113 0.000262269373
v 0.000492721801 -0.0016808388 0.000248118363
v 0.000515556167 -0.00166056943 0.000256739281
f 6235 6237 6236
v 0.00103307511 -0.00184568362 0.000358226907
v 0.000900890791 -0.00154786758 0.000352232428
v 0.00103274915 -0.00151421455 0.00041845401
f 6238 6240 6239
v 0.00103307511 -0.00184568362 0.000358226907
v 0.00128365637 -0.00217898869 0.000426768065
v 0.000664354411 -0.00188385457 0.000252275481
f 6241 6243 6242
v 0.000473678301 -0.00169795585 0.00024769854
v 0.000461099307 -0.00171372649 0.000260191177
v 0.000490647972 -0.00170823751 0.000253135681
f 6244 6246 6245
v 0.00050791441 -0.00167423659 0.000291257174
v 0.000584445297 -0.00161698317 0.000387966838
v 0.000546724232 -0.00163906134 0.000286443219
f 6247 6249 6248
v 0.00103307511 -0.00184568362 0.000358226907
v 0.000664354411 -0.00188385457 0.000252275481
v 0.000784004533 -0.00158212097 0.000310402038
f 6250 6252 6251
v 0.000719556283 -0.001516267 0.000318558932
v 0.000735797857 -0.00149755397 0.000344476439
v 0.000703742126 -0.0015077544 0.000313021201
f 6253 6255 6254
v 0.000719556283 -0.001516267 0.000318558932
v 0.000701752788 -0.00151497688 0.000356103055
v 0.000735797857 -0.00149755397 0.000344476439
f 6256 6258 6257
v 0.000814164196 -0.00149290499 0.0003409074
v 0.000784004533 -0.00158212097 0.000310402038
v 0.000730340662 -0.00148686013 0.000313221472
f 6259 6261 6260
v 0.00039787933 -0.00177141428 0.00022541501
v 0.000664354411 -0.00188385457 0.000252275481
v 0.000261902323 -0.00194388613 0.00020420232
f 6262 6264 6263
v 0.000664354411 -0.00188385457 0.000252275481
v 0.000494583628 -0.00215333148 0.000227457735
v 0.000261902323 -0.00194388613 0.00020420232
f 6265 6267 6266
v 0.000664354411 -0.00188385457 0.000252275481
v 0.00073503943 -0.00244621806 0.000295817563
v 0.000494583628 -0.00215333148 0.000227457735
f 6268 6270 6269
v 0.00128365637 -0.00217898869 0.000426768065
v 0.000878159426 -0.00252832688 0.000317682907
v 0.00073503943 -0.00244621806 0.000295817563
f 6271 6273 6272
v 0.000878159426 -0.00252832688 0.000317682907
v 0.000692442291 -0.00283292138 0.000306559787
v 0.00073503943 -0.00244621806 0.000295817563
f 6274 6276 6275
v 0.00121869971 -0.00152744051 0.000548542948
v 0.00122136435 -0.00158209823 0.000485931787
v 0.00103274915 -0.00151421455 0.00041845401
f 6277 6279 6278
v 0.000370952694 -0.00150421856 0.000862609159
v 0.00076991937 -0.00139654512 0.00101029927
v 0.000589840738 -0.00150333026 0.000679224286
f 6280 6282 6281
v -0.000581044333 -0.00239566416 0.000787669524
v -0.000440935628 -0.00261548466 0.000497198516
v -0.000776562592 -0.00261267669 0.000746569549
f 6283 6285 6284
v 0.00147172013 -0.00189980528 0.00323758431
v 0.00195479824 -0.00244616003 0.00305070462
v 0.00189636739 -0.00207659668 0.00301704567
f 6286 6288 6287
v 0.00168480074 -0.00153381843 0.00291165306
v 0.00167286344 -0.00163615005 0.00302967892
v 0.00180011612 -0.00150872229 0.00285029855
f 6289 6291 6290
v 0.00167286344 -0.00163615005 0.00302967892
v 0.00185877434 -0.00146022949 0.00277942927
v 0.00180011612 -0.00150872229 0.00285029855
f 6292 6294 6293
v 0.00167286344 -0.00163615005 0.00302967892
v 0.00189636739 -0.00207659668 0.00301704567
v 0.00200157247 -0.00199735859 0.00288985102
f 6295 6297 6296
v 0.00167286344 -0.00163615005 0.00302967892
v 0.00200157247 -0.00199735859 0.00288985102
v 0.00185877434 -0.00146022949 0.00277942927
f 6298 6300 6299
v 0.00195479824 -0.00244616003 0.00305070462
v 0.00183365319 -0.002616032 0.00315514008
v 0.00214217253 -0.00252536101 0.00292165169
f 6301 6303 6302
v 0.00214217253 -0.00252536101 0.00292165169
v 0.00197552345 -0.0028654229 0.00317630729
v 0.00216989847 -0.00291022498 0.00305090871
f 6304 6306 6305
v 0.00214217253 -0.00252536101 0.00292165169
v 0.00216989847 -0.00291022498 0.00305090871
v 0.0023924069 -0.00284662092 0.0027801625
f 6307 6309 6308
v 0.00214217253 -0.00252536101 0.00292165169
v 0.0023924069 -0.00284662092 0.0027801625
v 0.00200157247 -0.00199735859 0.00288985102
f 6310 6312 6311
v 0.00200157247 -0.00199735859 0.00288985102
v 0.0023924069 -0.00284662092 0.0027801625
v 0.00245148822 -0.00248130746 0.00253470425
f 6313 6315 6314
v 0.00180011612 -0.00150872229 0.00285029855
v 0.00177049606 -0.00140846687 0.00255821542
v 0.00161394601 -0.00145589474 0.00272726793
f 6316 6318 6317
v 0.00201821185 -0.00128978154 0.00245000701
v 0.00204959415 -0.00178143437 0.00273675396
v 0.00204431217 -0.0013054012 0.00241158814
f 6319 6321 6320
v 0.00201821185 -0.00128978154 0.00245000701
v 0.00194485146 -0.00124874005 0.00222878643
v 0.00177049606 -0.00140846687 0.00255821542
f 6322 6324 6323
v 0.00194485146 -0.00124874005 0.00222878643
v 0.0018007453 -0.00126480672 0.00206152017
v 0.00177049606 -0.00140846687 0.00255821542
f 6325 6327 6326
v 0.00204959415 -0.00178143437 0.00273675396
v 0.0021358117 -0.00132201803 0.0021790087
v 0.00204431217 -0.0013054012 0.00241158814
f 6328 6330 6329
v 0.00235872321 -0.00210609796 0.00245190604
v 0.00246022446 -0.00226146803 0.00234479085
v 0.0021358117 -0.00132201803 0.0021790087
f 6331 6333 6332
v 0.00235872321 -0.00210609796 0.00245190604
v 0.00204959415 -0.00178143437 0.00273675396
v 0.00200157247 -0.00199735859 0.00288985102
f 6334 6336 6335
v 0.00200157247 -0.00199735859 0.00288985102
v 0.00245148822 -0.00248130746 0.00253470425
v 0.00235872321 -0.00210609796 0.00245190604
f 6337 6339 6338
v 0.0023924069 -0.00284662092 0.0027801625
v 0.00240543741 -0.00357365643 0.00305646608
v 0.00261267724 -0.00354866534 0.0027971877
f 6340 6342 6341
v 0.00257348784 -0.00299169042 0.0026024074
v 0.0023924069 -0.00284662092 0.0027801625
v 0.00268511703 -0.00342976491 0.00262977592
f 6343 6345 6344
v 0.0023924069 -0.00284662092 0.0027801625
v 0.00257348784 -0.00299169042 0.0026024074
v 0.00245148822 -0.00248130746 0.00253470425
f 6346 6348 6347
v 0.00257348784 -0.00299169042 0.0026024074
v 0.00268511703 -0.00342976491 0.00262977592
v 0.00274685099 -0.00311878903 0.00230137011
f 6349 6351 6350
v 0.00245148822 -0.00248130746 0.00253470425
v 0.00257348784 -0.00299169042 0.0026024074
v 0.00262542108 -0.00271652061 0.00232825605
f 6352 6354 6353
v 0.0023924069 -0.00284662092 0.0027801625
v 0.00261267724 -0.00354866534 0.0027971877
v 0.00268511703 -0.00342976491 0.00262977592
f 6355 6357 6356
v 0.00268511703 -0.00342976491 0.00262977592
v 0.00282869078 -0.00335152617 0.00229308589
v 0.00274685099 -0.00311878903 0.00230137011
f 6358 6360 6359
v 0.00268511703 -0.00342976491 0.00262977592
v 0.00261267724 -0.00354866534 0.0027971877
v 0.00285294736 -0.00362608589 0.00249628902
f 6361 6363 6362
v 0.00285294736 -0.00362608589 0.00249628902
v 0.00289090094 -0.00409978056 0.00283148111
v 0.0029737128 -0.00415818504 0.00264935352
f 6364 6366 6365
v 0.0029737128 -0.00415818504 0.00264935352
v 0.00302334447 -0.00402855985 0.00220496586
v 0.00298558971 -0.00384045888 0.00218145124
f 6367 6369 6368
v 0.0029737128 -0.00415818504 0.00264935352
v 0.00298558971 -0.00384045888 0.00218145124
v 0.00285294736 -0.00362608589 0.00249628902
f 6370 6372 6371
v 0.00262542108 -0.00271652061 0.00232825605
v 0.00274685099 -0.00311878903 0.00230137011
v 0.00277500949 -0.00307570444 0.00210785856
f 6373 6375 6374
v 0.00259373774 -0.00257512693 0.00150614051
v 0.00283244735 -0.00324790853 0.00157141421
v 0.00277508188 -0.00310626092 0.0014612313
f 6376 6378 6377
v 0.00277500949 -0.00307570444 0.00210785856
v 0.00259373774 -0.00257512693 0.00150614051
v 0.00247823245 -0.00217746056 0.00184934397
f 6379 6381 6380
v 0.00282869078 -0.00335152617 0.00229308589
v 0.00298558971 -0.00384045888 0.00218145124
v 0.00277500949 -0.00307570444 0.00210785856
f 6382 6384 6383
v 0.00277508188 -0.00310626092 0.0014612313
v 0.00283244735 -0.00324790853 0.00157141421
v 0.00284090311 -0.00354230942 0.00119487649
f 6385 6387 6386
v 0.00283244735 -0.00324790853 0.00157141421
v 0.00295545233 -0.00388039443 0.00141147357
v 0.00284090311 -0.00354230942 0.00119487649
f 6388 6390 6389
v 0.00284090311 -0.00354230942 0.00119487649
v 0.00289427917 -0.00386196589 0.00112905373
v 0.00283636673 -0.00370903654 0.00105604204
f 6391 6393 6392
v 0.00295545233 -0.00388039443 0.00141147357
v 0.00289427917 -0.00386196589 0.00112905373
v 0.00284090311 -0.00354230942 0.00119487649
f 6394 6396 6395
v 0.00207297198 -0.00124139169 0.0023020033
v 0.00206659406 -0.00121586836 0.00232684524
v 0.00208351194 -0.00123027658 0.00228548888
f 6397 6399 6398
v 0.00206659406 -0.00121586836 0.00232684524
v 0.00209020745 -0.00120718123 0.00230030746
v 0.00208351194 -0.00123027658 0.00228548888
f 6400 6402 6401
v 0.00209451482 -0.00124317467 0.00224969608
v 0.0020889267 -0.00127484982 0.00214883221
v 0.00194485146 -0.00124874005 0.00222878643
f 6403 6405 6404
v 0.0021358117 -0.00132201803 0.0021790087
v 0.00217021061 -0.00132304913 0.00199856386
v 0.00215082127 -0.00129949904 0.00208132642
f 6406 6408 6407
v 0.00207237426 -0.00123605623 0.00227463315
v 0.00194485146 -0.00124874005 0.00222878643
v 0.00206659406 -0.00121586836 0.00232684524
f 6409 6411 6410
v 0.0020889267 -0.00127484982 0.00214883221
v 0.00200260674 -0.00129089585 0.0019356281
v 0.0018007453 -0.00126480672 0.00206152017
f 6412 6414 6413
v 0.00194485146 -0.00124874005 0.00222878643
v 0.0020889267 -0.00127484982 0.00214883221
v 0.0018007453 -0.00126480672 0.00206152017
f 6415 6417 6416
v 0.00175470104 -0.00127638714 0.00180298957
v 0.00200260674 -0.00129089585 0.0019356281
v 0.00199254773 -0.00129345626 0.00169430677
f 6418 6420 6419
v 0.00175470104 -0.00127638714 0.00180298957
v 0.00161454373 -0.00129415275 0.00190755563
v 0.0018007453 -0.00126480672 0.00206152017
f 6421 6423 6422
v 0.00215082127 -0.00129949904 0.00208132642
v 0.00217021061 -0.00132304913 0.00199856386
v 0.00200260674 -0.00129089585 0.0019356281
f 6424 6426 6425
v 0.00200260674 -0.00129089585 0.0019356281
v 0.00215607415 -0.00136695699 0.00182623717
v 0.00199254773 -0.00129345626 0.00169430677
f 6427 6429 6428
v 0.00221982282 -0.00139375979 0.00187432888
v 0.00246022446 -0.00226146803 0.00234479085
v 0.0022328808 -0.00137703782 0.00171756728
f 6430 6432 6431
v 0.0021358117 -0.00132201803 0.0021790087
v 0.00246022446 -0.00226146803 0.00234479085
v 0.00221982282 -0.00139375979 0.00187432888
f 6433 6435 6434
v 0.00246022446 -0.00226146803 0.00234479085
v 0.00247823245 -0.00217746056 0.00184934397
v 0.0022328808 -0.00137703782 0.00171756728
f 6436 6438 6437
v 0.00221005394 -0.001333401 0.0017855933
v 0.00220367183 -0.00131563638 0.00171441152
v 0.00219858903 -0.00132352025 0.00169941395
f 6439 6441 6440
v 0.00218421173 -0.00130852304 0.0016905562
v 0.00221005394 -0.001333401 0.0017855933
v 0.00219858903 -0.00132352025 0.00169941395
f 6442 6444 6443
v 0.00221005394 -0.001333401 0.0017855933
v 0.00218421173 -0.00130852304 0.0016905562
v 0.00199254773 -0.00129345626 0.00169430677
f 6445 6447 6446
v 0.00218421173 -0.00130852304 0.0016905562
v 0.00220803504 -0.00130331964 0.00167753897
v 0.00218936111 -0.00131221705 0.00160319887
f 6448 6450 6449
v 0.00220803504 -0.00130331964 0.00167753897
v 0.00218421173 -0.00130852304 0.0016905562
v 0.00220367183 -0.00131563638 0.00171441152
f 6451 6453 6452
v 0.00215607415 -0.00136695699 0.00182623717
v 0.00220633883 -0.0013447424 0.00182563963
v 0.00221005394 -0.001333401 0.0017855933
f 6454 6456 6455
v 0.00221005394 -0.001333401 0.0017855933
v 0.00220417714 -0.00137542111 0.00183555694
v 0.00221982282 -0.00139375979 0.00187432888
f 6457 6459 6458
v 0.00221982282 -0.00139375979 0.00187432888
v 0.0022328808 -0.00137703782 0.00171756728
v 0.00221005394 -0.001333401 0.0017855933
f 6460 6462 6461
v 0.00217021061 -0.00132304913 0.00199856386
v 0.00221982282 -0.00139375979 0.00187432888
v 0.00215607415 -0.00136695699 0.00182623717
f 6463 6465 6464
v 0.00221005394 -0.001333401 0.0017855933
v 0.00220633883 -0.0013447424 0.00182563963
v 0.00221507489 -0.00137147645 0.00184458622
f 6466 6468 6467
v 0.00219858903 -0.00132352025 0.00169941395
v 0.0022328808 -0.00137703782 0.00171756728
v 0.00220803504 -0.00130331964 0.00167753897
f 6469 6471 6470
v 0.00175470104 -0.00127638714 0.00180298957
v 0.00199254773 -0.00129345626 0.00169430677
v 0.00158368202 -0.00128329921 0.00132472724
f 6472 6474 6473
v 0.00218421173 -0.00130852304 0.0016905562
v 0.00201992862 -0.00132815276 0.00127251942
v 0.00199254773 -0.00129345626 0.00169430677
f 6475 6477 6476
v 0.00218936111 -0.00131221705 0.00160319887
v 0.0021241889 -0.00131127072 0.00148606614
v 0.00218421173 -0.00130852304 0.0016905562
f 6478 6480 6479
v 0.00223699644 -0.00149991965 0.00149417838
v 0.00214965403 -0.0013166059 0.00149079342
v 0.00216217195 -0.00131082152 0.00151019576
f 6481 6483 6482
v 0.00214498123 -0.0013085707 0.00144207479
v 0.00214965403 -0.0013166059 0.00149079342
v 0.00223699644 -0.00149991965 0.00149417838
f 6484 6486 6485
v 0.00215074688 -0.00129292048 0.00148863655
v 0.00216217195 -0.00131082152 0.00151019576
v 0.00214498123 -0.0013085707 0.00144207479
f 6487 6489 6488
v 0.0021241889 -0.00131127072 0.00148606614
v 0.00214498123 -0.0013085707 0.00144207479
v 0.00201992862 -0.00132815276 0.00127251942
f 6490 6492 6491
v 0.0022328808 -0.00137703782 0.00171756728
v 0.00223699644 -0.00149991965 0.00149417838
v 0.00220803504 -0.00130331964 0.00167753897
f 6493 6495 6494
v 0.00223699644 -0.00149991965 0.00149417838
v 0.00222714807 -0.00171727606 0.00121443045
v 0.00214498123 -0.0013085707 0.00144207479
f 6496 6498 6497
v 0.0022328808 -0.00137703782 0.00171756728
v 0.00247823245 -0.00217746056 0.00184934397
v 0.00259373774 -0.00257512693 0.00150614051
f 6499 6501 6500
v 0.00244450184 -0.0025268946 0.00102182566
v 0.0020223064 -0.00229061388 0.000689499848
v 0.00217702109 -0.00208695219 0.00090962867
f 6502 6504 6503
v 0.00244450184 -0.0025268946 0.00102182566
v 0.00236520846 -0.00270596829 0.000876299964
v 0.0020223064 -0.00229061388 0.000689499848
f 6505 6507 6506
v 0.00236520846 -0.00270596829 0.000876299964
v 0.00218268688 -0.00275053626 0.000727673159
v 0.0020223064 -0.00229061388 0.000689499848
f 6508 6510 6509
v 0.00201992862 -0.00132815276 0.00127251942
v 0.00214498123 -0.0013085707 0.00144207479
v 0.00207715584 -0.00138766754 0.00121114881
f 6511 6513 6512
v 0.00195572793 -0.00133467383 0.00110926103
v 0.00179891613 -0.00144251326 0.000926487974
v 0.0018690238 -0.00134164666 0.00114088416
f 6514 6516 6515
v 0.00195572793 -0.00133467383 0.00110926103
v 0.00207715584 -0.00138766754 0.00121114881
v 0.00206275854 -0.00156225087 0.00107818323
f 6517 6519 6518
v 0.00214498123 -0.0013085707 0.00144207479
v 0.00222714807 -0.00171727606 0.00121443045
v 0.00207715584 -0.00138766754 0.00121114881
f 6520 6522 6521
v 0.00162266679 -0.00137333882 0.000957981683
v 0.00179891613 -0.00144251326 0.000926487974
v 0.00166450973 -0.00139794574 0.000879565596
f 6523 6525 6524
v 0.00179891613 -0.00144251326 0.000926487974
v 0.00217702109 -0.00208695219 0.00090962867
v 0.00151769082 -0.00154071931 0.000654581072
f 6526 6528 6527
v 0.00151769082 -0.00154071931 0.000654581072
v 0.00163883869 -0.00194325621 0.000605920286
v 0.00132684791 -0.0015097884 0.000550667983
f 6529 6531 6530
v 0.00217702109 -0.00208695219 0.00090962867
v 0.0020223064 -0.00229061388 0.000689499848
v 0.00151769082 -0.00154071931 0.000654581072
f 6532 6534 6533
v 0.00259373774 -0.00257512693 0.00150614051
v 0.00277508188 -0.00310626092 0.0014612313
v 0.00251518541 -0.00265583403 0.00109533466
f 6535 6537 6536
v 0.00251518541 -0.00265583403 0.00109533466
v 0.00267005089 -0.00315158104 0.00106709631
v 0.00255849118 -0.00307942792 0.000916481076
f 6538 6540 6539
v 0.00251518541 -0.00265583403 0.00109533466
v 0.00236520846 -0.00270596829 0.000876299964
v 0.00244450184 -0.0025268946 0.00102182566
f 6541 6543 6542
v 0.00283636673 -0.00370903654 0.00105604204
v 0.00271015888 -0.00336801313 0.000995536902
v 0.00284090311 -0.00354230942 0.00119487649
f 6544 6546 6545
v 0.00223699644 -0.00149991965 0.00149417838
v 0.00216217195 -0.00131082152 0.00151019576
v 0.00218936111 -0.00131221705 0.00160319887
f 6547 6549 6548
v 0.00220803504 -0.00130331964 0.00167753897
v 0.00223699644 -0.00149991965 0.00149417838
v 0.00218936111 -0.00131221705 0.00160319887
f 6550 6552 6551
v -0.000201596481 -0.0040777828 0.000310108476
v 0.0010618749 -0.00294715446 0.000286146178
v 0.00143788775 -0.00403684899 0.000262148797
f 6553 6555 6554
v -0.000201596481 -0.0040777828 0.000310108476
v 0.000495129552 -0.00409385611 0.0002847612
v 0.000471179601 -0.00478683978 0.000185638999
f 6556 6558 6557
v 0.000932728381 -0.00519923233 0.000103741365
v 0.000471179601 -0.00478683978 0.000185638999
v 0.000495129552 -0.00409385611 0.0002847612
f 6559 6561 6560
v 0.0010618749 -0.00294715446 0.000286146178
v -0.000201596481 -0.0040777828 0.000310108476
v 0.000692442291 -0.00283292138 0.000306559787
f 6562 6564 6563
v 0.00299111198 -0.00422524863 0.00120754485
v 0.00288168467 -0.00429593492 0.000974518025
v 0.00289427917 -0.00386196589 0.00112905373
f 6565 6567 6566
v 0.0027552147 -0.00465574813 0.000803578496
v 0.00254412826 -0.004263542 0.000641547194
v 0.00251836809 -0.00389600464 0.000630405157
f 6568 6570 6569
v 0.00238871489 -0.00398611774 0.000521059656
v 0.00254412826 -0.004263542 0.000641547194
v 0.00251491765 -0.00458208488 0.000643041949
f 6571 6573 6572
v 0.00254412826 -0.004263542 0.000641547194
v 0.00238871489 -0.00398611774 0.000521059656
v 0.00251836809 -0.00389600464 0.000630405157
f 6574 6576 6575
v 0.000932728381 -0.00519923233 0.000103741365
v 0.00177069396 -0.00600010608 0.000112545092
v 0.0011751481 -0.00588849471 9.2866162e-05
f 6577 6579 6578
v 0.000932728381 -0.00519923233 0.000103741365
v 0.00183041502 -0.00571007004 0.000119982758
v 0.00177069396 -0.00600010608 0.000112545092
f 6580 6582 6581
v 0.00154532299 -0.00439133146 0.000209825203
v 0.000932728381 -0.00519923233 0.000103741365
v 0.000495129552 -0.00409385611 0.0002847612
f 6583 6585 6584
v 0.00205648557 -0.00403553313 0.000356658597
v 0.00184136861 -0.00442472592 0.000283343479
v 0.00171028569 -0.0040963645 0.000270813734
f 6586 6588 6587
v 0.00158010898 -0.0046396246 0.00016047419
v 0.000932728381 -0.00519923233 0.000103741365
v 0.00154532299 -0.00439133146 0.000209825203
f 6589 6591 6590
v 0.00170220264 -0.00478992442 0.000151858728
v 0.00179475774 -0.00515668071 0.00010680418
v 0.00149223843 -0.00495030617 0.000114563613
f 6592 6594 6593
v 0.00170220264 -0.00478992442 0.000151858728
v 0.00158010898 -0.0046396246 0.00016047419
v 0.00184136861 -0.00442472592 0.000283343479
f 6595 6597 6596
v 0.00211708193 -0.00458791219 0.000386994043
v 0.00193837204 -0.00504665586 0.000151657002
v 0.00170220264 -0.00478992442 0.000151858728
f 6598 6600 6599
v 0.00158010898 -0.0046396246 0.00016047419
v 0.00149223843 -0.00495030617 0.000114563613
v 0.000932728381 -0.00519923233 0.000103741365
f 6601 6603 6602
v 0.00163883869 -0.00194325621 0.000605920286
v 0.00128365637 -0.00217898869 0.000426768065
v 0.00122136435 -0.00158209823 0.000485931787
f 6604 6606 6605
v 0.00177192105 -0.00273641854 0.000508322637
v 0.0016109514 -0.0027673952 0.00044581916
v 0.00128365637 -0.00217898869 0.000426768065
f 6607 6609 6608
v 0.00163883869 -0.00194325621 0.000605920286
v 0.00177192105 -0.00273641854 0.000508322637
v 0.00128365637 -0.00217898869 0.000426768065
f 6610 6612 6611
v 0.00128365637 -0.00217898869 0.000426768065
v 0.0010618749 -0.00294715446 0.000286146178
v 0.000878159426 -0.00252832688 0.000317682907
f 6613 6615 6614
v 0.0020223064 -0.00229061388 0.000689499848
v 0.00218268688 -0.00275053626 0.000727673159
v 0.00177192105 -0.00273641854 0.000508322637
f 6616 6618 6617
v 0.0010618749 -0.00294715446 0.000286146178
v 0.00186032066 -0.00309537172 0.000416435932
v 0.00182869098 -0.00354850708 0.000282578958
f 6619 6621 6620
v 0.00182869098 -0.00354850708 0.000282578958
v 0.00143788775 -0.00403684899 0.000262148797
v 0.0010618749 -0.00294715446 0.000286146178
f 6622 6624 6623
v 0.00255849118 -0.00307942792 0.000916481076
v 0.00261424157 -0.00347932255 0.000811355312
v 0.00232032053 -0.00349862894 0.000500051874
f 6625 6627 6626
v 0.00255849118 -0.00307942792 0.000916481076
v 0.00232032053 -0.00349862894 0.000500051874
v 0.00232674302 -0.00308797644 0.000700348846
f 6628 6630 6629
v 0.00271015888 -0.00336801313 0.000995536902
v 0.00261424157 -0.00347932255 0.000811355312
v 0.00255849118 -0.00307942792 0.000916481076
f 6631 6633 6632
v 0.00238609173 -0.00373425537 0.00051165166
v 0.00232032053 -0.00349862894 0.000500051874
v 0.00261424157 -0.00347932255 0.000811355312
f 6634 6636 6635
v 0.00232674302 -0.00308797644 0.000700348846
v 0.00232032053 -0.00349862894 0.000500051874
v 0.00217654997 -0.0033319895 0.000472440979
f 6637 6639 6638
v 0.00189082348 -0.00391058129 0.000294363849
v 0.00143788775 -0.00403684899 0.000262148797
v 0.00182869098 -0.00354850708 0.000282578958
f 6640 6642 6641
v 0.00189082348 -0.00391058129 0.000294363849
v 0.00200570448 -0.00359691876 0.000316746514
v 0.00205648557 -0.00403553313 0.000356658597
f 6643 6645 6644
v 0.00283636673 -0.00370903654 0.00105604204
v 0.00261424157 -0.00347932255 0.000811355312
v 0.00271015888 -0.00336801313 0.000995536902
f 6646 6648 6647
v 0.00238871489 -0.00398611774 0.000521059656
v 0.00205648557 -0.00403553313 0.000356658597
v 0.00238609173 -0.00373425537 0.00051165166
f 6649 6651 6650
v 0.00232032053 -0.00349862894 0.000500051874
v 0.00224076975 -0.00368470428 0.000418100581
v 0.00200570448 -0.00359691876 0.000316746514
f 6652 6654 6653
v 0.00232674302 -0.00308797644 0.000700348846
v 0.00217654997 -0.0033319895 0.000472440979
v 0.00226603479 -0.002858691 0.000753553195
f 6655 6657 6656
v 0.00119934348 -0.00187590103 0.00331938027
v 0.00147172013 -0.00189980528 0.00323758431
v 0.00133106905 -0.00174242796 0.00325436631
f 6658 6660 6659
v 0.00183365319 -0.002616032 0.00315514008
v 0.00197552345 -0.0028654229 0.00317630729
v 0.00214217253 -0.00252536101 0.00292165169
f 6661 6663 6662
v -0.000371584451 -0.0041718642 0.000337334927
v -5.44139994e-05 -0.00464136974 0.000284737371
v -0.00019407953 -0.00457042479 0.000329322643
f 6664 6666 6665
v 0.00105958652 -0.0020268415 0.00337446727
v 0.000964076389 -0.00215568944 0.00342513194
v 0.00147172013 -0.00189980528 0.00323758431
f 6667 6669 6668
v -0.00113799588 -0.00465027442 0.00108288323
v -0.00110868214 -0.00510463142 0.00103774537
v -0.00120125496 -0.00516359178 0.00141866958
f 6670 6672 6671
v -0.000599025043 -0.0020328087 0.0024893403
v -0.000813852967 -0.00214023494 0.00238386692
v -0.000697268024 -0.00217061315 0.00270540149
f 6673 6675 6674
v -0.000135845869 -0.00411538349 0.00362754763
v -0.000183978068 -0.00473768159 0.00364772895
v -1.70387025e-05 -0.00446956619 0.00365713822
f 6676 6678 6677
v 0.00163883869 -0.00194325621 0.000605920286
v 0.00122136435 -0.00158209823 0.000485931787
v 0.00132684791 -0.0015097884 0.000550667983
f 6679 6681 6680
v -0.00116581996 -0.00565103001 0.00126367431
v -0.00127156673 -0.00588148723 0.00159217107
v -0.00122204947 -0.00552495003 0.00156660262
f 6682 6684 6683
v -0.00126664354 -0.00613804223 0.00137308625
v -0.00136721901 -0.00646418266 0.00189634538
v -0.00131925799 -0.00618324339 0.00176949889
f 6685 6687 6686
v -0.0012321324 -0.00631119692 0.00123818791
v -0.00119507586 -0.00734068308 0.000971585087
v -0.00132570676 -0.00671209345 0.00137810321
f 6688 6690 6689
v -0.00120125496 -0.00516359178 0.00141866958
v -0.00110868214 -0.00510463142 0.00103774537
v -0.00120038212 -0.00548585194 0.00141045111
f 6691 6693 6692
v -0.00109663388 -0.00529048375 0.00103924222
v -0.00106012276 -0.0056375804 0.00105934178
v -0.00116581996 -0.00565103001 0.00126367431
f 6694 6696 6695
v -0.00116581996 -0.00565103001 0.00126367431
v -0.00106012276 -0.0056375804 0.00105934178
v -0.0012321324 -0.00631119692 0.00123818791
f 6697 6699 6698
v -0.000856381212 -0.00549900906 0.00073725023
v -0.00106012276 -0.0056375804 0.00105934178
v -0.00101376554 -0.00508677622 0.000863352307
f 6700 6702 6701
v -0.00109663388 -0.00529048375 0.00103924222
v -0.00101376554 -0.00508677622 0.000863352307
v -0.00106012276 -0.0056375804 0.00105934178
f 6703 6705 6704
v -0.00106012276 -0.0056375804 0.00105934178
v -0.000856381212 -0.00549900906 0.00073725023
v -0.000818383614 -0.00597962317 0.000608176651
f 6706 6708 6707
v -0.00119507586 -0.00734068308 0.000971585087
v -0.000769429425 -0.0062831823 0.00047837043
v -0.00094837178 -0.00704701306 0.000626511201
f 6709 6711 6710
v -0.00094837178 -0.00704701306 0.000626511201
v -0.000769429425 -0.0062831823 0.00047837043
v -0.000679062759 -0.00638148631 0.000372821592
f 6712 6714 6713
v -0.00094837178 -0.00704701306 0.000626511201
v -0.00108930071 -0.00733322668 0.000792802894
v -0.00119507586 -0.00734068308 0.000971585087
f 6715 6717 6716
v -0.00104474775 -0.00748035163 0.000700743612
v -0.00118943835 -0.00778723188 0.000744415638
v -0.00119507586 -0.00734068308 0.000971585087
f 6718 6720 6719
v -0.000776048182 -0.00758495516 0.00044162216
v -0.00118943835 -0.00778723188 0.000744415638
v -0.00104474775 -0.00748035163 0.000700743612
f 6721 6723 6722
v -0.00094837178 -0.00704701306 0.000626511201
v -0.000719660375 -0.00714915368 0.000387960881
v -0.00104474775 -0.00748035163 0.000700743612
f 6724 6726 6725
v -0.000719660375 -0.00714915368 0.000387960881
v -0.000776048182 -0.00758495516 0.00044162216
v -0.00104474775 -0.00748035163 0.000700743612
f 6727 6729 6728
v -0.00118943835 -0.00778723188 0.000744415638
v -0.000776048182 -0.00758495516 0.00044162216
v -0.00103081884 -0.00806004537 0.000496771008
f 6730 6732 6731
v -0.000776048182 -0.00758495516 0.00044162216
v -0.000777132027 -0.00778759641 0.000391588128
v -0.00103081884 -0.00806004537 0.000496771008
f 6733 6735 6734
v -0.00094837178 -0.00704701306 0.000626511201
v -0.000679062759 -0.00638148631 0.000372821592
v -0.000719660375 -0.00714915368 0.000387960881
f 6736 6738 6737
v -0.000719660375 -0.00714915368 0.000387960881
v -0.000549302968 -0.00727075676 0.000284373391
v -0.000607149559 -0.00757682865 0.00031418283
f 6739 6741 6740
v -0.000549302968 -0.00727075676 0.000284373391
v -0.000218397031 -0.00748102902 0.000160315221
v -0.000607149559 -0.00757682865 0.00031418283
f 6742 6744 6743
v -0.000531272644 -0.00682006503 0.000265215431
v -0.000218397031 -0.00748102902 0.000160315221
v -0.000549302968 -0.00727075676 0.000284373391
f 6745 6747 6746
v -7.02628142e-05 -0.00680215162 8.04855858e-05
v -0.000218397031 -0.00748102902 0.000160315221
v -0.000531272644 -0.00682006503 0.000265215431
f 6748 6750 6749
v -0.000719660375 -0.00714915368 0.000387960881
v -0.000607149559 -0.00757682865 0.00031418283
v -0.000776048182 -0.00758495516 0.00044162216
f 6751 6753 6752
v -0.000889392049 -0.00463471442 0.000737045411
v -0.000672596752 -0.00468492908 0.000572865611
v -0.00101376554 -0.00508677622 0.000863352307
f 6754 6756 6755
v -0.000786077271 -0.00543385722 0.000648903733
v -0.000456910993 -0.00526964759 0.000396417863
v -0.000490231969 -0.00545219627 0.000379787775
f 6757 6759 6758
v -0.00101376554 -0.00508677622 0.000863352307
v -0.000786077271 -0.00543385722 0.000648903733
v -0.000856381212 -0.00549900906 0.00073725023
f 6760 6762 6761
v -0.000490231969 -0.00545219627 0.000379787775
v -0.000166554162 -0.00531959813 0.000270415558
v -0.000491139826 -0.00568462856 0.000346346201
f 6763 6765 6764
v -0.000456910993 -0.00526964759 0.000396417863
v -0.000166554162 -0.00531959813 0.000270415558
v -0.000490231969 -0.00545219627 0.000379787775
f 6766 6768 6767
v -0.000818383614 -0.00597962317 0.000608176651
v -0.000734143941 -0.00582001194 0.000530709667
v -0.000769429425 -0.0062831823 0.00047837043
f 6769 6771 6770
v -0.000679062759 -0.00638148631 0.000372821592
v -0.000491139826 -0.00568462856 0.000346346201
v -0.000446069953 -0.00609773706 0.000259078706
f 6772 6774 6773
v -0.000233379433 -0.00473860564 0.000349812649
v -5.44139994e-05 -0.00464136974 0.000284737371
v -0.000456910993 -0.00526964759 0.000396417863
f 6775 6777 6776
v -5.44139994e-05 -0.00464136974 0.000284737371
v 0.000381741893 -0.00538252498 0.000134702566
v -0.000166554162 -0.00531959813 0.000270415558
f 6778 6780 6779
v -0.000856381212 -0.00549900906 0.00073725023
v -0.000786077271 -0.00543385722 0.000648903733
v -0.000734143941 -0.00582001194 0.000530709667
f 6781 6783 6782
v -0.000531272644 -0.00682006503 0.000265215431
v -0.000458538943 -0.00639643258 0.000227454848
v -7.02628142e-05 -0.00680215162 8.04855858e-05
f 6784 6786 6785
v 0.000105579466 -0.00613514057 0.000109674545
v 0.000296147027 -0.00635187462 7.98032829e-05
v -7.02628142e-05 -0.00680215162 8.04855858e-05
f 6787 6789 6788
v 0.000381741893 -0.00538252498 0.000134702566
v 0.000296147027 -0.00635187462 7.98032829e-05
v 0.000105579466 -0.00613514057 0.000109674545
f 6790 6792 6791
v -0.000166554162 -0.00531959813 0.000270415558
v 0.000381741893 -0.00538252498 0.000134702566
v 0.000105579466 -0.00613514057 0.000109674545
f 6793 6795 6794
v 0.0011751481 -0.00588849471 9.2866162e-05
v 0.000246147715 -0.00718938609 6.20561252e-05
v 0.000296147027 -0.00635187462 7.98032829e-05
f 6796 6798 6797
v -7.02628142e-05 -0.00680215162 8.04855858e-05
v 8.57758323e-05 -0.00758172027 9.83240511e-05
v -0.000218397031 -0.00748102902 0.000160315221
f 6799 6801 6800
v 0.000246147715 -0.00718938609 6.20561252e-05
v 8.57758323e-05 -0.00758172027 9.83240511e-05
v -7.02628142e-05 -0.00680215162 8.04855858e-05
f 6802 6804 6803
v -0.000818383614 -0.00597962317 0.000608176651
v -0.000856381212 -0.00549900906 0.00073725023
v -0.000734143941 -0.00582001194 0.000530709667
f 6805 6807 6806
v -0.000679062759 -0.00638148631 0.000372821592
v -0.000458538943 -0.00639643258 0.000227454848
v -0.000531272644 -0.00682006503 0.000265215431
f 6808 6810 6809
v 0.0011751481 -0.00588849471 9.2866162e-05
v 0.000296147027 -0.00635187462 7.98032829e-05
v 0.000932728381 -0.00519923233 0.000103741365
f 6811 6813 6812
v 0.00170589919 -0.00568322685 0.00373753719
v 0.00223766074 -0.00561186534 0.00354502081
v 0.0016617214 -0.00531775004 0.0037221489
f 6814 6816 6815
v 0.00191165873 -0.00626235487 0.00361614402
v 0.00214877764 -0.00623467276 0.00351457384
v 0.00215351538 -0.00580341693 0.00358266661
f 6817 6819 6818
v 0.00214877764 -0.00623467276 0.00351457384
v 0.00245163701 -0.00612097137 0.00334148717
v 0.00215351538 -0.00580341693 0.00358266661
f 6820 6822 6821
v 0.0025318519 -0.00522312512 0.00332240961
v 0.0026692016 -0.00501145369 0.00325379697
v 0.00192736024 -0.00482969481 0.00355695665
f 6823 6825 6824
v 0.0025318519 -0.00522312512 0.00332240961
v 0.00192736024 -0.00482969481 0.00355695665
v 0.00164484627 -0.0049995484 0.00367682587
f 6826 6828 6827
v 0.00223766074 -0.00561186534 0.00354502081
v 0.00272010839 -0.00558805223 0.00323147797
v 0.00271701756 -0.00524896241 0.00322549131
f 6829 6831 6830
v 0.00282539131 -0.00555361039 0.00313643723
v 0.00276622995 -0.00582370158 0.00318526836
v 0.00284885009 -0.00576397033 0.00308901508
f 6832 6834 6833
v 0.00276622995 -0.00582370158 0.00318526836
v 0.0028122613 -0.00612098302 0.00310354262
v 0.00284885009 -0.00576397033 0.00308901508
f 6835 6837 6836
v 0.0028122613 -0.00612098302 0.00310354262
v 0.00294588608 -0.00614419114 0.00294546408
v 0.00284885009 -0.00576397033 0.00308901508
f 6838 6840 6839
v 0.00276622995 -0.00582370158 0.00318526836
v 0.00282539131 -0.00555361039 0.00313643723
v 0.00272010839 -0.00558805223 0.00323147797
f 6841 6843 6842
v 0.00215351538 -0.00580341693 0.00358266661
v 0.00245163701 -0.00612097137 0.00334148717
v 0.00276622995 -0.00582370158 0.00318526836
f 6844 6846 6845
v 0.0025318519 -0.00522312512 0.00332240961
v 0.00223766074 -0.00561186534 0.00354502081
v 0.00271701756 -0.00524896241 0.00322549131
f 6847 6849 6848
v 0.00248471115 -0.00462866628 0.00335082805
v 0.0026692016 -0.00501145369 0.00325379697
v 0.00271277604 -0.00470847117 0.00324992398
f 6850 6852 6851
v 0.00192736024 -0.00482969481 0.00355695665
v 0.0026692016 -0.00501145369 0.00325379697
v 0.00248471115 -0.00462866628 0.00335082805
f 6853 6855 6854
v 0.00248471115 -0.00462866628 0.00335082805
v 0.00271277604 -0.00470847117 0.00324992398
v 0.00255776267 -0.00442089768 0.00330363873
f 6856 6858 6857
v 0.0026692016 -0.00501145369 0.00325379697
v 0.00281631965 -0.0050226703 0.00313415003
v 0.00283656373 -0.00469659462 0.00315084144
f 6859 6861 6860
v 0.00281631965 -0.0050226703 0.00313415003
v 0.00299991207 -0.00487174184 0.00292767363
v 0.00283656373 -0.00469659462 0.00315084144
f 6862 6864 6863
v 0.00271277604 -0.00470847117 0.00324992398
v 0.00283656373 -0.00469659462 0.00315084144
v 0.00274523354 -0.00446089507 0.00318629645
f 6865 6867 6866
v 0.0025318519 -0.00522312512 0.00332240961
v 0.00271701756 -0.00524896241 0.00322549131
v 0.0026692016 -0.00501145369 0.00325379697
f 6868 6870 6869
v 0.00293366884 -0.00521629772 0.00299840067
v 0.00303424367 -0.00509235142 0.00285528986
v 0.00299991207 -0.00487174184 0.00292767363
f 6871 6873 6872
v 0.00271701756 -0.00524896241 0.00322549131
v 0.00293366884 -0.00521629772 0.00299840067
v 0.00281631965 -0.0050226703 0.00313415003
f 6874 6876 6875
v 0.00284885009 -0.00576397033 0.00308901508
v 0.00311527474 -0.00583787005 0.00263400325
v 0.00282539131 -0.00555361039 0.00313643723
f 6877 6879 6878
v 0.00286971554 -0.00430133368 0.00298550476
v 0.00294849015 -0.00454503679 0.00297610368
v 0.00297806546 -0.00440304066 0.00284167891
f 6880 6882 6881
v 0.00297806546 -0.00440304066 0.00284167891
v 0.00294849015 -0.00454503679 0.00297610368
v 0.00305727444 -0.00494827109 0.00279344458
f 6883 6885 6884
v 0.00283656373 -0.00469659462 0.00315084144
v 0.00299991207 -0.00487174184 0.00292767363
v 0.00294849015 -0.00454503679 0.00297610368
f 6886 6888 6887
v 0.00286971554 -0.00430133368 0.00298550476
v 0.00297806546 -0.00440304066 0.00284167891
v 0.00289090094 -0.00409978056 0.00283148111
f 6889 6891 6890
v 0.00297806546 -0.00440304066 0.00284167891
v 0.00305727444 -0.00494827109 0.00279344458
v 0.00302334447 -0.00402855985 0.00220496586
f 6892 6894 6893
v 0.00308457311 -0.00562521564 0.00268903495
v 0.00324495195 -0.00550264303 0.00211524384
v 0.00305727444 -0.00494827109 0.00279344458
f 6895 6897 6896
v 0.00308457311 -0.00562521564 0.00268903495
v 0.00311527474 -0.00583787005 0.00263400325
v 0.00324495195 -0.00550264303 0.00211524384
f 6898 6900 6899
v 0.00191165873 -0.00626235487 0.00361614402
v 0.00210148974 -0.00691642417 0.00359497353
v 0.00228596527 -0.00675258925 0.00349646762
f 6901 6903 6902
v 0.00217132765 -0.00711851462 0.0035122157
v 0.00239972778 -0.00735913782 0.00330828843
v 0.00232393959 -0.00693768816 0.00347953865
f 6904 6906 6905
v 0.00276146875 -0.00755482906 0.00303860506
v 0.00285297338 -0.00692081449 0.00313398887
v 0.00232393959 -0.00693768816 0.00347953865
f 6907 6909 6908
v 0.00239972778 -0.00735913782 0.00330828843
v 0.00276146875 -0.00755482906 0.00303860506
v 0.00232393959 -0.00693768816 0.00347953865
f 6910 6912 6911
v 0.00228596527 -0.00675258925 0.00349646762
v 0.00285297338 -0.00692081449 0.00313398887
v 0.0028122613 -0.00612098302 0.00310354262
f 6913 6915 6914
v 0.00285297338 -0.00692081449 0.00313398887
v 0.00276146875 -0.00755482906 0.00303860506
v 0.00290036205 -0.00710322565 0.00305843641
f 6916 6918 6917
v 0.00255746036 -0.00759394097 0.00317568156
v 0.00276146875 -0.00755482906 0.00303860506
v 0.00239972778 -0.00735913782 0.00330828843
f 6919 6921 6920
v 0.00265261879 -0.00778058311 0.00310864161
v 0.0026982867 -0.00802529466 0.00301075652
v 0.00276146875 -0.00755482906 0.00303860506
f 6922 6924 6923
v 0.00276146875 -0.00755482906 0.00303860506
v 0.0026982867 -0.00802529466 0.00301075652
v 0.00300748598 -0.00768355676 0.00274268641
f 6925 6927 6926
v 0.00300748598 -0.00768355676 0.00274268641
v 0.00303602683 -0.00724159763 0.00289945492
v 0.00276146875 -0.00755482906 0.00303860506
f 6928 6930 6929
v 0.00288976298 -0.0080801663 0.00266807128
v 0.00300748598 -0.00768355676 0.00274268641
v 0.0026982867 -0.00802529466 0.00301075652
f 6931 6933 6932
v 0.00288952415 -0.00663647515 0.00308816379
v 0.00294588608 -0.00614419114 0.00294546408
v 0.00287662442 -0.00627713162 0.00305763715
f 6934 6936 6935
v 0.00290036205 -0.00710322565 0.00305843641
v 0.00303602683 -0.00724159763 0.00289945492
v 0.00296304224 -0.00688891305 0.00302653607
f 6937 6939 6938
v 0.00296304224 -0.00688891305 0.00302653607
v 0.00303602683 -0.00724159763 0.00289945492
v 0.00329318646 -0.0069632224 0.00257953434
f 6940 6942 6941
v 0.00303602683 -0.00724159763 0.00289945492
v 0.00335928416 -0.00709573796 0.00246809304
v 0.00329318646 -0.0069632224 0.00257953434
f 6943 6945 6944
v 0.00303602683 -0.00724159763 0.00289945492
v 0.00313886194 -0.00759469913 0.00260369143
v 0.00335928416 -0.00709573796 0.00246809304
f 6946 6948 6947
v 0.00296304224 -0.00688891305 0.00302653607
v 0.00329318646 -0.0069632224 0.00257953434
v 0.00294588608 -0.00614419114 0.00294546408
f 6949 6951 6950
v 0.00327981616 -0.00648090499 0.00246313302
v 0.00329831237 -0.00620555729 0.00233724968
v 0.00311527474 -0.00583787005 0.00263400325
f 6952 6954 6953
v 0.0033566721 -0.00658688878 0.00230752739
v 0.00330703624 -0.00608208975 0.00217427769
v 0.00329831237 -0.00620555729 0.00233724968
f 6955 6957 6956
v 0.00327981616 -0.00648090499 0.00246313302
v 0.00329318646 -0.0069632224 0.00257953434
v 0.0033566721 -0.00658688878 0.00230752739
f 6958 6960 6959
v 0.00335928416 -0.00709573796 0.00246809304
v 0.0033566721 -0.00658688878 0.00230752739
v 0.00329318646 -0.0069632224 0.00257953434
f 6961 6963 6962
v 0.00338302416 -0.0073284471 0.00233347964
v 0.00342979474 -0.00727938459 0.0021785796
v 0.00335928416 -0.00709573796 0.00246809304
f 6964 6966 6965
v 0.00341792911 -0.00695261479 0.00219323156
v 0.00342979474 -0.00727938459 0.0021785796
v 0.00341698396 -0.00697129581 0.00208177225
f 6967 6969 6968
v 0.00341792911 -0.00695261479 0.00219323156
v 0.00335928416 -0.00709573796 0.00246809304
v 0.00342979474 -0.00727938459 0.0021785796
f 6970 6972 6971
v 0.00341792911 -0.00695261479 0.00219323156
v 0.00335968507 -0.00654724499 0.00195156917
v 0.00337430174 -0.00651630544 0.00205468623
f 6973 6975 6974
v 0.00341698396 -0.00697129581 0.00208177225
v 0.00335968507 -0.00654724499 0.00195156917
v 0.00341792911 -0.00695261479 0.00219323156
f 6976 6978 6977
v 0.00341698396 -0.00697129581 0.00208177225
v 0.00333979478 -0.00739138995 0.00169792784
v 0.00335968507 -0.00654724499 0.00195156917
f 6979 6981 6980
v 0.00342979474 -0.00727938459 0.0021785796
v 0.00333979478 -0.00739138995 0.00169792784
v 0.00341698396 -0.00697129581 0.00208177225
f 6982 6984 6983
v 0.00329831237 -0.00620555729 0.00233724968
v 0.00330703624 -0.00608208975 0.00217427769
v 0.00327199596 -0.00573224388 0.00212434716
f 6985 6987 6986
v 0.00330703624 -0.00608208975 0.00217427769
v 0.00330340044 -0.00595115671 0.00193907472
v 0.00327199596 -0.00573224388 0.00212434716
f 6988 6990 6989
v 0.00330703624 -0.00608208975 0.00217427769
v 0.00337430174 -0.00651630544 0.00205468623
v 0.00330340044 -0.00595115671 0.00193907472
f 6991 6993 6992
v 0.00330340044 -0.00595115671 0.00193907472
v 0.00337430174 -0.00651630544 0.00205468623
v 0.00330848561 -0.00610236857 0.00183040429
f 6994 6996 6995
v 0.00330848561 -0.00610236857 0.00183040429
v 0.00327623347 -0.00579730986 0.00176131271
v 0.00330340044 -0.00595115671 0.00193907472
f 6997 6999 6998
v 0.00302777662 -0.00577592946 0.000992300374
v 0.00327623347 -0.00579730986 0.00176131271
v 0.00311126569 -0.00645785185 0.00111594609
f 7000 7002 7001
v 0.00337430174 -0.00651630544 0.00205468623
v 0.00335968507 -0.00654724499 0.00195156917
v 0.00330848561 -0.00610236857 0.00183040429
f 7003 7005 7004
v 0.00306503352 -0.00770341503 0.0011920707
v 0.00316517835 -0.0070902046 0.00120307068
v 0.00333979478 -0.00739138995 0.00169792784
f 7006 7008 7007
v 0.00333979478 -0.00739138995 0.00169792784
v 0.00316517835 -0.0070902046 0.00120307068
v 0.00320728141 -0.00700590608 0.00129990167
f 7009 7011 7010
v 0.00283878671 -0.00761132396 0.000852982703
v 0.00290549942 -0.0073378782 0.000846446892
v 0.00306503352 -0.00770341503 0.0011920707
f 7012 7014 7013
v 0.00292403129 -0.00696557618 0.000808526147
v 0.0028543338 -0.00640304643 0.000712287147
v 0.0030129806 -0.0061919076 0.000934659965
f 7015 7017 7016
v 0.00279379929 -0.00734553832 0.0007259217
v 0.00277660147 -0.00669955625 0.00063503312
v 0.00292403129 -0.00696557618 0.000808526147
f 7018 7020 7019
v 0.00316517835 -0.0070902046 0.00120307068
v 0.00311126569 -0.00645785185 0.00111594609
v 0.00320728141 -0.00700590608 0.00129990167
f 7021 7023 7022
v 0.00283878671 -0.00761132396 0.000852982703
v 0.00256506901 -0.00736194488 0.000546633419
v 0.00279379929 -0.00734553832 0.0007259217
f 7024 7026 7025
v 0.00283878671 -0.00761132396 0.000852982703
v 0.00279379929 -0.00734553832 0.0007259217
v 0.00290549942 -0.0073378782 0.000846446892
f 7027 7029 7028
v 0.00335968507 -0.00654724499 0.00195156917
v 0.00333979478 -0.00739138995 0.00169792784
v 0.00320728141 -0.00700590608 0.00129990167
f 7030 7032 7031
v 0.00304806181 -0.00807515098 0.00240418958
v 0.00313886194 -0.00759469913 0.00260369143
v 0.00300748598 -0.00768355676 0.00274268641
f 7033 7035 7034
v 0.00335794248 -0.00753545391 0.00221841256
v 0.00313886194 -0.00759469913 0.00260369143
v 0.00304806181 -0.00807515098 0.00240418958
f 7036 7038 7037
v 0.00335794248 -0.00753545391 0.00221841256
v 0.00338302416 -0.0073284471 0.00233347964
v 0.00313886194 -0.00759469913 0.00260369143
f 7039 7041 7040
v 0.00288976298 -0.0080801663 0.00266807128
v 0.00301953296 -0.00859173742 0.00228932113
v 0.00304806181 -0.00807515098 0.00240418958
f 7042 7044 7043
v 0.00298080813 -0.00893772376 0.00228666304
v 0.00301953296 -0.00859173742 0.00228932113
v 0.00251806359 -0.00913293334 0.00304496898
f 7045 7047 7046
v 0.00299880903 -0.00918410078 0.00217337238
v 0.00294827587 -0.00973080969 0.00216669887
v 0.00300373995 -0.00945735228 0.00190089668
f 7048 7050 7049
v 0.00299880903 -0.00918410078 0.00217337238
v 0.00304975765 -0.00862976158 0.00213974636
v 0.00298080813 -0.00893772376 0.00228666304
f 7051 7053 7052
v 0.00302600201 -0.00909774462 0.00189018501
v 0.00294720776 -0.00929938687 0.00163114655
v 0.00301154414 -0.00896926067 0.00174700344
f 7054 7056 7055
v 0.00304806181 -0.00807515098 0.00240418958
v 0.00301953296 -0.00859173742 0.00228932113
v 0.00318041275 -0.00802122886 0.00209324171
f 7057 7059 7058
v 0.00301953296 -0.00859173742 0.00228932113
v 0.00315608704 -0.00821581052 0.00201235925
v 0.00318041275 -0.00802122886 0.00209324171
f 7060 7062 7061
v 0.00304975765 -0.00862976158 0.00213974636
v 0.00306294314 -0.00859772845 0.00188603353
v 0.00315608704 -0.00821581052 0.00201235925
f 7063 7065 7064
v 0.00318041275 -0.00802122886 0.00209324171
v 0.00321154002 -0.00795346496 0.00199445276
v 0.00335794248 -0.00753545391 0.00221841256
f 7066 7068 7067
v 0.00304806181 -0.00807515098 0.00240418958
v 0.00318041275 -0.00802122886 0.00209324171
v 0.00335794248 -0.00753545391 0.00221841256
f 7069 7071 7070
v 0.00315608704 -0.00821581052 0.00201235925
v 0.00304849691 -0.00823717201 0.00158854054
v 0.00321154002 -0.00795346496 0.00199445276
f 7072 7074 7073
v 0.00304849691 -0.00823717201 0.00158854054
v 0.00327472153 -0.00764433571 0.00171338761
v 0.00321154002 -0.00795346496 0.00199445276
f 7075 7077 7076
v 0.00321154002 -0.00795346496 0.00199445276
v 0.00327472153 -0.00764433571 0.00171338761
v 0.003357276 -0.00754260473 0.00202226256
f 7078 7080 7079
v 0.00315608704 -0.00821581052 0.00201235925
v 0.00306294314 -0.00859772845 0.00188603353
v 0.00300347401 -0.008543898 0.00159627871
f 7081 7083 7082
v 0.00306294314 -0.00859772845 0.00188603353
v 0.00301154414 -0.00896926067 0.00174700344
v 0.00300347401 -0.008543898 0.00159627871
f 7084 7086 7085
v 0.00300347401 -0.008543898 0.00159627871
v 0.00298071536 -0.00831414363 0.00146353505
v 0.00304849691 -0.00823717201 0.00158854054
f 7087 7089 7088
v 0.00306294314 -0.00859772845 0.00188603353
v 0.00304975765 -0.00862976158 0.00213974636
v 0.00302600201 -0.00909774462 0.00189018501
f 7090 7092 7091
v 0.003357276 -0.00754260473 0.00202226256
v 0.00333979478 -0.00739138995 0.00169792784
v 0.00342979474 -0.00727938459 0.0021785796
f 7093 7095 7094
v 0.00306503352 -0.00770341503 0.0011920707
v 0.0028277309 -0.00822719376 0.00111489144
v 0.00285483511 -0.00800935886 0.00104761775
f 7096 7098 7097
v 0.00298071536 -0.00831414363 0.00146353505
v 0.0028277309 -0.00822719376 0.00111489144
v 0.00306503352 -0.00770341503 0.0011920707
f 7099 7101 7100
v 0.00313692799 -0.00463148463 0.0020683985
v 0.00305727444 -0.00494827109 0.00279344458
v 0.0032017022 -0.00493852094 0.00196403344
f 7102 7104 7103
v 0.00302334447 -0.00402855985 0.00220496586
v 0.00305727444 -0.00494827109 0.00279344458
v 0.00313692799 -0.00463148463 0.0020683985
f 7105 7107 7106
v 0.00302334447 -0.00402855985 0.00220496586
v 0.00313692799 -0.00463148463 0.0020683985
v 0.00298558971 -0.00384045888 0.00218145124
f 7108 7110 7109
v 0.00298558971 -0.00384045888 0.00218145124
v 0.00313692799 -0.00463148463 0.0020683985
v 0.00312658158 -0.0047065223 0.0014140267
f 7111 7113 7112
v 0.0032017022 -0.00493852094 0.00196403344
v 0.00312658158 -0.0047065223 0.0014140267
v 0.00313692799 -0.00463148463 0.0020683985
f 7114 7116 7115
v 0.00316388105 -0.00501898867 0.00140505499
v 0.00311795884 -0.0047952657 0.00131001962
v 0.00312658158 -0.0047065223 0.0014140267
f 7117 7119 7118
v 0.00327623347 -0.00579730986 0.00176131271
v 0.00302777662 -0.00577592946 0.000992300374
v 0.00323236382 -0.00553858117 0.00161436164
f 7120 7122 7121
v 0.00323236382 -0.00553858117 0.00161436164
v 0.00302777662 -0.00577592946 0.000992300374
v 0.00313261407 -0.00520878602 0.00126207806
f 7123 7125 7124
v 0.00313261407 -0.00520878602 0.00126207806
v 0.00298198247 -0.00565236878 0.000900180476
v 0.00301136733 -0.00474826084 0.00107149062
f 7126 7128 7127
v 0.00302777662 -0.00577592946 0.000992300374
v 0.00298198247 -0.00565236878 0.000900180476
v 0.00313261407 -0.00520878602 0.00126207806
f 7129 7131 7130
v 0.00288168467 -0.00429593492 0.000974518025
v 0.00301136733 -0.00474826084 0.00107149062
v 0.00289825821 -0.00461993914 0.000941820053
f 7132 7134 7133
v 0.00312658158 -0.0047065223 0.0014140267
v 0.00311795884 -0.0047952657 0.00131001962
v 0.00305508365 -0.0044214692 0.00128724032
f 7135 7137 7136
v 0.00311795884 -0.0047952657 0.00131001962
v 0.00301136733 -0.00474826084 0.00107149062
v 0.00305508365 -0.0044214692 0.00128724032
f 7138 7140 7139
v 0.00293024077 -0.00487799043 0.000920040566
v 0.0027552147 -0.00465574813 0.000803578496
v 0.00289825821 -0.00461993914 0.000941820053
f 7141 7143 7142
v 0.00298198247 -0.00565236878 0.000900180476
v 0.00273112091 -0.00538122731 0.000587532941
v 0.00293024077 -0.00487799043 0.000920040566
f 7144 7146 7145
v 0.00293024077 -0.00487799043 0.000920040566
v 0.00273112091 -0.00538122731 0.000587532941
v 0.002704295 -0.00516075888 0.000611250653
f 7147 7149 7148
v 0.00231790837 -0.00574935802 0.000283996678
v 0.00177069396 -0.00600010608 0.000112545092
v 0.00183041502 -0.00571007004 0.000119982758
f 7150 7152 7151
v 0.00190188766 -0.00525211472 0.000119803587
v 0.00183041502 -0.00571007004 0.000119982758
v 0.00179475774 -0.00515668071 0.00010680418
f 7153 7155 7154
v 0.00231790837 -0.00574935802 0.000283996678
v 0.00183041502 -0.00571007004 0.000119982758
v 0.00231148188 -0.00555755214 0.000273449814
f 7156 7158 7157
v 0.00298198247 -0.00565236878 0.000900180476
v 0.0028543338 -0.00640304643 0.000712287147
v 0.00272800553 -0.0057262172 0.000576866478
f 7159 7161 7160
v 0.00273112091 -0.00538122731 0.000587532941
v 0.00298198247 -0.00565236878 0.000900180476
v 0.00272800553 -0.0057262172 0.000576866478
f 7162 7164 7163
v 0.00272800553 -0.0057262172 0.000576866478
v 0.00267555315 -0.00603380431 0.000522219625
v 0.00273112091 -0.00538122731 0.000587532941
f 7165 7167 7166
v 0.00233442479 -0.00599705563 0.00030397448
v 0.00238003795 -0.00628606867 0.000338151835
v 0.0022700824 -0.00656804186 0.000293015978
f 7168 7170 7169
v 0.0022700824 -0.00656804186 0.000293015978
v 0.00238003795 -0.00628606867 0.000338151835
v 0.00255741124 -0.00670737863 0.000460504589
f 7171 7173 7172
v 0.00225840522 -0.00456462112 0.000478341963
v 0.00232294042 -0.00518261149 0.000307961886
v 0.00211708193 -0.00458791219 0.000386994043
f 7174 7176 7175
v 0.00193837204 -0.00504665586 0.000151657002
v 0.00234204508 -0.00543475362 0.000283978488
v 0.00190188766 -0.00525211472 0.000119803587
f 7177 7179 7178
v 0.00233442479 -0.00599705563 0.00030397448
v 0.0022700824 -0.00656804186 0.000293015978
v 0.00177069396 -0.00600010608 0.000112545092
f 7180 7182 7181
v 0.00324495195 -0.00550264303 0.00211524384
v 0.00323526911 -0.00529491081 0.00196620349
v 0.0032017022 -0.00493852094 0.00196403344
f 7183 7185 7184
v 0.00214877764 -0.00623467276 0.00351457384
v 0.0028122613 -0.00612098302 0.00310354262
v 0.00245163701 -0.00612097137 0.00334148717
f 7186 7188 7187
v -0.000924412325 -0.00832471633 0.000418792297
v -0.000218397031 -0.00748102902 0.000160315221
v -0.000843811995 -0.00846884941 0.000392877064
f 7189 7191 7190
v -0.000218397031 -0.00748102902 0.000160315221
v 9.3660401e-05 -0.0087255612 0.000123612563
v -0.000843811995 -0.00846884941 0.000392877064
f 7192 7194 7193
v 0.000173419676 -0.00903113105 0.000115166267
v -1.65095585e-05 -0.00930553942 0.000214968759
v -0.000843811995 -0.00846884941 0.000392877064
f 7195 7197 7196
v -0.000218397031 -0.00748102902 0.000160315221
v 8.57758323e-05 -0.00758172027 9.83240511e-05
v 9.25455026e-05 -0.00824491945 0.000119384129
f 7198 7200 7199
v 0.000944346084 -0.00748802559 7.53998734e-05
v 0.000882731365 -0.00892832977 9.0432917e-05
v 9.25455026e-05 -0.00824491945 0.000119384129
f 7201 7203 7202
v 9.25455026e-05 -0.00824491945 0.000119384129
v 0.000882731365 -0.00892832977 9.0432917e-05
v 0.000173419676 -0.00903113105 0.000115166267
f 7204 7206 7205
v 9.25455026e-05 -0.00824491945 0.000119384129
v 0.000173419676 -0.00903113105 0.000115166267
v 9.3660401e-05 -0.0087255612 0.000123612563
f 7207 7209 7208
v 0.00039177994 -0.00982251295 0.000272694024
v 0.000122538006 -0.0097695658 0.000194304675
v 0.000569351823 -0.00977698219 0.000340048859
f 7210 7212 7211
v 0.000569351823 -0.00977698219 0.000340048859
v 0.000247350067 -0.00954691641 0.00024787355
v 0.000538155291 -0.00956082658 0.00026450748
f 7213 7215 7214
v 0.000247350067 -0.00954691641 0.00024787355
v 0.000211581346 -0.00945266947 0.000222420795
v 0.000538155291 -0.00956082658 0.00026450748
f 7216 7218 7217
v 0.000787125737 -0.00999289623 0.000469804399
v 0.000569351823 -0.00977698219 0.000340048859
v 0.000715280066 -0.00976784795 0.000361204434
f 7219 7221 7220
v 0.000787125737 -0.00999289623 0.000469804399
v 0.000715280066 -0.00976784795 0.000361204434
v 0.00115589573 -0.00992572241 0.000429978354
f 7222 7224 7223
v 0.00115589573 -0.00992572241 0.000429978354
v 0.000930415808 -0.0101250313 0.000550789809
v 0.000787125737 -0.00999289623 0.000469804399
f 7225 7227 7226
v 0.000886019916 -0.00934676355 0.000150578728
v 0.0013162191 -0.00956124713 0.000228019826
v 0.000538155291 -0.00956082658 0.00026450748
f 7228 7230 7229
v 0.00126175764 -0.00937778022 0.000143309319
v 0.0013162191 -0.00956124713 0.000228019826
v 0.000886019916 -0.00934676355 0.000150578728
f 7231 7233 7232
v 0.0013918916 -0.00966210864 0.000291948777
v 0.00115589573 -0.00992572241 0.000429978354
v 0.0013162191 -0.00956124713 0.000228019826
f 7234 7236 7235
v 0.00138140385 -0.00946646105 0.000201293415
v 0.0013918916 -0.00966210864 0.000291948777
v 0.0013162191 -0.00956124713 0.000228019826
f 7237 7239 7238
v 0.00115589573 -0.00992572241 0.000429978354
v 0.000538155291 -0.00956082658 0.00026450748
v 0.0013162191 -0.00956124713 0.000228019826
f 7240 7242 7241
v 0.000882731365 -0.00892832977 9.0432917e-05
v 0.00157512331 -0.00885406844 0.000149411483
v 0.00140581051 -0.00921766114 0.000145051365
f 7243 7245 7244
v 0.00166720693 -0.00858839921 0.000145954675
v 0.00157512331 -0.00885406844 0.000149411483
v 0.000882731365 -0.00892832977 9.0432917e-05
f 7246 7248 7247
v 0.00182428685 -0.00933450719 0.000381504924
v 0.00163219247 -0.00932827679 0.000272851184
v 0.00192014668 -0.00910900271 0.000356209489
f 7249 7251 7250
v 0.00163219247 -0.00932827679 0.000272851184
v 0.00182428685 -0.00933450719 0.000381504924
v 0.00170421481 -0.00953318377 0.000388056924
f 7252 7254 7253
v 0.00138140385 -0.00946646105 0.000201293415
v 0.00140581051 -0.00921766114 0.000145051365
v 0.00163219247 -0.00932827679 0.000272851184
f 7255 7257 7256
v 0.00157512331 -0.00885406844 0.000149411483
v 0.00192014668 -0.00910900271 0.000356209489
v 0.00140581051 -0.00921766114 0.000145051365
f 7258 7260 7259
v 0.00163219247 -0.00932827679 0.000272851184
v 0.00140581051 -0.00921766114 0.000145051365
v 0.00192014668 -0.00910900271 0.000356209489
f 7261 7263 7262
v 0.00207425073 -0.00866505216 0.000341367627
v 0.00202336214 -0.00906032365 0.000410886969
v 0.00192014668 -0.00910900271 0.000356209489
f 7264 7266 7265
v 0.00170421481 -0.00953318377 0.000388056924
v 0.0013918916 -0.00966210864 0.000291948777
v 0.00138140385 -0.00946646105 0.000201293415
f 7267 7269 7268
v 0.00126175764 -0.00937778022 0.000143309319
v 0.00138140385 -0.00946646105 0.000201293415
v 0.0013162191 -0.00956124713 0.000228019826
f 7270 7272 7271
v 0.00156108636 -0.00789508267 0.000168677298
v 0.000944346084 -0.00748802559 7.53998734e-05
v 0.0013484384 -0.0077474906 0.000120453331
f 7273 7275 7274
v 0.00149686221 -0.0074562864 6.0636944e-05
v 0.000944346084 -0.00748802559 7.53998734e-05
v 0.0010266961 -0.00735380891 7.18031799e-05
f 7276 7278 7277
v 0.00158146686 -0.00770692786 0.000129838224
v 0.00149686221 -0.0074562864 6.0636944e-05
v 0.00171014381 -0.00752991182 0.000119591311
f 7279 7281 7280
v 0.0013484384 -0.0077474906 0.000120453331
v 0.000944346084 -0.00748802559 7.53998734e-05
v 0.00149686221 -0.0074562864 6.0636944e-05
f 7282 7284 7283
v 0.00158146686 -0.00770692786 0.000129838224
v 0.00156108636 -0.00789508267 0.000168677298
v 0.0013484384 -0.0077474906 0.000120453331
f 7285 7287 7286
v 0.00178262908 -0.00667090935 0.000106837467
v 0.00170436761 -0.00703731203 5.17972012e-05
v 0.00159006286 -0.00663699175 8.00995906e-05
f 7288 7290 7289
v 0.00217208599 -0.00686276981 0.000226319617
v 0.00178262908 -0.00667090935 0.000106837467
v 0.0022700824 -0.00656804186 0.000293015978
f 7291 7293 7292
v 0.00178262908 -0.00667090935 0.000106837467
v 0.00217208599 -0.00686276981 0.000226319617
v 0.00194020595 -0.00710189124 0.000113834756
f 7294 7296 7295
v 0.00194020595 -0.00710189124 0.000113834756
v 0.00217208599 -0.00686276981 0.000226319617
v 0.00214154679 -0.00712563924 0.000212774876
f 7297 7299 7298
v 0.00149686221 -0.0074562864 6.0636944e-05
v 0.00173056778 -0.00732487533 6.75296405e-05
v 0.00171014381 -0.00752991182 0.000119591311
f 7300 7302 7301
v 0.0022700824 -0.00656804186 0.000293015978
v 0.00178262908 -0.00667090935 0.000106837467
v 0.00168985207 -0.00631940493 9.90380045e-05
f 7303 7305 7304
v 0.00173056778 -0.00732487533 6.75296405e-05
v 0.00170436761 -0.00703731203 5.17972012e-05
v 0.00194020595 -0.00710189124 0.000113834756
f 7306 7308 7307
v 0.00232366383 -0.00794923617 0.000592539664
v 0.00201611783 -0.00790518388 0.000367684584
v 0.00207785415 -0.007696588 0.000351386439
f 7309 7311 7310
v 0.00172692926 -0.00792661012 0.000242035867
v 0.001648344 -0.00829847995 0.000162928382
v 0.00150246378 -0.00814754603 0.00013334942
f 7312 7314 7313
v 0.00193542837 -0.00836578765 0.000275980574
v 0.001648344 -0.00829847995 0.000162928382
v 0.00172692926 -0.00792661012 0.000242035867
f 7315 7317 7316
v 0.00172692926 -0.00792661012 0.000242035867
v 0.00156108636 -0.00789508267 0.000168677298
v 0.00158146686 -0.00770692786 0.000129838224
f 7318 7320 7319
v 0.00201611783 -0.00790518388 0.000367684584
v 0.00172692926 -0.00792661012 0.000242035867
v 0.00207785415 -0.007696588 0.000351386439
f 7321 7323 7322
v 0.00199094848 -0.00803473667 0.00035300734
v 0.00172692926 -0.00792661012 0.000242035867
v 0.00201611783 -0.00790518388 0.000367684584
f 7324 7326 7325
v 0.00156108636 -0.00789508267 0.000168677298
v 0.00172692926 -0.00792661012 0.000242035867
v 0.00150246378 -0.00814754603 0.00013334942
f 7327 7329 7328
v 0.00270897017 -0.00821627618 0.000945475858
v 0.00254956649 -0.00806709868 0.000766126595
v 0.00285483511 -0.00800935886 0.00104761775
f 7330 7332 7331
v 0.00270897017 -0.00821627618 0.000945475858
v 0.00243956965 -0.00834785824 0.000667536597
v 0.00254956649 -0.00806709868 0.000766126595
f 7333 7335 7334
v 0.00246238033 -0.00853107267 0.000687148031
v 0.00243956965 -0.00834785824 0.000667536597
v 0.00270897017 -0.00821627618 0.000945475858
f 7336 7338 7337
v 0.00254956649 -0.00806709868 0.000766126595
v 0.00232366383 -0.00794923617 0.000592539664
v 0.00259835906 -0.00793304644 0.000779359652
f 7339 7341 7340
v 0.00259835906 -0.00793304644 0.000779359652
v 0.00232366383 -0.00794923617 0.000592539664
v 0.00232112889 -0.00735339927 0.000368078213
f 7342 7344 7343
v 0.00207425073 -0.00866505216 0.000341367627
v 0.00175959158 -0.00863611349 0.000185278316
v 0.00193542837 -0.00836578765 0.000275980574
f 7345 7347 7346
v 0.00246238033 -0.00853107267 0.000687148031
v 0.00210387989 -0.00842926092 0.000374533079
v 0.00243956965 -0.00834785824 0.000667536597
f 7348 7350 7349
v 0.00232112889 -0.00735339927 0.000368078213
v 0.00207785415 -0.007696588 0.000351386439
v 0.00171014381 -0.00752991182 0.000119591311
f 7351 7353 7352
v 0.00173056778 -0.00732487533 6.75296405e-05
v 0.00214154679 -0.00712563924 0.000212774876
v 0.00232112889 -0.00735339927 0.000368078213
f 7354 7356 7355
v 0.00232112889 -0.00735339927 0.000368078213
v 0.00171014381 -0.00752991182 0.000119591311
v 0.00173056778 -0.00732487533 6.75296405e-05
f 7357 7359 7358
v 0.00237276436 -0.00716777431 0.000353250539
v 0.00214154679 -0.00712563924 0.000212774876
v 0.00217208599 -0.00686276981 0.000226319617
f 7360 7362 7361
v 0.00255741124 -0.00670737863 0.000460504589
v 0.00237276436 -0.00716777431 0.000353250539
v 0.00217208599 -0.00686276981 0.000226319617
f 7363 7365 7364
v 0.00237276436 -0.00716777431 0.000353250539
v 0.00232112889 -0.00735339927 0.000368078213
v 0.00214154679 -0.00712563924 0.000212774876
f 7366 7368 7367
v 0.00256506901 -0.00736194488 0.000546633419
v 0.00259835906 -0.00793304644 0.000779359652
v 0.00232112889 -0.00735339927 0.000368078213
f 7369 7371 7370
v 0.00166720693 -0.00858839921 0.000145954675
v 0.000882731365 -0.00892832977 9.0432917e-05
v 0.00150246378 -0.00814754603 0.00013334942
f 7372 7374 7373
v 0.00193542837 -0.00836578765 0.000275980574
v 0.00166720693 -0.00858839921 0.000145954675
v 0.001648344 -0.00829847995 0.000162928382
f 7375 7377 7376
v 0.000173419676 -0.00903113105 0.000115166267
v 0.000537382857 -0.00930903188 0.000153776693
v 0.000211581346 -0.00945266947 0.000222420795
f 7378 7380 7379
v 0.00293225639 -0.00987349049 0.00199033057
v 0.00292887617 -0.00977596283 0.00172462678
v 0.00298026862 -0.00971588015 0.00188530648
f 7381 7383 7382
v 0.00300373995 -0.00945735228 0.00190089668
v 0.00298026862 -0.00971588015 0.00188530648
v 0.00292887617 -0.00977596283 0.00172462678
f 7384 7386 7385
v 0.00293225639 -0.00987349049 0.00199033057
v 0.00298026862 -0.00971588015 0.00188530648
v 0.00294827587 -0.00973080969 0.00216669887
f 7387 7389 7388
v 0.00292887617 -0.00977596283 0.00172462678
v 0.00285356073 -0.00998893956 0.00176170615
v 0.00285439073 -0.00989225664 0.00163848854
f 7390 7392 7391
v 0.00285356073 -0.00998893956 0.00176170615
v 0.00268966705 -0.0100492529 0.00154014106
v 0.00285439073 -0.00989225664 0.00163848854
f 7393 7395 7394
v 0.0025653515 -0.00931062314 0.00102687718
v 0.00255906125 -0.0089263478 0.000864425692
v 0.00285439073 -0.00989225664 0.00163848854
f 7396 7398 7397
v 0.00294720776 -0.00929938687 0.00163114655
v 0.00300373995 -0.00945735228 0.00190089668
v 0.00292887617 -0.00977596283 0.00172462678
f 7399 7401 7400
v 0.00239020301 -0.0101218611 0.00133378853
v 0.00203311065 -0.0100373058 0.000933307183
v 0.00250364883 -0.00997366369 0.00130620301
f 7402 7404 7403
v 0.00239020301 -0.0101218611 0.00133378853
v 0.00250364883 -0.00997366369 0.00130620301
v 0.00268966705 -0.0100492529 0.00154014106
f 7405 7407 7406
v 0.00276845385 -0.00995266819 0.00155292018
v 0.00219081012 -0.00983230857 0.000928398458
v 0.0025653515 -0.00931062314 0.00102687718
f 7408 7410 7409
v 0.0028277309 -0.00822719376 0.00111489144
v 0.00255906125 -0.0089263478 0.000864425692
v 0.00262953199 -0.00863461537 0.000900811574
f 7411 7413 7412
v 0.00243094873 -0.00900556115 0.000744702766
v 0.0025653515 -0.00931062314 0.00102687718
v 0.00219081012 -0.00983230857 0.000928398458
f 7414 7416 7415
v 0.00255906125 -0.0089263478 0.000864425692
v 0.00246238033 -0.00853107267 0.000687148031
v 0.00262953199 -0.00863461537 0.000900811574
f 7417 7419 7418
v 0.00194977329 -0.0101851874 0.0010144875
v 0.00177096863 -0.0101777485 0.000875592923
v 0.00203311065 -0.0100373058 0.000933307183
f 7420 7422 7421
v 0.00178922219 -0.00976070223 0.000578210484
v 0.00170421481 -0.00953318377 0.000388056924
v 0.00219081012 -0.00983230857 0.000928398458
f 7423 7425 7424
v 0.00178922219 -0.00976070223 0.000578210484
v 0.00219081012 -0.00983230857 0.000928398458
v 0.00203311065 -0.0100373058 0.000933307183
f 7426 7428 7427
v 0.00138906353 -0.009766515 0.000354627514
v 0.0014097961 -0.0101647754 0.000691341438
v 0.00115589573 -0.00992572241 0.000429978354
f 7429 7431 7430
v 0.00170421481 -0.00953318377 0.000388056924
v 0.00182428685 -0.00933450719 0.000381504924
v 0.00219081012 -0.00983230857 0.000928398458
f 7432 7434 7433
v 0.0015229034 -0.00976213705 0.000414337774
v 0.0013918916 -0.00966210864 0.000291948777
v 0.00170421481 -0.00953318377 0.000388056924
f 7435 7437 7436
v -0.00118943835 -0.00778723188 0.000744415638
v -0.00125577862 -0.00754789289 0.000958906094
v -0.00119507586 -0.00734068308 0.000971585087
f 7438 7440 7439
v 0.00115589573 -0.00992572241 0.000429978354
v 0.000965376785 -0.0103130064 0.000703717751
v 0.000930415808 -0.0101250313 0.000550789809
f 7441 7443 7442
v 0.00288168467 -0.00429593492 0.000974518025
v 0.00289825821 -0.00461993914 0.000941820053
v 0.00251836809 -0.00389600464 0.000630405157
f 7444 7446 7445
v 0.00254412826 -0.004263542 0.000641547194
v 0.0027552147 -0.00465574813 0.000803578496
v 0.00251491765 -0.00458208488 0.000643041949
f 7447 7449 7448
v 0.00232294042 -0.00518261149 0.000307961886
v 0.00193837204 -0.00504665586 0.000151657002
v 0.00211708193 -0.00458791219 0.000386994043
f 7450 7452 7451
v -0.00180189072 -0.00922038962 0.00366530476
v -0.00107387232 -0.00936634387 0.00357948411
v -0.0015709853 -0.00914867051 0.00363462568
f 7453 7455 7454
v -0.00172392247 -0.00969048633 0.00244454986
v -0.00197936715 -0.00963648417 0.0027609869
v -0.00185610206 -0.00955469004 0.00253297258
f 7456 7458 7457
v -0.00164287558 -0.00945038555 0.00221189766
v -0.00172392247 -0.00969048633 0.00244454986
v -0.00185610206 -0.00955469004 0.00253297258
f 7459 7461 7460
v -0.00146933762 -0.00880785665 0.000538862605
v -0.00106667903 -0.00913585172 0.000474011995
v -0.00119031747 -0.00918732185 0.000520263711
f 7462 7464 7463
v -0.00160632771 -0.00952124683 0.000843591079
v -0.00162228753 -0.0096301439 0.000968162567
v -0.00171116972 -0.00939282399 0.000787771933
f 7465 7467 7466
v -0.00132022014 -0.00683439794 0.00275635957
v -0.00136392509 -0.00669934307 0.00224815813
v -0.00136022891 -0.00691448004 0.00263268957
f 7468 7470 7469
v 3.0859465e-05 -0.00894886107 0.00378609766
v -0.000518417573 -0.00890544834 0.00364629268
v 0.000139317501 -0.00965863146 0.00361489838
f 7471 7473 7472
v 0.000904183798 -0.00984468643 0.00344090549
v 0.00153749297 -0.0101937076 0.00341707746
v 0.00139391313 -0.00989943583 0.00352384595
f 7474 7476 7475
v 0.00256506901 -0.00736194488 0.000546633419
v 0.00283878671 -0.00761132396 0.000852982703
v 0.00259835906 -0.00793304644 0.000779359652
f 7477 7479 7478
v 0.00294720776 -0.00929938687 0.00163114655
v 0.0028277309 -0.00822719376 0.00111489144
v 0.00298071536 -0.00831414363 0.00146353505
f 7480 7482 7481
v -0.000392647962 -0.00761324845 0.0037164853
v -0.000502906141 -0.00752921333 0.00368532092
v -0.000464894765 -0.00821384601 0.00369204572
f 7483 7485 7484
v -0.000991932575 -0.0053293883 0.00317343402
v -0.00103023485 -0.00498809059 0.00309687057
v -0.00117025111 -0.0054837943 0.00278788975
f 7486 7488 7487
v -0.00115928906 -0.0057883004 0.00278405641
v -0.00117025111 -0.0054837943 0.00278788975
v -0.00125424431 -0.00603725348 0.00225695949
f 7489 7491 7490
v -0.00207834837 -0.00927518631 0.00357374738
v -0.00207529865 -0.00911836905 0.00357832214
v -0.00218174901 -0.00930580791 0.0034540255
f 7492 7494 7493
v -0.00226872016 -0.00937097866 0.00323750028
v -0.00219286921 -0.00946687214 0.00307360824
v -0.00214506599 -0.00958225937 0.00321745429
f 7495 7497 7496
v -0.00200962149 -0.00976043448 0.00298285158
v -0.00208246092 -0.00956346994 0.00283904155
v -0.00197936715 -0.00963648417 0.0027609869
f 7498 7500 7499
v -0.00214506599 -0.00958225937 0.00321745429
v -0.00219286921 -0.00946687214 0.00307360824
v -0.00214837837 -0.0095876363 0.0030867468
f 7501 7503 7502
v -0.00218174901 -0.00930580791 0.0034540255
v -0.00226173033 -0.00935584903 0.0032775024
v -0.00207003104 -0.00955702926 0.003452897
f 7504 7506 7505
v -0.00156911465 -0.00808216937 0.00304441237
v -0.00146774473 -0.0079692225 0.00306920738
v -0.00151290114 -0.00792135907 0.00276720421
f 7507 7509 7508
v -0.00187254536 -0.00846581897 0.00282973888
v -0.00179164017 -0.00836853651 0.00296973358
v -0.00165830115 -0.00814537561 0.00274209306
f 7510 7512 7511
v -0.00156065817 -0.00834091697 0.00323281311
v -0.00165172878 -0.00838864435 0.00322653541
v -0.00134573302 -0.00859696956 0.00340439256
f 7513 7515 7514
v -0.00133071144 -0.00707751678 0.00285701644
v -0.00137033576 -0.00742768461 0.00274147351
v -0.00128534739 -0.00733897177 0.00304111963
f 7516 7518 7517
v -0.00140814509 -0.00773572756 0.00285479382
v -0.00130805038 -0.00755489164 0.00305668109
v -0.00128534739 -0.00733897177 0.00304111963
f 7519 7521 7520
v -0.00171940937 -0.00857354025 0.00180514253
v -0.00165620695 -0.00842482041 0.00196076671
v -0.00169685936 -0.00842313239 0.00179419312
f 7522 7524 7523
v -0.00169850628 -0.00891203017 0.00211598781
v -0.00172414566 -0.00870552904 0.00224377582
v -0.00170578769 -0.00869992218 0.00205728356
f 7525 7527 7526
v -0.00177386737 -0.00890776573 0.00176674148
v -0.00203658565 -0.00931443428 0.00121452995
v -0.00181544656 -0.00937637014 0.00140676384
f 7528 7530 7529
v -0.0016582906 -0.00917831494 0.00196531255
v -0.00169807154 -0.00894903424 0.00194980912
v -0.00170568055 -0.00913359108 0.00176722933
f 7531 7533 7532
v -0.00169807154 -0.00894903424 0.00194980912
v -0.00177386737 -0.00890776573 0.00176674148
v -0.00170568055 -0.00913359108 0.00176722933
f 7534 7536 7535
v -0.0014035224 -0.00675599949 0.00173035478
v -0.00136392509 -0.00669934307 0.00224815813
v -0.00136721901 -0.00646418266 0.00189634538
f 7537 7539 7538
v -0.00132506257 -0.00743643031 0.00152263492
v -0.00134610264 -0.00742493357 0.00192261869
v -0.00134025249 -0.00728657105 0.00151807963
f 7540 7542 7541
v -0.00167679555 -0.0082237726 0.00119866181
v -0.00194601143 -0.00863216628 0.00106440557
v -0.00163129298 -0.00821885915 0.001768318
f 7543 7545 7544
v -0.0019979936 -0.00875477344 0.000954941243
v -0.00194601143 -0.00863216628 0.00106440557
v -0.00187373571 -0.00869194555 0.000827596705
f 7546 7548 7547
v -0.0019979936 -0.00875477344 0.000954941243
v -0.00207424437 -0.0088424662 0.00105682457
v -0.00194601143 -0.00863216628 0.00106440557
f 7549 7551 7550
v -0.00124993594 -0.00778054018 0.000834817911
v -0.00118943835 -0.00778723188 0.000744415638
v -0.0012595051 -0.00799747286 0.000710214545
f 7552 7554 7553
v -0.00215390337 -0.00933379852 0.000955549604
v -0.00212732939 -0.00922302352 0.00112668777
v -0.00213793737 -0.00919273225 0.000957941302
f 7555 7557 7556
v -0.00198457801 -0.00946137079 0.00104033252
v -0.00203658565 -0.00931443428 0.00121452995
v -0.00209789559 -0.00937619843 0.00103890152
f 7558 7560 7559
v -0.00193509313 -0.00942258266 0.00120847053
v -0.00203658565 -0.00931443428 0.00121452995
v -0.00198457801 -0.00946137079 0.00104033252
f 7561 7563 7562
v -0.00135414666 -0.0107314911 0.00467726131
v -0.00143138786 -0.0108087763 0.00461838063
v -0.00139367276 -0.0108409207 0.00469090592
f 7564 7566 7565
v -0.00135414666 -0.0107314911 0.00467726131
v -0.00139367276 -0.0108409207 0.00469090592
v -0.0013683064 -0.0108251486 0.00471644744
f 7567 7569 7568
v -0.00206760742 -0.00897633363 0.00084983767
v -0.00214579031 -0.00906747737 0.000977531454
v -0.00210441049 -0.00895272533 0.000953817835
f 7570 7572 7571
v -0.00175450004 -0.00897820355 0.000635514016
v -0.00185507524 -0.00895676931 0.00068151071
v -0.00165576748 -0.00873662648 0.000615492308
f 7573 7575 7574
v -0.000219820686 -0.00827357144 0.00375357413
v -0.000392647962 -0.00761324845 0.0037164853
v -0.000464894765 -0.00821384601 0.00369204572
f 7576 7578 7577
v 0.00130479639 -0.00622759399 0.00376312128
v 0.000745912166 -0.00807290344 0.0037451875
v 0.0017337059 -0.00679077566 0.00372595932
f 7579 7581 7580
v 0.00231977028 -0.00823740265 0.00337682723
v 0.00189421953 -0.00861518711 0.00355306074
v 0.00223948155 -0.00845376635 0.00340378574
f 7582 7584 7583
v 0.00171902284 -0.0102097219 0.0033841945
v 0.00166230802 -0.0100620869 0.00346955021
v 0.00153749297 -0.0101937076 0.00341707746
f 7585 7587 7586
v 0.00176772628 -0.0100547833 0.00344062573
v 0.00188461891 -0.0098940407 0.00342542116
v 0.00169893465 -0.00984969738 0.00351955496
f 7588 7590 7589
v 0.00195036082 -0.00937835721 0.00346256202
v 0.00174327688 -0.00937755613 0.00355226839
v 0.00189296261 -0.0096528609 0.00346291599
f 7591 7593 7592
v 0.00189296261 -0.0096528609 0.00346291599
v 0.00188461891 -0.0098940407 0.00342542116
v 0.00214634056 -0.00966100415 0.00326406262
f 7594 7596 7595
v -0.00099477511 -0.0113661059 0.00355991979
v -0.000975692819 -0.011424259 0.00374813135
v -0.00116591118 -0.0112664449 0.00383498955
f 7597 7599 7598
v -0.00099477511 -0.0113661059 0.00355991979
v -0.00116591118 -0.0112664449 0.00383498955
v -0.00114829545 -0.0112119269 0.00353179057
f 7600 7602 7601
v -0.00147160818 -0.0105126928 0.00432359848
v -0.00150785136 -0.0105949774 0.00424662248
v -0.0014320055 -0.010522073 0.0043772834
f 7603 7605 7604
v -0.00147764331 -0.0107930471 0.00446134691
v -0.00143138786 -0.0108087763 0.00461838063
v -0.00145959266 -0.0106282831 0.00448515166
f 7606 7608 7607
v -0.00150785136 -0.0105949774 0.00424662248
v -0.00150319165 -0.0105734267 0.00415692521
v -0.0014672818 -0.0107679931 0.004246346
f 7609 7611 7610
v -0.00148096833 -0.0105434527 0.00406198305
v -0.00147635574 -0.0105099847 0.00412202535
v -0.00140190623 -0.0104137667 0.00383952902
f 7612 7614 7613
v -0.00148096833 -0.0105434527 0.00406198305
v -0.00140190623 -0.0104137667 0.00383952902
v -0.00139474369 -0.0106099331 0.00388138469
f 7615 7617 7616
v -0.00147635574 -0.0105099847 0.00412202535
v -0.00150785136 -0.0105949774 0.00424662248
v -0.00147160818 -0.0105126928 0.00432359848
f 7618 7620 7619
v -0.00139367276 -0.0108409207 0.00469090592
v -0.00134973679 -0.0109727065 0.00458948743
v -0.00106052239 -0.0113104172 0.00452367349
f 7621 7623 7622
v -0.000763696698 -0.0112127847 0.00466691636
v -0.00100970792 -0.0111492693 0.00471188323
v -0.000870347594 -0.0113137641 0.00461684685
f 7624 7626 7625
v -0.000928607915 -0.0114001945 0.00446420199
v -0.00106052239 -0.0113104172 0.00452367349
v -0.00110619676 -0.011339019 0.00436525042
f 7627 7629 7628
v -0.000694594792 -0.0105016843 0.00440232398
v -0.00118577109 -0.0106322062 0.00462186908
v -0.00116824467 -0.0107600565 0.0047038382
f 7630 7632 7631
v -0.00127442318 -0.011112629 0.00407755761
v -0.00142108702 -0.0109339169 0.00436465671
v -0.00134817801 -0.0108936525 0.00405926075
f 7633 7635 7634
v -0.000594938274 -0.0110867637 0.00463826473
v -0.00052559426 -0.0112398266 0.00458332797
v -0.000454391602 -0.0111438392 0.00457282986
f 7636 7638 7637
v -0.000558522197 -0.01078922 0.00454022884
v -0.000594938274 -0.0110867637 0.00463826473
v -0.000369602458 -0.0108180117 0.00449889121
f 7639 7641 7640
v -0.000975692819 -0.011424259 0.00374813135
v -0.00103177772 -0.0114131304 0.00419341413
v -0.00116591118 -0.0112664449 0.00383498955
f 7642 7644 7643
v 7.33244576e-05 -0.0103522492 0.00384056475
v 0.0002164634 -0.0101474434 0.00361884922
v 6.47727688e-05 -0.0100563702 0.003644975
f 7645 7647 7646
v 7.33244576e-05 -0.0103522492 0.00384056475
v 6.47727688e-05 -0.0100563702 0.003644975
v -7.89902515e-05 -0.010240858 0.00385501553
f 7648 7650 7649
v -0.00141916698 -0.0103639693 0.00359763799
v -0.00140190623 -0.0104137667 0.00383952902
v -0.00137489196 -0.0102485421 0.00369251575
f 7651 7653 7652
v -0.00137489196 -0.0102485421 0.00369251575
v -0.00135524961 -0.0101599653 0.00366548011
v -0.00145804142 -0.0101443242 0.00347342539
f 7654 7656 7655
v -0.00145804142 -0.0101443242 0.00347342539
v -0.00148370209 -0.0102285725 0.00327983507
v -0.00144098776 -0.0103787243 0.00339357757
f 7657 7659 7658
v -0.000393989831 -0.0103310202 0.00417649899
v -0.000694594792 -0.0105016843 0.00440232398
v -0.000234338154 -0.0105096769 0.00427679515
f 7660 7662 7661
v -0.00150957185 -0.0111208166 7.51210436e-06
v -0.00149983516 -0.0111424924 0.00011035213
v -0.00156610677 -0.011013382 0.000117654281
f 7663 7665 7664
v -0.00150957185 -0.0111208166 7.51210436e-06
v -0.00156610677 -0.011013382 0.000117654281
v -0.0015990152 -0.010965707 1.03420881e-05
f 7666 7668 7667
v 0.000419426169 -0.0102806458 0.00352342286
v 0.000447735829 -0.0106087289 0.00353906689
v 0.000605417927 -0.0104213505 0.00336039848
f 7669 7671 7670
v -0.00123227701 -0.0110814806 0.00354523763
v -0.00123847885 -0.0109888999 0.00340715378
v -0.00114829545 -0.0112119269 0.00353179057
f 7672 7674 7673
v -0.000296718713 -0.0114707189 0.00302940098
v -0.000167485848 -0.0114672483 0.00285367769
v -0.000164441281 -0.0114835835 0.00300374759
f 7675 7677 7676
v -0.000107571941 -0.010816782 0.00434616522
v -0.000369602458 -0.0108180117 0.00449889121
v -0.000235969651 -0.0111296569 0.00443908175
f 7678 7680 7679
v -0.00116824467 -0.0107600565 0.0047038382
v -0.00135414666 -0.0107314911 0.00467726131
v -0.0013683064 -0.0108251486 0.00471644744
f 7681 7683 7682
v -0.00134817801 -0.0108936525 0.00405926075
v -0.00132476307 -0.0108782413 0.00371265087
v -0.00124886592 -0.0111320078 0.00377252545
f 7684 7686 7685
v -0.00141916698 -0.0103639693 0.00359763799
v -0.00137489196 -0.0102485421 0.00369251575
v -0.00145804142 -0.0101443242 0.00347342539
f 7687 7689 7688
v -0.000111708414 -0.0113504051 0.00427613304
v -5.85170369e-05 -0.0114828421 0.0040420764
v 5.55621455e-05 -0.0113432849 0.0040784711
f 7690 7692 7691
v 0.000112106272 -0.0114392329 0.00327396847
v -0.000200089744 -0.011667786 0.00375430864
v 1.65556386e-05 -0.0114417206 0.00305308859
f 7693 7695 7694
v 1.65556386e-05 -0.0114417206 0.00305308859
v -0.000200089744 -0.011667786 0.00375430864
v -0.000283585064 -0.0115994648 0.00346658016
f 7696 7698 7697
v 0.000190172489 -0.011410829 0.00340005026
v 0.000274101376 -0.0113124617 0.00301669697
v 0.000465336279 -0.0111432426 0.0030158224
f 7699 7701 7700
v 0.000274101376 -0.0113124617 0.00301669697
v 1.65556386e-05 -0.0114417206 0.00305308859
v 0.000335421737 -0.0112907175 0.0028702656
f 7702 7704 7703
v 0.000152791858 -0.0114398645 0.00367415778
v 3.05871197e-05 -0.0115428127 0.00361181046
v 0.000190172489 -0.011410829 0.00340005026
f 7705 7707 7706
v -0.00155931521 -0.00951847396 0.00184621586
v -0.00145368622 -0.00988515167 0.00172065065
v -0.00148378431 -0.00977416494 0.00188783542
f 7708 7710 7709
v -0.00133016065 -0.0101703052 0.00212982086
v -0.00136717172 -0.0100291509 0.00200192517
v -0.00121566427 -0.0102599959 0.00197433019
f 7711 7713 7712
v -0.00145368622 -0.00988515167 0.00172065065
v -0.00155931521 -0.00951847396 0.00184621586
v -0.00152132152 -0.00980881523 0.00144177056
f 7714 7716 7715
v 0.000150648873 -0.00985816441 0.00357993595
v 0.000139317501 -0.00965863146 0.00361489838
v -0.000859699685 -0.00903549662 0.00353782416
f 7717 7719 7718
v 0.000932974126 -0.0100529112 0.00333318167
v 0.000786628425 -0.00994124784 0.00342781022
v 0.000823921528 -0.0101746686 0.00329253198
f 7720 7722 7721
v -0.00152164694 -0.010673012 0.000342888325
v -0.00150782762 -0.0104343162 0.000405241644
v -0.0016858532 -0.0105586885 2.76823329e-05
f 7723 7725 7724
v -0.0015990152 -0.010965707 1.03420881e-05
v -0.00167781727 -0.0107178399 2.48952801e-05
v -0.00164714074 -0.0108717511 -7.0921817e-05
f 7726 7728 7727
v -0.000462232401 -0.0115000897 0.000209563837
v -0.000243921318 -0.0114089111 6.77075604e-05
v -5.43067415e-05 -0.0114267124 0.000265633821
f 7729 7731 7730
v -0.000462232401 -0.0115000897 0.000209563837
v -5.43067415e-05 -0.0114267124 0.000265633821
v -0.000117543289 -0.0114994727 0.000392835591
f 7732 7734 7733
v -0.000348954131 -0.0113601127 0.00145872673
v -0.000371525061 -0.0112622954 0.00160250329
v -0.000600618841 -0.0113931703 0.00112359521
f 7735 7737 7736
v -0.000879809431 -0.011411406 0.000718273941
v -0.000973016176 -0.0113224036 0.000804605861
v -0.0011967787 -0.0112796588 0.000521379025
f 7738 7740 7739
v -0.000973016176 -0.0113224036 0.000804605861
v -0.000879809431 -0.011411406 0.000718273941
v -0.000814019586 -0.0113309601 0.000985191582
f 7741 7743 7742
v -0.000735565072 -0.0114942835 0.000463844844
v -0.000620383025 -0.0114620285 0.000872927649
v -0.000879809431 -0.011411406 0.000718273941
f 7744 7746 7745
v -0.00160632771 -0.00952124683 0.000843591079
v -0.00137866991 -0.00923378393 0.000592879087
v -0.00148413947 -0.00963157581 0.000819448996
f 7747 7749 7748
v -0.00137866991 -0.00923378393 0.000592879087
v -0.00125529741 -0.00934061827 0.000585519729
v -0.00148413947 -0.00963157581 0.000819448996
f 7750 7752 7751
v -0.00106667903 -0.00913585172 0.000474011995
v -0.000546575757 -0.00928418813 0.000351477388
v -0.000909596747 -0.00940245445 0.000380592496
f 7753 7755 7754
v -0.000966190328 -0.00958092642 0.000295932728
v -0.00100005182 -0.00946043801 0.000416623334
v -0.000909596747 -0.00940245445 0.000380592496
f 7756 7758 7757
v -0.000966190328 -0.00958092642 0.000295932728
v -0.000909596747 -0.00940245445 0.000380592496
v -0.000746123669 -0.00950107205 0.000276535548
f 7759 7761 7760
v -0.00158334333 -0.0103616665 -0.000561292836
v -0.00168568295 -0.0102934187 -0.000228264776
v -0.0014687389 -0.0102108046 -0.000560830813
f 7762 7764 7763
v -0.00168568295 -0.0102934187 -0.000228264776
v -0.00152370767 -0.010209543 0.000254111774
v -0.001406505 -0.0100006328 0.00025867962
f 7765 7767 7766
v -0.00164714074 -0.0108717511 -7.0921817e-05
v -0.00170811945 -0.0107368651 -0.000184595945
v -0.00157897266 -0.0109576598 -0.000136540234
f 7768 7770 7769
v -0.00140705843 -0.0101773599 -0.000546429874
v -0.00132048008 -0.00999681433 -0.000306724201
v -0.0011014663 -0.0100848367 -0.000577374203
f 7771 7773 7772
v -0.00138378264 -0.010280883 -0.000624759787
v -0.00140705843 -0.0101773599 -0.000546429874
v -0.00126882342 -0.0102341168 -0.000651275923
f 7774 7776 7775
v -0.0011014663 -0.0100848367 -0.000577374203
v -0.000931423801 -0.00998711839 -0.000493286097
v -0.00101349005 -0.0101718229 -0.000659066654
f 7777 7779 7778
v -0.00101349005 -0.0101718229 -0.000659066654
v -0.000567035931 -0.0105211526 -0.000648362447
v -0.000860759974 -0.0105559542 -0.000693119409
f 7780 7782 7781
v -0.0014687389 -0.0102108046 -0.000560830813
v -0.00138378264 -0.010280883 -0.000624759787
v -0.00146980074 -0.010362421 -0.000618584318
f 7783 7785 7784
v 0.000495370523 -0.010501199 0.000519215519
v 0.000235532411 -0.0101809899 0.000150768267
v 0.000368086057 -0.0100822974 0.000266205507
f 7786 7788 7787
v 0.000495370523 -0.010501199 0.000519215519
v 0.000368086057 -0.0100822974 0.000266205507
v 0.000479005712 -0.0103612634 0.000455051213
f 7789 7791 7790
v 7.82529355e-05 -0.0112538663 0.000198279918
v 9.00853763e-05 -0.0111242596 0.000156361659
v 0.000211490237 -0.011159986 0.000330662533
f 7792 7794 7793
v 2.66908415e-05 -0.0114322771 0.000428305611
v 7.82529355e-05 -0.0112538663 0.000198279918
v 0.000211490237 -0.011159986 0.000330662533
f 7795 7797 7796
v -0.000349644552 -0.0105960637 -0.000531365913
v -0.000133862579 -0.010557213 -0.000333151547
v -0.000225177155 -0.0106457068 -0.00042393367
f 7798 7800 7799
v 0.000636714003 -0.0106529573 0.000702544685
v 0.000466987558 -0.0108096428 0.000560142053
v 0.000495370523 -0.010501199 0.000519215519
f 7801 7803 7802
v -0.000821428785 -0.0109553388 -0.000583335759
v -0.000709447886 -0.0107892833 -0.000635379229
v -0.00052335854 -0.0110394285 -0.000516456021
f 7804 7806 7805
v -0.000821428785 -0.0109553388 -0.000583335759
v -0.00052335854 -0.0110394285 -0.000516456021
v -0.000705177217 -0.011114381 -0.00049119335
f 7807 7809 7808
v -0.000170672968 -0.011070988 -0.000206491654
v -0.000342028466 -0.0112640497 -0.0002092356
v -0.000417451065 -0.0111002679 -0.000398923476
f 7810 7812 7811
v -0.000554495409 -0.0112245049 -0.000363211984
v -0.00052335854 -0.0110394285 -0.000516456021
v -0.000417451065 -0.0111002679 -0.000398923476
f 7813 7815 7814
v -0.00108796194 -0.0107841937 -0.000625245093
v -0.000982529764 -0.0106505569 -0.000682211839
v -0.000821428785 -0.0109553388 -0.000583335759
f 7816 7818 7817
v -0.000524759525 -0.0105904124 -0.000630472505
v -0.000349644552 -0.0105960637 -0.000531365913
v -0.00052880323 -0.0108529406 -0.000569853
f 7819 7821 7820
v -0.00146125003 -0.00287556213 0.00203706804
v -0.00148802183 -0.00296399267 0.00198815269
v -0.00152312396 -0.00296190847 0.00206322784
f 7822 7824 7823
v -0.00146125003 -0.00287556213 0.00203706804
v -0.00152312396 -0.00296190847 0.00206322784
v -0.00155566413 -0.00294881174 0.00213465519
f 7825 7827 7826
v -0.000567035931 -0.0105211526 -0.000648362447
v -0.000349644552 -0.0105960637 -0.000531365913
v -0.000524759525 -0.0105904124 -0.000630472505
f 7828 7830 7829
v -0.000325114729 -0.0108682107 -0.00043716791
v -0.000417451065 -0.0111002679 -0.000398923476
v -0.00052335854 -0.0110394285 -0.000516456021
f 7831 7833 7832
v 0.00100615807 -0.0105270323 0.0030464842
v 0.00103328939 -0.0103776874 0.00316111255
v 0.000921646733 -0.0103732229 0.00316229198
f 7834 7836 7835
v 0.000921646733 -0.0103732229 0.00316229198
v 0.000879579147 -0.010525067 0.0030825071
v 0.00100615807 -0.0105270323 0.0030464842
f 7837 7839 7838
v 0.00126615041 -0.0107053216 0.00292642435
v 0.00100615807 -0.0105270323 0.0030464842
v 0.00105251975 -0.0107621941 0.00286486065
f 7840 7842 7841
v 0.00171902284 -0.0102097219 0.0033841945
v 0.00155436646 -0.0103552171 0.00332047384
v 0.00169739396 -0.0104216699 0.00321075458
f 7843 7845 7844
v 0.000921646733 -0.0103732229 0.00316229198
v 0.00073545234 -0.0104885476 0.00320065628
v 0.000879579147 -0.010525067 0.0030825071
f 7846 7848 7847
v 8.03541411e-05 -0.0113674425 0.00232591447
v 7.71571933e-05 -0.0113361173 0.00213676303
v 0.000237214226 -0.0113320391 0.00204708012
f 7849 7851 7850
v 0.000237214226 -0.0113320391 0.00204708012
v 7.71571933e-05 -0.0113361173 0.00213676303
v 3.79547558e-06 -0.0113760419 0.00174829329
f 7852 7854 7853
v 0.000740975975 -0.0112488022 0.00196881811
v 0.000865655329 -0.0112173213 0.00182657932
v 0.00110781839 -0.0111486414 0.0018165103
f 7855 7857 7856
v 0.00265105009 -0.0101581361 0.0016587921
v 0.00248377601 -0.0102657126 0.00164322173
v 0.00268966705 -0.0100492529 0.00154014106
f 7858 7860 7859
v 0.00131001643 -0.0109270557 0.0014826267
v 0.0011833743 -0.0108541804 0.00131643219
v 0.0015424268 -0.0105678198 0.00121253588
f 7861 7863 7862
v -0.000111708414 -0.0113504051 0.00427613304
v -0.000279240157 -0.0115346505 0.00418822419
v -5.85170369e-05 -0.0114828421 0.0040420764
f 7864 7866 7865
v 7.00178191e-05 -0.00303710476 0.00379007943
v -8.89984278e-05 -0.00300233187 0.00377147844
v -9.71008944e-05 -0.00308085037 0.00381789214
f 7867 7869 7868
v 4.08169456e-05 -0.00317149788 0.00380774545
v 7.00178191e-05 -0.00303710476 0.00379007943
v -9.71008944e-05 -0.00308085037 0.00381789214
f 7870 7872 7871
v -0.000345285071 -0.00310781834 0.00371537499
v -8.89984278e-05 -0.00300233187 0.00377147844
v -0.000196159158 -0.00268289823 0.00362795217
f 7873 7875 7874
v 0.000695006702 -0.00243407158 0.00357773497
v 0.000839526729 -0.00228558711 0.00348825342
v 0.000631885587 -0.001990073 0.00328361602
f 7876 7878 7877
v 0.000543654687 -0.00259189055 0.00365403284
v 0.000695006702 -0.00243407158 0.00357773497
v 0.000349219044 -0.00238732991 0.00354581243
f 7879 7881 7880
v 0.000349219044 -0.00238732991 0.00354581243
v 0.000631885587 -0.001990073 0.00328361602
v 7.63825625e-06 -0.00236573869 0.00350329174
f 7882 7884 7883
v -0.000358212196 -0.00257358206 0.00350115843
v -0.000940737937 -0.00259418048 0.00305180511
v -0.000796448239 -0.00279133092 0.00331059528
f 7885 7887 7886
v -0.000370767657 -0.00232618422 0.00326175686
v -0.000191422487 -0.00243811683 0.00349402508
v -0.000133923459 -0.00220772563 0.00328242277
f 7888 7890 7889
v 0.000631885587 -0.001990073 0.00328361602
v 0.001163666 -0.00170836593 0.00317184495
v 0.000353093037 -0.00200107042 0.00323154309
f 7891 7893 7892
v -0.000434804542 -0.00207416069 0.00282849833
v -0.000133923459 -0.00220772563 0.00328242277
v 0.000230514843 -0.00192492862 0.00308769959
f 7894 7896 7895
v 0.000230514843 -0.00192492862 0.00308769959
v 2.84000265e-05 -0.00189812672 0.0028660339
v -0.000434804542 -0.00207416069 0.00282849833
f 7897 7899 7898
v -0.000212198938 -0.00185014924 0.00238856428
v 0.000344918658 -0.00164330941 0.00267658525
v -7.87042609e-05 -0.00173728477 0.00221042592
f 7900 7902 7901
v 3.59290283e-05 -0.00256292733 0.00362915162
v 7.63825625e-06 -0.00236573869 0.00350329174
v -0.000191422487 -0.00243811683 0.00349402508
f 7903 7905 7904
v -0.00135802056 -0.00363487234 0.00317045924
v -0.00158055809 -0.0034318844 0.00311441509
v -0.00156346596 -0.00356688543 0.00300764641
f 7906 7908 7907
v -0.00110218398 -0.00400746649 0.00309625939
v -0.000909653227 -0.00383207698 0.00331390147
v -0.00133118601 -0.00345350963 0.0032926011
f 7909 7911 7910
v -0.000933525462 -0.00457546303 0.00321121152
v -0.000950072626 -0.00426875122 0.00317633203
v -0.00106290854 -0.00436175578 0.00301478613
f 7912 7914 7913
v -0.00129433993 -0.00395587304 0.00286725135
v -0.00129886848 -0.00403319718 0.00270965429
v -0.00120704763 -0.00413981106 0.0028689894
f 7915 7917 7916
v -0.00113603373 -0.00437297022 0.00282432284
v -0.00120704763 -0.00413981106 0.0028689894
v -0.00121476369 -0.00424478603 0.00249241293
f 7918 7920 7919
v -0.00117006803 -0.00491207866 0.00264537048
v -0.00113603373 -0.00437297022 0.00282432284
v -0.00119021579 -0.00458843206 0.00251380188
f 7921 7923 7922
v -0.00176792728 -0.00325733345 0.00284780253
v -0.00173900262 -0.00330825715 0.00293988796
v -0.00168201823 -0.0032124859 0.00308630697
f 7924 7926 7925
v -0.00153372766 -0.0031488471 0.00307457703
v -0.00165080583 -0.00313743003 0.00282956862
v -0.00168201823 -0.0032124859 0.00308630697
f 7927 7929 7928
v -0.0016451997 -0.00317543636 0.00313499622
v -0.00168201823 -0.0032124859 0.00308630697
v -0.00152654211 -0.00328735623 0.00323151835
f 7930 7932 7931
v -0.00158055809 -0.0034318844 0.00311441509
v -0.00168201823 -0.0032124859 0.00308630697
v -0.00173900262 -0.00330825715 0.00293988796
f 7933 7935 7934
v -0.0010826644 -0.00317586455 0.00338841564
v -0.00134103866 -0.0032050244 0.00328059832
v -0.0012897689 -0.00330531038 0.00337077727
f 7936 7938 7937
v -0.0016652566 -0.0030842697 0.00260928791
v -0.00172822129 -0.00320763356 0.00274408485
v -0.00140142001 -0.00272534671 0.00262206013
f 7939 7941 7940
v -0.00172822129 -0.00320763356 0.00274408485
v -0.00165080583 -0.00313743003 0.00282956862
v -0.00140142001 -0.00272534671 0.00262206013
f 7942 7944 7943
v -0.000940737937 -0.00259418048 0.00305180511
v -0.00136706585 -0.00288971041 0.00299173989
v -0.00114875202 -0.0029429224 0.00321877596
f 7945 7947 7946
v -0.000940737937 -0.00259418048 0.00305180511
v -0.00114875202 -0.0029429224 0.00321877596
v -0.000796448239 -0.00279133092 0.00331059528
f 7948 7950 7949
v -0.00134103866 -0.0032050244 0.00328059832
v -0.00153372766 -0.0031488471 0.00307457703
v -0.00157186896 -0.00321028492 0.00318882048
f 7951 7953 7952
v -0.00172017335 -0.00307920236 0.00250156518
v -0.00167167782 -0.00306150614 0.00238778757
v -0.00163656659 -0.00323135318 0.00234782729
f 7954 7956 7955
v -0.00128877391 -0.00405418505 0.00250609301
v -0.00125030065 -0.00389837805 0.00209988448
v -0.00118982052 -0.00409606328 0.00209520585
f 7957 7959 7958
v -0.000950072626 -0.00426875122 0.00317633203
v -0.00110218398 -0.00400746649 0.00309625939
v -0.00120704763 -0.00413981106 0.0028689894
f 7960 7962 7961
v -0.00156346596 -0.00356688543 0.00300764641
v -0.00173900262 -0.00330825715 0.00293988796
v -0.001654062 -0.00354341319 0.00283941154
f 7963 7965 7964
v -0.00118549106 -0.00499965827 0.00257376123
v -0.00117006803 -0.00491207866 0.00264537048
v -0.00119021579 -0.00458843206 0.00251380188
f 7966 7968 7967
v -0.00125030065 -0.00389837805 0.00209988448
v -0.00119848273 -0.00391833601 0.00191310774
v -0.00118982052 -0.00409606328 0.00209520585
f 7969 7971 7970
v 0.00132684791 -0.0015097884 0.000550667983
v 0.00122136435 -0.00158209823 0.000485931787
v 0.00121869971 -0.00152744051 0.000548542948
f 7972 7974 7973
v 0.00132684791 -0.0015097884 0.000550667983
v 0.00121869971 -0.00152744051 0.000548542948
v 0.00130251756 -0.00148925119 0.000637475023
f 7975 7977 7976
v -0.00155566413 -0.00294881174 0.00213465519
v -0.00159723295 -0.00299487765 0.00220040292
v -0.00146125003 -0.00287556213 0.00203706804
f 7978 7980 7979
v -0.00139691147 -0.00284781581 0.00178525406
v -0.00132322584 -0.00314427998 0.00166602313
v -0.00148802183 -0.00296399267 0.00198815269
f 7981 7983 7982
v -0.000693767834 -0.00203564814 0.00152043795
v -0.00114754712 -0.00247074986 0.00188243557
v -0.00104698711 -0.0023350045 0.00220955862
f 7984 7986 7985
v -0.00129806085 -0.00283874633 0.00140539214
v -0.00134649381 -0.002835737 0.00163895038
v -0.00131894103 -0.00277406452 0.00154863592
f 7987 7989 7988
v -0.00131894103 -0.00277406452 0.00154863592
v -0.00134649381 -0.002835737 0.00163895038
v -0.00126760169 -0.00273206297 0.00158905405
f 7990 7992 7991
v -0.00131894103 -0.00277406452 0.00154863592
v -0.00126760169 -0.00273206297 0.00158905405
v -0.00128183101 -0.00279794858 0.00142660319
f 7993 7995 7994
v -0.00128410811 -0.00283689096 0.00133007807
v -0.00128717702 -0.00283446043 0.00132988935
v -0.00127027724 -0.00291617707 0.00115715884
f 7996 7998 7997
v -0.00129806085 -0.00283874633 0.00140539214
v -0.00128717702 -0.00283446043 0.00132988935
v -0.00128410811 -0.00283689096 0.00133007807
f 7999 8001 8000
v -0.00127027724 -0.00291617707 0.00115715884
v -0.00128717702 -0.00283446043 0.00132988935
v -0.00122869114 -0.00279913675 0.00118191383
f 8002 8004 8003
v -0.00128717702 -0.00283446043 0.00132988935
v -0.00129806085 -0.00283874633 0.00140539214
v -0.00128183101 -0.00279794858 0.00142660319
f 8005 8007 8006
v -0.00122869114 -0.00279913675 0.00118191383
v -0.00128410811 -0.00283689096 0.00133007807
v -0.00128183101 -0.00279794858 0.00142660319
f 8008 8010 8009
v -0.00129806085 -0.00283874633 0.00140539214
v -0.00131894103 -0.00277406452 0.00154863592
v -0.00128183101 -0.00279794858 0.00142660319
f 8011 8013 8012
v -0.001532231 -0.00287826879 0.00248761644
v -0.00138954729 -0.00270319997 0.00220713791
v -0.00159723295 -0.00299487765 0.00220040292
f 8014 8016 8015
v -0.00101376554 -0.00508677622 0.000863352307
v -0.00106421367 -0.00455398949 0.000936187917
v -0.000889392049 -0.00463471442 0.000737045411
f 8017 8019 8018
v -0.00114177274 -0.00439640971 0.00101212972
v -0.00111526679 -0.00431672997 0.000893654214
v -0.00106421367 -0.00455398949 0.000936187917
f 8020 8022 8021
v -0.00120373634 -0.00292753521 0.00091751117
v -0.00119807237 -0.00337747697 0.000890251977
v -0.00127027724 -0.00291617707 0.00115715884
f 8023 8025 8024
v -0.00112515163 -0.00339477519 0.000724190431
v -0.00119807237 -0.00337747697 0.000890251977
v -0.00120373634 -0.00292753521 0.00091751117
f 8026 8028 8027
v -0.000715474562 -0.00444085927 0.000554574353
v -0.000803474359 -0.00391679168 0.000430264981
v -0.000405328774 -0.00450451807 0.000416137345
f 8029 8031 8030
v -0.00159723295 -0.00299487765 0.00220040292
v -0.00163656659 -0.00323135318 0.00234782729
v -0.00167167782 -0.00306150614 0.00238778757
f 8032 8034 8033
v -0.00110868214 -0.00510463142 0.00103774537
v -0.00113799588 -0.00465027442 0.00108288323
v -0.00106576499 -0.00493403313 0.000934806576
f 8035 8037 8036
v -0.00121476369 -0.00424478603 0.00249241293
v -0.00118982052 -0.00409606328 0.00209520585
v -0.00117384425 -0.00442597775 0.00224456035
f 8038 8040 8039
v 0.000482625092 -0.00346350935 0.00365069827
v 0.000269417683 -0.00289425134 0.00376501375
v 0.000294114011 -0.00363730142 0.00370540947
f 8041 8043 8042
v -0.000111568113 -0.00377175493 0.00368816945
v 0.000113372323 -0.00369165318 0.00372220929
v -0.000167319126 -0.00321586922 0.00380776801
f 8044 8046 8045
v 0.00165212532 -0.00270377859 0.00324940884
v 0.00128474358 -0.00316124933 0.00343807878
v 0.00190133651 -0.003078183 0.00329643772
f 8047 8049 8048
v 0.000940248447 -0.00335704281 0.00351834096
v 0.0010086188 -0.00293497542 0.0034650162
v 0.000727210272 -0.0032185264 0.00355891571
f 8050 8052 8051
v 0.00128474358 -0.00316124933 0.00343807878
v 0.000940248447 -0.00335704281 0.00351834096
v 0.00143036077 -0.00350320843 0.00349480797
f 8053 8055 8054
v 0.0022629225 -0.00374517986 0.00325914662
v 0.00201613384 -0.00348159156 0.00334748911
v 0.00190449191 -0.00369733061 0.00345067965
f 8056 8058 8057
v 0.00181783034 -0.00345167318 0.00342352032
v 0.00136293975 -0.00392209258 0.00365495071
v 0.00190449191 -0.00369733061 0.00345067965
f 8059 8061 8060
v 0.00222193612 -0.00394216113 0.00335590921
v 0.00255776267 -0.00442089768 0.00330363873
v 0.0022629225 -0.00374517986 0.00325914662
f 8062 8064 8063
v 0.000940248447 -0.00335704281 0.00351834096
v 0.000558400598 -0.00380573802 0.00368363435
v 0.00143036077 -0.00350320843 0.00349480797
f 8065 8067 8066
v -0.000233379433 -0.00473860564 0.000349812649
v -0.000405328774 -0.00450451807 0.000416137345
v -0.00019407953 -0.00457042479 0.000329322643
f 8068 8070 8069
v 0.00132116202 -0.00154430872 0.00297389779
v 0.001163666 -0.00170836593 0.00317184495
v 0.00142725166 -0.00164800058 0.00319062528
f 8071 8073 8072
v 0.00161394601 -0.00145589474 0.00272726793
v 0.000900053237 -0.00147014689 0.00264720329
v 0.00157316463 -0.0015519825 0.00305868452
f 8074 8076 8075
v 0.000615519457 -0.00151754602 0.00259149692
v 0.000344918658 -0.00164330941 0.00267658525
v 0.000543134456 -0.00163186105 0.00287906914
f 8077 8079 8078
v 0.000543134456 -0.00163186105 0.00287906914
v 0.000735411049 -0.00163527184 0.00299516396
v 0.000780957998 -0.00152210923 0.00278557254
f 8080 8082 8081
v 0.00130251756 -0.00148925119 0.000637475023
v 0.000862437264 -0.00146485836 0.000696953248
v 0.00162266679 -0.00137333882 0.000957981683
f 8083 8085 8084
v 0.00152153807 -0.00145701988 0.000728638952
v 0.00162266679 -0.00137333882 0.000957981683
v 0.00164946741 -0.00139960066 0.000827683198
f 8086 8088 8087
v 0.000875509795 -0.00149432963 0.00042447441
v 0.000881862707 -0.00151254935 0.000353186124
v 0.000863501919 -0.00149673724 0.000378048253
f 8089 8091 8090
v 0.000881862707 -0.00151254935 0.000353186124
v 0.000877885304 -0.00148749132 0.000359447631
v 0.000863501919 -0.00149673724 0.000378048253
f 8092 8094 8093
v 0.001363925 -0.00147615856 0.000596483642
v 0.00152153807 -0.00145701988 0.000728638952
v 0.00151769082 -0.00154071931 0.000654581072
f 8095 8097 8096
v -0.000473836963 -0.00186466877 0.00184106957
v -1.92545571e-05 -0.00162096039 0.00148833951
v -0.000395574489 -0.00181610139 0.0014379938
f 8098 8100 8099
v -0.000838680171 -0.00223993884 0.00135736409
v -0.000693767834 -0.00203564814 0.00152043795
v -0.000430341788 -0.00188669201 0.00124161234
f 8101 8103 8102
v -0.000430341788 -0.00188669201 0.00124161234
v -0.000395574489 -0.00181610139 0.0014379938
v -0.000191168192 -0.00175614587 0.00111186137
f 8104 8106 8105
v -0.00101334253 -0.00268726781 0.000896151505
v -0.00102406657 -0.00265938197 0.000963350885
v -0.000776562592 -0.00261267669 0.000746569549
f 8107 8109 8108
v -0.000220313245 -0.00191541421 0.000786734199
v -6.32659976e-05 -0.00193783198 0.000546692763
v -0.00040804548 -0.00227225009 0.00069960779
f 8110 8112 8111
v -1.92545571e-05 -0.00162096039 0.00148833951
v 0.000283369354 -0.00153188721 0.00133532576
v 0.000448551782 -0.00146600851 0.00111219606
f 8113 8115 8114
v 0.000272750526 -0.0016014661 0.000675634237
v 0.000370952694 -0.00150421856 0.000862609159
v 0.000589840738 -0.00150333026 0.000679224286
f 8116 8118 8117
v 0.00035845253 -0.0016804579 0.000490132652
v 0.000272750526 -0.0016014661 0.000675634237
v 0.000589840738 -0.00150333026 0.000679224286
f 8119 8121 8120
v -0.000440935628 -0.00261548466 0.000497198516
v -0.000581044333 -0.00239566416 0.000787669524
v -0.00040804548 -0.00227225009 0.00069960779
f 8122 8124 8123
v -0.00102997201 -0.00312782067 0.000633646505
v -0.00101855021 -0.00274481481 0.000694637038
v -0.000927403653 -0.00286037794 0.000612852091
f 8125 8127 8126
v -0.000756458849 -0.00278570878 0.000542879525
v -0.000887157967 -0.00267850082 0.000599218765
v -0.000724194206 -0.00270435703 0.000617403111
f 8128 8130 8129
v -0.000924584492 -0.00267851101 0.000617412206
v -0.000887157967 -0.00267850082 0.000599218765
v -0.000756458849 -0.00278570878 0.000542879525
f 8131 8133 8132
v -0.000250037397 -0.00279716205 0.000355156453
v -0.000131274828 -0.00257474021 0.000285783813
v -3.82299504e-05 -0.00243738032 0.000240547365
f 8134 8136 8135
v 0.000100043474 -0.00287433904 0.000317718013
v 0.000456427506 -0.00277302261 0.000303696152
v 2.84118373e-07 -0.00327055241 0.000339937151
f 8137 8139 8138
v 0.000236909773 -0.00187811984 0.000342636349
v 0.00035845253 -0.0016804579 0.000490132652
v 0.00039787933 -0.00177141428 0.00022541501
f 8140 8142 8141
v 0.000434752837 -0.00173493881 0.000238958296
v 0.00039787933 -0.00177141428 0.00022541501
v 0.000388762919 -0.0017467295 0.000309392681
f 8143 8145 8144
v 0.000388762919 -0.0017467295 0.000309392681
v 0.00035845253 -0.0016804579 0.000490132652
v 0.000584445297 -0.00161698317 0.000387966838
f 8146 8148 8147
v 0.000814164196 -0.00149290499 0.0003409074
v 0.000735797857 -0.00149755397 0.000344476439
v 0.000800622638 -0.00150568048 0.000470684472
f 8149 8151 8150
v 0.000877885304 -0.00148749132 0.000359447631
v 0.000814164196 -0.00149290499 0.0003409074
v 0.000863501919 -0.00149673724 0.000378048253
f 8152 8154 8153
v 0.000875509795 -0.00149432963 0.00042447441
v 0.000800622638 -0.00150568048 0.000470684472
v 0.00103274915 -0.00151421455 0.00041845401
f 8155 8157 8156
v 0.00050791441 -0.00167423659 0.000291257174
v 0.000515556167 -0.00166056943 0.000256739281
v 0.000492721801 -0.0016808388 0.000248118363
f 8158 8160 8159
v 0.00050791441 -0.00167423659 0.000291257174
v 0.000492721801 -0.0016808388 0.000248118363
v 0.000473678301 -0.00169795585 0.00024769854
f 8161 8163 8162
v 0.000784004533 -0.00158212097 0.000310402038
v 0.000863501919 -0.00149673724 0.000378048253
v 0.000900890791 -0.00154786758 0.000352232428
f 8164 8166 8165
v 0.000900890791 -0.00154786758 0.000352232428
v 0.000863501919 -0.00149673724 0.000378048253
v 0.000881862707 -0.00151254935 0.000353186124
f 8167 8169 8168
v 0.000881862707 -0.00151254935 0.000353186124
v 0.00103274915 -0.00151421455 0.00041845401
v 0.000900890791 -0.00154786758 0.000352232428
f 8170 8172 8171
v 0.000875509795 -0.00149432963 0.00042447441
v 0.00103274915 -0.00151421455 0.00041845401
v 0.000881862707 -0.00151254935 0.000353186124
f 8173 8175 8174
v 0.000800622638 -0.00150568048 0.000470684472
v 0.000875509795 -0.00149432963 0.00042447441
v 0.000863501919 -0.00149673724 0.000378048253
f 8176 8178 8177
v 0.000671233829 -0.00154757145 0.000300766851
v 0.000784004533 -0.00158212097 0.000310402038
v 0.000570578095 -0.00163229688 0.000271788508
f 8179 8181 8180
v 0.000570578095 -0.00163229688 0.000271788508
v 0.000546724232 -0.00163906134 0.000286443219
v 0.000701752788 -0.00151497688 0.000356103055
f 8182 8184 8183
v 0.000473678301 -0.00169795585 0.00024769854
v 0.000490647972 -0.00170823751 0.000253135681
v 0.000454904603 -0.00171655902 0.000238327107
f 8185 8187 8186
v 0.000490647972 -0.00170823751 0.000253135681
v 0.000473678301 -0.00169795585 0.00024769854
v 0.000492721801 -0.0016808388 0.000248118363
f 8188 8190 8189
v 0.000570578095 -0.00163229688 0.000271788508
v 0.000515556167 -0.00166056943 0.000256739281
v 0.000546724232 -0.00163906134 0.000286443219
f 8191 8193 8192
v 0.000532681679 -0.00167054113 0.000262269373
v 0.000515556167 -0.00166056943 0.000256739281
v 0.000570578095 -0.00163229688 0.000271788508
f 8194 8196 8195
v 0.000454904603 -0.00171655902 0.000238327107
v 0.000490647972 -0.00170823751 0.000253135681
v 0.000664354411 -0.00188385457 0.000252275481
f 8197 8199 8198
v 0.000784004533 -0.00158212097 0.000310402038
v 0.000671233829 -0.00154757145 0.000300766851
v 0.000703742126 -0.0015077544 0.000313021201
f 8200 8202 8201
v 0.000784004533 -0.00158212097 0.000310402038
v 0.000703742126 -0.0015077544 0.000313021201
v 0.000719556283 -0.001516267 0.000318558932
f 8203 8205 8204
v 0.000701752788 -0.00151497688 0.000356103055
v 0.000719556283 -0.001516267 0.000318558932
v 0.000703742126 -0.0015077544 0.000313021201
f 8206 8208 8207
v 0.000701752788 -0.00151497688 0.000356103055
v 0.000703742126 -0.0015077544 0.000313021201
v 0.000671233829 -0.00154757145 0.000300766851
f 8209 8211 8210
v 0.000461099307 -0.00171372649 0.000260191177
v 0.000473678301 -0.00169795585 0.00024769854
v 0.000454904603 -0.00171655902 0.000238327107
f 8212 8214 8213
v 0.000461099307 -0.00171372649 0.000260191177
v 0.000454904603 -0.00171655902 0.000238327107
v 0.000434752837 -0.00173493881 0.000238958296
f 8215 8217 8216
v 0.000719556283 -0.001516267 0.000318558932
v 0.000703742126 -0.0015077544 0.000313021201
v 0.000730340662 -0.00148686013 0.000313221472
f 8218 8220 8219
v 0.000784004533 -0.00158212097 0.000310402038
v 0.000719556283 -0.001516267 0.000318558932
v 0.000730340662 -0.00148686013 0.000313221472
f 8221 8223 8222
v 0.00207297198 -0.00124139169 0.0023020033
v 0.00208351194 -0.00123027658 0.00228548888
v 0.00209020745 -0.00120718123 0.00230030746
f 8224 8226 8225
v 0.00207297198 -0.00124139169 0.0023020033
v 0.00209020745 -0.00120718123 0.00230030746
v 0.00204431217 -0.0013054012 0.00241158814
f 8227 8229 8228
v 0.000451432697 -0.00174481593 0.000244274293
v 0.000434752837 -0.00173493881 0.000238958296
v 0.000454904603 -0.00171655902 0.000238327107
f 8230 8232 8231
v 0.000490647972 -0.00170823751 0.000253135681
v 0.000461099307 -0.00171372649 0.000260191177
v 0.00050791441 -0.00167423659 0.000291257174
f 8233 8235 8234
v 0.000730340662 -0.00148686013 0.000313221472
v 0.000703742126 -0.0015077544 0.000313021201
v 0.000735797857 -0.00149755397 0.000344476439
f 8236 8238 8237
v 0.000434752837 -0.00173493881 0.000238958296
v 0.000451432697 -0.00174481593 0.000244274293
v 0.00039787933 -0.00177141428 0.00022541501
f 8239 8241 8240
v 0.00195479824 -0.00244616003 0.00305070462
v 0.00166585887 -0.00252282553 0.00321144798
v 0.00183365319 -0.002616032 0.00315514008
f 8242 8244 8243
v 0.00167286344 -0.00163615005 0.00302967892
v 0.00157316463 -0.0015519825 0.00305868452
v 0.00151334871 -0.0015726273 0.00312379307
f 8245 8247 8246
v 0.00167286344 -0.00163615005 0.00302967892
v 0.00151334871 -0.0015726273 0.00312379307
v 0.00189636739 -0.00207659668 0.00301704567
f 8248 8250 8249
v 0.00168480074 -0.00153381843 0.00291165306
v 0.00157316463 -0.0015519825 0.00305868452
v 0.00167286344 -0.00163615005 0.00302967892
f 8251 8253 8252
v 0.00180011612 -0.00150872229 0.00285029855
v 0.00185877434 -0.00146022949 0.00277942927
v 0.00177049606 -0.00140846687 0.00255821542
f 8254 8256 8255
v 0.00177049606 -0.00140846687 0.00255821542
v 0.00185877434 -0.00146022949 0.00277942927
v 0.00201821185 -0.00128978154 0.00245000701
f 8257 8259 8258
v 0.00204431217 -0.0013054012 0.00241158814
v 0.00206659406 -0.00121586836 0.00232684524
v 0.00201821185 -0.00128978154 0.00245000701
f 8260 8262 8261
v 0.00246022446 -0.00226146803 0.00234479085
v 0.00235872321 -0.00210609796 0.00245190604
v 0.00245148822 -0.00248130746 0.00253470425
f 8263 8265 8264
v 0.00161394601 -0.00145589474 0.00272726793
v 0.00168480074 -0.00153381843 0.00291165306
v 0.00180011612 -0.00150872229 0.00285029855
f 8266 8268 8267
v 0.00209020745 -0.00120718123 0.00230030746
v 0.00206659406 -0.00121586836 0.00232684524
v 0.00204431217 -0.0013054012 0.00241158814
f 8269 8271 8270
v 0.00206659406 -0.00121586836 0.00232684524
v 0.00207297198 -0.00124139169 0.0023020033
v 0.00207237426 -0.00123605623 0.00227463315
f 8272 8274 8273
v 0.00207237426 -0.00123605623 0.00227463315
v 0.00207297198 -0.00124139169 0.0023020033
v 0.00208351194 -0.00123027658 0.00228548888
f 8275 8277 8276
v 0.00221507489 -0.00137147645 0.00184458622
v 0.00220417714 -0.00137542111 0.00183555694
v 0.00215607415 -0.00136695699 0.00182623717
f 8278 8280 8279
v 0.00221507489 -0.00137147645 0.00184458622
v 0.00215607415 -0.00136695699 0.00182623717
v 0.00221982282 -0.00139375979 0.00187432888
f 8281 8283 8282
v 0.00207237426 -0.00123605623 0.00227463315
v 0.00208351194 -0.00123027658 0.00228548888
v 0.00209451482 -0.00124317467 0.00224969608
f 8284 8286 8285
v 0.00209451482 -0.00124317467 0.00224969608
v 0.00208351194 -0.00123027658 0.00228548888
v 0.00207297198 -0.00124139169 0.0023020033
f 8287 8289 8288
v 0.00209451482 -0.00124317467 0.00224969608
v 0.0021358117 -0.00132201803 0.0021790087
v 0.0020889267 -0.00127484982 0.00214883221
f 8290 8292 8291
v 0.00207237426 -0.00123605623 0.00227463315
v 0.00209451482 -0.00124317467 0.00224969608
v 0.00194485146 -0.00124874005 0.00222878643
f 8293 8295 8294
v 0.00200260674 -0.00129089585 0.0019356281
v 0.0020889267 -0.00127484982 0.00214883221
v 0.00215082127 -0.00129949904 0.00208132642
f 8296 8298 8297
v 0.00221982282 -0.00139375979 0.00187432888
v 0.00217021061 -0.00132304913 0.00199856386
v 0.0021358117 -0.00132201803 0.0021790087
f 8299 8301 8300
v 0.00219858903 -0.00132352025 0.00169941395
v 0.00220367183 -0.00131563638 0.00171441152
v 0.00218421173 -0.00130852304 0.0016905562
f 8302 8304 8303
v 0.00220803504 -0.00130331964 0.00167753897
v 0.00220367183 -0.00131563638 0.00171441152
v 0.00219858903 -0.00132352025 0.00169941395
f 8305 8307 8306
v 0.00220417714 -0.00137542111 0.00183555694
v 0.00221507489 -0.00137147645 0.00184458622
v 0.00221982282 -0.00139375979 0.00187432888
f 8308 8310 8309
v 0.00221005394 -0.001333401 0.0017855933
v 0.00221507489 -0.00137147645 0.00184458622
v 0.00220417714 -0.00137542111 0.00183555694
f 8311 8313 8312
v 0.00216217195 -0.00131082152 0.00151019576
v 0.00214965403 -0.0013166059 0.00149079342
v 0.0021241889 -0.00131127072 0.00148606614
f 8314 8316 8315
v 0.00216217195 -0.00131082152 0.00151019576
v 0.0021241889 -0.00131127072 0.00148606614
v 0.00218936111 -0.00131221705 0.00160319887
f 8317 8319 8318
v 0.00220417714 -0.00137542111 0.00183555694
v 0.00221507489 -0.00137147645 0.00184458622
v 0.00220633883 -0.0013447424 0.00182563963
f 8320 8322 8321
v 0.00219858903 -0.00132352025 0.00169941395
v 0.00220367183 -0.00131563638 0.00171441152
v 0.0022328808 -0.00137703782 0.00171756728
f 8323 8325 8324
v 0.0022328808 -0.00137703782 0.00171756728
v 0.00220367183 -0.00131563638 0.00171441152
v 0.00221005394 -0.001333401 0.0017855933
f 8326 8328 8327
v 0.00215607415 -0.00136695699 0.00182623717
v 0.00220417714 -0.00137542111 0.00183555694
v 0.00220633883 -0.0013447424 0.00182563963
f 8329 8331 8330
v 0.00214498123 -0.0013085707 0.00144207479
v 0.00216217195 -0.00131082152 0.00151019576
v 0.00214965403 -0.0013166059 0.00149079342
f 8332 8334 8333
v 0.00215074688 -0.00129292048 0.00148863655
v 0.0021241889 -0.00131127072 0.00148606614
v 0.00214965403 -0.0013166059 0.00149079342
f 8335 8337 8336
v 0.00215074688 -0.00129292048 0.00148863655
v 0.00214965403 -0.0013166059 0.00149079342
v 0.00216217195 -0.00131082152 0.00151019576
f 8338 8340 8339
v 0.00294849015 -0.00454503679 0.00297610368
v 0.00286971554 -0.00430133368 0.00298550476
v 0.00274523354 -0.00446089507 0.00318629645
f 8341 8343 8342
v 0.00294849015 -0.00454503679 0.00297610368
v 0.00274523354 -0.00446089507 0.00318629645
v 0.00283656373 -0.00469659462 0.00315084144
f 8344 8346 8345
v 0.00223904099 -0.00193765627 0.00107876476
v 0.00222714807 -0.00171727606 0.00121443045
v 0.00243093946 -0.00224617797 0.00120157638
f 8347 8349 8348
v 0.00218268688 -0.00275053626 0.000727673159
v 0.00236520846 -0.00270596829 0.000876299964
v 0.00226603479 -0.002858691 0.000753553195
f 8350 8352 8351
v 0.00207715584 -0.00138766754 0.00121114881
v 0.00200668183 -0.00130102617 0.0011907352
v 0.00201992862 -0.00132815276 0.00127251942
f 8353 8355 8354
v 0.0018690238 -0.00134164666 0.00114088416
v 0.00201992862 -0.00132815276 0.00127251942
v 0.00200668183 -0.00130102617 0.0011907352
f 8356 8358 8357
v 0.00200668183 -0.00130102617 0.0011907352
v 0.00207715584 -0.00138766754 0.00121114881
v 0.00195572793 -0.00133467383 0.00110926103
f 8359 8361 8360
v 0.00206275854 -0.00156225087 0.00107818323
v 0.00207715584 -0.00138766754 0.00121114881
v 0.00222714807 -0.00171727606 0.00121443045
f 8362 8364 8363
v 0.00179891613 -0.00144251326 0.000926487974
v 0.00206275854 -0.00156225087 0.00107818323
v 0.00217702109 -0.00208695219 0.00090962867
f 8365 8367 8366
v 0.00164946741 -0.00139960066 0.000827683198
v 0.00166450973 -0.00139794574 0.000879565596
v 0.00179891613 -0.00144251326 0.000926487974
f 8368 8370 8369
v 0.00255849118 -0.00307942792 0.000916481076
v 0.00267005089 -0.00315158104 0.00106709631
v 0.00271015888 -0.00336801313 0.000995536902
f 8371 8373 8372
v 0.00209451482 -0.00124317467 0.00224969608
v 0.00207297198 -0.00124139169 0.0023020033
v 0.00204431217 -0.0013054012 0.00241158814
f 8374 8376 8375
v -5.44139994e-05 -0.00464136974 0.000284737371
v -0.000371584451 -0.0041718642 0.000337334927
v 0.000471179601 -0.00478683978 0.000185638999
f 8377 8379 8378
v 0.00205648557 -0.00403553313 0.000356658597
v 0.00238871489 -0.00398611774 0.000521059656
v 0.00212908708 -0.00439756732 0.000412221334
f 8380 8382 8381
v 0.00177192105 -0.00273641854 0.000508322637
v 0.00218268688 -0.00275053626 0.000727673159
v 0.00226603479 -0.002858691 0.000753553195
f 8383 8385 8384
v 0.00232032053 -0.00349862894 0.000500051874
v 0.00238609173 -0.00373425537 0.00051165166
v 0.00224076975 -0.00368470428 0.000418100581
f 8386 8388 8387
v 0.00251836809 -0.00389600464 0.000630405157
v 0.00238871489 -0.00398611774 0.000521059656
v 0.00238609173 -0.00373425537 0.00051165166
f 8389 8391 8390
v 0.00217654997 -0.0033319895 0.000472440979
v 0.00232032053 -0.00349862894 0.000500051874
v 0.00200570448 -0.00359691876 0.000316746514
f 8392 8394 8393
v 0.00212908708 -0.00439756732 0.000412221334
v 0.00225840522 -0.00456462112 0.000478341963
v 0.00211708193 -0.00458791219 0.000386994043
f 8395 8397 8396
v 0.00133106905 -0.00174242796 0.00325436631
v 0.001163666 -0.00170836593 0.00317184495
v 0.00119934348 -0.00187590103 0.00331938027
f 8398 8400 8399
v 0.00119934348 -0.00187590103 0.00331938027
v 0.00105958652 -0.0020268415 0.00337446727
v 0.00147172013 -0.00189980528 0.00323758431
f 8401 8403 8402
v 0.000543654687 -0.00259189055 0.00365403284
v 0.000377819856 -0.00276082992 0.00371699534
v 0.000269417683 -0.00289425134 0.00376501375
f 8404 8406 8405
v 0.00142725166 -0.00164800058 0.00319062528
v 0.00133106905 -0.00174242796 0.00325436631
v 0.00147172013 -0.00189980528 0.00323758431
f 8407 8409 8408
v 0.00226603479 -0.002858691 0.000753553195
v 0.00255849118 -0.00307942792 0.000916481076
v 0.00232674302 -0.00308797644 0.000700348846
f 8410 8412 8411
v -0.00131925799 -0.00618324339 0.00176949889
v -0.00127156673 -0.00588148723 0.00159217107
v -0.00126664354 -0.00613804223 0.00137308625
f 8413 8415 8414
v -0.00126664354 -0.00613804223 0.00137308625
v -0.00127156673 -0.00588148723 0.00159217107
v -0.00116581996 -0.00565103001 0.00126367431
f 8416 8418 8417
v -0.0012321324 -0.00631119692 0.00123818791
v -0.00129159207 -0.00638616693 0.00135524015
v -0.00126664354 -0.00613804223 0.00137308625
f 8419 8421 8420
v -0.0012321324 -0.00631119692 0.00123818791
v -0.00132570676 -0.00671209345 0.00137810321
v -0.00129159207 -0.00638616693 0.00135524015
f 8422 8424 8423
v -0.00110868214 -0.00510463142 0.00103774537
v -0.00101376554 -0.00508677622 0.000863352307
v -0.00109663388 -0.00529048375 0.00103924222
f 8425 8427 8426
v -0.000719660375 -0.00714915368 0.000387960881
v -0.000531272644 -0.00682006503 0.000265215431
v -0.000549302968 -0.00727075676 0.000284373391
f 8428 8430 8429
v -0.00110868214 -0.00510463142 0.00103774537
v -0.00106576499 -0.00493403313 0.000934806576
v -0.00101376554 -0.00508677622 0.000863352307
f 8431 8433 8432
v -0.000786077271 -0.00543385722 0.000648903733
v -0.000490231969 -0.00545219627 0.000379787775
v -0.000491139826 -0.00568462856 0.000346346201
f 8434 8436 8435
v -0.000769429425 -0.0062831823 0.00047837043
v -0.000734143941 -0.00582001194 0.000530709667
v -0.000679062759 -0.00638148631 0.000372821592
f 8437 8439 8438
v 0.000105579466 -0.00613514057 0.000109674545
v -0.000446069953 -0.00609773706 0.000259078706
v -0.000166554162 -0.00531959813 0.000270415558
f 8440 8442 8441
v -7.02628142e-05 -0.00680215162 8.04855858e-05
v 0.000296147027 -0.00635187462 7.98032829e-05
v 0.000246147715 -0.00718938609 6.20561252e-05
f 8443 8445 8444
v 0.0016617214 -0.00531775004 0.0037221489
v 0.00159385309 -0.00555974511 0.00375172713
v 0.00170589919 -0.00568322685 0.00373753719
f 8446 8448 8447
v 0.00223766074 -0.00561186534 0.00354502081
v 0.00170589919 -0.00568322685 0.00373753719
v 0.00215351538 -0.00580341693 0.00358266661
f 8449 8451 8450
v 0.00294588608 -0.00614419114 0.00294546408
v 0.0028122613 -0.00612098302 0.00310354262
v 0.00287662442 -0.00627713162 0.00305763715
f 8452 8454 8453
v 0.00282539131 -0.00555361039 0.00313643723
v 0.00271701756 -0.00524896241 0.00322549131
v 0.00272010839 -0.00558805223 0.00323147797
f 8455 8457 8456
v 0.00305727444 -0.00494827109 0.00279344458
v 0.00303424367 -0.00509235142 0.00285528986
v 0.00308457311 -0.00562521564 0.00268903495
f 8458 8460 8459
v 0.0029737128 -0.00415818504 0.00264935352
v 0.00289090094 -0.00409978056 0.00283148111
v 0.00297806546 -0.00440304066 0.00284167891
f 8461 8463 8462
v 0.00191165873 -0.00626235487 0.00361614402
v 0.00166158279 -0.00625417961 0.00370852176
v 0.00172032815 -0.0065181528 0.00370958514
f 8464 8466 8465
v 0.00287662442 -0.00627713162 0.00305763715
v 0.0028122613 -0.00612098302 0.00310354262
v 0.00288952415 -0.00663647515 0.00308816379
f 8467 8469 8468
v 0.00288952415 -0.00663647515 0.00308816379
v 0.00285297338 -0.00692081449 0.00313398887
v 0.00296304224 -0.00688891305 0.00302653607
f 8470 8472 8471
v 0.00342979474 -0.00727938459 0.0021785796
v 0.00338302416 -0.0073284471 0.00233347964
v 0.00335794248 -0.00753545391 0.00221841256
f 8473 8475 8474
v 0.00301953296 -0.00859173742 0.00228932113
v 0.00298080813 -0.00893772376 0.00228666304
v 0.00304975765 -0.00862976158 0.00213974636
f 8476 8478 8477
v 0.00298198247 -0.00565236878 0.000900180476
v 0.0030129806 -0.0061919076 0.000934659965
v 0.0028543338 -0.00640304643 0.000712287147
f 8479 8481 8480
v 0.00277660147 -0.00669955625 0.00063503312
v 0.00255741124 -0.00670737863 0.000460504589
v 0.00270391683 -0.00631098301 0.000547470654
f 8482 8484 8483
v -1.65095585e-05 -0.00930553942 0.000214968759
v 0.000173419676 -0.00903113105 0.000115166267
v 0.000211581346 -0.00945266947 0.000222420795
f 8485 8487 8486
v -1.71855405e-05 -0.00945604552 0.000216555645
v 0.000211581346 -0.00945266947 0.000222420795
v 0.000247350067 -0.00954691641 0.00024787355
f 8488 8490 8489
v 0.00138906353 -0.009766515 0.000354627514
v 0.0013918916 -0.00966210864 0.000291948777
v 0.0015229034 -0.00976213705 0.000414337774
f 8491 8493 8492
v 0.00166720693 -0.00858839921 0.000145954675
v 0.00175959158 -0.00863611349 0.000185278316
v 0.00157512331 -0.00885406844 0.000149411483
f 8494 8496 8495
v 0.000569351823 -0.00977698219 0.000340048859
v 0.000538155291 -0.00956082658 0.00026450748
v 0.000715280066 -0.00976784795 0.000361204434
f 8497 8499 8498
v 0.00155067955 -0.00726694998 3.69529772e-05
v 0.00149686221 -0.0074562864 6.0636944e-05
v 0.0010266961 -0.00735380891 7.18031799e-05
f 8500 8502 8501
v 0.00172692926 -0.00792661012 0.000242035867
v 0.00199094848 -0.00803473667 0.00035300734
v 0.00193542837 -0.00836578765 0.000275980574
f 8503 8505 8504
v 0.00259835906 -0.00793304644 0.000779359652
v 0.00283878671 -0.00761132396 0.000852982703
v 0.00254956649 -0.00806709868 0.000766126595
f 8506 8508 8507
v 0.00193542837 -0.00836578765 0.000275980574
v 0.00210387989 -0.00842926092 0.000374533079
v 0.00207425073 -0.00866505216 0.000341367627
f 8509 8511 8510
v 0.00237276436 -0.00716777431 0.000353250539
v 0.00256506901 -0.00736194488 0.000546633419
v 0.00232112889 -0.00735339927 0.000368078213
f 8512 8514 8513
v 0.00177096863 -0.0101777485 0.000875592923
v 0.0014097961 -0.0101647754 0.000691341438
v 0.00173846656 -0.00997329844 0.000688241244
f 8515 8517 8516
v 0.0011751481 -0.00588849471 9.2866162e-05
v 0.00168985207 -0.00631940493 9.90380045e-05
v 0.00159006286 -0.00663699175 8.00995906e-05
f 8518 8520 8519
v -0.00159910105 -0.00948808083 0.00169113955
v -0.00171909469 -0.00932670446 0.00159139563
v -0.0015788406 -0.00958192031 0.00158886996
f 8521 8523 8522
v 0.0028277309 -0.00822719376 0.00111489144
v 0.00270897017 -0.00821627618 0.000945475858
v 0.00285483511 -0.00800935886 0.00104761775
f 8524 8526 8525
