# FlyGym 1.2.1 STL; B(x,y,z)=(x,z,y); winding reversed
v 0.00363661384 0.0178889342 0.042110373
v 0.00440549629 0.0160507218 0.0407492102
v 0.00385308595 0.0162545301 0.0435225171
f 1 3 2
v 0.0042527332 0.0190140912 0.0406795938
v 0.00363661384 0.0178889342 0.042110373
v 0.00363311847 0.0195007189 0.0397076481
f 4 6 5
v 0.00385308595 0.0162545301 0.0435225171
v 0.00293622797 0.014813531 0.0451233995
v 0.00363661384 0.0178889342 0.042110373
f 7 9 8
v 0.00363661384 0.0178889342 0.042110373
v 0.00293622797 0.014813531 0.0451233995
v 0.00062349136 0.0183867698 0.0415758579
f 10 12 11
v -0.000688507862 0.0159443793 0.04389557
v 0.00293622797 0.014813531 0.0451233995
v 0.000188416016 0.0128235464 0.0464489538
f 13 15 14
v 0.00329423856 0.0125727543 0.046855933
v 0.00363210056 0.0113137088 0.0473407737
v -0.00133483918 0.0104896368 0.0473911903
f 16 18 17
v 0.00363210056 0.0113137088 0.0473407737
v 0.00362422434 0.0151298125 0.0444918172
v 0.00365761371 0.00854750324 0.0473899039
f 19 21 20
v 0.000188416016 0.0128235464 0.0464489538
v 0.00329423856 0.0125727543 0.046855933
v -0.00133483918 0.0104896368 0.0473911903
f 22 24 23
v 0.00362422434 0.0151298125 0.0444918172
v 0.00293622797 0.014813531 0.0451233995
v 0.00385308595 0.0162545301 0.0435225171
f 25 27 26
v 0.0032953154 0.0200979906 0.0389101333
v 0.00332216805 0.0203679141 0.0383998384
v 0.00428684798 0.0190713938 0.0400389428
f 28 30 29
v 0.00410220673 0.0195687579 0.034309749
v 0.00328045135 0.0219779788 0.0362282415
v 0.00357897952 0.0231884711 0.0330573966
f 31 33 32
v 0.00428684798 0.0190713938 0.0400389428
v 0.00300795436 0.0210426777 0.0371696544
v 0.00410220673 0.0195687579 0.034309749
f 34 36 35
v 0.00428684798 0.0190713938 0.0400389428
v 0.00495492422 0.0157759263 0.0343021355
v 0.00440549629 0.0160507218 0.0407492102
f 37 39 38
v 0.00495492422 0.0157759263 0.0343021355
v 0.00428684798 0.0190713938 0.0400389428
v 0.00410220673 0.0195687579 0.034309749
f 40 42 41
v 0.00410220673 0.0195687579 0.034309749
v 0.00357897952 0.0231884711 0.0330573966
v 0.00425287799 0.0233723607 0.0291291712
f 43 45 44
v 0.00495492422 0.0157759263 0.0343021355
v 0.00410220673 0.0195687579 0.034309749
v 0.00425287799 0.0233723607 0.0291291712
f 46 48 47
v 0.00440549629 0.0160507218 0.0407492102
v 0.00573182333 0.0131282126 0.0301024877
v 0.00426738843 0.00718745505 0.0410189677
f 49 51 50
v 0.00365761371 0.00854750324 0.0473899039
v 0.00426738843 0.00718745505 0.0410189677
v 0.00369942209 0.00611697542 0.0474715722
f 52 54 53
v 0.00365761371 0.00854750324 0.0473899039
v 0.00369942209 0.00611697542 0.0474715722
v -0.00237782588 0.00817289329 0.0476353365
f 55 57 56
v -0.000958651799 0.00327629896 0.0478283298
v 0.00369942209 0.00611697542 0.0474715722
v 0.00349641996 0.00384136147 0.0478052971
f 58 60 59
v -0.00133483918 0.0104896368 0.0473911903
v -0.00237782588 0.00817289329 0.0476353365
v -0.00412525333 0.00981026751 0.0473476772
f 61 63 62
v 0.00350535338 0.00274332633 0.0481856841
v 0.00316268124 0.00098322198 0.048524281
v 0.00349641996 0.00384136147 0.0478052971
f 64 66 65
v 0.00349641996 0.00384136147 0.0478052971
v 0.00316268124 0.00098322198 0.048524281
v -0.00197893751 -0.000410423627 0.0484791613
f 67 69 68
v -0.00197893751 -0.000410423627 0.0484791613
v 0.00350889459 -0.000150062215 0.0486588833
v -0.00153076835 -0.00221545051 0.0488237536
f 70 72 71
v 0.00350889459 -0.000150062215 0.0486588833
v 0.00316160513 -0.00224067771 0.0487231882
v -0.00153076835 -0.00221545051 0.0488237536
f 73 75 74
v 0.00350889459 -0.000150062215 0.0486588833
v 0.00426738843 0.00718745505 0.0410189677
v 0.00470987579 -0.00553518257 0.0445481768
f 76 78 77
v 0.00350535338 0.00274332633 0.0481856841
v 0.00426738843 0.00718745505 0.0410189677
v 0.00350889459 -0.000150062215 0.0486588833
f 79 81 80
v 0.00409979621 -0.00463954493 0.0482101663
v 0.00350889459 -0.000150062215 0.0486588833
v 0.00470987579 -0.00553518257 0.0445481768
f 82 84 83
v -0.00584535155 0.00578107938 0.0482682779
v -0.000958651799 0.00327629896 0.0478283298
v -0.00197893751 -0.000410423627 0.0484791613
f 85 87 86
v -0.0063611631 0.00110783294 0.0486873934
v -0.00197893751 -0.000410423627 0.0484791613
v -0.00906384521 0.000290296202 0.0490683247
f 88 90 89
v 0.00573182333 0.0131282126 0.0301024877
v 0.00716895302 0.00918688675 0.0234004532
v 0.00662349048 0.00144470832 0.0317084079
f 91 93 92
v 0.00363311847 0.0195007189 0.0397076481
v 0.00363661384 0.0178889342 0.042110373
v 0.00062349136 0.0183867698 0.0415758579
f 94 96 95
v 0.00573182333 0.0131282126 0.0301024877
v 0.00494716514 0.0231498387 0.0246115378
v 0.00696187344 0.0122269106 0.0196447843
f 97 99 98
v 0.00696187344 0.0122269106 0.0196447843
v 0.00494716514 0.0231498387 0.0246115378
v 0.00512393162 0.023105045 0.0185360608
f 100 102 101
v 0.00696187344 0.0122269106 0.0196447843
v 0.00512393162 0.023105045 0.0185360608
v 0.0045220113 0.0209145044 0.000846130479
f 103 105 104
v 0.00762372656 -9.5711539e-05 0.000845711656
v 0.00696187344 0.0122269106 0.0196447843
v 0.00678248762 0.012712249 0.000846504372
f 106 108 107
v 0.00716895302 0.00918688675 0.0234004532
v 0.00696187344 0.0122269106 0.0196447843
v 0.00740843388 0.00422023077 0.0150433363
f 109 111 110
v 0.0076937009 -0.00520844114 0.0232974853
v 0.00740843388 0.00422023077 0.0150433363
v 0.00803918956 -0.00229416764 0.0118403201
f 112 114 113
v 0.00803918956 -0.00229416764 0.0118403201
v 0.00762372656 -9.5711539e-05 0.000845711656
v 0.00760730181 -0.00566667404 0.000842281861
f 115 117 116
v 0.00359462356 0.0228366494 0.0342001527
v -0.000112575799 0.0226258853 0.0353644107
v 0.00357897952 0.0231884711 0.0330573966
f 118 120 119
v 0.00357897952 0.0231884711 0.0330573966
v 0.00177974289 0.0238308683 0.0319076236
v 0.00391215362 0.0238474022 0.02880666
f 121 123 122
v 0.00357897952 0.0231884711 0.0330573966
v -0.000112575799 0.0226258853 0.0353644107
v 0.00177974289 0.0238308683 0.0319076236
f 124 126 125
v 0.00177974289 0.0238308683 0.0319076236
v -0.0041092153 0.0243323477 0.0314686622
v 0.000915584678 0.0245794916 0.0286961673
f 127 129 128
v -0.00415771501 0.0249448756 0.0276678271
v 0.000915584678 0.0245794916 0.0286961673
v -0.0041092153 0.0243323477 0.0314686622
f 130 132 131
v 0.00378169279 0.0250506913 0.021367149
v 0.00251229067 0.0260205241 0.0216204338
v 0.00291533579 0.0267225405 0.0199736794
f 133 135 134
v 0.000915584678 0.0245794916 0.0286961673
v 0.00342595522 0.0248636439 0.0256292202
v 0.00391215362 0.0238474022 0.02880666
f 136 138 137
v 0.00494716514 0.0231498387 0.0246115378
v 0.00342595522 0.0248636439 0.0256292202
v 0.00378169279 0.0250506913 0.021367149
f 139 141 140
v -0.00105836662 0.0250492769 0.0260006724
v 0.00342595522 0.0248636439 0.0256292202
v 0.000915584678 0.0245794916 0.0286961673
f 142 144 143
v 0.00414815586 0.0250485522 0.017345183
v 0.00309362804 0.0276065606 0.0169151303
v 0.00257089996 0.0278853317 0.0141364595
f 145 147 146
v -0.000743941928 0.0274358492 0.0167422186
v 0.00251229067 0.0260205241 0.0216204338
v -0.00109943212 0.0263440394 0.0206961602
f 148 150 149
v -0.000677619391 0.0283836795 0.0133510242
v 0.00192432344 0.0285444286 0.0147379804
v -0.000743941928 0.0274358492 0.0167422186
f 151 153 152
v 0.00192432344 0.0285444286 0.0147379804
v 0.00243445102 0.0278806576 0.0167221282
v -0.000743941928 0.0274358492 0.0167422186
f 154 156 155
v -0.00414989045 0.0272763282 0.0170019237
v -0.00109943212 0.0263440394 0.0206961602
v -0.00634335811 0.0262493239 0.0242185764
f 157 159 158
v -0.0115052622 0.0268569827 0.0219008696
v -0.00634335811 0.0262493239 0.0242185764
v -0.00942726329 0.0261250214 0.0251155638
f 160 162 161
v -0.010322898 0.028637753 0.0127045932
v -0.00695864946 0.0278798165 0.0152422625
v -0.0128026586 0.0277549785 0.0170961372
f 163 165 164
v -0.00695864946 0.0278798165 0.0152422625
v -0.00414989045 0.0272763282 0.0170019237
v -0.0087246146 0.0276015751 0.01846378
f 166 168 167
v -0.00105836662 0.0250492769 0.0260006724
v -0.00415771501 0.0249448756 0.0276678271
v -0.00458283102 0.0254654471 0.0253113132
f 169 171 170
v 0.00257089996 0.0278853317 0.0141364595
v 0.00255101186 0.0289485819 0.010821184
v 0.00216137923 0.0286170689 0.00944381391
f 172 174 173
v -0.000274214835 0.0287633826 0.0103505234
v 0.0028356495 0.0290838478 0.0121638273
v 0.000711186294 0.0283598813 0.0118414413
f 175 177 176
v -0.000274214835 0.0287633826 0.0103505234
v 0.00125630831 0.0292069133 0.0100021913
v 0.0028356495 0.0290838478 0.0121638273
f 178 180 179
v 0.00257089996 0.0278853317 0.0141364595
v 0.00192432344 0.0285444286 0.0147379804
v 0.0028356495 0.0290838478 0.0121638273
f 181 183 182
v 0.00140467819 0.0293878576 0.00374050396
v 0.00110313922 0.0294262369 0.000851936329
v 0.00216137923 0.0286170689 0.00944381391
f 184 186 185
v 0.00140467819 0.0293878576 0.00374050396
v 0.0014596284 0.0291446398 0.00780057017
v 0.000656276825 0.0294335972 0.00469417355
f 187 189 188
v 0.000656276825 0.0294335972 0.00469417355
v 0.0014596284 0.0291446398 0.00780057017
v -0.00402997575 0.0290007854 0.00590078162
f 190 192 191
v 0.00110313922 0.0294262369 0.000851936329
v 0.00132028727 0.0295068137 0.00260028246
v 0.000656276825 0.0294335972 0.00469417355
f 193 195 194
v -0.00265573399 0.0292985816 0.00139945932
v 0.00110313922 0.0294262369 0.000851936329
v 0.000656276825 0.0294335972 0.00469417355
f 196 198 197
v 0.00140467819 0.0293878576 0.00374050396
v 0.00132028727 0.0295068137 0.00260028246
v 0.00110313922 0.0294262369 0.000851936329
f 199 201 200
v 0.00216137923 0.0286170689 0.00944381391
v 0.0014596284 0.0291446398 0.00780057017
v 0.00140467819 0.0293878576 0.00374050396
f 202 204 203
v 0.00512393162 0.023105045 0.0185360608
v 0.00216137923 0.0286170689 0.00944381391
v 0.00409435524 0.0235030049 0.000847909087
f 205 207 206
v -0.0110581313 0.0289731717 0.00933598931
v -0.00570029224 0.0285524671 0.0125902647
v -0.010322898 0.028637753 0.0127045932
f 208 210 209
v -0.00595196179 0.0293404097 0.000847146293
v -0.00312570701 0.0287504139 0.00315352299
v -0.00803123839 0.0286419789 0.00380748061
f 211 213 212
v -0.00803123839 0.0286419789 0.00380748061
v -0.00824989766 0.0290062424 0.00714672424
v -0.0104905426 0.0288546813 0.00410128669
f 214 216 215
v -0.00265573399 0.0292985816 0.00139945932
v 0.000656276825 0.0294335972 0.00469417355
v -0.00312570701 0.0287504139 0.00315352299
f 217 219 218
v 0.00142161371 0.0291769044 0.00877588318
v -0.000274214835 0.0287633826 0.0103505234
v -0.00467343561 0.0286825962 0.00901178719
f 220 222 221
v -0.0152531167 0.0268817617 0.0196235938
v -0.0128026586 0.0277549785 0.0170961372
v -0.0115052622 0.0268569827 0.0219008696
f 223 225 224
v -0.0110581313 0.0289731717 0.00933598931
v -0.010322898 0.028637753 0.0127045932
v -0.0161789285 0.0282770081 0.0115552182
f 226 228 227
v -0.0163389632 0.0287625677 0.00710540044
v -0.0110581313 0.0289731717 0.00933598931
v -0.01783841 0.028225893 0.00796419044
f 229 231 230
v -0.0115362913 0.0290159718 0.00585384987
v -0.0163389632 0.0287625677 0.00710540044
v -0.0150301057 0.0287308358 0.00413617599
f 232 234 233
v -0.0158344483 0.0294327125 0.00272974285
v -0.0128035957 0.0289622112 0.00284090638
v -0.0121640311 0.0285744056 0.00343904358
f 235 237 236
v -0.0116420037 0.0298167026 0.00176154863
v -0.0128035957 0.0289622112 0.00284090638
v -0.0158344483 0.0294327125 0.00272974285
f 238 240 239
v -0.0121640311 0.0285744056 0.00343904358
v -0.0150301057 0.0287308358 0.00413617599
v -0.0158344483 0.0294327125 0.00272974285
f 241 243 242
v -0.0177078182 0.0282630266 0.00432174274
v -0.01783841 0.028225893 0.00796419044
v -0.0197630434 0.0290719589 0.00517216649
f 244 246 245
v -0.0177078182 0.0282630266 0.00432174274
v -0.0163389632 0.0287625677 0.00710540044
v -0.01783841 0.028225893 0.00796419044
f 247 249 248
v -0.0183926779 0.0290201948 0.00274668273
v -0.0158344483 0.0294327125 0.00272974285
v -0.0177078182 0.0282630266 0.00432174274
f 250 252 251
v -0.000677619391 0.0283836795 0.0133510242
v -0.00414989045 0.0272763282 0.0170019237
v -0.00570029224 0.0285524671 0.0125902647
f 253 255 254
v 0.00062349136 0.0183867698 0.0415758579
v -0.000688507862 0.0159443793 0.04389557
v -0.00266936258 0.0167667924 0.0430390763
f 256 258 257
v -0.00562093701 0.017131801 0.042681268
v -0.00266936258 0.0167667924 0.0430390763
v -0.00643574604 0.0148920604 0.0442347431
f 259 261 260
v -0.00549256583 0.0111343463 0.0461524643
v 0.000188416016 0.0128235464 0.0464489538
v -0.00133483918 0.0104896368 0.0473911903
f 262 264 263
v -0.000688507862 0.0159443793 0.04389557
v -0.00311998083 0.013846824 0.0452006236
v -0.00266936258 0.0167667924 0.0430390763
f 265 267 266
v -0.0130724875 0.015075595 0.0435678143
v -0.00947583685 0.0169103965 0.0426133163
v -0.0112118563 0.0113470996 0.0454546651
f 268 270 269
v -0.00947583685 0.0169103965 0.0426133163
v -0.00643574604 0.0148920604 0.0442347431
v -0.0112118563 0.0113470996 0.0454546651
f 271 273 272
v -0.0139877491 0.0193601736 0.040135195
v -0.0130724875 0.015075595 0.0435678143
v -0.0143370446 0.0167255464 0.0425693201
f 274 276 275
v -0.000112575799 0.0226258853 0.0353644107
v 0.00328045135 0.0219779788 0.0362282415
v 0.00254011684 0.020866617 0.0379140867
f 277 279 278
v -0.00359119003 0.0229133002 0.0351869647
v -0.000112575799 0.0226258853 0.0353644107
v -0.00283269437 0.0189767947 0.0408198277
f 280 282 281
v -0.0041092153 0.0243323477 0.0314686622
v 0.00177974289 0.0238308683 0.0319076236
v -0.000112575799 0.0226258853 0.0353644107
f 283 285 284
v -0.000112575799 0.0226258853 0.0353644107
v -0.00359119003 0.0229133002 0.0351869647
v -0.0041092153 0.0243323477 0.0314686622
f 286 288 287
v -0.00359119003 0.0229133002 0.0351869647
v -0.0065535336 0.0206914498 0.0384543237
v -0.00650366273 0.0235386513 0.0343425578
f 289 291 290
v -0.0065535336 0.0206914498 0.0384543237
v -0.00840277135 0.0186810386 0.041027565
v -0.0100793208 0.0209446269 0.0385251886
f 292 294 293
v -0.0065535336 0.0206914498 0.0384543237
v -0.0130746994 0.0229775615 0.0357342098
v -0.00885279369 0.0232869323 0.0349633512
f 295 297 296
v -0.0130746994 0.0229775615 0.0357342098
v -0.0065535336 0.0206914498 0.0384543237
v -0.0100793208 0.0209446269 0.0385251886
f 298 300 299
v -0.0041092153 0.0243323477 0.0314686622
v -0.00359119003 0.0229133002 0.0351869647
v -0.00650366273 0.0235386513 0.0343425578
f 301 303 302
v -0.00415771501 0.0249448756 0.0276678271
v -0.0041092153 0.0243323477 0.0314686622
v -0.00693249604 0.0249891222 0.0288399984
f 304 306 305
v -0.00840277135 0.0186810386 0.041027565
v -0.0139877491 0.0193601736 0.040135195
v -0.0100793208 0.0209446269 0.0385251886
f 307 309 308
v -0.0156808164 0.0229170371 0.0361044338
v -0.0130746994 0.0229775615 0.0357342098
v -0.0139877491 0.0193601736 0.040135195
f 310 312 311
v -0.0173200955 0.0233100407 0.0336024706
v -0.0110119647 0.0239483692 0.0329891685
v -0.0130746994 0.0229775615 0.0357342098
f 313 315 314
v -0.0208587066 0.0242631446 0.0289499032
v -0.0173200955 0.0233100407 0.0336024706
v -0.0216870991 0.023929149 0.0308549759
f 316 318 317
v -0.0210631348 0.0208643702 0.038725292
v -0.0196101319 0.0219993992 0.0376580341
v -0.0139877491 0.0193601736 0.040135195
f 319 321 320
v -0.0180678151 0.0232973136 0.035220079
v -0.0156808164 0.0229170371 0.0361044338
v -0.0196101319 0.0219993992 0.0376580341
f 322 324 323
v -0.0210631348 0.0208643702 0.038725292
v -0.0139877491 0.0193601736 0.040135195
v -0.0174609959 0.0186867837 0.0405595754
f 325 327 326
v -0.023209551 0.0231787679 0.034557638
v -0.0196101319 0.0219993992 0.0376580341
v -0.0235044135 0.0217052497 0.0370901165
f 328 330 329
v -0.0235044135 0.0217052497 0.0370901165
v -0.0196101319 0.0219993992 0.0376580341
v -0.0210631348 0.0208643702 0.038725292
f 331 333 332
v -0.0237923203 0.0207463017 0.0357971876
v -0.0210661427 0.0202418247 0.0364432024
v -0.0236814842 0.0215668988 0.0345024455
f 334 336 335
v -0.0233786734 0.0174819696 0.0396810065
v -0.0236560329 0.0203368196 0.0380971702
v -0.0228820281 0.0185778365 0.0396693416
f 337 339 338
v -0.0236560329 0.0203368196 0.0380971702
v -0.0210631348 0.0208643702 0.038725292
v -0.0228820281 0.0185778365 0.0396693416
f 340 342 341
v -0.0233949992 0.0190026156 0.035985047
v -0.0231264741 0.020606842 0.0339525606
v -0.0214141342 0.0206019555 0.0347357563
f 343 345 344
v -0.0233786734 0.0174819696 0.0396810065
v -0.0234225197 0.0188660255 0.0365676213
v -0.0236560329 0.0203368196 0.0380971702
f 346 348 347
v -0.0232394916 0.0199979142 0.0366326654
v -0.0210661427 0.0202418247 0.0364432024
v -0.0237923203 0.0207463017 0.0357971876
f 349 351 350
v -0.0216870991 0.023929149 0.0308549759
v -0.021192593 0.0234342355 0.0334087876
v -0.0236216278 0.0238639768 0.0314404635
f 352 354 353
v -0.0241500093 0.0228340854 0.033490223
v -0.0236814842 0.0215668988 0.0345024455
v -0.0233730258 0.0213370193 0.0332179188
f 355 357 356
v -0.0233730258 0.0213370193 0.0332179188
v -0.0231264741 0.020606842 0.0339525606
v -0.0237468877 0.0214131782 0.0289948337
f 358 360 359
v -0.0237468877 0.0214131782 0.0289948337
v -0.0236193839 0.0172798784 0.0362060324
v -0.0243097093 0.0125898034 0.0298946805
f 361 363 362
v -0.0214141342 0.0206019555 0.0347357563
v -0.0210661427 0.0202418247 0.0364432024
v -0.0229454658 0.0190038525 0.0363520609
f 364 366 365
v -0.00412525333 0.00981026751 0.0473476772
v -0.00549256583 0.0111343463 0.0461524643
v -0.00133483918 0.0104896368 0.0473911903
f 367 369 368
v -0.00549256583 0.0111343463 0.0461524643
v -0.00412525333 0.00981026751 0.0473476772
v -0.00530645848 0.00783018404 0.0480582676
f 370 372 371
v -0.00530645848 0.00783018404 0.0480582676
v -0.00584535155 0.00578107938 0.0482682779
v -0.00914010743 0.00947393783 0.0466184138
f 373 375 374
v -0.0160373485 0.00979842953 0.0454270834
v -0.0112118563 0.0113470996 0.0454546651
v -0.0131319277 0.00988504398 0.0460874959
f 376 378 377
v -0.0160079828 0.0135824594 0.0438798568
v -0.0130724875 0.015075595 0.0435678143
v -0.0112118563 0.0113470996 0.0454546651
f 379 381 380
v -0.0180921619 0.0103565493 0.0445746322
v -0.0160079828 0.0135824594 0.0438798568
v -0.0112118563 0.0113470996 0.0454546651
f 382 384 383
v -0.0101105121 0.00176148242 0.0487683166
v -0.0063611631 0.00110783294 0.0486873934
v -0.00906384521 0.000290296202 0.0490683247
f 385 387 386
v -0.0136598857 0.00322625128 0.0475614914
v -0.0101105121 0.00176148242 0.0487683166
v -0.0119728764 -0.00148601612 0.0485938799
f 388 390 389
v -0.00914010743 0.00947393783 0.0466184138
v -0.00916045319 0.00400295612 0.0485677243
v -0.0118805037 0.00881148808 0.0465306657
f 391 393 392
v -0.0131319277 0.00988504398 0.0460874959
v -0.0118805037 0.00881148808 0.0465306657
v -0.0136598857 0.00322625128 0.0475614914
f 394 396 395
v -0.0207513338 0.00451115266 0.0457938382
v -0.0160373485 0.00979842953 0.0454270834
v -0.0177898764 0.00417355259 0.046353534
f 397 399 398
v -0.0177898764 0.00417355259 0.046353534
v -0.0131319277 0.00988504398 0.0460874959
v -0.0136598857 0.00322625128 0.0475614914
f 400 402 401
v -0.0195208326 0.0144035512 0.042477579
v -0.0160079828 0.0135824594 0.0438798568
v -0.0180921619 0.0103565493 0.0445746322
f 403 405 404
v -0.0223867071 0.0144815131 0.0413580885
v -0.0184822769 0.0165134552 0.0418075389
v -0.0195208326 0.0144035512 0.042477579
f 406 408 407
v -0.0214987449 0.00978841053 0.043577308
v -0.0216002722 0.0113849128 0.0427396008
v -0.0193521264 0.0107071806 0.044087178
f 409 411 410
v -0.0217679073 0.00535273211 0.0448150997
v -0.0215235268 0.00681132151 0.0428775616
v -0.0215659427 0.00629466158 0.0449632062
f 412 414 413
v -0.0206394194 0.003081248 0.0459666859
v -0.0213839827 0.00418499767 0.0414986629
v -0.0217679073 0.00535273211 0.0448150997
f 415 417 416
v -0.0211927778 0.00826458199 0.0444465928
v -0.0207513338 0.00451115266 0.0457938382
v -0.0215659427 0.00629466158 0.0449632062
f 418 420 419
v -0.0215235268 0.00681132151 0.0428775616
v -0.0232151535 0.0149091517 0.0378425728
v -0.0220519083 0.0105235064 0.0415533897
f 421 423 422
v -0.0233786734 0.0174819696 0.0396810065
v -0.0232151535 0.0149091517 0.0378425728
v -0.0236193839 0.0172798784 0.0362060324
f 424 426 425
v -0.0213839827 0.00418499767 0.0414986629
v -0.0243097093 0.0125898034 0.0298946805
v -0.0215235268 0.00681132151 0.0428775616
f 427 429 428
v -0.0236911728 -0.000449361642 0.0290111173
v -0.0243097093 0.0125898034 0.0298946805
v -0.0213839827 0.00418499767 0.0414986629
f 430 432 431
v -0.0184822769 0.0165134552 0.0418075389
v -0.0143370446 0.0167255464 0.0425693201
v -0.0160079828 0.0135824594 0.0438798568
f 433 435 434
v -0.0160373485 0.00979842953 0.0454270834
v -0.0207513338 0.00451115266 0.0457938382
v -0.0190313105 0.0103909209 0.0447142404
f 436 438 437
v -0.0090071866 0.0250686862 0.0286016235
v -0.0134011658 0.0247137679 0.0295222213
v -0.0133072797 0.0258732878 0.0259946333
f 439 441 440
v -0.0133072797 0.0258732878 0.0259946333
v -0.00942726329 0.0261250214 0.0251155638
v -0.0090071866 0.0250686862 0.0286016235
f 442 444 443
v -0.00415771501 0.0249448756 0.0276678271
v -0.0090071866 0.0250686862 0.0286016235
v -0.00942726329 0.0261250214 0.0251155638
f 445 447 446
v -0.0170609448 0.0259502849 0.0221166134
v -0.0219406749 0.0266185263 0.0218943489
v -0.0198128386 0.0266658957 0.0200211798
f 448 450 449
v -0.0212832878 0.0252193771 0.0256287196
v -0.0183644122 0.0253310485 0.0255352585
v -0.0208587066 0.0242631446 0.0289499032
f 451 453 452
v -0.0141665543 0.026298422 0.0229377067
v -0.0183644122 0.0253310485 0.0255352585
v -0.0170609448 0.0259502849 0.0221166134
f 454 456 455
v -0.0152531167 0.0268817617 0.0196235938
v -0.0141665543 0.026298422 0.0229377067
v -0.0170609448 0.0259502849 0.0221166134
f 457 459 458
v -0.0161122822 0.027370156 0.018221073
v -0.0152531167 0.0268817617 0.0196235938
v -0.0190124672 0.0271630095 0.0177580514
f 460 462 461
v -0.0208587066 0.0242631446 0.0289499032
v -0.0233817744 0.0250286656 0.0270650402
v -0.0235594198 0.025753025 0.0258143322
f 463 465 464
v -0.0212832878 0.0252193771 0.0256287196
v -0.0231484766 0.0261837704 0.0243463845
v -0.0219406749 0.0266185263 0.0218943489
f 466 468 467
v -0.0235594198 0.025753025 0.0258143322
v -0.023608598 0.0265147333 0.0232574894
v -0.0231484766 0.0261837704 0.0243463845
f 469 471 470
v -0.0219406749 0.0266185263 0.0218943489
v -0.023608598 0.0265147333 0.0232574894
v -0.0234180741 0.0271109806 0.0212943123
f 472 474 473
v -0.0219406749 0.0266185263 0.0218943489
v -0.0183644122 0.0253310485 0.0255352585
v -0.0212832878 0.0252193771 0.0256287196
f 475 477 476
v -0.0233817744 0.0250286656 0.0270650402
v -0.0232963575 0.0245695177 0.0293378485
v -0.0238610563 0.0238880661 0.0203682459
f 478 480 479
v -0.0198128386 0.0266658957 0.0200211798
v -0.0219406749 0.0266185263 0.0218943489
v -0.0234180741 0.0271109806 0.0212943123
f 481 483 482
v -0.0190124672 0.0271630095 0.0177580514
v -0.0198128386 0.0266658957 0.0200211798
v -0.0234180741 0.0271109806 0.0212943123
f 484 486 485
v -0.0236836117 0.0274777907 0.0186508856
v -0.0238610563 0.0238880661 0.0203682459
v -0.0235912215 0.028044419 0.0146014383
f 487 489 488
v -0.0238610563 0.0238880661 0.0203682459
v -0.0232963575 0.0245695177 0.0293378485
v -0.0237468877 0.0214131782 0.0289948337
f 490 492 491
v -0.0198562964 0.0282721128 0.0117645992
v -0.0204936528 0.027676631 0.0155590038
v -0.0213820051 0.0281972782 0.014093121
f 493 495 494
v -0.0239081375 0.0285958988 0.00915742639
v -0.020676307 0.0285759626 0.00861958615
v -0.0231200058 0.0282774621 0.0126245141
f 496 498 497
v -0.0242225535 0.0281778746 0.01146758
v -0.0241851376 0.0283123343 0.012932159
v -0.0235912215 0.028044419 0.0146014383
f 499 501 500
v -0.0241851376 0.0283123343 0.012932159
v -0.0231200058 0.0282774621 0.0126245141
v -0.0235912215 0.028044419 0.0146014383
f 502 504 503
v -0.0239497473 0.0266435061 0.00980447148
v -0.0237873595 0.0285392744 0.00703658006
v -0.0242225535 0.0281778746 0.01146758
f 505 507 506
v -0.0224319141 0.0287997653 0.00474614135
v -0.0239081375 0.0285958988 0.00915742639
v -0.0237873595 0.0285392744 0.00703658006
f 508 510 509
v -0.0240286099 0.028909609 0.00610245406
v -0.0224319141 0.0287997653 0.00474614135
v -0.0237873595 0.0285392744 0.00703658006
f 511 513 512
v -0.0247808086 0.0175504334 0.000849401567
v -0.0236174223 0.0290238007 0.00223637326
v -0.0236586027 0.0286165654 0.00418633863
f 514 516 515
v -0.0224319141 0.0287997653 0.00474614135
v -0.020676307 0.0285759626 0.00861958615
v -0.0239081375 0.0285958988 0.00915742639
f 517 519 518
v -0.0224319141 0.0287997653 0.00474614135
v -0.0240286099 0.028909609 0.00610245406
v -0.0236586027 0.0286165654 0.00418633863
f 520 522 521
v -0.0247808086 0.0175504334 0.000849401567
v -0.0237873595 0.0285392744 0.00703658006
v -0.0239497473 0.0266435061 0.00980447148
f 523 525 524
v -0.0247808086 0.0175504334 0.000849401567
v -0.0239497473 0.0266435061 0.00980447148
v -0.0254619808 0.0136601113 0.000845069189
f 526 528 527
v -0.0251873105 0.0115904237 0.0224635151
v -0.0237468877 0.0214131782 0.0289948337
v -0.0243097093 0.0125898034 0.0298946805
f 529 531 530
v -0.0250112236 -0.000552245865 0.0218365458
v -0.0251873105 0.0115904237 0.0224635151
v -0.0243097093 0.0125898034 0.0298946805
f 532 534 533
v -0.0254619808 0.0136601113 0.000845069189
v -0.0251873105 0.0115904237 0.0224635151
v -0.0262600719 0.00665225016 0.00650635338
f 535 537 536
v -0.0263481401 0.00395602183 0.000844102397
v -0.0254619808 0.0136601113 0.000845069189
v -0.0262600719 0.00665225016 0.00650635338
f 538 540 539
v -0.0251873105 0.0115904237 0.0224635151
v -0.0250112236 -0.000552245865 0.0218365458
v -0.0262600719 0.00665225016 0.00650635338
f 541 543 542
v -0.0182942036 0.0278335909 0.0117251591
v -0.0169881867 0.0273022626 0.0162871424
v -0.0204936528 0.027676631 0.0155590038
f 544 546 545
v -0.01783841 0.028225893 0.00796419044
v -0.0161789285 0.0282770081 0.0115552182
v -0.0182942036 0.0278335909 0.0117251591
f 547 549 548
v -0.0203684467 0.0293012592 0.000847927004
v -0.0197630434 0.0290719589 0.00517216649
v -0.0224319141 0.0287997653 0.00474614135
f 550 552 551
v -0.0164774494 0.0244630617 0.0288483978
v -0.0208587066 0.0242631446 0.0289499032
v -0.0183644122 0.0253310485 0.0255352585
f 553 555 554
v -0.0121420599 0.0299067353 0.000843748148
v -0.0158344483 0.0294327125 0.00272974285
v -0.0175167283 0.0292396173 0.000845912564
f 556 558 557
v 0.00432576999 -0.0138769916 0.0452020904
v 0.00400697536 -0.0120327248 0.0462920143
v 0.00467766949 -0.0164620491 0.0425342092
f 559 561 560
v 0.00481809839 -0.0175829133 0.0420883502
v 0.00489510276 -0.0171729102 0.04269903
v 0.00480740564 -0.0171131513 0.042711274
f 562 564 563
v 0.00448080173 -0.0168062077 0.0431037508
v 0.00480740564 -0.0171131513 0.042711274
v 0.00510573445 -0.0177294452 0.0425033533
f 565 567 566
v 0.000951450056 -0.0148823456 0.0459086557
v 0.00432576999 -0.0138769916 0.0452020904
v 0.00448080173 -0.0168062077 0.0431037508
f 568 570 569
v 0.00407030748 -0.018669886 0.0428222527
v 0.00458802533 -0.018767736 0.042322831
v 0.00499971502 -0.0194623368 0.0418503099
f 571 573 572
v 0.00448080173 -0.0168062077 0.0431037508
v 0.00510573445 -0.0177294452 0.0425033533
v 0.00407030748 -0.018669886 0.0428222527
f 574 576 575
v 0.00499971502 -0.0194623368 0.0418503099
v 0.00590120908 -0.0194536988 0.036827242
v 0.00551061821 -0.0199717499 0.0410443521
f 577 579 578
v 0.00481809839 -0.0175829133 0.0420883502
v 0.00467766949 -0.0164620491 0.0425342092
v 0.00476191053 -0.0186176941 0.0419569493
f 580 582 581
v 0.00476191053 -0.0186176941 0.0419569493
v 0.00467766949 -0.0164620491 0.0425342092
v 0.00590120908 -0.0194536988 0.036827242
f 583 585 584
v 0.00499971502 -0.0194623368 0.0418503099
v 0.00476191053 -0.0186176941 0.0419569493
v 0.00590120908 -0.0194536988 0.036827242
f 586 588 587
v 0.0040495237 -0.00938923331 0.0473030203
v 0.00325548826 -0.0079243262 0.0479452574
v 0.00385731619 -0.00831135112 0.0467080798
f 589 591 590
v 0.00325548826 -0.0079243262 0.0479452574
v 0.00302333792 -0.0120066143 0.0468958897
v -0.000915424607 -0.0135147988 0.0472500076
f 592 594 593
v 0.0040495237 -0.00938923331 0.0473030203
v 0.00347429304 -0.0103294966 0.0471297331
v 0.00325548826 -0.0079243262 0.0479452574
f 595 597 596
v 0.00385731619 -0.00831135112 0.0467080798
v 0.00470987579 -0.00553518257 0.0445481768
v 0.00400697536 -0.0120327248 0.0462920143
f 598 600 599
v -0.00153076835 -0.00221545051 0.0488237536
v 0.0027359376 -0.00434178219 0.048511941
v -0.00213289386 -0.00545796283 0.0486592238
f 601 603 602
v -0.00987775711 -0.00576615857 0.049354136
v -0.00899770021 -0.0018286868 0.0493160507
v -0.00625863759 -0.00585535599 0.0491643266
f 604 606 605
v -0.00987775711 -0.00576615857 0.049354136
v -0.00625863759 -0.00585535599 0.0491643266
v -0.00650137517 -0.00837861589 0.0489061582
f 607 609 608
v 0.00400697536 -0.0120327248 0.0462920143
v 0.00432576999 -0.0138769916 0.0452020904
v 0.00302333792 -0.0120066143 0.0468958897
f 610 612 611
v 0.000951450056 -0.0148823456 0.0459086557
v 0.00302333792 -0.0120066143 0.0468958897
v 0.00432576999 -0.0138769916 0.0452020904
f 613 615 614
v 0.00325548826 -0.0079243262 0.0479452574
v -0.000915424607 -0.0135147988 0.0472500076
v -0.00261117129 -0.0103286497 0.0484045944
f 616 618 617
v -0.00189890197 -0.0177879498 0.0452824141
v 0.000951450056 -0.0148823456 0.0459086557
v 0.000105381332 -0.018396313 0.0444674079
f 619 621 620
v -0.00648312271 -0.0148948748 0.0473216904
v -0.00261117129 -0.0103286497 0.0484045944
v -0.000915424607 -0.0135147988 0.0472500076
f 622 624 623
v -0.0110390523 -0.0115689305 0.0485437457
v -0.00648312271 -0.0148948748 0.0473216904
v -0.0100252269 -0.0154067064 0.0472284271
f 625 627 626
v -0.0110390523 -0.0115689305 0.0485437457
v -0.00261117129 -0.0103286497 0.0484045944
v -0.00648312271 -0.0148948748 0.0473216904
f 628 630 629
v 0.00467766949 -0.0164620491 0.0425342092
v 0.00470987579 -0.00553518257 0.0445481768
v 0.00735236245 -0.0140145581 0.029396225
f 631 633 632
v 0.00662349048 0.00144470832 0.0317084079
v 0.0076937009 -0.00520844114 0.0232974853
v 0.00735236245 -0.0140145581 0.029396225
f 634 636 635
v 0.000105381332 -0.018396313 0.0444674079
v 0.00407030748 -0.018669886 0.0428222527
v 0.002333882 -0.0203659365 0.0426117156
f 637 639 638
v 0.00321172629 -0.0213257154 0.0402481499
v 0.00551061821 -0.0199717499 0.0410443521
v 0.00589695119 -0.0215414053 0.0398524979
f 640 642 641
v 0.00589695119 -0.0215414053 0.0398524979
v 0.00613562297 -0.0226337303 0.0389697117
v 0.0057052981 -0.0241612855 0.0380171929
f 643 645 644
v 0.00589695119 -0.0215414053 0.0398524979
v 0.00551061821 -0.0199717499 0.0410443521
v 0.00590120908 -0.0194536988 0.036827242
f 646 648 647
v 0.00613562297 -0.0226337303 0.0389697117
v 0.00589695119 -0.0215414053 0.0398524979
v 0.00590120908 -0.0194536988 0.036827242
f 649 651 650
v 0.002333882 -0.0203659365 0.0426117156
v 0.00551061821 -0.0199717499 0.0410443521
v 0.00321172629 -0.0213257154 0.0402481499
f 652 654 653
v 0.00288282972 -0.0263263762 0.0354765769
v 0.00591487915 -0.0243803937 0.0366485358
v 0.0061282466 -0.0255292282 0.035464557
f 655 657 656
v 0.00156172391 -0.0215728534 0.0415686052
v 0.00186443722 -0.023270477 0.0400421122
v 0.000840227585 -0.0241955189 0.0397530937
f 658 660 659
v 0.00259401859 -0.0250198209 0.0378344703
v 0.000840227585 -0.0241955189 0.0397530937
v 0.0057052981 -0.0241612855 0.0380171929
f 661 663 662
v 0.00423445745 -0.026233212 0.0336412428
v 0.00288282972 -0.0263263762 0.0354765769
v 0.0061282466 -0.0255292282 0.035464557
f 664 666 665
v 0.00614083838 -0.0232759456 0.030919307
v 0.00631942094 -0.0272079895 0.0324693712
v 0.00627841073 -0.0261181616 0.0334435521
f 667 669 668
v 0.00627841073 -0.0261181616 0.0334435521
v 0.0061282466 -0.0255292282 0.035464557
v 0.00591487915 -0.0243803937 0.0366485358
f 670 672 671
v 0.00554376747 -0.0318055623 0.0298536266
v 0.00585970411 -0.0309678057 0.031055088
v 0.00572624558 -0.0292362616 0.0309172523
f 673 675 674
v 0.000271245517 -0.0259555702 0.0378543104
v 0.00259401859 -0.0250198209 0.0378344703
v 0.000438896677 -0.0264181173 0.0357540412
f 676 678 677
v 0.000438896677 -0.0264181173 0.0357540412
v 0.00259401859 -0.0250198209 0.0378344703
v 0.00288282972 -0.0263263762 0.0354765769
f 679 681 680
v -0.00139893164 -0.0263951166 0.0371894072
v 0.000271245517 -0.0259555702 0.0378543104
v 0.000438896677 -0.0264181173 0.0357540412
f 682 684 683
v 0.00356120509 -0.0281246204 0.0322306209
v 0.00631942094 -0.0272079895 0.0324693712
v 0.00558794563 -0.0289353251 0.0321675674
f 685 687 686
v -0.00122150741 -0.026715186 0.0343655556
v 0.0011259719 -0.0278667256 0.0335457735
v -0.00348632711 -0.0277049025 0.0340426108
f 688 690 689
v -0.00208958118 -0.0283614208 0.0331239251
v -0.00348632711 -0.0277049025 0.0340426108
v 0.0011259719 -0.0278667256 0.0335457735
f 691 693 692
v 0.00116262672 -0.0285956427 0.0317958678
v 0.00349197799 -0.0305809692 0.0315167854
v 0.00118683674 -0.0300299318 0.0308746326
f 694 696 695
v 4.80358722e-06 -0.0305477704 0.030191819
v -0.00125177976 -0.0286886439 0.0319606334
v 0.00116262672 -0.0285956427 0.0317958678
f 697 699 698
v 4.80358722e-06 -0.0305477704 0.030191819
v 0.00168914921 -0.0317722559 0.0304816611
v -0.00198689559 -0.0317619881 0.027467811
f 700 702 701
v 0.00118683674 -0.0300299318 0.0308746326
v 0.00168914921 -0.0317722559 0.0304816611
v 4.80358722e-06 -0.0305477704 0.030191819
f 703 705 704
v 0.000271245517 -0.0259555702 0.0378543104
v 0.000683986582 -0.0247123273 0.038643938
v 0.00259401859 -0.0250198209 0.0378344703
f 706 708 707
v -0.00189890197 -0.0177879498 0.0452824141
v 0.000105381332 -0.018396313 0.0444674079
v -0.00233152459 -0.0199331407 0.0445377751
f 709 711 710
v -0.00214292377 -0.0159732677 0.0461339339
v -0.00763205899 -0.0191720261 0.0458200695
v -0.00648312271 -0.0148948748 0.0473216904
f 712 714 713
v -0.00252437385 -0.021743527 0.0422940328
v -0.00496704888 -0.0206449244 0.0445752696
v 0.00156172391 -0.0215728534 0.0415686052
f 715 717 716
v -0.00496704888 -0.0206449244 0.0445752696
v -0.00763205899 -0.0191720261 0.0458200695
v -0.00233152459 -0.0199331407 0.0445377751
f 718 720 719
v -0.00648312271 -0.0148948748 0.0473216904
v -0.00763205899 -0.0191720261 0.0458200695
v -0.0100252269 -0.0154067064 0.0472284271
f 721 723 722
v -0.0057794161 -0.0217083405 0.0423994905
v -0.0113957176 -0.0198905997 0.0427418505
v -0.00755463479 -0.0211361563 0.0437350682
f 724 726 725
v -0.00763205899 -0.0191720261 0.0458200695
v -0.00496704888 -0.0206449244 0.0445752696
v -0.00755463479 -0.0211361563 0.0437350682
f 727 729 728
v -0.00252437385 -0.021743527 0.0422940328
v 0.000840227585 -0.0241955189 0.0397530937
v -0.0026699694 -0.0239262707 0.0415969989
f 730 732 731
v -0.00252437385 -0.021743527 0.0422940328
v -0.0026699694 -0.0239262707 0.0415969989
v -0.00554737308 -0.0227247903 0.041761226
f 733 735 734
v -0.00423266392 -0.0261560665 0.0375221891
v -0.00144627265 -0.0251788588 0.038875037
v -0.00139893164 -0.0263951166 0.0371894072
f 736 738 737
v -0.00705303173 -0.0256171043 0.037669501
v -0.00423266392 -0.0261560665 0.0375221891
v -0.00568879768 -0.0260880857 0.0351432798
f 739 741 740
v -0.00671665402 -0.0256594678 0.0353770913
v -0.00705303173 -0.0256171043 0.037669501
v -0.00568879768 -0.0260880857 0.0351432798
f 742 744 743
v -0.00695964263 -0.0298043131 0.0290573225
v -0.00756737281 -0.028720207 0.0300624204
v -0.00528012606 -0.029843708 0.0304653717
f 745 747 746
v -0.00426250517 -0.0286827708 0.0319427898
v -0.00125177976 -0.0286886439 0.0319606334
v -0.00528012606 -0.029843708 0.0304653717
f 748 750 749
v -0.00528012606 -0.029843708 0.0304653717
v -0.00125177976 -0.0286886439 0.0319606334
v 4.80358722e-06 -0.0305477704 0.030191819
f 751 753 752
v -0.0101029204 -0.0264113041 0.0334903423
v -0.00784081349 -0.025945704 0.0342489831
v -0.00812200014 -0.0275970786 0.0330145296
f 754 756 755
v -0.00812200014 -0.0275970786 0.0330145296
v -0.00756737281 -0.028720207 0.0300624204
v -0.0104306513 -0.0273341342 0.0330182636
f 757 759 758
v -0.00671665402 -0.0256594678 0.0353770913
v -0.00568879768 -0.0260880857 0.0351432798
v -0.00616870238 -0.02796177 0.0337147911
f 760 762 761
v -0.00982074998 -0.0239803194 0.039860222
v -0.00554737308 -0.0227247903 0.041761226
v -0.00529819736 -0.0249104924 0.0398596836
f 763 765 764
v -0.0176609465 -0.0244255236 0.0389532826
v -0.0127457766 -0.0223273586 0.0409655215
v -0.0129986467 -0.0247591088 0.0389456953
f 766 768 767
v -0.0129986467 -0.0247591088 0.0389456953
v -0.0120108147 -0.0250419776 0.0378945813
v -0.0153901026 -0.0252701313 0.0377489749
f 769 771 770
v -0.0153901026 -0.0252701313 0.0377489749
v -0.0120108147 -0.0250419776 0.0378945813
v -0.0142577628 -0.0255399151 0.0363748288
f 772 774 773
v -0.00864225149 -0.0254335813 0.0374874449
v -0.0129986467 -0.0247591088 0.0389456953
v -0.00982074998 -0.0239803194 0.039860222
f 775 777 776
v -0.0153901026 -0.0252701313 0.0377489749
v -0.0176609465 -0.0244255236 0.0389532826
v -0.0129986467 -0.0247591088 0.0389456953
f 778 780 779
v -0.0149563188 -0.0264280679 0.0340920873
v -0.0142577628 -0.0255399151 0.0363748288
v -0.0139432406 -0.0263437687 0.0337308215
f 781 783 782
v -0.0149563188 -0.0264280679 0.0340920873
v -0.0161737378 -0.0258411164 0.0367715285
v -0.0142577628 -0.0255399151 0.0363748288
f 784 786 785
v -0.0114206974 -0.0261447276 0.0341146108
v -0.0142577628 -0.0255399151 0.0363748288
v -0.0120108147 -0.0250419776 0.0378945813
f 787 789 788
v -0.00971871777 -0.0256502593 0.0345550856
v -0.00864225149 -0.0254335813 0.0374874449
v -0.00784081349 -0.025945704 0.0342489831
f 790 792 791
v -0.00568879768 -0.0260880857 0.0351432798
v -0.00139893164 -0.0263951166 0.0371894072
v -0.00380101992 -0.0263602298 0.0346307381
f 793 795 794
v 0.000105381332 -0.018396313 0.0444674079
v 0.00448080173 -0.0168062077 0.0431037508
v 0.00407030748 -0.018669886 0.0428222527
f 796 798 797
v 0.00735236245 -0.0140145581 0.029396225
v 0.00810457423 -0.0136729126 0.0131812165
v 0.00717076182 -0.0219390276 0.0180981442
f 799 801 800
v 0.00810457423 -0.0136729126 0.0131812165
v 0.00815455132 -0.0176502537 0.000844069382
v 0.00783842697 -0.0207293313 0.00482017203
f 802 804 803
v 0.00803918956 -0.00229416764 0.0118403201
v 0.00760730181 -0.00566667404 0.000842281861
v 0.00810457423 -0.0136729126 0.0131812165
f 805 807 806
v 0.00810457423 -0.0136729126 0.0131812165
v 0.00760730181 -0.00566667404 0.000842281861
v 0.00815455132 -0.0176502537 0.000844069382
f 808 810 809
v 0.00614083838 -0.0232759456 0.030919307
v 0.00735236245 -0.0140145581 0.029396225
v 0.00717076182 -0.0219390276 0.0180981442
f 811 813 812
v 0.00592909637 -0.0303708133 0.0268628413
v 0.00614083838 -0.0232759456 0.030919307
v 0.00604921952 -0.0304003595 0.0236365682
f 814 816 815
v 0.00604921952 -0.0304003595 0.0236365682
v 0.00614083838 -0.0232759456 0.030919307
v 0.00717076182 -0.0219390276 0.0180981442
f 817 819 818
v 0.0041830499 -0.0306268397 0.0241828078
v 0.00592909637 -0.0303708133 0.0268628413
v 0.00604921952 -0.0304003595 0.0236365682
f 820 822 821
v 0.0041830499 -0.0306268397 0.0241828078
v 0.00604921952 -0.0304003595 0.0236365682
v 0.00589321426 -0.030605332 0.0220534159
f 823 825 824
v 0.00616997131 -0.0321655651 0.0169822524
v 0.00668176654 -0.0298129336 0.0167262202
v 0.00660418445 -0.0325851666 0.0160598298
f 826 828 827
v 0.000503924093 -0.0337261299 0.0259399763
v 0.00171204374 -0.0332022551 0.0283199624
v 0.00181126234 -0.0330651616 0.0249895442
f 829 831 830
v -8.63255991e-05 -0.0331795076 0.0238938999
v 0.00181126234 -0.0330651616 0.0249895442
v 0.00229437501 -0.031786802 0.0243486895
f 832 834 833
v -0.00379040102 -0.0311369309 0.0273063488
v -0.00327482412 -0.0309628202 0.0282407273
v -0.00198689559 -0.0317619881 0.027467811
f 835 837 836
v 0.00442922465 -0.0309740484 0.018634455
v 0.0027429669 -0.0309007562 0.0213166437
v 0.0053762953 -0.0310884061 0.0196637848
f 838 840 839
v 0.000206407276 -0.0319382583 0.0209430946
v 0.00308689559 -0.0310564123 0.0228871373
v 0.0027429669 -0.0309007562 0.0213166437
f 841 843 842
v 0.000406363688 -0.0323875254 0.0191131025
v 0.00475693232 -0.0316797872 0.0174336557
v 0.000674228068 -0.0331135641 0.0177969981
f 844 846 845
v 0.00475693232 -0.0316797872 0.0174336557
v 0.00360406193 -0.0333017291 0.01621017
v 0.000233368337 -0.033609863 0.0164892073
f 847 849 848
v -8.63255991e-05 -0.0331795076 0.0238938999
v 0.00229437501 -0.031786802 0.0243486895
v 0.000206407276 -0.0319382583 0.0209430946
f 850 852 851
v 0.00229437501 -0.031786802 0.0243486895
v 0.0041830499 -0.0306268397 0.0241828078
v 0.000206407276 -0.0319382583 0.0209430946
f 853 855 854
v 0.00638265192 -0.0318717037 0.0125189938
v 0.00717076182 -0.0219390276 0.0180981442
v 0.00783842697 -0.0207293313 0.00482017203
f 856 858 857
v 0.00668176654 -0.0298129336 0.0167262202
v 0.00717076182 -0.0219390276 0.0180981442
v 0.00638265192 -0.0318717037 0.0125189938
f 859 861 860
v 0.00638265192 -0.0318717037 0.0125189938
v 0.00660418445 -0.0325851666 0.0160598298
v 0.00668176654 -0.0298129336 0.0167262202
f 862 864 863
v 0.00625187822 -0.0332090538 0.0126395054
v 0.00664310355 -0.0340259547 0.012517604
v 0.00517022127 -0.035321826 0.012233491
f 865 867 866
v 0.000339699181 -0.0291082717 0.0115411982
v -0.000410278881 -0.0301157765 0.0139074153
v 0.00197224726 -0.0300229498 0.0124353232
f 868 870 869
v 0.00211028164 -0.0325772562 0.0143545971
v 0.00543775386 -0.0323488552 0.0141499826
v 0.00397677068 -0.0312740711 0.0127317791
f 871 873 872
v 0.00360406193 -0.0333017291 0.01621017
v 0.00660418445 -0.0325851666 0.0160598298
v 0.00202887459 -0.0335700635 0.0147542858
f 874 876 875
v 0.00202887459 -0.0335700635 0.0147542858
v 0.00543775386 -0.0323488552 0.0141499826
v 0.00211028164 -0.0325772562 0.0143545971
f 877 879 878
v 0.00305399517 -0.0309797149 0.0121154859
v 0.00374230003 -0.0335539924 0.0131294029
v 0.00139831682 -0.0342130515 0.0124780418
f 880 882 881
v 7.04581907e-05 -0.0326305453 0.00959921163
v 0.000860809814 -0.0310640899 0.011471261
v 0.00038751532 -0.0338157988 0.0111055881
f 883 885 884
v 0.000860809814 -0.0310640899 0.011471261
v 0.00305399517 -0.0309797149 0.0121154859
v 0.00038751532 -0.0338157988 0.0111055881
f 886 888 887
v -0.00255078849 -0.0292682409 0.0115026756
v -0.000410278881 -0.0301157765 0.0139074153
v 0.000339699181 -0.0291082717 0.0115411982
f 889 891 890
v -2.10442522e-05 -0.0358340912 0.00719419768
v 0.00120673431 -0.0334699551 0.00731066903
v 0.000919999729 -0.0324712077 0.00810099518
f 892 894 893
v 0.000496850407 -0.0315020559 0.00834351158
v 0.000711008761 -0.0334762182 0.00692761751
v -0.00355841257 -0.0345758686 0.00731344771
f 895 897 896
v -0.0026758833 -0.0302468892 0.00911436291
v 0.000449494109 -0.0293327786 0.00999153926
v 0.000364168955 -0.0305783935 0.0081980601
f 898 900 899
v 7.04581907e-05 -0.0326305453 0.00959921163
v 0.000895420817 -0.0298679224 0.0105921848
v 0.000860809814 -0.0310640899 0.011471261
f 901 903 902
v -0.00695964263 -0.0298043131 0.0290573225
v -0.00327482412 -0.0309628202 0.0282407273
v -0.0057565725 -0.0307751878 0.0273810118
f 904 906 905
v -0.00655583572 -0.029873944 0.0132220564
v -0.00255078849 -0.0292682409 0.0115026756
v -0.0041893185 -0.0298182626 0.0113024587
f 907 909 908
v -0.0103079277 -0.0302129571 0.0149641739
v -0.00803542061 -0.0300422369 0.015816676
v -0.00655583572 -0.029873944 0.0132220564
f 910 912 911
v -0.0110780689 -0.0300275162 0.0122094192
v -0.0103079277 -0.0302129571 0.0149641739
v -0.00655583572 -0.029873944 0.0132220564
f 913 915 914
v -0.00360575832 -0.0319529325 0.015213713
v 0.000348289177 -0.0311947777 0.0142483565
v -0.0036273912 -0.0298803614 0.0146959472
f 916 918 917
v -0.0026758833 -0.0302468892 0.00911436291
v -0.0041893185 -0.0298182626 0.0113024587
v -0.00255078849 -0.0292682409 0.0115026756
f 919 921 920
v 0.000503924093 -0.0337261299 0.0259399763
v 0.00181126234 -0.0330651616 0.0249895442
v -8.63255991e-05 -0.0331795076 0.0238938999
f 922 924 923
v -0.00195454813 -0.0329683244 0.0271276891
v 0.00171204374 -0.0332022551 0.0283199624
v -0.00197504196 -0.0339171558 0.0259723165
f 925 927 926
v -0.00351704512 -0.0318142964 0.0268705713
v -0.00379040102 -0.0311369309 0.0273063488
v -0.00198689559 -0.0317619881 0.027467811
f 928 930 929
v -0.00335119148 -0.0334479177 0.0260384346
v -0.00351704512 -0.0318142964 0.0268705713
v -0.00197504196 -0.0339171558 0.0259723165
f 931 933 932
v -0.00198689559 -0.0317619881 0.027467811
v 0.00171204374 -0.0332022551 0.0283199624
v -0.00195454813 -0.0329683244 0.0271276891
f 934 936 935
v -0.00197504196 -0.0339171558 0.0259723165
v 0.000503924093 -0.0337261299 0.0259399763
v -0.00178685441 -0.0340704981 0.0247084303
f 937 939 938
v -0.0043975062 -0.0343973021 0.0244309573
v -0.00335119148 -0.0334479177 0.0260384346
v -0.00178685441 -0.0340704981 0.0247084303
f 940 942 941
v -8.63255991e-05 -0.0331795076 0.0238938999
v 0.000206407276 -0.0319382583 0.0209430946
v -0.00272003817 -0.0340850238 0.0208625832
f 943 945 944
v -0.00412428999 -0.0347663969 0.0210234444
v -0.00286667346 -0.0343476684 0.0187175043
v -0.00564224247 -0.0357365294 0.02006922
f 946 948 947
v -0.00286667346 -0.0343476684 0.0187175043
v -0.00412428999 -0.0347663969 0.0210234444
v -0.00272003817 -0.0340850238 0.0208625832
f 949 951 950
v -0.00286667346 -0.0343476684 0.0187175043
v -0.00133383437 -0.034048807 0.0169724328
v -0.00390331406 -0.0345961365 0.0173835433
f 952 954 953
v -0.00390331406 -0.0345961365 0.0173835433
v -0.00133383437 -0.034048807 0.0169724328
v -0.00243871727 -0.0335173856 0.0155293281
f 955 957 956
v -0.00133383437 -0.034048807 0.0169724328
v -0.00286667346 -0.0343476684 0.0187175043
v 0.000674228068 -0.0331135641 0.0177969981
f 958 960 959
v 0.00226521952 -0.037083542 0.00990507178
v 0.0038629114 -0.0353757845 0.0111101217
v 0.00530023244 -0.0359607046 0.0099356992
f 961 963 962
v 0.00537401211 -0.0383650244 0.00748127277
v 0.00567315874 -0.0370224268 0.00943522391
v 0.0052420437 -0.0359386468 0.0065986118
f 964 966 965
v 0.00495893182 -0.0402208796 0.00427615996
v 0.00490598613 -0.0388406916 0.00749282844
v 0.00543210044 -0.0394012342 0.0055512206
f 967 969 968
v 0.00495893182 -0.0402208796 0.00427615996
v 0.00543210044 -0.0394012342 0.0055512206
v 0.00447924322 -0.0391686539 0.0033198241
f 970 972 971
v 0.00255455743 -0.0413692702 0.00340889092
v 0.00495893182 -0.0402208796 0.00427615996
v 0.0041031366 -0.0412972964 0.00302802546
f 973 975 974
v 0.00211420556 -0.0393943221 0.00726343496
v 0.00490598613 -0.0388406916 0.00749282844
v 0.00255455743 -0.0413692702 0.00340889092
f 976 978 977
v 0.00471508683 -0.0373770716 0.00961546975
v 0.00567315874 -0.0370224268 0.00943522391
v 0.00490598613 -0.0388406916 0.00749282844
f 979 981 980
v 0.00490598613 -0.0388406916 0.00749282844
v 0.00495893182 -0.0402208796 0.00427615996
v 0.00255455743 -0.0413692702 0.00340889092
f 982 984 983
v 0.00167393446 -0.0349778013 0.0122049336
v 0.00323360146 -0.0347123016 0.0126381885
v 0.0038629114 -0.0353757845 0.0111101217
f 985 987 986
v -0.000653245661 -0.0333320262 0.0153789704
v -0.00360575832 -0.0319529325 0.015213713
v -0.00243871727 -0.0335173856 0.0155293281
f 988 990 989
v -2.10442522e-05 -0.0358340912 0.00719419768
v -6.22196239e-05 -0.034827643 0.00966365624
v 0.000455352711 -0.0367615634 0.0091931739
f 991 993 992
v 0.000711008761 -0.0334762182 0.00692761751
v 0.00195223402 -0.0344316795 0.00590156305
v 0.00043779728 -0.0354662334 0.00529322606
f 994 996 995
v 0.00195223402 -0.0344316795 0.00590156305
v 0.000711008761 -0.0334762182 0.00692761751
v 0.0013317549 -0.0342374755 0.00639620412
f 997 999 998
v -6.65022526e-05 -0.0375502801 0.00431077351
v 0.00043779728 -0.0354662334 0.00529322606
v 0.000700585952 -0.0362210034 0.0048002963
f 1000 1002 1001
v -0.00355841257 -0.0345758686 0.00731344771
v 0.000711008761 -0.0334762182 0.00692761751
v 0.00043779728 -0.0354662334 0.00529322606
f 1003 1005 1004
v -0.000251684833 -0.0393246999 0.00240767513
v -0.000173581066 -0.0385241001 0.00363985891
v 0.000708181324 -0.040471644 0.00434120448
f 1006 1008 1007
v -0.000173581066 -0.0385241001 0.00363985891
v 0.000156868919 -0.0382390746 0.00590833079
v 0.000708181324 -0.040471644 0.00434120448
f 1009 1011 1010
v -0.00539273606 -0.0357092649 0.00636040713
v 0.00043779728 -0.0354662334 0.00529322606
v -0.00331783558 -0.0373511692 0.00496167449
f 1012 1014 1013
v 0.00167393446 -0.0349778013 0.0122049336
v 0.0038629114 -0.0353757845 0.0111101217
v 0.00226521952 -0.037083542 0.00990507178
f 1015 1017 1016
v 0.000455352711 -0.0367615634 0.0091931739
v 0.00226521952 -0.037083542 0.00990507178
v 0.00211420556 -0.0393943221 0.00726343496
f 1018 1020 1019
v -0.00528398341 -0.0321375061 0.0259270309
v -0.00351704512 -0.0318142964 0.0268705713
v -0.00335119148 -0.0334479177 0.0260384346
f 1021 1023 1022
v -0.0052463598 -0.030977343 0.0262287591
v -0.00351704512 -0.0318142964 0.0268705713
v -0.00528398341 -0.0321375061 0.0259270309
f 1024 1026 1025
v -0.00737988375 -0.0305735448 0.025251403
v -0.00662055827 -0.0308036571 0.0258871296
v -0.00812759536 -0.0319543527 0.0236495398
f 1027 1029 1028
v -0.00662055827 -0.0308036571 0.0258871296
v -0.0052463598 -0.030977343 0.0262287591
v -0.00528398341 -0.0321375061 0.0259270309
f 1030 1032 1031
v -0.00812759536 -0.0319543527 0.0236495398
v -0.00528398341 -0.0321375061 0.0259270309
v -0.0043975062 -0.0343973021 0.0244309573
f 1033 1035 1034
v -0.00662055827 -0.0308036571 0.0258871296
v -0.00528398341 -0.0321375061 0.0259270309
v -0.00812759536 -0.0319543527 0.0236495398
f 1036 1038 1037
v -0.0107984437 -0.0304188638 0.0252546015
v -0.00911323586 -0.0301336113 0.0261425361
v -0.00967870874 -0.0304378744 0.024446749
f 1039 1041 1040
v -0.0110929032 -0.0323875487 0.017986774
v -0.00818940025 -0.0318647944 0.0172945554
v -0.0114442708 -0.0309941883 0.0171514621
f 1042 1044 1043
v -0.00886110647 -0.0357182231 0.0220439455
v -0.00675956471 -0.0339339342 0.0239976565
v -0.0054224729 -0.0350143499 0.0222913237
f 1045 1047 1046
v -0.00978115422 -0.036037658 0.0209870486
v -0.00886110647 -0.0357182231 0.0220439455
v -0.00564224247 -0.0357365294 0.02006922
f 1048 1050 1049
v -0.00886110647 -0.0357182231 0.0220439455
v -0.0054224729 -0.0350143499 0.0222913237
v -0.00564224247 -0.0357365294 0.02006922
f 1051 1053 1052
v -0.00608094269 -0.0333292264 0.016515571
v -0.00732693006 -0.0353494252 0.0186047895
v -0.00390331406 -0.0345961365 0.0173835433
f 1054 1056 1055
v -0.0119673772 -0.0354339019 0.0202056224
v -0.00978115422 -0.036037658 0.0209870486
v -0.00902874017 -0.0352080853 0.0194286491
f 1057 1059 1058
v -0.0153729561 -0.0300597691 0.0281766261
v -0.012867109 -0.0295311416 0.0310181698
v -0.0118660711 -0.0304996094 0.0272919075
f 1060 1062 1061
v -0.0153729561 -0.0300597691 0.0281766261
v -0.0118660711 -0.0304996094 0.0272919075
v -0.0132476358 -0.0302294735 0.0249487755
f 1063 1065 1064
v -0.0132476358 -0.0302294735 0.0249487755
v -0.0107984437 -0.0304188638 0.0252546015
v -0.0109769884 -0.0314651086 0.0235395579
f 1066 1068 1067
v -0.0174790766 -0.0304840039 0.0281331653
v -0.0155516711 -0.0301513646 0.0298634928
v -0.0153729561 -0.0300597691 0.0281766261
f 1069 1071 1070
v -0.0174790766 -0.0304840039 0.0281331653
v -0.0162480181 -0.0305337249 0.0258759042
v -0.0187333397 -0.0305939291 0.0229872458
f 1072 1074 1073
v -0.0187333397 -0.0305939291 0.0229872458
v -0.0162480181 -0.0305337249 0.0258759042
v -0.0161731907 -0.0306901929 0.023696883
f 1075 1077 1076
v -0.0162480181 -0.0305337249 0.0258759042
v -0.0132476358 -0.0302294735 0.0249487755
v -0.0161731907 -0.0306901929 0.023696883
f 1078 1080 1079
v -0.0162480181 -0.0305337249 0.0258759042
v -0.0153729561 -0.0300597691 0.0281766261
v -0.0132476358 -0.0302294735 0.0249487755
f 1081 1083 1082
v -0.0143031983 -0.0348527392 0.0189891376
v -0.0121373916 -0.0340901606 0.018878578
v -0.0110929032 -0.0323875487 0.017986774
f 1084 1086 1085
v -0.0143031983 -0.0348527392 0.0189891376
v -0.0110929032 -0.0323875487 0.017986774
v -0.0154371548 -0.0316259568 0.0170197163
f 1087 1089 1088
v -0.0181533003 -0.0315427111 0.0200442257
v -0.0169160252 -0.0330424635 0.0231182683
v -0.0166969141 -0.0342620217 0.0224316958
f 1090 1092 1091
v -0.0169501829 -0.0331253104 0.017706884
v -0.0154371548 -0.0316259568 0.0170197163
v -0.0176950591 -0.0331982999 0.0177226131
f 1093 1095 1094
v -0.0176950591 -0.0331982999 0.0177226131
v -0.0181533003 -0.0315427111 0.0200442257
v -0.0166969141 -0.0342620217 0.0224316958
f 1096 1098 1097
v -0.0161731907 -0.0306901929 0.023696883
v -0.0148809428 -0.0313034223 0.0233790866
v -0.0169801235 -0.0316220045 0.0229501966
f 1099 1101 1100
v -0.0171600812 -0.0352090196 0.0193635235
v -0.0143031983 -0.0348527392 0.0189891376
v -0.0171862106 -0.0344156084 0.0185095574
f 1102 1104 1103
v -0.0166969141 -0.0342620217 0.0224316958
v -0.014028071 -0.0344447501 0.0227470504
v -0.0163173507 -0.0354732765 0.0214770567
f 1105 1107 1106
v -0.0171600812 -0.0352090196 0.0193635235
v -0.0170272047 -0.0355485943 0.0201512579
v -0.0143031983 -0.0348527392 0.0189891376
f 1108 1110 1109
v -0.00243871727 -0.0335173856 0.0155293281
v -0.00360575832 -0.0319529325 0.015213713
v -0.00608094269 -0.0333292264 0.016515571
f 1111 1113 1112
v -0.0116806659 -0.0303662498 0.0109465356
v -0.00623482556 -0.0303394918 0.00990216577
v -0.0131950568 -0.0325728732 0.0109238979
f 1114 1116 1115
v -0.0107666354 -0.0339671475 0.00947982408
v -0.00355841257 -0.0345758686 0.00731344771
v -0.00962501508 -0.0351272494 0.00746527294
f 1117 1119 1118
v -0.0092747352 -0.0365485583 0.00626716064
v -0.00539273606 -0.0357092649 0.00636040713
v -0.0077890807 -0.0377310469 0.00502256407
f 1120 1122 1121
v -0.0077890807 -0.0377310469 0.00502256407
v -0.00539273606 -0.0357092649 0.00636040713
v -0.00522169285 -0.038947814 0.00407325824
f 1123 1125 1124
v -0.0141230033 -0.0343105494 0.0101861602
v -0.0107666354 -0.0339671475 0.00947982408
v -0.0139731637 -0.036073511 0.00781817798
f 1126 1128 1127
v -0.00962501508 -0.0351272494 0.00746527294
v -0.0092747352 -0.0365485583 0.00626716064
v -0.012137719 -0.0381194637 0.00494123378
f 1129 1131 1130
v -0.0114442708 -0.0309941883 0.0171514621
v -0.0103079277 -0.0302129571 0.0149641739
v -0.0159349584 -0.0310154835 0.0153973218
f 1132 1134 1133
v -0.0159349584 -0.0310154835 0.0153973218
v -0.0103079277 -0.0302129571 0.0149641739
v -0.0110780689 -0.0300275162 0.0122094192
f 1135 1137 1136
v -0.015880444 -0.0306208851 0.0115877992
v -0.0161153876 -0.0308928953 0.013668563
v -0.0110780689 -0.0300275162 0.0122094192
f 1138 1140 1139
v -0.015880444 -0.0306208851 0.0115877992
v -0.0116806659 -0.0303662498 0.0109465356
v -0.0154507055 -0.0309220399 0.0110054032
f 1141 1143 1142
v -0.0180845513 -0.0321224506 0.0160421027
v -0.0154371548 -0.0316259568 0.0170197163
v -0.0159349584 -0.0310154835 0.0153973218
f 1144 1146 1145
v -0.0180845513 -0.0321224506 0.0160421027
v -0.0183662749 -0.0319265033 0.0139092022
v -0.0187333397 -0.0305939291 0.0229872458
f 1147 1149 1148
v -0.0185310884 -0.0317812723 0.0123860184
v -0.0161153876 -0.0308928953 0.013668563
v -0.015880444 -0.0306208851 0.0115877992
f 1150 1152 1151
v -0.0199935093 -0.0291339413 0.00841046931
v -0.0187333397 -0.0305939291 0.0229872458
v -0.0185310884 -0.0317812723 0.0123860184
f 1153 1155 1154
v -0.0189569357 -0.0313728815 0.011576125
v -0.018579977 -0.0316847378 0.0110294459
v -0.0199935093 -0.0291339413 0.00841046931
f 1156 1158 1157
v -0.0189569357 -0.0313728815 0.011576125
v -0.0199935093 -0.0291339413 0.00841046931
v -0.0185310884 -0.0317812723 0.0123860184
f 1159 1161 1160
v -0.0183662749 -0.0319265033 0.0139092022
v -0.0161153876 -0.0308928953 0.013668563
v -0.0185310884 -0.0317812723 0.0123860184
f 1162 1164 1163
v -0.0175483932 -0.034827221 0.000850654487
v -0.0204425858 -0.028646423 0.000846119201
v -0.0199935093 -0.0291339413 0.00841046931
f 1165 1167 1166
v -0.0151314278 -0.03886708 0.00319384308
v -0.0157761038 -0.0379986392 0.00575144877
v -0.012137719 -0.0381194637 0.00494123378
f 1168 1170 1169
v -0.012137719 -0.0381194637 0.00494123378
v -0.0139731637 -0.036073511 0.00781817798
v -0.00962501508 -0.0351272494 0.00746527294
f 1171 1173 1172
v -0.0157761038 -0.0379986392 0.00575144877
v -0.0139731637 -0.036073511 0.00781817798
v -0.012137719 -0.0381194637 0.00494123378
f 1174 1176 1175
v -0.0164952449 -0.0382099533 0.00383161096
v -0.0172179527 -0.0351066323 0.0101093698
v -0.0164754456 -0.0367651955 0.00737301816
f 1177 1179 1178
v -0.00564224247 -0.0357365294 0.02006922
v -0.0054224729 -0.0350143499 0.0222913237
v -0.00412428999 -0.0347663969 0.0210234444
f 1180 1182 1181
v -0.00608094269 -0.0333292264 0.016515571
v -0.00619509956 -0.0311141252 0.0161177173
v -0.00818940025 -0.0318647944 0.0172945554
f 1183 1185 1184
v -0.0176950591 -0.0331982999 0.0177226131
v -0.0154371548 -0.0316259568 0.0170197163
v -0.0180845513 -0.0321224506 0.0160421027
f 1186 1188 1187
v 0.00171204374 -0.0332022551 0.0283199624
v 0.00168914921 -0.0317722559 0.0304816611
v 0.00554376747 -0.0318055623 0.0298536266
f 1189 1191 1190
v -0.00695964263 -0.0298043131 0.0290573225
v -0.00528012606 -0.029843708 0.0304653717
v -0.00327482412 -0.0309628202 0.0282407273
f 1192 1194 1193
v -0.00823141163 -0.0300455315 0.0275994185
v -0.0101053098 -0.028084495 0.0313672877
v -0.00756737281 -0.028720207 0.0300624204
f 1195 1197 1196
v 0.00783842697 -0.0207293313 0.00482017203
v 0.00815455132 -0.0176502537 0.000844069382
v 0.00425176549 -0.04033281 0.000842731788
f 1198 1200 1199
v 0.00447924322 -0.0391686539 0.0033198241
v 0.00783842697 -0.0207293313 0.00482017203
v 0.00425176549 -0.04033281 0.000842731788
f 1201 1203 1202
v 0.000439244468 -0.0412194495 0.000854682276
v 0.000708181324 -0.040471644 0.00434120448
v 0.000716028444 -0.0420282187 0.000845747763
f 1204 1206 1205
v -0.00623792439 -0.0390612549 0.00292418772
v -0.00408709057 -0.0392359419 0.00176443318
v -0.00787244571 -0.0391590293 0.000831246689
f 1207 1209 1208
v -0.0102592108 -0.0387159555 0.00383931583
v -0.00623792439 -0.0390612549 0.00292418772
v -0.00971413247 -0.039002634 0.00199914793
f 1210 1212 1211
v -0.0115195173 -0.00257097199 0.0494491251
v -0.00899770021 -0.0018286868 0.0493160507
v -0.0116019233 -0.00358750876 0.049116509
f 1213 1215 1214
v -0.00906384521 0.000290296202 0.0490683247
v -0.00899770021 -0.0018286868 0.0493160507
v -0.0119728764 -0.00148601612 0.0485938799
f 1216 1218 1217
v -0.0119728764 -0.00148601612 0.0485938799
v -0.00899770021 -0.0018286868 0.0493160507
v -0.0115195173 -0.00257097199 0.0494491251
f 1219 1221 1220
v -0.0119728764 -0.00148601612 0.0485938799
v -0.0115195173 -0.00257097199 0.0494491251
v -0.0116019233 -0.00358750876 0.049116509
f 1222 1224 1223
v -0.0119728764 -0.00148601612 0.0485938799
v -0.0142608711 -0.00481069619 0.0488918682
v -0.0152424182 -0.00445905607 0.0485297671
f 1225 1227 1226
v -0.0116019233 -0.00358750876 0.049116509
v -0.00987775711 -0.00576615857 0.049354136
v -0.0142608711 -0.00481069619 0.0488918682
f 1228 1230 1229
v -0.0155157846 0.000774129148 0.0476325862
v -0.0136598857 0.00322625128 0.0475614914
v -0.0152424182 -0.00445905607 0.0485297671
f 1231 1233 1232
v -0.0205374308 0.000588494049 0.0465404999
v -0.0184327771 0.000258377304 0.0473706838
v -0.0198884605 -0.00379407684 0.0472823333
f 1234 1236 1235
v -0.0184327771 0.000258377304 0.0473706838
v -0.0177313195 -0.00242709575 0.0480271963
v -0.0198884605 -0.00379407684 0.0472823333
f 1237 1239 1238
v -0.0205374308 0.000588494049 0.0465404999
v -0.0198884605 -0.00379407684 0.0472823333
v -0.0208952231 -0.0014912519 0.0464101613
f 1240 1242 1241
v -0.0136882212 -0.00699532029 0.0489205529
v -0.00650137517 -0.00837861589 0.0489061582
v -0.0110390523 -0.0115689305 0.0485437457
f 1243 1245 1244
v -0.0143943937 -0.0123110396 0.048239046
v -0.0110390523 -0.0115689305 0.0485437457
v -0.0131939771 -0.0131425506 0.0483800715
f 1246 1248 1247
v -0.0183616503 -0.00673881223 0.0478614995
v -0.0152424182 -0.00445905607 0.0485297671
v -0.0165700287 -0.0110491987 0.0480965711
f 1249 1251 1250
v -0.0183616503 -0.00673881223 0.0478614995
v -0.0165700287 -0.0110491987 0.0480965711
v -0.0187128258 -0.0111047942 0.0470374973
f 1252 1254 1253
v -0.0183616503 -0.00673881223 0.0478614995
v -0.0187128258 -0.0111047942 0.0470374973
v -0.0191301704 -0.0096597847 0.047121683
f 1255 1257 1256
v -0.0207295219 -0.0140793942 0.0308775838
v -0.0219203866 -0.00713556801 0.0320106075
v -0.0212260988 -0.000956531585 0.0420949713
f 1258 1260 1259
v -0.0207295219 -0.0140793942 0.0308775838
v -0.0212260988 -0.000956531585 0.0420949713
v -0.0188694714 -0.0123979 0.0426396553
f 1261 1263 1262
v -0.0236911728 -0.000449361642 0.0290111173
v -0.0213839827 0.00418499767 0.0414986629
v -0.0212260988 -0.000956531585 0.0420949713
f 1264 1266 1265
v -0.0117880671 -0.0180844858 0.0464018172
v -0.0131254579 -0.0186425401 0.0458266237
v -0.0139046082 -0.0155730784 0.0469619146
f 1267 1269 1268
v -0.0175596069 -0.0186228572 0.0423716003
v -0.0127309002 -0.0198941052 0.0427526247
v -0.0155894013 -0.0193835469 0.0427140156
f 1270 1272 1271
v -0.0188514983 -0.0129951775 0.0463537144
v -0.0182428892 -0.0171797452 0.04471883
v -0.0189973653 -0.0143686368 0.0454726163
f 1273 1275 1274
v -0.0188694714 -0.0123979 0.0426396553
v -0.0189515209 -0.0159939926 0.0438835617
v -0.0179506169 -0.0181682539 0.0423709978
f 1276 1278 1277
v -0.0182428892 -0.0171797452 0.04471883
v -0.0150269523 -0.0192479361 0.0447472936
v -0.0179506169 -0.0181682539 0.0423709978
f 1279 1281 1280
v -0.0189515209 -0.0159939926 0.0438835617
v -0.0182428892 -0.0171797452 0.04471883
v -0.0179506169 -0.0181682539 0.0423709978
f 1282 1284 1283
v -0.0167376566 -0.0135990194 0.0474309956
v -0.0170536936 -0.0159590418 0.0466764788
v -0.0188514983 -0.0129951775 0.0463537144
f 1285 1287 1286
v -0.0150269523 -0.0192479361 0.0447472936
v -0.0161664037 -0.0178132643 0.0459397066
v -0.0131254579 -0.0186425401 0.0458266237
f 1288 1290 1289
v -0.0188694714 -0.0123979 0.0426396553
v -0.0188514983 -0.0129951775 0.0463537144
v -0.0189973653 -0.0143686368 0.0454726163
f 1291 1293 1292
v -0.0189515209 -0.0159939926 0.0438835617
v -0.0188694714 -0.0123979 0.0426396553
v -0.0189973653 -0.0143686368 0.0454726163
f 1294 1296 1295
v -0.0188514983 -0.0129951775 0.0463537144
v -0.0188694714 -0.0123979 0.0426396553
v -0.0187128258 -0.0111047942 0.0470374973
f 1297 1299 1298
v -0.0155894013 -0.0193835469 0.0427140156
v -0.0127309002 -0.0198941052 0.0427526247
v -0.0156417154 -0.0204700569 0.0419325283
f 1300 1302 1301
v -0.0178554736 -0.0196629029 0.0403493585
v -0.0179506169 -0.0181682539 0.0423709978
v -0.0175596069 -0.0186228572 0.0423716003
f 1303 1305 1304
v -0.0207295219 -0.0140793942 0.0308775838
v -0.0188694714 -0.0123979 0.0426396553
v -0.0189275568 -0.023251005 0.032147087
f 1306 1308 1307
v -0.0176247646 -0.0222719565 0.0402257079
v -0.0176609465 -0.0244255236 0.0389532826
v -0.0179631839 -0.0234798819 0.0393055059
f 1309 1311 1310
v -0.0179631839 -0.0234798819 0.0393055059
v -0.0176543341 -0.0251285906 0.0369342946
v -0.0179580369 -0.0217291599 0.0401717611
f 1312 1314 1313
v -0.0176543341 -0.0251285906 0.0369342946
v -0.0161737378 -0.0258411164 0.0367715285
v -0.0176647824 -0.0260239671 0.0358351623
f 1315 1317 1316
v -0.0176543341 -0.0251285906 0.0369342946
v -0.0178481714 -0.0246785727 0.0376518554
v -0.0176552159 -0.0246372045 0.0376089476
f 1318 1320 1319
v -0.0177186579 -0.0247407996 0.0375814503
v -0.0153901026 -0.0252701313 0.0377489749
v -0.0176543341 -0.0251285906 0.0369342946
f 1321 1323 1322
v -0.0176543341 -0.0251285906 0.0369342946
v -0.0176647824 -0.0260239671 0.0358351623
v -0.0180007788 -0.0264689967 0.0345916545
f 1324 1326 1325
v -0.0189275568 -0.023251005 0.032147087
v -0.0180007788 -0.0264689967 0.0345916545
v -0.0178472459 -0.0272173784 0.033816378
f 1327 1329 1328
v -0.0207295219 -0.0140793942 0.0308775838
v -0.0237489265 -0.0142488396 0.0208125231
v -0.0219203866 -0.00713556801 0.0320106075
f 1330 1332 1331
v -0.0259557914 -0.00657615674 0.0143502955
v -0.0256805099 -0.0019913874 0.00966648804
v -0.0250112236 -0.000552245865 0.0218365458
f 1333 1335 1334
v -0.0207295219 -0.0140793942 0.0308775838
v -0.0189275568 -0.023251005 0.032147087
v -0.0215235355 -0.0210230544 0.0199134287
f 1336 1338 1337
v -0.0215235355 -0.0210230544 0.0199134287
v -0.0237489265 -0.0142488396 0.0208125231
v -0.0207295219 -0.0140793942 0.0308775838
f 1339 1341 1340
v -0.0215235355 -0.0210230544 0.0199134287
v -0.0212378058 -0.0256214465 0.0102170401
v -0.0248884317 -0.0133524736 0.0113659677
f 1342 1344 1343
v -0.0239893983 -0.0198127731 0.00506356373
v -0.0254741317 -0.0119754281 0.000843864291
v -0.0248884317 -0.0133524736 0.0113659677
f 1345 1347 1346
v -0.0215235355 -0.0210230544 0.0199134287
v -0.0196952577 -0.0274140562 0.0211880979
v -0.0212378058 -0.0256214465 0.0102170401
f 1348 1350 1349
v -0.0204425858 -0.028646423 0.000846119201
v -0.0239893983 -0.0198127731 0.00506356373
v -0.0212378058 -0.0256214465 0.0102170401
f 1351 1353 1352
v -0.0204425858 -0.028646423 0.000846119201
v -0.0212378058 -0.0256214465 0.0102170401
v -0.0199935093 -0.0291339413 0.00841046931
f 1354 1356 1355
v -0.0178472459 -0.0272173784 0.033816378
v -0.0180007788 -0.0264689967 0.0345916545
v -0.0149563188 -0.0264280679 0.0340920873
f 1357 1359 1358
v -0.0196952577 -0.0274140562 0.0211880979
v -0.0176439004 -0.030066137 0.030069644
v -0.0187333397 -0.0305939291 0.0229872458
f 1360 1362 1361
v -0.0181373092 -0.0280931563 0.0299489766
v -0.0189275568 -0.023251005 0.032147087
v -0.0178472459 -0.0272173784 0.033816378
f 1363 1365 1364
v 0.00320700274 0.0224260555 0.0352631876
v -0.000112575799 0.0226258853 0.0353644107
v 0.00359462356 0.0228366494 0.0342001527
f 1366 1368 1367
v -0.000586693932 0.0198158581 0.0392862567
v 0.0032953154 0.0200979906 0.0389101333
v 0.00363311847 0.0195007189 0.0397076481
f 1369 1371 1370
v 0.00328045135 0.0219779788 0.0362282415
v -0.000112575799 0.0226258853 0.0353644107
v 0.00320700274 0.0224260555 0.0352631876
f 1372 1374 1373
v -0.0203684467 0.0293012592 0.000847927004
v -0.0224319141 0.0287997653 0.00474614135
v -0.0236848486 0.0292330515 0.000844752321
f 1375 1377 1376
v -0.0236848486 0.0292330515 0.000844752321
v -0.0224319141 0.0287997653 0.00474614135
v -0.0236174223 0.0290238007 0.00223637326
f 1378 1380 1379
v -0.0175483932 -0.034827221 0.000850654487
v -0.0164952449 -0.0382099533 0.00383161096
v -0.0162468583 -0.0385590043 0.000846638704
f 1381 1383 1382
v 0.00110313922 0.0294262369 0.000851936329
v 0.00173820299 0.0287051924 0.000839520089
v 0.00409435524 0.0235030049 0.000847909087
f 1384 1386 1385
v -0.00535515283 -0.0389154098 0.00084079893
v -0.00408709057 -0.0392359419 0.00176443318
v 0.000535137224 -0.0395928015 0.000846503281
f 1387 1389 1388
v 0.0041031366 -0.0412972964 0.00302802546
v 0.00465529884 -0.0413554953 0.000847075898
v 0.00173553417 -0.042561724 0.00085481397
f 1390 1392 1391
v 0.0043727101 0.0191286352 -0.0387713488
v 0.00367571629 0.0169033825 -0.0411973975
v 0.00441525845 0.0156772061 -0.0391050446
f 1393 1395 1394
v 0.00386207903 0.0154868219 -0.0425757025
v 0.00338710015 0.0124852362 -0.0450590102
v 0.00441525845 0.0156772061 -0.0391050446
f 1396 1398 1397
v 0.00298707819 0.0128189087 -0.0450124819
v 0.000324999564 0.0152514491 -0.0428332976
v -0.000207376434 0.0127977328 -0.04470438
f 1399 1401 1400
v 0.00298707819 0.0128189087 -0.0450124819
v 0.00319798855 0.0141430428 -0.0438380579
v 0.000324999564 0.0152514491 -0.0428332976
f 1402 1404 1403
v 0.00362734354 0.0112431844 -0.0456496608
v 0.00367265529 0.00829121491 -0.0457008951
v 0.00436610062 0.00716031136 -0.0387810956
f 1405 1407 1406
v 0.000324999564 0.0152514491 -0.0428332976
v 0.00319798855 0.0141430428 -0.0438380579
v 0.00386207903 0.0154868219 -0.0425757025
f 1408 1410 1409
v 0.00334301585 0.0199671398 -0.0373360293
v 0.0043727101 0.0191286352 -0.0387713488
v 0.0039212995 0.0193676242 -0.0381906488
f 1411 1413 1412
v 0.0033181459 0.0207181729 -0.0345743814
v 0.00331838382 0.0204120937 -0.036692922
v 0.00334301585 0.0199671398 -0.0373360293
f 1414 1416 1415
v 0.00319394458 0.0204631971 -0.0365809334
v 0.00320782492 0.0205135322 -0.0365784508
v 0.00261591485 0.0211172155 -0.0358257734
f 1417 1419 1418
v 0.00340317565 0.0226885109 -0.0328386843
v 0.00326440932 0.0221762137 -0.0342550018
v 0.0033181459 0.0207181729 -0.0345743814
f 1420 1422 1421
v 0.00417256015 0.0192156149 -0.0331486604
v 0.00340317565 0.0226885109 -0.0328386843
v 0.0033181459 0.0207181729 -0.0345743814
f 1423 1425 1424
v 0.0020990934 0.0183919125 -0.0398371427
v 0.00334301585 0.0199671398 -0.0373360293
v -0.000791842467 0.0194626249 -0.0381213729
f 1426 1428 1427
v 0.00532380946 0.0148109917 -0.0297557825
v 0.00441525845 0.0156772061 -0.0391050446
v 0.00436610062 0.00716031136 -0.0387810956
f 1429 1431 1430
v 0.00355301017 0.022978551 -0.0316680729
v 0.00340317565 0.0226885109 -0.0328386843
v 0.00417256015 0.0192156149 -0.0331486604
f 1432 1434 1433
v 0.00365953019 0.00474388435 -0.0458702416
v 0.00350381015 0.00264697301 -0.0465309189
v 0.00351574272 -0.000310797577 -0.0468840444
f 1435 1437 1436
v 0.00365953019 0.00474388435 -0.0458702416
v 0.00351574272 -0.000310797577 -0.0468840444
v 0.00436610062 0.00716031136 -0.0387810956
f 1438 1440 1439
v 0.00362734354 0.0112431844 -0.0456496608
v -0.00144514561 0.0103143997 -0.0457454618
v -0.00214334104 0.00786054516 -0.0459110452
f 1441 1443 1442
v 0.00367265529 0.00829121491 -0.0457008951
v 0.00362734354 0.0112431844 -0.0456496608
v -0.00214334104 0.00786054516 -0.0459110452
f 1444 1446 1445
v 0.00367265529 0.00829121491 -0.0457008951
v -0.00214334104 0.00786054516 -0.0459110452
v 0.00365953019 0.00474388435 -0.0458702416
f 1447 1449 1448
v 0.00249924196 0.00320256222 -0.0462352822
v 0.00365953019 0.00474388435 -0.0458702416
v -0.00214334104 0.00786054516 -0.0459110452
f 1450 1452 1451
v -0.00601066058 0.00563481954 -0.0466165133
v -0.00214334104 0.00786054516 -0.0459110452
v -0.00462789685 0.0081782644 -0.0463537552
f 1453 1455 1454
v 0.00310185351 0.000867989002 -0.0469162274
v 0.00249924196 0.00320256222 -0.0462352822
v -0.000988003012 0.000801355782 -0.0465499208
f 1456 1458 1457
v 0.00351574272 -0.000310797577 -0.0468840444
v 0.00289364252 -0.0039390794 -0.0468152197
v 0.00395109382 -0.00236323103 -0.0460834504
f 1459 1461 1460
v 0.00351574272 -0.000310797577 -0.0468840444
v 0.00310185351 0.000867989002 -0.0469162274
v 0.00289364252 -0.0039390794 -0.0468152197
f 1462 1464 1463
v 0.00469622901 -0.00555260158 -0.0430070882
v 0.00351574272 -0.000310797577 -0.0468840444
v 0.00395109382 -0.00236323103 -0.0460834504
f 1465 1467 1466
v 0.00469622901 -0.00555260158 -0.0430070882
v 0.00395109382 -0.00236323103 -0.0460834504
v 0.00406882755 -0.00471703534 -0.0465582212
f 1468 1470 1469
v 0.00249924196 0.00320256222 -0.0462352822
v -0.0010020718 0.00334056313 -0.0461342977
v -0.000988003012 0.000801355782 -0.0465499208
f 1471 1473 1472
v 0.00436610062 0.00716031136 -0.0387810956
v 0.00469622901 -0.00555260158 -0.0430070882
v 0.00661976956 0.0023416389 -0.0296892948
f 1474 1476 1475
v 0.00532380946 0.0148109917 -0.0297557825
v 0.00661976956 0.0023416389 -0.0296892948
v 0.00715717324 0.0103436418 -0.0206523371
f 1477 1479 1478
v 0.00439304058 0.0188586739 -0.0382204802
v 0.0043727101 0.0191286352 -0.0387713488
v 0.00441525845 0.0156772061 -0.0391050446
f 1480 1482 1481
v 0.00507900113 0.0231648592 -0.0205526609
v 0.00441706215 0.0232203485 -0.0272840203
v 0.00715717324 0.0103436418 -0.0206523371
f 1483 1485 1484
v 0.00507900113 0.0231648592 -0.0205526609
v 0.00660166988 0.0137371841 -0.0117199765
v 0.00495572021 0.0231779035 -0.0142255187
f 1486 1488 1487
v 0.00507900113 0.0231648592 -0.0205526609
v 0.00715717324 0.0103436418 -0.0206523371
v 0.00660166988 0.0137371841 -0.0117199765
f 1489 1491 1490
v 0.00660166988 0.0137371841 -0.0117199765
v 0.00715717324 0.0103436418 -0.0206523371
v 0.00680751255 0.0123537407 0.000847760202
f 1492 1494 1493
v 0.00389209818 0.0239008514 -0.0273687998
v 0.00337078745 0.0243853137 -0.0251805584
v 0.00164593002 0.0244779862 -0.0271713769
f 1495 1497 1496
v -0.000130814442 0.0237999193 -0.0309053401
v 0.00164593002 0.0244779862 -0.0271713769
v -0.00404342463 0.024819409 -0.026940339
f 1498 1500 1499
v 0.00340317565 0.0226885109 -0.0328386843
v 0.00355301017 0.022978551 -0.0316680729
v -0.000645627006 0.0228918303 -0.0331903895
f 1501 1503 1502
v -0.000130814442 0.0237999193 -0.0309053401
v -0.000645627006 0.0228918303 -0.0331903895
v 0.00355301017 0.022978551 -0.0316680729
f 1504 1506 1505
v 0.00213737585 0.0278705527 -0.0149829517
v 0.00284740163 0.0277721061 -0.0151787841
v 0.0025840629 0.0278283114 -0.0129381748
f 1507 1509 1508
v 0.00334858778 0.0251334597 -0.0227542449
v 0.00384293744 0.02497971 -0.0194868888
v 0.00264401679 0.025871172 -0.0202046765
f 1510 1512 1511
v 0.00441706215 0.0232203485 -0.0272840203
v 0.00507900113 0.0231648592 -0.0205526609
v 0.00334858778 0.0251334597 -0.0227542449
f 1513 1515 1514
v 0.00164593002 0.0244779862 -0.0271713769
v 0.00334858778 0.0251334597 -0.0227542449
v 7.35606591e-05 0.0255026302 -0.0214505228
f 1516 1518 1517
v 0.00337078745 0.0243853137 -0.0251805584
v 0.00441706215 0.0232203485 -0.0272840203
v 0.00334858778 0.0251334597 -0.0227542449
f 1519 1521 1520
v 0.00384293744 0.02497971 -0.0194868888
v 0.00309666357 0.0276632811 -0.0158572511
v 0.00288526207 0.0265180337 -0.0187278667
f 1522 1524 1523
v 0.0025840629 0.0278283114 -0.0129381748
v 0.00309606912 0.0276384002 -0.0152583423
v 0.00495572021 0.0231779035 -0.0142255187
f 1525 1527 1526
v -0.00395197203 0.0269038719 -0.0174707631
v 7.35606591e-05 0.0255026302 -0.0214505228
v -0.00312695338 0.0271888945 -0.0155838963
f 1528 1530 1529
v -0.00312695338 0.0271888945 -0.0155838963
v 0.00264401679 0.025871172 -0.0202046765
v 0.00288526207 0.0265180337 -0.0187278667
f 1531 1533 1532
v 0.00213737585 0.0278705527 -0.0149829517
v 0.00197858099 0.0285575166 -0.0129930893
v -0.000786376768 0.0283599511 -0.0117280557
f 1534 1536 1535
v 0.0029349445 0.0272068719 -0.0172665648
v 0.00309666357 0.0276632811 -0.0158572511
v 0.00213737585 0.0278705527 -0.0149829517
f 1537 1539 1538
v -0.00632746451 0.0262473419 -0.0225297525
v 7.35606591e-05 0.0255026302 -0.0214505228
v -0.00395197203 0.0269038719 -0.0174707631
f 1540 1542 1541
v -0.00395197203 0.0269038719 -0.0174707631
v -0.00897646969 0.0270096614 -0.0193592772
v -0.00632746451 0.0262473419 -0.0225297525
f 1543 1545 1544
v -0.0116281924 0.0268248958 -0.0203146992
v -0.00632746451 0.0262473419 -0.0225297525
v -0.00897646969 0.0270096614 -0.0193592772
f 1546 1548 1547
v -0.00395197203 0.0269038719 -0.0174707631
v -0.00861196022 0.0276827457 -0.0165057281
v -0.00897646969 0.0270096614 -0.0193592772
f 1549 1551 1550
v -0.00612818112 0.0279863772 -0.0128964093
v -0.00395197203 0.0269038719 -0.0174707631
v -0.00312695338 0.0271888945 -0.0155838963
f 1552 1554 1553
v 0.00309666357 0.0276632811 -0.0158572511
v 0.00284740163 0.0277721061 -0.0151787841
v 0.00284134367 0.0277554936 -0.0151795044
f 1555 1557 1556
v -0.00462283278 0.0254703831 -0.0236268243
v -0.00404342463 0.024819409 -0.026940339
v -0.001497841 0.0249779812 -0.0248326105
f 1558 1560 1559
v 0.00270045493 0.0291172881 -0.0100206293
v 0.0025840629 0.0278283114 -0.0129381748
v 0.0021605083 0.0283822621 -0.00691227178
f 1561 1563 1562
v 0.00270045493 0.0291172881 -0.0100206293
v 0.00125867955 0.0291998527 -0.00836381951
v -0.000327475573 0.0287872012 -0.00856695478
f 1564 1566 1565
v 0.00139952608 0.0293899735 -0.00209520476
v 0.0021605083 0.0283822621 -0.00691227178
v 0.00112637281 0.0294202619 0.000836686559
f 1567 1569 1568
v 0.000514240674 0.0294856 -0.00347893583
v 0.00139952608 0.0293899735 -0.00209520476
v -0.00123108111 0.0291450619 -0.00205121796
f 1570 1572 1571
v 0.00133384892 0.0294668193 -0.00090847816
v 0.00139952608 0.0293899735 -0.00209520476
v 0.00112637281 0.0294202619 0.000836686559
f 1573 1575 1574
v -0.00123108111 0.0291450619 -0.00205121796
v 0.00139952608 0.0293899735 -0.00209520476
v 0.00133384892 0.0294668193 -0.00090847816
f 1576 1578 1577
v 0.0025840629 0.0278283114 -0.0129381748
v 0.00495572021 0.0231779035 -0.0142255187
v 0.00405627288 0.0235604151 0.000843609178
f 1579 1581 1580
v -0.00505103926 0.0287990668 -0.00563350222
v -0.00156217284 0.028957639 -0.00651478695
v 0.000514240674 0.0294856 -0.00347893583
f 1582 1584 1583
v -0.00505103926 0.0287990668 -0.00563350222
v 0.000514240674 0.0294856 -0.00347893583
v -0.00753617351 0.0286169379 -0.00209455502
f 1585 1587 1586
v -0.00490173406 0.028643987 -0.00175357673
v -0.00123108111 0.0291450619 -0.00205121796
v -0.00265555063 0.0292951212 0.000281235953
f 1588 1590 1589
v -0.0117976873 0.0297632534 -0.000276430092
v -0.00753617351 0.0286169379 -0.00209455502
v -0.00636320619 0.029376999 0.000846529201
f 1591 1593 1592
v -0.00863182649 0.0290481257 -0.00554055187
v -0.00505103926 0.0287990668 -0.00563350222
v -0.00753617351 0.0286169379 -0.00209455502
f 1594 1596 1595
v -0.0160057243 0.027597649 -0.0133714479
v -0.010236552 0.0286726223 -0.0106837746
v -0.016077311 0.0283118396 -0.00973976275
f 1597 1599 1598
v -0.0179617869 0.0282524183 -0.00619982238
v -0.016077311 0.0283118396 -0.00973976275
v -0.0164555298 0.028652465 -0.00565668925
f 1600 1602 1601
v -0.0150723994 0.0286878494 -0.00258272848
v -0.0117189018 0.0290876429 -0.00680379744
v -0.0115195653 0.0289868884 -0.00384532614
f 1603 1605 1604
v -0.012496495 0.0291009084 -0.000843314319
v -0.0117976873 0.0297632534 -0.000276430092
v -0.015935686 0.0294147147 -0.00102192544
f 1606 1608 1607
v -0.0150723994 0.0286878494 -0.00258272848
v -0.015935686 0.0294147147 -0.00102192544
v -0.0183309516 0.0289416086 -0.00123356103
f 1609 1611 1610
v -0.0204772106 0.0293175806 0.000844282295
v -0.0183309516 0.0289416086 -0.00123356103
v -0.0177971859 0.0292889803 0.00084262474
f 1612 1614 1613
v -0.0130821718 0.027751617 -0.0153101559
v -0.00980989571 0.0280918612 -0.0128092812
v -0.010236552 0.0286726223 -0.0106837746
f 1615 1617 1616
v -0.00612818112 0.0279863772 -0.0128964093
v -0.00312695338 0.0271888945 -0.0155838963
v -0.000786376768 0.0283599511 -0.0117280557
f 1618 1620 1619
v -0.00938092999 0.012339669 -0.043397455
v -0.00911943498 0.0168513536 -0.0410044304
v -0.0119163436 0.0158333656 -0.0414321781
f 1621 1623 1622
v -0.0134441376 0.0134344096 -0.0427150924
v -0.0119163436 0.0158333656 -0.0414321781
v -0.0157369243 0.0140561388 -0.0420248311
f 1624 1626 1625
v 0.00326440932 0.0221762137 -0.0342550018
v -0.000645627006 0.0228918303 -0.0331903895
v 0.00261591485 0.0211172155 -0.0358257734
f 1627 1629 1628
v -0.00361027523 0.0186926278 -0.0393740629
v -0.00284273847 0.0198322407 -0.0379376375
v -0.00627336121 0.0192364358 -0.0385480176
f 1630 1632 1631
v -0.00338682439 0.0227746059 -0.0337198522
v -0.000645627006 0.0228918303 -0.0331903895
v -0.000130814442 0.0237999193 -0.0309053401
f 1633 1635 1634
v -0.00752240376 0.0232997409 -0.0331296033
v -0.0104443265 0.0241821981 -0.0306332193
v -0.0151765329 0.0229027297 -0.0343490101
f 1636 1638 1637
v -0.00553517311 0.0241232716 -0.0308071845
v -0.00710438035 0.0249093282 -0.0274439255
v -0.00752240376 0.0232997409 -0.0331296033
f 1639 1641 1640
v -0.00710438035 0.0249093282 -0.0274439255
v -0.00553517311 0.0241232716 -0.0308071845
v -0.00404342463 0.024819409 -0.026940339
f 1642 1644 1643
v -0.013350106 0.0246209791 -0.0281988207
v -0.0104443265 0.0241821981 -0.0306332193
v -0.00938830999 0.0253350532 -0.0258967833
f 1645 1647 1646
v -0.00752240376 0.0232997409 -0.0331296033
v -0.00710438035 0.0249093282 -0.0274439255
v -0.0104443265 0.0241821981 -0.0306332193
f 1648 1650 1649
v -0.00553517311 0.0241232716 -0.0308071845
v -0.000130814442 0.0237999193 -0.0309053401
v -0.00404342463 0.024819409 -0.026940339
f 1651 1653 1652
v -0.0157369243 0.0140561388 -0.0420248311
v -0.0141153636 0.0164694444 -0.0410720997
v -0.0183137978 0.0165340054 -0.040124252
f 1654 1656 1655
v -0.019578365 0.0219687645 -0.0360051519
v -0.0151765329 0.0229027297 -0.0343490101
v -0.0180311792 0.023330815 -0.0335350225
f 1657 1659 1658
v -0.0180311792 0.023330815 -0.0335350225
v -0.0151765329 0.0229027297 -0.0343490101
v -0.0167201069 0.0234474632 -0.0314121862
f 1660 1662 1661
v -0.0104443265 0.0241821981 -0.0306332193
v -0.013350106 0.0246209791 -0.0281988207
v -0.0167201069 0.0234474632 -0.0314121862
f 1663 1665 1664
v -0.0167201069 0.0234474632 -0.0314121862
v -0.013350106 0.0246209791 -0.0281988207
v -0.0167188904 0.0246851676 -0.0261041801
f 1666 1668 1667
v -0.0167201069 0.0234474632 -0.0314121862
v -0.0184542034 0.0238256849 -0.0289889373
v -0.019830215 0.0233105326 -0.0321900268
f 1669 1671 1670
v -0.0184542034 0.0238256849 -0.0289889373
v -0.0167201069 0.0234474632 -0.0314121862
v -0.0167188904 0.0246851676 -0.0261041801
f 1672 1674 1673
v -0.0233499333 0.0244850526 -0.0278940133
v -0.0208761994 0.0240768888 -0.0277844723
v -0.0234246691 0.0252725498 -0.0250342564
f 1675 1677 1676
v -0.0236275868 0.0238018722 -0.0298805273
v -0.0208761994 0.0240768888 -0.0277844723
v -0.0233499333 0.0244850526 -0.0278940133
f 1678 1680 1679
v -0.0162485463 0.018510854 -0.0391294336
v -0.019578365 0.0219687645 -0.0360051519
v -0.0211035454 0.0208261859 -0.0370549591
f 1681 1683 1682
v -0.0162485463 0.018510854 -0.0391294336
v -0.0186550809 0.0185226265 -0.0389778725
v -0.018188174 0.0182456977 -0.0395702053
f 1684 1686 1685
v -0.0223721465 0.01484737 -0.0395876821
v -0.0183137978 0.0165340054 -0.040124252
v -0.0186550809 0.0185226265 -0.0389778725
f 1687 1689 1688
v -0.0186550809 0.0185226265 -0.0389778725
v -0.0162485463 0.018510854 -0.0391294336
v -0.0211035454 0.0208261859 -0.0370549591
f 1690 1692 1691
v -0.023544117 0.021830335 -0.0352161558
v -0.019578365 0.0219687645 -0.0360051519
v -0.0231109923 0.0234566571 -0.0321850268
f 1693 1695 1694
v -0.019578365 0.0219687645 -0.0360051519
v -0.019830215 0.0233105326 -0.0321900268
v -0.0231109923 0.0234566571 -0.0321850268
f 1696 1698 1697
v -0.0211035454 0.0208261859 -0.0370549591
v -0.019578365 0.0219687645 -0.0360051519
v -0.023544117 0.021830335 -0.0352161558
f 1699 1701 1700
v -0.0210288461 0.0202379772 -0.0346634042
v -0.0236248045 0.021581183 -0.0326336332
v -0.0216211862 0.0206377765 -0.0328853203
f 1702 1704 1703
v -0.0231602156 0.0181558251 -0.0380554178
v -0.0211035454 0.0208261859 -0.0370549591
v -0.0236216962 0.020059169 -0.0365679851
f 1705 1707 1706
v -0.0216211862 0.0206377765 -0.0328853203
v -0.0231342958 0.0206158613 -0.0322362146
v -0.0233846629 0.0189968559 -0.0343065301
f 1708 1710 1709
v -0.0231342958 0.0206158613 -0.0322362146
v -0.0236076317 0.0169311388 -0.0349251379
v -0.0233846629 0.0189968559 -0.0343065301
f 1711 1713 1712
v -0.0211035454 0.0208261859 -0.0370549591
v -0.023544117 0.021830335 -0.0352161558
v -0.0236216962 0.020059169 -0.0365679851
f 1714 1716 1715
v -0.0210288461 0.0202379772 -0.0346634042
v -0.0232333099 0.020008377 -0.034961768
v -0.02380027 0.0206918688 -0.0341923325
f 1717 1719 1718
v -0.0238161345 0.0223891286 -0.0329996779
v -0.0231109923 0.0234566571 -0.0321850268
v -0.0242315582 0.0225471944 -0.0315576297
f 1720 1722 1721
v -0.0229414509 0.0190227205 -0.0346153043
v -0.0210288461 0.0202379772 -0.0346634042
v -0.0216211862 0.0206377765 -0.0328853203
f 1723 1725 1724
v -0.019830215 0.0233105326 -0.0321900268
v -0.0180311792 0.023330815 -0.0335350225
v -0.0167201069 0.0234474632 -0.0314121862
f 1726 1728 1727
v -0.0101555554 0.00952019545 -0.0447775325
v -0.00550084878 0.0108555927 -0.0446035294
v -0.00938092999 0.012339669 -0.043397455
f 1729 1731 1730
v -0.00601066058 0.00563481954 -0.0466165133
v -0.0101555554 0.00952019545 -0.0447775325
v -0.011815106 0.00711165121 -0.0453665707
f 1732 1734 1733
v -0.00601066058 0.00563481954 -0.0466165133
v -0.00462789685 0.0081782644 -0.0463537552
v -0.0101555554 0.00952019545 -0.0447775325
f 1735 1737 1736
v -0.00462789685 0.0081782644 -0.0463537552
v -0.00550084878 0.0108555927 -0.0446035294
v -0.0101555554 0.00952019545 -0.0447775325
f 1738 1740 1739
v -0.0131816792 0.00988291649 -0.04437803
v -0.00938092999 0.012339669 -0.043397455
v -0.0159602903 0.00973921342 -0.0437621871
f 1741 1743 1742
v -0.0101555554 0.00952019545 -0.0447775325
v -0.00938092999 0.012339669 -0.043397455
v -0.0131816792 0.00988291649 -0.04437803
f 1744 1746 1745
v -0.0159602903 0.00973921342 -0.0437621871
v -0.00938092999 0.012339669 -0.043397455
v -0.0134441376 0.0134344096 -0.0427150924
f 1747 1749 1748
v -0.00985803417 0.00239113651 -0.0471899839
v -0.011815106 0.00711165121 -0.0453665707
v -0.0111562564 0.00277070212 -0.0465266756
f 1750 1752 1751
v -0.00945287466 0.000482446239 -0.0472684304
v -0.00749820465 0.00120639015 -0.0471655338
v -0.00985803417 0.00239113651 -0.0471899839
f 1753 1755 1754
v -0.00483550539 6.50580148e-05 -0.0468988001
v -0.00601066058 0.00563481954 -0.0466165133
v -0.00749820465 0.00120639015 -0.0471655338
f 1756 1758 1757
v -0.016828443 0.0013329729 -0.0457507296
v -0.011815106 0.00711165121 -0.0453665707
v -0.0131816792 0.00988291649 -0.04437803
f 1759 1761 1760
v -0.0163832214 0.00463004471 -0.0447751634
v -0.0131816792 0.00988291649 -0.04437803
v -0.0159602903 0.00973921342 -0.0437621871
f 1762 1764 1763
v -0.0163832214 0.00463004471 -0.0447751634
v -0.0159602903 0.00973921342 -0.0437621871
v -0.018623317 0.00480877279 -0.0443924393
f 1765 1767 1766
v -0.0187611207 0.0109281471 -0.0424695725
v -0.0157369243 0.0140561388 -0.0420248311
v -0.0183137978 0.0165340054 -0.040124252
f 1768 1770 1769
v -0.0195077926 0.0143666955 -0.040821865
v -0.0183137978 0.0165340054 -0.040124252
v -0.0223721465 0.01484737 -0.0395876821
f 1771 1773 1772
v -0.0187611207 0.0109281471 -0.0424695725
v -0.0219496113 0.0116611431 -0.0408165855
v -0.0215554654 0.0106682659 -0.0415817776
f 1774 1776 1775
v -0.018623317 0.00480877279 -0.0443924393
v -0.020822807 0.0046092995 -0.0440010044
v -0.0206458382 0.00307842129 -0.0442554534
f 1777 1779 1778
v -0.0217992754 0.00550518089 -0.043190291
v -0.0215784021 0.00536365624 -0.0404238526
v -0.0206458382 0.00307842129 -0.0442554534
f 1780 1782 1781
v -0.0212453509 0.00876063787 -0.0424899539
v -0.0196808425 0.00957727534 -0.0428101077
v -0.0215554654 0.0106682659 -0.0415817776
f 1783 1785 1784
v -0.0181253752 0.00945794527 -0.0432677683
v -0.0190426159 0.0103471299 -0.0431497785
v -0.0196808425 0.00957727534 -0.0428101077
f 1786 1788 1787
v -0.0236076317 0.0169311388 -0.0349251379
v -0.0242688751 0.0111203619 -0.0280797132
v -0.0215784021 0.00536365624 -0.0404238526
f 1789 1791 1790
v -0.0231991318 0.0155395814 -0.0387995649
v -0.0223721465 0.01484737 -0.0395876821
v -0.0231602156 0.0181558251 -0.0380554178
f 1792 1794 1793
v -0.0215784021 0.00536365624 -0.0404238526
v -0.0242688751 0.0111203619 -0.0280797132
v -0.0226800461 -0.00087669323 -0.0321003667
f 1795 1797 1796
v -0.0141119031 0.0258406944 -0.024083734
v -0.00954489369 0.0260732399 -0.0236566251
v -0.0116281924 0.0268248958 -0.0203146992
f 1798 1800 1799
v -0.0116281924 0.0268248958 -0.0203146992
v -0.0138951873 0.0264744129 -0.0206299534
v -0.0141119031 0.0258406944 -0.024083734
f 1801 1803 1802
v -0.0141119031 0.0258406944 -0.024083734
v -0.0138951873 0.0264744129 -0.0206299534
v -0.0167725579 0.0259170658 -0.0205126809
f 1804 1806 1805
v -0.0167725579 0.0259170658 -0.0205126809
v -0.0138951873 0.0264744129 -0.0206299534
v -0.0151689819 0.0273757672 -0.0164980636
f 1807 1809 1808
v -0.0208761994 0.0240768888 -0.0277844723
v -0.0167188904 0.0246851676 -0.0261041801
v -0.0192876323 0.0253386446 -0.0237698696
f 1810 1812 1811
v -0.021268327 0.0250055629 -0.0247530988
v -0.0192876323 0.0253386446 -0.0237698696
v -0.0221204653 0.026425047 -0.0209937454
f 1813 1815 1814
v -0.021268327 0.0250055629 -0.0247530988
v -0.0221204653 0.026425047 -0.0209937454
v -0.022997288 0.0261921872 -0.0226681805
f 1816 1818 1817
v -0.0233499333 0.0244850526 -0.0278940133
v -0.0234246691 0.0252725498 -0.0250342564
v -0.0235377418 0.0219634181 -0.0296475366
f 1819 1821 1820
v -0.0233667175 0.0272818404 -0.0190614461
v -0.0197594214 0.0266187853 -0.0184695949
v -0.0190684135 0.0275846251 -0.0141594035
f 1822 1824 1823
v -0.0190684135 0.0275846251 -0.0141594035
v -0.0212665691 0.0277507788 -0.0140670454
v -0.0233667175 0.0272818404 -0.0190614461
f 1825 1827 1826
v -0.0236601933 0.0274933089 -0.0170881627
v -0.0233667175 0.0272818404 -0.0190614461
v -0.0212665691 0.0277507788 -0.0140670454
f 1828 1830 1829
v -0.0239691246 0.0268943782 -0.0193621629
v -0.0236601933 0.0274933089 -0.0170881627
v -0.02383229 0.0242878741 -0.0191489526
f 1831 1833 1832
v -0.0236601933 0.0274933089 -0.0170881627
v -0.0239341083 0.0266961782 -0.00931151662
v -0.02383229 0.0242878741 -0.0191489526
f 1834 1836 1835
v -0.0235377418 0.0219634181 -0.0296475366
v -0.02383229 0.0242878741 -0.0191489526
v -0.0243136441 0.0160490803 -0.0269235839
f 1837 1839 1838
v -0.0243136441 0.0160490803 -0.0269235839
v -0.02383229 0.0242878741 -0.0191489526
v -0.0251447025 0.0121860321 -0.0205110962
f 1840 1842 1841
v -0.02383229 0.0242878741 -0.0191489526
v -0.0254615123 0.0135791415 0.000847528372
v -0.0251447025 0.0121860321 -0.0205110962
f 1843 1845 1844
v -0.0138951873 0.0264744129 -0.0206299534
v -0.0116281924 0.0268248958 -0.0203146992
v -0.0151689819 0.0273757672 -0.0164980636
f 1846 1848 1847
v -0.0160057243 0.027597649 -0.0133714479
v -0.018425037 0.0278352964 -0.0101559242
v -0.0190684135 0.0275846251 -0.0141594035
f 1849 1851 1850
v -0.0190684135 0.0275846251 -0.0141594035
v -0.0202989191 0.0282803638 -0.0100761463
v -0.0212665691 0.0277507788 -0.0140670454
f 1852 1854 1853
v -0.0220232396 0.02828383 -0.0113757756
v -0.0212665691 0.0277507788 -0.0140670454
v -0.0202989191 0.0282803638 -0.0100761463
f 1855 1857 1856
v -0.0236311418 0.0281115033 -0.0127313673
v -0.0241987203 0.0283022819 -0.011101854
v -0.0239341083 0.0266961782 -0.00931151662
f 1858 1860 1859
v -0.0241987203 0.0283022819 -0.011101854
v -0.0242434544 0.0282223977 -0.00977508971
v -0.0239341083 0.0266961782 -0.00931151662
f 1861 1863 1862
v -0.0232997365 0.0287501927 -0.00322828091
v -0.0196071807 0.0290306198 -0.00344925829
v -0.0220790171 0.0289098884 -0.00151195536
f 1864 1866 1865
v -0.0197398782 0.028543573 -0.00751941116
v -0.0179617869 0.0282524183 -0.00619982238
v -0.0196071807 0.0290306198 -0.00344925829
f 1867 1869 1868
v -0.0238657463 0.0286315248 -0.00516724576
v -0.0238574125 0.0285369955 -0.00726306171
v -0.0232997365 0.0287501927 -0.00322828091
f 1870 1872 1871
v -0.0238574125 0.0285369955 -0.00726306171
v -0.0238657463 0.0286315248 -0.00516724576
v -0.0239341083 0.0266961782 -0.00931151662
f 1873 1875 1874
v -0.0238574125 0.0285369955 -0.00726306171
v -0.0202989191 0.0282803638 -0.0100761463
v -0.0232997365 0.0287501927 -0.00322828091
f 1876 1878 1877
v -0.0243136441 0.0160490803 -0.0269235839
v -0.0251447025 0.0121860321 -0.0205110962
v -0.0242688751 0.0111203619 -0.0280797132
f 1879 1881 1880
v -0.0251447025 0.0121860321 -0.0205110962
v -0.0251221238 -0.000308962581 -0.0190934094
v -0.0242688751 0.0111203619 -0.0280797132
f 1882 1884 1883
v -0.0251221238 -0.000308962581 -0.0190934094
v -0.0251447025 0.0121860321 -0.0205110962
v -0.0262337853 0.00709225642 -0.00531426012
f 1885 1887 1886
v -0.0262337853 0.00709225642 -0.00531426012
v -0.0263464462 0.00401520447 0.000850360993
v -0.0254737621 -0.00489490121 0.000848952459
f 1888 1890 1889
v -0.0262337853 0.00709225642 -0.00531426012
v -0.0254615123 0.0135791415 0.000847528372
v -0.0263464462 0.00401520447 0.000850360993
f 1891 1893 1892
v -0.0254615123 0.0135791415 0.000847528372
v -0.0262337853 0.00709225642 -0.00531426012
v -0.0251447025 0.0121860321 -0.0205110962
f 1894 1896 1895
v -0.0208761994 0.0240768888 -0.0277844723
v -0.0192876323 0.0253386446 -0.0237698696
v -0.021268327 0.0250055629 -0.0247530988
f 1897 1899 1898
v -0.0177971859 0.0292889803 0.00084262474
v -0.015935686 0.0294147147 -0.00102192544
v -0.0121815552 0.0299001316 0.000849107346
f 1900 1902 1901
v -0.023358615 0.0289568095 -0.0011212217
v -0.0236828331 0.0292414275 0.000845275463
v -0.0237537315 0.0282837893 -0.00166574318
f 1903 1905 1904
v 0.00480749295 -0.0171134365 -0.0410184264
v 0.00489520025 -0.0171732012 -0.0410061853
v 0.004774626 -0.0174494198 -0.0404472084
f 1906 1908 1907
v 0.00468600338 -0.0168640487 -0.0412699999
v 0.00403755766 -0.0156454305 -0.0423925521
v 0.00132415225 -0.0169649094 -0.0428270258
f 1909 1911 1910
v 0.00738751842 -0.0136981369 -0.027619832
v 0.00425374383 -0.0133636233 -0.043863614
v 0.00588579278 -0.0195971486 -0.035335077
f 1912 1914 1913
v 0.00425374383 -0.0133636233 -0.043863614
v 0.00469041697 -0.016686703 -0.0409359229
v 0.00588579278 -0.0195971486 -0.035335077
f 1915 1917 1916
v -2.61316018e-05 -0.00839045751 -0.046579889
v 0.00289364252 -0.0039390794 -0.0468152197
v -0.00205592987 -0.00578283871 -0.0469525141
f 1918 1920 1919
v 0.00406882755 -0.00471703534 -0.0465582212
v 0.00289364252 -0.0039390794 -0.0468152197
v -2.61316018e-05 -0.00839045751 -0.046579889
f 1921 1923 1922
v 0.00469622901 -0.00555260158 -0.0430070882
v 0.00340436454 -0.00774958025 -0.0462254771
v 0.00387407272 -0.00937413424 -0.044718475
f 1924 1926 1925
v 0.00387407272 -0.00937413424 -0.044718475
v 0.00340436454 -0.00774958025 -0.0462254771
v 0.00404958337 -0.00941121834 -0.0456074224
f 1927 1929 1928
v 0.00404958337 -0.00941121834 -0.0456074224
v 0.00340436454 -0.00774958025 -0.0462254771
v 0.0033936456 -0.0102571976 -0.0455588946
f 1930 1932 1931
v 0.00469622901 -0.00555260158 -0.0430070882
v 0.00387407272 -0.00937413424 -0.044718475
v 0.00392822476 -0.0121143632 -0.0448189559
f 1933 1935 1934
v 0.00469622901 -0.00555260158 -0.0430070882
v 0.00392822476 -0.0121143632 -0.0448189559
v 0.00425374383 -0.0133636233 -0.043863614
f 1936 1938 1937
v -0.00748761886 -0.00721259712 -0.0473989261
v -0.00915590354 -0.00178698829 -0.0476283254
v -0.0100607955 -0.00587762916 -0.0476684101
f 1939 1941 1940
v 0.00425374383 -0.0133636233 -0.043863614
v 0.00392822476 -0.0121143632 -0.0448189559
v 0.00140585616 -0.01426776 -0.0444642792
f 1942 1944 1943
v 0.00403755766 -0.0156454305 -0.0423925521
v 0.00140585616 -0.01426776 -0.0444642792
v 0.00132415225 -0.0169649094 -0.0428270258
f 1945 1947 1946
v -0.00220105685 -0.0164141326 -0.0443093362
v -0.000731855107 -0.0134025162 -0.0455774716
v -0.0056062534 -0.0132208515 -0.0461711752
f 1948 1950 1949
v -0.0111608984 -0.0113986578 -0.0468755548
v -0.00414131682 -0.0083267747 -0.0471055449
v -0.00748761886 -0.00721259712 -0.0473989261
f 1951 1953 1952
v -0.00244917828 -0.0104226856 -0.0466802623
v -0.00414131682 -0.0083267747 -0.0471055449
v -0.0111608984 -0.0113986578 -0.0468755548
f 1954 1956 1955
v 0.0033936456 -0.0102571976 -0.0455588946
v -2.61316018e-05 -0.00839045751 -0.046579889
v -0.00244917828 -0.0104226856 -0.0466802623
f 1957 1959 1958
v 0.00469622901 -0.00555260158 -0.0430070882
v 0.00406882755 -0.00471703534 -0.0465582212
v 0.00340436454 -0.00774958025 -0.0462254771
f 1960 1962 1961
v 0.00738751842 -0.0136981369 -0.027619832
v 0.00469622901 -0.00555260158 -0.0430070882
v 0.00425374383 -0.0133636233 -0.043863614
f 1963 1965 1964
v 0.00469622901 -0.00555260158 -0.0430070882
v 0.00738751842 -0.0136981369 -0.027619832
v 0.00661976956 0.0023416389 -0.0296892948
f 1966 1968 1967
v 0.00552287675 -0.0199688788 -0.0393319991
v 0.0052028292 -0.020795106 -0.0384662591
v 0.00593998266 -0.0215876629 -0.0381086778
f 1969 1971 1970
v 0.00552287675 -0.0199688788 -0.0393319991
v 0.00593998266 -0.0215876629 -0.0381086778
v 0.00588579278 -0.0195971486 -0.035335077
f 1972 1974 1973
v 0.0052028292 -0.020795106 -0.0384662591
v 0.00552287675 -0.0199688788 -0.0393319991
v 0.00113916249 -0.0210505299 -0.0407150015
f 1975 1977 1976
v 0.00181005162 -0.0219070396 -0.0394520321
v 0.00113916249 -0.0210505299 -0.0407150015
v -0.000426812767 -0.0217731955 -0.0400667108
f 1978 1980 1979
v 0.005732727 -0.0243149552 -0.0360149425
v 0.00560515764 -0.0239070214 -0.0366701599
v 0.00585589441 -0.0244242343 -0.034938936
f 1981 1983 1982
v 0.00613350712 -0.0255727617 -0.0336955272
v 0.00585589441 -0.0244242343 -0.034938936
v 0.0025367277 -0.0262595131 -0.0339984574
f 1984 1986 1985
v 0.00147540486 -0.0239655506 -0.038042973
v 0.00181005162 -0.0219070396 -0.0394520321
v -0.000426812767 -0.0217731955 -0.0400667108
f 1987 1989 1988
v 0.005732727 -0.0243149552 -0.0360149425
v 0.00585589441 -0.0244242343 -0.034938936
v 0.00604575907 -0.022834065 -0.0372056937
f 1990 1992 1991
v 0.00560515764 -0.0239070214 -0.0366701599
v 0.00147540486 -0.0239655506 -0.038042973
v 0.00269234079 -0.0250143406 -0.0360882579
f 1993 1995 1994
v 0.00627183326 -0.0261322886 -0.0317405415
v 0.00610298739 -0.0238662353 -0.0290204567
v 0.00613350712 -0.0255727617 -0.0336955272
f 1996 1998 1997
v 0.00613350712 -0.0255727617 -0.0336955272
v 0.0025367277 -0.0262595131 -0.0339984574
v 0.00408555934 -0.0262305955 -0.0319944142
f 1999 2001 2000
v 0.00610298739 -0.0238662353 -0.0290204567
v 0.00627183326 -0.0261322886 -0.0317405415
v 0.00631539879 -0.0272508914 -0.0307564012
f 2002 2004 2003
v 0.00570813572 -0.0298222236 -0.0292680721
v 0.00582808279 -0.0310168369 -0.029334618
v 0.00552335987 -0.0318746257 -0.0278528401
f 2005 2007 2006
v 0.00570813572 -0.0298222236 -0.0292680721
v 0.00631539879 -0.0272508914 -0.0307564012
v 0.00563049252 -0.0289495918 -0.0304538931
f 2008 2010 2009
v 0.00404023594 -0.0279874366 -0.0306375441
v 0.0028635819 -0.0294933561 -0.0302078755
v 0.00563049252 -0.0289495918 -0.0304538931
f 2011 2013 2012
v -0.000179858762 -0.0267319178 -0.0326216599
v 0.0025367277 -0.0262595131 -0.0339984574
v -0.00123960344 -0.0264306902 -0.035436239
f 2014 2016 2015
v 0.000874372927 -0.0279453059 -0.0318094593
v 0.00265274939 -0.0265106675 -0.0323327637
v -0.000179858762 -0.0267319178 -0.0326216599
f 2017 2019 2018
v 0.000874372927 -0.0279453059 -0.0318094593
v -0.00379235098 -0.0277805171 -0.0322826236
v -0.00197787267 -0.0283782254 -0.0313501572
f 2020 2022 2021
v -0.000572469435 -0.0308182323 -0.02787509
v -0.00505130047 -0.0300018961 -0.0286197086
v -0.00462888638 -0.0307622977 -0.0264993345
f 2023 2025 2024
v 0.0018525956 -0.0317548343 -0.0288162904
v -0.000572469435 -0.0308182323 -0.02787509
v -0.00108795648 -0.0318085717 -0.0264680886
f 2026 2028 2027
v 0.00269234079 -0.0250143406 -0.0360882579
v -0.000266452844 -0.0249636709 -0.0371081929
v 0.000119685865 -0.0258026703 -0.0363520056
f 2029 2031 2030
v 0.00113916249 -0.0210505299 -0.0407150015
v -0.00435665061 -0.0210185492 -0.0422732672
v -0.000426812767 -0.0217731955 -0.0400667108
f 2032 2034 2033
v -0.00482452306 -0.0199016329 -0.0434202375
v -0.0086705586 -0.0193466549 -0.0439440919
v -0.00435665061 -0.0210185492 -0.0422732672
f 2035 2037 2036
v -0.00606746798 -0.0214818487 -0.0409949309
v -0.00435665061 -0.0210185492 -0.0422732672
v -0.00818864355 -0.0209333943 -0.0424472091
f 2038 2040 2039
v -0.0086705586 -0.0193466549 -0.0439440919
v -0.00482452306 -0.0199016329 -0.0434202375
v -0.00756654554 -0.0165512291 -0.044966978
f 2041 2043 2042
v -0.0086705586 -0.0193466549 -0.0439440919
v -0.00756654554 -0.0165512291 -0.044966978
v -0.0118297146 -0.017954738 -0.0447298633
f 2044 2046 2045
v -0.0118297146 -0.017954738 -0.0447298633
v -0.00756654554 -0.0165512291 -0.044966978
v -0.0109955807 -0.0140255652 -0.04608444
f 2047 2049 2048
v -0.00606746798 -0.0214818487 -0.0409949309
v -0.0111543093 -0.019935763 -0.0408406428
v -0.00930717506 -0.0208135403 -0.0400447083
f 2050 2052 2051
v -0.00756654554 -0.0165512291 -0.044966978
v -0.00220105685 -0.0164141326 -0.0443093362
v -0.0056062534 -0.0132208515 -0.0461711752
f 2053 2055 2054
v -0.00272802718 -0.0239700035 -0.0399159355
v 0.00147540486 -0.0239655506 -0.038042973
v -0.000426812767 -0.0217731955 -0.0400667108
f 2056 2058 2057
v -0.000426812767 -0.0217731955 -0.0400667108
v -0.00350970586 -0.0217686873 -0.0406562467
v -0.00272802718 -0.0239700035 -0.0399159355
f 2059 2061 2060
v -0.00606746798 -0.0214818487 -0.0409949309
v -0.00930717506 -0.0208135403 -0.0400447083
v -0.00586204987 -0.0227058597 -0.0400346587
f 2062 2064 2063
v -0.000266452844 -0.0249636709 -0.0371081929
v -0.00316924597 -0.0248366327 -0.039007896
v -0.00445892256 -0.0253760489 -0.0371119328
f 2065 2067 2066
v -0.00123960344 -0.0264306902 -0.035436239
v -0.000266452844 -0.0249636709 -0.0371081929
v -0.00445892256 -0.0253760489 -0.0371119328
f 2068 2070 2069
v -0.00123960344 -0.0264306902 -0.035436239
v -0.00516094296 -0.0260332337 -0.0356858014
v -0.00381835125 -0.0260941568 -0.0341385254
f 2071 2073 2072
v -0.00525454889 -0.0249164877 -0.0381518417
v -0.00316924597 -0.0248366327 -0.039007896
v -0.00586204987 -0.0227058597 -0.0400346587
f 2074 2076 2075
v -0.00525454889 -0.0249164877 -0.0381518417
v -0.00828746415 -0.0251667079 -0.036570165
v -0.00445892256 -0.0253760489 -0.0371119328
f 2077 2079 2078
v -0.00828746415 -0.0251667079 -0.036570165
v -0.00516094296 -0.0260332337 -0.0356858014
v -0.00445892256 -0.0253760489 -0.0371119328
f 2080 2082 2081
v -0.00516094296 -0.0260332337 -0.0356858014
v -0.00828746415 -0.0251667079 -0.036570165
v -0.00870478907 -0.0254781975 -0.0354015705
f 2083 2085 2084
v -0.000179858762 -0.0267319178 -0.0326216599
v -0.00332370691 -0.0263967144 -0.0329320435
v -0.00379235098 -0.0277805171 -0.0322826236
f 2086 2088 2087
v -0.00399396631 -0.0289063843 -0.0298390834
v -0.00379235098 -0.0277805171 -0.0322826236
v -0.00606928879 -0.0281228946 -0.0317996892
f 2089 2091 2090
v -0.00197787267 -0.0283782254 -0.0313501572
v -0.00379235098 -0.0277805171 -0.0322826236
v -0.00399396631 -0.0289063843 -0.0298390834
f 2092 2094 2093
v -0.00606928879 -0.0281228946 -0.0317996892
v -0.00379235098 -0.0277805171 -0.0322826236
v -0.00654299947 -0.0270045857 -0.0324795867
f 2095 2097 2096
v -0.00912151008 -0.0242148366 -0.0380513375
v -0.00944338899 -0.0224939227 -0.0392065034
v -0.0127744366 -0.0248451193 -0.0372066628
f 2098 2100 2099
v -0.0134476199 -0.0214563668 -0.0399118813
v -0.0111543093 -0.019935763 -0.0408406428
v -0.013026208 -0.0196171546 -0.041232715
f 2101 2103 2102
v -0.0127744366 -0.0248451193 -0.0372066628
v -0.0131498688 -0.0254546409 -0.0344040163
v -0.00870478907 -0.0254781975 -0.0354015705
f 2104 2106 2105
v -0.0114328242 -0.0261347857 -0.0324108463
v -0.0131498688 -0.0254546409 -0.0344040163
v -0.0143835758 -0.0261607231 -0.0327251386
f 2107 2109 2108
v -0.00974287832 -0.0258229906 -0.0322791602
v -0.0114328242 -0.0261347857 -0.0324108463
v -0.0130746339 -0.0267029536 -0.031684112
f 2110 2112 2111
v -0.0079392732 -0.0258387881 -0.0326915237
v -0.00870478907 -0.0254781975 -0.0354015705
v -0.00974287832 -0.0258229906 -0.0322791602
f 2113 2115 2114
v -0.00123960344 -0.0264306902 -0.035436239
v -0.00381835125 -0.0260941568 -0.0341385254
v -0.00332370691 -0.0263967144 -0.0329320435
f 2116 2118 2117
v -0.00870478907 -0.0254781975 -0.0354015705
v -0.0079392732 -0.0258387881 -0.0326915237
v -0.00642561135 -0.0257688749 -0.0336410769
f 2119 2121 2120
v -0.00399396631 -0.0289063843 -0.0298390834
v -0.00505130047 -0.0300018961 -0.0286197086
v -0.00143536017 -0.0287613686 -0.0302046828
f 2122 2124 2123
v 0.00817999244 -0.00462794669 -0.0122617188
v 0.00784015574 -0.00363490399 -0.0187178593
v 0.00805287564 -0.0159152871 -0.00940659811
f 2125 2127 2126
v 0.00784015574 -0.00363490399 -0.0187178593
v 0.00738751842 -0.0136981369 -0.027619832
v 0.00805287564 -0.0159152871 -0.00940659811
f 2128 2130 2129
v 0.00723194971 -0.0232582635 -0.0132192916
v 0.00640969956 -0.0284996378 -0.0181634241
v 0.00668678695 -0.030502287 -0.0145785729
f 2131 2133 2132
v 0.00640969956 -0.0284996378 -0.0181634241
v 0.00570813572 -0.0298222236 -0.0292680721
v 0.00584155205 -0.0304847781 -0.0253337086
f 2134 2136 2135
v 0.00570813572 -0.0298222236 -0.0292680721
v 0.00552335987 -0.0318746257 -0.0278528401
v 0.00584155205 -0.0304847781 -0.0253337086
f 2137 2139 2138
v 0.00584155205 -0.0304847781 -0.0253337086
v 0.00479389855 -0.0307665963 -0.0246723474
v 0.0035492907 -0.0308274233 -0.0219863854
f 2140 2142 2141
v 0.00552335987 -0.0318746257 -0.0278528401
v 0.0020168809 -0.0331387622 -0.0266743125
v 0.00329562899 -0.0326620764 -0.025891792
f 2143 2145 2144
v 0.00640969956 -0.0284996378 -0.0181634241
v 0.00584872032 -0.0305166992 -0.0201666728
v 0.00535286817 -0.0310986012 -0.0179999479
f 2146 2148 2147
v 0.00668678695 -0.030502287 -0.0145785729
v 0.00545309013 -0.0315532146 -0.0167154605
v 0.00612303702 -0.0320830732 -0.0153960922
f 2149 2151 2150
v 0.00479389855 -0.0307665963 -0.0246723474
v 0.00329562899 -0.0326620764 -0.025891792
v 0.00251440215 -0.0318109407 -0.0229316865
f 2152 2154 2153
v 0.00600730127 -0.0306300353 -0.0212275918
v 0.00258395157 -0.0309277268 -0.0196534049
v 0.00584872032 -0.0305166992 -0.0201666728
f 2155 2157 2156
v 0.00535286817 -0.0310986012 -0.0179999479
v 0.00258395157 -0.0309277268 -0.0196534049
v 0.0043641805 -0.0309610856 -0.0169729363
f 2158 2160 2159
v 0.0043641805 -0.0309610856 -0.0169729363
v 0.00258395157 -0.0309277268 -0.0196534049
v 6.241753e-05 -0.0320542837 -0.0192723557
f 2161 2163 2162
v 0.0035492907 -0.0308274233 -0.0219863854
v 6.241753e-05 -0.0320542837 -0.0192723557
v 0.00258395157 -0.0309277268 -0.0196534049
f 2164 2166 2165
v 0.00029683506 -0.033609214 -0.0147878716
v 0.00347574314 -0.0333296979 -0.0145208178
v 0.00174699308 -0.0327277463 -0.0158356619
f 2167 2169 2168
v 0.00535286817 -0.0310986012 -0.0179999479
v 0.00584872032 -0.0305166992 -0.0201666728
v 0.00258395157 -0.0309277268 -0.0196534049
f 2170 2172 2171
v 6.241753e-05 -0.0320542837 -0.0192723557
v 0.0035492907 -0.0308274233 -0.0219863854
v -0.000294821803 -0.0333614415 -0.0223270603
f 2173 2175 2174
v 0.00655675685 -0.0288921612 -0.00491234387
v 0.00723194971 -0.0232582635 -0.0132192916
v 0.00668678695 -0.030502287 -0.0145785729
f 2176 2178 2177
v 0.00655675685 -0.0288921612 -0.00491234387
v 0.00668678695 -0.030502287 -0.0145785729
v 0.0063286323 -0.0320197461 -0.0106591957
f 2179 2181 2180
v 0.00609738054 -0.0323875749 -0.0108194028
v 0.00627566478 -0.0332526251 -0.0109628381
v 0.0063286323 -0.0320197461 -0.0106591957
f 2182 2184 2183
v 0.00584689114 -0.03406498 -0.00873410681
v 0.0063286323 -0.0320197461 -0.0106591957
v 0.00627566478 -0.0332526251 -0.0109628381
f 2185 2187 2186
v 0.0017084014 -0.0348767469 -0.0106255444
v 0.0052292482 -0.0353215524 -0.0105598658
v 0.00369187619 -0.0334356446 -0.0114186274
f 2188 2190 2189
v 0.0052292482 -0.0353215524 -0.0105598658
v 0.00627566478 -0.0332526251 -0.0109628381
v 0.00369187619 -0.0334356446 -0.0114186274
f 2191 2193 2192
v 0.00519584719 -0.0352265197 -0.00864897302
v 0.00584689114 -0.03406498 -0.00873410681
v 0.0052292482 -0.0353215524 -0.0105598658
f 2194 2196 2195
v 0.00639921345 -0.0325360743 -0.0121726487
v 0.00668678695 -0.030502287 -0.0145785729
v 0.00658267527 -0.0326082809 -0.0143325116
f 2197 2199 2198
v 0.0063286323 -0.0320197461 -0.0106591957
v 0.00626529654 -0.0324206077 -0.0115782525
v 0.00609738054 -0.0323875749 -0.0108194028
f 2200 2202 2201
v 0.00515144784 -0.0359191763 -0.00321477091
v 0.00584689114 -0.03406498 -0.00873410681
v 0.00519584719 -0.0352265197 -0.00864897302
f 2203 2205 2204
v 0.00655675685 -0.0288921612 -0.00491234387
v 0.00584689114 -0.03406498 -0.00873410681
v 0.00515144784 -0.0359191763 -0.00321477091
f 2206 2208 2207
v -3.99719283e-05 -0.0288849813 -0.00926162029
v 0.000857557461 -0.0304012734 -0.00713964837
v 0.000903604814 -0.0297436985 -0.00889437142
f 2209 2211 2210
v 0.00248813158 -0.0303931913 -0.0111391157
v 0.000148287654 -0.0299798179 -0.011821626
v -3.99719283e-05 -0.0288849813 -0.00926162029
f 2212 2214 2213
v -3.99719283e-05 -0.0288849813 -0.00926162029
v 0.000903604814 -0.0297436985 -0.00889437142
v 0.00191604049 -0.030112997 -0.0105729894
f 2215 2217 2216
v 0.00214778265 -0.0335592165 -0.0130439003
v -0.00303072193 -0.0324701541 -0.0134321235
v 0.00271734752 -0.0329028117 -0.0126957035
f 2218 2220 2219
v 0.00174564921 -0.032014848 -0.0102261423
v 0.00142418285 -0.034132367 -0.0107971842
v 0.00369187619 -0.0334356446 -0.0114186274
f 2221 2223 2222
v 0.00271734752 -0.0329028117 -0.0126957035
v -0.00097034499 -0.030867802 -0.0128971253
v 0.000148287654 -0.0299798179 -0.011821626
f 2224 2226 2225
v -0.00097034499 -0.030867802 -0.0128971253
v -0.00356103083 -0.0299309148 -0.0129979016
v 0.000148287654 -0.0299798179 -0.011821626
f 2227 2229 2228
v 0.000903604814 -0.0297436985 -0.00889437142
v 3.33428034e-05 -0.0327854475 -0.00794407024
v 0.000873154204 -0.0311171112 -0.00966148
f 2230 2232 2231
v 0.000857557461 -0.0304012734 -0.00713964837
v 0.000505072967 -0.0314901728 -0.00664167383
v 0.000903604814 -0.0297436985 -0.00889437142
f 2233 2235 2234
v -0.00345516928 -0.0347539783 -0.00539576758
v 0.00101445039 -0.0330678187 -0.00581417225
v 0.000505072967 -0.0314901728 -0.00664167383
f 2236 2238 2237
v 0.000259028457 -0.0305910129 -0.00650574511
v -3.99719283e-05 -0.0288849813 -0.00926162029
v -0.00247817043 -0.0302096334 -0.00740276446
f 2239 2241 2240
v 0.00627566478 -0.0332526251 -0.0109628381
v 0.00609738054 -0.0323875749 -0.0108194028
v 0.00328818714 -0.0308366434 -0.0105150473
f 2242 2244 2243
v -0.0100663339 -0.0301257329 -0.0127132531
v -0.0101945989 -0.0296914513 -0.00930684764
v -0.00676116179 -0.0298200117 -0.0106693682
f 2245 2247 2246
v -0.00528696037 -0.0301922671 -0.0133976704
v -0.00812352664 -0.030047592 -0.014131928
v -0.00676116179 -0.0298200117 -0.0106693682
f 2248 2250 2249
v -0.00812352664 -0.030047592 -0.014131928
v -0.0100663339 -0.0301257329 -0.0127132531
v -0.00676116179 -0.0298200117 -0.0106693682
f 2251 2253 2252
v -0.00676116179 -0.0298200117 -0.0106693682
v -0.0101945989 -0.0296914513 -0.00930684764
v -0.00546107149 -0.030385633 -0.00799017798
f 2254 2256 2255
v 0.000505072967 -0.0314901728 -0.00664167383
v -0.00247817043 -0.0302096334 -0.00740276446
v -0.00546107149 -0.030385633 -0.00799017798
f 2257 2259 2258
v -0.00412226145 -0.0298463739 -0.00948691086
v -0.00546107149 -0.030385633 -0.00799017798
v -0.00247817043 -0.0302096334 -0.00740276446
f 2260 2262 2261
v -0.00303072193 -0.0324701541 -0.0134321235
v -0.00528696037 -0.0301922671 -0.0133976704
v -0.00097034499 -0.030867802 -0.0128971253
f 2263 2265 2264
v -0.0172851505 -0.0279680447 -0.0314584904
v -0.0139900134 -0.0286077557 -0.0309690513
v -0.0150307926 -0.02693797 -0.0319634681
f 2266 2268 2267
v -0.0143307931 -0.0299544889 -0.0283080415
v -0.0151200045 -0.0296531129 -0.0298802042
v -0.0173471752 -0.0302043336 -0.0284298498
f 2269 2271 2270
v -0.0172851505 -0.0279680447 -0.0314584904
v -0.0174859175 -0.0294226746 -0.0304604735
v -0.0139900134 -0.0286077557 -0.0309690513
f 2272 2274 2273
v -0.0151200045 -0.0296531129 -0.0298802042
v -0.0139900134 -0.0286077557 -0.0309690513
v -0.0174859175 -0.0294226746 -0.0304604735
f 2275 2277 2276
v -0.0151200045 -0.0296531129 -0.0298802042
v -0.0174859175 -0.0294226746 -0.0304604735
v -0.0173471752 -0.0302043336 -0.0284298498
f 2278 2280 2279
v -0.0121758363 -0.0294282043 -0.0291730423
v -0.0151200045 -0.0296531129 -0.0298802042
v -0.0143307931 -0.0299544889 -0.0283080415
f 2281 2283 2282
v -0.00297823863 -0.0340424216 -0.0236453256
v 0.000401379657 -0.0337518868 -0.0241386908
v 0.000301090768 -0.0330030773 -0.0261879264
f 2284 2286 2285
v 0.00189050334 -0.0330426556 -0.0232582795
v 0.000401379657 -0.0337518868 -0.0241386908
v -0.000294821803 -0.0333614415 -0.0223270603
f 2287 2289 2288
v 0.000301090768 -0.0330030773 -0.0261879264
v -0.00108795648 -0.0318085717 -0.0264680886
v -0.00220473121 -0.0331139687 -0.0251606893
f 2290 2292 2291
v -0.00297823863 -0.0340424216 -0.0236453256
v -0.00220473121 -0.0331139687 -0.0251606893
v -0.00525907672 -0.0324122317 -0.0241399859
f 2293 2295 2294
v -0.00198989765 -0.0341034582 -0.0165382735
v -0.00274528356 -0.034071051 -0.0191754705
v -0.00445693913 -0.0348924048 -0.0166139216
f 2296 2298 2297
v -0.00445693913 -0.0348924048 -0.0166139216
v -0.00237243039 -0.0335355027 -0.0138227231
v -0.00206396653 -0.034213849 -0.0152271299
f 2299 2301 2300
v -0.00198989765 -0.0341034582 -0.0165382735
v -0.00445693913 -0.0348924048 -0.0166139216
v -0.00206396653 -0.034213849 -0.0152271299
f 2302 2304 2303
v -0.00274528356 -0.034071051 -0.0191754705
v -0.00453094326 -0.0349059643 -0.0195139481
v -0.00588466137 -0.0358208141 -0.0185550147
f 2305 2307 2306
v -0.00187440128 -0.0343244261 -0.0222195216
v -0.00527890006 -0.0347814697 -0.0212185638
v -0.00453094326 -0.0349059643 -0.0195139481
f 2308 2310 2309
v 0.00519584719 -0.0352265197 -0.00864897302
v 0.00383280785 -0.0353774696 -0.00942308761
v 0.00249324949 -0.0368894747 -0.00834584862
f 2311 2313 2312
v 0.00515144784 -0.0359191763 -0.00321477091
v 0.00519584719 -0.0352265197 -0.00864897302
v 0.00563374488 -0.0368841866 -0.00786469027
f 2314 2316 2315
v 0.00548704702 -0.0394545175 -0.00368803412
v 0.0049232156 -0.0387704786 -0.00589482406
v 0.00267277283 -0.0411082554 -0.00228766039
f 2317 2319 2318
v 0.00548704702 -0.0394545175 -0.00368803412
v 0.00531517435 -0.0391289417 -0.00437340859
v 0.0049232156 -0.0387704786 -0.00589482406
f 2320 2322 2321
v 0.00447998245 -0.0391290407 -0.0016598322
v 0.00548704702 -0.0394545175 -0.00368803412
v 0.0049257942 -0.0401785132 -0.00257755601
f 2323 2325 2324
v 0.00409580534 -0.0412366644 -0.00137896523
v 0.0049257942 -0.0401785132 -0.00257755601
v 0.00267277283 -0.0411082554 -0.00228766039
f 2326 2328 2327
v 0.0049257942 -0.0401785132 -0.00257755601
v 0.00548704702 -0.0394545175 -0.00368803412
v 0.00267277283 -0.0411082554 -0.00228766039
f 2329 2331 2330
v 0.0049232156 -0.0387704786 -0.00589482406
v 0.00222607923 -0.0391222304 -0.00606923459
v 0.00267277283 -0.0411082554 -0.00228766039
f 2332 2334 2333
v 0.00563374488 -0.0368841866 -0.00786469027
v 0.00478627771 -0.0373006973 -0.00795050291
v 0.0049232156 -0.0387704786 -0.00589482406
f 2335 2337 2336
v -0.00237243039 -0.0335355027 -0.0138227231
v -0.00435186448 -0.0325838366 -0.0141623619
v -0.00303072193 -0.0324701541 -0.0134321235
f 2338 2340 2339
v 0.000896598067 -0.0325734494 -0.00644893735
v 7.8213634e-05 -0.0351043011 -0.00614977325
v -5.95478923e-05 -0.0342400628 -0.00845655668
f 2341 2343 2342
v 0.0014821795 -0.0348459318 -0.00464497607
v 0.00015359692 -0.0369468209 -0.003872261
v 7.8213634e-05 -0.0351043011 -0.00614977325
f 2344 2346 2345
v 0.000125438964 -0.0362371444 -0.00740993928
v -5.95478923e-05 -0.0342400628 -0.00845655668
v 7.8213634e-05 -0.0351043011 -0.00614977325
f 2347 2349 2348
v 0.00043479813 -0.0354663207 -0.00360047743
v 0.0019512554 -0.0344757515 -0.00416487455
v 0.000876498962 -0.0338180456 -0.00488013757
f 2350 2352 2351
v 0.00133176654 -0.0342375308 -0.00470326595
v 0.000876498962 -0.0338180456 -0.00488013757
v 0.0019512554 -0.0344757515 -0.00416487455
f 2353 2355 2354
v 0.00015359692 -0.0369468209 -0.003872261
v 0.000880432344 -0.0359918369 -0.0031562111
v -9.66872904e-05 -0.037927847 -0.00247776916
f 2356 2358 2357
v 0.00043479813 -0.0354663207 -0.00360047743
v 0.000876498962 -0.0338180456 -0.00488013757
v -0.00345516928 -0.0347539783 -0.00539576758
f 2359 2361 2360
v -9.66872904e-05 -0.037927847 -0.00247776916
v 0.000880432344 -0.0359918369 -0.0031562111
v -0.00323173699 -0.037309344 -0.00328135102
f 2362 2364 2363
v -9.66872904e-05 -0.037927847 -0.00247776916
v -0.00323173699 -0.037309344 -0.00328135102
v -0.00284602174 -0.0390911533 -0.00131292827
f 2365 2367 2366
v 0.000170327257 -0.0382399157 -0.00427293235
v -0.000207145058 -0.0393567723 -0.000769858616
v 0.000622140942 -0.0407061656 -0.00203894524
f 2368 2370 2369
v -0.00323173699 -0.037309344 -0.00328135102
v 0.00043479813 -0.0354663207 -0.00360047743
v -0.00485302226 -0.0356573961 -0.00461106465
f 2371 2373 2372
v 0.00015359692 -0.0369468209 -0.003872261
v 0.000170327257 -0.0382399157 -0.00427293235
v 0.000133440335 -0.037775049 -0.0063650441
f 2374 2376 2375
v -0.00667785207 -0.0377216202 -0.00321758125
v -0.00619272323 -0.0391104404 -0.00113245924
v -0.00520291032 -0.038896795 -0.00250636331
f 2377 2379 2378
v 0.00249324949 -0.0368894747 -0.00834584862
v 0.00383280785 -0.0353774696 -0.00942308761
v 0.0017084014 -0.0348767469 -0.0106255444
f 2380 2382 2381
v -0.00462888638 -0.0307622977 -0.0264993345
v -0.00726859798 -0.0298479514 -0.0271466357
v -0.00771718405 -0.0307449518 -0.0253084319
f 2383 2385 2384
v -0.00690422457 -0.0307265582 -0.023792329
v -0.00801703718 -0.0320202555 -0.0219865731
v -0.00525907672 -0.0324122317 -0.0241399859
f 2386 2388 2387
v -0.0102774531 -0.0304642657 -0.025031736
v -0.0083637271 -0.0300164858 -0.0257509411
v -0.0100049889 -0.0301033899 -0.0264913979
f 2389 2391 2390
v -0.00981784979 -0.0304499175 -0.0227041557
v -0.00801703718 -0.0320202555 -0.0219865731
v -0.00690422457 -0.0307265582 -0.023792329
f 2392 2394 2393
v -0.00857723207 -0.0300963118 -0.0242014969
v -0.0102774531 -0.0304642657 -0.025031736
v -0.0110604218 -0.0304702146 -0.0232759136
f 2395 2397 2396
v -0.0109425535 -0.0314527133 -0.0218342611
v -0.00801703718 -0.0320202555 -0.0219865731
v -0.00981784979 -0.0304499175 -0.0227041557
f 2398 2400 2399
v -0.0112941125 -0.0330695184 -0.0220430054
v -0.00801703718 -0.0320202555 -0.0219865731
v -0.0109425535 -0.0314527133 -0.0218342611
f 2401 2403 2402
v -0.00527890006 -0.0347814697 -0.0212185638
v -0.00560056433 -0.0337766483 -0.0227898898
v -0.00768256068 -0.0339783641 -0.0217594512
f 2404 2406 2405
v -0.00237243039 -0.0335355027 -0.0138227231
v -0.00752415217 -0.0353808719 -0.0170775267
v -0.0060987637 -0.0333547156 -0.0148457199
f 2407 2409 2408
v -0.00926325301 -0.0359283673 -0.0199318558
v -0.00527890006 -0.0347814697 -0.0212185638
v -0.0106024861 -0.0349545007 -0.0210412298
f 2410 2412 2411
v -0.00588466137 -0.0358208141 -0.0185550147
v -0.00926325301 -0.0359283673 -0.0199318558
v -0.00956893491 -0.0359587197 -0.0189497616
f 2413 2415 2414
v -0.0106024861 -0.0349545007 -0.0210412298
v -0.00527890006 -0.0347814697 -0.0212185638
v -0.00768256068 -0.0339783641 -0.0217594512
f 2416 2418 2417
v -0.00588466137 -0.0358208141 -0.0185550147
v -0.00527890006 -0.0347814697 -0.0212185638
v -0.00926325301 -0.0359283673 -0.0199318558
f 2419 2421 2420
v -0.0135811191 -0.0337910256 -0.0215777472
v -0.0137282477 -0.0353810377 -0.0201457224
v -0.00926325301 -0.0359283673 -0.0199318558
f 2422 2424 2423
v -0.00588466137 -0.0358208141 -0.0185550147
v -0.00956893491 -0.0359587197 -0.0189497616
v -0.00752415217 -0.0353808719 -0.0170775267
f 2425 2427 2426
v -0.0160425334 -0.0305488764 -0.0245565025
v -0.0150562468 -0.0300461252 -0.0263628899
v -0.0175031717 -0.0304904417 -0.0265275914
f 2428 2430 2429
v -0.0151850734 -0.0303205161 -0.0230330683
v -0.0150562468 -0.0300461252 -0.0263628899
v -0.0160425334 -0.0305488764 -0.0245565025
f 2431 2433 2432
v -0.0175031717 -0.0304904417 -0.0265275914
v -0.0187795013 -0.0304700196 -0.0215383014
v -0.0165542267 -0.0307146867 -0.0220820642
f 2434 2436 2435
v -0.0112941125 -0.0330695184 -0.0220430054
v -0.0109425535 -0.0314527133 -0.0218342611
v -0.0150575157 -0.0312335847 -0.0216842891
f 2437 2439 2438
v -0.0106024861 -0.0349545007 -0.0210412298
v -0.0112941125 -0.0330695184 -0.0220430054
v -0.0135811191 -0.0337910256 -0.0215777472
f 2440 2442 2441
v -0.0174859175 -0.0294226746 -0.0304604735
v -0.0175031717 -0.0304904417 -0.0265275914
v -0.0173471752 -0.0302043336 -0.0284298498
f 2443 2445 2444
v -0.0175031717 -0.0304904417 -0.0265275914
v -0.0150562468 -0.0300461252 -0.0263628899
v -0.0173471752 -0.0302043336 -0.0284298498
f 2446 2448 2447
v -0.0150562468 -0.0300461252 -0.0263628899
v -0.0110604218 -0.0304702146 -0.0232759136
v -0.0125973995 -0.0303865585 -0.026257048
f 2449 2451 2450
v -0.01093713 -0.0313067896 -0.015721134
v -0.0136693736 -0.0332964439 -0.0164537647
v -0.0152547422 -0.0315124344 -0.0152834822
f 2452 2454 2453
v -0.0136693736 -0.0332964439 -0.0164537647
v -0.0139947893 -0.0347657216 -0.0171944936
v -0.0171449879 -0.034584626 -0.0170180996
f 2455 2457 2456
v -0.0136693736 -0.0332964439 -0.0164537647
v -0.0171449879 -0.034584626 -0.0170180996
v -0.0177034133 -0.0331659947 -0.015982904
f 2458 2460 2459
v -0.0168744562 -0.0314472622 -0.0213571431
v -0.0181004114 -0.0315657875 -0.0184825432
v -0.0168723607 -0.032932678 -0.0215702181
f 2461 2463 2462
v -0.0177034133 -0.0331659947 -0.015982904
v -0.0171449879 -0.034584626 -0.0170180996
v -0.016960327 -0.0344134256 -0.0189314393
f 2464 2466 2465
v -0.0177794573 -0.0309793511 -0.0211663835
v -0.0187795013 -0.0304700196 -0.0215383014
v -0.0181004114 -0.0315657875 -0.0184825432
f 2467 2469 2468
v -0.00926325301 -0.0359283673 -0.0199318558
v -0.0127933657 -0.0356288161 -0.0190835679
v -0.00956893491 -0.0359587197 -0.0189497616
f 2470 2472 2471
v -0.0163298275 -0.0355595432 -0.0196459776
v -0.0137282477 -0.0353810377 -0.0201457224
v -0.0165691337 -0.0345357519 -0.0206217781
f 2473 2475 2474
v -0.0163298275 -0.0355595432 -0.0196459776
v -0.0172427332 -0.0355588883 -0.0183847515
v -0.0127933657 -0.0356288161 -0.0190835679
f 2476 2478 2477
v -0.01093713 -0.0313067896 -0.015721134
v -0.0152547422 -0.0315124344 -0.0152834822
v -0.013591336 -0.0307797163 -0.0141013254
f 2479 2481 2480
v -0.0102911676 -0.0351033756 -0.0179730909
v -0.0139947893 -0.0347657216 -0.0171944936
v -0.0136693736 -0.0332964439 -0.0164537647
f 2482 2484 2483
v -0.00435186448 -0.0325838366 -0.0141623619
v -0.0060987637 -0.0333547156 -0.0148457199
v -0.0072018127 -0.0309121679 -0.0147314626
f 2485 2487 2486
v -0.0115566465 -0.0320834864 -0.00897222199
v -0.00842139998 -0.0301758526 -0.00864413742
v -0.0122932062 -0.0306507485 -0.00917540965
f 2488 2490 2489
v -0.00929687667 -0.0352687319 -0.00553556783
v -0.00560030021 -0.0335890596 -0.00699073935
v -0.010761249 -0.0340252707 -0.007715018
f 2491 2493 2492
v -0.00667785207 -0.0377216202 -0.00321758125
v -0.00929687667 -0.0352687319 -0.00553556783
v -0.00926481007 -0.0365323882 -0.00458713293
f 2494 2496 2495
v -0.0121312412 -0.0362472318 -0.00507545737
v -0.010761249 -0.0340252707 -0.007715018
v -0.0161089061 -0.0359682163 -0.00710266104
f 2497 2499 2498
v -0.00929687667 -0.0352687319 -0.00553556783
v -0.010761249 -0.0340252707 -0.007715018
v -0.0121312412 -0.0362472318 -0.00507545737
f 2500 2502 2501
v -0.0161089061 -0.0359682163 -0.00710266104
v -0.010761249 -0.0340252707 -0.007715018
v -0.013696625 -0.0341731298 -0.00849589414
f 2503 2505 2504
v -0.00929687667 -0.0352687319 -0.00553556783
v -0.0121312412 -0.0362472318 -0.00507545737
v -0.00926481007 -0.0365323882 -0.00458713293
f 2506 2508 2507
v -0.013591336 -0.0307797163 -0.0141013254
v -0.0161992415 -0.0309908704 -0.0123503225
v -0.0100663339 -0.0301257329 -0.0127132531
f 2509 2511 2510
v -0.0138755742 -0.0326070236 -0.00935696662
v -0.0115566465 -0.0320834864 -0.00897222199
v -0.0122932062 -0.0306507485 -0.00917540965
f 2512 2514 2513
v -0.0161992415 -0.0309908704 -0.0123503225
v -0.0185436365 -0.0318686711 -0.0108196517
v -0.0152928886 -0.030522389 -0.00991416382
f 2515 2517 2516
v -0.0152928886 -0.030522389 -0.00991416382
v -0.0185436365 -0.0318686711 -0.0108196517
v -0.0180313495 -0.0312009768 -0.00975862349
f 2518 2520 2519
v -0.0188783597 -0.0313320081 -0.00994905931
v -0.0185436365 -0.0318686711 -0.0108196517
v -0.0183506054 -0.0319072336 -0.0123173158
f 2521 2523 2522
v -0.0187795013 -0.0304700196 -0.0215383014
v -0.0188783597 -0.0313320081 -0.00994905931
v -0.0183506054 -0.0319072336 -0.0123173158
f 2524 2526 2525
v -0.0188783597 -0.0313320081 -0.00994905931
v -0.0200306749 -0.029084034 -0.00671928719
v -0.0185489131 -0.03165784 -0.00934251948
f 2527 2529 2528
v -0.0152547422 -0.0315124344 -0.0152834822
v -0.0181467243 -0.0321387895 -0.0144197969
v -0.0165882724 -0.0313308556 -0.0138928139
f 2530 2532 2531
v -0.0165882724 -0.0313308556 -0.0138928139
v -0.0161992415 -0.0309908704 -0.0123503225
v -0.013591336 -0.0307797163 -0.0141013254
f 2533 2535 2534
v -0.00619272323 -0.0391104404 -0.00113245924
v -0.00667785207 -0.0377216202 -0.00321758125
v -0.0103789876 -0.0387251202 -0.00214239517
f 2536 2538 2537
v -0.0121312412 -0.0362472318 -0.00507545737
v -0.0164407538 -0.0367078726 -0.00587289142
v -0.0130038126 -0.0379308942 -0.00366849563
f 2539 2541 2540
v -0.0130038126 -0.0379308942 -0.00366849563
v -0.0164407538 -0.0367078726 -0.00587289142
v -0.0162680633 -0.0373230811 -0.00497799556
f 2542 2544 2543
v -0.017241844 -0.0350222079 -0.00850972719
v -0.0164407538 -0.0367078726 -0.00587289142
v -0.0161089061 -0.0359682163 -0.00710266104
f 2545 2547 2546
v -0.0130038126 -0.0379308942 -0.00366849563
v -0.0159911433 -0.0383896782 -0.00300303072
v -0.0128779633 -0.0389777852 -0.00124079534
f 2548 2550 2549
v -0.00740823525 -0.0325804809 -0.00801879578
v -0.0115566465 -0.0320834864 -0.00897222199
v -0.010761249 -0.0340252707 -0.007715018
f 2551 2553 2552
v 0.00329562899 -0.0326620764 -0.025891792
v 0.000401379657 -0.0337518868 -0.0241386908
v 0.00189050334 -0.0330426556 -0.0232582795
f 2554 2556 2555
v 0.000876498962 -0.0338180456 -0.00488013757
v 0.00101445039 -0.0330678187 -0.00581417225
v -0.00345516928 -0.0347539783 -0.00539576758
f 2557 2559 2558
v -0.00560030021 -0.0335890596 -0.00699073935
v 0.000505072967 -0.0314901728 -0.00664167383
v -0.00740823525 -0.0325804809 -0.00801879578
f 2560 2562 2561
v 0.00552335987 -0.0318746257 -0.0278528401
v 0.0018525956 -0.0317548343 -0.0288162904
v 0.0020168809 -0.0331387622 -0.0266743125
f 2563 2565 2564
v -0.00755219298 -0.0287101604 -0.0283819798
v -0.0101192745 -0.0281502784 -0.0295797334
v -0.0100049889 -0.0301033899 -0.0264913979
f 2566 2568 2567
v 0.00775716326 -0.0213414067 -0.00324391476
v 0.00590107084 -0.0307155482 0.000847126648
v 0.00816872634 -0.01675206 0.000844883925
f 2569 2571 2570
v 0.00775716326 -0.0213414067 -0.00324391476
v 0.00655675685 -0.0288921612 -0.00491234387
v 0.00590107084 -0.0307155482 0.000847126648
f 2572 2574 2573
v 0.00590107084 -0.0307155482 0.000847126648
v 0.00655675685 -0.0288921612 -0.00491234387
v 0.00515144784 -0.0359191763 -0.00321477091
f 2575 2577 2576
v 0.00515144784 -0.0359191763 -0.00321477091
v 0.00447998245 -0.0391290407 -0.0016598322
v 0.00590107084 -0.0307155482 0.000847126648
f 2578 2580 2579
v 0.000622140942 -0.0407061656 -0.00203894524
v 0.00186613106 -0.0426013488 0.000836479194
v 0.00267277283 -0.0411082554 -0.00228766039
f 2581 2583 2582
v -0.00105836662 0.0250492769 0.0260006724
v 6.32906449e-05 0.0254515762 0.0232976425
v 0.00302401677 0.0253777689 0.0235691041
f 2584 2586 2585
v -0.00105836662 0.0250492769 0.0260006724
v 0.00302401677 0.0253777689 0.0235691041
v 0.00342595522 0.0248636439 0.0256292202
f 2587 2589 2588
v -0.00465448611 -0.039092431 0.000903209821
v -0.00520291032 -0.038896795 -0.00250636331
v -0.00619272323 -0.0391104404 -0.00113245924
f 2590 2592 2591
v 0.000519311288 -0.0395856216 0.000844409715
v 0.000680365338 -0.0419894815 0.000846477451
v -0.000207145058 -0.0393567723 -0.000769858616
f 2593 2595 2594
v -0.0103789876 -0.0387251202 -0.00214239517
v -0.0128779633 -0.0389777852 -0.00124079534
v -0.00955521973 -0.0389875204 -7.72574822e-05
f 2596 2598 2597
v -0.00955521973 -0.0389875204 -7.72574822e-05
v -0.0128779633 -0.0389777852 -0.00124079534
v -0.00997961688 -0.0386526721 0.000859947613
f 2599 2601 2600
v -0.0159911433 -0.0383896782 -0.00300303072
v -0.0159750227 -0.0387690088 -0.000432615798
v -0.0128779633 -0.0389777852 -0.00124079534
f 2602 2604 2603
v -0.0165646197 -0.0382420694 -0.00216034605
v -0.0163162797 -0.038541056 0.000844819806
v -0.0159750227 -0.0387690088 -0.000432615798
f 2605 2607 2606
v -0.0128779633 -0.0389777852 -0.00124079534
v -0.0159750227 -0.0387690088 -0.000432615798
v -0.0163162797 -0.038541056 0.000844819806
f 2608 2610 2609
v -0.00915590354 -0.00178698829 -0.0476283254
v -0.0114702503 -0.00256043058 -0.0477679219
v -0.0107230531 -0.0039292092 -0.0474708591
f 2611 2613 2612
v -0.0114702503 -0.00256043058 -0.0477679219
v -0.00915590354 -0.00178698829 -0.0476283254
v -0.0119617704 -0.00150206906 -0.0469191873
f 2614 2616 2615
v -0.0122739351 -0.00335840268 -0.0471155363
v -0.0119617704 -0.00150206906 -0.0469191873
v -0.0148985448 -0.00307133741 -0.0467070815
f 2617 2619 2618
v -0.0137759052 -0.00725204591 -0.047215831
v -0.0122739351 -0.00335840268 -0.0471155363
v -0.014697836 -0.00472922329 -0.047096677
f 2620 2622 2621
v -0.0148985448 -0.00307133741 -0.0467070815
v -0.0135637485 0.00277648869 -0.0459795992
v -0.0185868557 -0.000272368879 -0.0456724316
f 2623 2625 2624
v -0.018623317 0.00480877279 -0.0443924393
v -0.0205465141 -0.000187999785 -0.0449816493
v -0.016828443 0.0013329729 -0.0457507296
f 2626 2628 2627
v -0.0205465141 -0.000187999785 -0.0449816493
v -0.018623317 0.00480877279 -0.0443924393
v -0.0207618534 0.00142101198 -0.0445475802
f 2629 2631 2630
v -0.014697836 -0.00472922329 -0.047096677
v -0.0148985448 -0.00307133741 -0.0467070815
v -0.0177311231 -0.00301860309 -0.0463998178
f 2632 2634 2633
v -0.0200222537 -0.00386045613 -0.0455222675
v -0.0205465141 -0.000187999785 -0.0449816493
v -0.0208829326 -0.00162560536 -0.0447225349
f 2635 2637 2636
v -0.0137759052 -0.00725204591 -0.047215831
v -0.0111608984 -0.0113986578 -0.0468755548
v -0.0100607955 -0.00587762916 -0.0476684101
f 2638 2640 2639
v -0.0111608984 -0.0113986578 -0.0468755548
v -0.00748761886 -0.00721259712 -0.0473989261
v -0.0100607955 -0.00587762916 -0.0476684101
f 2641 2643 2642
v -0.0162436714 -0.0121307479 -0.0463051168
v -0.0155252288 -0.00804469819 -0.0466070866
v -0.0179403985 -0.00804757947 -0.0462490658
f 2644 2646 2645
v -0.0137759052 -0.00725204591 -0.047215831
v -0.0155252288 -0.00804469819 -0.0466070866
v -0.0162436714 -0.0121307479 -0.0463051168
f 2647 2649 2648
v -0.0131935347 -0.0130843502 -0.0466729922
v -0.0111608984 -0.0113986578 -0.0468755548
v -0.0162436714 -0.0121307479 -0.0463051168
f 2650 2652 2651
v -0.0179403985 -0.00804757947 -0.0462490658
v -0.0204692347 -0.00473888467 -0.044868837
v -0.0195667148 -0.00732276603 -0.0452709995
f 2653 2655 2654
v -0.0204692347 -0.00473888467 -0.044868837
v -0.0203634569 -0.00495670502 -0.0407365122
v -0.0195667148 -0.00732276603 -0.0452709995
f 2656 2658 2657
v -0.0190795632 -0.00977232266 -0.0454690104
v -0.0203634569 -0.00495670502 -0.0407365122
v -0.0187331476 -0.0112497459 -0.0452530745
f 2659 2661 2660
v -0.0162436714 -0.0121307479 -0.0463051168
v -0.0179403985 -0.00804757947 -0.0462490658
v -0.0190795632 -0.00977232266 -0.0454690104
f 2662 2664 2663
v -0.0203634569 -0.00495670502 -0.0407365122
v -0.0187815604 -0.0134301241 -0.0408542634
v -0.0187331476 -0.0112497459 -0.0452530745
f 2665 2667 2666
v -0.0205465141 -0.000187999785 -0.0449816493
v -0.0226800461 -0.00087669323 -0.0321003667
v -0.0203634569 -0.00495670502 -0.0407365122
f 2668 2670 2669
v -0.0226800461 -0.00087669323 -0.0321003667
v -0.0206413679 -0.0145154088 -0.0291050324
v -0.0203634569 -0.00495670502 -0.0407365122
f 2671 2673 2672
v -0.0203634569 -0.00495670502 -0.0407365122
v -0.0206413679 -0.0145154088 -0.0291050324
v -0.0187815604 -0.0134301241 -0.0408542634
f 2674 2676 2675
v -0.0206458382 0.00307842129 -0.0442554534
v -0.0205465141 -0.000187999785 -0.0449816493
v -0.0207618534 0.00142101198 -0.0445475802
f 2677 2679 2678
v -0.0206458382 0.00307842129 -0.0442554534
v -0.0226800461 -0.00087669323 -0.0321003667
v -0.0205465141 -0.000187999785 -0.0449816493
f 2680 2682 2681
v -0.0118297146 -0.017954738 -0.0447298633
v -0.0139381154 -0.0154465757 -0.0453357439
v -0.0145263402 -0.0185990633 -0.044081104
f 2683 2685 2684
v -0.0173641194 -0.0184537363 -0.0412891211
v -0.0152315566 -0.0197927511 -0.0407332554
v -0.013026208 -0.0196171546 -0.041232715
f 2686 2688 2687
v -0.0189896586 -0.0137590396 -0.0440977135
v -0.0190748164 -0.0155073591 -0.0429997337
v -0.0172550819 -0.0156784605 -0.0450469757
f 2689 2691 2690
v -0.0172550819 -0.0156784605 -0.0450469757
v -0.0190748164 -0.0155073591 -0.0429997337
v -0.0170330488 -0.0181255775 -0.0433650304
f 2692 2694 2693
v -0.0190748164 -0.0155073591 -0.0429997337
v -0.0184173463 -0.017276466 -0.0414269161
v -0.0170330488 -0.0181255775 -0.0433650304
f 2695 2697 2696
v -0.0190795632 -0.00977232266 -0.0454690104
v -0.0187331476 -0.0112497459 -0.0452530745
v -0.0162436714 -0.0121307479 -0.0463051168
f 2698 2700 2699
v -0.0189896586 -0.0137590396 -0.0440977135
v -0.0187815604 -0.0134301241 -0.0408542634
v -0.0190748164 -0.0155073591 -0.0429997337
f 2701 2703 2702
v -0.0178528659 -0.0182573975 -0.0404499442
v -0.0187815604 -0.0134301241 -0.0408542634
v -0.0206413679 -0.0145154088 -0.0291050324
f 2704 2706 2705
v -0.0152315566 -0.0197927511 -0.0407332554
v -0.0162604207 -0.0214987478 -0.039700768
v -0.0134476199 -0.0214563668 -0.0399118813
f 2707 2709 2708
v -0.0176551504 -0.0246374722 -0.0359160942
v -0.0178390459 -0.0244716997 -0.0360010163
v -0.0175524707 -0.0254400278 -0.0350206479
f 2710 2712 2711
v -0.0180081144 -0.023391837 -0.0376501441
v -0.0141597688 -0.0228978912 -0.0388094079
v -0.0178269824 -0.0221461814 -0.0385099294
f 2713 2715 2714
v -0.0178243063 -0.0262254442 -0.0338544225
v -0.0180292744 -0.026486587 -0.0328558323
v -0.0143835758 -0.0261607231 -0.0327251386
f 2716 2718 2717
v -0.0175524707 -0.0254400278 -0.0350206479
v -0.0184989505 -0.0257522741 -0.0300508516
v -0.0180292744 -0.026486587 -0.0328558323
f 2719 2721 2720
v -0.0173641194 -0.0184537363 -0.0412891211
v -0.0184522782 -0.0208239784 -0.0347360998
v -0.017904659 -0.0198050227 -0.0386098633
f 2722 2724 2723
v -0.018623317 0.00480877279 -0.0443924393
v -0.0206458382 0.00307842129 -0.0442554534
v -0.0207618534 0.00142101198 -0.0445475802
f 2725 2727 2726
v -0.0226800461 -0.00087669323 -0.0321003667
v -0.0247552089 -0.008915746 -0.0198577196
v -0.0228948687 -0.00643175808 -0.0272585719
f 2728 2730 2729
v -0.0228948687 -0.00643175808 -0.0272585719
v -0.0247552089 -0.008915746 -0.0198577196
v -0.0206413679 -0.0145154088 -0.0291050324
f 2731 2733 2732
v -0.0247552089 -0.008915746 -0.0198577196
v -0.0257968844 -0.00735085923 -0.0154321518
v -0.0251218094 -0.0116166695 -0.015364906
f 2734 2736 2735
v -0.0257968844 -0.00735085923 -0.0154321518
v -0.0259234774 -0.00722725308 -0.0111548878
v -0.0251218094 -0.0116166695 -0.015364906
f 2737 2739 2738
v -0.0251218094 -0.0116166695 -0.015364906
v -0.0259234774 -0.00722725308 -0.0111548878
v -0.0245946925 -0.0142860954 -0.00994383736
f 2740 2742 2741
v -0.0259234774 -0.00722725308 -0.0111548878
v -0.0256922853 -0.00215234249 -0.00812825601
v -0.0254607905 -0.0125331149 0.000847756746
f 2743 2745 2744
v -0.0256922853 -0.00215234249 -0.00812825601
v -0.0254737621 -0.00489490121 0.000848952459
v -0.0254607905 -0.0125331149 0.000847756746
f 2746 2748 2747
v -0.0206413679 -0.0145154088 -0.0291050324
v -0.0238889668 -0.0143089332 -0.0185380675
v -0.0215293636 -0.0209324498 -0.0184274453
f 2749 2751 2750
v -0.0215293636 -0.0209324498 -0.0184274453
v -0.0196499197 -0.0276563631 -0.0192240608
v -0.0184989505 -0.0257522741 -0.0300508516
f 2752 2754 2753
v -0.0245946925 -0.0142860954 -0.00994383736
v -0.0215293636 -0.0209324498 -0.0184274453
v -0.0251218094 -0.0116166695 -0.015364906
f 2755 2757 2756
v -0.0212071973 -0.0253514736 -0.00940530153
v -0.0245946925 -0.0142860954 -0.00994383736
v -0.0239505331 -0.019921278 -0.00338060127
f 2758 2760 2759
v -0.0239505331 -0.019921278 -0.00338060127
v -0.0245946925 -0.0142860954 -0.00994383736
v -0.0259234774 -0.00722725308 -0.0111548878
f 2761 2763 2762
v -0.0196499197 -0.0276563631 -0.0192240608
v -0.0212071973 -0.0253514736 -0.00940530153
v -0.0200306749 -0.029084034 -0.00671928719
f 2764 2766 2765
v -0.0212071973 -0.0253514736 -0.00940530153
v -0.0239505331 -0.019921278 -0.00338060127
v -0.0200306749 -0.029084034 -0.00671928719
f 2767 2769 2768
v -0.0203625692 -0.0288550509 0.000846650619
v -0.0179657494 -0.034117882 0.000846030616
v -0.0200306749 -0.029084034 -0.00671928719
f 2770 2772 2771
v -0.0172851505 -0.0279680447 -0.0314584904
v -0.0178966962 -0.0271824159 -0.0321860804
v -0.0184989505 -0.0257522741 -0.0300508516
f 2773 2775 2774
v -0.0184989505 -0.0257522741 -0.0300508516
v -0.0174859175 -0.0294226746 -0.0304604735
v -0.0172851505 -0.0279680447 -0.0314584904
f 2776 2778 2777
v -0.0196499197 -0.0276563631 -0.0192240608
v -0.0174859175 -0.0294226746 -0.0304604735
v -0.0184989505 -0.0257522741 -0.0300508516
f 2779 2781 2780
v -0.0196499197 -0.0276563631 -0.0192240608
v -0.0187795013 -0.0304700196 -0.0215383014
v -0.0174859175 -0.0294226746 -0.0304604735
f 2782 2784 2783
v -0.0196499197 -0.0276563631 -0.0192240608
v -0.0200306749 -0.029084034 -0.00671928719
v -0.0187795013 -0.0304700196 -0.0215383014
f 2785 2787 2786
v -0.0226800461 -0.00087669323 -0.0321003667
v -0.0228948687 -0.00643175808 -0.0272585719
v -0.0206413679 -0.0145154088 -0.0291050324
f 2788 2790 2789
v -0.0239505331 -0.019921278 -0.00338060127
v -0.0254607905 -0.0125331149 0.000847756746
v -0.0241131769 -0.0195937901 0.000846485273
f 2791 2793 2792
v -0.0239505331 -0.019921278 -0.00338060127
v -0.0241131769 -0.0195937901 0.000846485273
v -0.0203625692 -0.0288550509 0.000846650619
f 2794 2796 2795
v -0.00205592987 -0.00578283871 -0.0469525141
v 0.00289364252 -0.0039390794 -0.0468152197
v -0.00153823639 -0.00216847257 -0.047129608
f 2797 2799 2798
v -0.00915590354 -0.00178698829 -0.0476283254
v -0.00749820465 0.00120639015 -0.0471655338
v -0.00945287466 0.000482446239 -0.0472684304
f 2800 2802 2801
v -0.0251221238 -0.000308962581 -0.0190934094
v -0.0262337853 0.00709225642 -0.00531426012
v -0.0256922853 -0.00215234249 -0.00812825601
f 2803 2805 2804
v -0.00214334104 0.00786054516 -0.0459110452
v -0.00398573429 0.00994754882 -0.045588077
v -0.00462789685 0.0081782644 -0.0463537552
f 2806 2808 2807
v -0.0175524707 -0.0254400278 -0.0350206479
v -0.0155264119 -0.0256249332 -0.0355660944
v -0.0160926138 -0.0248752302 -0.0363817031
f 2809 2811 2810
v -0.015935686 0.0294147147 -0.00102192544
v -0.0117976873 0.0297632534 -0.000276430092
v -0.0121815552 0.0299001316 0.000849107346
f 2812 2814 2813
v -0.0183309516 0.0289416086 -0.00123356103
v -0.015935686 0.0294147147 -0.00102192544
v -0.0177971859 0.0292889803 0.00084262474
f 2815 2817 2816
v -0.023358615 0.0289568095 -0.0011212217
v -0.0220790171 0.0289098884 -0.00151195536
v -0.0236828331 0.0292414275 0.000845275463
f 2818 2820 2819
v -0.00265555063 0.0292951212 0.000281235953
v -0.00123108111 0.0291450619 -0.00205121796
v 0.00112637281 0.0294202619 0.000836686559
f 2821 2823 2822
v 0.00512393162 0.023105045 0.0185360608
v 0.00409435524 0.0235030049 0.000847909087
v 0.0045220113 0.0209145044 0.000846130479
f 2824 2826 2825
v 0.0042527332 0.0190140912 0.0406795938
v 0.00440549629 0.0160507218 0.0407492102
v 0.00363661384 0.0178889342 0.042110373
f 2827 2829 2828
v 0.00293622797 0.014813531 0.0451233995
v 0.00362422434 0.0151298125 0.0444918172
v 0.00326063382 0.0139673415 0.0456439477
f 2830 2832 2831
v 0.00329423856 0.0125727543 0.046855933
v 0.00326063382 0.0139673415 0.0456439477
v 0.00362422434 0.0151298125 0.0444918172
f 2833 2835 2834
v 0.00440549629 0.0160507218 0.0407492102
v 0.00426738843 0.00718745505 0.0410189677
v 0.00362422434 0.0151298125 0.0444918172
f 2836 2838 2837
v 0.00363210056 0.0113137088 0.0473407737
v 0.00329423856 0.0125727543 0.046855933
v 0.00362422434 0.0151298125 0.0444918172
f 2839 2841 2840
v 0.00362422434 0.0151298125 0.0444918172
v 0.00426738843 0.00718745505 0.0410189677
v 0.00365761371 0.00854750324 0.0473899039
f 2842 2844 2843
v 0.0042527332 0.0190140912 0.0406795938
v 0.00394345698 0.0194509019 0.0398791482
v 0.00428684798 0.0190713938 0.0400389428
f 2845 2847 2846
v 0.00428684798 0.0190713938 0.0400389428
v 0.00394345698 0.0194509019 0.0398791482
v 0.00392122529 0.0193679123 0.0398832344
f 2848 2850 2849
v 0.0032953154 0.0200979906 0.0389101333
v 0.00392122529 0.0193679123 0.0398832344
v 0.00394345698 0.0194509019 0.0398791482
f 2851 2853 2852
v 0.0032953154 0.0200979906 0.0389101333
v 0.00254011684 0.020866617 0.0379140867
v 0.00319387182 0.0204634591 0.0382735074
f 2854 2856 2855
v 0.00300795436 0.0210426777 0.0371696544
v 0.00332216805 0.0203679141 0.0383998384
v 0.00319387182 0.0204634591 0.0382735074
f 2857 2859 2858
v 0.00332216805 0.0203679141 0.0383998384
v 0.0032953154 0.0200979906 0.0389101333
v 0.00320775362 0.0205137825 0.0382710306
f 2860 2862 2861
v 0.00332216805 0.0203679141 0.0383998384
v 0.00320775362 0.0205137825 0.0382710306
v 0.00319387182 0.0204634591 0.0382735074
f 2863 2865 2864
v 0.00332216805 0.0203679141 0.0383998384
v 0.00300795436 0.0210426777 0.0371696544
v 0.00428684798 0.0190713938 0.0400389428
f 2866 2868 2867
v 0.00300795436 0.0210426777 0.0371696544
v 0.00254011684 0.020866617 0.0379140867
v 0.00328045135 0.0219779788 0.0362282415
f 2869 2871 2870
v 0.00300795436 0.0210426777 0.0371696544
v 0.00328045135 0.0219779788 0.0362282415
v 0.00410220673 0.0195687579 0.034309749
f 2872 2874 2873
v 0.00328045135 0.0219779788 0.0362282415
v 0.00320700274 0.0224260555 0.0352631876
v 0.00357897952 0.0231884711 0.0330573966
f 2875 2877 2876
v 0.00495492422 0.0157759263 0.0343021355
v 0.00573182333 0.0131282126 0.0301024877
v 0.00440549629 0.0160507218 0.0407492102
f 2878 2880 2879
v 0.00369942209 0.00611697542 0.0474715722
v 0.00426738843 0.00718745505 0.0410189677
v 0.00349641996 0.00384136147 0.0478052971
f 2881 2883 2882
v 0.00349641996 0.00384136147 0.0478052971
v 0.00426738843 0.00718745505 0.0410189677
v 0.00350535338 0.00274332633 0.0481856841
f 2884 2886 2885
v 0.00365761371 0.00854750324 0.0473899039
v -0.00237782588 0.00817289329 0.0476353365
v 0.00363210056 0.0113137088 0.0473407737
f 2887 2889 2888
v -0.00237782588 0.00817289329 0.0476353365
v 0.00369942209 0.00611697542 0.0474715722
v -0.000958651799 0.00327629896 0.0478283298
f 2890 2892 2891
v -0.000958651799 0.00327629896 0.0478283298
v -0.00584535155 0.00578107938 0.0482682779
v -0.00237782588 0.00817289329 0.0476353365
f 2893 2895 2894
v 0.00350889459 -0.000150062215 0.0486588833
v -0.00197893751 -0.000410423627 0.0484791613
v 0.00316268124 0.00098322198 0.048524281
f 2896 2898 2897
v 0.00349641996 0.00384136147 0.0478052971
v -0.00197893751 -0.000410423627 0.0484791613
v -0.000958651799 0.00327629896 0.0478283298
f 2899 2901 2900
v -0.00584535155 0.00578107938 0.0482682779
v -0.00197893751 -0.000410423627 0.0484791613
v -0.0063611631 0.00110783294 0.0486873934
f 2902 2904 2903
v -0.00197893751 -0.000410423627 0.0484791613
v -0.00153076835 -0.00221545051 0.0488237536
v -0.00906384521 0.000290296202 0.0490683247
f 2905 2907 2906
v 0.00573182333 0.0131282126 0.0301024877
v 0.00662349048 0.00144470832 0.0317084079
v 0.00426738843 0.00718745505 0.0410189677
f 2908 2910 2909
v 0.00363210056 0.0113137088 0.0473407737
v -0.00237782588 0.00817289329 0.0476353365
v -0.00133483918 0.0104896368 0.0473911903
f 2911 2913 2912
v 0.00573182333 0.0131282126 0.0301024877
v 0.00696187344 0.0122269106 0.0196447843
v 0.00716895302 0.00918688675 0.0234004532
f 2914 2916 2915
v 0.0045220113 0.0209145044 0.000846130479
v 0.00678248762 0.012712249 0.000846504372
v 0.00696187344 0.0122269106 0.0196447843
f 2917 2919 2918
v 0.00716895302 0.00918688675 0.0234004532
v 0.00740843388 0.00422023077 0.0150433363
v 0.0076937009 -0.00520844114 0.0232974853
f 2920 2922 2921
v 0.00662349048 0.00144470832 0.0317084079
v 0.00716895302 0.00918688675 0.0234004532
v 0.0076937009 -0.00520844114 0.0232974853
f 2923 2925 2924
v 0.0076937009 -0.00520844114 0.0232974853
v 0.00803918956 -0.00229416764 0.0118403201
v 0.00810457423 -0.0136729126 0.0131812165
f 2926 2928 2927
v 0.00740843388 0.00422023077 0.0150433363
v 0.00696187344 0.0122269106 0.0196447843
v 0.00762372656 -9.5711539e-05 0.000845711656
f 2929 2931 2930
v 0.00740843388 0.00422023077 0.0150433363
v 0.00762372656 -9.5711539e-05 0.000845711656
v 0.00803918956 -0.00229416764 0.0118403201
f 2932 2934 2933
v 0.00359462356 0.0228366494 0.0342001527
v 0.00357897952 0.0231884711 0.0330573966
v 0.00320700274 0.0224260555 0.0352631876
f 2935 2937 2936
v 0.00425287799 0.0233723607 0.0291291712
v 0.00494716514 0.0231498387 0.0246115378
v 0.00573182333 0.0131282126 0.0301024877
f 2938 2940 2939
v 0.00391215362 0.0238474022 0.02880666
v 0.00177974289 0.0238308683 0.0319076236
v 0.000915584678 0.0245794916 0.0286961673
f 2941 2943 2942
v 0.000915584678 0.0245794916 0.0286961673
v -0.00415771501 0.0249448756 0.0276678271
v -0.00105836662 0.0250492769 0.0260006724
f 2944 2946 2945
v 0.00391215362 0.0238474022 0.02880666
v 0.00425287799 0.0233723607 0.0291291712
v 0.00357897952 0.0231884711 0.0330573966
f 2947 2949 2948
v 0.00315754951 0.0275539496 0.01805231
v 0.00284738053 0.0277722051 0.0168713072
v 0.00309362804 0.0276065606 0.0169151303
f 2950 2952 2951
v 0.00243445102 0.0278806576 0.0167221282
v 0.00192432344 0.0285444286 0.0147379804
v 0.00257089996 0.0278853317 0.0141364595
f 2953 2955 2954
v 0.00251229067 0.0260205241 0.0216204338
v 0.00378169279 0.0250506913 0.021367149
v 0.00302401677 0.0253777689 0.0235691041
f 2956 2958 2957
v 0.00342595522 0.0248636439 0.0256292202
v 0.00494716514 0.0231498387 0.0246115378
v 0.00425287799 0.0233723607 0.0291291712
f 2959 2961 2960
v 0.00391215362 0.0238474022 0.02880666
v 0.00342595522 0.0248636439 0.0256292202
v 0.00425287799 0.0233723607 0.0291291712
f 2962 2964 2963
v 6.32906449e-05 0.0254515762 0.0232976425
v -0.00105836662 0.0250492769 0.0260006724
v -0.00458283102 0.0254654471 0.0253113132
f 2965 2967 2966
v 6.32906449e-05 0.0254515762 0.0232976425
v -0.00109943212 0.0263440394 0.0206961602
v 0.00302401677 0.0253777689 0.0235691041
f 2968 2970 2969
v 0.00302401677 0.0253777689 0.0235691041
v -0.00109943212 0.0263440394 0.0206961602
v 0.00251229067 0.0260205241 0.0216204338
f 2971 2973 2972
v 0.00291533579 0.0267225405 0.0199736794
v 0.00315754951 0.0275539496 0.01805231
v 0.00414815586 0.0250485522 0.017345183
f 2974 2976 2975
v 0.00378169279 0.0250506913 0.021367149
v 0.00291533579 0.0267225405 0.0199736794
v 0.00414815586 0.0250485522 0.017345183
f 2977 2979 2978
v -0.00109943212 0.0263440394 0.0206961602
v -0.00414989045 0.0272763282 0.0170019237
v -0.000743941928 0.0274358492 0.0167422186
f 2980 2982 2981
v 0.00309362804 0.0276065606 0.0169151303
v 0.00414815586 0.0250485522 0.017345183
v 0.00315754951 0.0275539496 0.01805231
f 2983 2985 2984
v 0.00315754951 0.0275539496 0.01805231
v 0.00291533579 0.0267225405 0.0199736794
v 0.00251229067 0.0260205241 0.0216204338
f 2986 2988 2987
v -0.000743941928 0.0274358492 0.0167422186
v 0.00315754951 0.0275539496 0.01805231
v 0.00251229067 0.0260205241 0.0216204338
f 2989 2991 2990
v 0.00243445102 0.0278806576 0.0167221282
v 0.00315754951 0.0275539496 0.01805231
v -0.000743941928 0.0274358492 0.0167422186
f 2992 2994 2993
v -0.000743941928 0.0274358492 0.0167422186
v -0.00414989045 0.0272763282 0.0170019237
v -0.000677619391 0.0283836795 0.0133510242
f 2995 2997 2996
v 0.00378169279 0.0250506913 0.021367149
v 0.00414815586 0.0250485522 0.017345183
v 0.00512393162 0.023105045 0.0185360608
f 2998 3000 2999
v -0.00634335811 0.0262493239 0.0242185764
v -0.00458283102 0.0254654471 0.0253113132
v -0.00942726329 0.0261250214 0.0251155638
f 3001 3003 3002
v -0.00458283102 0.0254654471 0.0253113132
v -0.00415771501 0.0249448756 0.0276678271
v -0.00942726329 0.0261250214 0.0251155638
f 3004 3006 3005
v -0.00414989045 0.0272763282 0.0170019237
v -0.00634335811 0.0262493239 0.0242185764
v -0.0087246146 0.0276015751 0.01846378
f 3007 3009 3008
v -0.00634335811 0.0262493239 0.0242185764
v -0.0115052622 0.0268569827 0.0219008696
v -0.0087246146 0.0276015751 0.01846378
f 3010 3012 3011
v -0.00634335811 0.0262493239 0.0242185764
v 6.32906449e-05 0.0254515762 0.0232976425
v -0.00458283102 0.0254654471 0.0253113132
f 3013 3015 3014
v -0.00570029224 0.0285524671 0.0125902647
v -0.00414989045 0.0272763282 0.0170019237
v -0.00695864946 0.0278798165 0.0152422625
f 3016 3018 3017
v -0.0115052622 0.0268569827 0.0219008696
v -0.0128026586 0.0277549785 0.0170961372
v -0.0087246146 0.0276015751 0.01846378
f 3019 3021 3020
v -0.0087246146 0.0276015751 0.01846378
v -0.0128026586 0.0277549785 0.0170961372
v -0.00695864946 0.0278798165 0.0152422625
f 3022 3024 3023
v 0.00315754951 0.0275539496 0.01805231
v 0.00243445102 0.0278806576 0.0167221282
v 0.00284132984 0.0277556072 0.0168720275
f 3025 3027 3026
v 0.00309362804 0.0276065606 0.0169151303
v 0.00284738053 0.0277722051 0.0168713072
v 0.00284132984 0.0277556072 0.0168720275
f 3028 3030 3029
v 0.00257089996 0.0278853317 0.0141364595
v 0.00309362804 0.0276065606 0.0169151303
v 0.00284132984 0.0277556072 0.0168720275
f 3031 3033 3032
v 0.00494716514 0.0231498387 0.0246115378
v 0.00378169279 0.0250506913 0.021367149
v 0.00512393162 0.023105045 0.0185360608
f 3034 3036 3035
v 0.0028356495 0.0290838478 0.0121638273
v 0.00255101186 0.0289485819 0.010821184
v 0.00257089996 0.0278853317 0.0141364595
f 3037 3039 3038
v 0.0028356495 0.0290838478 0.0121638273
v 0.00192432344 0.0285444286 0.0147379804
v -0.000677619391 0.0283836795 0.0133510242
f 3040 3042 3041
v 0.0028356495 0.0290838478 0.0121638273
v -0.000677619391 0.0283836795 0.0133510242
v 0.000711186294 0.0283598813 0.0118414413
f 3043 3045 3044
v 0.0028356495 0.0290838478 0.0121638273
v 0.00178449118 0.0291620207 0.0103058745
v 0.00255101186 0.0289485819 0.010821184
f 3046 3048 3047
v 0.00255101186 0.0289485819 0.010821184
v 0.00178449118 0.0291620207 0.0103058745
v 0.00177288384 0.0291291624 0.01030735
f 3049 3051 3050
v 0.0028356495 0.0290838478 0.0121638273
v 0.00125630831 0.0292069133 0.0100021913
v 0.00177288384 0.0291291624 0.01030735
f 3052 3054 3053
v 0.00142161371 0.0291769044 0.00877588318
v 0.00125630831 0.0292069133 0.0100021913
v -0.000274214835 0.0287633826 0.0103505234
f 3055 3057 3056
v 0.00125630831 0.0292069133 0.0100021913
v 0.00142161371 0.0291769044 0.00877588318
v 0.00216137923 0.0286170689 0.00944381391
f 3058 3060 3059
v 0.00140467819 0.0293878576 0.00374050396
v 0.000656276825 0.0294335972 0.00469417355
v 0.00132028727 0.0295068137 0.00260028246
f 3061 3063 3062
v 0.00257089996 0.0278853317 0.0141364595
v 0.00512393162 0.023105045 0.0185360608
v 0.00414815586 0.0250485522 0.017345183
f 3064 3066 3065
v 0.00512393162 0.023105045 0.0185360608
v 0.00257089996 0.0278853317 0.0141364595
v 0.00216137923 0.0286170689 0.00944381391
f 3067 3069 3068
v -0.000677619391 0.0283836795 0.0133510242
v -0.000274214835 0.0287633826 0.0103505234
v 0.000711186294 0.0283598813 0.0118414413
f 3070 3072 3071
v 0.00216137923 0.0286170689 0.00944381391
v 0.00110313922 0.0294262369 0.000851936329
v 0.00409435524 0.0235030049 0.000847909087
f 3073 3075 3074
v 0.00142161371 0.0291769044 0.00877588318
v -0.00467343561 0.0286825962 0.00901178719
v 0.0014596284 0.0291446398 0.00780057017
f 3076 3078 3077
v -0.00570029224 0.0285524671 0.0125902647
v -0.00824989766 0.0290062424 0.00714672424
v -0.00467343561 0.0286825962 0.00901178719
f 3079 3081 3080
v -0.00570029224 0.0285524671 0.0125902647
v -0.00695864946 0.0278798165 0.0152422625
v -0.010322898 0.028637753 0.0127045932
f 3082 3084 3083
v -0.0110581313 0.0289731717 0.00933598931
v -0.00824989766 0.0290062424 0.00714672424
v -0.00570029224 0.0285524671 0.0125902647
f 3085 3087 3086
v 0.0014596284 0.0291446398 0.00780057017
v -0.00467343561 0.0286825962 0.00901178719
v -0.00402997575 0.0290007854 0.00590078162
f 3088 3090 3089
v -0.00467343561 0.0286825962 0.00901178719
v -0.00824989766 0.0290062424 0.00714672424
v -0.00402997575 0.0290007854 0.00590078162
f 3091 3093 3092
v -0.00312570701 0.0287504139 0.00315352299
v -0.00402997575 0.0290007854 0.00590078162
v -0.00803123839 0.0286419789 0.00380748061
f 3094 3096 3095
v -0.00265573399 0.0292985816 0.00139945932
v -0.00312570701 0.0287504139 0.00315352299
v -0.00595196179 0.0293404097 0.000847146293
f 3097 3099 3098
v -0.00824989766 0.0290062424 0.00714672424
v -0.0115362913 0.0290159718 0.00585384987
v -0.0104905426 0.0288546813 0.00410128669
f 3100 3102 3101
v -0.00595196179 0.0293404097 0.000847146293
v -0.00803123839 0.0286419789 0.00380748061
v -0.0116420037 0.0298167026 0.00176154863
f 3103 3105 3104
v -0.00595196179 0.0293404097 0.000847146293
v -0.0116420037 0.0298167026 0.00176154863
v -0.0121420599 0.0299067353 0.000843748148
f 3106 3108 3107
v -0.0104905426 0.0288546813 0.00410128669
v -0.0116420037 0.0298167026 0.00176154863
v -0.00803123839 0.0286419789 0.00380748061
f 3109 3111 3110
v -0.0116420037 0.0298167026 0.00176154863
v -0.0104905426 0.0288546813 0.00410128669
v -0.0113755828 0.0289963966 0.00269615994
f 3112 3114 3113
v -0.0104905426 0.0288546813 0.00410128669
v -0.0121640311 0.0285744056 0.00343904358
v -0.0113755828 0.0289963966 0.00269615994
f 3115 3117 3116
v -0.00824989766 0.0290062424 0.00714672424
v -0.00803123839 0.0286419789 0.00380748061
v -0.00402997575 0.0290007854 0.00590078162
f 3118 3120 3119
v 0.000656276825 0.0294335972 0.00469417355
v -0.00402997575 0.0290007854 0.00590078162
v -0.00312570701 0.0287504139 0.00315352299
f 3121 3123 3122
v -0.0152531167 0.0268817617 0.0196235938
v -0.0161122822 0.027370156 0.018221073
v -0.0128026586 0.0277549785 0.0170961372
f 3124 3126 3125
v -0.0128026586 0.0277549785 0.0170961372
v -0.0161122822 0.027370156 0.018221073
v -0.0169881867 0.0273022626 0.0162871424
f 3127 3129 3128
v -0.0110581313 0.0289731717 0.00933598931
v -0.0161789285 0.0282770081 0.0115552182
v -0.01783841 0.028225893 0.00796419044
f 3130 3132 3131
v -0.0115362913 0.0290159718 0.00585384987
v -0.0150301057 0.0287308358 0.00413617599
v -0.0121640311 0.0285744056 0.00343904358
f 3133 3135 3134
v -0.0115935349 0.0277925021 0.00258258042
v -0.0131190347 0.0278434192 0.00274538834
v -0.0128035957 0.0289622112 0.00284090638
f 3136 3138 3137
v -0.0131190347 0.0278434192 0.00274538834
v -0.0140924589 0.0271736673 0.00280995955
v -0.0126974104 0.0276038423 0.00287473267
f 3139 3141 3140
v -0.0126974104 0.0276038423 0.00287473267
v -0.0140924589 0.0271736673 0.00280995955
v -0.0115935349 0.0277925021 0.00258258042
f 3142 3144 3143
v -0.0115935349 0.0277925021 0.00258258042
v -0.0140924589 0.0271736673 0.00280995955
v -0.0131190347 0.0278434192 0.00274538834
f 3145 3147 3146
v -0.0121640311 0.0285744056 0.00343904358
v -0.0126974104 0.0276038423 0.00287473267
v -0.0115935349 0.0277925021 0.00258258042
f 3148 3150 3149
v -0.0113755828 0.0289963966 0.00269615994
v -0.0121640311 0.0285744056 0.00343904358
v -0.0115935349 0.0277925021 0.00258258042
f 3151 3153 3152
v -0.0158344483 0.0294327125 0.00272974285
v -0.0150301057 0.0287308358 0.00413617599
v -0.0177078182 0.0282630266 0.00432174274
f 3154 3156 3155
v -0.0163389632 0.0287625677 0.00710540044
v -0.0177078182 0.0282630266 0.00432174274
v -0.0150301057 0.0287308358 0.00413617599
f 3157 3159 3158
v -0.0104905426 0.0288546813 0.00410128669
v -0.0115362913 0.0290159718 0.00585384987
v -0.0121640311 0.0285744056 0.00343904358
f 3160 3162 3161
v -0.0177078182 0.0282630266 0.00432174274
v -0.0197630434 0.0290719589 0.00517216649
v -0.0183926779 0.0290201948 0.00274668273
f 3163 3165 3164
v -0.0183926779 0.0290201948 0.00274668273
v -0.0197630434 0.0290719589 0.00517216649
v -0.0203684467 0.0293012592 0.000847927004
f 3166 3168 3167
v -0.0169881867 0.0273022626 0.0162871424
v -0.0161789285 0.0282770081 0.0115552182
v -0.010322898 0.028637753 0.0127045932
f 3169 3171 3170
v -0.00283269437 0.0189767947 0.0408198277
v 0.00062349136 0.0183867698 0.0415758579
v -0.00266936258 0.0167667924 0.0430390763
f 3172 3174 3173
v -0.00266936258 0.0167667924 0.0430390763
v -0.00311998083 0.013846824 0.0452006236
v -0.00643574604 0.0148920604 0.0442347431
f 3175 3177 3176
v -0.00562093701 0.017131801 0.042681268
v -0.00840277135 0.0186810386 0.041027565
v -0.00621085492 0.0178050395 0.0412318506
f 3178 3180 3179
v -0.00562093701 0.017131801 0.042681268
v -0.00643574604 0.0148920604 0.0442347431
v -0.00947583685 0.0169103965 0.0426133163
f 3181 3183 3182
v -0.00562093701 0.017131801 0.042681268
v -0.00283269437 0.0189767947 0.0408198277
v -0.00266936258 0.0167667924 0.0430390763
f 3184 3186 3185
v -0.00283269437 0.0189767947 0.0408198277
v -0.00562093701 0.017131801 0.042681268
v -0.00600125641 0.0191064697 0.0403708575
f 3187 3189 3188
v 0.000188416016 0.0128235464 0.0464489538
v -0.00549256583 0.0111343463 0.0461524643
v -0.00311998083 0.013846824 0.0452006236
f 3190 3192 3191
v -0.00311998083 0.013846824 0.0452006236
v -0.00549256583 0.0111343463 0.0461524643
v -0.00643574604 0.0148920604 0.0442347431
f 3193 3195 3194
v -0.00840277135 0.0186810386 0.041027565
v -0.00562093701 0.017131801 0.042681268
v -0.00947583685 0.0169103965 0.0426133163
f 3196 3198 3197
v -0.0139877491 0.0193601736 0.040135195
v -0.00947583685 0.0169103965 0.0426133163
v -0.0130724875 0.015075595 0.0435678143
f 3199 3201 3200
v -0.0130724875 0.015075595 0.0435678143
v -0.0160079828 0.0135824594 0.0438798568
v -0.0143370446 0.0167255464 0.0425693201
f 3202 3204 3203
v 0.00254011684 0.020866617 0.0379140867
v 0.0032953154 0.0200979906 0.0389101333
v -0.000586693932 0.0198158581 0.0392862567
f 3205 3207 3206
v 0.00254011684 0.020866617 0.0379140867
v -0.000586693932 0.0198158581 0.0392862567
v -0.000112575799 0.0226258853 0.0353644107
f 3208 3210 3209
v -0.00283269437 0.0189767947 0.0408198277
v -0.0065535336 0.0206914498 0.0384543237
v -0.00359119003 0.0229133002 0.0351869647
f 3211 3213 3212
v -0.00283269437 0.0189767947 0.0408198277
v -0.00600125641 0.0191064697 0.0403708575
v -0.0065535336 0.0206914498 0.0384543237
f 3214 3216 3215
v -0.000586693932 0.0198158581 0.0392862567
v -0.00283269437 0.0189767947 0.0408198277
v -0.000112575799 0.0226258853 0.0353644107
f 3217 3219 3218
v -0.00885279369 0.0232869323 0.0349633512
v -0.0130746994 0.0229775615 0.0357342098
v -0.0110119647 0.0239483692 0.0329891685
f 3220 3222 3221
v -0.0041092153 0.0243323477 0.0314686622
v -0.00650366273 0.0235386513 0.0343425578
v -0.0090071866 0.0250686862 0.0286016235
f 3223 3225 3224
v -0.00650366273 0.0235386513 0.0343425578
v -0.00885279369 0.0232869323 0.0349633512
v -0.0110119647 0.0239483692 0.0329891685
f 3226 3228 3227
v -0.0090071866 0.0250686862 0.0286016235
v -0.00650366273 0.0235386513 0.0343425578
v -0.0110119647 0.0239483692 0.0329891685
f 3229 3231 3230
v -0.0090071866 0.0250686862 0.0286016235
v -0.0110119647 0.0239483692 0.0329891685
v -0.0134011658 0.0247137679 0.0295222213
f 3232 3234 3233
v -0.0090071866 0.0250686862 0.0286016235
v -0.00693249604 0.0249891222 0.0288399984
v -0.0041092153 0.0243323477 0.0314686622
f 3235 3237 3236
v -0.0130746994 0.0229775615 0.0357342098
v -0.0100793208 0.0209446269 0.0385251886
v -0.0139877491 0.0193601736 0.040135195
f 3238 3240 3239
v -0.0065535336 0.0206914498 0.0384543237
v -0.00600125641 0.0191064697 0.0403708575
v -0.00840277135 0.0186810386 0.041027565
f 3241 3243 3242
v -0.0174609959 0.0186867837 0.0405595754
v -0.0143370446 0.0167255464 0.0425693201
v -0.0184822769 0.0165134552 0.0418075389
f 3244 3246 3245
v -0.0156808164 0.0229170371 0.0361044338
v -0.0173200955 0.0233100407 0.0336024706
v -0.0130746994 0.0229775615 0.0357342098
f 3247 3249 3248
v -0.0134011658 0.0247137679 0.0295222213
v -0.0110119647 0.0239483692 0.0329891685
v -0.0164774494 0.0244630617 0.0288483978
f 3250 3252 3251
v -0.0110119647 0.0239483692 0.0329891685
v -0.0173200955 0.0233100407 0.0336024706
v -0.0164774494 0.0244630617 0.0288483978
f 3253 3255 3254
v -0.0173200955 0.0233100407 0.0336024706
v -0.0180678151 0.0232973136 0.035220079
v -0.021192593 0.0234342355 0.0334087876
f 3256 3258 3257
v -0.0173200955 0.0233100407 0.0336024706
v -0.021192593 0.0234342355 0.0334087876
v -0.0216870991 0.023929149 0.0308549759
f 3259 3261 3260
v -0.0164774494 0.0244630617 0.0288483978
v -0.0173200955 0.0233100407 0.0336024706
v -0.0208587066 0.0242631446 0.0289499032
f 3262 3264 3263
v -0.0216870991 0.023929149 0.0308549759
v -0.0236216278 0.0238639768 0.0314404635
v -0.0232963575 0.0245695177 0.0293378485
f 3265 3267 3266
v -0.0156808164 0.0229170371 0.0361044338
v -0.0139877491 0.0193601736 0.040135195
v -0.0196101319 0.0219993992 0.0376580341
f 3268 3270 3269
v -0.0210631348 0.0208643702 0.038725292
v -0.0174609959 0.0186867837 0.0405595754
v -0.0182498654 0.0181779935 0.0411339512
f 3271 3273 3272
v -0.0182498654 0.0181779935 0.0411339512
v -0.0223867071 0.0144815131 0.0413580885
v -0.0228820281 0.0185778365 0.0396693416
f 3274 3276 3275
v -0.0210631348 0.0208643702 0.038725292
v -0.0182498654 0.0181779935 0.0411339512
v -0.0228820281 0.0185778365 0.0396693416
f 3277 3279 3278
v -0.021192593 0.0234342355 0.0334087876
v -0.0196101319 0.0219993992 0.0376580341
v -0.023209551 0.0231787679 0.034557638
f 3280 3282 3281
v -0.0210661427 0.0202418247 0.0364432024
v -0.0214141342 0.0206019555 0.0347357563
v -0.0236814842 0.0215668988 0.0345024455
f 3283 3285 3284
v -0.0235044135 0.0217052497 0.0370901165
v -0.0210631348 0.0208643702 0.038725292
v -0.0236560329 0.0203368196 0.0380971702
f 3286 3288 3287
v -0.0244627299 0.0216837187 0.0353202369
v -0.023209551 0.0231787679 0.034557638
v -0.0235044135 0.0217052497 0.0370901165
f 3289 3291 3290
v -0.0232394916 0.0199979142 0.0366326654
v -0.0234225197 0.0188660255 0.0365676213
v -0.0229454658 0.0190038525 0.0363520609
f 3292 3294 3293
v -0.0210661427 0.0202418247 0.0364432024
v -0.0232394916 0.0199979142 0.0366326654
v -0.0229454658 0.0190038525 0.0363520609
f 3295 3297 3296
v -0.0237923203 0.0207463017 0.0357971876
v -0.0236560329 0.0203368196 0.0380971702
v -0.0232394916 0.0199979142 0.0366326654
f 3298 3300 3299
v -0.0214141342 0.0206019555 0.0347357563
v -0.0229454658 0.0190038525 0.0363520609
v -0.0233949992 0.0190026156 0.035985047
f 3301 3303 3302
v -0.0232394916 0.0199979142 0.0366326654
v -0.0236560329 0.0203368196 0.0380971702
v -0.0234225197 0.0188660255 0.0365676213
f 3304 3306 3305
v -0.0236193839 0.0172798784 0.0362060324
v -0.0234225197 0.0188660255 0.0365676213
v -0.0233786734 0.0174819696 0.0396810065
f 3307 3309 3308
v -0.0233188548 0.0187832076 0.0361902115
v -0.0233871629 0.0188407226 0.0362221355
v -0.0236193839 0.0172798784 0.0362060324
f 3310 3312 3311
v -0.0229454658 0.0190038525 0.0363520609
v -0.0233871629 0.0188407226 0.0362221355
v -0.0233949992 0.0190026156 0.035985047
f 3313 3315 3314
v -0.0233188548 0.0187832076 0.0361902115
v -0.0233871629 0.0188407226 0.0362221355
v -0.0229454658 0.0190038525 0.0363520609
f 3316 3318 3317
v -0.0233871629 0.0188407226 0.0362221355
v -0.0233188548 0.0187832076 0.0361902115
v -0.0234225197 0.0188660255 0.0365676213
f 3319 3321 3320
v -0.0234225197 0.0188660255 0.0365676213
v -0.0233188548 0.0187832076 0.0361902115
v -0.0229454658 0.0190038525 0.0363520609
f 3322 3324 3323
v -0.0237923203 0.0207463017 0.0357971876
v -0.0236814842 0.0215668988 0.0345024455
v -0.0244627299 0.0216837187 0.0353202369
f 3325 3327 3326
v -0.0236216278 0.0238639768 0.0314404635
v -0.023209551 0.0231787679 0.034557638
v -0.0241500093 0.0228340854 0.033490223
f 3328 3330 3329
v -0.021192593 0.0234342355 0.0334087876
v -0.023209551 0.0231787679 0.034557638
v -0.0236216278 0.0238639768 0.0314404635
f 3331 3333 3332
v -0.023642063 0.0220215064 0.0318811421
v -0.0236216278 0.0238639768 0.0314404635
v -0.0241500093 0.0228340854 0.033490223
f 3334 3336 3335
v -0.0229236321 0.0213275605 0.0334678887
v -0.0228878853 0.0211193255 0.0337185338
v -0.0233730258 0.0213370193 0.0332179188
f 3337 3339 3338
v -0.0236814842 0.0215668988 0.0345024455
v -0.0223040086 0.0208594196 0.0341228617
v -0.0231211889 0.021233983 0.0337131438
f 3340 3342 3341
v -0.023642063 0.0220215064 0.0318811421
v -0.0233730258 0.0213370193 0.0332179188
v -0.0237468877 0.0214131782 0.0289948337
f 3343 3345 3344
v -0.0231264741 0.020606842 0.0339525606
v -0.0231211889 0.021233983 0.0337131438
v -0.0228878853 0.0211193255 0.0337185338
f 3346 3348 3347
v -0.0228878853 0.0211193255 0.0337185338
v -0.0231211889 0.021233983 0.0337131438
v -0.0223040086 0.0208594196 0.0341228617
f 3349 3351 3350
v -0.0241500093 0.0228340854 0.033490223
v -0.0233730258 0.0213370193 0.0332179188
v -0.023642063 0.0220215064 0.0318811421
f 3352 3354 3353
v -0.0232963575 0.0245695177 0.0293378485
v -0.0236216278 0.0238639768 0.0314404635
v -0.0237468877 0.0214131782 0.0289948337
f 3355 3357 3356
v -0.0237468877 0.0214131782 0.0289948337
v -0.0236216278 0.0238639768 0.0314404635
v -0.023642063 0.0220215064 0.0318811421
f 3358 3360 3359
v -0.0237468877 0.0214131782 0.0289948337
v -0.0231264741 0.020606842 0.0339525606
v -0.0236193839 0.0172798784 0.0362060324
f 3361 3363 3362
v -0.0180678151 0.0232973136 0.035220079
v -0.0196101319 0.0219993992 0.0376580341
v -0.021192593 0.0234342355 0.0334087876
f 3364 3366 3365
v -0.0231264741 0.020606842 0.0339525606
v -0.0233949992 0.0190026156 0.035985047
v -0.0236193839 0.0172798784 0.0362060324
f 3367 3369 3368
v -0.00549256583 0.0111343463 0.0461524643
v -0.00914010743 0.00947393783 0.0466184138
v -0.0112118563 0.0113470996 0.0454546651
f 3370 3372 3371
v -0.00584535155 0.00578107938 0.0482682779
v -0.00916045319 0.00400295612 0.0485677243
v -0.00914010743 0.00947393783 0.0466184138
f 3373 3375 3374
v -0.0112118563 0.0113470996 0.0454546651
v -0.00914010743 0.00947393783 0.0466184138
v -0.0118805037 0.00881148808 0.0465306657
f 3376 3378 3377
v -0.00549256583 0.0111343463 0.0461524643
v -0.00530645848 0.00783018404 0.0480582676
v -0.00914010743 0.00947393783 0.0466184138
f 3379 3381 3380
v -0.0112118563 0.0113470996 0.0454546651
v -0.0118805037 0.00881148808 0.0465306657
v -0.0131319277 0.00988504398 0.0460874959
f 3382 3384 3383
v -0.0160373485 0.00979842953 0.0454270834
v -0.0180921619 0.0103565493 0.0445746322
v -0.0112118563 0.0113470996 0.0454546651
f 3385 3387 3386
v -0.00916045319 0.00400295612 0.0485677243
v -0.00584535155 0.00578107938 0.0482682779
v -0.0063611631 0.00110783294 0.0486873934
f 3388 3390 3389
v -0.0063611631 0.00110783294 0.0486873934
v -0.0101105121 0.00176148242 0.0487683166
v -0.00916045319 0.00400295612 0.0485677243
f 3391 3393 3392
v -0.0118805037 0.00881148808 0.0465306657
v -0.00916045319 0.00400295612 0.0485677243
v -0.0136598857 0.00322625128 0.0475614914
f 3394 3396 3395
v -0.0131319277 0.00988504398 0.0460874959
v -0.0177898764 0.00417355259 0.046353534
v -0.0160373485 0.00979842953 0.0454270834
f 3397 3399 3398
v -0.0136598857 0.00322625128 0.0475614914
v -0.0155157846 0.000774129148 0.0476325862
v -0.0177898764 0.00417355259 0.046353534
f 3400 3402 3401
v -0.00916045319 0.00400295612 0.0485677243
v -0.0101105121 0.00176148242 0.0487683166
v -0.0136598857 0.00322625128 0.0475614914
f 3403 3405 3404
v -0.0160079828 0.0135824594 0.0438798568
v -0.0195208326 0.0144035512 0.042477579
v -0.0184822769 0.0165134552 0.0418075389
f 3406 3408 3407
v -0.0216002722 0.0113849128 0.0427396008
v -0.0221160473 0.0121676603 0.0422262965
v -0.0195208326 0.0144035512 0.042477579
f 3409 3411 3410
v -0.0195208326 0.0144035512 0.042477579
v -0.0221160473 0.0121676603 0.0422262965
v -0.0223867071 0.0144815131 0.0413580885
f 3412 3414 3413
v -0.0195208326 0.0144035512 0.042477579
v -0.0180921619 0.0103565493 0.0445746322
v -0.0193521264 0.0107071806 0.044087178
f 3415 3417 3416
v -0.0193521264 0.0107071806 0.044087178
v -0.0216002722 0.0113849128 0.0427396008
v -0.0195208326 0.0144035512 0.042477579
f 3418 3420 3419
v -0.0216002722 0.0113849128 0.0427396008
v -0.0220519083 0.0105235064 0.0415533897
v -0.0221160473 0.0121676603 0.0422262965
f 3421 3423 3422
v -0.0190313105 0.0103909209 0.0447142404
v -0.0193521264 0.0107071806 0.044087178
v -0.0180921619 0.0103565493 0.0445746322
f 3424 3426 3425
v -0.0180921619 0.0103565493 0.0445746322
v -0.0160373485 0.00979842953 0.0454270834
v -0.0190313105 0.0103909209 0.0447142404
f 3427 3429 3428
v -0.0190313105 0.0103909209 0.0447142404
v -0.0207513338 0.00451115266 0.0457938382
v -0.0211927778 0.00826458199 0.0444465928
f 3430 3432 3431
v -0.0214987449 0.00978841053 0.043577308
v -0.0193521264 0.0107071806 0.044087178
v -0.0211927778 0.00826458199 0.0444465928
f 3433 3435 3434
v -0.0220519083 0.0105235064 0.0415533897
v -0.0211927778 0.00826458199 0.0444465928
v -0.0215235268 0.00681132151 0.0428775616
f 3436 3438 3437
v -0.0207513338 0.00451115266 0.0457938382
v -0.0206394194 0.003081248 0.0459666859
v -0.0217679073 0.00535273211 0.0448150997
f 3439 3441 3440
v -0.0213839827 0.00418499767 0.0414986629
v -0.0215235268 0.00681132151 0.0428775616
v -0.0217679073 0.00535273211 0.0448150997
f 3442 3444 3443
v -0.0214987449 0.00978841053 0.043577308
v -0.0220519083 0.0105235064 0.0415533897
v -0.0216002722 0.0113849128 0.0427396008
f 3445 3447 3446
v -0.0223867071 0.0144815131 0.0413580885
v -0.0232151535 0.0149091517 0.0378425728
v -0.0232256396 0.0155406815 0.0404723483
f 3448 3450 3449
v -0.0220519083 0.0105235064 0.0415533897
v -0.0223867071 0.0144815131 0.0413580885
v -0.0221160473 0.0121676603 0.0422262965
f 3451 3453 3452
v -0.0243097093 0.0125898034 0.0298946805
v -0.0232151535 0.0149091517 0.0378425728
v -0.0215235268 0.00681132151 0.0428775616
f 3454 3456 3455
v -0.0232151535 0.0149091517 0.0378425728
v -0.0223867071 0.0144815131 0.0413580885
v -0.0220519083 0.0105235064 0.0415533897
f 3457 3459 3458
v -0.0243097093 0.0125898034 0.0298946805
v -0.0236193839 0.0172798784 0.0362060324
v -0.0232151535 0.0149091517 0.0378425728
f 3460 3462 3461
v -0.0228820281 0.0185778365 0.0396693416
v -0.0232256396 0.0155406815 0.0404723483
v -0.0233786734 0.0174819696 0.0396810065
f 3463 3465 3464
v -0.0233786734 0.0174819696 0.0396810065
v -0.0232256396 0.0155406815 0.0404723483
v -0.0232151535 0.0149091517 0.0378425728
f 3466 3468 3467
v -0.0228820281 0.0185778365 0.0396693416
v -0.0223867071 0.0144815131 0.0413580885
v -0.0232256396 0.0155406815 0.0404723483
f 3469 3471 3470
v -0.00549256583 0.0111343463 0.0461524643
v -0.0112118563 0.0113470996 0.0454546651
v -0.00643574604 0.0148920604 0.0442347431
f 3472 3474 3473
v -0.0207513338 0.00451115266 0.0457938382
v -0.0177898764 0.00417355259 0.046353534
v -0.0206394194 0.003081248 0.0459666859
f 3475 3477 3476
v 0.00062349136 0.0183867698 0.0415758579
v -0.00283269437 0.0189767947 0.0408198277
v -0.000586693932 0.0198158581 0.0392862567
f 3478 3480 3479
v -0.00621085492 0.0178050395 0.0412318506
v -0.00840277135 0.0186810386 0.041027565
v -0.00600125641 0.0191064697 0.0403708575
f 3481 3483 3482
v -0.0139877491 0.0193601736 0.040135195
v -0.0143370446 0.0167255464 0.0425693201
v -0.0174609959 0.0186867837 0.0405595754
f 3484 3486 3485
v -0.0141665543 0.026298422 0.0229377067
v -0.0133072797 0.0258732878 0.0259946333
v -0.0183644122 0.0253310485 0.0255352585
f 3487 3489 3488
v -0.0133072797 0.0258732878 0.0259946333
v -0.0141665543 0.026298422 0.0229377067
v -0.0115052622 0.0268569827 0.0219008696
f 3490 3492 3491
v -0.0115052622 0.0268569827 0.0219008696
v -0.0141665543 0.026298422 0.0229377067
v -0.0152531167 0.0268817617 0.0196235938
f 3493 3495 3494
v -0.0233817744 0.0250286656 0.0270650402
v -0.0238610563 0.0238880661 0.0203682459
v -0.0235594198 0.025753025 0.0258143322
f 3496 3498 3497
v -0.023608598 0.0265147333 0.0232574894
v -0.0235594198 0.025753025 0.0258143322
v -0.0238610563 0.0238880661 0.0203682459
f 3499 3501 3500
v -0.0231484766 0.0261837704 0.0243463845
v -0.023608598 0.0265147333 0.0232574894
v -0.0219406749 0.0266185263 0.0218943489
f 3502 3504 3503
v -0.0204936528 0.027676631 0.0155590038
v -0.0190124672 0.0271630095 0.0177580514
v -0.0232867445 0.0280125387 0.0158220835
f 3505 3507 3506
v -0.0204936528 0.027676631 0.0155590038
v -0.0232867445 0.0280125387 0.0158220835
v -0.0213820051 0.0281972782 0.014093121
f 3508 3510 3509
v -0.0232867445 0.0280125387 0.0158220835
v -0.0190124672 0.0271630095 0.0177580514
v -0.0236836117 0.0274777907 0.0186508856
f 3511 3513 3512
v -0.0236836117 0.0274777907 0.0186508856
v -0.0190124672 0.0271630095 0.0177580514
v -0.0234180741 0.0271109806 0.0212943123
f 3514 3516 3515
v -0.0232867445 0.0280125387 0.0158220835
v -0.0236836117 0.0274777907 0.0186508856
v -0.0240205045 0.0275191123 0.0164533078
f 3517 3519 3518
v -0.0232867445 0.0280125387 0.0158220835
v -0.0240205045 0.0275191123 0.0164533078
v -0.0235912215 0.028044419 0.0146014383
f 3520 3522 3521
v -0.0238610563 0.0238880661 0.0203682459
v -0.0239497473 0.0266435061 0.00980447148
v -0.0235912215 0.028044419 0.0146014383
f 3523 3525 3524
v -0.0239497473 0.0266435061 0.00980447148
v -0.0237468877 0.0214131782 0.0289948337
v -0.0251873105 0.0115904237 0.0224635151
f 3526 3528 3527
v -0.0254619808 0.0136601113 0.000845069189
v -0.0239497473 0.0266435061 0.00980447148
v -0.0251873105 0.0115904237 0.0224635151
f 3529 3531 3530
v -0.0239497473 0.0266435061 0.00980447148
v -0.0238610563 0.0238880661 0.0203682459
v -0.0237468877 0.0214131782 0.0289948337
f 3532 3534 3533
v -0.0183644122 0.0253310485 0.0255352585
v -0.0219406749 0.0266185263 0.0218943489
v -0.0170609448 0.0259502849 0.0221166134
f 3535 3537 3536
v -0.0169881867 0.0273022626 0.0162871424
v -0.0190124672 0.0271630095 0.0177580514
v -0.0204936528 0.027676631 0.0155590038
f 3538 3540 3539
v -0.0152531167 0.0268817617 0.0196235938
v -0.0170609448 0.0259502849 0.0221166134
v -0.0190124672 0.0271630095 0.0177580514
f 3541 3543 3542
v -0.0169881867 0.0273022626 0.0162871424
v -0.0182942036 0.0278335909 0.0117251591
v -0.0161789285 0.0282770081 0.0115552182
f 3544 3546 3545
v -0.0198562964 0.0282721128 0.0117645992
v -0.0231200058 0.0282774621 0.0126245141
v -0.020676307 0.0285759626 0.00861958615
f 3547 3549 3548
v -0.0235912215 0.028044419 0.0146014383
v -0.0239497473 0.0266435061 0.00980447148
v -0.0242225535 0.0281778746 0.01146758
f 3550 3552 3551
v -0.0241851376 0.0283123343 0.012932159
v -0.0242225535 0.0281778746 0.01146758
v -0.0231200058 0.0282774621 0.0126245141
f 3553 3555 3554
v -0.0239081375 0.0285958988 0.00915742639
v -0.0231200058 0.0282774621 0.0126245141
v -0.0242225535 0.0281778746 0.01146758
f 3556 3558 3557
v -0.020676307 0.0285759626 0.00861958615
v -0.0224319141 0.0287997653 0.00474614135
v -0.0197630434 0.0290719589 0.00517216649
f 3559 3561 3560
v -0.0236586027 0.0286165654 0.00418633863
v -0.0240286099 0.028909609 0.00610245406
v -0.0237873595 0.0285392744 0.00703658006
f 3562 3564 3563
v -0.0247808086 0.0175504334 0.000849401567
v -0.0236586027 0.0286165654 0.00418633863
v -0.0237873595 0.0285392744 0.00703658006
f 3565 3567 3566
v -0.0204936528 0.027676631 0.0155590038
v -0.0198562964 0.0282721128 0.0117645992
v -0.0182942036 0.0278335909 0.0117251591
f 3568 3570 3569
v -0.01783841 0.028225893 0.00796419044
v -0.0198562964 0.0282721128 0.0117645992
v -0.020676307 0.0285759626 0.00861958615
f 3571 3573 3572
v -0.0250112236 -0.000552245865 0.0218365458
v -0.0243097093 0.0125898034 0.0298946805
v -0.0236911728 -0.000449361642 0.0290111173
f 3574 3576 3575
v -0.0115052622 0.0268569827 0.0219008696
v -0.00942726329 0.0261250214 0.0251155638
v -0.0133072797 0.0258732878 0.0259946333
f 3577 3579 3578
v -0.0231200058 0.0282774621 0.0126245141
v -0.0232867445 0.0280125387 0.0158220835
v -0.0235912215 0.028044419 0.0146014383
f 3580 3582 3581
v -0.0213820051 0.0281972782 0.014093121
v -0.0232867445 0.0280125387 0.0158220835
v -0.0231200058 0.0282774621 0.0126245141
f 3583 3585 3584
v -0.00415771501 0.0249448756 0.0276678271
v -0.00693249604 0.0249891222 0.0288399984
v -0.0090071866 0.0250686862 0.0286016235
f 3586 3588 3587
v -0.0133072797 0.0258732878 0.0259946333
v -0.0164774494 0.0244630617 0.0288483978
v -0.0183644122 0.0253310485 0.0255352585
f 3589 3591 3590
v -0.0133072797 0.0258732878 0.0259946333
v -0.0134011658 0.0247137679 0.0295222213
v -0.0164774494 0.0244630617 0.0288483978
f 3592 3594 3593
v -0.0236848486 0.0292330515 0.000844752321
v -0.0236174223 0.0290238007 0.00223637326
v -0.0247808086 0.0175504334 0.000849401567
f 3595 3597 3596
v 0.00510573445 -0.0177294452 0.0425033533
v 0.00480740564 -0.0171131513 0.042711274
v 0.00489510276 -0.0171729102 0.04269903
f 3598 3600 3599
v 0.00481809839 -0.0175829133 0.0420883502
v 0.00480740564 -0.0171131513 0.042711274
v 0.00467766949 -0.0164620491 0.0425342092
f 3601 3603 3602
v 0.00448080173 -0.0168062077 0.0431037508
v 0.00489510276 -0.0171729102 0.04269903
v 0.00480740564 -0.0171131513 0.042711274
f 3604 3606 3605
v 0.00467766949 -0.0164620491 0.0425342092
v 0.00489510276 -0.0171729102 0.04269903
v 0.00448080173 -0.0168062077 0.0431037508
f 3607 3609 3608
v 0.00407030748 -0.018669886 0.0428222527
v 0.00510573445 -0.0177294452 0.0425033533
v 0.00468629296 -0.0187755388 0.0423269288
f 3610 3612 3611
v 0.00407030748 -0.018669886 0.0428222527
v 0.00468629296 -0.0187755388 0.0423269288
v 0.00458802533 -0.018767736 0.042322831
f 3613 3615 3614
v 0.00590120908 -0.0194536988 0.036827242
v 0.00735236245 -0.0140145581 0.029396225
v 0.00614083838 -0.0232759456 0.030919307
f 3616 3618 3617
v 0.00590120908 -0.0194536988 0.036827242
v 0.00467766949 -0.0164620491 0.0425342092
v 0.00735236245 -0.0140145581 0.029396225
f 3619 3621 3620
v -0.00213289386 -0.00545796283 0.0486592238
v 7.00703822e-05 -0.00739219249 0.0483707961
v -0.00261117129 -0.0103286497 0.0484045944
f 3622 3624 3623
v 0.00409979621 -0.00463954493 0.0482101663
v 7.00703822e-05 -0.00739219249 0.0483707961
v 0.0027359376 -0.00434178219 0.048511941
f 3625 3627 3626
v 0.00409979621 -0.00463954493 0.0482101663
v 0.00470987579 -0.00553518257 0.0445481768
v 0.00325548826 -0.0079243262 0.0479452574
f 3628 3630 3629
v 0.00325548826 -0.0079243262 0.0479452574
v 0.00470987579 -0.00553518257 0.0445481768
v 0.00385731619 -0.00831135112 0.0467080798
f 3631 3633 3632
v 0.00385731619 -0.00831135112 0.0467080798
v 0.00400697536 -0.0120327248 0.0462920143
v 0.00347429304 -0.0103294966 0.0471297331
f 3634 3636 3635
v 0.00400697536 -0.0120327248 0.0462920143
v 0.00470987579 -0.00553518257 0.0445481768
v 0.00467766949 -0.0164620491 0.0425342092
f 3637 3639 3638
v 7.00703822e-05 -0.00739219249 0.0483707961
v 0.00325548826 -0.0079243262 0.0479452574
v -0.00261117129 -0.0103286497 0.0484045944
f 3640 3642 3641
v -0.00153076835 -0.00221545051 0.0488237536
v -0.00213289386 -0.00545796283 0.0486592238
v -0.00625863759 -0.00585535599 0.0491643266
f 3643 3645 3644
v -0.00153076835 -0.00221545051 0.0488237536
v -0.00625863759 -0.00585535599 0.0491643266
v -0.00906384521 0.000290296202 0.0490683247
f 3646 3648 3647
v -0.00899770021 -0.0018286868 0.0493160507
v -0.00906384521 0.000290296202 0.0490683247
v -0.00625863759 -0.00585535599 0.0491643266
f 3649 3651 3650
v -0.00213289386 -0.00545796283 0.0486592238
v -0.00261117129 -0.0103286497 0.0484045944
v -0.00650137517 -0.00837861589 0.0489061582
f 3652 3654 3653
v -0.00625863759 -0.00585535599 0.0491643266
v -0.00213289386 -0.00545796283 0.0486592238
v -0.00650137517 -0.00837861589 0.0489061582
f 3655 3657 3656
v -0.000915424607 -0.0135147988 0.0472500076
v 0.00302333792 -0.0120066143 0.0468958897
v 0.000951450056 -0.0148823456 0.0459086557
f 3658 3660 3659
v 0.000951450056 -0.0148823456 0.0459086557
v -0.00189890197 -0.0177879498 0.0452824141
v -0.00214292377 -0.0159732677 0.0461339339
f 3661 3663 3662
v -0.000915424607 -0.0135147988 0.0472500076
v -0.00214292377 -0.0159732677 0.0461339339
v -0.00648312271 -0.0148948748 0.0473216904
f 3664 3666 3665
v -0.000915424607 -0.0135147988 0.0472500076
v 0.000951450056 -0.0148823456 0.0459086557
v -0.00214292377 -0.0159732677 0.0461339339
f 3667 3669 3668
v -0.00261117129 -0.0103286497 0.0484045944
v -0.0110390523 -0.0115689305 0.0485437457
v -0.00650137517 -0.00837861589 0.0489061582
f 3670 3672 3671
v 0.00662349048 0.00144470832 0.0317084079
v 0.00735236245 -0.0140145581 0.029396225
v 0.00470987579 -0.00553518257 0.0445481768
f 3673 3675 3674
v 0.00407030748 -0.018669886 0.0428222527
v 0.00499971502 -0.0194623368 0.0418503099
v 0.002333882 -0.0203659365 0.0426117156
f 3676 3678 3677
v 0.00613562297 -0.0226337303 0.0389697117
v 0.00591487915 -0.0243803937 0.0366485358
v 0.0057052981 -0.0241612855 0.0380171929
f 3679 3681 3680
v 0.00613562297 -0.0226337303 0.0389697117
v 0.00590120908 -0.0194536988 0.036827242
v 0.00591487915 -0.0243803937 0.0366485358
f 3682 3684 3683
v 0.00499971502 -0.0194623368 0.0418503099
v 0.00551061821 -0.0199717499 0.0410443521
v 0.002333882 -0.0203659365 0.0426117156
f 3685 3687 3686
v 0.00321172629 -0.0213257154 0.0402481499
v 0.00589695119 -0.0215414053 0.0398524979
v 0.00186443722 -0.023270477 0.0400421122
f 3688 3690 3689
v 0.00321172629 -0.0213257154 0.0402481499
v 0.00186443722 -0.023270477 0.0400421122
v 0.00156172391 -0.0215728534 0.0415686052
f 3691 3693 3692
v 0.00259401859 -0.0250198209 0.0378344703
v 0.0057052981 -0.0241612855 0.0380171929
v 0.00591487915 -0.0243803937 0.0366485358
f 3694 3696 3695
v 0.00259401859 -0.0250198209 0.0378344703
v 0.00591487915 -0.0243803937 0.0366485358
v 0.00288282972 -0.0263263762 0.0354765769
f 3697 3699 3698
v 0.00589695119 -0.0215414053 0.0398524979
v 0.0057052981 -0.0241612855 0.0380171929
v 0.00186443722 -0.023270477 0.0400421122
f 3700 3702 3701
v 0.00186443722 -0.023270477 0.0400421122
v 0.0057052981 -0.0241612855 0.0380171929
v 0.000840227585 -0.0241955189 0.0397530937
f 3703 3705 3704
v 0.000840227585 -0.0241955189 0.0397530937
v 0.00259401859 -0.0250198209 0.0378344703
v 0.000683986582 -0.0247123273 0.038643938
f 3706 3708 3707
v 0.00590120908 -0.0194536988 0.036827242
v 0.00614083838 -0.0232759456 0.030919307
v 0.00591487915 -0.0243803937 0.0366485358
f 3709 3711 3710
v 0.0061282466 -0.0255292282 0.035464557
v 0.00627841073 -0.0261181616 0.0334435521
v 0.00423445745 -0.026233212 0.0336412428
f 3712 3714 3713
v 0.00423445745 -0.026233212 0.0336412428
v 0.00627841073 -0.0261181616 0.0334435521
v 0.00631942094 -0.0272079895 0.0324693712
f 3715 3717 3716
v 0.00288282972 -0.0263263762 0.0354765769
v 0.00423445745 -0.026233212 0.0336412428
v 0.00239368819 -0.0264994975 0.0340798433
f 3718 3720 3719
v 0.00631942094 -0.0272079895 0.0324693712
v 0.00614083838 -0.0232759456 0.030919307
v 0.00572624558 -0.0292362616 0.0309172523
f 3721 3723 3722
v 0.00558794563 -0.0289353251 0.0321675674
v 0.00572624558 -0.0292362616 0.0309172523
v 0.00522744667 -0.0301378954 0.031398196
f 3724 3726 3725
v 0.00349197799 -0.0305809692 0.0315167854
v 0.00585970411 -0.0309678057 0.031055088
v 0.00554376747 -0.0318055623 0.0298536266
f 3727 3729 3728
v 0.000683986582 -0.0247123273 0.038643938
v 0.000271245517 -0.0259555702 0.0378543104
v -0.00144627265 -0.0251788588 0.038875037
f 3730 3732 3731
v 0.0011259719 -0.0278667256 0.0335457735
v 0.00631942094 -0.0272079895 0.0324693712
v 0.00356120509 -0.0281246204 0.0322306209
f 3733 3735 3734
v 0.0011259719 -0.0278667256 0.0335457735
v 0.00423445745 -0.026233212 0.0336412428
v 0.00631942094 -0.0272079895 0.0324693712
f 3736 3738 3737
v 0.00356120509 -0.0281246204 0.0322306209
v 0.00349197799 -0.0305809692 0.0315167854
v 0.00116262672 -0.0285956427 0.0317958678
f 3739 3741 3740
v 0.00356120509 -0.0281246204 0.0322306209
v 0.00558794563 -0.0289353251 0.0321675674
v 0.00349197799 -0.0305809692 0.0315167854
f 3742 3744 3743
v 0.00288282972 -0.0263263762 0.0354765769
v 0.00239368819 -0.0264994975 0.0340798433
v 0.000438896677 -0.0264181173 0.0357540412
f 3745 3747 3746
v 0.00239368819 -0.0264994975 0.0340798433
v 0.0011259719 -0.0278667256 0.0335457735
v -0.00122150741 -0.026715186 0.0343655556
f 3748 3750 3749
v -0.00122150741 -0.026715186 0.0343655556
v 0.000438896677 -0.0264181173 0.0357540412
v 0.00239368819 -0.0264994975 0.0340798433
f 3751 3753 3752
v 0.0011259719 -0.0278667256 0.0335457735
v 0.00356120509 -0.0281246204 0.0322306209
v 0.00116262672 -0.0285956427 0.0317958678
f 3754 3756 3755
v -0.00208958118 -0.0283614208 0.0331239251
v 0.0011259719 -0.0278667256 0.0335457735
v 0.00116262672 -0.0285956427 0.0317958678
f 3757 3759 3758
v -0.00208958118 -0.0283614208 0.0331239251
v 0.00116262672 -0.0285956427 0.0317958678
v -0.00125177976 -0.0286886439 0.0319606334
f 3760 3762 3761
v 0.00423445745 -0.026233212 0.0336412428
v 0.0011259719 -0.0278667256 0.0335457735
v 0.00239368819 -0.0264994975 0.0340798433
f 3763 3765 3764
v 0.00522744667 -0.0301378954 0.031398196
v 0.00349197799 -0.0305809692 0.0315167854
v 0.00558794563 -0.0289353251 0.0321675674
f 3766 3768 3767
v 0.00349197799 -0.0305809692 0.0315167854
v 0.00554376747 -0.0318055623 0.0298536266
v 0.00168914921 -0.0317722559 0.0304816611
f 3769 3771 3770
v 0.000438896677 -0.0264181173 0.0357540412
v -0.00122150741 -0.026715186 0.0343655556
v -0.00139893164 -0.0263951166 0.0371894072
f 3772 3774 3773
v -0.00233152459 -0.0199331407 0.0445377751
v 0.002333882 -0.0203659365 0.0426117156
v 0.00156172391 -0.0215728534 0.0415686052
f 3775 3777 3776
v 0.000105381332 -0.018396313 0.0444674079
v 0.002333882 -0.0203659365 0.0426117156
v -0.00233152459 -0.0199331407 0.0445377751
f 3778 3780 3779
v -0.00189890197 -0.0177879498 0.0452824141
v -0.00233152459 -0.0199331407 0.0445377751
v -0.00763205899 -0.0191720261 0.0458200695
f 3781 3783 3782
v -0.00214292377 -0.0159732677 0.0461339339
v -0.00189890197 -0.0177879498 0.0452824141
v -0.00763205899 -0.0191720261 0.0458200695
f 3784 3786 3785
v -0.0057794161 -0.0217083405 0.0423994905
v -0.00496704888 -0.0206449244 0.0445752696
v -0.00252437385 -0.021743527 0.0422940328
f 3787 3789 3788
v -0.00233152459 -0.0199331407 0.0445377751
v 0.00156172391 -0.0215728534 0.0415686052
v -0.00496704888 -0.0206449244 0.0445752696
f 3790 3792 3791
v -0.0100252269 -0.0154067064 0.0472284271
v -0.0117880671 -0.0180844858 0.0464018172
v -0.0139046082 -0.0155730784 0.0469619146
f 3793 3795 3794
v -0.0117880671 -0.0180844858 0.0464018172
v -0.00763205899 -0.0191720261 0.0458200695
v -0.0107146319 -0.0205653312 0.0443454861
f 3796 3798 3797
v -0.0100252269 -0.0154067064 0.0472284271
v -0.00763205899 -0.0191720261 0.0458200695
v -0.0117880671 -0.0180844858 0.0464018172
f 3799 3801 3800
v -0.00763205899 -0.0191720261 0.0458200695
v -0.00755463479 -0.0211361563 0.0437350682
v -0.0107146319 -0.0205653312 0.0443454861
f 3802 3804 3803
v -0.0117880671 -0.0180844858 0.0464018172
v -0.0107146319 -0.0205653312 0.0443454861
v -0.0131254579 -0.0186425401 0.0458266237
f 3805 3807 3806
v -0.0150269523 -0.0192479361 0.0447472936
v -0.0131254579 -0.0186425401 0.0458266237
v -0.0107146319 -0.0205653312 0.0443454861
f 3808 3810 3809
v -0.00252437385 -0.021743527 0.0422940328
v 0.00156172391 -0.0215728534 0.0415686052
v 0.000840227585 -0.0241955189 0.0397530937
f 3811 3813 3812
v -0.00144627265 -0.0251788588 0.038875037
v -0.0026699694 -0.0239262707 0.0415969989
v 0.000840227585 -0.0241955189 0.0397530937
f 3814 3816 3815
v -0.0057794161 -0.0217083405 0.0423994905
v -0.00554737308 -0.0227247903 0.041761226
v -0.00996276649 -0.0210149432 0.0415506162
f 3817 3819 3818
v -0.0057794161 -0.0217083405 0.0423994905
v -0.00996276649 -0.0210149432 0.0415506162
v -0.0113957176 -0.0198905997 0.0427418505
f 3820 3822 3821
v -0.00554737308 -0.0227247903 0.041761226
v -0.0026699694 -0.0239262707 0.0415969989
v -0.00315898105 -0.0248745142 0.0406473031
f 3823 3825 3824
v -0.00144627265 -0.0251788588 0.038875037
v 0.000271245517 -0.0259555702 0.0378543104
v -0.00139893164 -0.0263951166 0.0371894072
f 3826 3828 3827
v -0.00705303173 -0.0256171043 0.037669501
v -0.00144627265 -0.0251788588 0.038875037
v -0.00423266392 -0.0261560665 0.0375221891
f 3829 3831 3830
v -0.00554737308 -0.0227247903 0.041761226
v -0.00315898105 -0.0248745142 0.0406473031
v -0.00529819736 -0.0249104924 0.0398596836
f 3832 3834 3833
v -0.00982074998 -0.0239803194 0.039860222
v -0.00705303173 -0.0256171043 0.037669501
v -0.00864225149 -0.0254335813 0.0374874449
f 3835 3837 3836
v -0.00705303173 -0.0256171043 0.037669501
v -0.00671665402 -0.0256594678 0.0353770913
v -0.00864225149 -0.0254335813 0.0374874449
f 3838 3840 3839
v -0.00705303173 -0.0256171043 0.037669501
v -0.00529819736 -0.0249104924 0.0398596836
v -0.00144627265 -0.0251788588 0.038875037
f 3841 3843 3842
v -0.00529819736 -0.0249104924 0.0398596836
v -0.00705303173 -0.0256171043 0.037669501
v -0.00982074998 -0.0239803194 0.039860222
f 3844 3846 3845
v -0.00380101992 -0.0263602298 0.0346307381
v -0.00139893164 -0.0263951166 0.0371894072
v -0.00122150741 -0.026715186 0.0343655556
f 3847 3849 3848
v -0.00616870238 -0.02796177 0.0337147911
v -0.00568879768 -0.0260880857 0.0351432798
v -0.00380101992 -0.0263602298 0.0346307381
f 3850 3852 3851
v -0.00864225149 -0.0254335813 0.0374874449
v -0.00671665402 -0.0256594678 0.0353770913
v -0.00784081349 -0.025945704 0.0342489831
f 3853 3855 3854
v -0.00426250517 -0.0286827708 0.0319427898
v -0.00348632711 -0.0277049025 0.0340426108
v -0.00208958118 -0.0283614208 0.0331239251
f 3856 3858 3857
v -0.00812200014 -0.0275970786 0.0330145296
v -0.00426250517 -0.0286827708 0.0319427898
v -0.00528012606 -0.029843708 0.0304653717
f 3859 3861 3860
v -0.00784081349 -0.025945704 0.0342489831
v -0.00616870238 -0.02796177 0.0337147911
v -0.00812200014 -0.0275970786 0.0330145296
f 3862 3864 3863
v -0.00812200014 -0.0275970786 0.0330145296
v -0.00528012606 -0.029843708 0.0304653717
v -0.00756737281 -0.028720207 0.0300624204
f 3865 3867 3866
v -0.00380101992 -0.0263602298 0.0346307381
v -0.00348632711 -0.0277049025 0.0340426108
v -0.00616870238 -0.02796177 0.0337147911
f 3868 3870 3869
v -0.00426250517 -0.0286827708 0.0319427898
v -0.00812200014 -0.0275970786 0.0330145296
v -0.00616870238 -0.02796177 0.0337147911
f 3871 3873 3872
v -0.00996276649 -0.0210149432 0.0415506162
v -0.00982074998 -0.0239803194 0.039860222
v -0.0127457766 -0.0223273586 0.0409655215
f 3874 3876 3875
v -0.0127309002 -0.0198941052 0.0427526247
v -0.0127457766 -0.0223273586 0.0409655215
v -0.0162595621 -0.0217743713 0.0411835383
f 3877 3879 3878
v -0.0114206974 -0.0261447276 0.0341146108
v -0.0120108147 -0.0250419776 0.0378945813
v -0.00864225149 -0.0254335813 0.0374874449
f 3880 3882 3881
v -0.0161737378 -0.0258411164 0.0367715285
v -0.0153901026 -0.0252701313 0.0377489749
v -0.0142577628 -0.0255399151 0.0363748288
f 3883 3885 3884
v -0.0127457766 -0.0223273586 0.0409655215
v -0.00982074998 -0.0239803194 0.039860222
v -0.0129986467 -0.0247591088 0.0389456953
f 3886 3888 3887
v -0.00864225149 -0.0254335813 0.0374874449
v -0.00971871777 -0.0256502593 0.0345550856
v -0.0114206974 -0.0261447276 0.0341146108
f 3889 3891 3890
v -0.0139432406 -0.0263437687 0.0337308215
v -0.0101029204 -0.0264113041 0.0334903423
v -0.0132844274 -0.0284172886 0.032652411
f 3892 3894 3893
v -0.0104306513 -0.0273341342 0.0330182636
v -0.0132844274 -0.0284172886 0.032652411
v -0.0101029204 -0.0264113041 0.0334903423
f 3895 3897 3896
v -0.0142577628 -0.0255399151 0.0363748288
v -0.0114206974 -0.0261447276 0.0341146108
v -0.0139432406 -0.0263437687 0.0337308215
f 3898 3900 3899
v -0.0114206974 -0.0261447276 0.0341146108
v -0.0101029204 -0.0264113041 0.0334903423
v -0.0139432406 -0.0263437687 0.0337308215
f 3901 3903 3902
v -0.0026699694 -0.0239262707 0.0415969989
v -0.00144627265 -0.0251788588 0.038875037
v -0.00315898105 -0.0248745142 0.0406473031
f 3904 3906 3905
v -0.00996276649 -0.0210149432 0.0415506162
v -0.00554737308 -0.0227247903 0.041761226
v -0.00982074998 -0.0239803194 0.039860222
f 3907 3909 3908
v -0.0101029204 -0.0264113041 0.0334903423
v -0.00812200014 -0.0275970786 0.0330145296
v -0.0104306513 -0.0273341342 0.0330182636
f 3910 3912 3911
v -0.00144627265 -0.0251788588 0.038875037
v 0.000840227585 -0.0241955189 0.0397530937
v 0.000683986582 -0.0247123273 0.038643938
f 3913 3915 3914
v 0.00481809839 -0.0175829133 0.0420883502
v 0.00476191053 -0.0186176941 0.0419569493
v 0.00458802533 -0.018767736 0.042322831
f 3916 3918 3917
v -0.00252437385 -0.021743527 0.0422940328
v -0.00554737308 -0.0227247903 0.041761226
v -0.0057794161 -0.0217083405 0.0423994905
f 3919 3921 3920
v -0.0127309002 -0.0198941052 0.0427526247
v -0.0113957176 -0.0198905997 0.0427418505
v -0.00996276649 -0.0210149432 0.0415506162
f 3922 3924 3923
v 0.0076937009 -0.00520844114 0.0232974853
v 0.00810457423 -0.0136729126 0.0131812165
v 0.00735236245 -0.0140145581 0.029396225
f 3925 3927 3926
v 0.00810457423 -0.0136729126 0.0131812165
v 0.00783842697 -0.0207293313 0.00482017203
v 0.00717076182 -0.0219390276 0.0180981442
f 3928 3930 3929
v 0.00572624558 -0.0292362616 0.0309172523
v 0.00614083838 -0.0232759456 0.030919307
v 0.00592909637 -0.0303708133 0.0268628413
f 3931 3933 3932
v 0.00604921952 -0.0304003595 0.0236365682
v 0.00717076182 -0.0219390276 0.0180981442
v 0.00646429689 -0.0284100825 0.0201983581
f 3934 3936 3935
v 0.00646429689 -0.0284100825 0.0201983581
v 0.00717076182 -0.0219390276 0.0180981442
v 0.00668176654 -0.0298129336 0.0167262202
f 3937 3939 3938
v 0.00554376747 -0.0318055623 0.0298536266
v 0.00592909637 -0.0303708133 0.0268628413
v 0.00572296849 -0.0316704885 0.0276039791
f 3940 3942 3941
v 0.00572624558 -0.0292362616 0.0309172523
v 0.00592909637 -0.0303708133 0.0268628413
v 0.00554376747 -0.0318055623 0.0298536266
f 3943 3945 3944
v 0.00387545588 -0.0323642074 0.0276397623
v 0.00554376747 -0.0318055623 0.0298536266
v 0.00572296849 -0.0316704885 0.0276039791
f 3946 3948 3947
v 0.00572296849 -0.0316704885 0.0276039791
v 0.00592909637 -0.0303708133 0.0268628413
v 0.00387545588 -0.0323642074 0.0276397623
f 3949 3951 3950
v 0.00589321426 -0.030605332 0.0220534159
v 0.00646429689 -0.0284100825 0.0201983581
v 0.0053762953 -0.0310884061 0.0196637848
f 3952 3954 3953
v 0.0053762953 -0.0310884061 0.0196637848
v 0.00545223884 -0.0316262827 0.0183655357
v 0.00442922465 -0.0309740484 0.018634455
f 3955 3957 3956
v 0.00668176654 -0.0298129336 0.0167262202
v 0.00616997131 -0.0321655651 0.0169822524
v 0.00545223884 -0.0316262827 0.0183655357
f 3958 3960 3959
v 0.00545223884 -0.0316262827 0.0183655357
v 0.00616997131 -0.0321655651 0.0169822524
v 0.00475693232 -0.0316797872 0.0174336557
f 3961 3963 3962
v 0.00616997131 -0.0321655651 0.0169822524
v 0.00660418445 -0.0325851666 0.0160598298
v 0.00360406193 -0.0333017291 0.01621017
f 3964 3966 3965
v 0.00387545588 -0.0323642074 0.0276397623
v 0.00181126234 -0.0330651616 0.0249895442
v 0.00171204374 -0.0332022551 0.0283199624
f 3967 3969 3968
v 0.0041830499 -0.0306268397 0.0241828078
v 0.00229437501 -0.031786802 0.0243486895
v 0.00592909637 -0.0303708133 0.0268628413
f 3970 3972 3971
v 0.00589321426 -0.030605332 0.0220534159
v 0.0027429669 -0.0309007562 0.0213166437
v 0.00308689559 -0.0310564123 0.0228871373
f 3973 3975 3974
v 0.000206407276 -0.0319382583 0.0209430946
v 0.00442922465 -0.0309740484 0.018634455
v 0.000406363688 -0.0323875254 0.0191131025
f 3976 3978 3977
v 0.0027429669 -0.0309007562 0.0213166437
v 0.00442922465 -0.0309740484 0.018634455
v 0.000206407276 -0.0319382583 0.0209430946
f 3979 3981 3980
v 0.000406363688 -0.0323875254 0.0191131025
v 0.00442922465 -0.0309740484 0.018634455
v 0.00475693232 -0.0316797872 0.0174336557
f 3982 3984 3983
v 0.0041830499 -0.0306268397 0.0241828078
v 0.00589321426 -0.030605332 0.0220534159
v 0.00308689559 -0.0310564123 0.0228871373
f 3985 3987 3986
v 0.0027429669 -0.0309007562 0.0213166437
v 0.00589321426 -0.030605332 0.0220534159
v 0.0053762953 -0.0310884061 0.0196637848
f 3988 3990 3989
v 0.00660418445 -0.0325851666 0.0160598298
v 0.00638265192 -0.0318717037 0.0125189938
v 0.00639605569 -0.0325430185 0.0138842443
f 3991 3993 3992
v 0.00627129193 -0.0323358254 0.0140315125
v 0.00626838009 -0.0323890185 0.0136323506
v 0.00543775386 -0.0323488552 0.0141499826
f 3994 3996 3995
v 0.00639605569 -0.0325430185 0.0138842443
v 0.00626527617 -0.0324205204 0.0132712026
v 0.0062882129 -0.0325915898 0.0132724716
f 3997 3999 3998
v 0.00639605569 -0.0325430185 0.0138842443
v 0.00626838009 -0.0323890185 0.0136323506
v 0.00626527617 -0.0324205204 0.0132712026
f 4000 4002 4001
v 0.00660418445 -0.0325851666 0.0160598298
v 0.00639605569 -0.0325430185 0.0138842443
v 0.00543775386 -0.0323488552 0.0141499826
f 4003 4005 4004
v 0.00638265192 -0.0318717037 0.0125189938
v 0.00625187822 -0.0332090538 0.0126395054
v 0.00593753357 -0.0321487314 0.0126297935
f 4006 4008 4007
v 0.00580616761 -0.0341078441 0.0103298764
v 0.00517022127 -0.035321826 0.012233491
v 0.00664310355 -0.0340259547 0.012517604
f 4009 4011 4010
v 0.00517022127 -0.035321826 0.012233491
v 0.00580616761 -0.0341078441 0.0103298764
v 0.00512921251 -0.0352337403 0.0105495194
f 4012 4014 4013
v 0.00625187822 -0.0332090538 0.0126395054
v 0.00517022127 -0.035321826 0.012233491
v 0.00374230003 -0.0335539924 0.0131294029
f 4015 4017 4016
v 0.00374230003 -0.0335539924 0.0131294029
v 0.00517022127 -0.035321826 0.012233491
v 0.00323360146 -0.0347123016 0.0126381885
f 4018 4020 4019
v 0.00638265192 -0.0318717037 0.0125189938
v 0.00627129193 -0.0323358254 0.0140315125
v 0.00639605569 -0.0325430185 0.0138842443
f 4021 4023 4022
v 0.00638265192 -0.0318717037 0.0125189938
v 0.00626527617 -0.0324205204 0.0132712026
v 0.00626838009 -0.0323890185 0.0136323506
f 4024 4026 4025
v 0.00627129193 -0.0323358254 0.0140315125
v 0.00638265192 -0.0318717037 0.0125189938
v 0.00626838009 -0.0323890185 0.0136323506
f 4027 4029 4028
v 0.00638265192 -0.0318717037 0.0125189938
v 0.00580616761 -0.0341078441 0.0103298764
v 0.00625187822 -0.0332090538 0.0126395054
f 4030 4032 4031
v 0.00638265192 -0.0318717037 0.0125189938
v 0.00593753357 -0.0321487314 0.0126297935
v 0.00626527617 -0.0324205204 0.0132712026
f 4033 4035 4034
v 0.00638265192 -0.0318717037 0.0125189938
v 0.00783842697 -0.0207293313 0.00482017203
v 0.0052420437 -0.0359386468 0.0065986118
f 4036 4038 4037
v 0.00530023244 -0.0359607046 0.0099356992
v 0.00580616761 -0.0341078441 0.0103298764
v 0.0052420437 -0.0359386468 0.0065986118
f 4039 4041 4040
v 0.0052420437 -0.0359386468 0.0065986118
v 0.00783842697 -0.0207293313 0.00482017203
v 0.00447924322 -0.0391686539 0.0033198241
f 4042 4044 4043
v 0.000449494109 -0.0293327786 0.00999153926
v -0.00255078849 -0.0292682409 0.0115026756
v 0.000339699181 -0.0291082717 0.0115411982
f 4045 4047 4046
v 0.000348289177 -0.0311947777 0.0142483565
v 0.00211028164 -0.0325772562 0.0143545971
v 0.00397677068 -0.0312740711 0.0127317791
f 4048 4050 4049
v 0.00543775386 -0.0323488552 0.0141499826
v 0.00202887459 -0.0335700635 0.0147542858
v 0.00660418445 -0.0325851666 0.0160598298
f 4051 4053 4052
v 0.00305399517 -0.0309797149 0.0121154859
v 0.00625187822 -0.0332090538 0.0126395054
v 0.00374230003 -0.0335539924 0.0131294029
f 4054 4056 4055
v 0.00374230003 -0.0335539924 0.0131294029
v 0.00323360146 -0.0347123016 0.0126381885
v 0.00139831682 -0.0342130515 0.0124780418
f 4057 4059 4058
v 0.00593753357 -0.0321487314 0.0126297935
v 0.00305399517 -0.0309797149 0.0121154859
v 0.00397677068 -0.0312740711 0.0127317791
f 4060 4062 4061
v 0.000895420817 -0.0298679224 0.0105921848
v 0.00197224726 -0.0300229498 0.0124353232
v 0.000860809814 -0.0310640899 0.011471261
f 4063 4065 4064
v -0.00360575832 -0.0319529325 0.015213713
v -0.000653245661 -0.0333320262 0.0153789704
v 0.00202887459 -0.0335700635 0.0147542858
f 4066 4068 4067
v 0.00305399517 -0.0309797149 0.0121154859
v 0.000860809814 -0.0310640899 0.011471261
v 0.00197224726 -0.0300229498 0.0124353232
f 4069 4071 4070
v 0.000449494109 -0.0293327786 0.00999153926
v 0.000900864688 -0.0302240718 0.00927553701
v 0.000364168955 -0.0305783935 0.0081980601
f 4072 4074 4073
v 0.000900864688 -0.0302240718 0.00927553701
v 7.04581907e-05 -0.0326305453 0.00959921163
v 0.000496850407 -0.0315020559 0.00834351158
f 4075 4077 4076
v 0.000496850407 -0.0315020559 0.00834351158
v -0.0026758833 -0.0302468892 0.00911436291
v 0.000364168955 -0.0305783935 0.0081980601
f 4078 4080 4079
v 0.000919999729 -0.0324712077 0.00810099518
v 0.000711008761 -0.0334762182 0.00692761751
v 0.000496850407 -0.0315020559 0.00834351158
f 4081 4083 4082
v 0.000496850407 -0.0315020559 0.00834351158
v 7.04581907e-05 -0.0326305453 0.00959921163
v 0.000919999729 -0.0324712077 0.00810099518
f 4084 4086 4085
v 0.000919999729 -0.0324712077 0.00810099518
v 0.00120673431 -0.0334699551 0.00731066903
v 0.000711008761 -0.0334762182 0.00692761751
f 4087 4089 4088
v 0.00120673431 -0.0334699551 0.00731066903
v 0.0013738776 -0.0341740379 0.00639424761
v 0.000711008761 -0.0334762182 0.00692761751
f 4090 4092 4091
v 0.00593753357 -0.0321487314 0.0126297935
v 0.00625187822 -0.0332090538 0.0126395054
v 0.00305399517 -0.0309797149 0.0121154859
f 4093 4095 4094
v 0.00397677068 -0.0312740711 0.0127317791
v 0.00543775386 -0.0323488552 0.0141499826
v 0.00593753357 -0.0321487314 0.0126297935
f 4096 4098 4097
v 0.000895420817 -0.0298679224 0.0105921848
v 7.04581907e-05 -0.0326305453 0.00959921163
v 0.000900864688 -0.0302240718 0.00927553701
f 4099 4101 4100
v -0.00255078849 -0.0292682409 0.0115026756
v 0.000449494109 -0.0293327786 0.00999153926
v -0.0026758833 -0.0302468892 0.00911436291
f 4102 4104 4103
v -0.00536120497 -0.0301122229 0.0148947147
v -0.0036273912 -0.0298803614 0.0146959472
v -0.00655583572 -0.029873944 0.0132220564
f 4105 4107 4106
v -0.00360575832 -0.0319529325 0.015213713
v -0.0036273912 -0.0298803614 0.0146959472
v -0.00536120497 -0.0301122229 0.0148947147
f 4108 4110 4109
v -0.00619509956 -0.0311141252 0.0161177173
v -0.00360575832 -0.0319529325 0.015213713
v -0.00536120497 -0.0301122229 0.0148947147
f 4111 4113 4112
v -0.0041893185 -0.0298182626 0.0113024587
v -0.0026758833 -0.0302468892 0.00911436291
v -0.00623482556 -0.0303394918 0.00990216577
f 4114 4116 4115
v -0.0041893185 -0.0298182626 0.0113024587
v -0.010059381 -0.0296516344 0.0109495573
v -0.00655583572 -0.029873944 0.0132220564
f 4117 4119 4118
v -0.00803542061 -0.0300422369 0.015816676
v -0.00536120497 -0.0301122229 0.0148947147
v -0.00655583572 -0.029873944 0.0132220564
f 4120 4122 4121
v -0.00655583572 -0.029873944 0.0132220564
v -0.010059381 -0.0296516344 0.0109495573
v -0.0110780689 -0.0300275162 0.0122094192
f 4123 4125 4124
v -0.00803542061 -0.0300422369 0.015816676
v -0.00619509956 -0.0311141252 0.0161177173
v -0.00536120497 -0.0301122229 0.0148947147
f 4126 4128 4127
v -0.0036273912 -0.0298803614 0.0146959472
v -0.00255078849 -0.0292682409 0.0115026756
v -0.00655583572 -0.029873944 0.0132220564
f 4129 4131 4130
v -0.000410278881 -0.0301157765 0.0139074153
v -0.00255078849 -0.0292682409 0.0115026756
v -0.0036273912 -0.0298803614 0.0146959472
f 4132 4134 4133
v -0.0026758833 -0.0302468892 0.00911436291
v -0.00705291677 -0.032768544 0.00946166547
v -0.00623482556 -0.0303394918 0.00990216577
f 4135 4137 4136
v -0.0026758833 -0.0302468892 0.00911436291
v 0.000496850407 -0.0315020559 0.00834351158
v -0.00705291677 -0.032768544 0.00946166547
f 4138 4140 4139
v -0.0101053098 -0.028084495 0.0313672877
v -0.00823141163 -0.0300455315 0.0275994185
v -0.012867109 -0.0295311416 0.0310181698
f 4141 4143 4142
v -0.0149563188 -0.0264280679 0.0340920873
v -0.0132844274 -0.0284172886 0.032652411
v -0.017319317 -0.0293797988 0.0324497698
f 4144 4146 4145
v -0.017319317 -0.0293797988 0.0324497698
v -0.012867109 -0.0295311416 0.0310181698
v -0.0155516711 -0.0301513646 0.0298634928
f 4147 4149 4148
v -0.017319317 -0.0293797988 0.0324497698
v -0.0155516711 -0.0301513646 0.0298634928
v -0.0176439004 -0.030066137 0.030069644
f 4150 4152 4151
v -0.017319317 -0.0293797988 0.0324497698
v -0.0132844274 -0.0284172886 0.032652411
v -0.012867109 -0.0295311416 0.0310181698
f 4153 4155 4154
v -0.00195454813 -0.0329683244 0.0271276891
v -0.00351704512 -0.0318142964 0.0268705713
v -0.00198689559 -0.0317619881 0.027467811
f 4156 4158 4157
v -0.00197504196 -0.0339171558 0.0259723165
v -0.00351704512 -0.0318142964 0.0268705713
v -0.00195454813 -0.0329683244 0.0271276891
f 4159 4161 4160
v -8.63255991e-05 -0.0331795076 0.0238938999
v -0.00272003817 -0.0340850238 0.0208625832
v -0.00178685441 -0.0340704981 0.0247084303
f 4162 4164 4163
v -0.00335119148 -0.0334479177 0.0260384346
v -0.00197504196 -0.0339171558 0.0259723165
v -0.00178685441 -0.0340704981 0.0247084303
f 4165 4167 4166
v -0.0043975062 -0.0343973021 0.0244309573
v -0.0054224729 -0.0350143499 0.0222913237
v -0.00675956471 -0.0339339342 0.0239976565
f 4168 4170 4169
v 0.000674228068 -0.0331135641 0.0177969981
v 0.000233368337 -0.033609863 0.0164892073
v -0.00133383437 -0.034048807 0.0169724328
f 4171 4173 4172
v -0.00272003817 -0.0340850238 0.0208625832
v -0.00412428999 -0.0347663969 0.0210234444
v -0.00178685441 -0.0340704981 0.0247084303
f 4174 4176 4175
v 0.000406363688 -0.0323875254 0.0191131025
v -0.00286667346 -0.0343476684 0.0187175043
v -0.00272003817 -0.0340850238 0.0208625832
f 4177 4179 4178
v 0.000406363688 -0.0323875254 0.0191131025
v 0.000674228068 -0.0331135641 0.0177969981
v -0.00286667346 -0.0343476684 0.0187175043
f 4180 4182 4181
v -0.0043975062 -0.0343973021 0.0244309573
v -0.00412428999 -0.0347663969 0.0210234444
v -0.0054224729 -0.0350143499 0.0222913237
f 4183 4185 4184
v -0.00286667346 -0.0343476684 0.0187175043
v -0.00390331406 -0.0345961365 0.0173835433
v -0.00564224247 -0.0357365294 0.02006922
f 4186 4188 4187
v -0.0043975062 -0.0343973021 0.0244309573
v -0.00178685441 -0.0340704981 0.0247084303
v -0.00412428999 -0.0347663969 0.0210234444
f 4189 4191 4190
v 0.00530023244 -0.0359607046 0.0099356992
v 0.00471508683 -0.0373770716 0.00961546975
v 0.00226521952 -0.037083542 0.00990507178
f 4192 4194 4193
v 0.00517022127 -0.035321826 0.012233491
v 0.0038629114 -0.0353757845 0.0111101217
v 0.00323360146 -0.0347123016 0.0126381885
f 4195 4197 4196
v 0.00530023244 -0.0359607046 0.0099356992
v 0.0038629114 -0.0353757845 0.0111101217
v 0.00512921251 -0.0352337403 0.0105495194
f 4198 4200 4199
v 0.00517022127 -0.035321826 0.012233491
v 0.00512921251 -0.0352337403 0.0105495194
v 0.0038629114 -0.0353757845 0.0111101217
f 4201 4203 4202
v 0.00567315874 -0.0370224268 0.00943522391
v 0.00537401211 -0.0383650244 0.00748127277
v 0.00490598613 -0.0388406916 0.00749282844
f 4204 4206 4205
v 0.00543210044 -0.0394012342 0.0055512206
v 0.00537401211 -0.0383650244 0.00748127277
v 0.00447924322 -0.0391686539 0.0033198241
f 4207 4209 4208
v 0.0052420437 -0.0359386468 0.0065986118
v 0.00567315874 -0.0370224268 0.00943522391
v 0.00530023244 -0.0359607046 0.0099356992
f 4210 4212 4211
v 0.0052420437 -0.0359386468 0.0065986118
v 0.00447924322 -0.0391686539 0.0033198241
v 0.00537401211 -0.0383650244 0.00748127277
f 4213 4215 4214
v 0.00471508683 -0.0373770716 0.00961546975
v 0.00490598613 -0.0388406916 0.00749282844
v 0.00211420556 -0.0393943221 0.00726343496
f 4216 4218 4217
v 0.000708181324 -0.040471644 0.00434120448
v 0.00211420556 -0.0393943221 0.00726343496
v 0.00255455743 -0.0413692702 0.00340889092
f 4219 4221 4220
v 0.00211420556 -0.0393943221 0.00726343496
v 0.000708181324 -0.040471644 0.00434120448
v 0.000156868919 -0.0382390746 0.00590833079
f 4222 4224 4223
v 0.00490598613 -0.0388406916 0.00749282844
v 0.00537401211 -0.0383650244 0.00748127277
v 0.00543210044 -0.0394012342 0.0055512206
f 4225 4227 4226
v 0.000233368337 -0.033609863 0.0164892073
v 0.00202887459 -0.0335700635 0.0147542858
v -0.000653245661 -0.0333320262 0.0153789704
f 4228 4230 4229
v 0.00323360146 -0.0347123016 0.0126381885
v 0.00167393446 -0.0349778013 0.0122049336
v 0.00139831682 -0.0342130515 0.0124780418
f 4231 4233 4232
v 0.00167393446 -0.0349778013 0.0122049336
v 0.000455352711 -0.0367615634 0.0091931739
v 0.00038751532 -0.0338157988 0.0111055881
f 4234 4236 4235
v 0.000455352711 -0.0367615634 0.0091931739
v -6.22196239e-05 -0.034827643 0.00966365624
v 0.00038751532 -0.0338157988 0.0111055881
f 4237 4239 4238
v 0.00167393446 -0.0349778013 0.0122049336
v 0.00038751532 -0.0338157988 0.0111055881
v 0.00139831682 -0.0342130515 0.0124780418
f 4240 4242 4241
v -0.000653245661 -0.0333320262 0.0153789704
v -0.00243871727 -0.0335173856 0.0155293281
v -0.00133383437 -0.034048807 0.0169724328
f 4243 4245 4244
v -6.22196239e-05 -0.034827643 0.00966365624
v -2.10442522e-05 -0.0358340912 0.00719419768
v 0.000919999729 -0.0324712077 0.00810099518
f 4246 4248 4247
v 0.00167393446 -0.0349778013 0.0122049336
v 0.00226521952 -0.037083542 0.00990507178
v 0.000455352711 -0.0367615634 0.0091931739
f 4249 4251 4250
v 0.000455352711 -0.0367615634 0.0091931739
v -5.00658643e-06 -0.0368624867 0.00817490291
v -2.10442522e-05 -0.0358340912 0.00719419768
f 4252 4254 4253
v 0.00150072156 -0.0348331145 0.00636460536
v 0.00139050462 -0.0352775416 0.00553616264
v 0.00195223402 -0.0344316795 0.00590156305
f 4255 4257 4256
v 0.000392457878 -0.0369209767 0.00528430937
v -6.65022526e-05 -0.0375502801 0.00431077351
v 0.000700585952 -0.0362210034 0.0048002963
f 4258 4260 4259
v 0.00098857854 -0.0356430362 0.00549611868
v 0.000774730142 -0.0358441117 0.00525573887
v 0.000954805 -0.0356121483 0.00523503331
f 4261 4263 4262
v 0.00043779728 -0.0354662334 0.00529322606
v -6.65022526e-05 -0.0375502801 0.00431077351
v -0.00331783558 -0.0373511692 0.00496167449
f 4264 4266 4265
v 0.000392457878 -0.0369209767 0.00528430937
v 0.00098857854 -0.0356430362 0.00549611868
v -2.10442522e-05 -0.0358340912 0.00719419768
f 4267 4269 4268
v 0.000954805 -0.0356121483 0.00523503331
v 0.00121090488 -0.0356227596 0.00520369249
v 0.00098857854 -0.0356430362 0.00549611868
f 4270 4272 4271
v 0.00121090488 -0.0356227596 0.00520369249
v 0.000954805 -0.0356121483 0.00523503331
v 0.00043779728 -0.0354662334 0.00529322606
f 4273 4275 4274
v 0.0012135657 -0.0352500065 0.00555859879
v 0.00139050462 -0.0352775416 0.00553616264
v 0.00150072156 -0.0348331145 0.00636460536
f 4276 4278 4277
v 0.00139050462 -0.0352775416 0.00553616264
v 0.0012135657 -0.0352500065 0.00555859879
v 0.00195223402 -0.0344316795 0.00590156305
f 4279 4281 4280
v 0.000774730142 -0.0358441117 0.00525573887
v 0.000700585952 -0.0362210034 0.0048002963
v 0.00043779728 -0.0354662334 0.00529322606
f 4282 4284 4283
v -0.00355841257 -0.0345758686 0.00731344771
v 0.00043779728 -0.0354662334 0.00529322606
v -0.00539273606 -0.0357092649 0.00636040713
f 4285 4287 4286
v 0.000183268276 -0.0377694378 0.00803641524
v -5.00658643e-06 -0.0368624867 0.00817490291
v 0.000455352711 -0.0367615634 0.0091931739
f 4288 4290 4289
v -6.65022526e-05 -0.0375502801 0.00431077351
v -0.000173581066 -0.0385241001 0.00363985891
v -0.00318495622 -0.0390912261 0.00301144246
f 4291 4293 4292
v -2.10442522e-05 -0.0358340912 0.00719419768
v 0.000156868919 -0.0382390746 0.00590833079
v 0.000392457878 -0.0369209767 0.00528430937
f 4294 4296 4295
v 0.000392457878 -0.0369209767 0.00528430937
v 0.000156868919 -0.0382390746 0.00590833079
v -6.65022526e-05 -0.0375502801 0.00431077351
f 4297 4299 4298
v -0.00331783558 -0.0373511692 0.00496167449
v -0.00318495622 -0.0390912261 0.00301144246
v -0.00522169285 -0.038947814 0.00407325824
f 4300 4302 4301
v -0.00539273606 -0.0357092649 0.00636040713
v -0.00331783558 -0.0373511692 0.00496167449
v -0.00522169285 -0.038947814 0.00407325824
f 4303 4305 4304
v 0.000183268276 -0.0377694378 0.00803641524
v -2.10442522e-05 -0.0358340912 0.00719419768
v -5.00658643e-06 -0.0368624867 0.00817490291
f 4306 4308 4307
v -6.65022526e-05 -0.0375502801 0.00431077351
v -0.00318495622 -0.0390912261 0.00301144246
v -0.00331783558 -0.0373511692 0.00496167449
f 4309 4311 4310
v 0.00150072156 -0.0348331145 0.00636460536
v -2.10442522e-05 -0.0358340912 0.00719419768
v 0.00098857854 -0.0356430362 0.00549611868
f 4312 4314 4313
v -2.10442522e-05 -0.0358340912 0.00719419768
v 0.000183268276 -0.0377694378 0.00803641524
v 0.000156868919 -0.0382390746 0.00590833079
f 4315 4317 4316
v 0.00211420556 -0.0393943221 0.00726343496
v 0.000156868919 -0.0382390746 0.00590833079
v 0.000183268276 -0.0377694378 0.00803641524
f 4318 4320 4319
v 0.000455352711 -0.0367615634 0.0091931739
v 0.00211420556 -0.0393943221 0.00726343496
v 0.000183268276 -0.0377694378 0.00803641524
f 4321 4323 4322
v 0.000708181324 -0.040471644 0.00434120448
v 0.000129996624 -0.040222262 0.00277179097
v -0.000251684833 -0.0393246999 0.00240767513
f 4324 4326 4325
v -0.00351704512 -0.0318142964 0.0268705713
v -0.0052463598 -0.030977343 0.0262287591
v -0.00379040102 -0.0311369309 0.0273063488
f 4327 4329 4328
v -0.0057565725 -0.0307751878 0.0273810118
v -0.00662055827 -0.0308036571 0.0258871296
v -0.0075058575 -0.0307894457 0.0270336779
f 4330 4332 4331
v -0.0057565725 -0.0307751878 0.0273810118
v -0.00379040102 -0.0311369309 0.0273063488
v -0.0052463598 -0.030977343 0.0262287591
f 4333 4335 4334
v -0.00327482412 -0.0309628202 0.0282407273
v -0.00379040102 -0.0311369309 0.0273063488
v -0.0057565725 -0.0307751878 0.0273810118
f 4336 4338 4337
v -0.00528398341 -0.0321375061 0.0259270309
v -0.00335119148 -0.0334479177 0.0260384346
v -0.0043975062 -0.0343973021 0.0244309573
f 4339 4341 4340
v -0.00675956471 -0.0339339342 0.0239976565
v -0.00766852463 -0.0337624399 0.0235365544
v -0.00812759536 -0.0319543527 0.0236495398
f 4342 4344 4343
v -0.0043975062 -0.0343973021 0.0244309573
v -0.00675956471 -0.0339339342 0.0239976565
v -0.00812759536 -0.0319543527 0.0236495398
f 4345 4347 4346
v -0.00823141163 -0.0300455315 0.0275994185
v -0.00695964263 -0.0298043131 0.0290573225
v -0.0075058575 -0.0307894457 0.0270336779
f 4348 4350 4349
v -0.00756737281 -0.028720207 0.0300624204
v -0.00695964263 -0.0298043131 0.0290573225
v -0.00823141163 -0.0300455315 0.0275994185
f 4351 4353 4352
v -0.00911323586 -0.0301336113 0.0261425361
v -0.00662055827 -0.0308036571 0.0258871296
v -0.00737988375 -0.0305735448 0.025251403
f 4354 4356 4355
v -0.00737988375 -0.0305735448 0.025251403
v -0.00967870874 -0.0304378744 0.024446749
v -0.00911323586 -0.0301336113 0.0261425361
f 4357 4359 4358
v -0.00967870874 -0.0304378744 0.024446749
v -0.00737988375 -0.0305735448 0.025251403
v -0.00812759536 -0.0319543527 0.0236495398
f 4360 4362 4361
v -0.00967870874 -0.0304378744 0.024446749
v -0.00812759536 -0.0319543527 0.0236495398
v -0.0109769884 -0.0314651086 0.0235395579
f 4363 4365 4364
v -0.0112185691 -0.0331664749 0.0237279426
v -0.0109769884 -0.0314651086 0.0235395579
v -0.00812759536 -0.0319543527 0.0236495398
f 4366 4368 4367
v -0.0107984437 -0.0304188638 0.0252546015
v -0.00967870874 -0.0304378744 0.024446749
v -0.0109769884 -0.0314651086 0.0235395579
f 4369 4371 4370
v -0.0112185691 -0.0331664749 0.0237279426
v -0.00766852463 -0.0337624399 0.0235365544
v -0.0112925336 -0.0344841392 0.0230670397
f 4372 4374 4373
v -0.00812759536 -0.0319543527 0.0236495398
v -0.00766852463 -0.0337624399 0.0235365544
v -0.0112185691 -0.0331664749 0.0237279426
f 4375 4377 4376
v -0.0075058575 -0.0307894457 0.0270336779
v -0.00662055827 -0.0308036571 0.0258871296
v -0.00911323586 -0.0301336113 0.0261425361
f 4378 4380 4379
v -0.00911323586 -0.0301336113 0.0261425361
v -0.0107984437 -0.0304188638 0.0252546015
v -0.00985019287 -0.0303894689 0.0270024932
f 4381 4383 4382
v -0.00978115422 -0.036037658 0.0209870486
v -0.00732693006 -0.0353494252 0.0186047895
v -0.00902874017 -0.0352080853 0.0194286491
f 4384 4386 4385
v -0.00539165667 -0.035263988 0.0186681616
v -0.00390331406 -0.0345961365 0.0173835433
v -0.00732693006 -0.0353494252 0.0186047895
f 4387 4389 4388
v -0.0123973325 -0.0355593453 0.0216968256
v -0.00886110647 -0.0357182231 0.0220439455
v -0.00978115422 -0.036037658 0.0209870486
f 4390 4392 4391
v -0.00766852463 -0.0337624399 0.0235365544
v -0.00886110647 -0.0357182231 0.0220439455
v -0.0112925336 -0.0344841392 0.0230670397
f 4393 4395 4394
v -0.00902874017 -0.0352080853 0.0194286491
v -0.0121373916 -0.0340901606 0.018878578
v -0.0119673772 -0.0354339019 0.0202056224
f 4396 4398 4397
v -0.0121373916 -0.0340901606 0.018878578
v -0.00902874017 -0.0352080853 0.0194286491
v -0.0110929032 -0.0323875487 0.017986774
f 4399 4401 4400
v -0.00732693006 -0.0353494252 0.0186047895
v -0.00608094269 -0.0333292264 0.016515571
v -0.00818940025 -0.0318647944 0.0172945554
f 4402 4404 4403
v -0.00818940025 -0.0318647944 0.0172945554
v -0.00902874017 -0.0352080853 0.0194286491
v -0.00732693006 -0.0353494252 0.0186047895
f 4405 4407 4406
v -0.00978115422 -0.036037658 0.0209870486
v -0.00564224247 -0.0357365294 0.02006922
v -0.00732693006 -0.0353494252 0.0186047895
f 4408 4410 4409
v -0.0107984437 -0.0304188638 0.0252546015
v -0.0132476358 -0.0302294735 0.0249487755
v -0.0118660711 -0.0304996094 0.0272919075
f 4411 4413 4412
v -0.0132476358 -0.0302294735 0.0249487755
v -0.0109769884 -0.0314651086 0.0235395579
v -0.0148809428 -0.0313034223 0.0233790866
f 4414 4416 4415
v -0.0153729561 -0.0300597691 0.0281766261
v -0.0162480181 -0.0305337249 0.0258759042
v -0.0174790766 -0.0304840039 0.0281331653
f 4417 4419 4418
v -0.0112185691 -0.0331664749 0.0237279426
v -0.0156087975 -0.0328867987 0.0235240266
v -0.0109769884 -0.0314651086 0.0235395579
f 4420 4422 4421
v -0.0112185691 -0.0331664749 0.0237279426
v -0.0112925336 -0.0344841392 0.0230670397
v -0.014028071 -0.0344447501 0.0227470504
f 4423 4425 4424
v -0.0156087975 -0.0328867987 0.0235240266
v -0.0169160252 -0.0330424635 0.0231182683
v -0.0169801235 -0.0316220045 0.0229501966
f 4426 4428 4427
v -0.0109769884 -0.0314651086 0.0235395579
v -0.0156087975 -0.0328867987 0.0235240266
v -0.0148809428 -0.0313034223 0.0233790866
f 4429 4431 4430
v -0.0156087975 -0.0328867987 0.0235240266
v -0.0169801235 -0.0316220045 0.0229501966
v -0.0148809428 -0.0313034223 0.0233790866
f 4432 4434 4433
v -0.0110929032 -0.0323875487 0.017986774
v -0.0114442708 -0.0309941883 0.0171514621
v -0.0154371548 -0.0316259568 0.0170197163
f 4435 4437 4436
v -0.0169801235 -0.0316220045 0.0229501966
v -0.0181533003 -0.0315427111 0.0200442257
v -0.0187333397 -0.0305939291 0.0229872458
f 4438 4440 4439
v -0.0180845513 -0.0321224506 0.0160421027
v -0.0187333397 -0.0305939291 0.0229872458
v -0.0181533003 -0.0315427111 0.0200442257
f 4441 4443 4442
v -0.0169501829 -0.0331253104 0.017706884
v -0.0143031983 -0.0348527392 0.0189891376
v -0.0154371548 -0.0316259568 0.0170197163
f 4444 4446 4445
v -0.0121373916 -0.0340901606 0.018878578
v -0.0143031983 -0.0348527392 0.0189891376
v -0.0119673772 -0.0354339019 0.0202056224
f 4447 4449 4448
v -0.0169801235 -0.0316220045 0.0229501966
v -0.0169160252 -0.0330424635 0.0231182683
v -0.0181533003 -0.0315427111 0.0200442257
f 4450 4452 4451
v -0.0181533003 -0.0315427111 0.0200442257
v -0.0176950591 -0.0331982999 0.0177226131
v -0.0180845513 -0.0321224506 0.0160421027
f 4453 4455 4454
v -0.0169501829 -0.0331253104 0.017706884
v -0.0176950591 -0.0331982999 0.0177226131
v -0.0171862106 -0.0344156084 0.0185095574
f 4456 4458 4457
v -0.0123973325 -0.0355593453 0.0216968256
v -0.00978115422 -0.036037658 0.0209870486
v -0.0119673772 -0.0354339019 0.0202056224
f 4459 4461 4460
v -0.0170272047 -0.0355485943 0.0201512579
v -0.0123973325 -0.0355593453 0.0216968256
v -0.0119673772 -0.0354339019 0.0202056224
f 4462 4464 4463
v -0.014028071 -0.0344447501 0.0227470504
v -0.0123973325 -0.0355593453 0.0216968256
v -0.0163173507 -0.0354732765 0.0214770567
f 4465 4467 4466
v -0.0163173507 -0.0354732765 0.0214770567
v -0.0170272047 -0.0355485943 0.0201512579
v -0.0166969141 -0.0342620217 0.0224316958
f 4468 4470 4469
v -0.0166969141 -0.0342620217 0.0224316958
v -0.0170272047 -0.0355485943 0.0201512579
v -0.0171862106 -0.0344156084 0.0185095574
f 4471 4473 4472
v -0.0171862106 -0.0344156084 0.0185095574
v -0.0170272047 -0.0355485943 0.0201512579
v -0.0171600812 -0.0352090196 0.0193635235
f 4474 4476 4475
v -0.0170272047 -0.0355485943 0.0201512579
v -0.0119673772 -0.0354339019 0.0202056224
v -0.0143031983 -0.0348527392 0.0189891376
f 4477 4479 4478
v -0.0169160252 -0.0330424635 0.0231182683
v -0.014028071 -0.0344447501 0.0227470504
v -0.0166969141 -0.0342620217 0.0224316958
f 4480 4482 4481
v -0.00823141163 -0.0300455315 0.0275994185
v -0.00985019287 -0.0303894689 0.0270024932
v -0.0118660711 -0.0304996094 0.0272919075
f 4483 4485 4484
v -0.00985019287 -0.0303894689 0.0270024932
v -0.0107984437 -0.0304188638 0.0252546015
v -0.0118660711 -0.0304996094 0.0272919075
f 4486 4488 4487
v -0.00766852463 -0.0337624399 0.0235365544
v -0.00675956471 -0.0339339342 0.0239976565
v -0.00886110647 -0.0357182231 0.0220439455
f 4489 4491 4490
v -0.0156087975 -0.0328867987 0.0235240266
v -0.014028071 -0.0344447501 0.0227470504
v -0.0169160252 -0.0330424635 0.0231182683
f 4492 4494 4493
v -0.00608094269 -0.0333292264 0.016515571
v -0.00360575832 -0.0319529325 0.015213713
v -0.00619509956 -0.0311141252 0.0161177173
f 4495 4497 4496
v -0.00802198338 -0.0314834149 0.0101838188
v -0.00705291677 -0.032768544 0.00946166547
v -0.0107666354 -0.0339671475 0.00947982408
f 4498 4500 4499
v -0.0107666354 -0.0339671475 0.00947982408
v -0.0141230033 -0.0343105494 0.0101861602
v -0.0131950568 -0.0325728732 0.0109238979
f 4501 4503 4502
v -0.00802198338 -0.0314834149 0.0101838188
v -0.0131950568 -0.0325728732 0.0109238979
v -0.00623482556 -0.0303394918 0.00990216577
f 4504 4506 4505
v -0.00802198338 -0.0314834149 0.0101838188
v -0.0107666354 -0.0339671475 0.00947982408
v -0.0131950568 -0.0325728732 0.0109238979
f 4507 4509 4508
v -0.0107666354 -0.0339671475 0.00947982408
v -0.00705291677 -0.032768544 0.00946166547
v -0.00355841257 -0.0345758686 0.00731344771
f 4510 4512 4511
v -0.00962501508 -0.0351272494 0.00746527294
v -0.00539273606 -0.0357092649 0.00636040713
v -0.0092747352 -0.0365485583 0.00626716064
f 4513 4515 4514
v -0.0107666354 -0.0339671475 0.00947982408
v -0.00962501508 -0.0351272494 0.00746527294
v -0.0139731637 -0.036073511 0.00781817798
f 4516 4518 4517
v -0.00355841257 -0.0345758686 0.00731344771
v -0.00539273606 -0.0357092649 0.00636040713
v -0.00962501508 -0.0351272494 0.00746527294
f 4519 4521 4520
v -0.0110780689 -0.0300275162 0.0122094192
v -0.0161153876 -0.0308928953 0.013668563
v -0.0159349584 -0.0310154835 0.0153973218
f 4522 4524 4523
v -0.0116806659 -0.0303662498 0.0109465356
v -0.0131950568 -0.0325728732 0.0109238979
v -0.0154507055 -0.0309220399 0.0110054032
f 4525 4527 4526
v -0.0131950568 -0.0325728732 0.0109238979
v -0.0160995798 -0.0330326584 0.0114296039
v -0.0166853511 -0.0321772706 0.01107766
f 4528 4530 4529
v -0.0154507055 -0.0309220399 0.0110054032
v -0.0131950568 -0.0325728732 0.0109238979
v -0.0166853511 -0.0321772706 0.01107766
f 4531 4533 4532
v -0.0116806659 -0.0303662498 0.0109465356
v -0.015880444 -0.0306208851 0.0115877992
v -0.0110780689 -0.0300275162 0.0122094192
f 4534 4536 4535
v -0.0180845513 -0.0321224506 0.0160421027
v -0.0159349584 -0.0310154835 0.0153973218
v -0.0183662749 -0.0319265033 0.0139092022
f 4537 4539 4538
v -0.0159349584 -0.0310154835 0.0153973218
v -0.0161153876 -0.0308928953 0.013668563
v -0.0169350838 -0.0316263671 0.0147233077
f 4540 4542 4541
v -0.0169350838 -0.0316263671 0.0147233077
v -0.0161153876 -0.0308928953 0.013668563
v -0.0183662749 -0.0319265033 0.0139092022
f 4543 4545 4544
v -0.0154507055 -0.0309220399 0.0110054032
v -0.0166853511 -0.0321772706 0.01107766
v -0.018579977 -0.0316847378 0.0110294459
f 4546 4548 4547
v -0.0154507055 -0.0309220399 0.0110054032
v -0.018579977 -0.0316847378 0.0110294459
v -0.0177233538 -0.0310777657 0.0113446004
f 4549 4551 4550
v -0.0177233538 -0.0310777657 0.0113446004
v -0.018579977 -0.0316847378 0.0110294459
v -0.0189569357 -0.0313728815 0.011576125
f 4552 4554 4553
v -0.0177233538 -0.0310777657 0.0113446004
v -0.0189569357 -0.0313728815 0.011576125
v -0.0185310884 -0.0317812723 0.0123860184
f 4555 4557 4556
v -0.0141230033 -0.0343105494 0.0101861602
v -0.0172179527 -0.0351066323 0.0101093698
v -0.0160995798 -0.0330326584 0.0114296039
f 4558 4560 4559
v -0.0160995798 -0.0330326584 0.0114296039
v -0.0131950568 -0.0325728732 0.0109238979
v -0.0141230033 -0.0343105494 0.0101861602
f 4561 4563 4562
v -0.018579977 -0.0316847378 0.0110294459
v -0.0166853511 -0.0321772706 0.01107766
v -0.0180381816 -0.0325711851 0.0110024819
f 4564 4566 4565
v -0.0174124056 -0.0332819123 0.0111338988
v -0.0180508068 -0.0325662899 0.0111266861
v -0.0166853511 -0.0321772706 0.01107766
f 4567 4569 4568
v -0.0180508068 -0.0325662899 0.0111266861
v -0.0180381816 -0.0325711851 0.0110024819
v -0.0166853511 -0.0321772706 0.01107766
f 4570 4572 4571
v -0.018579977 -0.0316847378 0.0110294459
v -0.0180381816 -0.0325711851 0.0110024819
v -0.0180508068 -0.0325662899 0.0111266861
f 4573 4575 4574
v -0.0160995798 -0.0330326584 0.0114296039
v -0.0174124056 -0.0332819123 0.0111338988
v -0.0166853511 -0.0321772706 0.01107766
f 4576 4578 4577
v -0.0160995798 -0.0330326584 0.0114296039
v -0.0172179527 -0.0351066323 0.0101093698
v -0.0174124056 -0.0332819123 0.0111338988
f 4579 4581 4580
v -0.0185310884 -0.0317812723 0.0123860184
v -0.0187333397 -0.0305939291 0.0229872458
v -0.0183662749 -0.0319265033 0.0139092022
f 4582 4584 4583
v -0.0161937176 -0.0360450242 0.00851710793
v -0.0141230033 -0.0343105494 0.0101861602
v -0.0139731637 -0.036073511 0.00781817798
f 4585 4587 4586
v -0.0199935093 -0.0291339413 0.00841046931
v -0.0181175623 -0.032652801 0.0107079519
v -0.0172179527 -0.0351066323 0.0101093698
f 4588 4590 4589
v -0.0199935093 -0.0291339413 0.00841046931
v -0.0172179527 -0.0351066323 0.0101093698
v -0.0164952449 -0.0382099533 0.00383161096
f 4591 4593 4592
v -0.0199935093 -0.0291339413 0.00841046931
v -0.018579977 -0.0316847378 0.0110294459
v -0.0181175623 -0.032652801 0.0107079519
f 4594 4596 4595
v -0.012137719 -0.0381194637 0.00494123378
v -0.0092747352 -0.0365485583 0.00626716064
v -0.0102592108 -0.0387159555 0.00383931583
f 4597 4599 4598
v -0.0092747352 -0.0365485583 0.00626716064
v -0.0077890807 -0.0377310469 0.00502256407
v -0.0102592108 -0.0387159555 0.00383931583
f 4600 4602 4601
v -0.0164754456 -0.0367651955 0.00737301816
v -0.0161937176 -0.0360450242 0.00851710793
v -0.0139731637 -0.036073511 0.00781817798
f 4603 4605 4604
v -0.0139731637 -0.036073511 0.00781817798
v -0.0157761038 -0.0379986392 0.00575144877
v -0.0164754456 -0.0367651955 0.00737301816
f 4606 4608 4607
v -0.0164754456 -0.0367651955 0.00737301816
v -0.0157761038 -0.0379986392 0.00575144877
v -0.0164952449 -0.0382099533 0.00383161096
f 4609 4611 4610
v -0.0157761038 -0.0379986392 0.00575144877
v -0.0151314278 -0.03886708 0.00319384308
v -0.0162699958 -0.038401832 0.00408511041
f 4612 4614 4613
v -0.0172179527 -0.0351066323 0.0101093698
v -0.0161937176 -0.0360450242 0.00851710793
v -0.0164754456 -0.0367651955 0.00737301816
f 4615 4617 4616
v -0.0141230033 -0.0343105494 0.0101861602
v -0.0161937176 -0.0360450242 0.00851710793
v -0.0172179527 -0.0351066323 0.0101093698
f 4618 4620 4619
v -0.00243871727 -0.0335173856 0.0155293281
v -0.00608094269 -0.0333292264 0.016515571
v -0.00390331406 -0.0345961365 0.0173835433
f 4621 4623 4622
v -0.00623792439 -0.0390612549 0.00292418772
v -0.0077890807 -0.0377310469 0.00502256407
v -0.00522169285 -0.038947814 0.00407325824
f 4624 4626 4625
v 0.000233368337 -0.033609863 0.0164892073
v -0.000653245661 -0.0333320262 0.0153789704
v -0.00133383437 -0.034048807 0.0169724328
f 4627 4629 4628
v -0.00803542061 -0.0300422369 0.015816676
v -0.0103079277 -0.0302129571 0.0149641739
v -0.0114442708 -0.0309941883 0.0171514621
f 4630 4632 4631
v -0.0114442708 -0.0309941883 0.0171514621
v -0.0159349584 -0.0310154835 0.0153973218
v -0.0154371548 -0.0316259568 0.0170197163
f 4633 4635 4634
v -0.0149563188 -0.0264280679 0.0340920873
v -0.0139432406 -0.0263437687 0.0337308215
v -0.0132844274 -0.0284172886 0.032652411
f 4636 4638 4637
v 0.00580616761 -0.0341078441 0.0103298764
v 0.00530023244 -0.0359607046 0.0099356992
v 0.00512921251 -0.0352337403 0.0105495194
f 4639 4641 4640
v 0.00120673431 -0.0334699551 0.00731066903
v -2.10442522e-05 -0.0358340912 0.00719419768
v 0.00150072156 -0.0348331145 0.00636460536
f 4642 4644 4643
v 0.00120673431 -0.0334699551 0.00731066903
v 0.00150072156 -0.0348331145 0.00636460536
v 0.0013317549 -0.0342374755 0.00639620412
f 4645 4647 4646
v 7.04581907e-05 -0.0326305453 0.00959921163
v 0.00038751532 -0.0338157988 0.0111055881
v -6.22196239e-05 -0.034827643 0.00966365624
f 4648 4650 4649
v -0.00695964263 -0.0298043131 0.0290573225
v -0.0057565725 -0.0307751878 0.0273810118
v -0.0075058575 -0.0307894457 0.0270336779
f 4651 4653 4652
v -0.00623482556 -0.0303394918 0.00990216577
v -0.0116806659 -0.0303662498 0.0109465356
v -0.010059381 -0.0296516344 0.0109495573
f 4654 4656 4655
v -0.010059381 -0.0296516344 0.0109495573
v -0.0116806659 -0.0303662498 0.0109465356
v -0.0110780689 -0.0300275162 0.0122094192
f 4657 4659 4658
v -0.00803542061 -0.0300422369 0.015816676
v -0.00818940025 -0.0318647944 0.0172945554
v -0.00619509956 -0.0311141252 0.0161177173
f 4660 4662 4661
v 0.00171204374 -0.0332022551 0.0283199624
v -0.00198689559 -0.0317619881 0.027467811
v 0.00168914921 -0.0317722559 0.0304816611
f 4663 4665 4664
v -0.0176439004 -0.030066137 0.030069644
v -0.0155516711 -0.0301513646 0.0298634928
v -0.0174790766 -0.0304840039 0.0281331653
f 4666 4668 4667
v 0.00425176549 -0.04033281 0.000842731788
v 0.00465529884 -0.0413554953 0.000847075898
v 0.00444172474 -0.0411313464 0.00241610032
f 4669 4671 4670
v 0.00447924322 -0.0391686539 0.0033198241
v 0.00444172474 -0.0411313464 0.00241610032
v 0.0041031366 -0.0412972964 0.00302802546
f 4672 4674 4673
v 0.00444172474 -0.0411313464 0.00241610032
v 0.00465529884 -0.0413554953 0.000847075898
v 0.0041031366 -0.0412972964 0.00302802546
f 4675 4677 4676
v 0.000439244468 -0.0412194495 0.000854682276
v 0.000535137224 -0.0395928015 0.000846503281
v 0.000129996624 -0.040222262 0.00277179097
f 4678 4680 4679
v 0.00255455743 -0.0413692702 0.00340889092
v 0.0041031366 -0.0412972964 0.00302802546
v 0.00173553417 -0.042561724 0.00085481397
f 4681 4683 4682
v -0.00318495622 -0.0390912261 0.00301144246
v -0.00408709057 -0.0392359419 0.00176443318
v -0.00522169285 -0.038947814 0.00407325824
f 4684 4686 4685
v 0.000129996624 -0.040222262 0.00277179097
v 0.000535137224 -0.0395928015 0.000846503281
v -0.000251684833 -0.0393246999 0.00240767513
f 4687 4689 4688
v -0.0199935093 -0.0291339413 0.00841046931
v -0.0164952449 -0.0382099533 0.00383161096
v -0.0175483932 -0.034827221 0.000850654487
f 4690 4692 4691
v -0.00623792439 -0.0390612549 0.00292418772
v -0.00787244571 -0.0391590293 0.000831246689
v -0.00971413247 -0.039002634 0.00199914793
f 4693 4695 4694
v -0.0102592108 -0.0387159555 0.00383931583
v -0.00971413247 -0.039002634 0.00199914793
v -0.0151314278 -0.03886708 0.00319384308
f 4696 4698 4697
v -0.0151314278 -0.03886708 0.00319384308
v -0.00971413247 -0.039002634 0.00199914793
v -0.0162468583 -0.0385590043 0.000846638704
f 4699 4701 4700
v -0.0162745971 -0.03852933 0.00372447248
v -0.0162868091 -0.0385803054 0.00372679824
v -0.0162468583 -0.0385590043 0.000846638704
f 4702 4704 4703
v -0.0162745971 -0.03852933 0.00372447248
v -0.0151314278 -0.03886708 0.00319384308
v -0.0162868091 -0.0385803054 0.00372679824
f 4705 4707 4706
v -0.00906384521 0.000290296202 0.0490683247
v -0.0119728764 -0.00148601612 0.0485938799
v -0.0101105121 0.00176148242 0.0487683166
f 4708 4710 4709
v -0.0119728764 -0.00148601612 0.0485938799
v -0.0152424182 -0.00445905607 0.0485297671
v -0.0136598857 0.00322625128 0.0475614914
f 4711 4713 4712
v -0.00899770021 -0.0018286868 0.0493160507
v -0.00987775711 -0.00576615857 0.049354136
v -0.0116019233 -0.00358750876 0.049116509
f 4714 4716 4715
v -0.0116019233 -0.00358750876 0.049116509
v -0.0142608711 -0.00481069619 0.0488918682
v -0.0119728764 -0.00148601612 0.0485938799
f 4717 4719 4718
v -0.0152424182 -0.00445905607 0.0485297671
v -0.0177313195 -0.00242709575 0.0480271963
v -0.0155157846 0.000774129148 0.0476325862
f 4720 4722 4721
v -0.0177898764 0.00417355259 0.046353534
v -0.0155157846 0.000774129148 0.0476325862
v -0.0184327771 0.000258377304 0.0473706838
f 4723 4725 4724
v -0.0177898764 0.00417355259 0.046353534
v -0.0205374308 0.000588494049 0.0465404999
v -0.0206394194 0.003081248 0.0459666859
f 4726 4728 4727
v -0.0177898764 0.00417355259 0.046353534
v -0.0184327771 0.000258377304 0.0473706838
v -0.0205374308 0.000588494049 0.0465404999
f 4729 4731 4730
v -0.0208952231 -0.0014912519 0.0464101613
v -0.0205213539 -0.00464978293 0.0465755467
v -0.0212260988 -0.000956531585 0.0420949713
f 4732 4734 4733
v -0.0155157846 0.000774129148 0.0476325862
v -0.0177313195 -0.00242709575 0.0480271963
v -0.0184327771 0.000258377304 0.0473706838
f 4735 4737 4736
v -0.00987775711 -0.00576615857 0.049354136
v -0.00650137517 -0.00837861589 0.0489061582
v -0.0136882212 -0.00699532029 0.0489205529
f 4738 4740 4739
v -0.0136882212 -0.00699532029 0.0489205529
v -0.0152424182 -0.00445905607 0.0485297671
v -0.0142608711 -0.00481069619 0.0488918682
f 4741 4743 4742
v -0.0136882212 -0.00699532029 0.0489205529
v -0.0110390523 -0.0115689305 0.0485437457
v -0.0143943937 -0.0123110396 0.048239046
f 4744 4746 4745
v -0.0155277026 -0.00800435228 0.0482960779
v -0.0143943937 -0.0123110396 0.048239046
v -0.0165700287 -0.0110491987 0.0480965711
f 4747 4749 4748
v -0.0183616503 -0.00673881223 0.0478614995
v -0.0198884605 -0.00379407684 0.0472823333
v -0.0177313195 -0.00242709575 0.0480271963
f 4750 4752 4751
v -0.0198884605 -0.00379407684 0.0472823333
v -0.0196521694 -0.00702028992 0.0469553488
v -0.0205213539 -0.00464978293 0.0465755467
f 4753 4755 4754
v -0.0198884605 -0.00379407684 0.0472823333
v -0.0205213539 -0.00464978293 0.0465755467
v -0.0208952231 -0.0014912519 0.0464101613
f 4756 4758 4757
v -0.0196521694 -0.00702028992 0.0469553488
v -0.0183616503 -0.00673881223 0.0478614995
v -0.0191301704 -0.0096597847 0.047121683
f 4759 4761 4760
v -0.0191301704 -0.0096597847 0.047121683
v -0.0188694714 -0.0123979 0.0426396553
v -0.0196521694 -0.00702028992 0.0469553488
f 4762 4764 4763
v -0.0212260988 -0.000956531585 0.0420949713
v -0.0196521694 -0.00702028992 0.0469553488
v -0.0188694714 -0.0123979 0.0426396553
f 4765 4767 4766
v -0.0196521694 -0.00702028992 0.0469553488
v -0.0198884605 -0.00379407684 0.0472823333
v -0.0183616503 -0.00673881223 0.0478614995
f 4768 4770 4769
v -0.0205213539 -0.00464978293 0.0465755467
v -0.0196521694 -0.00702028992 0.0469553488
v -0.0212260988 -0.000956531585 0.0420949713
f 4771 4773 4772
v -0.0152424182 -0.00445905607 0.0485297671
v -0.0155277026 -0.00800435228 0.0482960779
v -0.0165700287 -0.0110491987 0.0480965711
f 4774 4776 4775
v -0.0136882212 -0.00699532029 0.0489205529
v -0.0143943937 -0.0123110396 0.048239046
v -0.0155277026 -0.00800435228 0.0482960779
f 4777 4779 4778
v -0.0236911728 -0.000449361642 0.0290111173
v -0.0212260988 -0.000956531585 0.0420949713
v -0.0219203866 -0.00713556801 0.0320106075
f 4780 4782 4781
v -0.0206394194 0.003081248 0.0459666859
v -0.0205374308 0.000588494049 0.0465404999
v -0.0213839827 0.00418499767 0.0414986629
f 4783 4785 4784
v -0.0213839827 0.00418499767 0.0414986629
v -0.0205374308 0.000588494049 0.0465404999
v -0.0212260988 -0.000956531585 0.0420949713
f 4786 4788 4787
v -0.0212260988 -0.000956531585 0.0420949713
v -0.0205374308 0.000588494049 0.0465404999
v -0.0208952231 -0.0014912519 0.0464101613
f 4789 4791 4790
v -0.0100252269 -0.0154067064 0.0472284271
v -0.0139046082 -0.0155730784 0.0469619146
v -0.0131939771 -0.0131425506 0.0483800715
f 4792 4794 4793
v -0.0143943937 -0.0123110396 0.048239046
v -0.0139046082 -0.0155730784 0.0469619146
v -0.0167376566 -0.0135990194 0.0474309956
f 4795 4797 4796
v -0.0165700287 -0.0110491987 0.0480965711
v -0.0143943937 -0.0123110396 0.048239046
v -0.0167376566 -0.0135990194 0.0474309956
f 4798 4800 4799
v -0.0165700287 -0.0110491987 0.0480965711
v -0.0167376566 -0.0135990194 0.0474309956
v -0.0188514983 -0.0129951775 0.0463537144
f 4801 4803 4802
v -0.0131254579 -0.0186425401 0.0458266237
v -0.0161664037 -0.0178132643 0.0459397066
v -0.0139046082 -0.0155730784 0.0469619146
f 4804 4806 4805
v -0.0170536936 -0.0159590418 0.0466764788
v -0.0167376566 -0.0135990194 0.0474309956
v -0.0139046082 -0.0155730784 0.0469619146
f 4807 4809 4808
v -0.0150269523 -0.0192479361 0.0447472936
v -0.0127309002 -0.0198941052 0.0427526247
v -0.0175596069 -0.0186228572 0.0423716003
f 4810 4812 4811
v -0.0188514983 -0.0129951775 0.0463537144
v -0.0170536936 -0.0159590418 0.0466764788
v -0.0182428892 -0.0171797452 0.04471883
f 4813 4815 4814
v -0.0189973653 -0.0143686368 0.0454726163
v -0.0182428892 -0.0171797452 0.04471883
v -0.0189515209 -0.0159939926 0.0438835617
f 4816 4818 4817
v -0.0182428892 -0.0171797452 0.04471883
v -0.0161664037 -0.0178132643 0.0459397066
v -0.0150269523 -0.0192479361 0.0447472936
f 4819 4821 4820
v -0.0150269523 -0.0192479361 0.0447472936
v -0.0175596069 -0.0186228572 0.0423716003
v -0.0179506169 -0.0181682539 0.0423709978
f 4822 4824 4823
v -0.0161664037 -0.0178132643 0.0459397066
v -0.0182428892 -0.0171797452 0.04471883
v -0.0170536936 -0.0159590418 0.0466764788
f 4825 4827 4826
v -0.0178554736 -0.0196629029 0.0403493585
v -0.0188694714 -0.0123979 0.0426396553
v -0.0179506169 -0.0181682539 0.0423709978
f 4828 4830 4829
v -0.0188694714 -0.0123979 0.0426396553
v -0.0178554736 -0.0196629029 0.0403493585
v -0.0189275568 -0.023251005 0.032147087
f 4831 4833 4832
v -0.0156417154 -0.0204700569 0.0419325283
v -0.0127309002 -0.0198941052 0.0427526247
v -0.0162595621 -0.0217743713 0.0411835383
f 4834 4836 4835
v -0.0156417154 -0.0204700569 0.0419325283
v -0.0162595621 -0.0217743713 0.0411835383
v -0.0176247646 -0.0222719565 0.0402257079
f 4837 4839 4838
v -0.0156417154 -0.0204700569 0.0419325283
v -0.0176247646 -0.0222719565 0.0402257079
v -0.0178554736 -0.0196629029 0.0403493585
f 4840 4842 4841
v -0.0176543341 -0.0251285906 0.0369342946
v -0.0189275568 -0.023251005 0.032147087
v -0.0179580369 -0.0217291599 0.0401717611
f 4843 4845 4844
v -0.0153901026 -0.0252701313 0.0377489749
v -0.0161737378 -0.0258411164 0.0367715285
v -0.0176543341 -0.0251285906 0.0369342946
f 4846 4848 4847
v -0.0178481714 -0.0246785727 0.0376518554
v -0.0179631839 -0.0234798819 0.0393055059
v -0.0176609465 -0.0244255236 0.0389532826
f 4849 4851 4850
v -0.0176609465 -0.0244255236 0.0389532826
v -0.0177186579 -0.0247407996 0.0375814503
v -0.0178481714 -0.0246785727 0.0376518554
f 4852 4854 4853
v -0.0176552159 -0.0246372045 0.0376089476
v -0.0177186579 -0.0247407996 0.0375814503
v -0.0176609465 -0.0244255236 0.0389532826
f 4855 4857 4856
v -0.0176609465 -0.0244255236 0.0389532826
v -0.0153901026 -0.0252701313 0.0377489749
v -0.0176552159 -0.0246372045 0.0376089476
f 4858 4860 4859
v -0.0162595621 -0.0217743713 0.0411835383
v -0.0127457766 -0.0223273586 0.0409655215
v -0.0176609465 -0.0244255236 0.0389532826
f 4861 4863 4862
v -0.0162595621 -0.0217743713 0.0411835383
v -0.0176609465 -0.0244255236 0.0389532826
v -0.0176247646 -0.0222719565 0.0402257079
f 4864 4866 4865
v -0.0156417154 -0.0204700569 0.0419325283
v -0.0178554736 -0.0196629029 0.0403493585
v -0.0175596069 -0.0186228572 0.0423716003
f 4867 4869 4868
v -0.0189275568 -0.023251005 0.032147087
v -0.0176543341 -0.0251285906 0.0369342946
v -0.0180007788 -0.0264689967 0.0345916545
f 4870 4872 4871
v -0.0252960599 -0.00874831312 0.0196441644
v -0.0250112236 -0.000552245865 0.0218365458
v -0.0236911728 -0.000449361642 0.0290111173
f 4873 4875 4874
v -0.0250112236 -0.000552245865 0.0218365458
v -0.0252960599 -0.00874831312 0.0196441644
v -0.0259557914 -0.00657615674 0.0143502955
f 4876 4878 4877
v -0.0252960599 -0.00874831312 0.0196441644
v -0.0236911728 -0.000449361642 0.0290111173
v -0.0219203866 -0.00713556801 0.0320106075
f 4879 4881 4880
v -0.0252960599 -0.00874831312 0.0196441644
v -0.0219203866 -0.00713556801 0.0320106075
v -0.0237489265 -0.0142488396 0.0208125231
f 4882 4884 4883
v -0.0251797464 -0.0113552225 0.0173022723
v -0.0252960599 -0.00874831312 0.0196441644
v -0.0237489265 -0.0142488396 0.0208125231
f 4885 4887 4886
v -0.0254741317 -0.0119754281 0.000843864291
v -0.0259557914 -0.00657615674 0.0143502955
v -0.0251797464 -0.0113552225 0.0173022723
f 4888 4890 4889
v -0.0254741317 -0.0119754281 0.000843864291
v -0.0256805099 -0.0019913874 0.00966648804
v -0.0259557914 -0.00657615674 0.0143502955
f 4891 4893 4892
v -0.0254406943 -0.00629181159 0.000846736475
v -0.0256805099 -0.0019913874 0.00966648804
v -0.0254741317 -0.0119754281 0.000843864291
f 4894 4896 4895
v -0.0215235355 -0.0210230544 0.0199134287
v -0.0251797464 -0.0113552225 0.0173022723
v -0.0237489265 -0.0142488396 0.0208125231
f 4897 4899 4898
v -0.0189275568 -0.023251005 0.032147087
v -0.0196952577 -0.0274140562 0.0211880979
v -0.0215235355 -0.0210230544 0.0199134287
f 4900 4902 4901
v -0.0189275568 -0.023251005 0.032147087
v -0.0181373092 -0.0280931563 0.0299489766
v -0.0196952577 -0.0274140562 0.0211880979
f 4903 4905 4904
v -0.0239893983 -0.0198127731 0.00506356373
v -0.0248884317 -0.0133524736 0.0113659677
v -0.0212378058 -0.0256214465 0.0102170401
f 4906 4908 4907
v -0.0212378058 -0.0256214465 0.0102170401
v -0.0196952577 -0.0274140562 0.0211880979
v -0.0199935093 -0.0291339413 0.00841046931
f 4909 4911 4910
v -0.0196952577 -0.0274140562 0.0211880979
v -0.0181373092 -0.0280931563 0.0299489766
v -0.0176439004 -0.030066137 0.030069644
f 4912 4914 4913
v -0.0199935093 -0.0291339413 0.00841046931
v -0.0196952577 -0.0274140562 0.0211880979
v -0.0187333397 -0.0305939291 0.0229872458
f 4915 4917 4916
v -0.0254406943 -0.00629181159 0.000846736475
v -0.0262600719 0.00665225016 0.00650635338
v -0.0256805099 -0.0019913874 0.00966648804
f 4918 4920 4919
v -0.0239444358 -0.0202621304 0.000846234434
v -0.0254741317 -0.0119754281 0.000843864291
v -0.0239893983 -0.0198127731 0.00506356373
f 4921 4923 4922
v -0.0239444358 -0.0202621304 0.000846234434
v -0.0239893983 -0.0198127731 0.00506356373
v -0.0204425858 -0.028646423 0.000846119201
f 4924 4926 4925
v 0.000188416016 0.0128235464 0.0464489538
v -0.00311998083 0.013846824 0.0452006236
v -0.000688507862 0.0159443793 0.04389557
f 4927 4929 4928
v -0.00237782588 0.00817289329 0.0476353365
v -0.00584535155 0.00578107938 0.0482682779
v -0.00530645848 0.00783018404 0.0480582676
f 4930 4932 4931
v 0.00062349136 0.0183867698 0.0415758579
v -0.000586693932 0.0198158581 0.0392862567
v 0.00363311847 0.0195007189 0.0397076481
f 4933 4935 4934
v -0.0110390523 -0.0115689305 0.0485437457
v -0.0100252269 -0.0154067064 0.0472284271
v -0.0131939771 -0.0131425506 0.0483800715
f 4936 4938 4937
v -0.0176439004 -0.030066137 0.030069644
v -0.0174790766 -0.0304840039 0.0281331653
v -0.0187333397 -0.0305939291 0.0229872458
f 4939 4941 4940
v -0.0149563188 -0.0264280679 0.0340920873
v -0.0173697423 -0.0277412415 0.0331649906
v -0.0178472459 -0.0272173784 0.033816378
f 4942 4944 4943
v 0.0041031366 -0.0412972964 0.00302802546
v 0.00495893182 -0.0402208796 0.00427615996
v 0.00447924322 -0.0391686539 0.0033198241
f 4945 4947 4946
v -0.00318495622 -0.0390912261 0.00301144246
v -0.000173581066 -0.0385241001 0.00363985891
v -0.000251684833 -0.0393246999 0.00240767513
f 4948 4950 4949
v 0.00255455743 -0.0413692702 0.00340889092
v 0.000716028444 -0.0420282187 0.000845747763
v 0.000708181324 -0.040471644 0.00434120448
f 4951 4953 4952
v -0.00623792439 -0.0390612549 0.00292418772
v -0.00522169285 -0.038947814 0.00407325824
v -0.00408709057 -0.0392359419 0.00176443318
f 4954 4956 4955
v -0.0102592108 -0.0387159555 0.00383931583
v -0.0077890807 -0.0377310469 0.00502256407
v -0.00623792439 -0.0390612549 0.00292418772
f 4957 4959 4958
v -0.0162745971 -0.03852933 0.00372447248
v -0.0162868091 -0.0385803054 0.00372679824
v -0.0162699958 -0.038401832 0.00408511041
f 4960 4962 4961
v -0.0164952449 -0.0382099533 0.00383161096
v -0.0162699958 -0.038401832 0.00408511041
v -0.0162868091 -0.0385803054 0.00372679824
f 4963 4965 4964
v -0.0263481401 0.00395602183 0.000844102397
v -0.0262600719 0.00665225016 0.00650635338
v -0.0254406943 -0.00629181159 0.000846736475
f 4966 4968 4967
v -0.00997171592 -0.038644622 0.000837529478
v -0.00971413247 -0.039002634 0.00199914793
v -0.00787244571 -0.0391590293 0.000831246689
f 4969 4971 4970
v -0.00408709057 -0.0392359419 0.00176443318
v -0.00535515283 -0.0389154098 0.00084079893
v -0.00787244571 -0.0391590293 0.000831246689
f 4972 4974 4973
v -0.00971413247 -0.039002634 0.00199914793
v -0.00997171592 -0.038644622 0.000837529478
v -0.0162468583 -0.0385590043 0.000846638704
f 4975 4977 4976
v 0.00110313922 0.0294262369 0.000851936329
v -0.00265573399 0.0292985816 0.00139945932
v -0.00595196179 0.0293404097 0.000847146293
f 4978 4980 4979
v 0.00441706215 0.0232203485 -0.0272840203
v 0.00370529015 0.0233551167 -0.0306372385
v 0.00355301017 0.022978551 -0.0316680729
f 4981 4983 4982
v 0.00441525845 0.0156772061 -0.0391050446
v 0.00367571629 0.0169033825 -0.0411973975
v 0.00386207903 0.0154868219 -0.0425757025
f 4984 4986 4985
v 0.00334301585 0.0199671398 -0.0373360293
v 0.0020990934 0.0183919125 -0.0398371427
v 0.0043727101 0.0191286352 -0.0387713488
f 4987 4989 4988
v 0.00367571629 0.0169033825 -0.0411973975
v 0.0043727101 0.0191286352 -0.0387713488
v 0.0020990934 0.0183919125 -0.0398371427
f 4990 4992 4991
v 0.00298707819 0.0128189087 -0.0450124819
v 0.00338710015 0.0124852362 -0.0450590102
v 0.00319798855 0.0141430428 -0.0438380579
f 4993 4995 4994
v 0.00319798855 0.0141430428 -0.0438380579
v 0.00338710015 0.0124852362 -0.0450590102
v 0.00370871494 0.0148372244 -0.0424416939
f 4996 4998 4997
v 0.000324999564 0.0152514491 -0.0428332976
v 0.00386207903 0.0154868219 -0.0425757025
v 0.0020990934 0.0183919125 -0.0398371427
f 4999 5001 5000
v 0.00298707819 0.0128189087 -0.0450124819
v 0.00362734354 0.0112431844 -0.0456496608
v 0.00338710015 0.0124852362 -0.0450590102
f 5002 5004 5003
v 0.00298707819 0.0128189087 -0.0450124819
v -0.00144514561 0.0103143997 -0.0457454618
v 0.00362734354 0.0112431844 -0.0456496608
f 5005 5007 5006
v 0.00362734354 0.0112431844 -0.0456496608
v 0.00436610062 0.00716031136 -0.0387810956
v 0.00338710015 0.0124852362 -0.0450590102
f 5008 5010 5009
v -0.000207376434 0.0127977328 -0.04470438
v -0.00144514561 0.0103143997 -0.0457454618
v 0.00298707819 0.0128189087 -0.0450124819
f 5011 5013 5012
v 0.00338710015 0.0124852362 -0.0450590102
v 0.00386207903 0.0154868219 -0.0425757025
v 0.00370871494 0.0148372244 -0.0424416939
f 5014 5016 5015
v 0.00386207903 0.0154868219 -0.0425757025
v 0.00367571629 0.0169033825 -0.0411973975
v 0.0020990934 0.0183919125 -0.0398371427
f 5017 5019 5018
v 0.00439304058 0.0188586739 -0.0382204802
v 0.00334301585 0.0199671398 -0.0373360293
v 0.00394452436 0.0194270222 -0.0380379788
f 5020 5022 5021
v 0.00394452436 0.0194270222 -0.0380379788
v 0.0039212995 0.0193676242 -0.0381906488
v 0.00439304058 0.0188586739 -0.0382204802
f 5023 5025 5024
v 0.00439304058 0.0188586739 -0.0382204802
v 0.00417256015 0.0192156149 -0.0331486604
v 0.00334301585 0.0199671398 -0.0373360293
f 5026 5028 5027
v 0.00417256015 0.0192156149 -0.0331486604
v 0.0033181459 0.0207181729 -0.0345743814
v 0.00334301585 0.0199671398 -0.0373360293
f 5029 5031 5030
v -0.000791842467 0.0194626249 -0.0381213729
v 0.00334301585 0.0199671398 -0.0373360293
v 0.00261591485 0.0211172155 -0.0358257734
f 5032 5034 5033
v 0.00334301585 0.0199671398 -0.0373360293
v 0.00331838382 0.0204120937 -0.036692922
v 0.00320782492 0.0205135322 -0.0365784508
f 5035 5037 5036
v 0.00319394458 0.0204631971 -0.0365809334
v 0.00320782492 0.0205135322 -0.0365784508
v 0.00331838382 0.0204120937 -0.036692922
f 5038 5040 5039
v 0.00331838382 0.0204120937 -0.036692922
v 0.0033181459 0.0207181729 -0.0345743814
v 0.00319394458 0.0204631971 -0.0365809334
f 5041 5043 5042
v 0.00439304058 0.0188586739 -0.0382204802
v 0.00441525845 0.0156772061 -0.0391050446
v 0.00532380946 0.0148109917 -0.0297557825
f 5044 5046 5045
v 0.00417256015 0.0192156149 -0.0331486604
v 0.00439304058 0.0188586739 -0.0382204802
v 0.00532380946 0.0148109917 -0.0297557825
f 5047 5049 5048
v 0.00417256015 0.0192156149 -0.0331486604
v 0.00532380946 0.0148109917 -0.0297557825
v 0.00355301017 0.022978551 -0.0316680729
f 5050 5052 5051
v 0.00249924196 0.00320256222 -0.0462352822
v 0.00350381015 0.00264697301 -0.0465309189
v 0.00365953019 0.00474388435 -0.0458702416
f 5053 5055 5054
v 0.00367265529 0.00829121491 -0.0457008951
v 0.00365953019 0.00474388435 -0.0458702416
v 0.00436610062 0.00716031136 -0.0387810956
f 5056 5058 5057
v 0.00249924196 0.00320256222 -0.0462352822
v -0.00214334104 0.00786054516 -0.0459110452
v -0.0010020718 0.00334056313 -0.0461342977
f 5059 5061 5060
v -0.00214334104 0.00786054516 -0.0459110452
v -0.00601066058 0.00563481954 -0.0466165133
v -0.0010020718 0.00334056313 -0.0461342977
f 5062 5064 5063
v -0.00398573429 0.00994754882 -0.045588077
v -0.00214334104 0.00786054516 -0.0459110452
v -0.00144514561 0.0103143997 -0.0457454618
f 5065 5067 5066
v 0.00310185351 0.000867989002 -0.0469162274
v 0.00351574272 -0.000310797577 -0.0468840444
v 0.00350381015 0.00264697301 -0.0465309189
f 5068 5070 5069
v 0.00350381015 0.00264697301 -0.0465309189
v 0.00249924196 0.00320256222 -0.0462352822
v 0.00310185351 0.000867989002 -0.0469162274
f 5071 5073 5072
v 0.00289364252 -0.0039390794 -0.0468152197
v 0.00406882755 -0.00471703534 -0.0465582212
v 0.00395109382 -0.00236323103 -0.0460834504
f 5074 5076 5075
v 0.00310185351 0.000867989002 -0.0469162274
v -0.00153823639 -0.00216847257 -0.047129608
v 0.00289364252 -0.0039390794 -0.0468152197
f 5077 5079 5078
v -0.000988003012 0.000801355782 -0.0465499208
v -0.00601066058 0.00563481954 -0.0466165133
v -0.00483550539 6.50580148e-05 -0.0468988001
f 5080 5082 5081
v -0.000988003012 0.000801355782 -0.0465499208
v -0.0010020718 0.00334056313 -0.0461342977
v -0.00601066058 0.00563481954 -0.0466165133
f 5083 5085 5084
v 0.00310185351 0.000867989002 -0.0469162274
v -0.000988003012 0.000801355782 -0.0465499208
v -0.00153823639 -0.00216847257 -0.047129608
f 5086 5088 5087
v -0.00483550539 6.50580148e-05 -0.0468988001
v -0.00749820465 0.00120639015 -0.0471655338
v -0.00153823639 -0.00216847257 -0.047129608
f 5089 5091 5090
v 0.00532380946 0.0148109917 -0.0297557825
v 0.00436610062 0.00716031136 -0.0387810956
v 0.00661976956 0.0023416389 -0.0296892948
f 5092 5094 5093
v 0.00351574272 -0.000310797577 -0.0468840444
v 0.00469622901 -0.00555260158 -0.0430070882
v 0.00436610062 0.00716031136 -0.0387810956
f 5095 5097 5096
v 0.00355301017 0.022978551 -0.0316680729
v 0.00532380946 0.0148109917 -0.0297557825
v 0.00441706215 0.0232203485 -0.0272840203
f 5098 5100 5099
v 0.00532380946 0.0148109917 -0.0297557825
v 0.00715717324 0.0103436418 -0.0206523371
v 0.00441706215 0.0232203485 -0.0272840203
f 5101 5103 5102
v 0.00495572021 0.0231779035 -0.0142255187
v 0.00660166988 0.0137371841 -0.0117199765
v 0.00405627288 0.0235604151 0.000843609178
f 5104 5106 5105
v 0.00661976956 0.0023416389 -0.0296892948
v 0.00784015574 -0.00363490399 -0.0187178593
v 0.00715717324 0.0103436418 -0.0206523371
f 5107 5109 5108
v 0.00784015574 -0.00363490399 -0.0187178593
v 0.00817999244 -0.00462794669 -0.0122617188
v 0.00763623975 0.000209235486 0.00084727244
f 5110 5112 5111
v 0.00715717324 0.0103436418 -0.0206523371
v 0.00784015574 -0.00363490399 -0.0187178593
v 0.00763623975 0.000209235486 0.00084727244
f 5113 5115 5114
v 0.00715717324 0.0103436418 -0.0206523371
v 0.00763623975 0.000209235486 0.00084727244
v 0.00680751255 0.0123537407 0.000847760202
f 5116 5118 5117
v 0.00817999244 -0.00462794669 -0.0122617188
v 0.00760273397 -0.00589688716 0.000851882578
v 0.00763623975 0.000209235486 0.00084727244
f 5119 5121 5120
v 0.00661976956 0.0023416389 -0.0296892948
v 0.00738751842 -0.0136981369 -0.027619832
v 0.00784015574 -0.00363490399 -0.0187178593
f 5122 5124 5123
v 0.00355301017 0.022978551 -0.0316680729
v 0.00370529015 0.0233551167 -0.0306372385
v -0.000130814442 0.0237999193 -0.0309053401
f 5125 5127 5126
v -0.000130814442 0.0237999193 -0.0309053401
v 0.00370529015 0.0233551167 -0.0306372385
v 0.00164593002 0.0244779862 -0.0271713769
f 5128 5130 5129
v 0.00370529015 0.0233551167 -0.0306372385
v 0.00389209818 0.0239008514 -0.0273687998
v 0.00164593002 0.0244779862 -0.0271713769
f 5131 5133 5132
v 0.00337078745 0.0243853137 -0.0251805584
v 0.00389209818 0.0239008514 -0.0273687998
v 0.00441706215 0.0232203485 -0.0272840203
f 5134 5136 5135
v 0.00164593002 0.0244779862 -0.0271713769
v -0.001497841 0.0249779812 -0.0248326105
v -0.00404342463 0.024819409 -0.026940339
f 5137 5139 5138
v 0.00309666357 0.0276632811 -0.0158572511
v 0.00309606912 0.0276384002 -0.0152583423
v 0.00284740163 0.0277721061 -0.0151787841
f 5140 5142 5141
v 0.00213737585 0.0278705527 -0.0149829517
v 0.0025840629 0.0278283114 -0.0129381748
v 0.00197858099 0.0285575166 -0.0129930893
f 5143 5145 5144
v 0.00264401679 0.025871172 -0.0202046765
v 0.00384293744 0.02497971 -0.0194868888
v 0.00288526207 0.0265180337 -0.0187278667
f 5146 5148 5147
v 0.00337078745 0.0243853137 -0.0251805584
v 0.00334858778 0.0251334597 -0.0227542449
v 0.00164593002 0.0244779862 -0.0271713769
f 5149 5151 5150
v 7.35606591e-05 0.0255026302 -0.0214505228
v -0.001497841 0.0249779812 -0.0248326105
v 0.00164593002 0.0244779862 -0.0271713769
f 5152 5154 5153
v -0.001497841 0.0249779812 -0.0248326105
v 7.35606591e-05 0.0255026302 -0.0214505228
v -0.00462283278 0.0254703831 -0.0236268243
f 5155 5157 5156
v 7.35606591e-05 0.0255026302 -0.0214505228
v 0.00334858778 0.0251334597 -0.0227542449
v 0.00264401679 0.025871172 -0.0202046765
f 5158 5160 5159
v 0.00309666357 0.0276632811 -0.0158572511
v 0.00384293744 0.02497971 -0.0194868888
v 0.00495572021 0.0231779035 -0.0142255187
f 5161 5163 5162
v 0.0029349445 0.0272068719 -0.0172665648
v 0.00288526207 0.0265180337 -0.0187278667
v 0.00309666357 0.0276632811 -0.0158572511
f 5164 5166 5165
v 0.00309666357 0.0276632811 -0.0158572511
v 0.00495572021 0.0231779035 -0.0142255187
v 0.00309606912 0.0276384002 -0.0152583423
f 5167 5169 5168
v 0.00309606912 0.0276384002 -0.0152583423
v 0.0025840629 0.0278283114 -0.0129381748
v 0.00284134367 0.0277554936 -0.0151795044
f 5170 5172 5171
v 0.0029349445 0.0272068719 -0.0172665648
v 0.00213737585 0.0278705527 -0.0149829517
v 0.00288526207 0.0265180337 -0.0187278667
f 5173 5175 5174
v 0.00213737585 0.0278705527 -0.0149829517
v -0.00312695338 0.0271888945 -0.0155838963
v 0.00288526207 0.0265180337 -0.0187278667
f 5176 5178 5177
v 7.35606591e-05 0.0255026302 -0.0214505228
v 0.00264401679 0.025871172 -0.0202046765
v -0.00312695338 0.0271888945 -0.0155838963
f 5179 5181 5180
v 0.00213737585 0.0278705527 -0.0149829517
v -0.000786376768 0.0283599511 -0.0117280557
v -0.00312695338 0.0271888945 -0.0155838963
f 5182 5184 5183
v 0.00507900113 0.0231648592 -0.0205526609
v 0.00495572021 0.0231779035 -0.0142255187
v 0.00384293744 0.02497971 -0.0194868888
f 5185 5187 5186
v -0.00462283278 0.0254703831 -0.0236268243
v -0.00632746451 0.0262473419 -0.0225297525
v -0.00954489369 0.0260732399 -0.0236566251
f 5188 5190 5189
v -0.00404342463 0.024819409 -0.026940339
v -0.00462283278 0.0254703831 -0.0236268243
v -0.00954489369 0.0260732399 -0.0236566251
f 5191 5193 5192
v -0.00954489369 0.0260732399 -0.0236566251
v -0.00632746451 0.0262473419 -0.0225297525
v -0.0116281924 0.0268248958 -0.0203146992
f 5194 5196 5195
v -0.00897646969 0.0270096614 -0.0193592772
v -0.00861196022 0.0276827457 -0.0165057281
v -0.0130821718 0.027751617 -0.0153101559
f 5197 5199 5198
v -0.0116281924 0.0268248958 -0.0203146992
v -0.00897646969 0.0270096614 -0.0193592772
v -0.0130821718 0.027751617 -0.0153101559
f 5200 5202 5201
v -0.00861196022 0.0276827457 -0.0165057281
v -0.00612818112 0.0279863772 -0.0128964093
v -0.00980989571 0.0280918612 -0.0128092812
f 5203 5205 5204
v -0.00612818112 0.0279863772 -0.0128964093
v -0.00861196022 0.0276827457 -0.0165057281
v -0.00395197203 0.0269038719 -0.0174707631
f 5206 5208 5207
v 0.00284134367 0.0277554936 -0.0151795044
v 0.00284740163 0.0277721061 -0.0151787841
v 0.00309606912 0.0276384002 -0.0152583423
f 5209 5211 5210
v 0.00309666357 0.0276632811 -0.0158572511
v 0.00284134367 0.0277554936 -0.0151795044
v 0.00213737585 0.0278705527 -0.0149829517
f 5212 5214 5213
v 0.00268521108 0.0290126307 -0.0110489069
v 0.0025840629 0.0278283114 -0.0129381748
v 0.00270045493 0.0291172881 -0.0100206293
f 5215 5217 5216
v 0.00268521108 0.0290126307 -0.0110489069
v -0.000786376768 0.0283599511 -0.0117280557
v 0.00197858099 0.0285575166 -0.0129930893
f 5218 5220 5219
v 0.00270045493 0.0291172881 -0.0100206293
v 0.000621625804 0.0283496047 -0.0101516991
v 0.00268521108 0.0290126307 -0.0110489069
f 5221 5223 5222
v 0.000621625804 0.0283496047 -0.0101516991
v 0.00270045493 0.0291172881 -0.0100206293
v -0.000327475573 0.0287872012 -0.00856695478
f 5224 5226 5225
v 0.00249979857 0.0289384596 -0.00893093529
v 0.00178449554 0.0291619566 -0.00861338485
v 0.00270045493 0.0291172881 -0.0100206293
f 5227 5229 5228
v 0.00177287875 0.0291290926 -0.00861486042
v 0.00178449554 0.0291619566 -0.00861338485
v 0.00249979857 0.0289384596 -0.00893093529
f 5230 5232 5231
v -0.000327475573 0.0287872012 -0.00856695478
v 0.00151321146 0.0291400705 -0.00669105502
v -0.00156217284 0.028957639 -0.00651478695
f 5233 5235 5234
v 0.00125867955 0.0291998527 -0.00836381951
v 0.00151321146 0.0291400705 -0.00669105502
v -0.000327475573 0.0287872012 -0.00856695478
f 5236 5238 5237
v 0.00197858099 0.0285575166 -0.0129930893
v 0.0025840629 0.0278283114 -0.0129381748
v 0.00268521108 0.0290126307 -0.0110489069
f 5239 5241 5240
v 0.00270045493 0.0291172881 -0.0100206293
v 0.0021605083 0.0283822621 -0.00691227178
v 0.00249979857 0.0289384596 -0.00893093529
f 5242 5244 5243
v 0.00151321146 0.0291400705 -0.00669105502
v 0.00139952608 0.0293899735 -0.00209520476
v 0.000514240674 0.0294856 -0.00347893583
f 5245 5247 5246
v 0.00133384892 0.0294668193 -0.00090847816
v 0.00112637281 0.0294202619 0.000836686559
v -0.00123108111 0.0291450619 -0.00205121796
f 5248 5250 5249
v 0.0021605083 0.0283822621 -0.00691227178
v 0.00139952608 0.0293899735 -0.00209520476
v 0.00151321146 0.0291400705 -0.00669105502
f 5251 5253 5252
v 0.000621625804 0.0283496047 -0.0101516991
v -0.000327475573 0.0287872012 -0.00856695478
v -0.000786376768 0.0283599511 -0.0117280557
f 5254 5256 5255
v 0.0025840629 0.0278283114 -0.0129381748
v 0.00405627288 0.0235604151 0.000843609178
v 0.0021605083 0.0283822621 -0.00691227178
f 5257 5259 5258
v 0.0021605083 0.0283822621 -0.00691227178
v 0.00405627288 0.0235604151 0.000843609178
v 0.00112637281 0.0294202619 0.000836686559
f 5260 5262 5261
v -0.000786376768 0.0283599511 -0.0117280557
v -0.00468374383 0.0285635178 -0.0110259687
v -0.00612818112 0.0279863772 -0.0128964093
f 5263 5265 5264
v -0.000327475573 0.0287872012 -0.00856695478
v -0.00156217284 0.028957639 -0.00651478695
v -0.00468374383 0.0285635178 -0.0110259687
f 5266 5268 5267
v -0.00468374383 0.0285635178 -0.0110259687
v -0.00505103926 0.0287990668 -0.00563350222
v -0.00863182649 0.0290481257 -0.00554055187
f 5269 5271 5270
v -0.00468374383 0.0285635178 -0.0110259687
v -0.00863182649 0.0290481257 -0.00554055187
v -0.010236552 0.0286726223 -0.0106837746
f 5272 5274 5273
v -0.00468374383 0.0285635178 -0.0110259687
v -0.00156217284 0.028957639 -0.00651478695
v -0.00505103926 0.0287990668 -0.00563350222
f 5275 5277 5276
v -0.00612818112 0.0279863772 -0.0128964093
v -0.00468374383 0.0285635178 -0.0110259687
v -0.010236552 0.0286726223 -0.0106837746
f 5278 5280 5279
v -0.00980989571 0.0280918612 -0.0128092812
v -0.00612818112 0.0279863772 -0.0128964093
v -0.010236552 0.0286726223 -0.0106837746
f 5281 5283 5282
v -0.010236552 0.0286726223 -0.0106837746
v -0.00863182649 0.0290481257 -0.00554055187
v -0.0117189018 0.0290876429 -0.00680379744
f 5284 5286 5285
v -0.00490173406 0.028643987 -0.00175357673
v -0.00753617351 0.0286169379 -0.00209455502
v 0.000514240674 0.0294856 -0.00347893583
f 5287 5289 5288
v -0.00123108111 0.0291450619 -0.00205121796
v -0.00490173406 0.028643987 -0.00175357673
v 0.000514240674 0.0294856 -0.00347893583
f 5290 5292 5291
v -0.00636320619 0.029376999 0.000846529201
v -0.00753617351 0.0286169379 -0.00209455502
v -0.00490173406 0.028643987 -0.00175357673
f 5293 5295 5294
v -0.00490173406 0.028643987 -0.00175357673
v -0.00265555063 0.0292951212 0.000281235953
v -0.00636320619 0.029376999 0.000846529201
f 5296 5298 5297
v -0.00863182649 0.0290481257 -0.00554055187
v -0.00753617351 0.0286169379 -0.00209455502
v -0.0115195653 0.0289868884 -0.00384532614
f 5299 5301 5300
v -0.00636320619 0.029376999 0.000846529201
v -0.0121815552 0.0299001316 0.000849107346
v -0.0117976873 0.0297632534 -0.000276430092
f 5302 5304 5303
v -0.0108190281 0.0289889926 -0.00168351653
v -0.00753617351 0.0286169379 -0.00209455502
v -0.0117976873 0.0297632534 -0.000276430092
f 5305 5307 5306
v -0.0116281924 0.0268248958 -0.0203146992
v -0.0130821718 0.027751617 -0.0153101559
v -0.0151689819 0.0273757672 -0.0164980636
f 5308 5310 5309
v -0.0160057243 0.027597649 -0.0133714479
v -0.0130821718 0.027751617 -0.0153101559
v -0.010236552 0.0286726223 -0.0106837746
f 5311 5313 5312
v -0.010236552 0.0286726223 -0.0106837746
v -0.0117189018 0.0290876429 -0.00680379744
v -0.016077311 0.0283118396 -0.00973976275
f 5314 5316 5315
v -0.0164555298 0.028652465 -0.00565668925
v -0.016077311 0.0283118396 -0.00973976275
v -0.0117189018 0.0290876429 -0.00680379744
f 5317 5319 5318
v -0.0115195653 0.0289868884 -0.00384532614
v -0.0127359555 0.0285441085 -0.002022638
v -0.0150723994 0.0286878494 -0.00258272848
f 5320 5322 5321
v -0.0164555298 0.028652465 -0.00565668925
v -0.0117189018 0.0290876429 -0.00680379744
v -0.0150723994 0.0286878494 -0.00258272848
f 5323 5325 5324
v -0.0108190281 0.0289889926 -0.00168351653
v -0.0120764511 0.0285738264 -0.00167176695
v -0.0115195653 0.0289868884 -0.00384532614
f 5326 5328 5327
v -0.012496495 0.0291009084 -0.000843314319
v -0.011656346 0.0278385793 -0.000944229123
v -0.0117976873 0.0297632534 -0.000276430092
f 5329 5331 5330
v -0.0128570187 0.0276613951 -0.00116071433
v -0.0127359555 0.0285441085 -0.002022638
v -0.0120764511 0.0285738264 -0.00167176695
f 5332 5334 5333
v -0.015935686 0.0294147147 -0.00102192544
v -0.0127359555 0.0285441085 -0.002022638
v -0.012496495 0.0291009084 -0.000843314319
f 5335 5337 5336
v -0.011656346 0.0278385793 -0.000944229123
v -0.0139997283 0.0273067562 -0.00112877906
v -0.0128570187 0.0276613951 -0.00116071433
f 5338 5340 5339
v -0.0128570187 0.0276613951 -0.00116071433
v -0.0139997283 0.0273067562 -0.00112877906
v -0.012496495 0.0291009084 -0.000843314319
f 5341 5343 5342
v -0.012496495 0.0291009084 -0.000843314319
v -0.0139997283 0.0273067562 -0.00112877906
v -0.011656346 0.0278385793 -0.000944229123
f 5344 5346 5345
v -0.011656346 0.0278385793 -0.000944229123
v -0.0120764511 0.0285738264 -0.00167176695
v -0.0108190281 0.0289889926 -0.00168351653
f 5347 5349 5348
v -0.0127359555 0.0285441085 -0.002022638
v -0.015935686 0.0294147147 -0.00102192544
v -0.0150723994 0.0286878494 -0.00258272848
f 5350 5352 5351
v -0.0177572889 0.0282528606 -0.00267492687
v -0.0196071807 0.0290306198 -0.00344925829
v -0.0179617869 0.0282524183 -0.00619982238
f 5353 5355 5354
v -0.0150723994 0.0286878494 -0.00258272848
v -0.0177572889 0.0282528606 -0.00267492687
v -0.0164555298 0.028652465 -0.00565668925
f 5356 5358 5357
v -0.0177572889 0.0282528606 -0.00267492687
v -0.0179617869 0.0282524183 -0.00619982238
v -0.0164555298 0.028652465 -0.00565668925
f 5359 5361 5360
v -0.0150723994 0.0286878494 -0.00258272848
v -0.0183309516 0.0289416086 -0.00123356103
v -0.0177572889 0.0282528606 -0.00267492687
f 5362 5364 5363
v -0.0183309516 0.0289416086 -0.00123356103
v -0.0196071807 0.0290306198 -0.00344925829
v -0.0177572889 0.0282528606 -0.00267492687
f 5365 5367 5366
v -0.0196071807 0.0290306198 -0.00344925829
v -0.0183309516 0.0289416086 -0.00123356103
v -0.0204772106 0.0293175806 0.000844282295
f 5368 5370 5369
v -0.0117189018 0.0290876429 -0.00680379744
v -0.00863182649 0.0290481257 -0.00554055187
v -0.0115195653 0.0289868884 -0.00384532614
f 5371 5373 5372
v -0.000257686042 0.0173451321 -0.0409401779
v -0.00361027523 0.0186926278 -0.0393740629
v -0.00424087557 0.0166756829 -0.0414724898
f 5374 5376 5375
v -0.000257686042 0.0173451321 -0.0409401779
v -0.000791842467 0.0194626249 -0.0381213729
v -0.00361027523 0.0186926278 -0.0393740629
f 5377 5379 5378
v 0.000324999564 0.0152514491 -0.0428332976
v -0.000257686042 0.0173451321 -0.0409401779
v -0.00196813307 0.0156646536 -0.0424738246
f 5380 5382 5381
v -0.00196813307 0.0156646536 -0.0424738246
v -0.000257686042 0.0173451321 -0.0409401779
v -0.00424087557 0.0166756829 -0.0414724898
f 5383 5385 5384
v -0.00424087557 0.0166756829 -0.0414724898
v -0.00361027523 0.0186926278 -0.0393740629
v -0.00537144952 0.01759968 -0.040542346
f 5386 5388 5387
v -0.00627336121 0.0192364358 -0.0385480176
v -0.00623162923 0.0178631628 -0.0394863193
v -0.00537144952 0.01759968 -0.040542346
f 5389 5391 5390
v -0.00537144952 0.01759968 -0.040542346
v -0.00361027523 0.0186926278 -0.0393740629
v -0.00627336121 0.0192364358 -0.0385480176
f 5392 5394 5393
v -0.00448191531 0.0129123961 -0.0438399467
v -0.00550084878 0.0108555927 -0.0446035294
v -0.000207376434 0.0127977328 -0.04470438
f 5395 5397 5396
v -0.00448191531 0.0129123961 -0.0438399467
v -0.00570618031 0.0149477462 -0.0425468577
v -0.00938092999 0.012339669 -0.043397455
f 5398 5400 5399
v -0.00448191531 0.0129123961 -0.0438399467
v -0.00196813307 0.0156646536 -0.0424738246
v -0.00570618031 0.0149477462 -0.0425468577
f 5401 5403 5402
v -0.00570618031 0.0149477462 -0.0425468577
v -0.00196813307 0.0156646536 -0.0424738246
v -0.00424087557 0.0166756829 -0.0414724898
f 5404 5406 5405
v -0.00911943498 0.0168513536 -0.0410044304
v -0.010101901 0.0204583135 -0.037386769
v -0.0135409442 0.0195283967 -0.0383357838
f 5407 5409 5408
v -0.00424087557 0.0166756829 -0.0414724898
v -0.00809192497 0.0182513817 -0.0397833501
v -0.00911943498 0.0168513536 -0.0410044304
f 5410 5412 5411
v -0.00911943498 0.0168513536 -0.0410044304
v -0.0135409442 0.0195283967 -0.0383357838
v -0.0119163436 0.0158333656 -0.0414321781
f 5413 5415 5414
v -0.0135409442 0.0195283967 -0.0383357838
v -0.0162485463 0.018510854 -0.0391294336
v -0.0141153636 0.0164694444 -0.0410720997
f 5416 5418 5417
v -0.0157369243 0.0140561388 -0.0420248311
v -0.0119163436 0.0158333656 -0.0414321781
v -0.0141153636 0.0164694444 -0.0410720997
f 5419 5421 5420
v -0.0119163436 0.0158333656 -0.0414321781
v -0.0135409442 0.0195283967 -0.0383357838
v -0.0141153636 0.0164694444 -0.0410720997
f 5422 5424 5423
v 0.00261591485 0.0211172155 -0.0358257734
v -0.000645627006 0.0228918303 -0.0331903895
v -0.000791842467 0.0194626249 -0.0381213729
f 5425 5427 5426
v -0.000791842467 0.0194626249 -0.0381213729
v -0.000645627006 0.0228918303 -0.0331903895
v -0.00338682439 0.0227746059 -0.0337198522
f 5428 5430 5429
v -0.000791842467 0.0194626249 -0.0381213729
v -0.00338682439 0.0227746059 -0.0337198522
v -0.00284273847 0.0198322407 -0.0379376375
f 5431 5433 5432
v -0.0061320854 0.0206927245 -0.0367639295
v -0.00627336121 0.0192364358 -0.0385480176
v -0.00284273847 0.0198322407 -0.0379376375
f 5434 5436 5435
v -0.0061320854 0.0206927245 -0.0367639295
v -0.00284273847 0.0198322407 -0.0379376375
v -0.00338682439 0.0227746059 -0.0337198522
f 5437 5439 5438
v -0.00361027523 0.0186926278 -0.0393740629
v -0.000791842467 0.0194626249 -0.0381213729
v -0.00284273847 0.0198322407 -0.0379376375
f 5440 5442 5441
v -0.00338682439 0.0227746059 -0.0337198522
v -0.00553517311 0.0241232716 -0.0308071845
v -0.00752240376 0.0232997409 -0.0331296033
f 5443 5445 5444
v -0.00809192497 0.0182513817 -0.0397833501
v -0.00627336121 0.0192364358 -0.0385480176
v -0.0061320854 0.0206927245 -0.0367639295
f 5446 5448 5447
v -0.00809192497 0.0182513817 -0.0397833501
v -0.0061320854 0.0206927245 -0.0367639295
v -0.010101901 0.0204583135 -0.037386769
f 5449 5451 5450
v -0.012463957 0.0224900519 -0.0346855464
v -0.0061320854 0.0206927245 -0.0367639295
v -0.00752240376 0.0232997409 -0.0331296033
f 5452 5454 5453
v -0.012463957 0.0224900519 -0.0346855464
v -0.00752240376 0.0232997409 -0.0331296033
v -0.0151765329 0.0229027297 -0.0343490101
f 5455 5457 5456
v -0.010101901 0.0204583135 -0.037386769
v -0.0061320854 0.0206927245 -0.0367639295
v -0.012463957 0.0224900519 -0.0346855464
f 5458 5460 5459
v -0.00710438035 0.0249093282 -0.0274439255
v -0.00938830999 0.0253350532 -0.0258967833
v -0.0104443265 0.0241821981 -0.0306332193
f 5461 5463 5462
v -0.00623162923 0.0178631628 -0.0394863193
v -0.00627336121 0.0192364358 -0.0385480176
v -0.00809192497 0.0182513817 -0.0397833501
f 5464 5466 5465
v -0.0061320854 0.0206927245 -0.0367639295
v -0.00338682439 0.0227746059 -0.0337198522
v -0.00752240376 0.0232997409 -0.0331296033
f 5467 5469 5468
v -0.0141153636 0.0164694444 -0.0410720997
v -0.0162485463 0.018510854 -0.0391294336
v -0.0183137978 0.0165340054 -0.040124252
f 5470 5472 5471
v -0.0162485463 0.018510854 -0.0391294336
v -0.018188174 0.0182456977 -0.0395702053
v -0.0183137978 0.0165340054 -0.040124252
f 5473 5475 5474
v -0.012463957 0.0224900519 -0.0346855464
v -0.0151765329 0.0229027297 -0.0343490101
v -0.0135409442 0.0195283967 -0.0383357838
f 5476 5478 5477
v -0.0184542034 0.0238256849 -0.0289889373
v -0.0167188904 0.0246851676 -0.0261041801
v -0.0208761994 0.0240768888 -0.0277844723
f 5479 5481 5480
v -0.0208761994 0.0240768888 -0.0277844723
v -0.0236275868 0.0238018722 -0.0298805273
v -0.019830215 0.0233105326 -0.0321900268
f 5482 5484 5483
v -0.0135409442 0.0195283967 -0.0383357838
v -0.0151765329 0.0229027297 -0.0343490101
v -0.0162485463 0.018510854 -0.0391294336
f 5485 5487 5486
v -0.0151765329 0.0229027297 -0.0343490101
v -0.019578365 0.0219687645 -0.0360051519
v -0.0162485463 0.018510854 -0.0391294336
f 5488 5490 5489
v -0.02380027 0.0206918688 -0.0341923325
v -0.0236248045 0.021581183 -0.0326336332
v -0.0210288461 0.0202379772 -0.0346634042
f 5491 5493 5492
v -0.0236248045 0.021581183 -0.0326336332
v -0.02380027 0.0206918688 -0.0341923325
v -0.0245368254 0.0215968437 -0.0334415468
f 5494 5496 5495
v -0.0238161345 0.0223891286 -0.0329996779
v -0.0245368254 0.0215968437 -0.0334415468
v -0.023544117 0.021830335 -0.0352161558
f 5497 5499 5498
v -0.02380027 0.0206918688 -0.0341923325
v -0.023544117 0.021830335 -0.0352161558
v -0.0245368254 0.0215968437 -0.0334415468
f 5500 5502 5501
v -0.0232333099 0.020008377 -0.034961768
v -0.0210288461 0.0202379772 -0.0346634042
v -0.0234432533 0.0189333252 -0.0349177892
f 5503 5505 5504
v -0.0236216962 0.020059169 -0.0365679851
v -0.02380027 0.0206918688 -0.0341923325
v -0.0232333099 0.020008377 -0.034961768
f 5506 5508 5507
v -0.0229414509 0.0190227205 -0.0346153043
v -0.0216211862 0.0206377765 -0.0328853203
v -0.0233846629 0.0189968559 -0.0343065301
f 5509 5511 5510
v -0.02380027 0.0206918688 -0.0341923325
v -0.0236216962 0.020059169 -0.0365679851
v -0.023544117 0.021830335 -0.0352161558
f 5512 5514 5513
v -0.0236076317 0.0169311388 -0.0349251379
v -0.0234479754 0.018048237 -0.0367505185
v -0.0234432533 0.0189333252 -0.0349177892
f 5515 5517 5516
v -0.0236076317 0.0169311388 -0.0349251379
v -0.0233871033 0.0188404694 -0.0345295935
v -0.0233188068 0.0187829428 -0.0344976637
f 5518 5520 5519
v -0.0233846629 0.0189968559 -0.0343065301
v -0.0236076317 0.0169311388 -0.0349251379
v -0.0233188068 0.0187829428 -0.0344976637
f 5521 5523 5522
v -0.0233846629 0.0189968559 -0.0343065301
v -0.0233871033 0.0188404694 -0.0345295935
v -0.0229414509 0.0190227205 -0.0346153043
f 5524 5526 5525
v -0.0229414509 0.0190227205 -0.0346153043
v -0.0233871033 0.0188404694 -0.0345295935
v -0.0233188068 0.0187829428 -0.0344976637
f 5527 5529 5528
v -0.0236216962 0.020059169 -0.0365679851
v -0.0234432533 0.0189333252 -0.0349177892
v -0.0234479754 0.018048237 -0.0367505185
f 5530 5532 5531
v -0.0236275868 0.0238018722 -0.0298805273
v -0.0235377418 0.0219634181 -0.0296475366
v -0.0242315582 0.0225471944 -0.0315576297
f 5533 5535 5534
v -0.0233993283 0.0213655614 -0.0315402256
v -0.0228878096 0.0211190985 -0.0320260006
v -0.0229097001 0.0213186111 -0.0317861122
f 5536 5538 5537
v -0.0233993283 0.0213655614 -0.0315402256
v -0.0229097001 0.0213186111 -0.0317861122
v -0.0236248045 0.021581183 -0.0326336332
f 5539 5541 5540
v -0.0231342958 0.0206158613 -0.0322362146
v -0.0231211263 0.0212337502 -0.0320206163
v -0.0233993283 0.0213655614 -0.0315402256
f 5542 5544 5543
v -0.0236248045 0.021581183 -0.0326336332
v -0.0238161345 0.0223891286 -0.0329996779
v -0.0242315582 0.0225471944 -0.0315576297
f 5545 5547 5546
v -0.0233993283 0.0213655614 -0.0315402256
v -0.0235377418 0.0219634181 -0.0296475366
v -0.0231342958 0.0206158613 -0.0322362146
f 5548 5550 5549
v -0.0235377418 0.0219634181 -0.0296475366
v -0.0243136441 0.0160490803 -0.0269235839
v -0.0236076317 0.0169311388 -0.0349251379
f 5551 5553 5552
v -0.0231109923 0.0234566571 -0.0321850268
v -0.0236275868 0.0238018722 -0.0298805273
v -0.0242315582 0.0225471944 -0.0315576297
f 5554 5556 5555
v -0.0233499333 0.0244850526 -0.0278940133
v -0.0235377418 0.0219634181 -0.0296475366
v -0.0236275868 0.0238018722 -0.0298805273
f 5557 5559 5558
v -0.019830215 0.0233105326 -0.0321900268
v -0.0236275868 0.0238018722 -0.0298805273
v -0.0231109923 0.0234566571 -0.0321850268
f 5560 5562 5561
v -0.0186550809 0.0185226265 -0.0389778725
v -0.0231602156 0.0181558251 -0.0380554178
v -0.0223721465 0.01484737 -0.0395876821
f 5563 5565 5564
v -0.0186550809 0.0185226265 -0.0389778725
v -0.0211035454 0.0208261859 -0.0370549591
v -0.0231602156 0.0181558251 -0.0380554178
f 5566 5568 5567
v -0.019578365 0.0219687645 -0.0360051519
v -0.0180311792 0.023330815 -0.0335350225
v -0.019830215 0.0233105326 -0.0321900268
f 5569 5571 5570
v -0.019830215 0.0233105326 -0.0321900268
v -0.0184542034 0.0238256849 -0.0289889373
v -0.0208761994 0.0240768888 -0.0277844723
f 5572 5574 5573
v -0.0151765329 0.0229027297 -0.0343490101
v -0.0104443265 0.0241821981 -0.0306332193
v -0.0167201069 0.0234474632 -0.0314121862
f 5575 5577 5576
v -0.0231109923 0.0234566571 -0.0321850268
v -0.0238161345 0.0223891286 -0.0329996779
v -0.023544117 0.021830335 -0.0352161558
f 5578 5580 5579
v -0.00144514561 0.0103143997 -0.0457454618
v -0.00550084878 0.0108555927 -0.0446035294
v -0.00398573429 0.00994754882 -0.045588077
f 5581 5583 5582
v -0.00398573429 0.00994754882 -0.045588077
v -0.00550084878 0.0108555927 -0.0446035294
v -0.00462789685 0.0081782644 -0.0463537552
f 5584 5586 5585
v -0.00550084878 0.0108555927 -0.0446035294
v -0.00448191531 0.0129123961 -0.0438399467
v -0.00938092999 0.012339669 -0.043397455
f 5587 5589 5588
v -0.0119163436 0.0158333656 -0.0414321781
v -0.0134441376 0.0134344096 -0.0427150924
v -0.00938092999 0.012339669 -0.043397455
f 5590 5592 5591
v -0.0101555554 0.00952019545 -0.0447775325
v -0.0131816792 0.00988291649 -0.04437803
v -0.011815106 0.00711165121 -0.0453665707
f 5593 5595 5594
v -0.0134441376 0.0134344096 -0.0427150924
v -0.0187611207 0.0109281471 -0.0424695725
v -0.0159602903 0.00973921342 -0.0437621871
f 5596 5598 5597
v -0.00749820465 0.00120639015 -0.0471655338
v -0.00601066058 0.00563481954 -0.0466165133
v -0.00985803417 0.00239113651 -0.0471899839
f 5599 5601 5600
v -0.00601066058 0.00563481954 -0.0466165133
v -0.011815106 0.00711165121 -0.0453665707
v -0.00985803417 0.00239113651 -0.0471899839
f 5602 5604 5603
v -0.00985803417 0.00239113651 -0.0471899839
v -0.0111562564 0.00277070212 -0.0465266756
v -0.00945287466 0.000482446239 -0.0472684304
f 5605 5607 5606
v -0.00945287466 0.000482446239 -0.0472684304
v -0.0111562564 0.00277070212 -0.0465266756
v -0.0119617704 -0.00150206906 -0.0469191873
f 5608 5610 5609
v -0.0119617704 -0.00150206906 -0.0469191873
v -0.0111562564 0.00277070212 -0.0465266756
v -0.0135637485 0.00277648869 -0.0459795992
f 5611 5613 5612
v -0.0135637485 0.00277648869 -0.0459795992
v -0.011815106 0.00711165121 -0.0453665707
v -0.016828443 0.0013329729 -0.0457507296
f 5614 5616 5615
v -0.0159602903 0.00973921342 -0.0437621871
v -0.0181253752 0.00945794527 -0.0432677683
v -0.018623317 0.00480877279 -0.0443924393
f 5617 5619 5618
v -0.016828443 0.0013329729 -0.0457507296
v -0.0163832214 0.00463004471 -0.0447751634
v -0.018623317 0.00480877279 -0.0443924393
f 5620 5622 5621
v -0.0131816792 0.00988291649 -0.04437803
v -0.0163832214 0.00463004471 -0.0447751634
v -0.016828443 0.0013329729 -0.0457507296
f 5623 5625 5624
v -0.0111562564 0.00277070212 -0.0465266756
v -0.011815106 0.00711165121 -0.0453665707
v -0.0135637485 0.00277648869 -0.0459795992
f 5626 5628 5627
v -0.0187611207 0.0109281471 -0.0424695725
v -0.0183137978 0.0165340054 -0.040124252
v -0.0195077926 0.0143666955 -0.040821865
f 5629 5631 5630
v -0.0187611207 0.0109281471 -0.0424695725
v -0.0196808425 0.00957727534 -0.0428101077
v -0.0190426159 0.0103471299 -0.0431497785
f 5632 5634 5633
v -0.0187611207 0.0109281471 -0.0424695725
v -0.0215554654 0.0106682659 -0.0415817776
v -0.0196808425 0.00957727534 -0.0428101077
f 5635 5637 5636
v -0.0187611207 0.0109281471 -0.0424695725
v -0.0190426159 0.0103471299 -0.0431497785
v -0.0181253752 0.00945794527 -0.0432677683
f 5638 5640 5639
v -0.0181253752 0.00945794527 -0.0432677683
v -0.0213431253 0.00695220151 -0.0431490917
v -0.018623317 0.00480877279 -0.0443924393
f 5641 5643 5642
v -0.0181253752 0.00945794527 -0.0432677683
v -0.0196808425 0.00957727534 -0.0428101077
v -0.0213431253 0.00695220151 -0.0431490917
f 5644 5646 5645
v -0.0213431253 0.00695220151 -0.0431490917
v -0.0196808425 0.00957727534 -0.0428101077
v -0.0212453509 0.00876063787 -0.0424899539
f 5647 5649 5648
v -0.0212453509 0.00876063787 -0.0424899539
v -0.0215784021 0.00536365624 -0.0404238526
v -0.0213431253 0.00695220151 -0.0431490917
f 5650 5652 5651
v -0.0212453509 0.00876063787 -0.0424899539
v -0.0219496113 0.0116611431 -0.0408165855
v -0.0215784021 0.00536365624 -0.0404238526
f 5653 5655 5654
v -0.0217992754 0.00550518089 -0.043190291
v -0.020822807 0.0046092995 -0.0440010044
v -0.0213431253 0.00695220151 -0.0431490917
f 5656 5658 5657
v -0.0213431253 0.00695220151 -0.0431490917
v -0.0215784021 0.00536365624 -0.0404238526
v -0.0217992754 0.00550518089 -0.043190291
f 5659 5661 5660
v -0.0223721465 0.01484737 -0.0395876821
v -0.0231991318 0.0155395814 -0.0387995649
v -0.0220716567 0.0129311651 -0.0402075384
f 5662 5664 5663
v -0.0236076317 0.0169311388 -0.0349251379
v -0.0215784021 0.00536365624 -0.0404238526
v -0.0219496113 0.0116611431 -0.0408165855
f 5665 5667 5666
v -0.0231991318 0.0155395814 -0.0387995649
v -0.0236076317 0.0169311388 -0.0349251379
v -0.0220716567 0.0129311651 -0.0402075384
f 5668 5670 5669
v -0.0236076317 0.0169311388 -0.0349251379
v -0.0243136441 0.0160490803 -0.0269235839
v -0.0242688751 0.0111203619 -0.0280797132
f 5671 5673 5672
v -0.0231602156 0.0181558251 -0.0380554178
v -0.0234479754 0.018048237 -0.0367505185
v -0.0231991318 0.0155395814 -0.0387995649
f 5674 5676 5675
v -0.0234479754 0.018048237 -0.0367505185
v -0.0236076317 0.0169311388 -0.0349251379
v -0.0231991318 0.0155395814 -0.0387995649
f 5677 5679 5678
v -0.0226800461 -0.00087669323 -0.0321003667
v -0.0206458382 0.00307842129 -0.0442554534
v -0.0215784021 0.00536365624 -0.0404238526
f 5680 5682 5681
v -0.00144514561 0.0103143997 -0.0457454618
v -0.000207376434 0.0127977328 -0.04470438
v -0.00550084878 0.0108555927 -0.0446035294
f 5683 5685 5684
v -0.0159602903 0.00973921342 -0.0437621871
v -0.0187611207 0.0109281471 -0.0424695725
v -0.0181253752 0.00945794527 -0.0432677683
f 5686 5688 5687
v -0.0134441376 0.0134344096 -0.0427150924
v -0.0157369243 0.0140561388 -0.0420248311
v -0.0187611207 0.0109281471 -0.0424695725
f 5689 5691 5690
v -0.010101901 0.0204583135 -0.037386769
v -0.00911943498 0.0168513536 -0.0410044304
v -0.00809192497 0.0182513817 -0.0397833501
f 5692 5694 5693
v -0.00404342463 0.024819409 -0.026940339
v -0.00954489369 0.0260732399 -0.0236566251
v -0.00938830999 0.0253350532 -0.0258967833
f 5695 5697 5696
v -0.00938830999 0.0253350532 -0.0258967833
v -0.0141119031 0.0258406944 -0.024083734
v -0.013350106 0.0246209791 -0.0281988207
f 5698 5700 5699
v -0.00938830999 0.0253350532 -0.0258967833
v -0.00954489369 0.0260732399 -0.0236566251
v -0.0141119031 0.0258406944 -0.024083734
f 5701 5703 5702
v -0.0167188904 0.0246851676 -0.0261041801
v -0.0141119031 0.0258406944 -0.024083734
v -0.0192876323 0.0253386446 -0.0237698696
f 5704 5706 5705
v -0.0141119031 0.0258406944 -0.024083734
v -0.0167725579 0.0259170658 -0.0205126809
v -0.0192876323 0.0253386446 -0.0237698696
f 5707 5709 5708
v -0.0151689819 0.0273757672 -0.0164980636
v -0.0130821718 0.027751617 -0.0153101559
v -0.0160057243 0.027597649 -0.0133714479
f 5710 5712 5711
v -0.0186251564 0.0270703604 -0.0162183671
v -0.0151689819 0.0273757672 -0.0164980636
v -0.0160057243 0.027597649 -0.0133714479
f 5713 5715 5714
v -0.0160057243 0.027597649 -0.0133714479
v -0.0190684135 0.0275846251 -0.0141594035
v -0.0186251564 0.0270703604 -0.0162183671
f 5716 5718 5717
v -0.0197594214 0.0266187853 -0.0184695949
v -0.0221204653 0.026425047 -0.0209937454
v -0.0192876323 0.0253386446 -0.0237698696
f 5719 5721 5720
v -0.0234246691 0.0252725498 -0.0250342564
v -0.021268327 0.0250055629 -0.0247530988
v -0.022997288 0.0261921872 -0.0226681805
f 5722 5724 5723
v -0.022997288 0.0261921872 -0.0226681805
v -0.0221204653 0.026425047 -0.0209937454
v -0.023626753 0.0265356619 -0.0215258988
f 5725 5727 5726
v -0.0234582971 0.0257485313 -0.0227542652
v -0.02383229 0.0242878741 -0.0191489526
v -0.0234246691 0.0252725498 -0.0250342564
f 5728 5730 5729
v -0.0234582971 0.0257485313 -0.0227542652
v -0.0234246691 0.0252725498 -0.0250342564
v -0.022997288 0.0261921872 -0.0226681805
f 5731 5733 5732
v -0.02383229 0.0242878741 -0.0191489526
v -0.0234582971 0.0257485313 -0.0227542652
v -0.023626753 0.0265356619 -0.0215258988
f 5734 5736 5735
v -0.023626753 0.0265356619 -0.0215258988
v -0.0239691246 0.0268943782 -0.0193621629
v -0.02383229 0.0242878741 -0.0191489526
f 5737 5739 5738
v -0.0221204653 0.026425047 -0.0209937454
v -0.0233667175 0.0272818404 -0.0190614461
v -0.023626753 0.0265356619 -0.0215258988
f 5740 5742 5741
v -0.0197594214 0.0266187853 -0.0184695949
v -0.0186251564 0.0270703604 -0.0162183671
v -0.0190684135 0.0275846251 -0.0141594035
f 5743 5745 5744
v -0.0221204653 0.026425047 -0.0209937454
v -0.0197594214 0.0266187853 -0.0184695949
v -0.0233667175 0.0272818404 -0.0190614461
f 5746 5748 5747
v -0.0234157444 0.0279546803 -0.0141419703
v -0.0236601933 0.0274933089 -0.0170881627
v -0.0212665691 0.0277507788 -0.0140670454
f 5749 5751 5750
v -0.0236601933 0.0274933089 -0.0170881627
v -0.0234157444 0.0279546803 -0.0141419703
v -0.023968787 0.0274665712 -0.0148314502
f 5752 5754 5753
v -0.0236311418 0.0281115033 -0.0127313673
v -0.023968787 0.0274665712 -0.0148314502
v -0.0234157444 0.0279546803 -0.0141419703
f 5755 5757 5756
v -0.0239691246 0.0268943782 -0.0193621629
v -0.0233667175 0.0272818404 -0.0190614461
v -0.0236601933 0.0274933089 -0.0170881627
f 5758 5760 5759
v -0.0236311418 0.0281115033 -0.0127313673
v -0.0239341083 0.0266961782 -0.00931151662
v -0.023968787 0.0274665712 -0.0148314502
f 5761 5763 5762
v -0.02383229 0.0242878741 -0.0191489526
v -0.0235377418 0.0219634181 -0.0296475366
v -0.0234246691 0.0252725498 -0.0250342564
f 5764 5766 5765
v -0.0167725579 0.0259170658 -0.0205126809
v -0.0197594214 0.0266187853 -0.0184695949
v -0.0192876323 0.0253386446 -0.0237698696
f 5767 5769 5768
v -0.0167725579 0.0259170658 -0.0205126809
v -0.0151689819 0.0273757672 -0.0164980636
v -0.0186251564 0.0270703604 -0.0162183671
f 5770 5772 5771
v -0.0220232396 0.02828383 -0.0113757756
v -0.0202989191 0.0282803638 -0.0100761463
v -0.0241987203 0.0283022819 -0.011101854
f 5773 5775 5774
v -0.0241987203 0.0283022819 -0.011101854
v -0.0202989191 0.0282803638 -0.0100761463
v -0.0238574125 0.0285369955 -0.00726306171
f 5776 5778 5777
v -0.0236311418 0.0281115033 -0.0127313673
v -0.0220232396 0.02828383 -0.0113757756
v -0.0241987203 0.0283022819 -0.011101854
f 5779 5781 5780
v -0.0197398782 0.028543573 -0.00751941116
v -0.0232997365 0.0287501927 -0.00322828091
v -0.0202989191 0.0282803638 -0.0100761463
f 5782 5784 5783
v -0.0196071807 0.0290306198 -0.00344925829
v -0.0232997365 0.0287501927 -0.00322828091
v -0.0197398782 0.028543573 -0.00751941116
f 5785 5787 5786
v -0.0232997365 0.0287501927 -0.00322828091
v -0.0238406312 0.028821989 -0.00396933356
v -0.0238657463 0.0286315248 -0.00516724576
f 5788 5790 5789
v -0.0239341083 0.0266961782 -0.00931151662
v -0.0238657463 0.0286315248 -0.00516724576
v -0.0238406312 0.028821989 -0.00396933356
f 5791 5793 5792
v -0.0237537315 0.0282837893 -0.00166574318
v -0.0232997365 0.0287501927 -0.00322828091
v -0.023358615 0.0289568095 -0.0011212217
f 5794 5796 5795
v -0.0237537315 0.0282837893 -0.00166574318
v -0.0238406312 0.028821989 -0.00396933356
v -0.0232997365 0.0287501927 -0.00322828091
f 5797 5799 5798
v -0.0238406312 0.028821989 -0.00396933356
v -0.0247724529 0.0176509959 0.000841957171
v -0.0239341083 0.0266961782 -0.00931151662
f 5800 5802 5801
v -0.0237537315 0.0282837893 -0.00166574318
v -0.0247724529 0.0176509959 0.000841957171
v -0.0238406312 0.028821989 -0.00396933356
f 5803 5805 5804
v -0.0220790171 0.0289098884 -0.00151195536
v -0.023358615 0.0289568095 -0.0011212217
v -0.0232997365 0.0287501927 -0.00322828091
f 5806 5808 5807
v -0.0239341083 0.0266961782 -0.00931151662
v -0.0254615123 0.0135791415 0.000847528372
v -0.02383229 0.0242878741 -0.0191489526
f 5809 5811 5810
v -0.0239341083 0.0266961782 -0.00931151662
v -0.0247724529 0.0176509959 0.000841957171
v -0.0254615123 0.0135791415 0.000847528372
f 5812 5814 5813
v -0.0190684135 0.0275846251 -0.0141594035
v -0.018425037 0.0278352964 -0.0101559242
v -0.0202989191 0.0282803638 -0.0100761463
f 5815 5817 5816
v -0.0202989191 0.0282803638 -0.0100761463
v -0.018425037 0.0278352964 -0.0101559242
v -0.0197398782 0.028543573 -0.00751941116
f 5818 5820 5819
v -0.0242688751 0.0111203619 -0.0280797132
v -0.0247552089 -0.008915746 -0.0198577196
v -0.0226800461 -0.00087669323 -0.0321003667
f 5821 5823 5822
v -0.0251221238 -0.000308962581 -0.0190934094
v -0.0247552089 -0.008915746 -0.0198577196
v -0.0242688751 0.0111203619 -0.0280797132
f 5824 5826 5825
v -0.0234157444 0.0279546803 -0.0141419703
v -0.0220232396 0.02828383 -0.0113757756
v -0.0236311418 0.0281115033 -0.0127313673
f 5827 5829 5828
v -0.0234157444 0.0279546803 -0.0141419703
v -0.0212665691 0.0277507788 -0.0140670454
v -0.0220232396 0.02828383 -0.0113757756
f 5830 5832 5831
v -0.00710438035 0.0249093282 -0.0274439255
v -0.00404342463 0.024819409 -0.026940339
v -0.00938830999 0.0253350532 -0.0258967833
f 5833 5835 5834
v -0.013350106 0.0246209791 -0.0281988207
v -0.0141119031 0.0258406944 -0.024083734
v -0.0167188904 0.0246851676 -0.0261041801
f 5836 5838 5837
v -0.0237537315 0.0282837893 -0.00166574318
v -0.0236828331 0.0292414275 0.000845275463
v -0.0247724529 0.0176509959 0.000841957171
f 5839 5841 5840
v 0.00425374383 -0.0133636233 -0.043863614
v 0.00403755766 -0.0156454305 -0.0423925521
v 0.00469041697 -0.016686703 -0.0409359229
f 5842 5844 5843
v 0.00480749295 -0.0171134365 -0.0410184264
v 0.00489520025 -0.0171732012 -0.0410061853
v 0.00468600338 -0.0168640487 -0.0412699999
f 5845 5847 5846
v 0.00468600338 -0.0168640487 -0.0412699999
v 0.00489520025 -0.0171732012 -0.0410061853
v 0.00469041697 -0.016686703 -0.0409359229
f 5848 5850 5849
v 0.00468600338 -0.0168640487 -0.0412699999
v 0.00505973585 -0.0178193906 -0.0407729007
v 0.00480749295 -0.0171134365 -0.0410184264
f 5851 5853 5852
v 0.00468600338 -0.0168640487 -0.0412699999
v 0.00469041697 -0.016686703 -0.0409359229
v 0.00403755766 -0.0156454305 -0.0423925521
f 5854 5856 5855
v 0.00505973585 -0.0178193906 -0.0407729007
v 0.00349598486 -0.0193861822 -0.0411584217
v 0.00468638173 -0.0187758342 -0.0406340725
f 5857 5859 5858
v 0.00458812719 -0.0187680329 -0.0406299776
v 0.00468638173 -0.0187758342 -0.0406340725
v 0.00349598486 -0.0193861822 -0.0411584217
f 5860 5862 5861
v 0.00505973585 -0.0178193906 -0.0407729007
v 0.00132415225 -0.0169649094 -0.0428270258
v 0.00349598486 -0.0193861822 -0.0411584217
f 5863 5865 5864
v 0.00468600338 -0.0168640487 -0.0412699999
v 0.00132415225 -0.0169649094 -0.0428270258
v 0.00505973585 -0.0178193906 -0.0407729007
f 5866 5868 5867
v 0.00588579278 -0.0195971486 -0.035335077
v 0.00469041697 -0.016686703 -0.0409359229
v 0.004774626 -0.0174494198 -0.0404472084
f 5869 5871 5870
v 0.004774626 -0.0174494198 -0.0404472084
v 0.00486360805 -0.0190115796 -0.0400727935
v 0.00588579278 -0.0195971486 -0.035335077
f 5872 5874 5873
v 0.00406882755 -0.00471703534 -0.0465582212
v -2.61316018e-05 -0.00839045751 -0.046579889
v 0.00340436454 -0.00774958025 -0.0462254771
f 5875 5877 5876
v 0.0033936456 -0.0102571976 -0.0455588946
v 0.00340436454 -0.00774958025 -0.0462254771
v -2.61316018e-05 -0.00839045751 -0.046579889
f 5878 5880 5879
v -0.00205592987 -0.00578283871 -0.0469525141
v -0.00153823639 -0.00216847257 -0.047129608
v -0.00748761886 -0.00721259712 -0.0473989261
f 5881 5883 5882
v -0.00748761886 -0.00721259712 -0.0473989261
v -0.00153823639 -0.00216847257 -0.047129608
v -0.00749820465 0.00120639015 -0.0471655338
f 5884 5886 5885
v -0.00749820465 0.00120639015 -0.0471655338
v -0.00915590354 -0.00178698829 -0.0476283254
v -0.00748761886 -0.00721259712 -0.0473989261
f 5887 5889 5888
v -2.61316018e-05 -0.00839045751 -0.046579889
v -0.00205592987 -0.00578283871 -0.0469525141
v -0.00414131682 -0.0083267747 -0.0471055449
f 5890 5892 5891
v -0.00414131682 -0.0083267747 -0.0471055449
v -0.00205592987 -0.00578283871 -0.0469525141
v -0.00748761886 -0.00721259712 -0.0473989261
f 5893 5895 5894
v -0.00244917828 -0.0104226856 -0.0466802623
v -2.61316018e-05 -0.00839045751 -0.046579889
v -0.00414131682 -0.0083267747 -0.0471055449
f 5896 5898 5897
v 0.00392822476 -0.0121143632 -0.0448189559
v -0.000731855107 -0.0134025162 -0.0455774716
v 0.00140585616 -0.01426776 -0.0444642792
f 5899 5901 5900
v 0.0033936456 -0.0102571976 -0.0455588946
v -0.00244917828 -0.0104226856 -0.0466802623
v -0.000731855107 -0.0134025162 -0.0455774716
f 5902 5904 5903
v 0.00140585616 -0.01426776 -0.0444642792
v -0.000731855107 -0.0134025162 -0.0455774716
v -0.00220105685 -0.0164141326 -0.0443093362
f 5905 5907 5906
v 0.00140585616 -0.01426776 -0.0444642792
v -0.00220105685 -0.0164141326 -0.0443093362
v 0.00132415225 -0.0169649094 -0.0428270258
f 5908 5910 5909
v -0.00244917828 -0.0104226856 -0.0466802623
v -0.0111608984 -0.0113986578 -0.0468755548
v -0.0056062534 -0.0132208515 -0.0461711752
f 5911 5913 5912
v -0.0109955807 -0.0140255652 -0.04608444
v -0.00756654554 -0.0165512291 -0.044966978
v -0.0056062534 -0.0132208515 -0.0461711752
f 5914 5916 5915
v -0.0056062534 -0.0132208515 -0.0461711752
v -0.0111608984 -0.0113986578 -0.0468755548
v -0.0109955807 -0.0140255652 -0.04608444
f 5917 5919 5918
v 0.0033936456 -0.0102571976 -0.0455588946
v -0.000731855107 -0.0134025162 -0.0455774716
v 0.00392822476 -0.0121143632 -0.0448189559
f 5920 5922 5921
v -0.00244917828 -0.0104226856 -0.0466802623
v -0.0056062534 -0.0132208515 -0.0461711752
v -0.000731855107 -0.0134025162 -0.0455774716
f 5923 5925 5924
v 0.00463638135 -0.01954943 -0.0403622456
v 0.00349598486 -0.0193861822 -0.0411584217
v 0.00113916249 -0.0210505299 -0.0407150015
f 5926 5928 5927
v 0.00604575907 -0.022834065 -0.0372056937
v 0.00593998266 -0.0215876629 -0.0381086778
v 0.00560515764 -0.0239070214 -0.0366701599
f 5929 5931 5930
v 0.00604575907 -0.022834065 -0.0372056937
v 0.00588579278 -0.0195971486 -0.035335077
v 0.00593998266 -0.0215876629 -0.0381086778
f 5932 5934 5933
v 0.00552287675 -0.0199688788 -0.0393319991
v 0.00463638135 -0.01954943 -0.0403622456
v 0.00113916249 -0.0210505299 -0.0407150015
f 5935 5937 5936
v 0.0052028292 -0.020795106 -0.0384662591
v 0.00147540486 -0.0239655506 -0.038042973
v 0.00593998266 -0.0215876629 -0.0381086778
f 5938 5940 5939
v 0.00272961406 -0.0212696075 -0.0389660912
v 0.00147540486 -0.0239655506 -0.038042973
v 0.0052028292 -0.020795106 -0.0384662591
f 5941 5943 5942
v 0.0052028292 -0.020795106 -0.0384662591
v 0.00113916249 -0.0210505299 -0.0407150015
v 0.00272961406 -0.0212696075 -0.0389660912
f 5944 5946 5945
v 0.00613350712 -0.0255727617 -0.0336955272
v 0.00604575907 -0.022834065 -0.0372056937
v 0.00585589441 -0.0244242343 -0.034938936
f 5947 5949 5948
v 0.00585589441 -0.0244242343 -0.034938936
v 0.00269234079 -0.0250143406 -0.0360882579
v 0.0025367277 -0.0262595131 -0.0339984574
f 5950 5952 5951
v 0.00560515764 -0.0239070214 -0.0366701599
v 0.00593998266 -0.0215876629 -0.0381086778
v 0.00147540486 -0.0239655506 -0.038042973
f 5953 5955 5954
v 0.00269234079 -0.0250143406 -0.0360882579
v 0.00147540486 -0.0239655506 -0.038042973
v -0.000266452844 -0.0249636709 -0.0371081929
f 5956 5958 5957
v 0.00272961406 -0.0212696075 -0.0389660912
v 0.00181005162 -0.0219070396 -0.0394520321
v 0.00147540486 -0.0239655506 -0.038042973
f 5959 5961 5960
v 0.00604575907 -0.022834065 -0.0372056937
v 0.00613350712 -0.0255727617 -0.0336955272
v 0.00610298739 -0.0238662353 -0.0290204567
f 5962 5964 5963
v 0.00588579278 -0.0195971486 -0.035335077
v 0.00604575907 -0.022834065 -0.0372056937
v 0.00610298739 -0.0238662353 -0.0290204567
f 5965 5967 5966
v 0.00627183326 -0.0261322886 -0.0317405415
v 0.00408555934 -0.0262305955 -0.0319944142
v 0.00404023594 -0.0279874366 -0.0306375441
f 5968 5970 5969
v 0.00627183326 -0.0261322886 -0.0317405415
v 0.00404023594 -0.0279874366 -0.0306375441
v 0.00631539879 -0.0272508914 -0.0307564012
f 5971 5973 5972
v 0.00265274939 -0.0265106675 -0.0323327637
v 0.00408555934 -0.0262305955 -0.0319944142
v 0.0025367277 -0.0262595131 -0.0339984574
f 5974 5976 5975
v 0.00610298739 -0.0238662353 -0.0290204567
v 0.00631539879 -0.0272508914 -0.0307564012
v 0.00570813572 -0.0298222236 -0.0292680721
f 5977 5979 5978
v 0.00518236775 -0.0300609798 -0.0297660183
v 0.00582808279 -0.0310168369 -0.029334618
v 0.00570813572 -0.0298222236 -0.0292680721
f 5980 5982 5981
v 0.00563049252 -0.0289495918 -0.0304538931
v 0.00518236775 -0.0300609798 -0.0297660183
v 0.00570813572 -0.0298222236 -0.0292680721
f 5983 5985 5984
v 0.00582808279 -0.0310168369 -0.029334618
v 0.0018525956 -0.0317548343 -0.0288162904
v 0.00552335987 -0.0318746257 -0.0278528401
f 5986 5988 5987
v 0.0025367277 -0.0262595131 -0.0339984574
v 0.000119685865 -0.0258026703 -0.0363520056
v -0.00123960344 -0.0264306902 -0.035436239
f 5989 5991 5990
v 0.00269234079 -0.0250143406 -0.0360882579
v 0.000119685865 -0.0258026703 -0.0363520056
v 0.0025367277 -0.0262595131 -0.0339984574
f 5992 5994 5993
v 0.00563049252 -0.0289495918 -0.0304538931
v 0.0028635819 -0.0294933561 -0.0302078755
v 0.00518236775 -0.0300609798 -0.0297660183
f 5995 5997 5996
v 0.00582808279 -0.0310168369 -0.029334618
v 0.00518236775 -0.0300609798 -0.0297660183
v 0.0028635819 -0.0294933561 -0.0302078755
f 5998 6000 5999
v 0.00404023594 -0.0279874366 -0.0306375441
v 0.00132548666 -0.0285369577 -0.0301330001
v 0.0028635819 -0.0294933561 -0.0302078755
f 6001 6003 6002
v -0.000179858762 -0.0267319178 -0.0326216599
v 0.00265274939 -0.0265106675 -0.0323327637
v 0.0025367277 -0.0262595131 -0.0339984574
f 6004 6006 6005
v 0.00404023594 -0.0279874366 -0.0306375441
v 0.00265274939 -0.0265106675 -0.0323327637
v 0.000874372927 -0.0279453059 -0.0318094593
f 6007 6009 6008
v 0.000874372927 -0.0279453059 -0.0318094593
v -0.000179858762 -0.0267319178 -0.0326216599
v -0.00379235098 -0.0277805171 -0.0322826236
f 6010 6012 6011
v -0.00143536017 -0.0287613686 -0.0302046828
v 0.00132548666 -0.0285369577 -0.0301330001
v -0.00197787267 -0.0283782254 -0.0313501572
f 6013 6015 6014
v 0.00135273658 -0.0301098655 -0.0291933422
v -0.000572469435 -0.0308182323 -0.02787509
v 0.0018525956 -0.0317548343 -0.0288162904
f 6016 6018 6017
v 0.0028635819 -0.0294933561 -0.0302078755
v 0.00135273658 -0.0301098655 -0.0291933422
v 0.0018525956 -0.0317548343 -0.0288162904
f 6019 6021 6020
v 0.00135273658 -0.0301098655 -0.0291933422
v 0.00132548666 -0.0285369577 -0.0301330001
v -0.00143536017 -0.0287613686 -0.0302046828
f 6022 6024 6023
v 0.00135273658 -0.0301098655 -0.0291933422
v -0.00143536017 -0.0287613686 -0.0302046828
v -0.000572469435 -0.0308182323 -0.02787509
f 6025 6027 6026
v -0.000572469435 -0.0308182323 -0.02787509
v -0.00143536017 -0.0287613686 -0.0302046828
v -0.00505130047 -0.0300018961 -0.0286197086
f 6028 6030 6029
v 0.00582808279 -0.0310168369 -0.029334618
v 0.0028635819 -0.0294933561 -0.0302078755
v 0.0018525956 -0.0317548343 -0.0288162904
f 6031 6033 6032
v 0.00132548666 -0.0285369577 -0.0301330001
v 0.00135273658 -0.0301098655 -0.0291933422
v 0.0028635819 -0.0294933561 -0.0302078755
f 6034 6036 6035
v 0.00404023594 -0.0279874366 -0.0306375441
v 0.000874372927 -0.0279453059 -0.0318094593
v 0.00132548666 -0.0285369577 -0.0301330001
f 6037 6039 6038
v 0.000874372927 -0.0279453059 -0.0318094593
v -0.00197787267 -0.0283782254 -0.0313501572
v 0.00132548666 -0.0285369577 -0.0301330001
f 6040 6042 6041
v -0.00482452306 -0.0199016329 -0.0434202375
v -0.000916905992 -0.0195286178 -0.0427134393
v 0.00132415225 -0.0169649094 -0.0428270258
f 6043 6045 6044
v 0.00349598486 -0.0193861822 -0.0411584217
v 0.00132415225 -0.0169649094 -0.0428270258
v -0.000916905992 -0.0195286178 -0.0427134393
f 6046 6048 6047
v 0.00349598486 -0.0193861822 -0.0411584217
v -0.000916905992 -0.0195286178 -0.0427134393
v 0.00113916249 -0.0210505299 -0.0407150015
f 6049 6051 6050
v -0.00220105685 -0.0164141326 -0.0443093362
v -0.00756654554 -0.0165512291 -0.044966978
v -0.00482452306 -0.0199016329 -0.0434202375
f 6052 6054 6053
v -0.00350970586 -0.0217686873 -0.0406562467
v -0.00435665061 -0.0210185492 -0.0422732672
v -0.00606746798 -0.0214818487 -0.0409949309
f 6055 6057 6056
v 0.00113916249 -0.0210505299 -0.0407150015
v -0.000916905992 -0.0195286178 -0.0427134393
v -0.00435665061 -0.0210185492 -0.0422732672
f 6058 6060 6059
v -0.000426812767 -0.0217731955 -0.0400667108
v -0.00435665061 -0.0210185492 -0.0422732672
v -0.00350970586 -0.0217686873 -0.0406562467
f 6061 6063 6062
v -0.0118297146 -0.017954738 -0.0447298633
v -0.0109955807 -0.0140255652 -0.04608444
v -0.0139381154 -0.0154465757 -0.0453357439
f 6064 6066 6065
v -0.0086705586 -0.0193466549 -0.0439440919
v -0.00818864355 -0.0209333943 -0.0424472091
v -0.00435665061 -0.0210185492 -0.0422732672
f 6067 6069 6068
v -0.00818864355 -0.0209333943 -0.0424472091
v -0.0086705586 -0.0193466549 -0.0439440919
v -0.0109598783 -0.0205144956 -0.0426116749
f 6070 6072 6071
v -0.0109598783 -0.0205144956 -0.0426116749
v -0.00606746798 -0.0214818487 -0.0409949309
v -0.00818864355 -0.0209333943 -0.0424472091
f 6073 6075 6074
v -0.0086705586 -0.0193466549 -0.0439440919
v -0.0145263402 -0.0185990633 -0.044081104
v -0.0109598783 -0.0205144956 -0.0426116749
f 6076 6078 6077
v -0.0109598783 -0.0205144956 -0.0426116749
v -0.013026208 -0.0196171546 -0.041232715
v -0.0111543093 -0.019935763 -0.0408406428
f 6079 6081 6080
v -0.0111543093 -0.019935763 -0.0408406428
v -0.00606746798 -0.0214818487 -0.0409949309
v -0.0109598783 -0.0205144956 -0.0426116749
f 6082 6084 6083
v -0.0140735472 -0.0196531561 -0.0429514446
v -0.013026208 -0.0196171546 -0.041232715
v -0.0109598783 -0.0205144956 -0.0426116749
f 6085 6087 6086
v -0.00272802718 -0.0239700035 -0.0399159355
v -0.000266452844 -0.0249636709 -0.0371081929
v 0.00147540486 -0.0239655506 -0.038042973
f 6088 6090 6089
v -0.00272802718 -0.0239700035 -0.0399159355
v -0.00350970586 -0.0217686873 -0.0406562467
v -0.00586204987 -0.0227058597 -0.0400346587
f 6091 6093 6092
v 0.000119685865 -0.0258026703 -0.0363520056
v -0.000266452844 -0.0249636709 -0.0371081929
v -0.00123960344 -0.0264306902 -0.035436239
f 6094 6096 6095
v -0.00123960344 -0.0264306902 -0.035436239
v -0.00445892256 -0.0253760489 -0.0371119328
v -0.00516094296 -0.0260332337 -0.0356858014
f 6097 6099 6098
v -0.00586204987 -0.0227058597 -0.0400346587
v -0.00316924597 -0.0248366327 -0.039007896
v -0.00272802718 -0.0239700035 -0.0399159355
f 6100 6102 6101
v -0.00516094296 -0.0260332337 -0.0356858014
v -0.00642561135 -0.0257688749 -0.0336410769
v -0.00332370691 -0.0263967144 -0.0329320435
f 6103 6105 6104
v -0.00642561135 -0.0257688749 -0.0336410769
v -0.00516094296 -0.0260332337 -0.0356858014
v -0.00870478907 -0.0254781975 -0.0354015705
f 6106 6108 6107
v -0.00525454889 -0.0249164877 -0.0381518417
v -0.00912151008 -0.0242148366 -0.0380513375
v -0.00828746415 -0.0251667079 -0.036570165
f 6109 6111 6110
v -0.00123960344 -0.0264306902 -0.035436239
v -0.00332370691 -0.0263967144 -0.0329320435
v -0.000179858762 -0.0267319178 -0.0326216599
f 6112 6114 6113
v -0.00332370691 -0.0263967144 -0.0329320435
v -0.00642561135 -0.0257688749 -0.0336410769
v -0.00654299947 -0.0270045857 -0.0324795867
f 6115 6117 6116
v -0.0079392732 -0.0258387881 -0.0326915237
v -0.00654299947 -0.0270045857 -0.0324795867
v -0.00642561135 -0.0257688749 -0.0336410769
f 6118 6120 6119
v -0.00806377939 -0.0276535866 -0.0311994809
v -0.00505130047 -0.0300018961 -0.0286197086
v -0.00399396631 -0.0289063843 -0.0298390834
f 6121 6123 6122
v -0.00505130047 -0.0300018961 -0.0286197086
v -0.00755219298 -0.0287101604 -0.0283819798
v -0.00726859798 -0.0298479514 -0.0271466357
f 6124 6126 6125
v -0.00654299947 -0.0270045857 -0.0324795867
v -0.00806377939 -0.0276535866 -0.0311994809
v -0.00606928879 -0.0281228946 -0.0317996892
f 6127 6129 6128
v -0.00974287832 -0.0258229906 -0.0322791602
v -0.00806377939 -0.0276535866 -0.0311994809
v -0.00654299947 -0.0270045857 -0.0324795867
f 6130 6132 6131
v -0.00755219298 -0.0287101604 -0.0283819798
v -0.00806377939 -0.0276535866 -0.0311994809
v -0.0101192745 -0.0281502784 -0.0295797334
f 6133 6135 6134
v -0.0105040897 -0.0273598882 -0.0313590252
v -0.0101192745 -0.0281502784 -0.0295797334
v -0.00806377939 -0.0276535866 -0.0311994809
f 6136 6138 6137
v -0.00755219298 -0.0287101604 -0.0283819798
v -0.00505130047 -0.0300018961 -0.0286197086
v -0.00806377939 -0.0276535866 -0.0311994809
f 6139 6141 6140
v -0.00654299947 -0.0270045857 -0.0324795867
v -0.00379235098 -0.0277805171 -0.0322826236
v -0.00332370691 -0.0263967144 -0.0329320435
f 6142 6144 6143
v -0.00944338899 -0.0224939227 -0.0392065034
v -0.00525454889 -0.0249164877 -0.0381518417
v -0.00586204987 -0.0227058597 -0.0400346587
f 6145 6147 6146
v -0.00930717506 -0.0208135403 -0.0400447083
v -0.0111543093 -0.019935763 -0.0408406428
v -0.0134476199 -0.0214563668 -0.0399118813
f 6148 6150 6149
v -0.0127744366 -0.0248451193 -0.0372066628
v -0.00944338899 -0.0224939227 -0.0392065034
v -0.0141597688 -0.0228978912 -0.0388094079
f 6151 6153 6152
v -0.00870478907 -0.0254781975 -0.0354015705
v -0.0131498688 -0.0254546409 -0.0344040163
v -0.0114328242 -0.0261347857 -0.0324108463
f 6154 6156 6155
v -0.00870478907 -0.0254781975 -0.0354015705
v -0.00828746415 -0.0251667079 -0.036570165
v -0.0127744366 -0.0248451193 -0.0372066628
f 6157 6159 6158
v -0.0141597688 -0.0228978912 -0.0388094079
v -0.017716318 -0.024429732 -0.0372475683
v -0.0127744366 -0.0248451193 -0.0372066628
f 6160 6162 6161
v -0.0127744366 -0.0248451193 -0.0372066628
v -0.017716318 -0.024429732 -0.0372475683
v -0.0160926138 -0.0248752302 -0.0363817031
f 6163 6165 6164
v -0.0160926138 -0.0248752302 -0.0363817031
v -0.0155264119 -0.0256249332 -0.0355660944
v -0.0127744366 -0.0248451193 -0.0372066628
f 6166 6168 6167
v -0.0155264119 -0.0256249332 -0.0355660944
v -0.0131498688 -0.0254546409 -0.0344040163
v -0.0127744366 -0.0248451193 -0.0372066628
f 6169 6171 6170
v -0.00944338899 -0.0224939227 -0.0392065034
v -0.00930717506 -0.0208135403 -0.0400447083
v -0.0134476199 -0.0214563668 -0.0399118813
f 6172 6174 6173
v -0.00912151008 -0.0242148366 -0.0380513375
v -0.0127744366 -0.0248451193 -0.0372066628
v -0.00828746415 -0.0251667079 -0.036570165
f 6175 6177 6176
v -0.0114328242 -0.0261347857 -0.0324108463
v -0.00974287832 -0.0258229906 -0.0322791602
v -0.00870478907 -0.0254781975 -0.0354015705
f 6178 6180 6179
v -0.00974287832 -0.0258229906 -0.0322791602
v -0.0130746339 -0.0267029536 -0.031684112
v -0.0105040897 -0.0273598882 -0.0313590252
f 6181 6183 6182
v -0.0130746339 -0.0267029536 -0.031684112
v -0.0114328242 -0.0261347857 -0.0324108463
v -0.0143835758 -0.0261607231 -0.0327251386
f 6184 6186 6185
v -0.0130746339 -0.0267029536 -0.031684112
v -0.0143835758 -0.0261607231 -0.0327251386
v -0.0150307926 -0.02693797 -0.0319634681
f 6187 6189 6188
v -0.0130746339 -0.0267029536 -0.031684112
v -0.0150307926 -0.02693797 -0.0319634681
v -0.0139900134 -0.0286077557 -0.0309690513
f 6190 6192 6191
v -0.0131498688 -0.0254546409 -0.0344040163
v -0.0155264119 -0.0256249332 -0.0355660944
v -0.0143835758 -0.0261607231 -0.0327251386
f 6193 6195 6194
v -0.000266452844 -0.0249636709 -0.0371081929
v -0.00272802718 -0.0239700035 -0.0399159355
v -0.00316924597 -0.0248366327 -0.039007896
f 6196 6198 6197
v -0.00586204987 -0.0227058597 -0.0400346587
v -0.00930717506 -0.0208135403 -0.0400447083
v -0.00944338899 -0.0224939227 -0.0392065034
f 6199 6201 6200
v -0.00944338899 -0.0224939227 -0.0392065034
v -0.00912151008 -0.0242148366 -0.0380513375
v -0.00525454889 -0.0249164877 -0.0381518417
f 6202 6204 6203
v -0.00381835125 -0.0260941568 -0.0341385254
v -0.00516094296 -0.0260332337 -0.0356858014
v -0.00332370691 -0.0263967144 -0.0329320435
f 6205 6207 6206
v -0.0178243063 -0.0262254442 -0.0338544225
v -0.0143835758 -0.0261607231 -0.0327251386
v -0.0155264119 -0.0256249332 -0.0355660944
f 6208 6210 6209
v 0.00486360805 -0.0190115796 -0.0400727935
v 0.00463638135 -0.01954943 -0.0403622456
v 0.00552287675 -0.0199688788 -0.0393319991
f 6211 6213 6212
v -0.00220105685 -0.0164141326 -0.0443093362
v -0.00482452306 -0.0199016329 -0.0434202375
v 0.00132415225 -0.0169649094 -0.0428270258
f 6214 6216 6215
v 0.00403755766 -0.0156454305 -0.0423925521
v 0.00425374383 -0.0133636233 -0.043863614
v 0.00140585616 -0.01426776 -0.0444642792
f 6217 6219 6218
v 0.00486360805 -0.0190115796 -0.0400727935
v 0.00458812719 -0.0187680329 -0.0406299776
v 0.00468638173 -0.0187758342 -0.0406340725
f 6220 6222 6221
v 0.00505973585 -0.0178193906 -0.0407729007
v 0.00486360805 -0.0190115796 -0.0400727935
v 0.004774626 -0.0174494198 -0.0404472084
f 6223 6225 6224
v -0.00606746798 -0.0214818487 -0.0409949309
v -0.00586204987 -0.0227058597 -0.0400346587
v -0.00350970586 -0.0217686873 -0.0406562467
f 6226 6228 6227
v 0.00738751842 -0.0136981369 -0.027619832
v 0.00610298739 -0.0238662353 -0.0290204567
v 0.00723194971 -0.0232582635 -0.0132192916
f 6229 6231 6230
v 0.00738751842 -0.0136981369 -0.027619832
v 0.00723194971 -0.0232582635 -0.0132192916
v 0.00805287564 -0.0159152871 -0.00940659811
f 6232 6234 6233
v 0.00775716326 -0.0213414067 -0.00324391476
v 0.00816872634 -0.01675206 0.000844883925
v 0.00805287564 -0.0159152871 -0.00940659811
f 6235 6237 6236
v 0.00805287564 -0.0159152871 -0.00940659811
v 0.00723194971 -0.0232582635 -0.0132192916
v 0.00775716326 -0.0213414067 -0.00324391476
f 6238 6240 6239
v 0.00817999244 -0.00462794669 -0.0122617188
v 0.00805287564 -0.0159152871 -0.00940659811
v 0.00760273397 -0.00589688716 0.000851882578
f 6241 6243 6242
v 0.00805287564 -0.0159152871 -0.00940659811
v 0.00816872634 -0.01675206 0.000844883925
v 0.00760273397 -0.00589688716 0.000851882578
f 6244 6246 6245
v 0.00610298739 -0.0238662353 -0.0290204567
v 0.00570813572 -0.0298222236 -0.0292680721
v 0.00640969956 -0.0284996378 -0.0181634241
f 6247 6249 6248
v 0.00723194971 -0.0232582635 -0.0132192916
v 0.00610298739 -0.0238662353 -0.0290204567
v 0.00640969956 -0.0284996378 -0.0181634241
f 6250 6252 6251
v 0.00568242249 -0.0317136117 -0.0258894026
v 0.00584155205 -0.0304847781 -0.0253337086
v 0.00552335987 -0.0318746257 -0.0278528401
f 6253 6255 6254
v 0.00584155205 -0.0304847781 -0.0253337086
v 0.0035492907 -0.0308274233 -0.0219863854
v 0.00600730127 -0.0306300353 -0.0212275918
f 6256 6258 6257
v 0.00640969956 -0.0284996378 -0.0181634241
v 0.00584155205 -0.0304847781 -0.0253337086
v 0.00600730127 -0.0306300353 -0.0212275918
f 6259 6261 6260
v 0.00329562899 -0.0326620764 -0.025891792
v 0.00479389855 -0.0307665963 -0.0246723474
v 0.00568242249 -0.0317136117 -0.0258894026
f 6262 6264 6263
v 0.00479389855 -0.0307665963 -0.0246723474
v 0.00584155205 -0.0304847781 -0.0253337086
v 0.00568242249 -0.0317136117 -0.0258894026
f 6265 6267 6266
v 0.00535286817 -0.0310986012 -0.0179999479
v 0.00545309013 -0.0315532146 -0.0167154605
v 0.00640969956 -0.0284996378 -0.0181634241
f 6268 6270 6269
v 0.00658267527 -0.0326082809 -0.0143325116
v 0.00668678695 -0.030502287 -0.0145785729
v 0.00612303702 -0.0320830732 -0.0153960922
f 6271 6273 6272
v 0.00640969956 -0.0284996378 -0.0181634241
v 0.00545309013 -0.0315532146 -0.0167154605
v 0.00668678695 -0.030502287 -0.0145785729
f 6274 6276 6275
v 0.00658267527 -0.0326082809 -0.0143325116
v 0.00612303702 -0.0320830732 -0.0153960922
v 0.00347574314 -0.0333296979 -0.0145208178
f 6277 6279 6278
v 0.00476655259 -0.0316425459 -0.0157754694
v 0.00612303702 -0.0320830732 -0.0153960922
v 0.00545309013 -0.0315532146 -0.0167154605
f 6280 6282 6281
v 0.00476655259 -0.0316425459 -0.0157754694
v 0.00545309013 -0.0315532146 -0.0167154605
v 0.0043641805 -0.0309610856 -0.0169729363
f 6283 6285 6284
v 0.0020168809 -0.0331387622 -0.0266743125
v 0.000401379657 -0.0337518868 -0.0241386908
v 0.00329562899 -0.0326620764 -0.025891792
f 6286 6288 6287
v 0.00329562899 -0.0326620764 -0.025891792
v 0.00189050334 -0.0330426556 -0.0232582795
v 0.00251440215 -0.0318109407 -0.0229316865
f 6289 6291 6290
v -0.00108795648 -0.0318085717 -0.0264680886
v -0.000572469435 -0.0308182323 -0.02787509
v -0.00462888638 -0.0307622977 -0.0264993345
f 6292 6294 6293
v -0.00462888638 -0.0307622977 -0.0264993345
v -0.00377470933 -0.0311458658 -0.0256218889
v -0.00108795648 -0.0318085717 -0.0264680886
f 6295 6297 6296
v -0.00377470933 -0.0311458658 -0.0256218889
v -0.00240510853 -0.031658489 -0.0254633953
v -0.00108795648 -0.0318085717 -0.0264680886
f 6298 6300 6299
v 0.0043641805 -0.0309610856 -0.0169729363
v 0.000228838326 -0.0324884371 -0.0173695473
v 0.00174699308 -0.0327277463 -0.0158356619
f 6301 6303 6302
v 0.0043641805 -0.0309610856 -0.0169729363
v 0.00174699308 -0.0327277463 -0.0158356619
v 0.00476655259 -0.0316425459 -0.0157754694
f 6304 6306 6305
v 0.000228838326 -0.0324884371 -0.0173695473
v 0.0043641805 -0.0309610856 -0.0169729363
v 6.241753e-05 -0.0320542837 -0.0192723557
f 6307 6309 6308
v 0.00775716326 -0.0213414067 -0.00324391476
v 0.00723194971 -0.0232582635 -0.0132192916
v 0.00655675685 -0.0288921612 -0.00491234387
f 6310 6312 6311
v 0.0063286323 -0.0320197461 -0.0106591957
v 0.00668678695 -0.030502287 -0.0145785729
v 0.00639921345 -0.0325360743 -0.0121726487
f 6313 6315 6314
v 0.00655675685 -0.0288921612 -0.00491234387
v 0.0063286323 -0.0320197461 -0.0106591957
v 0.00584689114 -0.03406498 -0.00873410681
f 6316 6318 6317
v 0.00214778265 -0.0335592165 -0.0130439003
v 0.00271734752 -0.0329028117 -0.0126957035
v 0.00658267527 -0.0326082809 -0.0143325116
f 6319 6321 6320
v 0.00629312854 -0.0325960078 -0.0115848954
v 0.00626839319 -0.0323891058 -0.0119394033
v 0.00626529654 -0.0324206077 -0.0115782525
f 6322 6324 6323
v 0.00271734752 -0.0329028117 -0.0126957035
v 0.00595766032 -0.0323895365 -0.0123575723
v 0.00658267527 -0.0326082809 -0.0143325116
f 6325 6327 6326
v 0.00469711085 -0.0315845624 -0.0109973909
v 0.00609738054 -0.0323875749 -0.0108194028
v 0.00595766032 -0.0323895365 -0.0123575723
f 6328 6330 6329
v 0.00626839319 -0.0323891058 -0.0119394033
v 0.00627130939 -0.0323359098 -0.0123385646
v 0.00595766032 -0.0323895365 -0.0123575723
f 6331 6333 6332
v 0.00639921345 -0.0325360743 -0.0121726487
v 0.00626529654 -0.0324206077 -0.0115782525
v 0.00626839319 -0.0323891058 -0.0119394033
f 6334 6336 6335
v 0.00629312854 -0.0325960078 -0.0115848954
v 0.00626529654 -0.0324206077 -0.0115782525
v 0.00639921345 -0.0325360743 -0.0121726487
f 6337 6339 6338
v 0.00626839319 -0.0323891058 -0.0119394033
v 0.00627130939 -0.0323359098 -0.0123385646
v 0.00639921345 -0.0325360743 -0.0121726487
f 6340 6342 6341
v 0.00595766032 -0.0323895365 -0.0123575723
v 0.00639921345 -0.0325360743 -0.0121726487
v 0.00658267527 -0.0326082809 -0.0143325116
f 6343 6345 6344
v 0.00664647232 -0.0339948543 -0.0108476299
v 0.00584689114 -0.03406498 -0.00873410681
v 0.00627566478 -0.0332526251 -0.0109628381
f 6346 6348 6347
v 0.00584689114 -0.03406498 -0.00873410681
v 0.00664647232 -0.0339948543 -0.0108476299
v 0.0052292482 -0.0353215524 -0.0105598658
f 6349 6351 6350
v 0.00639921345 -0.0325360743 -0.0121726487
v 0.00627130939 -0.0323359098 -0.0123385646
v 0.0063286323 -0.0320197461 -0.0106591957
f 6352 6354 6353
v 0.00626839319 -0.0323891058 -0.0119394033
v 0.00626529654 -0.0324206077 -0.0115782525
v 0.0063286323 -0.0320197461 -0.0106591957
f 6355 6357 6356
v 0.0063286323 -0.0320197461 -0.0106591957
v 0.00627130939 -0.0323359098 -0.0123385646
v 0.00626839319 -0.0323891058 -0.0119394033
f 6358 6360 6359
v 0.00328818714 -0.0308366434 -0.0105150473
v 0.00469711085 -0.0315845624 -0.0109973909
v 0.00248813158 -0.0303931913 -0.0111391157
f 6361 6363 6362
v 0.00248813158 -0.0303931913 -0.0111391157
v 0.00191604049 -0.030112997 -0.0105729894
v 0.00328818714 -0.0308366434 -0.0105150473
f 6364 6366 6365
v 0.00248813158 -0.0303931913 -0.0111391157
v -3.99719283e-05 -0.0288849813 -0.00926162029
v 0.00191604049 -0.030112997 -0.0105729894
f 6367 6369 6368
v 0.000148287654 -0.0299798179 -0.011821626
v -0.00252074933 -0.0292721728 -0.00978341413
v -3.99719283e-05 -0.0288849813 -0.00926162029
f 6370 6372 6371
v -3.99719283e-05 -0.0288849813 -0.00926162029
v -0.00252074933 -0.0292721728 -0.00978341413
v -0.00412226145 -0.0298463739 -0.00948691086
f 6373 6375 6374
v 0.00271734752 -0.0329028117 -0.0126957035
v 0.000148287654 -0.0299798179 -0.011821626
v 0.00248813158 -0.0303931913 -0.0111391157
f 6376 6378 6377
v 0.00347574314 -0.0333296979 -0.0145208178
v 0.00214778265 -0.0335592165 -0.0130439003
v 0.00658267527 -0.0326082809 -0.0143325116
f 6379 6381 6380
v 0.00627566478 -0.0332526251 -0.0109628381
v 0.00328818714 -0.0308366434 -0.0105150473
v 0.00369187619 -0.0334356446 -0.0114186274
f 6382 6384 6383
v 0.00369187619 -0.0334356446 -0.0114186274
v 0.00142418285 -0.034132367 -0.0107971842
v 0.0017084014 -0.0348767469 -0.0106255444
f 6385 6387 6386
v -0.00303072193 -0.0324701541 -0.0134321235
v -0.00097034499 -0.030867802 -0.0128971253
v 0.00271734752 -0.0329028117 -0.0126957035
f 6388 6390 6389
v 3.33428034e-05 -0.0327854475 -0.00794407024
v -5.95478923e-05 -0.0342400628 -0.00845655668
v 0.000873154204 -0.0311171112 -0.00966148
f 6391 6393 6392
v 0.00609738054 -0.0323875749 -0.0108194028
v 0.00469711085 -0.0315845624 -0.0109973909
v 0.00328818714 -0.0308366434 -0.0105150473
f 6394 6396 6395
v 0.000903604814 -0.0297436985 -0.00889437142
v 0.000873154204 -0.0311171112 -0.00966148
v 0.00191604049 -0.030112997 -0.0105729894
f 6397 6399 6398
v 0.00191604049 -0.030112997 -0.0105729894
v 0.000873154204 -0.0311171112 -0.00966148
v 0.00174564921 -0.032014848 -0.0102261423
f 6400 6402 6401
v 0.000873154204 -0.0311171112 -0.00966148
v -5.95478923e-05 -0.0342400628 -0.00845655668
v 0.00174564921 -0.032014848 -0.0102261423
f 6403 6405 6404
v 3.33428034e-05 -0.0327854475 -0.00794407024
v 0.000903604814 -0.0297436985 -0.00889437142
v 0.000505072967 -0.0314901728 -0.00664167383
f 6406 6408 6407
v 0.000259028457 -0.0305910129 -0.00650574511
v -0.00247817043 -0.0302096334 -0.00740276446
v 0.000505072967 -0.0314901728 -0.00664167383
f 6409 6411 6410
v 0.000876498962 -0.0338180456 -0.00488013757
v 0.00137388852 -0.0341740873 -0.00470130835
v 0.00101445039 -0.0330678187 -0.00581417225
f 6412 6414 6413
v 0.00271734752 -0.0329028117 -0.0126957035
v 0.00469711085 -0.0315845624 -0.0109973909
v 0.00595766032 -0.0323895365 -0.0123575723
f 6415 6417 6416
v -3.99719283e-05 -0.0288849813 -0.00926162029
v -0.00412226145 -0.0298463739 -0.00948691086
v -0.00247817043 -0.0302096334 -0.00740276446
f 6418 6420 6419
v -0.00676116179 -0.0298200117 -0.0106693682
v -0.00356103083 -0.0299309148 -0.0129979016
v -0.00528696037 -0.0301922671 -0.0133976704
f 6421 6423 6422
v -0.00252074933 -0.0292721728 -0.00978341413
v -0.00676116179 -0.0298200117 -0.0106693682
v -0.00412226145 -0.0298463739 -0.00948691086
f 6424 6426 6425
v -0.0101945989 -0.0296914513 -0.00930684764
v -0.00842139998 -0.0301758526 -0.00864413742
v -0.00546107149 -0.030385633 -0.00799017798
f 6427 6429 6428
v -0.00528696037 -0.0301922671 -0.0133976704
v -0.0072018127 -0.0309121679 -0.0147314626
v -0.00812352664 -0.030047592 -0.014131928
f 6430 6432 6431
v -0.00676116179 -0.0298200117 -0.0106693682
v -0.00546107149 -0.030385633 -0.00799017798
v -0.00412226145 -0.0298463739 -0.00948691086
f 6433 6435 6434
v -0.00252074933 -0.0292721728 -0.00978341413
v -0.00356103083 -0.0299309148 -0.0129979016
v -0.00676116179 -0.0298200117 -0.0106693682
f 6436 6438 6437
v -0.0139900134 -0.0286077557 -0.0309690513
v -0.0121758363 -0.0294282043 -0.0291730423
v -0.0101192745 -0.0281502784 -0.0295797334
f 6439 6441 6440
v -0.0139900134 -0.0286077557 -0.0309690513
v -0.0151200045 -0.0296531129 -0.0298802042
v -0.0121758363 -0.0294282043 -0.0291730423
f 6442 6444 6443
v 0.000301090768 -0.0330030773 -0.0261879264
v 0.000401379657 -0.0337518868 -0.0241386908
v 0.0020168809 -0.0331387622 -0.0266743125
f 6445 6447 6446
v -0.00377470933 -0.0311458658 -0.0256218889
v -0.00474902554 -0.0311145559 -0.0247849908
v -0.00240510853 -0.031658489 -0.0254633953
f 6448 6450 6449
v -0.00240510853 -0.031658489 -0.0254633953
v -0.00474902554 -0.0311145559 -0.0247849908
v -0.00220473121 -0.0331139687 -0.0251606893
f 6451 6453 6452
v -0.00474902554 -0.0311145559 -0.0247849908
v -0.00525907672 -0.0324122317 -0.0241399859
v -0.00220473121 -0.0331139687 -0.0251606893
f 6454 6456 6455
v -0.00240510853 -0.031658489 -0.0254633953
v -0.00220473121 -0.0331139687 -0.0251606893
v -0.00108795648 -0.0318085717 -0.0264680886
f 6457 6459 6458
v -0.00297823863 -0.0340424216 -0.0236453256
v -0.000294821803 -0.0333614415 -0.0223270603
v 0.000401379657 -0.0337518868 -0.0241386908
f 6460 6462 6461
v -0.00198989765 -0.0341034582 -0.0165382735
v 0.00029683506 -0.033609214 -0.0147878716
v 0.00174699308 -0.0327277463 -0.0158356619
f 6463 6465 6464
v -0.000294821803 -0.0333614415 -0.0223270603
v -0.00187440128 -0.0343244261 -0.0222195216
v -0.00274528356 -0.034071051 -0.0191754705
f 6466 6468 6467
v -0.00187440128 -0.0343244261 -0.0222195216
v -0.00453094326 -0.0349059643 -0.0195139481
v -0.00274528356 -0.034071051 -0.0191754705
f 6469 6471 6470
v -0.00198989765 -0.0341034582 -0.0165382735
v -0.00206396653 -0.034213849 -0.0152271299
v 0.00029683506 -0.033609214 -0.0147878716
f 6472 6474 6473
v -0.00274528356 -0.034071051 -0.0191754705
v -0.00588466137 -0.0358208141 -0.0185550147
v -0.00445693913 -0.0348924048 -0.0166139216
f 6475 6477 6476
v 0.00519584719 -0.0352265197 -0.00864897302
v 0.00478627771 -0.0373006973 -0.00795050291
v 0.00563374488 -0.0368841866 -0.00786469027
f 6478 6480 6479
v 0.0017084014 -0.0348767469 -0.0106255444
v 0.00383280785 -0.0353774696 -0.00942308761
v 0.0052292482 -0.0353215524 -0.0105598658
f 6481 6483 6482
v 0.00563374488 -0.0368841866 -0.00786469027
v 0.0049232156 -0.0387704786 -0.00589482406
v 0.00537986489 -0.0383470731 -0.00582467874
f 6484 6486 6485
v 0.00478627771 -0.0373006973 -0.00795050291
v 0.00249324949 -0.0368894747 -0.00834584862
v 0.00222607923 -0.0391222304 -0.00606923459
f 6487 6489 6488
v 0.00515144784 -0.0359191763 -0.00321477091
v 0.00563374488 -0.0368841866 -0.00786469027
v 0.00537986489 -0.0383470731 -0.00582467874
f 6490 6492 6491
v 0.00515144784 -0.0359191763 -0.00321477091
v 0.00537986489 -0.0383470731 -0.00582467874
v 0.00447998245 -0.0391290407 -0.0016598322
f 6493 6495 6494
v 0.00548704702 -0.0394545175 -0.00368803412
v 0.00447998245 -0.0391290407 -0.0016598322
v 0.00531517435 -0.0391289417 -0.00437340859
f 6496 6498 6497
v 0.0049232156 -0.0387704786 -0.00589482406
v 0.00478627771 -0.0373006973 -0.00795050291
v 0.00222607923 -0.0391222304 -0.00606923459
f 6499 6501 6500
v 0.00537986489 -0.0383470731 -0.00582467874
v 0.00531517435 -0.0391289417 -0.00437340859
v 0.00447998245 -0.0391290407 -0.0016598322
f 6502 6504 6503
v 0.00222607923 -0.0391222304 -0.00606923459
v 0.00249324949 -0.0368894747 -0.00834584862
v 0.00115516305 -0.0373994437 -0.00752798587
f 6505 6507 6506
v -0.000625489338 -0.0333667791 -0.0137270108
v 0.00214778265 -0.0335592165 -0.0130439003
v 0.00029683506 -0.033609214 -0.0147878716
f 6508 6510 6509
v -5.95478923e-05 -0.0342400628 -0.00845655668
v 0.000125438964 -0.0362371444 -0.00740993928
v 0.0017084014 -0.0348767469 -0.0106255444
f 6511 6513 6512
v 0.00249324949 -0.0368894747 -0.00834584862
v 0.0017084014 -0.0348767469 -0.0106255444
v 0.00115516305 -0.0373994437 -0.00752798587
f 6514 6516 6515
v -0.00206396653 -0.034213849 -0.0152271299
v -0.00237243039 -0.0335355027 -0.0138227231
v -0.000625489338 -0.0333667791 -0.0137270108
f 6517 6519 6518
v 0.000880432344 -0.0359918369 -0.0031562111
v 0.00043479813 -0.0354663207 -0.00360047743
v -0.00323173699 -0.037309344 -0.00328135102
f 6520 6522 6521
v 0.00121357371 -0.0352500414 -0.00386565334
v 0.00139051408 -0.0352775882 -0.00384321538
v 0.00103544517 -0.0355673226 -0.00372802206
f 6523 6525 6524
v 0.0019512554 -0.0344757515 -0.00416487455
v 0.00121357371 -0.0352500414 -0.00386565334
v 0.00139051408 -0.0352775882 -0.00384321538
f 6526 6528 6527
v 0.00043479813 -0.0354663207 -0.00360047743
v 0.000880432344 -0.0359918369 -0.0031562111
v 0.000774729415 -0.0358441495 -0.0035627887
f 6529 6531 6530
v 0.000880432344 -0.0359918369 -0.0031562111
v 0.00121092526 -0.0356227916 -0.0035107445
v 0.000954812276 -0.0356121775 -0.0035420846
f 6532 6534 6533
v 0.00015359692 -0.0369468209 -0.003872261
v 0.00121092526 -0.0356227916 -0.0035107445
v 0.000880432344 -0.0359918369 -0.0031562111
f 6535 6537 6536
v 0.000133440335 -0.037775049 -0.0063650441
v 0.000170327257 -0.0382399157 -0.00427293235
v 0.00222607923 -0.0391222304 -0.00606923459
f 6538 6540 6539
v -9.66872904e-05 -0.037927847 -0.00247776916
v 0.000170327257 -0.0382399157 -0.00427293235
v 0.00015359692 -0.0369468209 -0.003872261
f 6541 6543 6542
v -0.000207145058 -0.0393567723 -0.000769858616
v 0.000170327257 -0.0382399157 -0.00427293235
v -9.66872904e-05 -0.037927847 -0.00247776916
f 6544 6546 6545
v -0.00323173699 -0.037309344 -0.00328135102
v -0.00520291032 -0.038896795 -0.00250636331
v -0.00284602174 -0.0390911533 -0.00131292827
f 6547 6549 6548
v -0.00323173699 -0.037309344 -0.00328135102
v -0.00667785207 -0.0377216202 -0.00321758125
v -0.00520291032 -0.038896795 -0.00250636331
f 6550 6552 6551
v -0.00323173699 -0.037309344 -0.00328135102
v -0.00485302226 -0.0356573961 -0.00461106465
v -0.00667785207 -0.0377216202 -0.00321758125
f 6553 6555 6554
v 0.000133440335 -0.037775049 -0.0063650441
v 0.000125438964 -0.0362371444 -0.00740993928
v 0.00015359692 -0.0369468209 -0.003872261
f 6556 6558 6557
v 0.000170327257 -0.0382399157 -0.00427293235
v 0.000622140942 -0.0407061656 -0.00203894524
v 0.00222607923 -0.0391222304 -0.00606923459
f 6559 6561 6560
v 0.000125438964 -0.0362371444 -0.00740993928
v 0.00115516305 -0.0373994437 -0.00752798587
v 0.0017084014 -0.0348767469 -0.0106255444
f 6562 6564 6563
v -0.00462888638 -0.0307622977 -0.0264993345
v -0.00690422457 -0.0307265582 -0.023792329
v -0.00474902554 -0.0311145559 -0.0247849908
f 6565 6567 6566
v -0.00690422457 -0.0307265582 -0.023792329
v -0.00462888638 -0.0307622977 -0.0264993345
v -0.00771718405 -0.0307449518 -0.0253084319
f 6568 6570 6569
v -0.00462888638 -0.0307622977 -0.0264993345
v -0.00474902554 -0.0311145559 -0.0247849908
v -0.00377470933 -0.0311458658 -0.0256218889
f 6571 6573 6572
v -0.00801703718 -0.0320202555 -0.0219865731
v -0.00560056433 -0.0337766483 -0.0227898898
v -0.00525907672 -0.0324122317 -0.0241399859
f 6574 6576 6575
v -0.00560056433 -0.0337766483 -0.0227898898
v -0.00297823863 -0.0340424216 -0.0236453256
v -0.00525907672 -0.0324122317 -0.0241399859
f 6577 6579 6578
v -0.00801703718 -0.0320202555 -0.0219865731
v -0.00768256068 -0.0339783641 -0.0217594512
v -0.00560056433 -0.0337766483 -0.0227898898
f 6580 6582 6581
v -0.00771718405 -0.0307449518 -0.0253084319
v -0.00726859798 -0.0298479514 -0.0271466357
v -0.0083637271 -0.0300164858 -0.0257509411
f 6583 6585 6584
v -0.0102774531 -0.0304642657 -0.025031736
v -0.00771718405 -0.0307449518 -0.0253084319
v -0.0083637271 -0.0300164858 -0.0257509411
f 6586 6588 6587
v -0.00726859798 -0.0298479514 -0.0271466357
v -0.0100049889 -0.0301033899 -0.0264913979
v -0.0083637271 -0.0300164858 -0.0257509411
f 6589 6591 6590
v -0.00981784979 -0.0304499175 -0.0227041557
v -0.00857723207 -0.0300963118 -0.0242014969
v -0.0110604218 -0.0304702146 -0.0232759136
f 6592 6594 6593
v -0.00768256068 -0.0339783641 -0.0217594512
v -0.00801703718 -0.0320202555 -0.0219865731
v -0.0112941125 -0.0330695184 -0.0220430054
f 6595 6597 6596
v -0.0072018127 -0.0309121679 -0.0147314626
v -0.0060987637 -0.0333547156 -0.0148457199
v -0.00838818669 -0.0324810215 -0.0160126758
f 6598 6600 6599
v -0.00838818669 -0.0324810215 -0.0160126758
v -0.00812352664 -0.030047592 -0.014131928
v -0.0072018127 -0.0309121679 -0.0147314626
f 6601 6603 6602
v -0.00838818669 -0.0324810215 -0.0160126758
v -0.01093713 -0.0313067896 -0.015721134
v -0.00812352664 -0.030047592 -0.014131928
f 6604 6606 6605
v -0.00527890006 -0.0347814697 -0.0212185638
v -0.00588466137 -0.0358208141 -0.0185550147
v -0.00453094326 -0.0349059643 -0.0195139481
f 6607 6609 6608
v -0.00588466137 -0.0358208141 -0.0185550147
v -0.00752415217 -0.0353808719 -0.0170775267
v -0.00445693913 -0.0348924048 -0.0166139216
f 6610 6612 6611
v -0.0135811191 -0.0337910256 -0.0215777472
v -0.00926325301 -0.0359283673 -0.0199318558
v -0.0106024861 -0.0349545007 -0.0210412298
f 6613 6615 6614
v -0.00752415217 -0.0353808719 -0.0170775267
v -0.0102911676 -0.0351033756 -0.0179730909
v -0.00838818669 -0.0324810215 -0.0160126758
f 6616 6618 6617
v -0.0136693736 -0.0332964439 -0.0164537647
v -0.01093713 -0.0313067896 -0.015721134
v -0.0102911676 -0.0351033756 -0.0179730909
f 6619 6621 6620
v -0.0060987637 -0.0333547156 -0.0148457199
v -0.00752415217 -0.0353808719 -0.0170775267
v -0.00838818669 -0.0324810215 -0.0160126758
f 6622 6624 6623
v -0.0102911676 -0.0351033756 -0.0179730909
v -0.00752415217 -0.0353808719 -0.0170775267
v -0.00956893491 -0.0359587197 -0.0189497616
f 6625 6627 6626
v -0.0127933657 -0.0356288161 -0.0190835679
v -0.0139947893 -0.0347657216 -0.0171944936
v -0.0102911676 -0.0351033756 -0.0179730909
f 6628 6630 6629
v -0.0125973995 -0.0303865585 -0.026257048
v -0.0100049889 -0.0301033899 -0.0264913979
v -0.0121758363 -0.0294282043 -0.0291730423
f 6631 6633 6632
v -0.0100049889 -0.0301033899 -0.0264913979
v -0.0125973995 -0.0303865585 -0.026257048
v -0.0102774531 -0.0304642657 -0.025031736
f 6634 6636 6635
v -0.0121758363 -0.0294282043 -0.0291730423
v -0.0143307931 -0.0299544889 -0.0283080415
v -0.0125973995 -0.0303865585 -0.026257048
f 6637 6639 6638
v -0.0150562468 -0.0300461252 -0.0263628899
v -0.0125973995 -0.0303865585 -0.026257048
v -0.0143307931 -0.0299544889 -0.0283080415
f 6640 6642 6641
v -0.0110604218 -0.0304702146 -0.0232759136
v -0.0102774531 -0.0304642657 -0.025031736
v -0.0125973995 -0.0303865585 -0.026257048
f 6643 6645 6644
v -0.0109425535 -0.0314527133 -0.0218342611
v -0.0151850734 -0.0303205161 -0.0230330683
v -0.0150575157 -0.0312335847 -0.0216842891
f 6646 6648 6647
v -0.0109425535 -0.0314527133 -0.0218342611
v -0.0110604218 -0.0304702146 -0.0232759136
v -0.0151850734 -0.0303205161 -0.0230330683
f 6649 6651 6650
v -0.0173471752 -0.0302043336 -0.0284298498
v -0.0150562468 -0.0300461252 -0.0263628899
v -0.0143307931 -0.0299544889 -0.0283080415
f 6652 6654 6653
v -0.0150575157 -0.0312335847 -0.0216842891
v -0.0151850734 -0.0303205161 -0.0230330683
v -0.0165542267 -0.0307146867 -0.0220820642
f 6655 6657 6656
v -0.0150575157 -0.0312335847 -0.0216842891
v -0.0168723607 -0.032932678 -0.0215702181
v -0.0135811191 -0.0337910256 -0.0215777472
f 6658 6660 6659
v -0.0165691337 -0.0345357519 -0.0206217781
v -0.0137282477 -0.0353810377 -0.0201457224
v -0.0135811191 -0.0337910256 -0.0215777472
f 6661 6663 6662
v -0.0135811191 -0.0337910256 -0.0215777472
v -0.0168723607 -0.032932678 -0.0215702181
v -0.0165691337 -0.0345357519 -0.0206217781
f 6664 6666 6665
v -0.0136693736 -0.0332964439 -0.0164537647
v -0.0177034133 -0.0331659947 -0.015982904
v -0.0152547422 -0.0315124344 -0.0152834822
f 6667 6669 6668
v -0.0181004114 -0.0315657875 -0.0184825432
v -0.0168744562 -0.0314472622 -0.0213571431
v -0.0177794573 -0.0309793511 -0.0211663835
f 6670 6672 6671
v -0.0168723607 -0.032932678 -0.0215702181
v -0.016960327 -0.0344134256 -0.0189314393
v -0.0165691337 -0.0345357519 -0.0206217781
f 6673 6675 6674
v -0.0181004114 -0.0315657875 -0.0184825432
v -0.016960327 -0.0344134256 -0.0189314393
v -0.0168723607 -0.032932678 -0.0215702181
f 6676 6678 6677
v -0.0177034133 -0.0331659947 -0.015982904
v -0.016960327 -0.0344134256 -0.0189314393
v -0.0181004114 -0.0315657875 -0.0184825432
f 6679 6681 6680
v -0.0181467243 -0.0321387895 -0.0144197969
v -0.0177034133 -0.0331659947 -0.015982904
v -0.0181004114 -0.0315657875 -0.0184825432
f 6682 6684 6683
v -0.0127933657 -0.0356288161 -0.0190835679
v -0.0137282477 -0.0353810377 -0.0201457224
v -0.0163298275 -0.0355595432 -0.0196459776
f 6685 6687 6686
v -0.0139947893 -0.0347657216 -0.0171944936
v -0.0127933657 -0.0356288161 -0.0190835679
v -0.0172427332 -0.0355588883 -0.0183847515
f 6688 6690 6689
v -0.0172427332 -0.0355588883 -0.0183847515
v -0.0171449879 -0.034584626 -0.0170180996
v -0.0139947893 -0.0347657216 -0.0171944936
f 6691 6693 6692
v -0.0172427332 -0.0355588883 -0.0183847515
v -0.0163298275 -0.0355595432 -0.0196459776
v -0.016960327 -0.0344134256 -0.0189314393
f 6694 6696 6695
v -0.016960327 -0.0344134256 -0.0189314393
v -0.0163298275 -0.0355595432 -0.0196459776
v -0.0165691337 -0.0345357519 -0.0206217781
f 6697 6699 6698
v -0.0127933657 -0.0356288161 -0.0190835679
v -0.0102911676 -0.0351033756 -0.0179730909
v -0.00956893491 -0.0359587197 -0.0189497616
f 6700 6702 6701
v -0.0100049889 -0.0301033899 -0.0264913979
v -0.0101192745 -0.0281502784 -0.0295797334
v -0.0121758363 -0.0294282043 -0.0291730423
f 6703 6705 6704
v -0.00435186448 -0.0325838366 -0.0141623619
v -0.0072018127 -0.0309121679 -0.0147314626
v -0.00528696037 -0.0301922671 -0.0133976704
f 6706 6708 6707
v -0.0060987637 -0.0333547156 -0.0148457199
v -0.00435186448 -0.0325838366 -0.0141623619
v -0.00237243039 -0.0335355027 -0.0138227231
f 6709 6711 6710
v -0.00740823525 -0.0325804809 -0.00801879578
v -0.00842139998 -0.0301758526 -0.00864413742
v -0.0115566465 -0.0320834864 -0.00897222199
f 6712 6714 6713
v -0.0138755742 -0.0326070236 -0.00935696662
v -0.013696625 -0.0341731298 -0.00849589414
v -0.010761249 -0.0340252707 -0.007715018
f 6715 6717 6716
v -0.010761249 -0.0340252707 -0.007715018
v -0.0115566465 -0.0320834864 -0.00897222199
v -0.0138755742 -0.0326070236 -0.00935696662
f 6718 6720 6719
v -0.00740823525 -0.0325804809 -0.00801879578
v -0.010761249 -0.0340252707 -0.007715018
v -0.00560030021 -0.0335890596 -0.00699073935
f 6721 6723 6722
v -0.00667785207 -0.0377216202 -0.00321758125
v -0.00485302226 -0.0356573961 -0.00461106465
v -0.00929687667 -0.0352687319 -0.00553556783
f 6724 6726 6725
v -0.00485302226 -0.0356573961 -0.00461106465
v -0.00560030021 -0.0335890596 -0.00699073935
v -0.00929687667 -0.0352687319 -0.00553556783
f 6727 6729 6728
v -0.0161992415 -0.0309908704 -0.0123503225
v -0.0152928886 -0.030522389 -0.00991416382
v -0.0100663339 -0.0301257329 -0.0127132531
f 6730 6732 6731
v -0.0100663339 -0.0301257329 -0.0127132531
v -0.0152928886 -0.030522389 -0.00991416382
v -0.0101945989 -0.0296914513 -0.00930684764
f 6733 6735 6734
v -0.0152928886 -0.030522389 -0.00991416382
v -0.0169489824 -0.030881603 -0.00945025677
v -0.0122932062 -0.0306507485 -0.00917540965
f 6736 6738 6737
v -0.0122932062 -0.0306507485 -0.00917540965
v -0.0169489824 -0.030881603 -0.00945025677
v -0.0162811644 -0.033101521 -0.00969736648
f 6739 6741 6740
v -0.0165882724 -0.0313308556 -0.0138928139
v -0.0183506054 -0.0319072336 -0.0123173158
v -0.0161992415 -0.0309908704 -0.0123503225
f 6742 6744 6743
v -0.0187795013 -0.0304700196 -0.0215383014
v -0.0183506054 -0.0319072336 -0.0123173158
v -0.0181467243 -0.0321387895 -0.0144197969
f 6745 6747 6746
v -0.0185436365 -0.0318686711 -0.0108196517
v -0.0188783597 -0.0313320081 -0.00994905931
v -0.0180313495 -0.0312009768 -0.00975862349
f 6748 6750 6749
v -0.0200306749 -0.029084034 -0.00671928719
v -0.0188783597 -0.0313320081 -0.00994905931
v -0.0187795013 -0.0304700196 -0.0215383014
f 6751 6753 6752
v -0.0200306749 -0.029084034 -0.00671928719
v -0.0182672113 -0.0325187284 -0.00898693397
v -0.0185489131 -0.03165784 -0.00934251948
f 6754 6756 6755
v -0.0180313495 -0.0312009768 -0.00975862349
v -0.0169489824 -0.030881603 -0.00945025677
v -0.0152928886 -0.030522389 -0.00991416382
f 6757 6759 6758
v -0.013696625 -0.0341731298 -0.00849589414
v -0.0138755742 -0.0326070236 -0.00935696662
v -0.0162811644 -0.033101521 -0.00969736648
f 6760 6762 6761
v -0.0162811644 -0.033101521 -0.00969736648
v -0.017241844 -0.0350222079 -0.00850972719
v -0.013696625 -0.0341731298 -0.00849589414
f 6763 6765 6764
v -0.0162811644 -0.033101521 -0.00969736648
v -0.0185489131 -0.03165784 -0.00934251948
v -0.0180381641 -0.0325712637 -0.00930960741
f 6766 6768 6767
v -0.0175946305 -0.0331100891 -0.0093946197
v -0.0180381641 -0.0325712637 -0.00930960741
v -0.0182672113 -0.0325187284 -0.00898693397
f 6769 6771 6770
v -0.0162811644 -0.033101521 -0.00969736648
v -0.0180381641 -0.0325712637 -0.00930960741
v -0.0180507806 -0.0325663685 -0.00943381165
f 6772 6774 6773
v -0.0180507806 -0.0325663685 -0.00943381165
v -0.0180381641 -0.0325712637 -0.00930960741
v -0.0185489131 -0.03165784 -0.00934251948
f 6775 6777 6776
v -0.0175946305 -0.0331100891 -0.0093946197
v -0.0180507806 -0.0325663685 -0.00943381165
v -0.0180381641 -0.0325712637 -0.00930960741
f 6778 6780 6779
v -0.0182672113 -0.0325187284 -0.00898693397
v -0.0180507806 -0.0325663685 -0.00943381165
v -0.0185489131 -0.03165784 -0.00934251948
f 6781 6783 6782
v -0.0180381641 -0.0325712637 -0.00930960741
v -0.0180507806 -0.0325663685 -0.00943381165
v -0.0182672113 -0.0325187284 -0.00898693397
f 6784 6786 6785
v -0.0165882724 -0.0313308556 -0.0138928139
v -0.0181467243 -0.0321387895 -0.0144197969
v -0.0183506054 -0.0319072336 -0.0123173158
f 6787 6789 6788
v -0.0152547422 -0.0315124344 -0.0152834822
v -0.0165882724 -0.0313308556 -0.0138928139
v -0.013591336 -0.0307797163 -0.0141013254
f 6790 6792 6791
v -0.0162811644 -0.033101521 -0.00969736648
v -0.0169489824 -0.030881603 -0.00945025677
v -0.0185489131 -0.03165784 -0.00934251948
f 6793 6795 6794
v -0.0161992415 -0.0309908704 -0.0123503225
v -0.0183506054 -0.0319072336 -0.0123173158
v -0.0185436365 -0.0318686711 -0.0108196517
f 6796 6798 6797
v -0.0179657494 -0.034117882 0.000846030616
v -0.0182672113 -0.0325187284 -0.00898693397
v -0.0200306749 -0.029084034 -0.00671928719
f 6799 6801 6800
v -0.013696625 -0.0341731298 -0.00849589414
v -0.017241844 -0.0350222079 -0.00850972719
v -0.0161089061 -0.0359682163 -0.00710266104
f 6802 6804 6803
v -0.017241844 -0.0350222079 -0.00850972719
v -0.0182672113 -0.0325187284 -0.00898693397
v -0.0179657494 -0.034117882 0.000846030616
f 6805 6807 6806
v -0.0103789876 -0.0387251202 -0.00214239517
v -0.0121312412 -0.0362472318 -0.00507545737
v -0.0130038126 -0.0379308942 -0.00366849563
f 6808 6810 6809
v -0.0121312412 -0.0362472318 -0.00507545737
v -0.0103789876 -0.0387251202 -0.00214239517
v -0.00926481007 -0.0365323882 -0.00458713293
f 6811 6813 6812
v -0.0162680633 -0.0373230811 -0.00497799556
v -0.0179657494 -0.034117882 0.000846030616
v -0.0165646197 -0.0382420694 -0.00216034605
f 6814 6816 6815
v -0.0130038126 -0.0379308942 -0.00366849563
v -0.0162680633 -0.0373230811 -0.00497799556
v -0.0159911433 -0.0383896782 -0.00300303072
f 6817 6819 6818
v -0.0179657494 -0.034117882 0.000846030616
v -0.0164407538 -0.0367078726 -0.00587289142
v -0.017241844 -0.0350222079 -0.00850972719
f 6820 6822 6821
v -0.00445693913 -0.0348924048 -0.0166139216
v -0.00752415217 -0.0353808719 -0.0170775267
v -0.00237243039 -0.0335355027 -0.0138227231
f 6823 6825 6824
v -0.013591336 -0.0307797163 -0.0141013254
v -0.00812352664 -0.030047592 -0.014131928
v -0.01093713 -0.0313067896 -0.015721134
f 6826 6828 6827
v -0.0177034133 -0.0331659947 -0.015982904
v -0.0181467243 -0.0321387895 -0.0144197969
v -0.0152547422 -0.0315124344 -0.0152834822
f 6829 6831 6830
v -0.0105040897 -0.0273598882 -0.0313590252
v -0.0139900134 -0.0286077557 -0.0309690513
v -0.0101192745 -0.0281502784 -0.0295797334
f 6832 6834 6833
v 0.000228838326 -0.0324884371 -0.0173695473
v -0.00198989765 -0.0341034582 -0.0165382735
v 0.00174699308 -0.0327277463 -0.0158356619
f 6835 6837 6836
v -0.00303072193 -0.0324701541 -0.0134321235
v 0.00214778265 -0.0335592165 -0.0130439003
v -0.000625489338 -0.0333667791 -0.0137270108
f 6838 6840 6839
v 0.00133176654 -0.0342375308 -0.00470326595
v 0.0014821795 -0.0348459318 -0.00464497607
v 0.00101445039 -0.0330678187 -0.00581417225
f 6841 6843 6842
v 0.000505072967 -0.0314901728 -0.00664167383
v -0.00560030021 -0.0335890596 -0.00699073935
v -0.00345516928 -0.0347539783 -0.00539576758
f 6844 6846 6845
v -0.00303072193 -0.0324701541 -0.0134321235
v -0.00435186448 -0.0325838366 -0.0141623619
v -0.00528696037 -0.0301922671 -0.0133976704
f 6847 6849 6848
v -0.0101945989 -0.0296914513 -0.00930684764
v -0.0122932062 -0.0306507485 -0.00917540965
v -0.00842139998 -0.0301758526 -0.00864413742
f 6850 6852 6851
v -0.00546107149 -0.030385633 -0.00799017798
v -0.00842139998 -0.0301758526 -0.00864413742
v -0.00740823525 -0.0325804809 -0.00801879578
f 6853 6855 6854
v 0.000301090768 -0.0330030773 -0.0261879264
v 0.0018525956 -0.0317548343 -0.0288162904
v -0.00108795648 -0.0318085717 -0.0264680886
f 6856 6858 6857
v -0.00726859798 -0.0298479514 -0.0271466357
v -0.00462888638 -0.0307622977 -0.0264993345
v -0.00505130047 -0.0300018961 -0.0286197086
f 6859 6861 6860
v 0.00590107084 -0.0307155482 0.000847126648
v 0.00447998245 -0.0391290407 -0.0016598322
v 0.00447923958 -0.0413031725 0.00083692039
f 6862 6864 6863
v 0.00447998245 -0.0391290407 -0.0016598322
v 0.00409580534 -0.0412366644 -0.00137896523
v 0.00449999134 -0.0411356421 -0.000667364293
f 6865 6867 6866
v 0.00447923958 -0.0413031725 0.00083692039
v 0.00409580534 -0.0412366644 -0.00137896523
v 0.00186613106 -0.0426013488 0.000836479194
f 6868 6870 6869
v 0.00449999134 -0.0411356421 -0.000667364293
v 0.00409580534 -0.0412366644 -0.00137896523
v 0.00447923958 -0.0413031725 0.00083692039
f 6871 6873 6872
v 0.000622140942 -0.0407061656 -0.00203894524
v -0.000207145058 -0.0393567723 -0.000769858616
v 0.000680365338 -0.0419894815 0.000846477451
f 6874 6876 6875
v -0.00284602174 -0.0390911533 -0.00131292827
v -0.00465448611 -0.039092431 0.000903209821
v 0.000519311288 -0.0395856216 0.000844409715
f 6877 6879 6878
v 0.00186613106 -0.0426013488 0.000836479194
v 0.000622140942 -0.0407061656 -0.00203894524
v 0.000680365338 -0.0419894815 0.000846477451
f 6880 6882 6881
v 0.00409580534 -0.0412366644 -0.00137896523
v 0.00267277283 -0.0411082554 -0.00228766039
v 0.00186613106 -0.0426013488 0.000836479194
f 6883 6885 6884
v -0.0128779633 -0.0389777852 -0.00124079534
v -0.0163162797 -0.038541056 0.000844819806
v -0.00997961688 -0.0386526721 0.000859947613
f 6886 6888 6887
v -0.0163162797 -0.038541056 0.000844819806
v -0.0165646197 -0.0382420694 -0.00216034605
v -0.0179657494 -0.034117882 0.000846030616
f 6889 6891 6890
v -0.0159750227 -0.0387690088 -0.000432615798
v -0.01628678 -0.0385803345 -0.00203386917
v -0.0162746161 -0.038529365 -0.00203154414
f 6892 6894 6893
v -0.0162746161 -0.038529365 -0.00203154414
v -0.01628678 -0.0385803345 -0.00203386917
v -0.0159578107 -0.0386546628 -0.00188993508
f 6895 6897 6896
v -0.00619272323 -0.0391104404 -0.00113245924
v -0.00771613122 -0.0391453999 0.000856110182
v -0.00465448611 -0.039092431 0.000903209821
f 6898 6900 6899
v -0.00915590354 -0.00178698829 -0.0476283254
v -0.00945287466 0.000482446239 -0.0472684304
v -0.0119617704 -0.00150206906 -0.0469191873
f 6901 6903 6902
v -0.0119617704 -0.00150206906 -0.0469191873
v -0.0135637485 0.00277648869 -0.0459795992
v -0.0148985448 -0.00307133741 -0.0467070815
f 6904 6906 6905
v -0.0122739351 -0.00335840268 -0.0471155363
v -0.0137759052 -0.00725204591 -0.047215831
v -0.0100607955 -0.00587762916 -0.0476684101
f 6907 6909 6908
v -0.0107230531 -0.0039292092 -0.0474708591
v -0.0122739351 -0.00335840268 -0.0471155363
v -0.0100607955 -0.00587762916 -0.0476684101
f 6910 6912 6911
v -0.0100607955 -0.00587762916 -0.0476684101
v -0.00915590354 -0.00178698829 -0.0476283254
v -0.0107230531 -0.0039292092 -0.0474708591
f 6913 6915 6914
v -0.0114702503 -0.00256043058 -0.0477679219
v -0.0122739351 -0.00335840268 -0.0471155363
v -0.0107230531 -0.0039292092 -0.0474708591
f 6916 6918 6917
v -0.0135637485 0.00277648869 -0.0459795992
v -0.016828443 0.0013329729 -0.0457507296
v -0.0185868557 -0.000272368879 -0.0456724316
f 6919 6921 6920
v -0.016828443 0.0013329729 -0.0457507296
v -0.0205465141 -0.000187999785 -0.0449816493
v -0.0185868557 -0.000272368879 -0.0456724316
f 6922 6924 6923
v -0.0185868557 -0.000272368879 -0.0456724316
v -0.0205465141 -0.000187999785 -0.0449816493
v -0.0200222537 -0.00386045613 -0.0455222675
f 6925 6927 6926
v -0.0177311231 -0.00301860309 -0.0463998178
v -0.0185868557 -0.000272368879 -0.0456724316
v -0.0200222537 -0.00386045613 -0.0455222675
f 6928 6930 6929
v -0.0205465141 -0.000187999785 -0.0449816493
v -0.0203634569 -0.00495670502 -0.0407365122
v -0.0208829326 -0.00162560536 -0.0447225349
f 6931 6933 6932
v -0.0208829326 -0.00162560536 -0.0447225349
v -0.0203634569 -0.00495670502 -0.0407365122
v -0.0204692347 -0.00473888467 -0.044868837
f 6934 6936 6935
v -0.0148985448 -0.00307133741 -0.0467070815
v -0.0185868557 -0.000272368879 -0.0456724316
v -0.0177311231 -0.00301860309 -0.0463998178
f 6937 6939 6938
v -0.0137759052 -0.00725204591 -0.047215831
v -0.014697836 -0.00472922329 -0.047096677
v -0.0155252288 -0.00804469819 -0.0466070866
f 6940 6942 6941
v -0.0111608984 -0.0113986578 -0.0468755548
v -0.0131935347 -0.0130843502 -0.0466729922
v -0.0109955807 -0.0140255652 -0.04608444
f 6943 6945 6944
v -0.0137759052 -0.00725204591 -0.047215831
v -0.0162436714 -0.0121307479 -0.0463051168
v -0.0111608984 -0.0113986578 -0.0468755548
f 6946 6948 6947
v -0.0204692347 -0.00473888467 -0.044868837
v -0.0179403985 -0.00804757947 -0.0462490658
v -0.0200222537 -0.00386045613 -0.0455222675
f 6949 6951 6950
v -0.0200222537 -0.00386045613 -0.0455222675
v -0.0179403985 -0.00804757947 -0.0462490658
v -0.0177311231 -0.00301860309 -0.0463998178
f 6952 6954 6953
v -0.0195667148 -0.00732276603 -0.0452709995
v -0.0190795632 -0.00977232266 -0.0454690104
v -0.0179403985 -0.00804757947 -0.0462490658
f 6955 6957 6956
v -0.0195667148 -0.00732276603 -0.0452709995
v -0.0203634569 -0.00495670502 -0.0407365122
v -0.0190795632 -0.00977232266 -0.0454690104
f 6958 6960 6959
v -0.014697836 -0.00472922329 -0.047096677
v -0.0177311231 -0.00301860309 -0.0463998178
v -0.0155252288 -0.00804469819 -0.0466070866
f 6961 6963 6962
v -0.0155252288 -0.00804469819 -0.0466070866
v -0.0177311231 -0.00301860309 -0.0463998178
v -0.0179403985 -0.00804757947 -0.0462490658
f 6964 6966 6965
v -0.0109955807 -0.0140255652 -0.04608444
v -0.0131935347 -0.0130843502 -0.0466729922
v -0.0139381154 -0.0154465757 -0.0453357439
f 6967 6969 6968
v -0.0162436714 -0.0121307479 -0.0463051168
v -0.0172550819 -0.0156784605 -0.0450469757
v -0.0139381154 -0.0154465757 -0.0453357439
f 6970 6972 6971
v -0.0139381154 -0.0154465757 -0.0453357439
v -0.0172550819 -0.0156784605 -0.0450469757
v -0.0145263402 -0.0185990633 -0.044081104
f 6973 6975 6974
v -0.0109598783 -0.0205144956 -0.0426116749
v -0.0145263402 -0.0185990633 -0.044081104
v -0.0140735472 -0.0196531561 -0.0429514446
f 6976 6978 6977
v -0.0145263402 -0.0185990633 -0.044081104
v -0.0170330488 -0.0181255775 -0.0433650304
v -0.0140735472 -0.0196531561 -0.0429514446
f 6979 6981 6980
v -0.013026208 -0.0196171546 -0.041232715
v -0.0140735472 -0.0196531561 -0.0429514446
v -0.0173641194 -0.0184537363 -0.0412891211
f 6982 6984 6983
v -0.0172550819 -0.0156784605 -0.0450469757
v -0.0170330488 -0.0181255775 -0.0433650304
v -0.0145263402 -0.0185990633 -0.044081104
f 6985 6987 6986
v -0.0187815604 -0.0134301241 -0.0408542634
v -0.0184173463 -0.017276466 -0.0414269161
v -0.0190748164 -0.0155073591 -0.0429997337
f 6988 6990 6989
v -0.0184173463 -0.017276466 -0.0414269161
v -0.0178528659 -0.0182573975 -0.0404499442
v -0.0173641194 -0.0184537363 -0.0412891211
f 6991 6993 6992
v -0.0184173463 -0.017276466 -0.0414269161
v -0.0173641194 -0.0184537363 -0.0412891211
v -0.0170330488 -0.0181255775 -0.0433650304
f 6994 6996 6995
v -0.0139381154 -0.0154465757 -0.0453357439
v -0.0131935347 -0.0130843502 -0.0466729922
v -0.0162436714 -0.0121307479 -0.0463051168
f 6997 6999 6998
v -0.0187331476 -0.0112497459 -0.0452530745
v -0.0187815604 -0.0134301241 -0.0408542634
v -0.0189896586 -0.0137590396 -0.0440977135
f 7000 7002 7001
v -0.0187331476 -0.0112497459 -0.0452530745
v -0.0189896586 -0.0137590396 -0.0440977135
v -0.0172550819 -0.0156784605 -0.0450469757
f 7003 7005 7004
v -0.0184522782 -0.0208239784 -0.0347360998
v -0.0173641194 -0.0184537363 -0.0412891211
v -0.0178528659 -0.0182573975 -0.0404499442
f 7006 7008 7007
v -0.0178528659 -0.0182573975 -0.0404499442
v -0.0206413679 -0.0145154088 -0.0291050324
v -0.0184522782 -0.0208239784 -0.0347360998
f 7009 7011 7010
v -0.0162604207 -0.0214987478 -0.039700768
v -0.0141597688 -0.0228978912 -0.0388094079
v -0.0134476199 -0.0214563668 -0.0399118813
f 7012 7014 7013
v -0.0162604207 -0.0214987478 -0.039700768
v -0.017904659 -0.0198050227 -0.0386098633
v -0.0178269824 -0.0221461814 -0.0385099294
f 7015 7017 7016
v -0.0166763843 -0.0200946117 -0.0397909287
v -0.017904659 -0.0198050227 -0.0386098633
v -0.0162604207 -0.0214987478 -0.039700768
f 7018 7020 7019
v -0.017904659 -0.0198050227 -0.0386098633
v -0.0184522782 -0.0208239784 -0.0347360998
v -0.0178269824 -0.0221461814 -0.0385099294
f 7021 7023 7022
v -0.0180081144 -0.023391837 -0.0376501441
v -0.0178390459 -0.0244716997 -0.0360010163
v -0.017716318 -0.024429732 -0.0372475683
f 7024 7026 7025
v -0.0180081144 -0.023391837 -0.0376501441
v -0.0178269824 -0.0221461814 -0.0385099294
v -0.0178390459 -0.0244716997 -0.0360010163
f 7027 7029 7028
v -0.0184522782 -0.0208239784 -0.0347360998
v -0.0175524707 -0.0254400278 -0.0350206479
v -0.0178390459 -0.0244716997 -0.0360010163
f 7030 7032 7031
v -0.0178243063 -0.0262254442 -0.0338544225
v -0.0155264119 -0.0256249332 -0.0355660944
v -0.0175524707 -0.0254400278 -0.0350206479
f 7033 7035 7034
v -0.017718559 -0.0247410731 -0.0358886027
v -0.0176551504 -0.0246374722 -0.0359160942
v -0.0175524707 -0.0254400278 -0.0350206479
f 7036 7038 7037
v -0.0175524707 -0.0254400278 -0.0350206479
v -0.0160926138 -0.0248752302 -0.0363817031
v -0.017718559 -0.0247410731 -0.0358886027
f 7039 7041 7040
v -0.0176551504 -0.0246374722 -0.0359160942
v -0.017718559 -0.0247410731 -0.0358886027
v -0.0160926138 -0.0248752302 -0.0363817031
f 7042 7044 7043
v -0.017716318 -0.024429732 -0.0372475683
v -0.017718559 -0.0247410731 -0.0358886027
v -0.0176551504 -0.0246374722 -0.0359160942
f 7045 7047 7046
v -0.017716318 -0.024429732 -0.0372475683
v -0.0178390459 -0.0244716997 -0.0360010163
v -0.017718559 -0.0247410731 -0.0358886027
f 7048 7050 7049
v -0.017716318 -0.024429732 -0.0372475683
v -0.0141597688 -0.0228978912 -0.0388094079
v -0.0180081144 -0.023391837 -0.0376501441
f 7051 7053 7052
v -0.0184522782 -0.0208239784 -0.0347360998
v -0.0178390459 -0.0244716997 -0.0360010163
v -0.0178269824 -0.0221461814 -0.0385099294
f 7054 7056 7055
v -0.0184989505 -0.0257522741 -0.0300508516
v -0.0175524707 -0.0254400278 -0.0350206479
v -0.0184522782 -0.0208239784 -0.0347360998
f 7057 7059 7058
v -0.0180292744 -0.026486587 -0.0328558323
v -0.0178243063 -0.0262254442 -0.0338544225
v -0.0175524707 -0.0254400278 -0.0350206479
f 7060 7062 7061
v -0.0206413679 -0.0145154088 -0.0291050324
v -0.0184989505 -0.0257522741 -0.0300508516
v -0.0184522782 -0.0208239784 -0.0347360998
f 7063 7065 7064
v -0.0166763843 -0.0200946117 -0.0397909287
v -0.0152315566 -0.0197927511 -0.0407332554
v -0.0173641194 -0.0184537363 -0.0412891211
f 7066 7068 7067
v -0.0247552089 -0.008915746 -0.0198577196
v -0.0238889668 -0.0143089332 -0.0185380675
v -0.0206413679 -0.0145154088 -0.0291050324
f 7069 7071 7070
v -0.0251221238 -0.000308962581 -0.0190934094
v -0.0257968844 -0.00735085923 -0.0154321518
v -0.0247552089 -0.008915746 -0.0198577196
f 7072 7074 7073
v -0.0247552089 -0.008915746 -0.0198577196
v -0.0251218094 -0.0116166695 -0.015364906
v -0.0238889668 -0.0143089332 -0.0185380675
f 7075 7077 7076
v -0.0251221238 -0.000308962581 -0.0190934094
v -0.0259234774 -0.00722725308 -0.0111548878
v -0.0257968844 -0.00735085923 -0.0154321518
f 7078 7080 7079
v -0.0251221238 -0.000308962581 -0.0190934094
v -0.0256922853 -0.00215234249 -0.00812825601
v -0.0259234774 -0.00722725308 -0.0111548878
f 7081 7083 7082
v -0.0206413679 -0.0145154088 -0.0291050324
v -0.0215293636 -0.0209324498 -0.0184274453
v -0.0184989505 -0.0257522741 -0.0300508516
f 7084 7086 7085
v -0.0215293636 -0.0209324498 -0.0184274453
v -0.0245946925 -0.0142860954 -0.00994383736
v -0.0212071973 -0.0253514736 -0.00940530153
f 7087 7089 7088
v -0.0259234774 -0.00722725308 -0.0111548878
v -0.0254607905 -0.0125331149 0.000847756746
v -0.0239505331 -0.019921278 -0.00338060127
f 7090 7092 7091
v -0.0212071973 -0.0253514736 -0.00940530153
v -0.0196499197 -0.0276563631 -0.0192240608
v -0.0215293636 -0.0209324498 -0.0184274453
f 7093 7095 7094
v -0.0251218094 -0.0116166695 -0.015364906
v -0.0215293636 -0.0209324498 -0.0184274453
v -0.0238889668 -0.0143089332 -0.0185380675
f 7096 7098 7097
v -0.0143835758 -0.0261607231 -0.0327251386
v -0.0180292744 -0.026486587 -0.0328558323
v -0.0178966962 -0.0271824159 -0.0321860804
f 7099 7101 7100
v -0.0239505331 -0.019921278 -0.00338060127
v -0.0203625692 -0.0288550509 0.000846650619
v -0.0200306749 -0.029084034 -0.00671928719
f 7102 7104 7103
v 0.00340317565 0.0226885109 -0.0328386843
v -0.000645627006 0.0228918303 -0.0331903895
v 0.00326440932 0.0221762137 -0.0342550018
f 7105 7107 7106
v -0.0262337853 0.00709225642 -0.00531426012
v -0.0254737621 -0.00489490121 0.000848952459
v -0.0256922853 -0.00215234249 -0.00812825601
f 7108 7110 7109
v -0.000257686042 0.0173451321 -0.0409401779
v 0.0020990934 0.0183919125 -0.0398371427
v -0.000791842467 0.0194626249 -0.0381213729
f 7111 7113 7112
v -0.000207376434 0.0127977328 -0.04470438
v -0.00196813307 0.0156646536 -0.0424738246
v -0.00448191531 0.0129123961 -0.0438399467
f 7114 7116 7115
v 0.000324999564 0.0152514491 -0.0428332976
v 0.0020990934 0.0183919125 -0.0398371427
v -0.000257686042 0.0173451321 -0.0409401779
f 7117 7119 7118
v -0.013026208 -0.0196171546 -0.041232715
v -0.0152315566 -0.0197927511 -0.0407332554
v -0.0134476199 -0.0214563668 -0.0399118813
f 7120 7122 7121
v -0.0175031717 -0.0304904417 -0.0265275914
v -0.0174859175 -0.0294226746 -0.0304604735
v -0.0187795013 -0.0304700196 -0.0215383014
f 7123 7125 7124
v -0.0150307926 -0.02693797 -0.0319634681
v -0.0143835758 -0.0261607231 -0.0327251386
v -0.0178966962 -0.0271824159 -0.0321860804
f 7126 7128 7127
v -0.0204772106 0.0293175806 0.000844282295
v -0.0236828331 0.0292414275 0.000845275463
v -0.0220790171 0.0289098884 -0.00151195536
f 7129 7131 7130
v 0.00409580534 -0.0412366644 -0.00137896523
v 0.00447998245 -0.0391290407 -0.0016598322
v 0.0049257942 -0.0401785132 -0.00257755601
f 7132 7134 7133
v -9.66872904e-05 -0.037927847 -0.00247776916
v -0.00284602174 -0.0390911533 -0.00131292827
v -0.000207145058 -0.0393567723 -0.000769858616
f 7135 7137 7136
v -0.0130038126 -0.0379308942 -0.00366849563
v -0.0128779633 -0.0389777852 -0.00124079534
v -0.0103789876 -0.0387251202 -0.00214239517
f 7138 7140 7139
v -0.0159911433 -0.0383896782 -0.00300303072
v -0.0162746161 -0.038529365 -0.00203154414
v -0.0159578107 -0.0386546628 -0.00188993508
f 7141 7143 7142
v -0.0159911433 -0.0383896782 -0.00300303072
v -0.01628678 -0.0385803345 -0.00203386917
v -0.0162746161 -0.038529365 -0.00203154414
f 7144 7146 7145
v -0.0159911433 -0.0383896782 -0.00300303072
v -0.0165646197 -0.0382420694 -0.00216034605
v -0.01628678 -0.0385803345 -0.00203386917
f 7147 7149 7148
v -0.00955521973 -0.0389875204 -7.72574822e-05
v -0.00997961688 -0.0386526721 0.000859947613
v -0.00771613122 -0.0391453999 0.000856110182
f 7150 7152 7151
v 0.00112637281 0.0294202619 0.000836686559
v 0.00405627288 0.0235604151 0.000843609178
v 0.00172561922 0.0287257164 0.000854923746
f 7153 7155 7154
v 0.00440549629 0.0160507218 0.0407492102
v 0.00362422434 0.0151298125 0.0444918172
v 0.00385308595 0.0162545301 0.0435225171
f 7156 7158 7157
v 0.000188416016 0.0128235464 0.0464489538
v 0.00293622797 0.014813531 0.0451233995
v 0.00326063382 0.0139673415 0.0456439477
f 7159 7161 7160
v -0.000688507862 0.0159443793 0.04389557
v 0.00062349136 0.0183867698 0.0415758579
v 0.00293622797 0.014813531 0.0451233995
f 7162 7164 7163
v 0.00329423856 0.0125727543 0.046855933
v 0.000188416016 0.0128235464 0.0464489538
v 0.00326063382 0.0139673415 0.0456439477
f 7165 7167 7166
v 0.0042527332 0.0190140912 0.0406795938
v 0.00392122529 0.0193679123 0.0398832344
v 0.00394345698 0.0194509019 0.0398791482
f 7168 7170 7169
v 0.00363311847 0.0195007189 0.0397076481
v 0.00392122529 0.0193679123 0.0398832344
v 0.0042527332 0.0190140912 0.0406795938
f 7171 7173 7172
v 0.00392122529 0.0193679123 0.0398832344
v 0.00363311847 0.0195007189 0.0397076481
v 0.00394345698 0.0194509019 0.0398791482
f 7174 7176 7175
v 0.0032953154 0.0200979906 0.0389101333
v 0.00428684798 0.0190713938 0.0400389428
v 0.00392122529 0.0193679123 0.0398832344
f 7177 7179 7178
v 0.00363311847 0.0195007189 0.0397076481
v 0.0032953154 0.0200979906 0.0389101333
v 0.00394345698 0.0194509019 0.0398791482
f 7180 7182 7181
v 0.0032953154 0.0200979906 0.0389101333
v 0.00319387182 0.0204634591 0.0382735074
v 0.00320775362 0.0205137825 0.0382710306
f 7183 7185 7184
v 0.00319387182 0.0204634591 0.0382735074
v 0.00254011684 0.020866617 0.0379140867
v 0.00320775362 0.0205137825 0.0382710306
f 7186 7188 7187
v 0.00254011684 0.020866617 0.0379140867
v 0.00300795436 0.0210426777 0.0371696544
v 0.00320775362 0.0205137825 0.0382710306
f 7189 7191 7190
v 0.00300795436 0.0210426777 0.0371696544
v 0.00319387182 0.0204634591 0.0382735074
v 0.00320775362 0.0205137825 0.0382710306
f 7192 7194 7193
v 0.00425287799 0.0233723607 0.0291291712
v 0.00573182333 0.0131282126 0.0301024877
v 0.00495492422 0.0157759263 0.0343021355
f 7195 7197 7196
v 0.00350889459 -0.000150062215 0.0486588833
v 0.00316268124 0.00098322198 0.048524281
v 0.00350535338 0.00274332633 0.0481856841
f 7198 7200 7199
v 0.00409979621 -0.00463954493 0.0482101663
v 0.0027359376 -0.00434178219 0.048511941
v 0.00316160513 -0.00224067771 0.0487231882
f 7201 7203 7202
v 0.00409979621 -0.00463954493 0.0482101663
v 0.00316160513 -0.00224067771 0.0487231882
v 0.00350889459 -0.000150062215 0.0486588833
f 7204 7206 7205
v 0.00470987579 -0.00553518257 0.0445481768
v 0.00426738843 0.00718745505 0.0410189677
v 0.00662349048 0.00144470832 0.0317084079
f 7207 7209 7208
v 0.00428684798 0.0190713938 0.0400389428
v 0.00440549629 0.0160507218 0.0407492102
v 0.0042527332 0.0190140912 0.0406795938
f 7210 7212 7211
v 0.00243445102 0.0278806576 0.0167221282
v 0.00257089996 0.0278853317 0.0141364595
v 0.00284738053 0.0277722051 0.0168713072
f 7213 7215 7214
v 0.00378169279 0.0250506913 0.021367149
v 0.00342595522 0.0248636439 0.0256292202
v 0.00302401677 0.0253777689 0.0235691041
f 7216 7218 7217
v -0.0126974104 0.0276038423 0.00287473267
v -0.0121640311 0.0285744056 0.00343904358
v -0.0128035957 0.0289622112 0.00284090638
f 7219 7221 7220
v -0.0126974104 0.0276038423 0.00287473267
v -0.0128035957 0.0289622112 0.00284090638
v -0.0131190347 0.0278434192 0.00274538834
f 7222 7224 7223
v -0.00634335811 0.0262493239 0.0242185764
v -0.00109943212 0.0263440394 0.0206961602
v 6.32906449e-05 0.0254515762 0.0232976425
f 7225 7227 7226
v 0.00315754951 0.0275539496 0.01805231
v 0.00284132984 0.0277556072 0.0168720275
v 0.00284738053 0.0277722051 0.0168713072
f 7228 7230 7229
v 0.00257089996 0.0278853317 0.0141364595
v 0.00284132984 0.0277556072 0.0168720275
v 0.00284738053 0.0277722051 0.0168713072
f 7231 7233 7232
v 0.00284132984 0.0277556072 0.0168720275
v 0.00243445102 0.0278806576 0.0167221282
v 0.00284738053 0.0277722051 0.0168713072
f 7234 7236 7235
v 0.0028356495 0.0290838478 0.0121638273
v 0.00177288384 0.0291291624 0.01030735
v 0.00178449118 0.0291620207 0.0103058745
f 7237 7239 7238
v 0.00177288384 0.0291291624 0.01030735
v 0.00125630831 0.0292069133 0.0100021913
v 0.00178449118 0.0291620207 0.0103058745
f 7240 7242 7241
v 0.00216137923 0.0286170689 0.00944381391
v 0.00255101186 0.0289485819 0.010821184
v 0.00177288384 0.0291291624 0.01030735
f 7243 7245 7244
v 0.00216137923 0.0286170689 0.00944381391
v 0.00177288384 0.0291291624 0.01030735
v 0.00178449118 0.0291620207 0.0103058745
f 7246 7248 7247
v 0.00125630831 0.0292069133 0.0100021913
v 0.00216137923 0.0286170689 0.00944381391
v 0.00178449118 0.0291620207 0.0103058745
f 7249 7251 7250
v 0.00216137923 0.0286170689 0.00944381391
v 0.00142161371 0.0291769044 0.00877588318
v 0.0014596284 0.0291446398 0.00780057017
f 7252 7254 7253
v -0.00570029224 0.0285524671 0.0125902647
v -0.00467343561 0.0286825962 0.00901178719
v -0.000274214835 0.0287633826 0.0103505234
f 7255 7257 7256
v -0.00570029224 0.0285524671 0.0125902647
v -0.000274214835 0.0287633826 0.0103505234
v -0.000677619391 0.0283836795 0.0133510242
f 7258 7260 7259
v -0.0110581313 0.0289731717 0.00933598931
v -0.0115362913 0.0290159718 0.00585384987
v -0.00824989766 0.0290062424 0.00714672424
f 7261 7263 7262
v -0.010322898 0.028637753 0.0127045932
v -0.0128026586 0.0277549785 0.0170961372
v -0.0169881867 0.0273022626 0.0162871424
f 7264 7266 7265
v -0.0163389632 0.0287625677 0.00710540044
v -0.0115362913 0.0290159718 0.00585384987
v -0.0110581313 0.0289731717 0.00933598931
f 7267 7269 7268
v -0.0113755828 0.0289963966 0.00269615994
v -0.0128035957 0.0289622112 0.00284090638
v -0.0116420037 0.0298167026 0.00176154863
f 7270 7272 7271
v -0.0128035957 0.0289622112 0.00284090638
v -0.0113755828 0.0289963966 0.00269615994
v -0.0115935349 0.0277925021 0.00258258042
f 7273 7275 7274
v -0.0241500093 0.0228340854 0.033490223
v -0.023209551 0.0231787679 0.034557638
v -0.0236814842 0.0215668988 0.0345024455
f 7276 7278 7277
v -0.023209551 0.0231787679 0.034557638
v -0.0244627299 0.0216837187 0.0353202369
v -0.0236814842 0.0215668988 0.0345024455
f 7279 7281 7280
v -0.0158344483 0.0294327125 0.00272974285
v -0.0183926779 0.0290201948 0.00274668273
v -0.0175167283 0.0292396173 0.000845912564
f 7282 7284 7283
v -0.020676307 0.0285759626 0.00861958615
v -0.0197630434 0.0290719589 0.00517216649
v -0.01783841 0.028225893 0.00796419044
f 7285 7287 7286
v -0.00562093701 0.017131801 0.042681268
v -0.00621085492 0.0178050395 0.0412318506
v -0.00600125641 0.0191064697 0.0403708575
f 7288 7290 7289
v -0.00947583685 0.0169103965 0.0426133163
v -0.0139877491 0.0193601736 0.040135195
v -0.00840277135 0.0186810386 0.041027565
f 7291 7293 7292
v -0.00885279369 0.0232869323 0.0349633512
v -0.00650366273 0.0235386513 0.0343425578
v -0.0065535336 0.0206914498 0.0384543237
f 7294 7296 7295
v -0.0184822769 0.0165134552 0.0418075389
v -0.0182498654 0.0181779935 0.0411339512
v -0.0174609959 0.0186867837 0.0405595754
f 7297 7299 7298
v -0.0156808164 0.0229170371 0.0361044338
v -0.0180678151 0.0232973136 0.035220079
v -0.0173200955 0.0233100407 0.0336024706
f 7300 7302 7301
v -0.0232963575 0.0245695177 0.0293378485
v -0.0208587066 0.0242631446 0.0289499032
v -0.0216870991 0.023929149 0.0308549759
f 7303 7305 7304
v -0.0237923203 0.0207463017 0.0357971876
v -0.0244627299 0.0216837187 0.0353202369
v -0.0235044135 0.0217052497 0.0370901165
f 7306 7308 7307
v -0.0236560329 0.0203368196 0.0380971702
v -0.0237923203 0.0207463017 0.0357971876
v -0.0235044135 0.0217052497 0.0370901165
f 7309 7311 7310
v -0.0233188548 0.0187832076 0.0361902115
v -0.0233949992 0.0190026156 0.035985047
v -0.0233871629 0.0188407226 0.0362221355
f 7312 7314 7313
v -0.0236193839 0.0172798784 0.0362060324
v -0.0233949992 0.0190026156 0.035985047
v -0.0233188548 0.0187832076 0.0361902115
f 7315 7317 7316
v -0.0234225197 0.0188660255 0.0365676213
v -0.0236193839 0.0172798784 0.0362060324
v -0.0233871629 0.0188407226 0.0362221355
f 7318 7320 7319
v -0.0223040086 0.0208594196 0.0341228617
v -0.0231264741 0.020606842 0.0339525606
v -0.0228878853 0.0211193255 0.0337185338
f 7321 7323 7322
v -0.0229236321 0.0213275605 0.0334678887
v -0.0233730258 0.0213370193 0.0332179188
v -0.0236814842 0.0215668988 0.0345024455
f 7324 7326 7325
v -0.0231264741 0.020606842 0.0339525606
v -0.0233730258 0.0213370193 0.0332179188
v -0.0231211889 0.021233983 0.0337131438
f 7327 7329 7328
v -0.0229236321 0.0213275605 0.0334678887
v -0.0236814842 0.0215668988 0.0345024455
v -0.0231211889 0.021233983 0.0337131438
f 7330 7332 7331
v -0.0231211889 0.021233983 0.0337131438
v -0.0233730258 0.0213370193 0.0332179188
v -0.0228878853 0.0211193255 0.0337185338
f 7333 7335 7334
v -0.0229236321 0.0213275605 0.0334678887
v -0.0231211889 0.021233983 0.0337131438
v -0.0228878853 0.0211193255 0.0337185338
f 7336 7338 7337
v -0.0214141342 0.0206019555 0.0347357563
v -0.0223040086 0.0208594196 0.0341228617
v -0.0236814842 0.0215668988 0.0345024455
f 7339 7341 7340
v 0.00468629296 -0.0187755388 0.0423269288
v 0.00510573445 -0.0177294452 0.0425033533
v 0.00481809839 -0.0175829133 0.0420883502
f 7342 7344 7343
v 0.00468629296 -0.0187755388 0.0423269288
v 0.00481809839 -0.0175829133 0.0420883502
v 0.00458802533 -0.018767736 0.042322831
f 7345 7347 7346
v -0.0231264741 0.020606842 0.0339525606
v -0.0223040086 0.0208594196 0.0341228617
v -0.0214141342 0.0206019555 0.0347357563
f 7348 7350 7349
v -0.00530645848 0.00783018404 0.0480582676
v -0.00412525333 0.00981026751 0.0473476772
v -0.00237782588 0.00817289329 0.0476353365
f 7351 7353 7352
v -0.0193521264 0.0107071806 0.044087178
v -0.0190313105 0.0103909209 0.0447142404
v -0.0211927778 0.00826458199 0.0444465928
f 7354 7356 7355
v -0.0211927778 0.00826458199 0.0444465928
v -0.0215659427 0.00629466158 0.0449632062
v -0.0215235268 0.00681132151 0.0428775616
f 7357 7359 7358
v -0.0220519083 0.0105235064 0.0415533897
v -0.0214987449 0.00978841053 0.043577308
v -0.0211927778 0.00826458199 0.0444465928
f 7360 7362 7361
v -0.0217679073 0.00535273211 0.0448150997
v -0.0215659427 0.00629466158 0.0449632062
v -0.0207513338 0.00451115266 0.0457938382
f 7363 7365 7364
v -0.0184822769 0.0165134552 0.0418075389
v -0.0223867071 0.0144815131 0.0413580885
v -0.0182498654 0.0181779935 0.0411339512
f 7366 7368 7367
v -0.0198128386 0.0266658957 0.0200211798
v -0.0190124672 0.0271630095 0.0177580514
v -0.0170609448 0.0259502849 0.0221166134
f 7369 7371 7370
v -0.0161122822 0.027370156 0.018221073
v -0.0190124672 0.0271630095 0.0177580514
v -0.0169881867 0.0273022626 0.0162871424
f 7372 7374 7373
v -0.0208587066 0.0242631446 0.0289499032
v -0.0235594198 0.025753025 0.0258143322
v -0.0212832878 0.0252193771 0.0256287196
f 7375 7377 7376
v -0.0231484766 0.0261837704 0.0243463845
v -0.0212832878 0.0252193771 0.0256287196
v -0.0235594198 0.025753025 0.0258143322
f 7378 7380 7379
v -0.023608598 0.0265147333 0.0232574894
v -0.0239600224 0.0269020064 0.0210268743
v -0.0234180741 0.0271109806 0.0212943123
f 7381 7383 7382
v -0.0238610563 0.0238880661 0.0203682459
v -0.0239600224 0.0269020064 0.0210268743
v -0.023608598 0.0265147333 0.0232574894
f 7384 7386 7385
v -0.0239600224 0.0269020064 0.0210268743
v -0.0238610563 0.0238880661 0.0203682459
v -0.0236836117 0.0274777907 0.0186508856
f 7387 7389 7388
v -0.0234180741 0.0271109806 0.0212943123
v -0.0239600224 0.0269020064 0.0210268743
v -0.0236836117 0.0274777907 0.0186508856
f 7390 7392 7391
v -0.0236836117 0.0274777907 0.0186508856
v -0.0235912215 0.028044419 0.0146014383
v -0.0240205045 0.0275191123 0.0164533078
f 7393 7395 7394
v -0.0198562964 0.0282721128 0.0117645992
v -0.01783841 0.028225893 0.00796419044
v -0.0182942036 0.0278335909 0.0117251591
f 7396 7398 7397
v -0.0213820051 0.0281972782 0.014093121
v -0.0231200058 0.0282774621 0.0126245141
v -0.0198562964 0.0282721128 0.0117645992
f 7399 7401 7400
v -0.0242225535 0.0281778746 0.01146758
v -0.0237873595 0.0285392744 0.00703658006
v -0.0239081375 0.0285958988 0.00915742639
f 7402 7404 7403
v -0.0236174223 0.0290238007 0.00223637326
v -0.0224319141 0.0287997653 0.00474614135
v -0.0236586027 0.0286165654 0.00418633863
f 7405 7407 7406
v -0.0233817744 0.0250286656 0.0270650402
v -0.0208587066 0.0242631446 0.0289499032
v -0.0232963575 0.0245695177 0.0293378485
f 7408 7410 7409
v 0.00481809839 -0.0175829133 0.0420883502
v 0.00510573445 -0.0177294452 0.0425033533
v 0.00489510276 -0.0171729102 0.04269903
f 7411 7413 7412
v 0.00467766949 -0.0164620491 0.0425342092
v 0.00480740564 -0.0171131513 0.042711274
v 0.00489510276 -0.0171729102 0.04269903
f 7414 7416 7415
v 0.00499971502 -0.0194623368 0.0418503099
v 0.00458802533 -0.018767736 0.042322831
v 0.00468629296 -0.0187755388 0.0423269288
f 7417 7419 7418
v 0.00593753357 -0.0321487314 0.0126297935
v 0.00543775386 -0.0323488552 0.0141499826
v 0.00626838009 -0.0323890185 0.0136323506
f 7420 7422 7421
v 0.00593753357 -0.0321487314 0.0126297935
v 0.00626838009 -0.0323890185 0.0136323506
v 0.00626527617 -0.0324205204 0.0132712026
f 7423 7425 7424
v 0.00448080173 -0.0168062077 0.0431037508
v 0.00432576999 -0.0138769916 0.0452020904
v 0.00467766949 -0.0164620491 0.0425342092
f 7426 7428 7427
v 7.00703822e-05 -0.00739219249 0.0483707961
v -0.00213289386 -0.00545796283 0.0486592238
v 0.0027359376 -0.00434178219 0.048511941
f 7429 7431 7430
v 0.00325548826 -0.0079243262 0.0479452574
v 7.00703822e-05 -0.00739219249 0.0483707961
v 0.00409979621 -0.00463954493 0.0482101663
f 7432 7434 7433
v 0.00347429304 -0.0103294966 0.0471297331
v 0.0040495237 -0.00938923331 0.0473030203
v 0.00385731619 -0.00831135112 0.0467080798
f 7435 7437 7436
v 0.00302333792 -0.0120066143 0.0468958897
v 0.00347429304 -0.0103294966 0.0471297331
v 0.00400697536 -0.0120327248 0.0462920143
f 7438 7440 7439
v 0.00302333792 -0.0120066143 0.0468958897
v 0.00325548826 -0.0079243262 0.0479452574
v 0.00347429304 -0.0103294966 0.0471297331
f 7441 7443 7442
v 0.000105381332 -0.018396313 0.0444674079
v 0.000951450056 -0.0148823456 0.0459086557
v 0.00448080173 -0.0168062077 0.0431037508
f 7444 7446 7445
v 0.00321172629 -0.0213257154 0.0402481499
v 0.00156172391 -0.0215728534 0.0415686052
v 0.002333882 -0.0203659365 0.0426117156
f 7447 7449 7448
v 0.00614083838 -0.0232759456 0.030919307
v 0.00627841073 -0.0261181616 0.0334435521
v 0.00591487915 -0.0243803937 0.0366485358
f 7450 7452 7451
v 0.00631942094 -0.0272079895 0.0324693712
v 0.00572624558 -0.0292362616 0.0309172523
v 0.00558794563 -0.0289353251 0.0321675674
f 7453 7455 7454
v 0.00522744667 -0.0301378954 0.031398196
v 0.00572624558 -0.0292362616 0.0309172523
v 0.00585970411 -0.0309678057 0.031055088
f 7456 7458 7457
v 0.00585970411 -0.0309678057 0.031055088
v 0.00349197799 -0.0305809692 0.0315167854
v 0.00522744667 -0.0301378954 0.031398196
f 7459 7461 7460
v 0.00168914921 -0.0317722559 0.0304816611
v 0.00118683674 -0.0300299318 0.0308746326
v 0.00349197799 -0.0305809692 0.0315167854
f 7462 7464 7463
v 4.80358722e-06 -0.0305477704 0.030191819
v 0.00116262672 -0.0285956427 0.0317958678
v 0.00118683674 -0.0300299318 0.0308746326
f 7465 7467 7466
v -0.0057794161 -0.0217083405 0.0423994905
v -0.00755463479 -0.0211361563 0.0437350682
v -0.00496704888 -0.0206449244 0.0445752696
f 7468 7470 7469
v -0.00755463479 -0.0211361563 0.0437350682
v -0.0113957176 -0.0198905997 0.0427418505
v -0.0107146319 -0.0205653312 0.0443454861
f 7471 7473 7472
v -0.00144627265 -0.0251788588 0.038875037
v -0.00529819736 -0.0249104924 0.0398596836
v -0.00315898105 -0.0248745142 0.0406473031
f 7474 7476 7475
v -0.00423266392 -0.0261560665 0.0375221891
v -0.00139893164 -0.0263951166 0.0371894072
v -0.00568879768 -0.0260880857 0.0351432798
f 7477 7479 7478
v -0.00348632711 -0.0277049025 0.0340426108
v -0.00380101992 -0.0263602298 0.0346307381
v -0.00122150741 -0.026715186 0.0343655556
f 7480 7482 7481
v -0.00426250517 -0.0286827708 0.0319427898
v -0.00616870238 -0.02796177 0.0337147911
v -0.00348632711 -0.0277049025 0.0340426108
f 7483 7485 7484
v -0.00616870238 -0.02796177 0.0337147911
v -0.00784081349 -0.025945704 0.0342489831
v -0.00671665402 -0.0256594678 0.0353770913
f 7486 7488 7487
v -0.00756737281 -0.028720207 0.0300624204
v -0.0101053098 -0.028084495 0.0313672877
v -0.0104306513 -0.0273341342 0.0330182636
f 7489 7491 7490
v -0.00208958118 -0.0283614208 0.0331239251
v -0.00125177976 -0.0286886439 0.0319606334
v -0.00426250517 -0.0286827708 0.0319427898
f 7492 7494 7493
v -0.0127457766 -0.0223273586 0.0409655215
v -0.0127309002 -0.0198941052 0.0427526247
v -0.00996276649 -0.0210149432 0.0415506162
f 7495 7497 7496
v -0.0129986467 -0.0247591088 0.0389456953
v -0.00864225149 -0.0254335813 0.0374874449
v -0.0120108147 -0.0250419776 0.0378945813
f 7498 7500 7499
v -0.00784081349 -0.025945704 0.0342489831
v -0.0101029204 -0.0264113041 0.0334903423
v -0.00971871777 -0.0256502593 0.0345550856
f 7501 7503 7502
v -0.00971871777 -0.0256502593 0.0345550856
v -0.0101029204 -0.0264113041 0.0334903423
v -0.0114206974 -0.0261447276 0.0341146108
f 7504 7506 7505
v -0.0104306513 -0.0273341342 0.0330182636
v -0.0101053098 -0.028084495 0.0313672877
v -0.0132844274 -0.0284172886 0.032652411
f 7507 7509 7508
v 0.00476191053 -0.0186176941 0.0419569493
v 0.00499971502 -0.0194623368 0.0418503099
v 0.00468629296 -0.0187755388 0.0423269288
f 7510 7512 7511
v 0.00476191053 -0.0186176941 0.0419569493
v 0.00468629296 -0.0187755388 0.0423269288
v 0.00458802533 -0.018767736 0.042322831
f 7513 7515 7514
v 0.00387545588 -0.0323642074 0.0276397623
v 0.00171204374 -0.0332022551 0.0283199624
v 0.00554376747 -0.0318055623 0.0298536266
f 7516 7518 7517
v 0.00646429689 -0.0284100825 0.0201983581
v 0.00589321426 -0.030605332 0.0220534159
v 0.00604921952 -0.0304003595 0.0236365682
f 7519 7521 7520
v 0.00646429689 -0.0284100825 0.0201983581
v 0.00668176654 -0.0298129336 0.0167262202
v 0.0053762953 -0.0310884061 0.0196637848
f 7522 7524 7523
v 0.00668176654 -0.0298129336 0.0167262202
v 0.00545223884 -0.0316262827 0.0183655357
v 0.0053762953 -0.0310884061 0.0196637848
f 7525 7527 7526
v 0.00360406193 -0.0333017291 0.01621017
v 0.00475693232 -0.0316797872 0.0174336557
v 0.00616997131 -0.0321655651 0.0169822524
f 7528 7530 7529
v 0.00475693232 -0.0316797872 0.0174336557
v 0.00442922465 -0.0309740484 0.018634455
v 0.00545223884 -0.0316262827 0.0183655357
f 7531 7533 7532
v 0.00229437501 -0.031786802 0.0243486895
v 0.00181126234 -0.0330651616 0.0249895442
v 0.00387545588 -0.0323642074 0.0276397623
f 7534 7536 7535
v -0.00198689559 -0.0317619881 0.027467811
v -0.00327482412 -0.0309628202 0.0282407273
v 4.80358722e-06 -0.0305477704 0.030191819
f 7537 7539 7538
v 0.00229437501 -0.031786802 0.0243486895
v 0.00387545588 -0.0323642074 0.0276397623
v 0.00592909637 -0.0303708133 0.0268628413
f 7540 7542 7541
v 0.00308689559 -0.0310564123 0.0228871373
v 0.000206407276 -0.0319382583 0.0209430946
v 0.0041830499 -0.0306268397 0.0241828078
f 7543 7545 7544
v 0.00475693232 -0.0316797872 0.0174336557
v 0.000233368337 -0.033609863 0.0164892073
v 0.000674228068 -0.0331135641 0.0177969981
f 7546 7548 7547
v 0.0062882129 -0.0325915898 0.0132724716
v 0.00626838009 -0.0323890185 0.0136323506
v 0.00543775386 -0.0323488552 0.0141499826
f 7549 7551 7550
v 0.00626838009 -0.0323890185 0.0136323506
v 0.00627129193 -0.0323358254 0.0140315125
v 0.00543775386 -0.0323488552 0.0141499826
f 7552 7554 7553
v 0.0062882129 -0.0325915898 0.0132724716
v 0.00626527617 -0.0324205204 0.0132712026
v 0.00626838009 -0.0323890185 0.0136323506
f 7555 7557 7556
v -0.00360575832 -0.0319529325 0.015213713
v 0.00202887459 -0.0335700635 0.0147542858
v 0.00211028164 -0.0325772562 0.0143545971
f 7558 7560 7559
v -0.00360575832 -0.0319529325 0.015213713
v 0.00211028164 -0.0325772562 0.0143545971
v 0.000348289177 -0.0311947777 0.0142483565
f 7561 7563 7562
v 0.00626838009 -0.0323890185 0.0136323506
v 0.00639605569 -0.0325430185 0.0138842443
v 0.00627129193 -0.0323358254 0.0140315125
f 7564 7566 7565
v 0.00639605569 -0.0325430185 0.0138842443
v 0.0062882129 -0.0325915898 0.0132724716
v 0.00543775386 -0.0323488552 0.0141499826
f 7567 7569 7568
v 0.00625187822 -0.0332090538 0.0126395054
v 0.00580616761 -0.0341078441 0.0103298764
v 0.00664310355 -0.0340259547 0.012517604
f 7570 7572 7571
v 0.0052420437 -0.0359386468 0.0065986118
v 0.00580616761 -0.0341078441 0.0103298764
v 0.00638265192 -0.0318717037 0.0125189938
f 7573 7575 7574
v 0.00397677068 -0.0312740711 0.0127317791
v 0.00305399517 -0.0309797149 0.0121154859
v 0.00197224726 -0.0300229498 0.0124353232
f 7576 7578 7577
v 0.000895420817 -0.0298679224 0.0105921848
v 0.000449494109 -0.0293327786 0.00999153926
v 0.00197224726 -0.0300229498 0.0124353232
f 7579 7581 7580
v 0.000449494109 -0.0293327786 0.00999153926
v 0.000339699181 -0.0291082717 0.0115411982
v 0.00197224726 -0.0300229498 0.0124353232
f 7582 7584 7583
v 0.00360406193 -0.0333017291 0.01621017
v 0.00202887459 -0.0335700635 0.0147542858
v 0.000233368337 -0.033609863 0.0164892073
f 7585 7587 7586
v 0.00139831682 -0.0342130515 0.0124780418
v 0.00038751532 -0.0338157988 0.0111055881
v 0.00305399517 -0.0309797149 0.0121154859
f 7588 7590 7589
v -0.0036273912 -0.0298803614 0.0146959472
v 0.000348289177 -0.0311947777 0.0142483565
v -0.000410278881 -0.0301157765 0.0139074153
f 7591 7593 7592
v 0.00197224726 -0.0300229498 0.0124353232
v 0.000348289177 -0.0311947777 0.0142483565
v 0.00397677068 -0.0312740711 0.0127317791
f 7594 7596 7595
v -0.000410278881 -0.0301157765 0.0139074153
v 0.000348289177 -0.0311947777 0.0142483565
v 0.00197224726 -0.0300229498 0.0124353232
f 7597 7599 7598
v 0.00043779728 -0.0354662334 0.00529322606
v 0.0012135657 -0.0352500065 0.00555859879
v 0.00139050462 -0.0352775416 0.00553616264
f 7600 7602 7601
v 0.00043779728 -0.0354662334 0.00529322606
v 0.00139050462 -0.0352775416 0.00553616264
v 0.00098857854 -0.0356430362 0.00549611868
f 7603 7605 7604
v 0.000496850407 -0.0315020559 0.00834351158
v 0.000364168955 -0.0305783935 0.0081980601
v 0.000900864688 -0.0302240718 0.00927553701
f 7606 7608 7607
v 7.04581907e-05 -0.0326305453 0.00959921163
v -6.22196239e-05 -0.034827643 0.00966365624
v 0.000919999729 -0.0324712077 0.00810099518
f 7609 7611 7610
v 0.000895420817 -0.0298679224 0.0105921848
v 0.000900864688 -0.0302240718 0.00927553701
v 0.000449494109 -0.0293327786 0.00999153926
f 7612 7614 7613
v -0.010059381 -0.0296516344 0.0109495573
v -0.0041893185 -0.0298182626 0.0113024587
v -0.00623482556 -0.0303394918 0.00990216577
f 7615 7617 7616
v -0.00705291677 -0.032768544 0.00946166547
v -0.00802198338 -0.0314834149 0.0101838188
v -0.00623482556 -0.0303394918 0.00990216577
f 7618 7620 7619
v -0.012867109 -0.0295311416 0.0310181698
v -0.0132844274 -0.0284172886 0.032652411
v -0.0101053098 -0.028084495 0.0313672877
f 7621 7623 7622
v -0.017319317 -0.0293797988 0.0324497698
v -0.0173697423 -0.0277412415 0.0331649906
v -0.0149563188 -0.0264280679 0.0340920873
f 7624 7626 7625
v 0.000503924093 -0.0337261299 0.0259399763
v -0.00197504196 -0.0339171558 0.0259723165
v 0.00171204374 -0.0332022551 0.0283199624
f 7627 7629 7628
v -8.63255991e-05 -0.0331795076 0.0238938999
v -0.00178685441 -0.0340704981 0.0247084303
v 0.000503924093 -0.0337261299 0.0259399763
f 7630 7632 7631
v -0.00390331406 -0.0345961365 0.0173835433
v -0.00539165667 -0.035263988 0.0186681616
v -0.00564224247 -0.0357365294 0.02006922
f 7633 7635 7634
v 0.00471508683 -0.0373770716 0.00961546975
v 0.00530023244 -0.0359607046 0.0099356992
v 0.00567315874 -0.0370224268 0.00943522391
f 7636 7638 7637
v 0.00211420556 -0.0393943221 0.00726343496
v 0.00226521952 -0.037083542 0.00990507178
v 0.00471508683 -0.0373770716 0.00961546975
f 7639 7641 7640
v 0.0012135657 -0.0352500065 0.00555859879
v 0.00043779728 -0.0354662334 0.00529322606
v 0.00195223402 -0.0344316795 0.00590156305
f 7642 7644 7643
v 0.00150072156 -0.0348331145 0.00636460536
v 0.00098857854 -0.0356430362 0.00549611868
v 0.0012135657 -0.0352500065 0.00555859879
f 7645 7647 7646
v 0.00098857854 -0.0356430362 0.00549611868
v 0.000392457878 -0.0369209767 0.00528430937
v 0.000774730142 -0.0358441117 0.00525573887
f 7648 7650 7649
v 0.000774730142 -0.0358441117 0.00525573887
v 0.00043779728 -0.0354662334 0.00529322606
v 0.000954805 -0.0356121483 0.00523503331
f 7651 7653 7652
v 0.000392457878 -0.0369209767 0.00528430937
v 0.00121090488 -0.0356227596 0.00520369249
v 0.000954805 -0.0356121483 0.00523503331
f 7654 7656 7655
v 0.000392457878 -0.0369209767 0.00528430937
v 0.000954805 -0.0356121483 0.00523503331
v 0.000774730142 -0.0358441117 0.00525573887
f 7657 7659 7658
v 0.0012135657 -0.0352500065 0.00555859879
v 0.00098857854 -0.0356430362 0.00549611868
v 0.00139050462 -0.0352775416 0.00553616264
f 7660 7662 7661
v 0.00121090488 -0.0356227596 0.00520369249
v 0.00043779728 -0.0354662334 0.00529322606
v 0.00098857854 -0.0356430362 0.00549611868
f 7663 7665 7664
v 0.000700585952 -0.0362210034 0.0048002963
v 0.000954805 -0.0356121483 0.00523503331
v 0.00121090488 -0.0356227596 0.00520369249
f 7666 7668 7667
v 0.000392457878 -0.0369209767 0.00528430937
v 0.000700585952 -0.0362210034 0.0048002963
v 0.00121090488 -0.0356227596 0.00520369249
f 7669 7671 7670
v 0.000700585952 -0.0362210034 0.0048002963
v 0.000774730142 -0.0358441117 0.00525573887
v 0.000954805 -0.0356121483 0.00523503331
f 7672 7674 7673
v 0.00150072156 -0.0348331145 0.00636460536
v 0.00195223402 -0.0344316795 0.00590156305
v 0.0013738776 -0.0341740379 0.00639424761
f 7675 7677 7676
v 0.00150072156 -0.0348331145 0.00636460536
v 0.0013738776 -0.0341740379 0.00639424761
v 0.0013317549 -0.0342374755 0.00639620412
f 7678 7680 7679
v -6.65022526e-05 -0.0375502801 0.00431077351
v 0.000156868919 -0.0382390746 0.00590833079
v -0.000173581066 -0.0385241001 0.00363985891
f 7681 7683 7682
v -0.0052463598 -0.030977343 0.0262287591
v -0.00662055827 -0.0308036571 0.0258871296
v -0.0057565725 -0.0307751878 0.0273810118
f 7684 7686 7685
v -0.0075058575 -0.0307894457 0.0270336779
v -0.00911323586 -0.0301336113 0.0261425361
v -0.00985019287 -0.0303894689 0.0270024932
f 7687 7689 7688
v -0.0075058575 -0.0307894457 0.0270336779
v -0.00985019287 -0.0303894689 0.0270024932
v -0.00823141163 -0.0300455315 0.0275994185
f 7690 7692 7691
v -0.00803542061 -0.0300422369 0.015816676
v -0.0114442708 -0.0309941883 0.0171514621
v -0.00818940025 -0.0318647944 0.0172945554
f 7693 7695 7694
v -0.00732693006 -0.0353494252 0.0186047895
v -0.00564224247 -0.0357365294 0.02006922
v -0.00539165667 -0.035263988 0.0186681616
f 7696 7698 7697
v -0.0112925336 -0.0344841392 0.0230670397
v -0.0123973325 -0.0355593453 0.0216968256
v -0.014028071 -0.0344447501 0.0227470504
f 7699 7701 7700
v -0.00886110647 -0.0357182231 0.0220439455
v -0.0123973325 -0.0355593453 0.0216968256
v -0.0112925336 -0.0344841392 0.0230670397
f 7702 7704 7703
v -0.00818940025 -0.0318647944 0.0172945554
v -0.0110929032 -0.0323875487 0.017986774
v -0.00902874017 -0.0352080853 0.0194286491
f 7705 7707 7706
v -0.012867109 -0.0295311416 0.0310181698
v -0.00823141163 -0.0300455315 0.0275994185
v -0.0118660711 -0.0304996094 0.0272919075
f 7708 7710 7709
v -0.014028071 -0.0344447501 0.0227470504
v -0.0156087975 -0.0328867987 0.0235240266
v -0.0112185691 -0.0331664749 0.0237279426
f 7711 7713 7712
v -0.0148809428 -0.0313034223 0.0233790866
v -0.0161731907 -0.0306901929 0.023696883
v -0.0132476358 -0.0302294735 0.0249487755
f 7714 7716 7715
v -0.0166969141 -0.0342620217 0.0224316958
v -0.0171862106 -0.0344156084 0.0185095574
v -0.0176950591 -0.0331982999 0.0177226131
f 7717 7719 7718
v -0.0143031983 -0.0348527392 0.0189891376
v -0.0169501829 -0.0331253104 0.017706884
v -0.0171862106 -0.0344156084 0.0185095574
f 7720 7722 7721
v -0.0187333397 -0.0305939291 0.0229872458
v -0.0161731907 -0.0306901929 0.023696883
v -0.0169801235 -0.0316220045 0.0229501966
f 7723 7725 7724
v -0.0170272047 -0.0355485943 0.0201512579
v -0.0163173507 -0.0354732765 0.0214770567
v -0.0123973325 -0.0355593453 0.0216968256
f 7726 7728 7727
v -0.0159349584 -0.0310154835 0.0153973218
v -0.0169350838 -0.0316263671 0.0147233077
v -0.0183662749 -0.0319265033 0.0139092022
f 7729 7731 7730
v -0.0154507055 -0.0309220399 0.0110054032
v -0.0177233538 -0.0310777657 0.0113446004
v -0.015880444 -0.0306208851 0.0115877992
f 7732 7734 7733
v -0.0177233538 -0.0310777657 0.0113446004
v -0.0185310884 -0.0317812723 0.0123860184
v -0.015880444 -0.0306208851 0.0115877992
f 7735 7737 7736
v -0.0174124056 -0.0332819123 0.0111338988
v -0.0181175623 -0.032652801 0.0107079519
v -0.0180381816 -0.0325711851 0.0110024819
f 7738 7740 7739
v -0.0174124056 -0.0332819123 0.0111338988
v -0.0180381816 -0.0325711851 0.0110024819
v -0.0180508068 -0.0325662899 0.0111266861
f 7741 7743 7742
v -0.0174124056 -0.0332819123 0.0111338988
v -0.0172179527 -0.0351066323 0.0101093698
v -0.0181175623 -0.032652801 0.0107079519
f 7744 7746 7745
v -0.0181175623 -0.032652801 0.0107079519
v -0.018579977 -0.0316847378 0.0110294459
v -0.0180508068 -0.0325662899 0.0111266861
f 7747 7749 7748
v -0.0180381816 -0.0325711851 0.0110024819
v -0.0181175623 -0.032652801 0.0107079519
v -0.0180508068 -0.0325662899 0.0111266861
f 7750 7752 7751
v -0.0151314278 -0.03886708 0.00319384308
v -0.012137719 -0.0381194637 0.00494123378
v -0.0102592108 -0.0387159555 0.00383931583
f 7753 7755 7754
v -0.0162699958 -0.038401832 0.00408511041
v -0.0164952449 -0.0382099533 0.00383161096
v -0.0157761038 -0.0379986392 0.00575144877
f 7756 7758 7757
v -0.00355841257 -0.0345758686 0.00731344771
v -0.00705291677 -0.032768544 0.00946166547
v 0.000496850407 -0.0315020559 0.00834351158
f 7759 7761 7760
v 0.000206407276 -0.0319382583 0.0209430946
v 0.000406363688 -0.0323875254 0.0191131025
v -0.00272003817 -0.0340850238 0.0208625832
f 7762 7764 7763
v 0.00195223402 -0.0344316795 0.00590156305
v 0.0013317549 -0.0342374755 0.00639620412
v 0.0013738776 -0.0341740379 0.00639424761
f 7765 7767 7766
v -0.0180007788 -0.0264689967 0.0345916545
v -0.0176647824 -0.0260239671 0.0358351623
v -0.0161737378 -0.0258411164 0.0367715285
f 7768 7770 7769
v -0.0180007788 -0.0264689967 0.0345916545
v -0.0161737378 -0.0258411164 0.0367715285
v -0.0149563188 -0.0264280679 0.0340920873
f 7771 7773 7772
v 0.0013317549 -0.0342374755 0.00639620412
v 0.000711008761 -0.0334762182 0.00692761751
v 0.0013738776 -0.0341740379 0.00639424761
f 7774 7776 7775
v 0.00120673431 -0.0334699551 0.00731066903
v 0.0013317549 -0.0342374755 0.00639620412
v 0.0013738776 -0.0341740379 0.00639424761
f 7777 7779 7778
v 4.80358722e-06 -0.0305477704 0.030191819
v -0.00327482412 -0.0309628202 0.0282407273
v -0.00528012606 -0.029843708 0.0304653717
f 7780 7782 7781
v -0.0153729561 -0.0300597691 0.0281766261
v -0.0155516711 -0.0301513646 0.0298634928
v -0.012867109 -0.0295311416 0.0310181698
f 7783 7785 7784
v 0.00444172474 -0.0411313464 0.00241610032
v 0.00447924322 -0.0391686539 0.0033198241
v 0.00425176549 -0.04033281 0.000842731788
f 7786 7788 7787
v 0.000535137224 -0.0395928015 0.000846503281
v -0.00408709057 -0.0392359419 0.00176443318
v -0.000251684833 -0.0393246999 0.00240767513
f 7789 7791 7790
v -0.00318495622 -0.0390912261 0.00301144246
v -0.000251684833 -0.0393246999 0.00240767513
v -0.00408709057 -0.0392359419 0.00176443318
f 7792 7794 7793
v 0.00173553417 -0.042561724 0.00085481397
v 0.000716028444 -0.0420282187 0.000845747763
v 0.00255455743 -0.0413692702 0.00340889092
f 7795 7797 7796
v 0.000129996624 -0.040222262 0.00277179097
v 0.000708181324 -0.040471644 0.00434120448
v 0.000439244468 -0.0412194495 0.000854682276
f 7798 7800 7799
v -0.0151314278 -0.03886708 0.00319384308
v -0.0162468583 -0.0385590043 0.000846638704
v -0.0162868091 -0.0385803054 0.00372679824
f 7801 7803 7802
v -0.0162745971 -0.03852933 0.00372447248
v -0.0162468583 -0.0385590043 0.000846638704
v -0.0164952449 -0.0382099533 0.00383161096
f 7804 7806 7805
v -0.0162745971 -0.03852933 0.00372447248
v -0.0164952449 -0.0382099533 0.00383161096
v -0.0162868091 -0.0385803054 0.00372679824
f 7807 7809 7808
v -0.00987775711 -0.00576615857 0.049354136
v -0.0136882212 -0.00699532029 0.0489205529
v -0.0142608711 -0.00481069619 0.0488918682
f 7810 7812 7811
v -0.0136882212 -0.00699532029 0.0489205529
v -0.0155277026 -0.00800435228 0.0482960779
v -0.0152424182 -0.00445905607 0.0485297671
f 7813 7815 7814
v -0.0152424182 -0.00445905607 0.0485297671
v -0.0183616503 -0.00673881223 0.0478614995
v -0.0177313195 -0.00242709575 0.0480271963
f 7816 7818 7817
v -0.0191301704 -0.0096597847 0.047121683
v -0.0187128258 -0.0111047942 0.0470374973
v -0.0188694714 -0.0123979 0.0426396553
f 7819 7821 7820
v -0.0143943937 -0.0123110396 0.048239046
v -0.0131939771 -0.0131425506 0.0483800715
v -0.0139046082 -0.0155730784 0.0469619146
f 7822 7824 7823
v -0.0170536936 -0.0159590418 0.0466764788
v -0.0139046082 -0.0155730784 0.0469619146
v -0.0161664037 -0.0178132643 0.0459397066
f 7825 7827 7826
v -0.0150269523 -0.0192479361 0.0447472936
v -0.0113957176 -0.0198905997 0.0427418505
v -0.0127309002 -0.0198941052 0.0427526247
f 7828 7830 7829
v -0.0113957176 -0.0198905997 0.0427418505
v -0.0150269523 -0.0192479361 0.0447472936
v -0.0107146319 -0.0205653312 0.0443454861
f 7831 7833 7832
v -0.0187128258 -0.0111047942 0.0470374973
v -0.0165700287 -0.0110491987 0.0480965711
v -0.0188514983 -0.0129951775 0.0463537144
f 7834 7836 7835
v -0.0155894013 -0.0193835469 0.0427140156
v -0.0156417154 -0.0204700569 0.0419325283
v -0.0175596069 -0.0186228572 0.0423716003
f 7837 7839 7838
v -0.0179580369 -0.0217291599 0.0401717611
v -0.0189275568 -0.023251005 0.032147087
v -0.0178554736 -0.0196629029 0.0403493585
f 7840 7842 7841
v -0.0177186579 -0.0247407996 0.0375814503
v -0.0176543341 -0.0251285906 0.0369342946
v -0.0176552159 -0.0246372045 0.0376089476
f 7843 7845 7844
v -0.0176552159 -0.0246372045 0.0376089476
v -0.0178481714 -0.0246785727 0.0376518554
v -0.0177186579 -0.0247407996 0.0375814503
f 7846 7848 7847
v -0.0153901026 -0.0252701313 0.0377489749
v -0.0177186579 -0.0247407996 0.0375814503
v -0.0176552159 -0.0246372045 0.0376089476
f 7849 7851 7850
v -0.0179631839 -0.0234798819 0.0393055059
v -0.0178481714 -0.0246785727 0.0376518554
v -0.0176543341 -0.0251285906 0.0369342946
f 7852 7854 7853
v -0.0179580369 -0.0217291599 0.0401717611
v -0.0178554736 -0.0196629029 0.0403493585
v -0.0176247646 -0.0222719565 0.0402257079
f 7855 7857 7856
v -0.0176247646 -0.0222719565 0.0402257079
v -0.0179631839 -0.0234798819 0.0393055059
v -0.0179580369 -0.0217291599 0.0401717611
f 7858 7860 7859
v 0.00394352319 0.0194506225 -0.0381865568
v 0.0043727101 0.0191286352 -0.0387713488
v 0.00439304058 0.0188586739 -0.0382204802
f 7861 7863 7862
v 0.00394352319 0.0194506225 -0.0381865568
v 0.00439304058 0.0188586739 -0.0382204802
v 0.0039212995 0.0193676242 -0.0381906488
f 7864 7866 7865
v -0.0252960599 -0.00874831312 0.0196441644
v -0.0251797464 -0.0113552225 0.0173022723
v -0.0259557914 -0.00657615674 0.0143502955
f 7867 7869 7868
v -0.0251797464 -0.0113552225 0.0173022723
v -0.0248884317 -0.0133524736 0.0113659677
v -0.0254741317 -0.0119754281 0.000843864291
f 7870 7872 7871
v -0.0251797464 -0.0113552225 0.0173022723
v -0.0215235355 -0.0210230544 0.0199134287
v -0.0248884317 -0.0133524736 0.0113659677
f 7873 7875 7874
v -0.0178472459 -0.0272173784 0.033816378
v -0.0173697423 -0.0277412415 0.0331649906
v -0.0181373092 -0.0280931563 0.0299489766
f 7876 7878 7877
v -0.017319317 -0.0293797988 0.0324497698
v -0.0181373092 -0.0280931563 0.0299489766
v -0.0173697423 -0.0277412415 0.0331649906
f 7879 7881 7880
v -0.017319317 -0.0293797988 0.0324497698
v -0.0176439004 -0.030066137 0.030069644
v -0.0181373092 -0.0280931563 0.0299489766
f 7882 7884 7883
v 0.0027359376 -0.00434178219 0.048511941
v -0.00153076835 -0.00221545051 0.0488237536
v 0.00316160513 -0.00224067771 0.0487231882
f 7885 7887 7886
v -0.0262600719 0.00665225016 0.00650635338
v -0.0250112236 -0.000552245865 0.0218365458
v -0.0256805099 -0.0019913874 0.00966648804
f 7888 7890 7889
v -0.0158344483 0.0294327125 0.00272974285
v -0.0121420599 0.0299067353 0.000843748148
v -0.0116420037 0.0298167026 0.00176154863
f 7891 7893 7892
v -0.0162699958 -0.038401832 0.00408511041
v -0.0151314278 -0.03886708 0.00319384308
v -0.0162745971 -0.03852933 0.00372447248
f 7894 7896 7895
v -0.0183926779 0.0290201948 0.00274668273
v -0.0203684467 0.0293012592 0.000847927004
v -0.0175167283 0.0292396173 0.000845912564
f 7897 7899 7898
v 0.00370871494 0.0148372244 -0.0424416939
v 0.00386207903 0.0154868219 -0.0425757025
v 0.00319798855 0.0141430428 -0.0438380579
f 7900 7902 7901
v 0.00436610062 0.00716031136 -0.0387810956
v 0.00441525845 0.0156772061 -0.0391050446
v 0.00338710015 0.0124852362 -0.0450590102
f 7903 7905 7904
v 0.0039212995 0.0193676242 -0.0381906488
v 0.0043727101 0.0191286352 -0.0387713488
v 0.00394352319 0.0194506225 -0.0381865568
f 7906 7908 7907
v 0.00249979857 0.0289384596 -0.00893093529
v 0.0021605083 0.0283822621 -0.00691227178
v 0.00160163836 0.0292230863 -0.00836514373
f 7909 7911 7910
v 0.00249979857 0.0289384596 -0.00893093529
v 0.00160163836 0.0292230863 -0.00836514373
v 0.00177287875 0.0291290926 -0.00861486042
f 7912 7914 7913
v 0.00334301585 0.0199671398 -0.0373360293
v 0.0039212995 0.0193676242 -0.0381906488
v 0.00394352319 0.0194506225 -0.0381865568
f 7915 7917 7916
v 0.00394452436 0.0194270222 -0.0380379788
v 0.00394352319 0.0194506225 -0.0381865568
v 0.0039212995 0.0193676242 -0.0381906488
f 7918 7920 7919
v 0.00394452436 0.0194270222 -0.0380379788
v 0.00334301585 0.0199671398 -0.0373360293
v 0.00394352319 0.0194506225 -0.0381865568
f 7921 7923 7922
v 0.00261591485 0.0211172155 -0.0358257734
v 0.00334301585 0.0199671398 -0.0373360293
v 0.00319394458 0.0204631971 -0.0365809334
f 7924 7926 7925
v 0.00319394458 0.0204631971 -0.0365809334
v 0.00334301585 0.0199671398 -0.0373360293
v 0.00320782492 0.0205135322 -0.0365784508
f 7927 7929 7928
v 0.0033181459 0.0207181729 -0.0345743814
v 0.00261591485 0.0211172155 -0.0358257734
v 0.00320782492 0.0205135322 -0.0365784508
f 7930 7932 7931
v 0.00319394458 0.0204631971 -0.0365809334
v 0.0033181459 0.0207181729 -0.0345743814
v 0.00320782492 0.0205135322 -0.0365784508
f 7933 7935 7934
v 0.0033181459 0.0207181729 -0.0345743814
v 0.00326440932 0.0221762137 -0.0342550018
v 0.00261591485 0.0211172155 -0.0358257734
f 7936 7938 7937
v -0.00483550539 6.50580148e-05 -0.0468988001
v -0.00153823639 -0.00216847257 -0.047129608
v -0.000988003012 0.000801355782 -0.0465499208
f 7939 7941 7940
v 0.00680751255 0.0123537407 0.000847760202
v 0.00405627288 0.0235604151 0.000843609178
v 0.00660166988 0.0137371841 -0.0117199765
f 7942 7944 7943
v 0.00389209818 0.0239008514 -0.0273687998
v 0.00370529015 0.0233551167 -0.0306372385
v 0.00441706215 0.0232203485 -0.0272840203
f 7945 7947 7946
v 0.00384293744 0.02497971 -0.0194868888
v 0.00334858778 0.0251334597 -0.0227542449
v 0.00507900113 0.0231648592 -0.0205526609
f 7948 7950 7949
v 7.35606591e-05 0.0255026302 -0.0214505228
v -0.00632746451 0.0262473419 -0.0225297525
v -0.00462283278 0.0254703831 -0.0236268243
f 7951 7953 7952
v -0.00980989571 0.0280918612 -0.0128092812
v -0.0130821718 0.027751617 -0.0153101559
v -0.00861196022 0.0276827457 -0.0165057281
f 7954 7956 7955
v 0.00284134367 0.0277554936 -0.0151795044
v 0.0025840629 0.0278283114 -0.0129381748
v 0.00284740163 0.0277721061 -0.0151787841
f 7957 7959 7958
v 0.00213737585 0.0278705527 -0.0149829517
v 0.00284134367 0.0277554936 -0.0151795044
v 0.00284740163 0.0277721061 -0.0151787841
f 7960 7962 7961
v 0.00177287875 0.0291290926 -0.00861486042
v 0.00270045493 0.0291172881 -0.0100206293
v 0.00178449554 0.0291619566 -0.00861338485
f 7963 7965 7964
v 0.00125867955 0.0291998527 -0.00836381951
v 0.00270045493 0.0291172881 -0.0100206293
v 0.00177287875 0.0291290926 -0.00861486042
f 7966 7968 7967
v 0.00125867955 0.0291998527 -0.00836381951
v 0.00177287875 0.0291290926 -0.00861486042
v 0.00178449554 0.0291619566 -0.00861338485
f 7969 7971 7970
v 0.0021605083 0.0283822621 -0.00691227178
v 0.00125867955 0.0291998527 -0.00836381951
v 0.00160163836 0.0292230863 -0.00836514373
f 7972 7974 7973
v -0.0236248045 0.021581183 -0.0326336332
v -0.0231211263 0.0212337502 -0.0320206163
v -0.0228878096 0.0211190985 -0.0320260006
f 7975 7977 7976
v -0.0236248045 0.021581183 -0.0326336332
v -0.0228878096 0.0211190985 -0.0320260006
v -0.0216211862 0.0206377765 -0.0328853203
f 7978 7980 7979
v 0.00177287875 0.0291290926 -0.00861486042
v 0.00160163836 0.0292230863 -0.00836514373
v 0.00178449554 0.0291619566 -0.00861338485
f 7981 7983 7982
v 0.00160163836 0.0292230863 -0.00836514373
v 0.00125867955 0.0291998527 -0.00836381951
v 0.00178449554 0.0291619566 -0.00861338485
f 7984 7986 7985
v 0.00151321146 0.0291400705 -0.00669105502
v 0.00125867955 0.0291998527 -0.00836381951
v 0.0021605083 0.0283822621 -0.00691227178
f 7987 7989 7988
v 0.000514240674 0.0294856 -0.00347893583
v -0.00156217284 0.028957639 -0.00651478695
v 0.00151321146 0.0291400705 -0.00669105502
f 7990 7992 7991
v -0.00753617351 0.0286169379 -0.00209455502
v -0.0108190281 0.0289889926 -0.00168351653
v -0.0115195653 0.0289868884 -0.00384532614
f 7993 7995 7994
v 0.000621625804 0.0283496047 -0.0101516991
v -0.000786376768 0.0283599511 -0.0117280557
v 0.00268521108 0.0290126307 -0.0110489069
f 7996 7998 7997
v -0.000327475573 0.0287872012 -0.00856695478
v -0.00468374383 0.0285635178 -0.0110259687
v -0.000786376768 0.0283599511 -0.0117280557
f 7999 8001 8000
v -0.0127359555 0.0285441085 -0.002022638
v -0.0115195653 0.0289868884 -0.00384532614
v -0.0120764511 0.0285738264 -0.00167176695
f 8002 8004 8003
v -0.011656346 0.0278385793 -0.000944229123
v -0.0108190281 0.0289889926 -0.00168351653
v -0.0117976873 0.0297632534 -0.000276430092
f 8005 8007 8006
v -0.0128570187 0.0276613951 -0.00116071433
v -0.012496495 0.0291009084 -0.000843314319
v -0.0127359555 0.0285441085 -0.002022638
f 8008 8010 8009
v -0.0120764511 0.0285738264 -0.00167176695
v -0.011656346 0.0278385793 -0.000944229123
v -0.0128570187 0.0276613951 -0.00116071433
f 8011 8013 8012
v -0.0204772106 0.0293175806 0.000844282295
v -0.0220790171 0.0289098884 -0.00151195536
v -0.0196071807 0.0290306198 -0.00344925829
f 8014 8016 8015
v -0.00623162923 0.0178631628 -0.0394863193
v -0.00809192497 0.0182513817 -0.0397833501
v -0.00537144952 0.01759968 -0.040542346
f 8017 8019 8018
v -0.00809192497 0.0182513817 -0.0397833501
v -0.00424087557 0.0166756829 -0.0414724898
v -0.00537144952 0.01759968 -0.040542346
f 8020 8022 8021
v -0.00911943498 0.0168513536 -0.0410044304
v -0.00938092999 0.012339669 -0.043397455
v -0.00570618031 0.0149477462 -0.0425468577
f 8023 8025 8024
v -0.00424087557 0.0166756829 -0.0414724898
v -0.00911943498 0.0168513536 -0.0410044304
v -0.00570618031 0.0149477462 -0.0425468577
f 8026 8028 8027
v -0.012463957 0.0224900519 -0.0346855464
v -0.0135409442 0.0195283967 -0.0383357838
v -0.010101901 0.0204583135 -0.037386769
f 8029 8031 8030
v -0.00553517311 0.0241232716 -0.0308071845
v -0.00338682439 0.0227746059 -0.0337198522
v -0.000130814442 0.0237999193 -0.0309053401
f 8032 8034 8033
v -0.0186550809 0.0185226265 -0.0389778725
v -0.0183137978 0.0165340054 -0.040124252
v -0.018188174 0.0182456977 -0.0395702053
f 8035 8037 8036
v -0.0234479754 0.018048237 -0.0367505185
v -0.0231602156 0.0181558251 -0.0380554178
v -0.0236216962 0.020059169 -0.0365679851
f 8038 8040 8039
v -0.0210288461 0.0202379772 -0.0346634042
v -0.0229414509 0.0190227205 -0.0346153043
v -0.0234432533 0.0189333252 -0.0349177892
f 8041 8043 8042
v -0.0234432533 0.0189333252 -0.0349177892
v -0.0236216962 0.020059169 -0.0365679851
v -0.0232333099 0.020008377 -0.034961768
f 8044 8046 8045
v -0.0233846629 0.0189968559 -0.0343065301
v -0.0233188068 0.0187829428 -0.0344976637
v -0.0233871033 0.0188404694 -0.0345295935
f 8047 8049 8048
v -0.0233871033 0.0188404694 -0.0345295935
v -0.0234432533 0.0189333252 -0.0349177892
v -0.0233188068 0.0187829428 -0.0344976637
f 8050 8052 8051
v -0.0236076317 0.0169311388 -0.0349251379
v -0.0234432533 0.0189333252 -0.0349177892
v -0.0233871033 0.0188404694 -0.0345295935
f 8053 8055 8054
v -0.0234432533 0.0189333252 -0.0349177892
v -0.0229414509 0.0190227205 -0.0346153043
v -0.0233188068 0.0187829428 -0.0344976637
f 8056 8058 8057
v -0.0238161345 0.0223891286 -0.0329996779
v -0.0236248045 0.021581183 -0.0326336332
v -0.0245368254 0.0215968437 -0.0334415468
f 8059 8061 8060
v -0.0231342958 0.0206158613 -0.0322362146
v -0.0216211862 0.0206377765 -0.0328853203
v -0.0228878096 0.0211190985 -0.0320260006
f 8062 8064 8063
v -0.0236248045 0.021581183 -0.0326336332
v -0.0229097001 0.0213186111 -0.0317861122
v -0.0231211263 0.0212337502 -0.0320206163
f 8065 8067 8066
v -0.0233993283 0.0213655614 -0.0315402256
v -0.0236248045 0.021581183 -0.0326336332
v -0.0242315582 0.0225471944 -0.0315576297
f 8068 8070 8069
v -0.0235377418 0.0219634181 -0.0296475366
v -0.0233993283 0.0213655614 -0.0315402256
v -0.0242315582 0.0225471944 -0.0315576297
f 8071 8073 8072
v -0.0233993283 0.0213655614 -0.0315402256
v -0.0231211263 0.0212337502 -0.0320206163
v -0.0228878096 0.0211190985 -0.0320260006
f 8074 8076 8075
v -0.0231342958 0.0206158613 -0.0322362146
v -0.0228878096 0.0211190985 -0.0320260006
v -0.0231211263 0.0212337502 -0.0320206163
f 8077 8079 8078
v 0.00463638135 -0.01954943 -0.0403622456
v 0.00468638173 -0.0187758342 -0.0406340725
v 0.00458812719 -0.0187680329 -0.0406299776
f 8080 8082 8081
v 0.00463638135 -0.01954943 -0.0403622456
v 0.00458812719 -0.0187680329 -0.0406299776
v 0.00349598486 -0.0193861822 -0.0411584217
f 8083 8085 8084
v -0.0231211263 0.0212337502 -0.0320206163
v -0.0229097001 0.0213186111 -0.0317861122
v -0.0228878096 0.0211190985 -0.0320260006
f 8086 8088 8087
v -0.0236076317 0.0169311388 -0.0349251379
v -0.0231342958 0.0206158613 -0.0322362146
v -0.0235377418 0.0219634181 -0.0296475366
f 8089 8091 8090
v -0.0223721465 0.01484737 -0.0395876821
v -0.0220716567 0.0129311651 -0.0402075384
v -0.0195077926 0.0143666955 -0.040821865
f 8092 8094 8093
v -0.0220716567 0.0129311651 -0.0402075384
v -0.0219496113 0.0116611431 -0.0408165855
v -0.0187611207 0.0109281471 -0.0424695725
f 8095 8097 8096
v -0.0195077926 0.0143666955 -0.040821865
v -0.0220716567 0.0129311651 -0.0402075384
v -0.0187611207 0.0109281471 -0.0424695725
f 8098 8100 8099
v -0.0212453509 0.00876063787 -0.0424899539
v -0.0215554654 0.0106682659 -0.0415817776
v -0.0219496113 0.0116611431 -0.0408165855
f 8101 8103 8102
v -0.0206458382 0.00307842129 -0.0442554534
v -0.020822807 0.0046092995 -0.0440010044
v -0.0217992754 0.00550518089 -0.043190291
f 8104 8106 8105
v -0.0213431253 0.00695220151 -0.0431490917
v -0.020822807 0.0046092995 -0.0440010044
v -0.018623317 0.00480877279 -0.0443924393
f 8107 8109 8108
v -0.0219496113 0.0116611431 -0.0408165855
v -0.0220716567 0.0129311651 -0.0402075384
v -0.0236076317 0.0169311388 -0.0349251379
f 8110 8112 8111
v -0.0186251564 0.0270703604 -0.0162183671
v -0.0197594214 0.0266187853 -0.0184695949
v -0.0167725579 0.0259170658 -0.0205126809
f 8113 8115 8114
v -0.0234582971 0.0257485313 -0.0227542652
v -0.022997288 0.0261921872 -0.0226681805
v -0.023626753 0.0265356619 -0.0215258988
f 8116 8118 8117
v -0.0239691246 0.0268943782 -0.0193621629
v -0.023626753 0.0265356619 -0.0215258988
v -0.0233667175 0.0272818404 -0.0190614461
f 8119 8121 8120
v -0.0239341083 0.0266961782 -0.00931151662
v -0.0236601933 0.0274933089 -0.0170881627
v -0.023968787 0.0274665712 -0.0148314502
f 8122 8124 8123
v -0.016077311 0.0283118396 -0.00973976275
v -0.018425037 0.0278352964 -0.0101559242
v -0.0160057243 0.027597649 -0.0133714479
f 8125 8127 8126
v -0.0179617869 0.0282524183 -0.00619982238
v -0.018425037 0.0278352964 -0.0101559242
v -0.016077311 0.0283118396 -0.00973976275
f 8128 8130 8129
v -0.0179617869 0.0282524183 -0.00619982238
v -0.0197398782 0.028543573 -0.00751941116
v -0.018425037 0.0278352964 -0.0101559242
f 8131 8133 8132
v -0.0239341083 0.0266961782 -0.00931151662
v -0.0242434544 0.0282223977 -0.00977508971
v -0.0238574125 0.0285369955 -0.00726306171
f 8134 8136 8135
v -0.0242434544 0.0282223977 -0.00977508971
v -0.0241987203 0.0283022819 -0.011101854
v -0.0238574125 0.0285369955 -0.00726306171
f 8137 8139 8138
v -0.021268327 0.0250055629 -0.0247530988
v -0.0234246691 0.0252725498 -0.0250342564
v -0.0208761994 0.0240768888 -0.0277844723
f 8140 8142 8141
v 0.00505973585 -0.0178193906 -0.0407729007
v 0.004774626 -0.0174494198 -0.0404472084
v 0.00489520025 -0.0171732012 -0.0410061853
f 8143 8145 8144
v 0.00505973585 -0.0178193906 -0.0407729007
v 0.00489520025 -0.0171732012 -0.0410061853
v 0.00480749295 -0.0171134365 -0.0410184264
f 8146 8148 8147
v 0.004774626 -0.0174494198 -0.0404472084
v 0.00469041697 -0.016686703 -0.0409359229
v 0.00480749295 -0.0171134365 -0.0410184264
f 8149 8151 8150
v 0.00480749295 -0.0171134365 -0.0410184264
v 0.00469041697 -0.016686703 -0.0409359229
v 0.00489520025 -0.0171732012 -0.0410061853
f 8152 8154 8153
v 0.00626839319 -0.0323891058 -0.0119394033
v 0.00595766032 -0.0323895365 -0.0123575723
v 0.00609738054 -0.0323875749 -0.0108194028
f 8155 8157 8156
v 0.00626839319 -0.0323891058 -0.0119394033
v 0.00609738054 -0.0323875749 -0.0108194028
v 0.00626529654 -0.0324206077 -0.0115782525
f 8158 8160 8159
v 0.00505973585 -0.0178193906 -0.0407729007
v 0.00468638173 -0.0187758342 -0.0406340725
v 0.00458812719 -0.0187680329 -0.0406299776
f 8161 8163 8162
v 0.00588579278 -0.0195971486 -0.035335077
v 0.00486360805 -0.0190115796 -0.0400727935
v 0.00552287675 -0.0199688788 -0.0393319991
f 8164 8166 8165
v 0.00588579278 -0.0195971486 -0.035335077
v 0.00610298739 -0.0238662353 -0.0290204567
v 0.00738751842 -0.0136981369 -0.027619832
f 8167 8169 8168
v 0.0033936456 -0.0102571976 -0.0455588946
v 0.00387407272 -0.00937413424 -0.044718475
v 0.00404958337 -0.00941121834 -0.0456074224
f 8170 8172 8171
v 0.0033936456 -0.0102571976 -0.0455588946
v 0.00392822476 -0.0121143632 -0.0448189559
v 0.00387407272 -0.00937413424 -0.044718475
f 8173 8175 8174
v 0.00604575907 -0.022834065 -0.0372056937
v 0.00560515764 -0.0239070214 -0.0366701599
v 0.005732727 -0.0243149552 -0.0360149425
f 8176 8178 8177
v 0.00181005162 -0.0219070396 -0.0394520321
v 0.00272961406 -0.0212696075 -0.0389660912
v 0.00113916249 -0.0210505299 -0.0407150015
f 8179 8181 8180
v 0.00585589441 -0.0244242343 -0.034938936
v 0.00560515764 -0.0239070214 -0.0366701599
v 0.00269234079 -0.0250143406 -0.0360882579
f 8182 8184 8183
v 0.00613350712 -0.0255727617 -0.0336955272
v 0.00408555934 -0.0262305955 -0.0319944142
v 0.00627183326 -0.0261322886 -0.0317405415
f 8185 8187 8186
v 0.00408555934 -0.0262305955 -0.0319944142
v 0.00265274939 -0.0265106675 -0.0323327637
v 0.00404023594 -0.0279874366 -0.0306375441
f 8188 8190 8189
v 0.00404023594 -0.0279874366 -0.0306375441
v 0.00563049252 -0.0289495918 -0.0304538931
v 0.00631539879 -0.0272508914 -0.0307564012
f 8191 8193 8192
v -0.00482452306 -0.0199016329 -0.0434202375
v -0.00435665061 -0.0210185492 -0.0422732672
v -0.000916905992 -0.0195286178 -0.0427134393
f 8194 8196 8195
v -0.0086705586 -0.0193466549 -0.0439440919
v -0.0118297146 -0.017954738 -0.0447298633
v -0.0145263402 -0.0185990633 -0.044081104
f 8197 8199 8198
v -0.00445892256 -0.0253760489 -0.0371119328
v -0.00316924597 -0.0248366327 -0.039007896
v -0.00525454889 -0.0249164877 -0.0381518417
f 8200 8202 8201
v -0.00143536017 -0.0287613686 -0.0302046828
v -0.00197787267 -0.0283782254 -0.0313501572
v -0.00399396631 -0.0289063843 -0.0298390834
f 8203 8205 8204
v -0.0079392732 -0.0258387881 -0.0326915237
v -0.00974287832 -0.0258229906 -0.0322791602
v -0.00654299947 -0.0270045857 -0.0324795867
f 8206 8208 8207
v -0.00606928879 -0.0281228946 -0.0317996892
v -0.00806377939 -0.0276535866 -0.0311994809
v -0.00399396631 -0.0289063843 -0.0298390834
f 8209 8211 8210
v -0.0134476199 -0.0214563668 -0.0399118813
v -0.0141597688 -0.0228978912 -0.0388094079
v -0.00944338899 -0.0224939227 -0.0392065034
f 8212 8214 8213
v -0.00974287832 -0.0258229906 -0.0322791602
v -0.0105040897 -0.0273598882 -0.0313590252
v -0.00806377939 -0.0276535866 -0.0311994809
f 8215 8217 8216
v -0.0130746339 -0.0267029536 -0.031684112
v -0.0139900134 -0.0286077557 -0.0309690513
v -0.0105040897 -0.0273598882 -0.0313590252
f 8218 8220 8219
v 0.00463638135 -0.01954943 -0.0403622456
v 0.00486360805 -0.0190115796 -0.0400727935
v 0.00468638173 -0.0187758342 -0.0406340725
f 8221 8223 8222
v 0.00486360805 -0.0190115796 -0.0400727935
v 0.00505973585 -0.0178193906 -0.0407729007
v 0.00458812719 -0.0187680329 -0.0406299776
f 8224 8226 8225
v 0.00568242249 -0.0317136117 -0.0258894026
v 0.00552335987 -0.0318746257 -0.0278528401
v 0.00329562899 -0.0326620764 -0.025891792
f 8227 8229 8228
v 0.00584872032 -0.0305166992 -0.0201666728
v 0.00640969956 -0.0284996378 -0.0181634241
v 0.00600730127 -0.0306300353 -0.0212275918
f 8230 8232 8231
v 0.00476655259 -0.0316425459 -0.0157754694
v 0.00347574314 -0.0333296979 -0.0145208178
v 0.00612303702 -0.0320830732 -0.0153960922
f 8233 8235 8234
v 0.00251440215 -0.0318109407 -0.0229316865
v 0.0035492907 -0.0308274233 -0.0219863854
v 0.00479389855 -0.0307665963 -0.0246723474
f 8236 8238 8237
v 0.00251440215 -0.0318109407 -0.0229316865
v 0.00189050334 -0.0330426556 -0.0232582795
v -0.000294821803 -0.0333614415 -0.0223270603
f 8239 8241 8240
v 0.0035492907 -0.0308274233 -0.0219863854
v 0.00251440215 -0.0318109407 -0.0229316865
v -0.000294821803 -0.0333614415 -0.0223270603
f 8242 8244 8243
v 0.0035492907 -0.0308274233 -0.0219863854
v 0.00258395157 -0.0309277268 -0.0196534049
v 0.00600730127 -0.0306300353 -0.0212275918
f 8245 8247 8246
v 0.00347574314 -0.0333296979 -0.0145208178
v 0.00476655259 -0.0316425459 -0.0157754694
v 0.00174699308 -0.0327277463 -0.0158356619
f 8248 8250 8249
v 0.0043641805 -0.0309610856 -0.0169729363
v 0.00545309013 -0.0315532146 -0.0167154605
v 0.00535286817 -0.0310986012 -0.0179999479
f 8251 8253 8252
v 0.00627130939 -0.0323359098 -0.0123385646
v 0.00626839319 -0.0323891058 -0.0119394033
v 0.00629312854 -0.0325960078 -0.0115848954
f 8254 8256 8255
v 0.00627130939 -0.0323359098 -0.0123385646
v 0.00629312854 -0.0325960078 -0.0115848954
v 0.00595766032 -0.0323895365 -0.0123575723
f 8257 8259 8258
v 0.00139051408 -0.0352775882 -0.00384321538
v 0.00121357371 -0.0352500414 -0.00386565334
v 0.00043479813 -0.0354663207 -0.00360047743
f 8260 8262 8261
v 0.00139051408 -0.0352775882 -0.00384321538
v 0.00043479813 -0.0354663207 -0.00360047743
v 0.00103544517 -0.0355673226 -0.00372802206
f 8263 8265 8264
v 0.00629312854 -0.0325960078 -0.0115848954
v 0.00639921345 -0.0325360743 -0.0121726487
v 0.00595766032 -0.0323895365 -0.0123575723
f 8266 8268 8267
v 0.00664647232 -0.0339948543 -0.0108476299
v 0.00627566478 -0.0332526251 -0.0109628381
v 0.0052292482 -0.0353215524 -0.0105598658
f 8269 8271 8270
v 0.00271734752 -0.0329028117 -0.0126957035
v 0.00248813158 -0.0303931913 -0.0111391157
v 0.00469711085 -0.0315845624 -0.0109973909
f 8272 8274 8273
v 0.00029683506 -0.033609214 -0.0147878716
v 0.00214778265 -0.0335592165 -0.0130439003
v 0.00347574314 -0.0333296979 -0.0145208178
f 8275 8277 8276
v 0.00174564921 -0.032014848 -0.0102261423
v 0.00369187619 -0.0334356446 -0.0114186274
v 0.00328818714 -0.0308366434 -0.0105150473
f 8278 8280 8279
v -0.00252074933 -0.0292721728 -0.00978341413
v 0.000148287654 -0.0299798179 -0.011821626
v -0.00356103083 -0.0299309148 -0.0129979016
f 8281 8283 8282
v 0.00191604049 -0.030112997 -0.0105729894
v 0.00174564921 -0.032014848 -0.0102261423
v 0.00328818714 -0.0308366434 -0.0105150473
f 8284 8286 8285
v -3.99719283e-05 -0.0288849813 -0.00926162029
v 0.000259028457 -0.0305910129 -0.00650574511
v 0.000857557461 -0.0304012734 -0.00713964837
f 8287 8289 8288
v 0.000259028457 -0.0305910129 -0.00650574511
v 0.000505072967 -0.0314901728 -0.00664167383
v 0.000857557461 -0.0304012734 -0.00713964837
f 8290 8292 8291
v -5.95478923e-05 -0.0342400628 -0.00845655668
v 3.33428034e-05 -0.0327854475 -0.00794407024
v 0.000896598067 -0.0325734494 -0.00644893735
f 8293 8295 8294
v 0.000896598067 -0.0325734494 -0.00644893735
v 3.33428034e-05 -0.0327854475 -0.00794407024
v 0.000505072967 -0.0314901728 -0.00664167383
f 8296 8298 8297
v 0.00101445039 -0.0330678187 -0.00581417225
v 0.000896598067 -0.0325734494 -0.00644893735
v 0.000505072967 -0.0314901728 -0.00664167383
f 8299 8301 8300
v -0.00356103083 -0.0299309148 -0.0129979016
v -0.00097034499 -0.030867802 -0.0128971253
v -0.00528696037 -0.0301922671 -0.0133976704
f 8302 8304 8303
v -0.00546107149 -0.030385633 -0.00799017798
v -0.00740823525 -0.0325804809 -0.00801879578
v 0.000505072967 -0.0314901728 -0.00664167383
f 8305 8307 8306
v -0.00220473121 -0.0331139687 -0.0251606893
v -0.00297823863 -0.0340424216 -0.0236453256
v 0.000301090768 -0.0330030773 -0.0261879264
f 8308 8310 8309
v -0.00187440128 -0.0343244261 -0.0222195216
v -0.000294821803 -0.0333614415 -0.0223270603
v -0.00297823863 -0.0340424216 -0.0236453256
f 8311 8313 8312
v -0.00527890006 -0.0347814697 -0.0212185638
v -0.00187440128 -0.0343244261 -0.0222195216
v -0.00297823863 -0.0340424216 -0.0236453256
f 8314 8316 8315
v -0.00274528356 -0.034071051 -0.0191754705
v 6.241753e-05 -0.0320542837 -0.0192723557
v -0.000294821803 -0.0333614415 -0.0223270603
f 8317 8319 8318
v -0.00198989765 -0.0341034582 -0.0165382735
v 0.000228838326 -0.0324884371 -0.0173695473
v -0.00274528356 -0.034071051 -0.0191754705
f 8320 8322 8321
v -0.00274528356 -0.034071051 -0.0191754705
v 0.000228838326 -0.0324884371 -0.0173695473
v 6.241753e-05 -0.0320542837 -0.0192723557
f 8323 8325 8324
v 0.00519584719 -0.0352265197 -0.00864897302
v 0.0052292482 -0.0353215524 -0.0105598658
v 0.00383280785 -0.0353774696 -0.00942308761
f 8326 8328 8327
v 0.00519584719 -0.0352265197 -0.00864897302
v 0.00249324949 -0.0368894747 -0.00834584862
v 0.00478627771 -0.0373006973 -0.00795050291
f 8329 8331 8330
v 0.00267277283 -0.0411082554 -0.00228766039
v 0.00222607923 -0.0391222304 -0.00606923459
v 0.000622140942 -0.0407061656 -0.00203894524
f 8332 8334 8333
v 0.0049232156 -0.0387704786 -0.00589482406
v 0.00531517435 -0.0391289417 -0.00437340859
v 0.00537986489 -0.0383470731 -0.00582467874
f 8335 8337 8336
v -5.95478923e-05 -0.0342400628 -0.00845655668
v 0.0017084014 -0.0348767469 -0.0106255444
v 0.00142418285 -0.034132367 -0.0107971842
f 8338 8340 8339
v 0.000125438964 -0.0362371444 -0.00740993928
v 7.8213634e-05 -0.0351043011 -0.00614977325
v 0.00015359692 -0.0369468209 -0.003872261
f 8341 8343 8342
v 0.000133440335 -0.037775049 -0.0063650441
v 0.00115516305 -0.0373994437 -0.00752798587
v 0.000125438964 -0.0362371444 -0.00740993928
f 8344 8346 8345
v 0.0014821795 -0.0348459318 -0.00464497607
v 0.0019512554 -0.0344757515 -0.00416487455
v 0.00139051408 -0.0352775882 -0.00384321538
f 8347 8349 8348
v 0.00043479813 -0.0354663207 -0.00360047743
v 0.00121357371 -0.0352500414 -0.00386565334
v 0.0019512554 -0.0344757515 -0.00416487455
f 8350 8352 8351
v 0.00103544517 -0.0355673226 -0.00372802206
v 0.0014821795 -0.0348459318 -0.00464497607
v 0.00121357371 -0.0352500414 -0.00386565334
f 8353 8355 8354
v 0.00015359692 -0.0369468209 -0.003872261
v 0.00103544517 -0.0355673226 -0.00372802206
v 0.000774729415 -0.0358441495 -0.0035627887
f 8356 8358 8357
v 0.00103544517 -0.0355673226 -0.00372802206
v 0.000954812276 -0.0356121775 -0.0035420846
v 0.000774729415 -0.0358441495 -0.0035627887
f 8359 8361 8360
v 0.00043479813 -0.0354663207 -0.00360047743
v 0.000774729415 -0.0358441495 -0.0035627887
v 0.000954812276 -0.0356121775 -0.0035420846
f 8362 8364 8363
v 0.00103544517 -0.0355673226 -0.00372802206
v 0.00015359692 -0.0369468209 -0.003872261
v 0.0014821795 -0.0348459318 -0.00464497607
f 8365 8367 8366
v 0.00121092526 -0.0356227916 -0.0035107445
v 0.00103544517 -0.0355673226 -0.00372802206
v 0.00043479813 -0.0354663207 -0.00360047743
f 8368 8370 8369
v 0.00121092526 -0.0356227916 -0.0035107445
v 0.00043479813 -0.0354663207 -0.00360047743
v 0.000954812276 -0.0356121775 -0.0035420846
f 8371 8373 8372
v 0.000954812276 -0.0356121775 -0.0035420846
v 0.00103544517 -0.0355673226 -0.00372802206
v 0.00121092526 -0.0356227916 -0.0035107445
f 8374 8376 8375
v 0.00015359692 -0.0369468209 -0.003872261
v 0.000774729415 -0.0358441495 -0.0035627887
v 0.000954812276 -0.0356121775 -0.0035420846
f 8377 8379 8378
v 0.00015359692 -0.0369468209 -0.003872261
v 0.000954812276 -0.0356121775 -0.0035420846
v 0.00121092526 -0.0356227916 -0.0035107445
f 8380 8382 8381
v 0.00121357371 -0.0352500414 -0.00386565334
v 0.0014821795 -0.0348459318 -0.00464497607
v 0.00139051408 -0.0352775882 -0.00384321538
f 8383 8385 8384
v 0.000774729415 -0.0358441495 -0.0035627887
v 0.000880432344 -0.0359918369 -0.0031562111
v 0.000954812276 -0.0356121775 -0.0035420846
f 8386 8388 8387
v 0.000896598067 -0.0325734494 -0.00644893735
v 0.00101445039 -0.0330678187 -0.00581417225
v 0.0014821795 -0.0348459318 -0.00464497607
f 8389 8391 8390
v 0.000896598067 -0.0325734494 -0.00644893735
v 0.0014821795 -0.0348459318 -0.00464497607
v 7.8213634e-05 -0.0351043011 -0.00614977325
f 8392 8394 8393
v -0.00345516928 -0.0347539783 -0.00539576758
v -0.00485302226 -0.0356573961 -0.00461106465
v 0.00043479813 -0.0354663207 -0.00360047743
f 8395 8397 8396
v 0.00222607923 -0.0391222304 -0.00606923459
v 0.00115516305 -0.0373994437 -0.00752798587
v 0.000133440335 -0.037775049 -0.0063650441
f 8398 8400 8399
v -0.00690422457 -0.0307265582 -0.023792329
v -0.00525907672 -0.0324122317 -0.0241399859
v -0.00474902554 -0.0311145559 -0.0247849908
f 8401 8403 8402
v -0.00755219298 -0.0287101604 -0.0283819798
v -0.0100049889 -0.0301033899 -0.0264913979
v -0.00726859798 -0.0298479514 -0.0271466357
f 8404 8406 8405
v -0.00857723207 -0.0300963118 -0.0242014969
v -0.00771718405 -0.0307449518 -0.0253084319
v -0.0102774531 -0.0304642657 -0.025031736
f 8407 8409 8408
v -0.00690422457 -0.0307265582 -0.023792329
v -0.00857723207 -0.0300963118 -0.0242014969
v -0.00981784979 -0.0304499175 -0.0227041557
f 8410 8412 8411
v -0.0109425535 -0.0314527133 -0.0218342611
v -0.00981784979 -0.0304499175 -0.0227041557
v -0.0110604218 -0.0304702146 -0.0232759136
f 8413 8415 8414
v -0.00690422457 -0.0307265582 -0.023792329
v -0.00771718405 -0.0307449518 -0.0253084319
v -0.00857723207 -0.0300963118 -0.0242014969
f 8416 8418 8417
v -0.0102911676 -0.0351033756 -0.0179730909
v -0.01093713 -0.0313067896 -0.015721134
v -0.00838818669 -0.0324810215 -0.0160126758
f 8419 8421 8420
v -0.0151850734 -0.0303205161 -0.0230330683
v -0.0110604218 -0.0304702146 -0.0232759136
v -0.0150562468 -0.0300461252 -0.0263628899
f 8422 8424 8423
v -0.0151850734 -0.0303205161 -0.0230330683
v -0.0160425334 -0.0305488764 -0.0245565025
v -0.0165542267 -0.0307146867 -0.0220820642
f 8425 8427 8426
v -0.0168744562 -0.0314472622 -0.0213571431
v -0.0150575157 -0.0312335847 -0.0216842891
v -0.0165542267 -0.0307146867 -0.0220820642
f 8428 8430 8429
v -0.0165542267 -0.0307146867 -0.0220820642
v -0.0187795013 -0.0304700196 -0.0215383014
v -0.0177794573 -0.0309793511 -0.0211663835
f 8431 8433 8432
v -0.0150575157 -0.0312335847 -0.0216842891
v -0.0135811191 -0.0337910256 -0.0215777472
v -0.0112941125 -0.0330695184 -0.0220430054
f 8434 8436 8435
v -0.0168723607 -0.032932678 -0.0215702181
v -0.0150575157 -0.0312335847 -0.0216842891
v -0.0168744562 -0.0314472622 -0.0213571431
f 8437 8439 8438
v -0.0160425334 -0.0305488764 -0.0245565025
v -0.0175031717 -0.0304904417 -0.0265275914
v -0.0165542267 -0.0307146867 -0.0220820642
f 8440 8442 8441
v -0.0181004114 -0.0315657875 -0.0184825432
v -0.0187795013 -0.0304700196 -0.0215383014
v -0.0181467243 -0.0321387895 -0.0144197969
f 8443 8445 8444
v -0.0127933657 -0.0356288161 -0.0190835679
v -0.00926325301 -0.0359283673 -0.0199318558
v -0.0137282477 -0.0353810377 -0.0201457224
f 8446 8448 8447
v -0.0172427332 -0.0355588883 -0.0183847515
v -0.016960327 -0.0344134256 -0.0189314393
v -0.0171449879 -0.034584626 -0.0170180996
f 8449 8451 8450
v -0.0106024861 -0.0349545007 -0.0210412298
v -0.00768256068 -0.0339783641 -0.0217594512
v -0.0112941125 -0.0330695184 -0.0220430054
f 8452 8454 8453
v -0.0168744562 -0.0314472622 -0.0213571431
v -0.0165542267 -0.0307146867 -0.0220820642
v -0.0177794573 -0.0309793511 -0.0211663835
f 8455 8457 8456
v -0.00812352664 -0.030047592 -0.014131928
v -0.013591336 -0.0307797163 -0.0141013254
v -0.0100663339 -0.0301257329 -0.0127132531
f 8458 8460 8459
v -0.00560030021 -0.0335890596 -0.00699073935
v -0.00485302226 -0.0356573961 -0.00461106465
v -0.00345516928 -0.0347539783 -0.00539576758
f 8461 8463 8462
v -0.0162811644 -0.033101521 -0.00969736648
v -0.0138755742 -0.0326070236 -0.00935696662
v -0.0122932062 -0.0306507485 -0.00917540965
f 8464 8466 8465
v -0.0101945989 -0.0296914513 -0.00930684764
v -0.0152928886 -0.030522389 -0.00991416382
v -0.0122932062 -0.0306507485 -0.00917540965
f 8467 8469 8468
v -0.0180313495 -0.0312009768 -0.00975862349
v -0.0185489131 -0.03165784 -0.00934251948
v -0.0169489824 -0.030881603 -0.00945025677
f 8470 8472 8471
v -0.0180313495 -0.0312009768 -0.00975862349
v -0.0188783597 -0.0313320081 -0.00994905931
v -0.0185489131 -0.03165784 -0.00934251948
f 8473 8475 8474
v -0.0175946305 -0.0331100891 -0.0093946197
v -0.0162811644 -0.033101521 -0.00969736648
v -0.0180507806 -0.0325663685 -0.00943381165
f 8476 8478 8477
v -0.017241844 -0.0350222079 -0.00850972719
v -0.0162811644 -0.033101521 -0.00969736648
v -0.0175946305 -0.0331100891 -0.0093946197
f 8479 8481 8480
v -0.0182672113 -0.0325187284 -0.00898693397
v -0.017241844 -0.0350222079 -0.00850972719
v -0.0175946305 -0.0331100891 -0.0093946197
f 8482 8484 8483
v -0.00926481007 -0.0365323882 -0.00458713293
v -0.0103789876 -0.0387251202 -0.00214239517
v -0.00667785207 -0.0377216202 -0.00321758125
f 8485 8487 8486
v -0.0121312412 -0.0362472318 -0.00507545737
v -0.0161089061 -0.0359682163 -0.00710266104
v -0.0164407538 -0.0367078726 -0.00587289142
f 8488 8490 8489
v -0.0159911433 -0.0383896782 -0.00300303072
v -0.0162680633 -0.0373230811 -0.00497799556
v -0.0165646197 -0.0382420694 -0.00216034605
f 8491 8493 8492
v -0.0179657494 -0.034117882 0.000846030616
v -0.0162680633 -0.0373230811 -0.00497799556
v -0.0164407538 -0.0367078726 -0.00587289142
f 8494 8496 8495
v -0.00560056433 -0.0337766483 -0.0227898898
v -0.00527890006 -0.0347814697 -0.0212185638
v -0.00297823863 -0.0340424216 -0.0236453256
f 8497 8499 8498
v -0.00206396653 -0.034213849 -0.0152271299
v -0.000625489338 -0.0333667791 -0.0137270108
v 0.00029683506 -0.033609214 -0.0147878716
f 8500 8502 8501
v 0.00142418285 -0.034132367 -0.0107971842
v 0.00174564921 -0.032014848 -0.0102261423
v -5.95478923e-05 -0.0342400628 -0.00845655668
f 8503 8505 8504
v -0.00303072193 -0.0324701541 -0.0134321235
v -0.000625489338 -0.0333667791 -0.0137270108
v -0.00237243039 -0.0335355027 -0.0138227231
f 8506 8508 8507
v 0.0014821795 -0.0348459318 -0.00464497607
v 0.00133176654 -0.0342375308 -0.00470326595
v 0.00137388852 -0.0341740873 -0.00470130835
f 8509 8511 8510
v 0.0014821795 -0.0348459318 -0.00464497607
v 0.00137388852 -0.0341740873 -0.00470130835
v 0.0019512554 -0.0344757515 -0.00416487455
f 8512 8514 8513
v 0.00133176654 -0.0342375308 -0.00470326595
v 0.0019512554 -0.0344757515 -0.00416487455
v 0.00137388852 -0.0341740873 -0.00470130835
f 8515 8517 8516
v 0.000876498962 -0.0338180456 -0.00488013757
v 0.00133176654 -0.0342375308 -0.00470326595
v 0.00137388852 -0.0341740873 -0.00470130835
f 8518 8520 8519
v 0.00133176654 -0.0342375308 -0.00470326595
v 0.00101445039 -0.0330678187 -0.00581417225
v 0.00137388852 -0.0341740873 -0.00470130835
f 8521 8523 8522
v 0.0020168809 -0.0331387622 -0.0266743125
v 0.0018525956 -0.0317548343 -0.0288162904
v 0.000301090768 -0.0330030773 -0.0261879264
f 8524 8526 8525
v 0.00449999134 -0.0411356421 -0.000667364293
v 0.00447923958 -0.0413031725 0.00083692039
v 0.00447998245 -0.0391290407 -0.0016598322
f 8527 8529 8528
v 0.000519311288 -0.0395856216 0.000844409715
v -0.000207145058 -0.0393567723 -0.000769858616
v -0.00284602174 -0.0390911533 -0.00131292827
f 8530 8532 8531
v -0.00465448611 -0.039092431 0.000903209821
v -0.00284602174 -0.0390911533 -0.00131292827
v -0.00520291032 -0.038896795 -0.00250636331
f 8533 8535 8534
v -0.00771613122 -0.0391453999 0.000856110182
v -0.00619272323 -0.0391104404 -0.00113245924
v -0.00955521973 -0.0389875204 -7.72574822e-05
f 8536 8538 8537
v -0.00955521973 -0.0389875204 -7.72574822e-05
v -0.00619272323 -0.0391104404 -0.00113245924
v -0.0103789876 -0.0387251202 -0.00214239517
f 8539 8541 8540
v -0.0159578107 -0.0386546628 -0.00188993508
v -0.0159750227 -0.0387690088 -0.000432615798
v -0.0159911433 -0.0383896782 -0.00300303072
f 8542 8544 8543
v -0.0159750227 -0.0387690088 -0.000432615798
v -0.0159578107 -0.0386546628 -0.00188993508
v -0.01628678 -0.0385803345 -0.00203386917
f 8545 8547 8546
v -0.0159750227 -0.0387690088 -0.000432615798
v -0.0162746161 -0.038529365 -0.00203154414
v -0.0165646197 -0.0382420694 -0.00216034605
f 8548 8550 8549
v -0.0165646197 -0.0382420694 -0.00216034605
v -0.0162746161 -0.038529365 -0.00203154414
v -0.01628678 -0.0385803345 -0.00203386917
f 8551 8553 8552
v -0.0122739351 -0.00335840268 -0.0471155363
v -0.0114702503 -0.00256043058 -0.0477679219
v -0.0119617704 -0.00150206906 -0.0469191873
f 8554 8556 8555
v -0.0122739351 -0.00335840268 -0.0471155363
v -0.0148985448 -0.00307133741 -0.0467070815
v -0.014697836 -0.00472922329 -0.047096677
f 8557 8559 8558
v -0.0200222537 -0.00386045613 -0.0455222675
v -0.0208829326 -0.00162560536 -0.0447225349
v -0.0204692347 -0.00473888467 -0.044868837
f 8560 8562 8561
v -0.0172550819 -0.0156784605 -0.0450469757
v -0.0162436714 -0.0121307479 -0.0463051168
v -0.0187331476 -0.0112497459 -0.0452530745
f 8563 8565 8564
v -0.0173641194 -0.0184537363 -0.0412891211
v -0.0140735472 -0.0196531561 -0.0429514446
v -0.0170330488 -0.0181255775 -0.0433650304
f 8566 8568 8567
v -0.0178528659 -0.0182573975 -0.0404499442
v -0.0184173463 -0.017276466 -0.0414269161
v -0.0187815604 -0.0134301241 -0.0408542634
f 8569 8571 8570
v -0.0141597688 -0.0228978912 -0.0388094079
v -0.0162604207 -0.0214987478 -0.039700768
v -0.0178269824 -0.0221461814 -0.0385099294
f 8572 8574 8573
v -0.0162604207 -0.0214987478 -0.039700768
v -0.0152315566 -0.0197927511 -0.0407332554
v -0.0166763843 -0.0200946117 -0.0397909287
f 8575 8577 8576
v -0.0178390459 -0.0244716997 -0.0360010163
v -0.0176551504 -0.0246374722 -0.0359160942
v -0.017718559 -0.0247410731 -0.0358886027
f 8578 8580 8579
v -0.0176551504 -0.0246374722 -0.0359160942
v -0.0160926138 -0.0248752302 -0.0363817031
v -0.017716318 -0.024429732 -0.0372475683
f 8581 8583 8582
v -0.017904659 -0.0198050227 -0.0386098633
v -0.0166763843 -0.0200946117 -0.0397909287
v -0.0173641194 -0.0184537363 -0.0412891211
f 8584 8586 8585
v -0.0178966962 -0.0271824159 -0.0321860804
v -0.0180292744 -0.026486587 -0.0328558323
v -0.0184989505 -0.0257522741 -0.0300508516
f 8587 8589 8588
v -0.000207376434 0.0127977328 -0.04470438
v 0.000324999564 0.0152514491 -0.0428332976
v -0.00196813307 0.0156646536 -0.0424738246
f 8590 8592 8591
v -0.0178966962 -0.0271824159 -0.0321860804
v -0.0172851505 -0.0279680447 -0.0314584904
v -0.0150307926 -0.02693797 -0.0319634681
f 8593 8595 8594
v 0.00112637281 0.0294202619 0.000836686559
v -0.00636320619 0.029376999 0.000846529201
v -0.00265555063 0.0292951212 0.000281235953
f 8596 8598 8597
