# FlyGym 1.2.1 STL; B(x,y,z)=(x,z,y); winding reversed
v 0.00401418656 -0.00234306317 -0.000749427772
v 0.00375644049 -0.00204156349 0.000400518866
v 0.00412263616 -0.00214984902 -0.00254752431
f 1 3 2
v 0.0036028101 -0.00294220208 -0.00228251483
v 0.00401418656 -0.00234306317 -0.000749427772
v 0.00412263616 -0.00214984902 -0.00254752431
f 4 6 5
v 0.00324639659 -0.00521400871 -0.0019729021
v 0.00309627394 -0.00467160062 0.00040728869
v 0.0036028101 -0.00294220208 -0.00228251483
f 7 9 8
v 0.00305698595 -0.00512180595 -0.00360927479
v 0.00264926603 -0.00647129418 -0.00428961466
v 0.0036028101 -0.00294220208 -0.00228251483
f 10 12 11
v 0.00309627394 -0.00467160062 0.00040728869
v 0.00324639659 -0.00521400871 -0.0019729021
v 0.00295274349 -0.00666440901 -0.000902293323
f 13 15 14
v 0.00238939901 -0.00838278938 -0.00237251825
v 0.00108204122 -0.0105276893 -0.00131201041
v 0.00295274349 -0.00666440901 -0.000902293323
f 16 18 17
v 0.00309627394 -0.00467160062 0.00040728869
v 0.00295274349 -0.00666440901 -0.000902293323
v 0.00218030145 -0.00840838475 0.000413497992
f 19 21 20
v 0.00390549794 -0.00200137238 -0.00429151951
v 0.0035731282 -0.00297736497 -0.00435173242
v 0.00412263616 -0.00214984902 -0.00254752431
f 22 24 23
v -0.000176195476 -0.000845043996 -0.0113283691
v -0.00129429536 -0.00135727887 -0.01179049
v 0.000359357023 -0.00103931907 -0.0108829714
f 25 27 26
v 0.000700716191 -0.000795694814 -0.0100248959
v 0.00116833562 -0.00129505906 -0.0102321283
v 0.00195033645 -0.00150533269 -0.00924255801
f 28 30 29
v 0.00195033645 -0.00150533269 -0.00924255801
v 0.00291070464 -0.00179238468 -0.00626822293
v 0.000700716191 -0.000795694814 -0.0100248959
f 31 33 32
v -0.000296486041 0.00139889144 -0.008071505
v -0.000545341709 -0.000129425462 -0.0104876577
v 0.000700716191 -0.000795694814 -0.0100248959
f 34 36 35
v -0.000720383923 -0.00432048255 -0.0101502912
v 0.0014252817 -0.00569721924 -0.00732730332
v 0.00217367433 -0.00197562076 -0.0081389735
f 37 39 38
v 0.0014252817 -0.00569721924 -0.00732730332
v -0.00120262457 -0.00608646515 -0.00996676026
v -0.00111746467 -0.00968443637 -0.0091202266
f 40 42 41
v -0.0019064255 -0.00373175135 -0.0110162349
v 0.00116833562 -0.00129505906 -0.0102321283
v -0.00129429536 -0.00135727887 -0.01179049
f 43 45 44
v -0.00285417027 -0.00541633599 -0.0111126348
v -0.00120262457 -0.00608646515 -0.00996676026
v -0.000720383923 -0.00432048255 -0.0101502912
f 46 48 47
v -0.000545341709 -0.000129425462 -0.0104876577
v -0.000667393806 -0.000707051367 -0.0118146192
v -0.000176195476 -0.000845043996 -0.0113283691
f 49 51 50
v -0.000667393806 -0.000707051367 -0.0118146192
v -0.00314179197 0.00102781578 -0.0122662314
v -0.00262119374 0.000441623297 -0.0122718076
f 52 54 53
v -0.00209778864 0.00325578185 -0.00930420865
v -0.000545341709 -0.000129425462 -0.0104876577
v -0.000296486041 0.00139889144 -0.008071505
f 55 57 56
v -0.00392995462 0.00208759593 -0.0119073702
v -0.00399898308 0.00200570666 -0.0119135169
v -0.00393182163 0.00188915583 -0.0119229597
f 58 60 59
v -0.00434109061 0.00272609777 -0.0117469521
v -0.00641535007 0.00353983705 -0.0115486808
v -0.00523724812 0.00033656338 -0.0119821962
f 61 63 62
v -0.00434109061 0.00272609777 -0.0117469521
v -0.00417580595 0.00239185792 -0.0117831194
v -0.0041530162 0.00236926298 -0.011832302
f 64 66 65
v -0.00641535007 0.00353983705 -0.0115486808
v -0.00926449793 0.000594066159 -0.0113532013
v -0.00523724812 0.00033656338 -0.0119821962
f 67 69 68
v -0.00961073238 0.00253730086 -0.0114019094
v -0.00926449793 0.000594066159 -0.0113532013
v -0.00641535007 0.00353983705 -0.0115486808
f 70 72 71
v -0.00768143364 -0.00282062083 -0.0118216769
v -0.00581138884 -0.00298936757 -0.0119770826
v -0.00743453202 -0.00133057119 -0.0125947379
f 73 75 74
v -0.00419210737 -0.00325561668 -0.0118845477
v -0.00285417027 -0.00541633599 -0.0111126348
v -0.0019064255 -0.00373175135 -0.0110162349
f 76 78 77
v 0.00338975369 -0.00176701978 -0.00540619803
v 0.00412263616 -0.00214984902 -0.00254752431
v 0.00375644049 -0.00204156349 0.000400518866
f 79 81 80
v -0.00096173153 0.00323975983 -0.00377889955
v 0.0018331104 0.000483667827 -0.00362053688
v 0.00122195179 0.00122703186 0.00039605743
f 82 84 83
v 0.00291070464 -0.00179238468 -0.00626822293
v 0.00338975369 -0.00176701978 -0.00540619803
v 0.0018331104 0.000483667827 -0.00362053688
f 85 87 86
v 0.0035731282 -0.00297736497 -0.00435173242
v 0.00217367433 -0.00197562076 -0.0081389735
v 0.0014252817 -0.00569721924 -0.00732730332
f 88 90 89
v 0.0018331104 0.000483667827 -0.00362053688
v -0.00096173153 0.00323975983 -0.00377889955
v -0.000296486041 0.00139889144 -0.008071505
f 91 93 92
v 0.0014252817 -0.00569721924 -0.00732730332
v 0.00264926603 -0.00647129418 -0.00428961466
v 0.00305698595 -0.00512180595 -0.00360927479
f 94 96 95
v -0.00096173153 0.00323975983 -0.00377889955
v -0.00209778864 0.00325578185 -0.00930420865
v -0.000296486041 0.00139889144 -0.008071505
f 97 99 98
v -0.00096173153 0.00323975983 -0.00377889955
v -0.00323491331 0.00627835907 -0.00352462521
v -0.00209778864 0.00325578185 -0.00930420865
f 100 102 101
v -0.00355223892 0.00377957113 -0.0103470404
v -0.00403011509 0.0060916449 -0.00738403905
v -0.00659898942 0.00565806404 -0.0104444669
f 103 105 104
v -0.00403011509 0.0060916449 -0.00738403905
v -0.00355223892 0.00377957113 -0.0103470404
v -0.00209778864 0.00325578185 -0.00930420865
f 106 108 107
v -0.00323491331 0.00627835907 -0.00352462521
v -0.00528692435 0.00762060736 -0.00476391942
v -0.00403011509 0.0060916449 -0.00738403905
f 109 111 110
v -0.00323491331 0.00627835907 -0.00352462521
v -0.00096173153 0.00323975983 -0.00377889955
v -0.00258824584 0.00529032477 0.000387041291
f 112 114 113
v -0.00554124563 0.00768345708 0.000390658988
v -0.00528692435 0.00762060736 -0.00476391942
v -0.00323491331 0.00627835907 -0.00352462521
f 115 117 116
v -0.0141706027 0.0163676552 0.000368751535
v -0.016490322 0.0185509009 -0.00372949689
v -0.0158218478 0.0173694265 -0.00574098958
f 118 120 119
v -0.0175503214 0.0191892628 -0.0123579201
v -0.0178635237 0.0185661382 -0.0118803015
v -0.0174914181 0.018907449 -0.0120225515
f 121 123 122
v -0.0173687557 0.0185906756 -0.0110279048
v -0.017975815 0.0184573422 -0.010542322
v -0.0182980235 0.0189392726 -0.0117317468
f 124 126 125
v -0.0180015079 0.0195761168 -0.0125040911
v -0.0175503214 0.0191892628 -0.0123579201
v -0.0178377086 0.0194766282 -0.0124518381
f 127 129 128
v -0.0184885954 0.0191216706 -0.0123683596
v -0.0189244078 0.0219669542 -0.0129636872
v -0.0181000505 0.020895763 -0.0129360385
f 130 132 131
v -0.0197472691 0.0223768919 -0.0145399157
v -0.0198556489 0.022384178 -0.0147010782
v -0.0195683533 0.0221061913 -0.0150683161
f 133 135 134
v -0.0194705077 0.0214289859 -0.0152751571
v -0.0196054883 0.022094055 -0.0149364962
v -0.0195683533 0.0221061913 -0.0150683161
f 136 138 137
v -0.0198556489 0.022384178 -0.0147010782
v -0.0196054883 0.022094055 -0.0149364962
v -0.0195683533 0.0221061913 -0.0150683161
f 139 141 140
v -0.0191736457 0.0205940989 -0.0150219625
v -0.0197472691 0.0223768919 -0.0145399157
v -0.0194705077 0.0214289859 -0.0152751571
f 142 144 143
v -0.0213632346 0.0214212196 -0.0121795631
v -0.0198556489 0.022384178 -0.0147010782
v -0.019818054 0.0223782874 -0.0136261689
f 145 147 146
v -0.02086819 0.0215644221 -0.0134282571
v -0.019891368 0.0213068211 -0.0151733577
v -0.0198556489 0.022384178 -0.0147010782
f 148 150 149
v -0.0213632346 0.0214212196 -0.0121795631
v -0.019818054 0.0223782874 -0.0136261689
v -0.0198591981 0.0220731235 -0.0125614373
f 151 153 152
v -0.0198591981 0.0220731235 -0.0125614373
v -0.0189244078 0.0219669542 -0.0129636872
v -0.0201881703 0.0189929196 -0.0116307812
f 154 156 155
v -0.0170667961 0.0192863954 -0.00748073799
v -0.0169467137 0.0194264387 -0.00723064295
v -0.0169083767 0.0195099521 -0.00720671451
f 157 159 158
v -0.0162215598 0.0183000579 -0.0100092329
v -0.0161210948 0.0181925745 -0.00926366338
v -0.016012472 0.0183090844 -0.00934145355
f 160 162 161
v -0.0166865459 0.0182835181 -0.00992177811
v -0.0168444763 0.018275535 -0.00998650212
v -0.0167099395 0.0182701435 -0.00977511154
f 163 165 164
v -0.0166590049 0.0187579426 -0.00777889945
v -0.016432791 0.0190395775 -0.00778530666
v -0.0166035374 0.0189096463 -0.00771698687
f 166 168 167
v -0.0170667961 0.0192863954 -0.00748073799
v -0.0166590049 0.0187579426 -0.00777889945
v -0.0166035374 0.0189096463 -0.00771698687
f 169 171 170
v -0.0167137739 0.0186389603 -0.00783475334
v -0.0170667961 0.0192863954 -0.00748073799
v -0.0167096136 0.0180768096 -0.00821457652
f 172 174 173
v -0.0167096136 0.0180768096 -0.00821457652
v -0.0167556791 0.0175699941 -0.0081647464
v -0.0164472644 0.0189711529 -0.00771063787
f 175 177 176
v -0.0168832717 0.018997342 -0.0070765047
v -0.0167137739 0.0186389603 -0.00783475334
v -0.0167556791 0.0175699941 -0.0081647464
f 178 180 179
v -0.015996545 0.0184404795 -0.00857637715
v -0.0168297658 0.0176817906 -0.00841542205
v -0.0167096136 0.0180768096 -0.00821457652
f 181 183 182
v -0.0160209151 0.0182221207 -0.00910573799
v -0.0168060214 0.0172191198 -0.00935993012
v -0.015996545 0.0184404795 -0.00857637715
f 184 186 185
v -0.0174062588 0.0179248425 -0.0091691094
v -0.0166070779 0.018307069 -0.00903680193
v -0.0167096136 0.0180768096 -0.00821457652
f 187 189 188
v -0.0166035374 0.0189096463 -0.00771698687
v -0.016432791 0.0190395775 -0.00778530666
v -0.0165519072 0.019057648 -0.00766695957
f 190 192 191
v -0.0165519072 0.019057648 -0.00766695957
v -0.0170667961 0.0192863954 -0.00748073799
v -0.0166035374 0.0189096463 -0.00771698687
f 193 195 194
v -0.0166070779 0.018307069 -0.00903680193
v -0.0174062588 0.0179248425 -0.0091691094
v -0.0174661123 0.0181705094 -0.00968825843
f 196 198 197
v -0.017600946 0.0200334369 -0.00556466475
v -0.0170579122 0.0197346206 -0.0067935187
v -0.0168832717 0.018997342 -0.0070765047
f 199 201 200
v -0.0198588401 0.0183311058 -0.00528762102
v -0.0184772885 0.0183982746 -0.00711460889
v -0.0170579122 0.0197346206 -0.0067935187
f 202 204 203
v -0.017600946 0.0200334369 -0.00556466475
v -0.0198588401 0.0183311058 -0.00528762102
v -0.0170579122 0.0197346206 -0.0067935187
f 205 207 206
v -0.017600946 0.0200334369 -0.00556466475
v -0.0177626542 0.019737499 -0.00402927653
v -0.0178716582 0.0204579308 -0.00446866652
f 208 210 209
v -0.0177626542 0.019737499 -0.00402927653
v -0.017600946 0.0200334369 -0.00556466475
v -0.0168832717 0.018997342 -0.0070765047
f 211 213 212
v -0.0158218478 0.0173694265 -0.00574098958
v -0.016490322 0.0185509009 -0.00372949689
v -0.0167556791 0.0175699941 -0.0081647464
f 214 216 215
v -0.0177626542 0.019737499 -0.00402927653
v -0.0184506163 0.020619134 -0.00393448281
v -0.0178716582 0.0204579308 -0.00446866652
f 217 219 218
v -0.0184506163 0.020619134 -0.00393448281
v -0.0198588401 0.0183311058 -0.00528762102
v -0.017600946 0.0200334369 -0.00556466475
f 220 222 221
v -0.0168832717 0.018997342 -0.0070765047
v -0.0170579122 0.0197346206 -0.0067935187
v -0.0169467137 0.0194264387 -0.00723064295
f 223 225 224
v -0.016490322 0.0185509009 -0.00372949689
v -0.0166481812 0.0186236459 0.000364834796
v -0.0187675614 0.0214305954 -0.000770740371
f 226 228 227
v -0.016490322 0.0185509009 -0.00372949689
v -0.0187675614 0.0214305954 -0.000770740371
v -0.0177626542 0.019737499 -0.00402927653
f 229 231 230
v -0.0177626542 0.019737499 -0.00402927653
v -0.0187675614 0.0214305954 -0.000770740371
v -0.0183695403 0.0212233223 -0.0026980817
f 232 234 233
v -0.0184506163 0.020619134 -0.00393448281
v -0.0177626542 0.019737499 -0.00402927653
v -0.0183695403 0.0212233223 -0.0026980817
f 235 237 236
v -0.0198588401 0.0183311058 -0.00528762102
v -0.0204549971 0.019504645 -0.00316607257
v -0.0215888911 0.0176298563 -0.00287117964
f 238 240 239
v -0.0219349211 0.0197413043 -0.00117743375
v -0.02254828 0.0183054042 -0.00154060435
v -0.0215888911 0.0176298563 -0.00287117964
f 241 243 242
v -0.0223260373 0.0184100427 0.000384022997
v -0.0219349211 0.0197413043 -0.00117743375
v -0.0213455176 0.020094651 0.000356306259
f 244 246 245
v -0.0213455176 0.020094651 0.000356306259
v -0.0219349211 0.0197413043 -0.00117743375
v -0.020628667 0.0209837162 -0.00124743983
f 247 249 248
v -0.0218146844 0.0203914242 -0.0113082773
v -0.0213632346 0.0214212196 -0.0121795631
v -0.0208227095 0.020731629 -0.0114753195
f 250 252 251
v -0.0218146844 0.0203914242 -0.0113082773
v -0.0231659011 0.0198827911 -0.0109765948
v -0.0213632346 0.0214212196 -0.0121795631
f 253 255 254
v -0.0104365346 0.00864447429 -0.0109982917
v -0.0133755064 0.0109984219 -0.0110140871
v -0.0136592207 0.00940219761 -0.0121428355
f 256 258 257
v -0.0156433831 0.011240504 -0.0128653977
v -0.0160489042 0.0118052238 -0.0128815765
v -0.0155060363 0.0106468033 -0.0129267311
f 259 261 260
v -0.0160489042 0.0118052238 -0.0128815765
v -0.0162930693 0.0102093392 -0.012089948
v -0.0155060363 0.0106468033 -0.0129267311
f 262 264 263
v -0.0173634835 0.0117829724 -0.0123323145
v -0.0162930693 0.0102093392 -0.012089948
v -0.0160489042 0.0118052238 -0.0128815765
f 265 267 266
v -0.0173634835 0.0117829724 -0.0123323145
v -0.0171817548 0.00912602627 -0.0117710282
v -0.0162930693 0.0102093392 -0.012089948
f 268 270 269
v -0.0150959895 0.0098648663 -0.0129235472
v -0.0136592207 0.00940219761 -0.0121428355
v -0.0133755064 0.0109984219 -0.0110140871
f 271 273 272
v -0.00689404769 0.0050187944 -0.0113630027
v -0.00659898942 0.00565806404 -0.0104444669
v -0.00887113492 0.00501433387 -0.0120249184
f 274 276 275
v -0.00689404769 0.0050187944 -0.0113630027
v -0.00961073238 0.00253730086 -0.0114019094
v -0.00641535007 0.00353983705 -0.0115486808
f 277 279 278
v -0.00972947018 0.00471195199 -0.0126384839
v -0.0104679551 0.00422527191 -0.0123310718
v -0.00887113492 0.00501433387 -0.0120249184
f 280 282 281
v -0.0064302294 0.00425524086 -0.0116112788
v -0.00689404769 0.0050187944 -0.0113630027
v -0.00641535007 0.00353983705 -0.0115486808
f 283 285 284
v -0.0060846869 0.00385048079 -0.0117933138
v -0.00643135209 0.00431524531 -0.0116339826
v -0.0064302294 0.00425524086 -0.0116112788
f 286 288 287
v -0.00972947018 0.00471195199 -0.0126384839
v -0.00887113492 0.00501433387 -0.0120249184
v -0.0106547857 0.00537329943 -0.0125268038
f 289 291 290
v -0.00743453202 -0.00133057119 -0.0125947379
v -0.010593608 -0.00114740633 -0.0126949657
v -0.00860507207 -0.00163003715 -0.0125336781
f 292 294 293
v -0.00926449793 0.000594066159 -0.0113532013
v -0.010593608 -0.00114740633 -0.0126949657
v -0.00743453202 -0.00133057119 -0.0125947379
f 295 297 296
v -0.0125637307 0.00215284017 -0.0121073506
v -0.0129756852 -0.000363012373 -0.0123487931
v -0.00926449793 0.000594066159 -0.0113532013
f 298 300 299
v -0.0130900517 0.00339521648 -0.0118089338
v -0.0125637307 0.00215284017 -0.0121073506
v -0.0104679551 0.00422527191 -0.0123310718
f 301 303 302
v -0.0128731161 0.00463837132 -0.0115224357
v -0.0130900517 0.00339521648 -0.0118089338
v -0.0104679551 0.00422527191 -0.0123310718
f 304 306 305
v -0.0147864223 0.00844377137 -0.0127070671
v -0.0139978583 0.00747164086 -0.0123342616
v -0.0136592207 0.00940219761 -0.0121428355
f 307 309 308
v -0.0139978583 0.00747164086 -0.0123342616
v -0.0145092723 0.00666238047 -0.0116255847
v -0.0125896928 0.00659832949 -0.0124231388
f 310 312 311
v -0.0145092723 0.00666238047 -0.0116255847
v -0.0153101166 0.00452449785 -0.0115027164
v -0.0128731161 0.00463837132 -0.0115224357
f 313 315 314
v -0.0145092723 0.00666238047 -0.0116255847
v -0.0158236828 0.00730182946 -0.012151969
v -0.0167098682 0.00613227021 -0.0122480997
f 316 318 317
v -0.0158236828 0.00730182946 -0.012151969
v -0.0145092723 0.00666238047 -0.0116255847
v -0.0147864223 0.00844377137 -0.0127070671
f 319 321 320
v -0.0150959895 0.0098648663 -0.0129235472
v -0.0147864223 0.00844377137 -0.0127070671
v -0.0136592207 0.00940219761 -0.0121428355
f 322 324 323
v -0.0153113942 0.0100400568 -0.0129236229
v -0.0162930693 0.0102093392 -0.012089948
v -0.0150959895 0.0098648663 -0.0129235472
f 325 327 326
v -0.0167098682 0.00613227021 -0.0122480997
v -0.0153101166 0.00452449785 -0.0115027164
v -0.0145092723 0.00666238047 -0.0116255847
f 328 330 329
v -0.0153056419 0.0102286373 -0.01291472
v -0.0155060363 0.0106468033 -0.0129267311
v -0.0153113942 0.0100400568 -0.0129236229
f 331 333 332
v -0.0104365346 0.00864447429 -0.0109982917
v -0.0106557491 0.0120072109 -0.00468561229
v -0.0125481864 0.0118454242 -0.00871568118
f 334 336 335
v -0.0125481864 0.0118454242 -0.00871568118
v -0.0133755064 0.0109984219 -0.0110140871
v -0.0104365346 0.00864447429 -0.0109982917
f 337 339 338
v -0.0133755064 0.0109984219 -0.0110140871
v -0.0125481864 0.0118454242 -0.00871568118
v -0.015185817 0.012284788 -0.0121284822
f 340 342 341
v -0.0106557491 0.0120072109 -0.00468561229
v -0.0129844469 0.0147110579 0.000369433019
v -0.0136338931 0.0139448413 -0.00658710924
f 343 345 344
v -0.0106557491 0.0120072109 -0.00468561229
v -0.0100939156 0.0115468581 0.000373902867
v -0.0129844469 0.0147110579 0.000369433019
f 346 348 347
v -0.00403011509 0.0060916449 -0.00738403905
v -0.00528692435 0.00762060736 -0.00476391942
v -0.00770497718 0.00902721949 -0.0046725112
f 349 351 350
v -0.00528692435 0.00762060736 -0.00476391942
v -0.00554124563 0.00768345708 0.000390658988
v -0.00770497718 0.00902721949 -0.0046725112
f 352 354 353
v -0.0189196013 0.00882200547 -0.0122044752
v -0.018249698 0.00683913531 -0.0122511963
v -0.0171817548 0.00912602627 -0.0117710282
f 355 357 356
v -0.0166149504 0.00431847002 -0.0115686496
v -0.0153101166 0.00452449785 -0.0115027164
v -0.0167098682 0.00613227021 -0.0122480997
f 358 360 359
v -0.0154514011 0.00263166221 -0.0108213848
v -0.0153101166 0.00452449785 -0.0115027164
v -0.0163920966 0.00309591014 -0.0116548443
f 361 363 362
v -0.0177005189 0.00253153503 -0.0105005121
v -0.0163920966 0.00309591014 -0.0116548443
v -0.0175038105 0.00376078788 -0.0115995063
f 364 366 365
v -0.0183647353 0.00392189359 -0.0119486627
v -0.0177005189 0.00253153503 -0.0105005121
v -0.0175038105 0.00376078788 -0.0115995063
f 367 369 368
v -0.0197587782 0.00389444322 -0.0115139432
v -0.0183647353 0.00392189359 -0.0119486627
v -0.018249698 0.00683913531 -0.0122511963
f 370 372 371
v -0.020932882 0.0061877392 -0.0119293974
v -0.0197587782 0.00389444322 -0.0115139432
v -0.018249698 0.00683913531 -0.0122511963
f 373 375 374
v -0.0197587782 0.00389444322 -0.0115139432
v -0.020932882 0.0061877392 -0.0119293974
v -0.0223054114 0.00451095948 -0.0118943724
f 376 378 377
v -0.018249698 0.00683913531 -0.0122511963
v -0.0201968462 0.00706371648 -0.0119011784
v -0.020932882 0.0061877392 -0.0119293974
f 379 381 380
v -0.0174930319 0.0151103814 -0.0133145601
v -0.015232616 0.0150380336 -0.00936048382
v -0.0169915773 0.0169369232 -0.0103478116
f 382 384 383
v -0.0169915773 0.0169369232 -0.0103478116
v -0.0181303316 0.0181952288 -0.0113256297
v -0.0181312978 0.0156614464 -0.0137958763
f 385 387 386
v -0.0181312978 0.0156614464 -0.0137958763
v -0.0174930319 0.0151103814 -0.0133145601
v -0.0169915773 0.0169369232 -0.0103478116
f 388 390 389
v -0.0190864375 0.0196530993 -0.0154519628
v -0.0191871019 0.0197748886 -0.0152541586
v -0.0191395273 0.0197933245 -0.0154052308
f 391 393 392
v -0.0193140891 0.0195284447 -0.015106608
v -0.0191741812 0.0198850001 -0.0154322188
v -0.0192548076 0.0200531591 -0.0152609835
f 394 396 395
v -0.0191549785 0.0190292412 -0.0151399552
v -0.0193140891 0.0195284447 -0.015106608
v -0.0194297798 0.0185447469 -0.0150857988
f 397 399 398
v -0.0190576495 0.0193517306 -0.0152078748
v -0.0191297353 0.0185864483 -0.0147932209
v -0.0191430794 0.0197509784 -0.0150937849
f 400 402 401
v -0.019054531 0.0189118015 -0.0153194094
v -0.0191297353 0.0185864483 -0.0147932209
v -0.0191549785 0.0190292412 -0.0151399552
f 403 405 404
v -0.0181303316 0.0181952288 -0.0113256297
v -0.0178816219 0.0180980933 -0.01096735
v -0.0178635237 0.0185661382 -0.0118803015
f 406 408 407
v -0.0182030999 0.018445008 -0.011578721
v -0.0181303316 0.0181952288 -0.0113256297
v -0.0182389675 0.0185411074 -0.0118165684
f 409 411 410
v -0.0181303316 0.0181952288 -0.0113256297
v -0.0182604417 0.0183446333 -0.0116065996
v -0.018305218 0.0185870202 -0.0119609394
f 412 414 413
v -0.0184059041 0.0183227152 -0.0115350602
v -0.0184885954 0.0191216706 -0.0123683596
v -0.0183669865 0.0187276193 -0.0119737677
f 415 417 416
v -0.018305218 0.0185870202 -0.0119609394
v -0.0189176164 0.0170451036 -0.0141860888
v -0.0181303316 0.0181952288 -0.0113256297
f 418 420 419
v -0.0191430794 0.0197509784 -0.0150937849
v -0.0184885954 0.0191216706 -0.0123683596
v -0.0191736457 0.0205940989 -0.0150219625
f 421 423 422
v -0.0193140891 0.0195284447 -0.015106608
v -0.0201053175 0.0204408527 -0.014759737
v -0.0194297798 0.0185447469 -0.0150857988
f 424 426 425
v -0.0201053175 0.0204408527 -0.014759737
v -0.0206794837 0.0177102847 -0.014206476
v -0.0194297798 0.0185447469 -0.0150857988
f 427 429 428
v -0.0191297353 0.0185864483 -0.0147932209
v -0.0193343483 0.0172820233 -0.0147086917
v -0.0189176164 0.0170451036 -0.0141860888
f 430 432 431
v -0.0185633646 0.0164618003 -0.0143859448
v -0.0189176164 0.0170451036 -0.0141860888
v -0.0193007712 0.0168975414 -0.0147084182
f 433 435 434
v -0.0192987325 0.0180599163 -0.014929616
v -0.0194297798 0.0185447469 -0.0150857988
v -0.0193223779 0.0177872789 -0.014952218
f 436 438 437
v -0.0206794837 0.0177102847 -0.014206476
v -0.0194947817 0.0173390159 -0.0147634622
v -0.0193223779 0.0177872789 -0.014952218
f 439 441 440
v -0.0193685133 0.0175832276 -0.0147865008
v -0.0193223779 0.0177872789 -0.014952218
v -0.0194947817 0.0173390159 -0.0147634622
f 442 444 443
v -0.0206794837 0.0177102847 -0.014206476
v -0.0204182346 0.0161639764 -0.0138260744
v -0.0193007712 0.0168975414 -0.0147084182
f 445 447 446
v -0.015232616 0.0150380336 -0.00936048382
v -0.0167269362 0.0134189002 -0.0136014278
v -0.016482122 0.0128745189 -0.0130519737
f 448 450 449
v -0.0172683358 0.0138986841 -0.0138414791
v -0.0179927767 0.0145235594 -0.0132396381
v -0.0167269362 0.0134189002 -0.0136014278
f 451 453 452
v -0.0167269362 0.0134189002 -0.0136014278
v -0.0179927767 0.0145235594 -0.0132396381
v -0.016482122 0.0128745189 -0.0130519737
f 454 456 455
v -0.0178284274 0.014846267 -0.0134998292
v -0.0179927767 0.0145235594 -0.0132396381
v -0.0175842797 0.0143469719 -0.0137318828
f 457 459 458
v -0.0175842797 0.0143469719 -0.0137318828
v -0.0179927767 0.0145235594 -0.0132396381
v -0.0172683358 0.0138986841 -0.0138414791
f 460 462 461
v -0.0173634835 0.0117829724 -0.0123323145
v -0.0160489042 0.0118052238 -0.0128815765
v -0.016482122 0.0128745189 -0.0130519737
f 463 465 464
v -0.0175842797 0.0143469719 -0.0137318828
v -0.0172562213 0.0139577547 -0.0138469768
v -0.0172277389 0.0139578042 -0.013977004
f 466 468 467
v -0.0172253727 0.0142357705 -0.0136881252
v -0.0167269362 0.0134189002 -0.0136014278
v -0.0174930319 0.0151103814 -0.0133145601
f 469 471 470
v -0.0206794837 0.0177102847 -0.014206476
v -0.0232781575 0.0165361096 -0.0125834747
v -0.0216356813 0.015741578 -0.0136239978
f 472 474 473
v -0.015232616 0.0150380336 -0.00936048382
v -0.0167556791 0.0175699941 -0.0081647464
v -0.0166947561 0.0170103973 -0.0092896611
f 475 477 476
v -0.0173973182 0.0174834771 -0.00988176762
v -0.0171697742 0.01751417 -0.00957014563
v -0.0171386637 0.0176340109 -0.00951365582
f 478 480 479
v -0.0170524698 0.0172805871 -0.00963087368
v -0.0176200425 0.0163035584 -0.0096944088
v -0.0172541026 0.0172086031 -0.00985848674
f 481 483 482
v -0.0176200425 0.0163035584 -0.0096944088
v -0.0173973182 0.0174834771 -0.00988176762
v -0.0172541026 0.0172086031 -0.00985848674
f 484 486 485
v -0.0168665181 0.0172245971 -0.00901551175
v -0.0168206971 0.0173598397 -0.00895045378
v -0.0169756342 0.0175270688 -0.00848574564
f 487 489 488
v -0.0168060214 0.0172191198 -0.00935993012
v -0.0168297658 0.0176817906 -0.00841542205
v -0.015996545 0.0184404795 -0.00857637715
f 490 492 491
v -0.0168060214 0.0172191198 -0.00935993012
v -0.0167472317 0.0173383582 -0.00894518525
v -0.0168297658 0.0176817906 -0.00841542205
f 493 495 494
v -0.0168297658 0.0176817906 -0.00841542205
v -0.0169756342 0.0175270688 -0.00848574564
v -0.0167556791 0.0175699941 -0.0081647464
f 496 498 497
v -0.0177472612 0.0161208154 -0.00879143481
v -0.0169365056 0.0169674226 -0.00956722288
v -0.0168665181 0.0172245971 -0.00901551175
f 499 501 500
v -0.0177472612 0.0161208154 -0.00879143481
v -0.0168665181 0.0172245971 -0.00901551175
v -0.0169756342 0.0175270688 -0.00848574564
f 502 504 503
v -0.0166947561 0.0170103973 -0.0092896611
v -0.0169915773 0.0169369232 -0.0103478116
v -0.015232616 0.0150380336 -0.00936048382
f 505 507 506
v -0.0174062588 0.0179248425 -0.0091691094
v -0.0168060214 0.0172191198 -0.00935993012
v -0.0170524698 0.0172805871 -0.00963087368
f 508 510 509
v -0.0166947561 0.0170103973 -0.0092896611
v -0.0169365056 0.0169674226 -0.00956722288
v -0.0169328923 0.0170276151 -0.00965094514
f 511 513 512
v -0.0158218478 0.0173694265 -0.00574098958
v -0.0167556791 0.0175699941 -0.0081647464
v -0.015232616 0.0150380336 -0.00936048382
f 514 516 515
v -0.0195593617 0.0173092005 -0.00740067335
v -0.0200924667 0.014100378 -0.00845666873
v -0.0177472612 0.0161208154 -0.00879143481
f 517 519 518
v -0.0210308353 0.0149285246 -0.00788009493
v -0.0200924667 0.014100378 -0.00845666873
v -0.0195593617 0.0173092005 -0.00740067335
f 520 522 521
v -0.0207406687 0.0177407812 -0.0111292531
v -0.0201881703 0.0189929196 -0.0116307812
v -0.0184059041 0.0183227152 -0.0115350602
f 523 525 524
v -0.0208227095 0.020731629 -0.0114753195
v -0.0201881703 0.0189929196 -0.0116307812
v -0.0207406687 0.0177407812 -0.0111292531
f 526 528 527
v -0.020639984 0.0166497775 -0.0104317784
v -0.0196809939 0.017652793 -0.010413034
v -0.0176200425 0.0163035584 -0.0096944088
f 529 531 530
v -0.0207406687 0.0177407812 -0.0111292531
v -0.0220120739 0.0183952463 -0.0109076398
v -0.0218146844 0.0203914242 -0.0113082773
f 532 534 533
v -0.0200924667 0.014100378 -0.00845666873
v -0.0197789515 0.0143199315 -0.00900487139
v -0.0177472612 0.0161208154 -0.00879143481
f 535 537 536
v -0.0197789515 0.0143199315 -0.00900487139
v -0.0208824567 0.0140271441 -0.0092090384
v -0.020639984 0.0166497775 -0.0104317784
f 538 540 539
v -0.0208824567 0.0140271441 -0.0092090384
v -0.0226929624 0.0145170634 -0.00877128186
v -0.0228873061 0.0162239856 -0.010574107
f 541 543 542
v -0.0232229591 0.0156931434 -0.00871829834
v -0.0238331442 0.0158145675 -0.00966684674
v -0.0226929624 0.0145170634 -0.00877128186
f 544 546 545
v -0.0208824567 0.0140271441 -0.0092090384
v -0.0228873061 0.0162239856 -0.010574107
v -0.020639984 0.0166497775 -0.0104317784
f 547 549 548
v -0.0231439015 0.0134102971 -0.00717839284
v -0.0234106774 0.0130329383 -0.00777851819
v -0.023083073 0.0127044535 -0.00792839201
f 550 552 551
v -0.022101932 0.0162124066 -0.0060703147
v -0.0225050579 0.0155264512 -0.00568434843
v -0.0225983807 0.0144660982 -0.00723372796
f 553 555 554
v -0.0175655528 0.0176486123 -0.0101596226
v -0.0173973182 0.0174834771 -0.00988176762
v -0.0196809939 0.017652793 -0.010413034
f 556 558 557
v -0.0225050579 0.0155264512 -0.00568434843
v -0.0198588401 0.0183311058 -0.00528762102
v -0.0215888911 0.0176298563 -0.00287117964
f 559 561 560
v -0.0215888911 0.0176298563 -0.00287117964
v -0.0226461794 0.015436158 -0.00423127494
v -0.0225050579 0.0155264512 -0.00568434843
f 562 564 563
v -0.0238798209 0.0171638734 0.00037867303
v -0.0247361022 0.0162942873 -0.000813985389
v -0.0223260373 0.0184100427 0.000384022997
f 565 567 566
v -0.02254828 0.0183054042 -0.00154060435
v -0.0252360769 0.0147768689 -0.00170169806
v -0.0230076286 0.0163380202 -0.00245784158
f 568 570 569
v -0.0226461794 0.015436158 -0.00423127494
v -0.0244033159 0.0136124203 -0.00550862278
v -0.0225050579 0.0155264512 -0.00568434843
f 571 573 572
v -0.0244856055 0.0135510039 -0.00301597374
v -0.0249857898 0.0123731937 -0.00416377588
v -0.0244033159 0.0136124203 -0.00550862278
f 574 576 575
v -0.0252360769 0.0147768689 -0.00170169806
v -0.0244856055 0.0135510039 -0.00301597374
v -0.0230076286 0.0163380202 -0.00245784158
f 577 579 578
v -0.0260288041 0.013101146 -0.000867024119
v -0.0238798209 0.0171638734 0.00037867303
v -0.0249675737 0.0148448278 0.000381187647
f 580 582 581
v -0.0260288041 0.013101146 -0.000867024119
v -0.0247361022 0.0162942873 -0.000813985389
v -0.0238798209 0.0171638734 0.00037867303
f 583 585 584
v -0.0260288041 0.013101146 -0.000867024119
v -0.0257311098 0.0138182819 -0.00152825251
v -0.0256856583 0.0141655997 -0.00137126863
f 586 588 587
v -0.0231659011 0.0198827911 -0.0109765948
v -0.0225141397 0.020435678 -0.0121618679
v -0.0213632346 0.0214212196 -0.0121795631
f 589 591 590
v -0.0228873061 0.0162239856 -0.010574107
v -0.0220120739 0.0183952463 -0.0109076398
v -0.020639984 0.0166497775 -0.0104317784
f 592 594 593
v -0.0224302159 0.0177625407 -0.0127846812
v -0.023706285 0.0195335044 -0.0121544625
v -0.0239649016 0.0181539857 -0.012085303
f 595 597 596
v -0.0220120739 0.0183952463 -0.0109076398
v -0.0236706823 0.0178345217 -0.0104874845
v -0.0223692739 0.0191668267 -0.0106172025
f 598 600 599
v -0.0253664533 0.0166797428 -0.0114000344
v -0.0250322802 0.0157315939 -0.0117720985
v -0.0242130933 0.0172699947 -0.0124552229
f 601 603 602
v -0.0250322802 0.0157315939 -0.0117720985
v -0.0242637951 0.0150411914 -0.0118013792
v -0.0242130933 0.0172699947 -0.0124552229
f 604 606 605
v -0.0236706823 0.0178345217 -0.0104874845
v -0.0251585647 0.0169268314 -0.0105103063
v -0.0244050141 0.0178738715 -0.0110011206
f 607 609 608
v -0.0242637951 0.0150411914 -0.0118013792
v -0.0216356813 0.015741578 -0.0136239978
v -0.0232781575 0.0165361096 -0.0125834747
f 610 612 611
v -0.0262803864 0.0148929132 -0.0115435563
v -0.0250322802 0.0157315939 -0.0117720985
v -0.0253664533 0.0166797428 -0.0114000344
f 613 615 614
v -0.0254582468 0.0161259086 -0.0102497543
v -0.0253664533 0.0166797428 -0.0114000344
v -0.0251585647 0.0169268314 -0.0105103063
f 616 618 617
v -0.0243384813 0.0156005437 -0.00942800034
v -0.0254582468 0.0161259086 -0.0102497543
v -0.0251585647 0.0169268314 -0.0105103063
f 619 621 620
v -0.024899753 0.0140870601 -0.00985142469
v -0.0254582468 0.0161259086 -0.0102497543
v -0.0243384813 0.0156005437 -0.00942800034
f 622 624 623
v -0.0261138659 0.0152363165 -0.0106286498
v -0.0254582468 0.0161259086 -0.0102497543
v -0.024899753 0.0140870601 -0.00985142469
f 625 627 626
v -0.0249173056 0.0141875033 -0.00889527364
v -0.024899753 0.0140870601 -0.00985142469
v -0.0243384813 0.0156005437 -0.00942800034
f 628 630 629
v -0.0232229591 0.0156931434 -0.00871829834
v -0.0242218404 0.014456053 -0.00777693349
v -0.0243384813 0.0156005437 -0.00942800034
f 631 633 632
v -0.0201602685 0.0126729326 -0.0121304438
v -0.0193149637 0.011335907 -0.0118554017
v -0.0173634835 0.0117829724 -0.0123323145
f 634 636 635
v -0.02026484 0.00793492072 -0.0122598547
v -0.0189196013 0.00882200547 -0.0122044752
v -0.0210940634 0.0082097642 -0.0119138713
f 637 639 638
v -0.0229079247 0.0110704408 -0.0118462682
v -0.0221520517 0.00877889543 -0.0117187097
v -0.020941539 0.010403731 -0.0114436531
f 640 642 641
v -0.0246679789 0.0111305206 -0.0128014741
v -0.0231820566 0.0124686354 -0.0122457801
v -0.0227924451 0.0137500669 -0.0125118706
f 643 645 644
v -0.023083073 0.0127044535 -0.00792839201
v -0.0244684197 0.0110134628 -0.007861216
v -0.0232517501 0.0127856081 -0.00830556601
f 646 648 647
v -0.0236575142 0.0128327796 -0.00730744068
v -0.0244684197 0.0110134628 -0.007861216
v -0.023083073 0.0127044535 -0.00792839201
f 649 651 650
v -0.0262263959 0.0124951301 -0.00758843744
v -0.0249718927 0.0129443375 -0.00781550843
v -0.025945995 0.0102827908 -0.00730699467
f 652 654 653
v -0.0244684197 0.0110134628 -0.007861216
v -0.0241351532 0.012731587 -0.00808275581
v -0.0232517501 0.0127856081 -0.00830556601
f 655 657 656
v -0.0246679789 0.0111305206 -0.0128014741
v -0.0262557878 0.00983046993 -0.0126494502
v -0.0244853436 0.00901609383 -0.0118518161
f 658 660 659
v -0.0244853436 0.00901609383 -0.0118518161
v -0.0242856462 0.0073477524 -0.0121530364
v -0.0230333375 0.00755732326 -0.011637323
f 661 663 662
v -0.0244853436 0.00901609383 -0.0118518161
v -0.0262557878 0.00983046993 -0.0126494502
v -0.0268011441 0.00841463625 -0.0128987915
f 664 666 665
v -0.0244853436 0.00901609383 -0.0118518161
v -0.0268011441 0.00841463625 -0.0128987915
v -0.0242856462 0.0073477524 -0.0121530364
f 667 669 668
v -0.0244853436 0.00901609383 -0.0118518161
v -0.0229079247 0.0110704408 -0.0118462682
v -0.0246679789 0.0111305206 -0.0128014741
f 670 672 671
v -0.0201602685 0.0126729326 -0.0121304438
v -0.0229079247 0.0110704408 -0.0118462682
v -0.0193149637 0.011335907 -0.0118554017
f 673 675 674
v -0.0221520517 0.00877889543 -0.0117187097
v -0.0244853436 0.00901609383 -0.0118518161
v -0.0230333375 0.00755732326 -0.011637323
f 676 678 677
v -0.0262992253 0.0110558693 -0.00504322852
v -0.0257343956 0.0120873781 -0.00557130988
v -0.0244033159 0.0136124203 -0.00550862278
f 679 681 680
v -0.0281854416 0.00997903553 -0.00123244236
v -0.0283750705 0.00841643414 -0.00308179297
v -0.02654501 0.0111200839 -0.00212064606
f 682 684 683
v -0.0269809738 0.0111574183 -0.00746598889
v -0.025945995 0.0102827908 -0.00730699467
v -0.0271117839 0.00955577125 -0.00677064163
f 685 687 686
v -0.0285432063 0.00835165629 -0.00522886876
v -0.0276754552 0.00870303847 -0.00676823693
v -0.0262992253 0.0110558693 -0.00504322852
f 688 690 689
v -0.0283750705 0.00841643414 -0.00308179297
v -0.0285432063 0.00835165629 -0.00522886876
v -0.0262992253 0.0110558693 -0.00504322852
f 691 693 692
v -0.0293517718 0.008917995 -0.00153394449
v -0.0283750705 0.00841643414 -0.00308179297
v -0.0281854416 0.00997903553 -0.00123244236
f 694 696 695
v -0.0250322802 0.0157315939 -0.0117720985
v -0.0262803864 0.0148929132 -0.0115435563
v -0.0260509318 0.0126630199 -0.0120339151
f 697 699 698
v -0.0266780116 0.0135854687 -0.0108365552
v -0.0262803864 0.0148929132 -0.0115435563
v -0.0261138659 0.0152363165 -0.0106286498
f 700 702 701
v -0.0273192185 0.0115985204 -0.0120765348
v -0.0260509318 0.0126630199 -0.0120339151
v -0.0267645781 0.0124500875 -0.0116176729
f 703 705 704
v -0.0260509318 0.0126630199 -0.0120339151
v -0.0246679789 0.0111305206 -0.0128014741
v -0.0242637951 0.0150411914 -0.0118013792
f 706 708 707
v -0.0255211489 0.0133576599 -0.00886777634
v -0.0259023102 0.0125841136 -0.00904672124
v -0.0255109859 0.0133515336 -0.00886521302
f 709 711 710
v -0.024899753 0.0140870601 -0.00985142469
v -0.0260481873 0.0116953204 -0.0102606609
v -0.0266780116 0.0135854687 -0.0108365552
f 712 714 713
v -0.0261304638 0.0109716988 -0.00962788472
v -0.0274000806 0.0104669205 -0.0120666526
v -0.0260481873 0.0116953204 -0.0102606609
f 715 717 716
v -0.0269019249 0.0100002566 -0.00957779775
v -0.0274000806 0.0104669205 -0.0120666526
v -0.0261304638 0.0109716988 -0.00962788472
f 718 720 719
v -0.027308258 0.00849644712 -0.0106072199
v -0.0274000806 0.0104669205 -0.0120666526
v -0.0269019249 0.0100002566 -0.00957779775
f 721 723 722
v -0.0274374528 0.00885317568 -0.00871006487
v -0.0278010819 0.00991075067 -0.00831900688
v -0.0279992906 0.00772536732 -0.00877089333
f 724 726 725
v -0.0271117839 0.00955577125 -0.00677064163
v -0.0296681421 0.00747094527 -0.00720632379
v -0.0281265646 0.0101080543 -0.00748837701
f 727 729 728
v -0.0296681421 0.00747094527 -0.00720632379
v -0.0288692536 0.00935423159 -0.00814034938
v -0.0281265646 0.0101080543 -0.00748837701
f 730 732 731
v -0.0276754552 0.00870303847 -0.00676823693
v -0.0296681421 0.00747094527 -0.00720632379
v -0.0271117839 0.00955577125 -0.00677064163
f 733 735 734
v -0.0231439015 0.0134102971 -0.00717839284
v -0.0244033159 0.0136124203 -0.00550862278
v -0.0236575142 0.0128327796 -0.00730744068
f 736 738 737
v -0.0253585662 0.0114261697 -0.00681461024
v -0.0244684197 0.0110134628 -0.007861216
v -0.0236575142 0.0128327796 -0.00730744068
f 739 741 740
v -0.0253585662 0.0114261697 -0.00681461024
v -0.025178853 0.0109977431 -0.0072923569
v -0.0244684197 0.0110134628 -0.007861216
f 742 744 743
v -0.0178635237 0.0185661382 -0.0118803015
v -0.0178816219 0.0180980933 -0.01096735
v -0.0173687557 0.0185906756 -0.0110279048
f 745 747 746
v -0.022101932 0.0162124066 -0.0060703147
v -0.0195593617 0.0173092005 -0.00740067335
v -0.0198588401 0.0183311058 -0.00528762102
f 748 750 749
v -0.0173634835 0.0117829724 -0.0123323145
v -0.0193149637 0.011335907 -0.0118554017
v -0.0171817548 0.00912602627 -0.0117710282
f 751 753 752
v -0.0227924451 0.0137500669 -0.0125118706
v -0.0201602685 0.0126729326 -0.0121304438
v -0.0216356813 0.015741578 -0.0136239978
f 754 756 755
v -0.0270066754 0.0115725663 0.000389803654
v -0.0260288041 0.013101146 -0.000867024119
v -0.0249675737 0.0148448278 0.000381187647
f 757 759 758
v -0.0314205943 0.0072801653 -0.000676407763
v -0.0302197936 0.00795712622 -0.00188482863
v -0.0293517718 0.008917995 -0.00153394449
f 760 762 761
v 0.00163393597 -0.00988881657 -0.00362238316
v 0.00108204122 -0.0105276893 -0.00131201041
v 0.00238939901 -0.00838278938 -0.00237251825
f 763 765 764
v -0.00168961251 -0.0119058575 -0.00347896312
v 0.000271534941 -0.0112043876 -0.00401054822
v -0.00040461714 -0.0111660775 -0.00664754916
f 766 768 767
v -0.000176611275 -0.0111709203 -0.0015847836
v 0.00163393597 -0.00988881657 -0.00362238316
v 0.000271534941 -0.0112043876 -0.00401054822
f 769 771 770
v -0.00225837484 -0.0121358891 -0.00657167329
v -0.00168961251 -0.0119058575 -0.00347896312
v -0.00040461714 -0.0111660775 -0.00664754916
f 772 774 773
v -0.000176611275 -0.0111709203 -0.0015847836
v -0.00131763854 -0.0112512156 -0.00166071986
v 0.000585585121 -0.0108321758 0.00042383358
f 775 777 776
v 0.00108204122 -0.0105276893 -0.00131201041
v -0.000176611275 -0.0111709203 -0.0015847836
v 0.000585585121 -0.0108321758 0.00042383358
f 778 780 779
v -0.00131763854 -0.0112512156 -0.00166071986
v -0.00168961251 -0.0119058575 -0.00347896312
v -0.00303020006 -0.0118397591 0.000424642576
f 781 783 782
v -0.00303020006 -0.0118397591 0.000424642576
v 0.000585585121 -0.0108321758 0.00042383358
v -0.00131763854 -0.0112512156 -0.00166071986
f 784 786 785
v -0.00415108589 -0.00654845426 -0.0115536772
v -0.00313347118 -0.00842762674 -0.0109700195
v -0.00285417027 -0.00541633599 -0.0111126348
f 787 789 788
v -0.00313347118 -0.00842762674 -0.0109700195
v -0.00443538811 -0.00918066071 -0.0112110109
v -0.0042394222 -0.010926574 -0.0104633429
f 790 792 791
v -0.00443538811 -0.00918066071 -0.0112110109
v -0.00653530806 -0.0120420067 -0.0105402418
v -0.0042394222 -0.010926574 -0.0104633429
f 793 795 794
v -0.00686384592 -0.00818334229 -0.0122447556
v -0.00443538811 -0.00918066071 -0.0112110109
v -0.00313347118 -0.00842762674 -0.0109700195
f 796 798 797
v -0.00313347118 -0.00842762674 -0.0109700195
v -0.0042394222 -0.010926574 -0.0104633429
v -0.00111746467 -0.00968443637 -0.0091202266
f 799 801 800
v -0.00733159686 -0.00478030161 -0.0122479891
v -0.00415108589 -0.00654845426 -0.0115536772
v -0.00419210737 -0.00325561668 -0.0118845477
f 802 804 803
v -0.00581138884 -0.00298936757 -0.0119770826
v -0.00733159686 -0.00478030161 -0.0122479891
v -0.00419210737 -0.00325561668 -0.0118845477
f 805 807 806
v -0.00860507207 -0.00163003715 -0.0125336781
v -0.00946350847 -0.00303193101 -0.0117860691
v -0.00768143364 -0.00282062083 -0.0118216769
f 808 810 809
v -0.00946350847 -0.00303193101 -0.0117860691
v -0.00970099791 -0.0057050529 -0.0124004728
v -0.00768143364 -0.00282062083 -0.0118216769
f 811 813 812
v -0.00743453202 -0.00133057119 -0.0125947379
v -0.00860507207 -0.00163003715 -0.0125336781
v -0.00768143364 -0.00282062083 -0.0118216769
f 814 816 815
v -0.00686384592 -0.00818334229 -0.0122447556
v -0.00733159686 -0.00478030161 -0.0122479891
v -0.00914362172 -0.00858062413 -0.0123196456
f 817 819 818
v -0.00970099791 -0.0057050529 -0.0124004728
v -0.00914362172 -0.00858062413 -0.0123196456
v -0.00733159686 -0.00478030161 -0.0122479891
f 820 822 821
v -0.0120846002 -0.0045257304 -0.0118924334
v -0.0111427107 -0.00607193579 -0.0125181978
v -0.0105889834 -0.00333903954 -0.0119153687
f 823 825 824
v -0.0105889834 -0.00333903954 -0.0119153687
v -0.0111427107 -0.00607193579 -0.0125181978
v -0.00970099791 -0.0057050529 -0.0124004728
f 826 828 827
v -0.0111427107 -0.00607193579 -0.0125181978
v -0.0120846002 -0.0045257304 -0.0118924334
v -0.0120468168 -0.00744191275 -0.0124251295
f 829 831 830
v -0.00285417027 -0.00541633599 -0.0111126348
v -0.00419210737 -0.00325561668 -0.0118845477
v -0.00415108589 -0.00654845426 -0.0115536772
f 832 834 833
v -0.00111746467 -0.00968443637 -0.0091202266
v 0.000656459224 -0.0095506919 -0.00673852555
v 0.00168031966 -0.00739157695 -0.00658094068
f 835 837 836
v -0.00040461714 -0.0111660775 -0.00664754916
v 0.000656459224 -0.0095506919 -0.00673852555
v -0.00111746467 -0.00968443637 -0.0091202266
f 838 840 839
v -0.00111746467 -0.00968443637 -0.0091202266
v -0.00375762829 -0.0121387304 -0.00900442974
v -0.00040461714 -0.0111660775 -0.00664754916
f 841 843 842
v -0.00739308816 -0.0130626344 -0.00846834228
v -0.00225837484 -0.0121358891 -0.00657167329
v -0.00375762829 -0.0121387304 -0.00900442974
f 844 846 845
v -0.00375762829 -0.0121387304 -0.00900442974
v -0.00225837484 -0.0121358891 -0.00657167329
v -0.00040461714 -0.0111660775 -0.00664754916
f 847 849 848
v -0.00225837484 -0.0121358891 -0.00657167329
v -0.00510027276 -0.0128706452 -0.00443280551
v -0.00168961251 -0.0119058575 -0.00347896312
f 850 852 851
v -0.00510027276 -0.0128706452 -0.00443280551
v -0.00600383028 -0.0134198795 -0.00229888501
v -0.00356130513 -0.0126301093 -0.0020597603
f 853 855 854
v -0.00168961251 -0.0119058575 -0.00347896312
v -0.00510027276 -0.0128706452 -0.00443280551
v -0.00356130513 -0.0126301093 -0.0020597603
f 856 858 857
v -0.00600383028 -0.0134198795 -0.00229888501
v -0.00699508673 -0.0126078536 -0.000630607201
v -0.00356130513 -0.0126301093 -0.0020597603
f 859 861 860
v -0.00456712514 -0.0119792494 -0.000215445039
v -0.00303020006 -0.0118397591 0.000424642576
v -0.00356130513 -0.0126301093 -0.0020597603
f 862 864 863
v -0.00699508673 -0.0126078536 -0.000630607201
v -0.00694750779 -0.0123887556 0.000430002956
v -0.00456712514 -0.0119792494 -0.000215445039
f 865 867 866
v -0.00699508673 -0.0126078536 -0.000630607201
v -0.00902450993 -0.0130558139 0.0004387015
v -0.00694750779 -0.0123887556 0.000430002956
f 868 870 869
v -0.00653530806 -0.0120420067 -0.0105402418
v -0.00739308816 -0.0130626344 -0.00846834228
v -0.00375762829 -0.0121387304 -0.00900442974
f 871 873 872
v -0.0087159613 -0.0120669582 -0.0107330939
v -0.00739308816 -0.0130626344 -0.00846834228
v -0.00653530806 -0.0120420067 -0.0105402418
f 874 876 875
v -0.00860275759 -0.0138855292 -0.00690182133
v -0.00569333642 -0.0133075926 -0.00669928122
v -0.00739308816 -0.0130626344 -0.00846834228
f 877 879 878
v -0.0105966465 -0.0140289179 -0.00225126787
v -0.00783696451 -0.0137571173 -0.00219662415
v -0.00816625907 -0.0133725334 -0.00477930262
f 880 882 881
v -0.0105966465 -0.0140289179 -0.00225126787
v -0.0132798858 -0.0143310303 -0.00145722652
v -0.00902450993 -0.0130558139 0.0004387015
f 883 885 884
v -0.00816625907 -0.0133725334 -0.00477930262
v -0.00600383028 -0.0134198795 -0.00229888501
v -0.00510027276 -0.0128706452 -0.00443280551
f 886 888 887
v -0.0132430374 -0.00777561072 -0.01240235
v -0.0130028129 -0.0115803516 -0.0108677319
v -0.00879540457 -0.0104829429 -0.0118394222
f 889 891 890
v -0.0130028129 -0.0115803516 -0.0108677319
v -0.0116280818 -0.0130062195 -0.00758444512
v -0.0113767812 -0.0122464684 -0.0104364008
f 892 894 893
v -0.0119484364 -0.0142373872 -0.00602236287
v -0.0109850283 -0.0142628851 -0.00586381648
v -0.0104905135 -0.0129679494 -0.00789088808
f 895 897 896
v -0.0157712217 -0.0127736741 -0.0074133095
v -0.0155023692 -0.0137701456 -0.00549457582
v -0.0116280818 -0.0130062195 -0.00758444512
f 898 900 899
v -0.0157712217 -0.0127736741 -0.0074133095
v -0.0116280818 -0.0130062195 -0.00758444512
v -0.0135782277 -0.0122900994 -0.00906921996
f 901 903 902
v -0.0157712217 -0.0127736741 -0.0074133095
v -0.0162098906 -0.0114900628 -0.00911633397
v -0.0184908393 -0.0109214488 -0.00885661793
f 904 906 905
v -0.0155023692 -0.0137701456 -0.00549457582
v -0.015096362 -0.0148734121 -0.00365732703
v -0.0140920209 -0.0147200684 -0.00494686465
f 907 909 908
v -0.0177851034 -0.0150008738 -0.000562289142
v -0.0162642405 -0.0146927865 0.000437084782
v -0.0132798858 -0.0143310303 -0.00145722652
f 910 912 911
v -0.0163729987 -0.0149999541 -0.00279944707
v -0.0132798858 -0.0143310303 -0.00145722652
v -0.015096362 -0.0148734121 -0.00365732703
f 913 915 914
v -0.0163729987 -0.0149999541 -0.00279944707
v -0.015096362 -0.0148734121 -0.00365732703
v -0.0175954789 -0.0134788614 -0.00608845148
f 916 918 917
v -0.0181833355 -0.0150784777 -0.00141553392
v -0.0177851034 -0.0150008738 -0.000562289142
v -0.0163729987 -0.0149999541 -0.00279944707
f 919 921 920
v -0.00629369097 -0.0264544768 -0.0160695199
v -0.00780463524 -0.0256030762 -0.0158810726
v -0.00593993827 -0.0276557665 -0.0165622041
f 922 924 923
v -0.00549878241 -0.0275206781 -0.0161984673
v -0.00657421479 -0.0264878967 -0.0151707296
v -0.00629369097 -0.0264544768 -0.0160695199
f 925 927 926
v -0.00870521471 -0.0244299765 -0.0139721757
v -0.00704940394 -0.025438625 -0.0149822445
v -0.00657421479 -0.0264878967 -0.0151707296
f 928 930 929
v -0.00641127408 -0.0274561782 -0.0155836431
v -0.00870521471 -0.0244299765 -0.0139721757
v -0.00657421479 -0.0264878967 -0.0151707296
f 931 933 932
v -0.00641127408 -0.0274561782 -0.0155836431
v -0.00657421479 -0.0264878967 -0.0151707296
v -0.00549878241 -0.0275206781 -0.0161984673
f 934 936 935
v -0.00771905543 -0.0224049872 -0.0142833829
v -0.00772295898 -0.0224048636 -0.0134585891
v -0.00752125634 -0.02233462 -0.0128189917
f 937 939 938
v -0.00752125634 -0.02233462 -0.0128189917
v -0.00919017475 -0.0208448517 -0.0125960563
v -0.00932658877 -0.0199866932 -0.0139322801
f 940 942 941
v -0.00870521471 -0.0244299765 -0.0139721757
v -0.00871010488 -0.0227272772 -0.0125458289
v -0.00772295898 -0.0224048636 -0.0134585891
f 943 945 944
v -0.0120076453 -0.0210804559 -0.0175500754
v -0.0110859364 -0.0223714815 -0.0167332939
v -0.0113819093 -0.0197625341 -0.0171329506
f 946 948 947
v -0.0110859364 -0.0223714815 -0.0167332939
v -0.00892596145 -0.023566524 -0.016237903
v -0.00999523836 -0.0199727685 -0.0160298048
f 949 951 950
v -0.0111893271 -0.0182068557 -0.013656661
v -0.0121271667 -0.0176291651 -0.0163607736
v -0.0109222216 -0.0185925994 -0.0159834977
f 952 954 953
v -0.0144871563 -0.0160696916 -0.0127433799
v -0.0128563523 -0.0168122511 -0.0144496356
v -0.0111893271 -0.0182068557 -0.013656661
f 955 957 956
v -0.0132631991 -0.0168949162 -0.0160479016
v -0.0153195157 -0.0151773143 -0.0157636998
v -0.0160020471 -0.0159131421 -0.018017384
f 958 960 959
v -0.0153195157 -0.0151773143 -0.0157636998
v -0.0171134045 -0.0143063691 -0.0150996406
v -0.0175116293 -0.0143404541 -0.0164772995
f 961 963 962
v -0.0146468767 -0.0157104907 -0.0141779194
v -0.0171134045 -0.0143063691 -0.0150996406
v -0.0153195157 -0.0151773143 -0.0157636998
f 964 966 965
v -0.0138502568 -0.0180445815 -0.0176621892
v -0.01434312 -0.0198428752 -0.0183050201
v -0.0113819093 -0.0197625341 -0.0171329506
f 967 969 968
v -0.0138502568 -0.0180445815 -0.0176621892
v -0.0156297552 -0.0196830602 -0.0188572041
v -0.01434312 -0.0198428752 -0.0183050201
f 970 972 971
v -0.0160020471 -0.0159131421 -0.018017384
v -0.0138502568 -0.0180445815 -0.0176621892
v -0.0132631991 -0.0168949162 -0.0160479016
f 973 975 974
v -0.0162097829 -0.0174292101 -0.0187763595
v -0.0156297552 -0.0196830602 -0.0188572041
v -0.0138502568 -0.0180445815 -0.0176621892
f 976 978 977
v -0.00938053709 -0.0247178425 -0.0152412191
v -0.00796280583 -0.0265735755 -0.0155052549
v -0.00780463524 -0.0256030762 -0.0158810726
f 979 981 980
v -0.00870521471 -0.0244299765 -0.0139721757
v -0.00827457989 -0.0241277914 -0.014680202
v -0.00704940394 -0.025438625 -0.0149822445
f 982 984 983
v -0.00938053709 -0.0247178425 -0.0152412191
v -0.00855665785 -0.0243671253 -0.0153590168
v -0.00915040218 -0.024060077 -0.015933509
f 985 987 986
v -0.00827457989 -0.0241277914 -0.014680202
v -0.00915040218 -0.024060077 -0.015933509
v -0.00855665785 -0.0243671253 -0.0153590168
f 988 990 989
v -0.0110859364 -0.0223714815 -0.0167332939
v -0.0104720166 -0.0237501823 -0.016381935
v -0.00892596145 -0.023566524 -0.016237903
f 991 993 992
v -0.0109430031 -0.0243863091 -0.0151156564
v -0.0118204749 -0.0243924631 -0.0143224315
v -0.0112592497 -0.0240018344 -0.0130381057
f 994 996 995
v -0.0115924027 -0.0225445066 -0.0174822926
v -0.0117782918 -0.0234248204 -0.0167707825
v -0.0110859364 -0.0223714815 -0.0167332939
f 997 999 998
v -0.0120076453 -0.0210804559 -0.0175500754
v -0.0132195986 -0.0225210053 -0.0169938343
v -0.0115924027 -0.0225445066 -0.0174822926
f 1000 1002 1001
v -0.0132195986 -0.0225210053 -0.0169938343
v -0.0126194529 -0.0237909728 -0.0157304603
v -0.0117782918 -0.0234248204 -0.0167707825
f 1003 1005 1004
v -0.0132195986 -0.0225210053 -0.0169938343
v -0.0117782918 -0.0234248204 -0.0167707825
v -0.0115924027 -0.0225445066 -0.0174822926
f 1006 1008 1007
v -0.0113146503 -0.0252877478 -0.0167994731
v -0.0109430031 -0.0243863091 -0.0151156564
v -0.0106701285 -0.0249143312 -0.0162430195
f 1009 1011 1010
v -0.0103558668 -0.026251949 -0.0177042704
v -0.0113146503 -0.0252877478 -0.0167994731
v -0.0106701285 -0.0249143312 -0.0162430195
f 1012 1014 1013
v -0.0117782918 -0.0234248204 -0.0167707825
v -0.0126194529 -0.0237909728 -0.0157304603
v -0.0109178625 -0.0251913472 -0.0176723115
f 1015 1017 1016
v -0.0109178625 -0.0251913472 -0.0176723115
v -0.0103558668 -0.026251949 -0.0177042704
v -0.00930268143 -0.0266919 -0.0189333863
f 1018 1020 1019
v -0.0106701285 -0.0249143312 -0.0162430195
v -0.0103690756 -0.0244989555 -0.0166693382
v -0.00945482825 -0.0254575687 -0.0176694943
f 1021 1023 1022
v -0.0103690756 -0.0244989555 -0.0166693382
v -0.0104720166 -0.0237501823 -0.016381935
v -0.0101549093 -0.0250215118 -0.0178817834
f 1024 1026 1025
v -0.0117782918 -0.0234248204 -0.0167707825
v -0.0109178625 -0.0251913472 -0.0176723115
v -0.0101549093 -0.0250215118 -0.0178817834
f 1027 1029 1028
v -0.01434312 -0.0198428752 -0.0183050201
v -0.0153700195 -0.0217537803 -0.0178963208
v -0.0120076453 -0.0210804559 -0.0175500754
f 1030 1032 1031
v -0.0156166192 -0.0222992167 -0.0174160814
v -0.0145453392 -0.0227740369 -0.0167160237
v -0.0153700195 -0.0217537803 -0.0178963208
f 1033 1035 1034
v -0.0173993001 -0.0218750327 -0.0162893266
v -0.0154167865 -0.0228331424 -0.0155260874
v -0.0156166192 -0.0222992167 -0.0174160814
f 1036 1038 1037
v -0.0156166192 -0.0222992167 -0.0174160814
v -0.0154167865 -0.0228331424 -0.0155260874
v -0.0145453392 -0.0227740369 -0.0167160237
f 1039 1041 1040
v -0.0182050309 -0.0187014346 -0.0186152203
v -0.0169301304 -0.0213761057 -0.0178543065
v -0.0156297552 -0.0196830602 -0.0188572041
f 1042 1044 1043
v -0.0164825353 -0.0226687102 -0.0187370402
v -0.0163047182 -0.0223510462 -0.0188827282
v -0.0165204459 -0.0220094764 -0.0183566299
f 1045 1047 1046
v -0.0195351749 -0.020319609 -0.0167998427
v -0.0182050309 -0.0187014346 -0.0186152203
v -0.01947571 -0.0191869942 -0.0183659198
f 1048 1050 1049
v -0.0195351749 -0.020319609 -0.0167998427
v -0.0173993001 -0.0218750327 -0.0162893266
v -0.0169301304 -0.0213761057 -0.0178543065
f 1051 1053 1052
v -0.0153700195 -0.0217537803 -0.0178963208
v -0.0162229248 -0.0211844992 -0.0182007236
v -0.0158667841 -0.0231125843 -0.0194095948
f 1054 1056 1055
v -0.0103376129 -0.0203167016 -0.0116657124
v -0.0115471652 -0.0191045692 -0.0118764481
v -0.00932658877 -0.0199866932 -0.0139322801
f 1057 1059 1058
v -0.0115471652 -0.0191045692 -0.0118764481
v -0.0111893271 -0.0182068557 -0.013656661
v -0.00932658877 -0.0199866932 -0.0139322801
f 1060 1062 1061
v -0.00871010488 -0.0227272772 -0.0125458289
v -0.00919017475 -0.0208448517 -0.0125960563
v -0.00752125634 -0.02233462 -0.0128189917
f 1063 1065 1064
v -0.00871010488 -0.0227272772 -0.0125458289
v -0.0103376129 -0.0203167016 -0.0116657124
v -0.00919017475 -0.0208448517 -0.0125960563
f 1066 1068 1067
v -0.0115471652 -0.0191045692 -0.0118764481
v -0.0103376129 -0.0203167016 -0.0116657124
v -0.0122380734 -0.0204982105 -0.011008259
f 1069 1071 1070
v -0.0122380734 -0.0204982105 -0.011008259
v -0.013079436 -0.0188111764 -0.0106982596
v -0.0115471652 -0.0191045692 -0.0118764481
f 1072 1074 1073
v -0.0112592497 -0.0240018344 -0.0130381057
v -0.0136567658 -0.0217921173 -0.01139788
v -0.0112371163 -0.0219422684 -0.0114869828
f 1075 1077 1076
v -0.0111893271 -0.0182068557 -0.013656661
v -0.0115471652 -0.0191045692 -0.0118764481
v -0.0144871563 -0.0160696916 -0.0127433799
f 1078 1080 1079
v -0.0192924126 -0.0186711375 -0.0110150926
v -0.0207349658 -0.0162430224 -0.00992595087
v -0.0181722164 -0.0181479612 -0.0101375088
f 1081 1083 1082
v -0.0181659241 -0.0151371467 -0.0029780078
v -0.0181166528 -0.0162441182 -0.0015186587
v -0.0181833355 -0.0150784777 -0.00141553392
f 1084 1086 1085
v -0.0181659241 -0.0151371467 -0.0029780078
v -0.0188769394 -0.0166133061 -0.00263313414
v -0.0181166528 -0.0162441182 -0.0015186587
f 1087 1089 1088
v -0.0212375802 -0.0167948063 -0.00175952227
v -0.0188769394 -0.0166133061 -0.00263313414
v -0.0203132018 -0.0163154677 -0.00495068125
f 1090 1092 1091
v -0.0100428784 -0.0241857939 -0.0134755654
v -0.0112592497 -0.0240018344 -0.0130381057
v -0.0101478989 -0.0236580512 -0.0120225523
f 1093 1095 1094
v -0.0132309549 -0.0236437438 -0.0140814431
v -0.0136567658 -0.0217921173 -0.01139788
v -0.0112592497 -0.0240018344 -0.0130381057
f 1096 1098 1097
v -0.0157780276 -0.0221567316 -0.0121507757
v -0.0136567658 -0.0217921173 -0.01139788
v -0.0132309549 -0.0236437438 -0.0140814431
f 1099 1101 1100
v -0.018146119 -0.0210172933 -0.0124549959
v -0.0157780276 -0.0221567316 -0.0121507757
v -0.0171910317 -0.0221254508 -0.0136939896
f 1102 1104 1103
v -0.0112592497 -0.0240018344 -0.0130381057
v -0.0112371163 -0.0219422684 -0.0114869828
v -0.0101478989 -0.0236580512 -0.0120225523
f 1105 1107 1106
v -0.0168041879 -0.0205587959 -0.0110908113
v -0.014219158 -0.0207978708 -0.010583808
v -0.0136567658 -0.0217921173 -0.01139788
f 1108 1110 1109
v -0.00845000832 -0.0257964974 -0.0145718048
v -0.00870521471 -0.0244299765 -0.0139721757
v -0.00641127408 -0.0274561782 -0.0155836431
f 1111 1113 1112
v -0.00796280583 -0.0265735755 -0.0155052549
v -0.00845000832 -0.0257964974 -0.0145718048
v -0.00641127408 -0.0274561782 -0.0155836431
f 1114 1116 1115
v -0.0087159613 -0.0120669582 -0.0107330939
v -0.00653530806 -0.0120420067 -0.0105402418
v -0.00879540457 -0.0104829429 -0.0118394222
f 1117 1119 1118
v -0.0181833355 -0.0150784777 -0.00141553392
v -0.0181166528 -0.0162441182 -0.0015186587
v -0.0177851034 -0.0150008738 -0.000562289142
f 1120 1122 1121
v -0.0197693691 -0.0169172228 0.000451243523
v -0.0183119511 -0.0161328091 0.00043712389
v -0.0181166528 -0.0162441182 -0.0015186587
f 1123 1125 1124
v -0.0188769394 -0.0166133061 -0.00263313414
v -0.0197693691 -0.0169172228 0.000451243523
v -0.0181166528 -0.0162441182 -0.0015186587
f 1126 1128 1127
v -0.0212375802 -0.0167948063 -0.00175952227
v -0.0197693691 -0.0169172228 0.000451243523
v -0.0188769394 -0.0166133061 -0.00263313414
f 1129 1131 1130
v -0.0217805791 -0.0160323165 0.000438838379
v -0.0197693691 -0.0169172228 0.000451243523
v -0.0212375802 -0.0167948063 -0.00175952227
f 1132 1134 1133
v -0.010593608 -0.00114740633 -0.0126949657
v -0.0122997546 -0.00296990402 -0.0117814343
v -0.00860507207 -0.00163003715 -0.0125336781
f 1135 1137 1136
v -0.0129756852 -0.000363012373 -0.0123487931
v -0.0141370925 -0.00224127834 -0.0126162166
v -0.0122971614 -0.00186256875 -0.0127681677
f 1138 1140 1139
v -0.0166845814 -0.0018652343 -0.0131511973
v -0.0129756852 -0.000363012373 -0.0123487931
v -0.0141994926 0.00208468955 -0.0125321181
f 1141 1143 1142
v -0.015144494 -0.00253062954 -0.0128970074
v -0.0146152714 -0.00321836997 -0.0121292083
v -0.0141370925 -0.00224127834 -0.0126162166
f 1144 1146 1145
v -0.0141370925 -0.00224127834 -0.0126162166
v -0.0166845814 -0.0018652343 -0.0131511973
v -0.015144494 -0.00253062954 -0.0128970074
f 1147 1149 1148
v -0.0146152714 -0.00321836997 -0.0121292083
v -0.0132430374 -0.00777561072 -0.01240235
v -0.0120846002 -0.0045257304 -0.0118924334
f 1150 1152 1151
v -0.0132430374 -0.00777561072 -0.01240235
v -0.0146152714 -0.00321836997 -0.0121292083
v -0.0148689782 -0.00599769446 -0.0122507539
f 1153 1155 1154
v -0.0159765172 -0.00351354829 -0.012092723
v -0.0146152714 -0.00321836997 -0.0121292083
v -0.015144494 -0.00253062954 -0.0128970074
f 1156 1158 1157
v -0.0197023255 -0.00398740776 -0.0121154211
v -0.0178886883 -0.00434563553 -0.0120019817
v -0.0176037138 -0.00295193586 -0.0128656393
f 1159 1161 1160
v -0.0177005189 0.00253153503 -0.0105005121
v -0.0160737807 0.00146393004 -0.0109176079
v -0.0154514011 0.00263166221 -0.0108213848
f 1162 1164 1163
v -0.0188038859 0.00235002663 -0.0107382883
v -0.0200253227 0.000302256944 -0.0113045775
v -0.0173205815 -5.33953482e-05 -0.0115525123
f 1165 1167 1166
v -0.0194875756 0.0021462276 -0.0104328756
v -0.0200253227 0.000302256944 -0.0113045775
v -0.0188038859 0.00235002663 -0.0107382883
f 1168 1170 1169
v -0.0177005189 0.00253153503 -0.0105005121
v -0.0188038859 0.00235002663 -0.0107382883
v -0.0173205815 -5.33953482e-05 -0.0115525123
f 1171 1173 1172
v -0.0188038859 0.00235002663 -0.0107382883
v -0.0177005189 0.00253153503 -0.0105005121
v -0.0197587782 0.00389444322 -0.0115139432
f 1174 1176 1175
v -0.0194875756 0.0021462276 -0.0104328756
v -0.0188038859 0.00235002663 -0.0107382883
v -0.0197587782 0.00389444322 -0.0115139432
f 1177 1179 1178
v -0.0166845814 -0.0018652343 -0.0131511973
v -0.0189533588 -0.0018478313 -0.0121625926
v -0.0176037138 -0.00295193586 -0.0128656393
f 1180 1182 1181
v -0.0199704737 -0.00150075748 -0.0123424979
v -0.0197023255 -0.00398740776 -0.0121154211
v -0.0189533588 -0.0018478313 -0.0121625926
f 1183 1185 1184
v -0.0194875756 0.0021462276 -0.0104328756
v -0.0215670007 -0.000553053405 -0.0114974653
v -0.0200253227 0.000302256944 -0.0113045775
f 1186 1188 1187
v -0.0235229119 0.000920464481 -0.0123196747
v -0.0238663575 -0.00062078343 -0.0121699777
v -0.0215670007 -0.000553053405 -0.0114974653
f 1189 1191 1190
v -0.0200253227 0.000302256944 -0.0113045775
v -0.0189533588 -0.0018478313 -0.0121625926
v -0.0173205815 -5.33953482e-05 -0.0115525123
f 1192 1194 1193
v -0.0132430374 -0.00777561072 -0.01240235
v -0.0120468168 -0.00744191275 -0.0124251295
v -0.0120846002 -0.0045257304 -0.0118924334
f 1195 1197 1196
v -0.0159765172 -0.00351354829 -0.012092723
v -0.0153880101 -0.00809701305 -0.0120389559
v -0.0148689782 -0.00599769446 -0.0122507539
f 1198 1200 1199
v -0.0159765172 -0.00351354829 -0.012092723
v -0.0178886883 -0.00434563553 -0.0120019817
v -0.0153880101 -0.00809701305 -0.0120389559
f 1201 1203 1202
v -0.0184159391 -0.00633114541 -0.0120185796
v -0.0198517475 -0.0076632401 -0.011491734
v -0.0178923845 -0.00869537835 -0.0114996954
f 1204 1206 1205
v -0.0184159391 -0.00633114541 -0.0120185796
v -0.0201305927 -0.00518728884 -0.0117501404
v -0.0198517475 -0.0076632401 -0.011491734
f 1207 1209 1208
v -0.0178923845 -0.00869537835 -0.0114996954
v -0.0167366336 -0.0107180218 -0.0107453016
v -0.0153880101 -0.00809701305 -0.0120389559
f 1210 1212 1211
v -0.0184908393 -0.0109214488 -0.00885661793
v -0.0162098906 -0.0114900628 -0.00911633397
v -0.0182790056 -0.0104663734 -0.0106771608
f 1213 1215 1214
v -0.0182790056 -0.0104663734 -0.0106771608
v -0.0162098906 -0.0114900628 -0.00911633397
v -0.0167366336 -0.0107180218 -0.0107453016
f 1216 1218 1217
v -0.0195641129 -0.0123302438 -0.0070915863
v -0.0157712217 -0.0127736741 -0.0074133095
v -0.0184908393 -0.0109214488 -0.00885661793
f 1219 1221 1220
v -0.0198517475 -0.0076632401 -0.011491734
v -0.0211143983 -0.00863588502 -0.0112577574
v -0.0194938533 -0.00989906403 -0.010497836
f 1222 1224 1223
v -0.0201305927 -0.00518728884 -0.0117501404
v -0.0211143983 -0.00863588502 -0.0112577574
v -0.0198517475 -0.0076632401 -0.011491734
f 1225 1227 1226
v -0.0241022994 -0.00487022735 -0.0131897075
v -0.0262880785 -0.00310119467 -0.0130558416
v -0.0251109683 -0.0045343455 -0.0129565538
f 1228 1230 1229
v -0.0219999434 -0.00530284087 -0.0121423371
v -0.0227192635 -0.00701631288 -0.0123638223
v -0.0211143983 -0.00863588502 -0.0112577574
f 1231 1233 1232
v -0.0247022515 -0.00622665975 -0.0128696702
v -0.0244804833 -0.00767897363 -0.0126615458
v -0.0227192635 -0.00701631288 -0.0123638223
f 1234 1236 1235
v -0.0227192635 -0.00701631288 -0.0123638223
v -0.0234528779 -0.00974587747 -0.0119481658
v -0.0211143983 -0.00863588502 -0.0112577574
f 1237 1239 1238
v -0.0244804833 -0.00767897363 -0.0126615458
v -0.0234528779 -0.00974587747 -0.0119481658
v -0.0227192635 -0.00701631288 -0.0123638223
f 1240 1242 1241
v -0.023059496 -0.0106519627 -0.011516489
v -0.0213386607 -0.0116569026 -0.0109803907
v -0.0234528779 -0.00974587747 -0.0119481658
f 1243 1245 1244
v -0.0241022994 -0.00487022735 -0.0131897075
v -0.0247022515 -0.00622665975 -0.0128696702
v -0.0227192635 -0.00701631288 -0.0123638223
f 1246 1248 1247
v -0.0251109683 -0.0045343455 -0.0129565538
v -0.0269064243 -0.00393403388 -0.0136297982
v -0.0252375903 -0.00492951222 -0.0129397638
f 1249 1251 1250
v -0.0262880785 -0.00310119467 -0.0130558416
v -0.0269064243 -0.00393403388 -0.0136297982
v -0.0251109683 -0.0045343455 -0.0129565538
f 1252 1254 1253
v -0.0269064243 -0.00393403388 -0.0136297982
v -0.0252642727 -0.00531096266 -0.0129948428
v -0.0252355298 -0.00492878244 -0.0129461696
f 1255 1257 1256
v -0.0247022515 -0.00622665975 -0.0128696702
v -0.0252642727 -0.00531096266 -0.0129948428
v -0.0267464173 -0.00499636335 -0.0142755045
f 1258 1260 1259
v -0.0279651518 -0.00676762138 -0.0149387284
v -0.0268701988 -0.00911569659 -0.0151535583
v -0.0267464173 -0.00499636335 -0.0142755045
f 1261 1263 1262
v -0.0242856462 0.0073477524 -0.0121530364
v -0.0258025393 0.00614137971 -0.0132642628
v -0.0241013942 0.00413753623 -0.0127775769
f 1264 1266 1265
v -0.0241013942 0.00413753623 -0.0127775769
v -0.0221349401 0.00211507286 -0.0112473899
v -0.0223054114 0.00451095948 -0.0118943724
f 1267 1269 1268
v -0.0242856462 0.0073477524 -0.0121530364
v -0.0241013942 0.00413753623 -0.0127775769
v -0.0223054114 0.00451095948 -0.0118943724
f 1270 1272 1271
v -0.0268011441 0.00841463625 -0.0128987915
v -0.0258025393 0.00614137971 -0.0132642628
v -0.0242856462 0.0073477524 -0.0121530364
f 1273 1275 1274
v -0.0271032244 0.0074899559 -0.0126503175
v -0.0273532874 0.00928450172 -0.0124836544
v -0.027308258 0.00849644712 -0.0106072199
f 1276 1278 1277
v -0.0266512943 0.00539006869 -0.0128018146
v -0.0271032244 0.0074899559 -0.0126503175
v -0.0268687785 0.0066116474 -0.0109326334
f 1279 1281 1280
v -0.0258025393 0.00614137971 -0.0132642628
v -0.0266512943 0.00539006869 -0.0128018146
v -0.0254662562 0.00346781017 -0.0136925024
f 1282 1284 1283
v -0.0279992906 0.00772536732 -0.00877089333
v -0.0268687785 0.0066116474 -0.0109326334
v -0.027308258 0.00849644712 -0.0106072199
f 1285 1287 1286
v -0.0284130307 0.00568089999 -0.00859522479
v -0.0268687785 0.0066116474 -0.0109326334
v -0.0279992906 0.00772536732 -0.00877089333
f 1288 1290 1289
v -0.0278083287 0.00443635472 -0.010316947
v -0.0271723926 0.00434671529 -0.0115237934
v -0.0266512943 0.00539006869 -0.0128018146
f 1291 1293 1292
v -0.0249973207 0.00194510867 -0.0136070215
v -0.0235229119 0.000920464481 -0.0123196747
v -0.0241013942 0.00413753623 -0.0127775769
f 1294 1296 1295
v -0.0254662562 0.00346781017 -0.0136925024
v -0.0261866022 0.00121595876 -0.0137519644
v -0.0249973207 0.00194510867 -0.0136070215
f 1297 1299 1298
v -0.02723285 0.000861131412 -0.0127748062
v -0.0261866022 0.00121595876 -0.0137519644
v -0.026347948 0.00333791868 -0.0131616951
f 1300 1302 1301
v -0.026347948 0.00333791868 -0.0131616951
v -0.0261866022 0.00121595876 -0.0137519644
v -0.0254662562 0.00346781017 -0.0136925024
f 1303 1305 1304
v -0.0254662562 0.00346781017 -0.0136925024
v -0.0249973207 0.00194510867 -0.0136070215
v -0.0241013942 0.00413753623 -0.0127775769
f 1306 1308 1307
v -0.026347948 0.00333791868 -0.0131616951
v -0.0266512943 0.00539006869 -0.0128018146
v -0.0271723926 0.00434671529 -0.0115237934
f 1309 1311 1310
v -0.0279992906 0.00772536732 -0.00877089333
v -0.0298358966 0.00747996237 -0.00779968032
v -0.0284130307 0.00568089999 -0.00859522479
f 1312 1314 1313
v -0.0299952721 0.00617218757 -0.00512488332
v -0.029442893 0.00591842945 -0.00662000311
v -0.0285432063 0.00835165629 -0.00522886876
f 1315 1317 1316
v -0.0284130307 0.00568089999 -0.00859522479
v -0.0307348877 0.00663188548 -0.00785994343
v -0.0301399734 0.00379616395 -0.0079352787
f 1318 1320 1319
v -0.0299952721 0.00617218757 -0.00512488332
v -0.0303821522 0.00504014097 -0.00647537308
v -0.029442893 0.00591842945 -0.00662000311
f 1321 1323 1322
v -0.0301399734 0.00379616395 -0.0079352787
v -0.0290749711 0.00256308176 -0.0101187376
v -0.0284130307 0.00568089999 -0.00859522479
f 1324 1326 1325
v -0.0290749711 0.00256308176 -0.0101187376
v -0.0301399734 0.00379616395 -0.0079352787
v -0.0307698851 0.00193155283 -0.00857739142
f 1327 1329 1328
v -0.0301399734 0.00379616395 -0.0079352787
v -0.0329735485 0.00117615846 -0.00690270244
v -0.0307698851 0.00193155283 -0.00857739142
f 1330 1332 1331
v -0.0308547314 0.00637915437 -0.00696085117
v -0.0298358966 0.00747996237 -0.00779968032
v -0.0296681421 0.00747094527 -0.00720632379
f 1333 1335 1334
v -0.03306609 0.00319008868 -0.00670632144
v -0.0328749768 0.00245444189 -0.0070781869
v -0.0315734796 0.00460344272 -0.00786075616
f 1336 1338 1337
v -0.03306609 0.00319008868 -0.00670632144
v -0.0315734796 0.00460344272 -0.00786075616
v -0.0319455459 0.0045247074 -0.00712384717
f 1339 1341 1340
v -0.0331771327 0.00228976351 -0.00260066863
v -0.0319323037 0.00361201892 -0.0060655384
v -0.0303821522 0.00504014097 -0.00647537308
f 1342 1344 1343
v -0.0331771327 0.00228976351 -0.00260066863
v -0.0333836622 0.00175612931 -0.00418452801
v -0.0319323037 0.00361201892 -0.0060655384
f 1345 1347 1346
v -0.0333836622 0.00175612931 -0.00418452801
v -0.0338439771 0.00165064357 -0.00557752537
v -0.0332327385 0.0023767805 -0.00621447689
f 1348 1350 1349
v -0.0319455459 0.0045247074 -0.00712384717
v -0.0315734796 0.00460344272 -0.00786075616
v -0.0308547314 0.00637915437 -0.00696085117
f 1351 1353 1352
v -0.02723285 0.000861131412 -0.0127748062
v -0.0256309402 -0.00113832193 -0.0135580281
v -0.0261866022 0.00121595876 -0.0137519644
f 1354 1356 1355
v -0.0293576362 -0.000211650263 -0.0118504802
v -0.0284656213 0.00143010748 -0.0118479118
v -0.0292840647 0.00156985097 -0.0100403238
f 1357 1359 1358
v -0.0293576362 -0.000211650263 -0.0118504802
v -0.0292840647 0.00156985097 -0.0100403238
v -0.0296890648 0.000317208764 -0.0103566003
f 1360 1362 1361
v -0.0316180958 -0.000815149997 -0.0090565627
v -0.0303870096 -0.00271688896 -0.0111625748
v -0.0296890648 0.000317208764 -0.0103566003
f 1363 1365 1364
v -0.0287442323 -0.0056104127 -0.0142411445
v -0.0279651518 -0.00676762138 -0.0149387284
v -0.0267464173 -0.00499636335 -0.0142755045
f 1366 1368 1367
v -0.0287442323 -0.0056104127 -0.0142411445
v -0.0269064243 -0.00393403388 -0.0136297982
v -0.0290401513 -0.00409406166 -0.0137072318
f 1369 1371 1370
v -0.031235948 -0.00425830112 -0.0121794794
v -0.0290401513 -0.00409406166 -0.0137072318
v -0.0303870096 -0.00271688896 -0.0111625748
f 1372 1374 1373
v -0.0332103722 -0.000226376415 -0.00762608761
v -0.0316180958 -0.000815149997 -0.0090565627
v -0.0307698851 0.00193155283 -0.00857739142
f 1375 1377 1376
v -0.0307698851 0.00193155283 -0.00857739142
v -0.0316180958 -0.000815149997 -0.0090565627
v -0.0296890648 0.000317208764 -0.0103566003
f 1378 1380 1379
v -0.0349083333 -0.00273704318 -0.00678121796
v -0.0332103722 -0.000226376415 -0.00762608761
v -0.0346792018 -0.0007761304 -0.00557049098
f 1381 1383 1382
v -0.0349083333 -0.00273704318 -0.00678121796
v -0.036313248 -0.00484537377 -0.00772273997
v -0.0327966409 -0.00466317542 -0.0100373181
f 1384 1386 1385
v -0.0332103722 -0.000226376415 -0.00762608761
v -0.0322661363 -0.00289473737 -0.00892591415
v -0.0316180958 -0.000815149997 -0.0090565627
f 1387 1389 1388
v -0.0338439771 0.00165064357 -0.00557752537
v -0.0353289855 -0.000299894168 -0.00461051313
v -0.0336491328 0.00186929228 -0.00602173641
f 1390 1392 1391
v -0.0328749768 0.00245444189 -0.0070781869
v -0.0346792018 -0.0007761304 -0.00557049098
v -0.0329735485 0.00117615846 -0.00690270244
f 1393 1395 1394
v -0.0362215622 -0.00187254554 -0.00317162958
v -0.0349083333 -0.00273704318 -0.00678121796
v -0.0346792018 -0.0007761304 -0.00557049098
f 1396 1398 1397
v -0.029442893 0.00591842945 -0.00662000311
v -0.0308547314 0.00637915437 -0.00696085117
v -0.0296681421 0.00747094527 -0.00720632379
f 1399 1401 1400
v -0.0303821522 0.00504014097 -0.00647537308
v -0.0308547314 0.00637915437 -0.00696085117
v -0.029442893 0.00591842945 -0.00662000311
f 1402 1404 1403
v -0.0301399734 0.00379616395 -0.0079352787
v -0.0328749768 0.00245444189 -0.0070781869
v -0.0329735485 0.00117615846 -0.00690270244
f 1405 1407 1406
v -0.0307348877 0.00663188548 -0.00785994343
v -0.0315734796 0.00460344272 -0.00786075616
v -0.0301399734 0.00379616395 -0.0079352787
f 1408 1410 1409
v -0.0188452002 -0.0164942991 -0.0185156503
v -0.0162097829 -0.0174292101 -0.0187763595
v -0.0160020471 -0.0159131421 -0.018017384
f 1411 1413 1412
v -0.0162097829 -0.0174292101 -0.0187763595
v -0.0188452002 -0.0164942991 -0.0185156503
v -0.0156297552 -0.0196830602 -0.0188572041
f 1414 1416 1415
v -0.0189128987 -0.0150391323 -0.0176356116
v -0.0188452002 -0.0164942991 -0.0185156503
v -0.0160020471 -0.0159131421 -0.018017384
f 1417 1419 1418
v -0.0182050309 -0.0187014346 -0.0186152203
v -0.0188452002 -0.0164942991 -0.0185156503
v -0.0187236408 -0.0185506564 -0.0189165352
f 1420 1422 1421
v -0.0201362796 -0.0142411256 -0.0165455771
v -0.0215817199 -0.0155892427 -0.0171488675
v -0.0212292085 -0.0165690013 -0.0177904323
f 1423 1425 1424
v -0.0215817199 -0.0155892427 -0.0171488675
v -0.0227714641 -0.0159855801 -0.0157762755
v -0.0213601481 -0.0169074992 -0.0175319205
f 1426 1428 1427
v -0.0196875786 -0.0187782032 -0.0198705908
v -0.0193927553 -0.0192070263 -0.0198281225
v -0.0187236408 -0.0185506564 -0.0189165352
f 1429 1431 1430
v -0.0187236408 -0.0185506564 -0.0189165352
v -0.01947571 -0.0191869942 -0.0183659198
v -0.0182050309 -0.0187014346 -0.0186152203
f 1432 1434 1433
v -0.0196875786 -0.0187782032 -0.0198705908
v -0.0187236408 -0.0185506564 -0.0189165352
v -0.0197074711 -0.0176679503 -0.0184456672
f 1435 1437 1436
v -0.0199832983 -0.0188661405 -0.0180180185
v -0.0198980502 -0.018964638 -0.0190082123
v -0.0197074711 -0.0176679503 -0.0184456672
f 1438 1440 1439
v -0.0198980502 -0.018964638 -0.0190082123
v -0.0196875786 -0.0187782032 -0.0198705908
v -0.0198122638 -0.0182397896 -0.0187662896
f 1441 1443 1442
v -0.0212292085 -0.0165690013 -0.0177904323
v -0.0213601481 -0.0169074992 -0.0175319205
v -0.0197074711 -0.0176679503 -0.0184456672
f 1444 1446 1445
v -0.0199832983 -0.0188661405 -0.0180180185
v -0.0195351749 -0.020319609 -0.0167998427
v -0.01947571 -0.0191869942 -0.0183659198
f 1447 1449 1448
v -0.0208382655 -0.0187947619 -0.0175650406
v -0.0195351749 -0.020319609 -0.0167998427
v -0.0199832983 -0.0188661405 -0.0180180185
f 1450 1452 1451
v -0.0197980029 -0.0181919022 -0.018723734
v -0.0197074711 -0.0176679503 -0.0184456672
v -0.0198980502 -0.018964638 -0.0190082123
f 1453 1455 1454
v -0.0215258886 -0.0167127146 -0.0177323585
v -0.0212292085 -0.0165690013 -0.0177904323
v -0.0214348504 -0.0162839729 -0.0175132154
f 1456 1458 1457
v -0.0213601481 -0.0169074992 -0.0175319205
v -0.0215258886 -0.0167127146 -0.0177323585
v -0.0214146799 -0.0162960991 -0.0175081339
f 1459 1461 1460
v -0.0171134045 -0.0143063691 -0.0150996406
v -0.0166520695 -0.0150040272 -0.0122693426
v -0.01880255 -0.0137619951 -0.014100119
f 1462 1464 1463
v -0.0166520695 -0.0150040272 -0.0122693426
v -0.0185286161 -0.0146537306 -0.010586252
v -0.01880255 -0.0137619951 -0.014100119
f 1465 1467 1466
v -0.0185286161 -0.0146537306 -0.010586252
v -0.0198258174 -0.0128895656 -0.0117287294
v -0.01880255 -0.0137619951 -0.014100119
f 1468 1470 1469
v -0.0196881869 -0.0140700155 -0.00977719828
v -0.0202049632 -0.0135107883 -0.00911713214
v -0.0202469062 -0.0129937078 -0.00974143477
f 1471 1473 1472
v -0.0196881869 -0.0140700155 -0.00977719828
v -0.0207349658 -0.0162430224 -0.00992595087
v -0.0210836151 -0.0140986711 -0.00882581589
f 1474 1476 1475
v -0.0226556222 -0.0144513717 -0.00940601967
v -0.0210836151 -0.0140986711 -0.00882581589
v -0.0207349658 -0.0162430224 -0.00992595087
f 1477 1479 1478
v -0.0213386607 -0.0116569026 -0.0109803907
v -0.0215765307 -0.0115372437 -0.0131016073
v -0.0198258174 -0.0128895656 -0.0117287294
f 1480 1482 1481
v -0.0215765307 -0.0115372437 -0.0131016073
v -0.0209880251 -0.0124822531 -0.0148652471
v -0.01880255 -0.0137619951 -0.014100119
f 1483 1485 1484
v -0.0227100041 -0.015687423 -0.0111144393
v -0.0207349658 -0.0162430224 -0.00992595087
v -0.021646508 -0.0176130707 -0.0118026896
f 1486 1488 1487
v -0.0239435132 -0.0133236754 -0.0150234031
v -0.0227714641 -0.0159855801 -0.0157762755
v -0.0217866196 -0.0139334807 -0.0161609118
f 1489 1491 1490
v -0.0227100041 -0.015687423 -0.0111144393
v -0.0226427117 -0.0171015708 -0.0141685567
v -0.0241968955 -0.014746566 -0.0135443872
f 1492 1494 1493
v -0.0241968955 -0.014746566 -0.0135443872
v -0.0227714641 -0.0159855801 -0.0157762755
v -0.0241746035 -0.0142570439 -0.0145434402
f 1495 1497 1496
v -0.0243030925 -0.0145215672 -0.0112308328
v -0.0226959979 -0.0148505103 -0.0102605954
v -0.0227100041 -0.015687423 -0.0111144393
f 1498 1500 1499
v -0.021646508 -0.0176130707 -0.0118026896
v -0.0226427117 -0.0171015708 -0.0141685567
v -0.0227100041 -0.015687423 -0.0111144393
f 1501 1503 1502
v -0.0192012129 -0.0135271883 -0.00621015497
v -0.0198289956 -0.0118317701 -0.00942997431
v -0.018899639 -0.0143220735 -0.00614748351
f 1504 1506 1505
v -0.018899639 -0.0143220735 -0.00614748351
v -0.0202049632 -0.0135107883 -0.00911713214
v -0.0197184461 -0.0151281187 -0.00675797055
f 1507 1509 1508
v -0.018899639 -0.0143220735 -0.00614748351
v -0.0197184461 -0.0151281187 -0.00675797055
v -0.0188081889 -0.0155921938 -0.00495905842
f 1510 1512 1511
v -0.0203132018 -0.0163154677 -0.00495068125
v -0.0197184461 -0.0151281187 -0.00675797055
v -0.0210836151 -0.0140986711 -0.00882581589
f 1513 1515 1514
v -0.0212375802 -0.0167948063 -0.00175952227
v -0.0203132018 -0.0163154677 -0.00495068125
v -0.0225596508 -0.0155054382 -0.00474496774
f 1516 1518 1517
v -0.0231463579 -0.015953368 -0.00439821633
v -0.0212375802 -0.0167948063 -0.00175952227
v -0.0225596508 -0.0155054382 -0.00474496774
f 1519 1521 1520
v -0.0252884463 -0.0151680826 -0.0079211386
v -0.0244024341 -0.0149224303 -0.008193744
v -0.0243030925 -0.0145215672 -0.0112308328
f 1522 1524 1523
v -0.0265691138 -0.0149123865 -0.0071492359
v -0.0252884463 -0.0151680826 -0.0079211386
v -0.026709956 -0.013416617 -0.00812263315
f 1525 1527 1526
v -0.0276776933 -0.0150230582 -0.00524506104
v -0.0271487923 -0.0165663383 -0.00361214043
v -0.0265992887 -0.0167289123 -0.00435786023
f 1528 1530 1529
v -0.0251101766 -0.0161480042 -0.00364043808
v -0.0243366027 -0.0157102826 -0.00609110357
v -0.0265691138 -0.0149123865 -0.0071492359
f 1531 1533 1532
v -0.0265992887 -0.0167289123 -0.00435786023
v -0.0251101766 -0.0161480042 -0.00364043808
v -0.0265691138 -0.0149123865 -0.0071492359
f 1534 1536 1535
v -0.0244024341 -0.0149224303 -0.008193744
v -0.0231962171 -0.0144853577 -0.00652326271
v -0.0229833095 -0.0136409377 -0.00778541435
f 1537 1539 1538
v -0.0244804833 -0.00767897363 -0.0126615458
v -0.0256142666 -0.00878981591 -0.0143563986
v -0.0239014029 -0.00990393601 -0.0127349718
f 1540 1542 1541
v -0.0240665031 -0.0104254716 -0.0136748597
v -0.0247468386 -0.0116558542 -0.0147025014
v -0.0225415017 -0.0121087658 -0.0148813793
f 1543 1545 1544
v -0.0234528779 -0.00974587747 -0.0119481658
v -0.0239014029 -0.00990393601 -0.0127349718
v -0.023059496 -0.0106519627 -0.011516489
f 1546 1548 1547
v -0.0268701988 -0.00911569659 -0.0151535583
v -0.0269250304 -0.0107118081 -0.0148851512
v -0.0256142666 -0.00878981591 -0.0143563986
f 1549 1551 1550
v -0.0225415017 -0.0121087658 -0.0148813793
v -0.0247468386 -0.0116558542 -0.0147025014
v -0.0239435132 -0.0133236754 -0.0150234031
f 1552 1554 1553
v -0.0247468386 -0.0116558542 -0.0147025014
v -0.0241746035 -0.0142570439 -0.0145434402
v -0.0239435132 -0.0133236754 -0.0150234031
f 1555 1557 1556
v -0.0287811243 -0.0121878067 -0.0121130426
v -0.0272344099 -0.0124828177 -0.0110086752
v -0.0267978146 -0.0135014358 -0.0132926652
f 1558 1560 1559
v -0.029506351 -0.0115922012 -0.0140259159
v -0.0287811243 -0.0121878067 -0.0121130426
v -0.0267978146 -0.0135014358 -0.0132926652
f 1561 1563 1562
v -0.0306922972 -0.0114927599 -0.0116307157
v -0.0311907177 -0.011279482 -0.0102791761
v -0.0287811243 -0.0121878067 -0.0121130426
f 1564 1566 1565
v -0.0306922972 -0.0114927599 -0.0116307157
v -0.0287811243 -0.0121878067 -0.0121130426
v -0.029506351 -0.0115922012 -0.0140259159
f 1567 1569 1568
v -0.0239014029 -0.00990393601 -0.0127349718
v -0.0234528779 -0.00974587747 -0.0119481658
v -0.0244804833 -0.00767897363 -0.0126615458
f 1570 1572 1571
v -0.0256696512 -0.0133437439 -0.014205699
v -0.0267978146 -0.0135014358 -0.0132926652
v -0.0241746035 -0.0142570439 -0.0145434402
f 1573 1575 1574
v -0.0267978146 -0.0135014358 -0.0132926652
v -0.0256696512 -0.0133437439 -0.014205699
v -0.029506351 -0.0115922012 -0.0140259159
f 1576 1578 1577
v -0.026709956 -0.013416617 -0.00812263315
v -0.0252884463 -0.0151680826 -0.0079211386
v -0.0256839325 -0.0136432602 -0.0102753758
f 1579 1581 1580
v -0.0276240637 -0.0133108275 -0.00604001652
v -0.026709956 -0.013416617 -0.00812263315
v -0.0279939355 -0.0120893485 -0.00866088158
f 1582 1584 1583
v -0.0276240637 -0.0133108275 -0.00604001652
v -0.0276776933 -0.0150230582 -0.00524506104
v -0.026709956 -0.013416617 -0.00812263315
f 1585 1587 1586
v -0.0287811243 -0.0121878067 -0.0121130426
v -0.0279939355 -0.0120893485 -0.00866088158
v -0.0272344099 -0.0124828177 -0.0110086752
f 1588 1590 1589
v -0.0304734334 -0.0120195946 -0.0095138188
v -0.0279939355 -0.0120893485 -0.00866088158
v -0.0287811243 -0.0121878067 -0.0121130426
f 1591 1593 1592
v -0.0311672018 -0.012189016 -0.00857207197
v -0.0305923983 -0.0127619278 -0.00760210387
v -0.0304734334 -0.0120195946 -0.0095138188
f 1594 1596 1595
v -0.0304734334 -0.0120195946 -0.0095138188
v -0.0287811243 -0.0121878067 -0.0121130426
v -0.0311907177 -0.011279482 -0.0102791761
f 1597 1599 1598
v -0.0332993281 -0.0128571628 -0.00700151504
v -0.0301499589 -0.0145363359 -0.00520318645
v -0.0309145951 -0.0144767415 -0.00647113557
f 1600 1602 1601
v -0.0311672018 -0.012189016 -0.00857207197
v -0.0324732799 -0.0137681156 -0.00717802395
v -0.0305923983 -0.0127619278 -0.00760210387
f 1603 1605 1604
v -0.0333213451 -0.0108286622 -0.00902565007
v -0.0332993281 -0.0128571628 -0.00700151504
v -0.0324732799 -0.0137681156 -0.00717802395
f 1606 1608 1607
v -0.0333213451 -0.0108286622 -0.00902565007
v -0.0324732799 -0.0137681156 -0.00717802395
v -0.0311672018 -0.012189016 -0.00857207197
f 1609 1611 1610
v -0.021646508 -0.0176130707 -0.0118026896
v -0.0195707005 -0.0205651275 -0.0141841476
v -0.0215425389 -0.0187417696 -0.0155639689
f 1612 1614 1613
v -0.0226427117 -0.0171015708 -0.0141685567
v -0.021646508 -0.0176130707 -0.0118026896
v -0.0215425389 -0.0187417696 -0.0155639689
f 1615 1617 1616
v -0.0215425389 -0.0187417696 -0.0155639689
v -0.0195351749 -0.020319609 -0.0167998427
v -0.0208382655 -0.0187947619 -0.0175650406
f 1618 1620 1619
v -0.0215765307 -0.0115372437 -0.0131016073
v -0.023059496 -0.0106519627 -0.011516489
v -0.0239014029 -0.00990393601 -0.0127349718
f 1621 1623 1622
v -0.0279651518 -0.00676762138 -0.0149387284
v -0.0308434566 -0.00724900456 -0.0145710103
v -0.0291268079 -0.00941061007 -0.0151261018
f 1624 1626 1625
v -0.0316669 -0.00548077733 -0.0133658439
v -0.031235948 -0.00425830112 -0.0121794794
v -0.0329887844 -0.00580821725 -0.0124835613
f 1627 1629 1628
v -0.0329887844 -0.00580821725 -0.0124835613
v -0.0333117758 -0.00813882216 -0.0127243722
v -0.0320194522 -0.00780272458 -0.0141132448
f 1630 1632 1631
v -0.0316669 -0.00548077733 -0.0133658439
v -0.0320194522 -0.00780272458 -0.0141132448
v -0.0308434566 -0.00724900456 -0.0145710103
f 1633 1635 1634
v -0.0291268079 -0.00941061007 -0.0151261018
v -0.0312787888 -0.0100061428 -0.0140425283
v -0.029506351 -0.0115922012 -0.0140259159
f 1636 1638 1637
v -0.0308434566 -0.00724900456 -0.0145710103
v -0.0320194522 -0.00780272458 -0.0141132448
v -0.0312787888 -0.0100061428 -0.0140425283
f 1639 1641 1640
v -0.0306922972 -0.0114927599 -0.0116307157
v -0.029506351 -0.0115922012 -0.0140259159
v -0.0312787888 -0.0100061428 -0.0140425283
f 1642 1644 1643
v -0.0325706758 -0.00888527211 -0.0130031258
v -0.0306922972 -0.0114927599 -0.0116307157
v -0.0312787888 -0.0100061428 -0.0140425283
f 1645 1647 1646
v -0.0333117758 -0.00813882216 -0.0127243722
v -0.0325706758 -0.00888527211 -0.0130031258
v -0.0320194522 -0.00780272458 -0.0141132448
f 1648 1650 1649
v -0.0350958464 -0.010490197 -0.0053150914
v -0.0351880153 -0.00878918363 -0.0083194027
v -0.0360506063 -0.00899422157 -0.00583321016
f 1651 1653 1652
v -0.036313248 -0.00484537377 -0.00772273997
v -0.0339600752 -0.00598342631 -0.00971578193
v -0.0327966409 -0.00466317542 -0.0100373181
f 1654 1656 1655
v -0.036313248 -0.00484537377 -0.00772273997
v -0.0342327374 -0.00690771776 -0.00935578573
v -0.0339600752 -0.00598342631 -0.00971578193
f 1657 1659 1658
v -0.0342327374 -0.00690771776 -0.00935578573
v -0.0353270734 -0.00739973984 -0.00883885368
v -0.0351880153 -0.00878918363 -0.0083194027
f 1660 1662 1661
v -0.0360506063 -0.00899422157 -0.00583321016
v -0.0351880153 -0.00878918363 -0.0083194027
v -0.0353270734 -0.00739973984 -0.00883885368
f 1663 1665 1664
v -0.037084971 -0.005612323 -0.00579548723
v -0.0360506063 -0.00899422157 -0.00583321016
v -0.0353270734 -0.00739973984 -0.00883885368
f 1666 1668 1667
v -0.0323110609 -0.00941557373 -0.0108001317
v -0.0306922972 -0.0114927599 -0.0116307157
v -0.0333117758 -0.00813882216 -0.0127243722
f 1669 1671 1670
v -0.0311907177 -0.011279482 -0.0102791761
v -0.0306922972 -0.0114927599 -0.0116307157
v -0.0323110609 -0.00941557373 -0.0108001317
f 1672 1674 1673
v -0.0336868659 -0.0088712477 -0.00994830552
v -0.0351880153 -0.00878918363 -0.0083194027
v -0.0333213451 -0.0108286622 -0.00902565007
f 1675 1677 1676
v -0.0349506823 -0.0100343648 -0.00795482265
v -0.0351880153 -0.00878918363 -0.0083194027
v -0.0350958464 -0.010490197 -0.0053150914
f 1678 1680 1679
v -0.0376817014 -0.00494980195 -0.00569364129
v -0.0369255809 -0.00291595243 -0.00500582828
v -0.037864683 -0.00448983192 -0.00503280644
f 1681 1683 1682
v -0.0327966409 -0.00466317542 -0.0100373181
v -0.0339600752 -0.00598342631 -0.00971578193
v -0.0329887844 -0.00580821725 -0.0124835613
f 1684 1686 1685
v -0.0329887844 -0.00580821725 -0.0124835613
v -0.0340950006 -0.00654182586 -0.0110965368
v -0.0338357844 -0.00780928385 -0.0115014991
f 1687 1689 1688
v -0.0333213451 -0.0108286622 -0.00902565007
v -0.0311672018 -0.012189016 -0.00857207197
v -0.0304734334 -0.0120195946 -0.0095138188
f 1690 1692 1691
v -0.0227714641 -0.0159855801 -0.0157762755
v -0.0215817199 -0.0155892427 -0.0171488675
v -0.0217866196 -0.0139334807 -0.0161609118
f 1693 1695 1694
v -0.0335627876 0.00372701288 -0.00120471368
v -0.0307660812 0.00576129787 -0.00325998262
v -0.0314205943 0.0072801653 -0.000676407763
f 1696 1698 1697
v -0.0331771327 0.00228976351 -0.00260066863
v -0.0350738759 -0.00142350946 -0.00171705378
v -0.0333836622 0.00175612931 -0.00418452801
f 1699 1701 1700
v -0.0354189629 0.000550987579 0.0004309411
v -0.0350738759 -0.00142350946 -0.00171705378
v -0.0331771327 0.00228976351 -0.00260066863
f 1702 1704 1703
v -0.0353299169 -0.00155111156 -0.00220512047
v -0.0362215622 -0.00187254554 -0.00317162958
v -0.0353289855 -0.000299894168 -0.00461051313
f 1705 1707 1706
v -0.0353299169 -0.00155111156 -0.00220512047
v -0.0373736606 -0.00361792372 -0.00197389472
v -0.0362215622 -0.00187254554 -0.00317162958
f 1708 1710 1709
v -0.0378763274 -0.00400376593 -0.00314855824
v -0.037864683 -0.00448983192 -0.00503280644
v -0.0369255809 -0.00291595243 -0.00500582828
f 1711 1713 1712
v -0.0232242281 -0.0154019304 -0.000883447774
v -0.0217805791 -0.0160323165 0.000438838379
v -0.0212375802 -0.0167948063 -0.00175952227
f 1714 1716 1715
v -0.0243144794 -0.0160648764 -0.000486061663
v -0.0228414152 -0.0151405256 0.000441010161
v -0.0232242281 -0.0154019304 -0.000883447774
f 1717 1719 1718
v -0.0251101766 -0.0161480042 -0.00364043808
v -0.0243144794 -0.0160648764 -0.000486061663
v -0.0232242281 -0.0154019304 -0.000883447774
f 1720 1722 1721
v -0.0257518317 -0.0175401481 0.000443611498
v -0.0243144794 -0.0160648764 -0.000486061663
v -0.0251101766 -0.0161480042 -0.00364043808
f 1723 1725 1724
v -0.0263177761 -0.0170117302 -0.00234443469
v -0.0263970956 -0.0171870692 -0.000711920893
v -0.0257518317 -0.0175401481 0.000443611498
f 1726 1728 1727
v -0.0263177761 -0.0170117302 -0.00234443469
v -0.0271487923 -0.0165663383 -0.00361214043
v -0.0285950897 -0.0156231705 -0.00406132931
f 1729 1731 1730
v -0.0263177761 -0.0170117302 -0.00234443469
v -0.0257518317 -0.0175401481 0.000443611498
v -0.0251101766 -0.0161480042 -0.00364043808
f 1732 1734 1733
v -0.0263177761 -0.0170117302 -0.00234443469
v -0.0297342049 -0.0145562328 0.000446335162
v -0.0268915028 -0.0166470811 0.000446392824
f 1735 1737 1736
v -0.0315386918 -0.0132133471 -0.00207304183
v -0.0329432747 -0.0121097088 0.000436841401
v -0.0297342049 -0.0145562328 0.000446335162
f 1738 1740 1739
v -0.0329432747 -0.0121097088 0.000436841401
v -0.0315386918 -0.0132133471 -0.00207304183
v -0.0361440121 -0.00869564465 -0.00312231277
f 1741 1743 1742
v -0.0297342049 -0.0145562328 0.000446335162
v -0.0263177761 -0.0170117302 -0.00234443469
v -0.029589195 -0.0146569451 -0.00455565278
f 1744 1746 1745
v -0.029589195 -0.0146569451 -0.00455565278
v -0.0263177761 -0.0170117302 -0.00234443469
v -0.0285950897 -0.0156231705 -0.00406132931
f 1747 1749 1748
v -0.0315386918 -0.0132133471 -0.00207304183
v -0.029589195 -0.0146569451 -0.00455565278
v -0.033928515 -0.0115981726 -0.00492377148
f 1750 1752 1751
v -0.0361440121 -0.00869564465 -0.00312231277
v -0.0315386918 -0.0132133471 -0.00207304183
v -0.0350958464 -0.010490197 -0.0053150914
f 1753 1755 1754
v -0.0361440121 -0.00869564465 -0.00312231277
v -0.0350958464 -0.010490197 -0.0053150914
v -0.0360506063 -0.00899422157 -0.00583321016
f 1756 1758 1757
v -0.0378763274 -0.00400376593 -0.00314855824
v -0.0372106297 -0.00662441089 -0.0011414546
v -0.037084971 -0.005612323 -0.00579548723
f 1759 1761 1760
v -0.0361440121 -0.00869564465 -0.00312231277
v -0.0360506063 -0.00899422157 -0.00583321016
v -0.037084971 -0.005612323 -0.00579548723
f 1762 1764 1763
v -0.0376817014 -0.00494980195 -0.00569364129
v -0.037864683 -0.00448983192 -0.00503280644
v -0.037084971 -0.005612323 -0.00579548723
f 1765 1767 1766
v -0.037864683 -0.00448983192 -0.00503280644
v -0.0378763274 -0.00400376593 -0.00314855824
v -0.037084971 -0.005612323 -0.00579548723
f 1768 1770 1769
v -0.0125637307 0.00215284017 -0.0121073506
v -0.0141994926 0.00208468955 -0.0125321181
v -0.0129756852 -0.000363012373 -0.0123487931
f 1771 1773 1772
v -0.0132430374 -0.00777561072 -0.01240235
v -0.0153880101 -0.00809701305 -0.0120389559
v -0.0149293046 -0.0113683185 -0.0106675398
f 1774 1776 1775
v -0.0195707005 -0.0205651275 -0.0141841476
v -0.021646508 -0.0176130707 -0.0118026896
v -0.018146119 -0.0210172933 -0.0124549959
f 1777 1779 1778
v 0.00391339418 -0.00245810097 0.000392477796
v 0.00314417193 -0.00453547582 0.000406424579
v 0.00361798702 -0.00306143811 0.00299749445
f 1780 1782 1781
v 0.00208513575 -0.0056262099 0.00687400534
v 0.002979891 -0.00518622728 0.00414183123
v 0.00255721898 -0.00655610129 0.00534697101
f 1783 1785 1784
v 0.00299335825 -0.00638255733 0.000410223038
v 0.00246774598 -0.00824553208 0.00290116641
v 0.002979891 -0.00518622728 0.00414183123
f 1786 1788 1787
v 0.00103281518 -0.010605112 0.000420665174
v 0.00246774598 -0.00824553208 0.00290116641
v 0.00299335825 -0.00638255733 0.000410223038
f 1789 1791 1790
v 0.00211465322 -0.0015567166 0.00971774716
v 0.00173230092 -0.000633981745 0.00796592067
v 0.00279274846 -0.00193564993 0.00762738127
f 1792 1794 1793
v -0.000527720613 -0.00125947436 0.0121725447
v -0.000166793347 -0.000794267908 0.0121304773
v 0.000366925542 -0.000961265778 0.0117326003
f 1795 1797 1796
v -0.000470914574 -7.46597095e-05 0.0112656882
v 0.000963425737 -0.00106988646 0.0112020272
v 0.000366925542 -0.000961265778 0.0117326003
f 1798 1800 1799
v 0.00114285795 -0.00125038487 0.0110650515
v 0.000963425737 -0.00106988646 0.0112020272
v 0.00211465322 -0.0015567166 0.00971774716
f 1801 1803 1802
v 0.00173230092 -0.000633981745 0.00796592067
v -0.000470914574 -7.46597095e-05 0.0112656882
v -0.000440864596 0.00189692255 0.00824668386
f 1804 1806 1805
v 0.00279274846 -0.00193564993 0.00762738127
v 0.000493211746 -0.00447140228 0.00971550326
v 0.00137829174 -0.00261550322 0.00968118839
f 1807 1809 1808
v 0.00114285795 -0.00125038487 0.0110650515
v -0.00176625563 -0.00381882855 0.0117391261
v -0.00194807089 -0.00191303498 0.0126898754
f 1810 1812 1811
v -0.000710689892 -0.000663098626 0.0126218045
v -0.000470914574 -7.46597095e-05 0.0112656882
v -0.000166793347 -0.000794267908 0.0121304773
f 1813 1815 1814
v -0.003932248 0.0021799111 0.012673228
v -0.00192045354 0.00319539868 0.0100152683
v -0.00272863144 0.000642148279 0.0131052278
f 1816 1818 1817
v -0.000710689892 -0.000663098626 0.0126218045
v -0.00272863144 0.000642148279 0.0131052278
v -0.000470914574 -7.46597095e-05 0.0112656882
f 1819 1821 1820
v -0.000470914574 -7.46597095e-05 0.0112656882
v -0.00272863144 0.000642148279 0.0131052278
v -0.00192045354 0.00319539868 0.0100152683
f 1822 1824 1823
v -0.003932248 0.0021799111 0.012673228
v -0.00272863144 0.000642148279 0.0131052278
v -0.0031533109 0.00109163821 0.0130501343
f 1825 1827 1826
v -0.00411526271 0.00251163274 0.0125932827
v -0.00530695943 0.00533570274 0.010787919
v -0.003932248 0.0021799111 0.012673228
f 1828 1830 1829
v -0.0031533109 0.00109163821 0.0130501343
v -0.00504946111 0.00028415086 0.0128625019
v -0.00392193215 0.00194243694 0.0127162784
f 1831 1833 1832
v -0.00504946111 0.00028415086 0.0128625019
v -0.00410047796 0.00230374917 0.0126630184
v -0.003922213 0.00195723042 0.0126848201
f 1834 1836 1835
v -0.00410047796 0.00230374917 0.0126630184
v -0.00504946111 0.00028415086 0.0128625019
v -0.00431750195 0.00273307578 0.0125538616
f 1837 1839 1838
v -0.00410047796 0.00230374917 0.0126630184
v -0.00431750195 0.00273307578 0.0125538616
v -0.00416603289 0.00244454786 0.0125744555
f 1840 1842 1841
v -0.00414321985 0.00242218121 0.0126237108
v -0.00410047796 0.00230374917 0.0126630184
v -0.00416603289 0.00244454786 0.0125744555
f 1843 1845 1844
v -0.00646774788 0.00364001644 0.0123175938
v -0.00606392714 0.00390424866 0.0125661056
v -0.00431750195 0.00273307578 0.0125538616
f 1846 1848 1847
v -0.00925468048 0.000637694347 0.0121573925
v -0.0083958992 0.00320161598 0.012318368
v -0.00646774788 0.00364001644 0.0123175938
f 1849 1851 1850
v -0.00477671347 -0.00152200791 0.0132031069
v -0.00753901477 -0.00163979585 0.0133083173
v -0.00504946111 0.00028415086 0.0128625019
f 1852 1854 1853
v -0.00477671347 -0.00152200791 0.0132031069
v -0.00578063191 -0.00293506018 0.0128010928
v -0.00753901477 -0.00163979585 0.0133083173
f 1855 1857 1856
v -0.00578063191 -0.00293506018 0.0128010928
v -0.00836471881 -0.00283091849 0.0126064027
v -0.00753901477 -0.00163979585 0.0133083173
f 1858 1860 1859
v -0.00753901477 -0.00163979585 0.0133083173
v -0.0103616992 -0.00154789086 0.0135014445
v -0.00807092511 -0.000588405237 0.0130722678
f 1861 1863 1862
v -0.00272863144 0.000642148279 0.0131052278
v -0.00194807089 -0.00191303498 0.0126898754
v -0.00477671347 -0.00152200791 0.0132031069
f 1864 1866 1865
v -0.0010301419 0.0033599943 0.00404589337
v 0.00311500044 -0.00111527106 0.000400204908
v 0.00187911155 0.000439274345 0.00445458172
f 1867 1869 1868
v -0.0010301419 0.0033599943 0.00404589337
v -0.00246351283 0.00516924374 0.000391032154
v 0.00311500044 -0.00111527106 0.000400204908
f 1870 1872 1871
v 0.00343979482 -0.0017457256 0.0061467792
v 0.00279274846 -0.00193564993 0.00762738127
v 0.00296422677 -0.00183589436 0.00693803231
f 1873 1875 1874
v 0.00297740207 -0.0018303992 0.00702308316
v 0.00173230092 -0.000633981745 0.00796592067
v 0.00296422677 -0.00183589436 0.00693803231
f 1876 1878 1877
v 0.00305313588 -0.00174159086 0.0069108537
v 0.00173230092 -0.000633981745 0.00796592067
v 0.00343979482 -0.0017457256 0.0061467792
f 1879 1881 1880
v 0.00208513575 -0.0056262099 0.00687400534
v 0.00167769194 -0.00730333268 0.007394149
v 0.000493211746 -0.00447140228 0.00971550326
f 1882 1884 1883
v -0.000685497434 -0.00839283093 0.00995779483
v 0.000493211746 -0.00447140228 0.00971550326
v 0.00167769194 -0.00730333268 0.007394149
f 1885 1887 1886
v -0.00340362094 0.00647814522 0.00439106443
v -0.00246351283 0.00516924374 0.000391032154
v -0.0010301419 0.0033599943 0.00404589337
f 1888 1890 1889
v -0.0040273655 0.00608777955 0.00817375767
v -0.00802634822 0.00896112033 0.00644674219
v -0.00340362094 0.00647814522 0.00439106443
f 1891 1893 1892
v 0.00208513575 -0.0056262099 0.00687400534
v 0.00341175073 -0.00404225393 0.00470584018
v 0.002979891 -0.00518622728 0.00414183123
f 1894 1896 1895
v -0.0189900427 0.0221453898 0.0137041265
v -0.0195029235 0.0221000286 0.0134216942
v -0.0181357202 0.0209978709 0.0136450661
f 1897 1899 1898
v -0.0174427332 0.0189053389 0.0121849778
v -0.0182376229 0.0188369042 0.0123522244
v -0.0179766852 0.0184757533 0.0112882663
f 1900 1902 1901
v -0.0176941976 0.0191725747 0.0130671542
v -0.0182403659 0.0192739448 0.0130638044
v -0.0180180767 0.0193423912 0.0130438741
f 1903 1905 1904
v -0.0176789719 0.0194409833 0.0131359935
v -0.0176941976 0.0191725747 0.0130671542
v -0.0178274378 0.0195320492 0.0131801789
f 1906 1908 1907
v -0.0178274378 0.0195320492 0.0131801789
v -0.0174252389 0.0194722423 0.013050632
v -0.0179912051 0.0196317473 0.0132321293
f 1909 1911 1910
v -0.0185109617 0.0196014138 0.013547219
v -0.0183512777 0.020657295 0.0140332122
v -0.0180395917 0.0203303891 0.013698687
f 1912 1914 1913
v -0.0175040244 0.0194171284 0.0131679408
v -0.0176789719 0.0194409833 0.0131359935
v -0.0178274378 0.0195320492 0.0131801789
f 1915 1917 1916
v -0.0195029235 0.0221000286 0.0134216942
v -0.0182366828 0.0205119082 0.0135147682
v -0.0181357202 0.0209978709 0.0136450661
f 1918 1920 1919
v -0.0198525639 0.0224642383 0.0143358076
v -0.0212720784 0.0215953449 0.0133048918
v -0.0204052383 0.0221231312 0.0132046203
f 1921 1923 1922
v -0.0205295495 0.0199305432 0.0149492495
v -0.0212720784 0.0215953449 0.0133048918
v -0.0198275229 0.0214101485 0.0159212621
f 1924 1926 1925
v -0.0195029235 0.0221000286 0.0134216942
v -0.0204052383 0.0221231312 0.0132046203
v -0.0207684832 0.0206523153 0.0121977173
f 1927 1929 1928
v -0.0189900427 0.0221453898 0.0137041265
v -0.0181357202 0.0209978709 0.0136450661
v -0.0198525639 0.0224642383 0.0143358076
f 1930 1932 1931
v -0.0165706631 0.0194144406 0.00826005198
v -0.016561865 0.0193515807 0.00818848639
v -0.0165455174 0.0190923427 0.0083961073
f 1933 1935 1934
v -0.0169406849 0.019459243 0.00795852175
v -0.0170135128 0.0193214917 0.0082289218
v -0.0169023668 0.0195426517 0.00793419604
f 1936 1938 1937
v -0.0167018457 0.0183139768 0.0105077947
v -0.0169534425 0.0183341341 0.0104670842
v -0.0167288119 0.018294745 0.0103432729
f 1939 1941 1940
v -0.0164129102 0.019067814 0.00852229641
v -0.0167864811 0.0180354225 0.00860109722
v -0.016896725 0.0179718365 0.00893853794
f 1942 1944 1943
v -0.0164129102 0.019067814 0.00852229641
v -0.0166525322 0.018793116 0.00850943979
v -0.0165971273 0.0189445665 0.00844681999
f 1945 1947 1946
v -0.0166525322 0.018793116 0.00850943979
v -0.0170135128 0.0193214917 0.0082289218
v -0.0165971273 0.0189445665 0.00844681999
f 1948 1950 1949
v -0.0165971273 0.0189445665 0.00844681999
v -0.0167827602 0.0189873521 0.00800919297
v -0.0166525322 0.018793116 0.00850943979
f 1951 1953 1952
v -0.0167072605 0.0186743797 0.00856585466
v -0.0167827602 0.0189873521 0.00800919297
v -0.0167864811 0.0180354225 0.00860109722
f 1954 1956 1955
v -0.015971523 0.018291692 0.00985300212
v -0.0160595169 0.0184759367 0.00928240479
v -0.0162281023 0.0181284326 0.00990219123
f 1957 1959 1958
v -0.0164129102 0.019067814 0.00852229641
v -0.0165971273 0.0189445665 0.00844681999
v -0.0165455174 0.0190923427 0.0083961073
f 1960 1962 1961
v -0.0171116088 0.0196879788 0.00747664526
v -0.0190937892 0.0176975533 0.00821668073
v -0.0176406436 0.0200662573 0.00624699096
f 1963 1965 1964
v -0.0178587739 0.0204771844 0.00520020549
v -0.0176651985 0.0196990964 0.00487266552
v -0.0176406436 0.0200662573 0.00624699096
f 1966 1968 1967
v -0.0178587739 0.0204771844 0.00520020549
v -0.0183575801 0.0206037279 0.00458621362
v -0.0176651985 0.0196990964 0.00487266552
f 1969 1971 1970
v -0.0178587739 0.0204771844 0.00520020549
v -0.0176406436 0.0200662573 0.00624699096
v -0.0183575801 0.0206037279 0.00458621362
f 1972 1974 1973
v -0.0183008189 0.0212929255 0.00331107221
v -0.0189788974 0.0203843869 0.00480060153
v -0.0206216675 0.0209819336 0.00193461619
f 1975 1977 1976
v -0.0183008189 0.0212929255 0.00331107221
v -0.0187383397 0.0214859072 0.001593659
v -0.0181236319 0.0204415584 0.00371935967
f 1978 1980 1979
v -0.0187383397 0.0214859072 0.001593659
v -0.0197030749 0.0217747496 0.000303696174
v -0.0186913108 0.0217657667 0.000363494405
f 1981 1983 1982
v -0.0176651985 0.0196990964 0.00487266552
v -0.0181236319 0.0204415584 0.00371935967
v -0.0165883626 0.0186560326 0.00479292066
f 1984 1986 1985
v -0.0189788974 0.0203843869 0.00480060153
v -0.0183008189 0.0212929255 0.00331107221
v -0.0183575801 0.0206037279 0.00458621362
f 1987 1989 1988
v -0.0189788974 0.0203843869 0.00480060153
v -0.0204667711 0.0194254171 0.00394767594
v -0.0206216675 0.0209819336 0.00193461619
f 1990 1992 1991
v -0.0204667711 0.0194254171 0.00394767594
v -0.0189788974 0.0203843869 0.00480060153
v -0.0199545553 0.018344757 0.00585883463
f 1993 1995 1994
v -0.0219327558 0.0197818517 0.00191802228
v -0.0216528002 0.0176297966 0.00349685506
v -0.0223043113 0.0187095764 0.00214402935
f 1996 1998 1997
v -0.0204667711 0.0194254171 0.00394767594
v -0.0219327558 0.0197818517 0.00191802228
v -0.0206216675 0.0209819336 0.00193461619
f 1999 2001 2000
v -0.0214606407 0.0199769624 0.000374632737
v -0.0206216675 0.0209819336 0.00193461619
v -0.0219327558 0.0197818517 0.00191802228
f 2002 2004 2003
v -0.0197030749 0.0217747496 0.000303696174
v -0.0206216675 0.0209819336 0.00193461619
v -0.0214606407 0.0199769624 0.000374632737
f 2005 2007 2006
v -0.0176651985 0.0196990964 0.00487266552
v -0.0183575801 0.0206037279 0.00458621362
v -0.0181236319 0.0204415584 0.00371935967
f 2008 2010 2009
v -0.0133199501 0.0113501228 0.0115559065
v -0.012286198 0.00904407716 0.0124494894
v -0.0150607739 0.00992464193 0.013663547
f 2011 2013 2012
v -0.0155253249 0.0116286988 0.0135018025
v -0.0159915056 0.0117757394 0.0136511168
v -0.0164398502 0.01287388 0.0138211792
f 2014 2016 2015
v -0.0159915056 0.0117757394 0.0136511168
v -0.0162575525 0.0101641075 0.0128363288
v -0.0173611319 0.0118925884 0.0131213426
f 2017 2019 2018
v -0.00655407639 0.00464055775 0.0123398902
v -0.00530695943 0.00533570274 0.010787919
v -0.00606392714 0.00390424866 0.0125661056
f 2020 2022 2021
v -0.00719657983 0.00504953096 0.012180733
v -0.00960090256 0.00814610612 0.0113813854
v -0.00530695943 0.00533570274 0.010787919
f 2023 2025 2024
v -0.0083958992 0.00320161598 0.012318368
v -0.00891663221 0.00505689713 0.0128137821
v -0.00719657983 0.00504953096 0.012180733
f 2026 2028 2027
v -0.00606392714 0.00390424866 0.0125661056
v -0.00646774788 0.00364001644 0.0123175938
v -0.00645190594 0.0042527161 0.0124710379
f 2029 2031 2030
v -0.00642061059 0.00430717009 0.0123963808
v -0.00646774788 0.00364001644 0.0123175938
v -0.00654160467 0.00444930338 0.0124407379
f 2032 2034 2033
v -0.00655407639 0.00464055775 0.0123398902
v -0.00606392714 0.00390424866 0.0125661056
v -0.00642061059 0.00430717009 0.0123963808
f 2035 2037 2036
v -0.00966017906 0.00476994246 0.013423388
v -0.00891663221 0.00505689713 0.0128137821
v -0.0100869263 0.00420333963 0.0130406668
f 2038 2040 2039
v -0.00891663221 0.00505689713 0.0128137821
v -0.00960090256 0.00814610612 0.0113813854
v -0.00719657983 0.00504953096 0.012180733
f 2041 2043 2042
v -0.0127553823 0.0068324669 0.0132065965
v -0.0106025516 0.00532732774 0.0132768822
v -0.0128062311 0.00469599763 0.0123201928
f 2044 2046 2045
v -0.00925468048 0.000637694347 0.0121573925
v -0.010318109 0.00167236358 0.0122054262
v -0.0083958992 0.00320161598 0.012318368
f 2047 2049 2048
v -0.0120421144 -0.00112714733 0.0134975155
v -0.00925468048 0.000637694347 0.0121573925
v -0.00807092511 -0.000588405237 0.0130722678
f 2050 2052 2051
v -0.0128764499 -0.000383526094 0.0131708424
v -0.010318109 0.00167236358 0.0122054262
v -0.00925468048 0.000637694347 0.0121573925
f 2053 2055 2054
v -0.0129913213 0.00317809208 0.0128315791
v -0.0128062311 0.00469599763 0.0123201928
v -0.0106025516 0.00532732774 0.0132768822
f 2056 2058 2057
v -0.0129913213 0.00317809208 0.0128315791
v -0.0143170168 0.00204870958 0.0133336987
v -0.015438706 0.00266131192 0.0116110728
f 2059 2061 2060
v -0.0127553823 0.0068324669 0.0132065965
v -0.012286198 0.00904407716 0.0124494894
v -0.00891663221 0.00505689713 0.0128137821
f 2062 2064 2063
v -0.0142866484 0.00768276514 0.0131758687
v -0.0150680105 0.0096058342 0.0136869436
v -0.0150607739 0.00992464193 0.013663547
f 2065 2067 2066
v -0.0142866484 0.00768276514 0.0131758687
v -0.0150607739 0.00992464193 0.013663547
v -0.012286198 0.00904407716 0.0124494894
f 2068 2070 2069
v -0.0127553823 0.0068324669 0.0132065965
v -0.0146433551 0.00695925701 0.0124463957
v -0.0142866484 0.00768276514 0.0131758687
f 2071 2073 2072
v -0.0146433551 0.00695925701 0.0124463957
v -0.0168849307 0.00624301974 0.0130283268
v -0.016173895 0.00677620992 0.0128806802
f 2074 2076 2075
v -0.0146433551 0.00695925701 0.0124463957
v -0.016173895 0.00677620992 0.0128806802
v -0.0155373549 0.00796262248 0.0130720815
f 2077 2079 2078
v -0.0142866484 0.00768276514 0.0131758687
v -0.0146433551 0.00695925701 0.0124463957
v -0.0155373549 0.00796262248 0.0130720815
f 2080 2082 2081
v -0.0150680105 0.0096058342 0.0136869436
v -0.0162575525 0.0101641075 0.0128363288
v -0.0155254922 0.0107042746 0.0136839109
f 2083 2085 2084
v -0.016173895 0.00677620992 0.0128806802
v -0.0180196381 0.0108330722 0.0124955521
v -0.0162575525 0.0101641075 0.0128363288
f 2086 2088 2087
v -0.0155285772 0.00379357152 0.0121365949
v -0.0161396005 0.00451394735 0.0123462407
v -0.0128062311 0.00469599763 0.0123201928
f 2089 2091 2090
v -0.0161396005 0.00451394735 0.0123462407
v -0.0168849307 0.00624301974 0.0130283268
v -0.0146433551 0.00695925701 0.0124463957
f 2092 2094 2093
v -0.0150607739 0.00992464193 0.013663547
v -0.0150680105 0.0096058342 0.0136869436
v -0.0152857174 0.0102876795 0.013725835
f 2095 2097 2096
v -0.0152950175 0.0102861479 0.0136811548
v -0.0150680105 0.0096058342 0.0136869436
v -0.0155254922 0.0107042746 0.0136839109
f 2098 2100 2099
v -0.00960090256 0.00814610612 0.0113813854
v -0.0106422631 0.0120510282 0.00535037798
v -0.00802634822 0.00896112033 0.00644674219
f 2101 2103 2102
v -0.0074988784 0.0090653848 0.00394246817
v -0.0101463746 0.0115858253 0.000382074404
v -0.00536015032 0.00752741471 0.000378861159
f 2104 2106 2105
v -0.0139582757 0.0126976462 0.0110143228
v -0.0150857362 0.0153582994 0.0091621303
v -0.0135846305 0.0140115124 0.006981966
f 2107 2109 2108
v -0.0150857362 0.0153582994 0.0091621303
v -0.0158494455 0.0173310735 0.00675424817
v -0.0135846305 0.0140115124 0.006981966
f 2110 2112 2111
v -0.0139582757 0.0126976462 0.0110143228
v -0.0106422631 0.0120510282 0.00535037798
v -0.0133199501 0.0113501228 0.0115559065
f 2113 2115 2114
v -0.0106422631 0.0120510282 0.00535037798
v -0.0130357745 0.0147413433 0.000364909533
v -0.0101463746 0.0115858253 0.000382074404
f 2116 2118 2117
v -0.0135846305 0.0140115124 0.006981966
v -0.0140746168 0.0162788623 0.000371060742
v -0.0130357745 0.0147413433 0.000364909533
f 2119 2121 2120
v -0.00960090256 0.00814610612 0.0113813854
v -0.00802634822 0.00896112033 0.00644674219
v -0.00530695943 0.00533570274 0.010787919
f 2122 2124 2123
v -0.00340362094 0.00647814522 0.00439106443
v -0.0074988784 0.0090653848 0.00394246817
v -0.00536015032 0.00752741471 0.000378861159
f 2125 2127 2126
v -0.0128062311 0.00469599763 0.0123201928
v -0.0129913213 0.00317809208 0.0128315791
v -0.015438706 0.00266131192 0.0116110728
f 2128 2130 2129
v -0.0168849307 0.00624301974 0.0130283268
v -0.0193632193 0.00855526814 0.0129950728
v -0.0180196381 0.0108330722 0.0124955521
f 2131 2133 2132
v -0.0168849307 0.00624301974 0.0130283268
v -0.0180196381 0.0108330722 0.0124955521
v -0.016173895 0.00677620992 0.0128806802
f 2134 2136 2135
v -0.016096975 0.00310904397 0.0120169272
v -0.0155285772 0.00379357152 0.0121365949
v -0.015438706 0.00266131192 0.0116110728
f 2137 2139 2138
v -0.0161396005 0.00451394735 0.0123462407
v -0.0155285772 0.00379357152 0.0121365949
v -0.0168776649 0.00310567484 0.012995553
f 2140 2142 2141
v -0.016940113 0.00293609337 0.0117258933
v -0.0175183726 0.00215034925 0.0112768816
v -0.0175636436 0.0038886461 0.0124047947
f 2143 2145 2144
v -0.0194111839 0.00310040014 0.0118166281
v -0.0183828204 0.00393533737 0.0127281673
v -0.0175636436 0.0038886461 0.0124047947
f 2146 2148 2147
v -0.0161396005 0.00451394735 0.0123462407
v -0.0183828204 0.00393533737 0.0127281673
v -0.0189749451 0.00474978769 0.0126937317
f 2149 2151 2150
v -0.0175396053 0.0152217923 0.0140776596
v -0.0183794866 0.0160284631 0.0145442114
v -0.0156493683 0.0147051949 0.0112103909
f 2152 2154 2153
v -0.0192444451 0.0206584358 0.0159483345
v -0.0191274841 0.0197114088 0.0158053328
v -0.0191574538 0.0200273644 0.0159647781
f 2155 2157 2156
v -0.0190414954 0.0194193082 0.0159446005
v -0.0191012834 0.0186923004 0.0154864771
v -0.0191425526 0.0190963037 0.0158712937
f 2158 2160 2159
v -0.0185323006 0.0192622887 0.0131090492
v -0.0183794866 0.0160284631 0.0145442114
v -0.0191012834 0.0186923004 0.0154864771
f 2161 2163 2162
v -0.0178043847 0.0184519304 0.0122172933
v -0.0181935451 0.0184966426 0.0123118545
v -0.0181291049 0.0185612997 0.0124954153
f 2164 2166 2165
v -0.0185323006 0.0192622887 0.0131090492
v -0.0183299737 0.0188134247 0.0127872394
v -0.0181704236 0.0182438598 0.0124080572
f 2167 2169 2168
v -0.0185323006 0.0192622887 0.0131090492
v -0.018447917 0.0183893586 0.0122261321
v -0.0182376229 0.0188369042 0.0123522244
f 2170 2172 2171
v -0.0183794866 0.0160284631 0.0145442114
v -0.0181704236 0.0182438598 0.0124080572
v -0.0175713474 0.01778796 0.0110335692
f 2173 2175 2174
v -0.0183299737 0.0188134247 0.0127872394
v -0.0185323006 0.0192622887 0.0131090492
v -0.0182376229 0.0188369042 0.0123522244
f 2176 2178 2177
v -0.0191012834 0.0186923004 0.0154864771
v -0.0183794866 0.0160284631 0.0145442114
v -0.0190456994 0.0171581851 0.015095956
f 2179 2181 2180
v -0.0167313949 0.0134936083 0.0143771118
v -0.0172448505 0.0140192584 0.0145988102
v -0.0172268512 0.014373695 0.0143820624
f 2182 2184 2183
v -0.0167313949 0.0134936083 0.0143771118
v -0.0164398502 0.01287388 0.0138211792
v -0.0178857284 0.0141388417 0.0138107338
f 2185 2187 2186
v -0.0167313949 0.0134936083 0.0143771118
v -0.0175396053 0.0152217923 0.0140776596
v -0.0156493683 0.0147051949 0.0112103909
f 2188 2190 2189
v -0.0164398502 0.01287388 0.0138211792
v -0.0159915056 0.0117757394 0.0136511168
v -0.0173611319 0.0118925884 0.0131213426
f 2191 2193 2192
v -0.0203958436 0.0162149285 0.0145623024
v -0.0218574583 0.0154779744 0.014148542
v -0.0200724942 0.0180894669 0.0152896217
f 2194 2196 2195
v -0.0231795726 0.0165878053 0.0133704161
v -0.0200724942 0.0180894669 0.0152896217
v -0.0218574583 0.0154779744 0.014148542
f 2197 2199 2198
v -0.0218574583 0.0154779744 0.014148542
v -0.0192037449 0.0159638628 0.0142307574
v -0.0200359544 0.0128636384 0.0129209657
f 2200 2202 2201
v -0.0178857284 0.0141388417 0.0138107338
v -0.0192037449 0.0159638628 0.0142307574
v -0.0183794866 0.0160284631 0.0145442114
f 2203 2205 2204
v -0.0194717883 0.0208458645 0.0160137948
v -0.0205295495 0.0199305432 0.0149492495
v -0.0198275229 0.0214101485 0.0159212621
f 2206 2208 2207
v -0.0205295495 0.0199305432 0.0149492495
v -0.0224852964 0.0177839203 0.0134643487
v -0.0225480893 0.0202325304 0.0130035914
f 2209 2211 2210
v -0.0224852964 0.0177839203 0.0134643487
v -0.0200724942 0.0180894669 0.0152896217
v -0.0231795726 0.0165878053 0.0133704161
f 2212 2214 2213
v -0.0170524538 0.0171576947 0.0106189807
v -0.0168421306 0.0172109678 0.0100532066
v -0.0150857362 0.0153582994 0.0091621303
f 2215 2217 2216
v -0.016758962 0.018021508 0.0101539743
v -0.0171307853 0.0176767149 0.0102494567
v -0.017354147 0.0175231835 0.0105547508
f 2218 2220 2219
v -0.016994444 0.0172264932 0.0104070576
v -0.016758962 0.018021508 0.0101539743
v -0.0162281023 0.0181284326 0.00990219123
f 2221 2223 2222
v -0.0150857362 0.0153582994 0.0091621303
v -0.0175713474 0.01778796 0.0110335692
v -0.0170524538 0.0171576947 0.0106189807
f 2224 2226 2225
v -0.0172812754 0.0167691003 0.010475923
v -0.016994444 0.0172264932 0.0104070576
v -0.0196974885 0.0176667454 0.0111363523
f 2227 2229 2228
v -0.0168132785 0.0174001078 0.00968719251
v -0.0168577826 0.0170027546 0.0098601151
v -0.0169465915 0.0174540546 0.00929671078
f 2230 2232 2231
v -0.0169465915 0.0174540546 0.00929671078
v -0.0190937892 0.0176975533 0.00821668073
v -0.016896725 0.0179718365 0.00893853794
f 2233 2235 2234
v -0.0172812754 0.0167691003 0.010475923
v -0.0187076308 0.0151639033 0.0100687568
v -0.0168577826 0.0170027546 0.0098601151
f 2236 2238 2237
v -0.0201006973 0.0141154072 0.00925472414
v -0.0190937892 0.0176975533 0.00821668073
v -0.0169465915 0.0174540546 0.00929671078
f 2239 2241 2240
v -0.0201782794 0.0190735576 0.0123627891
v -0.0211029619 0.0182372998 0.0119861899
v -0.020202712 0.0176761372 0.0115623428
f 2242 2244 2243
v -0.0205944423 0.0166282349 0.0111914545
v -0.020202712 0.0176761372 0.0115623428
v -0.0211029619 0.0182372998 0.0119861899
f 2245 2247 2246
v -0.0190937892 0.0176975533 0.00821668073
v -0.0201611008 0.0169870924 0.00783029172
v -0.02119774 0.0171561609 0.00618297636
f 2248 2250 2249
v -0.0201611008 0.0169870924 0.00783029172
v -0.022217512 0.0161867822 0.00674356052
v -0.02119774 0.0171561609 0.00618297636
f 2251 2253 2252
v -0.0173611319 0.0118925884 0.0131213426
v -0.0195513494 0.0113052381 0.0125798979
v -0.0200359544 0.0128636384 0.0129209657
f 2254 2256 2255
v -0.0218574583 0.0154779744 0.014148542
v -0.0225755386 0.0139075928 0.0133447204
v -0.0242731199 0.0151372427 0.0125334511
f 2257 2259 2258
v -0.0218574583 0.0154779744 0.014148542
v -0.0200359544 0.0128636384 0.0129209657
v -0.0225755386 0.0139075928 0.0133447204
f 2260 2262 2261
v -0.0228413919 0.0150588923 0.00702452307
v -0.0220455026 0.0145739818 0.00835765823
v -0.0242057053 0.0138922071 0.00634791577
f 2263 2265 2264
v -0.0229466343 0.0155395901 0.00953464987
v -0.0227314144 0.0143019381 0.00939362799
v -0.0227332421 0.0151542292 0.0105080704
f 2266 2268 2267
v -0.0227314144 0.0143019381 0.00939362799
v -0.023252648 0.0129913766 0.00902716492
v -0.0231033438 0.0124748927 0.00891091986
f 2269 2271 2270
v -0.0220033588 0.0135367751 0.00879572544
v -0.0231033438 0.0124748927 0.00891091986
v -0.0229460464 0.0133711612 0.00821177455
f 2272 2274 2273
v -0.0238274937 0.0144274134 0.00843930902
v -0.0249329489 0.0131996916 0.00859265128
v -0.0244204683 0.0129681503 0.00872356104
f 2275 2277 2276
v -0.023252648 0.0129913766 0.00902716492
v -0.0238274937 0.0144274134 0.00843930902
v -0.0234042673 0.0130681219 0.00853951205
f 2278 2280 2279
v -0.0201006973 0.0141154072 0.00925472414
v -0.0220455026 0.0145739818 0.00835765823
v -0.0201611008 0.0169870924 0.00783029172
f 2281 2283 2282
v -0.0167247141 0.0172501634 0.00964930077
v -0.0167864811 0.0180354225 0.00860109722
v -0.0158494455 0.0173310735 0.00675424817
f 2284 2286 2285
v -0.0199545553 0.018344757 0.00585883463
v -0.02119774 0.0171561609 0.00618297636
v -0.0216528002 0.0176297966 0.00349685506
f 2287 2289 2288
v -0.02119774 0.0171561609 0.00618297636
v -0.022217512 0.0161867822 0.00674356052
v -0.0228413919 0.0150588923 0.00702452307
f 2290 2292 2291
v -0.0216528002 0.0176297966 0.00349685506
v -0.0248080294 0.0159203802 0.00217301003
v -0.0233444065 0.0174589368 0.00222549188
f 2293 2295 2294
v -0.0248080294 0.0159203802 0.00217301003
v -0.024679277 0.0163901204 0.00135289392
v -0.0233444065 0.0174589368 0.00222549188
f 2296 2298 2297
v -0.0229051089 0.0163451579 0.00339678081
v -0.0227478653 0.0153170622 0.005090993
v -0.0246620388 0.0132489135 0.00398657357
f 2299 2301 2300
v -0.0242057053 0.0138922071 0.00634791577
v -0.0227478653 0.0153170622 0.005090993
v -0.0228413919 0.0150588923 0.00702452307
f 2302 2304 2303
v -0.0242057053 0.0138922071 0.00634791577
v -0.0246620388 0.0132489135 0.00398657357
v -0.0227478653 0.0153170622 0.005090993
f 2305 2307 2306
v -0.0242057053 0.0138922071 0.00634791577
v -0.0249725999 0.0123901162 0.00510456775
v -0.0246620388 0.0132489135 0.00398657357
f 2308 2310 2309
v -0.024679277 0.0163901204 0.00135289392
v -0.0251946592 0.0138917298 0.0027500113
v -0.0256844796 0.0141730125 0.00212928353
f 2311 2313 2312
v -0.0251946592 0.0138917298 0.0027500113
v -0.0260658737 0.0131040986 0.00172479304
v -0.0256788131 0.0141695971 0.00212786617
f 2314 2316 2315
v -0.0217982451 0.0207015095 0.0120965247
v -0.0211029619 0.0182372998 0.0119861899
v -0.0207684832 0.0206523153 0.0121977173
f 2317 2319 2318
v -0.0224852964 0.0177839203 0.0134643487
v -0.0237084372 0.0197950067 0.0127338397
v -0.0225480893 0.0202325304 0.0130035914
f 2320 2322 2321
v -0.0224852964 0.0177839203 0.0134643487
v -0.0238577704 0.0180109972 0.0128899963
v -0.0237084372 0.0197950067 0.0127338397
f 2323 2325 2324
v -0.0245366304 0.0180145027 0.0121660247
v -0.0236257489 0.0178220624 0.0112444257
v -0.0232381004 0.0199185728 0.0117969299
f 2326 2328 2327
v -0.0236257489 0.0178220624 0.0112444257
v -0.0211029619 0.0182372998 0.0119861899
v -0.0224786985 0.0193570057 0.0113202281
f 2329 2331 2330
v -0.0242305134 0.017355122 0.0131742592
v -0.0231795726 0.0165878053 0.0133704161
v -0.0253873295 0.016047078 0.0124342158
f 2332 2334 2333
v -0.0242731199 0.0151372427 0.0125334511
v -0.0253873295 0.016047078 0.0124342158
v -0.0231795726 0.0165878053 0.0133704161
f 2335 2337 2336
v -0.0254644925 0.0162536962 0.0110607019
v -0.0262301357 0.0149071013 0.012401733
v -0.0265177572 0.01427104 0.0115268682
f 2338 2340 2339
v -0.0245366304 0.0180145027 0.0121660247
v -0.0242305134 0.017355122 0.0131742592
v -0.0253873295 0.016047078 0.0124342158
f 2341 2343 2342
v -0.0241433328 0.0158283277 0.0100661193
v -0.0254644925 0.0162536962 0.0110607019
v -0.0249485194 0.0140094809 0.0105725514
f 2344 2346 2345
v -0.0250626443 0.0168079569 0.0111604168
v -0.0254644925 0.0162536962 0.0110607019
v -0.0241433328 0.0158283277 0.0100661193
f 2347 2349 2348
v -0.0193632193 0.00855526814 0.0129950728
v -0.0195513494 0.0113052381 0.0125798979
v -0.0180196381 0.0108330722 0.0124955521
f 2350 2352 2351
v -0.0195513494 0.0113052381 0.0125798979
v -0.0193632193 0.00855526814 0.0129950728
v -0.0209675447 0.0101311591 0.0121948557
f 2353 2355 2354
v -0.0193632193 0.00855526814 0.0129950728
v -0.0205121934 0.00795805099 0.0129797379
v -0.0209675447 0.0101311591 0.0121948557
f 2356 2358 2357
v -0.0221294176 0.00899666193 0.0125251041
v -0.0229159035 0.011139414 0.0126275321
v -0.0209675447 0.0101311591 0.0121948557
f 2359 2361 2360
v -0.0236402018 0.0130400644 0.0130506582
v -0.0225755386 0.0139075928 0.0133447204
v -0.0229159035 0.011139414 0.0126275321
f 2362 2364 2363
v -0.0231033438 0.0124748927 0.00891091986
v -0.0245894393 0.0109976696 0.00858412459
v -0.0235801781 0.0128023312 0.00817035907
f 2365 2367 2366
v -0.0245894393 0.0109976696 0.00858412459
v -0.0254196988 0.0113893977 0.00757274611
v -0.0242057053 0.0138922071 0.00634791577
f 2368 2370 2369
v -0.0245894393 0.0109976696 0.00858412459
v -0.0251425838 0.0110354355 0.00807272663
v -0.0254196988 0.0113893977 0.00757274611
f 2371 2373 2372
v -0.0255116436 0.0111931608 0.00819683046
v -0.0244204683 0.0129681503 0.00872356104
v -0.0249329489 0.0131996916 0.00859265128
f 2374 2376 2375
v -0.0210087586 0.00630317809 0.0127150852
v -0.0222863164 0.00451263913 0.0126766128
v -0.0221294176 0.00899666193 0.0125251041
f 2377 2379 2378
v -0.0237535773 0.00579044608 0.0128991669
v -0.0221294176 0.00899666193 0.0125251041
v -0.0222863164 0.00451263913 0.0126766128
f 2380 2382 2381
v -0.0237535773 0.00579044608 0.0128991669
v -0.025035924 0.00914435586 0.0128649728
v -0.0232362043 0.00849525168 0.0124662882
f 2383 2385 2384
v -0.0246460928 0.0112140326 0.0135758513
v -0.025035924 0.00914435586 0.0128649728
v -0.0260847621 0.00986505329 0.0133693859
f 2386 2388 2387
v -0.0273518235 0.00963001003 0.00942476399
v -0.0272942678 0.00856495826 0.0113283415
v -0.0280030363 0.00775209337 0.00954782008
f 2389 2391 2390
v -0.0272942678 0.00856495826 0.0113283415
v -0.0273518235 0.00963001003 0.00942476399
v -0.0269993034 0.0099558456 0.0108187967
f 2392 2394 2393
v -0.0249725999 0.0123901162 0.00510456775
v -0.0257045642 0.0121514859 0.0062858242
v -0.0262821559 0.0110696274 0.00617171609
f 2395 2397 2396
v -0.0254196988 0.0113893977 0.00757274611
v -0.0259032793 0.0103680322 0.00805944874
v -0.0262821559 0.0110696274 0.00617171609
f 2398 2400 2399
v -0.0254196988 0.0113893977 0.00757274611
v -0.0262821559 0.0110696274 0.00617171609
v -0.0257045642 0.0121514859 0.0062858242
f 2401 2403 2402
v -0.0278328342 0.0090875692 0.00389926863
v -0.0262821559 0.0110696274 0.00617171609
v -0.0285399525 0.00837539483 0.00603275948
f 2404 2406 2405
v -0.0249725999 0.0123901162 0.00510456775
v -0.0262821559 0.0110696274 0.00617171609
v -0.0267120922 0.010884225 0.00286442482
f 2407 2409 2408
v -0.0246620388 0.0132489135 0.00398657357
v -0.0249725999 0.0123901162 0.00510456775
v -0.0267120922 0.010884225 0.00286442482
f 2410 2412 2411
v -0.0270911405 0.0113901813 0.00154770278
v -0.0267120922 0.010884225 0.00286442482
v -0.0285383663 0.00945214924 0.00266925908
f 2413 2415 2414
v -0.0266304385 0.00986553277 0.00779508264
v -0.0279709551 0.0100697122 0.00809714693
v -0.027420363 0.00924609922 0.00743741475
f 2416 2418 2417
v -0.0262821559 0.0110696274 0.00617171609
v -0.027420363 0.00924609922 0.00743741475
v -0.0285399525 0.00837539483 0.00603275948
f 2419 2421 2420
v -0.0278328342 0.0090875692 0.00389926863
v -0.0285383663 0.00945214924 0.00266925908
v -0.0267120922 0.010884225 0.00286442482
f 2422 2424 2423
v -0.0278328342 0.0090875692 0.00389926863
v -0.0285399525 0.00837539483 0.00603275948
v -0.0294258818 0.00717589937 0.00434103385
f 2425 2427 2426
v -0.0294258818 0.00717589937 0.00434103385
v -0.0306984119 0.00784918593 0.0022050499
v -0.0295517122 0.00858679632 0.0023097733
f 2428 2430 2429
v -0.0236402018 0.0130400644 0.0130506582
v -0.0262301357 0.0149071013 0.012401733
v -0.0242731199 0.0151372427 0.0125334511
f 2431 2433 2432
v -0.0265177572 0.01427104 0.0115268682
v -0.0262301357 0.0149071013 0.012401733
v -0.0267008581 0.0128920728 0.0122586673
f 2434 2436 2435
v -0.0269094715 0.011739038 0.0133276189
v -0.0273314479 0.0115784045 0.0128489541
v -0.0262063171 0.0124088096 0.0129284686
f 2437 2439 2438
v -0.0238713154 0.0156583337 0.00943714476
v -0.0249485194 0.0140094809 0.0105725514
v -0.0255138701 0.0133975453 0.00962909398
f 2440 2442 2441
v -0.0249485194 0.0140094809 0.0105725514
v -0.0255037041 0.0133914102 0.00962654813
v -0.0255138701 0.0133975453 0.00962909398
f 2443 2445 2444
v -0.0255037041 0.0133914102 0.00962654813
v -0.0238713154 0.0156583337 0.00943714476
v -0.0255138701 0.0133975453 0.00962909398
f 2446 2448 2447
v -0.0249485194 0.0140094809 0.0105725514
v -0.0259360444 0.0115836381 0.0108552536
v -0.0265855982 0.012181278 0.00920257662
f 2449 2451 2450
v -0.0259360444 0.0115836381 0.0108552536
v -0.0249485194 0.0140094809 0.0105725514
v -0.0265177572 0.01427104 0.0115268682
f 2452 2454 2453
v -0.0265855982 0.012181278 0.00920257662
v -0.0255138701 0.0133975453 0.00962909398
v -0.0255037041 0.0133914102 0.00962654813
f 2455 2457 2456
v -0.0265855982 0.012181278 0.00920257662
v -0.0259360444 0.0115836381 0.0108552536
v -0.0262998889 0.0109010041 0.0101658115
f 2458 2460 2459
v -0.0260847621 0.00986505329 0.0133693859
v -0.0269094715 0.011739038 0.0133276189
v -0.0262063171 0.0124088096 0.0129284686
f 2461 2463 2462
v -0.0260847621 0.00986505329 0.0133693859
v -0.0271793979 0.010355097 0.0132462126
v -0.0269094715 0.011739038 0.0133276189
f 2464 2466 2465
v -0.0273314479 0.0115784045 0.0128489541
v -0.0269094715 0.011739038 0.0133276189
v -0.0271793979 0.010355097 0.0132462126
f 2467 2469 2468
v -0.026603791 0.00838172418 0.0136327522
v -0.0272048695 0.00848898053 0.0134246569
v -0.0271793979 0.010355097 0.0132462126
f 2470 2472 2471
v -0.0274798367 0.0101838144 0.0126823637
v -0.0272048695 0.00848898053 0.0134246569
v -0.0272942678 0.00856495826 0.0113283415
f 2473 2475 2474
v -0.026603791 0.00838172418 0.0136327522
v -0.0271793979 0.010355097 0.0132462126
v -0.0260847621 0.00986505329 0.0133693859
f 2476 2478 2477
v -0.0259360444 0.0115836381 0.0108552536
v -0.0274798367 0.0101838144 0.0126823637
v -0.0269993034 0.0099558456 0.0108187967
f 2479 2481 2480
v -0.0274798367 0.0101838144 0.0126823637
v -0.0272942678 0.00856495826 0.0113283415
v -0.0269993034 0.0099558456 0.0108187967
f 2482 2484 2483
v -0.0267008581 0.0128920728 0.0122586673
v -0.0259360444 0.0115836381 0.0108552536
v -0.0265177572 0.01427104 0.0115268682
f 2485 2487 2486
v -0.0279709551 0.0100697122 0.00809714693
v -0.0287709699 0.00941281614 0.00892625685
v -0.0297743914 0.00734597852 0.0080238322
f 2488 2490 2489
v -0.0251946592 0.0138917298 0.0027500113
v -0.0246620388 0.0132489135 0.00398657357
v -0.0267120922 0.010884225 0.00286442482
f 2491 2493 2492
v -0.0262301357 0.0149071013 0.012401733
v -0.0253873295 0.016047078 0.0124342158
v -0.0242731199 0.0151372427 0.0125334511
f 2494 2496 2495
v -0.0211029619 0.0182372998 0.0119861899
v -0.0232300474 0.0165643491 0.0113958791
v -0.0205944423 0.0166282349 0.0111914545
f 2497 2499 2498
v -0.0254218263 0.0111018264 0.00811142381
v -0.0254196988 0.0113893977 0.00757274611
v -0.0251425838 0.0110354355 0.00807272663
f 2500 2502 2501
v -0.0179001421 0.0181615003 0.0117672083
v -0.0178043847 0.0184519304 0.0122172933
v -0.0173627006 0.0185574172 0.0116720585
f 2503 2505 2504
v -0.0174339177 0.0182182484 0.0104067833
v -0.0179001421 0.0181615003 0.0117672083
v -0.017319544 0.0183366152 0.011246917
f 2506 2508 2507
v -0.0193632193 0.00855526814 0.0129950728
v -0.0202678231 0.00714430716 0.0126870727
v -0.0205121934 0.00795805099 0.0129797379
f 2509 2511 2510
v -0.0269859855 0.0115482399 0.000383211136
v -0.0270911405 0.0113901813 0.00154770278
v -0.0282448833 0.0101077509 0.000379285098
f 2512 2514 2513
v -0.0294014404 0.00890262745 0.000384416262
v -0.0306984119 0.00784918593 0.0022050499
v -0.0307813461 0.00797649627 0.000394132758
f 2515 2517 2516
v 0.00115311377 -0.0104176972 0.00473772088
v -0.000331357978 -0.011077724 0.00748482416
v 0.00206754885 -0.00887965725 0.00413625421
f 2518 2520 2519
v -0.000331357978 -0.011077724 0.00748482416
v 0.000677584876 -0.00934965865 0.00768672689
v 0.00206754885 -0.00887965725 0.00413625421
f 2521 2523 2522
v -0.000331357978 -0.011077724 0.00748482416
v -0.000816163174 -0.0115957009 0.00460576266
v -0.0021797272 -0.012094211 0.00744414428
f 2524 2526 2525
v -7.79691391e-05 -0.0111402383 0.00220499896
v -0.000816163174 -0.0115957009 0.00460576266
v 0.00115311377 -0.0104176972 0.00473772088
f 2527 2529 2528
v -0.000816163174 -0.0115957009 0.00460576266
v -7.79691391e-05 -0.0111402383 0.00220499896
v -0.00133712156 -0.0112637106 0.00265590334
f 2530 2532 2531
v -0.00333608223 -0.00874797843 0.0117441705
v -0.00699078519 -0.00779806287 0.0131075882
v -0.00313689125 -0.00596155151 0.0119944423
f 2533 2535 2534
v -0.00585229209 -0.00930888928 0.012614383
v -0.00699078519 -0.00779806287 0.0131075882
v -0.00333608223 -0.00874797843 0.0117441705
f 2536 2538 2537
v -0.00699078519 -0.00779806287 0.0131075882
v -0.009675404 -0.00566749659 0.0132402172
v -0.00730648899 -0.00472230859 0.0130759872
f 2539 2541 2540
v -0.0049573584 -0.0108618369 0.011706262
v -0.00699078519 -0.00779806287 0.0131075882
v -0.00585229209 -0.00930888928 0.012614383
f 2542 2544 2543
v -0.0092856535 -0.00849093922 0.0131679262
v -0.00699078519 -0.00779806287 0.0131075882
v -0.00866369592 -0.0101830279 0.0127805688
f 2545 2547 2546
v -0.009675404 -0.00566749659 0.0132402172
v -0.0110355424 -0.00594246194 0.0133555033
v -0.0118750533 -0.004644824 0.012740973
f 2548 2550 2549
v -0.009675404 -0.00566749659 0.0132402172
v -0.0118750533 -0.004644824 0.012740973
v -0.0105569452 -0.00319223946 0.0127296633
f 2551 2553 2552
v -0.0110355424 -0.00594246194 0.0133555033
v -0.0119618206 -0.00734599453 0.0132854271
v -0.0118750533 -0.004644824 0.012740973
f 2554 2556 2555
v -0.0049573584 -0.0108618369 0.011706262
v -0.00685589839 -0.0120923236 0.0113377304
v -0.00866369592 -0.0101830279 0.0127805688
f 2557 2559 2558
v -0.0092856535 -0.00849093922 0.0131679262
v -0.00866369592 -0.0101830279 0.0127805688
v -0.01223258 -0.00847880146 0.0130750414
f 2560 2562 2561
v -0.00313689125 -0.00596155151 0.0119944423
v -0.00699078519 -0.00779806287 0.0131075882
v -0.00455276968 -0.00509867168 0.012580381
f 2563 2565 2564
v 0.000677584876 -0.00934965865 0.00768672689
v -0.00114707436 -0.010114866 0.00964584251
v 0.00167769194 -0.00730333268 0.007394149
f 2566 2568 2567
v -0.00374871597 -0.0120925492 0.00986099913
v -0.00114707436 -0.010114866 0.00964584251
v -0.000331357978 -0.011077724 0.00748482416
f 2569 2571 2570
v -0.0021797272 -0.012094211 0.00744414428
v -0.00374871597 -0.0120925492 0.00986099913
v -0.000331357978 -0.011077724 0.00748482416
f 2572 2574 2573
v -0.000816163174 -0.0115957009 0.00460576266
v -0.00528313576 -0.013261399 0.00332865638
v -0.00559365981 -0.0129737266 0.00505818389
f 2575 2577 2576
v -0.000816163174 -0.0115957009 0.00460576266
v -0.00559365981 -0.0129737266 0.00505818389
v -0.0021797272 -0.012094211 0.00744414428
f 2578 2580 2579
v -0.00278098669 -0.0120921904 0.00238483062
v -0.00584838381 -0.0122287907 0.00123550353
v -0.00528313576 -0.013261399 0.00332865638
f 2581 2583 2582
v -0.00584838381 -0.0122287907 0.00123550353
v -0.00315483558 -0.0118969052 0.000431565786
v -0.00752683773 -0.0125709033 0.000427825307
f 2584 2586 2585
v -0.00584838381 -0.0122287907 0.00123550353
v -0.00752683773 -0.0125709033 0.000427825307
v -0.00808536133 -0.0137540308 0.00300886059
f 2587 2589 2588
v -0.00723761113 -0.0130322005 0.0091955706
v -0.00685589839 -0.0120923236 0.0113377304
v -0.00374871597 -0.0120925492 0.00986099913
f 2590 2592 2591
v -0.00685589839 -0.0120923236 0.0113377304
v -0.00723761113 -0.0130322005 0.0091955706
v -0.0100980098 -0.0129331223 0.00882813038
f 2593 2595 2594
v -0.00723761113 -0.0130322005 0.0091955706
v -0.00895756239 -0.0137938623 0.00784043077
v -0.0100980098 -0.0129331223 0.00882813038
f 2596 2598 2597
v -0.00769108738 -0.0137360068 0.00800121852
v -0.0081440834 -0.0133821362 0.00615280223
v -0.0108872402 -0.0142002697 0.00713742411
f 2599 2601 2600
v -0.00895756239 -0.0137938623 0.00784043077
v -0.00769108738 -0.0137360068 0.00800121852
v -0.0108872402 -0.0142002697 0.00713742411
f 2602 2604 2603
v -0.0100060817 -0.0138505129 0.00281458742
v -0.0132230634 -0.0144023026 0.00266415336
v -0.0120026569 -0.0140489021 0.00494542073
f 2605 2607 2606
v -0.00712000183 -0.0135976894 0.00291861925
v -0.00584838381 -0.0122287907 0.00123550353
v -0.00808536133 -0.0137540308 0.00300886059
f 2608 2610 2609
v -0.00979860124 -0.0116800707 0.0120361045
v -0.00866369592 -0.0101830279 0.0127805688
v -0.00685589839 -0.0120923236 0.0113377304
f 2611 2613 2612
v -0.00685589839 -0.0120923236 0.0113377304
v -0.0100980098 -0.0129331223 0.00882813038
v -0.0113727416 -0.0121943405 0.0112925532
f 2614 2616 2615
v -0.00895756239 -0.0137938623 0.00784043077
v -0.0108872402 -0.0142002697 0.00713742411
v -0.0100980098 -0.0129331223 0.00882813038
f 2617 2619 2618
v -0.0113727416 -0.0121943405 0.0112925532
v -0.0100980098 -0.0129331223 0.00882813038
v -0.0116808478 -0.0129558161 0.00843818125
f 2620 2622 2621
v -0.0113727416 -0.0121943405 0.0112925532
v -0.0116808478 -0.0129558161 0.00843818125
v -0.0133750349 -0.0115085364 0.0115980671
f 2623 2625 2624
v -0.0155819711 -0.0127444335 0.00832369115
v -0.0116808478 -0.0129558161 0.00843818125
v -0.0155820191 -0.0137847863 0.00629367423
f 2626 2628 2627
v -0.0116808478 -0.0129558161 0.00843818125
v -0.0108872402 -0.0142002697 0.00713742411
v -0.0122553072 -0.014310758 0.00651863884
f 2629 2631 2630
v -0.0135271082 -0.0122439567 0.00997767129
v -0.0148819498 -0.0113223708 0.0115338371
v -0.0133750349 -0.0115085364 0.0115980671
f 2632 2634 2633
v -0.0148819498 -0.0113223708 0.0115338371
v -0.0135271082 -0.0122439567 0.00997767129
v -0.0163235425 -0.0114412775 0.00993953217
f 2635 2637 2636
v -0.0135271082 -0.0122439567 0.00997767129
v -0.0155819711 -0.0127444335 0.00832369115
v -0.0163235425 -0.0114412775 0.00993953217
f 2638 2640 2639
v -0.0133750349 -0.0115085364 0.0115980671
v -0.00979860124 -0.0116800707 0.0120361045
v -0.0113727416 -0.0121943405 0.0112925532
f 2641 2643 2642
v -0.0108872402 -0.0142002697 0.00713742411
v -0.0081440834 -0.0133821362 0.00615280223
v -0.0122553072 -0.014310758 0.00651863884
f 2644 2646 2645
v -0.0160725016 -0.0149533924 0.00358285215
v -0.0140639662 -0.0146888968 0.00581855675
v -0.0122553072 -0.014310758 0.00651863884
f 2647 2649 2648
v -0.0132230634 -0.0144023026 0.00266415336
v -0.0122553072 -0.014310758 0.00651863884
v -0.0120026569 -0.0140489021 0.00494542073
f 2650 2652 2651
v -0.0162475742 -0.0146604187 0.000440725489
v -0.0132230634 -0.0144023026 0.00266415336
v -0.0128256492 -0.0139963508 0.000438531151
f 2653 2655 2654
v -0.0181730284 -0.0151768065 0.00388953813
v -0.0160725016 -0.0149533924 0.00358285215
v -0.0179457362 -0.0150990047 0.00141449873
f 2656 2658 2657
v -0.00546924057 -0.0275552768 0.0173183857
v -0.00610740899 -0.0277010025 0.0169752107
v -0.00782915158 -0.0263930502 0.0166970101
f 2659 2661 2660
v -0.00694207411 -0.0262484595 0.0170264218
v -0.00546924057 -0.0275552768 0.0173183857
v -0.00782915158 -0.0263930502 0.0166970101
f 2662 2664 2663
v -0.0070870221 -0.0253256585 0.0158837182
v -0.00870438816 -0.025027158 0.0150475971
v -0.0065658518 -0.026543776 0.0160899915
f 2665 2667 2666
v -0.00772878921 -0.0265362556 0.0160131603
v -0.00782915158 -0.0263930502 0.0166970101
v -0.00610740899 -0.0277010025 0.0169752107
f 2668 2670 2669
v -0.00625516332 -0.026376365 0.0168440485
v -0.0065658518 -0.026543776 0.0160899915
v -0.00546924057 -0.0275552768 0.0173183857
f 2671 2673 2672
v -0.0103941537 -0.0190813778 0.016824386
v -0.0111308946 -0.0181810101 0.0145280763
v -0.00949940295 -0.0198659312 0.0142154866
f 2674 2676 2675
v -0.00761469346 -0.0223326992 0.0151126442
v -0.00883615066 -0.0218068366 0.016248005
v -0.00850969009 -0.0212086641 0.0148545951
f 2677 2679 2678
v -0.00850969009 -0.0212086641 0.0148545951
v -0.00773117499 -0.022484154 0.0140678487
v -0.00761469346 -0.0223326992 0.0151126442
f 2680 2682 2681
v -0.00773117499 -0.022484154 0.0140678487
v -0.00951070688 -0.024091528 0.014375546
v -0.00844166425 -0.0243091403 0.01509086
f 2683 2685 2684
v -0.00761469346 -0.0223326992 0.0151126442
v -0.00844166425 -0.0243091403 0.01509086
v -0.00832274964 -0.0239520057 0.0156885915
f 2686 2688 2687
v -0.0103941537 -0.0190813778 0.016824386
v -0.00850969009 -0.0212086641 0.0148545951
v -0.00883615066 -0.0218068366 0.016248005
f 2689 2691 2690
v -0.00883615066 -0.0218068366 0.016248005
v -0.0110008972 -0.0219642679 0.0176434958
v -0.0103941537 -0.0190813778 0.016824386
f 2692 2694 2693
v -0.0110008972 -0.0219642679 0.0176434958
v -0.0113998176 -0.0196651832 0.0180484931
v -0.0103941537 -0.0190813778 0.016824386
f 2695 2697 2696
v -0.00850969009 -0.0212086641 0.0148545951
v -0.00949940295 -0.0198659312 0.0142154866
v -0.00757384041 -0.022190767 0.0137505704
f 2698 2700 2699
v -0.0128926942 -0.0167036313 0.0153491826
v -0.0146672755 -0.0156480543 0.0150566804
v -0.0144355203 -0.0160549738 0.0136131857
f 2701 2703 2702
v -0.0172036205 -0.0141706594 0.016130539
v -0.0146672755 -0.0156480543 0.0150566804
v -0.0153645538 -0.0150379594 0.0165917008
f 2704 2706 2705
v -0.0119142569 -0.0210949627 0.0184285367
v -0.0141548982 -0.0196973109 0.0191775674
v -0.0113998176 -0.0196651832 0.0180484931
f 2707 2709 2708
v -0.0156261522 -0.0197048634 0.0197501184
v -0.0162295444 -0.0172967761 0.0196580775
v -0.0138290765 -0.0178274393 0.0184539967
f 2710 2712 2711
v -0.0156261522 -0.0197048634 0.0197501184
v -0.018257233 -0.0185952347 0.0195057219
v -0.0162295444 -0.0172967761 0.0196580775
f 2713 2715 2714
v -0.0162295444 -0.0172967761 0.0196580775
v -0.0159585485 -0.0158551396 0.0188929582
v -0.0138290765 -0.0178274393 0.0184539967
f 2716 2718 2717
v -0.0113998176 -0.0196651832 0.0180484931
v -0.0141548982 -0.0196973109 0.0191775674
v -0.0138290765 -0.0178274393 0.0184539967
f 2719 2721 2720
v -0.0113998176 -0.0196651832 0.0180484931
v -0.0120737212 -0.0176250993 0.0173189474
v -0.0103941537 -0.0190813778 0.016824386
f 2722 2724 2723
v -0.0120332181 -0.0236235021 0.017414079
v -0.00956606455 -0.0266241084 0.0197161047
v -0.010625281 -0.0256579835 0.0187929429
f 2725 2727 2726
v -0.00984666112 -0.0253622537 0.0191726926
v -0.00956606455 -0.0266241084 0.0197161047
v -0.0120332181 -0.0236235021 0.017414079
f 2728 2730 2729
v -0.0093472845 -0.0254731596 0.0186210789
v -0.0116027964 -0.0244105016 0.0164169585
v -0.00918750302 -0.0264260394 0.0189600367
f 2731 2733 2732
v -0.00984666112 -0.0253622537 0.0191726926
v -0.0093472845 -0.0254731596 0.0186210789
v -0.00892631724 -0.0265433104 0.0198316644
f 2734 2736 2735
v -0.00886436683 -0.0241989634 0.0163795921
v -0.00832274964 -0.0239520057 0.0156885915
v -0.0070870221 -0.0253256585 0.0158837182
f 2737 2739 2738
v -0.00694207411 -0.0262484595 0.0170264218
v -0.00782915158 -0.0263930502 0.0166970101
v -0.00886436683 -0.0241989634 0.0163795921
f 2740 2742 2741
v -0.00844166425 -0.0243091403 0.01509086
v -0.00870438816 -0.025027158 0.0150475971
v -0.0070870221 -0.0253256585 0.0158837182
f 2743 2745 2744
v -0.00870438816 -0.025027158 0.0150475971
v -0.00951070688 -0.024091528 0.014375546
v -0.00946618384 -0.0250151992 0.0158832874
f 2746 2748 2747
v -0.00946618384 -0.0250151992 0.0158832874
v -0.00951070688 -0.024091528 0.014375546
v -0.0108173117 -0.0243192131 0.0161465636
f 2749 2751 2750
v -0.0101723366 -0.0262461137 0.0186458929
v -0.0116027964 -0.0244105016 0.0164169585
v -0.0112033304 -0.0253456441 0.0178153103
f 2752 2754 2753
v -0.0103980019 -0.024390468 0.0176056317
v -0.0107624954 -0.0242562528 0.0181113865
v -0.0104108854 -0.023575571 0.0173120963
f 2755 2757 2756
v -0.0104108854 -0.023575571 0.0173120963
v -0.0110008972 -0.0219642679 0.0176434958
v -0.00893326578 -0.0236840162 0.0171512685
f 2758 2760 2759
v -0.0116837669 -0.0232699123 0.0176907954
v -0.0115905343 -0.022468665 0.0183793367
v -0.0110008972 -0.0219642679 0.0176434958
f 2761 2763 2762
v -0.0120332181 -0.0236235021 0.017414079
v -0.0112033304 -0.0253456441 0.0178153103
v -0.0125525868 -0.0237636792 0.0165025471
f 2764 2766 2765
v -0.0116027964 -0.0244105016 0.0164169585
v -0.0116430776 -0.0242361944 0.0147653453
v -0.0125525868 -0.0237636792 0.0165025471
f 2767 2769 2768
v -0.0133902984 -0.0224115385 0.0179171358
v -0.0120332181 -0.0236235021 0.017414079
v -0.0125525868 -0.0237636792 0.0165025471
f 2770 2772 2771
v -0.0125525868 -0.0237636792 0.0165025471
v -0.0134856207 -0.0234144463 0.0147885643
v -0.0149968721 -0.0229204801 0.0166476384
f 2773 2775 2774
v -0.00892631724 -0.0265433104 0.0198316644
v -0.00918750302 -0.0264260394 0.0189600367
v -0.00956606455 -0.0266241084 0.0197161047
f 2776 2778 2777
v -0.0104108854 -0.023575571 0.0173120963
v -0.00893326578 -0.0236840162 0.0171512685
v -0.0108173117 -0.0243192131 0.0161465636
f 2779 2781 2780
v -0.0103980019 -0.024390468 0.0176056317
v -0.0106088766 -0.0246190204 0.0170560495
v -0.0093472845 -0.0254731596 0.0186210789
f 2782 2784 2783
v -0.0153778223 -0.0218386398 0.0187655241
v -0.0141548982 -0.0196973109 0.0191775674
v -0.0119142569 -0.0210949627 0.0184285367
f 2785 2787 2786
v -0.0162223834 -0.0216701272 0.019331451
v -0.0153778223 -0.0218386398 0.0187655241
v -0.0159730771 -0.0229641693 0.0203518081
f 2788 2790 2789
v -0.0153778223 -0.0218386398 0.0187655241
v -0.0164007928 -0.0223920448 0.018873089
v -0.0159330113 -0.0232851191 0.0197639922
f 2791 2793 2792
v -0.0168440209 -0.0213205611 0.0188298058
v -0.0162223834 -0.0216701272 0.019331451
v -0.0164757759 -0.0219460926 0.019256727
f 2794 2796 2795
v -0.0162223834 -0.0216701272 0.019331451
v -0.016509516 -0.0223770214 0.0195067114
v -0.016505488 -0.0219281806 0.0192641572
f 2797 2799 2798
v -0.0156261522 -0.0197048634 0.0197501184
v -0.0168440209 -0.0213205611 0.0188298058
v -0.0188629609 -0.0193464934 0.018946451
f 2800 2802 2801
v -0.0188629609 -0.0193464934 0.018946451
v -0.0176467074 -0.0216766974 0.0172762346
v -0.0205781136 -0.0193334316 0.0180360366
f 2803 2805 2804
v -0.0166292884 -0.0220087546 0.0179359165
v -0.0176467074 -0.0216766974 0.0172762346
v -0.0168440209 -0.0213205611 0.0188298058
f 2806 2808 2807
v -0.0160494514 -0.0206498647 0.0192076201
v -0.0168440209 -0.0213205611 0.0188298058
v -0.0156261522 -0.0197048634 0.0197501184
f 2809 2811 2810
v -0.0159330113 -0.0232851191 0.0197639922
v -0.016509516 -0.0223770214 0.0195067114
v -0.0159730771 -0.0229641693 0.0203518081
f 2812 2814 2813
v -0.0110008972 -0.0219642679 0.0176434958
v -0.0115905343 -0.022468665 0.0183793367
v -0.0119142569 -0.0210949627 0.0184285367
f 2815 2817 2816
v -0.0113938921 -0.0191513042 0.0127882609
v -0.0105452018 -0.0205236196 0.0123441743
v -0.00949940295 -0.0198659312 0.0142154866
f 2818 2820 2819
v -0.0105452018 -0.0205236196 0.0123441743
v -0.0113938921 -0.0191513042 0.0127882609
v -0.0122419253 -0.0203286792 0.0119224074
f 2821 2823 2822
v -0.013069791 -0.0187603 0.0115879397
v -0.0122419253 -0.0203286792 0.0119224074
v -0.0113938921 -0.0191513042 0.0127882609
f 2824 2826 2825
v -0.0105452018 -0.0205236196 0.0123441743
v -0.011712042 -0.0226788106 0.0129678083
v -0.0101285041 -0.0235563944 0.0129027758
f 2827 2829 2828
v -0.0105452018 -0.0205236196 0.0123441743
v -0.0116766205 -0.021516945 0.0120408731
v -0.011712042 -0.0226788106 0.0129678083
f 2830 2832 2831
v -0.0105452018 -0.0205236196 0.0123441743
v -0.0122419253 -0.0203286792 0.0119224074
v -0.0116766205 -0.021516945 0.0120408731
f 2833 2835 2834
v -0.0144355203 -0.0160549738 0.0136131857
v -0.0142715493 -0.018053368 0.0117871918
v -0.0113938921 -0.0191513042 0.0127882609
f 2836 2838 2837
v -0.0144355203 -0.0160549738 0.0136131857
v -0.0146672755 -0.0156480543 0.0150566804
v -0.0161187039 -0.015470192 0.0130195869
f 2839 2841 2840
v -0.0142715493 -0.018053368 0.0117871918
v -0.0161187039 -0.015470192 0.0130195869
v -0.0168407423 -0.016432823 0.0114678245
f 2842 2844 2843
v -0.0161187039 -0.015470192 0.0130195869
v -0.0146672755 -0.0156480543 0.0150566804
v -0.0172664644 -0.0148855775 0.0121797399
f 2845 2847 2846
v -0.0186592704 -0.0146087419 0.0113049711
v -0.0168407423 -0.016432823 0.0114678245
v -0.0172664644 -0.0148855775 0.0121797399
f 2848 2850 2849
v -0.0135789916 -0.0217994879 0.0123411621
v -0.0143045385 -0.0207460311 0.0114853974
v -0.0161297372 -0.0216141445 0.0126476778
f 2851 2853 2852
v -0.0142715493 -0.018053368 0.0117871918
v -0.0166642101 -0.0180322924 0.0111446388
v -0.0143045385 -0.0207460311 0.0114853974
f 2854 2856 2855
v -0.019137701 -0.0161639138 0.0106724379
v -0.0180545292 -0.0184814213 0.0112137648
v -0.0166642101 -0.0180322924 0.0111446388
f 2857 2859 2858
v -0.0172664644 -0.0148855775 0.0121797399
v -0.0168407423 -0.016432823 0.0114678245
v -0.0161187039 -0.015470192 0.0130195869
f 2860 2862 2861
v -0.0188828417 -0.0139060838 0.00594355588
v -0.0188331032 -0.0156348106 0.0058021622
v -0.0187974452 -0.0145141734 0.0067623143
f 2863 2865 2864
v -0.018149642 -0.0162970202 0.00234095824
v -0.0181730284 -0.0151768065 0.00388953813
v -0.0179457362 -0.0150990047 0.00141449873
f 2866 2868 2867
v -0.0190803577 -0.0166615369 0.00379266166
v -0.0212983461 -0.0167606719 0.00268194508
v -0.0207973848 -0.0159247094 0.00656368939
f 2869 2871 2870
v -0.0101285041 -0.0235563944 0.0129027758
v -0.0116430776 -0.0242361944 0.0147653453
v -0.00951070688 -0.024091528 0.014375546
f 2872 2874 2873
v -0.0101285041 -0.0235563944 0.0129027758
v -0.011712042 -0.0226788106 0.0129678083
v -0.0116430776 -0.0242361944 0.0147653453
f 2875 2877 2876
v -0.0161297372 -0.0216141445 0.0126476778
v -0.0187698475 -0.0206723998 0.013570438
v -0.0171798369 -0.0220608374 0.0146081002
f 2878 2880 2879
v -0.0176467074 -0.0216766974 0.0172762346
v -0.0149968721 -0.0229204801 0.0166476384
v -0.0171798369 -0.0220608374 0.0146081002
f 2881 2883 2882
v -0.0176467074 -0.0216766974 0.0172762346
v -0.0171798369 -0.0220608374 0.0146081002
v -0.0194856751 -0.0205718781 0.0151177548
f 2884 2886 2885
v -0.0180545292 -0.0184814213 0.0112137648
v -0.0187848738 -0.0192995969 0.0123161328
v -0.0187698475 -0.0206723998 0.013570438
f 2887 2889 2888
v -0.00866369592 -0.0101830279 0.0127805688
v -0.00979860124 -0.0116800707 0.0120361045
v -0.01223258 -0.00847880146 0.0130750414
f 2890 2892 2891
v -0.00877645361 -0.0221308554 0.0132935937
v -0.00951070688 -0.024091528 0.014375546
v -0.00773117499 -0.022484154 0.0140678487
f 2893 2895 2894
v -0.0108173117 -0.0243192131 0.0161465636
v -0.00951070688 -0.024091528 0.014375546
v -0.0116430776 -0.0242361944 0.0147653453
f 2896 2898 2897
v -0.0176467074 -0.0216766974 0.0172762346
v -0.0194856751 -0.0205718781 0.0151177548
v -0.0205781136 -0.0193334316 0.0180360366
f 2899 2901 2900
v -0.018290263 -0.0160054406 0.000442938381
v -0.0196230088 -0.0169223902 0.000443156114
v -0.018149642 -0.0162970202 0.00234095824
f 2902 2904 2903
v -0.0196230088 -0.0169223902 0.000443156114
v -0.0190803577 -0.0166615369 0.00379266166
v -0.018149642 -0.0162970202 0.00234095824
f 2905 2907 2906
v -0.0212983461 -0.0167606719 0.00268194508
v -0.0196230088 -0.0169223902 0.000443156114
v -0.0217645007 -0.0160553784 0.000445469095
f 2908 2910 2909
v -0.0105569452 -0.00319223946 0.0127296633
v -0.0124348255 -0.00291190918 0.0125774153
v -0.0103616992 -0.00154789086 0.0135014445
f 2911 2913 2912
v -0.0120421144 -0.00112714733 0.0134975155
v -0.0103616992 -0.00154789086 0.0135014445
v -0.0119701872 -0.00207400644 0.0134307978
f 2914 2916 2915
v -0.0150342879 -0.00243330287 0.0136522838
v -0.0128764499 -0.000383526094 0.0131708424
v -0.0120421144 -0.00112714733 0.0134975155
f 2917 2919 2918
v -0.0144363847 -0.00313379351 0.012964246
v -0.0150342879 -0.00243330287 0.0136522838
v -0.0119701872 -0.00207400644 0.0134307978
f 2920 2922 2921
v -0.015438706 0.00266131192 0.0116110728
v -0.0143170168 0.00204870958 0.0133336987
v -0.0160032811 0.00158724724 0.0117121497
f 2923 2925 2924
v -0.0138113683 -0.00740114992 0.0131864246
v -0.0144363847 -0.00313379351 0.012964246
v -0.0118750533 -0.004644824 0.012740973
f 2926 2928 2927
v -0.0144363847 -0.00313379351 0.012964246
v -0.0160048847 -0.00345673179 0.012931801
v -0.0150342879 -0.00243330287 0.0136522838
f 2929 2931 2930
v -0.0168272876 -0.00186309589 0.0139611773
v -0.0150342879 -0.00243330287 0.0136522838
v -0.0176148373 -0.002918891 0.0136771821
f 2932 2934 2933
v -0.0138113683 -0.00740114992 0.0131864246
v -0.0185934725 -0.00632373485 0.0128292246
v -0.0160048847 -0.00345673179 0.012931801
f 2935 2937 2936
v -0.0199108617 0.00040035352 0.0120934317
v -0.0209881153 0.000123774885 0.0119939883
v -0.0194829248 0.00223698062 0.0112393289
f 2938 2940 2939
v -0.016940113 0.00293609337 0.0117258933
v -0.015438706 0.00266131192 0.0116110728
v -0.0175183726 0.00215034925 0.0112768816
f 2941 2943 2942
v -0.0194829248 0.00223698062 0.0112393289
v -0.0219957976 0.00221163646 0.0119822704
v -0.0194111839 0.00310040014 0.0118166281
f 2944 2946 2945
v -0.0194111839 0.00310040014 0.0118166281
v -0.0222863164 0.00451263913 0.0126766128
v -0.0189749451 0.00474978769 0.0126937317
f 2947 2949 2948
v -0.0219957976 0.00221163646 0.0119822704
v -0.0222863164 0.00451263913 0.0126766128
v -0.0194111839 0.00310040014 0.0118166281
f 2950 2952 2951
v -0.0168272876 -0.00186309589 0.0139611773
v -0.0173176202 -1.18105817e-05 0.0123639853
v -0.0163164499 -0.000355715633 0.0134010421
f 2953 2955 2954
v -0.0195694534 -0.00392928196 0.0129347376
v -0.0198999638 -0.00138593387 0.0131570763
v -0.0189299797 -0.00182517488 0.0129840133
f 2956 2958 2957
v -0.0189299797 -0.00182517488 0.0129840133
v -0.0199108617 0.00040035352 0.0120934317
v -0.0173176202 -1.18105817e-05 0.0123639853
f 2959 2961 2960
v -0.0209881153 0.000123774885 0.0119939883
v -0.0230166537 0.000918281239 0.0128853542
v -0.0219957976 0.00221163646 0.0119822704
f 2962 2964 2963
v -0.0151285392 -0.00816942556 0.0128601096
v -0.0179651892 -0.00868974385 0.0123377336
v -0.0185934725 -0.00632373485 0.0128292246
f 2965 2967 2966
v -0.0167158985 -0.010631344 0.0116378447
v -0.0179651892 -0.00868974385 0.0123377336
v -0.0151285392 -0.00816942556 0.0128601096
f 2968 2970 2969
v -0.0179651892 -0.00868974385 0.0123377336
v -0.0183395881 -0.0102821978 0.0116159194
v -0.019219314 -0.00990224871 0.0113801587
f 2971 2973 2972
v -0.0183395881 -0.0102821978 0.0116159194
v -0.0163235425 -0.0114412775 0.00993953217
v -0.0184849327 -0.0108791937 0.0097214448
f 2974 2976 2975
v -0.0183395881 -0.0102821978 0.0116159194
v -0.0184849327 -0.0108791937 0.0097214448
v -0.019219314 -0.00990224871 0.0113801587
f 2977 2979 2978
v -0.0201814124 -0.0104172745 0.00974245777
v -0.0184849327 -0.0108791937 0.0097214448
v -0.019590545 -0.0112134941 0.0091984868
f 2980 2982 2981
v -0.019219314 -0.00990224871 0.0113801587
v -0.020389758 -0.010170621 0.0110755514
v -0.0211302453 -0.00842539448 0.012157912
f 2983 2985 2984
v -0.0215375883 -0.0114604016 0.0119558332
v -0.0234606981 -0.00969744797 0.0128426997
v -0.0211302453 -0.00842539448 0.012157912
f 2986 2988 2987
v -0.019219314 -0.00990224871 0.0113801587
v -0.0211302453 -0.00842539448 0.012157912
v -0.0199206843 -0.00757800372 0.0123378733
f 2989 2991 2990
v -0.019219314 -0.00990224871 0.0113801587
v -0.0184849327 -0.0108791937 0.0097214448
v -0.0201814124 -0.0104172745 0.00974245777
f 2992 2994 2993
v -0.0180914212 -0.00438174138 0.0127791864
v -0.020015637 -0.00512587139 0.0126053492
v -0.0195694534 -0.00392928196 0.0129347376
f 2995 2997 2996
v -0.0221531605 -0.00555207116 0.0129424094
v -0.0212002007 -0.00325267392 0.0133078167
v -0.020015637 -0.00512587139 0.0126053492
f 2998 3000 2999
v -0.020015637 -0.00512587139 0.0126053492
v -0.0212002007 -0.00325267392 0.0133078167
v -0.0195694534 -0.00392928196 0.0129347376
f 3001 3003 3002
v -0.0242267648 -0.00128041902 0.0131384673
v -0.0231712358 -0.0047906673 0.0136685238
v -0.0250539859 -0.000526884833 0.0140780263
f 3004 3006 3005
v -0.0231712358 -0.0047906673 0.0136685238
v -0.0240151916 -0.00490233542 0.0140217133
v -0.0250539859 -0.000526884833 0.0140780263
f 3007 3009 3008
v -0.025595256 -0.00126992691 0.0143657555
v -0.0250539859 -0.000526884833 0.0140780263
v -0.0240151916 -0.00490233542 0.0140217133
f 3010 3012 3011
v -0.0240151916 -0.00490233542 0.0140217133
v -0.0251042249 -0.00437273011 0.0138113304
v -0.0260210392 -0.00328191127 0.0139384269
f 3013 3015 3014
v -0.0248326978 -0.0060672719 0.0137674884
v -0.0227674449 -0.00679391014 0.0132683606
v -0.0241700167 -0.00864049725 0.0132065383
f 3016 3018 3017
v -0.0234606981 -0.00969744797 0.0128426997
v -0.0227674449 -0.00679391014 0.0132683606
v -0.0211302453 -0.00842539448 0.012157912
f 3019 3021 3020
v -0.0227674449 -0.00679391014 0.0132683606
v -0.0248326978 -0.0060672719 0.0137674884
v -0.0240151916 -0.00490233542 0.0140217133
f 3022 3024 3023
v -0.0251042249 -0.00437273011 0.0138113304
v -0.0252249883 -0.00487108337 0.013786694
v -0.0252270431 -0.00487185207 0.0137802941
f 3025 3027 3026
v -0.0248326978 -0.0060672719 0.0137674884
v -0.0260210392 -0.00328191127 0.0139384269
v -0.0252249883 -0.00487108337 0.013786694
f 3028 3030 3029
v -0.0240151916 -0.00490233542 0.0140217133
v -0.0249332195 -0.00519586501 0.0137300347
v -0.0251042249 -0.00437273011 0.0138113304
f 3031 3033 3032
v -0.0249332195 -0.00519586501 0.0137300347
v -0.0248326978 -0.0060672719 0.0137674884
v -0.0252270431 -0.00487185207 0.0137802941
f 3034 3036 3035
v -0.0185934725 -0.00632373485 0.0128292246
v -0.0180914212 -0.00438174138 0.0127791864
v -0.0160048847 -0.00345673179 0.012931801
f 3037 3039 3038
v -0.0250175421 0.00227453656 0.0145105732
v -0.0237535773 0.00579044608 0.0128991669
v -0.0232627703 0.00295855862 0.0130616507
f 3040 3042 3041
v -0.0253163744 0.00352647621 0.0144454447
v -0.0262283953 0.00457265232 0.0140393095
v -0.0257086533 0.00605613131 0.0140657066
f 3043 3045 3044
v -0.0257086533 0.00605613131 0.0140657066
v -0.0262283953 0.00457265232 0.0140393095
v -0.0264897913 0.00673040122 0.0139172567
f 3046 3048 3047
v -0.0270879536 0.00454352812 0.012360781
v -0.0267984113 0.00579347652 0.0130144472
v -0.0262283953 0.00457265232 0.0140393095
f 3049 3051 3050
v -0.02684996 0.00661026861 0.011769656
v -0.0272942678 0.00856495826 0.0113283415
v -0.0267984113 0.00579347652 0.0130144472
f 3052 3054 3053
v -0.02684996 0.00661026861 0.011769656
v -0.0284716632 0.00562920977 0.00938544181
v -0.0280030363 0.00775209337 0.00954782008
f 3055 3057 3056
v -0.02684996 0.00661026861 0.011769656
v -0.0267984113 0.00579347652 0.0130144472
v -0.0279215077 0.00446781305 0.0109649664
f 3058 3060 3059
v -0.0250175421 0.00227453656 0.0145105732
v -0.0262417307 0.00127182157 0.014537957
v -0.0253163744 0.00352647621 0.0144454447
f 3061 3063 3062
v -0.0230166537 0.000918281239 0.0128853542
v -0.0242267648 -0.00128041902 0.0131384673
v -0.0250539859 -0.000526884833 0.0140780263
f 3064 3066 3065
v -0.0262283953 0.00457265232 0.0140393095
v -0.0262417307 0.00127182157 0.014537957
v -0.0272240082 0.000920800539 0.0135763519
f 3067 3069 3068
v -0.0287645875 0.00249983477 0.0114815288
v -0.0283406669 0.000838445885 0.0130324945
v -0.0292817655 0.00159265783 0.0108568747
f 3070 3072 3071
v -0.0287645875 0.00249983477 0.0114815288
v -0.0292817655 0.00159265783 0.0108568747
v -0.0305085268 0.00201802995 0.00958326345
f 3073 3075 3074
v -0.0270879536 0.00454352812 0.012360781
v -0.0272240082 0.000920800539 0.0135763519
v -0.0287645875 0.00249983477 0.0114815288
f 3076 3078 3077
v -0.0289779418 0.00661855811 0.00706211431
v -0.027892401 0.00792860155 0.00766808807
v -0.0295894133 0.00594142439 0.00748369639
f 3079 3081 3080
v -0.0289779418 0.00661855811 0.00706211431
v -0.0306507631 0.00478694419 0.00732688422
v -0.0300185377 0.00615788667 0.00593677651
f 3082 3084 3083
v -0.0300185377 0.00615788667 0.00593677651
v -0.0306507631 0.00478694419 0.00732688422
v -0.0328073307 0.00282272904 0.00357762692
f 3085 3087 3086
v -0.0303637353 0.00367797147 0.0086785949
v -0.0279215077 0.00446781305 0.0109649664
v -0.0305085268 0.00201802995 0.00958326345
f 3088 3090 3089
v -0.0297743914 0.00734597852 0.0080238322
v -0.0287709699 0.00941281614 0.00892625685
v -0.0297185004 0.00759254981 0.00868483694
f 3091 3093 3092
v -0.0284716632 0.00562920977 0.00938544181
v -0.0307249225 0.00674106122 0.00866305418
v -0.0297185004 0.00759254981 0.00868483694
f 3094 3096 3095
v -0.0295894133 0.00594142439 0.00748369639
v -0.0297743914 0.00734597852 0.0080238322
v -0.0308172457 0.00645090549 0.00776635716
f 3097 3099 3098
v -0.0308172457 0.00645090549 0.00776635716
v -0.0320030231 0.00444179968 0.00793759828
v -0.0306507631 0.00478694419 0.00732688422
f 3100 3102 3101
v -0.0307249225 0.00674106122 0.00866305418
v -0.0314899458 0.00459674848 0.00869451978
v -0.0320030231 0.00444179968 0.00793759828
f 3103 3105 3104
v -0.0331465475 0.00248980487 0.00689712106
v -0.0320030231 0.00444179968 0.00793759828
v -0.0330329349 0.00327909875 0.0074878255
f 3106 3108 3107
v -0.0306507631 0.00478694419 0.00732688422
v -0.0320030231 0.00444179968 0.00793759828
v -0.0331465475 0.00248980487 0.00689712106
f 3109 3111 3110
v -0.0331465475 0.00248980487 0.00689712106
v -0.0334074663 0.00172279106 0.0049506405
v -0.0328073307 0.00282272904 0.00357762692
f 3112 3114 3113
v -0.0292817655 0.00159265783 0.0108568747
v -0.0283406669 0.000838445885 0.0130324945
v -0.0293405203 -0.000116738283 0.0126478117
f 3115 3117 3116
v -0.0293405203 -0.000116738283 0.0126478117
v -0.029037529 -0.00213586882 0.0137406139
v -0.0303489331 -0.00268196491 0.0120515106
f 3118 3120 3119
v -0.0271857949 -0.00639048158 0.0156589143
v -0.0291507167 -0.00580080923 0.0150697393
v -0.0289195654 -0.00401178477 0.0145643076
f 3121 3123 3122
v -0.0268065138 -0.00388009175 0.0144318445
v -0.0289195654 -0.00401178477 0.0145643076
v -0.0286825147 -0.00352062707 0.0146349485
f 3124 3126 3125
v -0.0286825147 -0.00352062707 0.0146349485
v -0.029037529 -0.00213586882 0.0137406139
v -0.0260210392 -0.00328191127 0.0139384269
f 3127 3129 3128
v -0.0289195654 -0.00401178477 0.0145643076
v -0.0291507167 -0.00580080923 0.0150697393
v -0.0315140001 -0.0042965723 0.0129787397
f 3130 3132 3131
v -0.029037529 -0.00213586882 0.0137406139
v -0.0283406669 0.000838445885 0.0130324945
v -0.0272240082 0.000920800539 0.0135763519
f 3133 3135 3134
v -0.0315140001 -0.0042965723 0.0129787397
v -0.0303489331 -0.00268196491 0.0120515106
v -0.0289195654 -0.00401178477 0.0145643076
f 3136 3138 3137
v -0.0297130027 0.000373811986 0.0111270718
v -0.0318849576 -0.00153603869 0.00990324188
v -0.0317950122 0.000390038031 0.00934878408
f 3139 3141 3140
v -0.0297130027 0.000373811986 0.0111270718
v -0.0317950122 0.000390038031 0.00934878408
v -0.0305085268 0.00201802995 0.00958326345
f 3142 3144 3143
v -0.0317950122 0.000390038031 0.00934878408
v -0.0332949334 0.00091517104 0.00764600336
v -0.0318538659 0.00196898891 0.00825323368
f 3145 3147 3146
v -0.0303489331 -0.00268196491 0.0120515106
v -0.0322686828 -0.0028738983 0.00977011587
v -0.0318849576 -0.00153603869 0.00990324188
f 3148 3150 3149
v -0.0332949334 0.00091517104 0.00764600336
v -0.0322686828 -0.0028738983 0.00977011587
v -0.035342644 -0.00290845492 0.00738709859
f 3151 3153 3152
v -0.0349124923 -0.00430560322 0.00911505194
v -0.0366228807 -0.00318012862 0.00665951738
v -0.035342644 -0.00290845492 0.00738709859
f 3154 3156 3155
v -0.0330961542 0.00226500833 0.0076588316
v -0.0338702142 0.00148238087 0.00686429266
v -0.0336365658 0.00189226266 0.00683780017
f 3157 3159 3158
v -0.0331465475 0.00248980487 0.00689712106
v -0.0330961542 0.00226500833 0.0076588316
v -0.0336442579 0.00189689508 0.00683972321
f 3160 3162 3161
v -0.0338702142 0.00148238087 0.00686429266
v -0.0336442579 0.00189689508 0.00683972321
v -0.0336365658 0.00189226266 0.00683780017
f 3163 3165 3164
v -0.0338702142 0.00148238087 0.00686429266
v -0.0332949334 0.00091517104 0.00764600336
v -0.0347826834 -0.000884983729 0.00634067619
f 3166 3168 3167
v -0.0362478779 -0.00185212011 0.00397288532
v -0.0347826834 -0.000884983729 0.00634067619
v -0.035342644 -0.00290845492 0.00738709859
f 3169 3171 3170
v -0.0334074663 0.00172279106 0.0049506405
v -0.0331465475 0.00248980487 0.00689712106
v -0.0341835927 0.00117313921 0.00587637151
f 3172 3174 3173
v -0.0280030363 0.00775209337 0.00954782008
v -0.0284716632 0.00562920977 0.00938544181
v -0.0297185004 0.00759254981 0.00868483694
f 3175 3177 3176
v -0.0162295444 -0.0172967761 0.0196580775
v -0.0190308405 -0.0165374979 0.0194338645
v -0.0159585485 -0.0158551396 0.0188929582
f 3178 3180 3179
v -0.0190308405 -0.0165374979 0.0194338645
v -0.0188479287 -0.0149729764 0.0185231358
v -0.0159585485 -0.0158551396 0.0188929582
f 3181 3183 3182
v -0.0217967492 -0.0138191375 0.0170313753
v -0.0215699911 -0.015479936 0.0180040224
v -0.0227466182 -0.0159164076 0.0166850572
f 3184 3186 3185
v -0.0206779543 -0.0137422176 0.0168970844
v -0.0215699911 -0.015479936 0.0180040224
v -0.0217967492 -0.0138191375 0.0170313753
f 3187 3189 3188
v -0.0190233477 -0.0186787613 0.0202030409
v -0.0195311615 -0.0192248364 0.0203898875
v -0.0198654117 -0.018998397 0.0207376841
f 3190 3192 3191
v -0.0194085471 -0.0182897755 0.0202853902
v -0.0198654117 -0.018998397 0.0207376841
v -0.0197969915 -0.0181567666 0.019660141
f 3193 3195 3194
v -0.0190308405 -0.0165374979 0.0194338645
v -0.0200275448 -0.0180626492 0.0190712075
v -0.0210448328 -0.0166642916 0.018743868
f 3196 3198 3197
v -0.0209295526 -0.0178501345 0.0185855839
v -0.0205781136 -0.0193334316 0.0180360366
v -0.0227466182 -0.0159164076 0.0166850572
f 3199 3201 3200
v -0.0209295526 -0.0178501345 0.0185855839
v -0.0227466182 -0.0159164076 0.0166850572
v -0.0216018452 -0.0163329503 0.0180336647
f 3202 3204 3203
v -0.0188629609 -0.0193464934 0.018946451
v -0.0198126698 -0.018858831 0.0190719235
v -0.0195311615 -0.0192248364 0.0203898875
f 3205 3207 3206
v -0.0209295526 -0.0178501345 0.0185855839
v -0.0198126698 -0.018858831 0.0190719235
v -0.0205781136 -0.0193334316 0.0180360366
f 3208 3210 3209
v -0.021491955 -0.0166275015 0.0188558653
v -0.0210448328 -0.0166642916 0.018743868
v -0.0209295526 -0.0178501345 0.0185855839
f 3211 3213 3212
v -0.021491955 -0.0166275015 0.0188558653
v -0.0209295526 -0.0178501345 0.0185855839
v -0.0216018452 -0.0163329503 0.0180336647
f 3214 3216 3215
v -0.0213336607 -0.0162761949 0.0185997545
v -0.0215117936 -0.0164306213 0.0184108678
v -0.0214206113 -0.016206388 0.0183999189
f 3217 3219 3218
v -0.0202529802 -0.0137760246 0.0102900478
v -0.0210628961 -0.0140612829 0.00969737666
v -0.0210980041 -0.0155650501 0.0104535502
f 3220 3222 3221
v -0.0210628961 -0.0140612829 0.00969737666
v -0.0225875337 -0.0143988203 0.010265239
v -0.0210980041 -0.0155650501 0.0104535502
f 3223 3225 3224
v -0.0202842479 -0.012766986 0.0106686166
v -0.020389758 -0.010170621 0.0110755514
v -0.019791958 -0.0118426287 0.0101997903
f 3226 3228 3227
v -0.0215375883 -0.0114604016 0.0119558332
v -0.0202842479 -0.012766986 0.0106686166
v -0.0197838483 -0.0128603249 0.0125813473
f 3229 3231 3230
v -0.0217967492 -0.0138191375 0.0170313753
v -0.0231405676 -0.0122761136 0.0158638926
v -0.0210989179 -0.0124845305 0.0157981296
f 3232 3234 3233
v -0.0231405676 -0.0122761136 0.0158638926
v -0.0217967492 -0.0138191375 0.0170313753
v -0.0238340421 -0.0135244351 0.0159466581
f 3235 3237 3236
v -0.0226516422 -0.017020182 0.0150912645
v -0.0241557762 -0.0146615479 0.0146582868
v -0.0227466182 -0.0159164076 0.0166850572
f 3238 3240 3239
v -0.0225875337 -0.0143988203 0.010265239
v -0.0234233288 -0.0148836145 0.0120495119
v -0.0212978222 -0.0166471698 0.0114128976
f 3241 3243 3242
v -0.0234233288 -0.0148836145 0.0120495119
v -0.0243932591 -0.0149037704 0.00904561166
v -0.0244566909 -0.0143981015 0.0118700977
f 3244 3246 3245
v -0.021871255 -0.0170796498 0.0125113584
v -0.0234233288 -0.0148836145 0.0120495119
v -0.0241557762 -0.0146615479 0.0146582868
f 3247 3249 3248
v -0.0212978222 -0.0166471698 0.0114128976
v -0.0234233288 -0.0148836145 0.0120495119
v -0.021871255 -0.0170796498 0.0125113584
f 3250 3252 3251
v -0.0187974452 -0.0145141734 0.0067623143
v -0.0200955328 -0.0145900704 0.00857145569
v -0.019791958 -0.0118426287 0.0101997903
f 3253 3255 3254
v -0.0200955328 -0.0145900704 0.00857145569
v -0.0207973848 -0.0159247094 0.00656368939
v -0.0210628961 -0.0140612829 0.00969737666
f 3256 3258 3257
v -0.0229765472 -0.0136004615 0.00868353527
v -0.0210628961 -0.0140612829 0.00969737666
v -0.0207973848 -0.0159247094 0.00656368939
f 3259 3261 3260
v -0.0207973848 -0.0159247094 0.00656368939
v -0.0224902295 -0.0161222633 0.00447171988
v -0.0231154889 -0.0145875194 0.00706662831
f 3262 3264 3263
v -0.0224902295 -0.0161222633 0.00447171988
v -0.0232460734 -0.0154064721 0.00181597225
v -0.0232394348 -0.0159012328 0.00543346323
f 3265 3267 3266
v -0.0225875337 -0.0143988203 0.010265239
v -0.0243932591 -0.0149037704 0.00904561166
v -0.0234233288 -0.0148836145 0.0120495119
f 3268 3270 3269
v -0.0229765472 -0.0136004615 0.00868353527
v -0.0243932591 -0.0149037704 0.00904561166
v -0.0225875337 -0.0143988203 0.010265239
f 3271 3273 3272
v -0.0231154889 -0.0145875194 0.00706662831
v -0.0243114089 -0.0156309456 0.00701038807
v -0.0243932591 -0.0149037704 0.00904561166
f 3274 3276 3275
v -0.0244566909 -0.0143981015 0.0118700977
v -0.0243932591 -0.0149037704 0.00904561166
v -0.0252961123 -0.0150948341 0.00890376105
f 3277 3279 3278
v -0.0243114089 -0.0156309456 0.00701038807
v -0.0232394348 -0.0159012328 0.00543346323
v -0.0251437566 -0.0159903648 0.00518602828
f 3280 3282 3281
v -0.026364121 -0.0167224935 0.00506122306
v -0.0270539924 -0.0158972049 0.00607818765
v -0.0265497132 -0.0149057596 0.00800476264
f 3283 3285 3284
v -0.0270539924 -0.0158972049 0.00607818765
v -0.026364121 -0.0167224935 0.00506122306
v -0.0270867924 -0.0166234298 0.00449254803
f 3286 3288 3287
v -0.0231154889 -0.0145875194 0.00706662831
v -0.0243932591 -0.0149037704 0.00904561166
v -0.0229765472 -0.0136004615 0.00868353527
f 3289 3291 3290
v -0.0241700167 -0.00864049725 0.0132065383
v -0.0255516235 -0.00882063105 0.0152070745
v -0.024708276 -0.00737218361 0.0138227479
f 3292 3294 3293
v -0.0246957265 -0.0117342774 0.0155921298
v -0.0255516235 -0.00882063105 0.0152070745
v -0.0244585448 -0.0107861888 0.0151233544
f 3295 3297 3296
v -0.0231405676 -0.0122761136 0.0158638926
v -0.0246957265 -0.0117342774 0.0155921298
v -0.0244585448 -0.0107861888 0.0151233544
f 3298 3300 3299
v -0.0255516235 -0.00882063105 0.0152070745
v -0.0266580406 -0.00482270807 0.0150463631
v -0.024708276 -0.00737218361 0.0138227479
f 3301 3303 3302
v -0.0276187115 -0.0104441249 0.015786881
v -0.0268882897 -0.00929154194 0.0159755873
v -0.0255516235 -0.00882063105 0.0152070745
f 3304 3306 3305
v -0.0268882897 -0.00929154194 0.0159755873
v -0.0288295822 -0.00745595025 0.0159640302
v -0.0271857949 -0.00639048158 0.0156589143
f 3307 3309 3308
v -0.0238340421 -0.0135244351 0.0159466581
v -0.0246957265 -0.0117342774 0.0155921298
v -0.0231405676 -0.0122761136 0.0158638926
f 3310 3312 3311
v -0.0246957265 -0.0117342774 0.0155921298
v -0.0255999825 -0.0133054607 0.0150871259
v -0.0276187115 -0.0104441249 0.015786881
f 3313 3315 3314
v -0.0241151123 -0.014125403 0.0155387999
v -0.0266435789 -0.013519339 0.0139983633
v -0.0255999825 -0.0133054607 0.0150871259
f 3316 3318 3317
v -0.0276187115 -0.0104441249 0.015786881
v -0.0290533644 -0.0117665768 0.0148836698
v -0.0300422864 -0.00881198139 0.0158254203
f 3319 3321 3320
v -0.0290533644 -0.0117665768 0.0148836698
v -0.0301667227 -0.0116707313 0.0137160911
v -0.0312227698 -0.0099309982 0.0149093044
f 3322 3324 3323
v -0.0266939809 -0.0134238027 0.00895252233
v -0.0276404025 -0.0122812984 0.00900935411
v -0.0269214826 -0.0125128921 0.0114891453
f 3325 3327 3326
v -0.02773694 -0.0134053014 0.00674038092
v -0.0292850018 -0.0127910243 0.00752916312
v -0.0276404025 -0.0122812984 0.00900935411
f 3328 3330 3329
v -0.0295539008 -0.0146451945 0.00540905748
v -0.0292850018 -0.0127910243 0.00752916312
v -0.02773694 -0.0134053014 0.00674038092
f 3331 3333 3332
v -0.0270867924 -0.0166234298 0.00449254803
v -0.0285813177 -0.0156338618 0.00494030719
v -0.0270539924 -0.0158972049 0.00607818765
f 3334 3336 3335
v -0.0297733466 -0.0118392061 0.0117592848
v -0.0276404025 -0.0122812984 0.00900935411
v -0.0306036993 -0.0125401784 0.00870475051
f 3337 3339 3338
v -0.0313215191 -0.0108883214 0.0114309209
v -0.0313599274 -0.0116758645 0.00987808962
v -0.0333612406 -0.0106808038 0.00995021546
f 3340 3342 3341
v -0.0332549942 -0.0128845626 0.00778806716
v -0.0303213077 -0.0144835474 0.00643192907
v -0.0295539008 -0.0146451945 0.00540905748
f 3343 3345 3344
v -0.0303213077 -0.0144835474 0.00643192907
v -0.0332549942 -0.0128845626 0.00778806716
v -0.0313096738 -0.0143261597 0.00765110599
f 3346 3348 3347
v -0.0324559922 -0.0137391296 0.00805874515
v -0.0313599274 -0.0116758645 0.00987808962
v -0.0306036993 -0.0125401784 0.00870475051
f 3349 3351 3350
v -0.034452547 -0.0111283007 0.00586662936
v -0.0332549942 -0.0128845626 0.00778806716
v -0.0295539008 -0.0146451945 0.00540905748
f 3352 3354 3353
v -0.0332549942 -0.0128845626 0.00778806716
v -0.0324559922 -0.0137391296 0.00805874515
v -0.0313096738 -0.0143261597 0.00765110599
f 3355 3357 3356
v -0.0205781136 -0.0193334316 0.0180360366
v -0.0194856751 -0.0205718781 0.0151177548
v -0.0217504101 -0.0184961362 0.0160019059
f 3358 3360 3359
v -0.0226516422 -0.017020182 0.0150912645
v -0.0227466182 -0.0159164076 0.0166850572
v -0.0217504101 -0.0184961362 0.0160019059
f 3361 3363 3362
v -0.0216221233 -0.0114482384 0.0139772863
v -0.023524891 -0.0102318008 0.0138735195
v -0.0231141516 -0.0104674378 0.012404882
f 3364 3366 3365
v -0.0315873011 -0.00585868984 0.0146316714
v -0.0300422864 -0.00881198139 0.0158254203
v -0.0319906016 -0.00766453304 0.0149882777
f 3367 3369 3368
v -0.0315873011 -0.00585868984 0.0146316714
v -0.0331997755 -0.0060294682 0.0132461253
v -0.0315140001 -0.0042965723 0.0129787397
f 3370 3372 3371
v -0.0331997755 -0.0060294682 0.0132461253
v -0.0319906016 -0.00766453304 0.0149882777
v -0.0331526768 -0.00783722571 0.0138024858
f 3373 3375 3374
v -0.0319906016 -0.00766453304 0.0149882777
v -0.0312227698 -0.0099309982 0.0149093044
v -0.0331526768 -0.00783722571 0.0138024858
f 3376 3378 3377
v -0.0300422864 -0.00881198139 0.0158254203
v -0.0312227698 -0.0099309982 0.0149093044
v -0.0319906016 -0.00766453304 0.0149882777
f 3379 3381 3380
v -0.0347121852 -0.010636454 0.00816305474
v -0.034452547 -0.0111283007 0.00586662936
v -0.0360188948 -0.00897287464 0.00678416327
f 3382 3384 3383
v -0.0347121852 -0.010636454 0.00816305474
v -0.0360188948 -0.00897287464 0.00678416327
v -0.0352676696 -0.00774311338 0.00964049104
f 3385 3387 3386
v -0.0338617538 -0.00825847892 0.0113811846
v -0.0340762374 -0.00649465292 0.0119818455
v -0.0331526768 -0.00783722571 0.0138024858
f 3388 3390 3389
v -0.0331494637 -0.00845818649 0.0132310728
v -0.0313215191 -0.0108883214 0.0114309209
v -0.0322648062 -0.00940640093 0.0116693693
f 3391 3393 3392
v -0.0331494637 -0.00845818649 0.0132310728
v -0.0322648062 -0.00940640093 0.0116693693
v -0.0338617538 -0.00825847892 0.0113811846
f 3394 3396 3395
v -0.0322648062 -0.00940640093 0.0116693693
v -0.0313215191 -0.0108883214 0.0114309209
v -0.0333612406 -0.0106808038 0.00995021546
f 3397 3399 3398
v -0.0352676696 -0.00774311338 0.00964049104
v -0.0341706444 -0.00867419731 0.00999478143
v -0.0350604474 -0.00972394118 0.0088840723
f 3400 3402 3401
v -0.0333612406 -0.0106808038 0.00995021546
v -0.0347121852 -0.010636454 0.00816305474
v -0.0350604474 -0.00972394118 0.0088840723
f 3403 3405 3404
v -0.0331494637 -0.00845818649 0.0132310728
v -0.0338617538 -0.00825847892 0.0113811846
v -0.0331526768 -0.00783722571 0.0138024858
f 3406 3408 3407
v -0.0366228807 -0.00318012862 0.00665951738
v -0.0368716806 -0.00483006479 0.00776880624
v -0.0377822347 -0.00488361256 0.00647826673
f 3409 3411 3410
v -0.0230166537 0.000918281239 0.0128853542
v -0.0232627703 0.00295855862 0.0130616507
v -0.0219957976 0.00221163646 0.0119822704
f 3412 3414 3413
v -0.0328073307 0.00282272904 0.00357762692
v -0.0334074663 0.00172279106 0.0049506405
v -0.0345460343 0.00023260136 0.00235283442
f 3415 3417 3416
v -0.0306984119 0.00784918593 0.0022050499
v -0.0325191242 0.00563312642 0.000391623098
v -0.0307813461 0.00797649627 0.000394132758
f 3418 3420 3419
v -0.0341321342 0.00306486399 0.000413846965
v -0.0325191242 0.00563312642 0.000391623098
v -0.033599278 0.00378622681 0.00192465286
f 3421 3423 3422
v -0.033599278 0.00378622681 0.00192465286
v -0.0345460343 0.00023260136 0.00235283442
v -0.0351653289 0.000979905963 0.000400906811
f 3424 3426 3425
v -0.0345460343 0.00023260136 0.00235283442
v -0.0341835927 0.00117313921 0.00587637151
v -0.0350741029 -0.00147515739 0.002675828
f 3427 3429 3428
v -0.0350741029 -0.00147515739 0.002675828
v -0.0362478779 -0.00185212011 0.00397288532
v -0.0372438401 -0.00371643328 0.00238208904
f 3430 3432 3431
v -0.035802793 -0.00156486221 0.00130710978
v -0.0350741029 -0.00147515739 0.002675828
v -0.0373990682 -0.00390342066 0.00152320827
f 3433 3435 3434
v -0.0370570633 -0.00668236316 0.000426422093
v -0.0376830227 -0.00304699915 0.000416664398
v -0.0373990682 -0.00390342066 0.00152320827
f 3436 3438 3437
v -0.0341835927 0.00117313921 0.00587637151
v -0.0354986638 -0.000533935872 0.00526509721
v -0.0350741029 -0.00147515739 0.002675828
f 3439 3441 3440
v -0.0362478779 -0.00185212011 0.00397288532
v -0.0371706439 -0.00274092436 0.0041060779
v -0.0372438401 -0.00371643328 0.00238208904
f 3442 3444 3443
v -0.0217645007 -0.0160553784 0.000445469095
v -0.0228373698 -0.0151344371 0.000438215739
v -0.0232460734 -0.0154064721 0.00181597225
f 3445 3447 3446
v -0.0228373698 -0.0151344371 0.000438215739
v -0.0245870207 -0.0161095813 0.00201382336
v -0.0232460734 -0.0154064721 0.00181597225
f 3448 3450 3449
v -0.0245870207 -0.0161095813 0.00201382336
v -0.02627332 -0.0170411338 0.00314218851
v -0.0251437566 -0.0159903648 0.00518602828
f 3451 3453 3452
v -0.0297550199 -0.0145338941 0.00043942955
v -0.0283116009 -0.0155379224 0.00443783283
v -0.0267616677 -0.0168247701 0.00044854728
f 3454 3456 3455
v -0.0283116009 -0.0155379224 0.00443783283
v -0.0321683649 -0.0127422492 0.00314379467
v -0.0295539008 -0.0146451945 0.00540905748
f 3457 3459 3458
v -0.0285813177 -0.0156338618 0.00494030719
v -0.0283116009 -0.0155379224 0.00443783283
v -0.0295539008 -0.0146451945 0.00540905748
f 3460 3462 3461
v -0.0321683649 -0.0127422492 0.00314379467
v -0.034452547 -0.0111283007 0.00586662936
v -0.0295539008 -0.0146451945 0.00540905748
f 3463 3465 3464
v -0.0330060167 -0.0120684119 0.000441873408
v -0.0370570633 -0.00668236316 0.000426422093
v -0.0362569757 -0.00843722009 0.00351008021
f 3466 3468 3467
v -0.037419991 -0.00574373589 0.00285729511
v -0.0379194971 -0.0040602823 0.00436006849
v -0.037132451 -0.00549795041 0.0065710854
f 3469 3471 3470
v -0.0272048695 0.00848898053 0.0134246569
v -0.0267984113 0.00579347652 0.0130144472
v -0.0272942678 0.00856495826 0.0113283415
f 3472 3474 3473
v -0.0237535773 0.00579044608 0.0128991669
v -0.0257086533 0.00605613131 0.0140657066
v -0.025035924 0.00914435586 0.0128649728
f 3475 3477 3476
v -0.0280030363 0.00775209337 0.00954782008
v -0.0297185004 0.00759254981 0.00868483694
v -0.0287709699 0.00941281614 0.00892625685
f 3478 3480 3479
v -0.0103616992 -0.00154789086 0.0135014445
v -0.0120421144 -0.00112714733 0.0134975155
v -0.00807092511 -0.000588405237 0.0130722678
f 3481 3483 3482
v -0.0252680678 0.01425808 0.000379683615
v -0.0238977023 0.0171306572 0.00037068146
v -0.0260658737 0.0131040986 0.00172479304
f 3484 3486 3485
v -0.0321683649 -0.0127422492 0.00314379467
v -0.0297550199 -0.0145338941 0.00043942955
v -0.0330060167 -0.0120684119 0.000441873408
f 3487 3489 3488
v 0.00375644049 -0.00204156349 0.000400518866
v 0.00401418656 -0.00234306317 -0.000749427772
v 0.00309627394 -0.00467160062 0.00040728869
f 3490 3492 3491
v 0.0036028101 -0.00294220208 -0.00228251483
v 0.00309627394 -0.00467160062 0.00040728869
v 0.00401418656 -0.00234306317 -0.000749427772
f 3493 3495 3494
v 0.0036028101 -0.00294220208 -0.00228251483
v 0.00264926603 -0.00647129418 -0.00428961466
v 0.00324639659 -0.00521400871 -0.0019729021
f 3496 3498 3497
v 0.00168031966 -0.00739157695 -0.00658094068
v 0.00264926603 -0.00647129418 -0.00428961466
v 0.0014252817 -0.00569721924 -0.00732730332
f 3499 3501 3500
v 0.00163393597 -0.00988881657 -0.00362238316
v 0.00324639659 -0.00521400871 -0.0019729021
v 0.00264926603 -0.00647129418 -0.00428961466
f 3502 3504 3503
v 0.00168031966 -0.00739157695 -0.00658094068
v 0.000656459224 -0.0095506919 -0.00673852555
v 0.00264926603 -0.00647129418 -0.00428961466
f 3505 3507 3506
v 0.00264926603 -0.00647129418 -0.00428961466
v 0.000656459224 -0.0095506919 -0.00673852555
v 0.00163393597 -0.00988881657 -0.00362238316
f 3508 3510 3509
v 0.00295274349 -0.00666440901 -0.000902293323
v 0.00324639659 -0.00521400871 -0.0019729021
v 0.00238939901 -0.00838278938 -0.00237251825
f 3511 3513 3512
v 0.00324639659 -0.00521400871 -0.0019729021
v 0.00163393597 -0.00988881657 -0.00362238316
v 0.00238939901 -0.00838278938 -0.00237251825
f 3514 3516 3515
v 0.0035731282 -0.00297736497 -0.00435173242
v 0.00305698595 -0.00512180595 -0.00360927479
v 0.0036028101 -0.00294220208 -0.00228251483
f 3517 3519 3518
v 0.00295274349 -0.00666440901 -0.000902293323
v 0.00108204122 -0.0105276893 -0.00131201041
v 0.00218030145 -0.00840838475 0.000413497992
f 3520 3522 3521
v 0.00412263616 -0.00214984902 -0.00254752431
v 0.0035731282 -0.00297736497 -0.00435173242
v 0.0036028101 -0.00294220208 -0.00228251483
f 3523 3525 3524
v 0.00217367433 -0.00197562076 -0.0081389735
v 0.00291142624 -0.00183996508 -0.00644782413
v 0.00291070464 -0.00179238468 -0.00626822293
f 3526 3528 3527
v 0.00195033645 -0.00150533269 -0.00924255801
v 0.00217367433 -0.00197562076 -0.0081389735
v 0.00291070464 -0.00179238468 -0.00626822293
f 3529 3531 3530
v -0.000545341709 -0.000129425462 -0.0104876577
v -5.88129865e-06 -0.000806147273 -0.0114391558
v 0.000359357023 -0.00103931907 -0.0108829714
f 3532 3534 3533
v 0.000359357023 -0.00103931907 -0.0108829714
v -5.88129865e-06 -0.000806147273 -0.0114391558
v -0.000146176353 -0.000855314738 -0.0114589697
f 3535 3537 3536
v -0.000667393806 -0.000707051367 -0.0118146192
v -0.000146176353 -0.000855314738 -0.0114589697
v -0.000176195476 -0.000845043996 -0.0113283691
f 3538 3540 3539
v 0.000359357023 -0.00103931907 -0.0108829714
v 0.00116833562 -0.00129505906 -0.0102321283
v 0.00089746336 -0.00116112324 -0.010419311
f 3541 3543 3542
v 0.00291070464 -0.00179238468 -0.00626822293
v -0.000296486041 0.00139889144 -0.008071505
v 0.000700716191 -0.000795694814 -0.0100248959
f 3544 3546 3545
v 0.00116833562 -0.00129505906 -0.0102321283
v 0.00217367433 -0.00197562076 -0.0081389735
v 0.00195033645 -0.00150533269 -0.00924255801
f 3547 3549 3548
v 0.00116833562 -0.00129505906 -0.0102321283
v -0.000720383923 -0.00432048255 -0.0101502912
v 0.00217367433 -0.00197562076 -0.0081389735
f 3550 3552 3551
v 0.000700716191 -0.000795694814 -0.0100248959
v -0.000545341709 -0.000129425462 -0.0104876577
v 0.000359357023 -0.00103931907 -0.0108829714
f 3553 3555 3554
v 0.000359357023 -0.00103931907 -0.0108829714
v -0.00129429536 -0.00135727887 -0.01179049
v 0.00116833562 -0.00129505906 -0.0102321283
f 3556 3558 3557
v 0.00116833562 -0.00129505906 -0.0102321283
v 0.000995898426 -0.00111731033 -0.0104264422
v 0.000901526255 -0.00115159019 -0.0104823375
f 3559 3561 3560
v 0.0014252817 -0.00569721924 -0.00732730332
v -0.000720383923 -0.00432048255 -0.0101502912
v -0.00120262457 -0.00608646515 -0.00996676026
f 3562 3564 3563
v 0.00116833562 -0.00129505906 -0.0102321283
v -0.0019064255 -0.00373175135 -0.0110162349
v -0.000720383923 -0.00432048255 -0.0101502912
f 3565 3567 3566
v -0.000720383923 -0.00432048255 -0.0101502912
v -0.0019064255 -0.00373175135 -0.0110162349
v -0.00285417027 -0.00541633599 -0.0111126348
f 3568 3570 3569
v -0.00262119374 0.000441623297 -0.0122718076
v -0.00129429536 -0.00135727887 -0.01179049
v -0.000667393806 -0.000707051367 -0.0118146192
f 3571 3573 3572
v -0.000545341709 -0.000129425462 -0.0104876577
v -0.00314179197 0.00102781578 -0.0122662314
v -0.000667393806 -0.000707051367 -0.0118146192
f 3574 3576 3575
v -0.000545341709 -0.000129425462 -0.0104876577
v -0.00209778864 0.00325578185 -0.00930420865
v -0.00314179197 0.00102781578 -0.0122662314
f 3577 3579 3578
v -0.00314179197 0.00102781578 -0.0122662314
v -0.00209778864 0.00325578185 -0.00930420865
v -0.00355223892 0.00377957113 -0.0103470404
f 3580 3582 3581
v -0.0060846869 0.00385048079 -0.0117933138
v -0.00355223892 0.00377957113 -0.0103470404
v -0.00659898942 0.00565806404 -0.0104444669
f 3583 3585 3584
v -0.0060846869 0.00385048079 -0.0117933138
v -0.00659898942 0.00565806404 -0.0104444669
v -0.00643135209 0.00431524531 -0.0116339826
f 3586 3588 3587
v -0.00314179197 0.00102781578 -0.0122662314
v -0.00393208065 0.00190407827 -0.0118915654
v -0.00393182163 0.00188915583 -0.0119229597
f 3589 3591 3590
v -0.00393208065 0.00190407827 -0.0118915654
v -0.00392995462 0.00208759593 -0.0119073702
v -0.00393182163 0.00188915583 -0.0119229597
f 3592 3594 3593
v -0.00314179197 0.00102781578 -0.0122662314
v -0.00393182163 0.00188915583 -0.0119229597
v -0.00523724812 0.00033656338 -0.0119821962
f 3595 3597 3596
v -0.00392995462 0.00208759593 -0.0119073702
v -0.00393208065 0.00190407827 -0.0118915654
v -0.00314179197 0.00102781578 -0.0122662314
f 3598 3600 3599
v -0.00392995462 0.00208759593 -0.0119073702
v -0.0041530162 0.00236926298 -0.011832302
v -0.00399898308 0.00200570666 -0.0119135169
f 3601 3603 3602
v -0.0060846869 0.00385048079 -0.0117933138
v -0.00641535007 0.00353983705 -0.0115486808
v -0.00434109061 0.00272609777 -0.0117469521
f 3604 3606 3605
v -0.0060846869 0.00385048079 -0.0117933138
v -0.00434109061 0.00272609777 -0.0117469521
v -0.00355223892 0.00377957113 -0.0103470404
f 3607 3609 3608
v -0.00262119374 0.000441623297 -0.0122718076
v -0.00314179197 0.00102781578 -0.0122662314
v -0.00536370062 -0.00160558702 -0.0124420854
f 3610 3612 3611
v -0.00262119374 0.000441623297 -0.0122718076
v -0.00419210737 -0.00325561668 -0.0118845477
v -0.00129429536 -0.00135727887 -0.01179049
f 3613 3615 3614
v -0.00419210737 -0.00325561668 -0.0118845477
v -0.0019064255 -0.00373175135 -0.0110162349
v -0.00129429536 -0.00135727887 -0.01179049
f 3616 3618 3617
v -0.00314179197 0.00102781578 -0.0122662314
v -0.00523724812 0.00033656338 -0.0119821962
v -0.00536370062 -0.00160558702 -0.0124420854
f 3619 3621 3620
v -0.00262119374 0.000441623297 -0.0122718076
v -0.00536370062 -0.00160558702 -0.0124420854
v -0.00419210737 -0.00325561668 -0.0118845477
f 3622 3624 3623
v -0.00536370062 -0.00160558702 -0.0124420854
v -0.00581138884 -0.00298936757 -0.0119770826
v -0.00419210737 -0.00325561668 -0.0118845477
f 3625 3627 3626
v -0.00536370062 -0.00160558702 -0.0124420854
v -0.00743453202 -0.00133057119 -0.0125947379
v -0.00581138884 -0.00298936757 -0.0119770826
f 3628 3630 3629
v -0.00523724812 0.00033656338 -0.0119821962
v -0.00926449793 0.000594066159 -0.0113532013
v -0.00743453202 -0.00133057119 -0.0125947379
f 3631 3633 3632
v -0.00536370062 -0.00160558702 -0.0124420854
v -0.00523724812 0.00033656338 -0.0119821962
v -0.00743453202 -0.00133057119 -0.0125947379
f 3634 3636 3635
v 0.00390549794 -0.00200137238 -0.00429151951
v 0.00412263616 -0.00214984902 -0.00254752431
v 0.00338975369 -0.00176701978 -0.00540619803
f 3637 3639 3638
v 0.00375644049 -0.00204156349 0.000400518866
v 0.00122195179 0.00122703186 0.00039605743
v 0.00338975369 -0.00176701978 -0.00540619803
f 3640 3642 3641
v 0.00338975369 -0.00176701978 -0.00540619803
v 0.00122195179 0.00122703186 0.00039605743
v 0.0018331104 0.000483667827 -0.00362053688
f 3643 3645 3644
v -0.00096173153 0.00323975983 -0.00377889955
v 0.00122195179 0.00122703186 0.00039605743
v -0.00258824584 0.00529032477 0.000387041291
f 3646 3648 3647
v 0.00338975369 -0.00176701978 -0.00540619803
v 0.00295899808 -0.00186418893 -0.00613403026
v 0.00291142624 -0.00183996508 -0.00644782413
f 3649 3651 3650
v 0.00307344744 -0.00177375896 -0.00614292221
v 0.00295899808 -0.00186418893 -0.00613403026
v 0.00297210208 -0.00185904973 -0.00621911677
f 3652 3654 3653
v 0.00307344744 -0.00177375896 -0.00614292221
v 0.00297210208 -0.00185904973 -0.00621911677
v 0.00338975369 -0.00176701978 -0.00540619803
f 3655 3657 3656
v 0.00217367433 -0.00197562076 -0.0081389735
v 0.0035731282 -0.00297736497 -0.00435173242
v 0.00291142624 -0.00183996508 -0.00644782413
f 3658 3660 3659
v 0.00338975369 -0.00176701978 -0.00540619803
v 0.00291142624 -0.00183996508 -0.00644782413
v 0.0035731282 -0.00297736497 -0.00435173242
f 3661 3663 3662
v 0.0035731282 -0.00297736497 -0.00435173242
v 0.0014252817 -0.00569721924 -0.00732730332
v 0.00305698595 -0.00512180595 -0.00360927479
f 3664 3666 3665
v 0.00291070464 -0.00179238468 -0.00626822293
v 0.00291142624 -0.00183996508 -0.00644782413
v 0.00297210208 -0.00185904973 -0.00621911677
f 3667 3669 3668
v 0.00297210208 -0.00185904973 -0.00621911677
v 0.00295899808 -0.00186418893 -0.00613403026
v 0.00291070464 -0.00179238468 -0.00626822293
f 3670 3672 3671
v 0.00390549794 -0.00200137238 -0.00429151951
v 0.00338975369 -0.00176701978 -0.00540619803
v 0.0035731282 -0.00297736497 -0.00435173242
f 3673 3675 3674
v 0.00291070464 -0.00179238468 -0.00626822293
v 0.0018331104 0.000483667827 -0.00362053688
v -0.000296486041 0.00139889144 -0.008071505
f 3676 3678 3677
v -0.00209778864 0.00325578185 -0.00930420865
v -0.00323491331 0.00627835907 -0.00352462521
v -0.00403011509 0.0060916449 -0.00738403905
f 3679 3681 3680
v -0.00323491331 0.00627835907 -0.00352462521
v -0.00258824584 0.00529032477 0.000387041291
v -0.00554124563 0.00768345708 0.000390658988
f 3682 3684 3683
v -0.0158218478 0.0173694265 -0.00574098958
v -0.0129844469 0.0147110579 0.000369433019
v -0.0141706027 0.0163676552 0.000368751535
f 3685 3687 3686
v -0.016490322 0.0185509009 -0.00372949689
v -0.0141706027 0.0163676552 0.000368751535
v -0.0166481812 0.0186236459 0.000364834796
f 3688 3690 3689
v -0.0191736457 0.0205940989 -0.0150219625
v -0.0191792627 0.020206839 -0.0152320077
v -0.0191430794 0.0197509784 -0.0150937849
f 3691 3693 3692
v -0.0175503214 0.0191892628 -0.0123579201
v -0.0175077817 0.0192289212 -0.0121847508
v -0.0173813431 0.0191577361 -0.0121212041
f 3694 3696 3695
v -0.0174665285 0.0194525244 -0.012463954
v -0.0175503214 0.0191892628 -0.0123579201
v -0.0173813431 0.0191577361 -0.0121212041
f 3697 3699 3698
v -0.0177163587 0.0190738006 -0.0117356401
v -0.0174914181 0.018907449 -0.0120225515
v -0.0178635237 0.0185661382 -0.0118803015
f 3700 3702 3701
v -0.0172597211 0.0189233499 -0.0116916555
v -0.0174914181 0.018907449 -0.0120225515
v -0.0174221452 0.0188089834 -0.0117513315
f 3703 3705 3704
v -0.0174914181 0.018907449 -0.0120225515
v -0.0177163587 0.0190738006 -0.0117356401
v -0.0174221452 0.0188089834 -0.0117513315
f 3706 3708 3707
v -0.0174221452 0.0188089834 -0.0117513315
v -0.0177163587 0.0190738006 -0.0117356401
v -0.0178635237 0.0185661382 -0.0118803015
f 3709 3711 3710
v -0.0176891932 0.0193857588 -0.0124073849
v -0.0176541944 0.0195171539 -0.0123484497
v -0.0179364186 0.0194290769 -0.0123019126
f 3712 3714 3713
v -0.0181734707 0.0190784529 -0.0122010431
v -0.0177163587 0.0190738006 -0.0117356401
v -0.0182980235 0.0189392726 -0.0117317468
f 3715 3717 3716
v -0.0179364186 0.0194290769 -0.0123019126
v -0.0181558949 0.0193618456 -0.0123525708
v -0.0175503214 0.0191892628 -0.0123579201
f 3718 3720 3719
v -0.0180015079 0.0195761168 -0.0125040911
v -0.0179364186 0.0194290769 -0.0123019126
v -0.0175503214 0.0191892628 -0.0123579201
f 3721 3723 3722
v -0.0182565767 0.0192137581 -0.0123428879
v -0.018028215 0.0192875683 -0.0123145583
v -0.0181558949 0.0193618456 -0.0123525708
f 3724 3726 3725
v -0.0178377086 0.0194766282 -0.0124518381
v -0.0180015079 0.0195761168 -0.0125040911
v -0.0176541944 0.0195171539 -0.0123484497
f 3727 3729 3728
v -0.0175503214 0.0191892628 -0.0123579201
v -0.0181558949 0.0193618456 -0.0123525708
v -0.018028215 0.0192875683 -0.0123145583
f 3730 3732 3731
v -0.0177163587 0.0190738006 -0.0117356401
v -0.0181734707 0.0190784529 -0.0122010431
v -0.0183018317 0.0191457919 -0.0122452446
f 3733 3735 3734
v -0.0178635237 0.0185661382 -0.0118803015
v -0.0182565767 0.0192137581 -0.0123428879
v -0.0181734707 0.0190784529 -0.0122010431
f 3736 3738 3737
v -0.0181734707 0.0190784529 -0.0122010431
v -0.0182565767 0.0192137581 -0.0123428879
v -0.0183018317 0.0191457919 -0.0122452446
f 3739 3741 3740
v -0.018028215 0.0192875683 -0.0123145583
v -0.0179364186 0.0194290769 -0.0123019126
v -0.0177163587 0.0190738006 -0.0117356401
f 3742 3744 3743
v -0.0176541944 0.0195171539 -0.0123484497
v -0.0175077817 0.0192289212 -0.0121847508
v -0.0179364186 0.0194290769 -0.0123019126
f 3745 3747 3746
v -0.0175163979 0.0188577236 -0.011525966
v -0.0174221452 0.0188089834 -0.0117513315
v -0.0178635237 0.0185661382 -0.0118803015
f 3748 3750 3749
v -0.0178403658 0.0205189164 -0.0130999484
v -0.0180299059 0.0204915035 -0.0130598695
v -0.0179072638 0.0204053154 -0.0130269356
f 3751 3753 3752
v -0.0180819683 0.0203978401 -0.0129249238
v -0.0181687356 0.0202579016 -0.0129174558
v -0.0184885954 0.0191216706 -0.0123683596
f 3754 3756 3755
v -0.0181000505 0.020895763 -0.0129360385
v -0.0178403658 0.0205189164 -0.0130999484
v -0.0179072638 0.0204053154 -0.0130269356
f 3757 3759 3758
v -0.0178403658 0.0205189164 -0.0130999484
v -0.0184625023 0.0205164004 -0.0133811089
v -0.0180299059 0.0204915035 -0.0130598695
f 3760 3762 3761
v -0.0180684714 0.0202749667 -0.0129727967
v -0.0184625023 0.0205164004 -0.0133811089
v -0.0181372903 0.0200330731 -0.0127526699
f 3763 3765 3764
v -0.0180684714 0.0202749667 -0.0129727967
v -0.0181687356 0.0202579016 -0.0129174558
v -0.0180626172 0.0201914707 -0.0128923304
f 3766 3768 3767
v -0.0180819683 0.0203978401 -0.0129249238
v -0.0180684714 0.0202749667 -0.0129727967
v -0.0180626172 0.0201914707 -0.0128923304
f 3769 3771 3770
v -0.0181000505 0.020895763 -0.0129360385
v -0.0180299059 0.0204915035 -0.0130598695
v -0.0180819683 0.0203978401 -0.0129249238
f 3772 3774 3773
v -0.0181000505 0.020895763 -0.0129360385
v -0.0189244078 0.0219669542 -0.0129636872
v -0.0184625023 0.0205164004 -0.0133811089
f 3775 3777 3776
v -0.0181372903 0.0200330731 -0.0127526699
v -0.0184625023 0.0205164004 -0.0133811089
v -0.0191736457 0.0205940989 -0.0150219625
f 3778 3780 3779
v -0.0201881703 0.0189929196 -0.0116307812
v -0.0189244078 0.0219669542 -0.0129636872
v -0.0184885954 0.0191216706 -0.0123683596
f 3781 3783 3782
v -0.0174665285 0.0194525244 -0.012463954
v -0.0176541944 0.0195171539 -0.0123484497
v -0.0180015079 0.0195761168 -0.0125040911
f 3784 3786 3785
v -0.0174665285 0.0194525244 -0.012463954
v -0.0178377086 0.0194766282 -0.0124518381
v -0.0176891932 0.0193857588 -0.0124073849
f 3787 3789 3788
v -0.0174665285 0.0194525244 -0.012463954
v -0.0176891932 0.0193857588 -0.0124073849
v -0.0175503214 0.0191892628 -0.0123579201
f 3790 3792 3791
v -0.0196054883 0.022094055 -0.0149364962
v -0.0197472691 0.0223768919 -0.0145399157
v -0.0195683533 0.0221061913 -0.0150683161
f 3793 3795 3794
v -0.0193930813 0.0206293931 -0.0152631343
v -0.0193389569 0.0207717268 -0.0153262954
v -0.0193288943 0.0206523589 -0.0154124747
f 3796 3798 3797
v -0.0193930813 0.0206293931 -0.0152631343
v -0.0191736457 0.0205940989 -0.0150219625
v -0.0193389569 0.0207717268 -0.0153262954
f 3799 3801 3800
v -0.0194733584 0.0209101359 -0.0152595807
v -0.0194705077 0.0214289859 -0.0152751571
v -0.0194082226 0.0209321079 -0.0154028879
f 3802 3804 3803
v -0.0201053175 0.0204408527 -0.014759737
v -0.0193389569 0.0207717268 -0.0153262954
v -0.0194082226 0.0209321079 -0.0154028879
f 3805 3807 3806
v -0.0194733584 0.0209101359 -0.0152595807
v -0.0193389569 0.0207717268 -0.0153262954
v -0.0194705077 0.0214289859 -0.0152751571
f 3808 3810 3809
v -0.0191736457 0.0205940989 -0.0150219625
v -0.0193288943 0.0206523589 -0.0154124747
v -0.019269246 0.0205066652 -0.0155508635
f 3811 3813 3812
v -0.0189244078 0.0219669542 -0.0129636872
v -0.0193977001 0.0223156356 -0.0132751215
v -0.0193955348 0.0223925308 -0.0133819209
f 3814 3816 3815
v -0.0189244078 0.0219669542 -0.0129636872
v -0.0193955348 0.0223925308 -0.0133819209
v -0.019818054 0.0223782874 -0.0136261689
f 3817 3819 3818
v -0.0193977001 0.0223156356 -0.0132751215
v -0.0189244078 0.0219669542 -0.0129636872
v -0.0193705884 0.0223667943 -0.0132605055
f 3820 3822 3821
v -0.019818054 0.0223782874 -0.0136261689
v -0.0193955348 0.0223925308 -0.0133819209
v -0.0193705884 0.0223667943 -0.0132605055
f 3823 3825 3824
v -0.019818054 0.0223782874 -0.0136261689
v -0.0193977001 0.0223156356 -0.0132751215
v -0.0198591981 0.0220731235 -0.0125614373
f 3826 3828 3827
v -0.0184625023 0.0205164004 -0.0133811089
v -0.0189244078 0.0219669542 -0.0129636872
v -0.0191736457 0.0205940989 -0.0150219625
f 3829 3831 3830
v -0.0191736457 0.0205940989 -0.0150219625
v -0.0189244078 0.0219669542 -0.0129636872
v -0.0197472691 0.0223768919 -0.0145399157
f 3832 3834 3833
v -0.0197472691 0.0223768919 -0.0145399157
v -0.0189244078 0.0219669542 -0.0129636872
v -0.019818054 0.0223782874 -0.0136261689
f 3835 3837 3836
v -0.0198556489 0.022384178 -0.0147010782
v -0.0197472691 0.0223768919 -0.0145399157
v -0.019818054 0.0223782874 -0.0136261689
f 3838 3840 3839
v -0.0213632346 0.0214212196 -0.0121795631
v -0.02086819 0.0215644221 -0.0134282571
v -0.0198556489 0.022384178 -0.0147010782
f 3841 3843 3842
v -0.019891368 0.0213068211 -0.0151733577
v -0.02086819 0.0215644221 -0.0134282571
v -0.0201053175 0.0204408527 -0.014759737
f 3844 3846 3845
v -0.0208227095 0.020731629 -0.0114753195
v -0.0198591981 0.0220731235 -0.0125614373
v -0.0201881703 0.0189929196 -0.0116307812
f 3847 3849 3848
v -0.02086819 0.0215644221 -0.0134282571
v -0.0213632346 0.0214212196 -0.0121795631
v -0.0225141397 0.020435678 -0.0121618679
f 3850 3852 3851
v -0.0165519072 0.019057648 -0.00766695957
v -0.0165784892 0.019383544 -0.00753224012
v -0.0170667961 0.0192863954 -0.00748073799
f 3853 3855 3854
v -0.0168832717 0.018997342 -0.0070765047
v -0.0167171936 0.0193181244 -0.0074203941
v -0.0165717414 0.0193198954 -0.00745906436
f 3856 3858 3857
v -0.0165717414 0.0193198954 -0.00745906436
v -0.0167171936 0.0193181244 -0.0074203941
v -0.0166891667 0.0194358654 -0.00740508112
f 3859 3861 3860
v -0.016432791 0.0190395775 -0.00778530666
v -0.0164472644 0.0189711529 -0.00771063787
v -0.0165519072 0.019057648 -0.00766695957
f 3862 3864 3863
v -0.0165784892 0.019383544 -0.00753224012
v -0.0165717414 0.0193198954 -0.00745906436
v -0.0166891667 0.0194358654 -0.00740508112
f 3865 3867 3866
v -0.0165784892 0.019383544 -0.00753224012
v -0.0165519072 0.019057648 -0.00766695957
v -0.0165717414 0.0193198954 -0.00745906436
f 3868 3870 3869
v -0.0169083767 0.0195099521 -0.00720671451
v -0.0170579122 0.0197346206 -0.0067935187
v -0.0170667961 0.0192863954 -0.00748073799
f 3871 3873 3872
v -0.0167171936 0.0193181244 -0.0074203941
v -0.0168236205 0.0194676875 -0.00739274765
v -0.0165784892 0.019383544 -0.00753224012
f 3874 3876 3875
v -0.0168832717 0.018997342 -0.0070765047
v -0.0169467137 0.0194264387 -0.00723064295
v -0.0169083767 0.0195099521 -0.00720671451
f 3877 3879 3878
v -0.015996545 0.0184404795 -0.00857637715
v -0.0160478739 0.0183201904 -0.00921336468
v -0.016012472 0.0183090844 -0.00934145355
f 3880 3882 3881
v -0.0162215598 0.0183000579 -0.0100092329
v -0.016182517 0.0184291377 -0.0101194775
v -0.0166865459 0.0182835181 -0.00992177811
f 3883 3885 3884
v -0.0165313017 0.0181666401 -0.00954699353
v -0.0163050718 0.0182686883 -0.00942947299
v -0.0161210948 0.0181925745 -0.00926366338
f 3886 3888 3887
v -0.0161210948 0.0181925745 -0.00926366338
v -0.0163397039 0.018285682 -0.00930678725
v -0.0165401914 0.0182442993 -0.00935524367
f 3889 3891 3890
v -0.0165277859 0.0183620185 -0.00942755069
v -0.0166070779 0.018307069 -0.00903680193
v -0.0165401914 0.0182442993 -0.00935524367
f 3892 3894 3893
v -0.0167986203 0.0179815062 -0.00942824336
v -0.0168060214 0.0172191198 -0.00935993012
v -0.0160209151 0.0182221207 -0.00910573799
f 3895 3897 3896
v -0.0165313017 0.0181666401 -0.00954699353
v -0.0167099395 0.0182701435 -0.00977511154
v -0.0168444763 0.018275535 -0.00998650212
f 3898 3900 3899
v -0.0166070779 0.018307069 -0.00903680193
v -0.0169015228 0.0181699987 -0.00945440624
v -0.0165401914 0.0182442993 -0.00935524367
f 3901 3903 3902
v -0.0165277859 0.0183620185 -0.00942755069
v -0.0163397039 0.018285682 -0.00930678725
v -0.0166070779 0.018307069 -0.00903680193
f 3904 3906 3905
v -0.0161210948 0.0181925745 -0.00926366338
v -0.0163050718 0.0182686883 -0.00942947299
v -0.0163397039 0.018285682 -0.00930678725
f 3907 3909 3908
v -0.0165313017 0.0181666401 -0.00954699353
v -0.0169015228 0.0181699987 -0.00945440624
v -0.0167986203 0.0179815062 -0.00942824336
f 3910 3912 3911
v -0.0165277859 0.0183620185 -0.00942755069
v -0.0165401914 0.0182442993 -0.00935524367
v -0.0167367674 0.0182516393 -0.00961048499
f 3913 3915 3914
v -0.0165401914 0.0182442993 -0.00935524367
v -0.0165313017 0.0181666401 -0.00954699353
v -0.0167986203 0.0179815062 -0.00942824336
f 3916 3918 3917
v -0.0173687557 0.0185906756 -0.0110279048
v -0.0172285843 0.0183310229 -0.0105041589
v -0.017975815 0.0184573422 -0.010542322
f 3919 3921 3920
v -0.0173687557 0.0185906756 -0.0110279048
v -0.0174550878 0.0183394804 -0.0105597916
v -0.01732823 0.0182895921 -0.0105138155
f 3922 3924 3923
v -0.0172285843 0.0183310229 -0.0105041589
v -0.0173687557 0.0185906756 -0.0110279048
v -0.01732823 0.0182895921 -0.0105138155
f 3925 3927 3926
v -0.017975815 0.0184573422 -0.010542322
v -0.0174661123 0.0181705094 -0.00968825843
v -0.0177750728 0.0182606003 -0.0100689984
f 3928 3930 3929
v -0.0177750728 0.0182606003 -0.0100689984
v -0.0174661123 0.0181705094 -0.00968825843
v -0.0174062588 0.0179248425 -0.0091691094
f 3931 3933 3932
v -0.0165401914 0.0182442993 -0.00935524367
v -0.0170457031 0.0182071817 -0.00949554014
v -0.0169591614 0.0182960473 -0.00975016374
f 3934 3936 3935
v -0.0166070779 0.018307069 -0.00903680193
v -0.0163397039 0.018285682 -0.00930678725
v -0.0162215598 0.0183000579 -0.0100092329
f 3937 3939 3938
v -0.0162215598 0.0183000579 -0.0100092329
v -0.0163397039 0.018285682 -0.00930678725
v -0.0163050718 0.0182686883 -0.00942947299
f 3940 3942 3941
v -0.0169591614 0.0182960473 -0.00975016374
v -0.0167367674 0.0182516393 -0.00961048499
v -0.0165401914 0.0182442993 -0.00935524367
f 3943 3945 3944
v -0.0170457031 0.0182071817 -0.00949554014
v -0.0166070779 0.018307069 -0.00903680193
v -0.0174661123 0.0181705094 -0.00968825843
f 3946 3948 3947
v -0.0169591614 0.0182960473 -0.00975016374
v -0.0165313017 0.0181666401 -0.00954699353
v -0.0168444763 0.018275535 -0.00998650212
f 3949 3951 3950
v -0.0165401914 0.0182442993 -0.00935524367
v -0.0169015228 0.0181699987 -0.00945440624
v -0.0170457031 0.0182071817 -0.00949554014
f 3952 3954 3953
v -0.0162215598 0.0183000579 -0.0100092329
v -0.0165313017 0.0181666401 -0.00954699353
v -0.0161210948 0.0181925745 -0.00926366338
f 3955 3957 3956
v -0.0162215598 0.0183000579 -0.0100092329
v -0.0166865459 0.0182835181 -0.00992177811
v -0.0167099395 0.0182701435 -0.00977511154
f 3958 3960 3959
v -0.016182517 0.0184291377 -0.0101194775
v -0.0167099395 0.0182701435 -0.00977511154
v -0.0166865459 0.0182835181 -0.00992177811
f 3961 3963 3962
v -0.0166070779 0.018307069 -0.00903680193
v -0.015996545 0.0184404795 -0.00857637715
v -0.0167096136 0.0180768096 -0.00821457652
f 3964 3966 3965
v -0.016432791 0.0190395775 -0.00778530666
v -0.0167096136 0.0180768096 -0.00821457652
v -0.0164472644 0.0189711529 -0.00771063787
f 3967 3969 3968
v -0.0168832717 0.018997342 -0.0070765047
v -0.0166035374 0.0189096463 -0.00771698687
v -0.0166590049 0.0187579426 -0.00777889945
f 3970 3972 3971
v -0.0166590049 0.0187579426 -0.00777889945
v -0.0166035374 0.0189096463 -0.00771698687
v -0.0164472644 0.0189711529 -0.00771063787
f 3973 3975 3974
v -0.0168832717 0.018997342 -0.0070765047
v -0.0166590049 0.0187579426 -0.00777889945
v -0.0167137739 0.0186389603 -0.00783475334
f 3976 3978 3977
v -0.0167096136 0.0180768096 -0.00821457652
v -0.0168297658 0.0176817906 -0.00841542205
v -0.0167556791 0.0175699941 -0.0081647464
f 3979 3981 3980
v -0.0160209151 0.0182221207 -0.00910573799
v -0.016012472 0.0183090844 -0.00934145355
v -0.0160478739 0.0183201904 -0.00921336468
f 3982 3984 3983
v -0.0166035374 0.0189096463 -0.00771698687
v -0.0165519072 0.019057648 -0.00766695957
v -0.0164472644 0.0189711529 -0.00771063787
f 3985 3987 3986
v -0.0160209151 0.0182221207 -0.00910573799
v -0.0160478739 0.0183201904 -0.00921336468
v -0.0161210948 0.0181925745 -0.00926366338
f 3988 3990 3989
v -0.0184772885 0.0183982746 -0.00711460889
v -0.0170667961 0.0192863954 -0.00748073799
v -0.0170579122 0.0197346206 -0.0067935187
f 3991 3993 3992
v -0.016490322 0.0185509009 -0.00372949689
v -0.0177626542 0.019737499 -0.00402927653
v -0.0168832717 0.018997342 -0.0070765047
f 3994 3996 3995
v -0.0184772885 0.0183982746 -0.00711460889
v -0.0195593617 0.0173092005 -0.00740067335
v -0.0170667961 0.0192863954 -0.00748073799
f 3997 3999 3998
v -0.0168832717 0.018997342 -0.0070765047
v -0.0167556791 0.0175699941 -0.0081647464
v -0.016490322 0.0185509009 -0.00372949689
f 4000 4002 4001
v -0.0184506163 0.020619134 -0.00393448281
v -0.017600946 0.0200334369 -0.00556466475
v -0.0178716582 0.0204579308 -0.00446866652
f 4003 4005 4004
v -0.019026341 0.0204951517 -0.00386463907
v -0.0198588401 0.0183311058 -0.00528762102
v -0.0184506163 0.020619134 -0.00393448281
f 4006 4008 4007
v -0.0198588401 0.0183311058 -0.00528762102
v -0.0195593617 0.0173092005 -0.00740067335
v -0.0184772885 0.0183982746 -0.00711460889
f 4009 4011 4010
v -0.0188041638 0.021862243 0.000349877087
v -0.0187675614 0.0214305954 -0.000770740371
v -0.0166481812 0.0186236459 0.000364834796
f 4012 4014 4013
v -0.020628667 0.0209837162 -0.00124743983
v -0.019026341 0.0204951517 -0.00386463907
v -0.0183695403 0.0212233223 -0.0026980817
f 4015 4017 4016
v -0.0183695403 0.0212233223 -0.0026980817
v -0.0197733229 0.0217320019 0.000416225384
v -0.020628667 0.0209837162 -0.00124743983
f 4018 4020 4019
v -0.0187675614 0.0214305954 -0.000770740371
v -0.0197733229 0.0217320019 0.000416225384
v -0.0183695403 0.0212233223 -0.0026980817
f 4021 4023 4022
v -0.0188041638 0.021862243 0.000349877087
v -0.0197733229 0.0217320019 0.000416225384
v -0.0187675614 0.0214305954 -0.000770740371
f 4024 4026 4025
v -0.019026341 0.0204951517 -0.00386463907
v -0.020628667 0.0209837162 -0.00124743983
v -0.0204549971 0.019504645 -0.00316607257
f 4027 4029 4028
v -0.0204549971 0.019504645 -0.00316607257
v -0.020628667 0.0209837162 -0.00124743983
v -0.0219349211 0.0197413043 -0.00117743375
f 4030 4032 4031
v -0.019026341 0.0204951517 -0.00386463907
v -0.0204549971 0.019504645 -0.00316607257
v -0.0198588401 0.0183311058 -0.00528762102
f 4033 4035 4034
v -0.0219349211 0.0197413043 -0.00117743375
v -0.0215888911 0.0176298563 -0.00287117964
v -0.0204549971 0.019504645 -0.00316607257
f 4036 4038 4037
v -0.0197733229 0.0217320019 0.000416225384
v -0.0213455176 0.020094651 0.000356306259
v -0.020628667 0.0209837162 -0.00124743983
f 4039 4041 4040
v -0.0153185814 0.0106503219 -0.0128617714
v -0.0133755064 0.0109984219 -0.0110140871
v -0.015185817 0.012284788 -0.0121284822
f 4042 4044 4043
v -0.0153185814 0.0106503219 -0.0128617714
v -0.0153056419 0.0102286373 -0.01291472
v -0.0150959895 0.0098648663 -0.0129235472
f 4045 4047 4046
v -0.0150959895 0.0098648663 -0.0129235472
v -0.0133755064 0.0109984219 -0.0110140871
v -0.0153185814 0.0106503219 -0.0128617714
f 4048 4050 4049
v -0.0155060363 0.0106468033 -0.0129267311
v -0.0153185814 0.0106503219 -0.0128617714
v -0.0156322145 0.0112357477 -0.0129500375
f 4051 4053 4052
v -0.0156433831 0.011240504 -0.0128653977
v -0.015185817 0.012284788 -0.0121284822
v -0.0156322145 0.0112357477 -0.0129500375
f 4054 4056 4055
v -0.015185817 0.012284788 -0.0121284822
v -0.0156433831 0.011240504 -0.0128653977
v -0.0153185814 0.0106503219 -0.0128617714
f 4057 4059 4058
v -0.015185817 0.012284788 -0.0121284822
v -0.016482122 0.0128745189 -0.0130519737
v -0.0160489042 0.0118052238 -0.0128815765
f 4060 4062 4061
v -0.0153056419 0.0102286373 -0.01291472
v -0.0153185814 0.0106503219 -0.0128617714
v -0.0152963752 0.0102300008 -0.0129594089
f 4063 4065 4064
v -0.00646158296 0.00420047691 -0.0116856769
v -0.0060846869 0.00385048079 -0.0117933138
v -0.0064302294 0.00425524086 -0.0116112788
f 4066 4068 4067
v -0.0064302294 0.00425524086 -0.0116112788
v -0.00643135209 0.00431524531 -0.0116339826
v -0.00646158296 0.00420047691 -0.0116856769
f 4069 4071 4070
v -0.00643135209 0.00431524531 -0.0116339826
v -0.00659898942 0.00565806404 -0.0104444669
v -0.00689404769 0.0050187944 -0.0113630027
f 4072 4074 4073
v -0.00887113492 0.00501433387 -0.0120249184
v -0.00961073238 0.00253730086 -0.0114019094
v -0.00689404769 0.0050187944 -0.0113630027
f 4075 4077 4076
v -0.0060846869 0.00385048079 -0.0117933138
v -0.00646158296 0.00420047691 -0.0116856769
v -0.00641535007 0.00353983705 -0.0115486808
f 4078 4080 4079
v -0.00824102535 0.00704400882 -0.0102506252
v -0.0104365346 0.00864447429 -0.0109982917
v -0.00659898942 0.00565806404 -0.0104444669
f 4081 4083 4082
v -0.00887113492 0.00501433387 -0.0120249184
v -0.00659898942 0.00565806404 -0.0104444669
v -0.0104365346 0.00864447429 -0.0109982917
f 4084 4086 4085
v -0.0104679551 0.00422527191 -0.0123310718
v -0.00972947018 0.00471195199 -0.0126384839
v -0.0106547857 0.00537329943 -0.0125268038
f 4087 4089 4088
v -0.0104365346 0.00864447429 -0.0109982917
v -0.0106547857 0.00537329943 -0.0125268038
v -0.00887113492 0.00501433387 -0.0120249184
f 4090 4092 4091
v -0.0104365346 0.00864447429 -0.0109982917
v -0.0125896928 0.00659832949 -0.0124231388
v -0.0106547857 0.00537329943 -0.0125268038
f 4093 4095 4094
v -0.0106547857 0.00537329943 -0.0125268038
v -0.0125896928 0.00659832949 -0.0124231388
v -0.0128731161 0.00463837132 -0.0115224357
f 4096 4098 4097
v -0.0106547857 0.00537329943 -0.0125268038
v -0.0128731161 0.00463837132 -0.0115224357
v -0.0104679551 0.00422527191 -0.0123310718
f 4099 4101 4100
v -0.00887113492 0.00501433387 -0.0120249184
v -0.0125637307 0.00215284017 -0.0121073506
v -0.00961073238 0.00253730086 -0.0114019094
f 4102 4104 4103
v -0.00961073238 0.00253730086 -0.0114019094
v -0.0125637307 0.00215284017 -0.0121073506
v -0.00926449793 0.000594066159 -0.0113532013
f 4105 4107 4106
v -0.0130900517 0.00339521648 -0.0118089338
v -0.0141994926 0.00208468955 -0.0125321181
v -0.0125637307 0.00215284017 -0.0121073506
f 4108 4110 4109
v -0.0154514011 0.00263166221 -0.0108213848
v -0.0141994926 0.00208468955 -0.0125321181
v -0.0130900517 0.00339521648 -0.0118089338
f 4111 4113 4112
v -0.0104679551 0.00422527191 -0.0123310718
v -0.0125637307 0.00215284017 -0.0121073506
v -0.00887113492 0.00501433387 -0.0120249184
f 4114 4116 4115
v -0.0104365346 0.00864447429 -0.0109982917
v -0.0139978583 0.00747164086 -0.0123342616
v -0.0125896928 0.00659832949 -0.0124231388
f 4117 4119 4118
v -0.0104365346 0.00864447429 -0.0109982917
v -0.0136592207 0.00940219761 -0.0121428355
v -0.0139978583 0.00747164086 -0.0123342616
f 4120 4122 4121
v -0.0125896928 0.00659832949 -0.0124231388
v -0.0145092723 0.00666238047 -0.0116255847
v -0.0128731161 0.00463837132 -0.0115224357
f 4123 4125 4124
v -0.0150959895 0.0098648663 -0.0129235472
v -0.0158236828 0.00730182946 -0.012151969
v -0.0147864223 0.00844377137 -0.0127070671
f 4126 4128 4127
v -0.0155060363 0.0106468033 -0.0129267311
v -0.0162930693 0.0102093392 -0.012089948
v -0.0153113942 0.0100400568 -0.0129236229
f 4129 4131 4130
v -0.0162930693 0.0102093392 -0.012089948
v -0.0158236828 0.00730182946 -0.012151969
v -0.0150959895 0.0098648663 -0.0129235472
f 4132 4134 4133
v -0.0158236828 0.00730182946 -0.012151969
v -0.0171817548 0.00912602627 -0.0117710282
v -0.0167098682 0.00613227021 -0.0122480997
f 4135 4137 4136
v -0.0171817548 0.00912602627 -0.0117710282
v -0.018249698 0.00683913531 -0.0122511963
v -0.0167098682 0.00613227021 -0.0122480997
f 4138 4140 4139
v -0.0150959895 0.0098648663 -0.0129235472
v -0.0152963752 0.0102300008 -0.0129594089
v -0.0153113942 0.0100400568 -0.0129236229
f 4141 4143 4142
v -0.00824102535 0.00704400882 -0.0102506252
v -0.00770497718 0.00902721949 -0.0046725112
v -0.0104365346 0.00864447429 -0.0109982917
f 4144 4146 4145
v -0.00770497718 0.00902721949 -0.0046725112
v -0.0106557491 0.0120072109 -0.00468561229
v -0.0104365346 0.00864447429 -0.0109982917
f 4147 4149 4148
v -0.00554124563 0.00768345708 0.000390658988
v -0.0100939156 0.0115468581 0.000373902867
v -0.00770497718 0.00902721949 -0.0046725112
f 4150 4152 4151
v -0.015232616 0.0150380336 -0.00936048382
v -0.0136338931 0.0139448413 -0.00658710924
v -0.0158218478 0.0173694265 -0.00574098958
f 4153 4155 4154
v -0.015185817 0.012284788 -0.0121284822
v -0.0125481864 0.0118454242 -0.00871568118
v -0.015232616 0.0150380336 -0.00936048382
f 4156 4158 4157
v -0.0125481864 0.0118454242 -0.00871568118
v -0.0136338931 0.0139448413 -0.00658710924
v -0.015232616 0.0150380336 -0.00936048382
f 4159 4161 4160
v -0.015185817 0.012284788 -0.0121284822
v -0.015232616 0.0150380336 -0.00936048382
v -0.016482122 0.0128745189 -0.0130519737
f 4162 4164 4163
v -0.0125481864 0.0118454242 -0.00871568118
v -0.0106557491 0.0120072109 -0.00468561229
v -0.0136338931 0.0139448413 -0.00658710924
f 4165 4167 4166
v -0.0136338931 0.0139448413 -0.00658710924
v -0.0129844469 0.0147110579 0.000369433019
v -0.0158218478 0.0173694265 -0.00574098958
f 4168 4170 4169
v -0.00659898942 0.00565806404 -0.0104444669
v -0.00403011509 0.0060916449 -0.00738403905
v -0.00824102535 0.00704400882 -0.0102506252
f 4171 4173 4172
v -0.00824102535 0.00704400882 -0.0102506252
v -0.00403011509 0.0060916449 -0.00738403905
v -0.00770497718 0.00902721949 -0.0046725112
f 4174 4176 4175
v -0.0128731161 0.00463837132 -0.0115224357
v -0.0153101166 0.00452449785 -0.0115027164
v -0.0154514011 0.00263166221 -0.0108213848
f 4177 4179 4178
v -0.0153101166 0.00452449785 -0.0115027164
v -0.0166149504 0.00431847002 -0.0115686496
v -0.0163920966 0.00309591014 -0.0116548443
f 4180 4182 4181
v -0.0183647353 0.00392189359 -0.0119486627
v -0.0175038105 0.00376078788 -0.0115995063
v -0.0166149504 0.00431847002 -0.0115686496
f 4183 4185 4184
v -0.0166149504 0.00431847002 -0.0115686496
v -0.0175038105 0.00376078788 -0.0115995063
v -0.0168243409 0.00306070906 -0.0122193189
f 4186 4188 4187
v -0.0168243409 0.00306070906 -0.0122193189
v -0.0175038105 0.00376078788 -0.0115995063
v -0.0163920966 0.00309591014 -0.0116548443
f 4189 4191 4190
v -0.0168243409 0.00306070906 -0.0122193189
v -0.0163920966 0.00309591014 -0.0116548443
v -0.0166149504 0.00431847002 -0.0115686496
f 4192 4194 4193
v -0.0167098682 0.00613227021 -0.0122480997
v -0.018249698 0.00683913531 -0.0122511963
v -0.0166149504 0.00431847002 -0.0115686496
f 4195 4197 4196
v -0.0183647353 0.00392189359 -0.0119486627
v -0.0166149504 0.00431847002 -0.0115686496
v -0.018249698 0.00683913531 -0.0122511963
f 4198 4200 4199
v -0.018249698 0.00683913531 -0.0122511963
v -0.0189196013 0.00882200547 -0.0122044752
v -0.02026484 0.00793492072 -0.0122598547
f 4201 4203 4202
v -0.018249698 0.00683913531 -0.0122511963
v -0.02026484 0.00793492072 -0.0122598547
v -0.0201968462 0.00706371648 -0.0119011784
f 4204 4206 4205
v -0.0192548076 0.0200531591 -0.0152609835
v -0.0191792627 0.020206839 -0.0152320077
v -0.0191985149 0.0200747338 -0.0154156267
f 4207 4209 4208
v -0.0192548076 0.0200531591 -0.0152609835
v -0.0191430794 0.0197509784 -0.0150937849
v -0.0191792627 0.020206839 -0.0152320077
f 4210 4212 4211
v -0.0191395273 0.0197933245 -0.0154052308
v -0.0191741812 0.0198850001 -0.0154322188
v -0.0191871019 0.0197748886 -0.0152541586
f 4213 4215 4214
v -0.0191871019 0.0197748886 -0.0152541586
v -0.0191430794 0.0197509784 -0.0150937849
v -0.0191395273 0.0197933245 -0.0154052308
f 4216 4218 4217
v -0.0193140891 0.0195284447 -0.015106608
v -0.0191234474 0.0194875611 -0.0152655819
v -0.0190864375 0.0196530993 -0.0154519628
f 4219 4221 4220
v -0.0192232474 0.0197613801 -0.0151148153
v -0.0191741812 0.0198850001 -0.0154322188
v -0.0193140891 0.0195284447 -0.015106608
f 4222 4224 4223
v -0.0192232474 0.0197613801 -0.0151148153
v -0.0191430794 0.0197509784 -0.0150937849
v -0.0191871019 0.0197748886 -0.0152541586
f 4225 4227 4226
v -0.0191297353 0.0185864483 -0.0147932209
v -0.019054531 0.0189118015 -0.0153194094
v -0.0191378291 0.0188028425 -0.0152582943
f 4228 4230 4229
v -0.0191297353 0.0185864483 -0.0147932209
v -0.0190576495 0.0193517306 -0.0152078748
v -0.0191549785 0.0190292412 -0.0151399552
f 4231 4233 4232
v -0.0191012601 0.0192764972 -0.0153003959
v -0.0190576495 0.0193517306 -0.0152078748
v -0.0191234474 0.0194875611 -0.0152655819
f 4234 4236 4235
v -0.0191086947 0.0190397332 -0.0152930006
v -0.019054531 0.0189118015 -0.0153194094
v -0.0191549785 0.0190292412 -0.0151399552
f 4237 4239 4238
v -0.0191378291 0.0188028425 -0.0152582943
v -0.019054531 0.0189118015 -0.0153194094
v -0.0191086947 0.0190397332 -0.0152930006
f 4240 4242 4241
v -0.0193223779 0.0177872789 -0.014952218
v -0.019225986 0.0179750787 -0.0149560772
v -0.019263188 0.0180726827 -0.0150358916
f 4243 4245 4244
v -0.0178635237 0.0185661382 -0.0118803015
v -0.0182389675 0.0185411074 -0.0118165684
v -0.0181303316 0.0181952288 -0.0113256297
f 4246 4248 4247
v -0.0189176164 0.0170451036 -0.0141860888
v -0.0184885954 0.0191216706 -0.0123683596
v -0.0191297353 0.0185864483 -0.0147932209
f 4249 4251 4250
v -0.0182604417 0.0183446333 -0.0116065996
v -0.0181303316 0.0181952288 -0.0113256297
v -0.0182030999 0.018445008 -0.011578721
f 4252 4254 4253
v -0.0182980235 0.0189392726 -0.0117317468
v -0.0178816219 0.0180980933 -0.01096735
v -0.0182030999 0.018445008 -0.011578721
f 4255 4257 4256
v -0.018305218 0.0185870202 -0.0119609394
v -0.0178635237 0.0185661382 -0.0118803015
v -0.0183669865 0.0187276193 -0.0119737677
f 4258 4260 4259
v -0.0178635237 0.0185661382 -0.0118803015
v -0.0182980235 0.0189392726 -0.0117317468
v -0.0183669865 0.0187276193 -0.0119737677
f 4261 4263 4262
v -0.0182980235 0.0189392726 -0.0117317468
v -0.0184059041 0.0183227152 -0.0115350602
v -0.0182389675 0.0185411074 -0.0118165684
f 4264 4266 4265
v -0.0189176164 0.0170451036 -0.0141860888
v -0.018305218 0.0185870202 -0.0119609394
v -0.0184885954 0.0191216706 -0.0123683596
f 4267 4269 4268
v -0.0184885954 0.0191216706 -0.0123683596
v -0.018305218 0.0185870202 -0.0119609394
v -0.0183669865 0.0187276193 -0.0119737677
f 4270 4272 4271
v -0.0191430794 0.0197509784 -0.0150937849
v -0.0191297353 0.0185864483 -0.0147932209
v -0.0184885954 0.0191216706 -0.0123683596
f 4273 4275 4274
v -0.0185633646 0.0164618003 -0.0143859448
v -0.0181312978 0.0156614464 -0.0137958763
v -0.0189176164 0.0170451036 -0.0141860888
f 4276 4278 4277
v -0.0193007712 0.0168975414 -0.0147084182
v -0.0192269596 0.0157414383 -0.0133373775
v -0.0185633646 0.0164618003 -0.0143859448
f 4279 4281 4280
v -0.0181303316 0.0181952288 -0.0113256297
v -0.0189176164 0.0170451036 -0.0141860888
v -0.0181312978 0.0156614464 -0.0137958763
f 4282 4284 4283
v -0.019225986 0.0179750787 -0.0149560772
v -0.0193685133 0.0175832276 -0.0147865008
v -0.0193343483 0.0172820233 -0.0147086917
f 4285 4287 4286
v -0.0206794837 0.0177102847 -0.014206476
v -0.0193223779 0.0177872789 -0.014952218
v -0.0194297798 0.0185447469 -0.0150857988
f 4288 4290 4289
v -0.0191297353 0.0185864483 -0.0147932209
v -0.0192987325 0.0180599163 -0.014929616
v -0.019225986 0.0179750787 -0.0149560772
f 4291 4293 4292
v -0.0193007712 0.0168975414 -0.0147084182
v -0.0194947817 0.0173390159 -0.0147634622
v -0.0206794837 0.0177102847 -0.014206476
f 4294 4296 4295
v -0.0193343483 0.0172820233 -0.0147086917
v -0.0194203487 0.0171194712 -0.014702804
v -0.0194443215 0.017100024 -0.0146483741
f 4297 4299 4298
v -0.0194947817 0.0173390159 -0.0147634622
v -0.0193343483 0.0172820233 -0.0147086917
v -0.0193331187 0.0175968584 -0.0148829102
f 4300 4302 4301
v -0.0189176164 0.0170451036 -0.0141860888
v -0.0193343483 0.0172820233 -0.0147086917
v -0.0194443215 0.017100024 -0.0146483741
f 4303 4305 4304
v -0.0184885954 0.0191216706 -0.0123683596
v -0.0184059041 0.0183227152 -0.0115350602
v -0.0201881703 0.0189929196 -0.0116307812
f 4306 4308 4307
v -0.0172562213 0.0139577547 -0.0138469768
v -0.0172253727 0.0142357705 -0.0136881252
v -0.0172277389 0.0139578042 -0.013977004
f 4309 4311 4310
v -0.0167269362 0.0134189002 -0.0136014278
v -0.0172253727 0.0142357705 -0.0136881252
v -0.0172562213 0.0139577547 -0.0138469768
f 4312 4314 4313
v -0.0172683358 0.0138986841 -0.0138414791
v -0.0167269362 0.0134189002 -0.0136014278
v -0.0172277389 0.0139578042 -0.013977004
f 4315 4317 4316
v -0.015232616 0.0150380336 -0.00936048382
v -0.0174930319 0.0151103814 -0.0133145601
v -0.0167269362 0.0134189002 -0.0136014278
f 4318 4320 4319
v -0.0172253727 0.0142357705 -0.0136881252
v -0.0178284274 0.014846267 -0.0134998292
v -0.0178219198 0.0148475461 -0.0135286129
f 4321 4323 4322
v -0.0175842797 0.0143469719 -0.0137318828
v -0.0172253727 0.0142357705 -0.0136881252
v -0.0178219198 0.0148475461 -0.0135286129
f 4324 4326 4325
v -0.0178284274 0.014846267 -0.0134998292
v -0.0174930319 0.0151103814 -0.0133145601
v -0.0178219198 0.0148475461 -0.0135286129
f 4327 4329 4328
v -0.0172253727 0.0142357705 -0.0136881252
v -0.0174930319 0.0151103814 -0.0133145601
v -0.0178284274 0.014846267 -0.0134998292
f 4330 4332 4331
v -0.0174930319 0.0151103814 -0.0133145601
v -0.0181312978 0.0156614464 -0.0137958763
v -0.0179927767 0.0145235594 -0.0132396381
f 4333 4335 4334
v -0.016482122 0.0128745189 -0.0130519737
v -0.0179927767 0.0145235594 -0.0132396381
v -0.0173634835 0.0117829724 -0.0123323145
f 4336 4338 4337
v -0.0192269596 0.0157414383 -0.0133373775
v -0.0201602685 0.0126729326 -0.0121304438
v -0.0179927767 0.0145235594 -0.0132396381
f 4339 4341 4340
v -0.0179927767 0.0145235594 -0.0132396381
v -0.0201602685 0.0126729326 -0.0121304438
v -0.0173634835 0.0117829724 -0.0123323145
f 4342 4344 4343
v -0.0181312978 0.0156614464 -0.0137958763
v -0.0192269596 0.0157414383 -0.0133373775
v -0.0179927767 0.0145235594 -0.0132396381
f 4345 4347 4346
v -0.0204182346 0.0161639764 -0.0138260744
v -0.0192269596 0.0157414383 -0.0133373775
v -0.0193007712 0.0168975414 -0.0147084182
f 4348 4350 4349
v -0.0206794837 0.0177102847 -0.014206476
v -0.0216356813 0.015741578 -0.0136239978
v -0.0204182346 0.0161639764 -0.0138260744
f 4351 4353 4352
v -0.0216356813 0.015741578 -0.0136239978
v -0.0201602685 0.0126729326 -0.0121304438
v -0.0192269596 0.0157414383 -0.0133373775
f 4354 4356 4355
v -0.0204182346 0.0161639764 -0.0138260744
v -0.0216356813 0.015741578 -0.0136239978
v -0.0192269596 0.0157414383 -0.0133373775
f 4357 4359 4358
v -0.02086819 0.0215644221 -0.0134282571
v -0.0206794837 0.0177102847 -0.014206476
v -0.0201053175 0.0204408527 -0.014759737
f 4360 4362 4361
v -0.02086819 0.0215644221 -0.0134282571
v -0.0224302159 0.0177625407 -0.0127846812
v -0.0206794837 0.0177102847 -0.014206476
f 4363 4365 4364
v -0.02086819 0.0215644221 -0.0134282571
v -0.0225141397 0.020435678 -0.0121618679
v -0.0224302159 0.0177625407 -0.0127846812
f 4366 4368 4367
v -0.0206794837 0.0177102847 -0.014206476
v -0.0224302159 0.0177625407 -0.0127846812
v -0.0232781575 0.0165361096 -0.0125834747
f 4369 4371 4370
v -0.0171386637 0.0176340109 -0.00951365582
v -0.0167986203 0.0179815062 -0.00942824336
v -0.0173973182 0.0174834771 -0.00988176762
f 4372 4374 4373
v -0.0167986203 0.0179815062 -0.00942824336
v -0.0170524698 0.0172805871 -0.00963087368
v -0.0168060214 0.0172191198 -0.00935993012
f 4375 4377 4376
v -0.0178816219 0.0180980933 -0.01096735
v -0.0176995149 0.0180796895 -0.0102845785
v -0.0174600456 0.0179639843 -0.00968936147
f 4378 4380 4379
v -0.0174600456 0.0179639843 -0.00968936147
v -0.0176995149 0.0180796895 -0.0102845785
v -0.017723802 0.0179970884 -0.0103135673
f 4381 4383 4382
v -0.0166947561 0.0170103973 -0.0092896611
v -0.0169465158 0.0169557607 -0.00968825771
v -0.0169915773 0.0169369232 -0.0103478116
f 4384 4386 4385
v -0.0169465158 0.0169557607 -0.00968825771
v -0.0166947561 0.0170103973 -0.0092896611
v -0.0169328923 0.0170276151 -0.00965094514
f 4387 4389 4388
v -0.0170524698 0.0172805871 -0.00963087368
v -0.0169365056 0.0169674226 -0.00956722288
v -0.0176200425 0.0163035584 -0.0096944088
f 4390 4392 4391
v -0.0170524698 0.0172805871 -0.00963087368
v -0.0169915773 0.0169369232 -0.0103478116
v -0.0169328923 0.0170276151 -0.00965094514
f 4393 4395 4394
v -0.0170524698 0.0172805871 -0.00963087368
v -0.0169465158 0.0169557607 -0.00968825771
v -0.0169365056 0.0169674226 -0.00956722288
f 4396 4398 4397
v -0.0169915773 0.0169369232 -0.0103478116
v -0.0172541026 0.0172086031 -0.00985848674
v -0.0175655528 0.0176486123 -0.0101596226
f 4399 4401 4400
v -0.0176200425 0.0163035584 -0.0096944088
v -0.0196809939 0.017652793 -0.010413034
v -0.0173973182 0.0174834771 -0.00988176762
f 4402 4404 4403
v -0.0172143831 0.0173262262 -0.00980327532
v -0.0170524698 0.0172805871 -0.00963087368
v -0.0172541026 0.0172086031 -0.00985848674
f 4405 4407 4406
v -0.0172541026 0.0172086031 -0.00985848674
v -0.0169915773 0.0169369232 -0.0103478116
v -0.0172143831 0.0173262262 -0.00980327532
f 4408 4410 4409
v -0.0167986203 0.0179815062 -0.00942824336
v -0.0174600456 0.0179639843 -0.00968936147
v -0.0173973182 0.0174834771 -0.00988176762
f 4411 4413 4412
v -0.0169915773 0.0169369232 -0.0103478116
v -0.0175655528 0.0176486123 -0.0101596226
v -0.0181303316 0.0181952288 -0.0113256297
f 4414 4416 4415
v -0.0173973182 0.0174834771 -0.00988176762
v -0.0174600456 0.0179639843 -0.00968936147
v -0.0171697742 0.01751417 -0.00957014563
f 4417 4419 4418
v -0.0176995149 0.0180796895 -0.0102845785
v -0.0177750728 0.0182606003 -0.0100689984
v -0.017723802 0.0179970884 -0.0103135673
f 4420 4422 4421
v -0.0167556791 0.0175699941 -0.0081647464
v -0.0167472317 0.0173383582 -0.00894518525
v -0.0166947561 0.0170103973 -0.0092896611
f 4423 4425 4424
v -0.0168297658 0.0176817906 -0.00841542205
v -0.0167472317 0.0173383582 -0.00894518525
v -0.0168206971 0.0173598397 -0.00895045378
f 4426 4428 4427
v -0.0168665181 0.0172245971 -0.00901551175
v -0.0168060214 0.0172191198 -0.00935993012
v -0.0166947561 0.0170103973 -0.0092896611
f 4429 4431 4430
v -0.0168060214 0.0172191198 -0.00935993012
v -0.0174062588 0.0179248425 -0.0091691094
v -0.0168206971 0.0173598397 -0.00895045378
f 4432 4434 4433
v -0.0170667961 0.0192863954 -0.00748073799
v -0.0195593617 0.0173092005 -0.00740067335
v -0.0177472612 0.0161208154 -0.00879143481
f 4435 4437 4436
v -0.0169756342 0.0175270688 -0.00848574564
v -0.0167096136 0.0180768096 -0.00821457652
v -0.0177472612 0.0161208154 -0.00879143481
f 4438 4440 4439
v -0.0170667961 0.0192863954 -0.00748073799
v -0.0177472612 0.0161208154 -0.00879143481
v -0.0167096136 0.0180768096 -0.00821457652
f 4441 4443 4442
v -0.0177472612 0.0161208154 -0.00879143481
v -0.0176200425 0.0163035584 -0.0096944088
v -0.0169365056 0.0169674226 -0.00956722288
f 4444 4446 4445
v -0.0171386637 0.0176340109 -0.00951365582
v -0.0174062588 0.0179248425 -0.0091691094
v -0.0171697742 0.01751417 -0.00957014563
f 4447 4449 4448
v -0.0169328923 0.0170276151 -0.00965094514
v -0.0169365056 0.0169674226 -0.00956722288
v -0.0169465158 0.0169557607 -0.00968825771
f 4450 4452 4451
v -0.0175655528 0.0176486123 -0.0101596226
v -0.0196809939 0.017652793 -0.010413034
v -0.0181303316 0.0181952288 -0.0113256297
f 4453 4455 4454
v -0.0181303316 0.0181952288 -0.0113256297
v -0.0196809939 0.017652793 -0.010413034
v -0.0184059041 0.0183227152 -0.0115350602
f 4456 4458 4457
v -0.0207406687 0.0177407812 -0.0111292531
v -0.0218146844 0.0203914242 -0.0113082773
v -0.0208227095 0.020731629 -0.0114753195
f 4459 4461 4460
v -0.0207406687 0.0177407812 -0.0111292531
v -0.020639984 0.0166497775 -0.0104317784
v -0.0220120739 0.0183952463 -0.0109076398
f 4462 4464 4463
v -0.022101932 0.0162124066 -0.0060703147
v -0.0210308353 0.0149285246 -0.00788009493
v -0.0195593617 0.0173092005 -0.00740067335
f 4465 4467 4466
v -0.0210308353 0.0149285246 -0.00788009493
v -0.022101932 0.0162124066 -0.0060703147
v -0.0225983807 0.0144660982 -0.00723372796
f 4468 4470 4469
v -0.0176200425 0.0163035584 -0.0096944088
v -0.0197789515 0.0143199315 -0.00900487139
v -0.020639984 0.0166497775 -0.0104317784
f 4471 4473 4472
v -0.0228873061 0.0162239856 -0.010574107
v -0.0226929624 0.0145170634 -0.00877128186
v -0.0238331442 0.0158145675 -0.00966684674
f 4474 4476 4475
v -0.0232229591 0.0156931434 -0.00871829834
v -0.0226929624 0.0145170634 -0.00877128186
v -0.023495192 0.0140802687 -0.00780475239
f 4477 4479 4478
v -0.021921091 0.0135123613 -0.00814610976
v -0.0232517501 0.0127856081 -0.00830556601
v -0.0226929624 0.0145170634 -0.00877128186
f 4480 4482 4481
v -0.021921091 0.0135123613 -0.00814610976
v -0.0225983807 0.0144660982 -0.00723372796
v -0.0231439015 0.0134102971 -0.00717839284
f 4483 4485 4484
v -0.0234106774 0.0130329383 -0.00777851819
v -0.0232517501 0.0127856081 -0.00830556601
v -0.0234395397 0.0129784545 -0.00779407928
f 4486 4488 4487
v -0.023083073 0.0127044535 -0.00792839201
v -0.0234106774 0.0130329383 -0.00777851819
v -0.0234395397 0.0129784545 -0.00779407928
f 4489 4491 4490
v -0.023083073 0.0127044535 -0.00792839201
v -0.0234395397 0.0129784545 -0.00779407928
v -0.0236575142 0.0128327796 -0.00730744068
f 4492 4494 4493
v -0.0226929624 0.0145170634 -0.00877128186
v -0.0232517501 0.0127856081 -0.00830556601
v -0.023495192 0.0140802687 -0.00780475239
f 4495 4497 4496
v -0.0249718927 0.0129443375 -0.00781550843
v -0.0255807594 0.0133654496 -0.00840290159
v -0.0242218404 0.014456053 -0.00777693349
f 4498 4500 4499
v -0.0241351532 0.012731587 -0.00808275581
v -0.0242218404 0.014456053 -0.00777693349
v -0.023495192 0.0140802687 -0.00780475239
f 4501 4503 4502
v -0.0200924667 0.014100378 -0.00845666873
v -0.021921091 0.0135123613 -0.00814610976
v -0.0208824567 0.0140271441 -0.0092090384
f 4504 4506 4505
v -0.021921091 0.0135123613 -0.00814610976
v -0.0226929624 0.0145170634 -0.00877128186
v -0.0208824567 0.0140271441 -0.0092090384
f 4507 4509 4508
v -0.0232517501 0.0127856081 -0.00830556601
v -0.0241351532 0.012731587 -0.00808275581
v -0.0234395397 0.0129784545 -0.00779407928
f 4510 4512 4511
v -0.0232517501 0.0127856081 -0.00830556601
v -0.0234106774 0.0130329383 -0.00777851819
v -0.023495192 0.0140802687 -0.00780475239
f 4513 4515 4514
v -0.0178816219 0.0180980933 -0.01096735
v -0.017975815 0.0184573422 -0.010542322
v -0.017723802 0.0179970884 -0.0103135673
f 4516 4518 4517
v -0.0208824567 0.0140271441 -0.0092090384
v -0.0197789515 0.0143199315 -0.00900487139
v -0.0200924667 0.014100378 -0.00845666873
f 4519 4521 4520
v -0.0215888911 0.0176298563 -0.00287117964
v -0.02254828 0.0183054042 -0.00154060435
v -0.0230076286 0.0163380202 -0.00245784158
f 4522 4524 4523
v -0.0230076286 0.0163380202 -0.00245784158
v -0.0226461794 0.015436158 -0.00423127494
v -0.0215888911 0.0176298563 -0.00287117964
f 4525 4527 4526
v -0.02254828 0.0183054042 -0.00154060435
v -0.0247361022 0.0162942873 -0.000813985389
v -0.0252360769 0.0147768689 -0.00170169806
f 4528 4530 4529
v -0.02254828 0.0183054042 -0.00154060435
v -0.0223260373 0.0184100427 0.000384022997
v -0.0247361022 0.0162942873 -0.000813985389
f 4531 4533 4532
v -0.0225983807 0.0144660982 -0.00723372796
v -0.0225050579 0.0155264512 -0.00568434843
v -0.0244033159 0.0136124203 -0.00550862278
f 4534 4536 4535
v -0.0226461794 0.015436158 -0.00423127494
v -0.0244856055 0.0135510039 -0.00301597374
v -0.0244033159 0.0136124203 -0.00550862278
f 4537 4539 4538
v -0.0252360769 0.0147768689 -0.00170169806
v -0.0256856583 0.0141655997 -0.00137126863
v -0.0256800064 0.0141622004 -0.00136984236
f 4540 4542 4541
v -0.0247361022 0.0162942873 -0.000813985389
v -0.0256856583 0.0141655997 -0.00137126863
v -0.0252360769 0.0147768689 -0.00170169806
f 4543 4545 4544
v -0.0260288041 0.013101146 -0.000867024119
v -0.0256800064 0.0141622004 -0.00136984236
v -0.0247361022 0.0162942873 -0.000813985389
f 4546 4548 4547
v -0.0257311098 0.0138182819 -0.00152825251
v -0.0260288041 0.013101146 -0.000867024119
v -0.0244856055 0.0135510039 -0.00301597374
f 4549 4551 4550
v -0.0260288041 0.013101146 -0.000867024119
v -0.0270043936 0.0114842333 -0.000832525075
v -0.0244856055 0.0135510039 -0.00301597374
f 4552 4554 4553
v -0.0260288041 0.013101146 -0.000867024119
v -0.0270066754 0.0115725663 0.000389803654
v -0.0270043936 0.0114842333 -0.000832525075
f 4555 4557 4556
v -0.0257311098 0.0138182819 -0.00152825251
v -0.0256800064 0.0141622004 -0.00136984236
v -0.0256856583 0.0141655997 -0.00137126863
f 4558 4560 4559
v -0.0252360769 0.0147768689 -0.00170169806
v -0.0257311098 0.0138182819 -0.00152825251
v -0.0244856055 0.0135510039 -0.00301597374
f 4561 4563 4562
v -0.0220120739 0.0183952463 -0.0109076398
v -0.0223692739 0.0191668267 -0.0106172025
v -0.0218146844 0.0203914242 -0.0113082773
f 4564 4566 4565
v -0.0225141397 0.020435678 -0.0121618679
v -0.0231659011 0.0198827911 -0.0109765948
v -0.023706285 0.0195335044 -0.0121544625
f 4567 4569 4568
v -0.0223692739 0.0191668267 -0.0106172025
v -0.0236706823 0.0178345217 -0.0104874845
v -0.0231659011 0.0198827911 -0.0109765948
f 4570 4572 4571
v -0.0231659011 0.0198827911 -0.0109765948
v -0.0244050141 0.0178738715 -0.0110011206
v -0.023706285 0.0195335044 -0.0121544625
f 4573 4575 4574
v -0.0244050141 0.0178738715 -0.0110011206
v -0.0239649016 0.0181539857 -0.012085303
v -0.023706285 0.0195335044 -0.0121544625
f 4576 4578 4577
v -0.0231659011 0.0198827911 -0.0109765948
v -0.0236706823 0.0178345217 -0.0104874845
v -0.0244050141 0.0178738715 -0.0110011206
f 4579 4581 4580
v -0.0224302159 0.0177625407 -0.0127846812
v -0.0239649016 0.0181539857 -0.012085303
v -0.0232781575 0.0165361096 -0.0125834747
f 4582 4584 4583
v -0.0232781575 0.0165361096 -0.0125834747
v -0.0242130933 0.0172699947 -0.0124552229
v -0.0242637951 0.0150411914 -0.0118013792
f 4585 4587 4586
v -0.0228873061 0.0162239856 -0.010574107
v -0.0251585647 0.0169268314 -0.0105103063
v -0.0236706823 0.0178345217 -0.0104874845
f 4588 4590 4589
v -0.0242130933 0.0172699947 -0.0124552229
v -0.0239649016 0.0181539857 -0.012085303
v -0.0253664533 0.0166797428 -0.0114000344
f 4591 4593 4592
v -0.0261138659 0.0152363165 -0.0106286498
v -0.0262803864 0.0148929132 -0.0115435563
v -0.0254582468 0.0161259086 -0.0102497543
f 4594 4596 4595
v -0.0238331442 0.0158145675 -0.00966684674
v -0.0232229591 0.0156931434 -0.00871829834
v -0.0243384813 0.0156005437 -0.00942800034
f 4597 4599 4598
v -0.0242218404 0.014456053 -0.00777693349
v -0.0255807594 0.0133654496 -0.00840290159
v -0.0249173056 0.0141875033 -0.00889527364
f 4600 4602 4601
v -0.0228873061 0.0162239856 -0.010574107
v -0.0236706823 0.0178345217 -0.0104874845
v -0.0220120739 0.0183952463 -0.0109076398
f 4603 4605 4604
v -0.0251585647 0.0169268314 -0.0105103063
v -0.0238331442 0.0158145675 -0.00966684674
v -0.0243384813 0.0156005437 -0.00942800034
f 4606 4608 4607
v -0.0171817548 0.00912602627 -0.0117710282
v -0.0193149637 0.011335907 -0.0118554017
v -0.0189196013 0.00882200547 -0.0122044752
f 4609 4611 4610
v -0.0193149637 0.011335907 -0.0118554017
v -0.020941539 0.010403731 -0.0114436531
v -0.0189196013 0.00882200547 -0.0122044752
f 4612 4614 4613
v -0.0193149637 0.011335907 -0.0118554017
v -0.0229079247 0.0110704408 -0.0118462682
v -0.020941539 0.010403731 -0.0114436531
f 4615 4617 4616
v -0.0210940634 0.0082097642 -0.0119138713
v -0.0189196013 0.00882200547 -0.0122044752
v -0.020941539 0.010403731 -0.0114436531
f 4618 4620 4619
v -0.020941539 0.010403731 -0.0114436531
v -0.0221520517 0.00877889543 -0.0117187097
v -0.0210940634 0.0082097642 -0.0119138713
f 4621 4623 4622
v -0.0201602685 0.0126729326 -0.0121304438
v -0.0227924451 0.0137500669 -0.0125118706
v -0.0231820566 0.0124686354 -0.0122457801
f 4624 4626 4625
v -0.0231820566 0.0124686354 -0.0122457801
v -0.0229079247 0.0110704408 -0.0118462682
v -0.0201602685 0.0126729326 -0.0121304438
f 4627 4629 4628
v -0.0231820566 0.0124686354 -0.0122457801
v -0.0246679789 0.0111305206 -0.0128014741
v -0.0229079247 0.0110704408 -0.0118462682
f 4630 4632 4631
v -0.024775113 0.0110836656 -0.00800668568
v -0.0249718927 0.0129443375 -0.00781550843
v -0.0241351532 0.012731587 -0.00808275581
f 4633 4635 4634
v -0.0251807825 0.0109929977 -0.00750151303
v -0.025178853 0.0109977431 -0.0072923569
v -0.0252006139 0.0109555782 -0.00751220359
f 4636 4638 4637
v -0.0244684197 0.0110134628 -0.007861216
v -0.0251807825 0.0109929977 -0.00750151303
v -0.0252006139 0.0109555782 -0.00751220359
f 4639 4641 4640
v -0.0254278566 0.011068544 -0.00734021669
v -0.0253580394 0.0110307403 -0.00749425017
v -0.025475907 0.0109916764 -0.00734857094
f 4642 4644 4643
v -0.0253580394 0.0110307403 -0.00749425017
v -0.0254278566 0.011068544 -0.00734021669
v -0.0249718927 0.0129443375 -0.00781550843
f 4645 4647 4646
v -0.0254278566 0.011068544 -0.00734021669
v -0.025945995 0.0102827908 -0.00730699467
v -0.0249718927 0.0129443375 -0.00781550843
f 4648 4650 4649
v -0.025178853 0.0109977431 -0.0072923569
v -0.0254278566 0.011068544 -0.00734021669
v -0.025475907 0.0109916764 -0.00734857094
f 4651 4653 4652
v -0.0251807825 0.0109929977 -0.00750151303
v -0.024775113 0.0110836656 -0.00800668568
v -0.0252006139 0.0109555782 -0.00751220359
f 4654 4656 4655
v -0.0244684197 0.0110134628 -0.007861216
v -0.0252006139 0.0109555782 -0.00751220359
v -0.024775113 0.0110836656 -0.00800668568
f 4657 4659 4658
v -0.024775113 0.0110836656 -0.00800668568
v -0.0253580394 0.0110307403 -0.00749425017
v -0.0249718927 0.0129443375 -0.00781550843
f 4660 4662 4661
v -0.0253580394 0.0110307403 -0.00749425017
v -0.024775113 0.0110836656 -0.00800668568
v -0.0251807825 0.0109929977 -0.00750151303
f 4663 4665 4664
v -0.024775113 0.0110836656 -0.00800668568
v -0.0241351532 0.012731587 -0.00808275581
v -0.0244684197 0.0110134628 -0.007861216
f 4666 4668 4667
v -0.0201968462 0.00706371648 -0.0119011784
v -0.0210940634 0.0082097642 -0.0119138713
v -0.020932882 0.0061877392 -0.0119293974
f 4669 4671 4670
v -0.02026484 0.00793492072 -0.0122598547
v -0.0210940634 0.0082097642 -0.0119138713
v -0.0201968462 0.00706371648 -0.0119011784
f 4672 4674 4673
v -0.0221520517 0.00877889543 -0.0117187097
v -0.0230333375 0.00755732326 -0.011637323
v -0.020932882 0.0061877392 -0.0119293974
f 4675 4677 4676
v -0.0210940634 0.0082097642 -0.0119138713
v -0.0221520517 0.00877889543 -0.0117187097
v -0.020932882 0.0061877392 -0.0119293974
f 4678 4680 4679
v -0.0230333375 0.00755732326 -0.011637323
v -0.0223054114 0.00451095948 -0.0118943724
v -0.020932882 0.0061877392 -0.0119293974
f 4681 4683 4682
v -0.0274374528 0.00885317568 -0.00871006487
v -0.0279992906 0.00772536732 -0.00877089333
v -0.027308258 0.00849644712 -0.0106072199
f 4684 4686 4685
v -0.0274374528 0.00885317568 -0.00871006487
v -0.027308258 0.00849644712 -0.0106072199
v -0.0269019249 0.0100002566 -0.00957779775
f 4687 4689 4688
v -0.0221520517 0.00877889543 -0.0117187097
v -0.0229079247 0.0110704408 -0.0118462682
v -0.0244853436 0.00901609383 -0.0118518161
f 4690 4692 4691
v -0.0244033159 0.0136124203 -0.00550862278
v -0.0253585662 0.0114261697 -0.00681461024
v -0.0236575142 0.0128327796 -0.00730744068
f 4693 4695 4694
v -0.0257343956 0.0120873781 -0.00557130988
v -0.0253585662 0.0114261697 -0.00681461024
v -0.0244033159 0.0136124203 -0.00550862278
f 4696 4698 4697
v -0.0244033159 0.0136124203 -0.00550862278
v -0.0249857898 0.0123731937 -0.00416377588
v -0.0262992253 0.0110558693 -0.00504322852
f 4699 4701 4700
v -0.0269809738 0.0111574183 -0.00746598889
v -0.0262263959 0.0124951301 -0.00758843744
v -0.025945995 0.0102827908 -0.00730699467
f 4702 4704 4703
v -0.0262992253 0.0110558693 -0.00504322852
v -0.025945995 0.0102827908 -0.00730699467
v -0.0253585662 0.0114261697 -0.00681461024
f 4705 4707 4706
v -0.0257343956 0.0120873781 -0.00557130988
v -0.0262992253 0.0110558693 -0.00504322852
v -0.0253585662 0.0114261697 -0.00681461024
f 4708 4710 4709
v -0.0244856055 0.0135510039 -0.00301597374
v -0.02654501 0.0111200839 -0.00212064606
v -0.0249857898 0.0123731937 -0.00416377588
f 4711 4713 4712
v -0.0249857898 0.0123731937 -0.00416377588
v -0.02654501 0.0111200839 -0.00212064606
v -0.0262992253 0.0110558693 -0.00504322852
f 4714 4716 4715
v -0.02654501 0.0111200839 -0.00212064606
v -0.0283750705 0.00841643414 -0.00308179297
v -0.0262992253 0.0110558693 -0.00504322852
f 4717 4719 4718
v -0.0270043936 0.0114842333 -0.000832525075
v -0.0281854416 0.00997903553 -0.00123244236
v -0.02654501 0.0111200839 -0.00212064606
f 4720 4722 4721
v -0.0262992253 0.0110558693 -0.00504322852
v -0.0271117839 0.00955577125 -0.00677064163
v -0.025945995 0.0102827908 -0.00730699467
f 4723 4725 4724
v -0.0262992253 0.0110558693 -0.00504322852
v -0.0276754552 0.00870303847 -0.00676823693
v -0.0271117839 0.00955577125 -0.00677064163
f 4726 4728 4727
v -0.0279688742 0.00783749274 -0.00689579974
v -0.0296681421 0.00747094527 -0.00720632379
v -0.0276754552 0.00870303847 -0.00676823693
f 4729 4731 4730
v -0.0276754552 0.00870303847 -0.00676823693
v -0.0285432063 0.00835165629 -0.00522886876
v -0.0279688742 0.00783749274 -0.00689579974
f 4732 4734 4733
v -0.0283750705 0.00841643414 -0.00308179297
v -0.0307660812 0.00576129787 -0.00325998262
v -0.0285432063 0.00835165629 -0.00522886876
f 4735 4737 4736
v -0.0283750705 0.00841643414 -0.00308179297
v -0.0302197936 0.00795712622 -0.00188482863
v -0.0307660812 0.00576129787 -0.00325998262
f 4738 4740 4739
v -0.0227924451 0.0137500669 -0.0125118706
v -0.0242637951 0.0150411914 -0.0118013792
v -0.0246679789 0.0111305206 -0.0128014741
f 4741 4743 4742
v -0.0250322802 0.0157315939 -0.0117720985
v -0.0260509318 0.0126630199 -0.0120339151
v -0.0242637951 0.0150411914 -0.0118013792
f 4744 4746 4745
v -0.0267645781 0.0124500875 -0.0116176729
v -0.0266780116 0.0135854687 -0.0108365552
v -0.0260481873 0.0116953204 -0.0102606609
f 4747 4749 4748
v -0.0262803864 0.0148929132 -0.0115435563
v -0.0266780116 0.0135854687 -0.0108365552
v -0.0267645781 0.0124500875 -0.0116176729
f 4750 4752 4751
v -0.0249173056 0.0141875033 -0.00889527364
v -0.0255211489 0.0133576599 -0.00886777634
v -0.0254486746 0.0134303438 -0.00895892517
f 4753 4755 4754
v -0.0254486746 0.0134303438 -0.00895892517
v -0.0255211489 0.0133576599 -0.00886777634
v -0.0255109859 0.0133515336 -0.00886521302
f 4756 4758 4757
v -0.0255109859 0.0133515336 -0.00886521302
v -0.0255211489 0.0133576599 -0.00886777634
v -0.0249173056 0.0141875033 -0.00889527364
f 4759 4761 4760
v -0.0254486746 0.0134303438 -0.00895892517
v -0.0259023102 0.0125841136 -0.00904672124
v -0.0249173056 0.0141875033 -0.00889527364
f 4762 4764 4763
v -0.0259023102 0.0125841136 -0.00904672124
v -0.0261304638 0.0109716988 -0.00962788472
v -0.0260481873 0.0116953204 -0.0102606609
f 4765 4767 4766
v -0.0255807594 0.0133654496 -0.00840290159
v -0.0271565077 0.0114809314 -0.00808455152
v -0.0259023102 0.0125841136 -0.00904672124
f 4768 4770 4769
v -0.0255211489 0.0133576599 -0.00886777634
v -0.0255807594 0.0133654496 -0.00840290159
v -0.0259023102 0.0125841136 -0.00904672124
f 4771 4773 4772
v -0.0255807594 0.0133654496 -0.00840290159
v -0.0255109859 0.0133515336 -0.00886521302
v -0.0249173056 0.0141875033 -0.00889527364
f 4774 4776 4775
v -0.0260509318 0.0126630199 -0.0120339151
v -0.0270099554 0.0115649047 -0.0125724298
v -0.0262557878 0.00983046993 -0.0126494502
f 4777 4779 4778
v -0.0273192185 0.0115985204 -0.0120765348
v -0.0267645781 0.0124500875 -0.0116176729
v -0.0260481873 0.0116953204 -0.0102606609
f 4780 4782 4781
v -0.0274000806 0.0104669205 -0.0120666526
v -0.0273192185 0.0115985204 -0.0120765348
v -0.0260481873 0.0116953204 -0.0102606609
f 4783 4785 4784
v -0.0273532874 0.00928450172 -0.0124836544
v -0.0268011441 0.00841463625 -0.0128987915
v -0.0262557878 0.00983046993 -0.0126494502
f 4786 4788 4787
v -0.027308258 0.00849644712 -0.0106072199
v -0.0273532874 0.00928450172 -0.0124836544
v -0.0274000806 0.0104669205 -0.0120666526
f 4789 4791 4790
v -0.0262557878 0.00983046993 -0.0126494502
v -0.0274000806 0.0104669205 -0.0120666526
v -0.0273532874 0.00928450172 -0.0124836544
f 4792 4794 4793
v -0.0261304638 0.0109716988 -0.00962788472
v -0.0271565077 0.0114809314 -0.00808455152
v -0.0278010819 0.00991075067 -0.00831900688
f 4795 4797 4796
v -0.0261304638 0.0109716988 -0.00962788472
v -0.0278010819 0.00991075067 -0.00831900688
v -0.0269019249 0.0100002566 -0.00957779775
f 4798 4800 4799
v -0.0271565077 0.0114809314 -0.00808455152
v -0.0269809738 0.0111574183 -0.00746598889
v -0.0281265646 0.0101080543 -0.00748837701
f 4801 4803 4802
v -0.0281265646 0.0101080543 -0.00748837701
v -0.0278010819 0.00991075067 -0.00831900688
v -0.0271565077 0.0114809314 -0.00808455152
f 4804 4806 4805
v -0.0270043936 0.0114842333 -0.000832525075
v -0.02654501 0.0111200839 -0.00212064606
v -0.0244856055 0.0135510039 -0.00301597374
f 4807 4809 4808
v -0.0246679789 0.0111305206 -0.0128014741
v -0.0260509318 0.0126630199 -0.0120339151
v -0.0262557878 0.00983046993 -0.0126494502
f 4810 4812 4811
v -0.0249718927 0.0129443375 -0.00781550843
v -0.0262263959 0.0124951301 -0.00758843744
v -0.0255807594 0.0133654496 -0.00840290159
f 4813 4815 4814
v -0.0269019249 0.0100002566 -0.00957779775
v -0.0278010819 0.00991075067 -0.00831900688
v -0.0274374528 0.00885317568 -0.00871006487
f 4816 4818 4817
v -0.0271117839 0.00955577125 -0.00677064163
v -0.0281265646 0.0101080543 -0.00748837701
v -0.0269809738 0.0111574183 -0.00746598889
f 4819 4821 4820
v -0.0225050579 0.0155264512 -0.00568434843
v -0.022101932 0.0162124066 -0.0060703147
v -0.0198588401 0.0183311058 -0.00528762102
f 4822 4824 4823
v -0.0254278566 0.011068544 -0.00734021669
v -0.025178853 0.0109977431 -0.0072923569
v -0.0253585662 0.0114261697 -0.00681461024
f 4825 4827 4826
v -0.0278010819 0.00991075067 -0.00831900688
v -0.0288692536 0.00935423159 -0.00814034938
v -0.0279992906 0.00772536732 -0.00877089333
f 4828 4830 4829
v -0.0279992906 0.00772536732 -0.00877089333
v -0.0288692536 0.00935423159 -0.00814034938
v -0.0298358966 0.00747996237 -0.00779968032
f 4831 4833 4832
v -0.017975815 0.0184573422 -0.010542322
v -0.0178816219 0.0180980933 -0.01096735
v -0.0182980235 0.0189392726 -0.0117317468
f 4834 4836 4835
v -0.0193160173 0.0203469579 -0.0152650377
v -0.0191736457 0.0205940989 -0.0150219625
v -0.0192542502 0.0203684176 -0.0154234585
f 4837 4839 4838
v -0.0191736457 0.0205940989 -0.0150219625
v -0.019269246 0.0205066652 -0.0155508635
v -0.0192542502 0.0203684176 -0.0154234585
f 4840 4842 4841
v -0.0193160173 0.0203469579 -0.0152650377
v -0.0191792627 0.020206839 -0.0152320077
v -0.0191736457 0.0205940989 -0.0150219625
f 4843 4845 4844
v -0.0167986203 0.0179815062 -0.00942824336
v -0.0174661123 0.0181705094 -0.00968825843
v -0.0174600456 0.0179639843 -0.00968936147
f 4846 4848 4847
v -0.0213632346 0.0214212196 -0.0121795631
v -0.0198591981 0.0220731235 -0.0125614373
v -0.0208227095 0.020731629 -0.0114753195
f 4849 4851 4850
v -0.0128731161 0.00463837132 -0.0115224357
v -0.0154514011 0.00263166221 -0.0108213848
v -0.0130900517 0.00339521648 -0.0118089338
f 4852 4854 4853
v -0.0225141397 0.020435678 -0.0121618679
v -0.023706285 0.0195335044 -0.0121544625
v -0.0224302159 0.0177625407 -0.0127846812
f 4855 4857 4856
v -0.0281854416 0.00997903553 -0.00123244236
v -0.0270043936 0.0114842333 -0.000832525075
v -0.0270066754 0.0115725663 0.000389803654
f 4858 4860 4859
v -0.0286726776 0.00967750311 0.000406762592
v -0.0281854416 0.00997903553 -0.00123244236
v -0.0270066754 0.0115725663 0.000389803654
f 4861 4863 4862
v -0.0307140843 0.00802227005 0.000394565313
v -0.0293517718 0.008917995 -0.00153394449
v -0.0286726776 0.00967750311 0.000406762592
f 4864 4866 4865
v 0.000656459224 -0.0095506919 -0.00673852555
v -0.00040461714 -0.0111660775 -0.00664754916
v 0.00163393597 -0.00988881657 -0.00362238316
f 4867 4869 4868
v 0.00163393597 -0.00988881657 -0.00362238316
v -0.000176611275 -0.0111709203 -0.0015847836
v 0.00108204122 -0.0105276893 -0.00131201041
f 4870 4872 4871
v 0.000271534941 -0.0112043876 -0.00401054822
v -0.00131763854 -0.0112512156 -0.00166071986
v -0.000176611275 -0.0111709203 -0.0015847836
f 4873 4875 4874
v 0.000271534941 -0.0112043876 -0.00401054822
v -0.00168961251 -0.0119058575 -0.00347896312
v -0.00131763854 -0.0112512156 -0.00166071986
f 4876 4878 4877
v -0.00040461714 -0.0111660775 -0.00664754916
v 0.000271534941 -0.0112043876 -0.00401054822
v 0.00163393597 -0.00988881657 -0.00362238316
f 4879 4881 4880
v -0.00168961251 -0.0119058575 -0.00347896312
v -0.00356130513 -0.0126301093 -0.0020597603
v -0.00303020006 -0.0118397591 0.000424642576
f 4882 4884 4883
v 0.00168031966 -0.00739157695 -0.00658094068
v 0.0014252817 -0.00569721924 -0.00732730332
v -0.00111746467 -0.00968443637 -0.0091202266
f 4885 4887 4886
v -0.00120262457 -0.00608646515 -0.00996676026
v -0.00313347118 -0.00842762674 -0.0109700195
v -0.00111746467 -0.00968443637 -0.0091202266
f 4888 4890 4889
v -0.00120262457 -0.00608646515 -0.00996676026
v -0.00285417027 -0.00541633599 -0.0111126348
v -0.00313347118 -0.00842762674 -0.0109700195
f 4891 4893 4892
v -0.00313347118 -0.00842762674 -0.0109700195
v -0.00415108589 -0.00654845426 -0.0115536772
v -0.00686384592 -0.00818334229 -0.0122447556
f 4894 4896 4895
v -0.00686384592 -0.00818334229 -0.0122447556
v -0.00879540457 -0.0104829429 -0.0118394222
v -0.00653530806 -0.0120420067 -0.0105402418
f 4897 4899 4898
v -0.00443538811 -0.00918066071 -0.0112110109
v -0.00686384592 -0.00818334229 -0.0122447556
v -0.00653530806 -0.0120420067 -0.0105402418
f 4900 4902 4901
v -0.00415108589 -0.00654845426 -0.0115536772
v -0.00733159686 -0.00478030161 -0.0122479891
v -0.00686384592 -0.00818334229 -0.0122447556
f 4903 4905 4904
v -0.00733159686 -0.00478030161 -0.0122479891
v -0.00768143364 -0.00282062083 -0.0118216769
v -0.00970099791 -0.0057050529 -0.0124004728
f 4906 4908 4907
v -0.0105889834 -0.00333903954 -0.0119153687
v -0.00970099791 -0.0057050529 -0.0124004728
v -0.00946350847 -0.00303193101 -0.0117860691
f 4909 4911 4910
v -0.00686384592 -0.00818334229 -0.0122447556
v -0.00914362172 -0.00858062413 -0.0123196456
v -0.00879540457 -0.0104829429 -0.0118394222
f 4912 4914 4913
v -0.0111427107 -0.00607193579 -0.0125181978
v -0.0120468168 -0.00744191275 -0.0124251295
v -0.00914362172 -0.00858062413 -0.0123196456
f 4915 4917 4916
v -0.00970099791 -0.0057050529 -0.0124004728
v -0.0111427107 -0.00607193579 -0.0125181978
v -0.00914362172 -0.00858062413 -0.0123196456
f 4918 4920 4919
v -0.00914362172 -0.00858062413 -0.0123196456
v -0.0120468168 -0.00744191275 -0.0124251295
v -0.0132430374 -0.00777561072 -0.01240235
f 4921 4923 4922
v -0.00914362172 -0.00858062413 -0.0123196456
v -0.0132430374 -0.00777561072 -0.01240235
v -0.00879540457 -0.0104829429 -0.0118394222
f 4924 4926 4925
v -0.00111746467 -0.00968443637 -0.0091202266
v -0.0042394222 -0.010926574 -0.0104633429
v -0.00375762829 -0.0121387304 -0.00900442974
f 4927 4929 4928
v -0.00456712514 -0.0119792494 -0.000215445039
v -0.00356130513 -0.0126301093 -0.0020597603
v -0.00699508673 -0.0126078536 -0.000630607201
f 4930 4932 4931
v -0.00600383028 -0.0134198795 -0.00229888501
v -0.00783696451 -0.0137571173 -0.00219662415
v -0.00699508673 -0.0126078536 -0.000630607201
f 4933 4935 4934
v -0.00699508673 -0.0126078536 -0.000630607201
v -0.00783696451 -0.0137571173 -0.00219662415
v -0.00902450993 -0.0130558139 0.0004387015
f 4936 4938 4937
v -0.00653530806 -0.0120420067 -0.0105402418
v -0.00375762829 -0.0121387304 -0.00900442974
v -0.0042394222 -0.010926574 -0.0104633429
f 4939 4941 4940
v -0.00860275759 -0.0138855292 -0.00690182133
v -0.00816625907 -0.0133725334 -0.00477930262
v -0.00569333642 -0.0133075926 -0.00669928122
f 4942 4944 4943
v -0.0104905135 -0.0129679494 -0.00789088808
v -0.00860275759 -0.0138855292 -0.00690182133
v -0.00739308816 -0.0130626344 -0.00846834228
f 4945 4947 4946
v -0.00860275759 -0.0138855292 -0.00690182133
v -0.0109850283 -0.0142628851 -0.00586381648
v -0.00816625907 -0.0133725334 -0.00477930262
f 4948 4950 4949
v -0.00510027276 -0.0128706452 -0.00443280551
v -0.00569333642 -0.0133075926 -0.00669928122
v -0.00816625907 -0.0133725334 -0.00477930262
f 4951 4953 4952
v -0.00600383028 -0.0134198795 -0.00229888501
v -0.00816625907 -0.0133725334 -0.00477930262
v -0.00783696451 -0.0137571173 -0.00219662415
f 4954 4956 4955
v -0.0120796569 -0.0140718505 -0.00404150887
v -0.0105966465 -0.0140289179 -0.00225126787
v -0.00816625907 -0.0133725334 -0.00477930262
f 4957 4959 4958
v -0.00783696451 -0.0137571173 -0.00219662415
v -0.0105966465 -0.0140289179 -0.00225126787
v -0.00902450993 -0.0130558139 0.0004387015
f 4960 4962 4961
v -0.0087159613 -0.0120669582 -0.0107330939
v -0.00879540457 -0.0104829429 -0.0118394222
v -0.0113767812 -0.0122464684 -0.0104364008
f 4963 4965 4964
v -0.0113767812 -0.0122464684 -0.0104364008
v -0.0104905135 -0.0129679494 -0.00789088808
v -0.00739308816 -0.0130626344 -0.00846834228
f 4966 4968 4967
v -0.00879540457 -0.0104829429 -0.0118394222
v -0.0130028129 -0.0115803516 -0.0108677319
v -0.0113767812 -0.0122464684 -0.0104364008
f 4969 4971 4970
v -0.0087159613 -0.0120669582 -0.0107330939
v -0.0113767812 -0.0122464684 -0.0104364008
v -0.00739308816 -0.0130626344 -0.00846834228
f 4972 4974 4973
v -0.0116280818 -0.0130062195 -0.00758444512
v -0.0119484364 -0.0142373872 -0.00602236287
v -0.0104905135 -0.0129679494 -0.00789088808
f 4975 4977 4976
v -0.0130028129 -0.0115803516 -0.0108677319
v -0.0135782277 -0.0122900994 -0.00906921996
v -0.0116280818 -0.0130062195 -0.00758444512
f 4978 4980 4979
v -0.0155023692 -0.0137701456 -0.00549457582
v -0.0119484364 -0.0142373872 -0.00602236287
v -0.0116280818 -0.0130062195 -0.00758444512
f 4981 4983 4982
v -0.0130028129 -0.0115803516 -0.0108677319
v -0.0149293046 -0.0113683185 -0.0106675398
v -0.0135782277 -0.0122900994 -0.00906921996
f 4984 4986 4985
v -0.0162098906 -0.0114900628 -0.00911633397
v -0.0157712217 -0.0127736741 -0.0074133095
v -0.0135782277 -0.0122900994 -0.00906921996
f 4987 4989 4988
v -0.0113767812 -0.0122464684 -0.0104364008
v -0.0116280818 -0.0130062195 -0.00758444512
v -0.0104905135 -0.0129679494 -0.00789088808
f 4990 4992 4991
v -0.0130028129 -0.0115803516 -0.0108677319
v -0.0132430374 -0.00777561072 -0.01240235
v -0.0149293046 -0.0113683185 -0.0106675398
f 4993 4995 4994
v -0.00902450993 -0.0130558139 0.0004387015
v -0.0132798858 -0.0143310303 -0.00145722652
v -0.0131633729 -0.0141361088 0.0004370856
f 4996 4998 4997
v -0.0109850283 -0.0142628851 -0.00586381648
v -0.0120796569 -0.0140718505 -0.00404150887
v -0.00816625907 -0.0133725334 -0.00477930262
f 4999 5001 5000
v -0.0120796569 -0.0140718505 -0.00404150887
v -0.0132798858 -0.0143310303 -0.00145722652
v -0.0105966465 -0.0140289179 -0.00225126787
f 5002 5004 5003
v -0.0155023692 -0.0137701456 -0.00549457582
v -0.0140920209 -0.0147200684 -0.00494686465
v -0.0119484364 -0.0142373872 -0.00602236287
f 5005 5007 5006
v -0.0120796569 -0.0140718505 -0.00404150887
v -0.0119484364 -0.0142373872 -0.00602236287
v -0.0132798858 -0.0143310303 -0.00145722652
f 5008 5010 5009
v -0.0140920209 -0.0147200684 -0.00494686465
v -0.015096362 -0.0148734121 -0.00365732703
v -0.0119484364 -0.0142373872 -0.00602236287
f 5011 5013 5012
v -0.0119484364 -0.0142373872 -0.00602236287
v -0.015096362 -0.0148734121 -0.00365732703
v -0.0132798858 -0.0143310303 -0.00145722652
f 5014 5016 5015
v -0.0132798858 -0.0143310303 -0.00145722652
v -0.0162642405 -0.0146927865 0.000437084782
v -0.0131633729 -0.0141361088 0.0004370856
f 5017 5019 5018
v -0.0177851034 -0.0150008738 -0.000562289142
v -0.0132798858 -0.0143310303 -0.00145722652
v -0.0163729987 -0.0149999541 -0.00279944707
f 5020 5022 5021
v -0.0175954789 -0.0134788614 -0.00608845148
v -0.0155023692 -0.0137701456 -0.00549457582
v -0.0157712217 -0.0127736741 -0.0074133095
f 5023 5025 5024
v -0.0175954789 -0.0134788614 -0.00608845148
v -0.0188933744 -0.0139358453 -0.00506377692
v -0.0181659241 -0.0151371467 -0.0029780078
f 5026 5028 5027
v -0.0181659241 -0.0151371467 -0.0029780078
v -0.0163729987 -0.0149999541 -0.00279944707
v -0.0175954789 -0.0134788614 -0.00608845148
f 5029 5031 5030
v -0.0181659241 -0.0151371467 -0.0029780078
v -0.0181833355 -0.0150784777 -0.00141553392
v -0.0163729987 -0.0149999541 -0.00279944707
f 5032 5034 5033
v -0.00860275759 -0.0138855292 -0.00690182133
v -0.0104905135 -0.0129679494 -0.00789088808
v -0.0109850283 -0.0142628851 -0.00586381648
f 5035 5037 5036
v -0.00739308816 -0.0130626344 -0.00846834228
v -0.00569333642 -0.0133075926 -0.00669928122
v -0.00225837484 -0.0121358891 -0.00657167329
f 5038 5040 5039
v -0.00641127408 -0.0274561782 -0.0155836431
v -0.00549878241 -0.0275206781 -0.0161984673
v -0.00593993827 -0.0276557665 -0.0165622041
f 5041 5043 5042
v -0.00629369097 -0.0264544768 -0.0160695199
v -0.00657421479 -0.0264878967 -0.0151707296
v -0.00704940394 -0.025438625 -0.0149822445
f 5044 5046 5045
v -0.00593993827 -0.0276557665 -0.0165622041
v -0.00796280583 -0.0265735755 -0.0155052549
v -0.00641127408 -0.0274561782 -0.0155836431
f 5047 5049 5048
v -0.0109222216 -0.0185925994 -0.0159834977
v -0.00932658877 -0.0199866932 -0.0139322801
v -0.0111893271 -0.0182068557 -0.013656661
f 5050 5052 5051
v -0.00771905543 -0.0224049872 -0.0142833829
v -0.00752125634 -0.02233462 -0.0128189917
v -0.00932658877 -0.0199866932 -0.0139322801
f 5053 5055 5054
v -0.00771905543 -0.0224049872 -0.0142833829
v -0.00870521471 -0.0244299765 -0.0139721757
v -0.00772295898 -0.0224048636 -0.0134585891
f 5056 5058 5057
v -0.00871010488 -0.0227272772 -0.0125458289
v -0.00752125634 -0.02233462 -0.0128189917
v -0.00772295898 -0.0224048636 -0.0134585891
f 5059 5061 5060
v -0.00827457989 -0.0241277914 -0.014680202
v -0.00771905543 -0.0224049872 -0.0142833829
v -0.00887718343 -0.0224418167 -0.01561963
f 5062 5064 5063
v -0.00827457989 -0.0241277914 -0.014680202
v -0.00870521471 -0.0244299765 -0.0139721757
v -0.00771905543 -0.0224049872 -0.0142833829
f 5065 5067 5066
v -0.00887718343 -0.0224418167 -0.01561963
v -0.00771905543 -0.0224049872 -0.0142833829
v -0.00932658877 -0.0199866932 -0.0139322801
f 5068 5070 5069
v -0.0115924027 -0.0225445066 -0.0174822926
v -0.0110859364 -0.0223714815 -0.0167332939
v -0.0120076453 -0.0210804559 -0.0175500754
f 5071 5073 5072
v -0.00999523836 -0.0199727685 -0.0160298048
v -0.00932658877 -0.0199866932 -0.0139322801
v -0.0109222216 -0.0185925994 -0.0159834977
f 5074 5076 5075
v -0.00887718343 -0.0224418167 -0.01561963
v -0.00932658877 -0.0199866932 -0.0139322801
v -0.00999523836 -0.0199727685 -0.0160298048
f 5077 5079 5078
v -0.0109222216 -0.0185925994 -0.0159834977
v -0.0113819093 -0.0197625341 -0.0171329506
v -0.00999523836 -0.0199727685 -0.0160298048
f 5080 5082 5081
v -0.00887718343 -0.0224418167 -0.01561963
v -0.00999523836 -0.0199727685 -0.0160298048
v -0.00892596145 -0.023566524 -0.016237903
f 5083 5085 5084
v -0.00999523836 -0.0199727685 -0.0160298048
v -0.0113819093 -0.0197625341 -0.0171329506
v -0.0110859364 -0.0223714815 -0.0167332939
f 5086 5088 5087
v -0.0111893271 -0.0182068557 -0.013656661
v -0.0128563523 -0.0168122511 -0.0144496356
v -0.0121271667 -0.0176291651 -0.0163607736
f 5089 5091 5090
v -0.0132631991 -0.0168949162 -0.0160479016
v -0.0128563523 -0.0168122511 -0.0144496356
v -0.0146468767 -0.0157104907 -0.0141779194
f 5092 5094 5093
v -0.0132631991 -0.0168949162 -0.0160479016
v -0.0146468767 -0.0157104907 -0.0141779194
v -0.0153195157 -0.0151773143 -0.0157636998
f 5095 5097 5096
v -0.0160020471 -0.0159131421 -0.018017384
v -0.0153195157 -0.0151773143 -0.0157636998
v -0.0175116293 -0.0143404541 -0.0164772995
f 5098 5100 5099
v -0.0109222216 -0.0185925994 -0.0159834977
v -0.0121271667 -0.0176291651 -0.0163607736
v -0.0113819093 -0.0197625341 -0.0171329506
f 5101 5103 5102
v -0.0113819093 -0.0197625341 -0.0171329506
v -0.01434312 -0.0198428752 -0.0183050201
v -0.0120076453 -0.0210804559 -0.0175500754
f 5104 5106 5105
v -0.0121271667 -0.0176291651 -0.0163607736
v -0.0138502568 -0.0180445815 -0.0176621892
v -0.0113819093 -0.0197625341 -0.0171329506
f 5107 5109 5108
v -0.0132631991 -0.0168949162 -0.0160479016
v -0.0138502568 -0.0180445815 -0.0176621892
v -0.0121271667 -0.0176291651 -0.0163607736
f 5110 5112 5111
v -0.0101549093 -0.0250215118 -0.0178817834
v -0.0089721223 -0.0264652248 -0.0188453472
v -0.00945482825 -0.0254575687 -0.0176694943
f 5113 5115 5114
v -0.0089721223 -0.0264652248 -0.0188453472
v -0.00929835805 -0.0266858871 -0.0181024458
v -0.00945482825 -0.0254575687 -0.0176694943
f 5116 5118 5117
v -0.00945482825 -0.0254575687 -0.0176694943
v -0.00929835805 -0.0266858871 -0.0181024458
v -0.0106701285 -0.0249143312 -0.0162430195
f 5119 5121 5120
v -0.00930268143 -0.0266919 -0.0189333863
v -0.0101549093 -0.0250215118 -0.0178817834
v -0.0109178625 -0.0251913472 -0.0176723115
f 5122 5124 5123
v -0.00929835805 -0.0266858871 -0.0181024458
v -0.0103558668 -0.026251949 -0.0177042704
v -0.0106701285 -0.0249143312 -0.0162430195
f 5125 5127 5126
v -0.0101549093 -0.0250215118 -0.0178817834
v -0.00930268143 -0.0266919 -0.0189333863
v -0.0089721223 -0.0264652248 -0.0188453472
f 5128 5130 5129
v -0.00704940394 -0.025438625 -0.0149822445
v -0.00855665785 -0.0243671253 -0.0153590168
v -0.00780463524 -0.0256030762 -0.0158810726
f 5131 5133 5132
v -0.00780463524 -0.0256030762 -0.0158810726
v -0.00855665785 -0.0243671253 -0.0153590168
v -0.00938053709 -0.0247178425 -0.0152412191
f 5134 5136 5135
v -0.00796280583 -0.0265735755 -0.0155052549
v -0.00955894648 -0.0250638637 -0.0145559519
v -0.00845000832 -0.0257964974 -0.0145718048
f 5137 5139 5138
v -0.00796280583 -0.0265735755 -0.0155052549
v -0.00938053709 -0.0247178425 -0.0152412191
v -0.00955894648 -0.0250638637 -0.0145559519
f 5140 5142 5141
v -0.00855665785 -0.0243671253 -0.0153590168
v -0.00704940394 -0.025438625 -0.0149822445
v -0.00827457989 -0.0241277914 -0.014680202
f 5143 5145 5144
v -0.0109430031 -0.0243863091 -0.0151156564
v -0.00955894648 -0.0250638637 -0.0145559519
v -0.00938053709 -0.0247178425 -0.0152412191
f 5146 5148 5147
v -0.00915040218 -0.024060077 -0.015933509
v -0.0109430031 -0.0243863091 -0.0151156564
v -0.00938053709 -0.0247178425 -0.0152412191
f 5149 5151 5150
v -0.00870521471 -0.0244299765 -0.0139721757
v -0.0100428784 -0.0241857939 -0.0134755654
v -0.00871010488 -0.0227272772 -0.0125458289
f 5152 5154 5153
v -0.00955894648 -0.0250638637 -0.0145559519
v -0.0100428784 -0.0241857939 -0.0134755654
v -0.00870521471 -0.0244299765 -0.0139721757
f 5155 5157 5156
v -0.00955894648 -0.0250638637 -0.0145559519
v -0.0109430031 -0.0243863091 -0.0151156564
v -0.0100428784 -0.0241857939 -0.0134755654
f 5158 5160 5159
v -0.0103690756 -0.0244989555 -0.0166693382
v -0.0109430031 -0.0243863091 -0.0151156564
v -0.0104720166 -0.0237501823 -0.016381935
f 5161 5163 5162
v -0.0104720166 -0.0237501823 -0.016381935
v -0.0110859364 -0.0223714815 -0.0167332939
v -0.0117782918 -0.0234248204 -0.0167707825
f 5164 5166 5165
v -0.0109178625 -0.0251913472 -0.0176723115
v -0.0126194529 -0.0237909728 -0.0157304603
v -0.0113146503 -0.0252877478 -0.0167994731
f 5167 5169 5168
v -0.0126194529 -0.0237909728 -0.0157304603
v -0.0118204749 -0.0243924631 -0.0143224315
v -0.0109430031 -0.0243863091 -0.0151156564
f 5170 5172 5171
v -0.0118204749 -0.0243924631 -0.0143224315
v -0.0126194529 -0.0237909728 -0.0157304603
v -0.0132309549 -0.0236437438 -0.0140814431
f 5173 5175 5174
v -0.0109430031 -0.0243863091 -0.0151156564
v -0.0103690756 -0.0244989555 -0.0166693382
v -0.0106701285 -0.0249143312 -0.0162430195
f 5176 5178 5177
v -0.0109178625 -0.0251913472 -0.0176723115
v -0.0113146503 -0.0252877478 -0.0167994731
v -0.0103558668 -0.026251949 -0.0177042704
f 5179 5181 5180
v -0.00892596145 -0.023566524 -0.016237903
v -0.0104720166 -0.0237501823 -0.016381935
v -0.00915040218 -0.024060077 -0.015933509
f 5182 5184 5183
v -0.0104720166 -0.0237501823 -0.016381935
v -0.0109430031 -0.0243863091 -0.0151156564
v -0.00915040218 -0.024060077 -0.015933509
f 5185 5187 5186
v -0.0100428784 -0.0241857939 -0.0134755654
v -0.0109430031 -0.0243863091 -0.0151156564
v -0.0112592497 -0.0240018344 -0.0130381057
f 5188 5190 5189
v -0.0104720166 -0.0237501823 -0.016381935
v -0.0117782918 -0.0234248204 -0.0167707825
v -0.0101549093 -0.0250215118 -0.0178817834
f 5191 5193 5192
v -0.0120076453 -0.0210804559 -0.0175500754
v -0.0153700195 -0.0217537803 -0.0178963208
v -0.0132195986 -0.0225210053 -0.0169938343
f 5194 5196 5195
v -0.0154167865 -0.0228331424 -0.0155260874
v -0.0132309549 -0.0236437438 -0.0140814431
v -0.0145453392 -0.0227740369 -0.0167160237
f 5197 5199 5198
v -0.0156166192 -0.0222992167 -0.0174160814
v -0.0159383853 -0.0233894316 -0.0188849837
v -0.0165264893 -0.0221655035 -0.017599453
f 5200 5202 5201
v -0.0156166192 -0.0222992167 -0.0174160814
v -0.0153700195 -0.0217537803 -0.0178963208
v -0.0158667841 -0.0231125843 -0.0194095948
f 5203 5205 5204
v -0.0153700195 -0.0217537803 -0.0178963208
v -0.0145453392 -0.0227740369 -0.0167160237
v -0.0132195986 -0.0225210053 -0.0169938343
f 5206 5208 5207
v -0.0156297552 -0.0196830602 -0.0188572041
v -0.0169301304 -0.0213761057 -0.0178543065
v -0.0162229248 -0.0211844992 -0.0182007236
f 5209 5211 5210
v -0.01434312 -0.0198428752 -0.0183050201
v -0.0156297552 -0.0196830602 -0.0188572041
v -0.0162229248 -0.0211844992 -0.0182007236
f 5212 5214 5213
v -0.0163047182 -0.0223510462 -0.0188827282
v -0.016490728 -0.0220273447 -0.0183491473
v -0.0165204459 -0.0220094764 -0.0183566299
f 5215 5217 5216
v -0.0162229248 -0.0211844992 -0.0182007236
v -0.016490728 -0.0220273447 -0.0183491473
v -0.0163047182 -0.0223510462 -0.0188827282
f 5218 5220 5219
v -0.016490728 -0.0220273447 -0.0183491473
v -0.0164825353 -0.0226687102 -0.0187370402
v -0.0165204459 -0.0220094764 -0.0183566299
f 5221 5223 5222
v -0.0162229248 -0.0211844992 -0.0182007236
v -0.0169301304 -0.0213761057 -0.0178543065
v -0.0165204459 -0.0220094764 -0.0183566299
f 5224 5226 5225
v -0.0158667841 -0.0231125843 -0.0194095948
v -0.0164825353 -0.0226687102 -0.0187370402
v -0.0159383853 -0.0233894316 -0.0188849837
f 5227 5229 5228
v -0.0163047182 -0.0223510462 -0.0188827282
v -0.0164825353 -0.0226687102 -0.0187370402
v -0.0158667841 -0.0231125843 -0.0194095948
f 5230 5232 5231
v -0.0164825353 -0.0226687102 -0.0187370402
v -0.0165264893 -0.0221655035 -0.017599453
v -0.0159383853 -0.0233894316 -0.0188849837
f 5233 5235 5234
v -0.01434312 -0.0198428752 -0.0183050201
v -0.0162229248 -0.0211844992 -0.0182007236
v -0.0153700195 -0.0217537803 -0.0178963208
f 5236 5238 5237
v -0.00892596145 -0.023566524 -0.016237903
v -0.00915040218 -0.024060077 -0.015933509
v -0.00887718343 -0.0224418167 -0.01561963
f 5239 5241 5240
v -0.0188452002 -0.0164942991 -0.0185156503
v -0.0182050309 -0.0187014346 -0.0186152203
v -0.0156297552 -0.0196830602 -0.0188572041
f 5242 5244 5243
v -0.0145453392 -0.0227740369 -0.0167160237
v -0.0132309549 -0.0236437438 -0.0140814431
v -0.0126194529 -0.0237909728 -0.0157304603
f 5245 5247 5246
v -0.00871010488 -0.0227272772 -0.0125458289
v -0.0101478989 -0.0236580512 -0.0120225523
v -0.0112371163 -0.0219422684 -0.0114869828
f 5248 5250 5249
v -0.00871010488 -0.0227272772 -0.0125458289
v -0.0112371163 -0.0219422684 -0.0114869828
v -0.0103376129 -0.0203167016 -0.0116657124
f 5251 5253 5252
v -0.0112371163 -0.0219422684 -0.0114869828
v -0.0136567658 -0.0217921173 -0.01139788
v -0.0122380734 -0.0204982105 -0.011008259
f 5254 5256 5255
v -0.0115471652 -0.0191045692 -0.0118764481
v -0.014058454 -0.0182763149 -0.0108800661
v -0.0144871563 -0.0160696916 -0.0127433799
f 5257 5259 5258
v -0.0170364394 -0.0157844945 -0.0107550157
v -0.0166520695 -0.0150040272 -0.0122693426
v -0.014058454 -0.0182763149 -0.0108800661
f 5260 5262 5261
v -0.0144871563 -0.0160696916 -0.0127433799
v -0.014058454 -0.0182763149 -0.0108800661
v -0.0166520695 -0.0150040272 -0.0122693426
f 5263 5265 5264
v -0.0146468767 -0.0157104907 -0.0141779194
v -0.0166520695 -0.0150040272 -0.0122693426
v -0.0171134045 -0.0143063691 -0.0150996406
f 5266 5268 5267
v -0.0144871563 -0.0160696916 -0.0127433799
v -0.0166520695 -0.0150040272 -0.0122693426
v -0.0146468767 -0.0157104907 -0.0141779194
f 5269 5271 5270
v -0.0191470623 -0.016198853 -0.00979519173
v -0.0185286161 -0.0146537306 -0.010586252
v -0.0170364394 -0.0157844945 -0.0107550157
f 5272 5274 5273
v -0.014219158 -0.0207978708 -0.010583808
v -0.014058454 -0.0182763149 -0.0108800661
v -0.013079436 -0.0188111764 -0.0106982596
f 5275 5277 5276
v -0.014219158 -0.0207978708 -0.010583808
v -0.013079436 -0.0188111764 -0.0106982596
v -0.0122380734 -0.0204982105 -0.011008259
f 5278 5280 5279
v -0.0136567658 -0.0217921173 -0.01139788
v -0.014219158 -0.0207978708 -0.010583808
v -0.0122380734 -0.0204982105 -0.011008259
f 5281 5283 5282
v -0.014219158 -0.0207978708 -0.010583808
v -0.0168041879 -0.0205587959 -0.0110908113
v -0.0164899509 -0.0182239208 -0.0102568396
f 5284 5286 5285
v -0.014219158 -0.0207978708 -0.010583808
v -0.0164899509 -0.0182239208 -0.0102568396
v -0.014058454 -0.0182763149 -0.0108800661
f 5287 5289 5288
v -0.0164899509 -0.0182239208 -0.0102568396
v -0.0191470623 -0.016198853 -0.00979519173
v -0.0170364394 -0.0157844945 -0.0107550157
f 5290 5292 5291
v -0.0181722164 -0.0181479612 -0.0101375088
v -0.0191470623 -0.016198853 -0.00979519173
v -0.0164899509 -0.0182239208 -0.0102568396
f 5293 5295 5294
v -0.0181722164 -0.0181479612 -0.0101375088
v -0.0207349658 -0.0162430224 -0.00992595087
v -0.0191470623 -0.016198853 -0.00979519173
f 5296 5298 5297
v -0.018146119 -0.0210172933 -0.0124549959
v -0.0181722164 -0.0181479612 -0.0101375088
v -0.0168041879 -0.0205587959 -0.0110908113
f 5299 5301 5300
v -0.014058454 -0.0182763149 -0.0108800661
v -0.0164899509 -0.0182239208 -0.0102568396
v -0.0170364394 -0.0157844945 -0.0107550157
f 5302 5304 5303
v -0.0181659241 -0.0151371467 -0.0029780078
v -0.0188933744 -0.0139358453 -0.00506377692
v -0.0188081889 -0.0155921938 -0.00495905842
f 5305 5307 5306
v -0.0188081889 -0.0155921938 -0.00495905842
v -0.0203132018 -0.0163154677 -0.00495068125
v -0.0188769394 -0.0166133061 -0.00263313414
f 5308 5310 5309
v -0.0181659241 -0.0151371467 -0.0029780078
v -0.0188081889 -0.0155921938 -0.00495905842
v -0.0188769394 -0.0166133061 -0.00263313414
f 5311 5313 5312
v -0.0118204749 -0.0243924631 -0.0143224315
v -0.0132309549 -0.0236437438 -0.0140814431
v -0.0112592497 -0.0240018344 -0.0130381057
f 5314 5316 5315
v -0.0168041879 -0.0205587959 -0.0110908113
v -0.0157780276 -0.0221567316 -0.0121507757
v -0.018146119 -0.0210172933 -0.0124549959
f 5317 5319 5318
v -0.0157780276 -0.0221567316 -0.0121507757
v -0.0168041879 -0.0205587959 -0.0110908113
v -0.0136567658 -0.0217921173 -0.01139788
f 5320 5322 5321
v -0.0154167865 -0.0228331424 -0.0155260874
v -0.0171910317 -0.0221254508 -0.0136939896
v -0.0157780276 -0.0221567316 -0.0121507757
f 5323 5325 5324
v -0.0154167865 -0.0228331424 -0.0155260874
v -0.0157780276 -0.0221567316 -0.0121507757
v -0.0132309549 -0.0236437438 -0.0140814431
f 5326 5328 5327
v -0.0173993001 -0.0218750327 -0.0162893266
v -0.0171910317 -0.0221254508 -0.0136939896
v -0.0154167865 -0.0228331424 -0.0155260874
f 5329 5331 5330
v -0.0195707005 -0.0205651275 -0.0141841476
v -0.018146119 -0.0210172933 -0.0124549959
v -0.0171910317 -0.0221254508 -0.0136939896
f 5332 5334 5333
v -0.0195351749 -0.020319609 -0.0167998427
v -0.0195707005 -0.0205651275 -0.0141841476
v -0.0173993001 -0.0218750327 -0.0162893266
f 5335 5337 5336
v -0.0100428784 -0.0241857939 -0.0134755654
v -0.0101478989 -0.0236580512 -0.0120225523
v -0.00871010488 -0.0227272772 -0.0125458289
f 5338 5340 5339
v -0.0192924126 -0.0186711375 -0.0110150926
v -0.0181722164 -0.0181479612 -0.0101375088
v -0.018146119 -0.0210172933 -0.0124549959
f 5341 5343 5342
v -0.018146119 -0.0210172933 -0.0124549959
v -0.021646508 -0.0176130707 -0.0118026896
v -0.0192924126 -0.0186711375 -0.0110150926
f 5344 5346 5345
v -0.00704940394 -0.025438625 -0.0149822445
v -0.00780463524 -0.0256030762 -0.0158810726
v -0.00629369097 -0.0264544768 -0.0160695199
f 5347 5349 5348
v -0.00919017475 -0.0208448517 -0.0125960563
v -0.0103376129 -0.0203167016 -0.0116657124
v -0.00932658877 -0.0199866932 -0.0139322801
f 5350 5352 5351
v -0.0128563523 -0.0168122511 -0.0144496356
v -0.0144871563 -0.0160696916 -0.0127433799
v -0.0146468767 -0.0157104907 -0.0141779194
f 5353 5355 5354
v -0.0177851034 -0.0150008738 -0.000562289142
v -0.0181212366 -0.0148016858 0.000463384322
v -0.0162642405 -0.0146927865 0.000437084782
f 5356 5358 5357
v -0.0181166528 -0.0162441182 -0.0015186587
v -0.0183119511 -0.0161328091 0.00043712389
v -0.0177851034 -0.0150008738 -0.000562289142
f 5359 5361 5360
v -0.0177851034 -0.0150008738 -0.000562289142
v -0.0183119511 -0.0161328091 0.00043712389
v -0.0181212366 -0.0148016858 0.000463384322
f 5362 5364 5363
v -0.0122997546 -0.00296990402 -0.0117814343
v -0.0105889834 -0.00333903954 -0.0119153687
v -0.00860507207 -0.00163003715 -0.0125336781
f 5365 5367 5366
v -0.00926449793 0.000594066159 -0.0113532013
v -0.0122971614 -0.00186256875 -0.0127681677
v -0.010593608 -0.00114740633 -0.0126949657
f 5368 5370 5369
v -0.0122971614 -0.00186256875 -0.0127681677
v -0.0122997546 -0.00296990402 -0.0117814343
v -0.010593608 -0.00114740633 -0.0126949657
f 5371 5373 5372
v -0.0122971614 -0.00186256875 -0.0127681677
v -0.0141370925 -0.00224127834 -0.0126162166
v -0.0122997546 -0.00296990402 -0.0117814343
f 5374 5376 5375
v -0.0129756852 -0.000363012373 -0.0123487931
v -0.0166845814 -0.0018652343 -0.0131511973
v -0.0141370925 -0.00224127834 -0.0126162166
f 5377 5379 5378
v -0.0163826393 -0.000468390908 -0.0126107887
v -0.0166845814 -0.0018652343 -0.0131511973
v -0.0141994926 0.00208468955 -0.0125321181
f 5380 5382 5381
v -0.0166845814 -0.0018652343 -0.0131511973
v -0.0176037138 -0.00295193586 -0.0128656393
v -0.015144494 -0.00253062954 -0.0128970074
f 5383 5385 5384
v -0.0122997546 -0.00296990402 -0.0117814343
v -0.0120846002 -0.0045257304 -0.0118924334
v -0.0105889834 -0.00333903954 -0.0119153687
f 5386 5388 5387
v -0.0154514011 0.00263166221 -0.0108213848
v -0.0160737807 0.00146393004 -0.0109176079
v -0.0141994926 0.00208468955 -0.0125321181
f 5389 5391 5390
v -0.0160737807 0.00146393004 -0.0109176079
v -0.0163826393 -0.000468390908 -0.0126107887
v -0.0141994926 0.00208468955 -0.0125321181
f 5392 5394 5393
v -0.0120846002 -0.0045257304 -0.0118924334
v -0.0122997546 -0.00296990402 -0.0117814343
v -0.0146152714 -0.00321836997 -0.0121292083
f 5395 5397 5396
v -0.0146152714 -0.00321836997 -0.0121292083
v -0.0159765172 -0.00351354829 -0.012092723
v -0.0148689782 -0.00599769446 -0.0122507539
f 5398 5400 5399
v -0.0159765172 -0.00351354829 -0.012092723
v -0.0176037138 -0.00295193586 -0.0128656393
v -0.0178886883 -0.00434563553 -0.0120019817
f 5401 5403 5402
v -0.015144494 -0.00253062954 -0.0128970074
v -0.0176037138 -0.00295193586 -0.0128656393
v -0.0159765172 -0.00351354829 -0.012092723
f 5404 5406 5405
v -0.0177005189 0.00253153503 -0.0105005121
v -0.0183647353 0.00392189359 -0.0119486627
v -0.0197587782 0.00389444322 -0.0115139432
f 5407 5409 5408
v -0.0197587782 0.00389444322 -0.0115139432
v -0.0223054114 0.00451095948 -0.0118943724
v -0.0221349401 0.00211507286 -0.0112473899
f 5410 5412 5411
v -0.0197587782 0.00389444322 -0.0115139432
v -0.0221349401 0.00211507286 -0.0112473899
v -0.0194875756 0.0021462276 -0.0104328756
f 5413 5415 5414
v -0.0189533588 -0.0018478313 -0.0121625926
v -0.0163826393 -0.000468390908 -0.0126107887
v -0.0173205815 -5.33953482e-05 -0.0115525123
f 5416 5418 5417
v -0.0163826393 -0.000468390908 -0.0126107887
v -0.0189533588 -0.0018478313 -0.0121625926
v -0.0166845814 -0.0018652343 -0.0131511973
f 5419 5421 5420
v -0.0189533588 -0.0018478313 -0.0121625926
v -0.0197023255 -0.00398740776 -0.0121154211
v -0.0176037138 -0.00295193586 -0.0128656393
f 5422 5424 5423
v -0.0215670007 -0.000553053405 -0.0114974653
v -0.0213541454 -0.00319876053 -0.0124641636
v -0.0200253227 0.000302256944 -0.0113045775
f 5425 5427 5426
v -0.0200253227 0.000302256944 -0.0113045775
v -0.0213541454 -0.00319876053 -0.0124641636
v -0.0199704737 -0.00150075748 -0.0123424979
f 5428 5430 5429
v -0.0194875756 0.0021462276 -0.0104328756
v -0.0221349401 0.00211507286 -0.0112473899
v -0.0215670007 -0.000553053405 -0.0114974653
f 5431 5433 5432
v -0.0221349401 0.00211507286 -0.0112473899
v -0.0235229119 0.000920464481 -0.0123196747
v -0.0215670007 -0.000553053405 -0.0114974653
f 5434 5436 5435
v -0.0238663575 -0.00062078343 -0.0121699777
v -0.0213541454 -0.00319876053 -0.0124641636
v -0.0215670007 -0.000553053405 -0.0114974653
f 5437 5439 5438
v -0.0132430374 -0.00777561072 -0.01240235
v -0.0148689782 -0.00599769446 -0.0122507539
v -0.0153880101 -0.00809701305 -0.0120389559
f 5440 5442 5441
v -0.0153880101 -0.00809701305 -0.0120389559
v -0.0167366336 -0.0107180218 -0.0107453016
v -0.0149293046 -0.0113683185 -0.0106675398
f 5443 5445 5444
v -0.0178886883 -0.00434563553 -0.0120019817
v -0.0184159391 -0.00633114541 -0.0120185796
v -0.0153880101 -0.00809701305 -0.0120389559
f 5446 5448 5447
v -0.0178923845 -0.00869537835 -0.0114996954
v -0.0182790056 -0.0104663734 -0.0106771608
v -0.0167366336 -0.0107180218 -0.0107453016
f 5449 5451 5450
v -0.0149293046 -0.0113683185 -0.0106675398
v -0.0167366336 -0.0107180218 -0.0107453016
v -0.0162098906 -0.0114900628 -0.00911633397
f 5452 5454 5453
v -0.0194938533 -0.00989906403 -0.010497836
v -0.0184908393 -0.0109214488 -0.00885661793
v -0.0182790056 -0.0104663734 -0.0106771608
f 5455 5457 5456
v -0.0184908393 -0.0109214488 -0.00885661793
v -0.0196233974 -0.0112793772 -0.00833847298
v -0.0195641129 -0.0123302438 -0.0070915863
f 5458 5460 5459
v -0.0198289956 -0.0118317701 -0.00942997431
v -0.0195641129 -0.0123302438 -0.0070915863
v -0.0196233974 -0.0112793772 -0.00833847298
f 5461 5463 5462
v -0.0194938533 -0.00989906403 -0.010497836
v -0.0201881834 -0.0104690102 -0.00883265529
v -0.0184908393 -0.0109214488 -0.00885661793
f 5464 5466 5465
v -0.0198517475 -0.0076632401 -0.011491734
v -0.0194938533 -0.00989906403 -0.010497836
v -0.0178923845 -0.00869537835 -0.0114996954
f 5467 5469 5468
v -0.0194938533 -0.00989906403 -0.010497836
v -0.0211143983 -0.00863588502 -0.0112577574
v -0.0204168013 -0.0102962724 -0.0102165446
f 5470 5472 5471
v -0.0204168013 -0.0102962724 -0.0102165446
v -0.0198289956 -0.0118317701 -0.00942997431
v -0.0201881834 -0.0104690102 -0.00883265529
f 5473 5475 5474
v -0.0211143983 -0.00863588502 -0.0112577574
v -0.0234528779 -0.00974587747 -0.0119481658
v -0.0213386607 -0.0116569026 -0.0109803907
f 5476 5478 5477
v -0.0153880101 -0.00809701305 -0.0120389559
v -0.0184159391 -0.00633114541 -0.0120185796
v -0.0178923845 -0.00869537835 -0.0114996954
f 5479 5481 5480
v -0.0178923845 -0.00869537835 -0.0114996954
v -0.0194938533 -0.00989906403 -0.010497836
v -0.0182790056 -0.0104663734 -0.0106771608
f 5482 5484 5483
v -0.0198289956 -0.0118317701 -0.00942997431
v -0.0196233974 -0.0112793772 -0.00833847298
v -0.0201881834 -0.0104690102 -0.00883265529
f 5485 5487 5486
v -0.0195641129 -0.0123302438 -0.0070915863
v -0.0175954789 -0.0134788614 -0.00608845148
v -0.0157712217 -0.0127736741 -0.0074133095
f 5488 5490 5489
v -0.0175954789 -0.0134788614 -0.00608845148
v -0.0195641129 -0.0123302438 -0.0070915863
v -0.0192012129 -0.0135271883 -0.00621015497
f 5491 5493 5492
v -0.0178886883 -0.00434563553 -0.0120019817
v -0.0197023255 -0.00398740776 -0.0121154211
v -0.0201305927 -0.00518728884 -0.0117501404
f 5494 5496 5495
v -0.0197023255 -0.00398740776 -0.0121154211
v -0.0213541454 -0.00319876053 -0.0124641636
v -0.0201305927 -0.00518728884 -0.0117501404
f 5497 5499 5498
v -0.0213541454 -0.00319876053 -0.0124641636
v -0.0219999434 -0.00530284087 -0.0121423371
v -0.0201305927 -0.00518728884 -0.0117501404
f 5500 5502 5501
v -0.0241022994 -0.00487022735 -0.0131897075
v -0.0256309402 -0.00113832193 -0.0135580281
v -0.0262880785 -0.00310119467 -0.0130558416
f 5503 5505 5504
v -0.0256309402 -0.00113832193 -0.0135580281
v -0.023014567 -0.00488784863 -0.0126643456
v -0.0242329101 -0.00187081387 -0.0125311082
f 5506 5508 5507
v -0.023014567 -0.00488784863 -0.0126643456
v -0.0256309402 -0.00113832193 -0.0135580281
v -0.0241022994 -0.00487022735 -0.0131897075
f 5509 5511 5510
v -0.0219999434 -0.00530284087 -0.0121423371
v -0.023014567 -0.00488784863 -0.0126643456
v -0.0227192635 -0.00701631288 -0.0123638223
f 5512 5514 5513
v -0.0241022994 -0.00487022735 -0.0131897075
v -0.0251109683 -0.0045343455 -0.0129565538
v -0.0247022515 -0.00622665975 -0.0128696702
f 5515 5517 5516
v -0.0269064243 -0.00393403388 -0.0136297982
v -0.0252355298 -0.00492878244 -0.0129461696
v -0.0252375903 -0.00492951222 -0.0129397638
f 5518 5520 5519
v -0.0252355298 -0.00492878244 -0.0129461696
v -0.0251109683 -0.0045343455 -0.0129565538
v -0.0252375903 -0.00492951222 -0.0129397638
f 5521 5523 5522
v -0.0252642727 -0.00531096266 -0.0129948428
v -0.0269064243 -0.00393403388 -0.0136297982
v -0.0267464173 -0.00499636335 -0.0142755045
f 5524 5526 5525
v -0.0247022515 -0.00622665975 -0.0128696702
v -0.0267464173 -0.00499636335 -0.0142755045
v -0.0244804833 -0.00767897363 -0.0126615458
f 5527 5529 5528
v -0.0251109683 -0.0045343455 -0.0129565538
v -0.0252355298 -0.00492878244 -0.0129461696
v -0.0247022515 -0.00622665975 -0.0128696702
f 5530 5532 5531
v -0.0247022515 -0.00622665975 -0.0128696702
v -0.0252355298 -0.00492878244 -0.0129461696
v -0.0252375903 -0.00492951222 -0.0129397638
f 5533 5535 5534
v -0.0247022515 -0.00622665975 -0.0128696702
v -0.0252375903 -0.00492951222 -0.0129397638
v -0.0252642727 -0.00531096266 -0.0129948428
f 5536 5538 5537
v -0.0219999434 -0.00530284087 -0.0121423371
v -0.0242329101 -0.00187081387 -0.0125311082
v -0.023014567 -0.00488784863 -0.0126643456
f 5539 5541 5540
v -0.023014567 -0.00488784863 -0.0126643456
v -0.0241022994 -0.00487022735 -0.0131897075
v -0.0227192635 -0.00701631288 -0.0123638223
f 5542 5544 5543
v -0.0199704737 -0.00150075748 -0.0123424979
v -0.0213541454 -0.00319876053 -0.0124641636
v -0.0197023255 -0.00398740776 -0.0121154211
f 5545 5547 5546
v -0.0238663575 -0.00062078343 -0.0121699777
v -0.0219999434 -0.00530284087 -0.0121423371
v -0.0213541454 -0.00319876053 -0.0124641636
f 5548 5550 5549
v -0.0230333375 0.00755732326 -0.011637323
v -0.0242856462 0.0073477524 -0.0121530364
v -0.0223054114 0.00451095948 -0.0118943724
f 5551 5553 5552
v -0.0258025393 0.00614137971 -0.0132642628
v -0.0254662562 0.00346781017 -0.0136925024
v -0.0241013942 0.00413753623 -0.0127775769
f 5554 5556 5555
v -0.0271032244 0.0074899559 -0.0126503175
v -0.0258025393 0.00614137971 -0.0132642628
v -0.0268011441 0.00841463625 -0.0128987915
f 5557 5559 5558
v -0.0268687785 0.0066116474 -0.0109326334
v -0.0271032244 0.0074899559 -0.0126503175
v -0.027308258 0.00849644712 -0.0106072199
f 5560 5562 5561
v -0.0258025393 0.00614137971 -0.0132642628
v -0.0271032244 0.0074899559 -0.0126503175
v -0.0266512943 0.00539006869 -0.0128018146
f 5563 5565 5564
v -0.0268687785 0.0066116474 -0.0109326334
v -0.0278083287 0.00443635472 -0.010316947
v -0.0266512943 0.00539006869 -0.0128018146
f 5566 5568 5567
v -0.0284130307 0.00568089999 -0.00859522479
v -0.0278083287 0.00443635472 -0.010316947
v -0.0268687785 0.0066116474 -0.0109326334
f 5569 5571 5570
v -0.0284130307 0.00568089999 -0.00859522479
v -0.0290749711 0.00256308176 -0.0101187376
v -0.0278083287 0.00443635472 -0.010316947
f 5572 5574 5573
v -0.0241013942 0.00413753623 -0.0127775769
v -0.0235229119 0.000920464481 -0.0123196747
v -0.0221349401 0.00211507286 -0.0112473899
f 5575 5577 5576
v -0.0249973207 0.00194510867 -0.0136070215
v -0.0261866022 0.00121595876 -0.0137519644
v -0.0256309402 -0.00113832193 -0.0135580281
f 5578 5580 5579
v -0.0271723926 0.00434671529 -0.0115237934
v -0.02723285 0.000861131412 -0.0127748062
v -0.026347948 0.00333791868 -0.0131616951
f 5581 5583 5582
v -0.0278083287 0.00443635472 -0.010316947
v -0.0284656213 0.00143010748 -0.0118479118
v -0.0271723926 0.00434671529 -0.0115237934
f 5584 5586 5585
v -0.0290749711 0.00256308176 -0.0101187376
v -0.0284656213 0.00143010748 -0.0118479118
v -0.0278083287 0.00443635472 -0.010316947
f 5587 5589 5588
v -0.0292840647 0.00156985097 -0.0100403238
v -0.0284656213 0.00143010748 -0.0118479118
v -0.0290749711 0.00256308176 -0.0101187376
f 5590 5592 5591
v -0.0307698851 0.00193155283 -0.00857739142
v -0.0292840647 0.00156985097 -0.0100403238
v -0.0290749711 0.00256308176 -0.0101187376
f 5593 5595 5594
v -0.0271723926 0.00434671529 -0.0115237934
v -0.0284656213 0.00143010748 -0.0118479118
v -0.02723285 0.000861131412 -0.0127748062
f 5596 5598 5597
v -0.0266512943 0.00539006869 -0.0128018146
v -0.026347948 0.00333791868 -0.0131616951
v -0.0254662562 0.00346781017 -0.0136925024
f 5599 5601 5600
v -0.029442893 0.00591842945 -0.00662000311
v -0.0296681421 0.00747094527 -0.00720632379
v -0.0279688742 0.00783749274 -0.00689579974
f 5602 5604 5603
v -0.0285432063 0.00835165629 -0.00522886876
v -0.0307660812 0.00576129787 -0.00325998262
v -0.0299952721 0.00617218757 -0.00512488332
f 5605 5607 5606
v -0.0299952721 0.00617218757 -0.00512488332
v -0.0331771327 0.00228976351 -0.00260066863
v -0.0303821522 0.00504014097 -0.00647537308
f 5608 5610 5609
v -0.0331771327 0.00228976351 -0.00260066863
v -0.0299952721 0.00617218757 -0.00512488332
v -0.0307660812 0.00576129787 -0.00325998262
f 5611 5613 5612
v -0.0292840647 0.00156985097 -0.0100403238
v -0.0307698851 0.00193155283 -0.00857739142
v -0.0296890648 0.000317208764 -0.0103566003
f 5614 5616 5615
v -0.0284130307 0.00568089999 -0.00859522479
v -0.0298358966 0.00747996237 -0.00779968032
v -0.0307348877 0.00663188548 -0.00785994343
f 5617 5619 5618
v -0.0319455459 0.0045247074 -0.00712384717
v -0.0308547314 0.00637915437 -0.00696085117
v -0.0303821522 0.00504014097 -0.00647537308
f 5620 5622 5621
v -0.0307348877 0.00663188548 -0.00785994343
v -0.0308547314 0.00637915437 -0.00696085117
v -0.0315734796 0.00460344272 -0.00786075616
f 5623 5625 5624
v -0.0319323037 0.00361201892 -0.0060655384
v -0.0319455459 0.0045247074 -0.00712384717
v -0.0303821522 0.00504014097 -0.00647537308
f 5626 5628 5627
v -0.0319455459 0.0045247074 -0.00712384717
v -0.0319323037 0.00361201892 -0.0060655384
v -0.03306609 0.00319008868 -0.00670632144
f 5629 5631 5630
v -0.0319323037 0.00361201892 -0.0060655384
v -0.0332327385 0.0023767805 -0.00621447689
v -0.03306609 0.00319008868 -0.00670632144
f 5632 5634 5633
v -0.0333836622 0.00175612931 -0.00418452801
v -0.0332327385 0.0023767805 -0.00621447689
v -0.0319323037 0.00361201892 -0.0060655384
f 5635 5637 5636
v -0.03306609 0.00319008868 -0.00670632144
v -0.0332327385 0.0023767805 -0.00621447689
v -0.0328749768 0.00245444189 -0.0070781869
f 5638 5640 5639
v -0.02723285 0.000861131412 -0.0127748062
v -0.0290166237 -0.00231312697 -0.0129570864
v -0.0262880785 -0.00310119467 -0.0130558416
f 5641 5643 5642
v -0.02723285 0.000861131412 -0.0127748062
v -0.0262880785 -0.00310119467 -0.0130558416
v -0.0256309402 -0.00113832193 -0.0135580281
f 5644 5646 5645
v -0.0293576362 -0.000211650263 -0.0118504802
v -0.0290166237 -0.00231312697 -0.0129570864
v -0.0284656213 0.00143010748 -0.0118479118
f 5647 5649 5648
v -0.0303870096 -0.00271688896 -0.0111625748
v -0.0293576362 -0.000211650263 -0.0118504802
v -0.0296890648 0.000317208764 -0.0103566003
f 5650 5652 5651
v -0.0303870096 -0.00271688896 -0.0111625748
v -0.0290166237 -0.00231312697 -0.0129570864
v -0.0293576362 -0.000211650263 -0.0118504802
f 5653 5655 5654
v -0.0290166237 -0.00231312697 -0.0129570864
v -0.0269064243 -0.00393403388 -0.0136297982
v -0.0262880785 -0.00310119467 -0.0130558416
f 5656 5658 5657
v -0.0290166237 -0.00231312697 -0.0129570864
v -0.0290401513 -0.00409406166 -0.0137072318
v -0.0269064243 -0.00393403388 -0.0136297982
f 5659 5661 5660
v -0.0267464173 -0.00499636335 -0.0142755045
v -0.0269064243 -0.00393403388 -0.0136297982
v -0.0287442323 -0.0056104127 -0.0142411445
f 5662 5664 5663
v -0.031235948 -0.00425830112 -0.0121794794
v -0.0287442323 -0.0056104127 -0.0142411445
v -0.0290401513 -0.00409406166 -0.0137072318
f 5665 5667 5666
v -0.0303870096 -0.00271688896 -0.0111625748
v -0.0322661363 -0.00289473737 -0.00892591415
v -0.031235948 -0.00425830112 -0.0121794794
f 5668 5670 5669
v -0.0327966409 -0.00466317542 -0.0100373181
v -0.0329887844 -0.00580821725 -0.0124835613
v -0.031235948 -0.00425830112 -0.0121794794
f 5671 5673 5672
v -0.0284656213 0.00143010748 -0.0118479118
v -0.0290166237 -0.00231312697 -0.0129570864
v -0.02723285 0.000861131412 -0.0127748062
f 5674 5676 5675
v -0.0329735485 0.00117615846 -0.00690270244
v -0.0332103722 -0.000226376415 -0.00762608761
v -0.0307698851 0.00193155283 -0.00857739142
f 5677 5679 5678
v -0.0303870096 -0.00271688896 -0.0111625748
v -0.0316180958 -0.000815149997 -0.0090565627
v -0.0322661363 -0.00289473737 -0.00892591415
f 5680 5682 5681
v -0.0322661363 -0.00289473737 -0.00892591415
v -0.0327966409 -0.00466317542 -0.0100373181
v -0.031235948 -0.00425830112 -0.0121794794
f 5683 5685 5684
v -0.0349083333 -0.00273704318 -0.00678121796
v -0.0327966409 -0.00466317542 -0.0100373181
v -0.0322661363 -0.00289473737 -0.00892591415
f 5686 5688 5687
v -0.0332103722 -0.000226376415 -0.00762608761
v -0.0349083333 -0.00273704318 -0.00678121796
v -0.0322661363 -0.00289473737 -0.00892591415
f 5689 5691 5690
v -0.0332327385 0.0023767805 -0.00621447689
v -0.0338439771 0.00165064357 -0.00557752537
v -0.0336414378 0.00186466023 -0.00601979445
f 5692 5694 5693
v -0.0328749768 0.00245444189 -0.0070781869
v -0.0332327385 0.0023767805 -0.00621447689
v -0.0336491328 0.00186929228 -0.00602173641
f 5695 5697 5696
v -0.0336414378 0.00186466023 -0.00601979445
v -0.0328749768 0.00245444189 -0.0070781869
v -0.0336491328 0.00186929228 -0.00602173641
f 5698 5700 5699
v -0.0336414378 0.00186466023 -0.00601979445
v -0.0336491328 0.00186929228 -0.00602173641
v -0.0332327385 0.0023767805 -0.00621447689
f 5701 5703 5702
v -0.0336414378 0.00186466023 -0.00601979445
v -0.0353289855 -0.000299894168 -0.00461051313
v -0.0328749768 0.00245444189 -0.0070781869
f 5704 5706 5705
v -0.0329735485 0.00117615846 -0.00690270244
v -0.0346792018 -0.0007761304 -0.00557049098
v -0.0332103722 -0.000226376415 -0.00762608761
f 5707 5709 5708
v -0.0349083333 -0.00273704318 -0.00678121796
v -0.0369255809 -0.00291595243 -0.00500582828
v -0.036313248 -0.00484537377 -0.00772273997
f 5710 5712 5711
v -0.0242329101 -0.00187081387 -0.0125311082
v -0.0249973207 0.00194510867 -0.0136070215
v -0.0256309402 -0.00113832193 -0.0135580281
f 5713 5715 5714
v -0.0301399734 0.00379616395 -0.0079352787
v -0.0315734796 0.00460344272 -0.00786075616
v -0.0328749768 0.00245444189 -0.0070781869
f 5716 5718 5717
v -0.0175116293 -0.0143404541 -0.0164772995
v -0.01880255 -0.0137619951 -0.014100119
v -0.0201362796 -0.0142411256 -0.0165455771
f 5719 5721 5720
v -0.01880255 -0.0137619951 -0.014100119
v -0.0208318917 -0.013705586 -0.0159826857
v -0.0201362796 -0.0142411256 -0.0165455771
f 5722 5724 5723
v -0.0171134045 -0.0143063691 -0.0150996406
v -0.01880255 -0.0137619951 -0.014100119
v -0.0175116293 -0.0143404541 -0.0164772995
f 5725 5727 5726
v -0.0189128987 -0.0150391323 -0.0176356116
v -0.0160020471 -0.0159131421 -0.018017384
v -0.0175116293 -0.0143404541 -0.0164772995
f 5728 5730 5729
v -0.0189128987 -0.0150391323 -0.0176356116
v -0.0212292085 -0.0165690013 -0.0177904323
v -0.0188452002 -0.0164942991 -0.0185156503
f 5731 5733 5732
v -0.0188452002 -0.0164942991 -0.0185156503
v -0.0212292085 -0.0165690013 -0.0177904323
v -0.0197074711 -0.0176679503 -0.0184456672
f 5734 5736 5735
v -0.0201362796 -0.0142411256 -0.0165455771
v -0.0189128987 -0.0150391323 -0.0176356116
v -0.0175116293 -0.0143404541 -0.0164772995
f 5737 5739 5738
v -0.0201362796 -0.0142411256 -0.0165455771
v -0.0212292085 -0.0165690013 -0.0177904323
v -0.0189128987 -0.0150391323 -0.0176356116
f 5740 5742 5741
v -0.0208318917 -0.013705586 -0.0159826857
v -0.0215817199 -0.0155892427 -0.0171488675
v -0.0201362796 -0.0142411256 -0.0165455771
f 5743 5745 5744
v -0.0215817199 -0.0155892427 -0.0171488675
v -0.0214146799 -0.0162960991 -0.0175081339
v -0.0212292085 -0.0165690013 -0.0177904323
f 5746 5748 5747
v -0.0212292085 -0.0165690013 -0.0177904323
v -0.0214146799 -0.0162960991 -0.0175081339
v -0.0214348504 -0.0162839729 -0.0175132154
f 5749 5751 5750
v -0.0214146799 -0.0162960991 -0.0175081339
v -0.0215817199 -0.0155892427 -0.0171488675
v -0.0214348504 -0.0162839729 -0.0175132154
f 5752 5754 5753
v -0.0215817199 -0.0155892427 -0.0171488675
v -0.0213601481 -0.0169074992 -0.0175319205
v -0.0214348504 -0.0162839729 -0.0175132154
f 5755 5757 5756
v -0.0215817199 -0.0155892427 -0.0171488675
v -0.0208318917 -0.013705586 -0.0159826857
v -0.0217866196 -0.0139334807 -0.0161609118
f 5758 5760 5759
v -0.0196875786 -0.0187782032 -0.0198705908
v -0.0197074711 -0.0176679503 -0.0184456672
v -0.0197981281 -0.0182482865 -0.0187627244
f 5761 5763 5762
v -0.0199832983 -0.0188661405 -0.0180180185
v -0.0213601481 -0.0169074992 -0.0175319205
v -0.0208382655 -0.0187947619 -0.0175650406
f 5764 5766 5765
v -0.0199832983 -0.0188661405 -0.0180180185
v -0.0197074711 -0.0176679503 -0.0184456672
v -0.0213601481 -0.0169074992 -0.0175319205
f 5767 5769 5768
v -0.0227714641 -0.0159855801 -0.0157762755
v -0.0215425389 -0.0187417696 -0.0155639689
v -0.0208382655 -0.0187947619 -0.0175650406
f 5770 5772 5771
v -0.0213601481 -0.0169074992 -0.0175319205
v -0.0227714641 -0.0159855801 -0.0157762755
v -0.0208382655 -0.0187947619 -0.0175650406
f 5773 5775 5774
v -0.0187236408 -0.0185506564 -0.0189165352
v -0.0193927553 -0.0192070263 -0.0198281225
v -0.01947571 -0.0191869942 -0.0183659198
f 5776 5778 5777
v -0.0197981281 -0.0182482865 -0.0187627244
v -0.0197980029 -0.0181919022 -0.018723734
v -0.0198980502 -0.018964638 -0.0190082123
f 5779 5781 5780
v -0.0196875786 -0.0187782032 -0.0198705908
v -0.0197981281 -0.0182482865 -0.0187627244
v -0.0198122638 -0.0182397896 -0.0187662896
f 5782 5784 5783
v -0.0197981281 -0.0182482865 -0.0187627244
v -0.0198980502 -0.018964638 -0.0190082123
v -0.0198122638 -0.0182397896 -0.0187662896
f 5785 5787 5786
v -0.0212292085 -0.0165690013 -0.0177904323
v -0.0213071107 -0.0167835635 -0.0179917319
v -0.0213601481 -0.0169074992 -0.0175319205
f 5788 5790 5789
v -0.0215258886 -0.0167127146 -0.0177323585
v -0.0215371983 -0.0165862468 -0.0178106362
v -0.0212292085 -0.0165690013 -0.0177904323
f 5791 5793 5792
v -0.0212292085 -0.0165690013 -0.0177904323
v -0.0215371983 -0.0165862468 -0.0178106362
v -0.0214908665 -0.016614121 -0.0177989597
f 5794 5796 5795
v -0.0212292085 -0.0165690013 -0.0177904323
v -0.0214908665 -0.016614121 -0.0177989597
v -0.0213071107 -0.0167835635 -0.0179917319
f 5797 5799 5798
v -0.0215258886 -0.0167127146 -0.0177323585
v -0.0213601481 -0.0169074992 -0.0175319205
v -0.0213071107 -0.0167835635 -0.0179917319
f 5800 5802 5801
v -0.0193927553 -0.0192070263 -0.0198281225
v -0.0198980502 -0.018964638 -0.0190082123
v -0.01947571 -0.0191869942 -0.0183659198
f 5803 5805 5804
v -0.0188452002 -0.0164942991 -0.0185156503
v -0.0197074711 -0.0176679503 -0.0184456672
v -0.0187236408 -0.0185506564 -0.0189165352
f 5806 5808 5807
v -0.0215258886 -0.0167127146 -0.0177323585
v -0.0214348504 -0.0162839729 -0.0175132154
v -0.0214146799 -0.0162960991 -0.0175081339
f 5809 5811 5810
v -0.0198258174 -0.0128895656 -0.0117287294
v -0.0196881869 -0.0140700155 -0.00977719828
v -0.0202469062 -0.0129937078 -0.00974143477
f 5812 5814 5813
v -0.0198289956 -0.0118317701 -0.00942997431
v -0.0202469062 -0.0129937078 -0.00974143477
v -0.0202049632 -0.0135107883 -0.00911713214
f 5815 5817 5816
v -0.0207349658 -0.0162430224 -0.00992595087
v -0.0196881869 -0.0140700155 -0.00977719828
v -0.0191470623 -0.016198853 -0.00979519173
f 5818 5820 5819
v -0.0196881869 -0.0140700155 -0.00977719828
v -0.0198258174 -0.0128895656 -0.0117287294
v -0.0185286161 -0.0146537306 -0.010586252
f 5821 5823 5822
v -0.0196881869 -0.0140700155 -0.00977719828
v -0.0210836151 -0.0140986711 -0.00882581589
v -0.0202049632 -0.0135107883 -0.00911713214
f 5824 5826 5825
v -0.0185286161 -0.0146537306 -0.010586252
v -0.0191470623 -0.016198853 -0.00979519173
v -0.0196881869 -0.0140700155 -0.00977719828
f 5827 5829 5828
v -0.01880255 -0.0137619951 -0.014100119
v -0.0209880251 -0.0124822531 -0.0148652471
v -0.0208318917 -0.013705586 -0.0159826857
f 5830 5832 5831
v -0.0209880251 -0.0124822531 -0.0148652471
v -0.0225415017 -0.0121087658 -0.0148813793
v -0.0217866196 -0.0139334807 -0.0161609118
f 5833 5835 5834
v -0.0209880251 -0.0124822531 -0.0148652471
v -0.0215765307 -0.0115372437 -0.0131016073
v -0.0225415017 -0.0121087658 -0.0148813793
f 5836 5838 5837
v -0.0202469062 -0.0129937078 -0.00974143477
v -0.0204168013 -0.0102962724 -0.0102165446
v -0.0213386607 -0.0116569026 -0.0109803907
f 5839 5841 5840
v -0.023059496 -0.0106519627 -0.011516489
v -0.0215765307 -0.0115372437 -0.0131016073
v -0.0213386607 -0.0116569026 -0.0109803907
f 5842 5844 5843
v -0.0207349658 -0.0162430224 -0.00992595087
v -0.0226959979 -0.0148505103 -0.0102605954
v -0.0226556222 -0.0144513717 -0.00940601967
f 5845 5847 5846
v -0.0217866196 -0.0139334807 -0.0161609118
v -0.0225415017 -0.0121087658 -0.0148813793
v -0.0239435132 -0.0133236754 -0.0150234031
f 5848 5850 5849
v -0.0227100041 -0.015687423 -0.0111144393
v -0.0226959979 -0.0148505103 -0.0102605954
v -0.0207349658 -0.0162430224 -0.00992595087
f 5851 5853 5852
v -0.0207349658 -0.0162430224 -0.00992595087
v -0.0192924126 -0.0186711375 -0.0110150926
v -0.021646508 -0.0176130707 -0.0118026896
f 5854 5856 5855
v -0.0209880251 -0.0124822531 -0.0148652471
v -0.0217866196 -0.0139334807 -0.0161609118
v -0.0208318917 -0.013705586 -0.0159826857
f 5857 5859 5858
v -0.0241968955 -0.014746566 -0.0135443872
v -0.0226427117 -0.0171015708 -0.0141685567
v -0.0227714641 -0.0159855801 -0.0157762755
f 5860 5862 5861
v -0.0239435132 -0.0133236754 -0.0150234031
v -0.0241746035 -0.0142570439 -0.0145434402
v -0.0227714641 -0.0159855801 -0.0157762755
f 5863 5865 5864
v -0.0243030925 -0.0145215672 -0.0112308328
v -0.0227100041 -0.015687423 -0.0111144393
v -0.0241968955 -0.014746566 -0.0135443872
f 5866 5868 5867
v -0.0215765307 -0.0115372437 -0.0131016073
v -0.01880255 -0.0137619951 -0.014100119
v -0.0198258174 -0.0128895656 -0.0117287294
f 5869 5871 5870
v -0.0198258174 -0.0128895656 -0.0117287294
v -0.0202469062 -0.0129937078 -0.00974143477
v -0.0213386607 -0.0116569026 -0.0109803907
f 5872 5874 5873
v -0.0192012129 -0.0135271883 -0.00621015497
v -0.0195641129 -0.0123302438 -0.0070915863
v -0.0198289956 -0.0118317701 -0.00942997431
f 5875 5877 5876
v -0.018899639 -0.0143220735 -0.00614748351
v -0.0198289956 -0.0118317701 -0.00942997431
v -0.0202049632 -0.0135107883 -0.00911713214
f 5878 5880 5879
v -0.0192012129 -0.0135271883 -0.00621015497
v -0.0188933744 -0.0139358453 -0.00506377692
v -0.0175954789 -0.0134788614 -0.00608845148
f 5881 5883 5882
v -0.0210836151 -0.0140986711 -0.00882581589
v -0.0197184461 -0.0151281187 -0.00675797055
v -0.0202049632 -0.0135107883 -0.00911713214
f 5884 5886 5885
v -0.0231962171 -0.0144853577 -0.00652326271
v -0.0225596508 -0.0155054382 -0.00474496774
v -0.0203132018 -0.0163154677 -0.00495068125
f 5887 5889 5888
v -0.0229833095 -0.0136409377 -0.00778541435
v -0.0231962171 -0.0144853577 -0.00652326271
v -0.0210836151 -0.0140986711 -0.00882581589
f 5890 5892 5891
v -0.0203132018 -0.0163154677 -0.00495068125
v -0.0210836151 -0.0140986711 -0.00882581589
v -0.0231962171 -0.0144853577 -0.00652326271
f 5893 5895 5894
v -0.0229833095 -0.0136409377 -0.00778541435
v -0.0226556222 -0.0144513717 -0.00940601967
v -0.0244024341 -0.0149224303 -0.008193744
f 5896 5898 5897
v -0.0243366027 -0.0157102826 -0.00609110357
v -0.0251101766 -0.0161480042 -0.00364043808
v -0.0231463579 -0.015953368 -0.00439821633
f 5899 5901 5900
v -0.0244024341 -0.0149224303 -0.008193744
v -0.0252884463 -0.0151680826 -0.0079211386
v -0.0243366027 -0.0157102826 -0.00609110357
f 5902 5904 5903
v -0.0231962171 -0.0144853577 -0.00652326271
v -0.0244024341 -0.0149224303 -0.008193744
v -0.0243366027 -0.0157102826 -0.00609110357
f 5905 5907 5906
v -0.0252884463 -0.0151680826 -0.0079211386
v -0.0265691138 -0.0149123865 -0.0071492359
v -0.0243366027 -0.0157102826 -0.00609110357
f 5908 5910 5909
v -0.0276776933 -0.0150230582 -0.00524506104
v -0.0265992887 -0.0167289123 -0.00435786023
v -0.0265691138 -0.0149123865 -0.0071492359
f 5911 5913 5912
v -0.0231962171 -0.0144853577 -0.00652326271
v -0.0231463579 -0.015953368 -0.00439821633
v -0.0225596508 -0.0155054382 -0.00474496774
f 5914 5916 5915
v -0.0243366027 -0.0157102826 -0.00609110357
v -0.0231463579 -0.015953368 -0.00439821633
v -0.0231962171 -0.0144853577 -0.00652326271
f 5917 5919 5918
v -0.0239014029 -0.00990393601 -0.0127349718
v -0.0225415017 -0.0121087658 -0.0148813793
v -0.0215765307 -0.0115372437 -0.0131016073
f 5920 5922 5921
v -0.0240665031 -0.0104254716 -0.0136748597
v -0.0239014029 -0.00990393601 -0.0127349718
v -0.0256142666 -0.00878981591 -0.0143563986
f 5923 5925 5924
v -0.0240665031 -0.0104254716 -0.0136748597
v -0.0256142666 -0.00878981591 -0.0143563986
v -0.0247468386 -0.0116558542 -0.0147025014
f 5926 5928 5927
v -0.0256142666 -0.00878981591 -0.0143563986
v -0.0269250304 -0.0107118081 -0.0148851512
v -0.0247468386 -0.0116558542 -0.0147025014
f 5929 5931 5930
v -0.0239014029 -0.00990393601 -0.0127349718
v -0.0240665031 -0.0104254716 -0.0136748597
v -0.0225415017 -0.0121087658 -0.0148813793
f 5932 5934 5933
v -0.0267464173 -0.00499636335 -0.0142755045
v -0.0268701988 -0.00911569659 -0.0151535583
v -0.0256142666 -0.00878981591 -0.0143563986
f 5935 5937 5936
v -0.0279651518 -0.00676762138 -0.0149387284
v -0.0291268079 -0.00941061007 -0.0151261018
v -0.0268701988 -0.00911569659 -0.0151535583
f 5938 5940 5939
v -0.0256696512 -0.0133437439 -0.014205699
v -0.0241746035 -0.0142570439 -0.0145434402
v -0.0247468386 -0.0116558542 -0.0147025014
f 5941 5943 5942
v -0.0247468386 -0.0116558542 -0.0147025014
v -0.0269250304 -0.0107118081 -0.0148851512
v -0.0256696512 -0.0133437439 -0.014205699
f 5944 5946 5945
v -0.0267978146 -0.0135014358 -0.0132926652
v -0.0241968955 -0.014746566 -0.0135443872
v -0.0241746035 -0.0142570439 -0.0145434402
f 5947 5949 5948
v -0.0267978146 -0.0135014358 -0.0132926652
v -0.0256839325 -0.0136432602 -0.0102753758
v -0.0243030925 -0.0145215672 -0.0112308328
f 5950 5952 5951
v -0.0267978146 -0.0135014358 -0.0132926652
v -0.0272344099 -0.0124828177 -0.0110086752
v -0.0256839325 -0.0136432602 -0.0102753758
f 5953 5955 5954
v -0.0291268079 -0.00941061007 -0.0151261018
v -0.029506351 -0.0115922012 -0.0140259159
v -0.0269250304 -0.0107118081 -0.0148851512
f 5956 5958 5957
v -0.0269250304 -0.0107118081 -0.0148851512
v -0.0268701988 -0.00911569659 -0.0151535583
v -0.0291268079 -0.00941061007 -0.0151261018
f 5959 5961 5960
v -0.0256696512 -0.0133437439 -0.014205699
v -0.0269250304 -0.0107118081 -0.0148851512
v -0.029506351 -0.0115922012 -0.0140259159
f 5962 5964 5963
v -0.026709956 -0.013416617 -0.00812263315
v -0.0256839325 -0.0136432602 -0.0102753758
v -0.0279939355 -0.0120893485 -0.00866088158
f 5965 5967 5966
v -0.0272344099 -0.0124828177 -0.0110086752
v -0.0279939355 -0.0120893485 -0.00866088158
v -0.0256839325 -0.0136432602 -0.0102753758
f 5968 5970 5969
v -0.026709956 -0.013416617 -0.00812263315
v -0.0276776933 -0.0150230582 -0.00524506104
v -0.0265691138 -0.0149123865 -0.0071492359
f 5971 5973 5972
v -0.0290617172 -0.0138252231 -0.00526532276
v -0.029589195 -0.0146569451 -0.00455565278
v -0.0276240637 -0.0133108275 -0.00604001652
f 5974 5976 5975
v -0.0276240637 -0.0133108275 -0.00604001652
v -0.029589195 -0.0146569451 -0.00455565278
v -0.0276776933 -0.0150230582 -0.00524506104
f 5977 5979 5978
v -0.0290531287 -0.0127340041 -0.00674140247
v -0.0290617172 -0.0138252231 -0.00526532276
v -0.0276240637 -0.0133108275 -0.00604001652
f 5980 5982 5981
v -0.0305923983 -0.0127619278 -0.00760210387
v -0.0290617172 -0.0138252231 -0.00526532276
v -0.0290531287 -0.0127340041 -0.00674140247
f 5983 5985 5984
v -0.0276776933 -0.0150230582 -0.00524506104
v -0.0285950897 -0.0156231705 -0.00406132931
v -0.0271487923 -0.0165663383 -0.00361214043
f 5986 5988 5987
v -0.0276776933 -0.0150230582 -0.00524506104
v -0.029589195 -0.0146569451 -0.00455565278
v -0.0285950897 -0.0156231705 -0.00406132931
f 5989 5991 5990
v -0.0290617172 -0.0138252231 -0.00526532276
v -0.0309145951 -0.0144767415 -0.00647113557
v -0.0301499589 -0.0145363359 -0.00520318645
f 5992 5994 5993
v -0.0290617172 -0.0138252231 -0.00526532276
v -0.0301499589 -0.0145363359 -0.00520318645
v -0.029589195 -0.0146569451 -0.00455565278
f 5995 5997 5996
v -0.0304734334 -0.0120195946 -0.0095138188
v -0.0305923983 -0.0127619278 -0.00760210387
v -0.0279939355 -0.0120893485 -0.00866088158
f 5998 6000 5999
v -0.0301499589 -0.0145363359 -0.00520318645
v -0.033928515 -0.0115981726 -0.00492377148
v -0.029589195 -0.0146569451 -0.00455565278
f 6001 6003 6002
v -0.0305923983 -0.0127619278 -0.00760210387
v -0.0309145951 -0.0144767415 -0.00647113557
v -0.0290617172 -0.0138252231 -0.00526532276
f 6004 6006 6005
v -0.0324732799 -0.0137681156 -0.00717802395
v -0.0332993281 -0.0128571628 -0.00700151504
v -0.0309145951 -0.0144767415 -0.00647113557
f 6007 6009 6008
v -0.0301499589 -0.0145363359 -0.00520318645
v -0.0332993281 -0.0128571628 -0.00700151504
v -0.033928515 -0.0115981726 -0.00492377148
f 6010 6012 6011
v -0.0305923983 -0.0127619278 -0.00760210387
v -0.0324732799 -0.0137681156 -0.00717802395
v -0.0309145951 -0.0144767415 -0.00647113557
f 6013 6015 6014
v -0.0305923983 -0.0127619278 -0.00760210387
v -0.0290531287 -0.0127340041 -0.00674140247
v -0.0279939355 -0.0120893485 -0.00866088158
f 6016 6018 6017
v -0.0195351749 -0.020319609 -0.0167998427
v -0.0215425389 -0.0187417696 -0.0155639689
v -0.0195707005 -0.0205651275 -0.0141841476
f 6019 6021 6020
v -0.0226427117 -0.0171015708 -0.0141685567
v -0.0215425389 -0.0187417696 -0.0155639689
v -0.0227714641 -0.0159855801 -0.0157762755
f 6022 6024 6023
v -0.0267978146 -0.0135014358 -0.0132926652
v -0.0243030925 -0.0145215672 -0.0112308328
v -0.0241968955 -0.014746566 -0.0135443872
f 6025 6027 6026
v -0.0226556222 -0.0144513717 -0.00940601967
v -0.0226959979 -0.0148505103 -0.0102605954
v -0.0244024341 -0.0149224303 -0.008193744
f 6028 6030 6029
v -0.0256839325 -0.0136432602 -0.0102753758
v -0.0252884463 -0.0151680826 -0.0079211386
v -0.0243030925 -0.0145215672 -0.0112308328
f 6031 6033 6032
v -0.0287442323 -0.0056104127 -0.0142411445
v -0.0316669 -0.00548077733 -0.0133658439
v -0.0279651518 -0.00676762138 -0.0149387284
f 6034 6036 6035
v -0.0287442323 -0.0056104127 -0.0142411445
v -0.031235948 -0.00425830112 -0.0121794794
v -0.0316669 -0.00548077733 -0.0133658439
f 6037 6039 6038
v -0.0316669 -0.00548077733 -0.0133658439
v -0.0308434566 -0.00724900456 -0.0145710103
v -0.0279651518 -0.00676762138 -0.0149387284
f 6040 6042 6041
v -0.0338357844 -0.00780928385 -0.0115014991
v -0.0333117758 -0.00813882216 -0.0127243722
v -0.0329887844 -0.00580821725 -0.0124835613
f 6043 6045 6044
v -0.0329887844 -0.00580821725 -0.0124835613
v -0.0320194522 -0.00780272458 -0.0141132448
v -0.0316669 -0.00548077733 -0.0133658439
f 6046 6048 6047
v -0.0320194522 -0.00780272458 -0.0141132448
v -0.0325706758 -0.00888527211 -0.0130031258
v -0.0312787888 -0.0100061428 -0.0140425283
f 6049 6051 6050
v -0.0325706758 -0.00888527211 -0.0130031258
v -0.0333117758 -0.00813882216 -0.0127243722
v -0.0306922972 -0.0114927599 -0.0116307157
f 6052 6054 6053
v -0.0338357844 -0.00780928385 -0.0115014991
v -0.0340950006 -0.00654182586 -0.0110965368
v -0.0342327374 -0.00690771776 -0.00935578573
f 6055 6057 6056
v -0.0342327374 -0.00690771776 -0.00935578573
v -0.0340950006 -0.00654182586 -0.0110965368
v -0.0339600752 -0.00598342631 -0.00971578193
f 6058 6060 6059
v -0.0342327374 -0.00690771776 -0.00935578573
v -0.036313248 -0.00484537377 -0.00772273997
v -0.0353270734 -0.00739973984 -0.00883885368
f 6061 6063 6062
v -0.0376817014 -0.00494980195 -0.00569364129
v -0.037084971 -0.005612323 -0.00579548723
v -0.0364249019 -0.00588633084 -0.00773282154
f 6064 6066 6065
v -0.036313248 -0.00484537377 -0.00772273997
v -0.0364249019 -0.00588633084 -0.00773282154
v -0.0353270734 -0.00739973984 -0.00883885368
f 6067 6069 6068
v -0.0364249019 -0.00588633084 -0.00773282154
v -0.037084971 -0.005612323 -0.00579548723
v -0.0353270734 -0.00739973984 -0.00883885368
f 6070 6072 6071
v -0.0323110609 -0.00941557373 -0.0108001317
v -0.0333213451 -0.0108286622 -0.00902565007
v -0.0311907177 -0.011279482 -0.0102791761
f 6073 6075 6074
v -0.0333213451 -0.0108286622 -0.00902565007
v -0.0304734334 -0.0120195946 -0.0095138188
v -0.0311907177 -0.011279482 -0.0102791761
f 6076 6078 6077
v -0.0323110609 -0.00941557373 -0.0108001317
v -0.0333117758 -0.00813882216 -0.0127243722
v -0.0336868659 -0.0088712477 -0.00994830552
f 6079 6081 6080
v -0.0338357844 -0.00780928385 -0.0115014991
v -0.0336868659 -0.0088712477 -0.00994830552
v -0.0333117758 -0.00813882216 -0.0127243722
f 6082 6084 6083
v -0.0336868659 -0.0088712477 -0.00994830552
v -0.0342327374 -0.00690771776 -0.00935578573
v -0.0351880153 -0.00878918363 -0.0083194027
f 6085 6087 6086
v -0.0323110609 -0.00941557373 -0.0108001317
v -0.0336868659 -0.0088712477 -0.00994830552
v -0.0333213451 -0.0108286622 -0.00902565007
f 6088 6090 6089
v -0.0349506823 -0.0100343648 -0.00795482265
v -0.0350958464 -0.010490197 -0.0053150914
v -0.0332993281 -0.0128571628 -0.00700151504
f 6091 6093 6092
v -0.0332993281 -0.0128571628 -0.00700151504
v -0.0350958464 -0.010490197 -0.0053150914
v -0.033928515 -0.0115981726 -0.00492377148
f 6094 6096 6095
v -0.0351880153 -0.00878918363 -0.0083194027
v -0.0349506823 -0.0100343648 -0.00795482265
v -0.0333213451 -0.0108286622 -0.00902565007
f 6097 6099 6098
v -0.0333213451 -0.0108286622 -0.00902565007
v -0.0349506823 -0.0100343648 -0.00795482265
v -0.0332993281 -0.0128571628 -0.00700151504
f 6100 6102 6101
v -0.036313248 -0.00484537377 -0.00772273997
v -0.0369255809 -0.00291595243 -0.00500582828
v -0.0376817014 -0.00494980195 -0.00569364129
f 6103 6105 6104
v -0.0267464173 -0.00499636335 -0.0142755045
v -0.0256142666 -0.00878981591 -0.0143563986
v -0.0244804833 -0.00767897363 -0.0126615458
f 6106 6108 6107
v -0.0249973207 0.00194510867 -0.0136070215
v -0.0238663575 -0.00062078343 -0.0121699777
v -0.0235229119 0.000920464481 -0.0123196747
f 6109 6111 6110
v -0.0302197936 0.00795712622 -0.00188482863
v -0.0314205943 0.0072801653 -0.000676407763
v -0.0307660812 0.00576129787 -0.00325998262
f 6112 6114 6113
v -0.0307140843 0.00802227005 0.000394565313
v -0.0325329253 0.00556415725 0.000403876356
v -0.0314205943 0.0072801653 -0.000676407763
f 6115 6117 6116
v -0.0335627876 0.00372701288 -0.00120471368
v -0.0331771327 0.00228976351 -0.00260066863
v -0.0307660812 0.00576129787 -0.00325998262
f 6118 6120 6119
v -0.0325329253 0.00556415725 0.000403876356
v -0.0335627876 0.00372701288 -0.00120471368
v -0.0314205943 0.0072801653 -0.000676407763
f 6121 6123 6122
v -0.0335627876 0.00372701288 -0.00120471368
v -0.0354189629 0.000550987579 0.0004309411
v -0.0331771327 0.00228976351 -0.00260066863
f 6124 6126 6125
v -0.0350738759 -0.00142350946 -0.00171705378
v -0.0353299169 -0.00155111156 -0.00220512047
v -0.0333836622 0.00175612931 -0.00418452801
f 6127 6129 6128
v -0.0378763274 -0.00400376593 -0.00314855824
v -0.0373736606 -0.00361792372 -0.00197389472
v -0.0372106297 -0.00662441089 -0.0011414546
f 6130 6132 6131
v -0.0359094643 -0.00161485386 -0.000403503736
v -0.0373908435 -0.0038711707 -0.00068942195
v -0.0350738759 -0.00142350946 -0.00171705378
f 6133 6135 6134
v -0.0372106297 -0.00662441089 -0.0011414546
v -0.0373736606 -0.00361792372 -0.00197389472
v -0.0373908435 -0.0038711707 -0.00068942195
f 6136 6138 6137
v -0.0373908435 -0.0038711707 -0.00068942195
v -0.0376678741 -0.00304151636 0.000424157179
v -0.0372106297 -0.00662441089 -0.0011414546
f 6139 6141 6140
v -0.0353299169 -0.00155111156 -0.00220512047
v -0.0373908435 -0.0038711707 -0.00068942195
v -0.0373736606 -0.00361792372 -0.00197389472
f 6142 6144 6143
v -0.0333836622 0.00175612931 -0.00418452801
v -0.0353299169 -0.00155111156 -0.00220512047
v -0.0338439771 0.00165064357 -0.00557752537
f 6145 6147 6146
v -0.0364094536 -0.000190968217 0.000433514379
v -0.0350738759 -0.00142350946 -0.00171705378
v -0.0354189629 0.000550987579 0.0004309411
f 6148 6150 6149
v -0.0373736606 -0.00361792372 -0.00197389472
v -0.0369255809 -0.00291595243 -0.00500582828
v -0.0362215622 -0.00187254554 -0.00317162958
f 6151 6153 6152
v -0.0373736606 -0.00361792372 -0.00197389472
v -0.0378763274 -0.00400376593 -0.00314855824
v -0.0369255809 -0.00291595243 -0.00500582828
f 6154 6156 6155
v -0.0369255809 -0.00291595243 -0.00500582828
v -0.0349083333 -0.00273704318 -0.00678121796
v -0.0362215622 -0.00187254554 -0.00317162958
f 6157 6159 6158
v -0.0376678741 -0.00304151636 0.000424157179
v -0.0373908435 -0.0038711707 -0.00068942195
v -0.037191814 -0.0016377875 0.000417604724
f 6160 6162 6161
v -0.0364094536 -0.000190968217 0.000433514379
v -0.037191814 -0.0016377875 0.000417604724
v -0.0373908435 -0.0038711707 -0.00068942195
f 6163 6165 6164
v -0.0359094643 -0.00161485386 -0.000403503736
v -0.0364094536 -0.000190968217 0.000433514379
v -0.0373908435 -0.0038711707 -0.00068942195
f 6166 6168 6167
v -0.0350738759 -0.00142350946 -0.00171705378
v -0.0364094536 -0.000190968217 0.000433514379
v -0.0359094643 -0.00161485386 -0.000403503736
f 6169 6171 6170
v -0.0217805791 -0.0160323165 0.000438838379
v -0.0232242281 -0.0154019304 -0.000883447774
v -0.0228414152 -0.0151405256 0.000441010161
f 6172 6174 6173
v -0.0231463579 -0.015953368 -0.00439821633
v -0.0251101766 -0.0161480042 -0.00364043808
v -0.0232242281 -0.0154019304 -0.000883447774
f 6175 6177 6176
v -0.0257518317 -0.0175401481 0.000443611498
v -0.0248907163 -0.0170684594 0.000444899933
v -0.0243144794 -0.0160648764 -0.000486061663
f 6178 6180 6179
v -0.0263177761 -0.0170117302 -0.00234443469
v -0.0268915028 -0.0166470811 0.000446392824
v -0.0263970956 -0.0171870692 -0.000711920893
f 6181 6183 6182
v -0.0265992887 -0.0167289123 -0.00435786023
v -0.0271487923 -0.0165663383 -0.00361214043
v -0.0263177761 -0.0170117302 -0.00234443469
f 6184 6186 6185
v -0.0251101766 -0.0161480042 -0.00364043808
v -0.0265992887 -0.0167289123 -0.00435786023
v -0.0263177761 -0.0170117302 -0.00234443469
f 6187 6189 6188
v -0.0315386918 -0.0132133471 -0.00207304183
v -0.0297342049 -0.0145562328 0.000446335162
v -0.029589195 -0.0146569451 -0.00455565278
f 6190 6192 6191
v -0.033928515 -0.0115981726 -0.00492377148
v -0.0350958464 -0.010490197 -0.0053150914
v -0.0315386918 -0.0132133471 -0.00207304183
f 6193 6195 6194
v -0.0361440121 -0.00869564465 -0.00312231277
v -0.0367697969 -0.00713107002 0.00043117343
v -0.0329432747 -0.0121097088 0.000436841401
f 6196 6198 6197
v -0.0372106297 -0.00662441089 -0.0011414546
v -0.0367697969 -0.00713107002 0.00043117343
v -0.0361440121 -0.00869564465 -0.00312231277
f 6199 6201 6200
v -0.037084971 -0.005612323 -0.00579548723
v -0.0372106297 -0.00662441089 -0.0011414546
v -0.0361440121 -0.00869564465 -0.00312231277
f 6202 6204 6203
v 0.00218030145 -0.00840838475 0.000413497992
v 0.00108204122 -0.0105276893 -0.00131201041
v 0.000585585121 -0.0108321758 0.00042383358
f 6205 6207 6206
v -0.0273532874 0.00928450172 -0.0124836544
v -0.0271032244 0.0074899559 -0.0126503175
v -0.0268011441 0.00841463625 -0.0128987915
f 6208 6210 6209
v -0.0105889834 -0.00333903954 -0.0119153687
v -0.00946350847 -0.00303193101 -0.0117860691
v -0.00860507207 -0.00163003715 -0.0125336781
f 6211 6213 6212
v -0.0170364394 -0.0157844945 -0.0107550157
v -0.0185286161 -0.0146537306 -0.010586252
v -0.0166520695 -0.0150040272 -0.0122693426
f 6214 6216 6215
v -0.0197184461 -0.0151281187 -0.00675797055
v -0.0203132018 -0.0163154677 -0.00495068125
v -0.0188081889 -0.0155921938 -0.00495905842
f 6217 6219 6218
v -0.0286726776 0.00967750311 0.000406762592
v -0.0293517718 0.008917995 -0.00153394449
v -0.0281854416 0.00997903553 -0.00123244236
f 6220 6222 6221
v -0.0293517718 0.008917995 -0.00153394449
v -0.0302197936 0.00795712622 -0.00188482863
v -0.0283750705 0.00841643414 -0.00308179297
f 6223 6225 6224
v -0.0338439771 0.00165064357 -0.00557752537
v -0.0353299169 -0.00155111156 -0.00220512047
v -0.0353289855 -0.000299894168 -0.00461051313
f 6226 6228 6227
v -0.0346792018 -0.0007761304 -0.00557049098
v -0.0353289855 -0.000299894168 -0.00461051313
v -0.0362215622 -0.00187254554 -0.00317162958
f 6229 6231 6230
v -0.0263970956 -0.0171870692 -0.000711920893
v -0.0268915028 -0.0166470811 0.000446392824
v -0.0257518317 -0.0175401481 0.000443611498
f 6232 6234 6233
v -0.00456712514 -0.0119792494 -0.000215445039
v -0.00694750779 -0.0123887556 0.000430002956
v -0.00303020006 -0.0118397591 0.000424642576
f 6235 6237 6236
v -0.0228414152 -0.0151405256 0.000441010161
v -0.0243144794 -0.0160648764 -0.000486061663
v -0.0248907163 -0.0170684594 0.000444899933
f 6238 6240 6239
v 0.00391339418 -0.00245810097 0.000392477796
v 0.00410746215 -0.00216699718 0.00314351892
v 0.00311500044 -0.00111527106 0.000400204908
f 6241 6243 6242
v 0.00391339418 -0.00245810097 0.000392477796
v 0.00361798702 -0.00306143811 0.00299749445
v 0.00410746215 -0.00216699718 0.00314351892
f 6244 6246 6245
v 0.00394160124 -0.00199338083 0.00489613376
v 0.002979891 -0.00518622728 0.00414183123
v 0.00341175073 -0.00404225393 0.00470584018
f 6247 6249 6248
v 0.00394160124 -0.00199338083 0.00489613376
v 0.00361798702 -0.00306143811 0.00299749445
v 0.002979891 -0.00518622728 0.00414183123
f 6250 6252 6251
v 0.00314417193 -0.00453547582 0.000406424579
v 0.00299335825 -0.00638255733 0.000410223038
v 0.00361798702 -0.00306143811 0.00299749445
f 6253 6255 6254
v 0.002979891 -0.00518622728 0.00414183123
v 0.00361798702 -0.00306143811 0.00299749445
v 0.00299335825 -0.00638255733 0.000410223038
f 6256 6258 6257
v 0.00167769194 -0.00730333268 0.007394149
v 0.00208513575 -0.0056262099 0.00687400534
v 0.00255721898 -0.00655610129 0.00534697101
f 6259 6261 6260
v 0.00255721898 -0.00655610129 0.00534697101
v 0.00206754885 -0.00887965725 0.00413625421
v 0.000677584876 -0.00934965865 0.00768672689
f 6262 6264 6263
v 0.00167769194 -0.00730333268 0.007394149
v 0.00255721898 -0.00655610129 0.00534697101
v 0.000677584876 -0.00934965865 0.00768672689
f 6265 6267 6266
v 0.00206754885 -0.00887965725 0.00413625421
v 0.00246774598 -0.00824553208 0.00290116641
v 0.000951334823 -0.0106379332 0.00231162048
f 6268 6270 6269
v 0.002979891 -0.00518622728 0.00414183123
v 0.00246774598 -0.00824553208 0.00290116641
v 0.00255721898 -0.00655610129 0.00534697101
f 6271 6273 6272
v 0.00246774598 -0.00824553208 0.00290116641
v 0.00103281518 -0.010605112 0.000420665174
v 0.000951334823 -0.0106379332 0.00231162048
f 6274 6276 6275
v 0.00211465322 -0.0015567166 0.00971774716
v 0.00279274846 -0.00193564993 0.00762738127
v 0.00137829174 -0.00261550322 0.00968118839
f 6277 6279 6278
v 1.80228277e-06 -0.000756495456 0.0122411206
v 0.000366925542 -0.000961265778 0.0117326003
v -0.00013665923 -0.000803973762 0.0122611003
f 6280 6282 6281
v 0.00173230092 -0.000633981745 0.00796592067
v 0.00211465322 -0.0015567166 0.00971774716
v 0.000963425737 -0.00106988646 0.0112020272
f 6283 6285 6284
v 0.00211465322 -0.0015567166 0.00971774716
v 0.00137829174 -0.00261550322 0.00968118839
v 0.00114285795 -0.00125038487 0.0110650515
f 6286 6288 6287
v 0.00137829174 -0.00261550322 0.00968118839
v 0.000493211746 -0.00447140228 0.00971550326
v 0.00114285795 -0.00125038487 0.0110650515
f 6289 6291 6290
v 0.00114285795 -0.00125038487 0.0110650515
v -0.00194807089 -0.00191303498 0.0126898754
v -0.000527720613 -0.00125947436 0.0121725447
f 6292 6294 6293
v 0.000963425737 -0.00106988646 0.0112020272
v 0.00114285795 -0.00125038487 0.0110650515
v 0.000910274866 -0.00110449282 0.0112848924
f 6295 6297 6296
v 0.00090616395 -0.00111428963 0.0112219168
v 0.000963425737 -0.00106988646 0.0112020272
v 0.000910274866 -0.00110449282 0.0112848924
f 6298 6300 6299
v 0.000963425737 -0.00106988646 0.0112020272
v 0.00090616395 -0.00111428963 0.0112219168
v 0.000366925542 -0.000961265778 0.0117326003
f 6301 6303 6302
v -0.00120006071 -0.00604400411 0.0108001208
v 0.000493211746 -0.00447140228 0.00971550326
v -0.000685497434 -0.00839283093 0.00995779483
f 6304 6306 6305
v 0.000493211746 -0.00447140228 0.00971550326
v -0.00176625563 -0.00381882855 0.0117391261
v 0.00114285795 -0.00125038487 0.0110650515
f 6307 6309 6308
v 0.000493211746 -0.00447140228 0.00971550326
v -0.00120006071 -0.00604400411 0.0108001208
v -0.00176625563 -0.00381882855 0.0117391261
f 6310 6312 6311
v -0.00120006071 -0.00604400411 0.0108001208
v -0.00313689125 -0.00596155151 0.0119944423
v -0.00176625563 -0.00381882855 0.0117391261
f 6313 6315 6314
v -0.000710689892 -0.000663098626 0.0126218045
v -0.000527720613 -0.00125947436 0.0121725447
v -0.00272863144 0.000642148279 0.0131052278
f 6316 6318 6317
v -0.000470914574 -7.46597095e-05 0.0112656882
v -0.00192045354 0.00319539868 0.0100152683
v -0.000440864596 0.00189692255 0.00824668386
f 6319 6321 6320
v -0.00192045354 0.00319539868 0.0100152683
v -0.003932248 0.0021799111 0.012673228
v -0.00530695943 0.00533570274 0.010787919
f 6322 6324 6323
v -0.0031533109 0.00109163821 0.0130501343
v -0.003922213 0.00195723042 0.0126848201
v -0.003932248 0.0021799111 0.012673228
f 6325 6327 6326
v -0.00410047796 0.00230374917 0.0126630184
v -0.00392193215 0.00194243694 0.0127162784
v -0.003922213 0.00195723042 0.0126848201
f 6328 6330 6329
v -0.003932248 0.0021799111 0.012673228
v -0.00392193215 0.00194243694 0.0127162784
v -0.00410047796 0.00230374917 0.0126630184
f 6331 6333 6332
v -0.003932248 0.0021799111 0.012673228
v -0.00416603289 0.00244454786 0.0125744555
v -0.00411526271 0.00251163274 0.0125932827
f 6334 6336 6335
v -0.00431750195 0.00273307578 0.0125538616
v -0.00504946111 0.00028415086 0.0128625019
v -0.00646774788 0.00364001644 0.0123175938
f 6337 6339 6338
v -0.00504946111 0.00028415086 0.0128625019
v -0.0031533109 0.00109163821 0.0130501343
v -0.00272863144 0.000642148279 0.0131052278
f 6340 6342 6341
v -0.00431750195 0.00273307578 0.0125538616
v -0.00411526271 0.00251163274 0.0125932827
v -0.00414321985 0.00242218121 0.0126237108
f 6343 6345 6344
v -0.003932248 0.0021799111 0.012673228
v -0.00414321985 0.00242218121 0.0126237108
v -0.00416603289 0.00244454786 0.0125744555
f 6346 6348 6347
v -0.00416603289 0.00244454786 0.0125744555
v -0.00431750195 0.00273307578 0.0125538616
v -0.00414321985 0.00242218121 0.0126237108
f 6349 6351 6350
v -0.00606392714 0.00390424866 0.0125661056
v -0.00530695943 0.00533570274 0.010787919
v -0.00431750195 0.00273307578 0.0125538616
f 6352 6354 6353
v -0.00272863144 0.000642148279 0.0131052278
v -0.000527720613 -0.00125947436 0.0121725447
v -0.00194807089 -0.00191303498 0.0126898754
f 6355 6357 6356
v -0.00194807089 -0.00191303498 0.0126898754
v -0.00176625563 -0.00381882855 0.0117391261
v -0.00477671347 -0.00152200791 0.0132031069
f 6358 6360 6359
v -0.00504946111 0.00028415086 0.0128625019
v -0.00272863144 0.000642148279 0.0131052278
v -0.00477671347 -0.00152200791 0.0132031069
f 6361 6363 6362
v -0.00477671347 -0.00152200791 0.0132031069
v -0.00313689125 -0.00596155151 0.0119944423
v -0.00455276968 -0.00509867168 0.012580381
f 6364 6366 6365
v -0.00313689125 -0.00596155151 0.0119944423
v -0.00477671347 -0.00152200791 0.0132031069
v -0.00176625563 -0.00381882855 0.0117391261
f 6367 6369 6368
v -0.00578063191 -0.00293506018 0.0128010928
v -0.00477671347 -0.00152200791 0.0132031069
v -0.00455276968 -0.00509867168 0.012580381
f 6370 6372 6371
v -0.00807092511 -0.000588405237 0.0130722678
v -0.00925468048 0.000637694347 0.0121573925
v -0.00504946111 0.00028415086 0.0128625019
f 6373 6375 6374
v 0.00410746215 -0.00216699718 0.00314351892
v 0.00394160124 -0.00199338083 0.00489613376
v 0.00343979482 -0.0017457256 0.0061467792
f 6376 6378 6377
v 0.00187911155 0.000439274345 0.00445458172
v 0.00311500044 -0.00111527106 0.000400204908
v 0.00343979482 -0.0017457256 0.0061467792
f 6379 6381 6380
v -0.000440864596 0.00189692255 0.00824668386
v -0.0010301419 0.0033599943 0.00404589337
v 0.00187911155 0.000439274345 0.00445458172
f 6382 6384 6383
v 0.00341175073 -0.00404225393 0.00470584018
v 0.00279274846 -0.00193564993 0.00762738127
v 0.00343979482 -0.0017457256 0.0061467792
f 6385 6387 6386
v 0.00279274846 -0.00193564993 0.00762738127
v 0.00297740207 -0.0018303992 0.00702308316
v 0.00296422677 -0.00183589436 0.00693803231
f 6388 6390 6389
v 0.00296422677 -0.00183589436 0.00693803231
v 0.00305313588 -0.00174159086 0.0069108537
v 0.00297740207 -0.0018303992 0.00702308316
f 6391 6393 6392
v 0.00343979482 -0.0017457256 0.0061467792
v 0.00297740207 -0.0018303992 0.00702308316
v 0.00305313588 -0.00174159086 0.0069108537
f 6394 6396 6395
v 0.00343979482 -0.0017457256 0.0061467792
v 0.00394160124 -0.00199338083 0.00489613376
v 0.00341175073 -0.00404225393 0.00470584018
f 6397 6399 6398
v 0.00173230092 -0.000633981745 0.00796592067
v 0.00187911155 0.000439274345 0.00445458172
v 0.00343979482 -0.0017457256 0.0061467792
f 6400 6402 6401
v 0.00279274846 -0.00193564993 0.00762738127
v 0.00341175073 -0.00404225393 0.00470584018
v 0.00208513575 -0.0056262099 0.00687400534
f 6403 6405 6404
v 0.00305313588 -0.00174159086 0.0069108537
v 0.00296422677 -0.00183589436 0.00693803231
v 0.00173230092 -0.000633981745 0.00796592067
f 6406 6408 6407
v 0.00173230092 -0.000633981745 0.00796592067
v -0.000440864596 0.00189692255 0.00824668386
v 0.00187911155 0.000439274345 0.00445458172
f 6409 6411 6410
v 0.00208513575 -0.0056262099 0.00687400534
v 0.000493211746 -0.00447140228 0.00971550326
v 0.00279274846 -0.00193564993 0.00762738127
f 6412 6414 6413
v -0.0010301419 0.0033599943 0.00404589337
v -0.0040273655 0.00608777955 0.00817375767
v -0.00340362094 0.00647814522 0.00439106443
f 6415 6417 6416
v -0.000440864596 0.00189692255 0.00824668386
v -0.00192045354 0.00319539868 0.0100152683
v -0.0010301419 0.0033599943 0.00404589337
f 6418 6420 6419
v -0.00192045354 0.00319539868 0.0100152683
v -0.0040273655 0.00608777955 0.00817375767
v -0.0010301419 0.0033599943 0.00404589337
f 6421 6423 6422
v -0.00192045354 0.00319539868 0.0100152683
v -0.00530695943 0.00533570274 0.010787919
v -0.0040273655 0.00608777955 0.00817375767
f 6424 6426 6425
v -0.00340362094 0.00647814522 0.00439106443
v -0.00536015032 0.00752741471 0.000378861159
v -0.00246351283 0.00516924374 0.000391032154
f 6427 6429 6428
v -0.0140746168 0.0162788623 0.000371060742
v -0.0158494455 0.0173310735 0.00675424817
v -0.0165883626 0.0186560326 0.00479292066
f 6430 6432 6431
v -0.0140746168 0.0162788623 0.000371060742
v -0.0165883626 0.0186560326 0.00479292066
v -0.0169570689 0.0189519633 0.000366061226
f 6433 6435 6434
v -0.0174977191 0.0192831576 0.0129138934
v -0.0175040244 0.0194171284 0.0131679408
v -0.017371359 0.0192117368 0.0128505548
f 6436 6438 6437
v -0.0175040244 0.0194171284 0.0131679408
v -0.0174252389 0.0194722423 0.013050632
v -0.017371359 0.0192117368 0.0128505548
f 6439 6441 6440
v -0.0172336411 0.0189733502 0.0123490434
v -0.0172781743 0.0188562655 0.0123067934
v -0.0174856992 0.0188966078 0.0125321967
f 6442 6444 6443
v -0.0175040244 0.0194171284 0.0131679408
v -0.0174977191 0.0192831576 0.0129138934
v -0.0176941976 0.0191725747 0.0130671542
f 6445 6447 6446
v -0.0178966147 0.0195000888 0.0130426692
v -0.0176789719 0.0194409833 0.0131359935
v -0.0178274378 0.0195320492 0.0131801789
f 6448 6450 6449
v -0.0178966147 0.0195000888 0.0130426692
v -0.0178274378 0.0195320492 0.0131801789
v -0.0179912051 0.0196317473 0.0132321293
f 6451 6453 6452
v -0.0181727723 0.0187595986 0.0127733481
v -0.0182403659 0.0192739448 0.0130638044
v -0.0176941976 0.0191725747 0.0130671542
f 6454 6456 6455
v -0.0181114403 0.0192133855 0.0127495092
v -0.0180180767 0.0193423912 0.0130438741
v -0.0181457304 0.0194168388 0.0130816712
f 6457 6459 6458
v -0.0176789719 0.0194409833 0.0131359935
v -0.0175040244 0.0194171284 0.0131679408
v -0.0176941976 0.0191725747 0.0130671542
f 6460 6462 6461
v -0.0174856992 0.0188966078 0.0125321967
v -0.0174427332 0.0189053389 0.0121849778
v -0.0178043847 0.0184519304 0.0122172933
f 6463 6465 6464
v -0.0174856992 0.0188966078 0.0125321967
v -0.0182376229 0.0188369042 0.0123522244
v -0.0173655251 0.0191076033 0.0125775754
f 6466 6468 6467
v -0.018158101 0.0203153468 0.0136426679
v -0.0182366828 0.0205119082 0.0135147682
v -0.0185323006 0.0192622887 0.0131090492
f 6469 6471 6470
v -0.0177955604 0.0205608143 0.0138339994
v -0.0181357202 0.0209978709 0.0136450661
v -0.0178965391 0.0204632262 0.0137512892
f 6472 6474 6473
v -0.018158101 0.0203153468 0.0136426679
v -0.0180395917 0.0203303891 0.013698687
v -0.0180520088 0.0202487892 0.0136177434
f 6475 6477 6476
v -0.0180395917 0.0203303891 0.013698687
v -0.0182366828 0.0205119082 0.0135147682
v -0.0180520088 0.0202487892 0.0136177434
f 6478 6480 6479
v -0.0180191462 0.0205495613 0.0137839437
v -0.0181357202 0.0209978709 0.0136450661
v -0.0182366828 0.0205119082 0.0135147682
f 6481 6483 6482
v -0.0196847453 0.0224016621 0.0153842702
v -0.0181357202 0.0209978709 0.0136450661
v -0.0183512777 0.020657295 0.0140332122
f 6484 6486 6485
v -0.0192444451 0.0206584358 0.0159483345
v -0.0196847453 0.0224016621 0.0153842702
v -0.0183512777 0.020657295 0.0140332122
f 6487 6489 6488
v -0.0180395917 0.0203303891 0.013698687
v -0.018158101 0.0203153468 0.0136426679
v -0.0185109617 0.0196014138 0.013547219
f 6490 6492 6491
v -0.0185109617 0.0196014138 0.013547219
v -0.0192444451 0.0206584358 0.0159483345
v -0.0183512777 0.020657295 0.0140332122
f 6493 6495 6494
v -0.0182366828 0.0205119082 0.0135147682
v -0.0195029235 0.0221000286 0.0134216942
v -0.0201782794 0.0190735576 0.0123627891
f 6496 6498 6497
v -0.0185323006 0.0192622887 0.0131090492
v -0.0182366828 0.0205119082 0.0135147682
v -0.0201782794 0.0190735576 0.0123627891
f 6499 6501 6500
v -0.0175040244 0.0194171284 0.0131679408
v -0.0178274378 0.0195320492 0.0131801789
v -0.0179912051 0.0196317473 0.0132321293
f 6502 6504 6503
v -0.0196847453 0.0224016621 0.0153842702
v -0.0192444451 0.0206584358 0.0159483345
v -0.0194563007 0.0215672379 0.0159558782
f 6505 6507 6506
v -0.0194563007 0.0215672379 0.0159558782
v -0.0195932225 0.0221602255 0.0156548922
v -0.0196847453 0.0224016621 0.0153842702
f 6508 6510 6509
v -0.0197722358 0.0225019903 0.0154230889
v -0.0196847453 0.0224016621 0.0153842702
v -0.0195559915 0.0221729249 0.015786622
f 6511 6513 6512
v -0.0195932225 0.0221602255 0.0156548922
v -0.0194563007 0.0215672379 0.0159558782
v -0.0195559915 0.0221729249 0.015786622
f 6514 6516 6515
v -0.0195932225 0.0221602255 0.0156548922
v -0.0197722358 0.0225019903 0.0154230889
v -0.0195559915 0.0221729249 0.015786622
f 6517 6519 6518
v -0.0194608336 0.0209777063 0.0159830088
v -0.0198275229 0.0214101485 0.0159212621
v -0.0193955813 0.0210002938 0.0161261676
f 6520 6522 6521
v -0.0194717883 0.0208458645 0.0160137948
v -0.0194608336 0.0209777063 0.0159830088
v -0.0193955813 0.0210002938 0.0161261676
f 6523 6525 6524
v -0.0198275229 0.0214101485 0.0159212621
v -0.0194563007 0.0215672379 0.0159558782
v -0.0193955813 0.0210002938 0.0161261676
f 6526 6528 6527
v -0.0194608336 0.0209777063 0.0159830088
v -0.0192444451 0.0206584358 0.0159483345
v -0.0193955813 0.0210002938 0.0161261676
f 6529 6531 6530
v -0.0193805507 0.0206969737 0.0159877178
v -0.0194717883 0.0208458645 0.0160137948
v -0.0193162414 0.0207205812 0.0161368953
f 6532 6534 6533
v -0.0194717883 0.0208458645 0.0160137948
v -0.0198275229 0.0214101485 0.0159212621
v -0.0194608336 0.0209777063 0.0159830088
f 6535 6537 6536
v -0.0205295495 0.0199305432 0.0149492495
v -0.0194717883 0.0208458645 0.0160137948
v -0.0193805507 0.0206969737 0.0159877178
f 6538 6540 6539
v -0.0194608336 0.0209777063 0.0159830088
v -0.0194563007 0.0215672379 0.0159558782
v -0.0192444451 0.0206584358 0.0159483345
f 6541 6543 6542
v -0.0193827203 0.0224449017 0.0140920019
v -0.0189900427 0.0221453898 0.0137041265
v -0.0198525639 0.0224642383 0.0143358076
f 6544 6546 6545
v -0.0193827203 0.0224449017 0.0140920019
v -0.0193867818 0.0223745868 0.0139923999
v -0.0189900427 0.0221453898 0.0137041265
f 6547 6549 6548
v -0.0193867818 0.0223745868 0.0139923999
v -0.0193827203 0.0224449017 0.0140920019
v -0.0193596803 0.0224256946 0.0139775366
f 6550 6552 6551
v -0.0193596803 0.0224256946 0.0139775366
v -0.0189900427 0.0221453898 0.0137041265
v -0.0193867818 0.0223745868 0.0139923999
f 6553 6555 6554
v -0.0195029235 0.0221000286 0.0134216942
v -0.0189900427 0.0221453898 0.0137041265
v -0.0193596803 0.0224256946 0.0139775366
f 6556 6558 6557
v -0.0193867818 0.0223745868 0.0139923999
v -0.0195029235 0.0221000286 0.0134216942
v -0.0193596803 0.0224256946 0.0139775366
f 6559 6561 6560
v -0.0198525639 0.0224642383 0.0143358076
v -0.0193867818 0.0223745868 0.0139923999
v -0.0193596803 0.0224256946 0.0139775366
f 6562 6564 6563
v -0.0181357202 0.0209978709 0.0136450661
v -0.0196847453 0.0224016621 0.0153842702
v -0.0198525639 0.0224642383 0.0143358076
f 6565 6567 6566
v -0.0212720784 0.0215953449 0.0133048918
v -0.0198525639 0.0224642383 0.0143358076
v -0.0197722358 0.0225019903 0.0154230889
f 6568 6570 6569
v -0.0212720784 0.0215953449 0.0133048918
v -0.0197722358 0.0225019903 0.0154230889
v -0.0198275229 0.0214101485 0.0159212621
f 6571 6573 6572
v -0.0201782794 0.0190735576 0.0123627891
v -0.0195029235 0.0221000286 0.0134216942
v -0.0207684832 0.0206523153 0.0121977173
f 6574 6576 6575
v -0.0217982451 0.0207015095 0.0120965247
v -0.0204052383 0.0221231312 0.0132046203
v -0.0212720784 0.0215953449 0.0133048918
f 6577 6579 6578
v -0.0195029235 0.0221000286 0.0134216942
v -0.0198525639 0.0224642383 0.0143358076
v -0.0204052383 0.0221231312 0.0132046203
f 6580 6582 6581
v -0.0165706631 0.0194144406 0.00826005198
v -0.0165455174 0.0190923427 0.0083961073
v -0.0170135128 0.0193214917 0.0082289218
f 6583 6585 6584
v -0.016561865 0.0193515807 0.00818848639
v -0.0167110222 0.0193517481 0.00814855084
v -0.0167827602 0.0189873521 0.00800919297
f 6586 6588 6587
v -0.0167110222 0.0193517481 0.00814855084
v -0.016561865 0.0193515807 0.00818848639
v -0.0166829894 0.0194694148 0.00813270381
f 6589 6591 6590
v -0.0167864811 0.0180354225 0.00860109722
v -0.0164129102 0.019067814 0.00852229641
v -0.0165455174 0.0190923427 0.0083961073
f 6592 6594 6593
v -0.016561865 0.0193515807 0.00818848639
v -0.0165706631 0.0194144406 0.00826005198
v -0.0166829894 0.0194694148 0.00813270381
f 6595 6597 6596
v -0.0171116088 0.0196879788 0.00747664526
v -0.0169023668 0.0195426517 0.00793419604
v -0.0170135128 0.0193214917 0.0082289218
f 6598 6600 6599
v -0.0165706631 0.0194144406 0.00826005198
v -0.0170135128 0.0193214917 0.0082289218
v -0.0167110222 0.0193517481 0.00814855084
f 6601 6603 6602
v -0.0169406849 0.019459243 0.00795852175
v -0.0167827602 0.0189873521 0.00800919297
v -0.0169023668 0.0195426517 0.00793419604
f 6604 6606 6605
v -0.01604024 0.0183616023 0.00994528891
v -0.0163850054 0.0184754244 0.0103798178
v -0.0160595169 0.0184759367 0.00928240479
f 6607 6609 6608
v -0.01604024 0.0183616023 0.00994528891
v -0.0160595169 0.0184759367 0.00928240479
v -0.0160047217 0.0183510507 0.0100733952
f 6610 6612 6611
v -0.0163850054 0.0184754244 0.0103798178
v -0.0161952848 0.018350569 0.0107597982
v -0.0166783328 0.0183279801 0.0106543754
f 6613 6615 6614
v -0.0161952848 0.018350569 0.0107597982
v -0.0162972501 0.0183110227 0.010161825
v -0.0163745062 0.0182041651 0.0100989382
f 6616 6618 6617
v -0.0163319855 0.0183274838 0.0100391015
v -0.0162281023 0.0181284326 0.00990219123
v -0.0163745062 0.0182041651 0.0100989382
f 6619 6621 6620
v -0.0163850054 0.0184754244 0.0103798178
v -0.0167018457 0.0183139768 0.0105077947
v -0.0167288119 0.018294745 0.0103432729
f 6622 6624 6623
v -0.0167288119 0.018294745 0.0103432729
v -0.0161952848 0.018350569 0.0107597982
v -0.0167879363 0.0182449687 0.0103437567
f 6625 6627 6626
v -0.0160595169 0.0184759367 0.00928240479
v -0.0163319855 0.0183274838 0.0100391015
v -0.0166085912 0.0183423326 0.0101357589
f 6628 6630 6629
v -0.0162281023 0.0181284326 0.00990219123
v -0.0162972501 0.0183110227 0.010161825
v -0.0161952848 0.018350569 0.0107597982
f 6631 6633 6632
v -0.0163745062 0.0182041651 0.0100989382
v -0.0162972501 0.0183110227 0.010161825
v -0.0163319855 0.0183274838 0.0100391015
f 6634 6636 6635
v -0.0167288119 0.018294745 0.0103432729
v -0.0166085912 0.0183423326 0.0101357589
v -0.0163850054 0.0184754244 0.0103798178
f 6637 6639 6638
v -0.0161952848 0.018350569 0.0107597982
v -0.0166085912 0.0183423326 0.0101357589
v -0.016758962 0.018021508 0.0101539743
f 6640 6642 6641
v -0.0172198997 0.0183780125 0.011236994
v -0.0173627006 0.0185574172 0.0116720585
v -0.0179766852 0.0184757533 0.0112882663
f 6643 6645 6644
v -0.0174463581 0.0183867116 0.0112927759
v -0.0173627006 0.0185574172 0.0116720585
v -0.017319544 0.0183366152 0.011246917
f 6646 6648 6647
v -0.0173627006 0.0185574172 0.0116720585
v -0.0172198997 0.0183780125 0.011236994
v -0.017319544 0.0183366152 0.011246917
f 6649 6651 6650
v -0.0168936967 0.0182124277 0.0101876903
v -0.0174339177 0.0182182484 0.0104067833
v -0.0160595169 0.0184759367 0.00928240479
f 6652 6654 6653
v -0.0168334416 0.0183183525 0.0107135595
v -0.0167879363 0.0182449687 0.0103437567
v -0.0169534425 0.0183341341 0.0104670842
f 6655 6657 6656
v -0.0166085912 0.0183423326 0.0101357589
v -0.0167288119 0.018294745 0.0103432729
v -0.0169534425 0.0183341341 0.0104670842
f 6658 6660 6659
v -0.0163850054 0.0184754244 0.0103798178
v -0.0166783328 0.0183279801 0.0106543754
v -0.0167018457 0.0183139768 0.0105077947
f 6661 6663 6662
v -0.0166783328 0.0183279801 0.0106543754
v -0.0167018457 0.0183139768 0.0105077947
v -0.0168334416 0.0183183525 0.0107135595
f 6664 6666 6665
v -0.0167072605 0.0186743797 0.00856585466
v -0.016896725 0.0179718365 0.00893853794
v -0.0170135128 0.0193214917 0.0082289218
f 6667 6669 6668
v -0.0167864811 0.0180354225 0.00860109722
v -0.0165971273 0.0189445665 0.00844681999
v -0.0166525322 0.018793116 0.00850943979
f 6670 6672 6671
v -0.0167864811 0.0180354225 0.00860109722
v -0.0166525322 0.018793116 0.00850943979
v -0.0167072605 0.0186743797 0.00856585466
f 6673 6675 6674
v -0.0165455174 0.0190923427 0.0083961073
v -0.0165971273 0.0189445665 0.00844681999
v -0.0170135128 0.0193214917 0.0082289218
f 6676 6678 6677
v -0.0165971273 0.0189445665 0.00844681999
v -0.0167864811 0.0180354225 0.00860109722
v -0.0165455174 0.0190923427 0.0083961073
f 6679 6681 6680
v -0.015971523 0.018291692 0.00985300212
v -0.0160047217 0.0183510507 0.0100733952
v -0.0160595169 0.0184759367 0.00928240479
f 6682 6684 6683
v -0.01604024 0.0183616023 0.00994528891
v -0.015971523 0.018291692 0.00985300212
v -0.0162281023 0.0181284326 0.00990219123
f 6685 6687 6686
v -0.0160595169 0.0184759367 0.00928240479
v -0.0176436879 0.0181972035 0.0105082159
v -0.017196557 0.0178975519 0.00952264527
f 6688 6690 6689
v -0.0167864811 0.0180354225 0.00860109722
v -0.0165883626 0.0186560326 0.00479292066
v -0.0158494455 0.0173310735 0.00675424817
f 6691 6693 6692
v -0.0167827602 0.0189873521 0.00800919297
v -0.0171116088 0.0196879788 0.00747664526
v -0.0167864811 0.0180354225 0.00860109722
f 6694 6696 6695
v -0.0165883626 0.0186560326 0.00479292066
v -0.0167864811 0.0180354225 0.00860109722
v -0.0171116088 0.0196879788 0.00747664526
f 6697 6699 6698
v -0.0190937892 0.0176975533 0.00821668073
v -0.0199545553 0.018344757 0.00585883463
v -0.0176406436 0.0200662573 0.00624699096
f 6700 6702 6701
v -0.0176406436 0.0200662573 0.00624699096
v -0.0199545553 0.018344757 0.00585883463
v -0.0189788974 0.0203843869 0.00480060153
f 6703 6705 6704
v -0.0173627006 0.0185574172 0.0116720585
v -0.0174427332 0.0189053389 0.0121849778
v -0.0179766852 0.0184757533 0.0112882663
f 6706 6708 6707
v -0.0171116088 0.0196879788 0.00747664526
v -0.0170135128 0.0193214917 0.0082289218
v -0.0190937892 0.0176975533 0.00821668073
f 6709 6711 6710
v -0.0167827602 0.0189873521 0.00800919297
v -0.0169406849 0.019459243 0.00795852175
v -0.0171116088 0.0196879788 0.00747664526
f 6712 6714 6713
v -0.0169570689 0.0189519633 0.000366061226
v -0.0181236319 0.0204415584 0.00371935967
v -0.0187383397 0.0214859072 0.001593659
f 6715 6717 6716
v -0.0186913108 0.0217657667 0.000363494405
v -0.0169570689 0.0189519633 0.000366061226
v -0.0187383397 0.0214859072 0.001593659
f 6718 6720 6719
v -0.0183575801 0.0206037279 0.00458621362
v -0.0183008189 0.0212929255 0.00331107221
v -0.0181236319 0.0204415584 0.00371935967
f 6721 6723 6722
v -0.0183008189 0.0212929255 0.00331107221
v -0.0197030749 0.0217747496 0.000303696174
v -0.0187383397 0.0214859072 0.001593659
f 6724 6726 6725
v -0.0181236319 0.0204415584 0.00371935967
v -0.0169570689 0.0189519633 0.000366061226
v -0.0165883626 0.0186560326 0.00479292066
f 6727 6729 6728
v -0.0204667711 0.0194254171 0.00394767594
v -0.0199545553 0.018344757 0.00585883463
v -0.0216528002 0.0176297966 0.00349685506
f 6730 6732 6731
v -0.0219327558 0.0197818517 0.00191802228
v -0.0204667711 0.0194254171 0.00394767594
v -0.0216528002 0.0176297966 0.00349685506
f 6733 6735 6734
v -0.0214606407 0.0199769624 0.000374632737
v -0.0219327558 0.0197818517 0.00191802228
v -0.0223043113 0.0187095764 0.00214402935
f 6736 6738 6737
v -0.0225387659 0.0182196367 0.000352740381
v -0.0214606407 0.0199769624 0.000374632737
v -0.0223043113 0.0187095764 0.00214402935
f 6739 6741 6740
v -0.0217982451 0.0207015095 0.0120965247
v -0.0212720784 0.0215953449 0.0133048918
v -0.0232381004 0.0199185728 0.0117969299
f 6742 6744 6743
v -0.0155254922 0.0107042746 0.0136839109
v -0.0153402667 0.0107879736 0.0136159273
v -0.0152857174 0.0102876795 0.013725835
f 6745 6747 6746
v -0.0133199501 0.0113501228 0.0115559065
v -0.0155253249 0.0116286988 0.0135018025
v -0.0139582757 0.0126976462 0.0110143228
f 6748 6750 6749
v -0.0139582757 0.0126976462 0.0110143228
v -0.0155253249 0.0116286988 0.0135018025
v -0.0164398502 0.01287388 0.0138211792
f 6751 6753 6752
v -0.0153402667 0.0107879736 0.0136159273
v -0.0155253249 0.0116286988 0.0135018025
v -0.0133199501 0.0113501228 0.0115559065
f 6754 6756 6755
v -0.0133199501 0.0113501228 0.0115559065
v -0.0150607739 0.00992464193 0.013663547
v -0.0153402667 0.0107879736 0.0136159273
f 6757 6759 6758
v -0.0150607739 0.00992464193 0.013663547
v -0.0152950175 0.0102861479 0.0136811548
v -0.0153402667 0.0107879736 0.0136159273
f 6760 6762 6761
v -0.0156327966 0.0112977752 0.013627726
v -0.0153402667 0.0107879736 0.0136159273
v -0.0156215639 0.0112933863 0.0137123745
f 6763 6765 6764
v -0.0155254922 0.0107042746 0.0136839109
v -0.0156327966 0.0112977752 0.013627726
v -0.0156215639 0.0112933863 0.0137123745
f 6766 6768 6767
v -0.0156327966 0.0112977752 0.013627726
v -0.0159915056 0.0117757394 0.0136511168
v -0.0156215639 0.0112933863 0.0137123745
f 6769 6771 6770
v -0.0159915056 0.0117757394 0.0136511168
v -0.0156327966 0.0112977752 0.013627726
v -0.0155254922 0.0107042746 0.0136839109
f 6772 6774 6773
v -0.0159915056 0.0117757394 0.0136511168
v -0.0155254922 0.0107042746 0.0136839109
v -0.0162575525 0.0101641075 0.0128363288
f 6775 6777 6776
v -0.0153402667 0.0107879736 0.0136159273
v -0.0156327966 0.0112977752 0.013627726
v -0.0155253249 0.0116286988 0.0135018025
f 6778 6780 6779
v -0.0159915056 0.0117757394 0.0136511168
v -0.0155253249 0.0116286988 0.0135018025
v -0.0156215639 0.0112933863 0.0137123745
f 6781 6783 6782
v -0.0152950175 0.0102861479 0.0136811548
v -0.0150607739 0.00992464193 0.013663547
v -0.0152857174 0.0102876795 0.013725835
f 6784 6786 6785
v -0.0152950175 0.0102861479 0.0136811548
v -0.0155254922 0.0107042746 0.0136839109
v -0.0152857174 0.0102876795 0.013725835
f 6787 6789 6788
v -0.00606392714 0.00390424866 0.0125661056
v -0.00645190594 0.0042527161 0.0124710379
v -0.00642061059 0.00430717009 0.0123963808
f 6790 6792 6791
v -0.00642061059 0.00430717009 0.0123963808
v -0.00654160467 0.00444930338 0.0124407379
v -0.00645190594 0.0042527161 0.0124710379
f 6793 6795 6794
v -0.00654160467 0.00444930338 0.0124407379
v -0.00655407639 0.00464055775 0.0123398902
v -0.00645190594 0.0042527161 0.0124710379
f 6796 6798 6797
v -0.00719657983 0.00504953096 0.012180733
v -0.00646774788 0.00364001644 0.0123175938
v -0.0083958992 0.00320161598 0.012318368
f 6799 6801 6800
v -0.00655407639 0.00464055775 0.0123398902
v -0.00646774788 0.00364001644 0.0123175938
v -0.00719657983 0.00504953096 0.012180733
f 6802 6804 6803
v -0.00655407639 0.00464055775 0.0123398902
v -0.00654160467 0.00444930338 0.0124407379
v -0.00646774788 0.00364001644 0.0123175938
f 6805 6807 6806
v -0.0106025516 0.00532732774 0.0132768822
v -0.00966017906 0.00476994246 0.013423388
v -0.0100869263 0.00420333963 0.0130406668
f 6808 6810 6809
v -0.00966017906 0.00476994246 0.013423388
v -0.0106025516 0.00532732774 0.0132768822
v -0.00891663221 0.00505689713 0.0128137821
f 6811 6813 6812
v -0.0106025516 0.00532732774 0.0132768822
v -0.0127553823 0.0068324669 0.0132065965
v -0.00891663221 0.00505689713 0.0128137821
f 6814 6816 6815
v -0.00891663221 0.00505689713 0.0128137821
v -0.0083958992 0.00320161598 0.012318368
v -0.010318109 0.00167236358 0.0122054262
f 6817 6819 6818
v -0.0100869263 0.00420333963 0.0130406668
v -0.0129913213 0.00317809208 0.0128315791
v -0.0106025516 0.00532732774 0.0132768822
f 6820 6822 6821
v -0.00891663221 0.00505689713 0.0128137821
v -0.010318109 0.00167236358 0.0122054262
v -0.0100869263 0.00420333963 0.0130406668
f 6823 6825 6824
v -0.010318109 0.00167236358 0.0122054262
v -0.0143170168 0.00204870958 0.0133336987
v -0.0129913213 0.00317809208 0.0128315791
f 6826 6828 6827
v -0.0146433551 0.00695925701 0.0124463957
v -0.0127553823 0.0068324669 0.0132065965
v -0.0128062311 0.00469599763 0.0123201928
f 6829 6831 6830
v -0.0146433551 0.00695925701 0.0124463957
v -0.0128062311 0.00469599763 0.0123201928
v -0.0161396005 0.00451394735 0.0123462407
f 6832 6834 6833
v -0.0142866484 0.00768276514 0.0131758687
v -0.0155373549 0.00796262248 0.0130720815
v -0.0150680105 0.0096058342 0.0136869436
f 6835 6837 6836
v -0.0162575525 0.0101641075 0.0128363288
v -0.0150680105 0.0096058342 0.0136869436
v -0.0155373549 0.00796262248 0.0130720815
f 6838 6840 6839
v -0.0162575525 0.0101641075 0.0128363288
v -0.0155373549 0.00796262248 0.0130720815
v -0.016173895 0.00677620992 0.0128806802
f 6841 6843 6842
v -0.00891663221 0.00505689713 0.0128137821
v -0.012286198 0.00904407716 0.0124494894
v -0.00960090256 0.00814610612 0.0113813854
f 6844 6846 6845
v -0.0150680105 0.0096058342 0.0136869436
v -0.0152950175 0.0102861479 0.0136811548
v -0.0152857174 0.0102876795 0.013725835
f 6847 6849 6848
v -0.00960090256 0.00814610612 0.0113813854
v -0.0133199501 0.0113501228 0.0115559065
v -0.0106422631 0.0120510282 0.00535037798
f 6850 6852 6851
v -0.0106422631 0.0120510282 0.00535037798
v -0.0101463746 0.0115858253 0.000382074404
v -0.0074988784 0.0090653848 0.00394246817
f 6853 6855 6854
v -0.0156493683 0.0147051949 0.0112103909
v -0.0150857362 0.0153582994 0.0091621303
v -0.0139582757 0.0126976462 0.0110143228
f 6856 6858 6857
v -0.0106422631 0.0120510282 0.00535037798
v -0.0139582757 0.0126976462 0.0110143228
v -0.0135846305 0.0140115124 0.006981966
f 6859 6861 6860
v -0.0164398502 0.01287388 0.0138211792
v -0.0156493683 0.0147051949 0.0112103909
v -0.0139582757 0.0126976462 0.0110143228
f 6862 6864 6863
v -0.0106422631 0.0120510282 0.00535037798
v -0.0135846305 0.0140115124 0.006981966
v -0.0130357745 0.0147413433 0.000364909533
f 6865 6867 6866
v -0.0140746168 0.0162788623 0.000371060742
v -0.0135846305 0.0140115124 0.006981966
v -0.0158494455 0.0173310735 0.00675424817
f 6868 6870 6869
v -0.0040273655 0.00608777955 0.00817375767
v -0.00530695943 0.00533570274 0.010787919
v -0.00802634822 0.00896112033 0.00644674219
f 6871 6873 6872
v -0.00340362094 0.00647814522 0.00439106443
v -0.00802634822 0.00896112033 0.00644674219
v -0.0074988784 0.0090653848 0.00394246817
f 6874 6876 6875
v -0.0128062311 0.00469599763 0.0123201928
v -0.015438706 0.00266131192 0.0116110728
v -0.0155285772 0.00379357152 0.0121365949
f 6877 6879 6878
v -0.0155285772 0.00379357152 0.0121365949
v -0.016096975 0.00310904397 0.0120169272
v -0.0168776649 0.00310567484 0.012995553
f 6880 6882 6881
v -0.016096975 0.00310904397 0.0120169272
v -0.015438706 0.00266131192 0.0116110728
v -0.016940113 0.00293609337 0.0117258933
f 6883 6885 6884
v -0.0161396005 0.00451394735 0.0123462407
v -0.0175636436 0.0038886461 0.0124047947
v -0.0183828204 0.00393533737 0.0127281673
f 6886 6888 6887
v -0.0168776649 0.00310567484 0.012995553
v -0.016940113 0.00293609337 0.0117258933
v -0.0175636436 0.0038886461 0.0124047947
f 6889 6891 6890
v -0.0175183726 0.00215034925 0.0112768816
v -0.0194111839 0.00310040014 0.0118166281
v -0.0175636436 0.0038886461 0.0124047947
f 6892 6894 6893
v -0.0161396005 0.00451394735 0.0123462407
v -0.0168776649 0.00310567484 0.012995553
v -0.0175636436 0.0038886461 0.0124047947
f 6895 6897 6896
v -0.0189749451 0.00474978769 0.0126937317
v -0.0168849307 0.00624301974 0.0130283268
v -0.0161396005 0.00451394735 0.0123462407
f 6898 6900 6899
v -0.0202678231 0.00714430716 0.0126870727
v -0.0193632193 0.00855526814 0.0129950728
v -0.0189749451 0.00474978769 0.0126937317
f 6901 6903 6902
v -0.0202678231 0.00714430716 0.0126870727
v -0.0189749451 0.00474978769 0.0126937317
v -0.0210087586 0.00630317809 0.0127150852
f 6904 6906 6905
v -0.0189749451 0.00474978769 0.0126937317
v -0.0222863164 0.00451263913 0.0126766128
v -0.0210087586 0.00630317809 0.0127150852
f 6907 6909 6908
v -0.0168849307 0.00624301974 0.0130283268
v -0.0189749451 0.00474978769 0.0126937317
v -0.0193632193 0.00855526814 0.0129950728
f 6910 6912 6911
v -0.0175396053 0.0152217923 0.0140776596
v -0.0179747149 0.015605372 0.0145739061
v -0.0183794866 0.0160284631 0.0145442114
f 6913 6915 6914
v -0.0175713474 0.01778796 0.0110335692
v -0.0156493683 0.0147051949 0.0112103909
v -0.0183794866 0.0160284631 0.0145442114
f 6916 6918 6917
v -0.0192422638 0.0201207338 0.0159879535
v -0.0191574538 0.0200273644 0.0159647781
v -0.0191858649 0.0201429852 0.0161424541
f 6919 6921 6920
v -0.0192422638 0.0201207338 0.0159879535
v -0.0192444451 0.0206584358 0.0159483345
v -0.0191574538 0.0200273644 0.0159647781
f 6922 6924 6923
v -0.0190414954 0.0194193082 0.0159446005
v -0.0191412109 0.0195397733 0.0158295181
v -0.0191274841 0.0197114088 0.0158053328
f 6925 6927 6926
v -0.0191693412 0.0199710121 0.0161322561
v -0.0191268744 0.0198615395 0.016133234
v -0.0191745872 0.0198424314 0.0159822783
f 6928 6930 6929
v -0.0193109227 0.0196699475 0.0158181821
v -0.0191268744 0.0198615395 0.016133234
v -0.0191274841 0.0197114088 0.0158053328
f 6931 6933 6932
v -0.0191693412 0.0199710121 0.0161322561
v -0.0192422638 0.0201207338 0.0159879535
v -0.0191858649 0.0201429852 0.0161424541
f 6934 6936 6935
v -0.0191693412 0.0199710121 0.0161322561
v -0.0191574538 0.0200273644 0.0159647781
v -0.0191268744 0.0198615395 0.016133234
f 6937 6939 6938
v -0.0191412109 0.0195397733 0.0158295181
v -0.0190414954 0.0194193082 0.0159446005
v -0.0191109066 0.019555162 0.0159949006
f 6940 6942 6941
v -0.0191274841 0.0197114088 0.0158053328
v -0.0191268744 0.0198615395 0.016133234
v -0.0191745872 0.0198424314 0.0159822783
f 6943 6945 6944
v -0.0191274841 0.0197114088 0.0158053328
v -0.0191109066 0.019555162 0.0159949006
v -0.0193109227 0.0196699475 0.0158181821
f 6946 6948 6947
v -0.0191109066 0.019555162 0.0159949006
v -0.0191274841 0.0197114088 0.0158053328
v -0.0191412109 0.0195397733 0.0158295181
f 6949 6951 6950
v -0.0192108346 0.0198283349 0.0158430339
v -0.0191693412 0.0199710121 0.0161322561
v -0.0191745872 0.0198424314 0.0159822783
f 6952 6954 6953
v -0.0193109227 0.0196699475 0.0158181821
v -0.0192108346 0.0198283349 0.0158430339
v -0.0191745872 0.0198424314 0.0159822783
f 6955 6957 6956
v -0.0191274841 0.0197114088 0.0158053328
v -0.0191745872 0.0198424314 0.0159822783
v -0.0192108346 0.0198283349 0.0158430339
f 6958 6960 6959
v -0.0191412109 0.0195397733 0.0158295181
v -0.0193109227 0.0196699475 0.0158181821
v -0.0191109066 0.019555162 0.0159949006
f 6961 6963 6962
v -0.0192108346 0.0198283349 0.0158430339
v -0.0191574538 0.0200273644 0.0159647781
v -0.0191274841 0.0197114088 0.0158053328
f 6964 6966 6965
v -0.0191693412 0.0199710121 0.0161322561
v -0.0193109227 0.0196699475 0.0158181821
v -0.0192422638 0.0201207338 0.0159879535
f 6967 6969 6968
v -0.0191012834 0.0186923004 0.0154864771
v -0.0191909756 0.0186216741 0.0159138523
v -0.0192248146 0.0186053527 0.0157546776
f 6970 6972 6971
v -0.0193803222 0.0188867678 0.015836535
v -0.0190853738 0.0193711647 0.0160325028
v -0.0190961451 0.0191074592 0.0160242547
f 6973 6975 6974
v -0.0191425526 0.0190963037 0.0158712937
v -0.0193803222 0.0188867678 0.015836535
v -0.0190961451 0.0191074592 0.0160242547
f 6976 6978 6977
v -0.0193803222 0.0188867678 0.015836535
v -0.0193109227 0.0196699475 0.0158181821
v -0.0190853738 0.0193711647 0.0160325028
f 6979 6981 6980
v -0.0191012834 0.0186923004 0.0154864771
v -0.0190414954 0.0194193082 0.0159446005
v -0.0191274841 0.0197114088 0.0158053328
f 6982 6984 6983
v -0.0192248146 0.0186053527 0.0157546776
v -0.0193803222 0.0188867678 0.015836535
v -0.0191909756 0.0186216741 0.0159138523
f 6985 6987 6986
v -0.0193803222 0.0188867678 0.015836535
v -0.0191706698 0.0188508289 0.0159641902
v -0.0191909756 0.0186216741 0.0159138523
f 6988 6990 6989
v -0.0200724942 0.0180894669 0.0152896217
v -0.0191695071 0.018431613 0.0158935203
v -0.0192508538 0.0181393101 0.0157714792
f 6991 6993 6992
v -0.0200724942 0.0180894669 0.0152896217
v -0.0192248146 0.0186053527 0.0157546776
v -0.0191909756 0.0186216741 0.0159138523
f 6994 6996 6995
v -0.0193803222 0.0188867678 0.015836535
v -0.0192248146 0.0186053527 0.0157546776
v -0.0200724942 0.0180894669 0.0152896217
f 6997 6999 6998
v -0.0178043847 0.0184519304 0.0122172933
v -0.0181291049 0.0185612997 0.0124954153
v -0.0181727723 0.0187595986 0.0127733481
f 7000 7002 7001
v -0.0179001421 0.0181615003 0.0117672083
v -0.0182376229 0.0188369042 0.0123522244
v -0.0181935451 0.0184966426 0.0123118545
f 7003 7005 7004
v -0.0181704236 0.0182438598 0.0124080572
v -0.0178043847 0.0184519304 0.0122172933
v -0.0179001421 0.0181615003 0.0117672083
f 7006 7008 7007
v -0.0183299737 0.0188134247 0.0127872394
v -0.0181727723 0.0187595986 0.0127733481
v -0.0181704236 0.0182438598 0.0124080572
f 7009 7011 7010
v -0.0181704236 0.0182438598 0.0124080572
v -0.0183794866 0.0160284631 0.0145442114
v -0.0185323006 0.0192622887 0.0131090492
f 7012 7014 7013
v -0.018447917 0.0183893586 0.0122261321
v -0.0185323006 0.0192622887 0.0131090492
v -0.020202712 0.0176761372 0.0115623428
f 7015 7017 7016
v -0.0182376229 0.0188369042 0.0123522244
v -0.0182508797 0.0183963915 0.0123402162
v -0.0181935451 0.0184966426 0.0123118545
f 7018 7020 7019
v -0.0181704236 0.0182438598 0.0124080572
v -0.0181727723 0.0187595986 0.0127733481
v -0.0182376229 0.0188369042 0.0123522244
f 7021 7023 7022
v -0.0182376229 0.0188369042 0.0123522244
v -0.0181727723 0.0187595986 0.0127733481
v -0.0181291049 0.0185612997 0.0124954153
f 7024 7026 7025
v -0.0192444451 0.0206584358 0.0159483345
v -0.0191012834 0.0186923004 0.0154864771
v -0.0191274841 0.0197114088 0.0158053328
f 7027 7029 7028
v -0.0185109617 0.0196014138 0.013547219
v -0.0185323006 0.0192622887 0.0131090492
v -0.0191012834 0.0186923004 0.0154864771
f 7030 7032 7031
v -0.0191012834 0.0186923004 0.0154864771
v -0.0192444451 0.0206584358 0.0159483345
v -0.0185109617 0.0196014138 0.013547219
f 7033 7035 7034
v -0.0190456994 0.0171581851 0.015095956
v -0.0193160464 0.0174443267 0.0154819543
v -0.0191012834 0.0186923004 0.0154864771
f 7036 7038 7037
v -0.0183794866 0.0160284631 0.0145442114
v -0.0185362966 0.0165088772 0.0150986045
v -0.0190456994 0.0171581851 0.015095956
f 7039 7041 7040
v -0.0185362966 0.0165088772 0.0150986045
v -0.0183794866 0.0160284631 0.0145442114
v -0.0192037449 0.0159638628 0.0142307574
f 7042 7044 7043
v -0.0185362966 0.0165088772 0.0150986045
v -0.0192037449 0.0159638628 0.0142307574
v -0.0203958436 0.0162149285 0.0145623024
f 7045 7047 7046
v -0.0185362966 0.0165088772 0.0150986045
v -0.0203958436 0.0162149285 0.0145623024
v -0.0192851046 0.0169959094 0.0154623965
f 7048 7050 7049
v -0.0193563887 0.017648768 0.015524312
v -0.0193160464 0.0174443267 0.0154819543
v -0.0193209053 0.0176628237 0.0156206283
f 7051 7053 7052
v -0.0193160464 0.0174443267 0.0154819543
v -0.0193563887 0.017648768 0.015524312
v -0.0192188629 0.018019267 0.0157209608
f 7054 7056 7055
v -0.0200724942 0.0180894669 0.0152896217
v -0.0192864914 0.0181260795 0.0156652939
v -0.0193333588 0.0178868286 0.0156806578
f 7057 7059 7058
v -0.0193563887 0.017648768 0.015524312
v -0.0193333588 0.0178868286 0.0156806578
v -0.0193209053 0.0176628237 0.0156206283
f 7060 7062 7061
v -0.0192188629 0.018019267 0.0157209608
v -0.0192864914 0.0181260795 0.0156652939
v -0.0191012834 0.0186923004 0.0154864771
f 7063 7065 7064
v -0.0205295495 0.0199305432 0.0149492495
v -0.0193803222 0.0188867678 0.015836535
v -0.0200724942 0.0180894669 0.0152896217
f 7066 7068 7067
v -0.0194323133 0.017164959 0.0153883448
v -0.0193744534 0.0174384913 0.015547665
v -0.0194082881 0.0171846463 0.01544267
f 7069 7071 7070
v -0.0192851046 0.0169959094 0.0154623965
v -0.0194323133 0.017164959 0.0153883448
v -0.0194082881 0.0171846463 0.01544267
f 7072 7074 7073
v -0.0193744534 0.0174384913 0.015547665
v -0.0192851046 0.0169959094 0.0154623965
v -0.0200724942 0.0180894669 0.0152896217
f 7075 7077 7076
v -0.0193744534 0.0174384913 0.015547665
v -0.0193563887 0.017648768 0.015524312
v -0.0193209053 0.0176628237 0.0156206283
f 7078 7080 7079
v -0.0193333588 0.0178868286 0.0156806578
v -0.0193563887 0.017648768 0.015524312
v -0.0193744534 0.0174384913 0.015547665
f 7081 7083 7082
v -0.0193160464 0.0174443267 0.0154819543
v -0.0190456994 0.0171581851 0.015095956
v -0.0194323133 0.017164959 0.0153883448
f 7084 7086 7085
v -0.0193333588 0.0178868286 0.0156806578
v -0.0193744534 0.0174384913 0.015547665
v -0.0200724942 0.0180894669 0.0152896217
f 7087 7089 7088
v -0.0185323006 0.0192622887 0.0131090492
v -0.0201782794 0.0190735576 0.0123627891
v -0.020202712 0.0176761372 0.0115623428
f 7090 7092 7091
v -0.0172448505 0.0140192584 0.0145988102
v -0.0167313949 0.0134936083 0.0143771118
v -0.0172162676 0.0140198652 0.0147288054
f 7093 7095 7094
v -0.0167313949 0.0134936083 0.0143771118
v -0.0178857284 0.0141388417 0.0138107338
v -0.01709403 0.013813829 0.014703683
f 7096 7098 7097
v -0.0172448505 0.0140192584 0.0145988102
v -0.0172162676 0.0140198652 0.0147288054
v -0.01709403 0.013813829 0.014703683
f 7099 7101 7100
v -0.0175396053 0.0152217923 0.0140776596
v -0.0167313949 0.0134936083 0.0143771118
v -0.0172268512 0.014373695 0.0143820624
f 7102 7104 7103
v -0.0178857284 0.0141388417 0.0138107338
v -0.0172448505 0.0140192584 0.0145988102
v -0.01709403 0.013813829 0.014703683
f 7105 7107 7106
v -0.0167313949 0.0134936083 0.0143771118
v -0.0156493683 0.0147051949 0.0112103909
v -0.0164398502 0.01287388 0.0138211792
f 7108 7110 7109
v -0.0176370522 0.0145067112 0.0144101301
v -0.0178173403 0.0149062515 0.0142482837
v -0.017810805 0.0149076644 0.0142770441
f 7111 7113 7112
v -0.0172268512 0.014373695 0.0143820624
v -0.0178173403 0.0149062515 0.0142482837
v -0.0175396053 0.0152217923 0.0140776596
f 7114 7116 7115
v -0.0183794866 0.0160284631 0.0145442114
v -0.0179747149 0.015605372 0.0145739061
v -0.0178857284 0.0141388417 0.0138107338
f 7117 7119 7118
v -0.0178173403 0.0149062515 0.0142482837
v -0.0178857284 0.0141388417 0.0138107338
v -0.017810805 0.0149076644 0.0142770441
f 7120 7122 7121
v -0.0178857284 0.0141388417 0.0138107338
v -0.0175396053 0.0152217923 0.0140776596
v -0.017810805 0.0149076644 0.0142770441
f 7123 7125 7124
v -0.0192037449 0.0159638628 0.0142307574
v -0.0178857284 0.0141388417 0.0138107338
v -0.0200359544 0.0128636384 0.0129209657
f 7126 7128 7127
v -0.0200359544 0.0128636384 0.0129209657
v -0.0178857284 0.0141388417 0.0138107338
v -0.0173611319 0.0118925884 0.0131213426
f 7129 7131 7130
v -0.0178857284 0.0141388417 0.0138107338
v -0.0164398502 0.01287388 0.0138211792
v -0.0173611319 0.0118925884 0.0131213426
f 7132 7134 7133
v -0.0176370522 0.0145067112 0.0144101301
v -0.0172268512 0.014373695 0.0143820624
v -0.0172162676 0.0140198652 0.0147288054
f 7135 7137 7136
v -0.0176370522 0.0145067112 0.0144101301
v -0.0172162676 0.0140198652 0.0147288054
v -0.0172448505 0.0140192584 0.0145988102
f 7138 7140 7139
v -0.0176370522 0.0145067112 0.0144101301
v -0.0172448505 0.0140192584 0.0145988102
v -0.0178857284 0.0141388417 0.0138107338
f 7141 7143 7142
v -0.0203958436 0.0162149285 0.0145623024
v -0.0192037449 0.0159638628 0.0142307574
v -0.0218574583 0.0154779744 0.014148542
f 7144 7146 7145
v -0.0191706698 0.0188508289 0.0159641902
v -0.0191012834 0.0186923004 0.0154864771
v -0.0192248146 0.0186053527 0.0157546776
f 7147 7149 7148
v -0.0192864914 0.0181260795 0.0156652939
v -0.0200724942 0.0180894669 0.0152896217
v -0.0192508538 0.0181393101 0.0157714792
f 7150 7152 7151
v -0.0193109227 0.0196699475 0.0158181821
v -0.0193803222 0.0188867678 0.015836535
v -0.0205295495 0.0199305432 0.0149492495
f 7153 7155 7154
v -0.0192864914 0.0181260795 0.0156652939
v -0.0192188629 0.018019267 0.0157209608
v -0.0192508538 0.0181393101 0.0157714792
f 7156 7158 7157
v -0.0193333588 0.0178868286 0.0156806578
v -0.0192864914 0.0181260795 0.0156652939
v -0.0192508538 0.0181393101 0.0157714792
f 7159 7161 7160
v -0.0192361942 0.0203098505 0.0161145523
v -0.0193034954 0.0204145457 0.0159907824
v -0.0192415871 0.020436701 0.0161490578
f 7162 7164 7163
v -0.0193109227 0.0196699475 0.0158181821
v -0.0205295495 0.0199305432 0.0149492495
v -0.0192361942 0.0203098505 0.0161145523
f 7165 7167 7166
v -0.0205295495 0.0199305432 0.0149492495
v -0.0193034954 0.0204145457 0.0159907824
v -0.0192361942 0.0203098505 0.0161145523
f 7168 7170 7169
v -0.0212720784 0.0215953449 0.0133048918
v -0.0205295495 0.0199305432 0.0149492495
v -0.0225480893 0.0202325304 0.0130035914
f 7171 7173 7172
v -0.0205295495 0.0199305432 0.0149492495
v -0.0200724942 0.0180894669 0.0152896217
v -0.0224852964 0.0177839203 0.0134643487
f 7174 7176 7175
v -0.0193034954 0.0204145457 0.0159907824
v -0.0192444451 0.0206584358 0.0159483345
v -0.0192415871 0.020436701 0.0161490578
f 7177 7179 7178
v -0.0192361942 0.0203098505 0.0161145523
v -0.0191858649 0.0201429852 0.0161424541
v -0.0192422638 0.0201207338 0.0159879535
f 7180 7182 7181
v -0.0192361942 0.0203098505 0.0161145523
v -0.0192444451 0.0206584358 0.0159483345
v -0.0191858649 0.0201429852 0.0161424541
f 7183 7185 7184
v -0.0192361942 0.0203098505 0.0161145523
v -0.0192422638 0.0201207338 0.0159879535
v -0.0193109227 0.0196699475 0.0158181821
f 7186 7188 7187
v -0.016994444 0.0172264932 0.0104070576
v -0.0170524538 0.0171576947 0.0106189807
v -0.0172062748 0.0173701686 0.0105404753
f 7189 7191 7190
v -0.0168421306 0.0172109678 0.0100532066
v -0.0158494455 0.0173310735 0.00675424817
v -0.0150857362 0.0153582994 0.0091621303
f 7192 7194 7193
v -0.0167247141 0.0172501634 0.00964930077
v -0.0158494455 0.0173310735 0.00675424817
v -0.0168421306 0.0172109678 0.0100532066
f 7195 7197 7196
v -0.017161858 0.0175571156 0.0103065009
v -0.017354147 0.0175231835 0.0105547508
v -0.0171307853 0.0176767149 0.0102494567
f 7198 7200 7199
v -0.017715276 0.01804325 0.0110482659
v -0.0179001421 0.0181615003 0.0117672083
v -0.0176910165 0.0181257157 0.0110189008
f 7201 7203 7202
v -0.0176910165 0.0181257157 0.0110189008
v -0.0174262939 0.0179761992 0.0104458595
v -0.017715276 0.01804325 0.0110482659
f 7204 7206 7205
v -0.0169384963 0.0169992345 0.0104268445
v -0.0170524538 0.0171576947 0.0106189807
v -0.0169249106 0.0170709071 0.0103892155
f 7207 7209 7208
v -0.0170524538 0.0171576947 0.0106189807
v -0.0169384963 0.0169992345 0.0104268445
v -0.0168421306 0.0172109678 0.0100532066
f 7210 7212 7211
v -0.016994444 0.0172264932 0.0104070576
v -0.0175713474 0.01778796 0.0110335692
v -0.0196974885 0.0176667454 0.0111363523
f 7213 7215 7214
v -0.016994444 0.0172264932 0.0104070576
v -0.0172062748 0.0173701686 0.0105404753
v -0.0172459462 0.0172527914 0.0105962325
f 7216 7218 7217
v -0.0172459462 0.0172527914 0.0105962325
v -0.0175713474 0.01778796 0.0110335692
v -0.0172062748 0.0173701686 0.0105404753
f 7219 7221 7220
v -0.0175713474 0.01778796 0.0110335692
v -0.016994444 0.0172264932 0.0104070576
v -0.017354147 0.0175231835 0.0105547508
f 7222 7224 7223
v -0.0174262939 0.0179761992 0.0104458595
v -0.017354147 0.0175231835 0.0105547508
v -0.017161858 0.0175571156 0.0103065009
f 7225 7227 7226
v -0.0172062748 0.0173701686 0.0105404753
v -0.0175713474 0.01778796 0.0110335692
v -0.017354147 0.0175231835 0.0105547508
f 7228 7230 7229
v -0.0176436879 0.0181972035 0.0105082159
v -0.0176910165 0.0181257157 0.0110189008
v -0.017715276 0.01804325 0.0110482659
f 7231 7233 7232
v -0.017354147 0.0175231835 0.0105547508
v -0.0172459462 0.0172527914 0.0105962325
v -0.0172062748 0.0173701686 0.0105404753
f 7234 7236 7235
v -0.0168132785 0.0174001078 0.00968719251
v -0.0168421306 0.0172109678 0.0100532066
v -0.016739819 0.0173786073 0.00968195382
f 7237 7239 7238
v -0.017196557 0.0178975519 0.00952264527
v -0.0168421306 0.0172109678 0.0100532066
v -0.0168132785 0.0174001078 0.00968719251
f 7240 7242 7241
v -0.0168421306 0.0172109678 0.0100532066
v -0.0167424791 0.0175357258 0.00953191266
v -0.016739819 0.0173786073 0.00968195382
f 7243 7245 7244
v -0.0169465915 0.0174540546 0.00929671078
v -0.0165269113 0.018223541 0.00900958767
v -0.0167864811 0.0180354225 0.00860109722
f 7246 7248 7247
v -0.0169465915 0.0174540546 0.00929671078
v -0.0167424791 0.0175357258 0.00953191266
v -0.0165269113 0.018223541 0.00900958767
f 7249 7251 7250
v -0.0150857362 0.0153582994 0.0091621303
v -0.0156493683 0.0147051949 0.0112103909
v -0.0175713474 0.01778796 0.0110335692
f 7252 7254 7253
v -0.0187076308 0.0151639033 0.0100687568
v -0.0169465915 0.0174540546 0.00929671078
v -0.0168577826 0.0170027546 0.0098601151
f 7255 7257 7256
v -0.0168421306 0.0172109678 0.0100532066
v -0.0172812754 0.0167691003 0.010475923
v -0.0168577826 0.0170027546 0.0098601151
f 7258 7260 7259
v -0.0167247141 0.0172501634 0.00964930077
v -0.0169465915 0.0174540546 0.00929671078
v -0.0167864811 0.0180354225 0.00860109722
f 7261 7263 7262
v -0.0168421306 0.0172109678 0.0100532066
v -0.017161858 0.0175571156 0.0103065009
v -0.016994444 0.0172264932 0.0104070576
f 7264 7266 7265
v -0.0168421306 0.0172109678 0.0100532066
v -0.0171307853 0.0176767149 0.0102494567
v -0.017161858 0.0175571156 0.0103065009
f 7267 7269 7268
v -0.017196557 0.0178975519 0.00952264527
v -0.0176436879 0.0181972035 0.0105082159
v -0.0168421306 0.0172109678 0.0100532066
f 7270 7272 7271
v -0.0176436879 0.0181972035 0.0105082159
v -0.0174262939 0.0179761992 0.0104458595
v -0.0168421306 0.0172109678 0.0100532066
f 7273 7275 7274
v -0.0168421306 0.0172109678 0.0100532066
v -0.0174262939 0.0179761992 0.0104458595
v -0.0171307853 0.0176767149 0.0102494567
f 7276 7278 7277
v -0.0201611008 0.0169870924 0.00783029172
v -0.0190937892 0.0176975533 0.00821668073
v -0.0201006973 0.0141154072 0.00925472414
f 7279 7281 7280
v -0.0175713474 0.01778796 0.0110335692
v -0.018447917 0.0183893586 0.0122261321
v -0.0196974885 0.0176667454 0.0111363523
f 7282 7284 7283
v -0.0196974885 0.0176667454 0.0111363523
v -0.018447917 0.0183893586 0.0122261321
v -0.020202712 0.0176761372 0.0115623428
f 7285 7287 7286
v -0.0201782794 0.0190735576 0.0123627891
v -0.0207684832 0.0206523153 0.0121977173
v -0.0211029619 0.0182372998 0.0119861899
f 7288 7290 7289
v -0.0205944423 0.0166282349 0.0111914545
v -0.0208483325 0.015534788 0.010739256
v -0.0187076308 0.0151639033 0.0100687568
f 7291 7293 7292
v -0.0187076308 0.0151639033 0.0100687568
v -0.0172812754 0.0167691003 0.010475923
v -0.0205944423 0.0166282349 0.0111914545
f 7294 7296 7295
v -0.0201611008 0.0169870924 0.00783029172
v -0.0220455026 0.0145739818 0.00835765823
v -0.022217512 0.0161867822 0.00674356052
f 7297 7299 7298
v -0.022217512 0.0161867822 0.00674356052
v -0.0220455026 0.0145739818 0.00835765823
v -0.0228413919 0.0150588923 0.00702452307
f 7300 7302 7301
v -0.0190937892 0.0176975533 0.00821668073
v -0.02119774 0.0171561609 0.00618297636
v -0.0199545553 0.018344757 0.00585883463
f 7303 7305 7304
v -0.0209934136 0.013747612 0.00952673727
v -0.0187076308 0.0151639033 0.0100687568
v -0.0208483325 0.015534788 0.010739256
f 7306 7308 7307
v -0.0208483325 0.015534788 0.010739256
v -0.0232300474 0.0165643491 0.0113958791
v -0.0209934136 0.013747612 0.00952673727
f 7309 7311 7310
v -0.0209934136 0.013747612 0.00952673727
v -0.0232300474 0.0165643491 0.0113958791
v -0.0227332421 0.0151542292 0.0105080704
f 7312 7314 7313
v -0.0208483325 0.015534788 0.010739256
v -0.0205944423 0.0166282349 0.0111914545
v -0.0232300474 0.0165643491 0.0113958791
f 7315 7317 7316
v -0.0201006973 0.0141154072 0.00925472414
v -0.0209934136 0.013747612 0.00952673727
v -0.0220033588 0.0135367751 0.00879572544
f 7318 7320 7319
v -0.0201006973 0.0141154072 0.00925472414
v -0.0220033588 0.0135367751 0.00879572544
v -0.0220455026 0.0145739818 0.00835765823
f 7321 7323 7322
v -0.0241433328 0.0158283277 0.0100661193
v -0.0229466343 0.0155395901 0.00953464987
v -0.0227332421 0.0151542292 0.0105080704
f 7324 7326 7325
v -0.0238713154 0.0156583337 0.00943714476
v -0.0229466343 0.0155395901 0.00953464987
v -0.0241433328 0.0158283277 0.0100661193
f 7327 7329 7328
v -0.0238274937 0.0144274134 0.00843930902
v -0.0229466343 0.0155395901 0.00953464987
v -0.0238713154 0.0156583337 0.00943714476
f 7330 7332 7331
v -0.0227314144 0.0143019381 0.00939362799
v -0.0229466343 0.0155395901 0.00953464987
v -0.0238274937 0.0144274134 0.00843930902
f 7333 7335 7334
v -0.0231033438 0.0124748927 0.00891091986
v -0.0220033588 0.0135367751 0.00879572544
v -0.0227314144 0.0143019381 0.00939362799
f 7336 7338 7337
v -0.0220455026 0.0145739818 0.00835765823
v -0.0220033588 0.0135367751 0.00879572544
v -0.0229460464 0.0133711612 0.00821177455
f 7339 7341 7340
v -0.023252648 0.0129913766 0.00902716492
v -0.0234042673 0.0130681219 0.00853951205
v -0.0234331193 0.0130137225 0.00855533435
f 7342 7344 7343
v -0.0235801781 0.0128023312 0.00817035907
v -0.0234331193 0.0130137225 0.00855533435
v -0.0231033438 0.0124748927 0.00891091986
f 7345 7347 7346
v -0.0238274937 0.0144274134 0.00843930902
v -0.023252648 0.0129913766 0.00902716492
v -0.0227314144 0.0143019381 0.00939362799
f 7348 7350 7349
v -0.0238274937 0.0144274134 0.00843930902
v -0.0238713154 0.0156583337 0.00943714476
v -0.0249329489 0.0131996916 0.00859265128
f 7351 7353 7352
v -0.0209934136 0.013747612 0.00952673727
v -0.0227314144 0.0143019381 0.00939362799
v -0.0220033588 0.0135367751 0.00879572544
f 7354 7356 7355
v -0.023252648 0.0129913766 0.00902716492
v -0.0234331193 0.0130137225 0.00855533435
v -0.0244204683 0.0129681503 0.00872356104
f 7357 7359 7358
v -0.0179766852 0.0184757533 0.0112882663
v -0.0179001421 0.0181615003 0.0117672083
v -0.017715276 0.01804325 0.0110482659
f 7360 7362 7361
v -0.0209934136 0.013747612 0.00952673727
v -0.0201006973 0.0141154072 0.00925472414
v -0.0187076308 0.0151639033 0.0100687568
f 7363 7365 7364
v -0.0209934136 0.013747612 0.00952673727
v -0.0227332421 0.0151542292 0.0105080704
v -0.0227314144 0.0143019381 0.00939362799
f 7366 7368 7367
v -0.02119774 0.0171561609 0.00618297636
v -0.0228413919 0.0150588923 0.00702452307
v -0.0227478653 0.0153170622 0.005090993
f 7369 7371 7370
v -0.0216528002 0.0176297966 0.00349685506
v -0.0227478653 0.0153170622 0.005090993
v -0.0229051089 0.0163451579 0.00339678081
f 7372 7374 7373
v -0.0216528002 0.0176297966 0.00349685506
v -0.02119774 0.0171561609 0.00618297636
v -0.0227478653 0.0153170622 0.005090993
f 7375 7377 7376
v -0.0233444065 0.0174589368 0.00222549188
v -0.0225387659 0.0182196367 0.000352740381
v -0.0223043113 0.0187095764 0.00214402935
f 7378 7380 7379
v -0.0238977023 0.0171306572 0.00037068146
v -0.0225387659 0.0182196367 0.000352740381
v -0.024679277 0.0163901204 0.00135289392
f 7381 7383 7382
v -0.0248080294 0.0159203802 0.00217301003
v -0.0216528002 0.0176297966 0.00349685506
v -0.0229051089 0.0163451579 0.00339678081
f 7384 7386 7385
v -0.0225387659 0.0182196367 0.000352740381
v -0.0233444065 0.0174589368 0.00222549188
v -0.024679277 0.0163901204 0.00135289392
f 7387 7389 7388
v -0.0249725999 0.0123901162 0.00510456775
v -0.0242057053 0.0138922071 0.00634791577
v -0.0257045642 0.0121514859 0.0062858242
f 7390 7392 7391
v -0.0251946592 0.0138917298 0.0027500113
v -0.0229051089 0.0163451579 0.00339678081
v -0.0246620388 0.0132489135 0.00398657357
f 7393 7395 7394
v -0.0248080294 0.0159203802 0.00217301003
v -0.0229051089 0.0163451579 0.00339678081
v -0.0251946592 0.0138917298 0.0027500113
f 7396 7398 7397
v -0.024679277 0.0163901204 0.00135289392
v -0.0257207226 0.0140799064 0.00184680848
v -0.0238977023 0.0171306572 0.00037068146
f 7399 7401 7400
v -0.0238977023 0.0171306572 0.00037068146
v -0.0257207226 0.0140799064 0.00184680848
v -0.0260658737 0.0131040986 0.00172479304
f 7402 7404 7403
v -0.0260658737 0.0131040986 0.00172479304
v -0.0257207226 0.0140799064 0.00184680848
v -0.0257414271 0.0140955322 0.0020910993
f 7405 7407 7406
v -0.0260658737 0.0131040986 0.00172479304
v -0.0251946592 0.0138917298 0.0027500113
v -0.0270911405 0.0113901813 0.00154770278
f 7408 7410 7409
v -0.0257414271 0.0140955322 0.0020910993
v -0.0256844796 0.0141730125 0.00212928353
v -0.0260658737 0.0131040986 0.00172479304
f 7411 7413 7412
v -0.024679277 0.0163901204 0.00135289392
v -0.0248080294 0.0159203802 0.00217301003
v -0.0251946592 0.0138917298 0.0027500113
f 7414 7416 7415
v -0.0211029619 0.0182372998 0.0119861899
v -0.0217982451 0.0207015095 0.0120965247
v -0.0224786985 0.0193570057 0.0113202281
f 7417 7419 7418
v -0.0245366304 0.0180145027 0.0121660247
v -0.0232381004 0.0199185728 0.0117969299
v -0.0237084372 0.0197950067 0.0127338397
f 7420 7422 7421
v -0.0245366304 0.0180145027 0.0121660247
v -0.0237084372 0.0197950067 0.0127338397
v -0.0238577704 0.0180109972 0.0128899963
f 7423 7425 7424
v -0.0224786985 0.0193570057 0.0113202281
v -0.0217982451 0.0207015095 0.0120965247
v -0.0232381004 0.0199185728 0.0117969299
f 7426 7428 7427
v -0.0236257489 0.0178220624 0.0112444257
v -0.0224786985 0.0193570057 0.0113202281
v -0.0232381004 0.0199185728 0.0117969299
f 7429 7431 7430
v -0.0211029619 0.0182372998 0.0119861899
v -0.0236257489 0.0178220624 0.0112444257
v -0.0232300474 0.0165643491 0.0113958791
f 7432 7434 7433
v -0.0238577704 0.0180109972 0.0128899963
v -0.0224852964 0.0177839203 0.0134643487
v -0.0231795726 0.0165878053 0.0133704161
f 7435 7437 7436
v -0.0232300474 0.0165643491 0.0113958791
v -0.0236257489 0.0178220624 0.0112444257
v -0.0250626443 0.0168079569 0.0111604168
f 7438 7440 7439
v -0.0245366304 0.0180145027 0.0121660247
v -0.0238577704 0.0180109972 0.0128899963
v -0.0242305134 0.017355122 0.0131742592
f 7441 7443 7442
v -0.0231795726 0.0165878053 0.0133704161
v -0.0218574583 0.0154779744 0.014148542
v -0.0242731199 0.0151372427 0.0125334511
f 7444 7446 7445
v -0.0253873295 0.016047078 0.0124342158
v -0.0254644925 0.0162536962 0.0110607019
v -0.0245366304 0.0180145027 0.0121660247
f 7447 7449 7448
v -0.0242305134 0.017355122 0.0131742592
v -0.0238577704 0.0180109972 0.0128899963
v -0.0231795726 0.0165878053 0.0133704161
f 7450 7452 7451
v -0.0241433328 0.0158283277 0.0100661193
v -0.0249485194 0.0140094809 0.0105725514
v -0.0238713154 0.0156583337 0.00943714476
f 7453 7455 7454
v -0.0180196381 0.0108330722 0.0124955521
v -0.0195513494 0.0113052381 0.0125798979
v -0.0173611319 0.0118925884 0.0131213426
f 7456 7458 7457
v -0.0195513494 0.0113052381 0.0125798979
v -0.0209675447 0.0101311591 0.0121948557
v -0.0229159035 0.011139414 0.0126275321
f 7459 7461 7460
v -0.0200359544 0.0128636384 0.0129209657
v -0.0229159035 0.011139414 0.0126275321
v -0.0225755386 0.0139075928 0.0133447204
f 7462 7464 7463
v -0.0229159035 0.011139414 0.0126275321
v -0.0246460928 0.0112140326 0.0135758513
v -0.0236402018 0.0130400644 0.0130506582
f 7465 7467 7466
v -0.0235801781 0.0128023312 0.00817035907
v -0.0245894393 0.0109976696 0.00858412459
v -0.0242057053 0.0138922071 0.00634791577
f 7468 7470 7469
v -0.023252648 0.0129913766 0.00902716492
v -0.0244204683 0.0129681503 0.00872356104
v -0.0248835335 0.0112322712 0.00875725964
f 7471 7473 7472
v -0.0244204683 0.0129681503 0.00872356104
v -0.0255116436 0.0111931608 0.00819683046
v -0.0248835335 0.0112322712 0.00875725964
f 7474 7476 7475
v -0.0251425838 0.0110354355 0.00807272663
v -0.0251746125 0.0110269895 0.00827284239
v -0.0251944381 0.0109896144 0.00828371194
f 7477 7479 7478
v -0.0251746125 0.0110269895 0.00827284239
v -0.0245894393 0.0109976696 0.00858412459
v -0.0251944381 0.0109896144 0.00828371194
f 7480 7482 7481
v -0.0255116436 0.0111931608 0.00819683046
v -0.0254218263 0.0111018264 0.00811142381
v -0.0254698709 0.0110249937 0.00812014914
f 7483 7485 7484
v -0.0259032793 0.0103680322 0.00805944874
v -0.0254218263 0.0111018264 0.00811142381
v -0.0255116436 0.0111931608 0.00819683046
f 7486 7488 7487
v -0.0254218263 0.0111018264 0.00811142381
v -0.0251425838 0.0110354355 0.00807272663
v -0.0254698709 0.0110249937 0.00812014914
f 7489 7491 7490
v -0.0248835335 0.0112322712 0.00875725964
v -0.0251746125 0.0110269895 0.00827284239
v -0.0251944381 0.0109896144 0.00828371194
f 7492 7494 7493
v -0.0248835335 0.0112322712 0.00875725964
v -0.0251944381 0.0109896144 0.00828371194
v -0.0245894393 0.0109976696 0.00858412459
f 7495 7497 7496
v -0.0245894393 0.0109976696 0.00858412459
v -0.0231033438 0.0124748927 0.00891091986
v -0.0248835335 0.0112322712 0.00875725964
f 7498 7500 7499
v -0.0231033438 0.0124748927 0.00891091986
v -0.023252648 0.0129913766 0.00902716492
v -0.0248835335 0.0112322712 0.00875725964
f 7501 7503 7502
v -0.0210087586 0.00630317809 0.0127150852
v -0.0205121934 0.00795805099 0.0129797379
v -0.0202678231 0.00714430716 0.0126870727
f 7504 7506 7505
v -0.0205121934 0.00795805099 0.0129797379
v -0.0221294176 0.00899666193 0.0125251041
v -0.0209675447 0.0101311591 0.0121948557
f 7507 7509 7508
v -0.0205121934 0.00795805099 0.0129797379
v -0.0210087586 0.00630317809 0.0127150852
v -0.0221294176 0.00899666193 0.0125251041
f 7510 7512 7511
v -0.0221294176 0.00899666193 0.0125251041
v -0.0237535773 0.00579044608 0.0128991669
v -0.0232362043 0.00849525168 0.0124662882
f 7513 7515 7514
v -0.0232362043 0.00849525168 0.0124662882
v -0.025035924 0.00914435586 0.0128649728
v -0.0229159035 0.011139414 0.0126275321
f 7516 7518 7517
v -0.025035924 0.00914435586 0.0128649728
v -0.026603791 0.00838172418 0.0136327522
v -0.0260847621 0.00986505329 0.0133693859
f 7519 7521 7520
v -0.025035924 0.00914435586 0.0128649728
v -0.0246460928 0.0112140326 0.0135758513
v -0.0229159035 0.011139414 0.0126275321
f 7522 7524 7523
v -0.0195513494 0.0113052381 0.0125798979
v -0.0229159035 0.011139414 0.0126275321
v -0.0200359544 0.0128636384 0.0129209657
f 7525 7527 7526
v -0.0257045642 0.0121514859 0.0062858242
v -0.0242057053 0.0138922071 0.00634791577
v -0.0254196988 0.0113893977 0.00757274611
f 7528 7530 7529
v -0.0262821559 0.0110696274 0.00617171609
v -0.0278328342 0.0090875692 0.00389926863
v -0.0267120922 0.010884225 0.00286442482
f 7531 7533 7532
v -0.0262821559 0.0110696274 0.00617171609
v -0.0259032793 0.0103680322 0.00805944874
v -0.0266304385 0.00986553277 0.00779508264
f 7534 7536 7535
v -0.0262821559 0.0110696274 0.00617171609
v -0.0266304385 0.00986553277 0.00779508264
v -0.027420363 0.00924609922 0.00743741475
f 7537 7539 7538
v -0.0285399525 0.00837539483 0.00603275948
v -0.027420363 0.00924609922 0.00743741475
v -0.0289779418 0.00661855811 0.00706211431
f 7540 7542 7541
v -0.027420363 0.00924609922 0.00743741475
v -0.027892401 0.00792860155 0.00766808807
v -0.0289779418 0.00661855811 0.00706211431
f 7543 7545 7544
v -0.0295517122 0.00858679632 0.0023097733
v -0.0285383663 0.00945214924 0.00266925908
v -0.0278328342 0.0090875692 0.00389926863
f 7546 7548 7547
v -0.0294258818 0.00717589937 0.00434103385
v -0.0295517122 0.00858679632 0.0023097733
v -0.0278328342 0.0090875692 0.00389926863
f 7549 7551 7550
v -0.0270436984 0.0115055205 0.0082939514
v -0.0266304385 0.00986553277 0.00779508264
v -0.0259032793 0.0103680322 0.00805944874
f 7552 7554 7553
v -0.0236402018 0.0130400644 0.0130506582
v -0.0246460928 0.0112140326 0.0135758513
v -0.0262301357 0.0149071013 0.012401733
f 7555 7557 7556
v -0.0262301357 0.0149071013 0.012401733
v -0.0246460928 0.0112140326 0.0135758513
v -0.0262063171 0.0124088096 0.0129284686
f 7558 7560 7559
v -0.0259360444 0.0115836381 0.0108552536
v -0.0267008581 0.0128920728 0.0122586673
v -0.0274798367 0.0101838144 0.0126823637
f 7561 7563 7562
v -0.0273314479 0.0115784045 0.0128489541
v -0.0267008581 0.0128920728 0.0122586673
v -0.0262063171 0.0124088096 0.0129284686
f 7564 7566 7565
v -0.0262301357 0.0149071013 0.012401733
v -0.0262063171 0.0124088096 0.0129284686
v -0.0267008581 0.0128920728 0.0122586673
f 7567 7569 7568
v -0.0255037041 0.0133914102 0.00962654813
v -0.0249485194 0.0140094809 0.0105725514
v -0.0265855982 0.012181278 0.00920257662
f 7570 7572 7571
v -0.0249329489 0.0131996916 0.00859265128
v -0.0238713154 0.0156583337 0.00943714476
v -0.0257891312 0.0131285604 0.00867574272
f 7573 7575 7574
v -0.0265855982 0.012181278 0.00920257662
v -0.0262998889 0.0109010041 0.0101658115
v -0.0274638442 0.0110590641 0.00850884389
f 7576 7578 7577
v -0.0274638442 0.0110590641 0.00850884389
v -0.0270436984 0.0115055205 0.0082939514
v -0.0265855982 0.012181278 0.00920257662
f 7579 7581 7580
v -0.0238713154 0.0156583337 0.00943714476
v -0.0255037041 0.0133914102 0.00962654813
v -0.0257891312 0.0131285604 0.00867574272
f 7582 7584 7583
v -0.0274798367 0.0101838144 0.0126823637
v -0.0267008581 0.0128920728 0.0122586673
v -0.0273314479 0.0115784045 0.0128489541
f 7585 7587 7586
v -0.0274798367 0.0101838144 0.0126823637
v -0.0273314479 0.0115784045 0.0128489541
v -0.0271793979 0.010355097 0.0132462126
f 7588 7590 7589
v -0.0262998889 0.0109010041 0.0101658115
v -0.0259360444 0.0115836381 0.0108552536
v -0.0269993034 0.0099558456 0.0108187967
f 7591 7593 7592
v -0.0274638442 0.0110590641 0.00850884389
v -0.0273518235 0.00963001003 0.00942476399
v -0.0287709699 0.00941281614 0.00892625685
f 7594 7596 7595
v -0.0273518235 0.00963001003 0.00942476399
v -0.0262998889 0.0109010041 0.0101658115
v -0.0269993034 0.0099558456 0.0108187967
f 7597 7599 7598
v -0.0273518235 0.00963001003 0.00942476399
v -0.0280030363 0.00775209337 0.00954782008
v -0.0287709699 0.00941281614 0.00892625685
f 7600 7602 7601
v -0.0246460928 0.0112140326 0.0135758513
v -0.0260847621 0.00986505329 0.0133693859
v -0.0262063171 0.0124088096 0.0129284686
f 7603 7605 7604
v -0.0279709551 0.0100697122 0.00809714693
v -0.0270436984 0.0115055205 0.0082939514
v -0.0274638442 0.0110590641 0.00850884389
f 7606 7608 7607
v -0.0279709551 0.0100697122 0.00809714693
v -0.0274638442 0.0110590641 0.00850884389
v -0.0287709699 0.00941281614 0.00892625685
f 7609 7611 7610
v -0.0279709551 0.0100697122 0.00809714693
v -0.0297743914 0.00734597852 0.0080238322
v -0.027420363 0.00924609922 0.00743741475
f 7612 7614 7613
v -0.0251946592 0.0138917298 0.0027500113
v -0.0267120922 0.010884225 0.00286442482
v -0.0270911405 0.0113901813 0.00154770278
f 7615 7617 7616
v -0.0232300474 0.0165643491 0.0113958791
v -0.0241433328 0.0158283277 0.0100661193
v -0.0227332421 0.0151542292 0.0105080704
f 7618 7620 7619
v -0.0257891312 0.0131285604 0.00867574272
v -0.0270436984 0.0115055205 0.0082939514
v -0.0249329489 0.0131996916 0.00859265128
f 7621 7623 7622
v -0.0182376229 0.0188369042 0.0123522244
v -0.0179001421 0.0181615003 0.0117672083
v -0.0179766852 0.0184757533 0.0112882663
f 7624 7626 7625
v -0.0185323006 0.0192622887 0.0131090492
v -0.0183888129 0.019096653 0.012799658
v -0.0182917458 0.0192003208 0.0129753986
f 7627 7629 7628
v -0.0182376229 0.0188369042 0.0123522244
v -0.0181114403 0.0192133855 0.0127495092
v -0.0183299737 0.0188134247 0.0127872394
f 7630 7632 7631
v -0.0179001421 0.0181615003 0.0117672083
v -0.0173627006 0.0185574172 0.0116720585
v -0.0174463581 0.0183867116 0.0112927759
f 7633 7635 7634
v -0.0174339177 0.0182182484 0.0104067833
v -0.0174262939 0.0179761992 0.0104458595
v -0.0179001421 0.0181615003 0.0117672083
f 7636 7638 7637
v -0.016758962 0.018021508 0.0101539743
v -0.0174262939 0.0179761992 0.0104458595
v -0.0174339177 0.0182182484 0.0104067833
f 7639 7641 7640
v -0.0160595169 0.0184759367 0.00928240479
v -0.0165269113 0.018223541 0.00900958767
v -0.0167424791 0.0175357258 0.00953191266
f 7642 7644 7643
v -0.016896725 0.0179718365 0.00893853794
v -0.0190937892 0.0176975533 0.00821668073
v -0.0170135128 0.0193214917 0.0082289218
f 7645 7647 7646
v -0.0223043113 0.0187095764 0.00214402935
v -0.0216528002 0.0176297966 0.00349685506
v -0.0233444065 0.0174589368 0.00222549188
f 7648 7650 7649
v -0.0173611319 0.0118925884 0.0131213426
v -0.0162575525 0.0101641075 0.0128363288
v -0.0180196381 0.0108330722 0.0124955521
f 7651 7653 7652
v -0.0175713474 0.01778796 0.0110335692
v -0.0181704236 0.0182438598 0.0124080572
v -0.018447917 0.0183893586 0.0122261321
f 7654 7656 7655
v -0.0232381004 0.0199185728 0.0117969299
v -0.0212720784 0.0215953449 0.0133048918
v -0.0225480893 0.0202325304 0.0130035914
f 7657 7659 7658
v -0.0269859855 0.0115482399 0.000383211136
v -0.0252680678 0.01425808 0.000379683615
v -0.0260658737 0.0131040986 0.00172479304
f 7660 7662 7661
v -0.0269859855 0.0115482399 0.000383211136
v -0.0260658737 0.0131040986 0.00172479304
v -0.0270911405 0.0113901813 0.00154770278
f 7663 7665 7664
v -0.0295517122 0.00858679632 0.0023097733
v -0.0294014404 0.00890262745 0.000384416262
v -0.0282448833 0.0101077509 0.000379285098
f 7666 7668 7667
v -0.0282448833 0.0101077509 0.000379285098
v -0.0270911405 0.0113901813 0.00154770278
v -0.0285383663 0.00945214924 0.00266925908
f 7669 7671 7670
v -0.0295517122 0.00858679632 0.0023097733
v -0.0282448833 0.0101077509 0.000379285098
v -0.0285383663 0.00945214924 0.00266925908
f 7672 7674 7673
v 0.00206754885 -0.00887965725 0.00413625421
v 0.000951334823 -0.0106379332 0.00231162048
v 0.00115311377 -0.0104176972 0.00473772088
f 7675 7677 7676
v 0.000951334823 -0.0106379332 0.00231162048
v -7.79691391e-05 -0.0111402383 0.00220499896
v 0.00115311377 -0.0104176972 0.00473772088
f 7678 7680 7679
v 0.00115311377 -0.0104176972 0.00473772088
v -0.000816163174 -0.0115957009 0.00460576266
v -0.000331357978 -0.011077724 0.00748482416
f 7681 7683 7682
v -0.000816163174 -0.0115957009 0.00460576266
v -0.00133712156 -0.0112637106 0.00265590334
v -0.00278098669 -0.0120921904 0.00238483062
f 7684 7686 7685
v -7.79691391e-05 -0.0111402383 0.00220499896
v 0.000951334823 -0.0106379332 0.00231162048
v 0.00103281518 -0.010605112 0.000420665174
f 7687 7689 7688
v 0.00103281518 -0.010605112 0.000420665174
v -0.00120355544 -0.0110875691 0.000423175243
v -7.79691391e-05 -0.0111402383 0.00220499896
f 7690 7692 7691
v -0.00133712156 -0.0112637106 0.00265590334
v -0.00315483558 -0.0118969052 0.000431565786
v -0.00278098669 -0.0120921904 0.00238483062
f 7693 7695 7694
v -0.00315483558 -0.0118969052 0.000431565786
v -0.00133712156 -0.0112637106 0.00265590334
v -0.00120355544 -0.0110875691 0.000423175243
f 7696 7698 7697
v -0.00133712156 -0.0112637106 0.00265590334
v -7.79691391e-05 -0.0111402383 0.00220499896
v -0.00120355544 -0.0110875691 0.000423175243
f 7699 7701 7700
v -0.00333608223 -0.00874797843 0.0117441705
v -0.00313689125 -0.00596155151 0.0119944423
v -0.00120006071 -0.00604400411 0.0108001208
f 7702 7704 7703
v -0.00114707436 -0.010114866 0.00964584251
v -0.0049573584 -0.0108618369 0.011706262
v -0.00333608223 -0.00874797843 0.0117441705
f 7705 7707 7706
v -0.00333608223 -0.00874797843 0.0117441705
v -0.0049573584 -0.0108618369 0.011706262
v -0.00585229209 -0.00930888928 0.012614383
f 7708 7710 7709
v -0.000685497434 -0.00839283093 0.00995779483
v -0.00114707436 -0.010114866 0.00964584251
v -0.00333608223 -0.00874797843 0.0117441705
f 7711 7713 7712
v -0.000685497434 -0.00839283093 0.00995779483
v -0.00333608223 -0.00874797843 0.0117441705
v -0.00120006071 -0.00604400411 0.0108001208
f 7714 7716 7715
v -0.00455276968 -0.00509867168 0.012580381
v -0.00730648899 -0.00472230859 0.0130759872
v -0.00578063191 -0.00293506018 0.0128010928
f 7717 7719 7718
v -0.00699078519 -0.00779806287 0.0131075882
v -0.00730648899 -0.00472230859 0.0130759872
v -0.00455276968 -0.00509867168 0.012580381
f 7720 7722 7721
v -0.00753901477 -0.00163979585 0.0133083173
v -0.00836471881 -0.00283091849 0.0126064027
v -0.0103616992 -0.00154789086 0.0135014445
f 7723 7725 7724
v -0.00836471881 -0.00283091849 0.0126064027
v -0.0105569452 -0.00319223946 0.0127296633
v -0.0103616992 -0.00154789086 0.0135014445
f 7726 7728 7727
v -0.00730648899 -0.00472230859 0.0130759872
v -0.009675404 -0.00566749659 0.0132402172
v -0.00836471881 -0.00283091849 0.0126064027
f 7729 7731 7730
v -0.00836471881 -0.00283091849 0.0126064027
v -0.009675404 -0.00566749659 0.0132402172
v -0.0105569452 -0.00319223946 0.0127296633
f 7732 7734 7733
v -0.009675404 -0.00566749659 0.0132402172
v -0.0092856535 -0.00849093922 0.0131679262
v -0.0110355424 -0.00594246194 0.0133555033
f 7735 7737 7736
v -0.00699078519 -0.00779806287 0.0131075882
v -0.0092856535 -0.00849093922 0.0131679262
v -0.009675404 -0.00566749659 0.0132402172
f 7738 7740 7739
v -0.0110355424 -0.00594246194 0.0133555033
v -0.0092856535 -0.00849093922 0.0131679262
v -0.0119618206 -0.00734599453 0.0132854271
f 7741 7743 7742
v -0.00578063191 -0.00293506018 0.0128010928
v -0.00730648899 -0.00472230859 0.0130759872
v -0.00836471881 -0.00283091849 0.0126064027
f 7744 7746 7745
v -0.0119618206 -0.00734599453 0.0132854271
v -0.0092856535 -0.00849093922 0.0131679262
v -0.01223258 -0.00847880146 0.0130750414
f 7747 7749 7748
v -0.0049573584 -0.0108618369 0.011706262
v -0.00866369592 -0.0101830279 0.0127805688
v -0.00699078519 -0.00779806287 0.0131075882
f 7750 7752 7751
v 0.00167769194 -0.00730333268 0.007394149
v -0.00114707436 -0.010114866 0.00964584251
v -0.000685497434 -0.00839283093 0.00995779483
f 7753 7755 7754
v 0.000677584876 -0.00934965865 0.00768672689
v -0.000331357978 -0.011077724 0.00748482416
v -0.00114707436 -0.010114866 0.00964584251
f 7756 7758 7757
v -0.00374871597 -0.0120925492 0.00986099913
v -0.0049573584 -0.0108618369 0.011706262
v -0.00114707436 -0.010114866 0.00964584251
f 7759 7761 7760
v -0.000816163174 -0.0115957009 0.00460576266
v -0.00278098669 -0.0120921904 0.00238483062
v -0.00528313576 -0.013261399 0.00332865638
f 7762 7764 7763
v -0.00278098669 -0.0120921904 0.00238483062
v -0.00315483558 -0.0118969052 0.000431565786
v -0.00584838381 -0.0122287907 0.00123550353
f 7765 7767 7766
v -0.00528313576 -0.013261399 0.00332865638
v -0.00584838381 -0.0122287907 0.00123550353
v -0.00712000183 -0.0135976894 0.00291861925
f 7768 7770 7769
v -0.0021797272 -0.012094211 0.00744414428
v -0.00769108738 -0.0137360068 0.00800121852
v -0.00723761113 -0.0130322005 0.0091955706
f 7771 7773 7772
v -0.0021797272 -0.012094211 0.00744414428
v -0.00559365981 -0.0129737266 0.00505818389
v -0.00769108738 -0.0137360068 0.00800121852
f 7774 7776 7775
v -0.0049573584 -0.0108618369 0.011706262
v -0.00374871597 -0.0120925492 0.00986099913
v -0.00685589839 -0.0120923236 0.0113377304
f 7777 7779 7778
v -0.00769108738 -0.0137360068 0.00800121852
v -0.00559365981 -0.0129737266 0.00505818389
v -0.0081440834 -0.0133821362 0.00615280223
f 7780 7782 7781
v -0.00723761113 -0.0130322005 0.0091955706
v -0.00769108738 -0.0137360068 0.00800121852
v -0.00895756239 -0.0137938623 0.00784043077
f 7783 7785 7784
v -0.00559365981 -0.0129737266 0.00505818389
v -0.00712000183 -0.0135976894 0.00291861925
v -0.00808536133 -0.0137540308 0.00300886059
f 7786 7788 7787
v -0.0081440834 -0.0133821362 0.00615280223
v -0.00559365981 -0.0129737266 0.00505818389
v -0.00808536133 -0.0137540308 0.00300886059
f 7789 7791 7790
v -0.0081440834 -0.0133821362 0.00615280223
v -0.0100060817 -0.0138505129 0.00281458742
v -0.0120026569 -0.0140489021 0.00494542073
f 7792 7794 7793
v -0.00808536133 -0.0137540308 0.00300886059
v -0.0100060817 -0.0138505129 0.00281458742
v -0.0081440834 -0.0133821362 0.00615280223
f 7795 7797 7796
v -0.0100060817 -0.0138505129 0.00281458742
v -0.00808536133 -0.0137540308 0.00300886059
v -0.00752683773 -0.0125709033 0.000427825307
f 7798 7800 7799
v -0.0100060817 -0.0138505129 0.00281458742
v -0.00752683773 -0.0125709033 0.000427825307
v -0.0128256492 -0.0139963508 0.000438531151
f 7801 7803 7802
v -0.0132230634 -0.0144023026 0.00266415336
v -0.0100060817 -0.0138505129 0.00281458742
v -0.0128256492 -0.0139963508 0.000438531151
f 7804 7806 7805
v -0.00979860124 -0.0116800707 0.0120361045
v -0.00685589839 -0.0120923236 0.0113377304
v -0.0113727416 -0.0121943405 0.0112925532
f 7807 7809 7808
v -0.00979860124 -0.0116800707 0.0120361045
v -0.0133750349 -0.0115085364 0.0115980671
v -0.01223258 -0.00847880146 0.0130750414
f 7810 7812 7811
v -0.0116808478 -0.0129558161 0.00843818125
v -0.0100980098 -0.0129331223 0.00882813038
v -0.0108872402 -0.0142002697 0.00713742411
f 7813 7815 7814
v -0.0133750349 -0.0115085364 0.0115980671
v -0.0116808478 -0.0129558161 0.00843818125
v -0.0135271082 -0.0122439567 0.00997767129
f 7816 7818 7817
v -0.0116808478 -0.0129558161 0.00843818125
v -0.0122553072 -0.014310758 0.00651863884
v -0.0155820191 -0.0137847863 0.00629367423
f 7819 7821 7820
v -0.0135271082 -0.0122439567 0.00997767129
v -0.0116808478 -0.0129558161 0.00843818125
v -0.0155819711 -0.0127444335 0.00832369115
f 7822 7824 7823
v -0.0184849327 -0.0108791937 0.0097214448
v -0.0163235425 -0.0114412775 0.00993953217
v -0.0155819711 -0.0127444335 0.00832369115
f 7825 7827 7826
v -0.0122553072 -0.014310758 0.00651863884
v -0.0081440834 -0.0133821362 0.00615280223
v -0.0120026569 -0.0140489021 0.00494542073
f 7828 7830 7829
v -0.0155820191 -0.0137847863 0.00629367423
v -0.0122553072 -0.014310758 0.00651863884
v -0.0140639662 -0.0146888968 0.00581855675
f 7831 7833 7832
v -0.0122553072 -0.014310758 0.00651863884
v -0.0132230634 -0.0144023026 0.00266415336
v -0.0160725016 -0.0149533924 0.00358285215
f 7834 7836 7835
v -0.0140639662 -0.0146888968 0.00581855675
v -0.0160725016 -0.0149533924 0.00358285215
v -0.0156214155 -0.0146614708 0.00485262935
f 7837 7839 7838
v -0.0162475742 -0.0146604187 0.000440725489
v -0.0160725016 -0.0149533924 0.00358285215
v -0.0132230634 -0.0144023026 0.00266415336
f 7840 7842 7841
v -0.0155819711 -0.0127444335 0.00832369115
v -0.0156214155 -0.0146614708 0.00485262935
v -0.0190745443 -0.0131764202 0.00726112485
f 7843 7845 7844
v -0.0155819711 -0.0127444335 0.00832369115
v -0.0155820191 -0.0137847863 0.00629367423
v -0.0156214155 -0.0146614708 0.00485262935
f 7846 7848 7847
v -0.0190745443 -0.0131764202 0.00726112485
v -0.0195898348 -0.0121666613 0.00806857861
v -0.0155819711 -0.0127444335 0.00832369115
f 7849 7851 7850
v -0.0188828417 -0.0139060838 0.00594355588
v -0.0190745443 -0.0131764202 0.00726112485
v -0.0160725016 -0.0149533924 0.00358285215
f 7852 7854 7853
v -0.0156214155 -0.0146614708 0.00485262935
v -0.0160725016 -0.0149533924 0.00358285215
v -0.0190745443 -0.0131764202 0.00726112485
f 7855 7857 7856
v -0.0162475742 -0.0146604187 0.000440725489
v -0.0179457362 -0.0150990047 0.00141449873
v -0.0160725016 -0.0149533924 0.00358285215
f 7858 7860 7859
v -0.0155820191 -0.0137847863 0.00629367423
v -0.0140639662 -0.0146888968 0.00581855675
v -0.0156214155 -0.0146614708 0.00485262935
f 7861 7863 7862
v -0.00374871597 -0.0120925492 0.00986099913
v -0.0021797272 -0.012094211 0.00744414428
v -0.00723761113 -0.0130322005 0.0091955706
f 7864 7866 7865
v -0.00694207411 -0.0262484595 0.0170264218
v -0.00625516332 -0.026376365 0.0168440485
v -0.00546924057 -0.0275552768 0.0173183857
f 7867 7869 7868
v -0.00625516332 -0.026376365 0.0168440485
v -0.0070870221 -0.0253256585 0.0158837182
v -0.0065658518 -0.026543776 0.0160899915
f 7870 7872 7871
v -0.00610740899 -0.0277010025 0.0169752107
v -0.00546924057 -0.0275552768 0.0173183857
v -0.0065658518 -0.026543776 0.0160899915
f 7873 7875 7874
v -0.00757384041 -0.022190767 0.0137505704
v -0.00773117499 -0.022484154 0.0140678487
v -0.00850969009 -0.0212086641 0.0148545951
f 7876 7878 7877
v -0.00761469346 -0.0223326992 0.0151126442
v -0.00773117499 -0.022484154 0.0140678487
v -0.00844166425 -0.0243091403 0.01509086
f 7879 7881 7880
v -0.00761469346 -0.0223326992 0.0151126442
v -0.00832274964 -0.0239520057 0.0156885915
v -0.00883615066 -0.0218068366 0.016248005
f 7882 7884 7883
v -0.0113998176 -0.0196651832 0.0180484931
v -0.0110008972 -0.0219642679 0.0176434958
v -0.0119142569 -0.0210949627 0.0184285367
f 7885 7887 7886
v -0.00883615066 -0.0218068366 0.016248005
v -0.00893326578 -0.0236840162 0.0171512685
v -0.0110008972 -0.0219642679 0.0176434958
f 7888 7890 7889
v -0.0111308946 -0.0181810101 0.0145280763
v -0.0103941537 -0.0190813778 0.016824386
v -0.0120737212 -0.0176250993 0.0173189474
f 7891 7893 7892
v -0.0120737212 -0.0176250993 0.0173189474
v -0.0128926942 -0.0167036313 0.0153491826
v -0.0111308946 -0.0181810101 0.0145280763
f 7894 7896 7895
v -0.0120737212 -0.0176250993 0.0173189474
v -0.0132483183 -0.0168029466 0.0169371895
v -0.0128926942 -0.0167036313 0.0153491826
f 7897 7899 7898
v -0.0153645538 -0.0150379594 0.0165917008
v -0.0132483183 -0.0168029466 0.0169371895
v -0.0159585485 -0.0158551396 0.0188929582
f 7900 7902 7901
v -0.0132483183 -0.0168029466 0.0169371895
v -0.0153645538 -0.0150379594 0.0165917008
v -0.0146672755 -0.0156480543 0.0150566804
f 7903 7905 7904
v -0.0153645538 -0.0150379594 0.0165917008
v -0.0174737681 -0.0142594479 0.0173459965
v -0.0172036205 -0.0141706594 0.016130539
f 7906 7908 7907
v -0.0113998176 -0.0196651832 0.0180484931
v -0.0138290765 -0.0178274393 0.0184539967
v -0.0120737212 -0.0176250993 0.0173189474
f 7909 7911 7910
v -0.0120737212 -0.0176250993 0.0173189474
v -0.0138290765 -0.0178274393 0.0184539967
v -0.0132483183 -0.0168029466 0.0169371895
f 7912 7914 7913
v -0.0141548982 -0.0196973109 0.0191775674
v -0.0156261522 -0.0197048634 0.0197501184
v -0.0138290765 -0.0178274393 0.0184539967
f 7915 7917 7916
v -0.0132483183 -0.0168029466 0.0169371895
v -0.0146672755 -0.0156480543 0.0150566804
v -0.0128926942 -0.0167036313 0.0153491826
f 7918 7920 7919
v -0.0132483183 -0.0168029466 0.0169371895
v -0.0138290765 -0.0178274393 0.0184539967
v -0.0159585485 -0.0158551396 0.0188929582
f 7921 7923 7922
v -0.00918750302 -0.0264260394 0.0189600367
v -0.00892631724 -0.0265433104 0.0198316644
v -0.0093472845 -0.0254731596 0.0186210789
f 7924 7926 7925
v -0.0101723366 -0.0262461137 0.0186458929
v -0.00918750302 -0.0264260394 0.0189600367
v -0.0116027964 -0.0244105016 0.0164169585
f 7927 7929 7928
v -0.0093472845 -0.0254731596 0.0186210789
v -0.00984666112 -0.0253622537 0.0191726926
v -0.0107624954 -0.0242562528 0.0181113865
f 7930 7932 7931
v -0.0070870221 -0.0253256585 0.0158837182
v -0.00625516332 -0.026376365 0.0168440485
v -0.00886436683 -0.0241989634 0.0163795921
f 7933 7935 7934
v -0.00946618384 -0.0250151992 0.0158832874
v -0.00886436683 -0.0241989634 0.0163795921
v -0.00782915158 -0.0263930502 0.0166970101
f 7936 7938 7937
v -0.00886436683 -0.0241989634 0.0163795921
v -0.00946618384 -0.0250151992 0.0158832874
v -0.0108173117 -0.0243192131 0.0161465636
f 7939 7941 7940
v -0.00893326578 -0.0236840162 0.0171512685
v -0.00886436683 -0.0241989634 0.0163795921
v -0.0108173117 -0.0243192131 0.0161465636
f 7942 7944 7943
v -0.0116027964 -0.0244105016 0.0164169585
v -0.0093472845 -0.0254731596 0.0186210789
v -0.0106088766 -0.0246190204 0.0170560495
f 7945 7947 7946
v -0.00832274964 -0.0239520057 0.0156885915
v -0.00844166425 -0.0243091403 0.01509086
v -0.0070870221 -0.0253256585 0.0158837182
f 7948 7950 7949
v -0.0103980019 -0.024390468 0.0176056317
v -0.0104108854 -0.023575571 0.0173120963
v -0.0108173117 -0.0243192131 0.0161465636
f 7951 7953 7952
v -0.0103980019 -0.024390468 0.0176056317
v -0.0108173117 -0.0243192131 0.0161465636
v -0.0106088766 -0.0246190204 0.0170560495
f 7954 7956 7955
v -0.0104108854 -0.023575571 0.0173120963
v -0.0107624954 -0.0242562528 0.0181113865
v -0.0116837669 -0.0232699123 0.0176907954
f 7957 7959 7958
v -0.0108173117 -0.0243192131 0.0161465636
v -0.0116430776 -0.0242361944 0.0147653453
v -0.0116027964 -0.0244105016 0.0164169585
f 7960 7962 7961
v -0.0133902984 -0.0224115385 0.0179171358
v -0.0116837669 -0.0232699123 0.0176907954
v -0.0120332181 -0.0236235021 0.017414079
f 7963 7965 7964
v -0.0119142569 -0.0210949627 0.0184285367
v -0.0115905343 -0.022468665 0.0183793367
v -0.0133902984 -0.0224115385 0.0179171358
f 7966 7968 7967
v -0.0115905343 -0.022468665 0.0183793367
v -0.0116837669 -0.0232699123 0.0176907954
v -0.0133902984 -0.0224115385 0.0179171358
f 7969 7971 7970
v -0.0106088766 -0.0246190204 0.0170560495
v -0.0108173117 -0.0243192131 0.0161465636
v -0.0116027964 -0.0244105016 0.0164169585
f 7972 7974 7973
v -0.0116837669 -0.0232699123 0.0176907954
v -0.0107624954 -0.0242562528 0.0181113865
v -0.0120332181 -0.0236235021 0.017414079
f 7975 7977 7976
v -0.0120332181 -0.0236235021 0.017414079
v -0.010625281 -0.0256579835 0.0187929429
v -0.0112033304 -0.0253456441 0.0178153103
f 7978 7980 7979
v -0.0125525868 -0.0237636792 0.0165025471
v -0.0116430776 -0.0242361944 0.0147653453
v -0.0134856207 -0.0234144463 0.0147885643
f 7981 7983 7982
v -0.00984666112 -0.0253622537 0.0191726926
v -0.00892631724 -0.0265433104 0.0198316644
v -0.00956606455 -0.0266241084 0.0197161047
f 7984 7986 7985
v -0.0141548982 -0.0196973109 0.0191775674
v -0.0153778223 -0.0218386398 0.0187655241
v -0.0160494514 -0.0206498647 0.0192076201
f 7987 7989 7988
v -0.0159730771 -0.0229641693 0.0203518081
v -0.0153778223 -0.0218386398 0.0187655241
v -0.0159330113 -0.0232851191 0.0197639922
f 7990 7992 7991
v -0.0133902984 -0.0224115385 0.0179171358
v -0.0153778223 -0.0218386398 0.0187655241
v -0.0119142569 -0.0210949627 0.0184285367
f 7993 7995 7994
v -0.0133902984 -0.0224115385 0.0179171358
v -0.0149968721 -0.0229204801 0.0166476384
v -0.015477759 -0.0222833914 0.0182802876
f 7996 7998 7997
v -0.0160494514 -0.0206498647 0.0192076201
v -0.0153778223 -0.0218386398 0.0187655241
v -0.0162223834 -0.0216701272 0.019331451
f 7999 8001 8000
v -0.0164007928 -0.0223920448 0.018873089
v -0.015477759 -0.0222833914 0.0182802876
v -0.0166292884 -0.0220087546 0.0179359165
f 8002 8004 8003
v -0.0153778223 -0.0218386398 0.0187655241
v -0.015477759 -0.0222833914 0.0182802876
v -0.0164007928 -0.0223920448 0.018873089
f 8005 8007 8006
v -0.0166292884 -0.0220087546 0.0179359165
v -0.015477759 -0.0222833914 0.0182802876
v -0.0176467074 -0.0216766974 0.0172762346
f 8008 8010 8009
v -0.015477759 -0.0222833914 0.0182802876
v -0.0149968721 -0.0229204801 0.0166476384
v -0.0176467074 -0.0216766974 0.0172762346
f 8011 8013 8012
v -0.0133902984 -0.0224115385 0.0179171358
v -0.015477759 -0.0222833914 0.0182802876
v -0.0153778223 -0.0218386398 0.0187655241
f 8014 8016 8015
v -0.0133902984 -0.0224115385 0.0179171358
v -0.0125525868 -0.0237636792 0.0165025471
v -0.0149968721 -0.0229204801 0.0166476384
f 8017 8019 8018
v -0.0160494514 -0.0206498647 0.0192076201
v -0.0156261522 -0.0197048634 0.0197501184
v -0.0141548982 -0.0196973109 0.0191775674
f 8020 8022 8021
v -0.018257233 -0.0185952347 0.0195057219
v -0.0156261522 -0.0197048634 0.0197501184
v -0.0188629609 -0.0193464934 0.018946451
f 8023 8025 8024
v -0.0160494514 -0.0206498647 0.0192076201
v -0.0162223834 -0.0216701272 0.019331451
v -0.0168440209 -0.0213205611 0.0188298058
f 8026 8028 8027
v -0.0164757759 -0.0219460926 0.019256727
v -0.0162223834 -0.0216701272 0.019331451
v -0.016505488 -0.0219281806 0.0192641572
f 8029 8031 8030
v -0.016505488 -0.0219281806 0.0192641572
v -0.0168440209 -0.0213205611 0.0188298058
v -0.0164757759 -0.0219460926 0.019256727
f 8032 8034 8033
v -0.016509516 -0.0223770214 0.0195067114
v -0.0164757759 -0.0219460926 0.019256727
v -0.016505488 -0.0219281806 0.0192641572
f 8035 8037 8036
v -0.0164007928 -0.0223920448 0.018873089
v -0.0168440209 -0.0213205611 0.0188298058
v -0.016505488 -0.0219281806 0.0192641572
f 8038 8040 8039
v -0.0166292884 -0.0220087546 0.0179359165
v -0.0168440209 -0.0213205611 0.0188298058
v -0.0164007928 -0.0223920448 0.018873089
f 8041 8043 8042
v -0.0176467074 -0.0216766974 0.0172762346
v -0.0188629609 -0.0193464934 0.018946451
v -0.0168440209 -0.0213205611 0.0188298058
f 8044 8046 8045
v -0.016509516 -0.0223770214 0.0195067114
v -0.0159330113 -0.0232851191 0.0197639922
v -0.0164007928 -0.0223920448 0.018873089
f 8047 8049 8048
v -0.00877645361 -0.0221308554 0.0132935937
v -0.0101285041 -0.0235563944 0.0129027758
v -0.00951070688 -0.024091528 0.014375546
f 8050 8052 8051
v -0.00949940295 -0.0198659312 0.0142154866
v -0.0105452018 -0.0205236196 0.0123441743
v -0.00877645361 -0.0221308554 0.0132935937
f 8053 8055 8054
v -0.0105452018 -0.0205236196 0.0123441743
v -0.0101285041 -0.0235563944 0.0129027758
v -0.00877645361 -0.0221308554 0.0132935937
f 8056 8058 8057
v -0.011712042 -0.0226788106 0.0129678083
v -0.0116766205 -0.021516945 0.0120408731
v -0.0135789916 -0.0217994879 0.0123411621
f 8059 8061 8060
v -0.0135789916 -0.0217994879 0.0123411621
v -0.0116766205 -0.021516945 0.0120408731
v -0.0122419253 -0.0203286792 0.0119224074
f 8062 8064 8063
v -0.0135789916 -0.0217994879 0.0123411621
v -0.0122419253 -0.0203286792 0.0119224074
v -0.0143045385 -0.0207460311 0.0114853974
f 8065 8067 8066
v -0.00757384041 -0.022190767 0.0137505704
v -0.00949940295 -0.0198659312 0.0142154866
v -0.00877645361 -0.0221308554 0.0132935937
f 8068 8070 8069
v -0.0111308946 -0.0181810101 0.0145280763
v -0.0144355203 -0.0160549738 0.0136131857
v -0.0113938921 -0.0191513042 0.0127882609
f 8071 8073 8072
v -0.0168407423 -0.016432823 0.0114678245
v -0.0186592704 -0.0146087419 0.0113049711
v -0.019137701 -0.0161639138 0.0106724379
f 8074 8076 8075
v -0.0143045385 -0.0207460311 0.0114853974
v -0.013069791 -0.0187603 0.0115879397
v -0.0142715493 -0.018053368 0.0117871918
f 8077 8079 8078
v -0.0161297372 -0.0216141445 0.0126476778
v -0.0143045385 -0.0207460311 0.0114853974
v -0.0180545292 -0.0184814213 0.0112137648
f 8080 8082 8081
v -0.0142715493 -0.018053368 0.0117871918
v -0.0168407423 -0.016432823 0.0114678245
v -0.0166642101 -0.0180322924 0.0111446388
f 8083 8085 8084
v -0.0168407423 -0.016432823 0.0114678245
v -0.019137701 -0.0161639138 0.0106724379
v -0.0166642101 -0.0180322924 0.0111446388
f 8086 8088 8087
v -0.0143045385 -0.0207460311 0.0114853974
v -0.0166642101 -0.0180322924 0.0111446388
v -0.0180545292 -0.0184814213 0.0112137648
f 8089 8091 8090
v -0.0160725016 -0.0149533924 0.00358285215
v -0.0181730284 -0.0151768065 0.00388953813
v -0.0188828417 -0.0139060838 0.00594355588
f 8092 8094 8093
v -0.0188331032 -0.0156348106 0.0058021622
v -0.0188828417 -0.0139060838 0.00594355588
v -0.0181730284 -0.0151768065 0.00388953813
f 8095 8097 8096
v -0.0188331032 -0.0156348106 0.0058021622
v -0.0190803577 -0.0166615369 0.00379266166
v -0.0207973848 -0.0159247094 0.00656368939
f 8098 8100 8099
v -0.018149642 -0.0162970202 0.00234095824
v -0.0190803577 -0.0166615369 0.00379266166
v -0.0188331032 -0.0156348106 0.0058021622
f 8101 8103 8102
v -0.0134856207 -0.0234144463 0.0147885643
v -0.0116430776 -0.0242361944 0.0147653453
v -0.011712042 -0.0226788106 0.0129678083
f 8104 8106 8105
v -0.0134856207 -0.0234144463 0.0147885643
v -0.011712042 -0.0226788106 0.0129678083
v -0.0135789916 -0.0217994879 0.0123411621
f 8107 8109 8108
v -0.0134856207 -0.0234144463 0.0147885643
v -0.0135789916 -0.0217994879 0.0123411621
v -0.0161297372 -0.0216141445 0.0126476778
f 8110 8112 8111
v -0.0171798369 -0.0220608374 0.0146081002
v -0.0134856207 -0.0234144463 0.0147885643
v -0.0161297372 -0.0216141445 0.0126476778
f 8113 8115 8114
v -0.0187698475 -0.0206723998 0.013570438
v -0.0161297372 -0.0216141445 0.0126476778
v -0.0180545292 -0.0184814213 0.0112137648
f 8116 8118 8117
v -0.0149968721 -0.0229204801 0.0166476384
v -0.0134856207 -0.0234144463 0.0147885643
v -0.0171798369 -0.0220608374 0.0146081002
f 8119 8121 8120
v -0.0171798369 -0.0220608374 0.0146081002
v -0.0187698475 -0.0206723998 0.013570438
v -0.0194856751 -0.0205718781 0.0151177548
f 8122 8124 8123
v -0.0122419253 -0.0203286792 0.0119224074
v -0.013069791 -0.0187603 0.0115879397
v -0.0143045385 -0.0207460311 0.0114853974
f 8125 8127 8126
v -0.00772878921 -0.0265362556 0.0160131603
v -0.0065658518 -0.026543776 0.0160899915
v -0.00870438816 -0.025027158 0.0150475971
f 8128 8130 8129
v -0.0111308946 -0.0181810101 0.0145280763
v -0.0113938921 -0.0191513042 0.0127882609
v -0.00949940295 -0.0198659312 0.0142154866
f 8131 8133 8132
v -0.00773117499 -0.022484154 0.0140678487
v -0.00757384041 -0.022190767 0.0137505704
v -0.00877645361 -0.0221308554 0.0132935937
f 8134 8136 8135
v -0.0179457362 -0.0150990047 0.00141449873
v -0.018290263 -0.0160054406 0.000442938381
v -0.018149642 -0.0162970202 0.00234095824
f 8137 8139 8138
v -0.0196230088 -0.0169223902 0.000443156114
v -0.0212983461 -0.0167606719 0.00268194508
v -0.0190803577 -0.0166615369 0.00379266166
f 8140 8142 8141
v -0.00925468048 0.000637694347 0.0121573925
v -0.0120421144 -0.00112714733 0.0134975155
v -0.0128764499 -0.000383526094 0.0131708424
f 8143 8145 8144
v -0.0124348255 -0.00291190918 0.0125774153
v -0.0119701872 -0.00207400644 0.0134307978
v -0.0103616992 -0.00154789086 0.0135014445
f 8146 8148 8147
v -0.0105569452 -0.00319223946 0.0127296633
v -0.0118750533 -0.004644824 0.012740973
v -0.0124348255 -0.00291190918 0.0125774153
f 8149 8151 8150
v -0.0124348255 -0.00291190918 0.0125774153
v -0.0144363847 -0.00313379351 0.012964246
v -0.0119701872 -0.00207400644 0.0134307978
f 8152 8154 8153
v -0.0150342879 -0.00243330287 0.0136522838
v -0.0143170168 0.00204870958 0.0133336987
v -0.0128764499 -0.000383526094 0.0131708424
f 8155 8157 8156
v -0.0143170168 0.00204870958 0.0133336987
v -0.0168272876 -0.00186309589 0.0139611773
v -0.0163164499 -0.000355715633 0.0134010421
f 8158 8160 8159
v -0.0143170168 0.00204870958 0.0133336987
v -0.0150342879 -0.00243330287 0.0136522838
v -0.0168272876 -0.00186309589 0.0139611773
f 8161 8163 8162
v -0.0124348255 -0.00291190918 0.0125774153
v -0.0118750533 -0.004644824 0.012740973
v -0.0144363847 -0.00313379351 0.012964246
f 8164 8166 8165
v -0.0176148373 -0.002918891 0.0136771821
v -0.0160048847 -0.00345673179 0.012931801
v -0.0180914212 -0.00438174138 0.0127791864
f 8167 8169 8168
v -0.0150342879 -0.00243330287 0.0136522838
v -0.0160048847 -0.00345673179 0.012931801
v -0.0176148373 -0.002918891 0.0136771821
f 8170 8172 8171
v -0.0195694534 -0.00392928196 0.0129347376
v -0.0176148373 -0.002918891 0.0136771821
v -0.0180914212 -0.00438174138 0.0127791864
f 8173 8175 8174
v -0.0160032811 0.00158724724 0.0117121497
v -0.0173176202 -1.18105817e-05 0.0123639853
v -0.0175183726 0.00215034925 0.0112768816
f 8176 8178 8177
v -0.0175183726 0.00215034925 0.0112768816
v -0.015438706 0.00266131192 0.0116110728
v -0.0160032811 0.00158724724 0.0117121497
f 8179 8181 8180
v -0.0175183726 0.00215034925 0.0112768816
v -0.0187935453 0.00235396874 0.0115367329
v -0.0194111839 0.00310040014 0.0118166281
f 8182 8184 8183
v -0.0160032811 0.00158724724 0.0117121497
v -0.0163164499 -0.000355715633 0.0134010421
v -0.0173176202 -1.18105817e-05 0.0123639853
f 8185 8187 8186
v -0.0187935453 0.00235396874 0.0115367329
v -0.0173176202 -1.18105817e-05 0.0123639853
v -0.0199108617 0.00040035352 0.0120934317
f 8188 8190 8189
v -0.0194829248 0.00223698062 0.0112393289
v -0.0187935453 0.00235396874 0.0115367329
v -0.0199108617 0.00040035352 0.0120934317
f 8191 8193 8192
v -0.0175183726 0.00215034925 0.0112768816
v -0.0173176202 -1.18105817e-05 0.0123639853
v -0.0187935453 0.00235396874 0.0115367329
f 8194 8196 8195
v -0.0209881153 0.000123774885 0.0119939883
v -0.0219957976 0.00221163646 0.0119822704
v -0.0194829248 0.00223698062 0.0112393289
f 8197 8199 8198
v -0.0173176202 -1.18105817e-05 0.0123639853
v -0.0168272876 -0.00186309589 0.0139611773
v -0.0189299797 -0.00182517488 0.0129840133
f 8200 8202 8201
v -0.0189299797 -0.00182517488 0.0129840133
v -0.0198999638 -0.00138593387 0.0131570763
v -0.0199108617 0.00040035352 0.0120934317
f 8203 8205 8204
v -0.0209881153 0.000123774885 0.0119939883
v -0.0199108617 0.00040035352 0.0120934317
v -0.0212078914 -0.0013132827 0.0127992535
f 8206 8208 8207
v -0.0199108617 0.00040035352 0.0120934317
v -0.0198999638 -0.00138593387 0.0131570763
v -0.0212078914 -0.0013132827 0.0127992535
f 8209 8211 8210
v -0.0189299797 -0.00182517488 0.0129840133
v -0.0176148373 -0.002918891 0.0136771821
v -0.0195694534 -0.00392928196 0.0129347376
f 8212 8214 8213
v -0.0198999638 -0.00138593387 0.0131570763
v -0.022817924 -0.00249221666 0.0130095752
v -0.0212078914 -0.0013132827 0.0127992535
f 8215 8217 8216
v -0.0209881153 0.000123774885 0.0119939883
v -0.0229125566 -0.000700568762 0.0128497806
v -0.0230166537 0.000918281239 0.0128853542
f 8218 8220 8219
v -0.022817924 -0.00249221666 0.0130095752
v -0.0229125566 -0.000700568762 0.0128497806
v -0.0212078914 -0.0013132827 0.0127992535
f 8221 8223 8222
v -0.01223258 -0.00847880146 0.0130750414
v -0.0151285392 -0.00816942556 0.0128601096
v -0.0138113683 -0.00740114992 0.0131864246
f 8224 8226 8225
v -0.0151285392 -0.00816942556 0.0128601096
v -0.0133750349 -0.0115085364 0.0115980671
v -0.0167158985 -0.010631344 0.0116378447
f 8227 8229 8228
v -0.0180914212 -0.00438174138 0.0127791864
v -0.0185934725 -0.00632373485 0.0128292246
v -0.020015637 -0.00512587139 0.0126053492
f 8230 8232 8231
v -0.0185934725 -0.00632373485 0.0128292246
v -0.0179651892 -0.00868974385 0.0123377336
v -0.0199206843 -0.00757800372 0.0123378733
f 8233 8235 8234
v -0.020015637 -0.00512587139 0.0126053492
v -0.0185934725 -0.00632373485 0.0128292246
v -0.0199206843 -0.00757800372 0.0123378733
f 8236 8238 8237
v -0.0133750349 -0.0115085364 0.0115980671
v -0.0148819498 -0.0113223708 0.0115338371
v -0.0167158985 -0.010631344 0.0116378447
f 8239 8241 8240
v -0.0167158985 -0.010631344 0.0116378447
v -0.0183395881 -0.0102821978 0.0116159194
v -0.0179651892 -0.00868974385 0.0123377336
f 8242 8244 8243
v -0.0167158985 -0.010631344 0.0116378447
v -0.0148819498 -0.0113223708 0.0115338371
v -0.0163235425 -0.0114412775 0.00993953217
f 8245 8247 8246
v -0.0155819711 -0.0127444335 0.00832369115
v -0.019590545 -0.0112134941 0.0091984868
v -0.0184849327 -0.0108791937 0.0097214448
f 8248 8250 8249
v -0.019791958 -0.0118426287 0.0101997903
v -0.019590545 -0.0112134941 0.0091984868
v -0.0195898348 -0.0121666613 0.00806857861
f 8251 8253 8252
v -0.0167158985 -0.010631344 0.0116378447
v -0.0163235425 -0.0114412775 0.00993953217
v -0.0183395881 -0.0102821978 0.0116159194
f 8254 8256 8255
v -0.0199206843 -0.00757800372 0.0123378733
v -0.0179651892 -0.00868974385 0.0123377336
v -0.019219314 -0.00990224871 0.0113801587
f 8257 8259 8258
v -0.019219314 -0.00990224871 0.0113801587
v -0.0201814124 -0.0104172745 0.00974245777
v -0.020389758 -0.010170621 0.0110755514
f 8260 8262 8261
v -0.019791958 -0.0118426287 0.0101997903
v -0.020389758 -0.010170621 0.0110755514
v -0.0201814124 -0.0104172745 0.00974245777
f 8263 8265 8264
v -0.0211302453 -0.00842539448 0.012157912
v -0.020389758 -0.010170621 0.0110755514
v -0.0215375883 -0.0114604016 0.0119558332
f 8266 8268 8267
v -0.019791958 -0.0118426287 0.0101997903
v -0.0201814124 -0.0104172745 0.00974245777
v -0.019590545 -0.0112134941 0.0091984868
f 8269 8271 8270
v -0.0195898348 -0.0121666613 0.00806857861
v -0.019590545 -0.0112134941 0.0091984868
v -0.0155819711 -0.0127444335 0.00832369115
f 8272 8274 8273
v -0.020015637 -0.00512587139 0.0126053492
v -0.0199206843 -0.00757800372 0.0123378733
v -0.0221531605 -0.00555207116 0.0129424094
f 8275 8277 8276
v -0.0199206843 -0.00757800372 0.0123378733
v -0.0211302453 -0.00842539448 0.012157912
v -0.0221531605 -0.00555207116 0.0129424094
f 8278 8280 8279
v -0.0221531605 -0.00555207116 0.0129424094
v -0.022817924 -0.00249221666 0.0130095752
v -0.0212002007 -0.00325267392 0.0133078167
f 8281 8283 8282
v -0.0242267648 -0.00128041902 0.0131384673
v -0.0221531605 -0.00555207116 0.0129424094
v -0.0231712358 -0.0047906673 0.0136685238
f 8284 8286 8285
v -0.0260210392 -0.00328191127 0.0139384269
v -0.025595256 -0.00126992691 0.0143657555
v -0.0240151916 -0.00490233542 0.0140217133
f 8287 8289 8288
v -0.0221531605 -0.00555207116 0.0129424094
v -0.0227674449 -0.00679391014 0.0132683606
v -0.0231712358 -0.0047906673 0.0136685238
f 8290 8292 8291
v -0.0231712358 -0.0047906673 0.0136685238
v -0.0227674449 -0.00679391014 0.0132683606
v -0.0240151916 -0.00490233542 0.0140217133
f 8293 8295 8294
v -0.0227674449 -0.00679391014 0.0132683606
v -0.0234606981 -0.00969744797 0.0128426997
v -0.0241700167 -0.00864049725 0.0132065383
f 8296 8298 8297
v -0.0215375883 -0.0114604016 0.0119558332
v -0.0231141516 -0.0104674378 0.012404882
v -0.0234606981 -0.00969744797 0.0128426997
f 8299 8301 8300
v -0.0240151916 -0.00490233542 0.0140217133
v -0.0248326978 -0.0060672719 0.0137674884
v -0.0249332195 -0.00519586501 0.0137300347
f 8302 8304 8303
v -0.0251042249 -0.00437273011 0.0138113304
v -0.0252270431 -0.00487185207 0.0137802941
v -0.0260210392 -0.00328191127 0.0139384269
f 8305 8307 8306
v -0.0248326978 -0.0060672719 0.0137674884
v -0.0252249883 -0.00487108337 0.013786694
v -0.0252270431 -0.00487185207 0.0137802941
f 8308 8310 8309
v -0.0248326978 -0.0060672719 0.0137674884
v -0.0268065138 -0.00388009175 0.0144318445
v -0.0260210392 -0.00328191127 0.0139384269
f 8311 8313 8312
v -0.0248326978 -0.0060672719 0.0137674884
v -0.0266580406 -0.00482270807 0.0150463631
v -0.0268065138 -0.00388009175 0.0144318445
f 8314 8316 8315
v -0.024708276 -0.00737218361 0.0138227479
v -0.0266580406 -0.00482270807 0.0150463631
v -0.0248326978 -0.0060672719 0.0137674884
f 8317 8319 8318
v -0.0249332195 -0.00519586501 0.0137300347
v -0.0252249883 -0.00487108337 0.013786694
v -0.0251042249 -0.00437273011 0.0138113304
f 8320 8322 8321
v -0.0248326978 -0.0060672719 0.0137674884
v -0.0241700167 -0.00864049725 0.0132065383
v -0.024708276 -0.00737218361 0.0138227479
f 8323 8325 8324
v -0.0195694534 -0.00392928196 0.0129347376
v -0.0212002007 -0.00325267392 0.0133078167
v -0.0198999638 -0.00138593387 0.0131570763
f 8326 8328 8327
v -0.0229125566 -0.000700568762 0.0128497806
v -0.022817924 -0.00249221666 0.0130095752
v -0.0242267648 -0.00128041902 0.0131384673
f 8329 8331 8330
v -0.0232627703 0.00295855862 0.0130616507
v -0.0237535773 0.00579044608 0.0128991669
v -0.0222863164 0.00451263913 0.0126766128
f 8332 8334 8333
v -0.0219957976 0.00221163646 0.0119822704
v -0.0232627703 0.00295855862 0.0130616507
v -0.0222863164 0.00451263913 0.0126766128
f 8335 8337 8336
v -0.0237535773 0.00579044608 0.0128991669
v -0.0253163744 0.00352647621 0.0144454447
v -0.0257086533 0.00605613131 0.0140657066
f 8338 8340 8339
v -0.0257086533 0.00605613131 0.0140657066
v -0.0264897913 0.00673040122 0.0139172567
v -0.025035924 0.00914435586 0.0128649728
f 8341 8343 8342
v -0.026603791 0.00838172418 0.0136327522
v -0.025035924 0.00914435586 0.0128649728
v -0.0264897913 0.00673040122 0.0139172567
f 8344 8346 8345
v -0.0272048695 0.00848898053 0.0134246569
v -0.0264897913 0.00673040122 0.0139172567
v -0.0262283953 0.00457265232 0.0140393095
f 8347 8349 8348
v -0.0272048695 0.00848898053 0.0134246569
v -0.0262283953 0.00457265232 0.0140393095
v -0.0267984113 0.00579347652 0.0130144472
f 8350 8352 8351
v -0.02684996 0.00661026861 0.011769656
v -0.0280030363 0.00775209337 0.00954782008
v -0.0272942678 0.00856495826 0.0113283415
f 8353 8355 8354
v -0.0279215077 0.00446781305 0.0109649664
v -0.0267984113 0.00579347652 0.0130144472
v -0.0270879536 0.00454352812 0.012360781
f 8356 8358 8357
v -0.02684996 0.00661026861 0.011769656
v -0.0279215077 0.00446781305 0.0109649664
v -0.0284716632 0.00562920977 0.00938544181
f 8359 8361 8360
v -0.0232627703 0.00295855862 0.0130616507
v -0.0230166537 0.000918281239 0.0128853542
v -0.0250175421 0.00227453656 0.0145105732
f 8362 8364 8363
v -0.0250539859 -0.000526884833 0.0140780263
v -0.025595256 -0.00126992691 0.0143657555
v -0.0262417307 0.00127182157 0.014537957
f 8365 8367 8366
v -0.0250539859 -0.000526884833 0.0140780263
v -0.0262417307 0.00127182157 0.014537957
v -0.0250175421 0.00227453656 0.0145105732
f 8368 8370 8369
v -0.0250175421 0.00227453656 0.0145105732
v -0.0230166537 0.000918281239 0.0128853542
v -0.0250539859 -0.000526884833 0.0140780263
f 8371 8373 8372
v -0.0270879536 0.00454352812 0.012360781
v -0.0262283953 0.00457265232 0.0140393095
v -0.0272240082 0.000920800539 0.0135763519
f 8374 8376 8375
v -0.0283406669 0.000838445885 0.0130324945
v -0.0287645875 0.00249983477 0.0114815288
v -0.0272240082 0.000920800539 0.0135763519
f 8377 8379 8378
v -0.0270879536 0.00454352812 0.012360781
v -0.0287645875 0.00249983477 0.0114815288
v -0.0279215077 0.00446781305 0.0109649664
f 8380 8382 8381
v -0.0300185377 0.00615788667 0.00593677651
v -0.0285399525 0.00837539483 0.00603275948
v -0.0289779418 0.00661855811 0.00706211431
f 8383 8385 8384
v -0.0307249225 0.00674106122 0.00866305418
v -0.0284716632 0.00562920977 0.00938544181
v -0.0303637353 0.00367797147 0.0086785949
f 8386 8388 8387
v -0.0294258818 0.00717589937 0.00434103385
v -0.0285399525 0.00837539483 0.00603275948
v -0.0300185377 0.00615788667 0.00593677651
f 8389 8391 8390
v -0.0294258818 0.00717589937 0.00434103385
v -0.0300185377 0.00615788667 0.00593677651
v -0.0309032883 0.00561368179 0.00402049045
f 8392 8394 8393
v -0.0309032883 0.00561368179 0.00402049045
v -0.0306984119 0.00784918593 0.0022050499
v -0.0294258818 0.00717589937 0.00434103385
f 8395 8397 8396
v -0.0309032883 0.00561368179 0.00402049045
v -0.0300185377 0.00615788667 0.00593677651
v -0.0328073307 0.00282272904 0.00357762692
f 8398 8400 8399
v -0.0284716632 0.00562920977 0.00938544181
v -0.0279215077 0.00446781305 0.0109649664
v -0.0303637353 0.00367797147 0.0086785949
f 8401 8403 8402
v -0.0279215077 0.00446781305 0.0109649664
v -0.0287645875 0.00249983477 0.0114815288
v -0.0305085268 0.00201802995 0.00958326345
f 8404 8406 8405
v -0.0314899458 0.00459674848 0.00869451978
v -0.0303637353 0.00367797147 0.0086785949
v -0.0318538659 0.00196898891 0.00825323368
f 8407 8409 8408
v -0.0305085268 0.00201802995 0.00958326345
v -0.0318538659 0.00196898891 0.00825323368
v -0.0303637353 0.00367797147 0.0086785949
f 8410 8412 8411
v -0.0305085268 0.00201802995 0.00958326345
v -0.0292817655 0.00159265783 0.0108568747
v -0.0297130027 0.000373811986 0.0111270718
f 8413 8415 8414
v -0.0308172457 0.00645090549 0.00776635716
v -0.0297185004 0.00759254981 0.00868483694
v -0.0307249225 0.00674106122 0.00866305418
f 8416 8418 8417
v -0.0308172457 0.00645090549 0.00776635716
v -0.0297743914 0.00734597852 0.0080238322
v -0.0297185004 0.00759254981 0.00868483694
f 8419 8421 8420
v -0.0306507631 0.00478694419 0.00732688422
v -0.0295894133 0.00594142439 0.00748369639
v -0.0308172457 0.00645090549 0.00776635716
f 8422 8424 8423
v -0.0320030231 0.00444179968 0.00793759828
v -0.0314899458 0.00459674848 0.00869451978
v -0.0330329349 0.00327909875 0.0074878255
f 8425 8427 8426
v -0.0314899458 0.00459674848 0.00869451978
v -0.0318538659 0.00196898891 0.00825323368
v -0.0330961542 0.00226500833 0.0076588316
f 8428 8430 8429
v -0.0330329349 0.00327909875 0.0074878255
v -0.0314899458 0.00459674848 0.00869451978
v -0.0330961542 0.00226500833 0.0076588316
f 8431 8433 8432
v -0.0306507631 0.00478694419 0.00732688422
v -0.0331465475 0.00248980487 0.00689712106
v -0.0328073307 0.00282272904 0.00357762692
f 8434 8436 8435
v -0.0331465475 0.00248980487 0.00689712106
v -0.0330329349 0.00327909875 0.0074878255
v -0.0330961542 0.00226500833 0.0076588316
f 8437 8439 8438
v -0.0272240082 0.000920800539 0.0135763519
v -0.0262417307 0.00127182157 0.014537957
v -0.025595256 -0.00126992691 0.0143657555
f 8440 8442 8441
v -0.0272240082 0.000920800539 0.0135763519
v -0.025595256 -0.00126992691 0.0143657555
v -0.0260210392 -0.00328191127 0.0139384269
f 8443 8445 8444
v -0.0272240082 0.000920800539 0.0135763519
v -0.0260210392 -0.00328191127 0.0139384269
v -0.029037529 -0.00213586882 0.0137406139
f 8446 8448 8447
v -0.0283406669 0.000838445885 0.0130324945
v -0.029037529 -0.00213586882 0.0137406139
v -0.0293405203 -0.000116738283 0.0126478117
f 8449 8451 8450
v -0.0292817655 0.00159265783 0.0108568747
v -0.0293405203 -0.000116738283 0.0126478117
v -0.0297130027 0.000373811986 0.0111270718
f 8452 8454 8453
v -0.0303489331 -0.00268196491 0.0120515106
v -0.0297130027 0.000373811986 0.0111270718
v -0.0293405203 -0.000116738283 0.0126478117
f 8455 8457 8456
v -0.0318849576 -0.00153603869 0.00990324188
v -0.0297130027 0.000373811986 0.0111270718
v -0.0303489331 -0.00268196491 0.0120515106
f 8458 8460 8459
v -0.0260210392 -0.00328191127 0.0139384269
v -0.0268065138 -0.00388009175 0.0144318445
v -0.0286825147 -0.00352062707 0.0146349485
f 8461 8463 8462
v -0.0271857949 -0.00639048158 0.0156589143
v -0.0289195654 -0.00401178477 0.0145643076
v -0.0266580406 -0.00482270807 0.0150463631
f 8464 8466 8465
v -0.0266580406 -0.00482270807 0.0150463631
v -0.0289195654 -0.00401178477 0.0145643076
v -0.0268065138 -0.00388009175 0.0144318445
f 8467 8469 8468
v -0.0303489331 -0.00268196491 0.0120515106
v -0.0286825147 -0.00352062707 0.0146349485
v -0.0289195654 -0.00401178477 0.0145643076
f 8470 8472 8471
v -0.029037529 -0.00213586882 0.0137406139
v -0.0286825147 -0.00352062707 0.0146349485
v -0.0303489331 -0.00268196491 0.0120515106
f 8473 8475 8474
v -0.0322686828 -0.0028738983 0.00977011587
v -0.0303489331 -0.00268196491 0.0120515106
v -0.0315140001 -0.0042965723 0.0129787397
f 8476 8478 8477
v -0.0318538659 0.00196898891 0.00825323368
v -0.0305085268 0.00201802995 0.00958326345
v -0.0317950122 0.000390038031 0.00934878408
f 8479 8481 8480
v -0.0332949334 0.00091517104 0.00764600336
v -0.0317950122 0.000390038031 0.00934878408
v -0.0318849576 -0.00153603869 0.00990324188
f 8482 8484 8483
v -0.0322686828 -0.0028738983 0.00977011587
v -0.0315140001 -0.0042965723 0.0129787397
v -0.0329632865 -0.00478572729 0.010872339
f 8485 8487 8486
v -0.0322686828 -0.0028738983 0.00977011587
v -0.0329632865 -0.00478572729 0.010872339
v -0.0349124923 -0.00430560322 0.00911505194
f 8488 8490 8489
v -0.0332949334 0.00091517104 0.00764600336
v -0.035342644 -0.00290845492 0.00738709859
v -0.0347826834 -0.000884983729 0.00634067619
f 8491 8493 8492
v -0.0349124923 -0.00430560322 0.00911505194
v -0.035342644 -0.00290845492 0.00738709859
v -0.0322686828 -0.0028738983 0.00977011587
f 8494 8496 8495
v -0.0332949334 0.00091517104 0.00764600336
v -0.0318849576 -0.00153603869 0.00990324188
v -0.0322686828 -0.0028738983 0.00977011587
f 8497 8499 8498
v -0.0338702142 0.00148238087 0.00686429266
v -0.0330961542 0.00226500833 0.0076588316
v -0.0332949334 0.00091517104 0.00764600336
f 8500 8502 8501
v -0.0332949334 0.00091517104 0.00764600336
v -0.0330961542 0.00226500833 0.0076588316
v -0.0318538659 0.00196898891 0.00825323368
f 8503 8505 8504
v -0.0331465475 0.00248980487 0.00689712106
v -0.0336365658 0.00189226266 0.00683780017
v -0.0341835927 0.00117313921 0.00587637151
f 8506 8508 8507
v -0.0341835927 0.00117313921 0.00587637151
v -0.0336442579 0.00189689508 0.00683972321
v -0.0338702142 0.00148238087 0.00686429266
f 8509 8511 8510
v -0.0341835927 0.00117313921 0.00587637151
v -0.0336365658 0.00189226266 0.00683780017
v -0.0336442579 0.00189689508 0.00683972321
f 8512 8514 8513
v -0.0354986638 -0.000533935872 0.00526509721
v -0.0338702142 0.00148238087 0.00686429266
v -0.0347826834 -0.000884983729 0.00634067619
f 8515 8517 8516
v -0.0307249225 0.00674106122 0.00866305418
v -0.0303637353 0.00367797147 0.0086785949
v -0.0314899458 0.00459674848 0.00869451978
f 8518 8520 8519
v -0.0159585485 -0.0158551396 0.0188929582
v -0.0174737681 -0.0142594479 0.0173459965
v -0.0153645538 -0.0150379594 0.0165917008
f 8521 8523 8522
v -0.0206779543 -0.0137422176 0.0168970844
v -0.0194090928 -0.0135959926 0.0153784262
v -0.0174737681 -0.0142594479 0.0173459965
f 8524 8526 8525
v -0.0174737681 -0.0142594479 0.0173459965
v -0.0194090928 -0.0135959926 0.0153784262
v -0.0172036205 -0.0141706594 0.016130539
f 8527 8529 8528
v -0.0174737681 -0.0142594479 0.0173459965
v -0.0159585485 -0.0158551396 0.0188929582
v -0.0188479287 -0.0149729764 0.0185231358
f 8530 8532 8531
v -0.018257233 -0.0185952347 0.0195057219
v -0.0193060274 -0.0177172289 0.019633901
v -0.0190308405 -0.0165374979 0.0194338645
f 8533 8535 8534
v -0.0215699911 -0.015479936 0.0180040224
v -0.0210448328 -0.0166642916 0.018743868
v -0.0213336607 -0.0162761949 0.0185997545
f 8536 8538 8537
v -0.0190308405 -0.0165374979 0.0194338645
v -0.0210448328 -0.0166642916 0.018743868
v -0.0215699911 -0.015479936 0.0180040224
f 8539 8541 8540
v -0.0190308405 -0.0165374979 0.0194338645
v -0.0215699911 -0.015479936 0.0180040224
v -0.0188479287 -0.0149729764 0.0185231358
f 8542 8544 8543
v -0.0174737681 -0.0142594479 0.0173459965
v -0.0188479287 -0.0149729764 0.0185231358
v -0.0206779543 -0.0137422176 0.0168970844
f 8545 8547 8546
v -0.0214004351 -0.0162185504 0.0183948578
v -0.0213336607 -0.0162761949 0.0185997545
v -0.0214206113 -0.016206388 0.0183999189
f 8548 8550 8549
v -0.0215699911 -0.015479936 0.0180040224
v -0.0214004351 -0.0162185504 0.0183948578
v -0.0214206113 -0.016206388 0.0183999189
f 8551 8553 8552
v -0.0216018452 -0.0163329503 0.0180336647
v -0.0215699911 -0.015479936 0.0180040224
v -0.0214206113 -0.016206388 0.0183999189
f 8554 8556 8555
v -0.0215699911 -0.015479936 0.0180040224
v -0.0216018452 -0.0163329503 0.0180336647
v -0.0227466182 -0.0159164076 0.0166850572
f 8557 8559 8558
v -0.0188479287 -0.0149729764 0.0185231358
v -0.0215699911 -0.015479936 0.0180040224
v -0.0206779543 -0.0137422176 0.0168970844
f 8560 8562 8561
v -0.018257233 -0.0185952347 0.0195057219
v -0.0194085471 -0.0182897755 0.0202853902
v -0.0193060274 -0.0177172289 0.019633901
f 8563 8565 8564
v -0.018257233 -0.0185952347 0.0195057219
v -0.0190233477 -0.0186787613 0.0202030409
v -0.0194085471 -0.0182897755 0.0202853902
f 8566 8568 8567
v -0.0210448328 -0.0166642916 0.018743868
v -0.0200275448 -0.0180626492 0.0190712075
v -0.0209295526 -0.0178501345 0.0185855839
f 8569 8571 8570
v -0.0197969915 -0.0181567666 0.019660141
v -0.0197828602 -0.0181652809 0.0196566019
v -0.0200275448 -0.0180626492 0.0190712075
f 8572 8574 8573
v -0.0197828602 -0.0181652809 0.0196566019
v -0.0194085471 -0.0182897755 0.0202853902
v -0.0197969915 -0.0181567666 0.019660141
f 8575 8577 8576
v -0.0198654117 -0.018998397 0.0207376841
v -0.0197828602 -0.0181652809 0.0196566019
v -0.0197969915 -0.0181567666 0.019660141
f 8578 8580 8579
v -0.0200275448 -0.0180626492 0.0190712075
v -0.0198126698 -0.018858831 0.0190719235
v -0.0209295526 -0.0178501345 0.0185855839
f 8581 8583 8582
v -0.0213336607 -0.0162761949 0.0185997545
v -0.0215227163 -0.0165073943 0.0186987367
v -0.0215117936 -0.0164306213 0.0184108678
f 8584 8586 8585
v -0.0215117936 -0.0164306213 0.0184108678
v -0.0214763888 -0.0165353078 0.0186871417
v -0.021491955 -0.0166275015 0.0188558653
f 8587 8589 8588
v -0.0216018452 -0.0163329503 0.0180336647
v -0.0215117936 -0.0164306213 0.0184108678
v -0.021491955 -0.0166275015 0.0188558653
f 8590 8592 8591
v -0.021491955 -0.0166275015 0.0188558653
v -0.0214763888 -0.0165353078 0.0186871417
v -0.0215227163 -0.0165073943 0.0186987367
f 8593 8595 8594
v -0.0214763888 -0.0165353078 0.0186871417
v -0.0213336607 -0.0162761949 0.0185997545
v -0.0210448328 -0.0166642916 0.018743868
f 8596 8598 8597
v -0.0216018452 -0.0163329503 0.0180336647
v -0.0214004351 -0.0162185504 0.0183948578
v -0.0215117936 -0.0164306213 0.0184108678
f 8599 8601 8600
v -0.0172036205 -0.0141706594 0.016130539
v -0.0194090928 -0.0135959926 0.0153784262
v -0.0189176135 -0.0135930037 0.0141612225
f 8602 8604 8603
v -0.0146672755 -0.0156480543 0.0150566804
v -0.0189176135 -0.0135930037 0.0141612225
v -0.0172664644 -0.0148855775 0.0121797399
f 8605 8607 8606
v -0.0186592704 -0.0146087419 0.0113049711
v -0.0197838483 -0.0128603249 0.0125813473
v -0.0202842479 -0.012766986 0.0106686166
f 8608 8610 8609
v -0.0202529802 -0.0137760246 0.0102900478
v -0.019791958 -0.0118426287 0.0101997903
v -0.0200955328 -0.0145900704 0.00857145569
f 8611 8613 8612
v -0.0202842479 -0.012766986 0.0106686166
v -0.019791958 -0.0118426287 0.0101997903
v -0.0202529802 -0.0137760246 0.0102900478
f 8614 8616 8615
v -0.0202529802 -0.0137760246 0.0102900478
v -0.019137701 -0.0161639138 0.0106724379
v -0.0186592704 -0.0146087419 0.0113049711
f 8617 8619 8618
v -0.0197838483 -0.0128603249 0.0125813473
v -0.0186592704 -0.0146087419 0.0113049711
v -0.0189176135 -0.0135930037 0.0141612225
f 8620 8622 8621
v -0.0202842479 -0.012766986 0.0106686166
v -0.0202529802 -0.0137760246 0.0102900478
v -0.0186592704 -0.0146087419 0.0113049711
f 8623 8625 8624
v -0.0202529802 -0.0137760246 0.0102900478
v -0.0200955328 -0.0145900704 0.00857145569
v -0.0210628961 -0.0140612829 0.00969737666
f 8626 8628 8627
v -0.0197838483 -0.0128603249 0.0125813473
v -0.0216221233 -0.0114482384 0.0139772863
v -0.0215375883 -0.0114604016 0.0119558332
f 8629 8631 8630
v -0.0206779543 -0.0137422176 0.0168970844
v -0.0210989179 -0.0124845305 0.0157981296
v -0.0194090928 -0.0135959926 0.0153784262
f 8632 8634 8633
v -0.0216221233 -0.0114482384 0.0139772863
v -0.0194090928 -0.0135959926 0.0153784262
v -0.0210989179 -0.0124845305 0.0157981296
f 8635 8637 8636
v -0.0215375883 -0.0114604016 0.0119558332
v -0.0216221233 -0.0114482384 0.0139772863
v -0.0231141516 -0.0104674378 0.012404882
f 8638 8640 8639
v -0.0180545292 -0.0184814213 0.0112137648
v -0.019137701 -0.0161639138 0.0106724379
v -0.0212978222 -0.0166471698 0.0114128976
f 8641 8643 8642
v -0.0210980041 -0.0155650501 0.0104535502
v -0.0225875337 -0.0143988203 0.010265239
v -0.0212978222 -0.0166471698 0.0114128976
f 8644 8646 8645
v -0.0187848738 -0.0192995969 0.0123161328
v -0.0212978222 -0.0166471698 0.0114128976
v -0.0187698475 -0.0206723998 0.013570438
f 8647 8649 8648
v -0.0187698475 -0.0206723998 0.013570438
v -0.0212978222 -0.0166471698 0.0114128976
v -0.021871255 -0.0170796498 0.0125113584
f 8650 8652 8651
v -0.0212978222 -0.0166471698 0.0114128976
v -0.019137701 -0.0161639138 0.0106724379
v -0.0210980041 -0.0155650501 0.0104535502
f 8653 8655 8654
v -0.0206779543 -0.0137422176 0.0168970844
v -0.0217967492 -0.0138191375 0.0170313753
v -0.0210989179 -0.0124845305 0.0157981296
f 8656 8658 8657
v -0.0238340421 -0.0135244351 0.0159466581
v -0.0217967492 -0.0138191375 0.0170313753
v -0.0227466182 -0.0159164076 0.0166850572
f 8659 8661 8660
v -0.0238340421 -0.0135244351 0.0159466581
v -0.0227466182 -0.0159164076 0.0166850572
v -0.0241151123 -0.014125403 0.0155387999
f 8662 8664 8663
v -0.0241151123 -0.014125403 0.0155387999
v -0.0227466182 -0.0159164076 0.0166850572
v -0.0241557762 -0.0146615479 0.0146582868
f 8665 8667 8666
v -0.0241557762 -0.0146615479 0.0146582868
v -0.0234233288 -0.0148836145 0.0120495119
v -0.0244566909 -0.0143981015 0.0118700977
f 8668 8670 8669
v -0.019137701 -0.0161639138 0.0106724379
v -0.0202529802 -0.0137760246 0.0102900478
v -0.0210980041 -0.0155650501 0.0104535502
f 8671 8673 8672
v -0.0189176135 -0.0135930037 0.0141612225
v -0.0194090928 -0.0135959926 0.0153784262
v -0.0216221233 -0.0114482384 0.0139772863
f 8674 8676 8675
v -0.0226516422 -0.017020182 0.0150912645
v -0.021871255 -0.0170796498 0.0125113584
v -0.0241557762 -0.0146615479 0.0146582868
f 8677 8679 8678
v -0.019791958 -0.0118426287 0.0101997903
v -0.0195898348 -0.0121666613 0.00806857861
v -0.0190745443 -0.0131764202 0.00726112485
f 8680 8682 8681
v -0.0187974452 -0.0145141734 0.0067623143
v -0.0190745443 -0.0131764202 0.00726112485
v -0.0191552128 -0.0136423638 0.00674477415
f 8683 8685 8684
v -0.0190745443 -0.0131764202 0.00726112485
v -0.0187974452 -0.0145141734 0.0067623143
v -0.019791958 -0.0118426287 0.0101997903
f 8686 8688 8687
v -0.0187974452 -0.0145141734 0.0067623143
v -0.0188331032 -0.0156348106 0.0058021622
v -0.0200955328 -0.0145900704 0.00857145569
f 8689 8691 8690
v -0.0190745443 -0.0131764202 0.00726112485
v -0.0188828417 -0.0139060838 0.00594355588
v -0.0191552128 -0.0136423638 0.00674477415
f 8692 8694 8693
v -0.0207973848 -0.0159247094 0.00656368939
v -0.0231154889 -0.0145875194 0.00706662831
v -0.0229765472 -0.0136004615 0.00868353527
f 8695 8697 8696
v -0.0224902295 -0.0161222633 0.00447171988
v -0.0207973848 -0.0159247094 0.00656368939
v -0.0212983461 -0.0167606719 0.00268194508
f 8698 8700 8699
v -0.0225875337 -0.0143988203 0.010265239
v -0.0210628961 -0.0140612829 0.00969737666
v -0.0229765472 -0.0136004615 0.00868353527
f 8701 8703 8702
v -0.0252961123 -0.0150948341 0.00890376105
v -0.0243932591 -0.0149037704 0.00904561166
v -0.0243114089 -0.0156309456 0.00701038807
f 8704 8706 8705
v -0.0252961123 -0.0150948341 0.00890376105
v -0.0243114089 -0.0156309456 0.00701038807
v -0.0265497132 -0.0149057596 0.00800476264
f 8707 8709 8708
v -0.0251437566 -0.0159903648 0.00518602828
v -0.0265497132 -0.0149057596 0.00800476264
v -0.0243114089 -0.0156309456 0.00701038807
f 8710 8712 8711
v -0.0251437566 -0.0159903648 0.00518602828
v -0.026364121 -0.0167224935 0.00506122306
v -0.0265497132 -0.0149057596 0.00800476264
f 8713 8715 8714
v -0.0231154889 -0.0145875194 0.00706662831
v -0.0232394348 -0.0159012328 0.00543346323
v -0.0243114089 -0.0156309456 0.00701038807
f 8716 8718 8717
v -0.0216221233 -0.0114482384 0.0139772863
v -0.0210989179 -0.0124845305 0.0157981296
v -0.023524891 -0.0102318008 0.0138735195
f 8719 8721 8720
v -0.0241700167 -0.00864049725 0.0132065383
v -0.023524891 -0.0102318008 0.0138735195
v -0.0244585448 -0.0107861888 0.0151233544
f 8722 8724 8723
v -0.0241700167 -0.00864049725 0.0132065383
v -0.0244585448 -0.0107861888 0.0151233544
v -0.0255516235 -0.00882063105 0.0152070745
f 8725 8727 8726
v -0.0210989179 -0.0124845305 0.0157981296
v -0.0244585448 -0.0107861888 0.0151233544
v -0.023524891 -0.0102318008 0.0138735195
f 8728 8730 8729
v -0.0231405676 -0.0122761136 0.0158638926
v -0.0244585448 -0.0107861888 0.0151233544
v -0.0210989179 -0.0124845305 0.0157981296
f 8731 8733 8732
v -0.0246957265 -0.0117342774 0.0155921298
v -0.0276187115 -0.0104441249 0.015786881
v -0.0255516235 -0.00882063105 0.0152070745
f 8734 8736 8735
v -0.023524891 -0.0102318008 0.0138735195
v -0.0234606981 -0.00969744797 0.0128426997
v -0.0231141516 -0.0104674378 0.012404882
f 8737 8739 8738
v -0.023524891 -0.0102318008 0.0138735195
v -0.0241700167 -0.00864049725 0.0132065383
v -0.0234606981 -0.00969744797 0.0128426997
f 8740 8742 8741
v -0.0268882897 -0.00929154194 0.0159755873
v -0.0276187115 -0.0104441249 0.015786881
v -0.0288295822 -0.00745595025 0.0159640302
f 8743 8745 8744
v -0.0246957265 -0.0117342774 0.0155921298
v -0.0241151123 -0.014125403 0.0155387999
v -0.0255999825 -0.0133054607 0.0150871259
f 8746 8748 8747
v -0.0241151123 -0.014125403 0.0155387999
v -0.0246957265 -0.0117342774 0.0155921298
v -0.0238340421 -0.0135244351 0.0159466581
f 8749 8751 8750
v -0.0276187115 -0.0104441249 0.015786881
v -0.0255999825 -0.0133054607 0.0150871259
v -0.0290533644 -0.0117665768 0.0148836698
f 8752 8754 8753
v -0.0266435789 -0.013519339 0.0139983633
v -0.0244566909 -0.0143981015 0.0118700977
v -0.0269214826 -0.0125128921 0.0114891453
f 8755 8757 8756
v -0.0266435789 -0.013519339 0.0139983633
v -0.0290533644 -0.0117665768 0.0148836698
v -0.0255999825 -0.0133054607 0.0150871259
f 8758 8760 8759
v -0.0269214826 -0.0125128921 0.0114891453
v -0.0297733466 -0.0118392061 0.0117592848
v -0.0301667227 -0.0116707313 0.0137160911
f 8761 8763 8762
v -0.0290533644 -0.0117665768 0.0148836698
v -0.0266435789 -0.013519339 0.0139983633
v -0.0301667227 -0.0116707313 0.0137160911
f 8764 8766 8765
v -0.0266435789 -0.013519339 0.0139983633
v -0.0269214826 -0.0125128921 0.0114891453
v -0.0301667227 -0.0116707313 0.0137160911
f 8767 8769 8768
v -0.0241151123 -0.014125403 0.0155387999
v -0.0241557762 -0.0146615479 0.0146582868
v -0.0266435789 -0.013519339 0.0139983633
f 8770 8772 8771
v -0.0269214826 -0.0125128921 0.0114891453
v -0.0244566909 -0.0143981015 0.0118700977
v -0.0266939809 -0.0134238027 0.00895252233
f 8773 8775 8774
v -0.0276404025 -0.0122812984 0.00900935411
v -0.0266939809 -0.0134238027 0.00895252233
v -0.02773694 -0.0134053014 0.00674038092
f 8776 8778 8777
v -0.0266939809 -0.0134238027 0.00895252233
v -0.0265497132 -0.0149057596 0.00800476264
v -0.02773694 -0.0134053014 0.00674038092
f 8779 8781 8780
v -0.0265497132 -0.0149057596 0.00800476264
v -0.0270539924 -0.0158972049 0.00607818765
v -0.02773694 -0.0134053014 0.00674038092
f 8782 8784 8783
v -0.0295539008 -0.0146451945 0.00540905748
v -0.0270539924 -0.0158972049 0.00607818765
v -0.0285813177 -0.0156338618 0.00494030719
f 8785 8787 8786
v -0.000176195476 -0.000845043996 -0.0113283691
v -0.000146176353 -0.000855314738 -0.0114589697
v -5.88129865e-06 -0.000806147273 -0.0114391558
f 8788 8790 8789
v -0.000176195476 -0.000845043996 -0.0113283691
v -5.88129865e-06 -0.000806147273 -0.0114391558
v -0.000545341709 -0.000129425462 -0.0104876577
f 8791 8793 8792
v -0.0295539008 -0.0146451945 0.00540905748
v -0.0303213077 -0.0144835474 0.00643192907
v -0.0292850018 -0.0127910243 0.00752916312
f 8794 8796 8795
v -0.02773694 -0.0134053014 0.00674038092
v -0.0270539924 -0.0158972049 0.00607818765
v -0.0295539008 -0.0146451945 0.00540905748
f 8797 8799 8798
v -0.0276404025 -0.0122812984 0.00900935411
v -0.0292850018 -0.0127910243 0.00752916312
v -0.0306036993 -0.0125401784 0.00870475051
f 8800 8802 8801
v -0.0297733466 -0.0118392061 0.0117592848
v -0.0313599274 -0.0116758645 0.00987808962
v -0.0301667227 -0.0116707313 0.0137160911
f 8803 8805 8804
v -0.0306036993 -0.0125401784 0.00870475051
v -0.0313599274 -0.0116758645 0.00987808962
v -0.0297733466 -0.0118392061 0.0117592848
f 8806 8808 8807
v -0.0292850018 -0.0127910243 0.00752916312
v -0.0313096738 -0.0143261597 0.00765110599
v -0.0306036993 -0.0125401784 0.00870475051
f 8809 8811 8810
v -0.0313599274 -0.0116758645 0.00987808962
v -0.0324559922 -0.0137391296 0.00805874515
v -0.0333612406 -0.0106808038 0.00995021546
f 8812 8814 8813
v -0.0313096738 -0.0143261597 0.00765110599
v -0.0324559922 -0.0137391296 0.00805874515
v -0.0306036993 -0.0125401784 0.00870475051
f 8815 8817 8816
v -0.0292850018 -0.0127910243 0.00752916312
v -0.0303213077 -0.0144835474 0.00643192907
v -0.0313096738 -0.0143261597 0.00765110599
f 8818 8820 8819
v -0.0333612406 -0.0106808038 0.00995021546
v -0.0324559922 -0.0137391296 0.00805874515
v -0.0332549942 -0.0128845626 0.00778806716
f 8821 8823 8822
v -0.0269214826 -0.0125128921 0.0114891453
v -0.0276404025 -0.0122812984 0.00900935411
v -0.0297733466 -0.0118392061 0.0117592848
f 8824 8826 8825
v -0.0194856751 -0.0205718781 0.0151177548
v -0.0187698475 -0.0206723998 0.013570438
v -0.0217504101 -0.0184961362 0.0160019059
f 8827 8829 8828
v -0.0226516422 -0.017020182 0.0150912645
v -0.0217504101 -0.0184961362 0.0160019059
v -0.021871255 -0.0170796498 0.0125113584
f 8830 8832 8831
v -0.0217504101 -0.0184961362 0.0160019059
v -0.0187698475 -0.0206723998 0.013570438
v -0.021871255 -0.0170796498 0.0125113584
f 8833 8835 8834
v -0.0241557762 -0.0146615479 0.0146582868
v -0.0244566909 -0.0143981015 0.0118700977
v -0.0266435789 -0.013519339 0.0139983633
f 8836 8838 8837
v -0.0252961123 -0.0150948341 0.00890376105
v -0.0266939809 -0.0134238027 0.00895252233
v -0.0244566909 -0.0143981015 0.0118700977
f 8839 8841 8840
v -0.0266939809 -0.0134238027 0.00895252233
v -0.0252961123 -0.0150948341 0.00890376105
v -0.0265497132 -0.0149057596 0.00800476264
f 8842 8844 8843
v -0.0300422864 -0.00881198139 0.0158254203
v -0.0315873011 -0.00585868984 0.0146316714
v -0.0288295822 -0.00745595025 0.0159640302
f 8845 8847 8846
v -0.0315873011 -0.00585868984 0.0146316714
v -0.0315140001 -0.0042965723 0.0129787397
v -0.0291507167 -0.00580080923 0.0150697393
f 8848 8850 8849
v -0.0288295822 -0.00745595025 0.0159640302
v -0.0315873011 -0.00585868984 0.0146316714
v -0.0291507167 -0.00580080923 0.0150697393
f 8851 8853 8852
v -0.0315873011 -0.00585868984 0.0146316714
v -0.0319906016 -0.00766453304 0.0149882777
v -0.0331997755 -0.0060294682 0.0132461253
f 8854 8856 8855
v -0.0331997755 -0.0060294682 0.0132461253
v -0.0331526768 -0.00783722571 0.0138024858
v -0.0340762374 -0.00649465292 0.0119818455
f 8857 8859 8858
v -0.0312227698 -0.0099309982 0.0149093044
v -0.0300422864 -0.00881198139 0.0158254203
v -0.0290533644 -0.0117665768 0.0148836698
f 8860 8862 8861
v -0.0331494637 -0.00845818649 0.0132310728
v -0.0312227698 -0.0099309982 0.0149093044
v -0.0313215191 -0.0108883214 0.0114309209
f 8863 8865 8864
v -0.0331526768 -0.00783722571 0.0138024858
v -0.0312227698 -0.0099309982 0.0149093044
v -0.0331494637 -0.00845818649 0.0132310728
f 8866 8868 8867
v -0.0336693571 -0.00587602262 0.0110969835
v -0.0329632865 -0.00478572729 0.010872339
v -0.0331997755 -0.0060294682 0.0132461253
f 8869 8871 8870
v -0.0329632865 -0.00478572729 0.010872339
v -0.0315140001 -0.0042965723 0.0129787397
v -0.0331997755 -0.0060294682 0.0132461253
f 8872 8874 8873
v -0.0336693571 -0.00587602262 0.0110969835
v -0.0331997755 -0.0060294682 0.0132461253
v -0.0340762374 -0.00649465292 0.0119818455
f 8875 8877 8876
v -0.0329632865 -0.00478572729 0.010872339
v -0.0336693571 -0.00587602262 0.0110969835
v -0.0342375162 -0.00663195242 0.0102188817
f 8878 8880 8879
v -0.0362939056 -0.00505957796 0.00868835123
v -0.0329632865 -0.00478572729 0.010872339
v -0.0342375162 -0.00663195242 0.0102188817
f 8881 8883 8882
v -0.0342375162 -0.00663195242 0.0102188817
v -0.0340762374 -0.00649465292 0.0119818455
v -0.0338617538 -0.00825847892 0.0113811846
f 8884 8886 8885
v -0.0342375162 -0.00663195242 0.0102188817
v -0.0341706444 -0.00867419731 0.00999478143
v -0.0352676696 -0.00774311338 0.00964049104
f 8887 8889 8888
v -0.0342375162 -0.00663195242 0.0102188817
v -0.0336693571 -0.00587602262 0.0110969835
v -0.0340762374 -0.00649465292 0.0119818455
f 8890 8892 8891
v -0.0352676696 -0.00774311338 0.00964049104
v -0.0360188948 -0.00897287464 0.00678416327
v -0.0363561529 -0.00589767951 0.00862733941
f 8893 8895 8894
v -0.0363561529 -0.00589767951 0.00862733941
v -0.037132451 -0.00549795041 0.0065710854
v -0.0368716806 -0.00483006479 0.00776880624
f 8896 8898 8897
v -0.0363561529 -0.00589767951 0.00862733941
v -0.0360188948 -0.00897287464 0.00678416327
v -0.037132451 -0.00549795041 0.0065710854
f 8899 8901 8900
v -0.0362939056 -0.00505957796 0.00868835123
v -0.0363561529 -0.00589767951 0.00862733941
v -0.0368716806 -0.00483006479 0.00776880624
f 8902 8904 8903
v -0.0338617538 -0.00825847892 0.0113811846
v -0.0333612406 -0.0106808038 0.00995021546
v -0.0341706444 -0.00867419731 0.00999478143
f 8905 8907 8906
v -0.0338617538 -0.00825847892 0.0113811846
v -0.0322648062 -0.00940640093 0.0116693693
v -0.0333612406 -0.0106808038 0.00995021546
f 8908 8910 8909
v -0.0332549942 -0.0128845626 0.00778806716
v -0.034452547 -0.0111283007 0.00586662936
v -0.0347121852 -0.010636454 0.00816305474
f 8911 8913 8912
v -0.0341706444 -0.00867419731 0.00999478143
v -0.0333612406 -0.0106808038 0.00995021546
v -0.0350604474 -0.00972394118 0.0088840723
f 8914 8916 8915
v -0.0333612406 -0.0106808038 0.00995021546
v -0.0332549942 -0.0128845626 0.00778806716
v -0.0347121852 -0.010636454 0.00816305474
f 8917 8919 8918
v -0.0362939056 -0.00505957796 0.00868835123
v -0.0342375162 -0.00663195242 0.0102188817
v -0.0352676696 -0.00774311338 0.00964049104
f 8920 8922 8921
v -0.0366228807 -0.00318012862 0.00665951738
v -0.0362939056 -0.00505957796 0.00868835123
v -0.0368716806 -0.00483006479 0.00776880624
f 8923 8925 8924
v -0.0349124923 -0.00430560322 0.00911505194
v -0.0362939056 -0.00505957796 0.00868835123
v -0.0366228807 -0.00318012862 0.00665951738
f 8926 8928 8927
v -0.0288295822 -0.00745595025 0.0159640302
v -0.0276187115 -0.0104441249 0.015786881
v -0.0300422864 -0.00881198139 0.0158254203
f 8929 8931 8930
v -0.0312227698 -0.0099309982 0.0149093044
v -0.0301667227 -0.0116707313 0.0137160911
v -0.0313215191 -0.0108883214 0.0114309209
f 8932 8934 8933
v -0.0143170168 0.00204870958 0.0133336987
v -0.0163164499 -0.000355715633 0.0134010421
v -0.0160032811 0.00158724724 0.0117121497
f 8935 8937 8936
v -0.0118750533 -0.004644824 0.012740973
v -0.0119618206 -0.00734599453 0.0132854271
v -0.0138113683 -0.00740114992 0.0131864246
f 8938 8940 8939
v -0.0227466182 -0.0159164076 0.0166850572
v -0.0205781136 -0.0193334316 0.0180360366
v -0.0217504101 -0.0184961362 0.0160019059
f 8941 8943 8942
v -0.0309032883 0.00561368179 0.00402049045
v -0.033599278 0.00378622681 0.00192465286
v -0.0306984119 0.00784918593 0.0022050499
f 8944 8946 8945
v -0.0306984119 0.00784918593 0.0022050499
v -0.033599278 0.00378622681 0.00192465286
v -0.0325191242 0.00563312642 0.000391623098
f 8947 8949 8948
v -0.033599278 0.00378622681 0.00192465286
v -0.0309032883 0.00561368179 0.00402049045
v -0.0328073307 0.00282272904 0.00357762692
f 8950 8952 8951
v -0.033599278 0.00378622681 0.00192465286
v -0.0328073307 0.00282272904 0.00357762692
v -0.0345460343 0.00023260136 0.00235283442
f 8953 8955 8954
v -0.0341321342 0.00306486399 0.000413846965
v -0.033599278 0.00378622681 0.00192465286
v -0.0351653289 0.000979905963 0.000400906811
f 8956 8958 8957
v -0.035802793 -0.00156486221 0.00130710978
v -0.0345460343 0.00023260136 0.00235283442
v -0.0350741029 -0.00147515739 0.002675828
f 8959 8961 8960
v -0.0334074663 0.00172279106 0.0049506405
v -0.0341835927 0.00117313921 0.00587637151
v -0.0345460343 0.00023260136 0.00235283442
f 8962 8964 8963
v -0.037419991 -0.00574373589 0.00285729511
v -0.0372438401 -0.00371643328 0.00238208904
v -0.0379194971 -0.0040602823 0.00436006849
f 8965 8967 8966
v -0.0372438401 -0.00371643328 0.00238208904
v -0.0373990682 -0.00390342066 0.00152320827
v -0.0350741029 -0.00147515739 0.002675828
f 8968 8970 8969
v -0.0362569757 -0.00843722009 0.00351008021
v -0.0370570633 -0.00668236316 0.000426422093
v -0.037419991 -0.00574373589 0.00285729511
f 8971 8973 8972
v -0.037419991 -0.00574373589 0.00285729511
v -0.0370570633 -0.00668236316 0.000426422093
v -0.0373990682 -0.00390342066 0.00152320827
f 8974 8976 8975
v -0.037419991 -0.00574373589 0.00285729511
v -0.0373990682 -0.00390342066 0.00152320827
v -0.0372438401 -0.00371643328 0.00238208904
f 8977 8979 8978
v -0.0350741029 -0.00147515739 0.002675828
v -0.0354986638 -0.000533935872 0.00526509721
v -0.0362478779 -0.00185212011 0.00397288532
f 8980 8982 8981
v -0.0351653289 0.000979905963 0.000400906811
v -0.0345460343 0.00023260136 0.00235283442
v -0.0362657564 -5.94512983e-05 0.000418546915
f 8983 8985 8984
v -0.0362657564 -5.94512983e-05 0.000418546915
v -0.035802793 -0.00156486221 0.00130710978
v -0.0370232592 -0.00129103246 0.0004068409
f 8986 8988 8987
v -0.0362657564 -5.94512983e-05 0.000418546915
v -0.0345460343 0.00023260136 0.00235283442
v -0.035802793 -0.00156486221 0.00130710978
f 8989 8991 8990
v -0.0354986638 -0.000533935872 0.00526509721
v -0.0347826834 -0.000884983729 0.00634067619
v -0.0362478779 -0.00185212011 0.00397288532
f 8992 8994 8993
v -0.0371706439 -0.00274092436 0.0041060779
v -0.0366228807 -0.00318012862 0.00665951738
v -0.0377822347 -0.00488361256 0.00647826673
f 8995 8997 8996
v -0.0379194971 -0.0040602823 0.00436006849
v -0.0371706439 -0.00274092436 0.0041060779
v -0.0377822347 -0.00488361256 0.00647826673
f 8998 9000 8999
v -0.0372438401 -0.00371643328 0.00238208904
v -0.0371706439 -0.00274092436 0.0041060779
v -0.0379194971 -0.0040602823 0.00436006849
f 9001 9003 9002
v -0.0362478779 -0.00185212011 0.00397288532
v -0.035342644 -0.00290845492 0.00738709859
v -0.0366228807 -0.00318012862 0.00665951738
f 9004 9006 9005
v -0.0371706439 -0.00274092436 0.0041060779
v -0.0362478779 -0.00185212011 0.00397288532
v -0.0366228807 -0.00318012862 0.00665951738
f 9007 9009 9008
v -0.0370232592 -0.00129103246 0.0004068409
v -0.0373990682 -0.00390342066 0.00152320827
v -0.0376830227 -0.00304699915 0.000416664398
f 9010 9012 9011
v -0.0212983461 -0.0167606719 0.00268194508
v -0.0217645007 -0.0160553784 0.000445469095
v -0.0232460734 -0.0154064721 0.00181597225
f 9013 9015 9014
v -0.0232394348 -0.0159012328 0.00543346323
v -0.0232460734 -0.0154064721 0.00181597225
v -0.0245870207 -0.0161095813 0.00201382336
f 9016 9018 9017
v -0.0245870207 -0.0161095813 0.00201382336
v -0.0245836622 -0.0168309591 0.000443032832
v -0.0257225533 -0.0175448367 0.000453416351
f 9019 9021 9020
v -0.0251437566 -0.0159903648 0.00518602828
v -0.0232394348 -0.0159012328 0.00543346323
v -0.0245870207 -0.0161095813 0.00201382336
f 9022 9024 9023
v -0.0264318456 -0.0171710126 0.00197559984
v -0.0267616677 -0.0168247701 0.00044854728
v -0.0283116009 -0.0155379224 0.00443783283
f 9025 9027 9026
v -0.02627332 -0.0170411338 0.00314218851
v -0.026364121 -0.0167224935 0.00506122306
v -0.0251437566 -0.0159903648 0.00518602828
f 9028 9030 9029
v -0.0270867924 -0.0166234298 0.00449254803
v -0.026364121 -0.0167224935 0.00506122306
v -0.02627332 -0.0170411338 0.00314218851
f 9031 9033 9032
v -0.0257225533 -0.0175448367 0.000453416351
v -0.0264318456 -0.0171710126 0.00197559984
v -0.02627332 -0.0170411338 0.00314218851
f 9034 9036 9035
v -0.0283116009 -0.0155379224 0.00443783283
v -0.0270867924 -0.0166234298 0.00449254803
v -0.02627332 -0.0170411338 0.00314218851
f 9037 9039 9038
v -0.0285813177 -0.0156338618 0.00494030719
v -0.0270867924 -0.0166234298 0.00449254803
v -0.0283116009 -0.0155379224 0.00443783283
f 9040 9042 9041
v -0.02627332 -0.0170411338 0.00314218851
v -0.0264318456 -0.0171710126 0.00197559984
v -0.0283116009 -0.0155379224 0.00443783283
f 9043 9045 9044
v -0.0257225533 -0.0175448367 0.000453416351
v -0.02627332 -0.0170411338 0.00314218851
v -0.0245870207 -0.0161095813 0.00201382336
f 9046 9048 9047
v -0.0267616677 -0.0168247701 0.00044854728
v -0.0264318456 -0.0171710126 0.00197559984
v -0.0257225533 -0.0175448367 0.000453416351
f 9049 9051 9050
v -0.0283116009 -0.0155379224 0.00443783283
v -0.0297550199 -0.0145338941 0.00043942955
v -0.0321683649 -0.0127422492 0.00314379467
f 9052 9054 9053
v -0.034452547 -0.0111283007 0.00586662936
v -0.0362569757 -0.00843722009 0.00351008021
v -0.0360188948 -0.00897287464 0.00678416327
f 9055 9057 9056
v -0.034452547 -0.0111283007 0.00586662936
v -0.0321683649 -0.0127422492 0.00314379467
v -0.0362569757 -0.00843722009 0.00351008021
f 9058 9060 9059
v -0.0362569757 -0.00843722009 0.00351008021
v -0.0321683649 -0.0127422492 0.00314379467
v -0.0330060167 -0.0120684119 0.000441873408
f 9061 9063 9062
v -0.0360188948 -0.00897287464 0.00678416327
v -0.0362569757 -0.00843722009 0.00351008021
v -0.037419991 -0.00574373589 0.00285729511
f 9064 9066 9065
v -0.0360188948 -0.00897287464 0.00678416327
v -0.037419991 -0.00574373589 0.00285729511
v -0.037132451 -0.00549795041 0.0065710854
f 9067 9069 9068
v -0.037132451 -0.00549795041 0.0065710854
v -0.0379194971 -0.0040602823 0.00436006849
v -0.0377822347 -0.00488361256 0.00647826673
f 9070 9072 9071
v -0.0162295444 -0.0172967761 0.0196580775
v -0.018257233 -0.0185952347 0.0195057219
v -0.0190308405 -0.0165374979 0.0194338645
f 9073 9075 9074
v -0.0119618206 -0.00734599453 0.0132854271
v -0.01223258 -0.00847880146 0.0130750414
v -0.0138113683 -0.00740114992 0.0131864246
f 9076 9078 9077
v -0.01223258 -0.00847880146 0.0130750414
v -0.0133750349 -0.0115085364 0.0115980671
v -0.0151285392 -0.00816942556 0.0128601096
f 9079 9081 9080
v -0.0172036205 -0.0141706594 0.016130539
v -0.0189176135 -0.0135930037 0.0141612225
v -0.0146672755 -0.0156480543 0.0150566804
f 9082 9084 9083
v -0.0212978222 -0.0166471698 0.0114128976
v -0.0187848738 -0.0192995969 0.0123161328
v -0.0180545292 -0.0184814213 0.0112137648
f 9085 9087 9086
v -0.0188331032 -0.0156348106 0.0058021622
v -0.0207973848 -0.0159247094 0.00656368939
v -0.0200955328 -0.0145900704 0.00857145569
f 9088 9090 9089
v -0.0179457362 -0.0150990047 0.00141449873
v -0.0162475742 -0.0146604187 0.000440725489
v -0.0181117925 -0.0147745654 0.000417133151
f 9091 9093 9092
v -0.0224902295 -0.0161222633 0.00447171988
v -0.0212983461 -0.0167606719 0.00268194508
v -0.0232460734 -0.0154064721 0.00181597225
f 9094 9096 9095
v -0.0179457362 -0.0150990047 0.00141449873
v -0.0181117925 -0.0147745654 0.000417133151
v -0.018290263 -0.0160054406 0.000442938381
f 9097 9099 9098
v -0.0245836622 -0.0168309591 0.000443032832
v -0.0245870207 -0.0161095813 0.00201382336
v -0.0228373698 -0.0151344371 0.000438215739
f 9100 9102 9101
v 0.000359357023 -0.00103931907 -0.0108829714
v -0.000146176353 -0.000855314738 -0.0114589697
v -0.000176195476 -0.000845043996 -0.0113283691
f 9103 9105 9104
v -0.000176195476 -0.000845043996 -0.0113283691
v -0.000146176353 -0.000855314738 -0.0114589697
v -0.00129429536 -0.00135727887 -0.01179049
f 9106 9108 9107
v 0.000901526255 -0.00115159019 -0.0104823375
v 0.00089746336 -0.00116112324 -0.010419311
v 0.000700716191 -0.000795694814 -0.0100248959
f 9109 9111 9110
v 0.000901526255 -0.00115159019 -0.0104823375
v 0.000700716191 -0.000795694814 -0.0100248959
v 0.000359357023 -0.00103931907 -0.0108829714
f 9112 9114 9113
v -0.00129429536 -0.00135727887 -0.01179049
v -0.000146176353 -0.000855314738 -0.0114589697
v -0.000667393806 -0.000707051367 -0.0118146192
f 9115 9117 9116
v 0.000700716191 -0.000795694814 -0.0100248959
v 0.000995898426 -0.00111731033 -0.0104264422
v 0.00116833562 -0.00129505906 -0.0102321283
f 9118 9120 9119
v 0.00116833562 -0.00129505906 -0.0102321283
v 0.000901526255 -0.00115159019 -0.0104823375
v 0.00089746336 -0.00116112324 -0.010419311
f 9121 9123 9122
v 0.00089746336 -0.00116112324 -0.010419311
v 0.000901526255 -0.00115159019 -0.0104823375
v 0.000359357023 -0.00103931907 -0.0108829714
f 9124 9126 9125
v 0.00089746336 -0.00116112324 -0.010419311
v 0.000901526255 -0.00115159019 -0.0104823375
v 0.000995898426 -0.00111731033 -0.0104264422
f 9127 9129 9128
v 0.00089746336 -0.00116112324 -0.010419311
v 0.000995898426 -0.00111731033 -0.0104264422
v 0.000700716191 -0.000795694814 -0.0100248959
f 9130 9132 9131
v -0.00355223892 0.00377957113 -0.0103470404
v -0.00417580595 0.00239185792 -0.0117831194
v -0.0041530162 0.00236926298 -0.011832302
f 9133 9135 9134
v -0.00355223892 0.00377957113 -0.0103470404
v -0.0041530162 0.00236926298 -0.011832302
v -0.00392995462 0.00208759593 -0.0119073702
f 9136 9138 9137
v -0.00393182163 0.00188915583 -0.0119229597
v -0.00393208065 0.00190407827 -0.0118915654
v -0.00523724812 0.00033656338 -0.0119821962
f 9139 9141 9140
v -0.00393208065 0.00190407827 -0.0118915654
v -0.00393182163 0.00188915583 -0.0119229597
v -0.00399898308 0.00200570666 -0.0119135169
f 9142 9144 9143
v -0.00523724812 0.00033656338 -0.0119821962
v -0.00393208065 0.00190407827 -0.0118915654
v -0.00399898308 0.00200570666 -0.0119135169
f 9145 9147 9146
v -0.00434109061 0.00272609777 -0.0117469521
v -0.0041530162 0.00236926298 -0.011832302
v -0.00410131906 0.00245535321 -0.011847385
f 9148 9150 9149
v -0.00523724812 0.00033656338 -0.0119821962
v -0.00417580595 0.00239185792 -0.0117831194
v -0.00434109061 0.00272609777 -0.0117469521
f 9151 9153 9152
v -0.00410131906 0.00245535321 -0.011847385
v -0.0041530162 0.00236926298 -0.011832302
v -0.00417580595 0.00239185792 -0.0117831194
f 9154 9156 9155
v -0.00410131906 0.00245535321 -0.011847385
v -0.00417580595 0.00239185792 -0.0117831194
v -0.00355223892 0.00377957113 -0.0103470404
f 9157 9159 9158
v -0.00523724812 0.00033656338 -0.0119821962
v -0.00399898308 0.00200570666 -0.0119135169
v -0.0041530162 0.00236926298 -0.011832302
f 9160 9162 9161
v -0.00523724812 0.00033656338 -0.0119821962
v -0.0041530162 0.00236926298 -0.011832302
v -0.00417580595 0.00239185792 -0.0117831194
f 9163 9165 9164
v -0.00392995462 0.00208759593 -0.0119073702
v -0.00314179197 0.00102781578 -0.0122662314
v -0.00355223892 0.00377957113 -0.0103470404
f 9166 9168 9167
v -0.0175077817 0.0192289212 -0.0121847508
v -0.0176541944 0.0195171539 -0.0123484497
v -0.0174665285 0.0194525244 -0.012463954
f 9169 9171 9170
v -0.0175077817 0.0192289212 -0.0121847508
v -0.0174665285 0.0194525244 -0.012463954
v -0.0173813431 0.0191577361 -0.0121212041
f 9172 9174 9173
v -0.00434109061 0.00272609777 -0.0117469521
v -0.00410131906 0.00245535321 -0.011847385
v -0.00355223892 0.00377957113 -0.0103470404
f 9175 9177 9176
v 0.00338975369 -0.00176701978 -0.00540619803
v 0.00297210208 -0.00185904973 -0.00621911677
v 0.00295899808 -0.00186418893 -0.00613403026
f 9178 9180 9179
v 0.00291142624 -0.00183996508 -0.00644782413
v 0.00295899808 -0.00186418893 -0.00613403026
v 0.00297210208 -0.00185904973 -0.00621911677
f 9181 9183 9182
v 0.00307344744 -0.00177375896 -0.00614292221
v 0.00291070464 -0.00179238468 -0.00626822293
v 0.00295899808 -0.00186418893 -0.00613403026
f 9184 9186 9185
v 0.00338975369 -0.00176701978 -0.00540619803
v 0.00291070464 -0.00179238468 -0.00626822293
v 0.00307344744 -0.00177375896 -0.00614292221
f 9187 9189 9188
v -0.0175077817 0.0192289212 -0.0121847508
v -0.0175503214 0.0191892628 -0.0123579201
v -0.0174914181 0.018907449 -0.0120225515
f 9190 9192 9191
v -0.0175077817 0.0192289212 -0.0121847508
v -0.0174914181 0.018907449 -0.0120225515
v -0.0173813431 0.0191577361 -0.0121212041
f 9193 9195 9194
v -0.0179364186 0.0194290769 -0.0123019126
v -0.0172597211 0.0189233499 -0.0116916555
v -0.0177163587 0.0190738006 -0.0117356401
f 9196 9198 9197
v -0.0172597211 0.0189233499 -0.0116916555
v -0.0179364186 0.0194290769 -0.0123019126
v -0.0175077817 0.0192289212 -0.0121847508
f 9199 9201 9200
v -0.0172597211 0.0189233499 -0.0116916555
v -0.0175077817 0.0192289212 -0.0121847508
v -0.0173813431 0.0191577361 -0.0121212041
f 9202 9204 9203
v -0.0175163979 0.0188577236 -0.011525966
v -0.0173687557 0.0185906756 -0.0110279048
v -0.0182980235 0.0189392726 -0.0117317468
f 9205 9207 9206
v -0.0175163979 0.0188577236 -0.011525966
v -0.0182980235 0.0189392726 -0.0117317468
v -0.0177163587 0.0190738006 -0.0117356401
f 9208 9210 9209
v -0.0172597211 0.0189233499 -0.0116916555
v -0.0173813431 0.0191577361 -0.0121212041
v -0.0174914181 0.018907449 -0.0120225515
f 9211 9213 9212
v -0.0173687557 0.0185906756 -0.0110279048
v -0.0177163587 0.0190738006 -0.0117356401
v -0.0172597211 0.0189233499 -0.0116916555
f 9214 9216 9215
v -0.0173687557 0.0185906756 -0.0110279048
v -0.0172597211 0.0189233499 -0.0116916555
v -0.0178635237 0.0185661382 -0.0118803015
f 9217 9219 9218
v -0.0178635237 0.0185661382 -0.0118803015
v -0.0172597211 0.0189233499 -0.0116916555
v -0.0175163979 0.0188577236 -0.011525966
f 9220 9222 9221
v -0.0175163979 0.0188577236 -0.011525966
v -0.0177163587 0.0190738006 -0.0117356401
v -0.0173687557 0.0185906756 -0.0110279048
f 9223 9225 9224
v -0.0175503214 0.0191892628 -0.0123579201
v -0.018028215 0.0192875683 -0.0123145583
v -0.0182565767 0.0192137581 -0.0123428879
f 9226 9228 9227
v -0.0175503214 0.0191892628 -0.0123579201
v -0.0182565767 0.0192137581 -0.0123428879
v -0.0178635237 0.0185661382 -0.0118803015
f 9229 9231 9230
v -0.0178377086 0.0194766282 -0.0124518381
v -0.0176891932 0.0193857588 -0.0124073849
v -0.0179364186 0.0194290769 -0.0123019126
f 9232 9234 9233
v -0.0176541944 0.0195171539 -0.0123484497
v -0.0176891932 0.0193857588 -0.0124073849
v -0.0178377086 0.0194766282 -0.0124518381
f 9235 9237 9236
v -0.0177163587 0.0190738006 -0.0117356401
v -0.0183018317 0.0191457919 -0.0122452446
v -0.0182565767 0.0192137581 -0.0123428879
f 9238 9240 9239
v -0.0177163587 0.0190738006 -0.0117356401
v -0.0182565767 0.0192137581 -0.0123428879
v -0.0181558949 0.0193618456 -0.0123525708
f 9241 9243 9242
v -0.0175503214 0.0191892628 -0.0123579201
v -0.0176891932 0.0193857588 -0.0124073849
v -0.0178377086 0.0194766282 -0.0124518381
f 9244 9246 9245
v -0.0179364186 0.0194290769 -0.0123019126
v -0.0180015079 0.0195761168 -0.0125040911
v -0.0178377086 0.0194766282 -0.0124518381
f 9247 9249 9248
v -0.0182980235 0.0189392726 -0.0117317468
v -0.0183018317 0.0191457919 -0.0122452446
v -0.0181734707 0.0190784529 -0.0122010431
f 9250 9252 9251
v -0.019891368 0.0213068211 -0.0151733577
v -0.0194705077 0.0214289859 -0.0152751571
v -0.0195683533 0.0221061913 -0.0150683161
f 9253 9255 9254
v -0.019891368 0.0213068211 -0.0151733577
v -0.0195683533 0.0221061913 -0.0150683161
v -0.0196054883 0.022094055 -0.0149364962
f 9256 9258 9257
v -0.0177163587 0.0190738006 -0.0117356401
v -0.0181558949 0.0193618456 -0.0123525708
v -0.018028215 0.0192875683 -0.0123145583
f 9259 9261 9260
v -0.0179364186 0.0194290769 -0.0123019126
v -0.018028215 0.0192875683 -0.0123145583
v -0.0181558949 0.0193618456 -0.0123525708
f 9262 9264 9263
v -0.0172597211 0.0189233499 -0.0116916555
v -0.0174221452 0.0188089834 -0.0117513315
v -0.0175163979 0.0188577236 -0.011525966
f 9265 9267 9266
v -0.0180684714 0.0202749667 -0.0129727967
v -0.0179072638 0.0204053154 -0.0130269356
v -0.0180299059 0.0204915035 -0.0130598695
f 9268 9270 9269
v -0.0181687356 0.0202579016 -0.0129174558
v -0.0180626172 0.0201914707 -0.0128923304
v -0.0184885954 0.0191216706 -0.0123683596
f 9271 9273 9272
v -0.0180819683 0.0203978401 -0.0129249238
v -0.0180626172 0.0201914707 -0.0128923304
v -0.0181687356 0.0202579016 -0.0129174558
f 9274 9276 9275
v -0.0181000505 0.020895763 -0.0129360385
v -0.0179072638 0.0204053154 -0.0130269356
v -0.0180299059 0.0204915035 -0.0130598695
f 9277 9279 9278
v -0.0178403658 0.0205189164 -0.0130999484
v -0.0181000505 0.020895763 -0.0129360385
v -0.0184625023 0.0205164004 -0.0133811089
f 9280 9282 9281
v -0.0180684714 0.0202749667 -0.0129727967
v -0.0180299059 0.0204915035 -0.0130598695
v -0.0184625023 0.0205164004 -0.0133811089
f 9283 9285 9284
v -0.0180299059 0.0204915035 -0.0130598695
v -0.0179072638 0.0204053154 -0.0130269356
v -0.0180819683 0.0203978401 -0.0129249238
f 9286 9288 9287
v -0.0180819683 0.0203978401 -0.0129249238
v -0.0179072638 0.0204053154 -0.0130269356
v -0.0180684714 0.0202749667 -0.0129727967
f 9289 9291 9290
v -0.0180819683 0.0203978401 -0.0129249238
v -0.0184885954 0.0191216706 -0.0123683596
v -0.0181000505 0.020895763 -0.0129360385
f 9292 9294 9293
v -0.0191736457 0.0205940989 -0.0150219625
v -0.0184885954 0.0191216706 -0.0123683596
v -0.0181372903 0.0200330731 -0.0127526699
f 9295 9297 9296
v -0.0184885954 0.0191216706 -0.0123683596
v -0.0180626172 0.0201914707 -0.0128923304
v -0.0181372903 0.0200330731 -0.0127526699
f 9298 9300 9299
v -0.0181372903 0.0200330731 -0.0127526699
v -0.0180626172 0.0201914707 -0.0128923304
v -0.0181687356 0.0202579016 -0.0129174558
f 9301 9303 9302
v -0.0181372903 0.0200330731 -0.0127526699
v -0.0181687356 0.0202579016 -0.0129174558
v -0.0180684714 0.0202749667 -0.0129727967
f 9304 9306 9305
v -0.0174665285 0.0194525244 -0.012463954
v -0.0180015079 0.0195761168 -0.0125040911
v -0.0178377086 0.0194766282 -0.0124518381
f 9307 9309 9308
v -0.0197472691 0.0223768919 -0.0145399157
v -0.0196054883 0.022094055 -0.0149364962
v -0.0194705077 0.0214289859 -0.0152751571
f 9310 9312 9311
v -0.0168832717 0.018997342 -0.0070765047
v -0.0169083767 0.0195099521 -0.00720671451
v -0.0168236205 0.0194676875 -0.00739274765
f 9313 9315 9314
v -0.0168832717 0.018997342 -0.0070765047
v -0.0168236205 0.0194676875 -0.00739274765
v -0.0166891667 0.0194358654 -0.00740508112
f 9316 9318 9317
v -0.019891368 0.0213068211 -0.0151733577
v -0.0196054883 0.022094055 -0.0149364962
v -0.0198556489 0.022384178 -0.0147010782
f 9319 9321 9320
v -0.0193930813 0.0206293931 -0.0152631343
v -0.0193288943 0.0206523589 -0.0154124747
v -0.0191736457 0.0205940989 -0.0150219625
f 9322 9324 9323
v -0.0194733584 0.0209101359 -0.0152595807
v -0.0194082226 0.0209321079 -0.0154028879
v -0.019891368 0.0213068211 -0.0151733577
f 9325 9327 9326
v -0.0201053175 0.0204408527 -0.014759737
v -0.0194082226 0.0209321079 -0.0154028879
v -0.0194733584 0.0209101359 -0.0152595807
f 9328 9330 9329
v -0.019891368 0.0213068211 -0.0151733577
v -0.0194082226 0.0209321079 -0.0154028879
v -0.0194705077 0.0214289859 -0.0152751571
f 9331 9333 9332
v -0.0194733584 0.0209101359 -0.0152595807
v -0.0194082226 0.0209321079 -0.0154028879
v -0.0193389569 0.0207717268 -0.0153262954
f 9334 9336 9335
v -0.0193930813 0.0206293931 -0.0152631343
v -0.0193288943 0.0206523589 -0.0154124747
v -0.0201053175 0.0204408527 -0.014759737
f 9337 9339 9338
v -0.0201053175 0.0204408527 -0.014759737
v -0.0193288943 0.0206523589 -0.0154124747
v -0.0193389569 0.0207717268 -0.0153262954
f 9340 9342 9341
v -0.0201053175 0.0204408527 -0.014759737
v -0.0194733584 0.0209101359 -0.0152595807
v -0.019891368 0.0213068211 -0.0151733577
f 9343 9345 9344
v -0.0191736457 0.0205940989 -0.0150219625
v -0.0194705077 0.0214289859 -0.0152751571
v -0.0193389569 0.0207717268 -0.0153262954
f 9346 9348 9347
v -0.0193977001 0.0223156356 -0.0132751215
v -0.0193705884 0.0223667943 -0.0132605055
v -0.0193955348 0.0223925308 -0.0133819209
f 9349 9351 9350
v -0.0198591981 0.0220731235 -0.0125614373
v -0.0193705884 0.0223667943 -0.0132605055
v -0.0189244078 0.0219669542 -0.0129636872
f 9352 9354 9353
v -0.0193977001 0.0223156356 -0.0132751215
v -0.0193705884 0.0223667943 -0.0132605055
v -0.0198591981 0.0220731235 -0.0125614373
f 9355 9357 9356
v -0.019818054 0.0223782874 -0.0136261689
v -0.0193705884 0.0223667943 -0.0132605055
v -0.0193977001 0.0223156356 -0.0132751215
f 9358 9360 9359
v -0.0168832717 0.018997342 -0.0070765047
v -0.0166891667 0.0194358654 -0.00740508112
v -0.0167171936 0.0193181244 -0.0074203941
f 9361 9363 9362
v -0.0165784892 0.019383544 -0.00753224012
v -0.0166891667 0.0194358654 -0.00740508112
v -0.0167171936 0.0193181244 -0.0074203941
f 9364 9366 9365
v -0.0170667961 0.0192863954 -0.00748073799
v -0.0168236205 0.0194676875 -0.00739274765
v -0.0169467137 0.0194264387 -0.00723064295
f 9367 9369 9368
v -0.0168236205 0.0194676875 -0.00739274765
v -0.0169083767 0.0195099521 -0.00720671451
v -0.0169467137 0.0194264387 -0.00723064295
f 9370 9372 9371
v -0.0165784892 0.019383544 -0.00753224012
v -0.0168236205 0.0194676875 -0.00739274765
v -0.0170667961 0.0192863954 -0.00748073799
f 9373 9375 9374
v -0.0167986203 0.0179815062 -0.00942824336
v -0.0160209151 0.0182221207 -0.00910573799
v -0.0161210948 0.0181925745 -0.00926366338
f 9376 9378 9377
v -0.0167986203 0.0179815062 -0.00942824336
v -0.0161210948 0.0181925745 -0.00926366338
v -0.0165401914 0.0182442993 -0.00935524367
f 9379 9381 9380
v -0.0168236205 0.0194676875 -0.00739274765
v -0.0167171936 0.0193181244 -0.0074203941
v -0.0166891667 0.0194358654 -0.00740508112
f 9382 9384 9383
v -0.0162215598 0.0183000579 -0.0100092329
v -0.0160478739 0.0183201904 -0.00921336468
v -0.0166070779 0.018307069 -0.00903680193
f 9385 9387 9386
v -0.015996545 0.0184404795 -0.00857637715
v -0.0166070779 0.018307069 -0.00903680193
v -0.0160478739 0.0183201904 -0.00921336468
f 9388 9390 9389
v -0.016012472 0.0183090844 -0.00934145355
v -0.0160478739 0.0183201904 -0.00921336468
v -0.0162215598 0.0183000579 -0.0100092329
f 9391 9393 9392
v -0.0167367674 0.0182516393 -0.00961048499
v -0.0165313017 0.0181666401 -0.00954699353
v -0.0162215598 0.0183000579 -0.0100092329
f 9394 9396 9395
v -0.0167367674 0.0182516393 -0.00961048499
v -0.0162215598 0.0183000579 -0.0100092329
v -0.0167099395 0.0182701435 -0.00977511154
f 9397 9399 9398
v -0.0167367674 0.0182516393 -0.00961048499
v -0.0167099395 0.0182701435 -0.00977511154
v -0.016182517 0.0184291377 -0.0101194775
f 9400 9402 9401
v -0.0167367674 0.0182516393 -0.00961048499
v -0.016182517 0.0184291377 -0.0101194775
v -0.0165277859 0.0183620185 -0.00942755069
f 9403 9405 9404
v -0.0163050718 0.0182686883 -0.00942947299
v -0.0165313017 0.0181666401 -0.00954699353
v -0.0165401914 0.0182442993 -0.00935524367
f 9406 9408 9407
v -0.0163050718 0.0182686883 -0.00942947299
v -0.0165401914 0.0182442993 -0.00935524367
v -0.0163397039 0.018285682 -0.00930678725
f 9409 9411 9410
v -0.0165313017 0.0181666401 -0.00954699353
v -0.0167367674 0.0182516393 -0.00961048499
v -0.0167099395 0.0182701435 -0.00977511154
f 9412 9414 9413
v -0.0174550878 0.0183394804 -0.0105597916
v -0.017975815 0.0184573422 -0.010542322
v -0.0172285843 0.0183310229 -0.0105041589
f 9415 9417 9416
v -0.0174550878 0.0183394804 -0.0105597916
v -0.0172285843 0.0183310229 -0.0105041589
v -0.01732823 0.0182895921 -0.0105138155
f 9418 9420 9419
v -0.0165277859 0.0183620185 -0.00942755069
v -0.0163050718 0.0182686883 -0.00942947299
v -0.0163397039 0.018285682 -0.00930678725
f 9421 9423 9422
v -0.0174661123 0.0181705094 -0.00968825843
v -0.017975815 0.0184573422 -0.010542322
v -0.0174550878 0.0183394804 -0.0105597916
f 9424 9426 9425
v -0.0174661123 0.0181705094 -0.00968825843
v -0.0174550878 0.0183394804 -0.0105597916
v -0.01732823 0.0182895921 -0.0105138155
f 9427 9429 9428
v -0.0170457031 0.0182071817 -0.00949554014
v -0.0174661123 0.0181705094 -0.00968825843
v -0.0167986203 0.0179815062 -0.00942824336
f 9430 9432 9431
v -0.0170457031 0.0182071817 -0.00949554014
v -0.0167986203 0.0179815062 -0.00942824336
v -0.0169015228 0.0181699987 -0.00945440624
f 9433 9435 9434
v -0.0161210948 0.0181925745 -0.00926366338
v -0.0160478739 0.0183201904 -0.00921336468
v -0.016012472 0.0183090844 -0.00934145355
f 9436 9438 9437
v -0.0165277859 0.0183620185 -0.00942755069
v -0.0162215598 0.0183000579 -0.0100092329
v -0.0163050718 0.0182686883 -0.00942947299
f 9439 9441 9440
v -0.0169591614 0.0182960473 -0.00975016374
v -0.0167099395 0.0182701435 -0.00977511154
v -0.0167367674 0.0182516393 -0.00961048499
f 9442 9444 9443
v -0.0170457031 0.0182071817 -0.00949554014
v -0.0169015228 0.0181699987 -0.00945440624
v -0.0166070779 0.018307069 -0.00903680193
f 9445 9447 9446
v -0.0169591614 0.0182960473 -0.00975016374
v -0.0170457031 0.0182071817 -0.00949554014
v -0.0169015228 0.0181699987 -0.00945440624
f 9448 9450 9449
v -0.0169591614 0.0182960473 -0.00975016374
v -0.0169015228 0.0181699987 -0.00945440624
v -0.0165313017 0.0181666401 -0.00954699353
f 9451 9453 9452
v -0.0166865459 0.0182835181 -0.00992177811
v -0.0167099395 0.0182701435 -0.00977511154
v -0.0169591614 0.0182960473 -0.00975016374
f 9454 9456 9455
v -0.0166865459 0.0182835181 -0.00992177811
v -0.0169591614 0.0182960473 -0.00975016374
v -0.0168444763 0.018275535 -0.00998650212
f 9457 9459 9458
v -0.0165277859 0.0183620185 -0.00942755069
v -0.016182517 0.0184291377 -0.0101194775
v -0.0162215598 0.0183000579 -0.0100092329
f 9460 9462 9461
v -0.0167096136 0.0180768096 -0.00821457652
v -0.016432791 0.0190395775 -0.00778530666
v -0.0166590049 0.0187579426 -0.00777889945
f 9463 9465 9464
v -0.0167096136 0.0180768096 -0.00821457652
v -0.0166590049 0.0187579426 -0.00777889945
v -0.0167137739 0.0186389603 -0.00783475334
f 9466 9468 9467
v -0.0166590049 0.0187579426 -0.00777889945
v -0.0164472644 0.0189711529 -0.00771063787
v -0.0167556791 0.0175699941 -0.0081647464
f 9469 9471 9470
v -0.0166590049 0.0187579426 -0.00777889945
v -0.0167556791 0.0175699941 -0.0081647464
v -0.0167137739 0.0186389603 -0.00783475334
f 9472 9474 9473
v -0.0167137739 0.0186389603 -0.00783475334
v -0.0166590049 0.0187579426 -0.00777889945
v -0.0170667961 0.0192863954 -0.00748073799
f 9475 9477 9476
v -0.0165519072 0.019057648 -0.00766695957
v -0.0166035374 0.0189096463 -0.00771698687
v -0.0168832717 0.018997342 -0.0070765047
f 9478 9480 9479
v -0.0165519072 0.019057648 -0.00766695957
v -0.0168832717 0.018997342 -0.0070765047
v -0.0165717414 0.0193198954 -0.00745906436
f 9481 9483 9482
v -0.0193140891 0.0195284447 -0.015106608
v -0.0190864375 0.0196530993 -0.0154519628
v -0.0191395273 0.0197933245 -0.0154052308
f 9484 9486 9485
v -0.0193140891 0.0195284447 -0.015106608
v -0.0191395273 0.0197933245 -0.0154052308
v -0.0191871019 0.0197748886 -0.0152541586
f 9487 9489 9488
v -0.0160209151 0.0182221207 -0.00910573799
v -0.015996545 0.0184404795 -0.00857637715
v -0.016012472 0.0183090844 -0.00934145355
f 9490 9492 9491
v -0.0170579122 0.0197346206 -0.0067935187
v -0.0169083767 0.0195099521 -0.00720671451
v -0.0169467137 0.0194264387 -0.00723064295
f 9493 9495 9494
v -0.0183695403 0.0212233223 -0.0026980817
v -0.019026341 0.0204951517 -0.00386463907
v -0.0184506163 0.020619134 -0.00393448281
f 9496 9498 9497
v -0.0219349211 0.0197413043 -0.00117743375
v -0.0223260373 0.0184100427 0.000384022997
v -0.02254828 0.0183054042 -0.00154060435
f 9499 9501 9500
v -0.0155060363 0.0106468033 -0.0129267311
v -0.0152963752 0.0102300008 -0.0129594089
v -0.0153185814 0.0106503219 -0.0128617714
f 9502 9504 9503
v -0.0156433831 0.011240504 -0.0128653977
v -0.0156322145 0.0112357477 -0.0129500375
v -0.0153185814 0.0106503219 -0.0128617714
f 9505 9507 9506
v -0.0155060363 0.0106468033 -0.0129267311
v -0.0156322145 0.0112357477 -0.0129500375
v -0.0156433831 0.011240504 -0.0128653977
f 9508 9510 9509
v -0.0156433831 0.011240504 -0.0128653977
v -0.0156322145 0.0112357477 -0.0129500375
v -0.0160489042 0.0118052238 -0.0128815765
f 9511 9513 9512
v -0.0160489042 0.0118052238 -0.0128815765
v -0.0156322145 0.0112357477 -0.0129500375
v -0.015185817 0.012284788 -0.0121284822
f 9514 9516 9515
v -0.0153056419 0.0102286373 -0.01291472
v -0.0152963752 0.0102300008 -0.0129594089
v -0.0150959895 0.0098648663 -0.0129235472
f 9517 9519 9518
v -0.0153056419 0.0102286373 -0.01291472
v -0.0152963752 0.0102300008 -0.0129594089
v -0.0155060363 0.0106468033 -0.0129267311
f 9520 9522 9521
v -0.0064302294 0.00425524086 -0.0116112788
v -0.00646158296 0.00420047691 -0.0116856769
v -0.00689404769 0.0050187944 -0.0113630027
f 9523 9525 9524
v -0.00689404769 0.0050187944 -0.0113630027
v -0.00646158296 0.00420047691 -0.0116856769
v -0.00643135209 0.00431524531 -0.0116339826
f 9526 9528 9527
v -0.00646158296 0.00420047691 -0.0116856769
v -0.0064302294 0.00425524086 -0.0116112788
v -0.00641535007 0.00353983705 -0.0115486808
f 9529 9531 9530
v -0.0139978583 0.00747164086 -0.0123342616
v -0.0147864223 0.00844377137 -0.0127070671
v -0.0145092723 0.00666238047 -0.0116255847
f 9532 9534 9533
v -0.0171817548 0.00912602627 -0.0117710282
v -0.0158236828 0.00730182946 -0.012151969
v -0.0162930693 0.0102093392 -0.012089948
f 9535 9537 9536
v -0.0153113942 0.0100400568 -0.0129236229
v -0.0152963752 0.0102300008 -0.0129594089
v -0.0153056419 0.0102286373 -0.01291472
f 9538 9540 9539
v -0.0100939156 0.0115468581 0.000373902867
v -0.0106557491 0.0120072109 -0.00468561229
v -0.00770497718 0.00902721949 -0.0046725112
f 9541 9543 9542
v -0.0163920966 0.00309591014 -0.0116548443
v -0.0177005189 0.00253153503 -0.0105005121
v -0.0154514011 0.00263166221 -0.0108213848
f 9544 9546 9545
v -0.0192548076 0.0200531591 -0.0152609835
v -0.0191985149 0.0200747338 -0.0154156267
v -0.0191430794 0.0197509784 -0.0150937849
f 9547 9549 9548
v -0.0191430794 0.0197509784 -0.0150937849
v -0.0191536077 0.0194728913 -0.015100115
v -0.0190576495 0.0193517306 -0.0152078748
f 9550 9552 9551
v -0.0191430794 0.0197509784 -0.0150937849
v -0.0191985149 0.0200747338 -0.0154156267
v -0.0191741812 0.0198850001 -0.0154322188
f 9553 9555 9554
v -0.0191430794 0.0197509784 -0.0150937849
v -0.0191741812 0.0198850001 -0.0154322188
v -0.0191395273 0.0197933245 -0.0154052308
f 9556 9558 9557
v -0.0191741812 0.0198850001 -0.0154322188
v -0.0191985149 0.0200747338 -0.0154156267
v -0.0192548076 0.0200531591 -0.0152609835
f 9559 9561 9560
v -0.0190864375 0.0196530993 -0.0154519628
v -0.0191234474 0.0194875611 -0.0152655819
v -0.0191536077 0.0194728913 -0.015100115
f 9562 9564 9563
v -0.0190864375 0.0196530993 -0.0154519628
v -0.0191536077 0.0194728913 -0.015100115
v -0.0191430794 0.0197509784 -0.0150937849
f 9565 9567 9566
v -0.0191536077 0.0194728913 -0.015100115
v -0.0191234474 0.0194875611 -0.0152655819
v -0.0190576495 0.0193517306 -0.0152078748
f 9568 9570 9569
v -0.0190864375 0.0196530993 -0.0154519628
v -0.0191430794 0.0197509784 -0.0150937849
v -0.0192232474 0.0197613801 -0.0151148153
f 9571 9573 9572
v -0.0190864375 0.0196530993 -0.0154519628
v -0.0192232474 0.0197613801 -0.0151148153
v -0.0191871019 0.0197748886 -0.0152541586
f 9574 9576 9575
v -0.0192232474 0.0197613801 -0.0151148153
v -0.0191871019 0.0197748886 -0.0152541586
v -0.0191741812 0.0198850001 -0.0154322188
f 9577 9579 9578
v -0.0193140891 0.0195284447 -0.015106608
v -0.0191871019 0.0197748886 -0.0152541586
v -0.0192232474 0.0197613801 -0.0151148153
f 9580 9582 9581
v -0.0191297353 0.0185864483 -0.0147932209
v -0.0192371474 0.0185388053 -0.0150211301
v -0.0191735264 0.0184028322 -0.0151927758
f 9583 9585 9584
v -0.0192371474 0.0185388053 -0.0150211301
v -0.019203432 0.0185544399 -0.0151804095
v -0.0191735264 0.0184028322 -0.0151927758
f 9586 9588 9587
v -0.0191536077 0.0194728913 -0.015100115
v -0.0191234474 0.0194875611 -0.0152655819
v -0.0193140891 0.0195284447 -0.015106608
f 9589 9591 9590
v -0.0191378291 0.0188028425 -0.0152582943
v -0.019203432 0.0185544399 -0.0151804095
v -0.0192371474 0.0185388053 -0.0150211301
f 9592 9594 9593
v -0.0191378291 0.0188028425 -0.0152582943
v -0.0192371474 0.0185388053 -0.0150211301
v -0.0191297353 0.0185864483 -0.0147932209
f 9595 9597 9596
v -0.0191012601 0.0192764972 -0.0153003959
v -0.0191086947 0.0190397332 -0.0152930006
v -0.0191549785 0.0190292412 -0.0151399552
f 9598 9600 9599
v -0.0191012601 0.0192764972 -0.0153003959
v -0.0191549785 0.0190292412 -0.0151399552
v -0.0190576495 0.0193517306 -0.0152078748
f 9601 9603 9602
v -0.0193140891 0.0195284447 -0.015106608
v -0.0191086947 0.0190397332 -0.0152930006
v -0.0191012601 0.0192764972 -0.0153003959
f 9604 9606 9605
v -0.0191549785 0.0190292412 -0.0151399552
v -0.0191086947 0.0190397332 -0.0152930006
v -0.0193140891 0.0195284447 -0.015106608
f 9607 9609 9608
v -0.0191549785 0.0190292412 -0.0151399552
v -0.0194297798 0.0185447469 -0.0150857988
v -0.0191378291 0.0188028425 -0.0152582943
f 9610 9612 9611
v -0.0191549785 0.0190292412 -0.0151399552
v -0.0191378291 0.0188028425 -0.0152582943
v -0.0191086947 0.0190397332 -0.0152930006
f 9613 9615 9614
v -0.0191536077 0.0194728913 -0.015100115
v -0.0193140891 0.0195284447 -0.015106608
v -0.0191234474 0.0194875611 -0.0152655819
f 9616 9618 9617
v -0.0193140891 0.0195284447 -0.015106608
v -0.0191012601 0.0192764972 -0.0153003959
v -0.0191234474 0.0194875611 -0.0152655819
f 9619 9621 9620
v -0.0182389675 0.0185411074 -0.0118165684
v -0.018305218 0.0185870202 -0.0119609394
v -0.0182604417 0.0183446333 -0.0116065996
f 9622 9624 9623
v -0.0182389675 0.0185411074 -0.0118165684
v -0.0182604417 0.0183446333 -0.0116065996
v -0.0182030999 0.018445008 -0.011578721
f 9625 9627 9626
v -0.0192371474 0.0185388053 -0.0150211301
v -0.019203432 0.0185544399 -0.0151804095
v -0.0194297798 0.0185447469 -0.0150857988
f 9628 9630 9629
v -0.0194297798 0.0185447469 -0.0150857988
v -0.019203432 0.0185544399 -0.0151804095
v -0.0191378291 0.0188028425 -0.0152582943
f 9631 9633 9632
v -0.0194297798 0.0185447469 -0.0150857988
v -0.019263188 0.0180726827 -0.0150358916
v -0.0191735264 0.0184028322 -0.0151927758
f 9634 9636 9635
v -0.0191735264 0.0184028322 -0.0151927758
v -0.019203432 0.0185544399 -0.0151804095
v -0.0192371474 0.0185388053 -0.0150211301
f 9637 9639 9638
v -0.0194297798 0.0185447469 -0.0150857988
v -0.0191735264 0.0184028322 -0.0151927758
v -0.0192371474 0.0185388053 -0.0150211301
f 9640 9642 9641
v -0.0178635237 0.0185661382 -0.0118803015
v -0.018305218 0.0185870202 -0.0119609394
v -0.0182389675 0.0185411074 -0.0118165684
f 9643 9645 9644
v -0.0178816219 0.0180980933 -0.01096735
v -0.0184059041 0.0183227152 -0.0115350602
v -0.0182604417 0.0183446333 -0.0116065996
f 9646 9648 9647
v -0.0178816219 0.0180980933 -0.01096735
v -0.0182604417 0.0183446333 -0.0116065996
v -0.0182030999 0.018445008 -0.011578721
f 9649 9651 9650
v -0.0178816219 0.0180980933 -0.01096735
v -0.0181303316 0.0181952288 -0.0113256297
v -0.0184059041 0.0183227152 -0.0115350602
f 9652 9654 9653
v -0.0193331187 0.0175968584 -0.0148829102
v -0.0193685133 0.0175832276 -0.0147865008
v -0.019225986 0.0179750787 -0.0149560772
f 9655 9657 9656
v -0.0193331187 0.0175968584 -0.0148829102
v -0.019225986 0.0179750787 -0.0149560772
v -0.0193223779 0.0177872789 -0.014952218
f 9658 9660 9659
v -0.0178635237 0.0185661382 -0.0118803015
v -0.0184885954 0.0191216706 -0.0123683596
v -0.0182980235 0.0189392726 -0.0117317468
f 9661 9663 9662
v -0.0184059041 0.0183227152 -0.0115350602
v -0.0183669865 0.0187276193 -0.0119737677
v -0.0182389675 0.0185411074 -0.0118165684
f 9664 9666 9665
v -0.0182980235 0.0189392726 -0.0117317468
v -0.0182389675 0.0185411074 -0.0118165684
v -0.0183669865 0.0187276193 -0.0119737677
f 9667 9669 9668
v -0.0182980235 0.0189392726 -0.0117317468
v -0.0182030999 0.018445008 -0.011578721
v -0.0184059041 0.0183227152 -0.0115350602
f 9670 9672 9671
v -0.0184059041 0.0183227152 -0.0115350602
v -0.0182030999 0.018445008 -0.011578721
v -0.0182604417 0.0183446333 -0.0116065996
f 9673 9675 9674
v -0.0181312978 0.0156614464 -0.0137958763
v -0.0185633646 0.0164618003 -0.0143859448
v -0.0192269596 0.0157414383 -0.0133373775
f 9676 9678 9677
v -0.0193685133 0.0175832276 -0.0147865008
v -0.0193331187 0.0175968584 -0.0148829102
v -0.0193343483 0.0172820233 -0.0147086917
f 9679 9681 9680
v -0.0189176164 0.0170451036 -0.0141860888
v -0.0194443215 0.017100024 -0.0146483741
v -0.0194203487 0.0171194712 -0.014702804
f 9682 9684 9683
v -0.0189176164 0.0170451036 -0.0141860888
v -0.0194203487 0.0171194712 -0.014702804
v -0.0193007712 0.0168975414 -0.0147084182
f 9685 9687 9686
v -0.0193685133 0.0175832276 -0.0147865008
v -0.0193331187 0.0175968584 -0.0148829102
v -0.0193223779 0.0177872789 -0.014952218
f 9688 9690 9689
v -0.0191297353 0.0185864483 -0.0147932209
v -0.019225986 0.0179750787 -0.0149560772
v -0.0193343483 0.0172820233 -0.0147086917
f 9691 9693 9692
v -0.0194947817 0.0173390159 -0.0147634622
v -0.0194203487 0.0171194712 -0.014702804
v -0.0193343483 0.0172820233 -0.0147086917
f 9694 9696 9695
v -0.0193007712 0.0168975414 -0.0147084182
v -0.0194443215 0.017100024 -0.0146483741
v -0.0194947817 0.0173390159 -0.0147634622
f 9697 9699 9698
v -0.0194443215 0.017100024 -0.0146483741
v -0.0194203487 0.0171194712 -0.014702804
v -0.0194947817 0.0173390159 -0.0147634622
f 9700 9702 9701
v -0.0193007712 0.0168975414 -0.0147084182
v -0.0194203487 0.0171194712 -0.014702804
v -0.0194443215 0.017100024 -0.0146483741
f 9703 9705 9704
v -0.0194947817 0.0173390159 -0.0147634622
v -0.0193331187 0.0175968584 -0.0148829102
v -0.0193685133 0.0175832276 -0.0147865008
f 9706 9708 9707
v -0.0191735264 0.0184028322 -0.0151927758
v -0.019263188 0.0180726827 -0.0150358916
v -0.0192987325 0.0180599163 -0.014929616
f 9709 9711 9710
v -0.0191735264 0.0184028322 -0.0151927758
v -0.0192987325 0.0180599163 -0.014929616
v -0.0191297353 0.0185864483 -0.0147932209
f 9712 9714 9713
v -0.0172562213 0.0139577547 -0.0138469768
v -0.0172277389 0.0139578042 -0.013977004
v -0.0167269362 0.0134189002 -0.0136014278
f 9715 9717 9716
v -0.0172683358 0.0138986841 -0.0138414791
v -0.0172277389 0.0139578042 -0.013977004
v -0.0172562213 0.0139577547 -0.0138469768
f 9718 9720 9719
v -0.0175842797 0.0143469719 -0.0137318828
v -0.0178219198 0.0148475461 -0.0135286129
v -0.0178284274 0.014846267 -0.0134998292
f 9721 9723 9722
v -0.0178284274 0.014846267 -0.0134998292
v -0.0178219198 0.0148475461 -0.0135286129
v -0.0179927767 0.0145235594 -0.0132396381
f 9724 9726 9725
v -0.0179927767 0.0145235594 -0.0132396381
v -0.0178219198 0.0148475461 -0.0135286129
v -0.0174930319 0.0151103814 -0.0133145601
f 9727 9729 9728
v -0.0175842797 0.0143469719 -0.0137318828
v -0.0172277389 0.0139578042 -0.013977004
v -0.0172253727 0.0142357705 -0.0136881252
f 9730 9732 9731
v -0.0172683358 0.0138986841 -0.0138414791
v -0.0172562213 0.0139577547 -0.0138469768
v -0.0175842797 0.0143469719 -0.0137318828
f 9733 9735 9734
v -0.0192987325 0.0180599163 -0.014929616
v -0.019263188 0.0180726827 -0.0150358916
v -0.0194297798 0.0185447469 -0.0150857988
f 9736 9738 9737
v -0.019269246 0.0205066652 -0.0155508635
v -0.0201053175 0.0204408527 -0.014759737
v -0.0193160173 0.0203469579 -0.0152650377
f 9739 9741 9740
v -0.019269246 0.0205066652 -0.0155508635
v -0.0193160173 0.0203469579 -0.0152650377
v -0.0192542502 0.0203684176 -0.0154234585
f 9742 9744 9743
v -0.0192987325 0.0180599163 -0.014929616
v -0.019263188 0.0180726827 -0.0150358916
v -0.019225986 0.0179750787 -0.0149560772
f 9745 9747 9746
v -0.0193223779 0.0177872789 -0.014952218
v -0.019263188 0.0180726827 -0.0150358916
v -0.0192987325 0.0180599163 -0.014929616
f 9748 9750 9749
v -0.0193160173 0.0203469579 -0.0152650377
v -0.0201053175 0.0204408527 -0.014759737
v -0.0192421736 0.0202207229 -0.0154570211
f 9751 9753 9752
v -0.0193160173 0.0203469579 -0.0152650377
v -0.0192421736 0.0202207229 -0.0154570211
v -0.0192542502 0.0203684176 -0.0154234585
f 9754 9756 9755
v -0.0201053175 0.0204408527 -0.014759737
v -0.0192548076 0.0200531591 -0.0152609835
v -0.0191985149 0.0200747338 -0.0154156267
f 9757 9759 9758
v -0.0201053175 0.0204408527 -0.014759737
v -0.0191985149 0.0200747338 -0.0154156267
v -0.0192421736 0.0202207229 -0.0154570211
f 9760 9762 9761
v -0.0193160173 0.0203469579 -0.0152650377
v -0.0192542502 0.0203684176 -0.0154234585
v -0.0191792627 0.020206839 -0.0152320077
f 9763 9765 9764
v -0.0191792627 0.020206839 -0.0152320077
v -0.0192542502 0.0203684176 -0.0154234585
v -0.0192421736 0.0202207229 -0.0154570211
f 9766 9768 9767
v -0.0191792627 0.020206839 -0.0152320077
v -0.0192421736 0.0202207229 -0.0154570211
v -0.0191985149 0.0200747338 -0.0154156267
f 9769 9771 9770
v -0.0171386637 0.0176340109 -0.00951365582
v -0.0171697742 0.01751417 -0.00957014563
v -0.0170524698 0.0172805871 -0.00963087368
f 9772 9774 9773
v -0.0171386637 0.0176340109 -0.00951365582
v -0.0170524698 0.0172805871 -0.00963087368
v -0.0167986203 0.0179815062 -0.00942824336
f 9775 9777 9776
v -0.0193140891 0.0195284447 -0.015106608
v -0.0192548076 0.0200531591 -0.0152609835
v -0.0201053175 0.0204408527 -0.014759737
f 9778 9780 9779
v -0.0170524698 0.0172805871 -0.00963087368
v -0.0172143831 0.0173262262 -0.00980327532
v -0.0169915773 0.0169369232 -0.0103478116
f 9781 9783 9782
v -0.0167556791 0.0175699941 -0.0081647464
v -0.0169756342 0.0175270688 -0.00848574564
v -0.0168206971 0.0173598397 -0.00895045378
f 9784 9786 9785
v -0.0167556791 0.0175699941 -0.0081647464
v -0.0168206971 0.0173598397 -0.00895045378
v -0.0167472317 0.0173383582 -0.00894518525
f 9787 9789 9788
v -0.017723802 0.0179970884 -0.0103135673
v -0.0176995149 0.0180796895 -0.0102845785
v -0.0178816219 0.0180980933 -0.01096735
f 9790 9792 9791
v -0.0177750728 0.0182606003 -0.0100689984
v -0.0174062588 0.0179248425 -0.0091691094
v -0.0174600456 0.0179639843 -0.00968936147
f 9793 9795 9794
v -0.0169465158 0.0169557607 -0.00968825771
v -0.0169328923 0.0170276151 -0.00965094514
v -0.0169915773 0.0169369232 -0.0103478116
f 9796 9798 9797
v -0.0170524698 0.0172805871 -0.00963087368
v -0.0169328923 0.0170276151 -0.00965094514
v -0.0169465158 0.0169557607 -0.00968825771
f 9799 9801 9800
v -0.0172541026 0.0172086031 -0.00985848674
v -0.0172143831 0.0173262262 -0.00980327532
v -0.0175655528 0.0176486123 -0.0101596226
f 9802 9804 9803
v -0.0175655528 0.0176486123 -0.0101596226
v -0.0172143831 0.0173262262 -0.00980327532
v -0.0173973182 0.0174834771 -0.00988176762
f 9805 9807 9806
v -0.0171386637 0.0176340109 -0.00951365582
v -0.0171697742 0.01751417 -0.00957014563
v -0.0174600456 0.0179639843 -0.00968936147
f 9808 9810 9809
v -0.0174600456 0.0179639843 -0.00968936147
v -0.017723802 0.0179970884 -0.0103135673
v -0.0177750728 0.0182606003 -0.0100689984
f 9811 9813 9812
v -0.0173973182 0.0174834771 -0.00988176762
v -0.0172143831 0.0173262262 -0.00980327532
v -0.0172541026 0.0172086031 -0.00985848674
f 9814 9816 9815
v -0.0167472317 0.0173383582 -0.00894518525
v -0.0168206971 0.0173598397 -0.00895045378
v -0.0168665181 0.0172245971 -0.00901551175
f 9817 9819 9818
v -0.0167472317 0.0173383582 -0.00894518525
v -0.0168665181 0.0172245971 -0.00901551175
v -0.0166947561 0.0170103973 -0.0092896611
f 9820 9822 9821
v -0.0236575142 0.0128327796 -0.00730744068
v -0.0234395397 0.0129784545 -0.00779407928
v -0.0234106774 0.0130329383 -0.00777851819
f 9823 9825 9824
v -0.0236575142 0.0128327796 -0.00730744068
v -0.0234106774 0.0130329383 -0.00777851819
v -0.0231439015 0.0134102971 -0.00717839284
f 9826 9828 9827
v -0.0168297658 0.0176817906 -0.00841542205
v -0.0174062588 0.0179248425 -0.0091691094
v -0.0169756342 0.0175270688 -0.00848574564
f 9829 9831 9830
v -0.0168060214 0.0172191198 -0.00935993012
v -0.0168206971 0.0173598397 -0.00895045378
v -0.0167472317 0.0173383582 -0.00894518525
f 9832 9834 9833
v -0.0168297658 0.0176817906 -0.00841542205
v -0.0168206971 0.0173598397 -0.00895045378
v -0.0174062588 0.0179248425 -0.0091691094
f 9835 9837 9836
v -0.0169365056 0.0169674226 -0.00956722288
v -0.0166947561 0.0170103973 -0.0092896611
v -0.0168060214 0.0172191198 -0.00935993012
f 9838 9840 9839
v -0.0168060214 0.0172191198 -0.00935993012
v -0.0168665181 0.0172245971 -0.00901551175
v -0.0169365056 0.0169674226 -0.00956722288
f 9841 9843 9842
v -0.0174062588 0.0179248425 -0.0091691094
v -0.0170524698 0.0172805871 -0.00963087368
v -0.0171697742 0.01751417 -0.00957014563
f 9844 9846 9845
v -0.0174062588 0.0179248425 -0.0091691094
v -0.0171386637 0.0176340109 -0.00951365582
v -0.0174600456 0.0179639843 -0.00968936147
f 9847 9849 9848
v -0.0207406687 0.0177407812 -0.0111292531
v -0.0184059041 0.0183227152 -0.0115350602
v -0.0196809939 0.017652793 -0.010413034
f 9850 9852 9851
v -0.0196809939 0.017652793 -0.010413034
v -0.020639984 0.0166497775 -0.0104317784
v -0.0207406687 0.0177407812 -0.0111292531
f 9853 9855 9854
v -0.0227924451 0.0137500669 -0.0125118706
v -0.0216356813 0.015741578 -0.0136239978
v -0.0242637951 0.0150411914 -0.0118013792
f 9856 9858 9857
v -0.0200924667 0.014100378 -0.00845666873
v -0.0210308353 0.0149285246 -0.00788009493
v -0.021921091 0.0135123613 -0.00814610976
f 9859 9861 9860
v -0.0225983807 0.0144660982 -0.00723372796
v -0.021921091 0.0135123613 -0.00814610976
v -0.0210308353 0.0149285246 -0.00788009493
f 9862 9864 9863
v -0.0232229591 0.0156931434 -0.00871829834
v -0.023495192 0.0140802687 -0.00780475239
v -0.0242218404 0.014456053 -0.00777693349
f 9865 9867 9866
v -0.0232517501 0.0127856081 -0.00830556601
v -0.021921091 0.0135123613 -0.00814610976
v -0.023083073 0.0127044535 -0.00792839201
f 9868 9870 9869
v -0.023083073 0.0127044535 -0.00792839201
v -0.021921091 0.0135123613 -0.00814610976
v -0.0231439015 0.0134102971 -0.00717839284
f 9871 9873 9872
v -0.0241351532 0.012731587 -0.00808275581
v -0.023495192 0.0140802687 -0.00780475239
v -0.0234106774 0.0130329383 -0.00777851819
f 9874 9876 9875
v -0.0241351532 0.012731587 -0.00808275581
v -0.0234106774 0.0130329383 -0.00777851819
v -0.0234395397 0.0129784545 -0.00779407928
f 9877 9879 9878
v -0.0225983807 0.0144660982 -0.00723372796
v -0.0244033159 0.0136124203 -0.00550862278
v -0.0231439015 0.0134102971 -0.00717839284
f 9880 9882 9881
v -0.0242218404 0.014456053 -0.00777693349
v -0.0241351532 0.012731587 -0.00808275581
v -0.0249718927 0.0129443375 -0.00781550843
f 9883 9885 9884
v -0.025178853 0.0109977431 -0.0072923569
v -0.025475907 0.0109916764 -0.00734857094
v -0.0253580394 0.0110307403 -0.00749425017
f 9886 9888 9887
v -0.025178853 0.0109977431 -0.0072923569
v -0.0253580394 0.0110307403 -0.00749425017
v -0.0252006139 0.0109555782 -0.00751220359
f 9889 9891 9890
v -0.0197789515 0.0143199315 -0.00900487139
v -0.0176200425 0.0163035584 -0.0096944088
v -0.0177472612 0.0161208154 -0.00879143481
f 9892 9894 9893
v -0.0176995149 0.0180796895 -0.0102845785
v -0.017723802 0.0179970884 -0.0103135673
v -0.017975815 0.0184573422 -0.010542322
f 9895 9897 9896
v -0.0176995149 0.0180796895 -0.0102845785
v -0.017975815 0.0184573422 -0.010542322
v -0.0177750728 0.0182606003 -0.0100689984
f 9898 9900 9899
v -0.0244856055 0.0135510039 -0.00301597374
v -0.0226461794 0.015436158 -0.00423127494
v -0.0230076286 0.0163380202 -0.00245784158
f 9901 9903 9902
v -0.0247361022 0.0162942873 -0.000813985389
v -0.0256800064 0.0141622004 -0.00136984236
v -0.0256856583 0.0141655997 -0.00137126863
f 9904 9906 9905
v -0.0260288041 0.013101146 -0.000867024119
v -0.0256856583 0.0141655997 -0.00137126863
v -0.0256800064 0.0141622004 -0.00136984236
f 9907 9909 9908
v -0.0252360769 0.0147768689 -0.00170169806
v -0.0256800064 0.0141622004 -0.00136984236
v -0.0257311098 0.0138182819 -0.00152825251
f 9910 9912 9911
v -0.0218146844 0.0203914242 -0.0113082773
v -0.0223692739 0.0191668267 -0.0106172025
v -0.0231659011 0.0198827911 -0.0109765948
f 9913 9915 9914
v -0.0251585647 0.0169268314 -0.0105103063
v -0.0228873061 0.0162239856 -0.010574107
v -0.0238331442 0.0158145675 -0.00966684674
f 9916 9918 9917
v -0.0253664533 0.0166797428 -0.0114000344
v -0.0244050141 0.0178738715 -0.0110011206
v -0.0251585647 0.0169268314 -0.0105103063
f 9919 9921 9920
v -0.0253664533 0.0166797428 -0.0114000344
v -0.0254582468 0.0161259086 -0.0102497543
v -0.0262803864 0.0148929132 -0.0115435563
f 9922 9924 9923
v -0.0242130933 0.0172699947 -0.0124552229
v -0.0232781575 0.0165361096 -0.0125834747
v -0.0239649016 0.0181539857 -0.012085303
f 9925 9927 9926
v -0.0239649016 0.0181539857 -0.012085303
v -0.0244050141 0.0178738715 -0.0110011206
v -0.0253664533 0.0166797428 -0.0114000344
f 9928 9930 9929
v -0.0243384813 0.0156005437 -0.00942800034
v -0.0242218404 0.014456053 -0.00777693349
v -0.0249173056 0.0141875033 -0.00889527364
f 9931 9933 9932
v -0.0251807825 0.0109929977 -0.00750151303
v -0.0244684197 0.0110134628 -0.007861216
v -0.025178853 0.0109977431 -0.0072923569
f 9934 9936 9935
v -0.0254278566 0.011068544 -0.00734021669
v -0.025475907 0.0109916764 -0.00734857094
v -0.025945995 0.0102827908 -0.00730699467
f 9937 9939 9938
v -0.025475907 0.0109916764 -0.00734857094
v -0.0254278566 0.011068544 -0.00734021669
v -0.0253585662 0.0114261697 -0.00681461024
f 9940 9942 9941
v -0.025475907 0.0109916764 -0.00734857094
v -0.0253585662 0.0114261697 -0.00681461024
v -0.025945995 0.0102827908 -0.00730699467
f 9943 9945 9944
v -0.0251807825 0.0109929977 -0.00750151303
v -0.0252006139 0.0109555782 -0.00751220359
v -0.0253580394 0.0110307403 -0.00749425017
f 9946 9948 9947
v -0.0260509318 0.0126630199 -0.0120339151
v -0.0262803864 0.0148929132 -0.0115435563
v -0.0267645781 0.0124500875 -0.0116176729
f 9949 9951 9950
v -0.0261138659 0.0152363165 -0.0106286498
v -0.024899753 0.0140870601 -0.00985142469
v -0.0266780116 0.0135854687 -0.0108365552
f 9952 9954 9953
v -0.024899753 0.0140870601 -0.00985142469
v -0.0249173056 0.0141875033 -0.00889527364
v -0.0259023102 0.0125841136 -0.00904672124
f 9955 9957 9956
v -0.0254486746 0.0134303438 -0.00895892517
v -0.0255109859 0.0133515336 -0.00886521302
v -0.0259023102 0.0125841136 -0.00904672124
f 9958 9960 9959
v -0.0255807594 0.0133654496 -0.00840290159
v -0.0262263959 0.0124951301 -0.00758843744
v -0.0271565077 0.0114809314 -0.00808455152
f 9961 9963 9962
v -0.0261304638 0.0109716988 -0.00962788472
v -0.0259023102 0.0125841136 -0.00904672124
v -0.0271565077 0.0114809314 -0.00808455152
f 9964 9966 9965
v -0.0260481873 0.0116953204 -0.0102606609
v -0.024899753 0.0140870601 -0.00985142469
v -0.0259023102 0.0125841136 -0.00904672124
f 9967 9969 9968
v -0.0255211489 0.0133576599 -0.00886777634
v -0.0255109859 0.0133515336 -0.00886521302
v -0.0255807594 0.0133654496 -0.00840290159
f 9970 9972 9971
v -0.0262557878 0.00983046993 -0.0126494502
v -0.0270099554 0.0115649047 -0.0125724298
v -0.0274000806 0.0104669205 -0.0120666526
f 9973 9975 9974
v -0.0270099554 0.0115649047 -0.0125724298
v -0.0273192185 0.0115985204 -0.0120765348
v -0.0274000806 0.0104669205 -0.0120666526
f 9976 9978 9977
v -0.0270099554 0.0115649047 -0.0125724298
v -0.0260509318 0.0126630199 -0.0120339151
v -0.0273192185 0.0115985204 -0.0120765348
f 9979 9981 9980
v -0.0288692536 0.00935423159 -0.00814034938
v -0.0278010819 0.00991075067 -0.00831900688
v -0.0281265646 0.0101080543 -0.00748837701
f 9982 9984 9983
v -0.0298358966 0.00747996237 -0.00779968032
v -0.0288692536 0.00935423159 -0.00814034938
v -0.0296681421 0.00747094527 -0.00720632379
f 9985 9987 9986
v -0.0181734707 0.0190784529 -0.0122010431
v -0.0183018317 0.0191457919 -0.0122452446
v -0.0184885954 0.0191216706 -0.0123683596
f 9988 9990 9989
v -0.0181734707 0.0190784529 -0.0122010431
v -0.0184885954 0.0191216706 -0.0123683596
v -0.0178635237 0.0185661382 -0.0118803015
f 9991 9993 9992
v -0.0271565077 0.0114809314 -0.00808455152
v -0.0262263959 0.0124951301 -0.00758843744
v -0.0269809738 0.0111574183 -0.00746598889
f 9994 9996 9995
v -0.0184885954 0.0191216706 -0.0123683596
v -0.0183018317 0.0191457919 -0.0122452446
v -0.0182980235 0.0189392726 -0.0117317468
f 9997 9999 9998
v -0.0193930813 0.0206293931 -0.0152631343
v -0.0201053175 0.0204408527 -0.014759737
v -0.019269246 0.0205066652 -0.0155508635
f 10000 10002 10001
v -0.0193930813 0.0206293931 -0.0152631343
v -0.019269246 0.0205066652 -0.0155508635
v -0.0193288943 0.0206523589 -0.0154124747
f 10003 10005 10004
v -0.0178816219 0.0180980933 -0.01096735
v -0.0174600456 0.0179639843 -0.00968936147
v -0.0174661123 0.0181705094 -0.00968825843
f 10006 10008 10007
v -0.0178816219 0.0180980933 -0.01096735
v -0.0174661123 0.0181705094 -0.00968825843
v -0.01732823 0.0182895921 -0.0105138155
f 10009 10011 10010
v -0.0178816219 0.0180980933 -0.01096735
v -0.0174550878 0.0183394804 -0.0105597916
v -0.0173687557 0.0185906756 -0.0110279048
f 10012 10014 10013
v -0.0178816219 0.0180980933 -0.01096735
v -0.01732823 0.0182895921 -0.0105138155
v -0.0174550878 0.0183394804 -0.0105597916
f 10015 10017 10016
v -0.0169301304 -0.0213761057 -0.0178543065
v -0.0165264893 -0.0221655035 -0.017599453
v -0.016490728 -0.0220273447 -0.0183491473
f 10018 10020 10019
v -0.0169301304 -0.0213761057 -0.0178543065
v -0.016490728 -0.0220273447 -0.0183491473
v -0.0165204459 -0.0220094764 -0.0183566299
f 10021 10023 10022
v -0.0174062588 0.0179248425 -0.0091691094
v -0.0167096136 0.0180768096 -0.00821457652
v -0.0169756342 0.0175270688 -0.00848574564
f 10024 10026 10025
v -0.0293517718 0.008917995 -0.00153394449
v -0.0307140843 0.00802227005 0.000394565313
v -0.0314205943 0.0072801653 -0.000676407763
f 10027 10029 10028
v -0.00768143364 -0.00282062083 -0.0118216769
v -0.00733159686 -0.00478030161 -0.0122479891
v -0.00581138884 -0.00298936757 -0.0119770826
f 10030 10032 10031
v -0.00569333642 -0.0133075926 -0.00669928122
v -0.00510027276 -0.0128706452 -0.00443280551
v -0.00225837484 -0.0121358891 -0.00657167329
f 10033 10035 10034
v -0.0135782277 -0.0122900994 -0.00906921996
v -0.0149293046 -0.0113683185 -0.0106675398
v -0.0162098906 -0.0114900628 -0.00911633397
f 10036 10038 10037
v -0.0120796569 -0.0140718505 -0.00404150887
v -0.0109850283 -0.0142628851 -0.00586381648
v -0.0119484364 -0.0142373872 -0.00602236287
f 10039 10041 10040
v -0.015096362 -0.0148734121 -0.00365732703
v -0.0155023692 -0.0137701456 -0.00549457582
v -0.0175954789 -0.0134788614 -0.00608845148
f 10042 10044 10043
v -0.00593993827 -0.0276557665 -0.0165622041
v -0.00549878241 -0.0275206781 -0.0161984673
v -0.00629369097 -0.0264544768 -0.0160695199
f 10045 10047 10046
v -0.00915040218 -0.024060077 -0.015933509
v -0.00827457989 -0.0241277914 -0.014680202
v -0.00887718343 -0.0224418167 -0.01561963
f 10048 10050 10049
v -0.0132631991 -0.0168949162 -0.0160479016
v -0.0121271667 -0.0176291651 -0.0163607736
v -0.0128563523 -0.0168122511 -0.0144496356
f 10051 10053 10052
v -0.0138502568 -0.0180445815 -0.0176621892
v -0.0160020471 -0.0159131421 -0.018017384
v -0.0162097829 -0.0174292101 -0.0187763595
f 10054 10056 10055
v -0.0101549093 -0.0250215118 -0.0178817834
v -0.00945482825 -0.0254575687 -0.0176694943
v -0.0103690756 -0.0244989555 -0.0166693382
f 10057 10059 10058
v -0.00845000832 -0.0257964974 -0.0145718048
v -0.00955894648 -0.0250638637 -0.0145559519
v -0.00870521471 -0.0244299765 -0.0139721757
f 10060 10062 10061
v -0.00796280583 -0.0265735755 -0.0155052549
v -0.00593993827 -0.0276557665 -0.0165622041
v -0.00780463524 -0.0256030762 -0.0158810726
f 10063 10065 10064
v -0.0109430031 -0.0243863091 -0.0151156564
v -0.0113146503 -0.0252877478 -0.0167994731
v -0.0126194529 -0.0237909728 -0.0157304603
f 10066 10068 10067
v -0.00929835805 -0.0266858871 -0.0181024458
v -0.0089721223 -0.0264652248 -0.0188453472
v -0.00930268143 -0.0266919 -0.0189333863
f 10069 10071 10070
v -0.00930268143 -0.0266919 -0.0189333863
v -0.0103558668 -0.026251949 -0.0177042704
v -0.00929835805 -0.0266858871 -0.0181024458
f 10072 10074 10073
v -0.0158667841 -0.0231125843 -0.0194095948
v -0.0162229248 -0.0211844992 -0.0182007236
v -0.0163047182 -0.0223510462 -0.0188827282
f 10075 10077 10076
v -0.0126194529 -0.0237909728 -0.0157304603
v -0.0132195986 -0.0225210053 -0.0169938343
v -0.0145453392 -0.0227740369 -0.0167160237
f 10078 10080 10079
v -0.0173993001 -0.0218750327 -0.0162893266
v -0.0156166192 -0.0222992167 -0.0174160814
v -0.0165264893 -0.0221655035 -0.017599453
f 10081 10083 10082
v -0.0165204459 -0.0220094764 -0.0183566299
v -0.016490728 -0.0220273447 -0.0183491473
v -0.0162229248 -0.0211844992 -0.0182007236
f 10084 10086 10085
v -0.0216373301 -0.016804281 -0.0182016374
v -0.0215371983 -0.0165862468 -0.0178106362
v -0.0214908665 -0.016614121 -0.0177989597
f 10087 10089 10088
v -0.0216373301 -0.016804281 -0.0182016374
v -0.0214908665 -0.016614121 -0.0177989597
v -0.0215258886 -0.0167127146 -0.0177323585
f 10090 10092 10091
v -0.0164825353 -0.0226687102 -0.0187370402
v -0.016490728 -0.0220273447 -0.0183491473
v -0.0165264893 -0.0221655035 -0.017599453
f 10093 10095 10094
v -0.0165264893 -0.0221655035 -0.017599453
v -0.0169301304 -0.0213761057 -0.0178543065
v -0.0173993001 -0.0218750327 -0.0162893266
f 10096 10098 10097
v -0.0169301304 -0.0213761057 -0.0178543065
v -0.0182050309 -0.0187014346 -0.0186152203
v -0.0195351749 -0.020319609 -0.0167998427
f 10099 10101 10100
v -0.0156166192 -0.0222992167 -0.0174160814
v -0.0158667841 -0.0231125843 -0.0194095948
v -0.0159383853 -0.0233894316 -0.0188849837
f 10102 10104 10103
v -0.0103376129 -0.0203167016 -0.0116657124
v -0.0112371163 -0.0219422684 -0.0114869828
v -0.0122380734 -0.0204982105 -0.011008259
f 10105 10107 10106
v -0.014058454 -0.0182763149 -0.0108800661
v -0.0115471652 -0.0191045692 -0.0118764481
v -0.013079436 -0.0188111764 -0.0106982596
f 10108 10110 10109
v -0.0181722164 -0.0181479612 -0.0101375088
v -0.0164899509 -0.0182239208 -0.0102568396
v -0.0168041879 -0.0205587959 -0.0110908113
f 10111 10113 10112
v -0.0188933744 -0.0139358453 -0.00506377692
v -0.018899639 -0.0143220735 -0.00614748351
v -0.0188081889 -0.0155921938 -0.00495905842
f 10114 10116 10115
v -0.0171910317 -0.0221254508 -0.0136939896
v -0.0173993001 -0.0218750327 -0.0162893266
v -0.0195707005 -0.0205651275 -0.0141841476
f 10117 10119 10118
v -0.0122971614 -0.00186256875 -0.0127681677
v -0.00926449793 0.000594066159 -0.0113532013
v -0.0129756852 -0.000363012373 -0.0123487931
f 10120 10122 10121
v -0.0146152714 -0.00321836997 -0.0121292083
v -0.0122997546 -0.00296990402 -0.0117814343
v -0.0141370925 -0.00224127834 -0.0126162166
f 10123 10125 10124
v -0.0160737807 0.00146393004 -0.0109176079
v -0.0177005189 0.00253153503 -0.0105005121
v -0.0173205815 -5.33953482e-05 -0.0115525123
f 10126 10128 10127
v -0.0163826393 -0.000468390908 -0.0126107887
v -0.0160737807 0.00146393004 -0.0109176079
v -0.0173205815 -5.33953482e-05 -0.0115525123
f 10129 10131 10130
v -0.0189533588 -0.0018478313 -0.0121625926
v -0.0200253227 0.000302256944 -0.0113045775
v -0.0199704737 -0.00150075748 -0.0123424979
f 10132 10134 10133
v -0.0184159391 -0.00633114541 -0.0120185796
v -0.0178886883 -0.00434563553 -0.0120019817
v -0.0201305927 -0.00518728884 -0.0117501404
f 10135 10137 10136
v -0.0196233974 -0.0112793772 -0.00833847298
v -0.0184908393 -0.0109214488 -0.00885661793
v -0.0201881834 -0.0104690102 -0.00883265529
f 10138 10140 10139
v -0.0213386607 -0.0116569026 -0.0109803907
v -0.0204168013 -0.0102962724 -0.0102165446
v -0.0211143983 -0.00863588502 -0.0112577574
f 10141 10143 10142
v -0.0201881834 -0.0104690102 -0.00883265529
v -0.0194938533 -0.00989906403 -0.010497836
v -0.0204168013 -0.0102962724 -0.0102165446
f 10144 10146 10145
v -0.0211143983 -0.00863588502 -0.0112577574
v -0.0201305927 -0.00518728884 -0.0117501404
v -0.0219999434 -0.00530284087 -0.0121423371
f 10147 10149 10148
v -0.0219999434 -0.00530284087 -0.0121423371
v -0.0238663575 -0.00062078343 -0.0121699777
v -0.0242329101 -0.00187081387 -0.0125311082
f 10150 10152 10151
v -0.0242329101 -0.00187081387 -0.0125311082
v -0.0238663575 -0.00062078343 -0.0121699777
v -0.0249973207 0.00194510867 -0.0136070215
f 10153 10155 10154
v -0.0252642727 -0.00531096266 -0.0129948428
v -0.0252375903 -0.00492951222 -0.0129397638
v -0.0252355298 -0.00492878244 -0.0129461696
f 10156 10158 10157
v -0.0279688742 0.00783749274 -0.00689579974
v -0.0285432063 0.00835165629 -0.00522886876
v -0.029442893 0.00591842945 -0.00662000311
f 10159 10161 10160
v -0.0307348877 0.00663188548 -0.00785994343
v -0.0298358966 0.00747996237 -0.00779968032
v -0.0308547314 0.00637915437 -0.00696085117
f 10162 10164 10163
v -0.0290166237 -0.00231312697 -0.0129570864
v -0.0303870096 -0.00271688896 -0.0111625748
v -0.0290401513 -0.00409406166 -0.0137072318
f 10165 10167 10166
v -0.0338439771 0.00165064357 -0.00557752537
v -0.0336491328 0.00186929228 -0.00602173641
v -0.0336414378 0.00186466023 -0.00601979445
f 10168 10170 10169
v -0.0336414378 0.00186466023 -0.00601979445
v -0.0336491328 0.00186929228 -0.00602173641
v -0.0353289855 -0.000299894168 -0.00461051313
f 10171 10173 10172
v -0.0346792018 -0.0007761304 -0.00557049098
v -0.0328749768 0.00245444189 -0.0070781869
v -0.0353289855 -0.000299894168 -0.00461051313
f 10174 10176 10175
v -0.0214146799 -0.0162960991 -0.0175081339
v -0.0214348504 -0.0162839729 -0.0175132154
v -0.0213601481 -0.0169074992 -0.0175319205
f 10177 10179 10178
v -0.0193927553 -0.0192070263 -0.0198281225
v -0.0196875786 -0.0187782032 -0.0198705908
v -0.0198980502 -0.018964638 -0.0190082123
f 10180 10182 10181
v -0.01947571 -0.0191869942 -0.0183659198
v -0.0198980502 -0.018964638 -0.0190082123
v -0.0199832983 -0.0188661405 -0.0180180185
f 10183 10185 10184
v -0.0197981281 -0.0182482865 -0.0187627244
v -0.0197980029 -0.0181919022 -0.018723734
v -0.0198122638 -0.0182397896 -0.0187662896
f 10186 10188 10187
v -0.0197981281 -0.0182482865 -0.0187627244
v -0.0197074711 -0.0176679503 -0.0184456672
v -0.0197980029 -0.0181919022 -0.018723734
f 10189 10191 10190
v -0.0214908665 -0.016614121 -0.0177989597
v -0.0215371983 -0.0165862468 -0.0178106362
v -0.0215258886 -0.0167127146 -0.0177323585
f 10192 10194 10193
v -0.0213071107 -0.0167835635 -0.0179917319
v -0.0214908665 -0.016614121 -0.0177989597
v -0.0215371983 -0.0165862468 -0.0178106362
f 10195 10197 10196
v -0.0213071107 -0.0167835635 -0.0179917319
v -0.0215371983 -0.0165862468 -0.0178106362
v -0.0216373301 -0.016804281 -0.0182016374
f 10198 10200 10199
v -0.0213071107 -0.0167835635 -0.0179917319
v -0.0216373301 -0.016804281 -0.0182016374
v -0.0215258886 -0.0167127146 -0.0177323585
f 10201 10203 10202
v 1.80228277e-06 -0.000756495456 0.0122411206
v -0.00013665923 -0.000803973762 0.0122611003
v -0.000166793347 -0.000794267908 0.0121304773
f 10204 10206 10205
v 1.80228277e-06 -0.000756495456 0.0122411206
v -0.000166793347 -0.000794267908 0.0121304773
v -0.000470914574 -7.46597095e-05 0.0112656882
f 10207 10209 10208
v -0.0204168013 -0.0102962724 -0.0102165446
v -0.0202469062 -0.0129937078 -0.00974143477
v -0.0198289956 -0.0118317701 -0.00942997431
f 10210 10212 10211
v -0.0226556222 -0.0144513717 -0.00940601967
v -0.0229833095 -0.0136409377 -0.00778541435
v -0.0210836151 -0.0140986711 -0.00882581589
f 10213 10215 10214
v -0.0276240637 -0.0133108275 -0.00604001652
v -0.0279939355 -0.0120893485 -0.00866088158
v -0.0290531287 -0.0127340041 -0.00674140247
f 10216 10218 10217
v -0.0244024341 -0.0149224303 -0.008193744
v -0.0226959979 -0.0148505103 -0.0102605954
v -0.0243030925 -0.0145215672 -0.0112308328
f 10219 10221 10220
v -0.0291268079 -0.00941061007 -0.0151261018
v -0.0308434566 -0.00724900456 -0.0145710103
v -0.0312787888 -0.0100061428 -0.0140425283
f 10222 10224 10223
v -0.0340950006 -0.00654182586 -0.0110965368
v -0.0329887844 -0.00580821725 -0.0124835613
v -0.0339600752 -0.00598342631 -0.00971578193
f 10225 10227 10226
v -0.0338357844 -0.00780928385 -0.0115014991
v -0.0342327374 -0.00690771776 -0.00935578573
v -0.0336868659 -0.0088712477 -0.00994830552
f 10228 10230 10229
v -0.0364249019 -0.00588633084 -0.00773282154
v -0.036313248 -0.00484537377 -0.00772273997
v -0.0376817014 -0.00494980195 -0.00569364129
f 10231 10233 10232
v -0.0325329253 0.00556415725 0.000403876356
v -0.0340390863 0.00326377922 0.000401809211
v -0.0335627876 0.00372701288 -0.00120471368
f 10234 10236 10235
v -0.0335627876 0.00372701288 -0.00120471368
v -0.0340390863 0.00326377922 0.000401809211
v -0.0354189629 0.000550987579 0.0004309411
f 10237 10239 10238
v -0.0353299169 -0.00155111156 -0.00220512047
v -0.0350738759 -0.00142350946 -0.00171705378
v -0.0373908435 -0.0038711707 -0.00068942195
f 10240 10242 10241
v -0.0372106297 -0.00662441089 -0.0011414546
v -0.0376678741 -0.00304151636 0.000424157179
v -0.0367697969 -0.00713107002 0.00043117343
f 10243 10245 10244
v -0.0188933744 -0.0139358453 -0.00506377692
v -0.0192012129 -0.0135271883 -0.00621015497
v -0.018899639 -0.0143220735 -0.00614748351
f 10246 10248 10247
v -0.0212375802 -0.0167948063 -0.00175952227
v -0.0231463579 -0.015953368 -0.00439821633
v -0.0232242281 -0.0154019304 -0.000883447774
f 10249 10251 10250
v 0.00246774598 -0.00824553208 0.00290116641
v 0.00206754885 -0.00887965725 0.00413625421
v 0.00255721898 -0.00655610129 0.00534697101
f 10252 10254 10253
v 0.00394160124 -0.00199338083 0.00489613376
v 0.00410746215 -0.00216699718 0.00314351892
v 0.00361798702 -0.00306143811 0.00299749445
f 10255 10257 10256
v -0.000470914574 -7.46597095e-05 0.0112656882
v 0.000366925542 -0.000961265778 0.0117326003
v 1.80228277e-06 -0.000756495456 0.0122411206
f 10258 10260 10259
v -0.000166793347 -0.000794267908 0.0121304773
v -0.00013665923 -0.000803973762 0.0122611003
v 0.000366925542 -0.000961265778 0.0117326003
f 10261 10263 10262
v -0.000527720613 -0.00125947436 0.0121725447
v -0.00013665923 -0.000803973762 0.0122611003
v -0.000166793347 -0.000794267908 0.0121304773
f 10264 10266 10265
v -0.0172336411 0.0189733502 0.0123490434
v -0.0174856992 0.0188966078 0.0125321967
v -0.0175153822 0.0189451835 0.0127870124
f 10267 10269 10268
v -0.0172336411 0.0189733502 0.0123490434
v -0.0175153822 0.0189451835 0.0127870124
v -0.0173655251 0.0191076033 0.0125775754
f 10270 10272 10271
v -0.000166793347 -0.000794267908 0.0121304773
v -0.00013665923 -0.000803973762 0.0122611003
v -0.000710689892 -0.000663098626 0.0126218045
f 10273 10275 10274
v -0.000710689892 -0.000663098626 0.0126218045
v -0.00013665923 -0.000803973762 0.0122611003
v -0.000527720613 -0.00125947436 0.0121725447
f 10276 10278 10277
v -0.000470914574 -7.46597095e-05 0.0112656882
v 0.00173230092 -0.000633981745 0.00796592067
v 0.000963425737 -0.00106988646 0.0112020272
f 10279 10281 10280
v -0.000527720613 -0.00125947436 0.0121725447
v 0.00090616395 -0.00111428963 0.0112219168
v 0.00114285795 -0.00125038487 0.0110650515
f 10282 10284 10283
v 0.000366925542 -0.000961265778 0.0117326003
v 0.000910274866 -0.00110449282 0.0112848924
v -0.000527720613 -0.00125947436 0.0121725447
f 10285 10287 10286
v 0.00090616395 -0.00111428963 0.0112219168
v 0.000910274866 -0.00110449282 0.0112848924
v 0.00114285795 -0.00125038487 0.0110650515
f 10288 10290 10289
v -0.000527720613 -0.00125947436 0.0121725447
v 0.000910274866 -0.00110449282 0.0112848924
v 0.00090616395 -0.00111428963 0.0112219168
f 10291 10293 10292
v 0.000366925542 -0.000961265778 0.0117326003
v 0.00090616395 -0.00111428963 0.0112219168
v 0.000910274866 -0.00110449282 0.0112848924
f 10294 10296 10295
v -0.00530695943 0.00533570274 0.010787919
v -0.00411526271 0.00251163274 0.0125932827
v -0.00431750195 0.00273307578 0.0125538616
f 10297 10299 10298
v -0.0031533109 0.00109163821 0.0130501343
v -0.00392193215 0.00194243694 0.0127162784
v -0.003922213 0.00195723042 0.0126848201
f 10300 10302 10301
v -0.00504946111 0.00028415086 0.0128625019
v -0.003922213 0.00195723042 0.0126848201
v -0.00392193215 0.00194243694 0.0127162784
f 10303 10305 10304
v -0.003922213 0.00195723042 0.0126848201
v -0.00392193215 0.00194243694 0.0127162784
v -0.003932248 0.0021799111 0.012673228
f 10306 10308 10307
v -0.00410047796 0.00230374917 0.0126630184
v -0.00414321985 0.00242218121 0.0126237108
v -0.003932248 0.0021799111 0.012673228
f 10309 10311 10310
v -0.00416603289 0.00244454786 0.0125744555
v -0.00414321985 0.00242218121 0.0126237108
v -0.00411526271 0.00251163274 0.0125932827
f 10312 10314 10313
v -0.00646774788 0.00364001644 0.0123175938
v -0.00504946111 0.00028415086 0.0128625019
v -0.00925468048 0.000637694347 0.0121573925
f 10315 10317 10316
v -0.00807092511 -0.000588405237 0.0130722678
v -0.00504946111 0.00028415086 0.0128625019
v -0.00753901477 -0.00163979585 0.0133083173
f 10318 10320 10319
v 0.00311500044 -0.00111527106 0.000400204908
v 0.00410746215 -0.00216699718 0.00314351892
v 0.00343979482 -0.0017457256 0.0061467792
f 10321 10323 10322
v 0.00296422677 -0.00183589436 0.00693803231
v 0.00297740207 -0.0018303992 0.00702308316
v 0.00343979482 -0.0017457256 0.0061467792
f 10324 10326 10325
v 0.00173230092 -0.000633981745 0.00796592067
v 0.00297740207 -0.0018303992 0.00702308316
v 0.00279274846 -0.00193564993 0.00762738127
f 10327 10329 10328
v -0.0174977191 0.0192831576 0.0129138934
v -0.017371359 0.0192117368 0.0128505548
v -0.0174252389 0.0194722423 0.013050632
f 10330 10332 10331
v -0.0175153822 0.0189451835 0.0127870124
v -0.0176941976 0.0191725747 0.0130671542
v -0.0174977191 0.0192831576 0.0129138934
f 10333 10335 10334
v -0.0175153822 0.0189451835 0.0127870124
v -0.0174977191 0.0192831576 0.0129138934
v -0.017371359 0.0192117368 0.0128505548
f 10336 10338 10337
v -0.0173655251 0.0191076033 0.0125775754
v -0.0178966147 0.0195000888 0.0130426692
v -0.0181114403 0.0192133855 0.0127495092
f 10339 10341 10340
v -0.0173655251 0.0191076033 0.0125775754
v -0.0181114403 0.0192133855 0.0127495092
v -0.0174856992 0.0188966078 0.0125321967
f 10342 10344 10343
v -0.017371359 0.0192117368 0.0128505548
v -0.0174977191 0.0192831576 0.0129138934
v -0.0178966147 0.0195000888 0.0130426692
f 10345 10347 10346
v -0.017371359 0.0192117368 0.0128505548
v -0.0178966147 0.0195000888 0.0130426692
v -0.0173655251 0.0191076033 0.0125775754
f 10348 10350 10349
v -0.0176941976 0.0191725747 0.0130671542
v -0.0180180767 0.0193423912 0.0130438741
v -0.0178966147 0.0195000888 0.0130426692
f 10351 10353 10352
v -0.0180180767 0.0193423912 0.0130438741
v -0.0181457304 0.0194168388 0.0130816712
v -0.0178966147 0.0195000888 0.0130426692
f 10354 10356 10355
v -0.0175153822 0.0189451835 0.0127870124
v -0.017371359 0.0192117368 0.0128505548
v -0.0173655251 0.0191076033 0.0125775754
f 10357 10359 10358
v -0.0174427332 0.0189053389 0.0121849778
v -0.0173627006 0.0185574172 0.0116720585
v -0.0172336411 0.0189733502 0.0123490434
f 10360 10362 10361
v -0.0178043847 0.0184519304 0.0122172933
v -0.0172781743 0.0188562655 0.0123067934
v -0.0173627006 0.0185574172 0.0116720585
f 10363 10365 10364
v -0.0174427332 0.0189053389 0.0121849778
v -0.0172781743 0.0188562655 0.0123067934
v -0.0178043847 0.0184519304 0.0122172933
f 10366 10368 10367
v -0.0172781743 0.0188562655 0.0123067934
v -0.0172336411 0.0189733502 0.0123490434
v -0.0173627006 0.0185574172 0.0116720585
f 10369 10371 10370
v -0.0176789719 0.0194409833 0.0131359935
v -0.0178966147 0.0195000888 0.0130426692
v -0.0174252389 0.0194722423 0.013050632
f 10372 10374 10373
v -0.0178274378 0.0195320492 0.0131801789
v -0.0176789719 0.0194409833 0.0131359935
v -0.0174252389 0.0194722423 0.013050632
f 10375 10377 10376
v -0.0181634168 0.0191327897 0.0129313907
v -0.0182917458 0.0192003208 0.0129753986
v -0.0183888129 0.019096653 0.012799658
f 10378 10380 10379
v -0.0181634168 0.0191327897 0.0129313907
v -0.0183888129 0.019096653 0.012799658
v -0.0181114403 0.0192133855 0.0127495092
f 10381 10383 10382
v -0.0182403659 0.0192739448 0.0130638044
v -0.0181457304 0.0194168388 0.0130816712
v -0.0180180767 0.0193423912 0.0130438741
f 10384 10386 10385
v -0.0181114403 0.0192133855 0.0127495092
v -0.0181457304 0.0194168388 0.0130816712
v -0.0182403659 0.0192739448 0.0130638044
f 10387 10389 10388
v -0.0181114403 0.0192133855 0.0127495092
v -0.0182403659 0.0192739448 0.0130638044
v -0.0182917458 0.0192003208 0.0129753986
f 10390 10392 10391
v -0.0181114403 0.0192133855 0.0127495092
v -0.0182917458 0.0192003208 0.0129753986
v -0.0181634168 0.0191327897 0.0129313907
f 10393 10395 10394
v -0.0181727723 0.0187595986 0.0127733481
v -0.0181634168 0.0191327897 0.0129313907
v -0.0182403659 0.0192739448 0.0130638044
f 10396 10398 10397
v -0.0176941976 0.0191725747 0.0130671542
v -0.0178966147 0.0195000888 0.0130426692
v -0.0178274378 0.0195320492 0.0131801789
f 10399 10401 10400
v -0.0178966147 0.0195000888 0.0130426692
v -0.0179912051 0.0196317473 0.0132321293
v -0.0178274378 0.0195320492 0.0131801789
f 10402 10404 10403
v -0.0181634168 0.0191327897 0.0129313907
v -0.0182917458 0.0192003208 0.0129753986
v -0.0182403659 0.0192739448 0.0130638044
f 10405 10407 10406
v -0.0180180767 0.0193423912 0.0130438741
v -0.0181114403 0.0192133855 0.0127495092
v -0.0178966147 0.0195000888 0.0130426692
f 10408 10410 10409
v -0.0172336411 0.0189733502 0.0123490434
v -0.0173655251 0.0191076033 0.0125775754
v -0.0182376229 0.0188369042 0.0123522244
f 10411 10413 10412
v -0.0172336411 0.0189733502 0.0123490434
v -0.0182376229 0.0188369042 0.0123522244
v -0.0174427332 0.0189053389 0.0121849778
f 10414 10416 10415
v -0.0178966147 0.0195000888 0.0130426692
v -0.0181457304 0.0194168388 0.0130816712
v -0.0180180767 0.0193423912 0.0130438741
f 10417 10419 10418
v -0.0174252389 0.0194722423 0.013050632
v -0.0178966147 0.0195000888 0.0130426692
v -0.0174977191 0.0192831576 0.0129138934
f 10420 10422 10421
v -0.0181727723 0.0187595986 0.0127733481
v -0.0176941976 0.0191725747 0.0130671542
v -0.0175153822 0.0189451835 0.0127870124
f 10423 10425 10424
v -0.0174427332 0.0189053389 0.0121849778
v -0.0174856992 0.0188966078 0.0125321967
v -0.0172781743 0.0188562655 0.0123067934
f 10426 10428 10427
v -0.0182376229 0.0188369042 0.0123522244
v -0.0174856992 0.0188966078 0.0125321967
v -0.0181114403 0.0192133855 0.0127495092
f 10429 10431 10430
v -0.0177955604 0.0205608143 0.0138339994
v -0.0178965391 0.0204632262 0.0137512892
v -0.0180191462 0.0205495613 0.0137839437
f 10432 10434 10433
v -0.0177955604 0.0205608143 0.0138339994
v -0.0180191462 0.0205495613 0.0137839437
v -0.0183512777 0.020657295 0.0140332122
f 10435 10437 10436
v -0.0195559915 0.0221729249 0.015786622
v -0.0194563007 0.0215672379 0.0159558782
v -0.0198275229 0.0214101485 0.0159212621
f 10438 10440 10439
v -0.0195559915 0.0221729249 0.015786622
v -0.0198275229 0.0214101485 0.0159212621
v -0.0195932225 0.0221602255 0.0156548922
f 10441 10443 10442
v -0.0180191462 0.0205495613 0.0137839437
v -0.0178965391 0.0204632262 0.0137512892
v -0.0180395917 0.0203303891 0.013698687
f 10444 10446 10445
v -0.0185323006 0.0192622887 0.0131090492
v -0.0180520088 0.0202487892 0.0136177434
v -0.018158101 0.0203153468 0.0136426679
f 10447 10449 10448
v -0.018158101 0.0203153468 0.0136426679
v -0.0180520088 0.0202487892 0.0136177434
v -0.0182366828 0.0205119082 0.0135147682
f 10450 10452 10451
v -0.0180191462 0.0205495613 0.0137839437
v -0.0178965391 0.0204632262 0.0137512892
v -0.0181357202 0.0209978709 0.0136450661
f 10453 10455 10454
v -0.0181357202 0.0209978709 0.0136450661
v -0.0177955604 0.0205608143 0.0138339994
v -0.0183512777 0.020657295 0.0140332122
f 10456 10458 10457
v -0.0183512777 0.020657295 0.0140332122
v -0.0180191462 0.0205495613 0.0137839437
v -0.0180395917 0.0203303891 0.013698687
f 10459 10461 10460
v -0.0182366828 0.0205119082 0.0135147682
v -0.0178965391 0.0204632262 0.0137512892
v -0.0180191462 0.0205495613 0.0137839437
f 10462 10464 10463
v -0.0180395917 0.0203303891 0.013698687
v -0.0178965391 0.0204632262 0.0137512892
v -0.0182366828 0.0205119082 0.0135147682
f 10465 10467 10466
v -0.0185109617 0.0196014138 0.013547219
v -0.0180520088 0.0202487892 0.0136177434
v -0.0185323006 0.0192622887 0.0131090492
f 10468 10470 10469
v -0.018158101 0.0203153468 0.0136426679
v -0.0180520088 0.0202487892 0.0136177434
v -0.0185109617 0.0196014138 0.013547219
f 10471 10473 10472
v -0.0175040244 0.0194171284 0.0131679408
v -0.0179912051 0.0196317473 0.0132321293
v -0.0174252389 0.0194722423 0.013050632
f 10474 10476 10475
v -0.0195932225 0.0221602255 0.0156548922
v -0.0195559915 0.0221729249 0.015786622
v -0.0196847453 0.0224016621 0.0153842702
f 10477 10479 10478
v -0.0192514533 0.0205906807 0.0162507204
v -0.0193162414 0.0207205812 0.0161368953
v -0.0193805507 0.0206969737 0.0159877178
f 10480 10482 10481
v -0.0192514533 0.0205906807 0.0162507204
v -0.0193805507 0.0206969737 0.0159877178
v -0.0192444451 0.0206584358 0.0159483345
f 10483 10485 10484
v -0.0197722358 0.0225019903 0.0154230889
v -0.0195932225 0.0221602255 0.0156548922
v -0.0198275229 0.0214101485 0.0159212621
f 10486 10488 10487
v -0.0192444451 0.0206584358 0.0159483345
v -0.0193162414 0.0207205812 0.0161368953
v -0.0193955813 0.0210002938 0.0161261676
f 10489 10491 10490
v -0.0193162414 0.0207205812 0.0161368953
v -0.0194717883 0.0208458645 0.0160137948
v -0.0193955813 0.0210002938 0.0161261676
f 10492 10494 10493
v -0.0193805507 0.0206969737 0.0159877178
v -0.0193162414 0.0207205812 0.0161368953
v -0.0192444451 0.0206584358 0.0159483345
f 10495 10497 10496
v -0.0194608336 0.0209777063 0.0159830088
v -0.0193955813 0.0210002938 0.0161261676
v -0.0194563007 0.0215672379 0.0159558782
f 10498 10500 10499
v -0.016814188 0.0195517277 0.00807491451
v -0.0170135128 0.0193214917 0.0082289218
v -0.0169406849 0.019459243 0.00795852175
f 10501 10503 10502
v -0.016814188 0.0195517277 0.00807491451
v -0.0169406849 0.019459243 0.00795852175
v -0.0169023668 0.0195426517 0.00793419604
f 10504 10506 10505
v -0.0198525639 0.0224642383 0.0143358076
v -0.0193596803 0.0224256946 0.0139775366
v -0.0193827203 0.0224449017 0.0140920019
f 10507 10509 10508
v -0.0195029235 0.0221000286 0.0134216942
v -0.0193867818 0.0223745868 0.0139923999
v -0.0198525639 0.0224642383 0.0143358076
f 10510 10512 10511
v -0.0198525639 0.0224642383 0.0143358076
v -0.0196847453 0.0224016621 0.0153842702
v -0.0197722358 0.0225019903 0.0154230889
f 10513 10515 10514
v -0.0217982451 0.0207015095 0.0120965247
v -0.0207684832 0.0206523153 0.0121977173
v -0.0204052383 0.0221231312 0.0132046203
f 10516 10518 10517
v -0.0167110222 0.0193517481 0.00814855084
v -0.0166829894 0.0194694148 0.00813270381
v -0.0167827602 0.0189873521 0.00800919297
f 10519 10521 10520
v -0.0167110222 0.0193517481 0.00814855084
v -0.0166829894 0.0194694148 0.00813270381
v -0.0165706631 0.0194144406 0.00826005198
f 10522 10524 10523
v -0.016814188 0.0195517277 0.00807491451
v -0.0169023668 0.0195426517 0.00793419604
v -0.0167827602 0.0189873521 0.00800919297
f 10525 10527 10526
v -0.016814188 0.0195517277 0.00807491451
v -0.0167827602 0.0189873521 0.00800919297
v -0.0166829894 0.0194694148 0.00813270381
f 10528 10530 10529
v -0.0166829894 0.0194694148 0.00813270381
v -0.0167110222 0.0193517481 0.00814855084
v -0.0170135128 0.0193214917 0.0082289218
f 10531 10533 10532
v -0.0166829894 0.0194694148 0.00813270381
v -0.0170135128 0.0193214917 0.0082289218
v -0.016814188 0.0195517277 0.00807491451
f 10534 10536 10535
v -0.0167018457 0.0183139768 0.0105077947
v -0.0167288119 0.018294745 0.0103432729
v -0.0167879363 0.0182449687 0.0103437567
f 10537 10539 10538
v -0.0167018457 0.0183139768 0.0105077947
v -0.0167879363 0.0182449687 0.0103437567
v -0.0168334416 0.0183183525 0.0107135595
f 10540 10542 10541
v -0.0163850054 0.0184754244 0.0103798178
v -0.0160047217 0.0183510507 0.0100733952
v -0.0161952848 0.018350569 0.0107597982
f 10543 10545 10544
v -0.01604024 0.0183616023 0.00994528891
v -0.0160047217 0.0183510507 0.0100733952
v -0.0163850054 0.0184754244 0.0103798178
f 10546 10548 10547
v -0.016758962 0.018021508 0.0101539743
v -0.0163745062 0.0182041651 0.0100989382
v -0.0162281023 0.0181284326 0.00990219123
f 10549 10551 10550
v -0.0167288119 0.018294745 0.0103432729
v -0.0167018457 0.0183139768 0.0105077947
v -0.0161952848 0.018350569 0.0107597982
f 10552 10554 10553
v -0.0161952848 0.018350569 0.0107597982
v -0.016758962 0.018021508 0.0101539743
v -0.0168936967 0.0182124277 0.0101876903
f 10555 10557 10556
v -0.0161952848 0.018350569 0.0107597982
v -0.0168936967 0.0182124277 0.0101876903
v -0.0167879363 0.0182449687 0.0103437567
f 10558 10560 10559
v -0.0160595169 0.0184759367 0.00928240479
v -0.0166085912 0.0183423326 0.0101357589
v -0.0168936967 0.0182124277 0.0101876903
f 10561 10563 10562
v -0.0162281023 0.0181284326 0.00990219123
v -0.0163319855 0.0183274838 0.0100391015
v -0.0162972501 0.0183110227 0.010161825
f 10564 10566 10565
v -0.0172198997 0.0183780125 0.011236994
v -0.0179766852 0.0184757533 0.0112882663
v -0.0174463581 0.0183867116 0.0112927759
f 10567 10569 10568
v -0.0172198997 0.0183780125 0.011236994
v -0.0174463581 0.0183867116 0.0112927759
v -0.017319544 0.0183366152 0.011246917
f 10570 10572 10571
v -0.0163319855 0.0183274838 0.0100391015
v -0.0162972501 0.0183110227 0.010161825
v -0.0166085912 0.0183423326 0.0101357589
f 10573 10575 10574
v -0.0166085912 0.0183423326 0.0101357589
v -0.0161952848 0.018350569 0.0107597982
v -0.0163745062 0.0182041651 0.0100989382
f 10576 10578 10577
v -0.0166085912 0.0183423326 0.0101357589
v -0.0163745062 0.0182041651 0.0100989382
v -0.016758962 0.018021508 0.0101539743
f 10579 10581 10580
v -0.0160047217 0.0183510507 0.0100733952
v -0.01604024 0.0183616023 0.00994528891
v -0.0162281023 0.0181284326 0.00990219123
f 10582 10584 10583
v -0.0160047217 0.0183510507 0.0100733952
v -0.0162281023 0.0181284326 0.00990219123
v -0.0161952848 0.018350569 0.0107597982
f 10585 10587 10586
v -0.0174339177 0.0182182484 0.0104067833
v -0.017319544 0.0183366152 0.011246917
v -0.0174463581 0.0183867116 0.0112927759
f 10588 10590 10589
v -0.0176436879 0.0181972035 0.0105082159
v -0.0160595169 0.0184759367 0.00928240479
v -0.0174339177 0.0182182484 0.0104067833
f 10591 10593 10592
v -0.0169534425 0.0183341341 0.0104670842
v -0.0170378422 0.0182497868 0.0102287806
v -0.0166085912 0.0183423326 0.0101357589
f 10594 10596 10595
v -0.0163850054 0.0184754244 0.0103798178
v -0.0162972501 0.0183110227 0.010161825
v -0.0163319855 0.0183274838 0.0100391015
f 10597 10599 10598
v -0.0163850054 0.0184754244 0.0103798178
v -0.0163319855 0.0183274838 0.0100391015
v -0.0160595169 0.0184759367 0.00928240479
f 10600 10602 10601
v -0.016758962 0.018021508 0.0101539743
v -0.0174339177 0.0182182484 0.0104067833
v -0.0170378422 0.0182497868 0.0102287806
f 10603 10605 10604
v -0.016758962 0.018021508 0.0101539743
v -0.0170378422 0.0182497868 0.0102287806
v -0.0168936967 0.0182124277 0.0101876903
f 10606 10608 10607
v -0.0163850054 0.0184754244 0.0103798178
v -0.0166085912 0.0183423326 0.0101357589
v -0.0162972501 0.0183110227 0.010161825
f 10609 10611 10610
v -0.0168936967 0.0182124277 0.0101876903
v -0.0170378422 0.0182497868 0.0102287806
v -0.0174339177 0.0182182484 0.0104067833
f 10612 10614 10613
v -0.0167879363 0.0182449687 0.0103437567
v -0.0168936967 0.0182124277 0.0101876903
v -0.0170378422 0.0182497868 0.0102287806
f 10615 10617 10616
v -0.0167879363 0.0182449687 0.0103437567
v -0.0170378422 0.0182497868 0.0102287806
v -0.0169534425 0.0183341341 0.0104670842
f 10618 10620 10619
v -0.0166783328 0.0183279801 0.0106543754
v -0.0168334416 0.0183183525 0.0107135595
v -0.0169534425 0.0183341341 0.0104670842
f 10621 10623 10622
v -0.0166783328 0.0183279801 0.0106543754
v -0.0169534425 0.0183341341 0.0104670842
v -0.0167018457 0.0183139768 0.0105077947
f 10624 10626 10625
v -0.0166085912 0.0183423326 0.0101357589
v -0.0170378422 0.0182497868 0.0102287806
v -0.0168936967 0.0182124277 0.0101876903
f 10627 10629 10628
v -0.0161952848 0.018350569 0.0107597982
v -0.0167018457 0.0183139768 0.0105077947
v -0.0166783328 0.0183279801 0.0106543754
f 10630 10632 10631
v -0.016896725 0.0179718365 0.00893853794
v -0.0167072605 0.0186743797 0.00856585466
v -0.0166525322 0.018793116 0.00850943979
f 10633 10635 10634
v -0.016896725 0.0179718365 0.00893853794
v -0.0166525322 0.018793116 0.00850943979
v -0.0164129102 0.019067814 0.00852229641
f 10636 10638 10637
v -0.0165455174 0.0190923427 0.0083961073
v -0.016561865 0.0193515807 0.00818848639
v -0.0167827602 0.0189873521 0.00800919297
f 10639 10641 10640
v -0.0165455174 0.0190923427 0.0083961073
v -0.0167827602 0.0189873521 0.00800919297
v -0.0165971273 0.0189445665 0.00844681999
f 10642 10644 10643
v -0.0170135128 0.0193214917 0.0082289218
v -0.0166525322 0.018793116 0.00850943979
v -0.0167072605 0.0186743797 0.00856585466
f 10645 10647 10646
v -0.0167827602 0.0189873521 0.00800919297
v -0.0167072605 0.0186743797 0.00856585466
v -0.0166525322 0.018793116 0.00850943979
f 10648 10650 10649
v -0.017196557 0.0178975519 0.00952264527
v -0.0165269113 0.018223541 0.00900958767
v -0.0160595169 0.0184759367 0.00928240479
f 10651 10653 10652
v -0.0167864811 0.0180354225 0.00860109722
v -0.0165269113 0.018223541 0.00900958767
v -0.016896725 0.0179718365 0.00893853794
f 10654 10656 10655
v -0.016896725 0.0179718365 0.00893853794
v -0.0165269113 0.018223541 0.00900958767
v -0.017196557 0.0178975519 0.00952264527
f 10657 10659 10658
v -0.0179766852 0.0184757533 0.0112882663
v -0.0176436879 0.0181972035 0.0105082159
v -0.0174339177 0.0182182484 0.0104067833
f 10660 10662 10661
v -0.0179766852 0.0184757533 0.0112882663
v -0.0174339177 0.0182182484 0.0104067833
v -0.0174463581 0.0183867116 0.0112927759
f 10663 10665 10664
v -0.015971523 0.018291692 0.00985300212
v -0.01604024 0.0183616023 0.00994528891
v -0.0160047217 0.0183510507 0.0100733952
f 10666 10668 10667
v -0.0176651985 0.0196990964 0.00487266552
v -0.0171116088 0.0196879788 0.00747664526
v -0.0176406436 0.0200662573 0.00624699096
f 10669 10671 10670
v -0.0165883626 0.0186560326 0.00479292066
v -0.0171116088 0.0196879788 0.00747664526
v -0.0176651985 0.0196990964 0.00487266552
f 10672 10674 10673
v -0.0183575801 0.0206037279 0.00458621362
v -0.0176406436 0.0200662573 0.00624699096
v -0.0189788974 0.0203843869 0.00480060153
f 10675 10677 10676
v -0.0190853738 0.0193711647 0.0160325028
v -0.0190414954 0.0194193082 0.0159446005
v -0.0191425526 0.0190963037 0.0158712937
f 10678 10680 10679
v -0.0190853738 0.0193711647 0.0160325028
v -0.0191425526 0.0190963037 0.0158712937
v -0.0190961451 0.0191074592 0.0160242547
f 10681 10683 10682
v -0.0171116088 0.0196879788 0.00747664526
v -0.0169406849 0.019459243 0.00795852175
v -0.0169023668 0.0195426517 0.00793419604
f 10684 10686 10685
v -0.0197030749 0.0217747496 0.000303696174
v -0.0183008189 0.0212929255 0.00331107221
v -0.0206216675 0.0209819336 0.00193461619
f 10687 10689 10688
v -0.00960090256 0.00814610612 0.0113813854
v -0.012286198 0.00904407716 0.0124494894
v -0.0133199501 0.0113501228 0.0115559065
f 10690 10692 10691
v -0.0155254922 0.0107042746 0.0136839109
v -0.0156215639 0.0112933863 0.0137123745
v -0.0153402667 0.0107879736 0.0136159273
f 10693 10695 10694
v -0.0156327966 0.0112977752 0.013627726
v -0.0156215639 0.0112933863 0.0137123745
v -0.0155253249 0.0116286988 0.0135018025
f 10696 10698 10697
v -0.0152950175 0.0102861479 0.0136811548
v -0.0152857174 0.0102876795 0.013725835
v -0.0153402667 0.0107879736 0.0136159273
f 10699 10701 10700
v -0.00642061059 0.00430717009 0.0123963808
v -0.00645190594 0.0042527161 0.0124710379
v -0.00655407639 0.00464055775 0.0123398902
f 10702 10704 10703
v -0.00530695943 0.00533570274 0.010787919
v -0.00655407639 0.00464055775 0.0123398902
v -0.00719657983 0.00504953096 0.012180733
f 10705 10707 10706
v -0.00646774788 0.00364001644 0.0123175938
v -0.00642061059 0.00430717009 0.0123963808
v -0.00645190594 0.0042527161 0.0124710379
f 10708 10710 10709
v -0.0129913213 0.00317809208 0.0128315791
v -0.0100869263 0.00420333963 0.0130406668
v -0.010318109 0.00167236358 0.0122054262
f 10711 10713 10712
v -0.0143170168 0.00204870958 0.0133336987
v -0.010318109 0.00167236358 0.0122054262
v -0.0128764499 -0.000383526094 0.0131708424
f 10714 10716 10715
v -0.012286198 0.00904407716 0.0124494894
v -0.0127553823 0.0068324669 0.0132065965
v -0.0142866484 0.00768276514 0.0131758687
f 10717 10719 10718
v -0.0106422631 0.0120510282 0.00535037798
v -0.0074988784 0.0090653848 0.00394246817
v -0.00802634822 0.00896112033 0.00644674219
f 10720 10722 10721
v -0.0168776649 0.00310567484 0.012995553
v -0.016096975 0.00310904397 0.0120169272
v -0.016940113 0.00293609337 0.0117258933
f 10723 10725 10724
v -0.0192422638 0.0201207338 0.0159879535
v -0.0191858649 0.0201429852 0.0161424541
v -0.0192444451 0.0206584358 0.0159483345
f 10726 10728 10727
v -0.0193109227 0.0196699475 0.0158181821
v -0.0191745872 0.0198424314 0.0159822783
v -0.0191268744 0.0198615395 0.016133234
f 10729 10731 10730
v -0.0191745872 0.0198424314 0.0159822783
v -0.0191268744 0.0198615395 0.016133234
v -0.0191574538 0.0200273644 0.0159647781
f 10732 10734 10733
v -0.0191693412 0.0199710121 0.0161322561
v -0.0191858649 0.0201429852 0.0161424541
v -0.0191574538 0.0200273644 0.0159647781
f 10735 10737 10736
v -0.0192108346 0.0198283349 0.0158430339
v -0.0193109227 0.0196699475 0.0158181821
v -0.0191693412 0.0199710121 0.0161322561
f 10738 10740 10739
v -0.0192108346 0.0198283349 0.0158430339
v -0.0191745872 0.0198424314 0.0159822783
v -0.0191574538 0.0200273644 0.0159647781
f 10741 10743 10742
v -0.0191012834 0.0186923004 0.0154864771
v -0.0191695071 0.018431613 0.0158935203
v -0.0191909756 0.0186216741 0.0159138523
f 10744 10746 10745
v -0.0192248146 0.0186053527 0.0157546776
v -0.0191909756 0.0186216741 0.0159138523
v -0.0191706698 0.0188508289 0.0159641902
f 10747 10749 10748
v -0.0191425526 0.0190963037 0.0158712937
v -0.0190961451 0.0191074592 0.0160242547
v -0.0191706698 0.0188508289 0.0159641902
f 10750 10752 10751
v -0.0191425526 0.0190963037 0.0158712937
v -0.0191706698 0.0188508289 0.0159641902
v -0.0193803222 0.0188867678 0.015836535
f 10753 10755 10754
v -0.0191412109 0.0195397733 0.0158295181
v -0.0191109066 0.019555162 0.0159949006
v -0.0193109227 0.0196699475 0.0158181821
f 10756 10758 10757
v -0.0191109066 0.019555162 0.0159949006
v -0.0190853738 0.0193711647 0.0160325028
v -0.0193109227 0.0196699475 0.0158181821
f 10759 10761 10760
v -0.0190853738 0.0193711647 0.0160325028
v -0.0191109066 0.019555162 0.0159949006
v -0.0190414954 0.0194193082 0.0159446005
f 10762 10764 10763
v -0.0190961451 0.0191074592 0.0160242547
v -0.0191425526 0.0190963037 0.0158712937
v -0.0191012834 0.0186923004 0.0154864771
f 10765 10767 10766
v -0.0190961451 0.0191074592 0.0160242547
v -0.0191012834 0.0186923004 0.0154864771
v -0.0191706698 0.0188508289 0.0159641902
f 10768 10770 10769
v -0.0181291049 0.0185612997 0.0124954153
v -0.0181935451 0.0184966426 0.0123118545
v -0.0182508797 0.0183963915 0.0123402162
f 10771 10773 10772
v -0.0181291049 0.0185612997 0.0124954153
v -0.0182508797 0.0183963915 0.0123402162
v -0.0181704236 0.0182438598 0.0124080572
f 10774 10776 10775
v -0.0193333588 0.0178868286 0.0156806578
v -0.0192508538 0.0181393101 0.0157714792
v -0.0192188629 0.018019267 0.0157209608
f 10777 10779 10778
v -0.0200724942 0.0180894669 0.0152896217
v -0.0191909756 0.0186216741 0.0159138523
v -0.0191695071 0.018431613 0.0158935203
f 10780 10782 10781
v -0.0178043847 0.0184519304 0.0122172933
v -0.0181704236 0.0182438598 0.0124080572
v -0.0182508797 0.0183963915 0.0123402162
f 10783 10785 10784
v -0.0178043847 0.0184519304 0.0122172933
v -0.0182508797 0.0183963915 0.0123402162
v -0.0181935451 0.0184966426 0.0123118545
f 10786 10788 10787
v -0.0179001421 0.0181615003 0.0117672083
v -0.0181935451 0.0184966426 0.0123118545
v -0.0182508797 0.0183963915 0.0123402162
f 10789 10791 10790
v -0.0179001421 0.0181615003 0.0117672083
v -0.0182508797 0.0183963915 0.0123402162
v -0.018447917 0.0183893586 0.0122261321
f 10792 10794 10793
v -0.018447917 0.0183893586 0.0122261321
v -0.0181704236 0.0182438598 0.0124080572
v -0.0179001421 0.0181615003 0.0117672083
f 10795 10797 10796
v -0.0181727723 0.0187595986 0.0127733481
v -0.0183299737 0.0188134247 0.0127872394
v -0.0185323006 0.0192622887 0.0131090492
f 10798 10800 10799
v -0.0183299737 0.0188134247 0.0127872394
v -0.0183888129 0.019096653 0.012799658
v -0.0185323006 0.0192622887 0.0131090492
f 10801 10803 10802
v -0.0192188629 0.018019267 0.0157209608
v -0.0193563887 0.017648768 0.015524312
v -0.0193333588 0.0178868286 0.0156806578
f 10804 10806 10805
v -0.0193563887 0.017648768 0.015524312
v -0.0193209053 0.0176628237 0.0156206283
v -0.0193333588 0.0178868286 0.0156806578
f 10807 10809 10808
v -0.018447917 0.0183893586 0.0122261321
v -0.0182508797 0.0183963915 0.0123402162
v -0.0182376229 0.0188369042 0.0123522244
f 10810 10812 10811
v -0.0181704236 0.0182438598 0.0124080572
v -0.0182376229 0.0188369042 0.0123522244
v -0.0181291049 0.0185612997 0.0124954153
f 10813 10815 10814
v -0.0190456994 0.0171581851 0.015095956
v -0.0185362966 0.0165088772 0.0150986045
v -0.0192851046 0.0169959094 0.0154623965
f 10816 10818 10817
v -0.0193160464 0.0174443267 0.0154819543
v -0.0194323133 0.017164959 0.0153883448
v -0.0194082881 0.0171846463 0.01544267
f 10819 10821 10820
v -0.0193160464 0.0174443267 0.0154819543
v -0.0194082881 0.0171846463 0.01544267
v -0.0193744534 0.0174384913 0.015547665
f 10822 10824 10823
v -0.0193160464 0.0174443267 0.0154819543
v -0.0192188629 0.018019267 0.0157209608
v -0.0191012834 0.0186923004 0.0154864771
f 10825 10827 10826
v -0.0193744534 0.0174384913 0.015547665
v -0.0194323133 0.017164959 0.0153883448
v -0.0192851046 0.0169959094 0.0154623965
f 10828 10830 10829
v -0.0194082881 0.0171846463 0.01544267
v -0.0194323133 0.017164959 0.0153883448
v -0.0190456994 0.0171581851 0.015095956
f 10831 10833 10832
v -0.0194082881 0.0171846463 0.01544267
v -0.0190456994 0.0171581851 0.015095956
v -0.0192851046 0.0169959094 0.0154623965
f 10834 10836 10835
v -0.0193744534 0.0174384913 0.015547665
v -0.0193209053 0.0176628237 0.0156206283
v -0.0193160464 0.0174443267 0.0154819543
f 10837 10839 10838
v -0.0191695071 0.018431613 0.0158935203
v -0.0191012834 0.0186923004 0.0154864771
v -0.0192864914 0.0181260795 0.0156652939
f 10840 10842 10841
v -0.0191695071 0.018431613 0.0158935203
v -0.0192864914 0.0181260795 0.0156652939
v -0.0192508538 0.0181393101 0.0157714792
f 10843 10845 10844
v -0.0172448505 0.0140192584 0.0145988102
v -0.0172162676 0.0140198652 0.0147288054
v -0.0172268512 0.014373695 0.0143820624
f 10846 10848 10847
v -0.01709403 0.013813829 0.014703683
v -0.0172162676 0.0140198652 0.0147288054
v -0.0167313949 0.0134936083 0.0143771118
f 10849 10851 10850
v -0.0172268512 0.014373695 0.0143820624
v -0.017810805 0.0149076644 0.0142770441
v -0.0178173403 0.0149062515 0.0142482837
f 10852 10854 10853
v -0.0176370522 0.0145067112 0.0144101301
v -0.017810805 0.0149076644 0.0142770441
v -0.0172268512 0.014373695 0.0143820624
f 10855 10857 10856
v -0.0178173403 0.0149062515 0.0142482837
v -0.017810805 0.0149076644 0.0142770441
v -0.0175396053 0.0152217923 0.0140776596
f 10858 10860 10859
v -0.0178173403 0.0149062515 0.0142482837
v -0.0176370522 0.0145067112 0.0144101301
v -0.0178857284 0.0141388417 0.0138107338
f 10861 10863 10862
v -0.0178857284 0.0141388417 0.0138107338
v -0.0179747149 0.015605372 0.0145739061
v -0.0175396053 0.0152217923 0.0140776596
f 10864 10866 10865
v -0.0203958436 0.0162149285 0.0145623024
v -0.0200724942 0.0180894669 0.0152896217
v -0.0192851046 0.0169959094 0.0154623965
f 10867 10869 10868
v -0.0192415871 0.020436701 0.0161490578
v -0.0193034954 0.0204145457 0.0159907824
v -0.0205295495 0.0199305432 0.0149492495
f 10870 10872 10871
v -0.0192415871 0.020436701 0.0161490578
v -0.0205295495 0.0199305432 0.0149492495
v -0.0192514533 0.0205906807 0.0162507204
f 10873 10875 10874
v -0.016994444 0.0172264932 0.0104070576
v -0.017161858 0.0175571156 0.0103065009
v -0.0171307853 0.0176767149 0.0102494567
f 10876 10878 10877
v -0.016994444 0.0172264932 0.0104070576
v -0.0171307853 0.0176767149 0.0102494567
v -0.016758962 0.018021508 0.0101539743
f 10879 10881 10880
v -0.0192361942 0.0203098505 0.0161145523
v -0.0192415871 0.020436701 0.0161490578
v -0.0192444451 0.0206584358 0.0159483345
f 10882 10884 10883
v -0.0169384963 0.0169992345 0.0104268445
v -0.0169249106 0.0170709071 0.0103892155
v -0.016994444 0.0172264932 0.0104070576
f 10885 10887 10886
v -0.0169384963 0.0169992345 0.0104268445
v -0.016994444 0.0172264932 0.0104070576
v -0.0172812754 0.0167691003 0.010475923
f 10888 10890 10889
v -0.0174262939 0.0179761992 0.0104458595
v -0.0176910165 0.0181257157 0.0110189008
v -0.0179001421 0.0181615003 0.0117672083
f 10891 10893 10892
v -0.0169384963 0.0169992345 0.0104268445
v -0.0169249106 0.0170709071 0.0103892155
v -0.0168421306 0.0172109678 0.0100532066
f 10894 10896 10895
v -0.016994444 0.0172264932 0.0104070576
v -0.0169249106 0.0170709071 0.0103892155
v -0.0170524538 0.0171576947 0.0106189807
f 10897 10899 10898
v -0.0162281023 0.0181284326 0.00990219123
v -0.0160595169 0.0184759367 0.00928240479
v -0.0168421306 0.0172109678 0.0100532066
f 10900 10902 10901
v -0.0162281023 0.0181284326 0.00990219123
v -0.0168421306 0.0172109678 0.0100532066
v -0.016994444 0.0172264932 0.0104070576
f 10903 10905 10904
v -0.0172459462 0.0172527914 0.0105962325
v -0.0172062748 0.0173701686 0.0105404753
v -0.0170524538 0.0171576947 0.0106189807
f 10906 10908 10907
v -0.0172459462 0.0172527914 0.0105962325
v -0.0170524538 0.0171576947 0.0106189807
v -0.0175713474 0.01778796 0.0110335692
f 10909 10911 10910
v -0.0174262939 0.0179761992 0.0104458595
v -0.016758962 0.018021508 0.0101539743
v -0.017354147 0.0175231835 0.0105547508
f 10912 10914 10913
v -0.0174262939 0.0179761992 0.0104458595
v -0.017161858 0.0175571156 0.0103065009
v -0.0171307853 0.0176767149 0.0102494567
f 10915 10917 10916
v -0.0176436879 0.0181972035 0.0105082159
v -0.017715276 0.01804325 0.0110482659
v -0.0174262939 0.0179761992 0.0104458595
f 10918 10920 10919
v -0.017354147 0.0175231835 0.0105547508
v -0.016994444 0.0172264932 0.0104070576
v -0.0172459462 0.0172527914 0.0105962325
f 10921 10923 10922
v -0.0168132785 0.0174001078 0.00968719251
v -0.0169465915 0.0174540546 0.00929671078
v -0.0167247141 0.0172501634 0.00964930077
f 10924 10926 10925
v -0.0168132785 0.0174001078 0.00968719251
v -0.0167247141 0.0172501634 0.00964930077
v -0.016739819 0.0173786073 0.00968195382
f 10927 10929 10928
v -0.016739819 0.0173786073 0.00968195382
v -0.0167247141 0.0172501634 0.00964930077
v -0.0168577826 0.0170027546 0.0098601151
f 10930 10932 10931
v -0.016739819 0.0173786073 0.00968195382
v -0.0168577826 0.0170027546 0.0098601151
v -0.0168132785 0.0174001078 0.00968719251
f 10933 10935 10934
v -0.017196557 0.0178975519 0.00952264527
v -0.0167424791 0.0175357258 0.00953191266
v -0.0169465915 0.0174540546 0.00929671078
f 10936 10938 10937
v -0.017196557 0.0178975519 0.00952264527
v -0.0169465915 0.0174540546 0.00929671078
v -0.016896725 0.0179718365 0.00893853794
f 10939 10941 10940
v -0.0167424791 0.0175357258 0.00953191266
v -0.0168132785 0.0174001078 0.00968719251
v -0.016739819 0.0173786073 0.00968195382
f 10942 10944 10943
v -0.0167424791 0.0175357258 0.00953191266
v -0.0168421306 0.0172109678 0.0100532066
v -0.0160595169 0.0184759367 0.00928240479
f 10945 10947 10946
v -0.0168577826 0.0170027546 0.0098601151
v -0.0167247141 0.0172501634 0.00964930077
v -0.0168421306 0.0172109678 0.0100532066
f 10948 10950 10949
v -0.017196557 0.0178975519 0.00952264527
v -0.0168132785 0.0174001078 0.00968719251
v -0.0167424791 0.0175357258 0.00953191266
f 10951 10953 10952
v -0.0169249106 0.0170709071 0.0103892155
v -0.0169384963 0.0169992345 0.0104268445
v -0.0172812754 0.0167691003 0.010475923
f 10954 10956 10955
v -0.0169249106 0.0170709071 0.0103892155
v -0.0172812754 0.0167691003 0.010475923
v -0.0168421306 0.0172109678 0.0100532066
f 10957 10959 10958
v -0.0187076308 0.0151639033 0.0100687568
v -0.0201006973 0.0141154072 0.00925472414
v -0.0169465915 0.0174540546 0.00929671078
f 10960 10962 10961
v -0.0231033438 0.0124748927 0.00891091986
v -0.0234331193 0.0130137225 0.00855533435
v -0.0234042673 0.0130681219 0.00853951205
f 10963 10965 10964
v -0.0231033438 0.0124748927 0.00891091986
v -0.0234042673 0.0130681219 0.00853951205
v -0.0229460464 0.0133711612 0.00821177455
f 10966 10968 10967
v -0.0205944423 0.0166282349 0.0111914545
v -0.0172812754 0.0167691003 0.010475923
v -0.0196974885 0.0176667454 0.0111363523
f 10969 10971 10970
v -0.020202712 0.0176761372 0.0115623428
v -0.0205944423 0.0166282349 0.0111914545
v -0.0196974885 0.0176667454 0.0111363523
f 10972 10974 10973
v -0.0234042673 0.0130681219 0.00853951205
v -0.0234331193 0.0130137225 0.00855533435
v -0.0235801781 0.0128023312 0.00817035907
f 10975 10977 10976
v -0.0234042673 0.0130681219 0.00853951205
v -0.0235801781 0.0128023312 0.00817035907
v -0.0229460464 0.0133711612 0.00821177455
f 10978 10980 10979
v -0.0234042673 0.0130681219 0.00853951205
v -0.0238274937 0.0144274134 0.00843930902
v -0.0244204683 0.0129681503 0.00872356104
f 10981 10983 10982
v -0.0234042673 0.0130681219 0.00853951205
v -0.0244204683 0.0129681503 0.00872356104
v -0.0234331193 0.0130137225 0.00855533435
f 10984 10986 10985
v -0.0235801781 0.0128023312 0.00817035907
v -0.0242057053 0.0138922071 0.00634791577
v -0.0229460464 0.0133711612 0.00821177455
f 10987 10989 10988
v -0.0242057053 0.0138922071 0.00634791577
v -0.0220455026 0.0145739818 0.00835765823
v -0.0229460464 0.0133711612 0.00821177455
f 10990 10992 10991
v -0.0257207226 0.0140799064 0.00184680848
v -0.024679277 0.0163901204 0.00135289392
v -0.0256844796 0.0141730125 0.00212928353
f 10993 10995 10994
v -0.0257207226 0.0140799064 0.00184680848
v -0.0256844796 0.0141730125 0.00212928353
v -0.0256788131 0.0141695971 0.00212786617
f 10996 10998 10997
v -0.0179766852 0.0184757533 0.0112882663
v -0.017715276 0.01804325 0.0110482659
v -0.0176910165 0.0181257157 0.0110189008
f 10999 11001 11000
v -0.0176436879 0.0181972035 0.0105082159
v -0.0179766852 0.0184757533 0.0112882663
v -0.0176910165 0.0181257157 0.0110189008
f 11002 11004 11003
v -0.0256788131 0.0141695971 0.00212786617
v -0.0256844796 0.0141730125 0.00212928353
v -0.0251946592 0.0138917298 0.0027500113
f 11005 11007 11006
v -0.0256788131 0.0141695971 0.00212786617
v -0.0256844796 0.0141730125 0.00212928353
v -0.0257414271 0.0140955322 0.0020910993
f 11008 11010 11009
v -0.0256788131 0.0141695971 0.00212786617
v -0.0257414271 0.0140955322 0.0020910993
v -0.0257207226 0.0140799064 0.00184680848
f 11011 11013 11012
v -0.0255116436 0.0111931608 0.00819683046
v -0.0254698709 0.0110249937 0.00812014914
v -0.0251944381 0.0109896144 0.00828371194
f 11014 11016 11015
v -0.0254698709 0.0110249937 0.00812014914
v -0.0251425838 0.0110354355 0.00807272663
v -0.0251944381 0.0109896144 0.00828371194
f 11017 11019 11018
v -0.0260658737 0.0131040986 0.00172479304
v -0.0256844796 0.0141730125 0.00212928353
v -0.0256788131 0.0141695971 0.00212786617
f 11020 11022 11021
v -0.0237084372 0.0197950067 0.0127338397
v -0.0232381004 0.0199185728 0.0117969299
v -0.0225480893 0.0202325304 0.0130035914
f 11023 11025 11024
v -0.0241433328 0.0158283277 0.0100661193
v -0.0232300474 0.0165643491 0.0113958791
v -0.0250626443 0.0168079569 0.0111604168
f 11026 11028 11027
v -0.0245366304 0.0180145027 0.0121660247
v -0.0250626443 0.0168079569 0.0111604168
v -0.0236257489 0.0178220624 0.0112444257
f 11029 11031 11030
v -0.0245366304 0.0180145027 0.0121660247
v -0.0254644925 0.0162536962 0.0110607019
v -0.0250626443 0.0168079569 0.0111604168
f 11032 11034 11033
v -0.0262301357 0.0149071013 0.012401733
v -0.0254644925 0.0162536962 0.0110607019
v -0.0253873295 0.016047078 0.0124342158
f 11035 11037 11036
v -0.0265177572 0.01427104 0.0115268682
v -0.0249485194 0.0140094809 0.0105725514
v -0.0254644925 0.0162536962 0.0110607019
f 11038 11040 11039
v -0.0232362043 0.00849525168 0.0124662882
v -0.0229159035 0.011139414 0.0126275321
v -0.0221294176 0.00899666193 0.0125251041
f 11041 11043 11042
v -0.0251746125 0.0110269895 0.00827284239
v -0.0251425838 0.0110354355 0.00807272663
v -0.0245894393 0.0109976696 0.00858412459
f 11044 11046 11045
v -0.0259032793 0.0103680322 0.00805944874
v -0.0254698709 0.0110249937 0.00812014914
v -0.0254218263 0.0111018264 0.00811142381
f 11047 11049 11048
v -0.0255116436 0.0111931608 0.00819683046
v -0.0249329489 0.0131996916 0.00859265128
v -0.0270436984 0.0115055205 0.0082939514
f 11050 11052 11051
v -0.0255116436 0.0111931608 0.00819683046
v -0.0270436984 0.0115055205 0.0082939514
v -0.0259032793 0.0103680322 0.00805944874
f 11053 11055 11054
v -0.0255116436 0.0111931608 0.00819683046
v -0.0251944381 0.0109896144 0.00828371194
v -0.0251746125 0.0110269895 0.00827284239
f 11056 11058 11057
v -0.0255116436 0.0111931608 0.00819683046
v -0.0251746125 0.0110269895 0.00827284239
v -0.0248835335 0.0112322712 0.00875725964
f 11059 11061 11060
v -0.0255138701 0.0133975453 0.00962909398
v -0.0265855982 0.012181278 0.00920257662
v -0.0257891312 0.0131285604 0.00867574272
f 11062 11064 11063
v -0.0255138701 0.0133975453 0.00962909398
v -0.0257891312 0.0131285604 0.00867574272
v -0.0255037041 0.0133914102 0.00962654813
f 11065 11067 11066
v -0.0297743914 0.00734597852 0.0080238322
v -0.027892401 0.00792860155 0.00766808807
v -0.027420363 0.00924609922 0.00743741475
f 11068 11070 11069
v -0.0265855982 0.012181278 0.00920257662
v -0.0270436984 0.0115055205 0.0082939514
v -0.0257891312 0.0131285604 0.00867574272
f 11071 11073 11072
v -0.0254698709 0.0110249937 0.00812014914
v -0.0259032793 0.0103680322 0.00805944874
v -0.0254196988 0.0113893977 0.00757274611
f 11074 11076 11075
v -0.0254698709 0.0110249937 0.00812014914
v -0.0254196988 0.0113893977 0.00757274611
v -0.0254218263 0.0111018264 0.00811142381
f 11077 11079 11078
v -0.0274798367 0.0101838144 0.0126823637
v -0.0271793979 0.010355097 0.0132462126
v -0.0272048695 0.00848898053 0.0134246569
f 11080 11082 11081
v -0.0274638442 0.0110590641 0.00850884389
v -0.0262998889 0.0109010041 0.0101658115
v -0.0273518235 0.00963001003 0.00942476399
f 11083 11085 11084
v -0.0236402018 0.0130400644 0.0130506582
v -0.0242731199 0.0151372427 0.0125334511
v -0.0225755386 0.0139075928 0.0133447204
f 11086 11088 11087
v -0.0270436984 0.0115055205 0.0082939514
v -0.0279709551 0.0100697122 0.00809714693
v -0.0266304385 0.00986553277 0.00779508264
f 11089 11091 11090
v -0.0178043847 0.0184519304 0.0122172933
v -0.0181727723 0.0187595986 0.0127733481
v -0.0175153822 0.0189451835 0.0127870124
f 11092 11094 11093
v -0.0178043847 0.0184519304 0.0122172933
v -0.0175153822 0.0189451835 0.0127870124
v -0.0174856992 0.0188966078 0.0125321967
f 11095 11097 11096
v -0.0181634168 0.0191327897 0.0129313907
v -0.0181727723 0.0187595986 0.0127733481
v -0.0185323006 0.0192622887 0.0131090492
f 11098 11100 11099
v -0.0181634168 0.0191327897 0.0129313907
v -0.0185323006 0.0192622887 0.0131090492
v -0.0182917458 0.0192003208 0.0129753986
f 11101 11103 11102
v -0.0192514533 0.0205906807 0.0162507204
v -0.0192444451 0.0206584358 0.0159483345
v -0.0193034954 0.0204145457 0.0159907824
f 11104 11106 11105
v -0.0192514533 0.0205906807 0.0162507204
v -0.0193034954 0.0204145457 0.0159907824
v -0.0192415871 0.020436701 0.0161490578
f 11107 11109 11108
v -0.0183888129 0.019096653 0.012799658
v -0.0183299737 0.0188134247 0.0127872394
v -0.0181114403 0.0192133855 0.0127495092
f 11110 11112 11111
v -0.0193162414 0.0207205812 0.0161368953
v -0.0192514533 0.0205906807 0.0162507204
v -0.0205295495 0.0199305432 0.0149492495
f 11113 11115 11114
v -0.0193162414 0.0207205812 0.0161368953
v -0.0205295495 0.0199305432 0.0149492495
v -0.0193805507 0.0206969737 0.0159877178
f 11116 11118 11117
v -0.0200275448 -0.0180626492 0.0190712075
v -0.0197828602 -0.0181652809 0.0196566019
v -0.0198654117 -0.018998397 0.0207376841
f 11119 11121 11120
v -0.0200275448 -0.0180626492 0.0190712075
v -0.0198654117 -0.018998397 0.0207376841
v -0.0198126698 -0.018858831 0.0190719235
f 11122 11124 11123
v -0.0174463581 0.0183867116 0.0112927759
v -0.017319544 0.0183366152 0.011246917
v -0.0179001421 0.0181615003 0.0117672083
f 11125 11127 11126
v -0.0294014404 0.00890262745 0.000384416262
v -0.0295517122 0.00858679632 0.0023097733
v -0.0306984119 0.00784918593 0.0022050499
f 11128 11130 11129
v -0.00712000183 -0.0135976894 0.00291861925
v -0.00559365981 -0.0129737266 0.00505818389
v -0.00528313576 -0.013261399 0.00332865638
f 11131 11133 11132
v -0.00694207411 -0.0262484595 0.0170264218
v -0.00886436683 -0.0241989634 0.0163795921
v -0.00625516332 -0.026376365 0.0168440485
f 11134 11136 11135
v -0.00772878921 -0.0265362556 0.0160131603
v -0.00610740899 -0.0277010025 0.0169752107
v -0.0065658518 -0.026543776 0.0160899915
f 11137 11139 11138
v -0.00893326578 -0.0236840162 0.0171512685
v -0.00883615066 -0.0218068366 0.016248005
v -0.00832274964 -0.0239520057 0.0156885915
f 11140 11142 11141
v -0.00949940295 -0.0198659312 0.0142154866
v -0.00850969009 -0.0212086641 0.0148545951
v -0.0103941537 -0.0190813778 0.016824386
f 11143 11145 11144
v -0.0144355203 -0.0160549738 0.0136131857
v -0.0111308946 -0.0181810101 0.0145280763
v -0.0128926942 -0.0167036313 0.0153491826
f 11146 11148 11147
v -0.0103980019 -0.024390468 0.0176056317
v -0.0093472845 -0.0254731596 0.0186210789
v -0.0107624954 -0.0242562528 0.0181113865
f 11149 11151 11150
v -0.0112033304 -0.0253456441 0.0178153103
v -0.010625281 -0.0256579835 0.0187929429
v -0.0101723366 -0.0262461137 0.0186458929
f 11152 11154 11153
v -0.00893326578 -0.0236840162 0.0171512685
v -0.00832274964 -0.0239520057 0.0156885915
v -0.00886436683 -0.0241989634 0.0163795921
f 11155 11157 11156
v -0.00946618384 -0.0250151992 0.0158832874
v -0.00772878921 -0.0265362556 0.0160131603
v -0.00870438816 -0.025027158 0.0150475971
f 11158 11160 11159
v -0.00870438816 -0.025027158 0.0150475971
v -0.00844166425 -0.0243091403 0.01509086
v -0.00951070688 -0.024091528 0.014375546
f 11161 11163 11162
v -0.00946618384 -0.0250151992 0.0158832874
v -0.00782915158 -0.0263930502 0.0166970101
v -0.00772878921 -0.0265362556 0.0160131603
f 11164 11166 11165
v -0.0107624954 -0.0242562528 0.0181113865
v -0.00984666112 -0.0253622537 0.0191726926
v -0.0120332181 -0.0236235021 0.017414079
f 11167 11169 11168
v -0.0110008972 -0.0219642679 0.0176434958
v -0.0104108854 -0.023575571 0.0173120963
v -0.0116837669 -0.0232699123 0.0176907954
f 11170 11172 11171
v -0.0125525868 -0.0237636792 0.0165025471
v -0.0112033304 -0.0253456441 0.0178153103
v -0.0116027964 -0.0244105016 0.0164169585
f 11173 11175 11174
v -0.00918750302 -0.0264260394 0.0189600367
v -0.0101723366 -0.0262461137 0.0186458929
v -0.00956606455 -0.0266241084 0.0197161047
f 11176 11178 11177
v -0.0101723366 -0.0262461137 0.0186458929
v -0.010625281 -0.0256579835 0.0187929429
v -0.00956606455 -0.0266241084 0.0197161047
f 11179 11181 11180
v -0.016509516 -0.0223770214 0.0195067114
v -0.0164007928 -0.0223920448 0.018873089
v -0.0164757759 -0.0219460926 0.019256727
f 11182 11184 11183
v -0.0164007928 -0.0223920448 0.018873089
v -0.016505488 -0.0219281806 0.0192641572
v -0.0164757759 -0.0219460926 0.019256727
f 11185 11187 11186
v -0.016509516 -0.0223770214 0.0195067114
v -0.0162223834 -0.0216701272 0.019331451
v -0.0159730771 -0.0229641693 0.0203518081
f 11188 11190 11189
v -0.013069791 -0.0187603 0.0115879397
v -0.0113938921 -0.0191513042 0.0127882609
v -0.0142715493 -0.018053368 0.0117871918
f 11191 11193 11192
v -0.0144355203 -0.0160549738 0.0136131857
v -0.0161187039 -0.015470192 0.0130195869
v -0.0142715493 -0.018053368 0.0117871918
f 11194 11196 11195
v -0.018149642 -0.0162970202 0.00234095824
v -0.0188331032 -0.0156348106 0.0058021622
v -0.0181730284 -0.0151768065 0.00388953813
f 11197 11199 11198
v -0.0119701872 -0.00207400644 0.0134307978
v -0.0150342879 -0.00243330287 0.0136522838
v -0.0120421144 -0.00112714733 0.0134975155
f 11200 11202 11201
v -0.0144363847 -0.00313379351 0.012964246
v -0.0138113683 -0.00740114992 0.0131864246
v -0.0160048847 -0.00345673179 0.012931801
f 11203 11205 11204
v -0.0183828204 0.00393533737 0.0127281673
v -0.0194111839 0.00310040014 0.0118166281
v -0.0189749451 0.00474978769 0.0126937317
f 11206 11208 11207
v -0.0194111839 0.00310040014 0.0118166281
v -0.0187935453 0.00235396874 0.0115367329
v -0.0194829248 0.00223698062 0.0112393289
f 11209 11211 11210
v -0.0189299797 -0.00182517488 0.0129840133
v -0.0168272876 -0.00186309589 0.0139611773
v -0.0176148373 -0.002918891 0.0136771821
f 11212 11214 11213
v -0.0229125566 -0.000700568762 0.0128497806
v -0.0209881153 0.000123774885 0.0119939883
v -0.0212078914 -0.0013132827 0.0127992535
f 11215 11217 11216
v -0.0242267648 -0.00128041902 0.0131384673
v -0.0230166537 0.000918281239 0.0128853542
v -0.0229125566 -0.000700568762 0.0128497806
f 11218 11220 11219
v -0.0138113683 -0.00740114992 0.0131864246
v -0.0151285392 -0.00816942556 0.0128601096
v -0.0185934725 -0.00632373485 0.0128292246
f 11221 11223 11222
v -0.022817924 -0.00249221666 0.0130095752
v -0.0198999638 -0.00138593387 0.0131570763
v -0.0212002007 -0.00325267392 0.0133078167
f 11224 11226 11225
v -0.0221531605 -0.00555207116 0.0129424094
v -0.0211302453 -0.00842539448 0.012157912
v -0.0227674449 -0.00679391014 0.0132683606
f 11227 11229 11228
v -0.0260210392 -0.00328191127 0.0139384269
v -0.0252270431 -0.00487185207 0.0137802941
v -0.0252249883 -0.00487108337 0.013786694
f 11230 11232 11231
v -0.0249332195 -0.00519586501 0.0137300347
v -0.0252270431 -0.00487185207 0.0137802941
v -0.0252249883 -0.00487108337 0.013786694
f 11233 11235 11234
v -0.022817924 -0.00249221666 0.0130095752
v -0.0221531605 -0.00555207116 0.0129424094
v -0.0242267648 -0.00128041902 0.0131384673
f 11236 11238 11237
v -0.0237535773 0.00579044608 0.0128991669
v -0.0250175421 0.00227453656 0.0145105732
v -0.0253163744 0.00352647621 0.0144454447
f 11239 11241 11240
v -0.0272048695 0.00848898053 0.0134246569
v -0.026603791 0.00838172418 0.0136327522
v -0.0264897913 0.00673040122 0.0139172567
f 11242 11244 11243
v -0.0262417307 0.00127182157 0.014537957
v -0.0262283953 0.00457265232 0.0140393095
v -0.0253163744 0.00352647621 0.0144454447
f 11245 11247 11246
v -0.0306507631 0.00478694419 0.00732688422
v -0.0289779418 0.00661855811 0.00706211431
v -0.0295894133 0.00594142439 0.00748369639
f 11248 11250 11249
v -0.0320030231 0.00444179968 0.00793759828
v -0.0308172457 0.00645090549 0.00776635716
v -0.0307249225 0.00674106122 0.00866305418
f 11251 11253 11252
v -0.0331465475 0.00248980487 0.00689712106
v -0.0336442579 0.00189689508 0.00683972321
v -0.0336365658 0.00189226266 0.00683780017
f 11254 11256 11255
v -0.0336365658 0.00189226266 0.00683780017
v -0.0336442579 0.00189689508 0.00683972321
v -0.0330961542 0.00226500833 0.0076588316
f 11257 11259 11258
v -0.0354986638 -0.000533935872 0.00526509721
v -0.0341835927 0.00117313921 0.00587637151
v -0.0338702142 0.00148238087 0.00686429266
f 11260 11262 11261
v -0.0297743914 0.00734597852 0.0080238322
v -0.0295894133 0.00594142439 0.00748369639
v -0.027892401 0.00792860155 0.00766808807
f 11263 11265 11264
v -0.0213336607 -0.0162761949 0.0185997545
v -0.0214004351 -0.0162185504 0.0183948578
v -0.0215699911 -0.015479936 0.0180040224
f 11266 11268 11267
v -0.0216018452 -0.0163329503 0.0180336647
v -0.0214206113 -0.016206388 0.0183999189
v -0.0214004351 -0.0162185504 0.0183948578
f 11269 11271 11270
v -0.0198654117 -0.018998397 0.0207376841
v -0.0194085471 -0.0182897755 0.0202853902
v -0.0190233477 -0.0186787613 0.0202030409
f 11272 11274 11273
v -0.018257233 -0.0185952347 0.0195057219
v -0.0188629609 -0.0193464934 0.018946451
v -0.0190233477 -0.0186787613 0.0202030409
f 11275 11277 11276
v -0.0193060274 -0.0177172289 0.019633901
v -0.0197828602 -0.0181652809 0.0196566019
v -0.0197969915 -0.0181567666 0.019660141
f 11278 11280 11279
v -0.0193060274 -0.0177172289 0.019633901
v -0.0197969915 -0.0181567666 0.019660141
v -0.0200275448 -0.0180626492 0.0190712075
f 11281 11283 11282
v -0.0194085471 -0.0182897755 0.0202853902
v -0.0197828602 -0.0181652809 0.0196566019
v -0.0193060274 -0.0177172289 0.019633901
f 11284 11286 11285
v -0.0193060274 -0.0177172289 0.019633901
v -0.0200275448 -0.0180626492 0.0190712075
v -0.0190308405 -0.0165374979 0.0194338645
f 11287 11289 11288
v -0.0195311615 -0.0192248364 0.0203898875
v -0.0198126698 -0.018858831 0.0190719235
v -0.0198654117 -0.018998397 0.0207376841
f 11290 11292 11291
v -0.0188629609 -0.0193464934 0.018946451
v -0.0195311615 -0.0192248364 0.0203898875
v -0.0190233477 -0.0186787613 0.0202030409
f 11293 11295 11294
v -0.0210448328 -0.0166642916 0.018743868
v -0.021491955 -0.0166275015 0.0188558653
v -0.0215227163 -0.0165073943 0.0186987367
f 11296 11298 11297
v -0.0210448328 -0.0166642916 0.018743868
v -0.0215227163 -0.0165073943 0.0186987367
v -0.0214763888 -0.0165353078 0.0186871417
f 11299 11301 11300
v -0.0198126698 -0.018858831 0.0190719235
v -0.0188629609 -0.0193464934 0.018946451
v -0.0205781136 -0.0193334316 0.0180360366
f 11302 11304 11303
v -0.0215117936 -0.0164306213 0.0184108678
v -0.0215227163 -0.0165073943 0.0186987367
v -0.0214763888 -0.0165353078 0.0186871417
f 11305 11307 11306
v -0.0213336607 -0.0162761949 0.0185997545
v -0.0214763888 -0.0165353078 0.0186871417
v -0.0215227163 -0.0165073943 0.0186987367
f 11308 11310 11309
v -0.0268882897 -0.00929154194 0.0159755873
v -0.0271857949 -0.00639048158 0.0156589143
v -0.0266580406 -0.00482270807 0.0150463631
f 11311 11313 11312
v -0.0268882897 -0.00929154194 0.0159755873
v -0.0266580406 -0.00482270807 0.0150463631
v -0.0255516235 -0.00882063105 0.0152070745
f 11314 11316 11315
v -0.0215117936 -0.0164306213 0.0184108678
v -0.0214004351 -0.0162185504 0.0183948578
v -0.0214206113 -0.016206388 0.0183999189
f 11317 11319 11318
v -0.0189176135 -0.0135930037 0.0141612225
v -0.0186592704 -0.0146087419 0.0113049711
v -0.0172664644 -0.0148855775 0.0121797399
f 11320 11322 11321
v -0.0197838483 -0.0128603249 0.0125813473
v -0.0189176135 -0.0135930037 0.0141612225
v -0.0216221233 -0.0114482384 0.0139772863
f 11323 11325 11324
v -0.0202842479 -0.012766986 0.0106686166
v -0.0215375883 -0.0114604016 0.0119558332
v -0.020389758 -0.010170621 0.0110755514
f 11326 11328 11327
v -0.0188828417 -0.0139060838 0.00594355588
v -0.0187974452 -0.0145141734 0.0067623143
v -0.0191552128 -0.0136423638 0.00674477415
f 11329 11331 11330
v -0.0232394348 -0.0159012328 0.00543346323
v -0.0231154889 -0.0145875194 0.00706662831
v -0.0224902295 -0.0161222633 0.00447171988
f 11332 11334 11333
v -0.0313215191 -0.0108883214 0.0114309209
v -0.0301667227 -0.0116707313 0.0137160911
v -0.0313599274 -0.0116758645 0.00987808962
f 11335 11337 11336
v -0.0291507167 -0.00580080923 0.0150697393
v -0.0271857949 -0.00639048158 0.0156589143
v -0.0288295822 -0.00745595025 0.0159640302
f 11338 11340 11339
v -0.0329632865 -0.00478572729 0.010872339
v -0.0362939056 -0.00505957796 0.00868835123
v -0.0349124923 -0.00430560322 0.00911505194
f 11341 11343 11342
v -0.0352676696 -0.00774311338 0.00964049104
v -0.0363561529 -0.00589767951 0.00862733941
v -0.0362939056 -0.00505957796 0.00868835123
f 11344 11346 11345
v -0.0341706444 -0.00867419731 0.00999478143
v -0.0342375162 -0.00663195242 0.0102188817
v -0.0338617538 -0.00825847892 0.0113811846
f 11347 11349 11348
v -0.0347121852 -0.010636454 0.00816305474
v -0.0352676696 -0.00774311338 0.00964049104
v -0.0350604474 -0.00972394118 0.0088840723
f 11350 11352 11351
v -0.0377822347 -0.00488361256 0.00647826673
v -0.0368716806 -0.00483006479 0.00776880624
v -0.037132451 -0.00549795041 0.0065710854
f 11353 11355 11354
v -0.035802793 -0.00156486221 0.00130710978
v -0.0373990682 -0.00390342066 0.00152320827
v -0.0370232592 -0.00129103246 0.0004068409
f 11356 11358 11357
