# FlyGym 1.2.1 STL; B(x,y,z)=(x,z,y); winding reversed
v 0.00652415038 0.0204685508 0.0264551229
v 0.00623173109 0.0199976188 0.0286725903
v 0.00617003243 0.0207527322 0.0266266754
f 1 3 2
v 0.00623173109 0.0199976188 0.0286725903
v 0.00428445492 0.0192371037 0.0314483739
v 0.00184800519 0.0204767406 0.0294454891
f 4 6 5
v 0.00661398662 0.0191034036 0.0232938415
v 0.00656831835 0.0212066909 0.0246686686
v 0.00658489589 0.0218462941 0.0226571414
f 7 9 8
v 0.00661398662 0.0191034036 0.0232938415
v 0.00658489589 0.0218462941 0.0226571414
v 0.00649939902 0.0223085182 0.0220283764
f 10 12 11
v 0.00661398662 0.0191034036 0.0232938415
v 0.00649939902 0.0223085182 0.0220283764
v 0.00652894378 0.0228215635 0.0201745686
f 13 15 14
v 0.00661398662 0.0191034036 0.0232938415
v 0.00652894378 0.0228215635 0.0201745686
v 0.00731978798 0.0234079416 0.0129211199
f 16 18 17
v 0.00790723716 0.0247242686 0.00251626825
v 0.00777326641 0.0247621152 0.000843381167
v 0.00771751511 0.0240931127 0.00745242505
f 19 21 20
v 0.00777326641 0.0247621152 0.000843381167
v 0.00863962632 0.0126565268 0.0133008129
v 0.00731978798 0.0234079416 0.0129211199
f 22 24 23
v 0.00253705948 0.0137553856 0.0375669129
v 0.00253439866 0.0137568233 0.0376161886
v 0.000461853779 0.0133125155 0.0377407909
f 25 27 26
v 0.00391581125 0.00627937043 0.0417095202
v 0.00402848673 0.00330989678 0.0395703217
v 0.00360104605 0.00471375497 0.0425728736
f 28 30 29
v 0.00402848673 0.00330989678 0.0395703217
v 0.00391581125 0.00627937043 0.0417095202
v 0.00431948283 0.00762019845 0.0409104105
f 31 33 32
v 0.00431948283 0.00762019845 0.0409104105
v 0.00429851789 0.00699903103 0.0372106966
v 0.00402848673 0.00330989678 0.0395703217
f 34 36 35
v 0.00369685731 0.00873503959 0.0404701452
v 0.00431948283 0.00762019845 0.0409104105
v 0.00121694102 0.00940621612 0.0402828126
f 37 39 38
v 0.00121694102 0.00940621612 0.0402828126
v 0.00364510634 0.0110460656 0.0393780181
v 0.00326354639 0.00972607304 0.0400812685
f 40 42 41
v 0.00326354639 0.00972607304 0.0400812685
v 0.00369685731 0.00873503959 0.0404701452
v 0.00121694102 0.00940621612 0.0402828126
f 43 45 44
v 0.000461853779 0.0133125155 0.0377407909
v 0.00121694102 0.00940621612 0.0402828126
v -0.00404259445 0.0101353544 0.0390969333
f 46 48 47
v 0.00121694102 0.00940621612 0.0402828126
v 0.00391581125 0.00627937043 0.0417095202
v -0.00116988595 0.00514795502 0.0419139687
f 49 51 50
v 0.00293332996 0.0163373872 0.0357126642
v 0.00427184568 0.0170098836 0.0346336747
v 0.00351018098 0.0161228425 0.0350639661
f 52 54 53
v 0.00474734406 0.0156864015 0.0329023344
v 0.00446955091 0.014873383 0.03534141
v 0.00422230514 0.01552342 0.03446849
f 55 57 56
v 0.00274094273 0.016001139 0.0341925857
v 0.00422230514 0.01552342 0.03446849
v 0.00289669697 0.0157006216 0.0347528694
f 58 60 59
v 0.00306217262 0.0165627382 0.0336141879
v 0.00527517841 0.0176850081 0.0320489227
v 0.0049610826 0.0167339967 0.0328727328
f 61 63 62
v 0.00462013268 0.0178963979 0.03169876
v 0.00527517841 0.0176850081 0.0320489227
v 0.00306217262 0.0165627382 0.0336141879
f 64 66 65
v 0.00378773402 0.0125974664 0.0373002549
v 0.00474734406 0.0156864015 0.0329023344
v 0.00591437129 0.0109138367 0.0282521331
f 67 69 68
v 0.00371416972 0.0139181575 0.0373800693
v 0.00446955091 0.014873383 0.03534141
v 0.00378773402 0.0125974664 0.0373002549
f 70 72 71
v 0.00370909838 0.015512346 0.036605724
v 0.00377820688 0.0143680329 0.03737027
v 0.000461853779 0.0133125155 0.0377407909
f 73 75 74
v 0.00474734406 0.0156864015 0.0329023344
v 0.0055202574 0.0160521813 0.0308594288
v 0.00591437129 0.0109138367 0.0282521331
f 76 78 77
v 0.00591437129 0.0109138367 0.0282521331
v 0.0055202574 0.0160521813 0.0308594288
v 0.00661398662 0.0191034036 0.0232938415
f 79 81 80
v 0.00429851789 0.00699903103 0.0372106966
v 0.00591437129 0.0109138367 0.0282521331
v 0.00402848673 0.00330989678 0.0395703217
f 82 84 83
v 0.00326354639 0.00972607304 0.0400812685
v 0.00364510634 0.0110460656 0.0393780181
v 0.00591437129 0.0109138367 0.0282521331
f 85 87 86
v 0.00429851789 0.00699903103 0.0372106966
v 0.00326354639 0.00972607304 0.0400812685
v 0.00591437129 0.0109138367 0.0282521331
f 88 90 89
v 0.00360104605 0.00471375497 0.0425728736
v 0.00402848673 0.00330989678 0.0395703217
v 0.00321810803 0.00255352024 0.0431670342
f 91 93 92
v 0.00402848673 0.00330989678 0.0395703217
v 0.00467948121 0.000721806555 0.0362096762
v 0.00265393537 0.000544344493 0.0437966984
f 94 96 95
v -0.00116988595 0.00514795502 0.0419139687
v 0.00391581125 0.00627937043 0.0417095202
v 0.00360104605 0.00471375497 0.0425728736
f 97 99 98
v -0.00116988595 0.00514795502 0.0419139687
v 0.00360104605 0.00471375497 0.0425728736
v 0.00107989763 0.00303974775 0.0430748682
f 100 102 101
v 0.00321810803 0.00255352024 0.0431670342
v -0.00158029652 -0.00148832305 0.0440413249
v -0.00197571935 0.0016825561 0.0432623492
f 103 105 104
v -0.00116988595 0.00514795502 0.0419139687
v 0.00107989763 0.00303974775 0.0430748682
v -0.00487517136 0.00338822683 0.0421253644
f 106 108 107
v -0.00434201902 0.00652182425 0.0410812936
v -0.00116988595 0.00514795502 0.0419139687
v -0.00487517136 0.00338822683 0.0421253644
f 109 111 110
v -0.00158029652 -0.00148832305 0.0440413249
v 0.00295999344 -0.00217954621 0.044521314
v -0.000242197711 -0.00527011252 0.0446983409
f 112 114 113
v -0.00158029652 -0.00148832305 0.0440413249
v -0.000242197711 -0.00527011252 0.0446983409
v -0.00359748665 -0.00692381509 0.0441728247
f 115 117 116
v -0.00738730159 0.00136182016 0.0423067046
v -0.00197571935 0.0016825561 0.0432623492
v -0.0069144422 -0.00419368116 0.0433666108
f 118 120 119
v -0.0069144422 -0.00419368116 0.0433666108
v -0.00158029652 -0.00148832305 0.0440413249
v -0.00359748665 -0.00692381509 0.0441728247
f 121 123 122
v -0.00925397835 -0.00625501125 0.0429630338
v -0.00738730159 0.00136182016 0.0423067046
v -0.0069144422 -0.00419368116 0.0433666108
f 124 126 125
v 0.00321810803 0.00255352024 0.0431670342
v 0.00107989763 0.00303974775 0.0430748682
v 0.00360104605 0.00471375497 0.0425728736
f 127 129 128
v 0.00321810803 0.00255352024 0.0431670342
v 0.00265393537 0.000544344493 0.0437966984
v -0.00158029652 -0.00148832305 0.0440413249
f 130 132 131
v 0.00402848673 0.00330989678 0.0395703217
v 0.00697639043 0.00324203538 0.0274883147
v 0.00467948121 0.000721806555 0.0362096762
f 133 135 134
v 0.00378113327 -0.0037568916 0.0388203858
v 0.0068762849 -0.00422483827 0.029577504
v 0.00186394827 -0.00834395978 0.0438619521
f 136 138 137
v 0.000461853779 0.0133125155 0.0377407909
v 0.00377820688 0.0143680329 0.03737027
v 0.00269520169 0.0138211049 0.0375727686
f 139 141 140
v 0.00802778668 0.00431277404 0.020488695
v 0.00697639043 0.00324203538 0.0274883147
v 0.00591437129 0.0109138367 0.0282521331
f 142 144 143
v 0.00802778668 0.00431277404 0.020488695
v 0.00591437129 0.0109138367 0.0282521331
v 0.00863962632 0.0126565268 0.0133008129
f 145 147 146
v 0.00957666489 0.00558943393 0.0129642242
v 0.00863962632 0.0126565268 0.0133008129
v 0.0100214806 0.0100775964 0.00609033232
f 148 150 149
v 0.0100076737 -0.00105360568 0.0103212144
v 0.0100214806 0.0100775964 0.00609033232
v 0.0100582358 0.010005237 0.000846021067
f 151 153 152
v 0.00772820786 -0.0138491087 0.0164231489
v 0.00569393014 -0.0197901521 0.022503428
v 0.008208293 -0.00735667782 0.0208987563
f 154 156 155
v 0.00772820786 -0.0138491087 0.0164231489
v 0.008208293 -0.00735667782 0.0208987563
v 0.00915657729 -0.00874731631 0.00939391102
f 157 159 158
v 0.00915657729 -0.00874731631 0.00939391102
v 0.0095247713 -0.00589235788 0.000843057751
v 0.00946583605 -0.0153183602 0.00679418881
f 160 162 161
v 0.0068762849 -0.00422483827 0.029577504
v 0.00697639043 0.00324203538 0.0274883147
v 0.008208293 -0.00735667782 0.0208987563
f 163 165 164
v 0.008208293 -0.00735667782 0.0208987563
v 0.00957666489 0.00558943393 0.0129642242
v 0.0100076737 -0.00105360568 0.0103212144
f 166 168 167
v 0.00802778668 0.00431277404 0.020488695
v 0.00957666489 0.00558943393 0.0129642242
v 0.008208293 -0.00735667782 0.0208987563
f 169 171 170
v -0.00382698636 0.0234668769 0.0221834067
v 0.00066283028 0.0218851186 0.0251652556
v -0.000780473056 0.0209412145 0.0277113519
f 172 174 173
v 0.00649939902 0.0223085182 0.0220283764
v 0.00617003243 0.0207527322 0.0266266754
v 0.00339668477 0.0224198229 0.0231675207
f 175 177 176
v 0.00649939902 0.0223085182 0.0220283764
v 0.00339668477 0.0224198229 0.0231675207
v 0.00213178937 0.0235076281 0.020156661
f 178 180 179
v 0.00449846993 0.0243722097 0.0145089783
v 0.00652894378 0.0228215635 0.0201745686
v 0.00126078157 0.0256417668 0.0132672882
f 181 183 182
v -0.00378835612 0.026559757 0.0119963137
v -0.00198472189 0.0249645731 0.0175612848
v -0.00425008438 0.0253125269 0.0170342406
f 184 186 185
v -0.00378835612 0.026559757 0.0119963137
v -0.00425008438 0.0253125269 0.0170342406
v -0.00677116841 0.0259489723 0.0150898093
f 187 189 188
v 0.00649939902 0.0223085182 0.0220283764
v 0.00213178937 0.0235076281 0.020156661
v -0.00198472189 0.0249645731 0.0175612848
f 190 192 191
v -0.00726748403 0.0243566363 0.0199661721
v -0.00425008438 0.0253125269 0.0170342406
v -0.00382698636 0.0234668769 0.0221834067
f 193 195 194
v 0.00707798463 0.0246995885 0.00994257134
v 0.00663884566 0.0241175861 0.0128854052
v 0.00512509141 0.0251697929 0.00962033373
f 196 198 197
v 0.00481230381 0.0258502318 0.00494799096
v 0.00681541278 0.025263062 0.00611068608
v 0.00707798463 0.0246995885 0.00994257134
f 199 201 200
v 0.00481230381 0.0258502318 0.00494799096
v 0.00512509141 0.0251697929 0.00962033373
v 0.00321183761 0.0262505579 0.00644251122
f 202 204 203
v 0.00790723716 0.0247242686 0.00251626825
v 0.00681541278 0.025263062 0.00611068608
v 0.00651164737 0.025798718 0.0034879562
f 205 207 206
v 0.00681541278 0.025263062 0.00611068608
v 0.00481230381 0.0258502318 0.00494799096
v 0.00651164737 0.025798718 0.0034879562
f 208 210 209
v 0.00651164737 0.025798718 0.0034879562
v 0.00481230381 0.0258502318 0.00494799096
v 0.00600018247 0.0256608299 0.000842822737
f 211 213 212
v 0.00600018247 0.0256608299 0.000842822737
v 0.00481230381 0.0258502318 0.00494799096
v 0.00321183761 0.0262505579 0.00644251122
f 214 216 215
v 0.00321183761 0.0262505579 0.00644251122
v -0.000882181484 0.0272886507 0.00346235975
v 0.00182136209 0.0271820958 0.000847489991
f 217 219 218
v -0.000882181484 0.0272886507 0.00346235975
v 9.43262421e-05 0.0267806521 0.00741182012
v -0.00210045546 0.027024548 0.00724514248
f 220 222 221
v -0.000330500188 0.0264545612 0.0097888842
v 0.00126078157 0.0256417668 0.0132672882
v -0.00378835612 0.026559757 0.0119963137
f 223 225 224
v -0.00210045546 0.027024548 0.00724514248
v 9.43262421e-05 0.0267806521 0.00741182012
v -0.000330500188 0.0264545612 0.0097888842
f 226 228 227
v -0.00341900231 0.027722583 0.00523596755
v -0.00378835612 0.026559757 0.0119963137
v -0.00567281095 0.0277976127 0.00538950262
f 229 231 230
v -0.00210045546 0.027024548 0.00724514248
v -0.00378835612 0.026559757 0.0119963137
v -0.00341900231 0.027722583 0.00523596755
f 232 234 233
v -0.00605369496 0.0283508445 0.000845709746
v -0.00341900231 0.027722583 0.00523596755
v -0.00567281095 0.0277976127 0.00538950262
f 235 237 236
v -0.0104258266 0.025719768 0.0157035058
v -0.00709073138 0.0271715195 0.0105854342
v -0.00677116841 0.0259489723 0.0150898093
f 238 240 239
v -0.00709073138 0.0271715195 0.0105854342
v -0.0104258266 0.025719768 0.0157035058
v -0.00980327022 0.0270414515 0.0112675705
f 241 243 242
v -0.0126824147 0.0277100771 0.00937374789
v -0.011270641 0.028321374 0.00743515702
v -0.00980327022 0.0270414515 0.0112675705
f 244 246 245
v -0.00567281095 0.0277976127 0.00538950262
v -0.00709073138 0.0271715195 0.0105854342
v -0.00973795832 0.0287607487 0.00382254038
f 247 249 248
v -0.00973795832 0.0287607487 0.00382254038
v -0.00709073138 0.0271715195 0.0105854342
v -0.011270641 0.028321374 0.00743515702
f 250 252 251
v -0.0125298524 0.0289672433 0.00412549634
v -0.0126824147 0.0277100771 0.00937374789
v -0.0155285787 0.0288516021 0.00477025606
f 253 255 254
v -0.0138102376 0.0290465628 0.000846073362
v -0.0125298524 0.0289672433 0.00412549634
v -0.0155285787 0.0288516021 0.00477025606
f 256 258 257
v 0.000838704727 0.0186723206 0.0330409704
v 0.00262868416 0.0180961782 0.0342074403
v 0.000771512714 0.0163294681 0.0344208762
f 259 261 260
v 0.000771512714 0.0163294681 0.0344208762
v 0.00262868416 0.0180961782 0.0342074403
v 0.00110904439 0.0163315286 0.0348421338
f 262 264 263
v -0.0062698884 0.0149299172 0.0351581199
v -0.000516641012 0.0167544713 0.0345477252
v 1.35158189e-05 0.0151807893 0.0360640319
f 265 267 266
v 0.000838704727 0.0186723206 0.0330409704
v -0.0062698884 0.0149299172 0.0351581199
v -0.00630348513 0.0166409867 0.0336285506
f 268 270 269
v -0.00495307759 0.0197498317 0.0298440544
v -0.000780473056 0.0209412145 0.0277113519
v 0.000838704727 0.0186723206 0.0330409704
f 271 273 272
v -0.00871940938 0.0185028432 0.0311114942
v 0.000838704727 0.0186723206 0.0330409704
v -0.00630348513 0.0166409867 0.0336285506
f 274 276 275
v -0.00893075485 0.0201682516 0.0281912537
v -0.0109397166 0.0229696874 0.0227330223
v -0.00495307759 0.0197498317 0.0298440544
f 277 279 278
v -0.00630348513 0.0166409867 0.0336285506
v -0.0062698884 0.0149299172 0.0351581199
v -0.0110300411 0.0157431597 0.0332739786
f 280 282 281
v -0.00871940938 0.0185028432 0.0311114942
v -0.00630348513 0.0166409867 0.0336285506
v -0.0110300411 0.0157431597 0.0332739786
f 283 285 284
v -0.0106795778 0.0131433728 0.035633138
v -0.00634969037 0.0129218985 0.0367924367
v -0.0116883151 0.00972501657 0.0377247576
f 286 288 287
v -0.0106795778 0.0131433728 0.035633138
v -0.0062698884 0.0149299172 0.0351581199
v -0.00634969037 0.0129218985 0.0367924367
f 289 291 290
v -0.0110300411 0.0157431597 0.0332739786
v -0.0106795778 0.0131433728 0.035633138
v -0.0151754328 0.0119129611 0.0352709991
f 292 294 293
v -0.0121457786 0.021384361 0.0252759666
v -0.0109397166 0.0229696874 0.0227330223
v -0.00893075485 0.0201682516 0.0281912537
f 295 297 296
v -0.00862295565 0.00741023759 0.0393830676
v -0.00404259445 0.0101353544 0.0390969333
v -0.00434201902 0.00652182425 0.0410812936
f 298 300 299
v -0.00434201902 0.00652182425 0.0410812936
v -0.00487517136 0.00338822683 0.0421253644
v -0.00876751001 0.00481791321 0.0406039646
f 301 303 302
v -0.00862295565 0.00741023759 0.0393830676
v -0.00876751001 0.00481791321 0.0406039646
v -0.0123759382 0.00654917749 0.0390902744
f 304 306 305
v -0.00487517136 0.00338822683 0.0421253644
v -0.00738730159 0.00136182016 0.0423067046
v -0.00876751001 0.00481791321 0.0406039646
f 307 309 308
v -0.0107559405 0.00183335032 0.041510252
v -0.0140930802 -0.0014852184 0.0414485985
v -0.015464022 0.000432889919 0.0406627631
f 310 312 311
v -0.0201390663 0.00725778154 0.0370060006
v -0.0165081961 0.00694213304 0.0379078236
v -0.0181463431 0.00332976451 0.0390878384
f 313 315 314
v -0.00876751001 0.00481791321 0.0406039646
v -0.0107559405 0.00183335032 0.041510252
v -0.0123759382 0.00654917749 0.0390902744
f 316 318 317
v -0.0123759382 0.00654917749 0.0390902744
v -0.0107559405 0.00183335032 0.041510252
v -0.0150017149 0.00432995257 0.0395829178
f 319 321 320
v -0.0218011905 0.0157789604 0.0301021471
v -0.0198445807 0.0154960275 0.0311253185
v -0.0226413365 0.0128684667 0.0323759567
f 322 324 323
v -0.0218011905 0.0157789604 0.0301021471
v -0.0203531614 0.0187046811 0.0269590179
v -0.0198445807 0.0154960275 0.0311253185
f 325 327 326
v -0.0228519435 0.0186234669 0.0254149054
v -0.0203531614 0.0187046811 0.0269590179
v -0.0242106034 0.0149302781 0.0296298298
f 328 330 329
v -0.0265495095 0.0161641932 0.0277118088
v -0.0228519435 0.0186234669 0.0254149054
v -0.0242106034 0.0149302781 0.0296298298
f 331 333 332
v -0.025590742 0.0193492378 0.0237105123
v -0.0228519435 0.0186234669 0.0254149054
v -0.0265495095 0.0161641932 0.0277118088
f 334 336 335
v -0.0151754328 0.0119129611 0.0352709991
v -0.0215002248 0.00724904457 0.0364136213
v -0.0194575579 0.0124313447 0.0336801313
f 337 339 338
v -0.0165081961 0.00694213304 0.0379078236
v -0.0201390663 0.00725778154 0.0370060006
v -0.0215002248 0.00724904457 0.0364136213
f 340 342 341
v -0.023039442 0.00797230387 0.0355036085
v -0.0226413365 0.0128684667 0.0323759567
v -0.0194575579 0.0124313447 0.0336801313
f 343 345 344
v -0.0194575579 0.0124313447 0.0336801313
v -0.0215002248 0.00724904457 0.0364136213
v -0.023039442 0.00797230387 0.0355036085
f 346 348 347
v -0.023039442 0.00797230387 0.0355036085
v -0.0215002248 0.00724904457 0.0364136213
v -0.0214841042 0.00442558485 0.0377832068
f 349 351 350
v -0.0243385395 0.0110844623 0.032668194
v -0.023039442 0.00797230387 0.0355036085
v -0.0252468628 0.00649779467 0.0351971888
f 352 354 353
v -0.0274405873 0.00888618451 0.0327299407
v -0.0259375374 0.00864642861 0.0337451522
v -0.0269782933 0.00733531997 0.0350321643
f 355 357 356
v -0.0259375374 0.00864642861 0.0337451522
v -0.0271865487 0.0100994475 0.0324157649
v -0.0243385395 0.0110844623 0.032668194
f 358 360 359
v -0.0268616946 0.0120491204 0.031241469
v -0.0242106034 0.0149302781 0.0296298298
v -0.0243385395 0.0110844623 0.032668194
f 361 363 362
v -0.0268616946 0.0120491204 0.031241469
v -0.0265495095 0.0161641932 0.0277118088
v -0.0242106034 0.0149302781 0.0296298298
f 364 366 365
v -0.0275743339 0.0116464704 0.0307472335
v -0.0273219164 0.0159201314 0.0240695837
v -0.0274272636 0.0146659077 0.0283994275
f 367 369 368
v -0.0275743339 0.0116464704 0.0307472335
v -0.0274405873 0.00888618451 0.0327299407
v -0.0275922066 0.00806986136 0.0327280461
f 370 372 371
v -0.0215002248 0.00724904457 0.0364136213
v -0.0151754328 0.0119129611 0.0352709991
v -0.0165081961 0.00694213304 0.0379078236
f 373 375 374
v -0.0243385395 0.0110844623 0.032668194
v -0.0242106034 0.0149302781 0.0296298298
v -0.0226413365 0.0128684667 0.0323759567
f 376 378 377
v -0.0226413365 0.0128684667 0.0323759567
v -0.0198445807 0.0154960275 0.0311253185
v -0.0194575579 0.0124313447 0.0336801313
f 379 381 380
v -0.0271865487 0.0100994475 0.0324157649
v -0.0275743339 0.0116464704 0.0307472335
v -0.0268616946 0.0120491204 0.031241469
f 382 384 383
v -0.00726748403 0.0243566363 0.0199661721
v -0.00382698636 0.0234668769 0.0221834067
v -0.00861583467 0.0234236024 0.022009408
f 385 387 386
v -0.00861583467 0.0234236024 0.022009408
v -0.00946820946 0.0251189282 0.0180374598
v -0.00726748403 0.0243566363 0.0199661721
f 388 390 389
v -0.0109397166 0.0229696874 0.0227330223
v -0.0121457786 0.021384361 0.0252759666
v -0.013981064 0.0228924313 0.0218679663
f 391 393 392
v -0.0150592285 0.0238858353 0.0185379904
v -0.00946820946 0.0251189282 0.0180374598
v -0.013981064 0.0228924313 0.0218679663
f 394 396 395
v -0.0138820862 0.0257297594 0.0148537889
v -0.0104258266 0.025719768 0.0157035058
v -0.00946820946 0.0251189282 0.0180374598
f 397 399 398
v -0.0138820862 0.0257297594 0.0148537889
v -0.0100783451 0.0264067814 0.0142006465
v -0.0104258266 0.025719768 0.0157035058
f 400 402 401
v -0.0164204728 0.0250277109 0.0153302681
v -0.0138820862 0.0257297594 0.0148537889
v -0.0150592285 0.0238858353 0.0185379904
f 403 405 404
v -0.0188293197 0.022813979 0.018426888
v -0.0164204728 0.0250277109 0.0153302681
v -0.0150592285 0.0238858353 0.0185379904
f 406 408 407
v -0.0196885536 0.0238099266 0.0149808126
v -0.0190009785 0.0249294972 0.0129102089
v -0.0164204728 0.0250277109 0.0153302681
f 409 411 410
v -0.0228519435 0.0186234669 0.0254149054
v -0.0204786222 0.0211025806 0.0213106629
v -0.0183003081 0.0214410786 0.0229918835
f 412 414 413
v -0.0236611319 0.020473027 0.0212932981
v -0.0204288604 0.0223579715 0.0179395982
v -0.0204786222 0.0211025806 0.0213106629
f 415 417 416
v -0.0226658434 0.022701126 0.0171008767
v -0.0204288604 0.0223579715 0.0179395982
v -0.0236611319 0.020473027 0.0212932981
f 418 420 419
v -0.0196885536 0.0238099266 0.0149808126
v -0.0204288604 0.0223579715 0.0179395982
v -0.0226658434 0.022701126 0.0171008767
f 421 423 422
v -0.0189929502 0.0268207135 0.0086708671
v -0.0156123759 0.0268023461 0.0107307947
v -0.0138820862 0.0257297594 0.0148537889
f 424 426 425
v -0.0189929502 0.0268207135 0.0086708671
v -0.0155285787 0.0288516021 0.00477025606
v -0.015696045 0.0274486956 0.00944469502
f 427 429 428
v -0.0189929502 0.0268207135 0.0086708671
v -0.0190009785 0.0249294972 0.0129102089
v -0.0222668707 0.0255911436 0.0108127162
f 430 432 431
v -0.0287278235 0.00703159676 0.0229630808
v -0.0273219164 0.0159201314 0.0240695837
v -0.0275743339 0.0116464704 0.0307472335
f 433 435 434
v -0.0290717348 0.0049356222 0.0179773124
v -0.027874246 0.0131819179 0.0135282433
v -0.0287278235 0.00703159676 0.0229630808
f 436 438 437
v -0.027874246 0.0131819179 0.0135282433
v -0.0261228852 0.0192823776 0.0128098531
v -0.0273219164 0.0159201314 0.0240695837
f 439 441 440
v -0.0273511454 0.0161686141 0.000846007697
v -0.027874246 0.0131819179 0.0135282433
v -0.0286427705 0.01071269 0.00730396423
f 442 444 443
v -0.029294283 0.00471814528 0.00527388038
v -0.0286427705 0.01071269 0.00730396423
v -0.0290717348 0.0049356222 0.0179773124
f 445 447 446
v -0.0286427705 0.01071269 0.00730396423
v -0.027874246 0.0131819179 0.0135282433
v -0.0290717348 0.0049356222 0.0179773124
f 448 450 449
v -0.0253300357 0.0223939991 0.0184102915
v -0.0236611319 0.020473027 0.0212932981
v -0.0253046135 0.0210969636 0.0207876772
f 451 453 452
v -0.0253300357 0.0223939991 0.0184102915
v -0.0226658434 0.022701126 0.0171008767
v -0.0236611319 0.020473027 0.0212932981
f 454 456 455
v -0.0242013863 0.0249011733 0.0129980253
v -0.0226658434 0.022701126 0.0171008767
v -0.024534078 0.0241095069 0.0145491416
f 457 459 458
v -0.024534078 0.0241095069 0.0145491416
v -0.0249981822 0.0236624226 0.0156732698
v -0.0246811775 0.0238151479 0.0131951456
f 460 462 461
v -0.0237394153 0.0277202518 0.00752870546
v -0.0189929502 0.0268207135 0.0086708671
v -0.0222668707 0.0255911436 0.0108127162
f 463 465 464
v -0.0243427625 0.0271436438 0.00810295169
v -0.0237394153 0.0277202518 0.00752870546
v -0.0222668707 0.0255911436 0.0108127162
f 466 468 467
v -0.0220882852 0.0281025277 0.00649716603
v -0.0189929502 0.0268207135 0.0086708671
v -0.0237394153 0.0277202518 0.00752870546
f 469 471 470
v -0.0237124797 0.0290733064 0.000846090279
v -0.0188826176 0.028484108 0.000847685169
v -0.0237451954 0.0289723801 0.00243627201
f 472 474 473
v -0.0242016235 0.0270487304 0.00687001084
v -0.024266218 0.0282766152 0.00362815626
v -0.0242722046 0.0281782006 0.00539245302
f 475 477 476
v -0.024215036 0.0263836526 0.009716356
v -0.0242013863 0.0249011733 0.0129980253
v -0.024642967 0.025494583 0.0114776951
f 478 480 479
v -0.0245485629 0.0253120408 0.00811118807
v -0.024215036 0.0263836526 0.009716356
v -0.024642967 0.025494583 0.0114776951
f 481 483 482
v -0.0242016235 0.0270487304 0.00687001084
v -0.0243427625 0.0271436438 0.00810295169
v -0.0245485629 0.0253120408 0.00811118807
f 484 486 485
v -0.0245485629 0.0253120408 0.00811118807
v -0.0242013863 0.0249011733 0.0129980253
v -0.0261228852 0.0192823776 0.0128098531
f 487 489 488
v -0.0237124797 0.0290733064 0.000846090279
v -0.0242016235 0.0270487304 0.00687001084
v -0.0245485629 0.0253120408 0.00811118807
f 490 492 491
v -0.025631272 0.0201024537 0.0224218646
v -0.025590742 0.0193492378 0.0237105123
v -0.0266123679 0.0174811386 0.0260620465
f 493 495 494
v -0.0257151609 0.0202234645 0.0216807908
v -0.025631272 0.0201024537 0.0224218646
v -0.0256673258 0.020639498 0.0196867448
f 496 498 497
v -0.0256673258 0.020639498 0.0196867448
v -0.0255429302 0.0203887306 0.0216080618
v -0.0257151609 0.0202234645 0.0216807908
f 499 501 500
v -0.0273219164 0.0159201314 0.0240695837
v -0.0261228852 0.0192823776 0.0128098531
v -0.025631272 0.0201024537 0.0224218646
f 502 504 503
v -0.0261228852 0.0192823776 0.0128098531
v -0.0256673258 0.020639498 0.0196867448
v -0.025631272 0.0201024537 0.0224218646
f 505 507 506
v -0.00382698636 0.0234668769 0.0221834067
v -0.000780473056 0.0209412145 0.0277113519
v -0.00432480192 0.0213427629 0.0268474658
f 508 510 509
v -0.0222668707 0.0255911436 0.0108127162
v -0.0190009785 0.0249294972 0.0129102089
v -0.0242013863 0.0249011733 0.0129980253
f 511 513 512
v -0.0183003081 0.0214410786 0.0229918835
v -0.0203531614 0.0187046811 0.0269590179
v -0.0228519435 0.0186234669 0.0254149054
f 514 516 515
v 0.000928852387 -0.035584814 0.0216789122
v 0.00140898555 -0.0355910364 0.0215302643
v 0.000444892794 -0.0375246454 0.0214675398
f 517 519 518
v 0.00192254956 -0.0357575336 0.0151368295
v 0.000444892794 -0.0375246454 0.0214675398
v 0.00140898555 -0.0355910364 0.0215302643
f 520 522 521
v 0.00138239775 -0.0369154208 0.0149838888
v 0.00137087482 -0.0368198496 0.0146342994
v 0.0014484649 -0.0368093839 0.0142791629
f 523 525 524
v 0.00167507023 -0.0365418091 0.0142253775
v 0.00192254956 -0.0357575336 0.0151368295
v 0.00216826302 -0.0361921004 0.01220673
f 526 528 527
v 0.00160267009 -0.0367167813 0.0114153452
v 0.00100959514 -0.0378204131 0.01288278
v 0.000719465606 -0.0384243322 0.0125531762
f 529 531 530
v 0.00138816686 -0.0365834305 0.0125127932
v 0.00169096311 -0.0368094567 0.0127691019
v 0.00100959514 -0.0378204131 0.01288278
f 532 534 533
v 0.00189531493 -0.038999322 0.00791694911
v 0.00204684839 -0.0371163071 0.0108454078
v 0.00216826302 -0.0361921004 0.01220673
f 535 537 536
v 0.00128093161 -0.0382692117 0.00921686951
v 0.00160267009 -0.0367167813 0.0114153452
v 0.00115032162 -0.0390349509 0.00831234938
f 538 540 539
v 0.00100601246 -0.0428273721 0.00184981309
v 0.00189531493 -0.038999322 0.00791694911
v 0.00365064043 -0.0367888191 0.000847019874
f 541 543 542
v 0.00127917956 -0.0371993578 0.0147004655
v 0.00138239775 -0.0369154208 0.0149838888
v 0.00169096311 -0.0368094567 0.0127691019
f 544 546 545
v 0.00169096311 -0.0368094567 0.0127691019
v 0.0014484649 -0.0368093839 0.0142791629
v 0.00119089818 -0.0370935188 0.0148388732
f 547 549 548
v 0.00212708983 -0.0117603857 0.0449703482
v 0.00199276983 -0.0100219353 0.0448364503
v 0.00192192456 -0.0128592481 0.0444787147
f 550 552 551
v -0.000784802978 -0.0115828159 0.0445108715
v 0.00173195367 -0.0128126136 0.0446681282
v 0.00159927586 -0.0130742614 0.0447711325
f 553 555 554
v 0.00181102223 -0.0133200214 0.0446797378
v 0.00170217681 -0.014724514 0.0447147031
v 0.00159927586 -0.0130742614 0.0447711325
f 556 558 557
v 0.00198457128 -0.0155944581 0.0427963416
v 0.00192192456 -0.0128592481 0.0444787147
v 0.00199276983 -0.0100219353 0.0448364503
f 559 561 560
v 0.00192260268 -0.0141209734 0.0445598911
v 0.00192192456 -0.0128592481 0.0444787147
v 0.00198457128 -0.0155944581 0.0427963416
f 562 564 563
v 0.00234749095 -0.0214711719 0.0411700486
v 0.00192138032 -0.0197622008 0.0413626723
v 0.00271383178 -0.0222711664 0.0404114253
f 565 567 566
v 0.00227767887 -0.0231052356 0.0397194584
v 0.00271383178 -0.0222711664 0.0404114253
v 0.00251465099 -0.0211251478 0.038638254
f 568 570 569
v 0.00182583899 -0.0181235562 0.0437173207
v 0.00192138032 -0.0197622008 0.0413626723
v 0.00156434471 -0.020158726 0.0423227291
f 571 573 572
v -0.00155926828 -0.0154048947 0.0438854418
v 0.00182583899 -0.0181235562 0.0437173207
v -0.00391490539 -0.0162908706 0.0433470879
f 574 576 575
v -0.00125171864 -0.0227147684 0.0404405
v 0.00234749095 -0.0214711719 0.0411700486
v 0.00227767887 -0.0231052356 0.0397194584
f 577 579 578
v 0.00182583899 -0.0181235562 0.0437173207
v -0.00115555376 -0.0204009018 0.0420133059
v -0.0050015773 -0.0188567821 0.0422151323
f 580 582 581
v 0.00170217681 -0.014724514 0.0447147031
v 0.00176517424 -0.0165338148 0.0440395816
v 0.00182583899 -0.0181235562 0.0437173207
f 583 585 584
v 0.00234749095 -0.0214711719 0.0411700486
v 0.00156434471 -0.020158726 0.0423227291
v 0.00192138032 -0.0197622008 0.0413626723
f 586 588 587
v 0.00271383178 -0.0222711664 0.0404114253
v 0.00192138032 -0.0197622008 0.0413626723
v 0.00251465099 -0.0211251478 0.038638254
f 589 591 590
v 0.00192138032 -0.0197622008 0.0413626723
v 0.0068762849 -0.00422483827 0.029577504
v 0.00634385942 -0.0137590891 0.0285534974
f 592 594 593
v 0.00634385942 -0.0137590891 0.0285534974
v 0.00569393014 -0.0197901521 0.022503428
v 0.00398290722 -0.0197640184 0.032541313
f 595 597 596
v 0.00139570766 -0.00809879493 0.0448506296
v -0.000784802978 -0.0115828159 0.0445108715
v -0.000242197711 -0.00527011252 0.0446983409
f 598 600 599
v -0.00359748665 -0.00692381509 0.0441728247
v -0.000242197711 -0.00527011252 0.0446983409
v -0.000784802978 -0.0115828159 0.0445108715
f 601 603 602
v -0.0117806281 -0.00851002624 0.0423486432
v -0.00925397835 -0.00625501125 0.0429630338
v -0.0100297613 -0.0116272917 0.0426783256
f 604 606 605
v -0.00155926828 -0.0154048947 0.0438854418
v -0.00391490539 -0.0162908706 0.0433470879
v -0.00773177017 -0.0114772985 0.0432487344
f 607 609 608
v -0.00773177017 -0.0114772985 0.0432487344
v -0.00391490539 -0.0162908706 0.0433470879
v -0.00737455557 -0.0177459544 0.0422954094
f 610 612 611
v -0.0100297613 -0.0116272917 0.0426783256
v -0.00773177017 -0.0114772985 0.0432487344
v -0.00737455557 -0.0177459544 0.0422954094
f 613 615 614
v -0.0117806281 -0.00851002624 0.0423486432
v -0.0100297613 -0.0116272917 0.0426783256
v -0.0131723282 -0.00980661353 0.0420114404
f 616 618 617
v -0.0116497962 -0.0133060035 0.0421746052
v -0.0100297613 -0.0116272917 0.0426783256
v -0.00737455557 -0.0177459544 0.0422954094
f 619 621 620
v -0.000475478737 -0.0254962419 0.0388739893
v -0.00125171864 -0.0227147684 0.0404405
v 0.00227767887 -0.0231052356 0.0397194584
f 622 624 623
v -0.00528613527 -0.0231558181 0.0398046192
v -0.00796477252 -0.0203056188 0.0407723535
v -0.00125171864 -0.0227147684 0.0404405
f 625 627 626
v -0.00920605598 -0.0240286143 0.038587788
v -0.00528613527 -0.0231558181 0.0398046192
v -0.00455382724 -0.0264506059 0.0377611694
f 628 630 629
v 0.00129017935 -0.0256080035 0.0386225118
v 0.00227767887 -0.0231052356 0.0397194584
v 0.00264926421 -0.0237038315 0.0354131655
f 631 633 632
v 0.000761795673 -0.0266884977 0.0380623474
v 0.00129017935 -0.0256080035 0.0386225118
v 0.00264926421 -0.0237038315 0.0354131655
f 634 636 635
v 0.000761795673 -0.0266884977 0.0380623474
v 0.00264926421 -0.0237038315 0.0354131655
v 0.000548634853 -0.028031689 0.0357399607
f 637 639 638
v -0.000115711009 -0.0274492515 0.0378104422
v 0.000792567153 -0.0276794803 0.0373391638
v 0.000285897113 -0.0281714223 0.0371532748
f 640 642 641
v -0.00206377008 -0.0266436953 0.0369840622
v -0.000475478737 -0.0254962419 0.0388739893
v -0.00047836802 -0.0266752497 0.0374729687
f 643 645 644
v 0.000561025081 -0.0286369381 0.0367962231
v 0.00038060025 -0.0284996873 0.0367759931
v 0.000548634853 -0.028031689 0.0357399607
f 646 648 647
v -0.000564146467 -0.0300217769 0.0347619265
v 0.000129240652 -0.0289304473 0.0362455496
v 8.7475928e-05 -0.0301134802 0.0328853319
f 649 651 650
v 0.000285255373 -0.0321711763 0.03070987
v 8.7475928e-05 -0.0301134802 0.0328853319
v 0.00197431509 -0.0293681602 0.0269709271
f 652 654 653
v 8.7475928e-05 -0.0301134802 0.0328853319
v 0.00264926421 -0.0237038315 0.0354131655
v 0.00197431509 -0.0293681602 0.0269709271
f 655 657 656
v -0.00340269216 -0.0305730704 0.0335458579
v 0.000188418198 -0.0322306092 0.0324928289
v -0.00186800535 -0.0331938994 0.031812067
f 658 660 659
v -0.000742949487 -0.034015908 0.0306300964
v 0.000285255373 -0.0321711763 0.03070987
v -0.000238006032 -0.0343799911 0.0300294312
f 661 663 662
v 0.000285255373 -0.0321711763 0.03070987
v 0.00197431509 -0.0293681602 0.0269709271
v -0.000238006032 -0.0343799911 0.0300294312
f 664 666 665
v -0.000238006032 -0.0343799911 0.0300294312
v 0.00197431509 -0.0293681602 0.0269709271
v 0.000667122367 -0.0353308307 0.025940701
f 667 669 668
v -0.000972935231 -0.0354303716 0.0250549638
v -0.00294488709 -0.0345548877 0.0294105412
v -0.000238006032 -0.0343799911 0.0300294312
f 670 672 671
v -0.000972935231 -0.0354303716 0.0250549638
v -0.000238006032 -0.0343799911 0.0300294312
v 0.00017686034 -0.0347609224 0.02844056
f 673 675 674
v -0.00601983884 -0.0318755221 0.0317563856
v -0.00186800535 -0.0331938994 0.031812067
v -0.00495543754 -0.0330589508 0.0313335884
f 676 678 677
v -0.00495543754 -0.0330589508 0.0313335884
v -0.00294488709 -0.0345548877 0.0294105412
v -0.00489581435 -0.0347703084 0.0286652386
f 679 681 680
v -0.00489581435 -0.0347703084 0.0286652386
v -0.00788307079 -0.0332110416 0.0297844002
v -0.00495543754 -0.0330589508 0.0313335884
f 682 684 683
v -0.00264925911 -0.0277125248 0.0363172672
v -0.00289334566 -0.0285105052 0.0354739721
v -0.00377697543 -0.0268229196 0.0363918429
f 685 687 686
v -0.0086350432 -0.0287725619 0.0341786479
v -0.00795891683 -0.0297075399 0.0339058461
v -0.0120828838 -0.0301300344 0.0315866404
f 688 690 689
v -0.0086350432 -0.0287725619 0.0341786479
v -0.00289334566 -0.0285105052 0.0354739721
v -0.00795891683 -0.0297075399 0.0339058461
f 691 693 692
v -0.00377697543 -0.0268229196 0.0363918429
v -0.00289334566 -0.0285105052 0.0354739721
v -0.0086350432 -0.0287725619 0.0341786479
f 694 696 695
v -0.0120828838 -0.0301300344 0.0315866404
v -0.00833786471 -0.0305549911 0.0322769105
v -0.00972506605 -0.0316816207 0.0312866003
f 697 699 698
v -0.00206377008 -0.0266436953 0.0369840622
v -0.00455382724 -0.0264506059 0.0377611694
v -0.000475478737 -0.0254962419 0.0388739893
f 700 702 701
v -0.0150408247 -0.0162110475 0.0407924439
v -0.0116458788 -0.0163228178 0.0416228228
v -0.0126635627 -0.018121532 0.0407277461
f 703 705 704
v -0.0150812673 -0.0130002547 0.0413545815
v -0.0116458788 -0.0163228178 0.0416228228
v -0.0150408247 -0.0162110475 0.0407924439
f 706 708 707
v -0.019187032 -0.0198553942 0.0386537751
v -0.0177316018 -0.0174965026 0.0397290918
v -0.0191344676 -0.0211794584 0.0378173747
f 709 711 710
v -0.0127741252 -0.0224528136 0.0388355838
v -0.00920605598 -0.0240286143 0.038587788
v -0.0122029873 -0.0241096466 0.0380497891
f 712 714 713
v -0.0122029873 -0.0241096466 0.0380497891
v -0.00920605598 -0.0240286143 0.038587788
v -0.0087975699 -0.0254207902 0.0375803036
f 715 717 716
v -0.0141395387 -0.024433856 0.0354493561
v -0.00927693036 -0.0259007211 0.0364643842
v -0.0118219745 -0.0266917777 0.0349031907
f 718 720 719
v -0.0134877482 -0.0278143183 0.0333592878
v -0.0118219745 -0.0266917777 0.0349031907
v -0.0135412265 -0.0291187753 0.0316159509
f 721 723 722
v -0.0159008923 -0.0254823972 0.0342238316
v -0.0118219745 -0.0266917777 0.0349031907
v -0.0134877482 -0.0278143183 0.0333592878
f 724 726 725
v -0.0157324583 -0.0237172702 0.0355333177
v -0.0118219745 -0.0266917777 0.0349031907
v -0.0159008923 -0.0254823972 0.0342238316
f 727 729 728
v -0.0165357284 -0.0272623583 0.0314714969
v -0.0134877482 -0.0278143183 0.0333592878
v -0.0135412265 -0.0291187753 0.0316159509
f 730 732 731
v -0.0178356131 -0.0224117684 0.0370697875
v -0.0150956694 -0.0220541042 0.0386136118
v -0.0147537823 -0.023954222 0.0367298431
f 733 735 734
v -0.0191344676 -0.0211794584 0.0378173747
v -0.0150956694 -0.0220541042 0.0386136118
v -0.0178356131 -0.0224117684 0.0370697875
f 736 738 737
v -0.0178356131 -0.0224117684 0.0370697875
v -0.0147537823 -0.023954222 0.0367298431
v -0.0157324583 -0.0237172702 0.0355333177
f 739 741 740
v -0.0207366524 -0.0225178752 0.0339499034
v -0.0202190335 -0.0208775702 0.0352474424
v -0.0202958487 -0.0243502713 0.0328206283
f 742 744 743
v -0.0173248991 -0.0253488455 0.0321033731
v -0.0202958487 -0.0243502713 0.0328206283
v -0.018029043 -0.0236732347 0.033766593
f 745 747 746
v -0.0127741252 -0.0224528136 0.0388355838
v -0.0147537823 -0.023954222 0.0367298431
v -0.0150956694 -0.0220541042 0.0386136118
f 748 750 749
v -0.0157324583 -0.0237172702 0.0355333177
v -0.0147537823 -0.023954222 0.0367298431
v -0.0141395387 -0.024433856 0.0354493561
f 751 753 752
v -0.0050015773 -0.0188567821 0.0422151323
v -0.00115555376 -0.0204009018 0.0420133059
v -0.00796477252 -0.0203056188 0.0407723535
f 754 756 755
v -0.0135412265 -0.0291187753 0.0316159509
v -0.0086350432 -0.0287725619 0.0341786479
v -0.0120828838 -0.0301300344 0.0315866404
f 757 759 758
v -0.0087975699 -0.0254207902 0.0375803036
v -0.00920605598 -0.0240286143 0.038587788
v -0.00455382724 -0.0264506059 0.0377611694
f 760 762 761
v 0.00569393014 -0.0197901521 0.022503428
v 0.00772820786 -0.0138491087 0.0164231489
v 0.00600190106 -0.0214808926 0.0175972717
f 763 765 764
v 0.00569393014 -0.0197901521 0.022503428
v 0.00600190106 -0.0214808926 0.0175972717
v 0.00398290722 -0.0197640184 0.032541313
f 766 768 767
v 0.00600190106 -0.0214808926 0.0175972717
v 0.00785634038 -0.0212065701 0.0107323496
v 0.00456452835 -0.0311599637 0.00883280445
f 769 771 770
v 0.00785634038 -0.0212065701 0.0107323496
v 0.00946583605 -0.0153183602 0.00679418881
v 0.00720418175 -0.0254889281 0.00532092454
f 772 774 773
v 0.0013818586 -0.0341582083 0.0229712663
v 0.000999467011 -0.0347953028 0.024742313
v 0.00197431509 -0.0293681602 0.0269709271
f 775 777 776
v 0.0013818586 -0.0341582083 0.0229712663
v 0.00197431509 -0.0293681602 0.0269709271
v 0.00192254956 -0.0357575336 0.0151368295
f 778 780 779
v 0.00140898555 -0.0355910364 0.0215302643
v 0.001361662 -0.0346764195 0.0221614246
v 0.00192254956 -0.0357575336 0.0151368295
f 781 783 782
v 0.00115449075 -0.0350281276 0.0227635712
v 0.00113253191 -0.0350065937 0.0231486192
v 0.000928852387 -0.035584814 0.0216789122
f 784 786 785
v 0.00117808595 -0.0350394868 0.0223783718
v 0.00115449075 -0.0350281276 0.0227635712
v 0.000928852387 -0.035584814 0.0216789122
f 787 789 788
v -0.00208866186 -0.0337485952 0.02152753
v -0.000835087121 -0.0342639018 0.0227734839
v 0.000696407369 -0.0348252768 0.0219873851
f 790 792 791
v -0.00694368646 -0.0336433266 0.0228200341
v -0.000835087121 -0.0342639018 0.0227734839
v -0.00208866186 -0.0337485952 0.02152753
f 793 795 794
v -0.000835087121 -0.0342639018 0.0227734839
v 0.00111480695 -0.0346041314 0.0228106801
v 0.000696407369 -0.0348252768 0.0219873851
f 796 798 797
v 0.00398290722 -0.0197640184 0.032541313
v 0.00600190106 -0.0214808926 0.0175972717
v 0.00192254956 -0.0357575336 0.0151368295
f 799 801 800
v 0.00456452835 -0.0311599637 0.00883280445
v 0.00785634038 -0.0212065701 0.0107323496
v 0.00720418175 -0.0254889281 0.00532092454
f 802 804 803
v -0.000348706089 -0.0337742793 0.00731632317
v -9.50785761e-05 -0.0332299649 0.00915411365
v 0.000285587157 -0.0344464002 0.0071846167
f 805 807 806
v 0.000511535472 -0.0370087917 0.00946759756
v 0.00196830224 -0.0360681326 0.0104112987
v 0.0010889853 -0.0372687529 0.00964601131
f 808 810 809
v -0.000949567038 -0.0351925526 0.0111148132
v 0.00066851353 -0.0349259644 0.0106023203
v -0.000504843774 -0.0342263666 0.0101804697
f 811 813 812
v -0.00398368356 -0.0350651768 0.0125437509
v -0.00173699882 -0.0358634396 0.0133954934
v -0.00283670743 -0.0347243884 0.0115490177
f 814 816 815
v -0.00283670743 -0.0347243884 0.0115490177
v -0.000504843774 -0.0342263666 0.0101804697
v -0.00221476657 -0.0328156777 0.00840405919
f 817 819 818
v -0.00796115201 -0.0331995514 0.00933222036
v -0.00283670743 -0.0347243884 0.0115490177
v -0.00221476657 -0.0328156777 0.00840405919
f 820 822 821
v -9.50785761e-05 -0.0332299649 0.00915411365
v 0.000173635635 -0.0346379617 0.00912130781
v 0.000285587157 -0.0344464002 0.0071846167
f 823 825 824
v 0.00456452835 -0.0311599637 0.00883280445
v 0.00678433425 -0.0265366805 0.000851011828
v 0.00365064043 -0.0367888191 0.000847019874
f 826 828 827
v -0.00742968186 -0.0331600051 0.0087593995
v -0.00420397482 -0.0329846313 0.00839832355
v -0.00512927727 -0.0347524183 0.00799152476
f 829 831 830
v -0.00748844832 -0.0342783489 0.0102170066
v -0.00398368356 -0.0350651768 0.0125437509
v -0.00796115201 -0.0331995514 0.00933222036
f 832 834 833
v -0.00221476657 -0.0328156777 0.00840405919
v -9.50785761e-05 -0.0332299649 0.00915411365
v -0.000348706089 -0.0337742793 0.00731632317
f 835 837 836
v -0.00420397482 -0.0329846313 0.00839832355
v -0.000348706089 -0.0337742793 0.00731632317
v -0.00512927727 -0.0347524183 0.00799152476
f 838 840 839
v -0.00221476657 -0.0328156777 0.00840405919
v -0.000348706089 -0.0337742793 0.00731632317
v -0.00420397482 -0.0329846313 0.00839832355
f 841 843 842
v -5.73854777e-05 -0.0364687527 0.0142513221
v -0.00173699882 -0.0358634396 0.0133954934
v -0.00319460523 -0.0359585945 0.0136581992
f 844 846 845
v -0.000496978464 -0.0378253928 0.0213920575
v -0.000185353565 -0.0388882385 0.0206721597
v -0.00126365048 -0.0390719273 0.0203316158
f 847 849 848
v -0.000198770431 -0.0396483316 0.0182458578
v -9.40861355e-05 -0.039629516 0.0173892302
v -0.000558530155 -0.0398423377 0.0177461872
f 850 852 851
v -0.00402771984 -0.0394409843 0.0181784621
v -0.00072192197 -0.0401041849 0.0186526187
v -0.000558530155 -0.0398423377 0.0177461872
f 853 855 854
v 0.000719465606 -0.0384243322 0.0125531762
v 0.000376060052 -0.0383012375 0.016031311
v 0.000829160126 -0.0381658814 0.0156560825
f 856 858 857
v 0.00115032162 -0.0390349509 0.00831234938
v 0.000719465606 -0.0384243322 0.0125531762
v 0.00108549284 -0.0385509746 0.0127624095
f 859 861 860
v 0.00115032162 -0.0390349509 0.00831234938
v 0.00141818891 -0.0392746559 0.00826937539
v 0.00107097658 -0.0399701734 0.00800853086
f 862 864 863
v -0.000751820335 -0.0405507482 0.00424837126
v 0.00053845215 -0.0386434287 0.00793356448
v -0.000538898166 -0.0412722613 0.00528213932
f 865 867 866
v -0.00111903864 -0.0413667323 0.00401138823
v -0.000376577373 -0.0426389364 0.00305363355
v -0.00129815962 -0.0418517855 0.00298667983
f 868 870 869
v 0.00053845215 -0.0386434287 0.00793356448
v 0.00128093161 -0.0382692117 0.00921686951
v 0.00115032162 -0.0390349509 0.00831234938
f 871 873 872
v -0.00646617846 -0.0346741377 0.0270419376
v -0.0101815443 -0.033566216 0.0272835721
v -0.00788307079 -0.0332110416 0.0297844002
f 874 876 875
v -0.0101815443 -0.033566216 0.0272835721
v -0.00646617846 -0.0346741377 0.0270419376
v -0.008700342 -0.0344517408 0.024252705
f 877 879 878
v -0.00788307079 -0.0332110416 0.0297844002
v -0.00489581435 -0.0347703084 0.0286652386
v -0.00646617846 -0.0346741377 0.0270419376
f 880 882 881
v -0.0153982488 -0.0316710211 0.0272388424
v -0.0149313055 -0.0312062708 0.0293178047
v -0.0120818964 -0.0320992258 0.0286917784
f 883 885 884
v -0.0188668724 -0.0290924712 0.0293515477
v -0.0135412265 -0.0291187753 0.0316159509
v -0.0149313055 -0.0312062708 0.0293178047
f 886 888 887
v -0.0204995653 -0.0275547587 0.0290032243
v -0.0185911515 -0.0281884364 0.0299089763
v -0.0188668724 -0.0290924712 0.0293515477
f 889 891 890
v -0.0209583028 -0.02536377 0.0314542965
v -0.019526176 -0.0268191419 0.0310849224
v -0.0222947026 -0.0264754664 0.0292342651
f 892 894 893
v -0.0204995653 -0.0275547587 0.0290032243
v -0.0213995692 -0.029411327 0.0279420929
v -0.0243197952 -0.0268013886 0.0270983117
f 895 897 896
v -0.0246853742 -0.0253765145 0.0282413035
v -0.0209583028 -0.02536377 0.0314542965
v -0.0222947026 -0.0264754664 0.0292342651
f 898 900 899
v -0.0188668724 -0.0290924712 0.0293515477
v -0.0184381788 -0.0306294736 0.0277703541
v -0.0213995692 -0.029411327 0.0279420929
f 901 903 902
v -0.0243864488 -0.0246383221 0.0294824829
v -0.0209583028 -0.02536377 0.0314542965
v -0.0246853742 -0.0253765145 0.0282413035
f 904 906 905
v -0.00494585256 -0.0361710001 0.0192712716
v -0.00272619727 -0.036795609 0.0205436503
v -0.00310728283 -0.0386136293 0.0195378903
f 907 909 908
v -0.005897968 -0.0383362698 0.014267856
v -0.000483093754 -0.0376621843 0.0154079637
v -0.00319460523 -0.0359585945 0.0136581992
f 910 912 911
v -0.00442231867 -0.0394451956 0.0164832018
v -0.000483093754 -0.0376621843 0.0154079637
v -0.005897968 -0.0383362698 0.014267856
f 913 915 914
v -0.00442231867 -0.0394451956 0.0164832018
v -9.50458343e-05 -0.0393669208 0.0170871019
v -0.000483093754 -0.0376621843 0.0154079637
f 916 918 917
v -0.00437786803 -0.033638929 0.0206272322
v -0.00360419399 -0.0349663227 0.0202854091
v -0.00494585256 -0.0361710001 0.0192712716
f 919 921 920
v -0.00442231867 -0.0394451956 0.0164832018
v -0.005897968 -0.0383362698 0.014267856
v -0.00986806117 -0.038282547 0.0141723765
f 922 924 923
v -0.00986806117 -0.038282547 0.0141723765
v -0.005897968 -0.0383362698 0.014267856
v -0.0073395131 -0.037805445 0.0136447343
f 925 927 926
v -0.00477531721 -0.0378726574 0.0192320411
v -0.00310728283 -0.0386136293 0.0195378903
v -0.00402771984 -0.0394409843 0.0181784621
f 928 930 929
v -0.000558530155 -0.0398423377 0.0177461872
v -9.50458343e-05 -0.0393669208 0.0170871019
v -0.00442231867 -0.0394451956 0.0164832018
f 931 933 932
v -0.00494585256 -0.0361710001 0.0192712716
v -0.00310728283 -0.0386136293 0.0195378903
v -0.00477531721 -0.0378726574 0.0192320411
f 934 936 935
v -0.008700342 -0.0344517408 0.024252705
v -0.00694368646 -0.0336433266 0.0228200341
v -0.00993247231 -0.0337484031 0.0229790487
f 937 939 938
v -0.00907059512 -0.0327693473 0.0221395239
v -0.00694368646 -0.0336433266 0.0228200341
v -0.00662142338 -0.0330415758 0.0207418751
f 940 942 941
v -0.008700342 -0.0344517408 0.024252705
v -0.0140092132 -0.0327574351 0.0254045008
v -0.0101815443 -0.033566216 0.0272835721
f 943 945 944
v -0.0126008134 -0.0316725782 0.0210280996
v -0.00907059512 -0.0327693473 0.0221395239
v -0.00955648939 -0.0320333493 0.0199351765
f 946 948 947
v -0.0132037385 -0.0331647258 0.0229013924
v -0.00907059512 -0.0327693473 0.0221395239
v -0.0126008134 -0.0316725782 0.0210280996
f 949 951 950
v -0.00993247231 -0.0337484031 0.0229790487
v -0.00694368646 -0.0336433266 0.0228200341
v -0.00907059512 -0.0327693473 0.0221395239
f 952 954 953
v -0.008700342 -0.0344517408 0.024252705
v -0.00993247231 -0.0337484031 0.0229790487
v -0.0132037385 -0.0331647258 0.0229013924
f 955 957 956
v -0.0111828704 -0.0333286938 0.0182659031
v -0.00905630732 -0.0348650879 0.0180445408
v -0.0113244001 -0.0342596235 0.0175441688
f 958 960 959
v -0.0145462356 -0.0324008171 0.0183825454
v -0.0113165443 -0.0321556174 0.0190048493
v -0.0111828704 -0.0333286938 0.0182659031
f 961 963 962
v -0.0145462356 -0.0324008171 0.0183825454
v -0.0111828704 -0.0333286938 0.0182659031
v -0.0113244001 -0.0342596235 0.0175441688
f 964 966 965
v -0.0145462356 -0.0324008171 0.0183825454
v -0.0113244001 -0.0342596235 0.0175441688
v -0.01167835 -0.0357408426 0.0172339001
f 967 969 968
v -0.00972620837 -0.0368130626 0.0172737215
v -0.00494585256 -0.0361710001 0.0192712716
v -0.00721308606 -0.0376111071 0.0177071139
f 970 972 971
v -0.00972620837 -0.0368130626 0.0172737215
v -0.00721308606 -0.0376111071 0.0177071139
v -0.00775936423 -0.0386967906 0.0160354495
f 973 975 974
v -0.0126008134 -0.0316725782 0.0210280996
v -0.00955648939 -0.0320333493 0.0199351765
v -0.0127555017 -0.031500074 0.0196766807
f 976 978 977
v -0.005897968 -0.0383362698 0.014267856
v -0.00545140392 -0.0362131017 0.0129187858
v -0.0073395131 -0.037805445 0.0136447343
f 979 981 980
v -0.000866273331 -0.0390629313 0.00468272628
v -0.000289308082 -0.0375337753 0.0078787918
v 0.00053845215 -0.0386434287 0.00793356448
f 982 984 983
v -0.00121344128 -0.0405734492 0.00183339034
v -0.00445514706 -0.0398071046 0.00275217062
v -0.00122965357 -0.0403277052 0.00299610983
f 985 987 986
v -0.00122965357 -0.0403277052 0.00299610983
v -0.00262817484 -0.0373596878 0.00615454846
v -0.000866273331 -0.0390629313 0.00468272628
f 988 990 989
v -0.00657750934 -0.0378387369 0.00466388374
v -0.00576516504 -0.036483162 0.00664852923
v -0.00262817484 -0.0373596878 0.00615454846
f 991 993 992
v -0.00657750934 -0.0378387369 0.00466388374
v -0.00262817484 -0.0373596878 0.00615454846
v -0.00834273596 -0.0392158516 0.00199156275
f 994 996 995
v -0.00841622459 -0.0361582963 0.0115969895
v -0.00545140392 -0.0362131017 0.0129187858
v -0.00927969231 -0.034430236 0.0106215375
f 997 999 998
v -0.0118677563 -0.031414078 0.010088925
v -0.0116100455 -0.0332176132 0.00900302184
v -0.0130176544 -0.0330306939 0.00914795164
f 1000 1002 1001
v -0.0118852557 -0.0348241883 0.00703812548
v -0.0130176544 -0.0330306939 0.00914795164
v -0.0116100455 -0.0332176132 0.00900302184
f 1003 1005 1004
v -0.0119688324 -0.0368394773 0.0125172097
v -0.00868034549 -0.0377082004 0.0130521294
v -0.00841622459 -0.0361582963 0.0115969895
f 1006 1008 1007
v -0.0119688324 -0.0368394773 0.0125172097
v -0.00927969231 -0.034430236 0.0106215375
v -0.0131814973 -0.0347852969 0.0117240561
f 1009 1011 1010
v -0.00796115201 -0.0331995514 0.00933222036
v -0.0105975261 -0.0323899556 0.00986061059
v -0.00927969231 -0.034430236 0.0106215375
f 1012 1014 1013
v -0.00946731743 -0.0348347065 0.00739307216
v -0.00512927727 -0.0347524183 0.00799152476
v -0.00576516504 -0.036483162 0.00664852923
f 1015 1017 1016
v -0.0119152639 -0.0369304093 0.00429946376
v -0.00946731743 -0.0348347065 0.00739307216
v -0.00576516504 -0.036483162 0.00664852923
f 1018 1020 1019
v -0.0137233495 -0.0345144043 0.00767967649
v -0.0118852557 -0.0348241883 0.00703812548
v -0.0164784695 -0.0350400427 0.00624454769
f 1021 1023 1022
v -0.00576516504 -0.036483162 0.00664852923
v -0.00657750934 -0.0378387369 0.00466388374
v -0.0119152639 -0.0369304093 0.00429946376
f 1024 1026 1025
v -0.0118852557 -0.0348241883 0.00703812548
v -0.0110839996 -0.0342382031 0.00825565949
v -0.00946731743 -0.0348347065 0.00739307216
f 1027 1029 1028
v -0.0118852557 -0.0348241883 0.00703812548
v -0.0116100455 -0.0332176132 0.00900302184
v -0.0110839996 -0.0342382031 0.00825565949
f 1030 1032 1031
v -0.0164793833 -0.0312041288 0.0211642211
v -0.0132037385 -0.0331647258 0.0229013924
v -0.0126008134 -0.0316725782 0.0210280996
f 1033 1035 1034
v -0.0127555017 -0.031500074 0.0196766807
v -0.0153487446 -0.0307128794 0.0205699558
v -0.0126008134 -0.0316725782 0.0210280996
f 1036 1038 1037
v -0.0153487446 -0.0307128794 0.0205699558
v -0.0164793833 -0.0312041288 0.0211642211
v -0.0126008134 -0.0316725782 0.0210280996
f 1039 1041 1040
v -0.0140092132 -0.0327574351 0.0254045008
v -0.0163316552 -0.0319376646 0.022726506
v -0.0175438472 -0.0317417056 0.0258034968
f 1042 1044 1043
v -0.0132037385 -0.0331647258 0.0229013924
v -0.0163316552 -0.0319376646 0.022726506
v -0.0140092132 -0.0327574351 0.0254045008
f 1045 1047 1046
v -0.0190883526 -0.0311431329 0.0226981894
v -0.0175438472 -0.0317417056 0.0258034968
v -0.0163316552 -0.0319376646 0.022726506
f 1048 1050 1049
v -0.0157678413 -0.0307705748 0.0198140318
v -0.0127555017 -0.031500074 0.0196766807
v -0.0145462356 -0.0324008171 0.0183825454
f 1051 1053 1052
v -0.0180849253 -0.0342284096 0.0179915063
v -0.0145462356 -0.0324008171 0.0183825454
v -0.01167835 -0.0357408426 0.0172339001
f 1054 1056 1055
v -0.0145462356 -0.0324008171 0.0183825454
v -0.0195725035 -0.0325541798 0.0188186168
v -0.0186604651 -0.0311755895 0.0193266082
f 1057 1059 1058
v -0.0222327493 -0.0299014413 0.0266167248
v -0.0175438472 -0.0317417056 0.0258034968
v -0.0210758662 -0.0311732874 0.0243506816
f 1060 1062 1061
v -0.0240307403 -0.0309628173 0.0217085093
v -0.0190883526 -0.0311431329 0.0226981894
v -0.0232946666 -0.0306317554 0.0203680975
f 1063 1065 1064
v -0.0250769546 -0.0235353524 0.0276389124
v -0.0243197952 -0.0268013886 0.0270983117
v -0.0241896283 -0.0294095895 0.0257825508
f 1066 1068 1067
v -0.0241896283 -0.0294095895 0.0257825508
v -0.0222327493 -0.0299014413 0.0266167248
v -0.0239545116 -0.0301518507 0.024109066
f 1069 1071 1070
v -0.0239545116 -0.0301518507 0.024109066
v -0.0210758662 -0.0311732874 0.0243506816
v -0.0240307403 -0.0309628173 0.0217085093
f 1072 1074 1073
v -0.0228773017 -0.0309669733 0.0192916079
v -0.0232946666 -0.0306317554 0.0203680975
v -0.0216254222 -0.0305825029 0.0201066126
f 1075 1077 1076
v -0.0229280791 -0.0335150195 0.0178786722
v -0.0180849253 -0.0342284096 0.0179915063
v -0.0210982631 -0.0352789706 0.0164738376
f 1078 1080 1079
v -0.022741608 -0.0350013172 0.0160417199
v -0.019065183 -0.0357565266 0.014456769
v -0.0231441329 -0.0346521876 0.014456005
f 1081 1083 1082
v -0.024011299 -0.0315690035 0.0177750451
v -0.0227261422 -0.0318846229 0.0186795631
v -0.0229280791 -0.0335150195 0.0178786722
f 1084 1086 1085
v -0.0229280791 -0.0335150195 0.0178786722
v -0.0210982631 -0.0352789706 0.0164738376
v -0.022741608 -0.0350013172 0.0160417199
f 1087 1089 1088
v -0.0231441329 -0.0346521876 0.014456005
v -0.0237010565 -0.0329387985 0.0143261102
v -0.0229280791 -0.0335150195 0.0178786722
f 1090 1092 1091
v -0.0240307403 -0.0309628173 0.0217085093
v -0.0234740088 -0.0312351767 0.0210997881
v -0.024011299 -0.0315690035 0.0177750451
f 1093 1095 1094
v -0.0210758662 -0.0311732874 0.0243506816
v -0.0175438472 -0.0317417056 0.0258034968
v -0.0190883526 -0.0311431329 0.0226981894
f 1096 1098 1097
v -0.0227261422 -0.0318846229 0.0186795631
v -0.0180849253 -0.0342284096 0.0179915063
v -0.0229280791 -0.0335150195 0.0178786722
f 1099 1101 1100
v -0.0227261422 -0.0318846229 0.0186795631
v -0.0195725035 -0.0325541798 0.0188186168
v -0.0180849253 -0.0342284096 0.0179915063
f 1102 1104 1103
v -0.0148352818 -0.0319142448 0.0112354719
v -0.0132476373 -0.0313506374 0.0104713632
v -0.016414831 -0.0309967611 0.0104382474
f 1105 1107 1106
v -0.0190894498 -0.0310419331 0.011508177
v -0.0148352818 -0.0319142448 0.0112354719
v -0.0186825826 -0.0306728296 0.0109935041
f 1108 1110 1109
v -0.016141095 -0.0340425177 0.0116272473
v -0.0148352818 -0.0319142448 0.0112354719
v -0.0190894498 -0.0310419331 0.011508177
f 1111 1113 1112
v -0.0145452883 -0.0335310207 0.00858896747
v -0.0134050497 -0.0323238521 0.0101824837
v -0.0130176544 -0.0330306939 0.00914795164
f 1114 1116 1115
v -0.016141095 -0.0340425177 0.0116272473
v -0.0190894498 -0.0310419331 0.011508177
v -0.0235546468 -0.032643805 0.0124136248
f 1117 1119 1118
v -0.0208407349 -0.0323195505 0.0102774342
v -0.0238374632 -0.0304142741 0.0112916445
v -0.0177372131 -0.0323840068 0.00967239685
f 1120 1122 1121
v -0.0188745122 -0.0338846439 0.00837758271
v -0.0177372131 -0.0323840068 0.00967239685
v -0.0145452883 -0.0335310207 0.00858896747
f 1123 1125 1124
v -0.016414831 -0.0309967611 0.0104382474
v -0.0186825826 -0.0306728296 0.0109935041
v -0.0148352818 -0.0319142448 0.0112354719
f 1126 1128 1127
v -0.0239166358 -0.032104025 0.00735939975
v -0.0265864655 -0.0254052255 0.0127565945
v -0.0249046599 -0.0295772537 0.0114769638
f 1129 1131 1130
v -0.0242049224 -0.0304827787 0.0122361642
v -0.0235546468 -0.032643805 0.0124136248
v -0.0216833461 -0.0305756141 0.0116505806
f 1132 1134 1133
v -0.0241100352 -0.0312467309 0.0105784478
v -0.0238374632 -0.0304142741 0.0112916445
v -0.0208407349 -0.0323195505 0.0102774342
f 1135 1137 1136
v -0.0241100352 -0.0312467309 0.0105784478
v -0.0229452533 -0.032510428 0.00949744863
v -0.0241999107 -0.031496663 0.0100086254
f 1138 1140 1139
v -0.0241999107 -0.031496663 0.0100086254
v -0.0239166358 -0.032104025 0.00735939975
v -0.0242993774 -0.0309771392 0.00935753778
f 1141 1143 1142
v -0.0242779031 -0.0314229197 0.0113955073
v -0.0248503406 -0.0305163732 0.0108501314
v -0.0248345081 -0.0308600225 0.0123485108
f 1144 1146 1145
v -0.0243427799 -0.0312321092 0.0118017735
v -0.0243599963 -0.0312208926 0.0121425903
v -0.0242779031 -0.0314229197 0.0113955073
f 1147 1149 1148
v -0.0239166358 -0.032104025 0.00735939975
v -0.0249046599 -0.0295772537 0.0114769638
v -0.0242993774 -0.0309771392 0.00935753778
f 1150 1152 1151
v -0.019065183 -0.0357565266 0.014456769
v -0.0146901119 -0.036362317 0.0130499277
v -0.0194654727 -0.0342690793 0.0124708662
f 1153 1155 1154
v -0.019065183 -0.0357565266 0.014456769
v -0.0146244449 -0.0368352892 0.0147429251
v -0.0146901119 -0.036362317 0.0130499277
f 1156 1158 1157
v -0.0231441329 -0.0346521876 0.014456005
v -0.019065183 -0.0357565266 0.014456769
v -0.0194654727 -0.0342690793 0.0124708662
f 1159 1161 1160
v -0.0164080251 -0.0368622103 0.00390407513
v -0.0195879678 -0.0353796466 0.00543331844
v -0.0164784695 -0.0350400427 0.00624454769
f 1162 1164 1163
v -0.0195879678 -0.0353796466 0.00543331844
v -0.0164080251 -0.0368622103 0.00390407513
v -0.019467267 -0.0366060005 0.00264270002
f 1165 1167 1166
v -0.0235546468 -0.032643805 0.0124136248
v -0.0231441329 -0.0346521876 0.014456005
v -0.0194654727 -0.0342690793 0.0124708662
f 1168 1170 1169
v -0.0231441329 -0.0346521876 0.014456005
v -0.0240036999 -0.0331481075 0.0133495123
v -0.0237010565 -0.0329387985 0.0143261102
f 1171 1173 1172
v -0.023059317 -0.0345235545 0.00493825864
v -0.0215212815 -0.0355121854 0.00481544848
v -0.022903143 -0.0353545591 0.00378637124
f 1174 1176 1175
v -0.0240178866 -0.0334511016 0.00355314332
v -0.022903143 -0.0353545591 0.00378637124
v -0.0235727886 -0.034802765 0.00193398737
f 1177 1179 1178
v -0.0188745122 -0.0338846439 0.00837758271
v -0.0145452883 -0.0335310207 0.00858896747
v -0.0164784695 -0.0350400427 0.00624454769
f 1180 1182 1181
v -0.0145452883 -0.0335310207 0.00858896747
v -0.0130176544 -0.0330306939 0.00914795164
v -0.0137233495 -0.0345144043 0.00767967649
f 1183 1185 1184
v 0.000200418435 -0.0390534755 0.0170421714
v 0.000796975655 -0.0380999176 0.0159578383
v 0.000829160126 -0.0381658814 0.0156560825
f 1186 1188 1187
v 0.000960160105 -0.0381024875 0.0140841352
v 0.000752846245 -0.0377315708 0.0154748093
v 0.000719465606 -0.0384243322 0.0125531762
f 1189 1191 1190
v 0.00108549284 -0.0385509746 0.0127624095
v 0.00189531493 -0.038999322 0.00791694911
v 0.00115032162 -0.0390349509 0.00831234938
f 1192 1194 1193
v -0.00494585256 -0.0361710001 0.0192712716
v -0.00360419399 -0.0349663227 0.0202854091
v -0.00272619727 -0.036795609 0.0205436503
f 1195 1197 1196
v 0.00117523159 -0.035186173 0.024253226
v 0.00109722314 -0.0351182505 0.0243264833
v 0.0011210017 -0.0349756883 0.0235332991
f 1198 1200 1199
v 0.00117523159 -0.035186173 0.024253226
v 0.00113253191 -0.0350065937 0.0231486192
v 0.00115449075 -0.0350281276 0.0227635712
f 1201 1203 1202
v 0.00140898555 -0.0355910364 0.0215302643
v 0.00117808595 -0.0350394868 0.0223783718
v 0.00122100173 -0.0350511138 0.0220573638
f 1204 1206 1205
v 0.00117523159 -0.035186173 0.024253226
v 0.0011210017 -0.0349756883 0.0235332991
v 0.00113253191 -0.0350065937 0.0231486192
f 1207 1209 1208
v 0.000928852387 -0.035584814 0.0216789122
v 0.00109722314 -0.0351182505 0.0243264833
v 0.00117523159 -0.035186173 0.024253226
f 1210 1212 1211
v -0.00505774951 -0.0350002287 0.0242498907
v -0.00646617846 -0.0346741377 0.0270419376
v -0.00489581435 -0.0347703084 0.0286652386
f 1213 1215 1214
v -0.0140930802 -0.0014852184 0.0414485985
v -0.0130553992 -0.00512805746 0.0420260767
v -0.0149574087 -0.00763018397 0.0416717667
f 1216 1218 1217
v -0.0208744634 -0.00180786556 0.0398840435
v -0.015464022 0.000432889919 0.0406627631
v -0.0195009314 -0.00519624409 0.040575373
f 1219 1221 1220
v -0.0140930802 -0.0014852184 0.0414485985
v -0.0171077641 -0.00436183 0.0410200155
v -0.015464022 0.000432889919 0.0406627631
f 1222 1224 1223
v -0.0178462709 -0.00934882701 0.0409204193
v -0.0171077641 -0.00436183 0.0410200155
v -0.0149574087 -0.00763018397 0.0416717667
f 1225 1227 1226
v -0.0195009314 -0.00519624409 0.040575373
v -0.0171077641 -0.00436183 0.0410200155
v -0.0178462709 -0.00934882701 0.0409204193
f 1228 1230 1229
v -0.0195009314 -0.00519624409 0.040575373
v -0.0178462709 -0.00934882701 0.0409204193
v -0.0195623958 -0.0119925135 0.0403411774
f 1231 1233 1232
v -0.0209495251 -0.00394219787 0.0404338585
v -0.0195009314 -0.00519624409 0.040575373
v -0.0218319736 -0.00433286659 0.0398501579
f 1234 1236 1235
v -0.0251358288 -0.00380775127 0.0388345565
v -0.0208744634 -0.00180786556 0.0398840435
v -0.0218319736 -0.00433286659 0.0398501579
f 1237 1239 1238
v -0.0218319736 -0.00433286659 0.0398501579
v -0.0195623958 -0.0119925135 0.0403411774
v -0.0231283761 -0.00763911157 0.0395812822
f 1240 1242 1241
v -0.0195009314 -0.00519624409 0.040575373
v -0.0195623958 -0.0119925135 0.0403411774
v -0.0218319736 -0.00433286659 0.0398501579
f 1243 1245 1244
v -0.0251358288 -0.00380775127 0.0388345565
v -0.0218319736 -0.00433286659 0.0398501579
v -0.0231283761 -0.00763911157 0.0395812822
f 1246 1248 1247
v -0.0240247318 0.00386558058 0.0372757582
v -0.023039442 0.00797230387 0.0355036085
v -0.0214841042 0.00442558485 0.0377832068
f 1249 1251 1250
v -0.0273671176 0.000862440629 0.036434934
v -0.025967526 0.00214310967 0.0370763009
v -0.0276334118 -0.000833935064 0.0371852278
f 1252 1254 1253
v -0.0277451414 0.0064799191 0.0324090681
v -0.0274001912 0.00402697588 0.0350277725
v -0.0273671176 0.000862440629 0.036434934
f 1255 1257 1256
v -0.0274001912 0.00402697588 0.0350277725
v -0.0240247318 0.00386558058 0.0372757582
v -0.025967526 0.00214310967 0.0370763009
f 1258 1260 1259
v -0.0277451414 0.0064799191 0.0324090681
v -0.027949299 0.00608945666 0.0345204084
v -0.0274001912 0.00402697588 0.0350277725
f 1261 1263 1262
v -0.0272290257 -0.00312238299 0.0374414696
v -0.0273671176 0.000862440629 0.036434934
v -0.0276334118 -0.000833935064 0.0371852278
f 1264 1266 1265
v -0.0274623977 -0.00839273416 0.0347740774
v -0.0291486911 -0.00880991647 0.0271958677
v -0.0271833502 -0.00573637044 0.0373649818
f 1267 1269 1268
v -0.0286541734 -0.00074935424 0.0280315697
v -0.0272290257 -0.00312238299 0.0374414696
v -0.0291486911 -0.00880991647 0.0271958677
f 1270 1272 1271
v -0.0170466257 -0.0138483985 0.0406507985
v -0.0177316018 -0.0174965026 0.0397290918
v -0.0224973555 -0.0135383743 0.0391337147
f 1273 1275 1274
v -0.0224973555 -0.0135383743 0.0391337147
v -0.019187032 -0.0198553942 0.0386537751
v -0.0235623913 -0.0167541148 0.0380524929
f 1276 1278 1277
v -0.0277505111 -0.0166441867 0.027138897
v -0.0274623977 -0.00839273416 0.0347740774
v -0.0260810571 -0.0119675999 0.0374966505
f 1279 1281 1280
v -0.0271541649 -0.00855259932 0.0371636648
v -0.0260810571 -0.0119675999 0.0374966505
v -0.0274623977 -0.00839273416 0.0347740774
f 1282 1284 1283
v -0.0277505111 -0.0166441867 0.027138897
v -0.0291486911 -0.00880991647 0.0271958677
v -0.0274623977 -0.00839273416 0.0347740774
f 1285 1287 1286
v -0.0231953323 -0.0186983758 0.0367696426
v -0.0191344676 -0.0211794584 0.0378173747
v -0.0213743944 -0.0201606133 0.0367210916
f 1288 1290 1289
v -0.0229865531 -0.0215260749 0.03241956
v -0.0207366524 -0.0225178752 0.0339499034
v -0.0220730843 -0.0228457502 0.032888315
f 1291 1293 1292
v -0.0231538899 -0.0197317553 0.0336872501
v -0.0207366524 -0.0225178752 0.0339499034
v -0.0229865531 -0.0215260749 0.03241956
f 1294 1296 1295
v -0.0231953323 -0.0186983758 0.0367696426
v -0.0235623913 -0.0167541148 0.0380524929
v -0.0191344676 -0.0211794584 0.0378173747
f 1297 1299 1298
v -0.024770145 -0.0177346039 0.0339167804
v -0.0231538899 -0.0197317553 0.0336872501
v -0.0229865531 -0.0215260749 0.03241956
f 1300 1302 1301
v -0.0277505111 -0.0166441867 0.027138897
v -0.024770145 -0.0177346039 0.0339167804
v -0.0250769546 -0.0235353524 0.0276389124
f 1303 1305 1304
v -0.0245027448 -0.0203477757 0.0310462259
v -0.0229865531 -0.0215260749 0.03241956
v -0.0243864488 -0.0246383221 0.0294824829
f 1306 1308 1307
v -0.0274623977 -0.00839273416 0.0347740774
v -0.0271833502 -0.00573637044 0.0373649818
v -0.0271541649 -0.00855259932 0.0371636648
f 1309 1311 1310
v -0.0178462709 -0.00934882701 0.0409204193
v -0.0170466257 -0.0138483985 0.0406507985
v -0.0195623958 -0.0119925135 0.0403411774
f 1312 1314 1313
v -0.025967526 0.00214310967 0.0370763009
v -0.0214829866 0.00150376391 0.03904982
v -0.0276334118 -0.000833935064 0.0371852278
f 1315 1317 1316
v -0.0272290257 -0.00312238299 0.0374414696
v -0.0251358288 -0.00380775127 0.0388345565
v -0.0263310038 -0.00764711513 0.0382116647
f 1318 1320 1319
v -0.0263310038 -0.00764711513 0.0382116647
v -0.0235623913 -0.0167541148 0.0380524929
v -0.0260810571 -0.0119675999 0.0374966505
f 1321 1323 1322
v -0.0302597065 -0.00334255928 0.0134076836
v -0.0310240604 -0.00663785249 0.0178181028
v -0.0304080313 -0.0147858795 0.0103205501
f 1324 1326 1325
v -0.0304080313 -0.0147858795 0.0103205501
v -0.0305560359 -0.00548642747 0.0060147504
v -0.0302597065 -0.00334255928 0.0134076836
f 1327 1329 1328
v -0.0305560359 -0.00548642747 0.0060147504
v -0.0304080313 -0.0147858795 0.0103205501
v -0.0302079105 -0.0143047888 0.0052026342
f 1330 1332 1331
v -0.0305560359 -0.00548642747 0.0060147504
v -0.0302079105 -0.0143047888 0.0052026342
v -0.0308592949 -0.0092536291 0.000845669456
f 1333 1335 1334
v -0.0308592949 -0.0092536291 0.000845669456
v -0.0305490219 -0.00329267023 0.000845047634
v -0.0305560359 -0.00548642747 0.0060147504
f 1336 1338 1337
v -0.0286541734 -0.00074935424 0.0280315697
v -0.0307350245 -0.00829018172 0.0204725729
v -0.0287278235 0.00703159676 0.0229630808
f 1339 1341 1340
v -0.0290748198 0.00371135648 0.011349823
v -0.0305560359 -0.00548642747 0.0060147504
v -0.0305490219 -0.00329267023 0.000845047634
f 1342 1344 1343
v -0.0290717348 0.0049356222 0.0179773124
v -0.0290748198 0.00371135648 0.011349823
v -0.029294283 0.00471814528 0.00527388038
f 1345 1347 1346
v -0.0274595339 -0.0217931389 0.0222983057
v -0.0304276589 -0.0171436113 0.0159735937
v -0.0305173628 -0.0141913246 0.0195633824
f 1348 1350 1349
v -0.0311585347 -0.0126678206 0.0165497186
v -0.0307350245 -0.00829018172 0.0204725729
v -0.0305173628 -0.0141913246 0.0195633824
f 1351 1353 1352
v -0.0274595339 -0.0217931389 0.0222983057
v -0.0305173628 -0.0141913246 0.0195633824
v -0.0277505111 -0.0166441867 0.027138897
f 1354 1356 1355
v -0.0284208334 -0.022003999 0.0152653301
v -0.0274595339 -0.0217931389 0.0222983057
v -0.0259633816 -0.025398712 0.0207861071
f 1357 1359 1358
v -0.0304080313 -0.0147858795 0.0103205501
v -0.0304276589 -0.0171436113 0.0159735937
v -0.0284910435 -0.0214987042 0.0102390914
f 1360 1362 1361
v -0.0302883564 -0.0139540309 0.000844272836
v -0.0302079105 -0.0143047888 0.0052026342
v -0.0276251347 -0.02366267 0.00327345406
f 1363 1365 1364
v -0.0302883564 -0.0139540309 0.000844272836
v -0.0308592949 -0.0092536291 0.000845669456
v -0.0302079105 -0.0143047888 0.0052026342
f 1366 1368 1367
v -0.0276251347 -0.02366267 0.00327345406
v -0.0304080313 -0.0147858795 0.0103205501
v -0.0284910435 -0.0214987042 0.0102390914
f 1369 1371 1370
v -0.0265864655 -0.0254052255 0.0127565945
v -0.0276251347 -0.02366267 0.00327345406
v -0.0284910435 -0.0214987042 0.0102390914
f 1372 1374 1373
v -0.0276251347 -0.02366267 0.00327345406
v -0.0302079105 -0.0143047888 0.0052026342
v -0.0304080313 -0.0147858795 0.0103205501
f 1375 1377 1376
v -0.0250769546 -0.0235353524 0.0276389124
v -0.0243864488 -0.0246383221 0.0294824829
v -0.0246853742 -0.0253765145 0.0282413035
f 1378 1380 1379
v -0.0250769546 -0.0235353524 0.0276389124
v -0.0246853742 -0.0253765145 0.0282413035
v -0.0243197952 -0.0268013886 0.0270983117
f 1381 1383 1382
v -0.0277451414 0.0064799191 0.0324090681
v -0.0275122991 0.00814197047 0.0334386685
v -0.0274820835 0.00797129105 0.0337655365
f 1384 1386 1385
v -0.0275922066 0.00806986136 0.0327280461
v -0.0274809659 0.00812241706 0.033438846
v -0.0277451414 0.0064799191 0.0324090681
f 1387 1389 1388
v 0.00617003243 0.0207527322 0.0266266754
v 0.00623173109 0.0199976188 0.0286725903
v 0.00184800519 0.0204767406 0.0294454891
f 1390 1392 1391
v 0.00656831835 0.0212066909 0.0246686686
v 0.00617003243 0.0207527322 0.0266266754
v 0.00649939902 0.0223085182 0.0220283764
f 1393 1395 1394
v -0.0213743944 -0.0201606133 0.0367210916
v -0.0176474496 -0.0219996859 0.0348611909
v -0.0202190335 -0.0208775702 0.0352474424
f 1396 1398 1397
v -0.00104221399 -0.0421443605 0.000846741841
v -0.00111903864 -0.0413667323 0.00401138823
v -0.00129815962 -0.0418517855 0.00298667983
f 1399 1401 1400
v -0.022903143 -0.0353545591 0.00378637124
v -0.019467267 -0.0366060005 0.00264270002
v -0.0221028997 -0.0360611448 0.00084803105
f 1402 1404 1403
v -0.0235555417 -0.0342618529 0.000839210406
v -0.0240178866 -0.0334511016 0.00355314332
v -0.0235727886 -0.034802765 0.00193398737
f 1405 1407 1406
v -0.0103541926 -0.0385435589 0.000850544802
v -0.00834273596 -0.0392158516 0.00199156275
v -0.00445514706 -0.0398071046 0.00275217062
f 1408 1410 1409
v -0.0135409078 -0.0377124728 0.00253546878
v -0.0112665599 -0.0381964288 0.00271495992
v -0.0103541926 -0.0385435589 0.000850544802
f 1411 1413 1412
v -0.0235727886 -0.034802765 0.00193398737
v -0.0221028997 -0.0360611448 0.00084803105
v -0.0235555417 -0.0342618529 0.000839210406
f 1414 1416 1415
v -0.00445514706 -0.0398071046 0.00275217062
v -0.00121344128 -0.0405734492 0.00183339034
v -0.00118059761 -0.0403342157 0.000841938981
f 1417 1419 1418
v -0.0103541926 -0.0385435589 0.000850544802
v -0.0174088098 -0.0372772833 0.000848472155
v -0.0135409078 -0.0377124728 0.00253546878
f 1420 1422 1421
v -0.00605369496 0.0283508445 0.000845709746
v -0.0125298524 0.0289672433 0.00412549634
v -0.0138102376 0.0290465628 0.000846073362
f 1423 1425 1424
v 0.00644760439 0.020433632 -0.0249461329
v 0.00631231378 0.0201269126 -0.0266240851
v 0.00593010045 0.0183585027 -0.029237289
f 1426 1428 1427
v 0.00661150698 0.0211216087 -0.022995146
v 0.00593010045 0.0183585027 -0.029237289
v 0.00664562249 0.0171102598 -0.022220792
f 1429 1431 1430
v 0.00593010045 0.0183585027 -0.029237289
v 0.00535283471 0.0169238148 -0.0308914285
v 0.0052057454 0.0155963455 -0.0302086235
f 1432 1434 1433
v 0.00661150698 0.0211216087 -0.022995146
v 0.00664562249 0.0171102598 -0.022220792
v 0.00653618772 0.0221068956 -0.020776497
f 1435 1437 1436
v 0.00664562249 0.0171102598 -0.022220792
v 0.00831008074 0.012305782 -0.0137716721
v 0.00735934736 0.023402214 -0.0110571942
f 1438 1440 1439
v 0.0078900106 0.0246582786 -0.00110834262
v 0.00747283775 0.0243576083 -0.00748524544
v 0.00735934736 0.023402214 -0.0110571942
f 1441 1443 1442
v 0.0078900106 0.0246582786 -0.00110834262
v 0.00986500236 0.0109872875 -0.00415506802
v 0.00773641514 0.0248042692 0.000850056858
f 1444 1446 1445
v 0.00311590265 0.0125209466 -0.0369175308
v 0.0023550514 0.0133694892 -0.036074908
v -0.00198698544 0.0122322395 -0.0364187435
f 1447 1449 1448
v 0.00361204584 0.00482935247 -0.0405708997
v 0.00409895729 0.00391649919 -0.0378955738
v 0.00407218758 0.00659829457 -0.0397889147
f 1450 1452 1451
v 0.00409895729 0.00391649919 -0.0378955738
v 0.00431962399 0.00760434414 -0.0392074668
v 0.00407218758 0.00659829457 -0.0397889147
f 1453 1455 1454
v 0.00132731584 0.00954327916 -0.0385275926
v 0.00372393552 0.008696234 -0.0387676031
v 0.00321640109 0.0096589858 -0.0384267361
f 1456 1458 1457
v 0.00321640109 0.0096589858 -0.0384267361
v 0.00372393552 0.008696234 -0.0387676031
v 0.00406723557 0.00894970945 -0.0352454255
f 1459 1461 1460
v 0.00321640109 0.0096589858 -0.0384267361
v 0.00361830898 0.0110640809 -0.0376899028
v 0.00132731584 0.00954327916 -0.0385275926
f 1462 1464 1463
v 0.00320277613 0.0156696609 -0.0334844488
v 0.00278797379 0.0162999422 -0.032801443
v 0.00427291816 0.0169807943 -0.0329988368
f 1465 1467 1466
v 0.00289682648 0.0157003538 -0.0330603594
v 0.00415553513 0.015553688 -0.0328237016
v 0.00251098463 0.0158259601 -0.0326919253
f 1468 1470 1469
v 0.00444610778 0.0177828144 -0.0300559477
v 0.00426431943 0.019265934 -0.0297038438
v 0.00307291193 0.0171193693 -0.0314067409
f 1471 1473 1472
v 0.00496119173 0.0167337435 -0.03118022
v 0.00518816814 0.0168173792 -0.0312684657
v 0.00444610778 0.0177828144 -0.0300559477
f 1474 1476 1475
v 0.00368233013 0.0152129258 -0.0351284572
v 0.0037114849 0.0140002623 -0.035756547
v 0.00424175232 0.0149000276 -0.0342557032
f 1477 1479 1478
v 0.0052057454 0.0155963455 -0.0302086235
v 0.00379792764 0.0127128107 -0.0355357712
v 0.00406723557 0.00894970945 -0.0352454255
f 1480 1482 1481
v 0.00436457485 0.0150618042 -0.0333008647
v 0.00379792764 0.0127128107 -0.0355357712
v 0.0052057454 0.0155963455 -0.0302086235
f 1483 1485 1484
v 0.00504933269 0.0019150666 -0.0332325959
v 0.00406723557 0.00894970945 -0.0352454255
v 0.00409895729 0.00391649919 -0.0378955738
f 1486 1488 1487
v 0.00729971362 0.00864260001 -0.0214175001
v 0.00406723557 0.00894970945 -0.0352454255
v 0.00697797659 0.00302312073 -0.0258766173
f 1489 1491 1490
v 0.0052057454 0.0155963455 -0.0302086235
v 0.00406723557 0.00894970945 -0.0352454255
v 0.00729971362 0.00864260001 -0.0214175001
f 1492 1494 1493
v 0.00504933269 0.0019150666 -0.0332325959
v 0.00697797659 0.00302312073 -0.0258766173
v 0.00406723557 0.00894970945 -0.0352454255
f 1495 1497 1496
v 0.002723543 -0.000784860185 -0.0423675228
v -0.00160007257 -0.00155944399 -0.0423507649
v 0.00297009829 -0.00223736752 -0.0428567291
f 1498 1500 1499
v 0.00361204584 0.00482935247 -0.0405708997
v 0.00328400929 0.0034498571 -0.0412597583
v 0.00409895729 0.00391649919 -0.0378955738
f 1501 1503 1502
v 0.00328400929 0.0034498571 -0.0412597583
v 0.00303925335 0.00206501827 -0.0416476454
v 0.00409895729 0.00391649919 -0.0378955738
f 1504 1506 1505
v -0.00319175015 0.00463520955 -0.0402152189
v 0.00187730038 0.0052309897 -0.0404861115
v -0.00117735981 0.00763536591 -0.0393704366
f 1507 1509 1508
v -0.00439003124 0.00648823407 -0.0394306611
v -0.00319175015 0.00463520955 -0.0402152189
v -0.00299713865 0.0088636305 -0.0383218256
f 1510 1512 1511
v 0.00266428906 0.000761087995 -0.0420526427
v 0.00303925335 0.00206501827 -0.0416476454
v -0.00202926385 0.0017632683 -0.0415773888
f 1513 1515 1514
v -0.00160007257 -0.00155944399 -0.0423507649
v 0.00266428906 0.000761087995 -0.0420526427
v -0.00202926385 0.0017632683 -0.0415773888
f 1516 1518 1517
v -0.00569524018 0.00334657634 -0.0403111073
v -0.00202926385 0.0017632683 -0.0415773888
v -0.00319175015 0.00463520955 -0.0402152189
f 1519 1521 1520
v 0.00303925335 0.00206501827 -0.0416476454
v 0.00328400929 0.0034498571 -0.0412597583
v -0.00202926385 0.0017632683 -0.0415773888
f 1522 1524 1523
v -0.000249372533 -0.00508854537 -0.0429714593
v 0.00297009829 -0.00223736752 -0.0428567291
v -0.00160007257 -0.00155944399 -0.0423507649
f 1525 1527 1526
v 0.00147237879 -0.00743485798 -0.0432152534
v 0.00230728401 -0.00484804441 -0.043012228
v -0.000249372533 -0.00508854537 -0.0429714593
f 1528 1530 1529
v -0.000249372533 -0.00508854537 -0.0429714593
v -0.00160007257 -0.00155944399 -0.0423507649
v -0.00353907526 -0.00705888742 -0.0424809259
f 1531 1533 1532
v 0.00297009829 -0.00223736752 -0.0428567291
v 0.00199559945 -0.00811266582 -0.0421288772
v 0.00390471832 -0.00385796266 -0.036715559
f 1534 1536 1535
v 0.00199559945 -0.00811266582 -0.0421288772
v 0.00270522796 -0.00846357652 -0.0392568501
v 0.00390471832 -0.00385796266 -0.036715559
f 1537 1539 1538
v -0.00695526032 -0.00401840698 -0.0416265131
v -0.00756068475 0.00133112144 -0.0405817438
v -0.0101521255 0.000853537767 -0.0402929756
f 1540 1542 1541
v 0.00697797659 0.00302312073 -0.0258766173
v 0.00504933269 0.0019150666 -0.0332325959
v 0.00695273484 -0.00498331829 -0.027527014
f 1543 1545 1544
v 0.00695273484 -0.00498331829 -0.027527014
v 0.00390471832 -0.00385796266 -0.036715559
v 0.00270522796 -0.00846357652 -0.0392568501
f 1546 1548 1547
v 0.00983589562 0.00562553432 -0.0098216653
v 0.00831008074 0.012305782 -0.0137716721
v 0.00729971362 0.00864260001 -0.0214175001
f 1549 1551 1550
v 0.00986500236 0.0109872875 -0.00415506802
v 0.00831008074 0.012305782 -0.0137716721
v 0.00983589562 0.00562553432 -0.0098216653
f 1552 1554 1553
v 0.00986500236 0.0109872875 -0.00415506802
v 0.00983589562 0.00562553432 -0.0098216653
v 0.0100607038 0.0102006008 0.000847396586
f 1555 1557 1556
v 0.0094445626 -0.00779333132 -0.0051743722
v 0.00950070826 -0.0150013308 -0.00443159224
v 0.0093263312 -0.0130311542 0.000848970194
f 1558 1560 1559
v 0.00729971362 0.00864260001 -0.0214175001
v 0.00697797659 0.00302312073 -0.0258766173
v 0.00890874217 -0.00623480228 -0.0149035826
f 1561 1563 1562
v 0.00697797659 0.00302312073 -0.0258766173
v 0.00695273484 -0.00498331829 -0.027527014
v 0.00890874217 -0.00623480228 -0.0149035826
f 1564 1566 1565
v 0.0100340127 -0.000179671474 -0.00849987773
v 0.00983589562 0.00562553432 -0.0098216653
v 0.00890874217 -0.00623480228 -0.0149035826
f 1567 1569 1568
v 0.0100607038 0.0102006008 0.000847396586
v 0.0100340127 -0.000179671474 -0.00849987773
v 0.0094445626 -0.00779333132 -0.0051743722
f 1570 1572 1571
v 0.00378737459 0.0223976633 -0.0214764033
v 0.00631231378 0.0201269126 -0.0266240851
v 0.00606535905 0.0211430553 -0.0240977286
f 1573 1575 1574
v 0.00426431943 0.019265934 -0.0297038438
v 0.00631231378 0.0201269126 -0.0266240851
v 0.00232687453 0.021133291 -0.0253595965
f 1576 1578 1577
v 0.00232687453 0.021133291 -0.0253595965
v -0.00111700574 0.0208358004 -0.0261972396
v 0.00108505701 0.0203298099 -0.028254182
f 1579 1581 1580
v 0.00232687453 0.021133291 -0.0253595965
v 0.00631231378 0.0201269126 -0.0266240851
v 0.00378737459 0.0223976633 -0.0214764033
f 1582 1584 1583
v 0.000275379716 0.0222121816 -0.0227775032
v 0.00232687453 0.021133291 -0.0253595965
v 0.00378737459 0.0223976633 -0.0214764033
f 1585 1587 1586
v -0.00111700574 0.0208358004 -0.0261972396
v 0.000275379716 0.0222121816 -0.0227775032
v -0.00446383783 0.0235199128 -0.0203933072
f 1588 1590 1589
v 0.00108505701 0.0203298099 -0.028254182
v 0.00350277551 0.0188893449 -0.0307752343
v 0.00426431943 0.019265934 -0.0297038438
f 1591 1593 1592
v 0.00648214773 0.0228182631 -0.0184823162
v 0.00665634871 0.0235097672 -0.0149175568
v 0.0018898565 0.0253807288 -0.0121169265
f 1594 1596 1595
v 0.00188467384 0.0236207721 -0.0182301766
v 0.00648214773 0.0228182631 -0.0184823162
v -0.000312337215 0.0258277461 -0.011656015
f 1597 1599 1598
v -0.00414760143 0.025104158 -0.0160363139
v 0.000275379716 0.0222121816 -0.0227775032
v 0.00188467384 0.0236207721 -0.0182301766
f 1600 1602 1601
v -0.00446383783 0.0235199128 -0.0203933072
v 0.000275379716 0.0222121816 -0.0227775032
v -0.00414760143 0.025104158 -0.0160363139
f 1603 1605 1604
v 0.00665640837 0.0253588049 -0.00432601446
v 0.00747283775 0.0243576083 -0.00748524544
v 0.0078900106 0.0246582786 -0.00110834262
f 1606 1608 1607
v 0.00747283775 0.0243576083 -0.00748524544
v 0.00665640837 0.0253588049 -0.00432601446
v 0.0062686755 0.0251330202 -0.00625368339
f 1609 1611 1610
v 0.00665640837 0.0253588049 -0.00432601446
v 0.0078900106 0.0246582786 -0.00110834262
v 0.0066491586 0.0257423264 -0.00161330263
f 1612 1614 1613
v 0.0062686755 0.0251330202 -0.00625368339
v 0.00665640837 0.0253588049 -0.00432601446
v 0.00472172105 0.0258814252 -0.00327615926
f 1615 1617 1616
v 0.00306976435 0.0263570488 -0.00413532907
v 0.00472172105 0.0258814252 -0.00327615926
v 0.00609845592 0.0256281171 0.000846143757
f 1618 1620 1619
v 0.000579694461 0.026752564 -0.00555599399
v 0.00306976435 0.0263570488 -0.00413532907
v -0.000437029667 0.0271533354 -0.00224153246
f 1621 1623 1622
v -0.00265299896 0.0277282699 -0.00177002585
v -0.000437029667 0.0271533354 -0.00224153246
v -0.000812140206 0.0274952734 0.000845269278
f 1624 1626 1625
v -0.00365152118 0.026540074 -0.0102937396
v -0.000312337215 0.0258277461 -0.011656015
v -0.000285024726 0.0264971779 -0.0075160664
f 1627 1629 1628
v -0.00365152118 0.026540074 -0.0102937396
v -0.000285024726 0.0264971779 -0.0075160664
v -0.00205046454 0.0269775075 -0.00573002835
f 1630 1632 1631
v -0.00573337275 0.0273627462 -0.00714083144
v -0.00365152118 0.026540074 -0.0102937396
v -0.00205046454 0.0269775075 -0.00573002835
f 1633 1635 1634
v -0.00369434019 0.0276036008 -0.00438062634
v -0.00205046454 0.0269775075 -0.00573002835
v -0.00265299896 0.0277282699 -0.00177002585
f 1636 1638 1637
v -0.00369434019 0.0276036008 -0.00438062634
v -0.00265299896 0.0277282699 -0.00177002585
v -0.00744000863 0.0285729329 0.000846996682
f 1639 1641 1640
v -0.00265299896 0.0277282699 -0.00177002585
v -0.000812140206 0.0274952734 0.000845269278
v -0.00744000863 0.0285729329 0.000846996682
f 1642 1644 1643
v -0.00831801663 0.0273374171 -0.00848117779
v -0.00554411345 0.0278662192 -0.00299244039
v -0.0105172541 0.0285291637 -0.00370599737
f 1645 1647 1646
v -0.0105172541 0.0285291637 -0.00370599737
v -0.00554411345 0.0278662192 -0.00299244039
v -0.00940120226 0.0287130242 -0.00228657645
f 1648 1650 1649
v -0.00744000863 0.0285729329 0.000846996682
v -0.00940120226 0.0287130242 -0.00228657645
v -0.00554411345 0.0278662192 -0.00299244039
f 1651 1653 1652
v -0.0159108968 0.02747486 -0.00751409752
v -0.013152379 0.0278455962 -0.00713533009
v -0.0148492094 0.0289389369 -0.00287264429
f 1654 1656 1655
v -0.0148492094 0.0289389369 -0.00287264429
v -0.013152379 0.0278455962 -0.00713533009
v -0.0120359051 0.0289980497 -0.00193991364
f 1657 1659 1658
v -0.013152379 0.0278455962 -0.00713533009
v -0.0105172541 0.0285291637 -0.00370599737
v -0.0120359051 0.0289980497 -0.00193991364
f 1660 1662 1661
v -0.00299713865 0.0088636305 -0.0383218256
v 0.00132731584 0.00954327916 -0.0385275926
v -0.00198698544 0.0122322395 -0.0364187435
f 1663 1665 1664
v -0.00299713865 0.0088636305 -0.0383218256
v -0.00198698544 0.0122322395 -0.0364187435
v -0.00772603089 0.00988151223 -0.0366285269
f 1666 1668 1667
v 0.0011365446 0.0164417273 -0.033022181
v 0.00283931149 0.0181041614 -0.0325457804
v 0.00100631441 0.0182477801 -0.0319026207
f 1669 1671 1670
v -0.00849152711 0.0181199881 -0.0299009815
v 0.00100631441 0.0182477801 -0.0319026207
v -0.00450059124 0.0197331668 -0.0282693945
f 1672 1674 1673
v -0.00628970884 0.0166368656 -0.031941256
v -0.000713508052 0.0168811079 -0.0328120048
v -0.00849152711 0.0181199881 -0.0299009815
f 1675 1677 1676
v -0.00260090019 0.0140971286 -0.0347315508
v 0.00114721552 0.0145690065 -0.0352116622
v -0.000713508052 0.0168811079 -0.0328120048
f 1678 1680 1679
v -0.00427925588 0.021383258 -0.0250819867
v -0.00945810752 0.0220516187 -0.0230728823
v -0.00867054405 0.0198727517 -0.0271096331
f 1681 1683 1682
v -0.0109047076 0.0158418421 -0.0315394282
v -0.0067475281 0.0139877709 -0.0342097599
v -0.00628970884 0.0166368656 -0.031941256
f 1684 1686 1685
v -0.0109047076 0.0158418421 -0.0315394282
v -0.00628970884 0.0166368656 -0.031941256
v -0.00849152711 0.0181199881 -0.0299009815
f 1687 1689 1688
v -0.007987766 0.0114920163 -0.0357067533
v -0.0067475281 0.0139877709 -0.0342097599
v -0.0110384193 0.0127505147 -0.0341198553
f 1690 1692 1691
v -0.0110384193 0.0127505147 -0.0341198553
v -0.0067475281 0.0139877709 -0.0342097599
v -0.0140595308 0.0144833277 -0.0318345381
f 1693 1695 1694
v -0.00867054405 0.0198727517 -0.0271096331
v -0.00945810752 0.0220516187 -0.0230728823
v -0.0120837474 0.0211685008 -0.0239893227
f 1696 1698 1697
v -0.0163547811 0.015619125 -0.0303382607
v -0.0140595308 0.0144833277 -0.0318345381
v -0.0134989314 0.0181543917 -0.0284229027
f 1699 1701 1700
v -0.00439003124 0.00648823407 -0.0394306611
v -0.00299713865 0.0088636305 -0.0383218256
v -0.0087495413 0.0069634254 -0.037877218
f 1702 1704 1703
v -0.00918339501 0.00394775088 -0.0391974376
v -0.00319175015 0.00463520955 -0.0402152189
v -0.0087495413 0.0069634254 -0.037877218
f 1705 1707 1706
v -0.013545595 -0.00255595332 -0.040065893
v -0.0101521255 0.000853537767 -0.0402929756
v -0.0127962427 0.00273742153 -0.0390257832
f 1708 1710 1709
v -0.0163817895 0.00588887306 -0.0367404398
v -0.020068507 0.00721005126 -0.0353345938
v -0.0214487634 0.00435547809 -0.0361308688
f 1711 1713 1712
v -0.019649489 0.00185828358 -0.0376116019
v -0.0152053399 0.00396888754 -0.0379666686
v -0.0214487634 0.00435547809 -0.0361308688
f 1714 1716 1715
v -0.0152053399 0.00396888754 -0.0379666686
v -0.0087495413 0.0069634254 -0.037877218
v -0.0125059727 0.00811618011 -0.0366816588
f 1717 1719 1718
v -0.007987766 0.0114920163 -0.0357067533
v -0.0110384193 0.0127505147 -0.0341198553
v -0.013380617 0.0106061641 -0.0351178809
f 1720 1722 1721
v -0.0170938729 0.00955247888 -0.0345037668
v -0.013380617 0.0106061641 -0.0351178809
v -0.0151620989 0.0118450123 -0.0336207304
f 1723 1725 1724
v -0.0125059727 0.00811618011 -0.0366816588
v -0.013380617 0.0106061641 -0.0351178809
v -0.0170938729 0.00955247888 -0.0345037668
f 1726 1728 1727
v -0.0151620989 0.0118450123 -0.0336207304
v -0.0140595308 0.0144833277 -0.0318345381
v -0.0192195774 0.0128970176 -0.0316880847
f 1729 1731 1730
v -0.0213624182 0.00757761809 -0.0345724344
v -0.0170938729 0.00955247888 -0.0345037668
v -0.0192195774 0.0128970176 -0.0316880847
f 1732 1734 1733
v -0.0242350769 0.0149354528 -0.0279161846
v -0.02293 0.0187339479 -0.0234993771
v -0.026480417 0.0165744583 -0.0254707498
f 1735 1737 1736
v -0.026480417 0.0165744583 -0.0254707498
v -0.02293 0.0187339479 -0.0234993771
v -0.0255748135 0.0195361863 -0.0217891997
f 1738 1740 1739
v -0.0213624182 0.00757761809 -0.0345724344
v -0.020068507 0.00721005126 -0.0353345938
v -0.0170938729 0.00955247888 -0.0345037668
f 1741 1743 1742
v -0.0228414676 0.00908632283 -0.0331803254
v -0.0213624182 0.00757761809 -0.0345724344
v -0.0225697309 0.0124974016 -0.0309761672
f 1744 1746 1745
v -0.020068507 0.00721005126 -0.0353345938
v -0.0213624182 0.00757761809 -0.0345724344
v -0.0237381668 0.00438767274 -0.035552925
f 1747 1749 1748
v -0.0214487634 0.00435547809 -0.0361308688
v -0.020068507 0.00721005126 -0.0353345938
v -0.0237381668 0.00438767274 -0.035552925
f 1750 1752 1751
v -0.0228414676 0.00908632283 -0.0331803254
v -0.025023031 0.0081215454 -0.0325560279
v -0.0237381668 0.00438767274 -0.035552925
f 1753 1755 1754
v -0.0245622447 0.0111687717 -0.0308234768
v -0.0242350769 0.0149354528 -0.0279161846
v -0.0264003698 0.0135597031 -0.0286506576
f 1756 1758 1757
v -0.0283291505 0.00895783814 -0.0231735554
v -0.0273547805 0.0150402964 -0.0265270181
v -0.0273468293 0.0157727554 -0.0220304966
f 1759 1761 1760
v -0.027550105 0.00843831149 -0.031089285
v -0.0273013196 0.010139573 -0.0304880465
v -0.0283291505 0.00895783814 -0.0231735554
f 1762 1764 1763
v -0.0225697309 0.0124974016 -0.0309761672
v -0.0242350769 0.0149354528 -0.0279161846
v -0.0245622447 0.0111687717 -0.0308234768
f 1765 1767 1766
v -0.0225697309 0.0124974016 -0.0309761672
v -0.0192195774 0.0128970176 -0.0316880847
v -0.021187379 0.0157582268 -0.0287529663
f 1768 1770 1769
v 0.00114721552 0.0145690065 -0.0352116622
v -0.00260090019 0.0140971286 -0.0347315508
v -0.007987766 0.0114920163 -0.0357067533
f 1771 1773 1772
v -0.0125059727 0.00811618011 -0.0366816588
v -0.0170938729 0.00955247888 -0.0345037668
v -0.0163817895 0.00588887306 -0.0367404398
f 1774 1776 1775
v -0.0163817895 0.00588887306 -0.0367404398
v -0.0170938729 0.00955247888 -0.0345037668
v -0.020068507 0.00721005126 -0.0353345938
f 1777 1779 1778
v -0.00945810752 0.0220516187 -0.0230728823
v -0.00852198791 0.0234606923 -0.0201981136
v -0.0127154693 0.0230483638 -0.020373096
f 1780 1782 1781
v -0.00852198791 0.0234606923 -0.0201981136
v -0.00910817907 0.0250009383 -0.0167557897
v -0.0127154693 0.0230483638 -0.020373096
f 1783 1785 1784
v -0.0153835223 0.0201314819 -0.0249630568
v -0.0120837474 0.0211685008 -0.0239893227
v -0.0127154693 0.0230483638 -0.020373096
f 1786 1788 1787
v -0.0153835223 0.0201314819 -0.0249630568
v -0.0127154693 0.0230483638 -0.020373096
v -0.0148777108 0.0235333471 -0.0178876799
f 1789 1791 1790
v -0.00910817907 0.0250009383 -0.0167557897
v -0.0101750775 0.0261179928 -0.0130822707
v -0.0142994759 0.0253540988 -0.0138736214
f 1792 1794 1793
v -0.0148777108 0.0235333471 -0.0178876799
v -0.0142994759 0.0253540988 -0.0138736214
v -0.0165729871 0.0249583594 -0.0136764516
f 1795 1797 1796
v -0.0136844828 0.0261597364 -0.0119627111
v -0.0195184271 0.0258592016 -0.00882626191
v -0.0165729871 0.0249583594 -0.0136764516
f 1798 1800 1799
v -0.0183178403 0.0214340063 -0.021297943
v -0.0185738027 0.0224806616 -0.0177749316
v -0.0208749669 0.0215262888 -0.0179949551
f 1801 1803 1802
v -0.0208863174 0.0187214828 -0.0250225828
v -0.0183178403 0.0214340063 -0.021297943
v -0.02293 0.0187339479 -0.0234993771
f 1804 1806 1805
v -0.0257448439 0.0201148199 -0.0206884622
v -0.02293 0.0187339479 -0.0234993771
v -0.0235925618 0.0213378706 -0.0179666444
f 1807 1809 1808
v -0.02293 0.0187339479 -0.0234993771
v -0.0208749669 0.0215262888 -0.0179949551
v -0.0235925618 0.0213378706 -0.0179666444
f 1810 1812 1811
v -0.0183178403 0.0214340063 -0.021297943
v -0.0208749669 0.0215262888 -0.0179949551
v -0.02293 0.0187339479 -0.0234993771
f 1813 1815 1814
v -0.0136844828 0.0261597364 -0.0119627111
v -0.0156562601 0.026785431 -0.00904441258
v -0.0195184271 0.0258592016 -0.00882626191
f 1816 1818 1817
v -0.0148492094 0.0289389369 -0.00287264429
v -0.0186382807 0.0284824375 0.000844760416
v -0.0180224946 0.0282945548 -0.00394413073
f 1819 1821 1820
v -0.0186382807 0.0284824375 0.000844760416
v -0.0148492094 0.0289389369 -0.00287264429
v -0.01444472 0.0290120195 0.000845743307
f 1822 1824 1823
v -0.0214642321 0.0280896114 -0.00473728724
v -0.0180224946 0.0282945548 -0.00394413073
v -0.0186382807 0.0284824375 0.000844760416
f 1825 1827 1826
v -0.0273468293 0.0157727554 -0.0220304966
v -0.026385329 0.0192288702 -0.00632686861
v -0.0278317399 0.0133903246 -0.0112614514
f 1828 1830 1829
v -0.0278317399 0.0133903246 -0.0112614514
v -0.026385329 0.0192288702 -0.00632686861
v -0.0273655867 0.0161400661 0.000846239163
f 1831 1833 1832
v -0.028649834 0.0106860032 -0.00566372692
v -0.0294054509 0.00424949067 0.000850498509
v -0.028949618 0.00674524708 -0.014003666
f 1834 1836 1835
v -0.028649834 0.0106860032 -0.00566372692
v -0.0273655867 0.0161400661 0.000846239163
v -0.0294054509 0.00424949067 0.000850498509
f 1837 1839 1838
v -0.0255121733 0.0212216997 -0.018826517
v -0.0235925618 0.0213378706 -0.0179666444
v -0.0254995772 0.0219708847 -0.0174182904
f 1840 1842 1841
v -0.0247038261 0.0241088113 -0.0127913154
v -0.0249759789 0.0236581938 -0.0141743789
v -0.0214916203 0.023010619 -0.0146810213
f 1843 1845 1844
v -0.0247038261 0.0241088113 -0.0127913154
v -0.0214916203 0.023010619 -0.0146810213
v -0.0241940768 0.0249370729 -0.0112138667
f 1846 1848 1847
v -0.024222942 0.0263722526 -0.00805692762
v -0.0222137343 0.0255238148 -0.00923578846
v -0.0236731721 0.0277945277 -0.00568367905
f 1849 1851 1850
v -0.024222942 0.0263722526 -0.00805692762
v -0.0236731721 0.0277945277 -0.00568367905
v -0.0243410046 0.0271589874 -0.00640119906
f 1852 1854 1853
v -0.0243348899 0.0282382127 -0.0022028571
v -0.024201542 0.0270918099 -0.005259303
v -0.0242215901 0.0282199471 -0.0036876474
f 1855 1857 1856
v -0.0237275759 0.0290334399 -0.000673913837
v -0.0237743734 0.0290608616 0.000844549868
v -0.0243348899 0.0282382127 -0.0022028571
f 1858 1860 1859
v -0.0214642321 0.0280896114 -0.00473728724
v -0.0237275759 0.0290334399 -0.000673913837
v -0.0242215901 0.0282199471 -0.0036876474
f 1861 1863 1862
v -0.0246944604 0.0255581865 -0.00966098305
v -0.0241940768 0.0249370729 -0.0112138667
v -0.024222942 0.0263722526 -0.00805692762
f 1864 1866 1865
v -0.0241940768 0.0249370729 -0.0112138667
v -0.0222137343 0.0255238148 -0.00923578846
v -0.024222942 0.0263722526 -0.00805692762
f 1867 1869 1868
v -0.0244319497 0.0250986894 -0.00983700884
v -0.0237743734 0.0290608616 0.000844549868
v -0.026385329 0.0192288702 -0.00632686861
f 1870 1872 1871
v -0.024201542 0.0270918099 -0.005259303
v -0.0237743734 0.0290608616 0.000844549868
v -0.0244319497 0.0250986894 -0.00983700884
f 1873 1875 1874
v -0.0255748135 0.0195361863 -0.0217891997
v -0.0257448439 0.0201148199 -0.0206884622
v -0.0273468293 0.0157727554 -0.0220304966
f 1876 1878 1877
v -0.0255748135 0.0195361863 -0.0217891997
v -0.0273468293 0.0157727554 -0.0220304966
v -0.0266229414 0.0174628643 -0.024369701
f 1879 1881 1880
v -0.0257448439 0.0201148199 -0.0206884622
v -0.025603408 0.0211061633 -0.0156107271
v -0.0273468293 0.0157727554 -0.0220304966
f 1882 1884 1883
v -0.0273468293 0.0157727554 -0.0220304966
v -0.0255798455 0.0206240584 -0.0116974501
v -0.026385329 0.0192288702 -0.00632686861
f 1885 1887 1886
v -0.0247038261 0.0241088113 -0.0127913154
v -0.0247609074 0.0244849914 -0.0118319302
v -0.0255798455 0.0206240584 -0.0116974501
f 1888 1890 1889
v 0.00350277551 0.0188893449 -0.0307752343
v 0.00108505701 0.0203298099 -0.028254182
v -0.00450059124 0.0197331668 -0.0282693945
f 1891 1893 1892
v -0.00427925588 0.021383258 -0.0250819867
v -0.00111700574 0.0208358004 -0.0261972396
v -0.00446383783 0.0235199128 -0.0203933072
f 1894 1896 1895
v -0.0241940768 0.0249370729 -0.0112138667
v -0.0195184271 0.0258592016 -0.00882626191
v -0.0222137343 0.0255238148 -0.00923578846
f 1897 1899 1898
v 0.00147203245 -0.035335499 -0.0196396708
v 0.000819001434 -0.0369157264 -0.0198300026
v -0.000190798164 -0.0389111781 -0.0190816107
f 1900 1902 1901
v 0.00163418736 -0.0391422451 -0.00677454591
v 0.00170726489 -0.0370795024 -0.0111389214
v 0.000963509956 -0.0383947016 -0.011710215
f 1903 1905 1904
v 0.00170209823 -0.0368201756 -0.0110512643
v 0.00128154134 -0.0372010982 -0.0129845474
v 0.00170726489 -0.0370795024 -0.0111389214
f 1906 1908 1907
v 0.00223666721 -0.0345821754 -0.0135864582
v 0.00206951227 -0.0365671149 -0.00990466506
v 0.00329843169 -0.0380224083 0.000841128531
f 1909 1911 1910
v 0.00329843169 -0.0380224083 0.000841128531
v 0.00140043339 -0.0399037264 -0.00646356202
v 0.00106332664 -0.0427058287 -0.00020950074
f 1912 1914 1913
v 0.00170209823 -0.0368201756 -0.0110512643
v 0.00138713367 -0.0368974288 -0.0133107635
v 0.00128154134 -0.0372010982 -0.0129845474
f 1915 1917 1916
v 0.0015415113 -0.0130879285 -0.043078867
v 0.00173212538 -0.0128129934 -0.0429754
v 0.0010774922 -0.012373364 -0.0430331682
f 1918 1920 1919
v 0.0015415113 -0.0130879285 -0.043078867
v -0.00149284315 -0.0110590641 -0.0427700987
v 0.00169621562 -0.0144838981 -0.0430320477
f 1921 1923 1922
v 0.000966381049 -0.0153375047 -0.0427402381
v -0.00149284315 -0.0110590641 -0.0427700987
v -0.00440871299 -0.0130088054 -0.0420195342
f 1924 1926 1925
v 0.00169621562 -0.0144838981 -0.0430320477
v -0.00149284315 -0.0110590641 -0.0427700987
v 0.000966381049 -0.0153375047 -0.0427402381
f 1927 1929 1928
v 0.00190919018 -0.0128002881 -0.0424065161
v 0.00192922671 -0.00925588902 -0.043132226
v 0.00204899552 -0.0115908173 -0.0432551402
f 1930 1932 1931
v 0.00270522796 -0.00846357652 -0.0392568501
v 0.00190919018 -0.0128002881 -0.0424065161
v 0.0017958424 -0.0160616575 -0.0424730853
f 1933 1935 1934
v 0.00234846739 -0.020325357 -0.0379735924
v 0.00231854647 -0.0211810358 -0.0397396914
v 0.00271698882 -0.0222799252 -0.0387294043
f 1936 1938 1937
v 0.00271698882 -0.0222799252 -0.0387294043
v 0.00231854647 -0.0211810358 -0.0397396914
v 0.00227107375 -0.0230897887 -0.038055965
f 1939 1941 1940
v 0.00234846739 -0.020325357 -0.0379735924
v 0.0017958424 -0.0160616575 -0.0424730853
v 0.00183322627 -0.018157564 -0.0420084107
f 1942 1944 1943
v -0.00399565106 -0.0164226964 -0.0415953924
v 0.00183322627 -0.018157564 -0.0420084107
v -0.00440871299 -0.0130088054 -0.0420195342
f 1945 1947 1946
v 0.00183322627 -0.018157564 -0.0420084107
v -0.00484416123 -0.0188673745 -0.0405538769
v -0.00126445229 -0.0205465141 -0.0402044883
f 1948 1950 1949
v 0.00190308638 -0.0143360652 -0.042856604
v 0.00163565128 -0.0153889356 -0.0426099956
v 0.0017958424 -0.0160616575 -0.0424730853
f 1951 1953 1952
v 0.00412320514 -0.0195924731 -0.030238778
v 0.00379887497 -0.013848464 -0.0353590498
v 0.00221705777 -0.0235492815 -0.0365469692
f 1954 1956 1955
v -0.00149284315 -0.0110590641 -0.0427700987
v -0.000249372533 -0.00508854537 -0.0429714593
v -0.00353907526 -0.00705888742 -0.0424809259
f 1957 1959 1958
v -0.00353907526 -0.00705888742 -0.0424809259
v -0.00440871299 -0.0130088054 -0.0420195342
v -0.00149284315 -0.0110590641 -0.0427700987
f 1960 1962 1961
v -0.00440871299 -0.0130088054 -0.0420195342
v -0.00353907526 -0.00705888742 -0.0424809259
v -0.00695526032 -0.00401840698 -0.0416265131
f 1963 1965 1964
v -0.00820560163 -0.0116649375 -0.0413787813
v -0.00686909116 -0.00969354805 -0.0419407996
v -0.00938959711 -0.00635851466 -0.0412433146
f 1966 1968 1967
v -0.00938959711 -0.00635851466 -0.0412433146
v -0.0133848807 -0.00860989239 -0.0403887534
v -0.011353974 -0.00973620845 -0.0407878048
f 1969 1971 1970
v -0.00686909116 -0.00969354805 -0.0419407996
v -0.00695526032 -0.00401840698 -0.0416265131
v -0.00938959711 -0.00635851466 -0.0412433146
f 1972 1974 1973
v -0.00820560163 -0.0116649375 -0.0413787813
v -0.00938959711 -0.00635851466 -0.0412433146
v -0.011353974 -0.00973620845 -0.0407878048
f 1975 1977 1976
v -0.00399565106 -0.0164226964 -0.0415953924
v -0.00440871299 -0.0130088054 -0.0420195342
v -0.00820560163 -0.0116649375 -0.0413787813
f 1978 1980 1979
v -0.0117153431 -0.0170985775 -0.0396859192
v -0.00741181429 -0.0179403665 -0.0405428116
v -0.0114694514 -0.0134699279 -0.0404895836
f 1981 1983 1982
v -0.00797856483 -0.0151256143 -0.0409360917
v -0.0114694514 -0.0134699279 -0.0404895836
v -0.00741181429 -0.0179403665 -0.0405428116
f 1984 1986 1985
v -0.0159463001 -0.013546909 -0.0393762835
v -0.0133848807 -0.00860989239 -0.0403887534
v -0.0155651476 -0.00714114503 -0.039783612
f 1987 1989 1988
v -0.0114694514 -0.0134699279 -0.0404895836
v -0.00797856483 -0.0151256143 -0.0409360917
v -0.011353974 -0.00973620845 -0.0407878048
f 1990 1992 1991
v 0.00227107375 -0.0230897887 -0.038055965
v -0.000642348459 -0.0226582211 -0.0387319393
v -0.000433511741 -0.0256249128 -0.0370963768
f 1993 1995 1994
v -0.00979734614 -0.0233055252 -0.0371866656
v -0.00334867655 -0.0236434978 -0.0381573511
v -0.00705827042 -0.0206742523 -0.0389961089
f 1996 1998 1997
v -0.00416640432 -0.0264790986 -0.0361063634
v -0.00334867655 -0.0236434978 -0.0381573511
v -0.00979734614 -0.0233055252 -0.0371866656
f 1999 2001 2000
v -0.00818715562 -0.0255583407 -0.0359045895
v -0.00416640432 -0.0264790986 -0.0361063634
v -0.00979734614 -0.0233055252 -0.0371866656
f 2002 2004 2003
v 0.00221705777 -0.0235492815 -0.0365469692
v 0.00130187473 -0.0255971303 -0.0369280897
v 0.000751988409 -0.026630194 -0.0364222564
f 2005 2007 2006
v 0.000165289384 -0.0289689022 -0.0341444742
v -0.00162798606 -0.0278672611 -0.0349328882
v -0.00058721198 -0.0298745377 -0.033263251
f 2008 2010 2009
v -6.27391273e-05 -0.0300099462 -0.0317284052
v 0.000165289384 -0.0289689022 -0.0341444742
v -0.00058721198 -0.0298745377 -0.033263251
f 2011 2013 2012
v 0.00286283685 -0.0248833356 -0.0296961138
v 0.00155387097 -0.0307374139 -0.0252675003
v 0.00412320514 -0.0195924731 -0.030238778
f 2014 2016 2015
v -0.00343967913 -0.0305148918 -0.0319206651
v -0.00058721198 -0.0298745377 -0.033263251
v -0.00587812028 -0.0296367973 -0.0328792667
f 2017 2019 2018
v -0.0004697853 -0.0307790964 -0.032042127
v -0.00058721198 -0.0298745377 -0.033263251
v -0.00343967913 -0.0305148918 -0.0319206651
f 2020 2022 2021
v 0.00155387097 -0.0307374139 -0.0252675003
v 0.000144376827 -0.0316166872 -0.0311291398
v -0.000272407488 -0.0343453197 -0.0283528236
f 2023 2025 2024
v 0.00155387097 -0.0307374139 -0.0252675003
v -0.000272407488 -0.0343453197 -0.0283528236
v 0.00101697078 -0.0348649191 -0.0231070735
f 2026 2028 2027
v 0.000310574978 -0.0349646463 -0.0259547989
v -0.000272407488 -0.0343453197 -0.0283528236
v -0.00226554112 -0.0352695381 -0.0240371897
f 2029 2031 2030
v 0.00101697078 -0.0348649191 -0.0231070735
v -0.000272407488 -0.0343453197 -0.0283528236
v 0.000310574978 -0.0349646463 -0.0259547989
f 2032 2034 2033
v -0.00340696715 -0.0281799614 -0.0338383048
v -0.00381645623 -0.026829369 -0.0346946734
v -0.00679006844 -0.0278375868 -0.0332967844
f 2035 2037 2036
v -0.0102251164 -0.0294783851 -0.0314970006
v -0.00679006844 -0.0278375868 -0.0332967844
v -0.009828568 -0.0277657149 -0.0333805481
f 2038 2040 2039
v -0.00587812028 -0.0296367973 -0.0328792667
v -0.00679006844 -0.0278375868 -0.0332967844
v -0.0102251164 -0.0294783851 -0.0314970006
f 2041 2043 2042
v -0.00587812028 -0.0296367973 -0.0328792667
v -0.00340696715 -0.0281799614 -0.0338383048
v -0.00679006844 -0.0278375868 -0.0332967844
f 2044 2046 2045
v -0.00679006844 -0.0278375868 -0.0332967844
v -0.00731523905 -0.0263425551 -0.0344835134
v -0.009828568 -0.0277657149 -0.0333805481
f 2047 2049 2048
v -0.00973012502 -0.0316365185 -0.0296240294
v -0.00602521613 -0.0319598563 -0.0300095911
v -0.00841112706 -0.0305438298 -0.0305717229
f 2050 2052 2051
v -0.00343967913 -0.0305148918 -0.0319206651
v -0.00841112706 -0.0305438298 -0.0305717229
v -0.00602521613 -0.0319598563 -0.0300095911
f 2053 2055 2054
v -0.00705827042 -0.0206742523 -0.0389961089
v -0.00484416123 -0.0188673745 -0.0405538769
v -0.00741181429 -0.0179403665 -0.0405428116
f 2056 2058 2057
v -0.00979734614 -0.0233055252 -0.0371866656
v -0.00705827042 -0.0206742523 -0.0389961089
v -0.0117153431 -0.0170985775 -0.0396859192
f 2059 2061 2060
v -0.0146563485 -0.0169842067 -0.0389920402
v -0.00979734614 -0.0233055252 -0.0371866656
v -0.0117153431 -0.0170985775 -0.0396859192
f 2062 2064 2063
v -0.0117153431 -0.0170985775 -0.0396859192
v -0.0159463001 -0.013546909 -0.0393762835
v -0.0156112044 -0.0159955831 -0.0389076333
f 2065 2067 2066
v -0.0156112044 -0.0159955831 -0.0389076333
v -0.0202608499 -0.0144884485 -0.037842046
v -0.018337791 -0.0167206861 -0.0381241436
f 2068 2070 2069
v -0.0117153431 -0.0170985775 -0.0396859192
v -0.0156112044 -0.0159955831 -0.0389076333
v -0.0146563485 -0.0169842067 -0.0389920402
f 2071 2073 2072
v -0.0150063221 -0.0218245012 -0.0370407361
v -0.018382461 -0.0191033017 -0.0374111318
v -0.018475877 -0.0216801083 -0.0359664235
f 2074 2076 2075
v -0.0150063221 -0.0218245012 -0.0370407361
v -0.0146563485 -0.0169842067 -0.0389920402
v -0.018382461 -0.0191033017 -0.0374111318
f 2077 2079 2078
v -0.00818715562 -0.0255583407 -0.0359045895
v -0.00979734614 -0.0233055252 -0.0371866656
v -0.0122829821 -0.0244555791 -0.035662661
f 2080 2082 2081
v -0.00818715562 -0.0255583407 -0.0359045895
v -0.0122829821 -0.0244555791 -0.035662661
v -0.0094754716 -0.025872796 -0.0347116351
f 2083 2085 2084
v -0.0122829821 -0.0244555791 -0.035662661
v -0.00979734614 -0.0233055252 -0.0371866656
v -0.0119635588 -0.0237767905 -0.0366518128
f 2086 2088 2087
v -0.0148884879 -0.0239237081 -0.035041818
v -0.0146974664 -0.0243520248 -0.0337008911
v -0.0094754716 -0.025872796 -0.0347116351
f 2089 2091 2090
v -0.0154602618 -0.0257179578 -0.0327020505
v -0.0134409202 -0.0278569671 -0.0316412945
v -0.0113390139 -0.0272069068 -0.0329564267
f 2092 2094 2093
v -0.0134409202 -0.0278569671 -0.0316412945
v -0.0154602618 -0.0257179578 -0.0327020505
v -0.0165201898 -0.0272051489 -0.0297960505
f 2095 2097 2096
v -0.0177965208 -0.0225259646 -0.0350560964
v -0.0178704038 -0.0219002963 -0.0331395189
v -0.0163926772 -0.0232350503 -0.0337689882
f 2098 2100 2099
v -0.0214434636 -0.0200790193 -0.0352422358
v -0.020803095 -0.0206404176 -0.0332779397
v -0.0178704038 -0.0219002963 -0.0331395189
f 2101 2103 2102
v -0.0177965208 -0.0225259646 -0.0350560964
v -0.0214434636 -0.0200790193 -0.0352422358
v -0.0178704038 -0.0219002963 -0.0331395189
f 2104 2106 2105
v -0.0154602618 -0.0257179578 -0.0327020505
v -0.0183012744 -0.02357349 -0.0319967978
v -0.0171312335 -0.0256379455 -0.0303297566
f 2107 2109 2108
v -0.0163926772 -0.0232350503 -0.0337689882
v -0.0178704038 -0.0219002963 -0.0331395189
v -0.0183012744 -0.02357349 -0.0319967978
f 2110 2112 2111
v -0.0183012744 -0.02357349 -0.0319967978
v -0.0178704038 -0.0219002963 -0.0331395189
v -0.0207742298 -0.0236687265 -0.0315342593
f 2113 2115 2114
v -0.0207742298 -0.0236687265 -0.0315342593
v -0.0178704038 -0.0219002963 -0.0331395189
v -0.020803095 -0.0206404176 -0.0332779397
f 2116 2118 2117
v -0.00705827042 -0.0206742523 -0.0389961089
v -0.00126445229 -0.0205465141 -0.0402044883
v -0.00484416123 -0.0188673745 -0.0405538769
f 2119 2121 2120
v -0.00841112706 -0.0305438298 -0.0305717229
v -0.0102251164 -0.0294783851 -0.0314970006
v -0.0124927261 -0.0302762201 -0.0295214093
f 2122 2124 2123
v 0.00861317385 -0.0185677272 -0.00794623484
v 0.00714048947 -0.0252459111 -0.00590394338
v 0.00712571491 -0.0255197374 0.000846509192
f 2125 2127 2126
v 0.00950070826 -0.0150013308 -0.00443159224
v 0.00861317385 -0.0185677272 -0.00794623484
v 0.00712571491 -0.0255197374 0.000846509192
f 2128 2130 2129
v 0.00592267897 -0.0217390087 -0.015942684
v 0.00412320514 -0.0195924731 -0.030238778
v 0.00223666721 -0.0345821754 -0.0135864582
f 2131 2133 2132
v 0.00223666721 -0.0345821754 -0.0135864582
v 0.00412320514 -0.0195924731 -0.030238778
v 0.00155387097 -0.0307374139 -0.0252675003
f 2134 2136 2135
v 0.00140985067 -0.0341690175 -0.0210375918
v 0.00155387097 -0.0307374139 -0.0252675003
v 0.00101697078 -0.0348649191 -0.0231070735
f 2137 2139 2138
v 0.00117433665 -0.0345790846 -0.0218396322
v 0.00140985067 -0.0341690175 -0.0210375918
v 0.00101697078 -0.0348649191 -0.0231070735
f 2140 2142 2141
v 0.00140985067 -0.0341690175 -0.0210375918
v 0.00111487898 -0.0346043234 -0.0211177598
v 0.00134060683 -0.0347726833 -0.0204494921
f 2143 2145 2144
v 0.00223666721 -0.0345821754 -0.0135864582
v 0.00134060683 -0.0347726833 -0.0204494921
v 0.00147203245 -0.035335499 -0.0196396708
f 2146 2148 2147
v 0.000262397953 -0.0353428797 -0.0234618536
v -0.00160971686 -0.0349373935 -0.0227061682
v 0.00101697078 -0.0348649191 -0.0231070735
f 2149 2151 2150
v -0.000593462028 -0.0343387044 -0.0212533734
v -0.000178792834 -0.034604955 -0.0199734
v 0.000957052544 -0.0347611087 -0.0210033104
f 2152 2154 2153
v 0.000819001434 -0.0369157264 -0.0198300026
v -0.00139411059 -0.0366069173 -0.0191582672
v -0.000456576527 -0.0378168304 -0.0197126268
f 2155 2157 2156
v -0.00235690604 -0.034971736 -0.0189230996
v -0.00449967192 -0.0344680186 -0.018459752
v -0.00272068355 -0.0368224544 -0.0188394275
f 2158 2160 2159
v 0.00134060683 -0.0347726833 -0.0204494921
v 0.00122107595 -0.0350513001 -0.0203644333
v 0.00147203245 -0.035335499 -0.0196396708
f 2161 2163 2162
v 0.00117433665 -0.0345790846 -0.0218396322
v 0.00112110065 -0.0349758804 -0.0218403744
v 0.0011326134 -0.0350067829 -0.0214556931
f 2164 2166 2165
v -0.00287648218 -0.0336109078 -0.0199890084
v -0.00677475255 -0.0329953822 -0.0189671511
v -0.00417050833 -0.033467813 -0.0191647428
f 2167 2169 2168
v -0.000460557931 -0.0342052168 -0.00846042458
v 0.000175917376 -0.0347012392 -0.00761208721
v 0.000755773362 -0.0351216324 -0.00881683882
f 2170 2172 2171
v -0.000185523095 -0.0331834453 -0.00745952711
v 0.000284207636 -0.0343009451 -0.00555754013
v 0.000175917376 -0.0347012392 -0.00761208721
f 2173 2175 2174
v 0.000755773362 -0.0351216324 -0.00881683882
v 0.000464871846 -0.0369871472 -0.00773060965
v 0.00190943538 -0.036169638 -0.00862991219
f 2176 2178 2177
v 0.000175917376 -0.0347012392 -0.00761208721
v 0.000464871846 -0.0369871472 -0.00773060965
v 0.000755773362 -0.0351216324 -0.00881683882
f 2179 2181 2180
v -0.00306811271 -0.0356310164 -0.0116237316
v -0.00435186557 -0.0349915557 -0.0107523367
v -0.00289945456 -0.0346365065 -0.00975221265
f 2182 2184 2183
v -0.00112231937 -0.0351681927 -0.00930843453
v -0.00289945456 -0.0346365065 -0.00975221265
v -0.000460557931 -0.0342052168 -0.00846042458
f 2185 2187 2186
v -0.00289945456 -0.0346365065 -0.00975221265
v -0.00362906976 -0.0329576578 -0.00717933581
v -0.000460557931 -0.0342052168 -0.00846042458
f 2188 2190 2189
v -0.000460557931 -0.0342052168 -0.00846042458
v -0.00362906976 -0.0329576578 -0.00717933581
v -0.000185523095 -0.0331834453 -0.00745952711
f 2191 2193 2192
v 0.00024098772 -0.0358038495 -0.0101086545
v -0.00306811271 -0.0356310164 -0.0116237316
v -0.00289945456 -0.0346365065 -0.00975221265
f 2194 2196 2195
v 0.00024098772 -0.0358038495 -0.0101086545
v -0.00289945456 -0.0346365065 -0.00975221265
v -0.00112231937 -0.0351681927 -0.00930843453
f 2197 2199 2198
v -0.00478096517 -0.0348038535 -0.0062168052
v 0.000284207636 -0.0343009451 -0.00555754013
v -0.00209080754 -0.0330592709 -0.00617978658
f 2200 2202 2201
v -0.00478096517 -0.0348038535 -0.0062168052
v -0.00209080754 -0.0330592709 -0.00617978658
v -0.00438324096 -0.0331079849 -0.00662790553
f 2203 2205 2204
v -0.00226376651 -0.0371531467 -0.00464673358
v -0.00037801874 -0.0360772538 -0.00512744591
v -0.00478096517 -0.0348038535 -0.0062168052
f 2206 2208 2207
v 0.000284207636 -0.0343009451 -0.00555754013
v -0.000185523095 -0.0331834453 -0.00745952711
v -0.00209080754 -0.0330592709 -0.00617978658
f 2209 2211 2210
v 0.00120288169 -0.0370278285 -0.0130654356
v -0.00173418084 -0.0361028797 -0.0121030091
v 0.000847190677 -0.0365882035 -0.012671997
f 2212 2214 2213
v 0.000530606485 -0.0385437597 -0.0149306943
v -0.000190798164 -0.0389111781 -0.0190816107
v -0.000634424214 -0.0397698837 -0.0179623938
f 2215 2217 2216
v 0.000530606485 -0.0385437597 -0.0149306943
v -0.000634424214 -0.0397698837 -0.0179623938
v -0.000176847971 -0.039647994 -0.0163493634
f 2218 2220 2219
v -0.000176847971 -0.039647994 -0.0163493634
v -0.000381425343 -0.03989549 -0.0167743608
v -0.000413593079 -0.0399286364 -0.0160787997
f 2221 2223 2222
v -0.000634424214 -0.0397698837 -0.0179623938
v -0.0024577952 -0.0389548164 -0.0180793111
v -0.00376847893 -0.0392624293 -0.0169830513
f 2224 2226 2225
v 0.00163418736 -0.0391422451 -0.00677454591
v 0.000963509956 -0.0383947016 -0.011710215
v 0.000741553959 -0.0384047336 -0.0106161184
f 2227 2229 2228
v 0.00163418736 -0.0391422451 -0.00677454591
v 0.000741553959 -0.0384047336 -0.0106161184
v 0.00110222609 -0.0389267574 -0.00667131972
f 2230 2232 2231
v 0.000957677548 -0.0400062359 -0.0061645711
v 0.00141820128 -0.0392747315 -0.00657640339
v 0.00110222609 -0.0389267574 -0.00667131972
f 2233 2235 2234
v 0.000957677548 -0.0400062359 -0.0061645711
v 0.000126063242 -0.0393790076 -0.00498714144
v -0.000556128361 -0.0407730375 -0.00353424039
f 2236 2238 2237
v 0.00140043339 -0.0399037264 -0.00646356202
v 0.000556349551 -0.0422196579 -0.00275142538
v 0.00106332664 -0.0427058287 -0.00020950074
f 2239 2241 2240
v -0.000556128361 -0.0407730375 -0.00353424039
v -0.00112387497 -0.040992102 -0.00232841358
v -0.00130858461 -0.0410587352 -0.0028600838
f 2242 2244 2243
v 0.00106332664 -0.0427058287 -0.00020950074
v 0.000556349551 -0.0422196579 -0.00275142538
v -0.000146137609 -0.0427189952 -0.00138800442
f 2245 2247 2246
v -0.000739489042 -0.0417576113 -0.00276939772
v -0.00123126156 -0.0418637937 -0.00128721349
v -0.000146137609 -0.0427189952 -0.00138800442
f 2248 2250 2249
v -0.001371908 -0.0413793256 -0.00289488507
v -0.000739489042 -0.0417576113 -0.00276939772
v -0.000556128361 -0.0407730375 -0.00353424039
f 2251 2253 2252
v -0.00486542267 -0.0330607087 -0.0296652346
v -0.00809044868 -0.0330270355 -0.0282279827
v -0.00489110971 -0.0347729743 -0.0269474491
f 2254 2256 2255
v -0.00973012502 -0.0316365185 -0.0296240294
v -0.0120250792 -0.032120879 -0.0270076038
v -0.00809044868 -0.0330270355 -0.0282279827
f 2257 2259 2258
v -0.0120250792 -0.032120879 -0.0270076038
v -0.0153782996 -0.0315956277 -0.0257067499
v -0.0137352894 -0.0327774644 -0.023973659
f 2260 2262 2261
v -0.0124927261 -0.0302762201 -0.0295214093
v -0.0183626529 -0.0290091702 -0.0279733475
v -0.0149534448 -0.031219548 -0.0275913335
f 2263 2265 2264
v -0.0183626529 -0.0290091702 -0.0279733475
v -0.014368938 -0.028745181 -0.0297937804
v -0.0187974918 -0.0280848268 -0.0281838438
f 2266 2268 2267
v -0.0222418195 -0.0244285184 -0.030009076
v -0.0243585979 -0.0266089308 -0.0254395505
v -0.0211820443 -0.0257941691 -0.0292662298
f 2269 2271 2270
v -0.0125648716 -0.0315673096 -0.0286297727
v -0.00973012502 -0.0316365185 -0.0296240294
v -0.0124927261 -0.0302762201 -0.0295214093
f 2272 2274 2273
v -0.000456576527 -0.0378168304 -0.0197126268
v -0.00139411059 -0.0366069173 -0.0191582672
v -0.000190798164 -0.0389111781 -0.0190816107
f 2275 2277 2276
v -0.0024577952 -0.0389548164 -0.0180793111
v -0.00139411059 -0.0366069173 -0.0191582672
v -0.00272068355 -0.0368224544 -0.0188394275
f 2278 2280 2279
v -0.00226554112 -0.0352695381 -0.0240371897
v -0.00489110971 -0.0347729743 -0.0269474491
v -0.00578793697 -0.034962254 -0.0226580538
f 2281 2283 2282
v -0.00272068355 -0.0368224544 -0.0188394275
v -0.00449967192 -0.0344680186 -0.018459752
v -0.00393655391 -0.0364485109 -0.017977439
f 2284 2286 2285
v -0.00393655391 -0.0364485109 -0.017977439
v -0.00449967192 -0.0344680186 -0.018459752
v -0.00651410082 -0.0362711289 -0.0167080958
f 2287 2289 2288
v -0.00207044213 -0.0395268231 -0.0152811888
v -0.00376847893 -0.0392624293 -0.0169830513
v -0.00437565213 -0.0395138457 -0.0152653432
f 2290 2292 2291
v -0.00752287888 -0.0385745108 -0.0147506493
v -0.00376847893 -0.0392624293 -0.0169830513
v -0.00721123361 -0.0375554431 -0.0160204465
f 2293 2295 2294
v -0.00437565213 -0.0395138457 -0.0152653432
v -0.00752287888 -0.0385745108 -0.0147506493
v -0.00887454808 -0.0385412568 -0.0129767664
f 2296 2298 2297
v -0.00477856811 -0.0378746598 -0.0175505018
v -0.0024577952 -0.0389548164 -0.0180793111
v -0.00393655391 -0.0364485109 -0.017977439
f 2299 2301 2300
v -0.00695710987 -0.0336039491 -0.0210835278
v -0.00578793697 -0.034962254 -0.0226580538
v -0.00988253742 -0.0338141341 -0.0213075837
f 2302 2304 2303
v -0.00695710987 -0.0336039491 -0.0210835278
v -0.00988253742 -0.0338141341 -0.0213075837
v -0.00922340478 -0.0327613874 -0.0204663782
f 2305 2307 2306
v -0.0086120257 -0.032243997 -0.0184605189
v -0.0124213868 -0.0316435238 -0.0192674721
v -0.0112288209 -0.0319563405 -0.0175278954
f 2308 2310 2309
v -0.00988253742 -0.0338141341 -0.0213075837
v -0.0128671745 -0.0329022732 -0.020752789
v -0.00922340478 -0.0327613874 -0.0204663782
f 2311 2313 2312
v -0.00922340478 -0.0327613874 -0.0204663782
v -0.0124213868 -0.0316435238 -0.0192674721
v -0.0086120257 -0.032243997 -0.0184605189
f 2314 2316 2315
v -0.0086120257 -0.032243997 -0.0184605189
v -0.00844190217 -0.0338550046 -0.0168819883
v -0.00449967192 -0.0344680186 -0.018459752
f 2317 2319 2318
v -0.00939052552 -0.034725733 -0.0163420409
v -0.01198932 -0.0334439304 -0.0163349046
v -0.0110191846 -0.0346257119 -0.0157451941
f 2320 2322 2321
v -0.01198932 -0.0334439304 -0.0163349046
v -0.0112288209 -0.0319563405 -0.0175278954
v -0.0127343636 -0.0315819023 -0.0177460868
f 2323 2325 2324
v -0.01198932 -0.0334439304 -0.0163349046
v -0.00844190217 -0.0338550046 -0.0168819883
v -0.0112288209 -0.0319563405 -0.0175278954
f 2326 2328 2327
v -0.0120323508 -0.0376348878 -0.0135249618
v -0.0145530284 -0.0368215929 -0.0131363413
v -0.012367843 -0.0374932832 -0.0122054342
f 2329 2331 2330
v -0.0120323508 -0.0376348878 -0.0135249618
v -0.0149835207 -0.0360471342 -0.0148697378
v -0.0145530284 -0.0368215929 -0.0131363413
f 2332 2334 2333
v -0.00752287888 -0.0385745108 -0.0147506493
v -0.0120323508 -0.0376348878 -0.0135249618
v -0.00887454808 -0.0385412568 -0.0129767664
f 2335 2337 2336
v -0.00173418084 -0.0361028797 -0.0121030091
v -0.0051111525 -0.037034112 -0.011970153
v -0.00306811271 -0.0356310164 -0.0116237316
f 2338 2340 2339
v -0.00600839885 -0.0383316394 -0.012534704
v -0.00723980556 -0.037815125 -0.0120283665
v -0.00523624221 -0.0353127689 -0.0105925646
f 2341 2343 2342
v -0.00668211433 -0.0378765573 -0.00290839325
v -0.00563846661 -0.0364580686 -0.00496620705
v -0.00757661983 -0.0357631565 -0.00509818346
f 2344 2346 2345
v -0.00786430319 -0.0331821153 -0.0075975986
v -0.00523624221 -0.0353127689 -0.0105925646
v -0.00768476457 -0.0346177694 -0.00892295284
f 2347 2349 2348
v -0.0118007425 -0.0315532874 -0.00823463633
v -0.0108558866 -0.032169788 -0.00826667674
v -0.0121140969 -0.0317356054 -0.00880703592
f 2350 2352 2351
v -0.0132477158 -0.0324102642 -0.00835548854
v -0.010971442 -0.0328506198 -0.00758363967
v -0.0132333866 -0.0313485187 -0.00881253654
f 2353 2355 2354
v -0.00887454808 -0.0385412568 -0.0129767664
v -0.0119574404 -0.0369507849 -0.0109110122
v -0.00859996944 -0.037741987 -0.0113069538
f 2356 2358 2357
v -0.0119574404 -0.0369507849 -0.0109110122
v -0.0157373302 -0.0357954035 -0.0112004738
v -0.0137690149 -0.034842841 -0.0101005608
f 2359 2361 2360
v -0.00786430319 -0.0331821153 -0.0075975986
v -0.00947238368 -0.0344608183 -0.00900017185
v -0.0108558866 -0.032169788 -0.00826667674
f 2362 2364 2363
v -0.00563846661 -0.0364580686 -0.00496620705
v -0.00478096517 -0.0348038535 -0.0062168052
v -0.00834916063 -0.0332334748 -0.00717976291
f 2365 2367 2366
v -0.0107504238 -0.0349776819 -0.0053794829
v -0.0149055646 -0.0350523245 -0.00489900049
v -0.0133822745 -0.0372253708 -0.00200282175
f 2368 2370 2369
v -0.0105360348 -0.0371299451 -0.00268649146
v -0.00668211433 -0.0378765573 -0.00290839325
v -0.00757661983 -0.0357631565 -0.00509818346
f 2371 2373 2372
v -0.0105360348 -0.0371299451 -0.00268649146
v -0.00757661983 -0.0357631565 -0.00509818346
v -0.0107504238 -0.0349776819 -0.0053794829
f 2374 2376 2375
v -0.0105332518 -0.0384322891 -0.000850775905
v -0.0133822745 -0.0372253708 -0.00200282175
v -0.012702019 -0.0380138983 0.000852895482
f 2377 2379 2378
v -0.00723980556 -0.037815125 -0.0120283665
v -0.00848459822 -0.0362163031 -0.00999052354
v -0.00768476457 -0.0346177694 -0.00892295284
f 2380 2382 2381
v -0.0111024063 -0.0342458516 -0.00655438198
v -0.010971442 -0.0328506198 -0.00758363967
v -0.0129282838 -0.0335059653 -0.00692332032
f 2383 2385 2384
v -0.0137352894 -0.0327774644 -0.023973659
v -0.0172726868 -0.0317905011 -0.0241409944
v -0.0148701365 -0.032551153 -0.0211807492
f 2386 2388 2387
v -0.0166811384 -0.0318313163 -0.0217769615
v -0.0172726868 -0.0317905011 -0.0241409944
v -0.0189855025 -0.0311501062 -0.0209729173
f 2389 2391 2390
v -0.0189855025 -0.0311501062 -0.0209729173
v -0.0166735103 -0.0307161448 -0.0186758101
v -0.0128671745 -0.0329022732 -0.020752789
f 2392 2394 2393
v -0.0157212271 -0.0344141939 -0.0160839263
v -0.01198932 -0.0334439304 -0.0163349046
v -0.0153796733 -0.0325972011 -0.016644405
f 2395 2397 2396
v -0.0155461574 -0.0306858303 -0.01888361
v -0.0166735103 -0.0307161448 -0.0186758101
v -0.0148904131 -0.0309823168 -0.0178307033
f 2398 2400 2399
v -0.0210352839 -0.0311982789 -0.0226407399
v -0.0233703322 -0.0309310242 -0.0195819797
v -0.0189855025 -0.0311501062 -0.0209729173
f 2401 2403 2402
v -0.0239671761 -0.0283402536 -0.0251232355
v -0.0243585979 -0.0266089308 -0.0254395505
v -0.0243432456 -0.0302710658 -0.0188523059
f 2404 2406 2405
v -0.0243432456 -0.0302710658 -0.0188523059
v -0.0238653491 -0.030295609 -0.0223592331
v -0.0242612281 -0.0293428573 -0.0224175892
f 2407 2409 2408
v -0.0243432456 -0.0302710658 -0.0188523059
v -0.0239030502 -0.0310094823 -0.0204635668
v -0.0238653491 -0.030295609 -0.0223592331
f 2410 2412 2411
v -0.0190940831 -0.0305194553 -0.0190051011
v -0.0213576888 -0.0304815127 -0.0186414836
v -0.0199032453 -0.0311604614 -0.0175013003
f 2413 2415 2414
v -0.022648304 -0.0313014054 -0.017248487
v -0.0231755679 -0.0307073846 -0.0182175529
v -0.0229061974 -0.0319677929 -0.0170934087
f 2416 2418 2417
v -0.0248101132 -0.0298531289 -0.0106293817
v -0.0236941414 -0.032868702 -0.0126297324
v -0.0240259484 -0.0314733974 -0.0164813202
f 2419 2421 2420
v -0.0188307022 -0.0341014849 -0.0163852368
v -0.0199854563 -0.0353715615 -0.0147385304
v -0.0149835207 -0.0360471342 -0.0148697378
f 2422 2424 2423
v -0.0157212271 -0.0344141939 -0.0160839263
v -0.0188307022 -0.0341014849 -0.0163852368
v -0.0149835207 -0.0360471342 -0.0148697378
f 2425 2427 2426
v -0.0229061974 -0.0319677929 -0.0170934087
v -0.0233703322 -0.0309310242 -0.0195819797
v -0.0240259484 -0.0314733974 -0.0164813202
f 2428 2430 2429
v -0.0236941414 -0.032868702 -0.0126297324
v -0.0237990753 -0.0337416335 -0.0121085897
v -0.0229538055 -0.033572191 -0.0160753014
f 2431 2433 2432
v -0.0210352839 -0.0311982789 -0.0226407399
v -0.0189855025 -0.0311501062 -0.0209729173
v -0.0172726868 -0.0317905011 -0.0241409944
f 2434 2436 2435
v -0.0229538055 -0.033572191 -0.0160753014
v -0.0226759075 -0.0349464506 -0.0145939281
v -0.0188307022 -0.0341014849 -0.0163852368
f 2437 2439 2438
v -0.0137690149 -0.034842841 -0.0101005608
v -0.0158198091 -0.0340755185 -0.00989045657
v -0.0138813586 -0.032233019 -0.00953815179
f 2440 2442 2441
v -0.0129282838 -0.0335059653 -0.00692332032
v -0.0159273506 -0.0324889173 -0.00797578177
v -0.017842096 -0.0338277168 -0.00675504562
f 2443 2445 2444
v -0.0192705236 -0.030973056 -0.00980899567
v -0.0222223272 -0.032965737 -0.010651871
v -0.0212397135 -0.0306986592 -0.00999792319
f 2446 2448 2447
v -0.0223507115 -0.0305020862 -0.00964994688
v -0.0206761295 -0.0323350861 -0.00858340354
v -0.0190799561 -0.0309873692 -0.00895365956
f 2449 2451 2450
v -0.0159273506 -0.0324889173 -0.00797578177
v -0.0190799561 -0.0309873692 -0.00895365956
v -0.017842096 -0.0338277168 -0.00675504562
f 2452 2454 2453
v -0.0149055646 -0.0350523245 -0.00489900049
v -0.0135253897 -0.0342252373 -0.00634287644
v -0.0129282838 -0.0335059653 -0.00692332032
f 2455 2457 2456
v -0.017842096 -0.0338277168 -0.00675504562
v -0.0194672146 -0.0353472569 -0.00375654272
v -0.0149055646 -0.0350523245 -0.00489900049
f 2458 2460 2459
v -0.0264248753 -0.0257440173 -0.0120913064
v -0.0249228964 -0.0295572332 -0.00994156217
v -0.0248101132 -0.0298531289 -0.0106293817
f 2461 2463 2462
v -0.0264248753 -0.0257440173 -0.0120913064
v -0.0239218294 -0.0319791929 -0.00590153431
v -0.0249228964 -0.0295572332 -0.00994156217
f 2464 2466 2465
v -0.0206761295 -0.0323350861 -0.00858340354
v -0.0241702044 -0.0304246409 -0.0094430281
v -0.0241373447 -0.0311780517 -0.00901083986
f 2467 2469 2468
v -0.0241702044 -0.0304246409 -0.0094430281
v -0.0243582457 -0.0306735252 -0.00919563026
v -0.0243779054 -0.0307558337 -0.0089402507
f 2470 2472 2471
v -0.0239218294 -0.0319791929 -0.00590153431
v -0.0245428964 -0.0303194305 -0.009190532
v -0.0249228964 -0.0295572332 -0.00994156217
f 2473 2475 2474
v -0.0239218294 -0.0319791929 -0.00590153431
v -0.0264248753 -0.0257440173 -0.0120913064
v -0.0275924103 -0.0237805085 -0.00181138093
f 2476 2478 2477
v -0.0275924103 -0.0237805085 -0.00181138093
v -0.0272067584 -0.0245427043 0.000845462546
v -0.0236463049 -0.0342238345 0.000861618719
f 2479 2481 2480
v -0.0239218294 -0.0319791929 -0.00590153431
v -0.0275924103 -0.0237805085 -0.00181138093
v -0.0236463049 -0.0342238345 0.000861618719
f 2482 2484 2483
v -0.0239218294 -0.0319791929 -0.00590153431
v -0.0236463049 -0.0342238345 0.000861618719
v -0.0239206289 -0.0328659982 -0.00483260737
f 2485 2487 2486
v -0.0157373302 -0.0357954035 -0.0112004738
v -0.0192042527 -0.0357777259 -0.0129315828
v -0.019766872 -0.0341351668 -0.0107193948
f 2488 2490 2489
v -0.0228865727 -0.0348520436 -0.0129188222
v -0.019766872 -0.0341351668 -0.0107193948
v -0.0192042527 -0.0357777259 -0.0129315828
f 2491 2493 2492
v -0.0218653382 -0.033900456 -0.00596639366
v -0.017842096 -0.0338277168 -0.00675504562
v -0.0237764223 -0.0319824961 -0.0082019018
f 2494 2496 2495
v -0.0161003321 -0.0368865934 -0.0022369657
v -0.0149055646 -0.0350523245 -0.00489900049
v -0.0194672146 -0.0353472569 -0.00375654272
f 2497 2499 2498
v -0.0161003321 -0.0368865934 -0.0022369657
v -0.0194672146 -0.0353472569 -0.00375654272
v -0.0195941597 -0.0363642059 -0.00150025935
f 2500 2502 2501
v -0.0194672146 -0.0353472569 -0.00375654272
v -0.0218653382 -0.033900456 -0.00596639366
v -0.0215942884 -0.0355266442 -0.0030663432
f 2503 2505 2504
v -0.0194672146 -0.0353472569 -0.00375654272
v -0.0215942884 -0.0355266442 -0.0030663432
v -0.0195941597 -0.0363642059 -0.00150025935
f 2506 2508 2507
v -0.0237990753 -0.0337416335 -0.0121085897
v -0.0222223272 -0.032965737 -0.010651871
v -0.0228865727 -0.0348520436 -0.0129188222
f 2509 2511 2510
v -0.0237990753 -0.0337416335 -0.0121085897
v -0.0240097637 -0.0324841269 -0.0107277621
v -0.0222223272 -0.032965737 -0.010651871
f 2512 2514 2513
v -0.0236941414 -0.032868702 -0.0126297324
v -0.0242243739 -0.0311440002 -0.0113511604
v -0.0240097637 -0.0324841269 -0.0107277621
f 2515 2517 2516
v -0.0239206289 -0.0328659982 -0.00483260737
v -0.0236463049 -0.0342238345 0.000861618719
v -0.0239689034 -0.0339693768 -0.00133351277
f 2518 2520 2519
v -0.0227311393 -0.0351186754 -0.00291921988
v -0.0239689034 -0.0339693768 -0.00133351277
v -0.0223038485 -0.0359367521 0.000853579331
f 2521 2523 2522
v -0.0239206289 -0.0328659982 -0.00483260737
v -0.0239689034 -0.0339693768 -0.00133351277
v -0.0227311393 -0.0351186754 -0.00291921988
f 2524 2526 2525
v -0.00173418084 -0.0361028797 -0.0121030091
v -0.00018544597 -0.0373946765 -0.0135494061
v -0.0051111525 -0.037034112 -0.011970153
f 2527 2529 2528
v -0.00723980556 -0.037815125 -0.0120283665
v -0.00887454808 -0.0385412568 -0.0129767664
v -0.00859996944 -0.037741987 -0.0113069538
f 2530 2532 2531
v 0.000963509956 -0.0383947016 -0.011710215
v 0.000886684575 -0.0380730024 -0.0138744435
v 0.000502915645 -0.038335289 -0.0143593716
f 2533 2535 2534
v 0.00163418736 -0.0391422451 -0.00677454591
v 0.00141682103 -0.0392692687 -0.00675693882
v 0.00141820128 -0.0392747315 -0.00657640339
f 2536 2538 2537
v -0.00489110971 -0.0347729743 -0.0269474491
v -0.00288553565 -0.0345632347 -0.0277299376
v -0.00486542267 -0.0330607087 -0.0296652346
f 2539 2541 2540
v -0.00207044213 -0.0395268231 -0.0152811888
v -0.00018544597 -0.0373946765 -0.0135494061
v 0.000502915645 -0.038335289 -0.0143593716
f 2542 2544 2543
v -8.89871444e-05 -0.0380763668 -0.00707438085
v -0.000308635936 -0.037531284 -0.00618317936
v 0.00110222609 -0.0389267574 -0.00667131972
f 2545 2547 2546
v -0.0103352344 -0.033570212 -0.0254127459
v -0.0116487317 -0.0336259982 -0.0221950468
v -0.00833058511 -0.0345267617 -0.0232625767
f 2548 2550 2549
v -0.0186445133 -0.0305591559 -0.0260749715
v -0.0241704751 -0.0295353471 -0.0239314235
v -0.0172726868 -0.0317905011 -0.0241409944
f 2551 2553 2552
v -0.00115841249 -0.0403173646 0.000847300907
v -0.00135138398 -0.0405280589 -0.000164828998
v -0.00653091993 -0.039469765 0.000845940485
f 2554 2556 2555
v -0.0053628286 -0.0396852643 -0.000912681571
v -0.0105332518 -0.0384322891 -0.000850775905
v -0.00653091993 -0.039469765 0.000845940485
f 2557 2559 2558
v -0.0161003321 -0.0368865934 -0.0022369657
v -0.0183262469 -0.0371938484 0.000835967694
v -0.012702019 -0.0380138983 0.000852895482
f 2560 2562 2561
v -0.00938959711 -0.00635851466 -0.0412433146
v -0.0101521255 0.000853537767 -0.0402929756
v -0.013545595 -0.00255595332 -0.040065893
f 2563 2565 2564
v -0.0180066709 -0.00333253811 -0.0390389643
v -0.019649489 0.00185828358 -0.0376116019
v -0.0209965336 -0.0035671339 -0.0385969121
f 2566 2568 2567
v -0.0188913866 -0.011459391 -0.0389232679
v -0.0180066709 -0.00333253811 -0.0390389643
v -0.0208410172 -0.00471078638 -0.0385602325
f 2569 2571 2570
v -0.0155651476 -0.00714114503 -0.039783612
v -0.0188913866 -0.011459391 -0.0389232679
v -0.0159463001 -0.013546909 -0.0393762835
f 2572 2574 2573
v -0.0188913866 -0.011459391 -0.0389232679
v -0.0208410172 -0.00471078638 -0.0385602325
v -0.0203739764 -0.0108903325 -0.038404463
f 2575 2577 2576
v -0.0208410172 -0.00471078638 -0.0385602325
v -0.0180066709 -0.00333253811 -0.0390389643
v -0.0209965336 -0.0035671339 -0.0385969121
f 2578 2580 2579
v -0.0208410172 -0.00471078638 -0.0385602325
v -0.0209965336 -0.0035671339 -0.0385969121
v -0.0247480959 -0.00301001819 -0.0372544862
f 2581 2583 2582
v -0.0208410172 -0.00471078638 -0.0385602325
v -0.0247480959 -0.00301001819 -0.0372544862
v -0.0225270953 -0.00747478407 -0.0380627607
f 2584 2586 2585
v -0.0225270953 -0.00747478407 -0.0380627607
v -0.0247480959 -0.00301001819 -0.0372544862
v -0.0258128508 -0.00775520384 -0.036769401
f 2587 2589 2588
v -0.0203739764 -0.0108903325 -0.038404463
v -0.0208410172 -0.00471078638 -0.0385602325
v -0.0225270953 -0.00747478407 -0.0380627607
f 2590 2592 2591
v -0.0253683771 0.00223717907 -0.035625996
v -0.019649489 0.00185828358 -0.0376116019
v -0.0214487634 0.00435547809 -0.0361308688
f 2593 2595 2594
v -0.0247480959 -0.00301001819 -0.0372544862
v -0.019649489 0.00185828358 -0.0376116019
v -0.0253683771 0.00223717907 -0.035625996
f 2596 2598 2597
v -0.0254888175 0.0062329309 -0.0335979654
v -0.0274279737 0.00338718492 -0.0335914665
v -0.0237381668 0.00438767274 -0.035552925
f 2599 2601 2600
v -0.0274279737 0.00338718492 -0.0335914665
v -0.0276571023 0.00535874678 -0.0317250466
v -0.027385389 0.000764899141 -0.034808871
f 2602 2604 2603
v -0.0237381668 0.00438767274 -0.035552925
v -0.0274279737 0.00338718492 -0.0335914665
v -0.0253683771 0.00223717907 -0.035625996
f 2605 2607 2606
v -0.027550105 0.00843831149 -0.031089285
v -0.0276571023 0.00535874678 -0.0317250466
v -0.0279874424 0.00638666897 -0.0327710295
f 2608 2610 2609
v -0.027550105 0.00843831149 -0.031089285
v -0.0283291505 0.00895783814 -0.0231735554
v -0.0276571023 0.00535874678 -0.0317250466
f 2611 2613 2612
v -0.0272999692 -0.00280313725 -0.0356175762
v -0.02873044 -0.00140965976 -0.0262693531
v -0.0292286772 -0.00908708389 -0.0251232384
f 2614 2616 2615
v -0.0202608499 -0.0144884485 -0.037842046
v -0.0188913866 -0.011459391 -0.0389232679
v -0.0203739764 -0.0108903325 -0.038404463
f 2617 2619 2618
v -0.0202608499 -0.0144884485 -0.037842046
v -0.0201684583 -0.0199290618 -0.0365084212
v -0.018382461 -0.0191033017 -0.0374111318
f 2620 2622 2621
v -0.0202608499 -0.0144884485 -0.037842046
v -0.022813816 -0.01261898 -0.0375380478
v -0.0233183237 -0.0166256199 -0.036503619
f 2623 2625 2624
v -0.0225270953 -0.00747478407 -0.0380627607
v -0.0258128508 -0.00775520384 -0.036769401
v -0.022813816 -0.01261898 -0.0375380478
f 2626 2628 2627
v -0.022813816 -0.01261898 -0.0375380478
v -0.0258128508 -0.00775520384 -0.036769401
v -0.0260707748 -0.011647497 -0.0360532344
f 2629 2631 2630
v -0.0233183237 -0.0166256199 -0.036503619
v -0.022813816 -0.01261898 -0.0375380478
v -0.0260707748 -0.011647497 -0.0360532344
f 2632 2634 2633
v -0.0233183237 -0.0166256199 -0.036503619
v -0.0260707748 -0.011647497 -0.0360532344
v -0.0253934646 -0.0148398438 -0.0353406824
f 2635 2637 2636
v -0.0271588098 -0.00577914216 -0.0357666082
v -0.0292286772 -0.00908708389 -0.0251232384
v -0.0268705655 -0.0104655373 -0.0338454556
f 2638 2640 2639
v -0.0253934646 -0.0148398438 -0.0353406824
v -0.0292286772 -0.00908708389 -0.0251232384
v -0.02714773 -0.0170828935 -0.0268402568
f 2641 2643 2642
v -0.0214434636 -0.0200790193 -0.0352422358
v -0.023025964 -0.0193235916 -0.0328653317
v -0.020803095 -0.0206404176 -0.0332779397
f 2644 2646 2645
v -0.0243930524 -0.0181982861 -0.0322778826
v -0.02714773 -0.0170828935 -0.0268402568
v -0.0276131614 -0.0187941172 -0.0241704969
f 2647 2649 2648
v -0.0251649501 -0.0206038574 -0.0279874104
v -0.0246097625 -0.0250129757 -0.0272128585
v -0.0231344457 -0.021429242 -0.0306429632
f 2650 2652 2651
v -0.02873044 -0.00140965976 -0.0262693531
v -0.0309619762 -0.00614303717 -0.0160036405
v -0.0310461968 -0.0117925716 -0.0169707419
f 2653 2655 2654
v -0.0310232834 -0.0133742651 -0.0135012277
v -0.0309619762 -0.00614303717 -0.0160036405
v -0.0302054454 -0.00301455038 -0.011522149
f 2656 2658 2657
v -0.0302054454 -0.00301455038 -0.011522149
v -0.0305218855 -0.00532709273 -0.00526342847
v -0.0304820831 -0.0149928339 -0.00970746623
f 2659 2661 2660
v -0.02873044 -0.00140965976 -0.0262693531
v -0.0283291505 0.00895783814 -0.0231735554
v -0.0295819627 0.00122032461 -0.0180233415
f 2662 2664 2663
v -0.0295819627 0.00122032461 -0.0180233415
v -0.0290648459 0.00383454717 -0.0103595296
v -0.0302054454 -0.00301455038 -0.011522149
f 2665 2667 2666
v -0.0295819627 0.00122032461 -0.0180233415
v -0.0302054454 -0.00301455038 -0.011522149
v -0.0309619762 -0.00614303717 -0.0160036405
f 2668 2670 2669
v -0.0290648459 0.00383454717 -0.0103595296
v -0.0294054509 0.00424949067 0.000850498509
v -0.0305218855 -0.00532709273 -0.00526342847
f 2671 2673 2672
v -0.028949618 0.00674524708 -0.014003666
v -0.0294054509 0.00424949067 0.000850498509
v -0.0290648459 0.00383454717 -0.0103595296
f 2674 2676 2675
v -0.0310461968 -0.0117925716 -0.0169707419
v -0.0305957219 -0.0164568017 -0.0148570034
v -0.0276131614 -0.0187941172 -0.0241704969
f 2677 2679 2678
v -0.0276131614 -0.0187941172 -0.0241704969
v -0.0267586496 -0.0229966521 -0.021264315
v -0.0250192446 -0.0238359164 -0.0257307896
f 2680 2682 2681
v -0.0302609493 -0.0139082709 -0.00348554167
v -0.0304019137 -0.013442483 0.000847782303
v -0.0304820831 -0.0149928339 -0.00970746623
f 2683 2685 2684
v -0.0283267116 -0.0218524292 -0.00846713301
v -0.0275924103 -0.0237805085 -0.00181138093
v -0.0264248753 -0.0257440173 -0.0120913064
f 2686 2688 2687
v -0.0310232834 -0.0133742651 -0.0135012277
v -0.0302054454 -0.00301455038 -0.011522149
v -0.0304820831 -0.0149928339 -0.00970746623
f 2689 2691 2690
v -0.0305218855 -0.00532709273 -0.00526342847
v -0.0302609493 -0.0139082709 -0.00348554167
v -0.0304820831 -0.0149928339 -0.00970746623
f 2692 2694 2693
v -0.0250192446 -0.0238359164 -0.0257307896
v -0.0243585979 -0.0266089308 -0.0254395505
v -0.0246097625 -0.0250129757 -0.0272128585
f 2695 2697 2696
v -0.0250192446 -0.0238359164 -0.0257307896
v -0.0243432456 -0.0302710658 -0.0188523059
v -0.0243585979 -0.0266089308 -0.0254395505
f 2698 2700 2699
v -0.0272558478 0.00765402438 -0.0329348259
v -0.0275121827 0.00814168816 -0.0317462283
v -0.0279874424 0.00638666897 -0.0327710295
f 2701 2703 2702
v 0.00593644363 0.0194764129 -0.0281236571
v 0.00631231378 0.0201269126 -0.0266240851
v 0.00426431943 0.019265934 -0.0297038438
f 2704 2706 2705
v -0.00135138398 -0.0405280589 -0.000164828998
v -0.00115841249 -0.0403173646 0.000847300907
v -0.00119684046 -0.0402388454 -0.00148580475
f 2707 2709 2708
v -0.0223038485 -0.0359367521 0.000853579331
v -0.0239689034 -0.0339693768 -0.00133351277
v -0.0236463049 -0.0342238345 0.000861618719
f 2710 2712 2711
v 0.00773641514 0.0248042692 0.000850056858
v 0.00986500236 0.0109872875 -0.00415506802
v 0.0100607038 0.0102006008 0.000847396586
f 2713 2715 2714
v 0.0093263312 -0.0130311542 0.000848970194
v 0.0100607038 0.0102006008 0.000847396586
v 0.0094445626 -0.00779333132 -0.0051743722
f 2716 2718 2717
v 0.00531418627 0.016804169 0.0326306414
v 0.00527517841 0.0176850081 0.0320489227
v 0.00604493398 0.0181939758 0.0309429743
f 2719 2721 2720
v 0.00527517841 0.0176850081 0.0320489227
v 0.00462013268 0.0178963979 0.03169876
v 0.00511261023 0.0184739576 0.0324452383
f 2722 2724 2723
v 0.00511261023 0.0184739576 0.0324452383
v 0.00604493398 0.0181939758 0.0309429743
v 0.00527517841 0.0176850081 0.0320489227
f 2725 2727 2726
v 0.00656831835 0.0212066909 0.0246686686
v 0.00665166444 0.0205514239 0.0263054651
v 0.00653430179 0.0206682758 0.0262043119
f 2728 2730 2729
v 0.00665166444 0.0205514239 0.0263054651
v 0.00656862394 0.0207388293 0.0262017245
v 0.00653430179 0.0206682758 0.0262043119
f 2731 2733 2732
v 0.00661398662 0.0191034036 0.0232938415
v 0.00665166444 0.0205514239 0.0263054651
v 0.00656831835 0.0212066909 0.0246686686
f 2734 2736 2735
v 0.00665166444 0.0205514239 0.0263054651
v 0.00661398662 0.0191034036 0.0232938415
v 0.00652415038 0.0204685508 0.0264551229
f 2737 2739 2738
v 0.00665166444 0.0205514239 0.0263054651
v 0.00652415038 0.0204685508 0.0264551229
v 0.00656862394 0.0207388293 0.0262017245
f 2740 2742 2741
v 0.00652415038 0.0204685508 0.0264551229
v 0.00617003243 0.0207527322 0.0266266754
v 0.00653430179 0.0206682758 0.0262043119
f 2743 2745 2744
v 0.00623173109 0.0199976188 0.0286725903
v 0.00591622374 0.019118459 0.0302260014
v 0.00428445492 0.0192371037 0.0314483739
f 2746 2748 2747
v 0.00531418627 0.016804169 0.0326306414
v 0.00604493398 0.0181939758 0.0309429743
v 0.0055202574 0.0160521813 0.0308594288
f 2749 2751 2750
v 0.00511261023 0.0184739576 0.0324452383
v 0.00591622374 0.019118459 0.0302260014
v 0.00604493398 0.0181939758 0.0309429743
f 2752 2754 2753
v 0.00591622374 0.019118459 0.0302260014
v 0.00652415038 0.0204685508 0.0264551229
v 0.00661398662 0.0191034036 0.0232938415
f 2755 2757 2756
v 0.00428445492 0.0192371037 0.0314483739
v 0.00591622374 0.019118459 0.0302260014
v 0.00511261023 0.0184739576 0.0324452383
f 2758 2760 2759
v 0.00863962632 0.0126565268 0.0133008129
v 0.00661398662 0.0191034036 0.0232938415
v 0.00731978798 0.0234079416 0.0129211199
f 2761 2763 2762
v 0.00771751511 0.0240931127 0.00745242505
v 0.00777326641 0.0247621152 0.000843381167
v 0.00731978798 0.0234079416 0.0129211199
f 2764 2766 2765
v 0.00364510634 0.0110460656 0.0393780181
v 0.00308267481 0.0125954961 0.0385430001
v 0.00378773402 0.0125974664 0.0373002549
f 2767 2769 2768
v 0.00377820688 0.0143680329 0.03737027
v 0.00305560097 0.0138919495 0.0376032403
v 0.00305868452 0.0138902615 0.0375463511
f 2770 2772 2771
v 0.00377820688 0.0143680329 0.03737027
v 0.00371416972 0.0139181575 0.0373800693
v 0.00305560097 0.0138919495 0.0376032403
f 2773 2775 2774
v 0.00269520169 0.0138211049 0.0375727686
v 0.00253439866 0.0137568233 0.0376161886
v 0.00253705948 0.0137553856 0.0375669129
f 2776 2778 2777
v 0.00308267481 0.0125954961 0.0385430001
v 0.0024359957 0.0134375252 0.0376776588
v 0.00378773402 0.0125974664 0.0373002549
f 2779 2781 2780
v 0.00308267481 0.0125954961 0.0385430001
v 0.000461853779 0.0133125155 0.0377407909
v 0.0024359957 0.0134375252 0.0376776588
f 2782 2784 2783
v 0.00378773402 0.0125974664 0.0373002549
v 0.0024359957 0.0134375252 0.0376776588
v 0.00270617675 0.0137751791 0.0375982781
f 2785 2787 2786
v 0.0024359957 0.0134375252 0.0376776588
v 0.00253705948 0.0137553856 0.0375669129
v 0.00270617675 0.0137751791 0.0375982781
f 2788 2790 2789
v 0.00369685731 0.00873503959 0.0404701452
v 0.00429851789 0.00699903103 0.0372106966
v 0.00431948283 0.00762019845 0.0409104105
f 2791 2793 2792
v 0.00369685731 0.00873503959 0.0404701452
v 0.00326354639 0.00972607304 0.0400812685
v 0.00429851789 0.00699903103 0.0372106966
f 2794 2796 2795
v 0.00431948283 0.00762019845 0.0409104105
v 0.00391581125 0.00627937043 0.0417095202
v 0.00121694102 0.00940621612 0.0402828126
f 2797 2799 2798
v 0.00121694102 0.00940621612 0.0402828126
v -0.00116988595 0.00514795502 0.0419139687
v -0.00123643913 0.007490602 0.0411140762
f 2800 2802 2801
v -0.00404259445 0.0101353544 0.0390969333
v -0.00123643913 0.007490602 0.0411140762
v -0.00434201902 0.00652182425 0.0410812936
f 2803 2805 2804
v 0.00121694102 0.00940621612 0.0402828126
v -0.00123643913 0.007490602 0.0411140762
v -0.00404259445 0.0101353544 0.0390969333
f 2806 2808 2807
v 0.00364510634 0.0110460656 0.0393780181
v 0.00121694102 0.00940621612 0.0402828126
v 0.00308267481 0.0125954961 0.0385430001
f 2809 2811 2810
v 0.000461853779 0.0133125155 0.0377407909
v 0.00308267481 0.0125954961 0.0385430001
v 0.00121694102 0.00940621612 0.0402828126
f 2812 2814 2813
v 0.00427184568 0.0170098836 0.0346336747
v 0.00399203418 0.0174571192 0.0348055182
v 0.00359640399 0.0177192167 0.0342812884
f 2815 2817 2816
v 0.00427184568 0.0170098836 0.0346336747
v 0.00293332996 0.0163373872 0.0357126642
v 0.00399203418 0.0174571192 0.0348055182
f 2818 2820 2819
v 0.00425739854 0.0150863387 0.0358672842
v 0.00377820688 0.0143680329 0.03737027
v 0.00370909838 0.015512346 0.036605724
f 2821 2823 2822
v 0.00346353918 0.0158317198 0.0357972283
v 0.00373535731 0.0157501796 0.0358145509
v 0.00370909838 0.015512346 0.036605724
f 2824 2826 2825
v 0.00373535731 0.0157501796 0.0358145509
v 0.00346353918 0.0158317198 0.0357972283
v 0.00329799077 0.0152748209 0.0354463293
f 2827 2829 2828
v 0.00274094273 0.016001139 0.0341925857
v 0.00351018098 0.0161228425 0.0350639661
v 0.00304269925 0.0165766731 0.0344093365
f 2830 2832 2831
v 0.00352685893 0.0152207518 0.0354772783
v 0.00349076727 0.0151561588 0.0354794785
v 0.00422230514 0.01552342 0.03446849
f 2833 2835 2834
v 0.00264011323 0.015645106 0.0349072157
v 0.00294950878 0.0156493028 0.0349479698
v 0.00276313222 0.0155451809 0.0348617235
f 2836 2838 2837
v 0.00261889436 0.0157916642 0.0347165798
v 0.0025240035 0.0156915965 0.0346932706
v 0.00274094273 0.016001139 0.0341925857
f 2839 2841 2840
v 0.00276313222 0.0155451809 0.0348617235
v 0.0025240035 0.0156915965 0.0346932706
v 0.00264011323 0.015645106 0.0349072157
f 2842 2844 2843
v 0.00276313222 0.0155451809 0.0348617235
v 0.00294950878 0.0156493028 0.0349479698
v 0.00289669697 0.0157006216 0.0347528694
f 2845 2847 2846
v 0.0025240035 0.0156915965 0.0346932706
v 0.00261889436 0.0157916642 0.0347165798
v 0.00264011323 0.015645106 0.0349072157
f 2848 2850 2849
v 0.00351018098 0.0161228425 0.0350639661
v 0.00289669697 0.0157006216 0.0347528694
v 0.00294950878 0.0156493028 0.0349479698
f 2851 2853 2852
v 0.00351018098 0.0161228425 0.0350639661
v 0.00294950878 0.0156493028 0.0349479698
v 0.00329799077 0.0152748209 0.0354463293
f 2854 2856 2855
v 0.00351018098 0.0161228425 0.0350639661
v 0.00363525614 0.0162598779 0.0354500749
v 0.00371619826 0.0164210607 0.0354437885
f 2857 2859 2858
v 0.00427184568 0.0170098836 0.0346336747
v 0.00347827445 0.0177048132 0.0336645666
v 0.00304269925 0.0165766731 0.0344093365
f 2860 2862 2861
v 0.00370909838 0.015512346 0.036605724
v 0.00373535731 0.0157501796 0.0358145509
v 0.00425739854 0.0150863387 0.0358672842
f 2863 2865 2864
v 0.00425739854 0.0150863387 0.0358672842
v 0.00373535731 0.0157501796 0.0358145509
v 0.00329799077 0.0152748209 0.0354463293
f 2866 2868 2867
v 0.00446955091 0.014873383 0.03534141
v 0.00349076727 0.0151561588 0.0354794785
v 0.00352685893 0.0152207518 0.0354772783
f 2869 2871 2870
v 0.00417963893 0.0159907839 0.0356150529
v 0.00371159549 0.0163050849 0.0356695527
v 0.00371619826 0.0164210607 0.0354437885
f 2872 2874 2873
v 0.00351018098 0.0161228425 0.0350639661
v 0.00373535731 0.0157501796 0.0358145509
v 0.00417963893 0.0159907839 0.0356150529
f 2875 2877 2876
v 0.00352685893 0.0152207518 0.0354772783
v 0.00349076727 0.0151561588 0.0354794785
v 0.00425739854 0.0150863387 0.0358672842
f 2878 2880 2879
v 0.00293332996 0.0163373872 0.0357126642
v 0.00363525614 0.0162598779 0.0354500749
v 0.00371159549 0.0163050849 0.0356695527
f 2881 2883 2882
v 0.00425739854 0.0150863387 0.0358672842
v 0.00349076727 0.0151561588 0.0354794785
v 0.00446955091 0.014873383 0.03534141
f 2884 2886 2885
v 0.00527517841 0.0176850081 0.0320489227
v 0.00495333661 0.01673808 0.0330086536
v 0.0049610826 0.0167339967 0.0328727328
f 2887 2889 2888
v 0.00531418627 0.016804169 0.0326306414
v 0.00495333661 0.01673808 0.0330086536
v 0.00527517841 0.0176850081 0.0320489227
f 2890 2892 2891
v 0.00474734406 0.0156864015 0.0329023344
v 0.0049610826 0.0167339967 0.0328727328
v 0.00531418627 0.016804169 0.0326306414
f 2893 2895 2894
v 0.00531418627 0.016804169 0.0326306414
v 0.0055202574 0.0160521813 0.0308594288
v 0.00474734406 0.0156864015 0.0329023344
f 2896 2898 2897
v 0.00329758914 0.017449072 0.03280651
v 0.00462013268 0.0178963979 0.03169876
v 0.00306217262 0.0165627382 0.0336141879
f 2899 2901 2900
v 0.00458705181 0.0166544327 0.0332651107
v 0.00274094273 0.016001139 0.0341925857
v 0.00306217262 0.0165627382 0.0336141879
f 2902 2904 2903
v 0.00425739854 0.0150863387 0.0358672842
v 0.00446955091 0.014873383 0.03534141
v 0.00377820688 0.0143680329 0.03737027
f 2905 2907 2906
v 0.00378773402 0.0125974664 0.0373002549
v 0.00591437129 0.0109138367 0.0282521331
v 0.00364510634 0.0110460656 0.0393780181
f 2908 2910 2909
v 0.00377820688 0.0143680329 0.03737027
v 0.00446955091 0.014873383 0.03534141
v 0.00371416972 0.0139181575 0.0373800693
f 2911 2913 2912
v 0.00474734406 0.0156864015 0.0329023344
v 0.00378773402 0.0125974664 0.0373002549
v 0.00446955091 0.014873383 0.03534141
f 2914 2916 2915
v 0.00293332996 0.0163373872 0.0357126642
v 0.00370909838 0.015512346 0.036605724
v 1.35158189e-05 0.0151807893 0.0360640319
f 2917 2919 2918
v 0.00357278041 0.0176761459 0.0342827552
v 0.00347827445 0.0177048132 0.0336645666
v 0.00427184568 0.0170098836 0.0346336747
f 2920 2922 2921
v 0.00306217262 0.0165627382 0.0336141879
v 0.00304269925 0.0165766731 0.0344093365
v 0.00347827445 0.0177048132 0.0336645666
f 2923 2925 2924
v 0.00591437129 0.0109138367 0.0282521331
v 0.00697639043 0.00324203538 0.0274883147
v 0.00402848673 0.00330989678 0.0395703217
f 2926 2928 2927
v 0.00192138032 -0.0197622008 0.0413626723
v 0.00186394827 -0.00834395978 0.0438619521
v 0.0068762849 -0.00422483827 0.029577504
f 2929 2931 2930
v 0.0068762849 -0.00422483827 0.029577504
v 0.008208293 -0.00735667782 0.0208987563
v 0.00634385942 -0.0137590891 0.0285534974
f 2932 2934 2933
v -0.00158029652 -0.00148832305 0.0440413249
v 0.00265393537 0.000544344493 0.0437966984
v 0.00295999344 -0.00217954621 0.044521314
f 2935 2937 2936
v 0.00402848673 0.00330989678 0.0395703217
v 0.00265393537 0.000544344493 0.0437966984
v 0.00321810803 0.00255352024 0.0431670342
f 2938 2940 2939
v 0.00295999344 -0.00217954621 0.044521314
v 0.00265393537 0.000544344493 0.0437966984
v 0.00378113327 -0.0037568916 0.0388203858
f 2941 2943 2942
v 0.00265393537 0.000544344493 0.0437966984
v 0.00467948121 0.000721806555 0.0362096762
v 0.00378113327 -0.0037568916 0.0388203858
f 2944 2946 2945
v 0.00321810803 0.00255352024 0.0431670342
v -0.00197571935 0.0016825561 0.0432623492
v 0.00107989763 0.00303974775 0.0430748682
f 2947 2949 2948
v -0.00487517136 0.00338822683 0.0421253644
v 0.00107989763 0.00303974775 0.0430748682
v -0.00197571935 0.0016825561 0.0432623492
f 2950 2952 2951
v 0.0023422348 -0.00462803546 0.0446854916
v -0.000242197711 -0.00527011252 0.0446983409
v 0.00295999344 -0.00217954621 0.044521314
f 2953 2955 2954
v 0.0023422348 -0.00462803546 0.0446854916
v 0.00186394827 -0.00834395978 0.0438619521
v 0.0016111735 -0.0071075985 0.0449160696
f 2956 2958 2957
v -0.000242197711 -0.00527011252 0.0446983409
v 0.0023422348 -0.00462803546 0.0446854916
v 0.0016111735 -0.0071075985 0.0449160696
f 2959 2961 2960
v 0.00295999344 -0.00217954621 0.044521314
v 0.00186394827 -0.00834395978 0.0438619521
v 0.0023422348 -0.00462803546 0.0446854916
f 2962 2964 2963
v 0.00295999344 -0.00217954621 0.044521314
v 0.00378113327 -0.0037568916 0.0388203858
v 0.00186394827 -0.00834395978 0.0438619521
f 2965 2967 2966
v -0.00197571935 0.0016825561 0.0432623492
v -0.00158029652 -0.00148832305 0.0440413249
v -0.0069144422 -0.00419368116 0.0433666108
f 2968 2970 2969
v -0.00487517136 0.00338822683 0.0421253644
v -0.00197571935 0.0016825561 0.0432623492
v -0.00738730159 0.00136182016 0.0423067046
f 2971 2973 2972
v 0.00467948121 0.000721806555 0.0362096762
v 0.0068762849 -0.00422483827 0.029577504
v 0.00378113327 -0.0037568916 0.0388203858
f 2974 2976 2975
v 0.00697639043 0.00324203538 0.0274883147
v 0.0068762849 -0.00422483827 0.029577504
v 0.00467948121 0.000721806555 0.0362096762
f 2977 2979 2978
v 0.00591437129 0.0109138367 0.0282521331
v 0.00661398662 0.0191034036 0.0232938415
v 0.00863962632 0.0126565268 0.0133008129
f 2980 2982 2981
v 0.00802778668 0.00431277404 0.020488695
v 0.00863962632 0.0126565268 0.0133008129
v 0.00957666489 0.00558943393 0.0129642242
f 2983 2985 2984
v 0.00863962632 0.0126565268 0.0133008129
v 0.00777326641 0.0247621152 0.000843381167
v 0.0100214806 0.0100775964 0.00609033232
f 2986 2988 2987
v 0.00957666489 0.00558943393 0.0129642242
v 0.0100214806 0.0100775964 0.00609033232
v 0.0100076737 -0.00105360568 0.0103212144
f 2989 2991 2990
v 0.00915657729 -0.00874731631 0.00939391102
v 0.008208293 -0.00735667782 0.0208987563
v 0.0100076737 -0.00105360568 0.0103212144
f 2992 2994 2993
v 0.00697639043 0.00324203538 0.0274883147
v 0.00802778668 0.00431277404 0.020488695
v 0.008208293 -0.00735667782 0.0208987563
f 2995 2997 2996
v 0.00915657729 -0.00874731631 0.00939391102
v 0.0100076737 -0.00105360568 0.0103212144
v 0.0095247713 -0.00589235788 0.000843057751
f 2998 3000 2999
v 0.00462013268 0.0178963979 0.03169876
v 0.00329758914 0.017449072 0.03280651
v 0.00428445492 0.0192371037 0.0314483739
f 3001 3003 3002
v 0.00591622374 0.019118459 0.0302260014
v 0.00661398662 0.0191034036 0.0232938415
v 0.0055202574 0.0160521813 0.0308594288
f 3004 3006 3005
v 0.00428445492 0.0192371037 0.0314483739
v 0.00329758914 0.017449072 0.03280651
v 0.00355149386 0.0187629907 0.0326396897
f 3007 3009 3008
v 0.00355149386 0.0187629907 0.0326396897
v 0.000838704727 0.0186723206 0.0330409704
v 0.00184800519 0.0204767406 0.0294454891
f 3010 3012 3011
v 0.00428445492 0.0192371037 0.0314483739
v 0.00355149386 0.0187629907 0.0326396897
v 0.00184800519 0.0204767406 0.0294454891
f 3013 3015 3014
v 0.00339668477 0.0224198229 0.0231675207
v 0.00617003243 0.0207527322 0.0266266754
v 0.00184800519 0.0204767406 0.0294454891
f 3016 3018 3017
v 0.00184800519 0.0204767406 0.0294454891
v 0.00066283028 0.0218851186 0.0251652556
v 0.00339668477 0.0224198229 0.0231675207
f 3019 3021 3020
v 0.00184800519 0.0204767406 0.0294454891
v -0.000780473056 0.0209412145 0.0277113519
v 0.00066283028 0.0218851186 0.0251652556
f 3022 3024 3023
v 0.00731978798 0.0234079416 0.0129211199
v 0.00662948587 0.0235312109 0.016689903
v 0.00663884566 0.0241175861 0.0128854052
f 3025 3027 3026
v 0.00663884566 0.0241175861 0.0128854052
v 0.00662948587 0.0235312109 0.016689903
v 0.00449846993 0.0243722097 0.0145089783
f 3028 3030 3029
v 0.00213178937 0.0235076281 0.020156661
v 0.00339668477 0.0224198229 0.0231675207
v -0.00198472189 0.0249645731 0.0175612848
f 3031 3033 3032
v 0.00339668477 0.0224198229 0.0231675207
v 0.00066283028 0.0218851186 0.0251652556
v -0.00382698636 0.0234668769 0.0221834067
f 3034 3036 3035
v 0.00339668477 0.0224198229 0.0231675207
v -0.00382698636 0.0234668769 0.0221834067
v -0.00198472189 0.0249645731 0.0175612848
f 3037 3039 3038
v 0.00662948587 0.0235312109 0.016689903
v 0.00652894378 0.0228215635 0.0201745686
v 0.00449846993 0.0243722097 0.0145089783
f 3040 3042 3041
v 0.00649939902 0.0223085182 0.0220283764
v -0.00198472189 0.0249645731 0.0175612848
v 0.00126078157 0.0256417668 0.0132672882
f 3043 3045 3044
v 0.00652894378 0.0228215635 0.0201745686
v 0.00649939902 0.0223085182 0.0220283764
v 0.00126078157 0.0256417668 0.0132672882
f 3046 3048 3047
v 0.00126078157 0.0256417668 0.0132672882
v -0.00198472189 0.0249645731 0.0175612848
v -0.00378835612 0.026559757 0.0119963137
f 3049 3051 3050
v -0.00378835612 0.026559757 0.0119963137
v -0.00677116841 0.0259489723 0.0150898093
v -0.00709073138 0.0271715195 0.0105854342
f 3052 3054 3053
v -0.00425008438 0.0253125269 0.0170342406
v -0.00198472189 0.0249645731 0.0175612848
v -0.00382698636 0.0234668769 0.0221834067
f 3055 3057 3056
v 0.00663884566 0.0241175861 0.0128854052
v 0.00707798463 0.0246995885 0.00994257134
v 0.00731978798 0.0234079416 0.0129211199
f 3058 3060 3059
v 0.00731978798 0.0234079416 0.0129211199
v 0.00707798463 0.0246995885 0.00994257134
v 0.00771751511 0.0240931127 0.00745242505
f 3061 3063 3062
v 0.00707798463 0.0246995885 0.00994257134
v 0.00512509141 0.0251697929 0.00962033373
v 0.00481230381 0.0258502318 0.00494799096
f 3064 3066 3065
v 0.00707798463 0.0246995885 0.00994257134
v 0.00681541278 0.025263062 0.00611068608
v 0.00771751511 0.0240931127 0.00745242505
f 3067 3069 3068
v 0.00372678915 0.0253738399 0.0113367088
v 0.00321183761 0.0262505579 0.00644251122
v 0.00512509141 0.0251697929 0.00962033373
f 3070 3072 3071
v -0.000330500188 0.0264545612 0.0097888842
v 9.43262421e-05 0.0267806521 0.00741182012
v 0.00372678915 0.0253738399 0.0113367088
f 3073 3075 3074
v 0.00771751511 0.0240931127 0.00745242505
v 0.00681541278 0.025263062 0.00611068608
v 0.00790723716 0.0247242686 0.00251626825
f 3076 3078 3077
v 0.00790723716 0.0247242686 0.00251626825
v 0.00651164737 0.025798718 0.0034879562
v 0.00600018247 0.0256608299 0.000842822737
f 3079 3081 3080
v 0.00600018247 0.0256608299 0.000842822737
v 0.00321183761 0.0262505579 0.00644251122
v 0.00182136209 0.0271820958 0.000847489991
f 3082 3084 3083
v 0.00182136209 0.0271820958 0.000847489991
v -0.000882181484 0.0272886507 0.00346235975
v -0.00605369496 0.0283508445 0.000845709746
f 3085 3087 3086
v -0.00210045546 0.027024548 0.00724514248
v -0.000330500188 0.0264545612 0.0097888842
v -0.00378835612 0.026559757 0.0119963137
f 3088 3090 3089
v -0.000882181484 0.0272886507 0.00346235975
v -0.00341900231 0.027722583 0.00523596755
v -0.00605369496 0.0283508445 0.000845709746
f 3091 3093 3092
v -0.00210045546 0.027024548 0.00724514248
v -0.00341900231 0.027722583 0.00523596755
v -0.000882181484 0.0272886507 0.00346235975
f 3094 3096 3095
v -0.00677116841 0.0259489723 0.0150898093
v -0.00425008438 0.0253125269 0.0170342406
v -0.00946820946 0.0251189282 0.0180374598
f 3097 3099 3098
v -0.00726748403 0.0243566363 0.0199661721
v -0.00946820946 0.0251189282 0.0180374598
v -0.00425008438 0.0253125269 0.0170342406
f 3100 3102 3101
v -0.0104258266 0.025719768 0.0157035058
v -0.00677116841 0.0259489723 0.0150898093
v -0.00946820946 0.0251189282 0.0180374598
f 3103 3105 3104
v -0.00980327022 0.0270414515 0.0112675705
v -0.0104258266 0.025719768 0.0157035058
v -0.0100783451 0.0264067814 0.0142006465
f 3106 3108 3107
v -0.00980327022 0.0270414515 0.0112675705
v -0.0100783451 0.0264067814 0.0142006465
v -0.0138820862 0.0257297594 0.0148537889
f 3109 3111 3110
v -0.00980327022 0.0270414515 0.0112675705
v -0.011270641 0.028321374 0.00743515702
v -0.00709073138 0.0271715195 0.0105854342
f 3112 3114 3113
v -0.00980327022 0.0270414515 0.0112675705
v -0.0138820862 0.0257297594 0.0148537889
v -0.0126824147 0.0277100771 0.00937374789
f 3115 3117 3116
v -0.00973795832 0.0287607487 0.00382254038
v -0.0125298524 0.0289672433 0.00412549634
v -0.00605369496 0.0283508445 0.000845709746
f 3118 3120 3119
v -0.011270641 0.028321374 0.00743515702
v -0.0126824147 0.0277100771 0.00937374789
v -0.00973795832 0.0287607487 0.00382254038
f 3121 3123 3122
v -0.00973795832 0.0287607487 0.00382254038
v -0.0126824147 0.0277100771 0.00937374789
v -0.0125298524 0.0289672433 0.00412549634
f 3124 3126 3125
v -0.00378835612 0.026559757 0.0119963137
v -0.00709073138 0.0271715195 0.0105854342
v -0.00567281095 0.0277976127 0.00538950262
f 3127 3129 3128
v 0.00126078157 0.0256417668 0.0132672882
v -0.000330500188 0.0264545612 0.0097888842
v 0.00449846993 0.0243722097 0.0145089783
f 3130 3132 3131
v 0.00449846993 0.0243722097 0.0145089783
v 0.00372678915 0.0253738399 0.0113367088
v 0.00512509141 0.0251697929 0.00962033373
f 3133 3135 3134
v 0.00663884566 0.0241175861 0.0128854052
v 0.00449846993 0.0243722097 0.0145089783
v 0.00512509141 0.0251697929 0.00962033373
f 3136 3138 3137
v 1.35158189e-05 0.0151807893 0.0360640319
v 0.000461853779 0.0133125155 0.0377407909
v -0.00404259445 0.0101353544 0.0390969333
f 3139 3141 3140
v 1.35158189e-05 0.0151807893 0.0360640319
v -0.00404259445 0.0101353544 0.0390969333
v -0.00634969037 0.0129218985 0.0367924367
f 3142 3144 3143
v -0.00634969037 0.0129218985 0.0367924367
v -0.00404259445 0.0101353544 0.0390969333
v -0.00820336863 0.00982159327 0.0382572616
f 3145 3147 3146
v 0.00293332996 0.0163373872 0.0357126642
v 0.00110904439 0.0163315286 0.0348421338
v 0.00262868416 0.0180961782 0.0342074403
f 3148 3150 3149
v 0.00329758914 0.017449072 0.03280651
v 0.00295139471 0.0169718158 0.033549848
v 0.00347827445 0.0177048132 0.0336645666
f 3151 3153 3152
v 0.000771512714 0.0163294681 0.0344208762
v -0.000516641012 0.0167544713 0.0345477252
v 0.000838704727 0.0186723206 0.0330409704
f 3154 3156 3155
v 0.00355149386 0.0187629907 0.0326396897
v 0.00262868416 0.0180961782 0.0342074403
v 0.000838704727 0.0186723206 0.0330409704
f 3157 3159 3158
v 1.35158189e-05 0.0151807893 0.0360640319
v 0.00370909838 0.015512346 0.036605724
v 0.000461853779 0.0133125155 0.0377407909
f 3160 3162 3161
v 0.00110904439 0.0163315286 0.0348421338
v 1.35158189e-05 0.0151807893 0.0360640319
v -0.000516641012 0.0167544713 0.0345477252
f 3163 3165 3164
v 0.00110904439 0.0163315286 0.0348421338
v -0.000516641012 0.0167544713 0.0345477252
v 0.000771512714 0.0163294681 0.0344208762
f 3166 3168 3167
v -0.000516641012 0.0167544713 0.0345477252
v -0.0062698884 0.0149299172 0.0351581199
v 0.000838704727 0.0186723206 0.0330409704
f 3169 3171 3170
v 0.00184800519 0.0204767406 0.0294454891
v 0.000838704727 0.0186723206 0.0330409704
v -0.000780473056 0.0209412145 0.0277113519
f 3172 3174 3173
v 0.000838704727 0.0186723206 0.0330409704
v -0.00871940938 0.0185028432 0.0311114942
v -0.00495307759 0.0197498317 0.0298440544
f 3175 3177 3176
v -0.000780473056 0.0209412145 0.0277113519
v -0.00495307759 0.0197498317 0.0298440544
v -0.00432480192 0.0213427629 0.0268474658
f 3178 3180 3179
v -0.00432480192 0.0213427629 0.0268474658
v -0.00495307759 0.0197498317 0.0298440544
v -0.0109397166 0.0229696874 0.0227330223
f 3181 3183 3182
v -0.00861583467 0.0234236024 0.022009408
v -0.00432480192 0.0213427629 0.0268474658
v -0.0109397166 0.0229696874 0.0227330223
f 3184 3186 3185
v -0.00495307759 0.0197498317 0.0298440544
v -0.00871940938 0.0185028432 0.0311114942
v -0.00893075485 0.0201682516 0.0281912537
f 3187 3189 3188
v -0.00893075485 0.0201682516 0.0281912537
v -0.00871940938 0.0185028432 0.0311114942
v -0.0127798281 0.01820365 0.0302641536
f 3190 3192 3191
v 1.35158189e-05 0.0151807893 0.0360640319
v -0.00634969037 0.0129218985 0.0367924367
v -0.0062698884 0.0149299172 0.0351581199
f 3193 3195 3194
v -0.00871940938 0.0185028432 0.0311114942
v -0.0110300411 0.0157431597 0.0332739786
v -0.0127798281 0.01820365 0.0302641536
f 3196 3198 3197
v -0.0062698884 0.0149299172 0.0351581199
v -0.0106795778 0.0131433728 0.035633138
v -0.0110300411 0.0157431597 0.0332739786
f 3199 3201 3200
v -0.0121457786 0.021384361 0.0252759666
v -0.00893075485 0.0201682516 0.0281912537
v -0.0152713939 0.0200573253 0.0268378266
f 3202 3204 3203
v -0.0148665888 0.0153379762 0.0325847766
v -0.0127798281 0.01820365 0.0302641536
v -0.0110300411 0.0157431597 0.0332739786
f 3205 3207 3206
v -0.0152713939 0.0200573253 0.0268378266
v -0.0127798281 0.01820365 0.0302641536
v -0.0203531614 0.0187046811 0.0269590179
f 3208 3210 3209
v -0.0127798281 0.01820365 0.0302641536
v -0.0198445807 0.0154960275 0.0311253185
v -0.0203531614 0.0187046811 0.0269590179
f 3211 3213 3212
v -0.0152713939 0.0200573253 0.0268378266
v -0.00893075485 0.0201682516 0.0281912537
v -0.0127798281 0.01820365 0.0302641536
f 3214 3216 3215
v -0.0127798281 0.01820365 0.0302641536
v -0.0148665888 0.0153379762 0.0325847766
v -0.0198445807 0.0154960275 0.0311253185
f 3217 3219 3218
v -0.00404259445 0.0101353544 0.0390969333
v -0.00862295565 0.00741023759 0.0393830676
v -0.00820336863 0.00982159327 0.0382572616
f 3220 3222 3221
v -0.00738730159 0.00136182016 0.0423067046
v -0.0107559405 0.00183335032 0.041510252
v -0.00876751001 0.00481791321 0.0406039646
f 3223 3225 3224
v -0.0107559405 0.00183335032 0.041510252
v -0.00738730159 0.00136182016 0.0423067046
v -0.0105807441 -0.00131135212 0.0421691686
f 3226 3228 3227
v -0.0107559405 0.00183335032 0.041510252
v -0.0105807441 -0.00131135212 0.0421691686
v -0.0140930802 -0.0014852184 0.0414485985
f 3229 3231 3230
v -0.0150017149 0.00432995257 0.0395829178
v -0.015464022 0.000432889919 0.0406627631
v -0.0181463431 0.00332976451 0.0390878384
f 3232 3234 3233
v -0.0165081961 0.00694213304 0.0379078236
v -0.0150017149 0.00432995257 0.0395829178
v -0.0181463431 0.00332976451 0.0390878384
f 3235 3237 3236
v -0.0123759382 0.00654917749 0.0390902744
v -0.0150017149 0.00432995257 0.0395829178
v -0.0165081961 0.00694213304 0.0379078236
f 3238 3240 3239
v -0.0123759382 0.00654917749 0.0390902744
v -0.0165081961 0.00694213304 0.0379078236
v -0.0116883151 0.00972501657 0.0377247576
f 3241 3243 3242
v -0.00820336863 0.00982159327 0.0382572616
v -0.00862295565 0.00741023759 0.0393830676
v -0.0116883151 0.00972501657 0.0377247576
f 3244 3246 3245
v -0.0151754328 0.0119129611 0.0352709991
v -0.0106795778 0.0131433728 0.035633138
v -0.01381037 0.0107709006 0.0366364198
f 3247 3249 3248
v -0.0106795778 0.0131433728 0.035633138
v -0.0116883151 0.00972501657 0.0377247576
v -0.01381037 0.0107709006 0.0366364198
f 3250 3252 3251
v -0.01381037 0.0107709006 0.0366364198
v -0.0116883151 0.00972501657 0.0377247576
v -0.0151754328 0.0119129611 0.0352709991
f 3253 3255 3254
v -0.0116883151 0.00972501657 0.0377247576
v -0.0165081961 0.00694213304 0.0379078236
v -0.0151754328 0.0119129611 0.0352709991
f 3256 3258 3257
v -0.0201390663 0.00725778154 0.0370060006
v -0.0181463431 0.00332976451 0.0390878384
v -0.0214841042 0.00442558485 0.0377832068
f 3259 3261 3260
v -0.0148665888 0.0153379762 0.0325847766
v -0.0194575579 0.0124313447 0.0336801313
v -0.0198445807 0.0154960275 0.0311253185
f 3262 3264 3263
v -0.0242106034 0.0149302781 0.0296298298
v -0.0203531614 0.0187046811 0.0269590179
v -0.0218011905 0.0157789604 0.0301021471
f 3265 3267 3266
v -0.0242106034 0.0149302781 0.0296298298
v -0.0218011905 0.0157789604 0.0301021471
v -0.0226413365 0.0128684667 0.0323759567
f 3268 3270 3269
v -0.0215002248 0.00724904457 0.0364136213
v -0.0201390663 0.00725778154 0.0370060006
v -0.0214841042 0.00442558485 0.0377832068
f 3271 3273 3272
v -0.0226413365 0.0128684667 0.0323759567
v -0.023039442 0.00797230387 0.0355036085
v -0.0243385395 0.0110844623 0.032668194
f 3274 3276 3275
v -0.0243385395 0.0110844623 0.032668194
v -0.0271865487 0.0100994475 0.0324157649
v -0.0268616946 0.0120491204 0.031241469
f 3277 3279 3278
v -0.0274820835 0.00797129105 0.0337655365
v -0.0275122991 0.00814197047 0.0334386685
v -0.0274809659 0.00812241706 0.033438846
f 3280 3282 3281
v -0.0274405873 0.00888618451 0.0327299407
v -0.0274820835 0.00797129105 0.0337655365
v -0.0274809659 0.00812241706 0.033438846
f 3283 3285 3284
v -0.0274809659 0.00812241706 0.033438846
v -0.0275122991 0.00814197047 0.0334386685
v -0.0274405873 0.00888618451 0.0327299407
f 3286 3288 3287
v -0.0274405873 0.00888618451 0.0327299407
v -0.0269782933 0.00733531997 0.0350321643
v -0.0274820835 0.00797129105 0.0337655365
f 3289 3291 3290
v -0.0274405873 0.00888618451 0.0327299407
v -0.0275122991 0.00814197047 0.0334386685
v -0.0275922066 0.00806986136 0.0327280461
f 3292 3294 3293
v -0.0259375374 0.00864642861 0.0337451522
v -0.0243385395 0.0110844623 0.032668194
v -0.0252468628 0.00649779467 0.0351971888
f 3295 3297 3296
v -0.0252468628 0.00649779467 0.0351971888
v -0.0269782933 0.00733531997 0.0350321643
v -0.0259375374 0.00864642861 0.0337451522
f 3298 3300 3299
v -0.0274272636 0.0146659077 0.0283994275
v -0.0265495095 0.0161641932 0.0277118088
v -0.0268616946 0.0120491204 0.031241469
f 3301 3303 3302
v -0.0275743339 0.0116464704 0.0307472335
v -0.0275922066 0.00806986136 0.0327280461
v -0.0287278235 0.00703159676 0.0229630808
f 3304 3306 3305
v -0.0275743339 0.0116464704 0.0307472335
v -0.0271865487 0.0100994475 0.0324157649
v -0.0274405873 0.00888618451 0.0327299407
f 3307 3309 3308
v -0.00634969037 0.0129218985 0.0367924367
v -0.00820336863 0.00982159327 0.0382572616
v -0.0116883151 0.00972501657 0.0377247576
f 3310 3312 3311
v -0.0110300411 0.0157431597 0.0332739786
v -0.0151754328 0.0119129611 0.0352709991
v -0.0148665888 0.0153379762 0.0325847766
f 3313 3315 3314
v -0.00432480192 0.0213427629 0.0268474658
v -0.00861583467 0.0234236024 0.022009408
v -0.00382698636 0.0234668769 0.0221834067
f 3316 3318 3317
v -0.00861583467 0.0234236024 0.022009408
v -0.0109397166 0.0229696874 0.0227330223
v -0.00946820946 0.0251189282 0.0180374598
f 3319 3321 3320
v -0.0121457786 0.021384361 0.0252759666
v -0.0152713939 0.0200573253 0.0268378266
v -0.013981064 0.0228924313 0.0218679663
f 3322 3324 3323
v -0.00946820946 0.0251189282 0.0180374598
v -0.0109397166 0.0229696874 0.0227330223
v -0.013981064 0.0228924313 0.0218679663
f 3325 3327 3326
v -0.0138820862 0.0257297594 0.0148537889
v -0.00946820946 0.0251189282 0.0180374598
v -0.0150592285 0.0238858353 0.0185379904
f 3328 3330 3329
v -0.0138820862 0.0257297594 0.0148537889
v -0.0164204728 0.0250277109 0.0153302681
v -0.0190009785 0.0249294972 0.0129102089
f 3331 3333 3332
v -0.0164204728 0.0250277109 0.0153302681
v -0.0188293197 0.022813979 0.018426888
v -0.0196885536 0.0238099266 0.0149808126
f 3334 3336 3335
v -0.013981064 0.0228924313 0.0218679663
v -0.0152713939 0.0200573253 0.0268378266
v -0.0183003081 0.0214410786 0.0229918835
f 3337 3339 3338
v -0.0204786222 0.0211025806 0.0213106629
v -0.0150592285 0.0238858353 0.0185379904
v -0.0183003081 0.0214410786 0.0229918835
f 3340 3342 3341
v -0.0152713939 0.0200573253 0.0268378266
v -0.0203531614 0.0187046811 0.0269590179
v -0.0183003081 0.0214410786 0.0229918835
f 3343 3345 3344
v -0.0204786222 0.0211025806 0.0213106629
v -0.0228519435 0.0186234669 0.0254149054
v -0.0236611319 0.020473027 0.0212932981
f 3346 3348 3347
v -0.0204786222 0.0211025806 0.0213106629
v -0.0204288604 0.0223579715 0.0179395982
v -0.0188293197 0.022813979 0.018426888
f 3349 3351 3350
v -0.0196885536 0.0238099266 0.0149808126
v -0.0226658434 0.022701126 0.0171008767
v -0.0242013863 0.0249011733 0.0129980253
f 3352 3354 3353
v -0.0190009785 0.0249294972 0.0129102089
v -0.0196885536 0.0238099266 0.0149808126
v -0.0242013863 0.0249011733 0.0129980253
f 3355 3357 3356
v -0.0196885536 0.0238099266 0.0149808126
v -0.0188293197 0.022813979 0.018426888
v -0.0204288604 0.0223579715 0.0179395982
f 3358 3360 3359
v -0.0150592285 0.0238858353 0.0185379904
v -0.013981064 0.0228924313 0.0218679663
v -0.0183003081 0.0214410786 0.0229918835
f 3361 3363 3362
v -0.0126824147 0.0277100771 0.00937374789
v -0.0156123759 0.0268023461 0.0107307947
v -0.015696045 0.0274486956 0.00944469502
f 3364 3366 3365
v -0.0126824147 0.0277100771 0.00937374789
v -0.0138820862 0.0257297594 0.0148537889
v -0.0156123759 0.0268023461 0.0107307947
f 3367 3369 3368
v -0.015696045 0.0274486956 0.00944469502
v -0.0155285787 0.0288516021 0.00477025606
v -0.0126824147 0.0277100771 0.00937374789
f 3370 3372 3371
v -0.015696045 0.0274486956 0.00944469502
v -0.0156123759 0.0268023461 0.0107307947
v -0.0189929502 0.0268207135 0.0086708671
f 3373 3375 3374
v -0.0155285787 0.0288516021 0.00477025606
v -0.0189452927 0.0283031317 0.00537778396
v -0.0188826176 0.028484108 0.000847685169
f 3376 3378 3377
v -0.0189452927 0.0283031317 0.00537778396
v -0.0155285787 0.0288516021 0.00477025606
v -0.0189929502 0.0268207135 0.0086708671
f 3379 3381 3380
v -0.0228519435 0.0186234669 0.0254149054
v -0.025590742 0.0193492378 0.0237105123
v -0.0236611319 0.020473027 0.0212932981
f 3382 3384 3383
v -0.027874246 0.0131819179 0.0135282433
v -0.0273219164 0.0159201314 0.0240695837
v -0.0287278235 0.00703159676 0.0229630808
f 3385 3387 3386
v -0.0273511454 0.0161686141 0.000846007697
v -0.0261228852 0.0192823776 0.0128098531
v -0.027874246 0.0131819179 0.0135282433
f 3388 3390 3389
v -0.0273511454 0.0161686141 0.000846007697
v -0.0286427705 0.01071269 0.00730396423
v -0.0291890581 0.00546728515 0.000844929036
f 3391 3393 3392
v -0.0291890581 0.00546728515 0.000844929036
v -0.0286427705 0.01071269 0.00730396423
v -0.029294283 0.00471814528 0.00527388038
f 3394 3396 3395
v -0.0189929502 0.0268207135 0.0086708671
v -0.0138820862 0.0257297594 0.0148537889
v -0.0190009785 0.0249294972 0.0129102089
f 3397 3399 3398
v -0.0273219164 0.0159201314 0.0240695837
v -0.0265495095 0.0161641932 0.0277118088
v -0.0274272636 0.0146659077 0.0283994275
f 3400 3402 3401
v -0.0265495095 0.0161641932 0.0277118088
v -0.0273219164 0.0159201314 0.0240695837
v -0.0266123679 0.0174811386 0.0260620465
f 3403 3405 3404
v -0.0258662127 0.021406154 0.0196933965
v -0.0256673258 0.020639498 0.0196867448
v -0.0258588407 0.0223146038 0.0176770147
f 3406 3408 3407
v -0.0258662127 0.021406154 0.0196933965
v -0.025917124 0.0214378684 0.0196934387
v -0.0256673258 0.020639498 0.0196867448
f 3409 3411 3410
v -0.0253300357 0.0223939991 0.0184102915
v -0.025917124 0.0214378684 0.0196934387
v -0.0258588407 0.0223146038 0.0176770147
f 3412 3414 3413
v -0.0258662127 0.021406154 0.0196933965
v -0.025917124 0.0214378684 0.0196934387
v -0.0253300357 0.0223939991 0.0184102915
f 3415 3417 3416
v -0.0257892447 0.0212286468 0.0202269817
v -0.025917124 0.0214378684 0.0196934387
v -0.0258662127 0.021406154 0.0196933965
f 3418 3420 3419
v -0.0253046135 0.0210969636 0.0207876772
v -0.0257892447 0.0212286468 0.0202269817
v -0.0258662127 0.021406154 0.0196933965
f 3421 3423 3422
v -0.024534078 0.0241095069 0.0145491416
v -0.0226658434 0.022701126 0.0171008767
v -0.0249981822 0.0236624226 0.0156732698
f 3424 3426 3425
v -0.024534078 0.0241095069 0.0145491416
v -0.0246811775 0.0238151479 0.0131951456
v -0.024960647 0.0245369767 0.0136032701
f 3427 3429 3428
v -0.0249981822 0.0236624226 0.0156732698
v -0.0258588407 0.0223146038 0.0176770147
v -0.0255418534 0.0217152832 0.0169372041
f 3430 3432 3431
v -0.0253300357 0.0223939991 0.0184102915
v -0.0258588407 0.0223146038 0.0176770147
v -0.0249981822 0.0236624226 0.0156732698
f 3433 3435 3434
v -0.0246811775 0.0238151479 0.0131951456
v -0.0249981822 0.0236624226 0.0156732698
v -0.0255418534 0.0217152832 0.0169372041
f 3436 3438 3437
v -0.0261228852 0.0192823776 0.0128098531
v -0.0246811775 0.0238151479 0.0131951456
v -0.0255418534 0.0217152832 0.0169372041
f 3439 3441 3440
v -0.0261228852 0.0192823776 0.0128098531
v -0.0255418534 0.0217152832 0.0169372041
v -0.0256673258 0.020639498 0.0196867448
f 3442 3444 3443
v -0.0249981822 0.0236624226 0.0156732698
v -0.0226658434 0.022701126 0.0171008767
v -0.0253300357 0.0223939991 0.0184102915
f 3445 3447 3446
v -0.0220882852 0.0281025277 0.00649716603
v -0.0237394153 0.0277202518 0.00752870546
v -0.023863808 0.0278598105 0.0067245528
f 3448 3450 3449
v -0.0243427625 0.0271436438 0.00810295169
v -0.0222668707 0.0255911436 0.0108127162
v -0.024215036 0.0263836526 0.009716356
f 3451 3453 3452
v -0.0237394153 0.0277202518 0.00752870546
v -0.0241609378 0.0275773084 0.00728797895
v -0.023863808 0.0278598105 0.0067245528
f 3454 3456 3455
v -0.0241060072 0.0275428349 0.00728770101
v -0.0241609378 0.0275773084 0.00728797895
v -0.0237394153 0.0277202518 0.00752870546
f 3457 3459 3458
v -0.0241060072 0.0275428349 0.00728770101
v -0.0241609378 0.0275773084 0.00728797895
v -0.0242016235 0.0270487304 0.00687001084
f 3460 3462 3461
v -0.0189452927 0.0283031317 0.00537778396
v -0.0220882852 0.0281025277 0.00649716603
v -0.0188826176 0.028484108 0.000847685169
f 3463 3465 3464
v -0.023863808 0.0278598105 0.0067245528
v -0.0242722046 0.0281782006 0.00539245302
v -0.0220882852 0.0281025277 0.00649716603
f 3466 3468 3467
v -0.0220882852 0.0281025277 0.00649716603
v -0.0237451954 0.0289723801 0.00243627201
v -0.0188826176 0.028484108 0.000847685169
f 3469 3471 3470
v -0.0242722046 0.0281782006 0.00539245302
v -0.024266218 0.0282766152 0.00362815626
v -0.0237451954 0.0289723801 0.00243627201
f 3472 3474 3473
v -0.0242016235 0.0270487304 0.00687001084
v -0.0242722046 0.0281782006 0.00539245302
v -0.023863808 0.0278598105 0.0067245528
f 3475 3477 3476
v -0.0237124797 0.0290733064 0.000846090279
v -0.0237451954 0.0289723801 0.00243627201
v -0.024266218 0.0282766152 0.00362815626
f 3478 3480 3479
v -0.0220882852 0.0281025277 0.00649716603
v -0.0242722046 0.0281782006 0.00539245302
v -0.0237451954 0.0289723801 0.00243627201
f 3481 3483 3482
v -0.024266218 0.0282766152 0.00362815626
v -0.0242016235 0.0270487304 0.00687001084
v -0.0237124797 0.0290733064 0.000846090279
f 3484 3486 3485
v -0.0242013863 0.0249011733 0.0129980253
v -0.0245485629 0.0253120408 0.00811118807
v -0.024642967 0.025494583 0.0114776951
f 3487 3489 3488
v -0.0245485629 0.0253120408 0.00811118807
v -0.0243427625 0.0271436438 0.00810295169
v -0.024215036 0.0263836526 0.009716356
f 3490 3492 3491
v -0.0242013863 0.0249011733 0.0129980253
v -0.0246811775 0.0238151479 0.0131951456
v -0.0261228852 0.0192823776 0.0128098531
f 3493 3495 3494
v -0.0245485629 0.0253120408 0.00811118807
v -0.0261228852 0.0192823776 0.0128098531
v -0.0237124797 0.0290733064 0.000846090279
f 3496 3498 3497
v -0.0273511454 0.0161686141 0.000846007697
v -0.0237124797 0.0290733064 0.000846090279
v -0.0261228852 0.0192823776 0.0128098531
f 3499 3501 3500
v -0.0236611319 0.020473027 0.0212932981
v -0.025590742 0.0193492378 0.0237105123
v -0.025631272 0.0201024537 0.0224218646
f 3502 3504 3503
v -0.025631272 0.0201024537 0.0224218646
v -0.0256165571 0.0204343043 0.0216081142
v -0.0255429302 0.0203887306 0.0216080618
f 3505 3507 3506
v -0.0255429302 0.0203887306 0.0216080618
v -0.0256165571 0.0204343043 0.0216081142
v -0.0257151609 0.0202234645 0.0216807908
f 3508 3510 3509
v -0.025631272 0.0201024537 0.0224218646
v -0.0266123679 0.0174811386 0.0260620465
v -0.0273219164 0.0159201314 0.0240695837
f 3511 3513 3512
v -0.0236611319 0.020473027 0.0212932981
v -0.025631272 0.0201024537 0.0224218646
v -0.0253046135 0.0210969636 0.0207876772
f 3514 3516 3515
v -0.0253046135 0.0210969636 0.0207876772
v -0.025631272 0.0201024537 0.0224218646
v -0.0255429302 0.0203887306 0.0216080618
f 3517 3519 3518
v -0.0255429302 0.0203887306 0.0216080618
v -0.0256165571 0.0204343043 0.0216081142
v -0.0253046135 0.0210969636 0.0207876772
f 3520 3522 3521
v -0.0253046135 0.0210969636 0.0207876772
v -0.0256165571 0.0204343043 0.0216081142
v -0.0256673258 0.020639498 0.0196867448
f 3523 3525 3524
v 0.00262868416 0.0180961782 0.0342074403
v 0.00355149386 0.0187629907 0.0326396897
v 0.00347827445 0.0177048132 0.0336645666
f 3526 3528 3527
v 0.00329758914 0.017449072 0.03280651
v 0.00347827445 0.0177048132 0.0336645666
v 0.00355149386 0.0187629907 0.0326396897
f 3529 3531 3530
v -0.0189452927 0.0283031317 0.00537778396
v -0.0189929502 0.0268207135 0.0086708671
v -0.0220882852 0.0281025277 0.00649716603
f 3532 3534 3533
v 0.00117523159 -0.035186173 0.024253226
v 0.00140898555 -0.0355910364 0.0215302643
v 0.000928852387 -0.035584814 0.0216789122
f 3535 3537 3536
v 0.000928852387 -0.035584814 0.0216789122
v 0.000444892794 -0.0375246454 0.0214675398
v -0.000496978464 -0.0378253928 0.0213920575
f 3538 3540 3539
v 0.000444892794 -0.0375246454 0.0214675398
v 0.00192254956 -0.0357575336 0.0151368295
v 0.000796975655 -0.0380999176 0.0159578383
f 3541 3543 3542
v 0.0014484649 -0.0368093839 0.0142791629
v 0.00137087482 -0.0368198496 0.0146342994
v 0.00167507023 -0.0365418091 0.0142253775
f 3544 3546 3545
v 0.00167507023 -0.0365418091 0.0142253775
v -5.73854777e-05 -0.0364687527 0.0142513221
v 0.0014484649 -0.0368093839 0.0142791629
f 3547 3549 3548
v 0.00127917956 -0.0371993578 0.0147004655
v 0.00100959514 -0.0378204131 0.01288278
v 0.00119089818 -0.0370935188 0.0148388732
f 3550 3552 3551
v 0.000752846245 -0.0377315708 0.0154748093
v 0.000960160105 -0.0381024875 0.0140841352
v 0.000829160126 -0.0381658814 0.0156560825
f 3553 3555 3554
v 0.00192254956 -0.0357575336 0.0151368295
v 0.00115818184 -0.0370596361 0.0150366817
v 0.00123763821 -0.0371416827 0.015059908
f 3556 3558 3557
v 0.00192254956 -0.0357575336 0.0151368295
v 0.00138239775 -0.0369154208 0.0149838888
v 0.00115818184 -0.0370596361 0.0150366817
f 3559 3561 3560
v 0.00127917956 -0.0371993578 0.0147004655
v 0.00123763821 -0.0371416827 0.015059908
v 0.00138239775 -0.0369154208 0.0149838888
f 3562 3564 3563
v 0.000752846245 -0.0377315708 0.0154748093
v 0.000829160126 -0.0381658814 0.0156560825
v 0.00192254956 -0.0357575336 0.0151368295
f 3565 3567 3566
v -0.000483093754 -0.0376621843 0.0154079637
v 0.000796975655 -0.0380999176 0.0159578383
v 0.000752846245 -0.0377315708 0.0154748093
f 3568 3570 3569
v 0.00167507023 -0.0365418091 0.0142253775
v 0.00216826302 -0.0361921004 0.01220673
v 0.00169096311 -0.0368094567 0.0127691019
f 3571 3573 3572
v 0.00167371181 -0.0371408445 0.0127616557
v 0.00204684839 -0.0371163071 0.0108454078
v 0.00108549284 -0.0385509746 0.0127624095
f 3574 3576 3575
v 0.00180871139 -0.0366920314 0.0119275297
v 0.00162361102 -0.0363993517 0.0117912292
v 0.00138816686 -0.0365834305 0.0125127932
f 3577 3579 3578
v 0.00216826302 -0.0361921004 0.01220673
v 0.00180871139 -0.0366920314 0.0119275297
v 0.00169096311 -0.0368094567 0.0127691019
f 3580 3582 3581
v 0.00204684839 -0.0371163071 0.0108454078
v 0.00169096311 -0.0368094567 0.0127691019
v 0.00180871139 -0.0366920314 0.0119275297
f 3583 3585 3584
v 0.00185908866 -0.0367607543 0.0116277268
v 0.00180871139 -0.0366920314 0.0119275297
v 0.00216826302 -0.0361921004 0.01220673
f 3586 3588 3587
v 0.00169096311 -0.0368094567 0.0127691019
v 0.00167371181 -0.0371408445 0.0127616557
v 0.00127917956 -0.0371993578 0.0147004655
f 3589 3591 3590
v 0.00169096311 -0.0368094567 0.0127691019
v 0.00119089818 -0.0370935188 0.0148388732
v 0.00100959514 -0.0378204131 0.01288278
f 3592 3594 3593
v 0.00138816686 -0.0365834305 0.0125127932
v 0.00100959514 -0.0378204131 0.01288278
v 0.00160267009 -0.0367167813 0.0114153452
f 3595 3597 3596
v 0.00169096311 -0.0368094567 0.0127691019
v 0.00204684839 -0.0371163071 0.0108454078
v 0.00167371181 -0.0371408445 0.0127616557
f 3598 3600 3599
v 0.00196830224 -0.0360681326 0.0104112987
v 0.00160267009 -0.0367167813 0.0114153452
v 0.0010889853 -0.0372687529 0.00964601131
f 3601 3603 3602
v 0.0010889853 -0.0372687529 0.00964601131
v 0.00160267009 -0.0367167813 0.0114153452
v 0.00128093161 -0.0382692117 0.00921686951
f 3604 3606 3605
v 0.00216826302 -0.0361921004 0.01220673
v 0.00456452835 -0.0311599637 0.00883280445
v 0.00189531493 -0.038999322 0.00791694911
f 3607 3609 3608
v 0.000719465606 -0.0384243322 0.0125531762
v 0.00115032162 -0.0390349509 0.00831234938
v 0.00160267009 -0.0367167813 0.0114153452
f 3610 3612 3611
v 0.00189531493 -0.038999322 0.00791694911
v 0.00456452835 -0.0311599637 0.00883280445
v 0.00365064043 -0.0367888191 0.000847019874
f 3613 3615 3614
v 0.00199276983 -0.0100219353 0.0448364503
v 0.00212708983 -0.0117603857 0.0449703482
v 0.00139570766 -0.00809879493 0.0448506296
f 3616 3618 3617
v 0.00170217681 -0.014724514 0.0447147031
v 0.00184953242 -0.0155499278 0.0443228055
v 0.00163548757 -0.0153885849 0.0443027588
f 3619 3621 3620
v 0.00176517424 -0.0165338148 0.0440395816
v 0.00163548757 -0.0153885849 0.0443027588
v 0.00184953242 -0.0155499278 0.0443228055
f 3622 3624 3623
v 0.00192260268 -0.0141209734 0.0445598911
v 0.00184953242 -0.0155499278 0.0443228055
v 0.00170217681 -0.014724514 0.0447147031
f 3625 3627 3626
v 0.00192260268 -0.0141209734 0.0445598911
v 0.00181102223 -0.0133200214 0.0446797378
v 0.00192192456 -0.0128592481 0.0444787147
f 3628 3630 3629
v 0.00170217681 -0.014724514 0.0447147031
v 0.00185718309 -0.0132867746 0.0448191888
v 0.00192260268 -0.0141209734 0.0445598911
f 3631 3633 3632
v 0.00192192456 -0.0128592481 0.0444787147
v 0.00181102223 -0.0133200214 0.0446797378
v 0.00185718309 -0.0132867746 0.0448191888
f 3634 3636 3635
v -0.000784802978 -0.0115828159 0.0445108715
v 0.00174750749 -0.012781423 0.0448020059
v 0.00173195367 -0.0128126136 0.0446681282
f 3637 3639 3638
v 0.00170217681 -0.014724514 0.0447147031
v -0.00155926828 -0.0154048947 0.0438854418
v -0.000784802978 -0.0115828159 0.0445108715
f 3640 3642 3641
v 0.00192192456 -0.0128592481 0.0444787147
v 0.00173195367 -0.0128126136 0.0446681282
v 0.00212708983 -0.0117603857 0.0449703482
f 3643 3645 3644
v 0.00212708983 -0.0117603857 0.0449703482
v 0.00173195367 -0.0128126136 0.0446681282
v 0.00174750749 -0.012781423 0.0448020059
f 3646 3648 3647
v 0.00199276983 -0.0100219353 0.0448364503
v 0.00186394827 -0.00834395978 0.0438619521
v 0.00198457128 -0.0155944581 0.0427963416
f 3649 3651 3650
v 0.00227767887 -0.0231052356 0.0397194584
v 0.00234749095 -0.0214711719 0.0411700486
v 0.00271383178 -0.0222711664 0.0404114253
f 3652 3654 3653
v 0.00182583899 -0.0181235562 0.0437173207
v 0.00176517424 -0.0165338148 0.0440395816
v 0.00198457128 -0.0155944581 0.0427963416
f 3655 3657 3656
v 0.00182583899 -0.0181235562 0.0437173207
v 0.00156434471 -0.020158726 0.0423227291
v -0.00115555376 -0.0204009018 0.0420133059
f 3658 3660 3659
v -0.00391490539 -0.0162908706 0.0433470879
v 0.00182583899 -0.0181235562 0.0437173207
v -0.0050015773 -0.0188567821 0.0422151323
f 3661 3663 3662
v -0.00115555376 -0.0204009018 0.0420133059
v 0.00156434471 -0.020158726 0.0423227291
v 0.00234749095 -0.0214711719 0.0411700486
f 3664 3666 3665
v -0.00115555376 -0.0204009018 0.0420133059
v 0.00234749095 -0.0214711719 0.0411700486
v -0.00125171864 -0.0227147684 0.0404405
f 3667 3669 3668
v 0.00192260268 -0.0141209734 0.0445598911
v 0.00198457128 -0.0155944581 0.0427963416
v 0.00163548757 -0.0153885849 0.0443027588
f 3670 3672 3671
v 0.00198457128 -0.0155944581 0.0427963416
v 0.00186394827 -0.00834395978 0.0438619521
v 0.00192138032 -0.0197622008 0.0413626723
f 3673 3675 3674
v 0.00634385942 -0.0137590891 0.0285534974
v 0.00398290722 -0.0197640184 0.032541313
v 0.00192138032 -0.0197622008 0.0413626723
f 3676 3678 3677
v 0.00227767887 -0.0231052356 0.0397194584
v 0.00251465099 -0.0211251478 0.038638254
v 0.00264926421 -0.0237038315 0.0354131655
f 3679 3681 3680
v 0.00264926421 -0.0237038315 0.0354131655
v 0.00251465099 -0.0211251478 0.038638254
v 0.00398290722 -0.0197640184 0.032541313
f 3682 3684 3683
v 0.00251465099 -0.0211251478 0.038638254
v 0.00192138032 -0.0197622008 0.0413626723
v 0.00398290722 -0.0197640184 0.032541313
f 3685 3687 3686
v -0.00398965531 -0.0121709112 0.0439138908
v -0.0069144422 -0.00419368116 0.0433666108
v -0.00359748665 -0.00692381509 0.0441728247
f 3688 3690 3689
v -0.00773177017 -0.0114772985 0.0432487344
v -0.00925397835 -0.00625501125 0.0429630338
v -0.0069144422 -0.00419368116 0.0433666108
f 3691 3693 3692
v -0.0069144422 -0.00419368116 0.0433666108
v -0.00398965531 -0.0121709112 0.0439138908
v -0.00773177017 -0.0114772985 0.0432487344
f 3694 3696 3695
v -0.00773177017 -0.0114772985 0.0432487344
v -0.00398965531 -0.0121709112 0.0439138908
v -0.00155926828 -0.0154048947 0.0438854418
f 3697 3699 3698
v -0.00391490539 -0.0162908706 0.0433470879
v -0.0050015773 -0.0188567821 0.0422151323
v -0.00737455557 -0.0177459544 0.0422954094
f 3700 3702 3701
v -0.0116497962 -0.0133060035 0.0421746052
v -0.0150812673 -0.0130002547 0.0413545815
v -0.0131723282 -0.00980661353 0.0420114404
f 3703 3705 3704
v -0.0116497962 -0.0133060035 0.0421746052
v -0.0116458788 -0.0163228178 0.0416228228
v -0.0150812673 -0.0130002547 0.0413545815
f 3706 3708 3707
v -0.0100297613 -0.0116272917 0.0426783256
v -0.0116497962 -0.0133060035 0.0421746052
v -0.0131723282 -0.00980661353 0.0420114404
f 3709 3711 3710
v -0.00925397835 -0.00625501125 0.0429630338
v -0.00773177017 -0.0114772985 0.0432487344
v -0.0100297613 -0.0116272917 0.0426783256
f 3712 3714 3713
v -0.00737455557 -0.0177459544 0.0422954094
v -0.0116458788 -0.0163228178 0.0416228228
v -0.0116497962 -0.0133060035 0.0421746052
f 3715 3717 3716
v -0.00359748665 -0.00692381509 0.0441728247
v -0.000784802978 -0.0115828159 0.0445108715
v -0.00398965531 -0.0121709112 0.0439138908
f 3718 3720 3719
v 0.00227767887 -0.0231052356 0.0397194584
v 0.00129017935 -0.0256080035 0.0386225118
v -0.000475478737 -0.0254962419 0.0388739893
f 3721 3723 3722
v -0.00115555376 -0.0204009018 0.0420133059
v -0.00125171864 -0.0227147684 0.0404405
v -0.00796477252 -0.0203056188 0.0407723535
f 3724 3726 3725
v -0.00125171864 -0.0227147684 0.0404405
v -0.00455382724 -0.0264506059 0.0377611694
v -0.00528613527 -0.0231558181 0.0398046192
f 3727 3729 3728
v -0.00125171864 -0.0227147684 0.0404405
v -0.000475478737 -0.0254962419 0.0388739893
v -0.00455382724 -0.0264506059 0.0377611694
f 3730 3732 3731
v -0.000115711009 -0.0274492515 0.0378104422
v 0.000761795673 -0.0266884977 0.0380623474
v 0.000792567153 -0.0276794803 0.0373391638
f 3733 3735 3734
v 0.000561025081 -0.0286369381 0.0367962231
v 0.000548634853 -0.028031689 0.0357399607
v 0.000129240652 -0.0289304473 0.0362455496
f 3736 3738 3737
v 0.000285897113 -0.0281714223 0.0371532748
v 0.000129240652 -0.0289304473 0.0362455496
v -0.00289334566 -0.0285105052 0.0354739721
f 3739 3741 3740
v 0.000792567153 -0.0276794803 0.0373391638
v 0.000548634853 -0.028031689 0.0357399607
v 0.00038060025 -0.0284996873 0.0367759931
f 3742 3744 3743
v -0.00264925911 -0.0277125248 0.0363172672
v -0.00206377008 -0.0266436953 0.0369840622
v -0.00047836802 -0.0266752497 0.0374729687
f 3745 3747 3746
v 0.000285897113 -0.0281714223 0.0371532748
v -0.00264925911 -0.0277125248 0.0363172672
v -0.00047836802 -0.0266752497 0.0374729687
f 3748 3750 3749
v -0.000115711009 -0.0274492515 0.0378104422
v -0.00047836802 -0.0266752497 0.0374729687
v 0.000761795673 -0.0266884977 0.0380623474
f 3751 3753 3752
v 0.000285897113 -0.0281714223 0.0371532748
v 0.000561025081 -0.0286369381 0.0367962231
v 0.00038060025 -0.0284996873 0.0367759931
f 3754 3756 3755
v 0.000792567153 -0.0276794803 0.0373391638
v 0.000561025081 -0.0286369381 0.0367962231
v 0.000285897113 -0.0281714223 0.0371532748
f 3757 3759 3758
v 0.000548634853 -0.028031689 0.0357399607
v 8.7475928e-05 -0.0301134802 0.0328853319
v 0.000129240652 -0.0289304473 0.0362455496
f 3760 3762 3761
v -0.00289334566 -0.0285105052 0.0354739721
v 0.000129240652 -0.0289304473 0.0362455496
v -0.000564146467 -0.0300217769 0.0347619265
f 3763 3765 3764
v -0.00264925911 -0.0277125248 0.0363172672
v -0.00377697543 -0.0268229196 0.0363918429
v -0.00206377008 -0.0266436953 0.0369840622
f 3766 3768 3767
v 8.7475928e-05 -0.0301134802 0.0328853319
v 0.000247871503 -0.0313230878 0.0329638162
v -0.000254706538 -0.0307225651 0.0338379352
f 3769 3771 3770
v -0.000254706538 -0.0307225651 0.0338379352
v 0.000247871503 -0.0313230878 0.0329638162
v 0.000188418198 -0.0322306092 0.0324928289
f 3772 3774 3773
v -0.000254706538 -0.0307225651 0.0338379352
v 0.000188418198 -0.0322306092 0.0324928289
v -0.00340269216 -0.0305730704 0.0335458579
f 3775 3777 3776
v -0.00340269216 -0.0305730704 0.0335458579
v -0.000564146467 -0.0300217769 0.0347619265
v -0.000254706538 -0.0307225651 0.0338379352
f 3778 3780 3779
v -0.00340269216 -0.0305730704 0.0335458579
v -0.00186800535 -0.0331938994 0.031812067
v -0.00601983884 -0.0318755221 0.0317563856
f 3781 3783 3782
v -0.00432744127 -0.0297958002 0.0346344401
v -0.000564146467 -0.0300217769 0.0347619265
v -0.00340269216 -0.0305730704 0.0335458579
f 3784 3786 3785
v 8.7475928e-05 -0.0301134802 0.0328853319
v 0.000285255373 -0.0321711763 0.03070987
v 0.000247871503 -0.0313230878 0.0329638162
f 3787 3789 3788
v -0.000742949487 -0.034015908 0.0306300964
v 0.000188418198 -0.0322306092 0.0324928289
v 0.000285255373 -0.0321711763 0.03070987
f 3790 3792 3791
v 0.000188418198 -0.0322306092 0.0324928289
v 0.000247871503 -0.0313230878 0.0329638162
v 0.000285255373 -0.0321711763 0.03070987
f 3793 3795 3794
v -0.00186800535 -0.0331938994 0.031812067
v -0.000742949487 -0.034015908 0.0306300964
v -0.00294488709 -0.0345548877 0.0294105412
f 3796 3798 3797
v -0.00294488709 -0.0345548877 0.0294105412
v -0.000742949487 -0.034015908 0.0306300964
v -0.000238006032 -0.0343799911 0.0300294312
f 3799 3801 3800
v -0.000972935231 -0.0354303716 0.0250549638
v 0.00017686034 -0.0347609224 0.02844056
v 0.000667122367 -0.0353308307 0.025940701
f 3802 3804 3803
v -0.00495543754 -0.0330589508 0.0313335884
v -0.00186800535 -0.0331938994 0.031812067
v -0.00294488709 -0.0345548877 0.0294105412
f 3805 3807 3806
v -0.000972935231 -0.0354303716 0.0250549638
v -0.00489581435 -0.0347703084 0.0286652386
v -0.00294488709 -0.0345548877 0.0294105412
f 3808 3810 3809
v -0.00289334566 -0.0285105052 0.0354739721
v -0.00432744127 -0.0297958002 0.0346344401
v -0.00795891683 -0.0297075399 0.0339058461
f 3811 3813 3812
v -0.00741000185 -0.026345643 0.0361312064
v -0.0086350432 -0.0287725619 0.0341786479
v -0.00986249215 -0.0277840678 0.0350456074
f 3814 3816 3815
v -0.0087975699 -0.0254207902 0.0375803036
v -0.00741000185 -0.026345643 0.0361312064
v -0.00927693036 -0.0259007211 0.0364643842
f 3817 3819 3818
v -0.00432744127 -0.0297958002 0.0346344401
v -0.00340269216 -0.0305730704 0.0335458579
v -0.00833786471 -0.0305549911 0.0322769105
f 3820 3822 3821
v -0.00795891683 -0.0297075399 0.0339058461
v -0.00432744127 -0.0297958002 0.0346344401
v -0.00833786471 -0.0305549911 0.0322769105
f 3823 3825 3824
v -0.00601983884 -0.0318755221 0.0317563856
v -0.00495543754 -0.0330589508 0.0313335884
v -0.00788307079 -0.0332110416 0.0297844002
f 3826 3828 3827
v -0.00601983884 -0.0318755221 0.0317563856
v -0.00788307079 -0.0332110416 0.0297844002
v -0.00972506605 -0.0316816207 0.0312866003
f 3829 3831 3830
v -0.00601983884 -0.0318755221 0.0317563856
v -0.00972506605 -0.0316816207 0.0312866003
v -0.00833786471 -0.0305549911 0.0322769105
f 3832 3834 3833
v -0.00737455557 -0.0177459544 0.0422954094
v -0.00796477252 -0.0203056188 0.0407723535
v -0.0116458788 -0.0163228178 0.0416228228
f 3835 3837 3836
v -0.0116458788 -0.0163228178 0.0416228228
v -0.00796477252 -0.0203056188 0.0407723535
v -0.0126635627 -0.018121532 0.0407277461
f 3838 3840 3839
v -0.00796477252 -0.0203056188 0.0407723535
v -0.00528613527 -0.0231558181 0.0398046192
v -0.00920605598 -0.0240286143 0.038587788
f 3841 3843 3842
v -0.00796477252 -0.0203056188 0.0407723535
v -0.00920605598 -0.0240286143 0.038587788
v -0.0126635627 -0.018121532 0.0407277461
f 3844 3846 3845
v -0.0126635627 -0.018121532 0.0407277461
v -0.00920605598 -0.0240286143 0.038587788
v -0.0127741252 -0.0224528136 0.0388355838
f 3847 3849 3848
v -0.0177316018 -0.0174965026 0.0397290918
v -0.0126635627 -0.018121532 0.0407277461
v -0.0150956694 -0.0220541042 0.0386136118
f 3850 3852 3851
v -0.0170466257 -0.0138483985 0.0406507985
v -0.0150408247 -0.0162110475 0.0407924439
v -0.0177316018 -0.0174965026 0.0397290918
f 3853 3855 3854
v -0.0126635627 -0.018121532 0.0407277461
v -0.0177316018 -0.0174965026 0.0397290918
v -0.0150408247 -0.0162110475 0.0407924439
f 3856 3858 3857
v -0.0150956694 -0.0220541042 0.0386136118
v -0.0191344676 -0.0211794584 0.0378173747
v -0.0177316018 -0.0174965026 0.0397290918
f 3859 3861 3860
v -0.00927693036 -0.0259007211 0.0364643842
v -0.00986249215 -0.0277840678 0.0350456074
v -0.0118219745 -0.0266917777 0.0349031907
f 3862 3864 3863
v -0.0147537823 -0.023954222 0.0367298431
v -0.00927693036 -0.0259007211 0.0364643842
v -0.0141395387 -0.024433856 0.0354493561
f 3865 3867 3866
v -0.0127741252 -0.0224528136 0.0388355838
v -0.0122029873 -0.0241096466 0.0380497891
v -0.0147537823 -0.023954222 0.0367298431
f 3868 3870 3869
v -0.00927693036 -0.0259007211 0.0364643842
v -0.0147537823 -0.023954222 0.0367298431
v -0.0122029873 -0.0241096466 0.0380497891
f 3871 3873 3872
v -0.0118219745 -0.0266917777 0.0349031907
v -0.00986249215 -0.0277840678 0.0350456074
v -0.0086350432 -0.0287725619 0.0341786479
f 3874 3876 3875
v -0.0118219745 -0.0266917777 0.0349031907
v -0.0086350432 -0.0287725619 0.0341786479
v -0.0135412265 -0.0291187753 0.0316159509
f 3877 3879 3878
v -0.0173248991 -0.0253488455 0.0321033731
v -0.0159008923 -0.0254823972 0.0342238316
v -0.0165357284 -0.0272623583 0.0314714969
f 3880 3882 3881
v -0.0141395387 -0.024433856 0.0354493561
v -0.0118219745 -0.0266917777 0.0349031907
v -0.0157324583 -0.0237172702 0.0355333177
f 3883 3885 3884
v -0.0157324583 -0.0237172702 0.0355333177
v -0.0176474496 -0.0219996859 0.0348611909
v -0.0213743944 -0.0201606133 0.0367210916
f 3886 3888 3887
v -0.0178356131 -0.0224117684 0.0370697875
v -0.0157324583 -0.0237172702 0.0355333177
v -0.0213743944 -0.0201606133 0.0367210916
f 3889 3891 3890
v -0.0191344676 -0.0211794584 0.0378173747
v -0.0178356131 -0.0224117684 0.0370697875
v -0.0213743944 -0.0201606133 0.0367210916
f 3892 3894 3893
v -0.0202190335 -0.0208775702 0.0352474424
v -0.0176474496 -0.0219996859 0.0348611909
v -0.0202958487 -0.0243502713 0.0328206283
f 3895 3897 3896
v -0.0159008923 -0.0254823972 0.0342238316
v -0.0173248991 -0.0253488455 0.0321033731
v -0.018029043 -0.0236732347 0.033766593
f 3898 3900 3899
v -0.0157324583 -0.0237172702 0.0355333177
v -0.018029043 -0.0236732347 0.033766593
v -0.0176474496 -0.0219996859 0.0348611909
f 3901 3903 3902
v -0.0159008923 -0.0254823972 0.0342238316
v -0.018029043 -0.0236732347 0.033766593
v -0.0157324583 -0.0237172702 0.0355333177
f 3904 3906 3905
v -0.0176474496 -0.0219996859 0.0348611909
v -0.018029043 -0.0236732347 0.033766593
v -0.0202958487 -0.0243502713 0.0328206283
f 3907 3909 3908
v -0.0202958487 -0.0243502713 0.0328206283
v -0.0173248991 -0.0253488455 0.0321033731
v -0.0209583028 -0.02536377 0.0314542965
f 3910 3912 3911
v -0.0207366524 -0.0225178752 0.0339499034
v -0.0202958487 -0.0243502713 0.0328206283
v -0.0220730843 -0.0228457502 0.032888315
f 3913 3915 3914
v 0.00264926421 -0.0237038315 0.0354131655
v 0.00398290722 -0.0197640184 0.032541313
v 0.00197431509 -0.0293681602 0.0269709271
f 3916 3918 3917
v 0.00139570766 -0.00809879493 0.0448506296
v 0.00212708983 -0.0117603857 0.0449703482
v -0.000784802978 -0.0115828159 0.0445108715
f 3919 3921 3920
v -0.000784802978 -0.0115828159 0.0445108715
v -0.00155926828 -0.0154048947 0.0438854418
v -0.00398965531 -0.0121709112 0.0439138908
f 3922 3924 3923
v 0.000761795673 -0.0266884977 0.0380623474
v -0.00047836802 -0.0266752497 0.0374729687
v -0.000475478737 -0.0254962419 0.0388739893
f 3925 3927 3926
v 0.00569393014 -0.0197901521 0.022503428
v 0.00634385942 -0.0137590891 0.0285534974
v 0.008208293 -0.00735667782 0.0208987563
f 3928 3930 3929
v 0.00772820786 -0.0138491087 0.0164231489
v 0.00785634038 -0.0212065701 0.0107323496
v 0.00600190106 -0.0214808926 0.0175972717
f 3931 3933 3932
v 0.00915657729 -0.00874731631 0.00939391102
v 0.00946583605 -0.0153183602 0.00679418881
v 0.00772820786 -0.0138491087 0.0164231489
f 3934 3936 3935
v 0.00720418175 -0.0254889281 0.00532092454
v 0.00946583605 -0.0153183602 0.00679418881
v 0.00900570158 -0.0154419409 0.000845576142
f 3937 3939 3938
v 0.00720418175 -0.0254889281 0.00532092454
v 0.00900570158 -0.0154419409 0.000845576142
v 0.00678433425 -0.0265366805 0.000851011828
f 3940 3942 3941
v 0.00197431509 -0.0293681602 0.0269709271
v 0.00398290722 -0.0197640184 0.032541313
v 0.00192254956 -0.0357575336 0.0151368295
f 3943 3945 3944
v 0.00600190106 -0.0214808926 0.0175972717
v 0.00456452835 -0.0311599637 0.00883280445
v 0.00192254956 -0.0357575336 0.0151368295
f 3946 3948 3947
v 0.00192254956 -0.0357575336 0.0151368295
v 0.00456452835 -0.0311599637 0.00883280445
v 0.00216826302 -0.0361921004 0.01220673
f 3949 3951 3950
v 0.000667122367 -0.0353308307 0.025940701
v 0.00197431509 -0.0293681602 0.0269709271
v 0.000999467011 -0.0347953028 0.024742313
f 3952 3954 3953
v 0.000999467011 -0.0347953028 0.024742313
v 0.0013818586 -0.0341582083 0.0229712663
v 0.00113230199 -0.0346583343 0.0235262632
f 3955 3957 3956
v -0.000835087121 -0.0342639018 0.0227734839
v 0.00109368557 -0.0345715409 0.023113293
v 0.00111480695 -0.0346041314 0.0228106801
f 3958 3960 3959
v 0.001361662 -0.0346764195 0.0221614246
v 0.00111480695 -0.0346041314 0.0228106801
v 0.0013818586 -0.0341582083 0.0229712663
f 3961 3963 3962
v -0.00170886124 -0.0349170092 0.0243827395
v -0.000972935231 -0.0354303716 0.0250549638
v 0.000999467011 -0.0347953028 0.024742313
f 3964 3966 3965
v 0.000999467011 -0.0347953028 0.024742313
v -0.000972935231 -0.0354303716 0.0250549638
v 0.000667122367 -0.0353308307 0.025940701
f 3967 3969 3968
v 0.00117808595 -0.0350394868 0.0223783718
v 0.00122100173 -0.0350511138 0.0220573638
v 0.000696407369 -0.0348252768 0.0219873851
f 3970 3972 3971
v 0.00115449075 -0.0350281276 0.0227635712
v 0.00117808595 -0.0350394868 0.0223783718
v 0.000696407369 -0.0348252768 0.0219873851
f 3973 3975 3974
v 0.000928852387 -0.035584814 0.0216789122
v -0.00132865171 -0.0366707594 0.020880223
v 0.000696407369 -0.0348252768 0.0219873851
f 3976 3978 3977
v 0.000696407369 -0.0348252768 0.0219873851
v -0.00360419399 -0.0349663227 0.0202854091
v -0.00208866186 -0.0337485952 0.02152753
f 3979 3981 3980
v 0.000928852387 -0.035584814 0.0216789122
v -0.000496978464 -0.0378253928 0.0213920575
v -0.00132865171 -0.0366707594 0.020880223
f 3982 3984 3983
v -0.000835087121 -0.0342639018 0.0227734839
v -0.00694368646 -0.0336433266 0.0228200341
v -0.00170886124 -0.0349170092 0.0243827395
f 3985 3987 3986
v 0.000696407369 -0.0348252768 0.0219873851
v -0.00132865171 -0.0366707594 0.020880223
v -0.00360419399 -0.0349663227 0.0202854091
f 3988 3990 3989
v -0.00489581435 -0.0347703084 0.0286652386
v -0.000972935231 -0.0354303716 0.0250549638
v -0.00505774951 -0.0350002287 0.0242498907
f 3991 3993 3992
v -0.00208866186 -0.0337485952 0.02152753
v -0.00662142338 -0.0330415758 0.0207418751
v -0.00694368646 -0.0336433266 0.0228200341
f 3994 3996 3995
v -0.00208866186 -0.0337485952 0.02152753
v -0.00437786803 -0.033638929 0.0206272322
v -0.00662142338 -0.0330415758 0.0207418751
f 3997 3999 3998
v -0.00360419399 -0.0349663227 0.0202854091
v -0.00437786803 -0.033638929 0.0206272322
v -0.00208866186 -0.0337485952 0.02152753
f 4000 4002 4001
v 0.00122100173 -0.0350511138 0.0220573638
v 0.00117808595 -0.0350394868 0.0223783718
v 0.001361662 -0.0346764195 0.0221614246
f 4003 4005 4004
v 0.001361662 -0.0346764195 0.0221614246
v 0.00117808595 -0.0350394868 0.0223783718
v 0.00115449075 -0.0350281276 0.0227635712
f 4006 4008 4007
v 0.00140898555 -0.0355910364 0.0215302643
v 0.00122100173 -0.0350511138 0.0220573638
v 0.001361662 -0.0346764195 0.0221614246
f 4009 4011 4010
v -0.00505774951 -0.0350002287 0.0242498907
v -0.000972935231 -0.0354303716 0.0250549638
v -0.00170886124 -0.0349170092 0.0243827395
f 4012 4014 4013
v 0.0013818586 -0.0341582083 0.0229712663
v 0.00109368557 -0.0345715409 0.023113293
v 0.00113230199 -0.0346583343 0.0235262632
f 4015 4017 4016
v 0.000930866372 -0.0347380963 0.0231616272
v -0.000835087121 -0.0342639018 0.0227734839
v 0.00113230199 -0.0346583343 0.0235262632
f 4018 4020 4019
v 0.00113253191 -0.0350065937 0.0231486192
v 0.0011210017 -0.0349756883 0.0235332991
v 0.00113230199 -0.0346583343 0.0235262632
f 4021 4023 4022
v 0.00119089818 -0.0370935188 0.0148388732
v -5.73854777e-05 -0.0364687527 0.0142513221
v -0.000483093754 -0.0376621843 0.0154079637
f 4024 4026 4025
v -0.00662142338 -0.0330415758 0.0207418751
v -0.00437786803 -0.033638929 0.0206272322
v -0.00955648939 -0.0320333493 0.0199351765
f 4027 4029 4028
v 0.00720418175 -0.0254889281 0.00532092454
v 0.00678433425 -0.0265366805 0.000851011828
v 0.00456452835 -0.0311599637 0.00883280445
f 4030 4032 4031
v -0.000504843774 -0.0342263666 0.0101804697
v 0.00066851353 -0.0349259644 0.0106023203
v 0.000173635635 -0.0346379617 0.00912130781
f 4033 4035 4034
v -0.000504843774 -0.0342263666 0.0101804697
v -9.50785761e-05 -0.0332299649 0.00915411365
v -0.00221476657 -0.0328156777 0.00840405919
f 4036 4038 4037
v -9.50785761e-05 -0.0332299649 0.00915411365
v -0.000504843774 -0.0342263666 0.0101804697
v 0.000173635635 -0.0346379617 0.00912130781
f 4039 4041 4040
v -0.00173699882 -0.0358634396 0.0133954934
v 0.00167507023 -0.0365418091 0.0142253775
v 0.00138816686 -0.0365834305 0.0125127932
f 4042 4044 4043
v -5.73854777e-05 -0.0364687527 0.0142513221
v 0.00167507023 -0.0365418091 0.0142253775
v -0.00173699882 -0.0358634396 0.0133954934
f 4045 4047 4046
v 0.00066851353 -0.0349259644 0.0106023203
v -0.000949567038 -0.0351925526 0.0111148132
v 0.00162361102 -0.0363993517 0.0117912292
f 4048 4050 4049
v 0.00066851353 -0.0349259644 0.0106023203
v 0.00196830224 -0.0360681326 0.0104112987
v 0.000511535472 -0.0370087917 0.00946759756
f 4051 4053 4052
v -0.000136489689 -0.0381170161 0.00877108032
v -0.000289308082 -0.0375337753 0.0078787918
v 0.000511535472 -0.0370087917 0.00946759756
f 4054 4056 4055
v 0.000511535472 -0.0370087917 0.00946759756
v -0.000289308082 -0.0375337753 0.0078787918
v 0.000173635635 -0.0346379617 0.00912130781
f 4057 4059 4058
v -0.00283670743 -0.0347243884 0.0115490177
v -0.00796115201 -0.0331995514 0.00933222036
v -0.00398368356 -0.0350651768 0.0125437509
f 4060 4062 4061
v -0.00173699882 -0.0358634396 0.0133954934
v -0.000949567038 -0.0351925526 0.0111148132
v -0.00283670743 -0.0347243884 0.0115490177
f 4063 4065 4064
v 0.00162361102 -0.0363993517 0.0117912292
v 0.00196830224 -0.0360681326 0.0104112987
v 0.00066851353 -0.0349259644 0.0106023203
f 4066 4068 4067
v 0.000173635635 -0.0346379617 0.00912130781
v -0.000289308082 -0.0375337753 0.0078787918
v -0.000390450441 -0.0360660633 0.00681946112
f 4069 4071 4070
v -0.000390450441 -0.0360660633 0.00681946112
v -0.000289308082 -0.0375337753 0.0078787918
v -0.000472883403 -0.0372384326 0.00592884389
f 4072 4074 4073
v -0.000390450441 -0.0360660633 0.00681946112
v -0.000472883403 -0.0372384326 0.00592884389
v -0.00262817484 -0.0373596878 0.00615454846
f 4075 4077 4076
v -0.00420397482 -0.0329846313 0.00839832355
v -0.00742968186 -0.0331600051 0.0087593995
v -0.00796115201 -0.0331995514 0.00933222036
f 4078 4080 4079
v -0.0276251347 -0.02366267 0.00327345406
v -0.0265864655 -0.0254052255 0.0127565945
v -0.027434848 -0.0239580913 0.000842743975
f 4081 4083 4082
v -0.000496978464 -0.0378253928 0.0213920575
v 0.000444892794 -0.0375246454 0.0214675398
v -0.000185353565 -0.0388882385 0.0206721597
f 4084 4086 4085
v -0.000185353565 -0.0388882385 0.0206721597
v 0.000444892794 -0.0375246454 0.0214675398
v -0.000571570854 -0.0396828866 0.0197520072
f 4087 4089 4088
v 0.000444892794 -0.0375246454 0.0214675398
v 0.000796975655 -0.0380999176 0.0159578383
v -0.000571570854 -0.0396828866 0.0197520072
f 4090 4092 4091
v -0.000198770431 -0.0396483316 0.0182458578
v -0.000558530155 -0.0398423377 0.0177461872
v -0.000381501741 -0.0398953242 0.0184673248
f 4093 4095 4094
v -0.000571570854 -0.0396828866 0.0197520072
v -0.00072192197 -0.0401041849 0.0186526187
v -0.00126365048 -0.0390719273 0.0203316158
f 4096 4098 4097
v -0.000198770431 -0.0396483316 0.0182458578
v 0.000200418435 -0.0390534755 0.0170421714
v -0.000210287544 -0.0395751413 0.0173819106
f 4099 4101 4100
v -0.000198770431 -0.0396483316 0.0182458578
v -0.000210287544 -0.0395751413 0.0173819106
v -9.40861355e-05 -0.039629516 0.0173892302
f 4102 4104 4103
v -0.000571570854 -0.0396828866 0.0197520072
v 0.000796975655 -0.0380999176 0.0159578383
v 0.000200418435 -0.0390534755 0.0170421714
f 4105 4107 4106
v -0.000571570854 -0.0396828866 0.0197520072
v -0.000198770431 -0.0396483316 0.0182458578
v -0.000388196349 -0.039891465 0.0184674005
f 4108 4110 4109
v -0.000388196349 -0.039891465 0.0184674005
v -0.000381501741 -0.0398953242 0.0184673248
v -0.000571570854 -0.0396828866 0.0197520072
f 4111 4113 4112
v -0.000571570854 -0.0396828866 0.0197520072
v 0.000200418435 -0.0390534755 0.0170421714
v -0.000198770431 -0.0396483316 0.0182458578
f 4114 4116 4115
v 0.000200418435 -0.0390534755 0.0170421714
v -9.40861355e-05 -0.039629516 0.0173892302
v -0.000210287544 -0.0395751413 0.0173819106
f 4117 4119 4118
v 0.000200418435 -0.0390534755 0.0170421714
v 0.000376060052 -0.0383012375 0.016031311
v -9.50458343e-05 -0.0393669208 0.0170871019
f 4120 4122 4121
v 0.000719465606 -0.0384243322 0.0125531762
v 0.000829160126 -0.0381658814 0.0156560825
v 0.00108549284 -0.0385509746 0.0127624095
f 4123 4125 4124
v -9.50458343e-05 -0.0393669208 0.0170871019
v -9.40861355e-05 -0.039629516 0.0173892302
v 0.000200418435 -0.0390534755 0.0170421714
f 4126 4128 4127
v -0.00126365048 -0.0390719273 0.0203316158
v -0.000185353565 -0.0388882385 0.0206721597
v -0.000571570854 -0.0396828866 0.0197520072
f 4129 4131 4130
v 0.00107097658 -0.0399701734 0.00800853086
v 0.00141679702 -0.0392692018 0.00844991373
v 0.00133430804 -0.0401090714 0.0079745063
f 4132 4134 4133
v 0.00115032162 -0.0390349509 0.00831234938
v 0.00107097658 -0.0399701734 0.00800853086
v 0.00053845215 -0.0386434287 0.00793356448
f 4135 4137 4136
v 0.00133430804 -0.0401090714 0.0079745063
v 0.000704304693 -0.0411724264 0.0063265732
v 0.00107097658 -0.0399701734 0.00800853086
f 4138 4140 4139
v 0.000704304693 -0.0411724264 0.0063265732
v 0.00133430804 -0.0401090714 0.0079745063
v 0.000540656038 -0.0422134704 0.00452418826
f 4141 4143 4142
v 0.000704304693 -0.0411724264 0.0063265732
v 0.000540656038 -0.0422134704 0.00452418826
v -0.000538898166 -0.0412722613 0.00528213932
f 4144 4146 4145
v 0.00107097658 -0.0399701734 0.00800853086
v -0.000538898166 -0.0412722613 0.00528213932
v 0.00053845215 -0.0386434287 0.00793356448
f 4147 4149 4148
v -0.000751820335 -0.0405507482 0.00424837126
v -0.00122965357 -0.0403277052 0.00299610983
v -0.000866273331 -0.0390629313 0.00468272628
f 4150 4152 4151
v 0.000540656038 -0.0422134704 0.00452418826
v 0.00189531493 -0.038999322 0.00791694911
v 0.00100601246 -0.0428273721 0.00184981309
f 4153 4155 4154
v -0.000751820335 -0.0405507482 0.00424837126
v -0.0011708551 -0.0409429864 0.00400056888
v -0.00122965357 -0.0403277052 0.00299610983
f 4156 4158 4157
v -0.00139708136 -0.0412467634 0.0046568377
v -0.0011708551 -0.0409429864 0.00400056888
v -0.00112390553 -0.0409920583 0.00402139121
f 4159 4161 4160
v -0.000751820335 -0.0405507482 0.00424837126
v -0.00139708136 -0.0412467634 0.0046568377
v -0.00112390553 -0.0409920583 0.00402139121
f 4162 4164 4163
v -0.00111903864 -0.0413667323 0.00401138823
v -0.00118059761 -0.0403342157 0.000841938981
v -0.00121344128 -0.0405734492 0.00183339034
f 4165 4167 4166
v -0.00121344128 -0.0405734492 0.00183339034
v -0.00122965357 -0.0403277052 0.00299610983
v -0.00111903864 -0.0413667323 0.00401138823
f 4168 4170 4169
v -0.000538898166 -0.0412722613 0.00528213932
v -0.000376577373 -0.0426389364 0.00305363355
v -0.00111903864 -0.0413667323 0.00401138823
f 4171 4173 4172
v 0.000540656038 -0.0422134704 0.00452418826
v 0.00100601246 -0.0428273721 0.00184981309
v -0.000376577373 -0.0426389364 0.00305363355
f 4174 4176 4175
v 0.000540656038 -0.0422134704 0.00452418826
v -0.000376577373 -0.0426389364 0.00305363355
v -0.000538898166 -0.0412722613 0.00528213932
f 4177 4179 4178
v -0.00112390553 -0.0409920583 0.00402139121
v -0.0011708551 -0.0409429864 0.00400056888
v -0.00111903864 -0.0413667323 0.00401138823
f 4180 4182 4181
v 0.00133430804 -0.0401090714 0.0079745063
v 0.00189531493 -0.038999322 0.00791694911
v 0.000540656038 -0.0422134704 0.00452418826
f 4183 4185 4184
v -0.000751820335 -0.0405507482 0.00424837126
v -0.000866273331 -0.0390629313 0.00468272628
v 0.00053845215 -0.0386434287 0.00793356448
f 4186 4188 4187
v -0.000538898166 -0.0412722613 0.00528213932
v -0.00139708136 -0.0412467634 0.0046568377
v -0.000751820335 -0.0405507482 0.00424837126
f 4189 4191 4190
v -0.00972506605 -0.0316816207 0.0312866003
v -0.0125234292 -0.0315689307 0.030343188
v -0.0120828838 -0.0301300344 0.0315866404
f 4192 4194 4193
v -0.0125234292 -0.0315689307 0.030343188
v -0.00972506605 -0.0316816207 0.0312866003
v -0.0120818964 -0.0320992258 0.0286917784
f 4195 4197 4196
v -0.0120818964 -0.0320992258 0.0286917784
v -0.0101815443 -0.033566216 0.0272835721
v -0.0140092132 -0.0327574351 0.0254045008
f 4198 4200 4199
v -0.0101815443 -0.033566216 0.0272835721
v -0.00972506605 -0.0316816207 0.0312866003
v -0.00788307079 -0.0332110416 0.0297844002
f 4201 4203 4202
v -0.0120818964 -0.0320992258 0.0286917784
v -0.00972506605 -0.0316816207 0.0312866003
v -0.0101815443 -0.033566216 0.0272835721
f 4204 4206 4205
v -0.0120828838 -0.0301300344 0.0315866404
v -0.0125234292 -0.0315689307 0.030343188
v -0.0135412265 -0.0291187753 0.0316159509
f 4207 4209 4208
v -0.0135412265 -0.0291187753 0.0316159509
v -0.0125234292 -0.0315689307 0.030343188
v -0.0149313055 -0.0312062708 0.0293178047
f 4210 4212 4211
v -0.0153982488 -0.0316710211 0.0272388424
v -0.0120818964 -0.0320992258 0.0286917784
v -0.0140092132 -0.0327574351 0.0254045008
f 4213 4215 4214
v -0.0165357284 -0.0272623583 0.0314714969
v -0.0135412265 -0.0291187753 0.0316159509
v -0.0185911515 -0.0281884364 0.0299089763
f 4216 4218 4217
v -0.0185911515 -0.0281884364 0.0299089763
v -0.0135412265 -0.0291187753 0.0316159509
v -0.0188668724 -0.0290924712 0.0293515477
f 4219 4221 4220
v -0.0149313055 -0.0312062708 0.0293178047
v -0.0153982488 -0.0316710211 0.0272388424
v -0.0184381788 -0.0306294736 0.0277703541
f 4222 4224 4223
v -0.0184381788 -0.0306294736 0.0277703541
v -0.0153982488 -0.0316710211 0.0272388424
v -0.0175438472 -0.0317417056 0.0258034968
f 4225 4227 4226
v -0.0173248991 -0.0253488455 0.0321033731
v -0.0165357284 -0.0272623583 0.0314714969
v -0.019526176 -0.0268191419 0.0310849224
f 4228 4230 4229
v -0.0165357284 -0.0272623583 0.0314714969
v -0.0185911515 -0.0281884364 0.0299089763
v -0.019526176 -0.0268191419 0.0310849224
f 4231 4233 4232
v -0.0209583028 -0.02536377 0.0314542965
v -0.0173248991 -0.0253488455 0.0321033731
v -0.019526176 -0.0268191419 0.0310849224
f 4234 4236 4235
v -0.019526176 -0.0268191419 0.0310849224
v -0.0185911515 -0.0281884364 0.0299089763
v -0.0204995653 -0.0275547587 0.0290032243
f 4237 4239 4238
v -0.019526176 -0.0268191419 0.0310849224
v -0.0204995653 -0.0275547587 0.0290032243
v -0.0222947026 -0.0264754664 0.0292342651
f 4240 4242 4241
v -0.022246642 -0.0247856224 0.031398487
v -0.0209583028 -0.02536377 0.0314542965
v -0.0243864488 -0.0246383221 0.0294824829
f 4243 4245 4244
v -0.0246853742 -0.0253765145 0.0282413035
v -0.0204995653 -0.0275547587 0.0290032243
v -0.0243197952 -0.0268013886 0.0270983117
f 4246 4248 4247
v -0.0213995692 -0.029411327 0.0279420929
v -0.0184381788 -0.0306294736 0.0277703541
v -0.0222327493 -0.0299014413 0.0266167248
f 4249 4251 4250
v -0.0222327493 -0.0299014413 0.0266167248
v -0.0184381788 -0.0306294736 0.0277703541
v -0.0175438472 -0.0317417056 0.0258034968
f 4252 4254 4253
v -0.0213995692 -0.029411327 0.0279420929
v -0.0222327493 -0.0299014413 0.0266167248
v -0.0241896283 -0.0294095895 0.0257825508
f 4255 4257 4256
v -0.0243197952 -0.0268013886 0.0270983117
v -0.0213995692 -0.029411327 0.0279420929
v -0.0241896283 -0.0294095895 0.0257825508
f 4258 4260 4259
v -0.0125234292 -0.0315689307 0.030343188
v -0.0120818964 -0.0320992258 0.0286917784
v -0.0149313055 -0.0312062708 0.0293178047
f 4261 4263 4262
v -0.00272619727 -0.036795609 0.0205436503
v -0.00132865171 -0.0366707594 0.020880223
v -0.00310728283 -0.0386136293 0.0195378903
f 4264 4266 4265
v -0.00132865171 -0.0366707594 0.020880223
v -0.000496978464 -0.0378253928 0.0213920575
v -0.00126365048 -0.0390719273 0.0203316158
f 4267 4269 4268
v -0.008700342 -0.0344517408 0.024252705
v -0.00646617846 -0.0346741377 0.0270419376
v -0.00505774951 -0.0350002287 0.0242498907
f 4270 4272 4271
v -0.00126365048 -0.0390719273 0.0203316158
v -0.00402771984 -0.0394409843 0.0181784621
v -0.00310728283 -0.0386136293 0.0195378903
f 4273 4275 4274
v -0.00477531721 -0.0378726574 0.0192320411
v -0.00402771984 -0.0394409843 0.0181784621
v -0.00721308606 -0.0376111071 0.0177071139
f 4276 4278 4277
v -0.00721308606 -0.0376111071 0.0177071139
v -0.00402771984 -0.0394409843 0.0181784621
v -0.00775936423 -0.0386967906 0.0160354495
f 4279 4281 4280
v -0.00402771984 -0.0394409843 0.0181784621
v -0.00442231867 -0.0394451956 0.0164832018
v -0.00775936423 -0.0386967906 0.0160354495
f 4282 4284 4283
v -0.00442231867 -0.0394451956 0.0164832018
v -0.00986806117 -0.038282547 0.0141723765
v -0.00775936423 -0.0386967906 0.0160354495
f 4285 4287 4286
v -0.000558530155 -0.0398423377 0.0177461872
v -0.00442231867 -0.0394451956 0.0164832018
v -0.00402771984 -0.0394409843 0.0181784621
f 4288 4290 4289
v -0.00993247231 -0.0337484031 0.0229790487
v -0.00907059512 -0.0327693473 0.0221395239
v -0.0132037385 -0.0331647258 0.0229013924
f 4291 4293 4292
v -0.00494585256 -0.0361710001 0.0192712716
v -0.00905630732 -0.0348650879 0.0180445408
v -0.00828088378 -0.0336503697 0.0187588768
f 4294 4296 4295
v -0.0113165443 -0.0321556174 0.0190048493
v -0.00955648939 -0.0320333493 0.0199351765
v -0.00828088378 -0.0336503697 0.0187588768
f 4297 4299 4298
v -0.00828088378 -0.0336503697 0.0187588768
v -0.0111828704 -0.0333286938 0.0182659031
v -0.0113165443 -0.0321556174 0.0190048493
f 4300 4302 4301
v -0.01167835 -0.0357408426 0.0172339001
v -0.00972620837 -0.0368130626 0.0172737215
v -0.0121617617 -0.0376270298 0.0152141161
f 4303 4305 4304
v -0.00775936423 -0.0386967906 0.0160354495
v -0.0121617617 -0.0376270298 0.0152141161
v -0.00972620837 -0.0368130626 0.0172737215
f 4306 4308 4307
v -0.0121617617 -0.0376270298 0.0152141161
v -0.00775936423 -0.0386967906 0.0160354495
v -0.00986806117 -0.038282547 0.0141723765
f 4309 4311 4310
v -0.00905630732 -0.0348650879 0.0180445408
v -0.00972620837 -0.0368130626 0.0172737215
v -0.0113244001 -0.0342596235 0.0175441688
f 4312 4314 4313
v -0.01167835 -0.0357408426 0.0172339001
v -0.0121617617 -0.0376270298 0.0152141161
v -0.0148631691 -0.0357821671 0.0169063584
f 4315 4317 4316
v -0.00828088378 -0.0336503697 0.0187588768
v -0.00905630732 -0.0348650879 0.0180445408
v -0.0111828704 -0.0333286938 0.0182659031
f 4318 4320 4319
v -0.0113244001 -0.0342596235 0.0175441688
v -0.00972620837 -0.0368130626 0.0172737215
v -0.01167835 -0.0357408426 0.0172339001
f 4321 4323 4322
v -0.0146901119 -0.036362317 0.0130499277
v -0.0146244449 -0.0368352892 0.0147429251
v -0.0121617617 -0.0376270298 0.0152141161
f 4324 4326 4325
v -0.0148631691 -0.0357821671 0.0169063584
v -0.0121617617 -0.0376270298 0.0152141161
v -0.0146244449 -0.0368352892 0.0147429251
f 4327 4329 4328
v -0.00505774951 -0.0350002287 0.0242498907
v -0.00694368646 -0.0336433266 0.0228200341
v -0.008700342 -0.0344517408 0.024252705
f 4330 4332 4331
v -0.00905630732 -0.0348650879 0.0180445408
v -0.00494585256 -0.0361710001 0.0192712716
v -0.00972620837 -0.0368130626 0.0172737215
f 4333 4335 4334
v -0.00132865171 -0.0366707594 0.020880223
v -0.00126365048 -0.0390719273 0.0203316158
v -0.00310728283 -0.0386136293 0.0195378903
f 4336 4338 4337
v -0.00319460523 -0.0359585945 0.0136581992
v -0.00398368356 -0.0350651768 0.0125437509
v -0.00545140392 -0.0362131017 0.0129187858
f 4339 4341 4340
v -0.00545140392 -0.0362131017 0.0129187858
v -0.00398368356 -0.0350651768 0.0125437509
v -0.00748844832 -0.0342783489 0.0102170066
f 4342 4344 4343
v -0.005897968 -0.0383362698 0.014267856
v -0.00319460523 -0.0359585945 0.0136581992
v -0.00545140392 -0.0362131017 0.0129187858
f 4345 4347 4346
v -0.00545140392 -0.0362131017 0.0129187858
v -0.00841622459 -0.0361582963 0.0115969895
v -0.0073395131 -0.037805445 0.0136447343
f 4348 4350 4349
v -0.000472883403 -0.0372384326 0.00592884389
v -0.000866273331 -0.0390629313 0.00468272628
v -0.00262817484 -0.0373596878 0.00615454846
f 4351 4353 4352
v -0.00262817484 -0.0373596878 0.00615454846
v -0.00122965357 -0.0403277052 0.00299610983
v -0.00445514706 -0.0398071046 0.00275217062
f 4354 4356 4355
v -0.00512927727 -0.0347524183 0.00799152476
v -0.00262817484 -0.0373596878 0.00615454846
v -0.00576516504 -0.036483162 0.00664852923
f 4357 4359 4358
v -0.00445514706 -0.0398071046 0.00275217062
v -0.00834273596 -0.0392158516 0.00199156275
v -0.00262817484 -0.0373596878 0.00615454846
f 4360 4362 4361
v -0.00748844832 -0.0342783489 0.0102170066
v -0.00927969231 -0.034430236 0.0106215375
v -0.00545140392 -0.0362131017 0.0129187858
f 4363 4365 4364
v -0.00796115201 -0.0331995514 0.00933222036
v -0.00927969231 -0.034430236 0.0106215375
v -0.00748844832 -0.0342783489 0.0102170066
f 4366 4368 4367
v -0.00959858371 -0.0325110363 0.00947905355
v -0.00796115201 -0.0331995514 0.00933222036
v -0.00742968186 -0.0331600051 0.0087593995
f 4369 4371 4370
v -0.00512927727 -0.0347524183 0.00799152476
v -0.00946731743 -0.0348347065 0.00739307216
v -0.00959858371 -0.0325110363 0.00947905355
f 4372 4374 4373
v -0.00742968186 -0.0331600051 0.0087593995
v -0.00512927727 -0.0347524183 0.00799152476
v -0.00959858371 -0.0325110363 0.00947905355
f 4375 4377 4376
v -0.00946731743 -0.0348347065 0.00739307216
v -0.0110839996 -0.0342382031 0.00825565949
v -0.00959858371 -0.0325110363 0.00947905355
f 4378 4380 4379
v -0.0118677563 -0.031414078 0.010088925
v -0.0126854749 -0.0316027465 0.0107702414
v -0.0131814973 -0.0347852969 0.0117240561
f 4381 4383 4382
v -0.00927969231 -0.034430236 0.0106215375
v -0.0105975261 -0.0323899556 0.00986061059
v -0.0118677563 -0.031414078 0.010088925
f 4384 4386 4385
v -0.00927969231 -0.034430236 0.0106215375
v -0.0118677563 -0.031414078 0.010088925
v -0.0131814973 -0.0347852969 0.0117240561
f 4387 4389 4388
v -0.00868034549 -0.0377082004 0.0130521294
v -0.0119688324 -0.0368394773 0.0125172097
v -0.00986806117 -0.038282547 0.0141723765
f 4390 4392 4391
v -0.0131814973 -0.0347852969 0.0117240561
v -0.0146901119 -0.036362317 0.0130499277
v -0.0119688324 -0.0368394773 0.0125172097
f 4393 4395 4394
v -0.0118852557 -0.0348241883 0.00703812548
v -0.00946731743 -0.0348347065 0.00739307216
v -0.0119152639 -0.0369304093 0.00429946376
f 4396 4398 4397
v -0.00979206161 -0.0382958708 0.00367843386
v -0.00657750934 -0.0378387369 0.00466388374
v -0.00834273596 -0.0392158516 0.00199156275
f 4399 4401 4400
v -0.00834273596 -0.0392158516 0.00199156275
v -0.0112665599 -0.0381964288 0.00271495992
v -0.00979206161 -0.0382958708 0.00367843386
f 4402 4404 4403
v -0.00979206161 -0.0382958708 0.00367843386
v -0.0112665599 -0.0381964288 0.00271495992
v -0.0119152639 -0.0369304093 0.00429946376
f 4405 4407 4406
v -0.0130176544 -0.0330306939 0.00914795164
v -0.0118852557 -0.0348241883 0.00703812548
v -0.0137233495 -0.0345144043 0.00767967649
f 4408 4410 4409
v -0.0118852557 -0.0348241883 0.00703812548
v -0.0119152639 -0.0369304093 0.00429946376
v -0.0164784695 -0.0350400427 0.00624454769
f 4411 4413 4412
v -0.0146901119 -0.036362317 0.0130499277
v -0.00986806117 -0.038282547 0.0141723765
v -0.0119688324 -0.0368394773 0.0125172097
f 4414 4416 4415
v -0.0119152639 -0.0369304093 0.00429946376
v -0.0135409078 -0.0377124728 0.00253546878
v -0.0164080251 -0.0368622103 0.00390407513
f 4417 4419 4418
v -0.0164080251 -0.0368622103 0.00390407513
v -0.0135409078 -0.0377124728 0.00253546878
v -0.0174088098 -0.0372772833 0.000848472155
f 4420 4422 4421
v -0.0112665599 -0.0381964288 0.00271495992
v -0.0135409078 -0.0377124728 0.00253546878
v -0.0119152639 -0.0369304093 0.00429946376
f 4423 4425 4424
v -0.0164793833 -0.0312041288 0.0211642211
v -0.0157678413 -0.0307705748 0.0198140318
v -0.0197114452 -0.0304769346 0.0208767276
f 4426 4428 4427
v 0.00371416972 0.0139181575 0.0373800693
v 0.00378773402 0.0125974664 0.0373002549
v 0.00270617675 0.0137751791 0.0375982781
f 4429 4431 4430
v 0.00371416972 0.0139181575 0.0373800693
v 0.00270617675 0.0137751791 0.0375982781
v 0.00305868452 0.0138902615 0.0375463511
f 4432 4434 4433
v -0.0190883526 -0.0311431329 0.0226981894
v -0.0163316552 -0.0319376646 0.022726506
v -0.0164793833 -0.0312041288 0.0211642211
f 4435 4437 4436
v -0.0164793833 -0.0312041288 0.0211642211
v -0.0197114452 -0.0304769346 0.0208767276
v -0.0190883526 -0.0311431329 0.0226981894
f 4438 4440 4439
v -0.0127555017 -0.031500074 0.0196766807
v -0.0157678413 -0.0307705748 0.0198140318
v -0.0153487446 -0.0307128794 0.0205699558
f 4441 4443 4442
v -0.0197114452 -0.0304769346 0.0208767276
v -0.0157678413 -0.0307705748 0.0198140318
v -0.0186604651 -0.0311755895 0.0193266082
f 4444 4446 4445
v -0.0145462356 -0.0324008171 0.0183825454
v -0.0180849253 -0.0342284096 0.0179915063
v -0.0195725035 -0.0325541798 0.0188186168
f 4447 4449 4448
v -0.0157678413 -0.0307705748 0.0198140318
v -0.0145462356 -0.0324008171 0.0183825454
v -0.0186604651 -0.0311755895 0.0193266082
f 4450 4452 4451
v -0.0259633816 -0.025398712 0.0207861071
v -0.0250769546 -0.0235353524 0.0276389124
v -0.0240307403 -0.0309628173 0.0217085093
f 4453 4455 4454
v -0.0197114452 -0.0304769346 0.0208767276
v -0.0216254222 -0.0305825029 0.0201066126
v -0.0190883526 -0.0311431329 0.0226981894
f 4456 4458 4457
v -0.0232946666 -0.0306317554 0.0203680975
v -0.0190883526 -0.0311431329 0.0226981894
v -0.0216254222 -0.0305825029 0.0201066126
f 4459 4461 4460
v -0.0232946666 -0.0306317554 0.0203680975
v -0.0234740088 -0.0312351767 0.0210997881
v -0.0240307403 -0.0309628173 0.0217085093
f 4462 4464 4463
v -0.0250769546 -0.0235353524 0.0276389124
v -0.0241896283 -0.0294095895 0.0257825508
v -0.0239545116 -0.0301518507 0.024109066
f 4465 4467 4466
v -0.0210758662 -0.0311732874 0.0243506816
v -0.0239545116 -0.0301518507 0.024109066
v -0.0222327493 -0.0299014413 0.0266167248
f 4468 4470 4469
v -0.0190883526 -0.0311431329 0.0226981894
v -0.0240307403 -0.0309628173 0.0217085093
v -0.0210758662 -0.0311732874 0.0243506816
f 4471 4473 4472
v -0.0265864655 -0.0254052255 0.0127565945
v -0.0259633816 -0.025398712 0.0207861071
v -0.0246309181 -0.0302210479 0.0125804887
f 4474 4476 4475
v -0.0216254222 -0.0305825029 0.0201066126
v -0.0197114452 -0.0304769346 0.0208767276
v -0.0186604651 -0.0311755895 0.0193266082
f 4477 4479 4478
v -0.0186604651 -0.0311755895 0.0193266082
v -0.0195725035 -0.0325541798 0.0188186168
v -0.0227261422 -0.0318846229 0.0186795631
f 4480 4482 4481
v -0.0216254222 -0.0305825029 0.0201066126
v -0.0186604651 -0.0311755895 0.0193266082
v -0.0228773017 -0.0309669733 0.0192916079
f 4483 4485 4484
v -0.0246309181 -0.0302210479 0.0125804887
v -0.0240307403 -0.0309628173 0.0217085093
v -0.024011299 -0.0315690035 0.0177750451
f 4486 4488 4487
v -0.0259633816 -0.025398712 0.0207861071
v -0.0240307403 -0.0309628173 0.0217085093
v -0.0246309181 -0.0302210479 0.0125804887
f 4489 4491 4490
v -0.019065183 -0.0357565266 0.014456769
v -0.0171405627 -0.0360245293 0.0160654527
v -0.0146244449 -0.0368352892 0.0147429251
f 4492 4494 4493
v -0.0210982631 -0.0352789706 0.0164738376
v -0.019065183 -0.0357565266 0.014456769
v -0.022741608 -0.0350013172 0.0160417199
f 4495 4497 4496
v -0.0171405627 -0.0360245293 0.0160654527
v -0.0180849253 -0.0342284096 0.0179915063
v -0.0148631691 -0.0357821671 0.0169063584
f 4498 4500 4499
v -0.024011299 -0.0315690035 0.0177750451
v -0.0234740088 -0.0312351767 0.0210997881
v -0.0227261422 -0.0318846229 0.0186795631
f 4501 4503 4502
v -0.0237010565 -0.0329387985 0.0143261102
v -0.024011299 -0.0315690035 0.0177750451
v -0.0229280791 -0.0335150195 0.0178786722
f 4504 4506 4505
v -0.0131814973 -0.0347852969 0.0117240561
v -0.0126854749 -0.0316027465 0.0107702414
v -0.0148352818 -0.0319142448 0.0112354719
f 4507 4509 4508
v -0.0126854749 -0.0316027465 0.0107702414
v -0.0118677563 -0.031414078 0.010088925
v -0.0132476373 -0.0313506374 0.0104713632
f 4510 4512 4511
v -0.0118677563 -0.031414078 0.010088925
v -0.0130176544 -0.0330306939 0.00914795164
v -0.0134050497 -0.0323238521 0.0101824837
f 4513 4515 4514
v -0.0118677563 -0.031414078 0.010088925
v -0.0134050497 -0.0323238521 0.0101824837
v -0.0132476373 -0.0313506374 0.0104713632
f 4516 4518 4517
v -0.0126854749 -0.0316027465 0.0107702414
v -0.0132476373 -0.0313506374 0.0104713632
v -0.0148352818 -0.0319142448 0.0112354719
f 4519 4521 4520
v -0.0134050497 -0.0323238521 0.0101824837
v -0.0177372131 -0.0323840068 0.00967239685
v -0.0132476373 -0.0313506374 0.0104713632
f 4522 4524 4523
v -0.0131814973 -0.0347852969 0.0117240561
v -0.0148352818 -0.0319142448 0.0112354719
v -0.016141095 -0.0340425177 0.0116272473
f 4525 4527 4526
v -0.0190894498 -0.0310419331 0.011508177
v -0.0216833461 -0.0305756141 0.0116505806
v -0.0235546468 -0.032643805 0.0124136248
f 4528 4530 4529
v -0.0238374632 -0.0304142741 0.0112916445
v -0.0186825826 -0.0306728296 0.0109935041
v -0.0177372131 -0.0323840068 0.00967239685
f 4531 4533 4532
v -0.016414831 -0.0309967611 0.0104382474
v -0.0177372131 -0.0323840068 0.00967239685
v -0.0186825826 -0.0306728296 0.0109935041
f 4534 4536 4535
v -0.0164784695 -0.0350400427 0.00624454769
v -0.0145452883 -0.0335310207 0.00858896747
v -0.0137233495 -0.0345144043 0.00767967649
f 4537 4539 4538
v -0.0249046599 -0.0295772537 0.0114769638
v -0.0265864655 -0.0254052255 0.0127565945
v -0.0246309181 -0.0302210479 0.0125804887
f 4540 4542 4541
v -0.0246309181 -0.0302210479 0.0125804887
v -0.0237010565 -0.0329387985 0.0143261102
v -0.0241046655 -0.0319394894 0.0125288687
f 4543 4545 4544
v -0.0240881418 -0.0313526922 0.0124676837
v -0.0239378278 -0.0316312799 0.0123070291
v -0.0242049224 -0.0304827787 0.0122361642
f 4546 4548 4547
v -0.024183176 -0.0312550954 0.0116681062
v -0.0242779031 -0.0314229197 0.0113955073
v -0.0239378278 -0.0316312799 0.0123070291
f 4549 4551 4550
v -0.0229452533 -0.032510428 0.00949744863
v -0.0241100352 -0.0312467309 0.0105784478
v -0.0208407349 -0.0323195505 0.0102774342
f 4552 4554 4553
v -0.0239166358 -0.032104025 0.00735939975
v -0.0241999107 -0.031496663 0.0100086254
v -0.0239187648 -0.0320218242 0.0084609339
f 4555 4557 4556
v -0.0241999107 -0.031496663 0.0100086254
v -0.0229452533 -0.032510428 0.00949744863
v -0.0239187648 -0.0320218242 0.0084609339
f 4558 4560 4559
v -0.0229452533 -0.032510428 0.00949744863
v -0.0208407349 -0.0323195505 0.0102774342
v -0.0217725144 -0.0339650229 0.00758696478
f 4561 4563 4562
v -0.0246309181 -0.0302210479 0.0125804887
v -0.0246087002 -0.0302413391 0.0121956233
v -0.0246407639 -0.0300440588 0.0121191239
f 4564 4566 4565
v -0.0242049224 -0.0304827787 0.0122361642
v -0.0246407639 -0.0300440588 0.0121191239
v -0.0246087002 -0.0302413391 0.0121956233
f 4567 4569 4568
v -0.0246411539 -0.0301780383 0.011277826
v -0.0238374632 -0.0304142741 0.0112916445
v -0.0243957227 -0.0306705973 0.0117001437
f 4570 4572 4571
v -0.0246411539 -0.0301780383 0.011277826
v -0.0246922311 -0.0300182117 0.0113557981
v -0.0238374632 -0.0304142741 0.0112916445
f 4573 4575 4574
v -0.0246309181 -0.0302210479 0.0125804887
v -0.0246407639 -0.0300440588 0.0121191239
v -0.0250816578 -0.0298897678 0.0117949283
f 4576 4578 4577
v -0.0246922311 -0.0300182117 0.0113557981
v -0.0249046599 -0.0295772537 0.0114769638
v -0.0246734533 -0.0299862208 0.0116942159
f 4579 4581 4580
v -0.0243879098 -0.0310138421 0.0113203678
v -0.0248503406 -0.0305163732 0.0108501314
v -0.0242779031 -0.0314229197 0.0113955073
f 4582 4584 4583
v -0.0248345081 -0.0308600225 0.0123485108
v -0.0249956065 -0.0302777655 0.0121313511
v -0.0246309181 -0.0302210479 0.0125804887
f 4585 4587 4586
v -0.0248345081 -0.0308600225 0.0123485108
v -0.0243599963 -0.0312208926 0.0121425903
v -0.0243427799 -0.0312321092 0.0118017735
f 4588 4590 4589
v -0.0243427799 -0.0312321092 0.0118017735
v -0.0243599963 -0.0312208926 0.0121425903
v -0.0243957227 -0.0306705973 0.0117001437
f 4591 4593 4592
v -0.0248503406 -0.0305163732 0.0108501314
v -0.0250816578 -0.0298897678 0.0117949283
v -0.0249956065 -0.0302777655 0.0121313511
f 4594 4596 4595
v -0.0246309181 -0.0302210479 0.0125804887
v -0.0243104369 -0.030948894 0.0124516067
v -0.0243231552 -0.0307289331 0.0124434111
f 4597 4599 4598
v -0.0248503406 -0.0305163732 0.0108501314
v -0.0243779417 -0.0307557493 0.0106330423
v -0.0243582821 -0.0306734291 0.0108884204
f 4600 4602 4601
v -0.0242993774 -0.0309771392 0.00935753778
v -0.0249046599 -0.0295772537 0.0114769638
v -0.0244716881 -0.0304785935 0.0108132255
f 4603 4605 4604
v -0.0244331895 -0.0309774216 0.0105897554
v -0.0244134586 -0.0310009142 0.0109724497
v -0.0241999107 -0.031496663 0.0100086254
f 4606 4608 4607
v -0.0242993774 -0.0309771392 0.00935753778
v -0.0244716881 -0.0304785935 0.0108132255
v -0.0241999107 -0.031496663 0.0100086254
f 4609 4611 4610
v -0.0243779417 -0.0307557493 0.0106330423
v -0.0244331895 -0.0309774216 0.0105897554
v -0.0241999107 -0.031496663 0.0100086254
f 4612 4614 4613
v -0.0242049224 -0.0304827787 0.0122361642
v -0.0243231552 -0.0307289331 0.0124434111
v -0.0243104369 -0.030948894 0.0124516067
f 4615 4617 4616
v -0.0239378278 -0.0316312799 0.0123070291
v -0.0242779031 -0.0314229197 0.0113955073
v -0.0241046655 -0.0319394894 0.0125288687
f 4618 4620 4619
v -0.0241046655 -0.0319394894 0.0125288687
v -0.0243439572 -0.0312165968 0.0124646715
v -0.0240881418 -0.0313526922 0.0124676837
f 4621 4623 4622
v -0.0243879098 -0.0310138421 0.0113203678
v -0.0241100352 -0.0312467309 0.0105784478
v -0.024183176 -0.0312550954 0.0116681062
f 4624 4626 4625
v -0.0243427799 -0.0312321092 0.0118017735
v -0.0243957227 -0.0306705973 0.0117001437
v -0.024183176 -0.0312550954 0.0116681062
f 4627 4629 4628
v -0.0240881418 -0.0313526922 0.0124676837
v -0.0243439572 -0.0312165968 0.0124646715
v -0.0246309181 -0.0302210479 0.0125804887
f 4630 4632 4631
v -0.0244331895 -0.0309774216 0.0105897554
v -0.0243779417 -0.0307557493 0.0106330423
v -0.0241100352 -0.0312467309 0.0105784478
f 4633 4635 4634
v -0.0241999107 -0.031496663 0.0100086254
v -0.0242779031 -0.0314229197 0.0113955073
v -0.0241100352 -0.0312467309 0.0105784478
f 4636 4638 4637
v -0.0216833461 -0.0305756141 0.0116505806
v -0.0190894498 -0.0310419331 0.011508177
v -0.0186825826 -0.0306728296 0.0109935041
f 4639 4641 4640
v -0.0248503406 -0.0305163732 0.0108501314
v -0.0244716881 -0.0304785935 0.0108132255
v -0.0246411539 -0.0301780383 0.011277826
f 4642 4644 4643
v -0.0249046599 -0.0295772537 0.0114769638
v -0.0246922311 -0.0300182117 0.0113557981
v -0.0244716881 -0.0304785935 0.0108132255
f 4645 4647 4646
v -0.0243879098 -0.0310138421 0.0113203678
v -0.0244134586 -0.0310009142 0.0109724497
v -0.0248503406 -0.0305163732 0.0108501314
f 4648 4650 4649
v -0.0241100352 -0.0312467309 0.0105784478
v -0.0243879098 -0.0310138421 0.0113203678
v -0.0244134586 -0.0310009142 0.0109724497
f 4651 4653 4652
v -0.0239166358 -0.032104025 0.00735939975
v -0.0240178866 -0.0334511016 0.00355314332
v -0.0265864655 -0.0254052255 0.0127565945
f 4654 4656 4655
v -0.027434848 -0.0239580913 0.000842743975
v -0.0265864655 -0.0254052255 0.0127565945
v -0.0240178866 -0.0334511016 0.00355314332
f 4657 4659 4658
v -0.0146901119 -0.036362317 0.0130499277
v -0.016141095 -0.0340425177 0.0116272473
v -0.0194654727 -0.0342690793 0.0124708662
f 4660 4662 4661
v -0.0217725144 -0.0339650229 0.00758696478
v -0.0188745122 -0.0338846439 0.00837758271
v -0.0195879678 -0.0353796466 0.00543331844
f 4663 4665 4664
v -0.0188745122 -0.0338846439 0.00837758271
v -0.0164784695 -0.0350400427 0.00624454769
v -0.0195879678 -0.0353796466 0.00543331844
f 4666 4668 4667
v -0.022903143 -0.0353545591 0.00378637124
v -0.0215212815 -0.0355121854 0.00481544848
v -0.019467267 -0.0366060005 0.00264270002
f 4669 4671 4670
v -0.0240036999 -0.0331481075 0.0133495123
v -0.0231441329 -0.0346521876 0.014456005
v -0.0235546468 -0.032643805 0.0124136248
f 4672 4674 4673
v -0.0239166358 -0.032104025 0.00735939975
v -0.0239187648 -0.0320218242 0.0084609339
v -0.0229452533 -0.032510428 0.00949744863
f 4675 4677 4676
v -0.0239166358 -0.032104025 0.00735939975
v -0.0236360676 -0.0338506041 0.00638174388
v -0.0240240843 -0.0326235953 0.00623378583
f 4678 4680 4679
v -0.0236360676 -0.0338506041 0.00638174388
v -0.0217725144 -0.0339650229 0.00758696478
v -0.0215212815 -0.0355121854 0.00481544848
f 4681 4683 4682
v -0.0236360676 -0.0338506041 0.00638174388
v -0.0215212815 -0.0355121854 0.00481544848
v -0.023059317 -0.0345235545 0.00493825864
f 4684 4686 4685
v -0.0217725144 -0.0339650229 0.00758696478
v -0.0236360676 -0.0338506041 0.00638174388
v -0.0239166358 -0.032104025 0.00735939975
f 4687 4689 4688
v -0.023059317 -0.0345235545 0.00493825864
v -0.022903143 -0.0353545591 0.00378637124
v -0.0240178866 -0.0334511016 0.00355314332
f 4690 4692 4691
v -0.0240178866 -0.0334511016 0.00355314332
v -0.0240240843 -0.0326235953 0.00623378583
v -0.023059317 -0.0345235545 0.00493825864
f 4693 4695 4694
v -0.0194654727 -0.0342690793 0.0124708662
v -0.016141095 -0.0340425177 0.0116272473
v -0.0235546468 -0.032643805 0.0124136248
f 4696 4698 4697
v -0.0208407349 -0.0323195505 0.0102774342
v -0.0188745122 -0.0338846439 0.00837758271
v -0.0217725144 -0.0339650229 0.00758696478
f 4699 4701 4700
v -0.0242049224 -0.0304827787 0.0122361642
v -0.0239378278 -0.0316312799 0.0123070291
v -0.0235546468 -0.032643805 0.0124136248
f 4702 4704 4703
v -0.0239166358 -0.032104025 0.00735939975
v -0.0240240843 -0.0326235953 0.00623378583
v -0.0240178866 -0.0334511016 0.00355314332
f 4705 4707 4706
v -0.0229452533 -0.032510428 0.00949744863
v -0.0217725144 -0.0339650229 0.00758696478
v -0.0239166358 -0.032104025 0.00735939975
f 4708 4710 4709
v -0.0145462356 -0.0324008171 0.0183825454
v -0.0127555017 -0.031500074 0.0196766807
v -0.0113165443 -0.0321556174 0.0190048493
f 4711 4713 4712
v -0.0148631691 -0.0357821671 0.0169063584
v -0.0146244449 -0.0368352892 0.0147429251
v -0.0171405627 -0.0360245293 0.0160654527
f 4714 4716 4715
v -0.0121617617 -0.0376270298 0.0152141161
v -0.00986806117 -0.038282547 0.0141723765
v -0.0146901119 -0.036362317 0.0130499277
f 4717 4719 4718
v -0.024011299 -0.0315690035 0.0177750451
v -0.0237010565 -0.0329387985 0.0143261102
v -0.0246309181 -0.0302210479 0.0125804887
f 4720 4722 4721
v 0.000376060052 -0.0383012375 0.016031311
v 0.000719465606 -0.0384243322 0.0125531762
v 0.000752846245 -0.0377315708 0.0154748093
f 4723 4725 4724
v 0.000960160105 -0.0381024875 0.0140841352
v 0.00108549284 -0.0385509746 0.0127624095
v 0.000829160126 -0.0381658814 0.0156560825
f 4726 4728 4727
v 0.00141818891 -0.0392746559 0.00826937539
v 0.00141679702 -0.0392692018 0.00844991373
v 0.00189531493 -0.038999322 0.00791694911
f 4729 4731 4730
v 0.00189531493 -0.038999322 0.00791694911
v 0.00133430804 -0.0401090714 0.0079745063
v 0.00141818891 -0.0392746559 0.00826937539
f 4732 4734 4733
v 0.00115032162 -0.0390349509 0.00831234938
v 0.00189531493 -0.038999322 0.00791694911
v 0.00141679702 -0.0392692018 0.00844991373
f 4735 4737 4736
v -0.0202958487 -0.0243502713 0.0328206283
v -0.022246642 -0.0247856224 0.031398487
v -0.0220730843 -0.0228457502 0.032888315
f 4738 4740 4739
v -0.000483093754 -0.0376621843 0.0154079637
v -5.73854777e-05 -0.0364687527 0.0142513221
v -0.00319460523 -0.0359585945 0.0136581992
f 4741 4743 4742
v 0.00160267009 -0.0367167813 0.0114153452
v 0.00196830224 -0.0360681326 0.0104112987
v 0.00162361102 -0.0363993517 0.0117912292
f 4744 4746 4745
v 0.00128093161 -0.0382692117 0.00921686951
v -0.000136489689 -0.0381170161 0.00877108032
v 0.000511535472 -0.0370087917 0.00946759756
f 4747 4749 4748
v -0.00402771984 -0.0394409843 0.0181784621
v -0.00126365048 -0.0390719273 0.0203316158
v -0.00072192197 -0.0401041849 0.0186526187
f 4750 4752 4751
v -0.00129815962 -0.0418517855 0.00298667983
v -0.000376577373 -0.0426389364 0.00305363355
v -0.00104221399 -0.0421443605 0.000846741841
f 4753 4755 4754
v -0.00118059761 -0.0403342157 0.000841938981
v -0.0103541926 -0.0385435589 0.000850544802
v -0.00445514706 -0.0398071046 0.00275217062
f 4756 4758 4757
v -0.0240178866 -0.0334511016 0.00355314332
v -0.0235555417 -0.0342618529 0.000839210406
v -0.027434848 -0.0239580913 0.000842743975
f 4759 4761 4760
v -0.0235727886 -0.034802765 0.00193398737
v -0.022903143 -0.0353545591 0.00378637124
v -0.0221028997 -0.0360611448 0.00084803105
f 4762 4764 4763
v -0.0105807441 -0.00131135212 0.0421691686
v -0.0130553992 -0.00512805746 0.0420260767
v -0.0140930802 -0.0014852184 0.0414485985
f 4765 4767 4766
v -0.00925397835 -0.00625501125 0.0429630338
v -0.0130553992 -0.00512805746 0.0420260767
v -0.0105807441 -0.00131135212 0.0421691686
f 4768 4770 4769
v -0.0117806281 -0.00851002624 0.0423486432
v -0.0149574087 -0.00763018397 0.0416717667
v -0.0130553992 -0.00512805746 0.0420260767
f 4771 4773 4772
v -0.0140930802 -0.0014852184 0.0414485985
v -0.0149574087 -0.00763018397 0.0416717667
v -0.0171077641 -0.00436183 0.0410200155
f 4774 4776 4775
v -0.0214829866 0.00150376391 0.03904982
v -0.0181463431 0.00332976451 0.0390878384
v -0.0208744634 -0.00180786556 0.0398840435
f 4777 4779 4778
v -0.015464022 0.000432889919 0.0406627631
v -0.0171077641 -0.00436183 0.0410200155
v -0.0195009314 -0.00519624409 0.040575373
f 4780 4782 4781
v -0.0208744634 -0.00180786556 0.0398840435
v -0.0195009314 -0.00519624409 0.040575373
v -0.0209495251 -0.00394219787 0.0404338585
f 4783 4785 4784
v -0.0181463431 0.00332976451 0.0390878384
v -0.015464022 0.000432889919 0.0406627631
v -0.0208744634 -0.00180786556 0.0398840435
f 4786 4788 4787
v -0.0131723282 -0.00980661353 0.0420114404
v -0.0149574087 -0.00763018397 0.0416717667
v -0.0117806281 -0.00851002624 0.0423486432
f 4789 4791 4790
v -0.0150812673 -0.0130002547 0.0413545815
v -0.0149574087 -0.00763018397 0.0416717667
v -0.0131723282 -0.00980661353 0.0420114404
f 4792 4794 4793
v -0.0149574087 -0.00763018397 0.0416717667
v -0.0150812673 -0.0130002547 0.0413545815
v -0.0178462709 -0.00934882701 0.0409204193
f 4795 4797 4796
v -0.0150812673 -0.0130002547 0.0413545815
v -0.0170466257 -0.0138483985 0.0406507985
v -0.0178462709 -0.00934882701 0.0409204193
f 4798 4800 4799
v -0.0218319736 -0.00433286659 0.0398501579
v -0.0208744634 -0.00180786556 0.0398840435
v -0.0209495251 -0.00394219787 0.0404338585
f 4801 4803 4802
v -0.0214829866 0.00150376391 0.03904982
v -0.0214841042 0.00442558485 0.0377832068
v -0.0181463431 0.00332976451 0.0390878384
f 4804 4806 4805
v -0.0214829866 0.00150376391 0.03904982
v -0.0240247318 0.00386558058 0.0372757582
v -0.0214841042 0.00442558485 0.0377832068
f 4807 4809 4808
v -0.0231283761 -0.00763911157 0.0395812822
v -0.0263310038 -0.00764711513 0.0382116647
v -0.0251358288 -0.00380775127 0.0388345565
f 4810 4812 4811
v -0.0208744634 -0.00180786556 0.0398840435
v -0.0251358288 -0.00380775127 0.0388345565
v -0.0214829866 0.00150376391 0.03904982
f 4813 4815 4814
v -0.0214829866 0.00150376391 0.03904982
v -0.0251358288 -0.00380775127 0.0388345565
v -0.0276334118 -0.000833935064 0.0371852278
f 4816 4818 4817
v -0.023039442 0.00797230387 0.0355036085
v -0.0240247318 0.00386558058 0.0372757582
v -0.0252468628 0.00649779467 0.0351971888
f 4819 4821 4820
v -0.0252468628 0.00649779467 0.0351971888
v -0.0240247318 0.00386558058 0.0372757582
v -0.0274001912 0.00402697588 0.0350277725
f 4822 4824 4823
v -0.0277451414 0.0064799191 0.0324090681
v -0.0273671176 0.000862440629 0.036434934
v -0.0286541734 -0.00074935424 0.0280315697
f 4825 4827 4826
v -0.0240247318 0.00386558058 0.0372757582
v -0.0214829866 0.00150376391 0.03904982
v -0.025967526 0.00214310967 0.0370763009
f 4828 4830 4829
v -0.0252468628 0.00649779467 0.0351971888
v -0.0274001912 0.00402697588 0.0350277725
v -0.0269782933 0.00733531997 0.0350321643
f 4831 4833 4832
v -0.0269782933 0.00733531997 0.0350321643
v -0.0274001912 0.00402697588 0.0350277725
v -0.027949299 0.00608945666 0.0345204084
f 4834 4836 4835
v -0.027949299 0.00608945666 0.0345204084
v -0.0277451414 0.0064799191 0.0324090681
v -0.0274820835 0.00797129105 0.0337655365
f 4837 4839 4838
v -0.0286541734 -0.00074935424 0.0280315697
v -0.0287278235 0.00703159676 0.0229630808
v -0.0277451414 0.0064799191 0.0324090681
f 4840 4842 4841
v -0.0287278235 0.00703159676 0.0229630808
v -0.0275922066 0.00806986136 0.0327280461
v -0.0277451414 0.0064799191 0.0324090681
f 4843 4845 4844
v -0.0251358288 -0.00380775127 0.0388345565
v -0.0272290257 -0.00312238299 0.0374414696
v -0.0276334118 -0.000833935064 0.0371852278
f 4846 4848 4847
v -0.0291486911 -0.00880991647 0.0271958677
v -0.0272290257 -0.00312238299 0.0374414696
v -0.0271833502 -0.00573637044 0.0373649818
f 4849 4851 4850
v -0.0286541734 -0.00074935424 0.0280315697
v -0.0273671176 0.000862440629 0.036434934
v -0.0272290257 -0.00312238299 0.0374414696
f 4852 4854 4853
v -0.0170466257 -0.0138483985 0.0406507985
v -0.0224973555 -0.0135383743 0.0391337147
v -0.0195623958 -0.0119925135 0.0403411774
f 4855 4857 4856
v -0.0177316018 -0.0174965026 0.0397290918
v -0.019187032 -0.0198553942 0.0386537751
v -0.0224973555 -0.0135383743 0.0391337147
f 4858 4860 4859
v -0.0224973555 -0.0135383743 0.0391337147
v -0.0235623913 -0.0167541148 0.0380524929
v -0.0263310038 -0.00764711513 0.0382116647
f 4861 4863 4862
v -0.0231283761 -0.00763911157 0.0395812822
v -0.0224973555 -0.0135383743 0.0391337147
v -0.0263310038 -0.00764711513 0.0382116647
f 4864 4866 4865
v -0.0235623913 -0.0167541148 0.0380524929
v -0.0253591803 -0.015049077 0.0368850247
v -0.0260810571 -0.0119675999 0.0374966505
f 4867 4869 4868
v -0.0213743944 -0.0201606133 0.0367210916
v -0.0202190335 -0.0208775702 0.0352474424
v -0.0231953323 -0.0186983758 0.0367696426
f 4870 4872 4871
v -0.0231953323 -0.0186983758 0.0367696426
v -0.0202190335 -0.0208775702 0.0352474424
v -0.0231538899 -0.0197317553 0.0336872501
f 4873 4875 4874
v -0.024770145 -0.0177346039 0.0339167804
v -0.0243197544 -0.0167114194 0.03607127
v -0.0231538899 -0.0197317553 0.0336872501
f 4876 4878 4877
v -0.0243197544 -0.0167114194 0.03607127
v -0.0231953323 -0.0186983758 0.0367696426
v -0.0231538899 -0.0197317553 0.0336872501
f 4879 4881 4880
v -0.0202190335 -0.0208775702 0.0352474424
v -0.0207366524 -0.0225178752 0.0339499034
v -0.0231538899 -0.0197317553 0.0336872501
f 4882 4884 4883
v -0.0243197544 -0.0167114194 0.03607127
v -0.024770145 -0.0177346039 0.0339167804
v -0.0253591803 -0.015049077 0.0368850247
f 4885 4887 4886
v -0.0250769546 -0.0235353524 0.0276389124
v -0.024770145 -0.0177346039 0.0339167804
v -0.0245027448 -0.0203477757 0.0310462259
f 4888 4890 4889
v -0.0229865531 -0.0215260749 0.03241956
v -0.0220730843 -0.0228457502 0.032888315
v -0.022246642 -0.0247856224 0.031398487
f 4891 4893 4892
v -0.0229865531 -0.0215260749 0.03241956
v -0.022246642 -0.0247856224 0.031398487
v -0.0243864488 -0.0246383221 0.0294824829
f 4894 4896 4895
v -0.0245027448 -0.0203477757 0.0310462259
v -0.0243864488 -0.0246383221 0.0294824829
v -0.0250769546 -0.0235353524 0.0276389124
f 4897 4899 4898
v -0.0235623913 -0.0167541148 0.0380524929
v -0.0243197544 -0.0167114194 0.03607127
v -0.0253591803 -0.015049077 0.0368850247
f 4900 4902 4901
v -0.024770145 -0.0177346039 0.0339167804
v -0.0229865531 -0.0215260749 0.03241956
v -0.0245027448 -0.0203477757 0.0310462259
f 4903 4905 4904
v -0.0304080313 -0.0147858795 0.0103205501
v -0.0310240604 -0.00663785249 0.0178181028
v -0.0311585347 -0.0126678206 0.0165497186
f 4906 4908 4907
v -0.0290717348 0.0049356222 0.0179773124
v -0.0287278235 0.00703159676 0.0229630808
v -0.0307350245 -0.00829018172 0.0204725729
f 4909 4911 4910
v -0.0290748198 0.00371135648 0.011349823
v -0.0290717348 0.0049356222 0.0179773124
v -0.0302597065 -0.00334255928 0.0134076836
f 4912 4914 4913
v -0.0286541734 -0.00074935424 0.0280315697
v -0.0291486911 -0.00880991647 0.0271958677
v -0.0307350245 -0.00829018172 0.0204725729
f 4915 4917 4916
v -0.0302597065 -0.00334255928 0.0134076836
v -0.0290717348 0.0049356222 0.0179773124
v -0.0310240604 -0.00663785249 0.0178181028
f 4918 4920 4919
v -0.0290717348 0.0049356222 0.0179773124
v -0.0307350245 -0.00829018172 0.0204725729
v -0.0310240604 -0.00663785249 0.0178181028
f 4921 4923 4922
v -0.0290748198 0.00371135648 0.011349823
v -0.0302597065 -0.00334255928 0.0134076836
v -0.0305560359 -0.00548642747 0.0060147504
f 4924 4926 4925
v -0.029294283 0.00471814528 0.00527388038
v -0.0290748198 0.00371135648 0.011349823
v -0.0305490219 -0.00329267023 0.000845047634
f 4927 4929 4928
v -0.0307350245 -0.00829018172 0.0204725729
v -0.0291486911 -0.00880991647 0.0271958677
v -0.0305173628 -0.0141913246 0.0195633824
f 4930 4932 4931
v -0.0305173628 -0.0141913246 0.0195633824
v -0.0291486911 -0.00880991647 0.0271958677
v -0.0277505111 -0.0166441867 0.027138897
f 4933 4935 4934
v -0.0310240604 -0.00663785249 0.0178181028
v -0.0307350245 -0.00829018172 0.0204725729
v -0.0311585347 -0.0126678206 0.0165497186
f 4936 4938 4937
v -0.0311585347 -0.0126678206 0.0165497186
v -0.0305173628 -0.0141913246 0.0195633824
v -0.0304276589 -0.0171436113 0.0159735937
f 4939 4941 4940
v -0.0277505111 -0.0166441867 0.027138897
v -0.0250769546 -0.0235353524 0.0276389124
v -0.0274595339 -0.0217931389 0.0222983057
f 4942 4944 4943
v -0.0274595339 -0.0217931389 0.0222983057
v -0.0250769546 -0.0235353524 0.0276389124
v -0.0259633816 -0.025398712 0.0207861071
f 4945 4947 4946
v -0.0259633816 -0.025398712 0.0207861071
v -0.0265864655 -0.0254052255 0.0127565945
v -0.0284208334 -0.022003999 0.0152653301
f 4948 4950 4949
v -0.0304276589 -0.0171436113 0.0159735937
v -0.0274595339 -0.0217931389 0.0222983057
v -0.0284208334 -0.022003999 0.0152653301
f 4951 4953 4952
v -0.0304080313 -0.0147858795 0.0103205501
v -0.0311585347 -0.0126678206 0.0165497186
v -0.0304276589 -0.0171436113 0.0159735937
f 4954 4956 4955
v -0.0284910435 -0.0214987042 0.0102390914
v -0.0304276589 -0.0171436113 0.0159735937
v -0.0284208334 -0.022003999 0.0152653301
f 4957 4959 4958
v -0.0284910435 -0.0214987042 0.0102390914
v -0.0284208334 -0.022003999 0.0152653301
v -0.0265864655 -0.0254052255 0.0127565945
f 4960 4962 4961
v -0.027434848 -0.0239580913 0.000842743975
v -0.0302883564 -0.0139540309 0.000844272836
v -0.0276251347 -0.02366267 0.00327345406
f 4963 4965 4964
v -0.0274809659 0.00812241706 0.033438846
v -0.0275122991 0.00814197047 0.0334386685
v -0.0277451414 0.0064799191 0.0324090681
f 4966 4968 4967
v -0.00738730159 0.00136182016 0.0423067046
v -0.00925397835 -0.00625501125 0.0429630338
v -0.0105807441 -0.00131135212 0.0421691686
f 4969 4971 4970
v 0.00262868416 0.0180961782 0.0342074403
v 0.00357278041 0.0176761459 0.0342827552
v 0.00399203418 0.0174571192 0.0348055182
f 4972 4974 4973
v 0.00351018098 0.0161228425 0.0350639661
v 0.00274094273 0.016001139 0.0341925857
v 0.00264476985 0.0166148806 0.0340154744
f 4975 4977 4976
v 0.00309955358 0.0168767889 0.0335407298
v 0.00295139471 0.0169718158 0.033549848
v 0.00264476985 0.0166148806 0.0340154744
f 4978 4980 4979
v 0.00329758914 0.017449072 0.03280651
v 0.00306217262 0.0165627382 0.0336141879
v 0.00309955358 0.0168767889 0.0335407298
f 4981 4983 4982
v 0.00652894378 0.0228215635 0.0201745686
v 0.00662948587 0.0235312109 0.016689903
v 0.00731978798 0.0234079416 0.0129211199
f 4984 4986 4985
v -0.0117806281 -0.00851002624 0.0423486432
v -0.0130553992 -0.00512805746 0.0420260767
v -0.00925397835 -0.00625501125 0.0429630338
f 4987 4989 4988
v -0.00118059761 -0.0403342157 0.000841938981
v -0.00111903864 -0.0413667323 0.00401138823
v -0.00104221399 -0.0421443605 0.000846741841
f 4990 4992 4991
v -0.0221028997 -0.0360611448 0.00084803105
v -0.019467267 -0.0366060005 0.00264270002
v -0.0174088098 -0.0372772833 0.000848472155
f 4993 4995 4994
v -0.00104221399 -0.0421443605 0.000846741841
v -0.000376577373 -0.0426389364 0.00305363355
v 0.000703216938 -0.0429059524 0.000842836744
f 4996 4998 4997
v -0.0138102376 0.0290465628 0.000846073362
v -0.0155285787 0.0288516021 0.00477025606
v -0.0188826176 0.028484108 0.000847685169
f 4999 5001 5000
v -0.0305490219 -0.00329267023 0.000845047634
v -0.0291890581 0.00546728515 0.000844929036
v -0.029294283 0.00471814528 0.00527388038
f 5002 5004 5003
v -0.0112665599 -0.0381964288 0.00271495992
v -0.00834273596 -0.0392158516 0.00199156275
v -0.0103541926 -0.0385435589 0.000850544802
f 5005 5007 5006
v 0.0095247713 -0.00589235788 0.000843057751
v 0.0100076737 -0.00105360568 0.0103212144
v 0.0100582358 0.010005237 0.000846021067
f 5008 5010 5009
v 0.0100214806 0.0100775964 0.00609033232
v 0.00777326641 0.0247621152 0.000843381167
v 0.0100582358 0.010005237 0.000846021067
f 5011 5013 5012
v 0.00100601246 -0.0428273721 0.00184981309
v 0.00365064043 -0.0367888191 0.000847019874
v 0.000703216938 -0.0429059524 0.000842836744
f 5014 5016 5015
v 0.00518309535 0.018446795 -0.0307954237
v 0.00498973823 0.0181530791 -0.0304948277
v 0.00593010045 0.0183585027 -0.029237289
f 5017 5019 5018
v 0.00444610778 0.0177828144 -0.0300559477
v 0.00535283471 0.0169238148 -0.0308914285
v 0.00498973823 0.0181530791 -0.0304948277
f 5020 5022 5021
v 0.00653438765 0.0206680692 -0.0245118339
v 0.00665303669 0.0205445787 -0.0246092095
v 0.00661150698 0.0211216087 -0.022995146
f 5023 5025 5024
v 0.00653438765 0.0206680692 -0.0245118339
v 0.00656871416 0.0207385907 -0.0245092408
v 0.00665303669 0.0205445787 -0.0246092095
f 5026 5028 5027
v 0.00606535905 0.0211430553 -0.0240977286
v 0.00653438765 0.0206680692 -0.0245118339
v 0.00656871416 0.0207385907 -0.0245092408
f 5029 5031 5030
v 0.00644760439 0.020433632 -0.0249461329
v 0.00661150698 0.0211216087 -0.022995146
v 0.00665303669 0.0205445787 -0.0246092095
f 5032 5034 5033
v 0.00644760439 0.020433632 -0.0249461329
v 0.00665303669 0.0205445787 -0.0246092095
v 0.00656871416 0.0207385907 -0.0245092408
f 5035 5037 5036
v 0.00631231378 0.0201269126 -0.0266240851
v 0.00593644363 0.0194764129 -0.0281236571
v 0.00593010045 0.0183585027 -0.029237289
f 5038 5040 5039
v 0.00644760439 0.020433632 -0.0249461329
v 0.00593010045 0.0183585027 -0.029237289
v 0.00661150698 0.0211216087 -0.022995146
f 5041 5043 5042
v 0.00593010045 0.0183585027 -0.029237289
v 0.0052057454 0.0155963455 -0.0302086235
v 0.00664562249 0.0171102598 -0.022220792
f 5044 5046 5045
v 0.00593644363 0.0194764129 -0.0281236571
v 0.00518309535 0.018446795 -0.0307954237
v 0.00593010045 0.0183585027 -0.029237289
f 5047 5049 5048
v 0.00653618772 0.0221068956 -0.020776497
v 0.00664562249 0.0171102598 -0.022220792
v 0.00648214773 0.0228182631 -0.0184823162
f 5050 5052 5051
v 0.00648214773 0.0228182631 -0.0184823162
v 0.00664562249 0.0171102598 -0.022220792
v 0.00735934736 0.023402214 -0.0110571942
f 5053 5055 5054
v 0.00735934736 0.023402214 -0.0110571942
v 0.00831008074 0.012305782 -0.0137716721
v 0.00986500236 0.0109872875 -0.00415506802
f 5056 5058 5057
v 0.00305883732 0.0138899471 -0.0358538207
v 0.00305572612 0.0138916352 -0.0359107129
v 0.00368233013 0.0152129258 -0.0351284572
f 5059 5061 5060
v 0.0037114849 0.0140002623 -0.035756547
v 0.00368233013 0.0152129258 -0.0351284572
v 0.00305572612 0.0138916352 -0.0359107129
f 5062 5064 5063
v 0.00253719118 0.0137550771 -0.0358743913
v 0.00253453036 0.0137565177 -0.035923667
v 0.00278963125 0.0138350399 -0.0359037425
f 5065 5067 5066
v 0.0023550514 0.0133694892 -0.036074908
v 0.00114721552 0.0145690065 -0.0352116622
v -0.00198698544 0.0122322395 -0.0364187435
f 5068 5070 5069
v 0.0023550514 0.0133694892 -0.036074908
v 0.00253719118 0.0137550771 -0.0358743913
v 0.00253453036 0.0137565177 -0.035923667
f 5071 5073 5072
v 0.00278963125 0.0138350399 -0.0359037425
v 0.00305883732 0.0138899471 -0.0358538207
v 0.00368233013 0.0152129258 -0.0351284572
f 5074 5076 5075
v 0.00431962399 0.00760434414 -0.0392074668
v 0.00409895729 0.00391649919 -0.0378955738
v 0.00406723557 0.00894970945 -0.0352454255
f 5077 5079 5078
v 0.00321640109 0.0096589858 -0.0384267361
v 0.00406723557 0.00894970945 -0.0352454255
v 0.00361830898 0.0110640809 -0.0376899028
f 5080 5082 5081
v 0.00431962399 0.00760434414 -0.0392074668
v 0.00406723557 0.00894970945 -0.0352454255
v 0.00372393552 0.008696234 -0.0387676031
f 5083 5085 5084
v 0.00361830898 0.0110640809 -0.0376899028
v 0.00311590265 0.0125209466 -0.0369175308
v 0.00132731584 0.00954327916 -0.0385275926
f 5086 5088 5087
v 0.00407218758 0.00659829457 -0.0397889147
v 0.00132731584 0.00954327916 -0.0385275926
v 0.00187730038 0.0052309897 -0.0404861115
f 5089 5091 5090
v 0.00132731584 0.00954327916 -0.0385275926
v -0.00117735981 0.00763536591 -0.0393704366
v 0.00187730038 0.0052309897 -0.0404861115
f 5092 5094 5093
v 0.00132731584 0.00954327916 -0.0385275926
v -0.00299713865 0.0088636305 -0.0383218256
v -0.00117735981 0.00763536591 -0.0393704366
f 5095 5097 5096
v 0.00311590265 0.0125209466 -0.0369175308
v -0.00198698544 0.0122322395 -0.0364187435
v 0.00132731584 0.00954327916 -0.0385275926
f 5098 5100 5099
v 0.00407218758 0.00659829457 -0.0397889147
v 0.00187730038 0.0052309897 -0.0404861115
v 0.00361204584 0.00482935247 -0.0405708997
f 5101 5103 5102
v 0.00408931228 0.0174854722 -0.0330676179
v 0.00345569133 0.0169432824 -0.033605122
v 0.00427291816 0.0169807943 -0.0329988368
f 5104 5106 5105
v 0.00346367888 0.0158314113 -0.0341047155
v 0.00281776302 0.0162473167 -0.0340978731
v 0.00368233013 0.0152129258 -0.0351284572
f 5107 5109 5108
v 0.00349033508 0.0152189095 -0.033943879
v 0.00346367888 0.0158314113 -0.0341047155
v 0.0037354941 0.0157498769 -0.034122041
f 5110 5112 5111
v 0.00363538129 0.0162595636 -0.0337575708
v 0.00415084651 0.0159978212 -0.0339407648
v 0.00320277613 0.0156696609 -0.0334844488
f 5113 5115 5114
v 0.00415553513 0.015553688 -0.0328237016
v 0.00349089532 0.0151558794 -0.0337869715
v 0.00352698407 0.015220452 -0.0337847567
f 5116 5118 5117
v 0.00320277613 0.0156696609 -0.0334844488
v 0.00349033508 0.0152189095 -0.033943879
v 0.00352698407 0.015220452 -0.0337847567
f 5119 5121 5120
v 0.00251098463 0.0158259601 -0.0326919253
v 0.0025241432 0.0156912996 -0.0330007606
v 0.00261903042 0.0157913848 -0.0330240699
f 5122 5124 5123
v 0.00263379043 0.0156478156 -0.0332097959
v 0.0025241432 0.0156912996 -0.0330007606
v 0.00276152277 0.015543749 -0.0331684045
f 5125 5127 5126
v 0.00294963102 0.0156490059 -0.0332554569
v 0.00289682648 0.0157003538 -0.0330603594
v 0.00320277613 0.0156696609 -0.0334844488
f 5128 5130 5129
v 0.00415084651 0.0159978212 -0.0339407648
v 0.00363538129 0.0162595636 -0.0337575708
v 0.00371632486 0.0164207871 -0.0337512727
f 5131 5133 5132
v 0.00424175232 0.0149000276 -0.0342557032
v 0.0037354941 0.0157498769 -0.034122041
v 0.00368233013 0.0152129258 -0.0351284572
f 5134 5136 5135
v 0.00349033508 0.0152189095 -0.033943879
v 0.0037354941 0.0157498769 -0.034122041
v 0.00424175232 0.0149000276 -0.0342557032
f 5137 5139 5138
v 0.00415553513 0.015553688 -0.0328237016
v 0.00352698407 0.015220452 -0.0337847567
v 0.00436457485 0.0150618042 -0.0333008647
f 5140 5142 5141
v 0.00352698407 0.015220452 -0.0337847567
v 0.00349089532 0.0151558794 -0.0337869715
v 0.00436457485 0.0150618042 -0.0333008647
f 5143 5145 5144
v 0.00424175232 0.0149000276 -0.0342557032
v 0.00436457485 0.0150618042 -0.0333008647
v 0.00349033508 0.0152189095 -0.033943879
f 5146 5148 5147
v 0.00320277613 0.0156696609 -0.0334844488
v 0.0037354941 0.0157498769 -0.034122041
v 0.00346367888 0.0158314113 -0.0341047155
f 5149 5151 5150
v 0.00349033508 0.0152189095 -0.033943879
v 0.00349089532 0.0151558794 -0.0337869715
v 0.00352698407 0.015220452 -0.0337847567
f 5152 5154 5153
v 0.00436457485 0.0150618042 -0.0333008647
v 0.00349089532 0.0151558794 -0.0337869715
v 0.00349033508 0.0152189095 -0.033943879
f 5155 5157 5156
v 0.00496119173 0.0167337435 -0.03118022
v 0.00495344866 0.0167378006 -0.0313161465
v 0.00518816814 0.0168173792 -0.0312684657
f 5158 5160 5159
v 0.00518816814 0.0168173792 -0.0312684657
v 0.00495344866 0.0167378006 -0.0313161465
v 0.00535283471 0.0169238148 -0.0308914285
f 5161 5163 5162
v 0.00307291193 0.0171193693 -0.0314067409
v 0.00302546978 0.0164934332 -0.0320909312
v 0.00444610778 0.0177828144 -0.0300559477
f 5164 5166 5165
v 0.00444610778 0.0177828144 -0.0300559477
v 0.00302546978 0.0164934332 -0.0320909312
v 0.00415553513 0.015553688 -0.0328237016
f 5167 5169 5168
v 0.00465196208 0.0166180995 -0.0315051322
v 0.00444610778 0.0177828144 -0.0300559477
v 0.00415553513 0.015553688 -0.0328237016
f 5170 5172 5171
v 0.00302546978 0.0164934332 -0.0320909312
v 0.00307291193 0.0171193693 -0.0314067409
v 0.00309968455 0.0168765153 -0.0318482402
f 5173 5175 5174
v 0.00269293378 0.0163971956 -0.0320920342
v 0.00415553513 0.015553688 -0.0328237016
v 0.00302546978 0.0164934332 -0.0320909312
f 5176 5178 5177
v 0.00379792764 0.0127128107 -0.0355357712
v 0.00361830898 0.0110640809 -0.0376899028
v 0.00406723557 0.00894970945 -0.0352454255
f 5179 5181 5180
v 0.00424175232 0.0149000276 -0.0342557032
v 0.00379792764 0.0127128107 -0.0355357712
v 0.00436457485 0.0150618042 -0.0333008647
f 5182 5184 5183
v 0.00368233013 0.0152129258 -0.0351284572
v 0.00281776302 0.0162473167 -0.0340978731
v 0.00114721552 0.0145690065 -0.0352116622
f 5185 5187 5186
v 0.00427291816 0.0169807943 -0.0329988368
v 0.0034644996 0.0178746894 -0.03187533
v 0.0035729201 0.0176758782 -0.0325902598
f 5188 5190 5189
v 0.00278797379 0.0162999422 -0.032801443
v 0.00288449301 0.0168454149 -0.0321183936
v 0.00427291816 0.0169807943 -0.0329988368
f 5191 5193 5192
v 0.00269293378 0.0163971956 -0.0320920342
v 0.00251098463 0.0158259601 -0.0326919253
v 0.00278797379 0.0162999422 -0.032801443
f 5194 5196 5195
v 0.00415553513 0.015553688 -0.0328237016
v 0.00269293378 0.0163971956 -0.0320920342
v 0.00278797379 0.0162999422 -0.032801443
f 5197 5199 5198
v 0.00302546978 0.0164934332 -0.0320909312
v 0.00288449301 0.0168454149 -0.0321183936
v 0.00278797379 0.0162999422 -0.032801443
f 5200 5202 5201
v 0.0052057454 0.0155963455 -0.0302086235
v 0.00729971362 0.00864260001 -0.0214175001
v 0.00664562249 0.0171102598 -0.022220792
f 5203 5205 5204
v 0.00199559945 -0.00811266582 -0.0421288772
v 0.00192922671 -0.00925588902 -0.043132226
v 0.00270522796 -0.00846357652 -0.0392568501
f 5206 5208 5207
v 0.00270522796 -0.00846357652 -0.0392568501
v 0.00379887497 -0.013848464 -0.0353590498
v 0.00695273484 -0.00498331829 -0.027527014
f 5209 5211 5210
v 0.00266428906 0.000761087995 -0.0420526427
v -0.00160007257 -0.00155944399 -0.0423507649
v 0.002723543 -0.000784860185 -0.0423675228
f 5212 5214 5213
v 0.00409895729 0.00391649919 -0.0378955738
v 0.00266428906 0.000761087995 -0.0420526427
v 0.00504933269 0.0019150666 -0.0332325959
f 5215 5217 5216
v 0.002723543 -0.000784860185 -0.0423675228
v 0.00390471832 -0.00385796266 -0.036715559
v 0.00266428906 0.000761087995 -0.0420526427
f 5218 5220 5219
v 0.00187730038 0.0052309897 -0.0404861115
v -0.00319175015 0.00463520955 -0.0402152189
v -0.00202926385 0.0017632683 -0.0415773888
f 5221 5223 5222
v 0.00187730038 0.0052309897 -0.0404861115
v -0.00202926385 0.0017632683 -0.0415773888
v 0.00328400929 0.0034498571 -0.0412597583
f 5224 5226 5225
v -0.00319175015 0.00463520955 -0.0402152189
v -0.00117735981 0.00763536591 -0.0393704366
v -0.00299713865 0.0088636305 -0.0383218256
f 5227 5229 5228
v 0.00297009829 -0.00223736752 -0.0428567291
v -0.000249372533 -0.00508854537 -0.0429714593
v 0.00230728401 -0.00484804441 -0.043012228
f 5230 5232 5231
v -0.00202926385 0.0017632683 -0.0415773888
v -0.00756068475 0.00133112144 -0.0405817438
v -0.00695526032 -0.00401840698 -0.0416265131
f 5233 5235 5234
v -0.00202926385 0.0017632683 -0.0415773888
v -0.00569524018 0.00334657634 -0.0403111073
v -0.00756068475 0.00133112144 -0.0405817438
f 5236 5238 5237
v 0.00230728401 -0.00484804441 -0.043012228
v 0.00199559945 -0.00811266582 -0.0421288772
v 0.00297009829 -0.00223736752 -0.0428567291
f 5239 5241 5240
v 0.00266428906 0.000761087995 -0.0420526427
v 0.00390471832 -0.00385796266 -0.036715559
v 0.00504933269 0.0019150666 -0.0332325959
f 5242 5244 5243
v 0.00390471832 -0.00385796266 -0.036715559
v 0.00695273484 -0.00498331829 -0.027527014
v 0.00504933269 0.0019150666 -0.0332325959
f 5245 5247 5246
v 0.00199559945 -0.00811266582 -0.0421288772
v 0.00147237879 -0.00743485798 -0.0432152534
v 0.00192922671 -0.00925588902 -0.043132226
f 5248 5250 5249
v 0.00729971362 0.00864260001 -0.0214175001
v 0.00831008074 0.012305782 -0.0137716721
v 0.00664562249 0.0171102598 -0.022220792
f 5251 5253 5252
v 0.00983589562 0.00562553432 -0.0098216653
v 0.0100340127 -0.000179671474 -0.00849987773
v 0.0100607038 0.0102006008 0.000847396586
f 5254 5256 5255
v 0.00695273484 -0.00498331829 -0.027527014
v 0.00632680458 -0.0137191964 -0.0269552082
v 0.00890874217 -0.00623480228 -0.0149035826
f 5257 5259 5258
v 0.00890874217 -0.00623480228 -0.0149035826
v 0.00775655935 -0.0134981849 -0.0148848194
v 0.0094445626 -0.00779333132 -0.0051743722
f 5260 5262 5261
v 0.00890874217 -0.00623480228 -0.0149035826
v 0.00983589562 0.00562553432 -0.0098216653
v 0.00729971362 0.00864260001 -0.0214175001
f 5263 5265 5264
v 0.00890874217 -0.00623480228 -0.0149035826
v 0.0094445626 -0.00779333132 -0.0051743722
v 0.0100340127 -0.000179671474 -0.00849987773
f 5266 5268 5267
v 0.00350277551 0.0188893449 -0.0307752343
v 0.00283931149 0.0181041614 -0.0325457804
v 0.0034644996 0.0178746894 -0.03187533
f 5269 5271 5270
v 0.0034644996 0.0178746894 -0.03187533
v 0.00426431943 0.019265934 -0.0297038438
v 0.00350277551 0.0188893449 -0.0307752343
f 5272 5274 5273
v 0.00108505701 0.0203298099 -0.028254182
v 0.00426431943 0.019265934 -0.0297038438
v 0.00232687453 0.021133291 -0.0253595965
f 5275 5277 5276
v -0.00111700574 0.0208358004 -0.0261972396
v 0.00232687453 0.021133291 -0.0253595965
v 0.000275379716 0.0222121816 -0.0227775032
f 5278 5280 5279
v 0.00669282308 0.0241810005 -0.0109303794
v 0.00449003273 0.0245706295 -0.0118111035
v 0.00665634871 0.0235097672 -0.0149175568
f 5281 5283 5282
v 0.00648214773 0.0228182631 -0.0184823162
v 0.00188467384 0.0236207721 -0.0182301766
v 0.00378737459 0.0223976633 -0.0214764033
f 5284 5286 5285
v 0.000275379716 0.0222121816 -0.0227775032
v 0.00378737459 0.0223976633 -0.0214764033
v 0.00188467384 0.0236207721 -0.0182301766
f 5287 5289 5288
v 0.00653618772 0.0221068956 -0.020776497
v 0.00648214773 0.0228182631 -0.0184823162
v 0.00378737459 0.0223976633 -0.0214764033
f 5290 5292 5291
v -0.000312337215 0.0258277461 -0.011656015
v 0.00648214773 0.0228182631 -0.0184823162
v 0.0018898565 0.0253807288 -0.0121169265
f 5293 5295 5294
v 0.00665634871 0.0235097672 -0.0149175568
v 0.00449003273 0.0245706295 -0.0118111035
v 0.0018898565 0.0253807288 -0.0121169265
f 5296 5298 5297
v -0.00852198791 0.0234606923 -0.0201981136
v -0.00446383783 0.0235199128 -0.0203933072
v -0.00910817907 0.0250009383 -0.0167557897
f 5299 5301 5300
v -0.00910817907 0.0250009383 -0.0167557897
v -0.00446383783 0.0235199128 -0.0203933072
v -0.00414760143 0.025104158 -0.0160363139
f 5302 5304 5303
v -0.00414760143 0.025104158 -0.0160363139
v -0.000312337215 0.0258277461 -0.011656015
v -0.00399977725 0.0259320397 -0.0126029336
f 5305 5307 5306
v -0.00365152118 0.026540074 -0.0102937396
v -0.00399977725 0.0259320397 -0.0126029336
v -0.000312337215 0.0258277461 -0.011656015
f 5308 5310 5309
v -0.00793422296 0.0262156274 -0.0124745886
v -0.00414760143 0.025104158 -0.0160363139
v -0.00399977725 0.0259320397 -0.0126029336
f 5311 5313 5312
v 0.00747283775 0.0243576083 -0.00748524544
v 0.0062686755 0.0251330202 -0.00625368339
v 0.00669282308 0.0241810005 -0.0109303794
f 5314 5316 5315
v 0.00735934736 0.023402214 -0.0110571942
v 0.00747283775 0.0243576083 -0.00748524544
v 0.00669282308 0.0241810005 -0.0109303794
f 5317 5319 5318
v 0.0062686755 0.0251330202 -0.00625368339
v 0.00306976435 0.0263570488 -0.00413532907
v 0.00529565441 0.025031023 -0.00869131327
f 5320 5322 5321
v 0.00306976435 0.0263570488 -0.00413532907
v 0.000579694461 0.026752564 -0.00555599399
v 0.00529565441 0.025031023 -0.00869131327
f 5323 5325 5324
v 0.00449003273 0.0245706295 -0.0118111035
v 0.00529565441 0.025031023 -0.00869131327
v 0.00300546963 0.0255547347 -0.00941726175
f 5326 5328 5327
v 0.00529565441 0.025031023 -0.00869131327
v 0.000579694461 0.026752564 -0.00555599399
v 0.00300546963 0.0255547347 -0.00941726175
f 5329 5331 5330
v 0.00472172105 0.0258814252 -0.00327615926
v 0.0066491586 0.0257423264 -0.00161330263
v 0.00609845592 0.0256281171 0.000846143757
f 5332 5334 5333
v 0.0066491586 0.0257423264 -0.00161330263
v 0.00472172105 0.0258814252 -0.00327615926
v 0.00665640837 0.0253588049 -0.00432601446
f 5335 5337 5336
v 0.00609845592 0.0256281171 0.000846143757
v 0.0066491586 0.0257423264 -0.00161330263
v 0.0078900106 0.0246582786 -0.00110834262
f 5338 5340 5339
v 0.0078900106 0.0246582786 -0.00110834262
v 0.00773641514 0.0248042692 0.000850056858
v 0.00609845592 0.0256281171 0.000846143757
f 5341 5343 5342
v 0.00306976435 0.0263570488 -0.00413532907
v 0.00242951355 0.0270563643 0.000849311255
v -0.000437029667 0.0271533354 -0.00224153246
f 5344 5346 5345
v 0.00306976435 0.0263570488 -0.00413532907
v 0.00609845592 0.0256281171 0.000846143757
v 0.00242951355 0.0270563643 0.000849311255
f 5347 5349 5348
v 0.000579694461 0.026752564 -0.00555599399
v -0.000437029667 0.0271533354 -0.00224153246
v -0.00205046454 0.0269775075 -0.00573002835
f 5350 5352 5351
v -0.000437029667 0.0271533354 -0.00224153246
v 0.00242951355 0.0270563643 0.000849311255
v -0.000812140206 0.0274952734 0.000845269278
f 5353 5355 5354
v -0.00205046454 0.0269775075 -0.00573002835
v -0.00369434019 0.0276036008 -0.00438062634
v -0.00573337275 0.0273627462 -0.00714083144
f 5356 5358 5357
v -0.00744000863 0.0285729329 0.000846996682
v -0.00554411345 0.0278662192 -0.00299244039
v -0.00369434019 0.0276036008 -0.00438062634
f 5359 5361 5360
v -0.00369434019 0.0276036008 -0.00438062634
v -0.00554411345 0.0278662192 -0.00299244039
v -0.00573337275 0.0273627462 -0.00714083144
f 5362 5364 5363
v 0.00449003273 0.0245706295 -0.0118111035
v 0.00300546963 0.0255547347 -0.00941726175
v 0.0018898565 0.0253807288 -0.0121169265
f 5365 5367 5366
v -0.00205046454 0.0269775075 -0.00573002835
v -0.000437029667 0.0271533354 -0.00224153246
v -0.00265299896 0.0277282699 -0.00177002585
f 5368 5370 5369
v 0.0018898565 0.0253807288 -0.0121169265
v 0.00300546963 0.0255547347 -0.00941726175
v -0.000312337215 0.0258277461 -0.011656015
f 5371 5373 5372
v -0.00414760143 0.025104158 -0.0160363139
v -0.00793422296 0.0262156274 -0.0124745886
v -0.00910817907 0.0250009383 -0.0167557897
f 5374 5376 5375
v -0.00793422296 0.0262156274 -0.0124745886
v -0.00399977725 0.0259320397 -0.0126029336
v -0.00831801663 0.0273374171 -0.00848117779
f 5377 5379 5378
v -0.00573337275 0.0273627462 -0.00714083144
v -0.00831801663 0.0273374171 -0.00848117779
v -0.00365152118 0.026540074 -0.0102937396
f 5380 5382 5381
v -0.00573337275 0.0273627462 -0.00714083144
v -0.00554411345 0.0278662192 -0.00299244039
v -0.00831801663 0.0273374171 -0.00848117779
f 5383 5385 5384
v -0.0101750775 0.0261179928 -0.0130822707
v -0.00831801663 0.0273374171 -0.00848117779
v -0.0136844828 0.0261597364 -0.0119627111
f 5386 5388 5387
v -0.0136844828 0.0261597364 -0.0119627111
v -0.00831801663 0.0273374171 -0.00848117779
v -0.013152379 0.0278455962 -0.00713533009
f 5389 5391 5390
v -0.013152379 0.0278455962 -0.00713533009
v -0.00831801663 0.0273374171 -0.00848117779
v -0.0112848902 0.0282359397 -0.00612590084
f 5392 5394 5393
v -0.0105172541 0.0285291637 -0.00370599737
v -0.013152379 0.0278455962 -0.00713533009
v -0.0112848902 0.0282359397 -0.00612590084
f 5395 5397 5396
v -0.00831801663 0.0273374171 -0.00848117779
v -0.0105172541 0.0285291637 -0.00370599737
v -0.0112848902 0.0282359397 -0.00612590084
f 5398 5400 5399
v -0.0101750775 0.0261179928 -0.0130822707
v -0.00793422296 0.0262156274 -0.0124745886
v -0.00831801663 0.0273374171 -0.00848117779
f 5401 5403 5402
v -0.0105172541 0.0285291637 -0.00370599737
v -0.00940120226 0.0287130242 -0.00228657645
v -0.00744000863 0.0285729329 0.000846996682
f 5404 5406 5405
v -0.0105172541 0.0285291637 -0.00370599737
v -0.00744000863 0.0285729329 0.000846996682
v -0.0120359051 0.0289980497 -0.00193991364
f 5407 5409 5408
v -0.0148492094 0.0289389369 -0.00287264429
v -0.0120359051 0.0289980497 -0.00193991364
v -0.01444472 0.0290120195 0.000845743307
f 5410 5412 5411
v -0.00399977725 0.0259320397 -0.0126029336
v -0.00365152118 0.026540074 -0.0102937396
v -0.00831801663 0.0273374171 -0.00848117779
f 5413 5415 5414
v 0.00669282308 0.0241810005 -0.0109303794
v 0.00529565441 0.025031023 -0.00869131327
v 0.00449003273 0.0245706295 -0.0118111035
f 5416 5418 5417
v -0.00198698544 0.0122322395 -0.0364187435
v 0.00114721552 0.0145690065 -0.0352116622
v -0.007987766 0.0114920163 -0.0357067533
f 5419 5421 5420
v -0.00198698544 0.0122322395 -0.0364187435
v -0.007987766 0.0114920163 -0.0357067533
v -0.00772603089 0.00988151223 -0.0366285269
f 5422 5424 5423
v 0.00307291193 0.0171193693 -0.0314067409
v 0.00426431943 0.019265934 -0.0297038438
v 0.0034644996 0.0178746894 -0.03187533
f 5425 5427 5426
v 0.00100631441 0.0182477801 -0.0319026207
v 0.00283931149 0.0181041614 -0.0325457804
v 0.00350277551 0.0188893449 -0.0307752343
f 5428 5430 5429
v 0.00269293378 0.0163971956 -0.0320920342
v 0.00295150094 0.0169715335 -0.0318573555
v 0.00288449301 0.0168454149 -0.0321183936
f 5431 5433 5432
v 0.00350277551 0.0188893449 -0.0307752343
v -0.00450059124 0.0197331668 -0.0282693945
v 0.00100631441 0.0182477801 -0.0319026207
f 5434 5436 5435
v 0.00114721552 0.0145690065 -0.0352116622
v 0.0011365446 0.0164417273 -0.033022181
v -0.000713508052 0.0168811079 -0.0328120048
f 5437 5439 5438
v -0.00260090019 0.0140971286 -0.0347315508
v -0.000713508052 0.0168811079 -0.0328120048
v -0.0067475281 0.0139877709 -0.0342097599
f 5440 5442 5441
v 0.00100631441 0.0182477801 -0.0319026207
v -0.000713508052 0.0168811079 -0.0328120048
v 0.00082947663 0.0162607452 -0.0327257323
f 5443 5445 5444
v 0.00269293378 0.0163971956 -0.0320920342
v 0.00288449301 0.0168454149 -0.0321183936
v 0.00234577092 0.0161418589 -0.0327903777
f 5446 5448 5447
v -0.00450059124 0.0197331668 -0.0282693945
v 0.00108505701 0.0203298099 -0.028254182
v -0.00111700574 0.0208358004 -0.0261972396
f 5449 5451 5450
v -0.00450059124 0.0197331668 -0.0282693945
v -0.00111700574 0.0208358004 -0.0261972396
v -0.00427925588 0.021383258 -0.0250819867
f 5452 5454 5453
v -0.00427925588 0.021383258 -0.0250819867
v -0.00852198791 0.0234606923 -0.0201981136
v -0.00945810752 0.0220516187 -0.0230728823
f 5455 5457 5456
v -0.00849152711 0.0181199881 -0.0299009815
v -0.00450059124 0.0197331668 -0.0282693945
v -0.00867054405 0.0198727517 -0.0271096331
f 5458 5460 5459
v -0.00450059124 0.0197331668 -0.0282693945
v -0.00427925588 0.021383258 -0.0250819867
v -0.00867054405 0.0198727517 -0.0271096331
f 5461 5463 5462
v -0.0067475281 0.0139877709 -0.0342097599
v -0.000713508052 0.0168811079 -0.0328120048
v -0.00628970884 0.0166368656 -0.031941256
f 5464 5466 5465
v -0.0109047076 0.0158418421 -0.0315394282
v -0.00849152711 0.0181199881 -0.0299009815
v -0.0134989314 0.0181543917 -0.0284229027
f 5467 5469 5468
v -0.0067475281 0.0139877709 -0.0342097599
v -0.0109047076 0.0158418421 -0.0315394282
v -0.0140595308 0.0144833277 -0.0318345381
f 5470 5472 5471
v -0.00849152711 0.0181199881 -0.0299009815
v -0.00867054405 0.0198727517 -0.0271096331
v -0.0134989314 0.0181543917 -0.0284229027
f 5473 5475 5474
v -0.00867054405 0.0198727517 -0.0271096331
v -0.0120837474 0.0211685008 -0.0239893227
v -0.0153835223 0.0201314819 -0.0249630568
f 5476 5478 5477
v -0.0109047076 0.0158418421 -0.0315394282
v -0.0134989314 0.0181543917 -0.0284229027
v -0.0140595308 0.0144833277 -0.0318345381
f 5479 5481 5480
v -0.0134989314 0.0181543917 -0.0284229027
v -0.0153835223 0.0201314819 -0.0249630568
v -0.0208863174 0.0187214828 -0.0250225828
f 5482 5484 5483
v -0.00867054405 0.0198727517 -0.0271096331
v -0.0153835223 0.0201314819 -0.0249630568
v -0.0134989314 0.0181543917 -0.0284229027
f 5485 5487 5486
v -0.00569524018 0.00334657634 -0.0403111073
v -0.00319175015 0.00463520955 -0.0402152189
v -0.00918339501 0.00394775088 -0.0391974376
f 5488 5490 5489
v -0.00439003124 0.00648823407 -0.0394306611
v -0.0087495413 0.0069634254 -0.037877218
v -0.00319175015 0.00463520955 -0.0402152189
f 5491 5493 5492
v -0.0125059727 0.00811618011 -0.0366816588
v -0.00772603089 0.00988151223 -0.0366285269
v -0.013380617 0.0106061641 -0.0351178809
f 5494 5496 5495
v -0.00918339501 0.00394775088 -0.0391974376
v -0.0101521255 0.000853537767 -0.0402929756
v -0.00756068475 0.00133112144 -0.0405817438
f 5497 5499 5498
v -0.0101521255 0.000853537767 -0.0402929756
v -0.00918339501 0.00394775088 -0.0391974376
v -0.0127962427 0.00273742153 -0.0390257832
f 5500 5502 5501
v -0.00918339501 0.00394775088 -0.0391974376
v -0.0087495413 0.0069634254 -0.037877218
v -0.0127962427 0.00273742153 -0.0390257832
f 5503 5505 5504
v -0.0127962427 0.00273742153 -0.0390257832
v -0.0087495413 0.0069634254 -0.037877218
v -0.0152053399 0.00396888754 -0.0379666686
f 5506 5508 5507
v -0.0152053399 0.00396888754 -0.0379666686
v -0.0125059727 0.00811618011 -0.0366816588
v -0.0163817895 0.00588887306 -0.0367404398
f 5509 5511 5510
v -0.0163817895 0.00588887306 -0.0367404398
v -0.0214487634 0.00435547809 -0.0361308688
v -0.0152053399 0.00396888754 -0.0379666686
f 5512 5514 5513
v -0.0087495413 0.0069634254 -0.037877218
v -0.00772603089 0.00988151223 -0.0366285269
v -0.0125059727 0.00811618011 -0.0366816588
f 5515 5517 5516
v -0.007987766 0.0114920163 -0.0357067533
v -0.013380617 0.0106061641 -0.0351178809
v -0.00772603089 0.00988151223 -0.0366285269
f 5518 5520 5519
v -0.0110384193 0.0127505147 -0.0341198553
v -0.0151620989 0.0118450123 -0.0336207304
v -0.013380617 0.0106061641 -0.0351178809
f 5521 5523 5522
v -0.0110384193 0.0127505147 -0.0341198553
v -0.0140595308 0.0144833277 -0.0318345381
v -0.0151620989 0.0118450123 -0.0336207304
f 5524 5526 5525
v -0.0140595308 0.0144833277 -0.0318345381
v -0.0163547811 0.015619125 -0.0303382607
v -0.0192195774 0.0128970176 -0.0316880847
f 5527 5529 5528
v -0.0163547811 0.015619125 -0.0303382607
v -0.021187379 0.0157582268 -0.0287529663
v -0.0192195774 0.0128970176 -0.0316880847
f 5530 5532 5531
v -0.0170938729 0.00955247888 -0.0345037668
v -0.0151620989 0.0118450123 -0.0336207304
v -0.0192195774 0.0128970176 -0.0316880847
f 5533 5535 5534
v -0.0192195774 0.0128970176 -0.0316880847
v -0.0225697309 0.0124974016 -0.0309761672
v -0.0213624182 0.00757761809 -0.0345724344
f 5536 5538 5537
v -0.0134989314 0.0181543917 -0.0284229027
v -0.0208863174 0.0187214828 -0.0250225828
v -0.021187379 0.0157582268 -0.0287529663
f 5539 5541 5540
v -0.0208863174 0.0187214828 -0.0250225828
v -0.0242350769 0.0149354528 -0.0279161846
v -0.021187379 0.0157582268 -0.0287529663
f 5542 5544 5543
v -0.02293 0.0187339479 -0.0234993771
v -0.0242350769 0.0149354528 -0.0279161846
v -0.0208863174 0.0187214828 -0.0250225828
f 5545 5547 5546
v -0.021187379 0.0157582268 -0.0287529663
v -0.0242350769 0.0149354528 -0.0279161846
v -0.0225697309 0.0124974016 -0.0309761672
f 5548 5550 5549
v -0.0264003698 0.0135597031 -0.0286506576
v -0.0242350769 0.0149354528 -0.0279161846
v -0.026480417 0.0165744583 -0.0254707498
f 5551 5553 5552
v -0.0213624182 0.00757761809 -0.0345724344
v -0.0228414676 0.00908632283 -0.0331803254
v -0.0237381668 0.00438767274 -0.035552925
f 5554 5556 5555
v -0.0237381668 0.00438767274 -0.035552925
v -0.025023031 0.0081215454 -0.0325560279
v -0.0254888175 0.0062329309 -0.0335979654
f 5557 5559 5558
v -0.0228414676 0.00908632283 -0.0331803254
v -0.0225697309 0.0124974016 -0.0309761672
v -0.0245622447 0.0111687717 -0.0308234768
f 5560 5562 5561
v -0.0228414676 0.00908632283 -0.0331803254
v -0.0245622447 0.0111687717 -0.0308234768
v -0.025023031 0.0081215454 -0.0325560279
f 5563 5565 5564
v -0.0269943266 0.00889858129 -0.0315647543
v -0.0245622447 0.0111687717 -0.0308234768
v -0.0264003698 0.0135597031 -0.0286506576
f 5566 5568 5567
v -0.025023031 0.0081215454 -0.0325560279
v -0.0272558478 0.00765402438 -0.0329348259
v -0.0254888175 0.0062329309 -0.0335979654
f 5569 5571 5570
v -0.027480867 0.00812213912 -0.031746403
v -0.0275121827 0.00814168816 -0.0317462283
v -0.0272558478 0.00765402438 -0.0329348259
f 5572 5574 5573
v -0.0269943266 0.00889858129 -0.0315647543
v -0.0275121827 0.00814168816 -0.0317462283
v -0.027480867 0.00812213912 -0.031746403
f 5575 5577 5576
v -0.025023031 0.0081215454 -0.0325560279
v -0.0245622447 0.0111687717 -0.0308234768
v -0.0269943266 0.00889858129 -0.0315647543
f 5578 5580 5579
v -0.025023031 0.0081215454 -0.0325560279
v -0.0269943266 0.00889858129 -0.0315647543
v -0.0272558478 0.00765402438 -0.0329348259
f 5581 5583 5582
v -0.027550105 0.00843831149 -0.031089285
v -0.0275121827 0.00814168816 -0.0317462283
v -0.0269943266 0.00889858129 -0.0315647543
f 5584 5586 5585
v -0.0269943266 0.00889858129 -0.0315647543
v -0.0264003698 0.0135597031 -0.0286506576
v -0.0273013196 0.010139573 -0.0304880465
f 5587 5589 5588
v -0.0264003698 0.0135597031 -0.0286506576
v -0.0273547805 0.0150402964 -0.0265270181
v -0.0276821374 0.0118974531 -0.0287975156
f 5590 5592 5591
v -0.0273547805 0.0150402964 -0.0265270181
v -0.0283291505 0.00895783814 -0.0231735554
v -0.0276821374 0.0118974531 -0.0287975156
f 5593 5595 5594
v -0.0273013196 0.010139573 -0.0304880465
v -0.0264003698 0.0135597031 -0.0286506576
v -0.0276821374 0.0118974531 -0.0287975156
f 5596 5598 5597
v -0.0273013196 0.010139573 -0.0304880465
v -0.0276821374 0.0118974531 -0.0287975156
v -0.0283291505 0.00895783814 -0.0231735554
f 5599 5601 5600
v -0.0163547811 0.015619125 -0.0303382607
v -0.0134989314 0.0181543917 -0.0284229027
v -0.021187379 0.0157582268 -0.0287529663
f 5602 5604 5603
v -0.00852198791 0.0234606923 -0.0201981136
v -0.00427925588 0.021383258 -0.0250819867
v -0.00446383783 0.0235199128 -0.0203933072
f 5605 5607 5606
v -0.0120837474 0.0211685008 -0.0239893227
v -0.00945810752 0.0220516187 -0.0230728823
v -0.0127154693 0.0230483638 -0.020373096
f 5608 5610 5609
v -0.0127154693 0.0230483638 -0.020373096
v -0.00910817907 0.0250009383 -0.0167557897
v -0.0148777108 0.0235333471 -0.0178876799
f 5611 5613 5612
v -0.00910817907 0.0250009383 -0.0167557897
v -0.0142994759 0.0253540988 -0.0138736214
v -0.0148777108 0.0235333471 -0.0178876799
f 5614 5616 5615
v -0.0142994759 0.0253540988 -0.0138736214
v -0.0101750775 0.0261179928 -0.0130822707
v -0.0136844828 0.0261597364 -0.0119627111
f 5617 5619 5618
v -0.0183178403 0.0214340063 -0.021297943
v -0.0148777108 0.0235333471 -0.0178876799
v -0.0185738027 0.0224806616 -0.0177749316
f 5620 5622 5621
v -0.0142994759 0.0253540988 -0.0138736214
v -0.0136844828 0.0261597364 -0.0119627111
v -0.0165729871 0.0249583594 -0.0136764516
f 5623 5625 5624
v -0.0197292145 0.0237809712 -0.0133465961
v -0.0165729871 0.0249583594 -0.0136764516
v -0.0195184271 0.0258592016 -0.00882626191
f 5626 5628 5627
v -0.0148777108 0.0235333471 -0.0178876799
v -0.0183178403 0.0214340063 -0.021297943
v -0.0153835223 0.0201314819 -0.0249630568
f 5629 5631 5630
v -0.0208863174 0.0187214828 -0.0250225828
v -0.0153835223 0.0201314819 -0.0249630568
v -0.0183178403 0.0214340063 -0.021297943
f 5632 5634 5633
v -0.0208749669 0.0215262888 -0.0179949551
v -0.0197292145 0.0237809712 -0.0133465961
v -0.0214916203 0.023010619 -0.0146810213
f 5635 5637 5636
v -0.0235925618 0.0213378706 -0.0179666444
v -0.0208749669 0.0215262888 -0.0179949551
v -0.0214916203 0.023010619 -0.0146810213
f 5638 5640 5639
v -0.0214916203 0.023010619 -0.0146810213
v -0.0197292145 0.0237809712 -0.0133465961
v -0.0241940768 0.0249370729 -0.0112138667
f 5641 5643 5642
v -0.0197292145 0.0237809712 -0.0133465961
v -0.0195184271 0.0258592016 -0.00882626191
v -0.0241940768 0.0249370729 -0.0112138667
f 5644 5646 5645
v -0.0156562601 0.026785431 -0.00904441258
v -0.013152379 0.0278455962 -0.00713533009
v -0.0159108968 0.02747486 -0.00751409752
f 5647 5649 5648
v -0.0136844828 0.0261597364 -0.0119627111
v -0.013152379 0.0278455962 -0.00713533009
v -0.0156562601 0.026785431 -0.00904441258
f 5650 5652 5651
v -0.0159108968 0.02747486 -0.00751409752
v -0.0180224946 0.0282945548 -0.00394413073
v -0.0195184271 0.0258592016 -0.00882626191
f 5653 5655 5654
v -0.0159108968 0.02747486 -0.00751409752
v -0.0148492094 0.0289389369 -0.00287264429
v -0.0180224946 0.0282945548 -0.00394413073
f 5656 5658 5657
v -0.0255748135 0.0195361863 -0.0217891997
v -0.02293 0.0187339479 -0.0234993771
v -0.0257448439 0.0201148199 -0.0206884622
f 5659 5661 5660
v -0.0278317399 0.0133903246 -0.0112614514
v -0.0283291505 0.00895783814 -0.0231735554
v -0.0273468293 0.0157727554 -0.0220304966
f 5662 5664 5663
v -0.0278317399 0.0133903246 -0.0112614514
v -0.028949618 0.00674524708 -0.014003666
v -0.0283291505 0.00895783814 -0.0231735554
f 5665 5667 5666
v -0.0273655867 0.0161400661 0.000846239163
v -0.028649834 0.0106860032 -0.00566372692
v -0.0278317399 0.0133903246 -0.0112614514
f 5668 5670 5669
v -0.0278317399 0.0133903246 -0.0112614514
v -0.028649834 0.0106860032 -0.00566372692
v -0.028949618 0.00674524708 -0.014003666
f 5671 5673 5672
v -0.026480417 0.0165744583 -0.0254707498
v -0.0273468293 0.0157727554 -0.0220304966
v -0.0273547805 0.0150402964 -0.0265270181
f 5674 5676 5675
v -0.0253416074 0.0206714161 -0.0197859918
v -0.0235925618 0.0213378706 -0.0179666444
v -0.0255121733 0.0212216997 -0.018826517
f 5677 5679 5678
v -0.0259765715 0.0212853469 -0.0181756332
v -0.0259170716 0.0214376967 -0.018001096
v -0.0258661632 0.0214059823 -0.018001048
f 5680 5682 5681
v -0.0258582819 0.0222958959 -0.0159993913
v -0.0259170716 0.0214376967 -0.018001096
v -0.0254995772 0.0219708847 -0.0174182904
f 5683 5685 5684
v -0.0254995772 0.0219708847 -0.0174182904
v -0.0259170716 0.0214376967 -0.018001096
v -0.0258661632 0.0214059823 -0.018001048
f 5686 5688 5687
v -0.0258661632 0.0214059823 -0.018001048
v -0.0259170716 0.0214376967 -0.018001096
v -0.0255121733 0.0212216997 -0.018826517
f 5689 5691 5690
v -0.0259765715 0.0212853469 -0.0181756332
v -0.025603408 0.0211061633 -0.0156107271
v -0.0255121733 0.0212216997 -0.018826517
f 5692 5694 5693
v -0.0247038261 0.0241088113 -0.0127913154
v -0.0241940768 0.0249370729 -0.0112138667
v -0.0247609074 0.0244849914 -0.0118319302
f 5695 5697 5696
v -0.0235925618 0.0213378706 -0.0179666444
v -0.0249759789 0.0236581938 -0.0141743789
v -0.0254995772 0.0219708847 -0.0174182904
f 5698 5700 5699
v -0.0249759789 0.0236581938 -0.0141743789
v -0.0258582819 0.0222958959 -0.0159993913
v -0.0254995772 0.0219708847 -0.0174182904
f 5701 5703 5702
v -0.0249759789 0.0236581938 -0.0141743789
v -0.0247038261 0.0241088113 -0.0127913154
v -0.025603408 0.0211061633 -0.0156107271
f 5704 5706 5705
v -0.025603408 0.0211061633 -0.0156107271
v -0.0247038261 0.0241088113 -0.0127913154
v -0.0255798455 0.0206240584 -0.0116974501
f 5707 5709 5708
v -0.0195184271 0.0258592016 -0.00882626191
v -0.0236731721 0.0277945277 -0.00568367905
v -0.0222137343 0.0255238148 -0.00923578846
f 5710 5712 5711
v -0.0238965338 0.0278306456 -0.00499738599
v -0.0241609421 0.027577224 -0.0055956727
v -0.0236731721 0.0277945277 -0.00568367905
f 5713 5715 5714
v -0.0236731721 0.0277945277 -0.00568367905
v -0.0241609421 0.027577224 -0.0055956727
v -0.0241059985 0.0275427563 -0.00559539476
f 5716 5718 5717
v -0.024201542 0.0270918099 -0.005259303
v -0.0241059985 0.0275427563 -0.00559539476
v -0.0238965338 0.0278306456 -0.00499738599
f 5719 5721 5720
v -0.024201542 0.0270918099 -0.005259303
v -0.0241609421 0.027577224 -0.0055956727
v -0.0241059985 0.0275427563 -0.00559539476
f 5722 5724 5723
v -0.0241059985 0.0275427563 -0.00559539476
v -0.0241609421 0.027577224 -0.0055956727
v -0.0243410046 0.0271589874 -0.00640119906
f 5725 5727 5726
v -0.0238965338 0.0278306456 -0.00499738599
v -0.0214642321 0.0280896114 -0.00473728724
v -0.0242215901 0.0282199471 -0.0036876474
f 5728 5730 5729
v -0.0243348899 0.0282382127 -0.0022028571
v -0.0242215901 0.0282199471 -0.0036876474
v -0.0237275759 0.0290334399 -0.000673913837
f 5731 5733 5732
v -0.0237743734 0.0290608616 0.000844549868
v -0.024201542 0.0270918099 -0.005259303
v -0.0243348899 0.0282382127 -0.0022028571
f 5734 5736 5735
v -0.0238965338 0.0278306456 -0.00499738599
v -0.0236731721 0.0277945277 -0.00568367905
v -0.0214642321 0.0280896114 -0.00473728724
f 5737 5739 5738
v -0.0244319497 0.0250986894 -0.00983700884
v -0.0241940768 0.0249370729 -0.0112138667
v -0.0246944604 0.0255581865 -0.00966098305
f 5740 5742 5741
v -0.024201542 0.0270918099 -0.005259303
v -0.024222942 0.0263722526 -0.00805692762
v -0.0243410046 0.0271589874 -0.00640119906
f 5743 5745 5744
v -0.024201542 0.0270918099 -0.005259303
v -0.0244319497 0.0250986894 -0.00983700884
v -0.024222942 0.0263722526 -0.00805692762
f 5746 5748 5747
v -0.0241940768 0.0249370729 -0.0112138667
v -0.0255798455 0.0206240584 -0.0116974501
v -0.0247609074 0.0244849914 -0.0118319302
f 5749 5751 5750
v -0.0237743734 0.0290608616 0.000844549868
v -0.0273655867 0.0161400661 0.000846239163
v -0.026385329 0.0192288702 -0.00632686861
f 5752 5754 5753
v -0.025542872 0.0203885385 -0.019915709
v -0.0256164931 0.0204341151 -0.019915757
v -0.0257448439 0.0201148199 -0.0206884622
f 5755 5757 5756
v -0.0257097883 0.0202083102 -0.0199977556
v -0.0256164931 0.0204341151 -0.019915757
v -0.025542872 0.0203885385 -0.019915709
f 5758 5760 5759
v -0.0255121733 0.0212216997 -0.018826517
v -0.025542872 0.0203885385 -0.019915709
v -0.0256164931 0.0204341151 -0.019915757
f 5761 5763 5762
v -0.0255121733 0.0212216997 -0.018826517
v -0.025603408 0.0211061633 -0.0156107271
v -0.0257097883 0.0202083102 -0.0199977556
f 5764 5766 5765
v -0.025603408 0.0211061633 -0.0156107271
v -0.0257448439 0.0201148199 -0.0206884622
v -0.0257097883 0.0202083102 -0.0199977556
f 5767 5769 5768
v -0.0255121733 0.0212216997 -0.018826517
v -0.0257097883 0.0202083102 -0.0199977556
v -0.025542872 0.0203885385 -0.019915709
f 5770 5772 5771
v -0.025603408 0.0211061633 -0.0156107271
v -0.0255798455 0.0206240584 -0.0116974501
v -0.0273468293 0.0157727554 -0.0220304966
f 5773 5775 5774
v -0.025542872 0.0203885385 -0.019915709
v -0.0257448439 0.0201148199 -0.0206884622
v -0.0253416074 0.0206714161 -0.0197859918
f 5776 5778 5777
v -0.0253416074 0.0206714161 -0.0197859918
v -0.0256164931 0.0204341151 -0.019915757
v -0.025542872 0.0203885385 -0.019915709
f 5779 5781 5780
v -0.0255121733 0.0212216997 -0.018826517
v -0.0256164931 0.0204341151 -0.019915757
v -0.0253416074 0.0206714161 -0.0197859918
f 5782 5784 5783
v -0.0235925618 0.0213378706 -0.0179666444
v -0.0214916203 0.023010619 -0.0146810213
v -0.0249759789 0.0236581938 -0.0141743789
f 5785 5787 5786
v 0.00147203245 -0.035335499 -0.0196396708
v 0.00115913426 -0.0351654249 -0.0225933327
v 0.00105240615 -0.0355019845 -0.02009772
f 5788 5790 5789
v 0.00147203245 -0.035335499 -0.0196396708
v 0.00105240615 -0.0355019845 -0.02009772
v 0.000819001434 -0.0369157264 -0.0198300026
f 5791 5793 5792
v 0.00144852529 -0.0368095061 -0.0125862178
v 0.00137093157 -0.0368199748 -0.0129413558
v 0.000847190677 -0.0365882035 -0.012671997
f 5794 5796 5795
v 0.00223666721 -0.0345821754 -0.0135864582
v 0.00147203245 -0.035335499 -0.0196396708
v 0.000530606485 -0.0385437597 -0.0149306943
f 5797 5799 5798
v 0.00147203245 -0.035335499 -0.0196396708
v -0.000190798164 -0.0389111781 -0.0190816107
v 0.000530606485 -0.0385437597 -0.0149306943
f 5800 5802 5801
v 0.00223666721 -0.0345821754 -0.0135864582
v 0.000530606485 -0.0385437597 -0.0149306943
v 0.000861472654 -0.0379081408 -0.0140351272
f 5803 5805 5804
v 0.00138713367 -0.0368974288 -0.0133107635
v 0.00168340121 -0.0365162443 -0.0124148166
v 0.00223666721 -0.0345821754 -0.0135864582
f 5806 5808 5807
v 0.00138713367 -0.0368974288 -0.0133107635
v 0.00137093157 -0.0368199748 -0.0129413558
v 0.00168340121 -0.0365162443 -0.0124148166
f 5809 5811 5810
v 0.00138713367 -0.0368974288 -0.0133107635
v 0.00144852529 -0.0368095061 -0.0125862178
v 0.00137093157 -0.0368199748 -0.0129413558
f 5812 5814 5813
v 0.00100834441 -0.0373644114 -0.0135447001
v 0.00123769278 -0.037141802 -0.013366963
v 0.000861472654 -0.0379081408 -0.0140351272
f 5815 5817 5816
v 0.00120288169 -0.0370278285 -0.0130654356
v 0.00101683399 -0.037783946 -0.0112422254
v 0.00128154134 -0.0372010982 -0.0129845474
f 5818 5820 5819
v 0.00100834441 -0.0373644114 -0.0135447001
v 0.00120288169 -0.0370278285 -0.0130654356
v 0.00115823204 -0.0370597612 -0.0133437337
f 5821 5823 5822
v 0.000903377804 -0.0379798148 -0.0124314567
v 0.000637514313 -0.037985816 -0.0137612602
v 0.000963509956 -0.0383947016 -0.011710215
f 5824 5826 5825
v 0.00123769278 -0.037141802 -0.013366963
v 0.00115823204 -0.0370597612 -0.0133437337
v 0.000861472654 -0.0379081408 -0.0140351272
f 5827 5829 5828
v 0.00115823204 -0.0370597612 -0.0133437337
v 0.00123769278 -0.037141802 -0.013366963
v 0.00100834441 -0.0373644114 -0.0135447001
f 5830 5832 5831
v 0.00138713367 -0.0368974288 -0.0133107635
v 0.000861472654 -0.0379081408 -0.0140351272
v 0.00115823204 -0.0370597612 -0.0133437337
f 5833 5835 5834
v 0.000847190677 -0.0365882035 -0.012671997
v 0.00137093157 -0.0368199748 -0.0129413558
v 0.00120288169 -0.0370278285 -0.0130654356
f 5836 5838 5837
v 0.00115823204 -0.0370597612 -0.0133437337
v 0.00123769278 -0.037141802 -0.013366963
v 0.00138713367 -0.0368974288 -0.0133107635
f 5839 5841 5840
v -0.00018544597 -0.0373946765 -0.0135494061
v 0.000637514313 -0.037985816 -0.0137612602
v 0.000861472654 -0.0379081408 -0.0140351272
f 5842 5844 5843
v 0.000886684575 -0.0380730024 -0.0138744435
v 0.00100834441 -0.0373644114 -0.0135447001
v 0.000861472654 -0.0379081408 -0.0140351272
f 5845 5847 5846
v 0.00206951227 -0.0365671149 -0.00990466506
v 0.00168340121 -0.0365162443 -0.0124148166
v 0.00170209823 -0.0368201756 -0.0110512643
f 5848 5850 5849
v 0.00139983749 -0.0365708576 -0.0107999484
v 0.0017026985 -0.0363181694 -0.00991715642
v 0.00180875577 -0.0366921333 -0.0102345788
f 5851 5853 5852
v 0.00170209823 -0.0368201756 -0.0110512643
v 0.00180875577 -0.0366921333 -0.0102345788
v 0.00206951227 -0.0365671149 -0.00990466506
f 5854 5856 5855
v 0.00170726489 -0.0370795024 -0.0111389214
v 0.00180875577 -0.0366921333 -0.0102345788
v 0.00170209823 -0.0368201756 -0.0110512643
f 5857 5859 5858
v 0.00170726489 -0.0370795024 -0.0111389214
v 0.00206951227 -0.0365671149 -0.00990466506
v 0.00185912722 -0.0367608474 -0.00993477661
f 5860 5862 5861
v 0.00185912722 -0.0367608474 -0.00993477661
v 0.00180875577 -0.0366921333 -0.0102345788
v 0.00170726489 -0.0370795024 -0.0111389214
f 5863 5865 5864
v 0.00101683399 -0.037783946 -0.0112422254
v 0.000903377804 -0.0379798148 -0.0124314567
v 0.000963509956 -0.0383947016 -0.011710215
f 5866 5868 5867
v 0.00101683399 -0.037783946 -0.0112422254
v 0.000963509956 -0.0383947016 -0.011710215
v 0.00170726489 -0.0370795024 -0.0111389214
f 5869 5871 5870
v 0.00160609634 -0.0367513334 -0.00975549701
v 0.000741553959 -0.0384047336 -0.0106161184
v 0.00101683399 -0.037783946 -0.0112422254
f 5872 5874 5873
v 0.000741553959 -0.0384047336 -0.0106161184
v 0.00160609634 -0.0367513334 -0.00975549701
v 0.00124537473 -0.0377978926 -0.00803152507
f 5875 5877 5876
v 0.00101683399 -0.037783946 -0.0112422254
v 0.00120288169 -0.0370278285 -0.0130654356
v 0.00170209823 -0.0368201756 -0.0110512643
f 5878 5880 5879
v 0.00160609634 -0.0367513334 -0.00975549701
v 0.00101683399 -0.037783946 -0.0112422254
v 0.00139983749 -0.0365708576 -0.0107999484
f 5881 5883 5882
v 0.00139983749 -0.0365708576 -0.0107999484
v 0.00101683399 -0.037783946 -0.0112422254
v 0.00170209823 -0.0368201756 -0.0110512643
f 5884 5886 5885
v 0.00110222609 -0.0389267574 -0.00667131972
v 0.000741553959 -0.0384047336 -0.0106161184
v 0.00124537473 -0.0377978926 -0.00803152507
f 5887 5889 5888
v 0.000464871846 -0.0369871472 -0.00773060965
v -8.89871444e-05 -0.0380763668 -0.00707438085
v 0.00124537473 -0.0377978926 -0.00803152507
f 5890 5892 5891
v -8.89871444e-05 -0.0380763668 -0.00707438085
v 0.00110222609 -0.0389267574 -0.00667131972
v 0.00124537473 -0.0377978926 -0.00803152507
f 5893 5895 5894
v 0.00329843169 -0.0380224083 0.000841128531
v 0.00206951227 -0.0365671149 -0.00990466506
v 0.00163418736 -0.0391422451 -0.00677454591
f 5896 5898 5897
v 0.00329843169 -0.0380224083 0.000841128531
v 0.00163418736 -0.0391422451 -0.00677454591
v 0.00140043339 -0.0399037264 -0.00646356202
f 5899 5901 5900
v 0.00223666721 -0.0345821754 -0.0135864582
v 0.00168340121 -0.0365162443 -0.0124148166
v 0.00206951227 -0.0365671149 -0.00990466506
f 5902 5904 5903
v 0.00170209823 -0.0368201756 -0.0110512643
v 0.00120288169 -0.0370278285 -0.0130654356
v 0.00144852529 -0.0368095061 -0.0125862178
f 5905 5907 5906
v 0.00204899552 -0.0115908173 -0.0432551402
v 0.00147237879 -0.00743485798 -0.0432152534
v 0.0010774922 -0.012373364 -0.0430331682
f 5908 5910 5909
v 0.00163565128 -0.0153889356 -0.0426099956
v 0.0018496954 -0.0155502901 -0.0426300423
v 0.00169621562 -0.0144838981 -0.0430320477
f 5911 5913 5912
v 0.00169621562 -0.0144838981 -0.0430320477
v 0.0018496954 -0.0155502901 -0.0426300423
v 0.00190308638 -0.0143360652 -0.042856604
f 5914 5916 5915
v 0.00190919018 -0.0128002881 -0.0424065161
v 0.00173212538 -0.0128129934 -0.0429754
v 0.00192017687 -0.0132750123 -0.0429625681
f 5917 5919 5918
v 0.00181118958 -0.0133203823 -0.0429869891
v 0.00185736571 -0.013287153 -0.043126446
v 0.00190308638 -0.0143360652 -0.042856604
f 5920 5922 5921
v 0.00185736571 -0.013287153 -0.043126446
v 0.00181118958 -0.0133203823 -0.0429869891
v 0.00192017687 -0.0132750123 -0.0429625681
f 5923 5925 5924
v 0.0015415113 -0.0130879285 -0.043078867
v 0.00174767265 -0.012781781 -0.0431092718
v 0.00173212538 -0.0128129934 -0.0429754
f 5926 5928 5927
v 0.00173212538 -0.0128129934 -0.0429754
v 0.00174767265 -0.012781781 -0.0431092718
v 0.00192017687 -0.0132750123 -0.0429625681
f 5929 5931 5930
v 0.00181118958 -0.0133203823 -0.0429869891
v 0.00185736571 -0.013287153 -0.043126446
v 0.0015415113 -0.0130879285 -0.043078867
f 5932 5934 5933
v 0.00169621562 -0.0144838981 -0.0430320477
v 0.00185736571 -0.013287153 -0.043126446
v 0.00181118958 -0.0133203823 -0.0429869891
f 5935 5937 5936
v 0.0015415113 -0.0130879285 -0.043078867
v 0.00169621562 -0.0144838981 -0.0430320477
v 0.00181118958 -0.0133203823 -0.0429869891
f 5938 5940 5939
v 0.0010774922 -0.012373364 -0.0430331682
v 0.00174767265 -0.012781781 -0.0431092718
v 0.00204899552 -0.0115908173 -0.0432551402
f 5941 5943 5942
v 0.00192922671 -0.00925588902 -0.043132226
v 0.00190919018 -0.0128002881 -0.0424065161
v 0.00270522796 -0.00846357652 -0.0392568501
f 5944 5946 5945
v 0.00270522796 -0.00846357652 -0.0392568501
v 0.0017958424 -0.0160616575 -0.0424730853
v 0.00234846739 -0.020325357 -0.0379735924
f 5947 5949 5948
v 0.00270522796 -0.00846357652 -0.0392568501
v 0.00234846739 -0.020325357 -0.0379735924
v 0.00379887497 -0.013848464 -0.0353590498
f 5950 5952 5951
v 0.00271698882 -0.0222799252 -0.0387294043
v 0.00221705777 -0.0235492815 -0.0365469692
v 0.00234846739 -0.020325357 -0.0379735924
f 5953 5955 5954
v 0.00271698882 -0.0222799252 -0.0387294043
v 0.00227107375 -0.0230897887 -0.038055965
v 0.00221705777 -0.0235492815 -0.0365469692
f 5956 5958 5957
v 0.000966381049 -0.0153375047 -0.0427402381
v -0.00440871299 -0.0130088054 -0.0420195342
v 0.00183322627 -0.018157564 -0.0420084107
f 5959 5961 5960
v 0.00227107375 -0.0230897887 -0.038055965
v 0.00156677124 -0.0201691306 -0.0406208215
v -0.00126445229 -0.0205465141 -0.0402044883
f 5962 5964 5963
v 0.00234846739 -0.020325357 -0.0379735924
v 0.00156677124 -0.0201691306 -0.0406208215
v 0.00231854647 -0.0211810358 -0.0397396914
f 5965 5967 5966
v 0.00183322627 -0.018157564 -0.0420084107
v -0.00399565106 -0.0164226964 -0.0415953924
v -0.00484416123 -0.0188673745 -0.0405538769
f 5968 5970 5969
v 0.00183322627 -0.018157564 -0.0420084107
v -0.00126445229 -0.0205465141 -0.0402044883
v 0.00156677124 -0.0201691306 -0.0406208215
f 5971 5973 5972
v 0.00234846739 -0.020325357 -0.0379735924
v 0.00183322627 -0.018157564 -0.0420084107
v 0.00156677124 -0.0201691306 -0.0406208215
f 5974 5976 5975
v 0.00156677124 -0.0201691306 -0.0406208215
v 0.00227107375 -0.0230897887 -0.038055965
v 0.00231854647 -0.0211810358 -0.0397396914
f 5977 5979 5978
v 0.0017958424 -0.0160616575 -0.0424730853
v 0.000966381049 -0.0153375047 -0.0427402381
v 0.00183322627 -0.018157564 -0.0420084107
f 5980 5982 5981
v 0.00379887497 -0.013848464 -0.0353590498
v 0.00412320514 -0.0195924731 -0.030238778
v 0.00632680458 -0.0137191964 -0.0269552082
f 5983 5985 5984
v 0.00379887497 -0.013848464 -0.0353590498
v 0.00632680458 -0.0137191964 -0.0269552082
v 0.00695273484 -0.00498331829 -0.027527014
f 5986 5988 5987
v 0.00412320514 -0.0195924731 -0.030238778
v 0.00221705777 -0.0235492815 -0.0365469692
v 0.00286283685 -0.0248833356 -0.0296961138
f 5989 5991 5990
v 0.00379887497 -0.013848464 -0.0353590498
v 0.00234846739 -0.020325357 -0.0379735924
v 0.00221705777 -0.0235492815 -0.0365469692
f 5992 5994 5993
v 0.00412320514 -0.0195924731 -0.030238778
v 0.00570809643 -0.0196414549 -0.0209942154
v 0.00632680458 -0.0137191964 -0.0269552082
f 5995 5997 5996
v 0.00147237879 -0.00743485798 -0.0432152534
v -0.000249372533 -0.00508854537 -0.0429714593
v 0.0010774922 -0.012373364 -0.0430331682
f 5998 6000 5999
v -0.00149284315 -0.0110590641 -0.0427700987
v 0.0010774922 -0.012373364 -0.0430331682
v -0.000249372533 -0.00508854537 -0.0429714593
f 6001 6003 6002
v -0.00440871299 -0.0130088054 -0.0420195342
v -0.00695526032 -0.00401840698 -0.0416265131
v -0.00686909116 -0.00969354805 -0.0419407996
f 6004 6006 6005
v -0.00440871299 -0.0130088054 -0.0420195342
v -0.00686909116 -0.00969354805 -0.0419407996
v -0.00820560163 -0.0116649375 -0.0413787813
f 6007 6009 6008
v -0.00820560163 -0.0116649375 -0.0413787813
v -0.00797856483 -0.0151256143 -0.0409360917
v -0.00399565106 -0.0164226964 -0.0415953924
f 6010 6012 6011
v -0.00399565106 -0.0164226964 -0.0415953924
v -0.00797856483 -0.0151256143 -0.0409360917
v -0.00484416123 -0.0188673745 -0.0405538769
f 6013 6015 6014
v -0.00484416123 -0.0188673745 -0.0405538769
v -0.00797856483 -0.0151256143 -0.0409360917
v -0.00741181429 -0.0179403665 -0.0405428116
f 6016 6018 6017
v -0.00797856483 -0.0151256143 -0.0409360917
v -0.00820560163 -0.0116649375 -0.0413787813
v -0.011353974 -0.00973620845 -0.0407878048
f 6019 6021 6020
v -0.0133848807 -0.00860989239 -0.0403887534
v -0.0159463001 -0.013546909 -0.0393762835
v -0.0114694514 -0.0134699279 -0.0404895836
f 6022 6024 6023
v -0.011353974 -0.00973620845 -0.0407878048
v -0.0133848807 -0.00860989239 -0.0403887534
v -0.0114694514 -0.0134699279 -0.0404895836
f 6025 6027 6026
v 0.00130187473 -0.0255971303 -0.0369280897
v 0.00227107375 -0.0230897887 -0.038055965
v -0.000433511741 -0.0256249128 -0.0370963768
f 6028 6030 6029
v -0.00334867655 -0.0236434978 -0.0381573511
v -0.000642348459 -0.0226582211 -0.0387319393
v -0.00705827042 -0.0206742523 -0.0389961089
f 6031 6033 6032
v -0.000433511741 -0.0256249128 -0.0370963768
v -0.000642348459 -0.0226582211 -0.0387319393
v -0.00334867655 -0.0236434978 -0.0381573511
f 6034 6036 6035
v -0.000433511741 -0.0256249128 -0.0370963768
v -0.00334867655 -0.0236434978 -0.0381573511
v -0.00416640432 -0.0264790986 -0.0361063634
f 6037 6039 6038
v 0.00221705777 -0.0235492815 -0.0365469692
v 0.000751988409 -0.026630194 -0.0364222564
v 0.000671426096 -0.0276641658 -0.0348150032
f 6040 6042 6041
v 0.00227107375 -0.0230897887 -0.038055965
v 0.00130187473 -0.0255971303 -0.0369280897
v 0.00221705777 -0.0235492815 -0.0365469692
f 6043 6045 6044
v 0.000671426096 -0.0276641658 -0.0348150032
v 0.00286283685 -0.0248833356 -0.0296961138
v 0.00221705777 -0.0235492815 -0.0365469692
f 6046 6048 6047
v 0.000751988409 -0.026630194 -0.0364222564
v 0.000677487697 -0.0279202097 -0.0358034624
v 0.000671426096 -0.0276641658 -0.0348150032
f 6049 6051 6050
v 0.000751988409 -0.026630194 -0.0364222564
v -0.00014967809 -0.0274465448 -0.0360890641
v 0.000677487697 -0.0279202097 -0.0358034624
f 6052 6054 6053
v -0.000433511741 -0.0256249128 -0.0370963768
v -0.000413390808 -0.0269955577 -0.0357125711
v 0.000751988409 -0.026630194 -0.0364222564
f 6055 6057 6056
v -0.000433511741 -0.0256249128 -0.0370963768
v -0.00211415536 -0.0266383897 -0.0352641742
v -0.000413390808 -0.0269955577 -0.0357125711
f 6058 6060 6059
v 0.000165289384 -0.0289689022 -0.0341444742
v 0.000380726851 -0.0284999929 -0.035083128
v 0.000561162597 -0.0286372495 -0.035103361
f 6061 6063 6062
v -0.00162798606 -0.0278672611 -0.0349328882
v 0.000165289384 -0.0289689022 -0.0341444742
v 0.000426743645 -0.0288704381 -0.0349594426
f 6064 6066 6065
v -0.000413390808 -0.0269955577 -0.0357125711
v -0.00211415536 -0.0266383897 -0.0352641742
v -0.00162798606 -0.0278672611 -0.0349328882
f 6067 6069 6068
v -0.000413390808 -0.0269955577 -0.0357125711
v 0.000677487697 -0.0279202097 -0.0358034624
v -0.00014967809 -0.0274465448 -0.0360890641
f 6070 6072 6071
v 0.000380726851 -0.0284999929 -0.035083128
v 0.000561162597 -0.0286372495 -0.035103361
v 0.000677487697 -0.0279202097 -0.0358034624
f 6073 6075 6074
v 0.000677487697 -0.0279202097 -0.0358034624
v -0.00162798606 -0.0278672611 -0.0349328882
v 0.000380726851 -0.0284999929 -0.035083128
f 6076 6078 6077
v 0.000677487697 -0.0279202097 -0.0358034624
v 0.000561162597 -0.0286372495 -0.035103361
v 0.000671426096 -0.0276641658 -0.0348150032
f 6079 6081 6080
v 0.000671426096 -0.0276641658 -0.0348150032
v -6.27391273e-05 -0.0300099462 -0.0317284052
v 0.00286283685 -0.0248833356 -0.0296961138
f 6082 6084 6083
v 0.00286283685 -0.0248833356 -0.0296961138
v -6.27391273e-05 -0.0300099462 -0.0317284052
v 0.00155387097 -0.0307374139 -0.0252675003
f 6085 6087 6086
v -0.00416640432 -0.0264790986 -0.0361063634
v -0.00381645623 -0.026829369 -0.0346946734
v -0.00211415536 -0.0266383897 -0.0352641742
f 6088 6090 6089
v -0.00211415536 -0.0266383897 -0.0352641742
v -0.00381645623 -0.026829369 -0.0346946734
v -0.00162798606 -0.0278672611 -0.0349328882
f 6091 6093 6092
v 0.000359371916 -0.0310670206 -0.0315722107
v 0.000144376827 -0.0316166872 -0.0311291398
v -6.27391273e-05 -0.0300099462 -0.0317284052
f 6094 6096 6095
v -0.0004697853 -0.0307790964 -0.032042127
v 0.000144376827 -0.0316166872 -0.0311291398
v 0.000359371916 -0.0310670206 -0.0315722107
f 6097 6099 6098
v -0.00058721198 -0.0298745377 -0.033263251
v -0.00340696715 -0.0281799614 -0.0338383048
v -0.00587812028 -0.0296367973 -0.0328792667
f 6100 6102 6101
v 0.000144376827 -0.0316166872 -0.0311291398
v -0.00343967913 -0.0305148918 -0.0319206651
v 0.000139235635 -0.0323517626 -0.0308299524
f 6103 6105 6104
v 0.000144376827 -0.0316166872 -0.0311291398
v -0.0004697853 -0.0307790964 -0.032042127
v -0.00343967913 -0.0305148918 -0.0319206651
f 6106 6108 6107
v -0.00058721198 -0.0298745377 -0.033263251
v 0.000359371916 -0.0310670206 -0.0315722107
v -6.27391273e-05 -0.0300099462 -0.0317284052
f 6109 6111 6110
v 0.000144376827 -0.0316166872 -0.0311291398
v 0.000139235635 -0.0323517626 -0.0308299524
v -0.000623858068 -0.0339550345 -0.0290149852
f 6112 6114 6113
v 0.000144376827 -0.0316166872 -0.0311291398
v -0.000623858068 -0.0339550345 -0.0290149852
v -0.000272407488 -0.0343453197 -0.0283528236
f 6115 6117 6116
v -0.000623858068 -0.0339550345 -0.0290149852
v -0.00203103773 -0.0333447591 -0.0299327134
v -0.00288553565 -0.0345632347 -0.0277299376
f 6118 6120 6119
v -0.000623858068 -0.0339550345 -0.0290149852
v -0.00288553565 -0.0345632347 -0.0277299376
v -0.000272407488 -0.0343453197 -0.0283528236
f 6121 6123 6122
v -0.000272407488 -0.0343453197 -0.0283528236
v -0.00288553565 -0.0345632347 -0.0277299376
v -0.00226554112 -0.0352695381 -0.0240371897
f 6124 6126 6125
v -0.00486542267 -0.0330607087 -0.0296652346
v 0.000139235635 -0.0323517626 -0.0308299524
v -0.00602521613 -0.0319598563 -0.0300095911
f 6127 6129 6128
v -0.00203103773 -0.0333447591 -0.0299327134
v -0.00486542267 -0.0330607087 -0.0296652346
v -0.00288553565 -0.0345632347 -0.0277299376
f 6130 6132 6131
v 0.000139235635 -0.0323517626 -0.0308299524
v -0.00486542267 -0.0330607087 -0.0296652346
v -0.00203103773 -0.0333447591 -0.0299327134
f 6133 6135 6134
v -0.00226554112 -0.0352695381 -0.0240371897
v -0.00288553565 -0.0345632347 -0.0277299376
v -0.00489110971 -0.0347729743 -0.0269474491
f 6136 6138 6137
v 0.000144376827 -0.0316166872 -0.0311291398
v 0.00155387097 -0.0307374139 -0.0252675003
v -6.27391273e-05 -0.0300099462 -0.0317284052
f 6139 6141 6140
v -0.00416640432 -0.0264790986 -0.0361063634
v -0.00818715562 -0.0255583407 -0.0359045895
v -0.00731523905 -0.0263425551 -0.0344835134
f 6142 6144 6143
v -0.00818715562 -0.0255583407 -0.0359045895
v -0.0094754716 -0.025872796 -0.0347116351
v -0.00731523905 -0.0263425551 -0.0344835134
f 6145 6147 6146
v -0.00343967913 -0.0305148918 -0.0319206651
v -0.00587812028 -0.0296367973 -0.0328792667
v -0.00841112706 -0.0305438298 -0.0305717229
f 6148 6150 6149
v -0.00587812028 -0.0296367973 -0.0328792667
v -0.0102251164 -0.0294783851 -0.0314970006
v -0.00841112706 -0.0305438298 -0.0305717229
f 6151 6153 6152
v -0.00602521613 -0.0319598563 -0.0300095911
v -0.00973012502 -0.0316365185 -0.0296240294
v -0.00809044868 -0.0330270355 -0.0282279827
f 6154 6156 6155
v 0.000139235635 -0.0323517626 -0.0308299524
v -0.00343967913 -0.0305148918 -0.0319206651
v -0.00602521613 -0.0319598563 -0.0300095911
f 6157 6159 6158
v -0.00705827042 -0.0206742523 -0.0389961089
v -0.00741181429 -0.0179403665 -0.0405428116
v -0.0117153431 -0.0170985775 -0.0396859192
f 6160 6162 6161
v -0.0146563485 -0.0169842067 -0.0389920402
v -0.0119635588 -0.0237767905 -0.0366518128
v -0.00979734614 -0.0233055252 -0.0371866656
f 6163 6165 6164
v -0.018382461 -0.0191033017 -0.0374111318
v -0.0146563485 -0.0169842067 -0.0389920402
v -0.0156112044 -0.0159955831 -0.0389076333
f 6166 6168 6167
v -0.018382461 -0.0191033017 -0.0374111318
v -0.0156112044 -0.0159955831 -0.0389076333
v -0.018337791 -0.0167206861 -0.0381241436
f 6169 6171 6170
v -0.018475877 -0.0216801083 -0.0359664235
v -0.018382461 -0.0191033017 -0.0374111318
v -0.0201684583 -0.0199290618 -0.0365084212
f 6172 6174 6173
v -0.0119635588 -0.0237767905 -0.0366518128
v -0.0146563485 -0.0169842067 -0.0389920402
v -0.0150063221 -0.0218245012 -0.0370407361
f 6175 6177 6176
v -0.0113390139 -0.0272069068 -0.0329564267
v -0.0094754716 -0.025872796 -0.0347116351
v -0.0146974664 -0.0243520248 -0.0337008911
f 6178 6180 6179
v -0.0119635588 -0.0237767905 -0.0366518128
v -0.0150063221 -0.0218245012 -0.0370407361
v -0.0122829821 -0.0244555791 -0.035662661
f 6181 6183 6182
v -0.0150063221 -0.0218245012 -0.0370407361
v -0.0148884879 -0.0239237081 -0.035041818
v -0.0122829821 -0.0244555791 -0.035662661
f 6184 6186 6185
v -0.0148884879 -0.0239237081 -0.035041818
v -0.0094754716 -0.025872796 -0.0347116351
v -0.0122829821 -0.0244555791 -0.035662661
f 6187 6189 6188
v -0.009828568 -0.0277657149 -0.0333805481
v -0.0113390139 -0.0272069068 -0.0329564267
v -0.0102251164 -0.0294783851 -0.0314970006
f 6190 6192 6191
v -0.014368938 -0.028745181 -0.0297937804
v -0.0102251164 -0.0294783851 -0.0314970006
v -0.0113390139 -0.0272069068 -0.0329564267
f 6193 6195 6194
v -0.0134409202 -0.0278569671 -0.0316412945
v -0.0165201898 -0.0272051489 -0.0297960505
v -0.014368938 -0.028745181 -0.0297937804
f 6196 6198 6197
v -0.0094754716 -0.025872796 -0.0347116351
v -0.0113390139 -0.0272069068 -0.0329564267
v -0.009828568 -0.0277657149 -0.0333805481
f 6199 6201 6200
v -0.0163926772 -0.0232350503 -0.0337689882
v -0.0146974664 -0.0243520248 -0.0337008911
v -0.0148884879 -0.0239237081 -0.035041818
f 6202 6204 6203
v -0.0177965208 -0.0225259646 -0.0350560964
v -0.0148884879 -0.0239237081 -0.035041818
v -0.018475877 -0.0216801083 -0.0359664235
f 6205 6207 6206
v -0.0150063221 -0.0218245012 -0.0370407361
v -0.018475877 -0.0216801083 -0.0359664235
v -0.0148884879 -0.0239237081 -0.035041818
f 6208 6210 6209
v -0.0177965208 -0.0225259646 -0.0350560964
v -0.0163926772 -0.0232350503 -0.0337689882
v -0.0148884879 -0.0239237081 -0.035041818
f 6211 6213 6212
v -0.0154602618 -0.0257179578 -0.0327020505
v -0.0163926772 -0.0232350503 -0.0337689882
v -0.0183012744 -0.02357349 -0.0319967978
f 6214 6216 6215
v -0.0183012744 -0.02357349 -0.0319967978
v -0.0207742298 -0.0236687265 -0.0315342593
v -0.0211820443 -0.0257941691 -0.0292662298
f 6217 6219 6218
v -0.0154602618 -0.0257179578 -0.0327020505
v -0.0171312335 -0.0256379455 -0.0303297566
v -0.0165201898 -0.0272051489 -0.0297960505
f 6220 6222 6221
v -0.0114694514 -0.0134699279 -0.0404895836
v -0.0159463001 -0.013546909 -0.0393762835
v -0.0117153431 -0.0170985775 -0.0396859192
f 6223 6225 6224
v 0.00570809643 -0.0196414549 -0.0209942154
v 0.00592267897 -0.0217390087 -0.015942684
v 0.00775655935 -0.0134981849 -0.0148848194
f 6226 6228 6227
v 0.00412320514 -0.0195924731 -0.030238778
v 0.00592267897 -0.0217390087 -0.015942684
v 0.00570809643 -0.0196414549 -0.0209942154
f 6229 6231 6230
v 0.00775655935 -0.0134981849 -0.0148848194
v 0.00861317385 -0.0185677272 -0.00794623484
v 0.00950070826 -0.0150013308 -0.00443159224
f 6232 6234 6233
v 0.0094445626 -0.00779333132 -0.0051743722
v 0.00775655935 -0.0134981849 -0.0148848194
v 0.00950070826 -0.0150013308 -0.00443159224
f 6235 6237 6236
v 0.00950070826 -0.0150013308 -0.00443159224
v 0.00712571491 -0.0255197374 0.000846509192
v 0.0093263312 -0.0130311542 0.000848970194
f 6238 6240 6239
v 0.00592267897 -0.0217390087 -0.015942684
v 0.00464463083 -0.0303657056 -0.00819074121
v 0.00714048947 -0.0252459111 -0.00590394338
f 6241 6243 6242
v 0.00464463083 -0.0303657056 -0.00819074121
v 0.00592267897 -0.0217390087 -0.015942684
v 0.00223666721 -0.0345821754 -0.0135864582
f 6244 6246 6245
v 0.00140985067 -0.0341690175 -0.0210375918
v 0.00109378452 -0.0345717388 -0.0214203654
v 0.00111487898 -0.0346043234 -0.0211177598
f 6247 6249 6248
v -0.000593462028 -0.0343387044 -0.0212533734
v 0.00111487898 -0.0346043234 -0.0211177598
v 0.00109378452 -0.0345717388 -0.0214203654
f 6250 6252 6251
v 0.00140985067 -0.0341690175 -0.0210375918
v 0.00134060683 -0.0347726833 -0.0204494921
v 0.00223666721 -0.0345821754 -0.0135864582
f 6253 6255 6254
v 0.00223666721 -0.0345821754 -0.0135864582
v 0.00155387097 -0.0307374139 -0.0252675003
v 0.00140985067 -0.0341690175 -0.0210375918
f 6256 6258 6257
v 0.000262397953 -0.0353428797 -0.0234618536
v 0.00101697078 -0.0348649191 -0.0231070735
v 0.000310574978 -0.0349646463 -0.0259547989
f 6259 6261 6260
v -0.00160971686 -0.0349373935 -0.0227061682
v 0.000262397953 -0.0353428797 -0.0234618536
v -0.00226554112 -0.0352695381 -0.0240371897
f 6262 6264 6263
v 0.00115458024 -0.0350283284 -0.0210706407
v 0.00105240615 -0.0355019845 -0.02009772
v 0.0011326134 -0.0350067829 -0.0214556931
f 6265 6267 6266
v 0.00105240615 -0.0355019845 -0.02009772
v 0.0011781769 -0.0350396731 -0.0206854427
v 0.00122107595 -0.0350513001 -0.0203644333
f 6268 6270 6269
v 0.000957052544 -0.0347611087 -0.0210033104
v 0.0011781769 -0.0350396731 -0.0206854427
v 0.00115458024 -0.0350283284 -0.0210706407
f 6271 6273 6272
v 0.000819001434 -0.0369157264 -0.0198300026
v -0.000178792834 -0.034604955 -0.0199734
v -0.00139411059 -0.0366069173 -0.0191582672
f 6274 6276 6275
v -0.00139411059 -0.0366069173 -0.0191582672
v -0.000178792834 -0.034604955 -0.0199734
v -0.00235690604 -0.034971736 -0.0189230996
f 6277 6279 6278
v -0.00139411059 -0.0366069173 -0.0191582672
v -0.00235690604 -0.034971736 -0.0189230996
v -0.00272068355 -0.0368224544 -0.0188394275
f 6280 6282 6281
v -0.00317756349 -0.0342563988 -0.0218174042
v -0.00160971686 -0.0349373935 -0.0227061682
v -0.00578793697 -0.034962254 -0.0226580538
f 6283 6285 6284
v -0.00578793697 -0.034962254 -0.0226580538
v -0.00160971686 -0.0349373935 -0.0227061682
v -0.00226554112 -0.0352695381 -0.0240371897
f 6286 6288 6287
v -0.00287648218 -0.0336109078 -0.0199890084
v -0.00417050833 -0.033467813 -0.0191647428
v -0.000178792834 -0.034604955 -0.0199734
f 6289 6291 6290
v -0.00317756349 -0.0342563988 -0.0218174042
v -0.00287648218 -0.0336109078 -0.0199890084
v -0.000593462028 -0.0343387044 -0.0212533734
f 6292 6294 6293
v -0.00317756349 -0.0342563988 -0.0218174042
v -0.00695710987 -0.0336039491 -0.0210835278
v -0.00287648218 -0.0336109078 -0.0199890084
f 6295 6297 6296
v -0.00235690604 -0.034971736 -0.0189230996
v -0.00417050833 -0.033467813 -0.0191647428
v -0.00449967192 -0.0344680186 -0.018459752
f 6298 6300 6299
v 0.000956399163 -0.0347677706 -0.0217842651
v 0.00112110065 -0.0349758804 -0.0218403744
v 0.00117433665 -0.0345790846 -0.0218396322
f 6301 6303 6302
v 0.00115458024 -0.0350283284 -0.0210706407
v 0.0011781769 -0.0350396731 -0.0206854427
v 0.00134060683 -0.0347726833 -0.0204494921
f 6304 6306 6305
v -0.000593462028 -0.0343387044 -0.0212533734
v 0.00109378452 -0.0345717388 -0.0214203654
v 0.000956399163 -0.0347677706 -0.0217842651
f 6307 6309 6308
v -0.00160971686 -0.0349373935 -0.0227061682
v -0.00317756349 -0.0342563988 -0.0218174042
v -0.000593462028 -0.0343387044 -0.0212533734
f 6310 6312 6311
v -0.00287648218 -0.0336109078 -0.0199890084
v -0.000178792834 -0.034604955 -0.0199734
v -0.000593462028 -0.0343387044 -0.0212533734
f 6313 6315 6314
v 0.00117433665 -0.0345790846 -0.0218396322
v 0.00109378452 -0.0345717388 -0.0214203654
v 0.00140985067 -0.0341690175 -0.0210375918
f 6316 6318 6317
v 0.000956399163 -0.0347677706 -0.0217842651
v 0.0011326134 -0.0350067829 -0.0214556931
v 0.00112110065 -0.0349758804 -0.0218403744
f 6319 6321 6320
v 0.0011326134 -0.0350067829 -0.0214556931
v 0.00105240615 -0.0355019845 -0.02009772
v 0.00112110065 -0.0349758804 -0.0218403744
f 6322 6324 6323
v -0.000593462028 -0.0343387044 -0.0212533734
v 0.00101697078 -0.0348649191 -0.0231070735
v -0.00160971686 -0.0349373935 -0.0227061682
f 6325 6327 6326
v -0.00287648218 -0.0336109078 -0.0199890084
v -0.00695710987 -0.0336039491 -0.0210835278
v -0.00677475255 -0.0329953822 -0.0189671511
f 6328 6330 6329
v -0.00677475255 -0.0329953822 -0.0189671511
v -0.00449967192 -0.0344680186 -0.018459752
v -0.00417050833 -0.033467813 -0.0191647428
f 6331 6333 6332
v -0.00677475255 -0.0329953822 -0.0189671511
v -0.0086120257 -0.032243997 -0.0184605189
v -0.00449967192 -0.0344680186 -0.018459752
f 6334 6336 6335
v 0.00714048947 -0.0252459111 -0.00590394338
v 0.00464463083 -0.0303657056 -0.00819074121
v 0.00532195263 -0.0308217219 0.000846208968
f 6337 6339 6338
v 0.00714048947 -0.0252459111 -0.00590394338
v 0.00532195263 -0.0308217219 0.000846208968
v 0.00712571491 -0.0255197374 0.000846509192
f 6340 6342 6341
v 0.000175917376 -0.0347012392 -0.00761208721
v -0.000460557931 -0.0342052168 -0.00846042458
v -0.000185523095 -0.0331834453 -0.00745952711
f 6343 6345 6344
v 0.000847190677 -0.0365882035 -0.012671997
v 0.00139983749 -0.0365708576 -0.0107999484
v 0.00168340121 -0.0365162443 -0.0124148166
f 6346 6348 6347
v 0.00024098772 -0.0358038495 -0.0101086545
v 0.0017026985 -0.0363181694 -0.00991715642
v 0.00139983749 -0.0365708576 -0.0107999484
f 6349 6351 6350
v -0.000460557931 -0.0342052168 -0.00846042458
v 0.000755773362 -0.0351216324 -0.00881683882
v 0.00024098772 -0.0358038495 -0.0101086545
f 6352 6354 6353
v -0.00112231937 -0.0351681927 -0.00930843453
v -0.000460557931 -0.0342052168 -0.00846042458
v 0.00024098772 -0.0358038495 -0.0101086545
f 6355 6357 6356
v -0.000308635936 -0.037531284 -0.00618317936
v 0.000464871846 -0.0369871472 -0.00773060965
v 0.000175917376 -0.0347012392 -0.00761208721
f 6358 6360 6359
v 0.00223666721 -0.0345821754 -0.0135864582
v 0.00329843169 -0.0380224083 0.000841128531
v 0.00464463083 -0.0303657056 -0.00819074121
f 6361 6363 6362
v 0.00532195263 -0.0308217219 0.000846208968
v 0.00464463083 -0.0303657056 -0.00819074121
v 0.00329843169 -0.0380224083 0.000841128531
f 6364 6366 6365
v -0.000308635936 -0.037531284 -0.00618317936
v -0.00037801874 -0.0360772538 -0.00512744591
v -0.000533498678 -0.0373911113 -0.00414892638
f 6367 6369 6368
v 0.000284207636 -0.0343009451 -0.00555754013
v -0.00478096517 -0.0348038535 -0.0062168052
v -0.00037801874 -0.0360772538 -0.00512744591
f 6370 6372 6371
v -0.000533498678 -0.0373911113 -0.00414892638
v -0.00037801874 -0.0360772538 -0.00512744591
v -0.00226376651 -0.0371531467 -0.00464673358
f 6373 6375 6374
v -0.00289945456 -0.0346365065 -0.00975221265
v -0.00786430319 -0.0331821153 -0.0075975986
v -0.00362906976 -0.0329576578 -0.00717933581
f 6376 6378 6377
v -0.00523624221 -0.0353127689 -0.0105925646
v -0.00786430319 -0.0331821153 -0.0075975986
v -0.00289945456 -0.0346365065 -0.00975221265
f 6379 6381 6380
v -0.00834916063 -0.0332334748 -0.00717976291
v -0.00438324096 -0.0331079849 -0.00662790553
v -0.00362906976 -0.0329576578 -0.00717933581
f 6382 6384 6383
v -0.00523624221 -0.0353127689 -0.0105925646
v -0.00289945456 -0.0346365065 -0.00975221265
v -0.00435186557 -0.0349915557 -0.0107523367
f 6385 6387 6386
v -0.00037801874 -0.0360772538 -0.00512744591
v -0.000308635936 -0.037531284 -0.00618317936
v 0.000175917376 -0.0347012392 -0.00761208721
f 6388 6390 6389
v 0.00592267897 -0.0217390087 -0.015942684
v 0.00714048947 -0.0252459111 -0.00590394338
v 0.00861317385 -0.0185677272 -0.00794623484
f 6391 6393 6392
v -0.000190798164 -0.0389111781 -0.0190816107
v -0.0024577952 -0.0389548164 -0.0180793111
v -0.000634424214 -0.0397698837 -0.0179623938
f 6394 6396 6395
v -0.000176847971 -0.039647994 -0.0163493634
v -0.000413593079 -0.0399286364 -0.0160787997
v -9.40199243e-05 -0.0396296557 -0.0156962662
f 6397 6399 6398
v -0.000634424214 -0.0397698837 -0.0179623938
v -0.00376847893 -0.0392624293 -0.0169830513
v -0.000881516462 -0.0400891353 -0.016763364
f 6400 6402 6401
v -0.00207044213 -0.0395268231 -0.0152811888
v -0.000210227154 -0.039575281 -0.0156889466
v -0.000413593079 -0.0399286364 -0.0160787997
f 6403 6405 6404
v -0.000881516462 -0.0400891353 -0.016763364
v -0.00207044213 -0.0395268231 -0.0152811888
v -0.000413593079 -0.0399286364 -0.0160787997
f 6406 6408 6407
v -0.000413593079 -0.0399286364 -0.0160787997
v -0.000381425343 -0.03989549 -0.0167743608
v -0.000388119952 -0.0398916134 -0.0167744351
f 6409 6411 6410
v 0.000530606485 -0.0385437597 -0.0149306943
v -0.000176847971 -0.039647994 -0.0163493634
v -0.000210227154 -0.039575281 -0.0156889466
f 6412 6414 6413
v -0.000388119952 -0.0398916134 -0.0167744351
v -0.000381425343 -0.03989549 -0.0167743608
v -0.000176847971 -0.039647994 -0.0163493634
f 6415 6417 6416
v -0.000176847971 -0.039647994 -0.0163493634
v -9.40199243e-05 -0.0396296557 -0.0156962662
v -0.000210227154 -0.039575281 -0.0156889466
f 6418 6420 6419
v -0.000210227154 -0.039575281 -0.0156889466
v -9.40199243e-05 -0.0396296557 -0.0156962662
v -0.000413593079 -0.0399286364 -0.0160787997
f 6421 6423 6422
v -0.000388119952 -0.0398916134 -0.0167744351
v -0.000381425343 -0.03989549 -0.0167743608
v -0.000881516462 -0.0400891353 -0.016763364
f 6424 6426 6425
v -0.000634424214 -0.0397698837 -0.0179623938
v -0.000881516462 -0.0400891353 -0.016763364
v -0.000381425343 -0.03989549 -0.0167743608
f 6427 6429 6428
v -0.000176847971 -0.039647994 -0.0163493634
v -0.000634424214 -0.0397698837 -0.0179623938
v -0.000388119952 -0.0398916134 -0.0167744351
f 6430 6432 6431
v -0.00207044213 -0.0395268231 -0.0152811888
v 0.000530606485 -0.0385437597 -0.0149306943
v 1.81615178e-05 -0.0394951669 -0.0154661437
f 6433 6435 6434
v 0.00141820128 -0.0392747315 -0.00657640339
v 0.00141682103 -0.0392692687 -0.00675693882
v 0.00140043339 -0.0399037264 -0.00646356202
f 6436 6438 6437
v 0.000957677548 -0.0400062359 -0.0061645711
v 0.00141682103 -0.0392692687 -0.00675693882
v 0.00141820128 -0.0392747315 -0.00657640339
f 6439 6441 6440
v 0.00141820128 -0.0392747315 -0.00657640339
v 0.00141682103 -0.0392692687 -0.00675693882
v 0.00110222609 -0.0389267574 -0.00667131972
f 6442 6444 6443
v 0.00163418736 -0.0391422451 -0.00677454591
v 0.00110222609 -0.0389267574 -0.00667131972
v 0.00141682103 -0.0392692687 -0.00675693882
f 6445 6447 6446
v 0.00110222609 -0.0389267574 -0.00667131972
v 0.000126063242 -0.0393790076 -0.00498714144
v 0.000957677548 -0.0400062359 -0.0061645711
f 6448 6450 6449
v -0.000308635936 -0.037531284 -0.00618317936
v 0.000126063242 -0.0393790076 -0.00498714144
v 0.00110222609 -0.0389267574 -0.00667131972
f 6451 6453 6452
v 0.000957677548 -0.0400062359 -0.0061645711
v 0.000686885323 -0.0412609224 -0.00452913373
v 0.00140043339 -0.0399037264 -0.00646356202
f 6454 6456 6455
v 0.000686885323 -0.0412609224 -0.00452913373
v -0.000739489042 -0.0417576113 -0.00276939772
v 0.000556349551 -0.0422196579 -0.00275142538
f 6457 6459 6458
v 0.000686885323 -0.0412609224 -0.00452913373
v 0.000556349551 -0.0422196579 -0.00275142538
v 0.00140043339 -0.0399037264 -0.00646356202
f 6460 6462 6461
v -0.000739489042 -0.0417576113 -0.00276939772
v 0.000957677548 -0.0400062359 -0.0061645711
v -0.000556128361 -0.0407730375 -0.00353424039
f 6463 6465 6464
v -0.00111638947 -0.0412548805 -0.00196159144
v -0.00117085874 -0.0409430271 -0.00230759197
v -0.00119684046 -0.0402388454 -0.00148580475
f 6466 6468 6467
v -0.00111638947 -0.0412548805 -0.00196159144
v -0.00112387497 -0.040992102 -0.00232841358
v -0.00117085874 -0.0409430271 -0.00230759197
f 6469 6471 6470
v -0.00112387497 -0.040992102 -0.00232841358
v -0.00117085874 -0.0409430271 -0.00230759197
v -0.00130858461 -0.0410587352 -0.0028600838
f 6472 6474 6473
v -0.000739489042 -0.0417576113 -0.00276939772
v -0.000146137609 -0.0427189952 -0.00138800442
v 0.000556349551 -0.0422196579 -0.00275142538
f 6475 6477 6476
v -0.001371908 -0.0413793256 -0.00289488507
v -0.00117085874 -0.0409430271 -0.00230759197
v -0.00112387497 -0.040992102 -0.00232841358
f 6478 6480 6479
v -0.00119684046 -0.0402388454 -0.00148580475
v -0.000556128361 -0.0407730375 -0.00353424039
v 0.000126063242 -0.0393790076 -0.00498714144
f 6481 6483 6482
v -0.001371908 -0.0413793256 -0.00289488507
v -0.000556128361 -0.0407730375 -0.00353424039
v -0.00130858461 -0.0410587352 -0.0028600838
f 6484 6486 6485
v 0.000502915645 -0.038335289 -0.0143593716
v 0.000741553959 -0.0384047336 -0.0106161184
v 0.000963509956 -0.0383947016 -0.011710215
f 6487 6489 6488
v -0.00809044868 -0.0330270355 -0.0282279827
v -0.0103352344 -0.033570212 -0.0254127459
v -0.00833058511 -0.0345267617 -0.0232625767
f 6490 6492 6491
v -0.00489110971 -0.0347729743 -0.0269474491
v -0.00809044868 -0.0330270355 -0.0282279827
v -0.00833058511 -0.0345267617 -0.0232625767
f 6493 6495 6494
v -0.00809044868 -0.0330270355 -0.0282279827
v -0.0120250792 -0.032120879 -0.0270076038
v -0.0103352344 -0.033570212 -0.0254127459
f 6496 6498 6497
v -0.00841112706 -0.0305438298 -0.0305717229
v -0.0124927261 -0.0302762201 -0.0295214093
v -0.00973012502 -0.0316365185 -0.0296240294
f 6499 6501 6500
v -0.00973012502 -0.0316365185 -0.0296240294
v -0.0125648716 -0.0315673096 -0.0286297727
v -0.0120250792 -0.032120879 -0.0270076038
f 6502 6504 6503
v -0.0124927261 -0.0302762201 -0.0295214093
v -0.0149534448 -0.031219548 -0.0275913335
v -0.0125648716 -0.0315673096 -0.0286297727
f 6505 6507 6506
v -0.0120250792 -0.032120879 -0.0270076038
v -0.0137352894 -0.0327774644 -0.023973659
v -0.0103352344 -0.033570212 -0.0254127459
f 6508 6510 6509
v -0.0153782996 -0.0315956277 -0.0257067499
v -0.0120250792 -0.032120879 -0.0270076038
v -0.0149534448 -0.031219548 -0.0275913335
f 6511 6513 6512
v -0.0187974918 -0.0280848268 -0.0281838438
v -0.014368938 -0.028745181 -0.0297937804
v -0.0165201898 -0.0272051489 -0.0297960505
f 6514 6516 6515
v -0.0124927261 -0.0302762201 -0.0295214093
v -0.014368938 -0.028745181 -0.0297937804
v -0.0183626529 -0.0290091702 -0.0279733475
f 6517 6519 6518
v -0.0183626529 -0.0290091702 -0.0279733475
v -0.0186445133 -0.0305591559 -0.0260749715
v -0.0149534448 -0.031219548 -0.0275913335
f 6520 6522 6521
v -0.0186445133 -0.0305591559 -0.0260749715
v -0.0153782996 -0.0315956277 -0.0257067499
v -0.0149534448 -0.031219548 -0.0275913335
f 6523 6525 6524
v -0.0195730769 -0.0265716109 -0.0295625185
v -0.0187974918 -0.0280848268 -0.0281838438
v -0.0165201898 -0.0272051489 -0.0297960505
f 6526 6528 6527
v -0.0195730769 -0.0265716109 -0.0295625185
v -0.0171312335 -0.0256379455 -0.0303297566
v -0.0211820443 -0.0257941691 -0.0292662298
f 6529 6531 6530
v -0.0211820443 -0.0257941691 -0.0292662298
v -0.0209534104 -0.0274474471 -0.0270858349
v -0.0195730769 -0.0265716109 -0.0295625185
f 6532 6534 6533
v -0.0211820443 -0.0257941691 -0.0292662298
v -0.0243585979 -0.0266089308 -0.0254395505
v -0.0209534104 -0.0274474471 -0.0270858349
f 6535 6537 6536
v -0.0213121981 -0.0292982848 -0.0263591588
v -0.0186445133 -0.0305591559 -0.0260749715
v -0.0183626529 -0.0290091702 -0.0279733475
f 6538 6540 6539
v -0.0213121981 -0.0292982848 -0.0263591588
v -0.0241704751 -0.0295353471 -0.0239314235
v -0.0186445133 -0.0305591559 -0.0260749715
f 6541 6543 6542
v -0.0239671761 -0.0283402536 -0.0251232355
v -0.0241704751 -0.0295353471 -0.0239314235
v -0.0213121981 -0.0292982848 -0.0263591588
f 6544 6546 6545
v -0.0243585979 -0.0266089308 -0.0254395505
v -0.0213121981 -0.0292982848 -0.0263591588
v -0.0209534104 -0.0274474471 -0.0270858349
f 6547 6549 6548
v -0.0243585979 -0.0266089308 -0.0254395505
v -0.0239671761 -0.0283402536 -0.0251232355
v -0.0213121981 -0.0292982848 -0.0263591588
f 6550 6552 6551
v -0.0209534104 -0.0274474471 -0.0270858349
v -0.0183626529 -0.0290091702 -0.0279733475
v -0.0187974918 -0.0280848268 -0.0281838438
f 6553 6555 6554
v -0.0125648716 -0.0315673096 -0.0286297727
v -0.0149534448 -0.031219548 -0.0275913335
v -0.0120250792 -0.032120879 -0.0270076038
f 6556 6558 6557
v -0.000190798164 -0.0389111781 -0.0190816107
v -0.00139411059 -0.0366069173 -0.0191582672
v -0.0024577952 -0.0389548164 -0.0180793111
f 6559 6561 6560
v -0.00578793697 -0.034962254 -0.0226580538
v -0.00695710987 -0.0336039491 -0.0210835278
v -0.00317756349 -0.0342563988 -0.0218174042
f 6562 6564 6563
v -0.00393655391 -0.0364485109 -0.017977439
v -0.0024577952 -0.0389548164 -0.0180793111
v -0.00272068355 -0.0368224544 -0.0188394275
f 6565 6567 6566
v -0.00207044213 -0.0395268231 -0.0152811888
v -0.00600839885 -0.0383316394 -0.012534704
v -0.00018544597 -0.0373946765 -0.0135494061
f 6568 6570 6569
v -0.00651410082 -0.0362711289 -0.0167080958
v -0.00721123361 -0.0375554431 -0.0160204465
v -0.00477856811 -0.0378746598 -0.0175505018
f 6571 6573 6572
v -0.00752287888 -0.0385745108 -0.0147506493
v -0.00437565213 -0.0395138457 -0.0152653432
v -0.00376847893 -0.0392624293 -0.0169830513
f 6574 6576 6575
v -0.00721123361 -0.0375554431 -0.0160204465
v -0.00376847893 -0.0392624293 -0.0169830513
v -0.00477856811 -0.0378746598 -0.0175505018
f 6577 6579 6578
v -0.00600839885 -0.0383316394 -0.012534704
v -0.0051111525 -0.037034112 -0.011970153
v -0.00018544597 -0.0373946765 -0.0135494061
f 6580 6582 6581
v -0.00887454808 -0.0385412568 -0.0129767664
v -0.00207044213 -0.0395268231 -0.0152811888
v -0.00437565213 -0.0395138457 -0.0152653432
f 6583 6585 6584
v -0.00887454808 -0.0385412568 -0.0129767664
v -0.00600839885 -0.0383316394 -0.012534704
v -0.00207044213 -0.0395268231 -0.0152811888
f 6586 6588 6587
v -0.0137352894 -0.0327774644 -0.023973659
v -0.0116487317 -0.0336259982 -0.0221950468
v -0.0103352344 -0.033570212 -0.0254127459
f 6589 6591 6590
v -0.0128671745 -0.0329022732 -0.020752789
v -0.0124213868 -0.0316435238 -0.0192674721
v -0.00922340478 -0.0327613874 -0.0204663782
f 6592 6594 6593
v -0.00988253742 -0.0338141341 -0.0213075837
v -0.00833058511 -0.0345267617 -0.0232625767
v -0.0116487317 -0.0336259982 -0.0221950468
f 6595 6597 6596
v -0.0116487317 -0.0336259982 -0.0221950468
v -0.0128671745 -0.0329022732 -0.020752789
v -0.00988253742 -0.0338141341 -0.0213075837
f 6598 6600 6599
v -0.00651410082 -0.0362711289 -0.0167080958
v -0.00449967192 -0.0344680186 -0.018459752
v -0.00844190217 -0.0338550046 -0.0168819883
f 6601 6603 6602
v -0.00651410082 -0.0362711289 -0.0167080958
v -0.00972362104 -0.0367756642 -0.0156275855
v -0.00721123361 -0.0375554431 -0.0160204465
f 6604 6606 6605
v -0.00972362104 -0.0367756642 -0.0156275855
v -0.00651410082 -0.0362711289 -0.0167080958
v -0.00939052552 -0.034725733 -0.0163420409
f 6607 6609 6608
v -0.00651410082 -0.0362711289 -0.0167080958
v -0.00844190217 -0.0338550046 -0.0168819883
v -0.00939052552 -0.034725733 -0.0163420409
f 6610 6612 6611
v -0.01198932 -0.0334439304 -0.0163349046
v -0.00939052552 -0.034725733 -0.0163420409
v -0.00844190217 -0.0338550046 -0.0168819883
f 6613 6615 6614
v -0.00972362104 -0.0367756642 -0.0156275855
v -0.00939052552 -0.034725733 -0.0163420409
v -0.0110123292 -0.0365549698 -0.0151134504
f 6616 6618 6617
v -0.0120323508 -0.0376348878 -0.0135249618
v -0.00972362104 -0.0367756642 -0.0156275855
v -0.0110123292 -0.0365549698 -0.0151134504
f 6619 6621 6620
v -0.0157212271 -0.0344141939 -0.0160839263
v -0.0110123292 -0.0365549698 -0.0151134504
v -0.0110191846 -0.0346257119 -0.0157451941
f 6622 6624 6623
v -0.0110123292 -0.0365549698 -0.0151134504
v -0.0149835207 -0.0360471342 -0.0148697378
v -0.0120323508 -0.0376348878 -0.0135249618
f 6625 6627 6626
v -0.0110123292 -0.0365549698 -0.0151134504
v -0.0157212271 -0.0344141939 -0.0160839263
v -0.0149835207 -0.0360471342 -0.0148697378
f 6628 6630 6629
v -0.00972362104 -0.0367756642 -0.0156275855
v -0.00752287888 -0.0385745108 -0.0147506493
v -0.00721123361 -0.0375554431 -0.0160204465
f 6631 6633 6632
v -0.00752287888 -0.0385745108 -0.0147506493
v -0.00972362104 -0.0367756642 -0.0156275855
v -0.0120323508 -0.0376348878 -0.0135249618
f 6634 6636 6635
v -0.0051111525 -0.037034112 -0.011970153
v -0.00523624221 -0.0353127689 -0.0105925646
v -0.00306811271 -0.0356310164 -0.0116237316
f 6637 6639 6638
v -0.00723980556 -0.037815125 -0.0120283665
v -0.00768476457 -0.0346177694 -0.00892295284
v -0.00523624221 -0.0353127689 -0.0105925646
f 6640 6642 6641
v -0.00119684046 -0.0402388454 -0.00148580475
v -0.000910594099 -0.0388913992 -0.00301441014
v -0.0053628286 -0.0396852643 -0.000912681571
f 6643 6645 6644
v -0.00226376651 -0.0371531467 -0.00464673358
v -0.00563846661 -0.0364580686 -0.00496620705
v -0.000910594099 -0.0388913992 -0.00301441014
f 6646 6648 6647
v -0.000910594099 -0.0388913992 -0.00301441014
v -0.00563846661 -0.0364580686 -0.00496620705
v -0.0053628286 -0.0396852643 -0.000912681571
f 6649 6651 6650
v -0.00226376651 -0.0371531467 -0.00464673358
v -0.00478096517 -0.0348038535 -0.0062168052
v -0.00563846661 -0.0364580686 -0.00496620705
f 6652 6654 6653
v -0.00668211433 -0.0378765573 -0.00290839325
v -0.0105332518 -0.0384322891 -0.000850775905
v -0.0053628286 -0.0396852643 -0.000912681571
f 6655 6657 6656
v -0.00668211433 -0.0378765573 -0.00290839325
v -0.0053628286 -0.0396852643 -0.000912681571
v -0.00563846661 -0.0364580686 -0.00496620705
f 6658 6660 6659
v -0.00947238368 -0.0344608183 -0.00900017185
v -0.00786430319 -0.0331821153 -0.0075975986
v -0.00768476457 -0.0346177694 -0.00892295284
f 6661 6663 6662
v -0.00757661983 -0.0357631565 -0.00509818346
v -0.00834916063 -0.0332334748 -0.00717976291
v -0.010971442 -0.0328506198 -0.00758363967
f 6664 6666 6665
v -0.010971442 -0.0328506198 -0.00758363967
v -0.0111024063 -0.0342458516 -0.00655438198
v -0.00757661983 -0.0357631565 -0.00509818346
f 6667 6669 6668
v -0.00786430319 -0.0331821153 -0.0075975986
v -0.0108558866 -0.032169788 -0.00826667674
v -0.00960424513 -0.032427712 -0.0078364872
f 6670 6672 6671
v -0.00960424513 -0.032427712 -0.0078364872
v -0.010971442 -0.0328506198 -0.00758363967
v -0.00834916063 -0.0332334748 -0.00717976291
f 6673 6675 6674
v -0.00947238368 -0.0344608183 -0.00900017185
v -0.0121140969 -0.0317356054 -0.00880703592
v -0.0108558866 -0.032169788 -0.00826667674
f 6676 6678 6677
v -0.010971442 -0.0328506198 -0.00758363967
v -0.0118007425 -0.0315532874 -0.00823463633
v -0.0132333866 -0.0313485187 -0.00881253654
f 6679 6681 6680
v -0.012367843 -0.0374932832 -0.0122054342
v -0.0119574404 -0.0369507849 -0.0109110122
v -0.00887454808 -0.0385412568 -0.0129767664
f 6682 6684 6683
v -0.00859996944 -0.037741987 -0.0113069538
v -0.0119574404 -0.0369507849 -0.0109110122
v -0.00848459822 -0.0362163031 -0.00999052354
f 6685 6687 6686
v -0.0137690149 -0.034842841 -0.0101005608
v -0.0138813586 -0.032233019 -0.00953815179
v -0.00947238368 -0.0344608183 -0.00900017185
f 6688 6690 6689
v -0.0119574404 -0.0369507849 -0.0109110122
v -0.0137690149 -0.034842841 -0.0101005608
v -0.00947238368 -0.0344608183 -0.00900017185
f 6691 6693 6692
v -0.0119574404 -0.0369507849 -0.0109110122
v -0.00947238368 -0.0344608183 -0.00900017185
v -0.00848459822 -0.0362163031 -0.00999052354
f 6694 6696 6695
v -0.00834916063 -0.0332334748 -0.00717976291
v -0.00757661983 -0.0357631565 -0.00509818346
v -0.00563846661 -0.0364580686 -0.00496620705
f 6697 6699 6698
v -0.00757661983 -0.0357631565 -0.00509818346
v -0.0111024063 -0.0342458516 -0.00655438198
v -0.0107504238 -0.0349776819 -0.0053794829
f 6700 6702 6701
v -0.00668211433 -0.0378765573 -0.00290839325
v -0.0098033066 -0.0382903207 -0.00200318318
v -0.0105332518 -0.0384322891 -0.000850775905
f 6703 6705 6704
v -0.0105360348 -0.0371299451 -0.00268649146
v -0.0133822745 -0.0372253708 -0.00200282175
v -0.0105332518 -0.0384322891 -0.000850775905
f 6706 6708 6707
v -0.0105360348 -0.0371299451 -0.00268649146
v -0.0105332518 -0.0384322891 -0.000850775905
v -0.0098033066 -0.0382903207 -0.00200318318
f 6709 6711 6710
v -0.0107504238 -0.0349776819 -0.0053794829
v -0.0135253897 -0.0342252373 -0.00634287644
v -0.0149055646 -0.0350523245 -0.00489900049
f 6712 6714 6713
v -0.0135253897 -0.0342252373 -0.00634287644
v -0.0107504238 -0.0349776819 -0.0053794829
v -0.0129282838 -0.0335059653 -0.00692332032
f 6715 6717 6716
v -0.0111024063 -0.0342458516 -0.00655438198
v -0.0129282838 -0.0335059653 -0.00692332032
v -0.0107504238 -0.0349776819 -0.0053794829
f 6718 6720 6719
v -0.0157373302 -0.0357954035 -0.0112004738
v -0.0119574404 -0.0369507849 -0.0109110122
v -0.012367843 -0.0374932832 -0.0122054342
f 6721 6723 6722
v -0.00848459822 -0.0362163031 -0.00999052354
v -0.00723980556 -0.037815125 -0.0120283665
v -0.00859996944 -0.037741987 -0.0113069538
f 6724 6726 6725
v -0.0128671745 -0.0329022732 -0.020752789
v -0.0155461574 -0.0306858303 -0.01888361
v -0.0124213868 -0.0316435238 -0.0192674721
f 6727 6729 6728
v -0.0172726868 -0.0317905011 -0.0241409944
v -0.0137352894 -0.0327774644 -0.023973659
v -0.0153782996 -0.0315956277 -0.0257067499
f 6730 6732 6731
v -0.0172726868 -0.0317905011 -0.0241409944
v -0.0166811384 -0.0318313163 -0.0217769615
v -0.0148701365 -0.032551153 -0.0211807492
f 6733 6735 6734
v -0.0166811384 -0.0318313163 -0.0217769615
v -0.0189855025 -0.0311501062 -0.0209729173
v -0.0148701365 -0.032551153 -0.0211807492
f 6736 6738 6737
v -0.0190940831 -0.0305194553 -0.0190051011
v -0.0166735103 -0.0307161448 -0.0186758101
v -0.0189855025 -0.0311501062 -0.0209729173
f 6739 6741 6740
v -0.0148701365 -0.032551153 -0.0211807492
v -0.0189855025 -0.0311501062 -0.0209729173
v -0.0128671745 -0.0329022732 -0.020752789
f 6742 6744 6743
v -0.0166735103 -0.0307161448 -0.0186758101
v -0.0155461574 -0.0306858303 -0.01888361
v -0.0128671745 -0.0329022732 -0.020752789
f 6745 6747 6746
v -0.01198932 -0.0334439304 -0.0163349046
v -0.0148904131 -0.0309823168 -0.0178307033
v -0.0153796733 -0.0325972011 -0.016644405
f 6748 6750 6749
v -0.0148904131 -0.0309823168 -0.0178307033
v -0.0166735103 -0.0307161448 -0.0186758101
v -0.018364354 -0.0312610908 -0.0176969814
f 6751 6753 6752
v -0.0190940831 -0.0305194553 -0.0190051011
v -0.0199032453 -0.0311604614 -0.0175013003
v -0.018364354 -0.0312610908 -0.0176969814
f 6754 6756 6755
v -0.0210352839 -0.0311982789 -0.0226407399
v -0.0172726868 -0.0317905011 -0.0241409944
v -0.0241704751 -0.0295353471 -0.0239314235
f 6757 6759 6758
v -0.0190940831 -0.0305194553 -0.0190051011
v -0.0189855025 -0.0311501062 -0.0209729173
v -0.0213576888 -0.0304815127 -0.0186414836
f 6760 6762 6761
v -0.0239030502 -0.0310094823 -0.0204635668
v -0.0233703322 -0.0309310242 -0.0195819797
v -0.0210352839 -0.0311982789 -0.0226407399
f 6763 6765 6764
v -0.0233703322 -0.0309310242 -0.0195819797
v -0.0213576888 -0.0304815127 -0.0186414836
v -0.0189855025 -0.0311501062 -0.0209729173
f 6766 6768 6767
v -0.0243432456 -0.0302710658 -0.0188523059
v -0.0242612281 -0.0293428573 -0.0224175892
v -0.0239671761 -0.0283402536 -0.0251232355
f 6769 6771 6770
v -0.0241704751 -0.0295353471 -0.0239314235
v -0.0238653491 -0.030295609 -0.0223592331
v -0.0210352839 -0.0311982789 -0.0226407399
f 6772 6774 6773
v -0.0238653491 -0.030295609 -0.0223592331
v -0.0239030502 -0.0310094823 -0.0204635668
v -0.0210352839 -0.0311982789 -0.0226407399
f 6775 6777 6776
v -0.0243432456 -0.0302710658 -0.0188523059
v -0.0267586496 -0.0229966521 -0.021264315
v -0.0248101132 -0.0298531289 -0.0106293817
f 6778 6780 6779
v -0.0264248753 -0.0257440173 -0.0120913064
v -0.0248101132 -0.0298531289 -0.0106293817
v -0.0267586496 -0.0229966521 -0.021264315
f 6781 6783 6782
v -0.0213576888 -0.0304815127 -0.0186414836
v -0.022648304 -0.0313014054 -0.017248487
v -0.0199032453 -0.0311604614 -0.0175013003
f 6784 6786 6785
v -0.0233703322 -0.0309310242 -0.0195819797
v -0.0229061974 -0.0319677929 -0.0170934087
v -0.0231755679 -0.0307073846 -0.0182175529
f 6787 6789 6788
v -0.0213576888 -0.0304815127 -0.0186414836
v -0.0231755679 -0.0307073846 -0.0182175529
v -0.022648304 -0.0313014054 -0.017248487
f 6790 6792 6791
v -0.0199032453 -0.0311604614 -0.0175013003
v -0.022648304 -0.0313014054 -0.017248487
v -0.018364354 -0.0312610908 -0.0176969814
f 6793 6795 6794
v -0.0240259484 -0.0314733974 -0.0164813202
v -0.0239030502 -0.0310094823 -0.0204635668
v -0.0243432456 -0.0302710658 -0.0188523059
f 6796 6798 6797
v -0.0242243739 -0.0311440002 -0.0113511604
v -0.0236941414 -0.032868702 -0.0126297324
v -0.0248101132 -0.0298531289 -0.0106293817
f 6799 6801 6800
v -0.0248101132 -0.0298531289 -0.0106293817
v -0.0240259484 -0.0314733974 -0.0164813202
v -0.0243432456 -0.0302710658 -0.0188523059
f 6802 6804 6803
v -0.0199854563 -0.0353715615 -0.0147385304
v -0.0145530284 -0.0368215929 -0.0131363413
v -0.0149835207 -0.0360471342 -0.0148697378
f 6805 6807 6806
v -0.0199854563 -0.0353715615 -0.0147385304
v -0.0192042527 -0.0357777259 -0.0129315828
v -0.0145530284 -0.0368215929 -0.0131363413
f 6808 6810 6809
v -0.022648304 -0.0313014054 -0.017248487
v -0.0188307022 -0.0341014849 -0.0163852368
v -0.018364354 -0.0312610908 -0.0176969814
f 6811 6813 6812
v -0.0226759075 -0.0349464506 -0.0145939281
v -0.0192042527 -0.0357777259 -0.0129315828
v -0.0199854563 -0.0353715615 -0.0147385304
f 6814 6816 6815
v -0.0199854563 -0.0353715615 -0.0147385304
v -0.0188307022 -0.0341014849 -0.0163852368
v -0.0226759075 -0.0349464506 -0.0145939281
f 6817 6819 6818
v -0.0188307022 -0.0341014849 -0.0163852368
v -0.022648304 -0.0313014054 -0.017248487
v -0.0229538055 -0.033572191 -0.0160753014
f 6820 6822 6821
v -0.0229538055 -0.033572191 -0.0160753014
v -0.0240259484 -0.0314733974 -0.0164813202
v -0.0236941414 -0.032868702 -0.0126297324
f 6823 6825 6824
v -0.0237990753 -0.0337416335 -0.0121085897
v -0.0228865727 -0.0348520436 -0.0129188222
v -0.0226759075 -0.0349464506 -0.0145939281
f 6826 6828 6827
v -0.0229538055 -0.033572191 -0.0160753014
v -0.0237990753 -0.0337416335 -0.0121085897
v -0.0226759075 -0.0349464506 -0.0145939281
f 6829 6831 6830
v -0.0239030502 -0.0310094823 -0.0204635668
v -0.0240259484 -0.0314733974 -0.0164813202
v -0.0233703322 -0.0309310242 -0.0195819797
f 6832 6834 6833
v -0.0240259484 -0.0314733974 -0.0164813202
v -0.0229538055 -0.033572191 -0.0160753014
v -0.0229061974 -0.0319677929 -0.0170934087
f 6835 6837 6836
v -0.0132333866 -0.0313485187 -0.00881253654
v -0.0118007425 -0.0315532874 -0.00823463633
v -0.0121140969 -0.0317356054 -0.00880703592
f 6838 6840 6839
v -0.0132333866 -0.0313485187 -0.00881253654
v -0.0160018273 -0.0311778567 -0.00922638865
v -0.0166481099 -0.03102599 -0.00868528732
f 6841 6843 6842
v -0.0132333866 -0.0313485187 -0.00881253654
v -0.0166481099 -0.03102599 -0.00868528732
v -0.0159273506 -0.0324889173 -0.00797578177
f 6844 6846 6845
v -0.0132333866 -0.0313485187 -0.00881253654
v -0.0121140969 -0.0317356054 -0.00880703592
v -0.0138813586 -0.032233019 -0.00953815179
f 6847 6849 6848
v -0.0132333866 -0.0313485187 -0.00881253654
v -0.0159273506 -0.0324889173 -0.00797578177
v -0.0132477158 -0.0324102642 -0.00835548854
f 6850 6852 6851
v -0.0132477158 -0.0324102642 -0.00835548854
v -0.0159273506 -0.0324889173 -0.00797578177
v -0.0129282838 -0.0335059653 -0.00692332032
f 6853 6855 6854
v -0.017842096 -0.0338277168 -0.00675504562
v -0.0190799561 -0.0309873692 -0.00895365956
v -0.0206761295 -0.0323350861 -0.00858340354
f 6856 6858 6857
v -0.0160018273 -0.0311778567 -0.00922638865
v -0.0138813586 -0.032233019 -0.00953815179
v -0.0158198091 -0.0340755185 -0.00989045657
f 6859 6861 6860
v -0.0166481099 -0.03102599 -0.00868528732
v -0.0190799561 -0.0309873692 -0.00895365956
v -0.0159273506 -0.0324889173 -0.00797578177
f 6862 6864 6863
v -0.0149055646 -0.0350523245 -0.00489900049
v -0.0129282838 -0.0335059653 -0.00692332032
v -0.017842096 -0.0338277168 -0.00675504562
f 6865 6867 6866
v -0.0223507115 -0.0305020862 -0.00964994688
v -0.0192705236 -0.030973056 -0.00980899567
v -0.0212397135 -0.0306986592 -0.00999792319
f 6868 6870 6869
v -0.0222223272 -0.032965737 -0.010651871
v -0.0240097637 -0.0324841269 -0.0107277621
v -0.0240456124 -0.0306561036 -0.0105731167
f 6871 6873 6872
v -0.0240097637 -0.0324841269 -0.0107277621
v -0.0241163259 -0.0316444522 -0.0107175045
v -0.0240456124 -0.0306561036 -0.0105731167
f 6874 6876 6875
v -0.0222223272 -0.032965737 -0.010651871
v -0.0240456124 -0.0306561036 -0.0105731167
v -0.0212397135 -0.0306986592 -0.00999792319
f 6877 6879 6878
v -0.0241373447 -0.0311780517 -0.00901083986
v -0.0243638875 -0.0312000542 -0.00828446209
v -0.0237764223 -0.0319824961 -0.0082019018
f 6880 6882 6881
v -0.0223507115 -0.0305020862 -0.00964994688
v -0.0241702044 -0.0304246409 -0.0094430281
v -0.0206761295 -0.0323350861 -0.00858340354
f 6883 6885 6884
v -0.0246086682 -0.0302414439 -0.0105028361
v -0.0246407406 -0.0300441636 -0.0104263403
v -0.0240456124 -0.0306561036 -0.0105731167
f 6886 6888 6887
v -0.0249228964 -0.0295572332 -0.00994156217
v -0.0246922136 -0.0300183165 -0.00966301595
v -0.0246734038 -0.0299863372 -0.0100014309
f 6889 6891 6890
v -0.025192654 -0.0298530533 -0.00994674629
v -0.024926156 -0.0306197297 -0.0106764841
v -0.0248101132 -0.0298531289 -0.0106293817
f 6892 6894 6893
v -0.0243599759 -0.0312210032 -0.0104497951
v -0.0243439237 -0.0312167133 -0.0107718763
v -0.024926156 -0.0306197297 -0.0106764841
f 6895 6897 6896
v -0.0241163259 -0.0316444522 -0.0107175045
v -0.0243439237 -0.0312167133 -0.0107718763
v -0.0243599759 -0.0312210032 -0.0104497951
f 6898 6900 6899
v -0.0243427479 -0.0312322198 -0.0101089798
v -0.0247442513 -0.0306600385 -0.010041827
v -0.0242833514 -0.031417553 -0.00972114067
f 6901 6903 6902
v -0.024926156 -0.0306197297 -0.0106764841
v -0.0243439237 -0.0312167133 -0.0107718763
v -0.0243103947 -0.0309490046 -0.0107588115
f 6904 6906 6905
v -0.0243221482 -0.0308685965 -0.010040839
v -0.0247442513 -0.0306600385 -0.010041827
v -0.0240456124 -0.0306561036 -0.0105731167
f 6907 6909 6908
v -0.0243221482 -0.0308685965 -0.010040839
v -0.0241702044 -0.0304246409 -0.0094430281
v -0.0247442513 -0.0306600385 -0.010041827
f 6910 6912 6911
v -0.024851301 -0.030542686 -0.00908826114
v -0.0247442513 -0.0306600385 -0.010041827
v -0.025192654 -0.0298530533 -0.00994674629
f 6913 6915 6914
v -0.0242243739 -0.0311440002 -0.0113511604
v -0.0246936193 -0.0303074135 -0.0107476917
v -0.0243231174 -0.030729032 -0.0107506188
f 6916 6918 6917
v -0.0246936193 -0.0303074135 -0.0107476917
v -0.0242243739 -0.0311440002 -0.0113511604
v -0.0248101132 -0.0298531289 -0.0106293817
f 6919 6921 6920
v -0.0244331663 -0.0309775205 -0.00889696094
v -0.0244134208 -0.0310010248 -0.00927965739
v -0.024851301 -0.030542686 -0.00908826114
f 6922 6924 6923
v -0.0243638875 -0.0312000542 -0.00828446209
v -0.0244331663 -0.0309775205 -0.00889696094
v -0.0243779054 -0.0307558337 -0.0089402507
f 6925 6927 6926
v -0.0243638875 -0.0312000542 -0.00828446209
v -0.0243779054 -0.0307558337 -0.0089402507
v -0.0245428964 -0.0303194305 -0.009190532
f 6928 6930 6929
v -0.0245428964 -0.0303194305 -0.009190532
v -0.0239218294 -0.0319791929 -0.00590153431
v -0.0243638875 -0.0312000542 -0.00828446209
f 6931 6933 6932
v -0.0243103947 -0.0309490046 -0.0107588115
v -0.0243231174 -0.030729032 -0.0107506188
v -0.0240456124 -0.0306561036 -0.0105731167
f 6934 6936 6935
v -0.0241373447 -0.0311780517 -0.00901083986
v -0.0243878618 -0.0310139352 -0.00962757404
v -0.0243221482 -0.0308685965 -0.010040839
f 6937 6939 6938
v -0.0244331663 -0.0309775205 -0.00889696094
v -0.0244134208 -0.0310010248 -0.00927965739
v -0.0241373447 -0.0311780517 -0.00901083986
f 6940 6942 6941
v -0.0242833514 -0.031417553 -0.00972114067
v -0.0243638875 -0.0312000542 -0.00828446209
v -0.0241373447 -0.0311780517 -0.00901083986
f 6943 6945 6944
v -0.0246411131 -0.0301781489 -0.00958504097
v -0.0246922136 -0.0300183165 -0.00966301595
v -0.0245428964 -0.0303194305 -0.009190532
f 6946 6948 6947
v -0.0249228964 -0.0295572332 -0.00994156217
v -0.0245428964 -0.0303194305 -0.009190532
v -0.0246922136 -0.0300183165 -0.00966301595
f 6949 6951 6950
v -0.0241373447 -0.0311780517 -0.00901083986
v -0.0244134208 -0.0310010248 -0.00927965739
v -0.0243878618 -0.0310139352 -0.00962757404
f 6952 6954 6953
v -0.0157373302 -0.0357954035 -0.0112004738
v -0.019766872 -0.0341351668 -0.0107193948
v -0.0158198091 -0.0340755185 -0.00989045657
f 6955 6957 6956
v -0.0195941597 -0.0363642059 -0.00150025935
v -0.0183262469 -0.0371938484 0.000835967694
v -0.0161003321 -0.0368865934 -0.0022369657
f 6958 6960 6959
v -0.017842096 -0.0338277168 -0.00675504562
v -0.0218653382 -0.033900456 -0.00596639366
v -0.0194672146 -0.0353472569 -0.00375654272
f 6961 6963 6962
v -0.0227311393 -0.0351186754 -0.00291921988
v -0.0183262469 -0.0371938484 0.000835967694
v -0.0215942884 -0.0355266442 -0.0030663432
f 6964 6966 6965
v -0.0227311393 -0.0351186754 -0.00291921988
v -0.0223038485 -0.0359367521 0.000853579331
v -0.0183262469 -0.0371938484 0.000835967694
f 6967 6969 6968
v -0.0195941597 -0.0363642059 -0.00150025935
v -0.0215942884 -0.0355266442 -0.0030663432
v -0.0183262469 -0.0371938484 0.000835967694
f 6970 6972 6971
v -0.0240097637 -0.0324841269 -0.0107277621
v -0.0242243739 -0.0311440002 -0.0113511604
v -0.0241163259 -0.0316444522 -0.0107175045
f 6973 6975 6974
v -0.0228865727 -0.0348520436 -0.0129188222
v -0.0222223272 -0.032965737 -0.010651871
v -0.019766872 -0.0341351668 -0.0107193948
f 6976 6978 6977
v -0.0237990753 -0.0337416335 -0.0121085897
v -0.0236941414 -0.032868702 -0.0126297324
v -0.0240097637 -0.0324841269 -0.0107277621
f 6979 6981 6980
v -0.0218653382 -0.033900456 -0.00596639366
v -0.0237764223 -0.0319824961 -0.0082019018
v -0.0239730289 -0.0320129882 -0.00675838382
f 6982 6984 6983
v -0.0239206289 -0.0328659982 -0.00483260737
v -0.0218653382 -0.033900456 -0.00596639366
v -0.0239218294 -0.0319791929 -0.00590153431
f 6985 6987 6986
v -0.0227311393 -0.0351186754 -0.00291921988
v -0.0215942884 -0.0355266442 -0.0030663432
v -0.0235152664 -0.034023865 -0.00458832728
f 6988 6990 6989
v -0.019766872 -0.0341351668 -0.0107193948
v -0.0222223272 -0.032965737 -0.010651871
v -0.0158198091 -0.0340755185 -0.00989045657
f 6991 6993 6992
v -0.017842096 -0.0338277168 -0.00675504562
v -0.0206761295 -0.0323350861 -0.00858340354
v -0.0237764223 -0.0319824961 -0.0082019018
f 6994 6996 6995
v -0.0218653382 -0.033900456 -0.00596639366
v -0.0235152664 -0.034023865 -0.00458832728
v -0.0215942884 -0.0355266442 -0.0030663432
f 6997 6999 6998
v -0.0239730289 -0.0320129882 -0.00675838382
v -0.0239218294 -0.0319791929 -0.00590153431
v -0.0218653382 -0.033900456 -0.00596639366
f 7000 7002 7001
v -0.0148701365 -0.032551153 -0.0211807492
v -0.0128671745 -0.0329022732 -0.020752789
v -0.0116487317 -0.0336259982 -0.0221950468
f 7003 7005 7004
v -0.01198932 -0.0334439304 -0.0163349046
v -0.0157212271 -0.0344141939 -0.0160839263
v -0.0110191846 -0.0346257119 -0.0157451941
f 7006 7008 7007
v -0.0112288209 -0.0319563405 -0.0175278954
v -0.0124213868 -0.0316435238 -0.0192674721
v -0.0127343636 -0.0315819023 -0.0177460868
f 7009 7011 7010
v -0.0149055646 -0.0350523245 -0.00489900049
v -0.0161003321 -0.0368865934 -0.0022369657
v -0.0133822745 -0.0372253708 -0.00200282175
f 7012 7014 7013
v 0.000502915645 -0.038335289 -0.0143593716
v 0.000886684575 -0.0380730024 -0.0138744435
v 0.000530606485 -0.0385437597 -0.0149306943
f 7015 7017 7016
v -0.00018544597 -0.0373946765 -0.0135494061
v 0.000861472654 -0.0379081408 -0.0140351272
v 0.000502915645 -0.038335289 -0.0143593716
f 7018 7020 7019
v -0.014368938 -0.028745181 -0.0297937804
v -0.0124927261 -0.0302762201 -0.0295214093
v -0.0102251164 -0.0294783851 -0.0314970006
f 7021 7023 7022
v -0.000910594099 -0.0388913992 -0.00301441014
v -0.000308635936 -0.037531284 -0.00618317936
v -0.000533498678 -0.0373911113 -0.00414892638
f 7024 7026 7025
v 0.00147203245 -0.035335499 -0.0196396708
v 0.00122107595 -0.0350513001 -0.0203644333
v 0.0011781769 -0.0350396731 -0.0206854427
f 7027 7029 7028
v 0.00147203245 -0.035335499 -0.0196396708
v 0.0011781769 -0.0350396731 -0.0206854427
v 0.00115458024 -0.0350283284 -0.0210706407
f 7030 7032 7031
v 0.00115913426 -0.0351654249 -0.0225933327
v 0.0011326134 -0.0350067829 -0.0214556931
v 0.00112110065 -0.0349758804 -0.0218403744
f 7033 7035 7034
v 0.00190943538 -0.036169638 -0.00862991219
v 0.000464871846 -0.0369871472 -0.00773060965
v 0.00124537473 -0.0377978926 -0.00803152507
f 7036 7038 7037
v 0.000126063242 -0.0393790076 -0.00498714144
v -0.000308635936 -0.037531284 -0.00618317936
v -0.000910594099 -0.0388913992 -0.00301441014
f 7039 7041 7040
v -0.000910594099 -0.0388913992 -0.00301441014
v -0.00119684046 -0.0402388454 -0.00148580475
v 0.000126063242 -0.0393790076 -0.00498714144
f 7042 7044 7043
v -0.00833058511 -0.0345267617 -0.0232625767
v -0.00578793697 -0.034962254 -0.0226580538
v -0.00489110971 -0.0347729743 -0.0269474491
f 7045 7047 7046
v 0.00329843169 -0.0380224083 0.000841128531
v 0.00106332664 -0.0427058287 -0.00020950074
v 0.000721890683 -0.0429103646 0.000851637105
f 7048 7050 7049
v -0.00135138398 -0.0405280589 -0.000164828998
v -0.0053628286 -0.0396852643 -0.000912681571
v -0.00653091993 -0.039469765 0.000845940485
f 7051 7053 7052
v -0.0180066709 -0.00333253811 -0.0390389643
v -0.0155651476 -0.00714114503 -0.039783612
v -0.013545595 -0.00255595332 -0.040065893
f 7054 7056 7055
v -0.0127962427 0.00273742153 -0.0390257832
v -0.019649489 0.00185828358 -0.0376116019
v -0.0180066709 -0.00333253811 -0.0390389643
f 7057 7059 7058
v -0.0127962427 0.00273742153 -0.0390257832
v -0.0152053399 0.00396888754 -0.0379666686
v -0.019649489 0.00185828358 -0.0376116019
f 7060 7062 7061
v -0.0209965336 -0.0035671339 -0.0385969121
v -0.019649489 0.00185828358 -0.0376116019
v -0.0247480959 -0.00301001819 -0.0372544862
f 7063 7065 7064
v -0.0155651476 -0.00714114503 -0.039783612
v -0.0180066709 -0.00333253811 -0.0390389643
v -0.0188913866 -0.011459391 -0.0389232679
f 7066 7068 7067
v -0.0127962427 0.00273742153 -0.0390257832
v -0.0180066709 -0.00333253811 -0.0390389643
v -0.013545595 -0.00255595332 -0.040065893
f 7069 7071 7070
v -0.0253683771 0.00223717907 -0.035625996
v -0.0274279737 0.00338718492 -0.0335914665
v -0.027385389 0.000764899141 -0.034808871
f 7072 7074 7073
v -0.0253683771 0.00223717907 -0.035625996
v -0.027385389 0.000764899141 -0.034808871
v -0.0276273291 -0.000764980814 -0.0354778313
f 7075 7077 7076
v -0.0237381668 0.00438767274 -0.035552925
v -0.0253683771 0.00223717907 -0.035625996
v -0.0214487634 0.00435547809 -0.0361308688
f 7078 7080 7079
v -0.0276571023 0.00535874678 -0.0317250466
v -0.02873044 -0.00140965976 -0.0262693531
v -0.0272999692 -0.00280313725 -0.0356175762
f 7081 7083 7082
v -0.0279874424 0.00638666897 -0.0327710295
v -0.0273954065 0.00480953568 -0.0331931515
v -0.0254888175 0.0062329309 -0.0335979654
f 7084 7086 7085
v -0.0254888175 0.0062329309 -0.0335979654
v -0.0272558478 0.00765402438 -0.0329348259
v -0.0279874424 0.00638666897 -0.0327710295
f 7087 7089 7088
v -0.0276571023 0.00535874678 -0.0317250466
v -0.0273954065 0.00480953568 -0.0331931515
v -0.0279874424 0.00638666897 -0.0327710295
f 7090 7092 7091
v -0.0273954065 0.00480953568 -0.0331931515
v -0.0276571023 0.00535874678 -0.0317250466
v -0.0274279737 0.00338718492 -0.0335914665
f 7093 7095 7094
v -0.0276273291 -0.000764980814 -0.0354778313
v -0.0272999692 -0.00280313725 -0.0356175762
v -0.0247480959 -0.00301001819 -0.0372544862
f 7096 7098 7097
v -0.0283291505 0.00895783814 -0.0231735554
v -0.02873044 -0.00140965976 -0.0262693531
v -0.0276571023 0.00535874678 -0.0317250466
f 7099 7101 7100
v -0.0271588098 -0.00577914216 -0.0357666082
v -0.0272999692 -0.00280313725 -0.0356175762
v -0.0292286772 -0.00908708389 -0.0251232384
f 7102 7104 7103
v -0.0272999692 -0.00280313725 -0.0356175762
v -0.0276273291 -0.000764980814 -0.0354778313
v -0.027385389 0.000764899141 -0.034808871
f 7105 7107 7106
v -0.027385389 0.000764899141 -0.034808871
v -0.0276571023 0.00535874678 -0.0317250466
v -0.0272999692 -0.00280313725 -0.0356175762
f 7108 7110 7109
v -0.0247480959 -0.00301001819 -0.0372544862
v -0.0272999692 -0.00280313725 -0.0356175762
v -0.0271588098 -0.00577914216 -0.0357666082
f 7111 7113 7112
v -0.0271588098 -0.00577914216 -0.0357666082
v -0.0270855176 -0.00849006829 -0.0357014505
v -0.0258128508 -0.00775520384 -0.036769401
f 7114 7116 7115
v -0.0273954065 0.00480953568 -0.0331931515
v -0.0274279737 0.00338718492 -0.0335914665
v -0.0254888175 0.0062329309 -0.0335979654
f 7117 7119 7118
v -0.0159463001 -0.013546909 -0.0393762835
v -0.0188913866 -0.011459391 -0.0389232679
v -0.0202608499 -0.0144884485 -0.037842046
f 7120 7122 7121
v -0.0202608499 -0.0144884485 -0.037842046
v -0.0203739764 -0.0108903325 -0.038404463
v -0.022813816 -0.01261898 -0.0375380478
f 7123 7125 7124
v -0.0202608499 -0.0144884485 -0.037842046
v -0.018382461 -0.0191033017 -0.0374111318
v -0.018337791 -0.0167206861 -0.0381241436
f 7126 7128 7127
v -0.0201684583 -0.0199290618 -0.0365084212
v -0.0202608499 -0.0144884485 -0.037842046
v -0.0233183237 -0.0166256199 -0.036503619
f 7129 7131 7130
v -0.0225270953 -0.00747478407 -0.0380627607
v -0.022813816 -0.01261898 -0.0375380478
v -0.0203739764 -0.0108903325 -0.038404463
f 7132 7134 7133
v -0.0271588098 -0.00577914216 -0.0357666082
v -0.0268705655 -0.0104655373 -0.0338454556
v -0.0270855176 -0.00849006829 -0.0357014505
f 7135 7137 7136
v -0.0260707748 -0.011647497 -0.0360532344
v -0.0258128508 -0.00775520384 -0.036769401
v -0.0270855176 -0.00849006829 -0.0357014505
f 7138 7140 7139
v -0.0260707748 -0.011647497 -0.0360532344
v -0.0268705655 -0.0104655373 -0.0338454556
v -0.0253934646 -0.0148398438 -0.0353406824
f 7141 7143 7142
v -0.0270855176 -0.00849006829 -0.0357014505
v -0.0268705655 -0.0104655373 -0.0338454556
v -0.0260707748 -0.011647497 -0.0360532344
f 7144 7146 7145
v -0.0292286772 -0.00908708389 -0.0251232384
v -0.0253934646 -0.0148398438 -0.0353406824
v -0.0268705655 -0.0104655373 -0.0338454556
f 7147 7149 7148
v -0.018475877 -0.0216801083 -0.0359664235
v -0.0201684583 -0.0199290618 -0.0365084212
v -0.0214434636 -0.0200790193 -0.0352422358
f 7150 7152 7151
v -0.0214434636 -0.0200790193 -0.0352422358
v -0.0177965208 -0.0225259646 -0.0350560964
v -0.018475877 -0.0216801083 -0.0359664235
f 7153 7155 7154
v -0.0233036379 -0.0183874901 -0.0355822849
v -0.023025964 -0.0193235916 -0.0328653317
v -0.0214434636 -0.0200790193 -0.0352422358
f 7156 7158 7157
v -0.0233183237 -0.0166256199 -0.036503619
v -0.0233036379 -0.0183874901 -0.0355822849
v -0.0201684583 -0.0199290618 -0.0365084212
f 7159 7161 7160
v -0.0231344457 -0.021429242 -0.0306429632
v -0.020803095 -0.0206404176 -0.0332779397
v -0.023025964 -0.0193235916 -0.0328653317
f 7162 7164 7163
v -0.0245364266 -0.0162790602 -0.0346154004
v -0.023025964 -0.0193235916 -0.0328653317
v -0.0233036379 -0.0183874901 -0.0355822849
f 7165 7167 7166
v -0.0245364266 -0.0162790602 -0.0346154004
v -0.0243930524 -0.0181982861 -0.0322778826
v -0.023025964 -0.0193235916 -0.0328653317
f 7168 7170 7169
v -0.0231344457 -0.021429242 -0.0306429632
v -0.0222418195 -0.0244285184 -0.030009076
v -0.0207742298 -0.0236687265 -0.0315342593
f 7171 7173 7172
v -0.020803095 -0.0206404176 -0.0332779397
v -0.0231344457 -0.021429242 -0.0306429632
v -0.0207742298 -0.0236687265 -0.0315342593
f 7174 7176 7175
v -0.0253934646 -0.0148398438 -0.0353406824
v -0.0243930524 -0.0181982861 -0.0322778826
v -0.0245364266 -0.0162790602 -0.0346154004
f 7177 7179 7178
v -0.0253934646 -0.0148398438 -0.0353406824
v -0.02714773 -0.0170828935 -0.0268402568
v -0.0243930524 -0.0181982861 -0.0322778826
f 7180 7182 7181
v -0.0231344457 -0.021429242 -0.0306429632
v -0.0243930524 -0.0181982861 -0.0322778826
v -0.0251649501 -0.0206038574 -0.0279874104
f 7183 7185 7184
v -0.0243930524 -0.0181982861 -0.0322778826
v -0.0276131614 -0.0187941172 -0.0241704969
v -0.0251649501 -0.0206038574 -0.0279874104
f 7186 7188 7187
v -0.0231344457 -0.021429242 -0.0306429632
v -0.0246097625 -0.0250129757 -0.0272128585
v -0.0222418195 -0.0244285184 -0.030009076
f 7189 7191 7190
v -0.0250192446 -0.0238359164 -0.0257307896
v -0.0246097625 -0.0250129757 -0.0272128585
v -0.0251649501 -0.0206038574 -0.0279874104
f 7192 7194 7193
v -0.0250192446 -0.0238359164 -0.0257307896
v -0.0251649501 -0.0206038574 -0.0279874104
v -0.0276131614 -0.0187941172 -0.0241704969
f 7195 7197 7196
v -0.0245364266 -0.0162790602 -0.0346154004
v -0.0233183237 -0.0166256199 -0.036503619
v -0.0253934646 -0.0148398438 -0.0353406824
f 7198 7200 7199
v -0.0253683771 0.00223717907 -0.035625996
v -0.0276273291 -0.000764980814 -0.0354778313
v -0.0247480959 -0.00301001819 -0.0372544862
f 7201 7203 7202
v -0.0271588098 -0.00577914216 -0.0357666082
v -0.0258128508 -0.00775520384 -0.036769401
v -0.0247480959 -0.00301001819 -0.0372544862
f 7204 7206 7205
v -0.02873044 -0.00140965976 -0.0262693531
v -0.0310461968 -0.0117925716 -0.0169707419
v -0.0292286772 -0.00908708389 -0.0251232384
f 7207 7209 7208
v -0.0305218855 -0.00532709273 -0.00526342847
v -0.030884007 -0.00622505249 0.000847848423
v -0.0302609493 -0.0139082709 -0.00348554167
f 7210 7212 7211
v -0.028949618 0.00674524708 -0.014003666
v -0.0290648459 0.00383454717 -0.0103595296
v -0.0295819627 0.00122032461 -0.0180233415
f 7213 7215 7214
v -0.0295819627 0.00122032461 -0.0180233415
v -0.0309619762 -0.00614303717 -0.0160036405
v -0.02873044 -0.00140965976 -0.0262693531
f 7216 7218 7217
v -0.028949618 0.00674524708 -0.014003666
v -0.0295819627 0.00122032461 -0.0180233415
v -0.0283291505 0.00895783814 -0.0231735554
f 7219 7221 7220
v -0.0290648459 0.00383454717 -0.0103595296
v -0.0305218855 -0.00532709273 -0.00526342847
v -0.0302054454 -0.00301455038 -0.011522149
f 7222 7224 7223
v -0.0310461968 -0.0117925716 -0.0169707419
v -0.0276131614 -0.0187941172 -0.0241704969
v -0.0292286772 -0.00908708389 -0.0251232384
f 7225 7227 7226
v -0.0276131614 -0.0187941172 -0.0241704969
v -0.0305957219 -0.0164568017 -0.0148570034
v -0.0267586496 -0.0229966521 -0.021264315
f 7228 7230 7229
v -0.0305957219 -0.0164568017 -0.0148570034
v -0.0286684895 -0.0215405278 -0.0134560469
v -0.0267586496 -0.0229966521 -0.021264315
f 7231 7233 7232
v -0.0286684895 -0.0215405278 -0.0134560469
v -0.0264248753 -0.0257440173 -0.0120913064
v -0.0267586496 -0.0229966521 -0.021264315
f 7234 7236 7235
v -0.0304820831 -0.0149928339 -0.00970746623
v -0.0305957219 -0.0164568017 -0.0148570034
v -0.0310232834 -0.0133742651 -0.0135012277
f 7237 7239 7238
v -0.0283267116 -0.0218524292 -0.00846713301
v -0.0286684895 -0.0215405278 -0.0134560469
v -0.0305957219 -0.0164568017 -0.0148570034
f 7240 7242 7241
v -0.0304820831 -0.0149928339 -0.00970746623
v -0.0275924103 -0.0237805085 -0.00181138093
v -0.0283267116 -0.0218524292 -0.00846713301
f 7243 7245 7244
v -0.0304019137 -0.013442483 0.000847782303
v -0.0275924103 -0.0237805085 -0.00181138093
v -0.0304820831 -0.0149928339 -0.00970746623
f 7246 7248 7247
v -0.0304019137 -0.013442483 0.000847782303
v -0.0272067584 -0.0245427043 0.000845462546
v -0.0275924103 -0.0237805085 -0.00181138093
f 7249 7251 7250
v -0.0304820831 -0.0149928339 -0.00970746623
v -0.0283267116 -0.0218524292 -0.00846713301
v -0.0305957219 -0.0164568017 -0.0148570034
f 7252 7254 7253
v -0.0309619762 -0.00614303717 -0.0160036405
v -0.0310232834 -0.0133742651 -0.0135012277
v -0.0310461968 -0.0117925716 -0.0169707419
f 7255 7257 7256
v -0.0267586496 -0.0229966521 -0.021264315
v -0.0243432456 -0.0302710658 -0.0188523059
v -0.0250192446 -0.0238359164 -0.0257307896
f 7258 7260 7259
v -0.00695526032 -0.00401840698 -0.0416265131
v -0.0101521255 0.000853537767 -0.0402929756
v -0.00938959711 -0.00635851466 -0.0412433146
f 7261 7263 7262
v 0.00632680458 -0.0137191964 -0.0269552082
v 0.00570809643 -0.0196414549 -0.0209942154
v 0.00890874217 -0.00623480228 -0.0149035826
f 7264 7266 7265
v 0.00890874217 -0.00623480228 -0.0149035826
v 0.00570809643 -0.0196414549 -0.0209942154
v 0.00775655935 -0.0134981849 -0.0148848194
f 7267 7269 7268
v -0.0279874424 0.00638666897 -0.0327710295
v -0.0275121827 0.00814168816 -0.0317462283
v -0.027480867 0.00812213912 -0.031746403
f 7270 7272 7271
v -0.027550105 0.00843831149 -0.031089285
v -0.0279874424 0.00638666897 -0.0327710295
v -0.027480867 0.00812213912 -0.031746403
f 7273 7275 7274
v 0.00283931149 0.0181041614 -0.0325457804
v 0.00345569133 0.0169432824 -0.033605122
v 0.0035729201 0.0176758782 -0.0325902598
f 7276 7278 7277
v 0.00307291193 0.0171193693 -0.0314067409
v 0.00295150094 0.0169715335 -0.0318573555
v 0.00309968455 0.0168765153 -0.0318482402
f 7279 7281 7280
v 0.00661150698 0.0211216087 -0.022995146
v 0.00653618772 0.0221068956 -0.020776497
v 0.00606535905 0.0211430553 -0.0240977286
f 7282 7284 7283
v 0.00648214773 0.0228182631 -0.0184823162
v 0.00735934736 0.023402214 -0.0110571942
v 0.00665634871 0.0235097672 -0.0149175568
f 7285 7287 7286
v -0.0159463001 -0.013546909 -0.0393762835
v -0.0202608499 -0.0144884485 -0.037842046
v -0.0156112044 -0.0159955831 -0.0389076333
f 7288 7290 7289
v -0.0246097625 -0.0250129757 -0.0272128585
v -0.0243585979 -0.0266089308 -0.0254395505
v -0.0222418195 -0.0244285184 -0.030009076
f 7291 7293 7292
v -0.000146137609 -0.0427189952 -0.00138800442
v 0.000721890683 -0.0429103646 0.000851637105
v 0.00106332664 -0.0427058287 -0.00020950074
f 7294 7296 7295
v -0.00115841249 -0.0403173646 0.000847300907
v -0.00123126156 -0.0418637937 -0.00128721349
v -0.00119684046 -0.0402388454 -0.00148580475
f 7297 7299 7298
v -0.0161003321 -0.0368865934 -0.0022369657
v -0.012702019 -0.0380138983 0.000852895482
v -0.0133822745 -0.0372253708 -0.00200282175
f 7300 7302 7301
v -0.000146137609 -0.0427189952 -0.00138800442
v -0.00104579231 -0.0421423727 0.000846293278
v 0.000721890683 -0.0429103646 0.000851637105
f 7303 7305 7304
v -0.0120359051 0.0289980497 -0.00193991364
v -0.00744000863 0.0285729329 0.000846996682
v -0.01444472 0.0290120195 0.000845743307
f 7306 7308 7307
v -0.00123126156 -0.0418637937 -0.00128721349
v -0.00115841249 -0.0403173646 0.000847300907
v -0.00104579231 -0.0421423727 0.000846293278
f 7309 7311 7310
v -0.0237275759 0.0290334399 -0.000673913837
v -0.0186382807 0.0284824375 0.000844760416
v -0.0237743734 0.0290608616 0.000844549868
f 7312 7314 7313
v 0.00462013268 0.0178963979 0.03169876
v 0.00428445492 0.0192371037 0.0314483739
v 0.00511261023 0.0184739576 0.0324452383
f 7315 7317 7316
v 0.00656831835 0.0212066909 0.0246686686
v 0.00653430179 0.0206682758 0.0262043119
v 0.00656862394 0.0207388293 0.0262017245
f 7318 7320 7319
v 0.00617003243 0.0207527322 0.0266266754
v 0.00656831835 0.0212066909 0.0246686686
v 0.00656862394 0.0207388293 0.0262017245
f 7321 7323 7322
v 0.00617003243 0.0207527322 0.0266266754
v 0.00656862394 0.0207388293 0.0262017245
v 0.00653430179 0.0206682758 0.0262043119
f 7324 7326 7325
v 0.00652415038 0.0204685508 0.0264551229
v 0.00653430179 0.0206682758 0.0262043119
v 0.00656862394 0.0207388293 0.0262017245
f 7327 7329 7328
v 0.0055202574 0.0160521813 0.0308594288
v 0.00604493398 0.0181939758 0.0309429743
v 0.00591622374 0.019118459 0.0302260014
f 7330 7332 7331
v 0.00652415038 0.0204685508 0.0264551229
v 0.00591622374 0.019118459 0.0302260014
v 0.00623173109 0.0199976188 0.0286725903
f 7333 7335 7334
v 0.00371416972 0.0139181575 0.0373800693
v 0.00305868452 0.0138902615 0.0375463511
v 0.00305560097 0.0138919495 0.0376032403
f 7336 7338 7337
v 0.00305868452 0.0138902615 0.0375463511
v 0.00270617675 0.0137751791 0.0375982781
v 0.00305560097 0.0138919495 0.0376032403
f 7339 7341 7340
v 0.00269520169 0.0138211049 0.0375727686
v 0.00305560097 0.0138919495 0.0376032403
v 0.00270617675 0.0137751791 0.0375982781
f 7342 7344 7343
v 0.00269520169 0.0138211049 0.0375727686
v 0.00270617675 0.0137751791 0.0375982781
v 0.00253439866 0.0137568233 0.0376161886
f 7345 7347 7346
v 0.000461853779 0.0133125155 0.0377407909
v 0.00269520169 0.0138211049 0.0375727686
v 0.00253705948 0.0137553856 0.0375669129
f 7348 7350 7349
v 0.0024359957 0.0134375252 0.0376776588
v 0.00253439866 0.0137568233 0.0376161886
v 0.00253705948 0.0137553856 0.0375669129
f 7351 7353 7352
v 0.0024359957 0.0134375252 0.0376776588
v 0.000461853779 0.0133125155 0.0377407909
v 0.00253439866 0.0137568233 0.0376161886
f 7354 7356 7355
v 0.00269520169 0.0138211049 0.0375727686
v 0.00305868452 0.0138902615 0.0375463511
v 0.00305560097 0.0138919495 0.0376032403
f 7357 7359 7358
v 0.00270617675 0.0137751791 0.0375982781
v 0.00253705948 0.0137553856 0.0375669129
v 0.00253439866 0.0137568233 0.0376161886
f 7360 7362 7361
v 0.00417963893 0.0159907839 0.0356150529
v 0.00373535731 0.0157501796 0.0358145509
v 0.00346353918 0.0158317198 0.0357972283
f 7363 7365 7364
v 0.00417963893 0.0159907839 0.0356150529
v 0.00346353918 0.0158317198 0.0357972283
v 0.00371159549 0.0163050849 0.0356695527
f 7366 7368 7367
v 0.00269520169 0.0138211049 0.0375727686
v 0.00377820688 0.0143680329 0.03737027
v 0.00305868452 0.0138902615 0.0375463511
f 7369 7371 7370
v 0.00399203418 0.0174571192 0.0348055182
v 0.00357278041 0.0176761459 0.0342827552
v 0.00359640399 0.0177192167 0.0342812884
f 7372 7374 7373
v 0.00427184568 0.0170098836 0.0346336747
v 0.00359640399 0.0177192167 0.0342812884
v 0.00357278041 0.0176761459 0.0342827552
f 7375 7377 7376
v 0.00293332996 0.0163373872 0.0357126642
v 0.00351018098 0.0161228425 0.0350639661
v 0.00371619826 0.0164210607 0.0354437885
f 7378 7380 7379
v 0.00346353918 0.0158317198 0.0357972283
v 0.00370909838 0.015512346 0.036605724
v 0.00293332996 0.0163373872 0.0357126642
f 7381 7383 7382
v 0.00276313222 0.0155451809 0.0348617235
v 0.00289669697 0.0157006216 0.0347528694
v 0.00261889436 0.0157916642 0.0347165798
f 7384 7386 7385
v 0.00276313222 0.0155451809 0.0348617235
v 0.00261889436 0.0157916642 0.0347165798
v 0.0025240035 0.0156915965 0.0346932706
f 7387 7389 7388
v 0.00346353918 0.0158317198 0.0357972283
v 0.00293332996 0.0163373872 0.0357126642
v 0.00371159549 0.0163050849 0.0356695527
f 7390 7392 7391
v 0.00363525614 0.0162598779 0.0354500749
v 0.00351018098 0.0161228425 0.0350639661
v 0.00417963893 0.0159907839 0.0356150529
f 7393 7395 7394
v 0.00427184568 0.0170098836 0.0346336747
v 0.00304269925 0.0165766731 0.0344093365
v 0.00351018098 0.0161228425 0.0350639661
f 7396 7398 7397
v 0.00329799077 0.0152748209 0.0354463293
v 0.00422230514 0.01552342 0.03446849
v 0.00349076727 0.0151561588 0.0354794785
f 7399 7401 7400
v 0.00352685893 0.0152207518 0.0354772783
v 0.00329799077 0.0152748209 0.0354463293
v 0.00349076727 0.0151561588 0.0354794785
f 7402 7404 7403
v 0.00261889436 0.0157916642 0.0347165798
v 0.00274094273 0.016001139 0.0341925857
v 0.00289669697 0.0157006216 0.0347528694
f 7405 7407 7406
v 0.00264011323 0.015645106 0.0349072157
v 0.00261889436 0.0157916642 0.0347165798
v 0.00289669697 0.0157006216 0.0347528694
f 7408 7410 7409
v 0.00264011323 0.015645106 0.0349072157
v 0.00289669697 0.0157006216 0.0347528694
v 0.00294950878 0.0156493028 0.0349479698
f 7411 7413 7412
v 0.00351018098 0.0161228425 0.0350639661
v 0.00261889436 0.0157916642 0.0347165798
v 0.00289669697 0.0157006216 0.0347528694
f 7414 7416 7415
v 0.00422230514 0.01552342 0.03446849
v 0.00329799077 0.0152748209 0.0354463293
v 0.00294950878 0.0156493028 0.0349479698
f 7417 7419 7418
v 0.00422230514 0.01552342 0.03446849
v 0.00294950878 0.0156493028 0.0349479698
v 0.00289669697 0.0157006216 0.0347528694
f 7420 7422 7421
v 0.00495333661 0.01673808 0.0330086536
v 0.0049610826 0.0167339967 0.0328727328
v 0.00474734406 0.0156864015 0.0329023344
f 7423 7425 7424
v 0.00495333661 0.01673808 0.0330086536
v 0.00474734406 0.0156864015 0.0329023344
v 0.00458705181 0.0166544327 0.0332651107
f 7426 7428 7427
v 0.00417963893 0.0159907839 0.0356150529
v 0.00371619826 0.0164210607 0.0354437885
v 0.00363525614 0.0162598779 0.0354500749
f 7429 7431 7430
v 0.00293332996 0.0163373872 0.0357126642
v 0.00371619826 0.0164210607 0.0354437885
v 0.00363525614 0.0162598779 0.0354500749
f 7432 7434 7433
v 0.00422230514 0.01552342 0.03446849
v 0.00446955091 0.014873383 0.03534141
v 0.00352685893 0.0152207518 0.0354772783
f 7435 7437 7436
v 0.00351018098 0.0161228425 0.0350639661
v 0.00346353918 0.0158317198 0.0357972283
v 0.00373535731 0.0157501796 0.0358145509
f 7438 7440 7439
v 0.00352685893 0.0152207518 0.0354772783
v 0.00425739854 0.0150863387 0.0358672842
v 0.00329799077 0.0152748209 0.0354463293
f 7441 7443 7442
v 0.00351018098 0.0161228425 0.0350639661
v 0.00329799077 0.0152748209 0.0354463293
v 0.00346353918 0.0158317198 0.0357972283
f 7444 7446 7445
v 0.00371159549 0.0163050849 0.0356695527
v 0.00363525614 0.0162598779 0.0354500749
v 0.00371619826 0.0164210607 0.0354437885
f 7447 7449 7448
v 0.00531418627 0.016804169 0.0326306414
v 0.0049610826 0.0167339967 0.0328727328
v 0.00495333661 0.01673808 0.0330086536
f 7450 7452 7451
v 0.0049610826 0.0167339967 0.0328727328
v 0.00495333661 0.01673808 0.0330086536
v 0.00458705181 0.0166544327 0.0332651107
f 7453 7455 7454
v 0.0049610826 0.0167339967 0.0328727328
v 0.00458705181 0.0166544327 0.0332651107
v 0.00306217262 0.0165627382 0.0336141879
f 7456 7458 7457
v 0.00422230514 0.01552342 0.03446849
v 0.00274094273 0.016001139 0.0341925857
v 0.00458705181 0.0166544327 0.0332651107
f 7459 7461 7460
v 0.00474734406 0.0156864015 0.0329023344
v 0.00422230514 0.01552342 0.03446849
v 0.00458705181 0.0166544327 0.0332651107
f 7462 7464 7463
v -0.0241060072 0.0275428349 0.00728770101
v -0.0237394153 0.0277202518 0.00752870546
v -0.0243427625 0.0271436438 0.00810295169
f 7465 7467 7466
v -0.0241060072 0.0275428349 0.00728770101
v -0.0243427625 0.0271436438 0.00810295169
v -0.0241609378 0.0275773084 0.00728797895
f 7468 7470 7469
v 0.00347827445 0.0177048132 0.0336645666
v 0.00357278041 0.0176761459 0.0342827552
v 0.00359640399 0.0177192167 0.0342812884
f 7471 7473 7472
v 0.00186394827 -0.00834395978 0.0438619521
v 0.00199276983 -0.0100219353 0.0448364503
v 0.00139570766 -0.00809879493 0.0448506296
f 7474 7476 7475
v -0.00116988595 0.00514795502 0.0419139687
v -0.00434201902 0.00652182425 0.0410812936
v -0.00123643913 0.007490602 0.0411140762
f 7477 7479 7478
v -0.000242197711 -0.00527011252 0.0446983409
v 0.0016111735 -0.0071075985 0.0449160696
v 0.00139570766 -0.00809879493 0.0448506296
f 7480 7482 7481
v 0.00186394827 -0.00834395978 0.0438619521
v 0.00139570766 -0.00809879493 0.0448506296
v 0.0016111735 -0.0071075985 0.0449160696
f 7483 7485 7484
v -0.000330500188 0.0264545612 0.0097888842
v 0.00372678915 0.0253738399 0.0113367088
v 0.00449846993 0.0243722097 0.0145089783
f 7486 7488 7487
v 9.43262421e-05 0.0267806521 0.00741182012
v 0.00321183761 0.0262505579 0.00644251122
v 0.00372678915 0.0253738399 0.0113367088
f 7489 7491 7490
v 0.00790723716 0.0247242686 0.00251626825
v 0.00600018247 0.0256608299 0.000842822737
v 0.00777326641 0.0247621152 0.000843381167
f 7492 7494 7493
v 9.43262421e-05 0.0267806521 0.00741182012
v -0.000882181484 0.0272886507 0.00346235975
v 0.00321183761 0.0262505579 0.00644251122
f 7495 7497 7496
v -0.00973795832 0.0287607487 0.00382254038
v -0.00605369496 0.0283508445 0.000845709746
v -0.00567281095 0.0277976127 0.00538950262
f 7498 7500 7499
v 0.00229148282 0.0159963864 0.0343425694
v 0.00264476985 0.0166148806 0.0340154744
v 0.00295139471 0.0169718158 0.033549848
f 7501 7503 7502
v 1.35158189e-05 0.0151807893 0.0360640319
v 0.00110904439 0.0163315286 0.0348421338
v 0.00293332996 0.0163373872 0.0357126642
f 7504 7506 7505
v -0.00876751001 0.00481791321 0.0406039646
v -0.00862295565 0.00741023759 0.0393830676
v -0.00434201902 0.00652182425 0.0410812936
f 7507 7509 7508
v -0.0123759382 0.00654917749 0.0390902744
v -0.0116883151 0.00972501657 0.0377247576
v -0.00862295565 0.00741023759 0.0393830676
f 7510 7512 7511
v -0.015464022 0.000432889919 0.0406627631
v -0.0150017149 0.00432995257 0.0395829178
v -0.0107559405 0.00183335032 0.041510252
f 7513 7515 7514
v -0.0151754328 0.0119129611 0.0352709991
v -0.0194575579 0.0124313447 0.0336801313
v -0.0148665888 0.0153379762 0.0325847766
f 7516 7518 7517
v -0.0259375374 0.00864642861 0.0337451522
v -0.0274405873 0.00888618451 0.0327299407
v -0.0271865487 0.0100994475 0.0324157649
f 7519 7521 7520
v -0.0275922066 0.00806986136 0.0327280461
v -0.0275122991 0.00814197047 0.0334386685
v -0.0274809659 0.00812241706 0.033438846
f 7522 7524 7523
v -0.0268616946 0.0120491204 0.031241469
v -0.0275743339 0.0116464704 0.0307472335
v -0.0274272636 0.0146659077 0.0283994275
f 7525 7527 7526
v -0.0204786222 0.0211025806 0.0213106629
v -0.0188293197 0.022813979 0.018426888
v -0.0150592285 0.0238858353 0.0185379904
f 7528 7530 7529
v -0.0258662127 0.021406154 0.0196933965
v -0.0258588407 0.0223146038 0.0176770147
v -0.025917124 0.0214378684 0.0196934387
f 7531 7533 7532
v -0.0258662127 0.021406154 0.0196933965
v -0.0253300357 0.0223939991 0.0184102915
v -0.0253046135 0.0210969636 0.0207876772
f 7534 7536 7535
v -0.0257892447 0.0212286468 0.0202269817
v -0.0256673258 0.020639498 0.0196867448
v -0.025917124 0.0214378684 0.0196934387
f 7537 7539 7538
v -0.024534078 0.0241095069 0.0145491416
v -0.024960647 0.0245369767 0.0136032701
v -0.0242013863 0.0249011733 0.0129980253
f 7540 7542 7541
v -0.0242013863 0.0249011733 0.0129980253
v -0.024960647 0.0245369767 0.0136032701
v -0.0246811775 0.0238151479 0.0131951456
f 7543 7545 7544
v -0.0258588407 0.0223146038 0.0176770147
v -0.0256673258 0.020639498 0.0196867448
v -0.0255418534 0.0217152832 0.0169372041
f 7546 7548 7547
v -0.0241060072 0.0275428349 0.00728770101
v -0.023863808 0.0278598105 0.0067245528
v -0.0241609378 0.0275773084 0.00728797895
f 7549 7551 7550
v -0.0242016235 0.0270487304 0.00687001084
v -0.023863808 0.0278598105 0.0067245528
v -0.0241060072 0.0275428349 0.00728770101
f 7552 7554 7553
v 0.00138239775 -0.0369154208 0.0149838888
v 0.00192254956 -0.0357575336 0.0151368295
v 0.00167507023 -0.0365418091 0.0142253775
f 7555 7557 7556
v 0.00138239775 -0.0369154208 0.0149838888
v 0.00167507023 -0.0365418091 0.0142253775
v 0.00137087482 -0.0368198496 0.0146342994
f 7558 7560 7559
v -0.0243427625 0.0271436438 0.00810295169
v -0.0242016235 0.0270487304 0.00687001084
v -0.0241609378 0.0275773084 0.00728797895
f 7561 7563 7562
v -0.024215036 0.0263836526 0.009716356
v -0.0222668707 0.0255911436 0.0108127162
v -0.0242013863 0.0249011733 0.0129980253
f 7564 7566 7565
v -0.025631272 0.0201024537 0.0224218646
v -0.0257151609 0.0202234645 0.0216807908
v -0.0256165571 0.0204343043 0.0216081142
f 7567 7569 7568
v -0.0256673258 0.020639498 0.0196867448
v -0.0256165571 0.0204343043 0.0216081142
v -0.0255429302 0.0203887306 0.0216080618
f 7570 7572 7571
v -0.0253046135 0.0210969636 0.0207876772
v -0.0256673258 0.020639498 0.0196867448
v -0.0257892447 0.0212286468 0.0202269817
f 7573 7575 7574
v -0.0265495095 0.0161641932 0.0277118088
v -0.0266123679 0.0174811386 0.0260620465
v -0.025590742 0.0193492378 0.0237105123
f 7576 7578 7577
v 0.0014484649 -0.0368093839 0.0142791629
v -5.73854777e-05 -0.0364687527 0.0142513221
v 0.00137087482 -0.0368198496 0.0146342994
f 7579 7581 7580
v 0.000752846245 -0.0377315708 0.0154748093
v 0.00123763821 -0.0371416827 0.015059908
v 0.00119089818 -0.0370935188 0.0148388732
f 7582 7584 7583
v 0.00123763821 -0.0371416827 0.015059908
v 0.00115818184 -0.0370596361 0.0150366817
v 0.00119089818 -0.0370935188 0.0148388732
f 7585 7587 7586
v 0.00192254956 -0.0357575336 0.0151368295
v 0.000829160126 -0.0381658814 0.0156560825
v 0.000796975655 -0.0380999176 0.0159578383
f 7588 7590 7589
v 0.000752846245 -0.0377315708 0.0154748093
v 0.00192254956 -0.0357575336 0.0151368295
v 0.00123763821 -0.0371416827 0.015059908
f 7591 7593 7592
v 0.00115818184 -0.0370596361 0.0150366817
v 0.00123763821 -0.0371416827 0.015059908
v 0.00127917956 -0.0371993578 0.0147004655
f 7594 7596 7595
v 0.00115818184 -0.0370596361 0.0150366817
v 0.00127917956 -0.0371993578 0.0147004655
v 0.00119089818 -0.0370935188 0.0148388732
f 7597 7599 7598
v 0.00160267009 -0.0367167813 0.0114153452
v 0.00162361102 -0.0363993517 0.0117912292
v 0.00180871139 -0.0366920314 0.0119275297
f 7600 7602 7601
v 0.00160267009 -0.0367167813 0.0114153452
v 0.00180871139 -0.0366920314 0.0119275297
v 0.00185908866 -0.0367607543 0.0116277268
f 7603 7605 7604
v 0.00137087482 -0.0368198496 0.0146342994
v 0.00119089818 -0.0370935188 0.0148388732
v 0.0014484649 -0.0368093839 0.0142791629
f 7606 7608 7607
v -5.73854777e-05 -0.0364687527 0.0142513221
v 0.00119089818 -0.0370935188 0.0148388732
v 0.00137087482 -0.0368198496 0.0146342994
f 7609 7611 7610
v 0.00115818184 -0.0370596361 0.0150366817
v 0.00138239775 -0.0369154208 0.0149838888
v 0.00123763821 -0.0371416827 0.015059908
f 7612 7614 7613
v 0.00169096311 -0.0368094567 0.0127691019
v 0.00138816686 -0.0365834305 0.0125127932
v 0.00167507023 -0.0365418091 0.0142253775
f 7615 7617 7616
v 0.00185908866 -0.0367607543 0.0116277268
v 0.00180871139 -0.0366920314 0.0119275297
v 0.00138816686 -0.0365834305 0.0125127932
f 7618 7620 7619
v 0.00185908866 -0.0367607543 0.0116277268
v 0.00138816686 -0.0365834305 0.0125127932
v 0.00160267009 -0.0367167813 0.0114153452
f 7621 7623 7622
v 0.00192192456 -0.0128592481 0.0444787147
v 0.00185718309 -0.0132867746 0.0448191888
v 0.00159927586 -0.0130742614 0.0447711325
f 7624 7626 7625
v 0.00192192456 -0.0128592481 0.0444787147
v 0.00159927586 -0.0130742614 0.0447711325
v 0.00174750749 -0.012781423 0.0448020059
f 7627 7629 7628
v 0.00185908866 -0.0367607543 0.0116277268
v 0.00204684839 -0.0371163071 0.0108454078
v 0.00180871139 -0.0366920314 0.0119275297
f 7630 7632 7631
v 0.00185908866 -0.0367607543 0.0116277268
v 0.00216826302 -0.0361921004 0.01220673
v 0.00204684839 -0.0371163071 0.0108454078
f 7633 7635 7634
v 0.00167371181 -0.0371408445 0.0127616557
v 0.00100959514 -0.0378204131 0.01288278
v 0.00127917956 -0.0371993578 0.0147004655
f 7636 7638 7637
v 0.00100959514 -0.0378204131 0.01288278
v 0.00108549284 -0.0385509746 0.0127624095
v 0.000960160105 -0.0381024875 0.0140841352
f 7639 7641 7640
v 0.00100959514 -0.0378204131 0.01288278
v 0.00167371181 -0.0371408445 0.0127616557
v 0.00108549284 -0.0385509746 0.0127624095
f 7642 7644 7643
v 0.00204684839 -0.0371163071 0.0108454078
v 0.00189531493 -0.038999322 0.00791694911
v 0.00108549284 -0.0385509746 0.0127624095
f 7645 7647 7646
v 0.00128093161 -0.0382692117 0.00921686951
v 0.000511535472 -0.0370087917 0.00946759756
v 0.0010889853 -0.0372687529 0.00964601131
f 7648 7650 7649
v 0.0014484649 -0.0368093839 0.0142791629
v 0.00169096311 -0.0368094567 0.0127691019
v 0.00138239775 -0.0369154208 0.0149838888
f 7651 7653 7652
v 0.00192260268 -0.0141209734 0.0445598911
v 0.00163548757 -0.0153885849 0.0443027588
v 0.00184953242 -0.0155499278 0.0443228055
f 7654 7656 7655
v 0.00113230199 -0.0346583343 0.0235262632
v 0.00109368557 -0.0345715409 0.023113293
v 0.00111480695 -0.0346041314 0.0228106801
f 7657 7659 7658
v 0.00113230199 -0.0346583343 0.0235262632
v 0.00111480695 -0.0346041314 0.0228106801
v 0.001361662 -0.0346764195 0.0221614246
f 7660 7662 7661
v 0.00181102223 -0.0133200214 0.0446797378
v 0.00192260268 -0.0141209734 0.0445598911
v 0.00185718309 -0.0132867746 0.0448191888
f 7663 7665 7664
v 0.00159927586 -0.0130742614 0.0447711325
v 0.00173195367 -0.0128126136 0.0446681282
v 0.00174750749 -0.012781423 0.0448020059
f 7666 7668 7667
v 0.00173195367 -0.0128126136 0.0446681282
v 0.00192192456 -0.0128592481 0.0444787147
v 0.00174750749 -0.012781423 0.0448020059
f 7669 7671 7670
v 0.00181102223 -0.0133200214 0.0446797378
v 0.00159927586 -0.0130742614 0.0447711325
v 0.00185718309 -0.0132867746 0.0448191888
f 7672 7674 7673
v 0.00170217681 -0.014724514 0.0447147031
v 0.00181102223 -0.0133200214 0.0446797378
v 0.00185718309 -0.0132867746 0.0448191888
f 7675 7677 7676
v 0.00170217681 -0.014724514 0.0447147031
v -0.000784802978 -0.0115828159 0.0445108715
v 0.00159927586 -0.0130742614 0.0447711325
f 7678 7680 7679
v -0.000784802978 -0.0115828159 0.0445108715
v 0.00212708983 -0.0117603857 0.0449703482
v 0.00174750749 -0.012781423 0.0448020059
f 7681 7683 7682
v 0.00176517424 -0.0165338148 0.0440395816
v 0.00170217681 -0.014724514 0.0447147031
v 0.00163548757 -0.0153885849 0.0443027588
f 7684 7686 7685
v 0.00192138032 -0.0197622008 0.0413626723
v 0.00182583899 -0.0181235562 0.0437173207
v 0.00198457128 -0.0155944581 0.0427963416
f 7687 7689 7688
v 0.00182583899 -0.0181235562 0.0437173207
v -0.00155926828 -0.0154048947 0.0438854418
v 0.00170217681 -0.014724514 0.0447147031
f 7690 7692 7691
v 0.00163548757 -0.0153885849 0.0443027588
v 0.00198457128 -0.0155944581 0.0427963416
v 0.00184953242 -0.0155499278 0.0443228055
f 7693 7695 7694
v 0.00198457128 -0.0155944581 0.0427963416
v 0.00176517424 -0.0165338148 0.0440395816
v 0.00184953242 -0.0155499278 0.0443228055
f 7696 7698 7697
v 0.000761795673 -0.0266884977 0.0380623474
v -0.000475478737 -0.0254962419 0.0388739893
v 0.00129017935 -0.0256080035 0.0386225118
f 7699 7701 7700
v -0.000115711009 -0.0274492515 0.0378104422
v 0.000285897113 -0.0281714223 0.0371532748
v -0.00047836802 -0.0266752497 0.0374729687
f 7702 7704 7703
v 0.000129240652 -0.0289304473 0.0362455496
v 0.00038060025 -0.0284996873 0.0367759931
v 0.000561025081 -0.0286369381 0.0367962231
f 7705 7707 7706
v 0.000129240652 -0.0289304473 0.0362455496
v 0.000285897113 -0.0281714223 0.0371532748
v 0.00038060025 -0.0284996873 0.0367759931
f 7708 7710 7709
v 0.000285897113 -0.0281714223 0.0371532748
v -0.00289334566 -0.0285105052 0.0354739721
v -0.00264925911 -0.0277125248 0.0363172672
f 7711 7713 7712
v 0.000792567153 -0.0276794803 0.0373391638
v 0.00038060025 -0.0284996873 0.0367759931
v 0.000561025081 -0.0286369381 0.0367962231
f 7714 7716 7715
v 0.000548634853 -0.028031689 0.0357399607
v 0.000792567153 -0.0276794803 0.0373391638
v 0.000761795673 -0.0266884977 0.0380623474
f 7717 7719 7718
v 0.00264926421 -0.0237038315 0.0354131655
v 8.7475928e-05 -0.0301134802 0.0328853319
v 0.000548634853 -0.028031689 0.0357399607
f 7720 7722 7721
v -0.00455382724 -0.0264506059 0.0377611694
v -0.00206377008 -0.0266436953 0.0369840622
v -0.00377697543 -0.0268229196 0.0363918429
f 7723 7725 7724
v -0.00289334566 -0.0285105052 0.0354739721
v -0.000564146467 -0.0300217769 0.0347619265
v -0.00432744127 -0.0297958002 0.0346344401
f 7726 7728 7727
v 8.7475928e-05 -0.0301134802 0.0328853319
v -0.000254706538 -0.0307225651 0.0338379352
v -0.000564146467 -0.0300217769 0.0347619265
f 7729 7731 7730
v 0.000667122367 -0.0353308307 0.025940701
v 0.00017686034 -0.0347609224 0.02844056
v -0.000238006032 -0.0343799911 0.0300294312
f 7732 7734 7733
v -0.000742949487 -0.034015908 0.0306300964
v -0.00186800535 -0.0331938994 0.031812067
v 0.000188418198 -0.0322306092 0.0324928289
f 7735 7737 7736
v -0.00377697543 -0.0268229196 0.0363918429
v -0.00741000185 -0.026345643 0.0361312064
v -0.00455382724 -0.0264506059 0.0377611694
f 7738 7740 7739
v -0.00986249215 -0.0277840678 0.0350456074
v -0.00927693036 -0.0259007211 0.0364643842
v -0.00741000185 -0.026345643 0.0361312064
f 7741 7743 7742
v -0.00741000185 -0.026345643 0.0361312064
v -0.0087975699 -0.0254207902 0.0375803036
v -0.00455382724 -0.0264506059 0.0377611694
f 7744 7746 7745
v -0.00833786471 -0.0305549911 0.0322769105
v -0.00340269216 -0.0305730704 0.0335458579
v -0.00601983884 -0.0318755221 0.0317563856
f 7747 7749 7748
v -0.00795891683 -0.0297075399 0.0339058461
v -0.00833786471 -0.0305549911 0.0322769105
v -0.0120828838 -0.0301300344 0.0315866404
f 7750 7752 7751
v -0.0086350432 -0.0287725619 0.0341786479
v -0.00741000185 -0.026345643 0.0361312064
v -0.00377697543 -0.0268229196 0.0363918429
f 7753 7755 7754
v -0.00796477252 -0.0203056188 0.0407723535
v -0.00737455557 -0.0177459544 0.0422954094
v -0.0050015773 -0.0188567821 0.0422151323
f 7756 7758 7757
v -0.0126635627 -0.018121532 0.0407277461
v -0.0127741252 -0.0224528136 0.0388355838
v -0.0150956694 -0.0220541042 0.0386136118
f 7759 7761 7760
v -0.0150812673 -0.0130002547 0.0413545815
v -0.0150408247 -0.0162110475 0.0407924439
v -0.0170466257 -0.0138483985 0.0406507985
f 7762 7764 7763
v -0.0087975699 -0.0254207902 0.0375803036
v -0.00927693036 -0.0259007211 0.0364643842
v -0.0122029873 -0.0241096466 0.0380497891
f 7765 7767 7766
v -0.0165357284 -0.0272623583 0.0314714969
v -0.0159008923 -0.0254823972 0.0342238316
v -0.0134877482 -0.0278143183 0.0333592878
f 7768 7770 7769
v 0.00946583605 -0.0153183602 0.00679418881
v 0.00785634038 -0.0212065701 0.0107323496
v 0.00772820786 -0.0138491087 0.0164231489
f 7771 7773 7772
v 0.00946583605 -0.0153183602 0.00679418881
v 0.0095247713 -0.00589235788 0.000843057751
v 0.00900570158 -0.0154419409 0.000845576142
f 7774 7776 7775
v 0.000696407369 -0.0348252768 0.0219873851
v 0.000930866372 -0.0347380963 0.0231616272
v 0.00113253191 -0.0350065937 0.0231486192
f 7777 7779 7778
v 0.000696407369 -0.0348252768 0.0219873851
v 0.00113253191 -0.0350065937 0.0231486192
v 0.00115449075 -0.0350281276 0.0227635712
f 7780 7782 7781
v 0.0013818586 -0.0341582083 0.0229712663
v 0.00111480695 -0.0346041314 0.0228106801
v 0.00109368557 -0.0345715409 0.023113293
f 7783 7785 7784
v 0.00192254956 -0.0357575336 0.0151368295
v 0.001361662 -0.0346764195 0.0221614246
v 0.0013818586 -0.0341582083 0.0229712663
f 7786 7788 7787
v 0.00113253191 -0.0350065937 0.0231486192
v 0.00113230199 -0.0346583343 0.0235262632
v 0.001361662 -0.0346764195 0.0221614246
f 7789 7791 7790
v 0.00113253191 -0.0350065937 0.0231486192
v 0.001361662 -0.0346764195 0.0221614246
v 0.00115449075 -0.0350281276 0.0227635712
f 7792 7794 7793
v 0.00117808595 -0.0350394868 0.0223783718
v 0.000928852387 -0.035584814 0.0216789122
v 0.00122100173 -0.0350511138 0.0220573638
f 7795 7797 7796
v 0.000928852387 -0.035584814 0.0216789122
v 0.000696407369 -0.0348252768 0.0219873851
v 0.00122100173 -0.0350511138 0.0220573638
f 7798 7800 7799
v -0.00132865171 -0.0366707594 0.020880223
v -0.00272619727 -0.036795609 0.0205436503
v -0.00360419399 -0.0349663227 0.0202854091
f 7801 7803 7802
v -0.00694368646 -0.0336433266 0.0228200341
v -0.00505774951 -0.0350002287 0.0242498907
v -0.00170886124 -0.0349170092 0.0243827395
f 7804 7806 7805
v 0.00111480695 -0.0346041314 0.0228106801
v 0.00109368557 -0.0345715409 0.023113293
v 0.000930866372 -0.0347380963 0.0231616272
f 7807 7809 7808
v 0.00111480695 -0.0346041314 0.0228106801
v 0.000930866372 -0.0347380963 0.0231616272
v 0.000696407369 -0.0348252768 0.0219873851
f 7810 7812 7811
v 0.000930866372 -0.0347380963 0.0231616272
v 0.00113230199 -0.0346583343 0.0235262632
v 0.0011210017 -0.0349756883 0.0235332991
f 7813 7815 7814
v 0.000930866372 -0.0347380963 0.0231616272
v 0.0011210017 -0.0349756883 0.0235332991
v 0.00113253191 -0.0350065937 0.0231486192
f 7816 7818 7817
v -0.000835087121 -0.0342639018 0.0227734839
v 0.000930866372 -0.0347380963 0.0231616272
v 0.00109368557 -0.0345715409 0.023113293
f 7819 7821 7820
v 0.00113253191 -0.0350065937 0.0231486192
v 0.0011210017 -0.0349756883 0.0235332991
v 0.00109722314 -0.0351182505 0.0243264833
f 7822 7824 7823
v 0.00113253191 -0.0350065937 0.0231486192
v 0.00109722314 -0.0351182505 0.0243264833
v 0.000928852387 -0.035584814 0.0216789122
f 7825 7827 7826
v -0.00170886124 -0.0349170092 0.0243827395
v 0.000999467011 -0.0347953028 0.024742313
v 0.00113230199 -0.0346583343 0.0235262632
f 7828 7830 7829
v -0.00170886124 -0.0349170092 0.0243827395
v 0.00113230199 -0.0346583343 0.0235262632
v -0.000835087121 -0.0342639018 0.0227734839
f 7831 7833 7832
v -0.00512927727 -0.0347524183 0.00799152476
v -0.000348706089 -0.0337742793 0.00731632317
v 0.000285587157 -0.0344464002 0.0071846167
f 7834 7836 7835
v -0.00512927727 -0.0347524183 0.00799152476
v 0.000285587157 -0.0344464002 0.0071846167
v -0.000390450441 -0.0360660633 0.00681946112
f 7837 7839 7838
v -0.00437786803 -0.033638929 0.0206272322
v -0.00828088378 -0.0336503697 0.0187588768
v -0.00955648939 -0.0320333493 0.0199351765
f 7840 7842 7841
v 0.00162361102 -0.0363993517 0.0117912292
v -0.000949567038 -0.0351925526 0.0111148132
v -0.00173699882 -0.0358634396 0.0133954934
f 7843 7845 7844
v 0.00138816686 -0.0365834305 0.0125127932
v 0.00162361102 -0.0363993517 0.0117912292
v -0.00173699882 -0.0358634396 0.0133954934
f 7846 7848 7847
v 0.000511535472 -0.0370087917 0.00946759756
v 0.000173635635 -0.0346379617 0.00912130781
v 0.00066851353 -0.0349259644 0.0106023203
f 7849 7851 7850
v 0.00053845215 -0.0386434287 0.00793356448
v -0.000289308082 -0.0375337753 0.0078787918
v -0.000136489689 -0.0381170161 0.00877108032
f 7852 7854 7853
v -0.00398368356 -0.0350651768 0.0125437509
v -0.00319460523 -0.0359585945 0.0136581992
v -0.00173699882 -0.0358634396 0.0133954934
f 7855 7857 7856
v -0.000949567038 -0.0351925526 0.0111148132
v -0.000504843774 -0.0342263666 0.0101804697
v -0.00283670743 -0.0347243884 0.0115490177
f 7858 7860 7859
v 0.000173635635 -0.0346379617 0.00912130781
v -0.000390450441 -0.0360660633 0.00681946112
v 0.000285587157 -0.0344464002 0.0071846167
f 7861 7863 7862
v -0.0227261422 -0.0318846229 0.0186795631
v -0.0234740088 -0.0312351767 0.0210997881
v -0.0232946666 -0.0306317554 0.0203680975
f 7864 7866 7865
v -0.0227261422 -0.0318846229 0.0186795631
v -0.0232946666 -0.0306317554 0.0203680975
v -0.0228773017 -0.0309669733 0.0192916079
f 7867 7869 7868
v -0.00262817484 -0.0373596878 0.00615454846
v -0.00512927727 -0.0347524183 0.00799152476
v -0.000390450441 -0.0360660633 0.00681946112
f 7870 7872 7871
v -0.00420397482 -0.0329846313 0.00839832355
v -0.00796115201 -0.0331995514 0.00933222036
v -0.00221476657 -0.0328156777 0.00840405919
f 7873 7875 7874
v -9.50458343e-05 -0.0393669208 0.0170871019
v -0.000558530155 -0.0398423377 0.0177461872
v -0.000210287544 -0.0395751413 0.0173819106
f 7876 7878 7877
v -0.000558530155 -0.0398423377 0.0177461872
v -0.00072192197 -0.0401041849 0.0186526187
v -0.000388196349 -0.039891465 0.0184674005
f 7879 7881 7880
v -0.000558530155 -0.0398423377 0.0177461872
v -0.000388196349 -0.039891465 0.0184674005
v -0.000381501741 -0.0398953242 0.0184673248
f 7882 7884 7883
v -0.000388196349 -0.039891465 0.0184674005
v -0.000198770431 -0.0396483316 0.0182458578
v -0.000381501741 -0.0398953242 0.0184673248
f 7885 7887 7886
v -0.000210287544 -0.0395751413 0.0173819106
v -0.000558530155 -0.0398423377 0.0177461872
v -9.40861355e-05 -0.039629516 0.0173892302
f 7888 7890 7889
v -0.000388196349 -0.039891465 0.0184674005
v -0.00072192197 -0.0401041849 0.0186526187
v -0.000381501741 -0.0398953242 0.0184673248
f 7891 7893 7892
v -0.00072192197 -0.0401041849 0.0186526187
v -0.000571570854 -0.0396828866 0.0197520072
v -0.000381501741 -0.0398953242 0.0184673248
f 7894 7896 7895
v 0.000376060052 -0.0383012375 0.016031311
v 0.000200418435 -0.0390534755 0.0170421714
v 0.000829160126 -0.0381658814 0.0156560825
f 7897 7899 7898
v -9.50458343e-05 -0.0393669208 0.0170871019
v -0.000210287544 -0.0395751413 0.0173819106
v -9.40861355e-05 -0.039629516 0.0173892302
f 7900 7902 7901
v 0.00141818891 -0.0392746559 0.00826937539
v 0.00133430804 -0.0401090714 0.0079745063
v 0.00141679702 -0.0392692018 0.00844991373
f 7903 7905 7904
v 0.00107097658 -0.0399701734 0.00800853086
v 0.00141818891 -0.0392746559 0.00826937539
v 0.00141679702 -0.0392692018 0.00844991373
f 7906 7908 7907
v 0.00141818891 -0.0392746559 0.00826937539
v 0.00115032162 -0.0390349509 0.00831234938
v 0.00141679702 -0.0392692018 0.00844991373
f 7909 7911 7910
v 0.000704304693 -0.0411724264 0.0063265732
v -0.000538898166 -0.0412722613 0.00528213932
v 0.00107097658 -0.0399701734 0.00800853086
f 7912 7914 7913
v -0.00112390553 -0.0409920583 0.00402139121
v -0.00122965357 -0.0403277052 0.00299610983
v -0.0011708551 -0.0409429864 0.00400056888
f 7915 7917 7916
v -0.0011708551 -0.0409429864 0.00400056888
v -0.000751820335 -0.0405507482 0.00424837126
v -0.00112390553 -0.0409920583 0.00402139121
f 7918 7920 7919
v -0.00111903864 -0.0413667323 0.00401138823
v -0.00139708136 -0.0412467634 0.0046568377
v -0.000538898166 -0.0412722613 0.00528213932
f 7921 7923 7922
v -0.00112390553 -0.0409920583 0.00402139121
v -0.00111903864 -0.0413667323 0.00401138823
v -0.00122965357 -0.0403277052 0.00299610983
f 7924 7926 7925
v -0.00139708136 -0.0412467634 0.0046568377
v -0.00111903864 -0.0413667323 0.00401138823
v -0.0011708551 -0.0409429864 0.00400056888
f 7927 7929 7928
v -0.0184381788 -0.0306294736 0.0277703541
v -0.0188668724 -0.0290924712 0.0293515477
v -0.0149313055 -0.0312062708 0.0293178047
f 7930 7932 7931
v -0.0209583028 -0.02536377 0.0314542965
v -0.022246642 -0.0247856224 0.031398487
v -0.0202958487 -0.0243502713 0.0328206283
f 7933 7935 7934
v -0.0222947026 -0.0264754664 0.0292342651
v -0.0204995653 -0.0275547587 0.0290032243
v -0.0246853742 -0.0253765145 0.0282413035
f 7936 7938 7937
v -0.0188668724 -0.0290924712 0.0293515477
v -0.0213995692 -0.029411327 0.0279420929
v -0.0204995653 -0.0275547587 0.0290032243
f 7939 7941 7940
v -0.000483093754 -0.0376621843 0.0154079637
v -9.50458343e-05 -0.0393669208 0.0170871019
v 0.000376060052 -0.0383012375 0.016031311
f 7942 7944 7943
v -0.00477531721 -0.0378726574 0.0192320411
v -0.00721308606 -0.0376111071 0.0177071139
v -0.00494585256 -0.0361710001 0.0192712716
f 7945 7947 7946
v -0.00662142338 -0.0330415758 0.0207418751
v -0.00955648939 -0.0320333493 0.0199351765
v -0.00907059512 -0.0327693473 0.0221395239
f 7948 7950 7949
v -0.008700342 -0.0344517408 0.024252705
v -0.0132037385 -0.0331647258 0.0229013924
v -0.0140092132 -0.0327574351 0.0254045008
f 7951 7953 7952
v -0.00494585256 -0.0361710001 0.0192712716
v -0.00828088378 -0.0336503697 0.0187588768
v -0.00437786803 -0.033638929 0.0206272322
f 7954 7956 7955
v -0.00955648939 -0.0320333493 0.0199351765
v -0.0113165443 -0.0321556174 0.0190048493
v -0.0127555017 -0.031500074 0.0196766807
f 7957 7959 7958
v -0.00868034549 -0.0377082004 0.0130521294
v -0.00986806117 -0.038282547 0.0141723765
v -0.0073395131 -0.037805445 0.0136447343
f 7960 7962 7961
v -0.000289308082 -0.0375337753 0.0078787918
v -0.000866273331 -0.0390629313 0.00468272628
v -0.000472883403 -0.0372384326 0.00592884389
f 7963 7965 7964
v -0.00959858371 -0.0325110363 0.00947905355
v -0.0105975261 -0.0323899556 0.00986061059
v -0.00796115201 -0.0331995514 0.00933222036
f 7966 7968 7967
v -0.0116100455 -0.0332176132 0.00900302184
v -0.0118677563 -0.031414078 0.010088925
v -0.0105975261 -0.0323899556 0.00986061059
f 7969 7971 7970
v -0.0110839996 -0.0342382031 0.00825565949
v -0.0116100455 -0.0332176132 0.00900302184
v -0.0105975261 -0.0323899556 0.00986061059
f 7972 7974 7973
v -0.00959858371 -0.0325110363 0.00947905355
v -0.0110839996 -0.0342382031 0.00825565949
v -0.0105975261 -0.0323899556 0.00986061059
f 7975 7977 7976
v -0.00927969231 -0.034430236 0.0106215375
v -0.0119688324 -0.0368394773 0.0125172097
v -0.00841622459 -0.0361582963 0.0115969895
f 7978 7980 7979
v -0.00841622459 -0.0361582963 0.0115969895
v -0.00868034549 -0.0377082004 0.0130521294
v -0.0073395131 -0.037805445 0.0136447343
f 7981 7983 7982
v -0.00979206161 -0.0382958708 0.00367843386
v -0.0119152639 -0.0369304093 0.00429946376
v -0.00657750934 -0.0378387369 0.00466388374
f 7984 7986 7985
v -0.0153487446 -0.0307128794 0.0205699558
v -0.0157678413 -0.0307705748 0.0198140318
v -0.0164793833 -0.0312041288 0.0211642211
f 7987 7989 7988
v -0.0153982488 -0.0316710211 0.0272388424
v -0.0140092132 -0.0327574351 0.0254045008
v -0.0175438472 -0.0317417056 0.0258034968
f 7990 7992 7991
v -0.0164793833 -0.0312041288 0.0211642211
v -0.0163316552 -0.0319376646 0.022726506
v -0.0132037385 -0.0331647258 0.0229013924
f 7993 7995 7994
v -0.0239545116 -0.0301518507 0.024109066
v -0.0240307403 -0.0309628173 0.0217085093
v -0.0250769546 -0.0235353524 0.0276389124
f 7996 7998 7997
v -0.0246734533 -0.0299862208 0.0116942159
v -0.0242049224 -0.0304827787 0.0122361642
v -0.0238374632 -0.0304142741 0.0112916445
f 7999 8001 8000
v -0.0246734533 -0.0299862208 0.0116942159
v -0.0238374632 -0.0304142741 0.0112916445
v -0.0246922311 -0.0300182117 0.0113557981
f 8002 8004 8003
v -0.0227261422 -0.0318846229 0.0186795631
v -0.0228773017 -0.0309669733 0.0192916079
v -0.0186604651 -0.0311755895 0.0193266082
f 8005 8007 8006
v -0.0171405627 -0.0360245293 0.0160654527
v -0.019065183 -0.0357565266 0.014456769
v -0.0210982631 -0.0352789706 0.0164738376
f 8008 8010 8009
v -0.0210982631 -0.0352789706 0.0164738376
v -0.0180849253 -0.0342284096 0.0179915063
v -0.0171405627 -0.0360245293 0.0160654527
f 8011 8013 8012
v -0.0229280791 -0.0335150195 0.0178786722
v -0.022741608 -0.0350013172 0.0160417199
v -0.0231441329 -0.0346521876 0.014456005
f 8014 8016 8015
v -0.0148631691 -0.0357821671 0.0169063584
v -0.0180849253 -0.0342284096 0.0179915063
v -0.01167835 -0.0357408426 0.0172339001
f 8017 8019 8018
v -0.0132476373 -0.0313506374 0.0104713632
v -0.0177372131 -0.0323840068 0.00967239685
v -0.016414831 -0.0309967611 0.0104382474
f 8020 8022 8021
v -0.0131814973 -0.0347852969 0.0117240561
v -0.016141095 -0.0340425177 0.0116272473
v -0.0146901119 -0.036362317 0.0130499277
f 8023 8025 8024
v -0.0145452883 -0.0335310207 0.00858896747
v -0.0177372131 -0.0323840068 0.00967239685
v -0.0134050497 -0.0323238521 0.0101824837
f 8026 8028 8027
v -0.0177372131 -0.0323840068 0.00967239685
v -0.0188745122 -0.0338846439 0.00837758271
v -0.0208407349 -0.0323195505 0.0102774342
f 8029 8031 8030
v -0.0238374632 -0.0304142741 0.0112916445
v -0.0242049224 -0.0304827787 0.0122361642
v -0.0216833461 -0.0305756141 0.0116505806
f 8032 8034 8033
v -0.0242779031 -0.0314229197 0.0113955073
v -0.024183176 -0.0312550954 0.0116681062
v -0.0241100352 -0.0312467309 0.0105784478
f 8035 8037 8036
v -0.0246309181 -0.0302210479 0.0125804887
v -0.0241046655 -0.0319394894 0.0125288687
v -0.0240881418 -0.0313526922 0.0124676837
f 8038 8040 8039
v -0.0238374632 -0.0304142741 0.0112916445
v -0.0216833461 -0.0305756141 0.0116505806
v -0.0186825826 -0.0306728296 0.0109935041
f 8041 8043 8042
v -0.0243957227 -0.0306705973 0.0117001437
v -0.0246734533 -0.0299862208 0.0116942159
v -0.0246922311 -0.0300182117 0.0113557981
f 8044 8046 8045
v -0.0243957227 -0.0306705973 0.0117001437
v -0.0246922311 -0.0300182117 0.0113557981
v -0.0246411539 -0.0301780383 0.011277826
f 8047 8049 8048
v -0.0246407639 -0.0300440588 0.0121191239
v -0.0246087002 -0.0302413391 0.0121956233
v -0.0249956065 -0.0302777655 0.0121313511
f 8050 8052 8051
v -0.0246407639 -0.0300440588 0.0121191239
v -0.0249956065 -0.0302777655 0.0121313511
v -0.0250816578 -0.0298897678 0.0117949283
f 8053 8055 8054
v -0.0249956065 -0.0302777655 0.0121313511
v -0.0246087002 -0.0302413391 0.0121956233
v -0.0246309181 -0.0302210479 0.0125804887
f 8056 8058 8057
v -0.0248503406 -0.0305163732 0.0108501314
v -0.0246411539 -0.0301780383 0.011277826
v -0.0246922311 -0.0300182117 0.0113557981
f 8059 8061 8060
v -0.0248503406 -0.0305163732 0.0108501314
v -0.0246922311 -0.0300182117 0.0113557981
v -0.0250816578 -0.0298897678 0.0117949283
f 8062 8064 8063
v -0.0250816578 -0.0298897678 0.0117949283
v -0.0246922311 -0.0300182117 0.0113557981
v -0.0246734533 -0.0299862208 0.0116942159
f 8065 8067 8066
v -0.0246407639 -0.0300440588 0.0121191239
v -0.0246734533 -0.0299862208 0.0116942159
v -0.0243957227 -0.0306705973 0.0117001437
f 8068 8070 8069
v -0.0246407639 -0.0300440588 0.0121191239
v -0.0243957227 -0.0306705973 0.0117001437
v -0.0246087002 -0.0302413391 0.0121956233
f 8071 8073 8072
v -0.0242049224 -0.0304827787 0.0122361642
v -0.0246734533 -0.0299862208 0.0116942159
v -0.0246407639 -0.0300440588 0.0121191239
f 8074 8076 8075
v -0.0243231552 -0.0307289331 0.0124434111
v -0.0242049224 -0.0304827787 0.0122361642
v -0.0243957227 -0.0306705973 0.0117001437
f 8077 8079 8078
v -0.0243231552 -0.0307289331 0.0124434111
v -0.0243957227 -0.0306705973 0.0117001437
v -0.0243104369 -0.030948894 0.0124516067
f 8080 8082 8081
v -0.0250816578 -0.0298897678 0.0117949283
v -0.0249046599 -0.0295772537 0.0114769638
v -0.0246309181 -0.0302210479 0.0125804887
f 8083 8085 8084
v -0.0249046599 -0.0295772537 0.0114769638
v -0.0250816578 -0.0298897678 0.0117949283
v -0.0246734533 -0.0299862208 0.0116942159
f 8086 8088 8087
v -0.0243231552 -0.0307289331 0.0124434111
v -0.0243104369 -0.030948894 0.0124516067
v -0.0248345081 -0.0308600225 0.0123485108
f 8089 8091 8090
v -0.0243231552 -0.0307289331 0.0124434111
v -0.0248345081 -0.0308600225 0.0123485108
v -0.0246309181 -0.0302210479 0.0125804887
f 8092 8094 8093
v -0.0243599963 -0.0312208926 0.0121425903
v -0.0243439572 -0.0312165968 0.0124646715
v -0.0241046655 -0.0319394894 0.0125288687
f 8095 8097 8096
v -0.0243599963 -0.0312208926 0.0121425903
v -0.0241046655 -0.0319394894 0.0125288687
v -0.0242779031 -0.0314229197 0.0113955073
f 8098 8100 8099
v -0.0248345081 -0.0308600225 0.0123485108
v -0.0248503406 -0.0305163732 0.0108501314
v -0.0243957227 -0.0306705973 0.0117001437
f 8101 8103 8102
v -0.0243599963 -0.0312208926 0.0121425903
v -0.0248345081 -0.0308600225 0.0123485108
v -0.0243439572 -0.0312165968 0.0124646715
f 8104 8106 8105
v -0.0243439572 -0.0312165968 0.0124646715
v -0.0243104369 -0.030948894 0.0124516067
v -0.0243957227 -0.0306705973 0.0117001437
f 8107 8109 8108
v -0.0243439572 -0.0312165968 0.0124646715
v -0.0243957227 -0.0306705973 0.0117001437
v -0.0243599963 -0.0312208926 0.0121425903
f 8110 8112 8111
v -0.0244134586 -0.0310009142 0.0109724497
v -0.0243582821 -0.0306734291 0.0108884204
v -0.0243779417 -0.0307557493 0.0106330423
f 8113 8115 8114
v -0.0244134586 -0.0310009142 0.0109724497
v -0.0243779417 -0.0307557493 0.0106330423
v -0.0244331895 -0.0309774216 0.0105897554
f 8116 8118 8117
v -0.0248345081 -0.0308600225 0.0123485108
v -0.0243104369 -0.030948894 0.0124516067
v -0.0243439572 -0.0312165968 0.0124646715
f 8119 8121 8120
v -0.0248503406 -0.0305163732 0.0108501314
v -0.0249956065 -0.0302777655 0.0121313511
v -0.0243957227 -0.0306705973 0.0117001437
f 8122 8124 8123
v -0.0243957227 -0.0306705973 0.0117001437
v -0.0249956065 -0.0302777655 0.0121313511
v -0.0248345081 -0.0308600225 0.0123485108
f 8125 8127 8126
v -0.0248345081 -0.0308600225 0.0123485108
v -0.0243427799 -0.0312321092 0.0118017735
v -0.0242779031 -0.0314229197 0.0113955073
f 8128 8130 8129
v -0.0243957227 -0.0306705973 0.0117001437
v -0.0242049224 -0.0304827787 0.0122361642
v -0.0246087002 -0.0302413391 0.0121956233
f 8131 8133 8132
v -0.0246309181 -0.0302210479 0.0125804887
v -0.0243439572 -0.0312165968 0.0124646715
v -0.0243104369 -0.030948894 0.0124516067
f 8134 8136 8135
v -0.0244331895 -0.0309774216 0.0105897554
v -0.0248503406 -0.0305163732 0.0108501314
v -0.0244134586 -0.0310009142 0.0109724497
f 8137 8139 8138
v -0.0244716881 -0.0304785935 0.0108132255
v -0.0243620772 -0.0304598798 0.010955504
v -0.0243582821 -0.0306734291 0.0108884204
f 8140 8142 8141
v -0.0244716881 -0.0304785935 0.0108132255
v -0.0243582821 -0.0306734291 0.0108884204
v -0.0243779417 -0.0307557493 0.0106330423
f 8143 8145 8144
v -0.0243779417 -0.0307557493 0.0106330423
v -0.0248503406 -0.0305163732 0.0108501314
v -0.0244331895 -0.0309774216 0.0105897554
f 8146 8148 8147
v -0.0243779417 -0.0307557493 0.0106330423
v -0.0241999107 -0.031496663 0.0100086254
v -0.0244716881 -0.0304785935 0.0108132255
f 8149 8151 8150
v -0.0248503406 -0.0305163732 0.0108501314
v -0.0243582821 -0.0306734291 0.0108884204
v -0.0244716881 -0.0304785935 0.0108132255
f 8152 8154 8153
v -0.0243582821 -0.0306734291 0.0108884204
v -0.0243620772 -0.0304598798 0.010955504
v -0.0244716881 -0.0304785935 0.0108132255
f 8155 8157 8156
v -0.0240881418 -0.0313526922 0.0124676837
v -0.0243439572 -0.0312165968 0.0124646715
v -0.0243599963 -0.0312208926 0.0121425903
f 8158 8160 8159
v -0.0240881418 -0.0313526922 0.0124676837
v -0.0243599963 -0.0312208926 0.0121425903
v -0.0239378278 -0.0316312799 0.0123070291
f 8161 8163 8162
v -0.024183176 -0.0312550954 0.0116681062
v -0.0239378278 -0.0316312799 0.0123070291
v -0.0243599963 -0.0312208926 0.0121425903
f 8164 8166 8165
v -0.024183176 -0.0312550954 0.0116681062
v -0.0243599963 -0.0312208926 0.0121425903
v -0.0243427799 -0.0312321092 0.0118017735
f 8167 8169 8168
v -0.0243879098 -0.0310138421 0.0113203678
v -0.024183176 -0.0312550954 0.0116681062
v -0.0243957227 -0.0306705973 0.0117001437
f 8170 8172 8171
v -0.0243439572 -0.0312165968 0.0124646715
v -0.0240881418 -0.0313526922 0.0124676837
v -0.0242049224 -0.0304827787 0.0122361642
f 8173 8175 8174
v -0.0243439572 -0.0312165968 0.0124646715
v -0.0242049224 -0.0304827787 0.0122361642
v -0.0243104369 -0.030948894 0.0124516067
f 8176 8178 8177
v -0.0238374632 -0.0304142741 0.0112916445
v -0.0241100352 -0.0312467309 0.0105784478
v -0.0243582821 -0.0306734291 0.0108884204
f 8179 8181 8180
v -0.0238374632 -0.0304142741 0.0112916445
v -0.0243582821 -0.0306734291 0.0108884204
v -0.0243620772 -0.0304598798 0.010955504
f 8182 8184 8183
v -0.0241100352 -0.0312467309 0.0105784478
v -0.0243779417 -0.0307557493 0.0106330423
v -0.0243582821 -0.0306734291 0.0108884204
f 8185 8187 8186
v -0.0244331895 -0.0309774216 0.0105897554
v -0.0241100352 -0.0312467309 0.0105784478
v -0.0244134586 -0.0310009142 0.0109724497
f 8188 8190 8189
v -0.0243957227 -0.0306705973 0.0117001437
v -0.0243582821 -0.0306734291 0.0108884204
v -0.0244134586 -0.0310009142 0.0109724497
f 8191 8193 8192
v -0.0243957227 -0.0306705973 0.0117001437
v -0.0244134586 -0.0310009142 0.0109724497
v -0.0243879098 -0.0310138421 0.0113203678
f 8194 8196 8195
v -0.0246411539 -0.0301780383 0.011277826
v -0.0244716881 -0.0304785935 0.0108132255
v -0.0246922311 -0.0300182117 0.0113557981
f 8197 8199 8198
v -0.0241999107 -0.031496663 0.0100086254
v -0.0244134586 -0.0310009142 0.0109724497
v -0.0243879098 -0.0310138421 0.0113203678
f 8200 8202 8201
v -0.0241999107 -0.031496663 0.0100086254
v -0.0243879098 -0.0310138421 0.0113203678
v -0.0242779031 -0.0314229197 0.0113955073
f 8203 8205 8204
v -0.0243957227 -0.0306705973 0.0117001437
v -0.0238374632 -0.0304142741 0.0112916445
v -0.0243620772 -0.0304598798 0.010955504
f 8206 8208 8207
v -0.0243957227 -0.0306705973 0.0117001437
v -0.0243620772 -0.0304598798 0.010955504
v -0.0243582821 -0.0306734291 0.0108884204
f 8209 8211 8210
v -0.0215212815 -0.0355121854 0.00481544848
v -0.0217725144 -0.0339650229 0.00758696478
v -0.0195879678 -0.0353796466 0.00543331844
f 8212 8214 8213
v -0.0215212815 -0.0355121854 0.00481544848
v -0.0195879678 -0.0353796466 0.00543331844
v -0.019467267 -0.0366060005 0.00264270002
f 8215 8217 8216
v -0.0174088098 -0.0372772833 0.000848472155
v -0.019467267 -0.0366060005 0.00264270002
v -0.0164080251 -0.0368622103 0.00390407513
f 8218 8220 8219
v 0.00140898555 -0.0355910364 0.0215302643
v 0.00117523159 -0.035186173 0.024253226
v 0.00115449075 -0.0350281276 0.0227635712
f 8221 8223 8222
v 0.00140898555 -0.0355910364 0.0215302643
v 0.00115449075 -0.0350281276 0.0227635712
v 0.00117808595 -0.0350394868 0.0223783718
f 8224 8226 8225
v -0.0240036999 -0.0331481075 0.0133495123
v -0.0241046655 -0.0319394894 0.0125288687
v -0.0237010565 -0.0329387985 0.0143261102
f 8227 8229 8228
v -0.0240036999 -0.0331481075 0.0133495123
v -0.0235546468 -0.032643805 0.0124136248
v -0.0241046655 -0.0319394894 0.0125288687
f 8230 8232 8231
v -0.0240240843 -0.0326235953 0.00623378583
v -0.0236360676 -0.0338506041 0.00638174388
v -0.023059317 -0.0345235545 0.00493825864
f 8233 8235 8234
v -0.0239378278 -0.0316312799 0.0123070291
v -0.0241046655 -0.0319394894 0.0125288687
v -0.0235546468 -0.032643805 0.0124136248
f 8236 8238 8237
v -0.0164784695 -0.0350400427 0.00624454769
v -0.0119152639 -0.0369304093 0.00429946376
v -0.0164080251 -0.0368622103 0.00390407513
f 8239 8241 8240
v -0.000483093754 -0.0376621843 0.0154079637
v 0.000376060052 -0.0383012375 0.016031311
v 0.000796975655 -0.0380999176 0.0159578383
f 8242 8244 8243
v 0.000796975655 -0.0380999176 0.0159578383
v 0.000376060052 -0.0383012375 0.016031311
v 0.000752846245 -0.0377315708 0.0154748093
f 8245 8247 8246
v 0.000960160105 -0.0381024875 0.0140841352
v 0.000719465606 -0.0384243322 0.0125531762
v 0.00100959514 -0.0378204131 0.01288278
f 8248 8250 8249
v 0.00309955358 0.0168767889 0.0335407298
v 0.00306217262 0.0165627382 0.0336141879
v 0.00229148282 0.0159963864 0.0343425694
f 8251 8253 8252
v 0.00309955358 0.0168767889 0.0335407298
v 0.00229148282 0.0159963864 0.0343425694
v 0.00295139471 0.0169718158 0.033549848
f 8254 8256 8255
v 0.000752846245 -0.0377315708 0.0154748093
v 0.00119089818 -0.0370935188 0.0148388732
v -0.000483093754 -0.0376621843 0.0154079637
f 8257 8259 8258
v 0.00128093161 -0.0382692117 0.00921686951
v 0.00053845215 -0.0386434287 0.00793356448
v -0.000136489689 -0.0381170161 0.00877108032
f 8260 8262 8261
v 0.00100601246 -0.0428273721 0.00184981309
v 0.000703216938 -0.0429059524 0.000842836744
v -0.000376577373 -0.0426389364 0.00305363355
f 8263 8265 8264
v -0.025967526 0.00214310967 0.0370763009
v -0.0273671176 0.000862440629 0.036434934
v -0.0274001912 0.00402697588 0.0350277725
f 8266 8268 8267
v -0.027949299 0.00608945666 0.0345204084
v -0.0274820835 0.00797129105 0.0337655365
v -0.0269782933 0.00733531997 0.0350321643
f 8269 8271 8270
v -0.0263310038 -0.00764711513 0.0382116647
v -0.0271833502 -0.00573637044 0.0373649818
v -0.0272290257 -0.00312238299 0.0374414696
f 8272 8274 8273
v -0.0195623958 -0.0119925135 0.0403411774
v -0.0224973555 -0.0135383743 0.0391337147
v -0.0231283761 -0.00763911157 0.0395812822
f 8275 8277 8276
v -0.0271541649 -0.00855259932 0.0371636648
v -0.0263310038 -0.00764711513 0.0382116647
v -0.0260810571 -0.0119675999 0.0374966505
f 8278 8280 8279
v -0.0253591803 -0.015049077 0.0368850247
v -0.0277505111 -0.0166441867 0.027138897
v -0.0260810571 -0.0119675999 0.0374966505
f 8281 8283 8282
v -0.0235623913 -0.0167541148 0.0380524929
v -0.019187032 -0.0198553942 0.0386537751
v -0.0191344676 -0.0211794584 0.0378173747
f 8284 8286 8285
v -0.0231953323 -0.0186983758 0.0367696426
v -0.0243197544 -0.0167114194 0.03607127
v -0.0235623913 -0.0167541148 0.0380524929
f 8287 8289 8288
v -0.0253591803 -0.015049077 0.0368850247
v -0.024770145 -0.0177346039 0.0339167804
v -0.0277505111 -0.0166441867 0.027138897
f 8290 8292 8291
v -0.0263310038 -0.00764711513 0.0382116647
v -0.0271541649 -0.00855259932 0.0371636648
v -0.0271833502 -0.00573637044 0.0373649818
f 8293 8295 8294
v 0.00293332996 0.0163373872 0.0357126642
v 0.00262868416 0.0180961782 0.0342074403
v 0.00399203418 0.0174571192 0.0348055182
f 8296 8298 8297
v 0.00357278041 0.0176761459 0.0342827552
v 0.00262868416 0.0180961782 0.0342074403
v 0.00359640399 0.0177192167 0.0342812884
f 8299 8301 8300
v 0.00351018098 0.0161228425 0.0350639661
v 0.00264476985 0.0166148806 0.0340154744
v 0.00229148282 0.0159963864 0.0343425694
f 8302 8304 8303
v 0.00264476985 0.0166148806 0.0340154744
v 0.00274094273 0.016001139 0.0341925857
v 0.00304269925 0.0165766731 0.0344093365
f 8305 8307 8306
v 0.00229148282 0.0159963864 0.0343425694
v 0.00274094273 0.016001139 0.0341925857
v 0.0025240035 0.0156915965 0.0346932706
f 8308 8310 8309
v 0.00261889436 0.0157916642 0.0347165798
v 0.00229148282 0.0159963864 0.0343425694
v 0.0025240035 0.0156915965 0.0346932706
f 8311 8313 8312
v 0.00351018098 0.0161228425 0.0350639661
v 0.00229148282 0.0159963864 0.0343425694
v 0.00261889436 0.0157916642 0.0347165798
f 8314 8316 8315
v 0.00309955358 0.0168767889 0.0335407298
v 0.00264476985 0.0166148806 0.0340154744
v 0.00347827445 0.0177048132 0.0336645666
f 8317 8319 8318
v 0.00347827445 0.0177048132 0.0336645666
v 0.00295139471 0.0169718158 0.033549848
v 0.00309955358 0.0168767889 0.0335407298
f 8320 8322 8321
v 0.00329758914 0.017449072 0.03280651
v 0.00309955358 0.0168767889 0.0335407298
v 0.00295139471 0.0169718158 0.033549848
f 8323 8325 8324
v 0.00229148282 0.0159963864 0.0343425694
v 0.00306217262 0.0165627382 0.0336141879
v 0.00274094273 0.016001139 0.0341925857
f 8326 8328 8327
v 0.00264476985 0.0166148806 0.0340154744
v 0.00306217262 0.0165627382 0.0336141879
v 0.00347827445 0.0177048132 0.0336645666
f 8329 8331 8330
v 0.0037114849 0.0140002623 -0.035756547
v 0.00305883732 0.0138899471 -0.0358538207
v 0.00269989687 0.0137707728 -0.0359029102
f 8332 8334 8333
v 0.0037114849 0.0140002623 -0.035756547
v 0.00269989687 0.0137707728 -0.0359029102
v 0.0023550514 0.0133694892 -0.036074908
f 8335 8337 8336
v 0.00262868416 0.0180961782 0.0342074403
v 0.00347827445 0.0177048132 0.0336645666
v 0.00359640399 0.0177192167 0.0342812884
f 8338 8340 8339
v 0.00306217262 0.0165627382 0.0336141879
v 0.00264476985 0.0166148806 0.0340154744
v 0.00304269925 0.0165766731 0.0344093365
f 8341 8343 8342
v 0.00649939902 0.0223085182 0.0220283764
v 0.00658489589 0.0218462941 0.0226571414
v 0.00656831835 0.0212066909 0.0246686686
f 8344 8346 8345
v 0.00498973823 0.0181530791 -0.0304948277
v 0.00535283471 0.0169238148 -0.0308914285
v 0.00593010045 0.0183585027 -0.029237289
f 8347 8349 8348
v 0.00444610778 0.0177828144 -0.0300559477
v 0.00498973823 0.0181530791 -0.0304948277
v 0.00426431943 0.019265934 -0.0297038438
f 8350 8352 8351
v 0.00498973823 0.0181530791 -0.0304948277
v 0.00518309535 0.018446795 -0.0307954237
v 0.00426431943 0.019265934 -0.0297038438
f 8353 8355 8354
v 0.00653438765 0.0206680692 -0.0245118339
v 0.00661150698 0.0211216087 -0.022995146
v 0.00656871416 0.0207385907 -0.0245092408
f 8356 8358 8357
v 0.00661150698 0.0211216087 -0.022995146
v 0.00606535905 0.0211430553 -0.0240977286
v 0.00656871416 0.0207385907 -0.0245092408
f 8359 8361 8360
v 0.00606535905 0.0211430553 -0.0240977286
v 0.00631231378 0.0201269126 -0.0266240851
v 0.00644760439 0.020433632 -0.0249461329
f 8362 8364 8363
v 0.00606535905 0.0211430553 -0.0240977286
v 0.00644760439 0.020433632 -0.0249461329
v 0.00653438765 0.0206680692 -0.0245118339
f 8365 8367 8366
v 0.00653438765 0.0206680692 -0.0245118339
v 0.00644760439 0.020433632 -0.0249461329
v 0.00656871416 0.0207385907 -0.0245092408
f 8368 8370 8369
v 0.00426431943 0.019265934 -0.0297038438
v 0.00518309535 0.018446795 -0.0307954237
v 0.00593644363 0.0194764129 -0.0281236571
f 8371 8373 8372
v 0.00735934736 0.023402214 -0.0110571942
v 0.00986500236 0.0109872875 -0.00415506802
v 0.0078900106 0.0246582786 -0.00110834262
f 8374 8376 8375
v 0.00361830898 0.0110640809 -0.0376899028
v 0.00379792764 0.0127128107 -0.0355357712
v 0.00311590265 0.0125209466 -0.0369175308
f 8377 8379 8378
v 0.00305883732 0.0138899471 -0.0358538207
v 0.0037114849 0.0140002623 -0.035756547
v 0.00305572612 0.0138916352 -0.0359107129
f 8380 8382 8381
v 0.00269989687 0.0137707728 -0.0359029102
v 0.00305883732 0.0138899471 -0.0358538207
v 0.00305572612 0.0138916352 -0.0359107129
f 8383 8385 8384
v 0.00278963125 0.0138350399 -0.0359037425
v 0.00368233013 0.0152129258 -0.0351284572
v 0.00114721552 0.0145690065 -0.0352116622
f 8386 8388 8387
v 0.00278963125 0.0138350399 -0.0359037425
v 0.00114721552 0.0145690065 -0.0352116622
v 0.00253719118 0.0137550771 -0.0358743913
f 8389 8391 8390
v 0.0023550514 0.0133694892 -0.036074908
v 0.00379792764 0.0127128107 -0.0355357712
v 0.0037114849 0.0140002623 -0.035756547
f 8392 8394 8393
v 0.00253719118 0.0137550771 -0.0358743913
v 0.00114721552 0.0145690065 -0.0352116622
v 0.00253453036 0.0137565177 -0.035923667
f 8395 8397 8396
v 0.00269989687 0.0137707728 -0.0359029102
v 0.00305572612 0.0138916352 -0.0359107129
v 0.00278963125 0.0138350399 -0.0359037425
f 8398 8400 8399
v 0.00269989687 0.0137707728 -0.0359029102
v 0.00278963125 0.0138350399 -0.0359037425
v 0.00253453036 0.0137565177 -0.035923667
f 8401 8403 8402
v 0.0023550514 0.0133694892 -0.036074908
v 0.00311590265 0.0125209466 -0.0369175308
v 0.00379792764 0.0127128107 -0.0355357712
f 8404 8406 8405
v 0.00114721552 0.0145690065 -0.0352116622
v 0.0023550514 0.0133694892 -0.036074908
v 0.00253453036 0.0137565177 -0.035923667
f 8407 8409 8408
v 0.00305883732 0.0138899471 -0.0358538207
v 0.00278963125 0.0138350399 -0.0359037425
v 0.00305572612 0.0138916352 -0.0359107129
f 8410 8412 8411
v 0.00253719118 0.0137550771 -0.0358743913
v 0.00269989687 0.0137707728 -0.0359029102
v 0.00253453036 0.0137565177 -0.035923667
f 8413 8415 8414
v 0.00407218758 0.00659829457 -0.0397889147
v 0.00431962399 0.00760434414 -0.0392074668
v 0.00372393552 0.008696234 -0.0387676031
f 8416 8418 8417
v 0.00407218758 0.00659829457 -0.0397889147
v 0.00372393552 0.008696234 -0.0387676031
v 0.00132731584 0.00954327916 -0.0385275926
f 8419 8421 8420
v 0.0023550514 0.0133694892 -0.036074908
v 0.00269989687 0.0137707728 -0.0359029102
v 0.00253719118 0.0137550771 -0.0358743913
f 8422 8424 8423
v 0.00408931228 0.0174854722 -0.0330676179
v 0.0035965335 0.0177189257 -0.0325887959
v 0.0035729201 0.0176758782 -0.0325902598
f 8425 8427 8426
v 0.00408931228 0.0174854722 -0.0330676179
v 0.0035729201 0.0176758782 -0.0325902598
v 0.00345569133 0.0169432824 -0.033605122
f 8428 8430 8429
v 0.0035965335 0.0177189257 -0.0325887959
v 0.00408931228 0.0174854722 -0.0330676179
v 0.00427291816 0.0169807943 -0.0329988368
f 8431 8433 8432
v 0.0035965335 0.0177189257 -0.0325887959
v 0.00427291816 0.0169807943 -0.0329988368
v 0.0035729201 0.0176758782 -0.0325902598
f 8434 8436 8435
v 0.00415084651 0.0159978212 -0.0339407648
v 0.00368617184 0.0162659664 -0.0339976075
v 0.00346367888 0.0158314113 -0.0341047155
f 8437 8439 8438
v 0.00415084651 0.0159978212 -0.0339407648
v 0.00346367888 0.0158314113 -0.0341047155
v 0.0037354941 0.0157498769 -0.034122041
f 8440 8442 8441
v 0.00320277613 0.0156696609 -0.0334844488
v 0.00427291816 0.0169807943 -0.0329988368
v 0.00345569133 0.0169432824 -0.033605122
f 8443 8445 8444
v 0.00346367888 0.0158314113 -0.0341047155
v 0.00368233013 0.0152129258 -0.0351284572
v 0.0037354941 0.0157498769 -0.034122041
f 8446 8448 8447
v 0.00261903042 0.0157913848 -0.0330240699
v 0.00289682648 0.0157003538 -0.0330603594
v 0.00276152277 0.015543749 -0.0331684045
f 8449 8451 8450
v 0.00261903042 0.0157913848 -0.0330240699
v 0.00276152277 0.015543749 -0.0331684045
v 0.0025241432 0.0156912996 -0.0330007606
f 8452 8454 8453
v 0.00281776302 0.0162473167 -0.0340978731
v 0.00346367888 0.0158314113 -0.0341047155
v 0.00368617184 0.0162659664 -0.0339976075
f 8455 8457 8456
v 0.00415553513 0.015553688 -0.0328237016
v 0.00320277613 0.0156696609 -0.0334844488
v 0.00349089532 0.0151558794 -0.0337869715
f 8458 8460 8459
v 0.00320277613 0.0156696609 -0.0334844488
v 0.00352698407 0.015220452 -0.0337847567
v 0.00349089532 0.0151558794 -0.0337869715
f 8461 8463 8462
v 0.00263379043 0.0156478156 -0.0332097959
v 0.00276152277 0.015543749 -0.0331684045
v 0.00294963102 0.0156490059 -0.0332554569
f 8464 8466 8465
v 0.00251098463 0.0158259601 -0.0326919253
v 0.00261903042 0.0157913848 -0.0330240699
v 0.00289682648 0.0157003538 -0.0330603594
f 8467 8469 8468
v 0.00320277613 0.0156696609 -0.0334844488
v 0.00289682648 0.0157003538 -0.0330603594
v 0.00278797379 0.0162999422 -0.032801443
f 8470 8472 8471
v 0.00289682648 0.0157003538 -0.0330603594
v 0.00261903042 0.0157913848 -0.0330240699
v 0.00278797379 0.0162999422 -0.032801443
f 8473 8475 8474
v 0.00263379043 0.0156478156 -0.0332097959
v 0.00294963102 0.0156490059 -0.0332554569
v 0.00289682648 0.0157003538 -0.0330603594
f 8476 8478 8477
v 0.00263379043 0.0156478156 -0.0332097959
v 0.00289682648 0.0157003538 -0.0330603594
v 0.00261903042 0.0157913848 -0.0330240699
f 8479 8481 8480
v 0.00251098463 0.0158259601 -0.0326919253
v 0.00415553513 0.015553688 -0.0328237016
v 0.00278797379 0.0162999422 -0.032801443
f 8482 8484 8483
v 0.00294963102 0.0156490059 -0.0332554569
v 0.00320277613 0.0156696609 -0.0334844488
v 0.00415553513 0.015553688 -0.0328237016
f 8485 8487 8486
v 0.00294963102 0.0156490059 -0.0332554569
v 0.00415553513 0.015553688 -0.0328237016
v 0.00289682648 0.0157003538 -0.0330603594
f 8488 8490 8489
v 0.00276152277 0.015543749 -0.0331684045
v 0.00289682648 0.0157003538 -0.0330603594
v 0.00294963102 0.0156490059 -0.0332554569
f 8491 8493 8492
v 0.0025241432 0.0156912996 -0.0330007606
v 0.00263379043 0.0156478156 -0.0332097959
v 0.00261903042 0.0157913848 -0.0330240699
f 8494 8496 8495
v 0.00371632486 0.0164207871 -0.0337512727
v 0.00363538129 0.0162595636 -0.0337575708
v 0.00320277613 0.0156696609 -0.0334844488
f 8497 8499 8498
v 0.00371632486 0.0164207871 -0.0337512727
v 0.00320277613 0.0156696609 -0.0334844488
v 0.00345569133 0.0169432824 -0.033605122
f 8500 8502 8501
v 0.00371632486 0.0164207871 -0.0337512727
v 0.00345569133 0.0169432824 -0.033605122
v 0.00281776302 0.0162473167 -0.0340978731
f 8503 8505 8504
v 0.00371632486 0.0164207871 -0.0337512727
v 0.00281776302 0.0162473167 -0.0340978731
v 0.00363538129 0.0162595636 -0.0337575708
f 8506 8508 8507
v 0.00495344866 0.0167378006 -0.0313161465
v 0.00465196208 0.0166180995 -0.0315051322
v 0.0052057454 0.0155963455 -0.0302086235
f 8509 8511 8510
v 0.00495344866 0.0167378006 -0.0313161465
v 0.0052057454 0.0155963455 -0.0302086235
v 0.00496119173 0.0167337435 -0.03118022
f 8512 8514 8513
v 0.00415084651 0.0159978212 -0.0339407648
v 0.00371632486 0.0164207871 -0.0337512727
v 0.00368617184 0.0162659664 -0.0339976075
f 8515 8517 8516
v 0.00320277613 0.0156696609 -0.0334844488
v 0.00415084651 0.0159978212 -0.0339407648
v 0.0037354941 0.0157498769 -0.034122041
f 8518 8520 8519
v 0.00281776302 0.0162473167 -0.0340978731
v 0.00368617184 0.0162659664 -0.0339976075
v 0.00363538129 0.0162595636 -0.0337575708
f 8521 8523 8522
v 0.00349033508 0.0152189095 -0.033943879
v 0.00320277613 0.0156696609 -0.0334844488
v 0.00346367888 0.0158314113 -0.0341047155
f 8524 8526 8525
v 0.00363538129 0.0162595636 -0.0337575708
v 0.00368617184 0.0162659664 -0.0339976075
v 0.00371632486 0.0164207871 -0.0337512727
f 8527 8529 8528
v 0.00496119173 0.0167337435 -0.03118022
v 0.00535283471 0.0169238148 -0.0308914285
v 0.00495344866 0.0167378006 -0.0313161465
f 8530 8532 8531
v 0.0034644996 0.0178746894 -0.03187533
v 0.00427291816 0.0169807943 -0.0329988368
v 0.00288449301 0.0168454149 -0.0321183936
f 8533 8535 8534
v 0.0034644996 0.0178746894 -0.03187533
v 0.00288449301 0.0168454149 -0.0321183936
v 0.00309968455 0.0168765153 -0.0318482402
f 8536 8538 8537
v 0.0052057454 0.0155963455 -0.0302086235
v 0.00535283471 0.0169238148 -0.0308914285
v 0.00496119173 0.0167337435 -0.03118022
f 8539 8541 8540
v 0.00465196208 0.0166180995 -0.0315051322
v 0.00495344866 0.0167378006 -0.0313161465
v 0.00496119173 0.0167337435 -0.03118022
f 8542 8544 8543
v 0.00465196208 0.0166180995 -0.0315051322
v 0.00496119173 0.0167337435 -0.03118022
v 0.00444610778 0.0177828144 -0.0300559477
f 8545 8547 8546
v 0.00436457485 0.0150618042 -0.0333008647
v 0.0052057454 0.0155963455 -0.0302086235
v 0.00415553513 0.015553688 -0.0328237016
f 8548 8550 8549
v 0.0052057454 0.0155963455 -0.0302086235
v 0.00465196208 0.0166180995 -0.0315051322
v 0.00415553513 0.015553688 -0.0328237016
f 8551 8553 8552
v 0.00269293378 0.0163971956 -0.0320920342
v 0.00302546978 0.0164934332 -0.0320909312
v 0.00309968455 0.0168765153 -0.0318482402
f 8554 8556 8555
v -0.00695526032 -0.00401840698 -0.0416265131
v -0.00353907526 -0.00705888742 -0.0424809259
v -0.00160007257 -0.00155944399 -0.0423507649
f 8557 8559 8558
v -0.00695526032 -0.00401840698 -0.0416265131
v -0.00160007257 -0.00155944399 -0.0423507649
v -0.00202926385 0.0017632683 -0.0415773888
f 8560 8562 8561
v 0.00518816814 0.0168173792 -0.0312684657
v 0.00535283471 0.0169238148 -0.0308914285
v 0.00444610778 0.0177828144 -0.0300559477
f 8563 8565 8564
v 0.0037114849 0.0140002623 -0.035756547
v 0.00379792764 0.0127128107 -0.0355357712
v 0.00424175232 0.0149000276 -0.0342557032
f 8566 8568 8567
v 0.0035729201 0.0176758782 -0.0325902598
v 0.0034644996 0.0178746894 -0.03187533
v 0.0035965335 0.0177189257 -0.0325887959
f 8569 8571 8570
v 0.00266428906 0.000761087995 -0.0420526427
v 0.00409895729 0.00391649919 -0.0378955738
v 0.00303925335 0.00206501827 -0.0416476454
f 8572 8574 8573
v 0.00297009829 -0.00223736752 -0.0428567291
v 0.00390471832 -0.00385796266 -0.036715559
v 0.002723543 -0.000784860185 -0.0423675228
f 8575 8577 8576
v 0.00199559945 -0.00811266582 -0.0421288772
v 0.00230728401 -0.00484804441 -0.043012228
v 0.00147237879 -0.00743485798 -0.0432152534
f 8578 8580 8579
v -0.0197292145 0.0237809712 -0.0133465961
v -0.0208749669 0.0215262888 -0.0179949551
v -0.0185738027 0.0224806616 -0.0177749316
f 8581 8583 8582
v -0.0197292145 0.0237809712 -0.0133465961
v -0.0185738027 0.0224806616 -0.0177749316
v -0.0165729871 0.0249583594 -0.0136764516
f 8584 8586 8585
v 0.00361204584 0.00482935247 -0.0405708997
v 0.00187730038 0.0052309897 -0.0404861115
v 0.00328400929 0.0034498571 -0.0412597583
f 8587 8589 8588
v 0.00669282308 0.0241810005 -0.0109303794
v 0.00665634871 0.0235097672 -0.0149175568
v 0.00735934736 0.023402214 -0.0110571942
f 8590 8592 8591
v 0.00653618772 0.0221068956 -0.020776497
v 0.00378737459 0.0223976633 -0.0214764033
v 0.00606535905 0.0211430553 -0.0240977286
f 8593 8595 8594
v -0.000312337215 0.0258277461 -0.011656015
v -0.00414760143 0.025104158 -0.0160363139
v 0.00188467384 0.0236207721 -0.0182301766
f 8596 8598 8597
v 0.0062686755 0.0251330202 -0.00625368339
v 0.00529565441 0.025031023 -0.00869131327
v 0.00669282308 0.0241810005 -0.0109303794
f 8599 8601 8600
v 0.000579694461 0.026752564 -0.00555599399
v -0.000285024726 0.0264971779 -0.0075160664
v 0.00300546963 0.0255547347 -0.00941726175
f 8602 8604 8603
v -0.00205046454 0.0269775075 -0.00573002835
v -0.000285024726 0.0264971779 -0.0075160664
v 0.000579694461 0.026752564 -0.00555599399
f 8605 8607 8606
v -0.000285024726 0.0264971779 -0.0075160664
v -0.000312337215 0.0258277461 -0.011656015
v 0.00300546963 0.0255547347 -0.00941726175
f 8608 8610 8609
v 0.00472172105 0.0258814252 -0.00327615926
v 0.00306976435 0.0263570488 -0.00413532907
v 0.0062686755 0.0251330202 -0.00625368339
f 8611 8613 8612
v -0.00793422296 0.0262156274 -0.0124745886
v -0.0101750775 0.0261179928 -0.0130822707
v -0.00910817907 0.0250009383 -0.0167557897
f 8614 8616 8615
v 0.0011365446 0.0164417273 -0.033022181
v 0.00281776302 0.0162473167 -0.0340978731
v 0.00345569133 0.0169432824 -0.033605122
f 8617 8619 8618
v 0.00283931149 0.0181041614 -0.0325457804
v 0.0011365446 0.0164417273 -0.033022181
v 0.00345569133 0.0169432824 -0.033605122
f 8620 8622 8621
v 0.00082947663 0.0162607452 -0.0327257323
v 0.0011365446 0.0164417273 -0.033022181
v 0.00100631441 0.0182477801 -0.0319026207
f 8623 8625 8624
v 0.00307291193 0.0171193693 -0.0314067409
v 0.0034644996 0.0178746894 -0.03187533
v 0.00295150094 0.0169715335 -0.0318573555
f 8626 8628 8627
v -0.00849152711 0.0181199881 -0.0299009815
v -0.000713508052 0.0168811079 -0.0328120048
v 0.00100631441 0.0182477801 -0.0319026207
f 8629 8631 8630
v 0.0011365446 0.0164417273 -0.033022181
v 0.00082947663 0.0162607452 -0.0327257323
v -0.000713508052 0.0168811079 -0.0328120048
f 8632 8634 8633
v 0.0011365446 0.0164417273 -0.033022181
v 0.00114721552 0.0145690065 -0.0352116622
v 0.00281776302 0.0162473167 -0.0340978731
f 8635 8637 8636
v -0.0067475281 0.0139877709 -0.0342097599
v -0.007987766 0.0114920163 -0.0357067533
v -0.00260090019 0.0140971286 -0.0347315508
f 8638 8640 8639
v -0.00772603089 0.00988151223 -0.0366285269
v -0.0087495413 0.0069634254 -0.037877218
v -0.00299713865 0.0088636305 -0.0383218256
f 8641 8643 8642
v -0.00918339501 0.00394775088 -0.0391974376
v -0.00756068475 0.00133112144 -0.0405817438
v -0.00569524018 0.00334657634 -0.0403111073
f 8644 8646 8645
v -0.026480417 0.0165744583 -0.0254707498
v -0.0273547805 0.0150402964 -0.0265270181
v -0.0264003698 0.0135597031 -0.0286506576
f 8647 8649 8648
v -0.0272558478 0.00765402438 -0.0329348259
v -0.0269943266 0.00889858129 -0.0315647543
v -0.027480867 0.00812213912 -0.031746403
f 8650 8652 8651
v -0.027550105 0.00843831149 -0.031089285
v -0.027480867 0.00812213912 -0.031746403
v -0.0275121827 0.00814168816 -0.0317462283
f 8653 8655 8654
v -0.0273013196 0.010139573 -0.0304880465
v -0.027550105 0.00843831149 -0.031089285
v -0.0269943266 0.00889858129 -0.0315647543
f 8656 8658 8657
v -0.0165729871 0.0249583594 -0.0136764516
v -0.0185738027 0.0224806616 -0.0177749316
v -0.0148777108 0.0235333471 -0.0178876799
f 8659 8661 8660
v -0.0258582819 0.0222958959 -0.0159993913
v -0.025603408 0.0211061633 -0.0156107271
v -0.0259765715 0.0212853469 -0.0181756332
f 8662 8664 8663
v -0.0258582819 0.0222958959 -0.0159993913
v -0.0259765715 0.0212853469 -0.0181756332
v -0.0258661632 0.0214059823 -0.018001048
f 8665 8667 8666
v -0.0159108968 0.02747486 -0.00751409752
v -0.0195184271 0.0258592016 -0.00882626191
v -0.0156562601 0.026785431 -0.00904441258
f 8668 8670 8669
v -0.0273468293 0.0157727554 -0.0220304966
v -0.026480417 0.0165744583 -0.0254707498
v -0.0266229414 0.0174628643 -0.024369701
f 8671 8673 8672
v -0.0258582819 0.0222958959 -0.0159993913
v -0.0258661632 0.0214059823 -0.018001048
v -0.0259170716 0.0214376967 -0.018001096
f 8674 8676 8675
v -0.0236731721 0.0277945277 -0.00568367905
v -0.0195184271 0.0258592016 -0.00882626191
v -0.0180224946 0.0282945548 -0.00394413073
f 8677 8679 8678
v -0.0236731721 0.0277945277 -0.00568367905
v -0.0180224946 0.0282945548 -0.00394413073
v -0.0214642321 0.0280896114 -0.00473728724
f 8680 8682 8681
v -0.0254995772 0.0219708847 -0.0174182904
v -0.0258661632 0.0214059823 -0.018001048
v -0.0255121733 0.0212216997 -0.018826517
f 8683 8685 8684
v -0.0259765715 0.0212853469 -0.0181756332
v -0.0255121733 0.0212216997 -0.018826517
v -0.0259170716 0.0214376967 -0.018001096
f 8686 8688 8687
v -0.025603408 0.0211061633 -0.0156107271
v -0.0258582819 0.0222958959 -0.0159993913
v -0.0249759789 0.0236581938 -0.0141743789
f 8689 8691 8690
v -0.0238965338 0.0278306456 -0.00499738599
v -0.0241059985 0.0275427563 -0.00559539476
v -0.0241609421 0.027577224 -0.0055956727
f 8692 8694 8693
v -0.0243410046 0.0271589874 -0.00640119906
v -0.0236731721 0.0277945277 -0.00568367905
v -0.0241059985 0.0275427563 -0.00559539476
f 8695 8697 8696
v -0.024201542 0.0270918099 -0.005259303
v -0.0243410046 0.0271589874 -0.00640119906
v -0.0241609421 0.027577224 -0.0055956727
f 8698 8700 8699
v -0.0186382807 0.0284824375 0.000844760416
v -0.0237275759 0.0290334399 -0.000673913837
v -0.0214642321 0.0280896114 -0.00473728724
f 8701 8703 8702
v -0.0242215901 0.0282199471 -0.0036876474
v -0.024201542 0.0270918099 -0.005259303
v -0.0238965338 0.0278306456 -0.00499738599
f 8704 8706 8705
v -0.0244319497 0.0250986894 -0.00983700884
v -0.0246944604 0.0255581865 -0.00966098305
v -0.024222942 0.0263722526 -0.00805692762
f 8707 8709 8708
v -0.0255798455 0.0206240584 -0.0116974501
v -0.0244319497 0.0250986894 -0.00983700884
v -0.026385329 0.0192288702 -0.00632686861
f 8710 8712 8711
v -0.0241940768 0.0249370729 -0.0112138667
v -0.0244319497 0.0250986894 -0.00983700884
v -0.0255798455 0.0206240584 -0.0116974501
f 8713 8715 8714
v -0.0257097883 0.0202083102 -0.0199977556
v -0.0257448439 0.0201148199 -0.0206884622
v -0.0256164931 0.0204341151 -0.019915757
f 8716 8718 8717
v -0.0253416074 0.0206714161 -0.0197859918
v -0.0257448439 0.0201148199 -0.0206884622
v -0.0235925618 0.0213378706 -0.0179666444
f 8719 8721 8720
v -0.0255748135 0.0195361863 -0.0217891997
v -0.0266229414 0.0174628643 -0.024369701
v -0.026480417 0.0165744583 -0.0254707498
f 8722 8724 8723
v 0.000637514313 -0.037985816 -0.0137612602
v -0.00018544597 -0.0373946765 -0.0135494061
v 0.00100834441 -0.0373644114 -0.0135447001
f 8725 8727 8726
v 0.000637514313 -0.037985816 -0.0137612602
v 0.00100834441 -0.0373644114 -0.0135447001
v 0.000886684575 -0.0380730024 -0.0138744435
f 8728 8730 8729
v 0.00144852529 -0.0368095061 -0.0125862178
v 0.00168340121 -0.0365162443 -0.0124148166
v 0.00137093157 -0.0368199748 -0.0129413558
f 8731 8733 8732
v 0.00168340121 -0.0365162443 -0.0124148166
v 0.00144852529 -0.0368095061 -0.0125862178
v 0.000847190677 -0.0365882035 -0.012671997
f 8734 8736 8735
v 0.00138713367 -0.0368974288 -0.0133107635
v 0.00223666721 -0.0345821754 -0.0135864582
v 0.000861472654 -0.0379081408 -0.0140351272
f 8737 8739 8738
v 0.000861472654 -0.0379081408 -0.0140351272
v 0.000530606485 -0.0385437597 -0.0149306943
v 0.000886684575 -0.0380730024 -0.0138744435
f 8740 8742 8741
v 0.000637514313 -0.037985816 -0.0137612602
v 0.000886684575 -0.0380730024 -0.0138744435
v 0.000963509956 -0.0383947016 -0.011710215
f 8743 8745 8744
v 0.00120288169 -0.0370278285 -0.0130654356
v 0.00100834441 -0.0373644114 -0.0135447001
v -0.00018544597 -0.0373946765 -0.0135494061
f 8746 8748 8747
v 0.00115823204 -0.0370597612 -0.0133437337
v 0.00120288169 -0.0370278285 -0.0130654356
v 0.00128154134 -0.0372010982 -0.0129845474
f 8749 8751 8750
v 0.00115823204 -0.0370597612 -0.0133437337
v 0.00128154134 -0.0372010982 -0.0129845474
v 0.00123769278 -0.037141802 -0.013366963
f 8752 8754 8753
v 0.00180875577 -0.0366921333 -0.0102345788
v 0.0017026985 -0.0363181694 -0.00991715642
v 0.00160609634 -0.0367513334 -0.00975549701
f 8755 8757 8756
v 0.00180875577 -0.0366921333 -0.0102345788
v 0.00160609634 -0.0367513334 -0.00975549701
v 0.00185912722 -0.0367608474 -0.00993477661
f 8758 8760 8759
v 0.00120288169 -0.0370278285 -0.0130654356
v 0.00137093157 -0.0368199748 -0.0129413558
v 0.00144852529 -0.0368095061 -0.0125862178
f 8761 8763 8762
v 0.00128154134 -0.0372010982 -0.0129845474
v 0.00138713367 -0.0368974288 -0.0133107635
v 0.00123769278 -0.037141802 -0.013366963
f 8764 8766 8765
v 0.00139983749 -0.0365708576 -0.0107999484
v 0.00170209823 -0.0368201756 -0.0110512643
v 0.00168340121 -0.0365162443 -0.0124148166
f 8767 8769 8768
v 0.00163418736 -0.0391422451 -0.00677454591
v 0.00206951227 -0.0365671149 -0.00990466506
v 0.00170726489 -0.0370795024 -0.0111389214
f 8770 8772 8771
v 0.00185912722 -0.0367608474 -0.00993477661
v 0.00160609634 -0.0367513334 -0.00975549701
v 0.00139983749 -0.0365708576 -0.0107999484
f 8773 8775 8774
v 0.00185912722 -0.0367608474 -0.00993477661
v 0.00139983749 -0.0365708576 -0.0107999484
v 0.00180875577 -0.0366921333 -0.0102345788
f 8776 8778 8777
v 0.0018496954 -0.0155502901 -0.0426300423
v 0.00163565128 -0.0153889356 -0.0426099956
v 0.000966381049 -0.0153375047 -0.0427402381
f 8779 8781 8780
v 0.0018496954 -0.0155502901 -0.0426300423
v 0.000966381049 -0.0153375047 -0.0427402381
v 0.0017958424 -0.0160616575 -0.0424730853
f 8782 8784 8783
v 0.00185912722 -0.0367608474 -0.00993477661
v 0.00206951227 -0.0365671149 -0.00990466506
v 0.00180875577 -0.0366921333 -0.0102345788
f 8785 8787 8786
v 0.00101683399 -0.037783946 -0.0112422254
v 0.00170726489 -0.0370795024 -0.0111389214
v 0.00128154134 -0.0372010982 -0.0129845474
f 8788 8790 8789
v 0.00160609634 -0.0367513334 -0.00975549701
v 0.00190943538 -0.036169638 -0.00862991219
v 0.00124537473 -0.0377978926 -0.00803152507
f 8791 8793 8792
v 0.00160609634 -0.0367513334 -0.00975549701
v 0.0017026985 -0.0363181694 -0.00991715642
v 0.00190943538 -0.036169638 -0.00862991219
f 8794 8796 8795
v 0.00170209823 -0.0368201756 -0.0110512643
v 0.00144852529 -0.0368095061 -0.0125862178
v 0.00138713367 -0.0368974288 -0.0133107635
f 8797 8799 8798
v 0.00147237879 -0.00743485798 -0.0432152534
v 0.00204899552 -0.0115908173 -0.0432551402
v 0.00192922671 -0.00925588902 -0.043132226
f 8800 8802 8801
v 0.00163565128 -0.0153889356 -0.0426099956
v 0.00169621562 -0.0144838981 -0.0430320477
v 0.000966381049 -0.0153375047 -0.0427402381
f 8803 8805 8804
v 0.00192017687 -0.0132750123 -0.0429625681
v 0.00174767265 -0.012781781 -0.0431092718
v 0.0015415113 -0.0130879285 -0.043078867
f 8806 8808 8807
v 0.00192017687 -0.0132750123 -0.0429625681
v 0.0015415113 -0.0130879285 -0.043078867
v 0.00185736571 -0.013287153 -0.043126446
f 8809 8811 8810
v 0.00163565128 -0.0153889356 -0.0426099956
v 0.00190308638 -0.0143360652 -0.042856604
v 0.0018496954 -0.0155502901 -0.0426300423
f 8812 8814 8813
v 0.00169621562 -0.0144838981 -0.0430320477
v 0.00190308638 -0.0143360652 -0.042856604
v 0.00185736571 -0.013287153 -0.043126446
f 8815 8817 8816
v -0.00149284315 -0.0110590641 -0.0427700987
v 0.0015415113 -0.0130879285 -0.043078867
v 0.0010774922 -0.012373364 -0.0430331682
f 8818 8820 8819
v 0.00190919018 -0.0128002881 -0.0424065161
v 0.00204899552 -0.0115908173 -0.0432551402
v 0.00174767265 -0.012781781 -0.0431092718
f 8821 8823 8822
v 0.00190919018 -0.0128002881 -0.0424065161
v 0.00174767265 -0.012781781 -0.0431092718
v 0.00173212538 -0.0128129934 -0.0429754
f 8824 8826 8825
v 0.00181118958 -0.0133203823 -0.0429869891
v 0.00190308638 -0.0143360652 -0.042856604
v 0.00192017687 -0.0132750123 -0.0429625681
f 8827 8829 8828
v 0.0010774922 -0.012373364 -0.0430331682
v 0.00173212538 -0.0128129934 -0.0429754
v 0.00174767265 -0.012781781 -0.0431092718
f 8830 8832 8831
v 0.00190919018 -0.0128002881 -0.0424065161
v 0.00192017687 -0.0132750123 -0.0429625681
v 0.00190308638 -0.0143360652 -0.042856604
f 8833 8835 8834
v 0.00190919018 -0.0128002881 -0.0424065161
v 0.00190308638 -0.0143360652 -0.042856604
v 0.0017958424 -0.0160616575 -0.0424730853
f 8836 8838 8837
v 0.00109378452 -0.0345717388 -0.0214203654
v 0.00117433665 -0.0345790846 -0.0218396322
v 0.00134060683 -0.0347726833 -0.0204494921
f 8839 8841 8840
v 0.00109378452 -0.0345717388 -0.0214203654
v 0.00134060683 -0.0347726833 -0.0204494921
v 0.00111487898 -0.0346043234 -0.0211177598
f 8842 8844 8843
v -0.00126445229 -0.0205465141 -0.0402044883
v -0.000642348459 -0.0226582211 -0.0387319393
v 0.00227107375 -0.0230897887 -0.038055965
f 8845 8847 8846
v 0.0017958424 -0.0160616575 -0.0424730853
v 0.00163565128 -0.0153889356 -0.0426099956
v 0.0018496954 -0.0155502901 -0.0426300423
f 8848 8850 8849
v -0.000433511741 -0.0256249128 -0.0370963768
v 0.000751988409 -0.026630194 -0.0364222564
v 0.00130187473 -0.0255971303 -0.0369280897
f 8851 8853 8852
v -0.00126445229 -0.0205465141 -0.0402044883
v -0.00705827042 -0.0206742523 -0.0389961089
v -0.000642348459 -0.0226582211 -0.0387319393
f 8854 8856 8855
v 0.000426743645 -0.0288704381 -0.0349594426
v 0.000165289384 -0.0289689022 -0.0341444742
v 0.000561162597 -0.0286372495 -0.035103361
f 8857 8859 8858
v 0.000380726851 -0.0284999929 -0.035083128
v 0.000426743645 -0.0288704381 -0.0349594426
v 0.000561162597 -0.0286372495 -0.035103361
f 8860 8862 8861
v -0.00162798606 -0.0278672611 -0.0349328882
v 0.000426743645 -0.0288704381 -0.0349594426
v 0.000380726851 -0.0284999929 -0.035083128
f 8863 8865 8864
v 0.000165289384 -0.0289689022 -0.0341444742
v 0.000671426096 -0.0276641658 -0.0348150032
v 0.000380726851 -0.0284999929 -0.035083128
f 8866 8868 8867
v 0.000380726851 -0.0284999929 -0.035083128
v 0.000671426096 -0.0276641658 -0.0348150032
v 0.000561162597 -0.0286372495 -0.035103361
f 8869 8871 8870
v -0.00014967809 -0.0274465448 -0.0360890641
v 0.000751988409 -0.026630194 -0.0364222564
v -0.000413390808 -0.0269955577 -0.0357125711
f 8872 8874 8873
v -0.000413390808 -0.0269955577 -0.0357125711
v -0.00162798606 -0.0278672611 -0.0349328882
v 0.000677487697 -0.0279202097 -0.0358034624
f 8875 8877 8876
v 0.000671426096 -0.0276641658 -0.0348150032
v 0.000165289384 -0.0289689022 -0.0341444742
v -6.27391273e-05 -0.0300099462 -0.0317284052
f 8878 8880 8879
v -0.00416640432 -0.0264790986 -0.0361063634
v -0.00211415536 -0.0266383897 -0.0352641742
v -0.000433511741 -0.0256249128 -0.0370963768
f 8881 8883 8882
v -0.00731523905 -0.0263425551 -0.0344835134
v -0.00381645623 -0.026829369 -0.0346946734
v -0.00416640432 -0.0264790986 -0.0361063634
f 8884 8886 8885
v -0.0004697853 -0.0307790964 -0.032042127
v 0.000359371916 -0.0310670206 -0.0315722107
v -0.00058721198 -0.0298745377 -0.033263251
f 8887 8889 8888
v -0.00203103773 -0.0333447591 -0.0299327134
v -0.000623858068 -0.0339550345 -0.0290149852
v 0.000139235635 -0.0323517626 -0.0308299524
f 8890 8892 8891
v -0.00381645623 -0.026829369 -0.0346946734
v -0.00340696715 -0.0281799614 -0.0338383048
v -0.00162798606 -0.0278672611 -0.0349328882
f 8893 8895 8894
v -0.0094754716 -0.025872796 -0.0347116351
v -0.009828568 -0.0277657149 -0.0333805481
v -0.00731523905 -0.0263425551 -0.0344835134
f 8896 8898 8897
v -0.00731523905 -0.0263425551 -0.0344835134
v -0.00679006844 -0.0278375868 -0.0332967844
v -0.00381645623 -0.026829369 -0.0346946734
f 8899 8901 8900
v -0.00809044868 -0.0330270355 -0.0282279827
v -0.00486542267 -0.0330607087 -0.0296652346
v -0.00602521613 -0.0319598563 -0.0300095911
f 8902 8904 8903
v -0.00340696715 -0.0281799614 -0.0338383048
v -0.00058721198 -0.0298745377 -0.033263251
v -0.00162798606 -0.0278672611 -0.0349328882
f 8905 8907 8906
v -0.0134409202 -0.0278569671 -0.0316412945
v -0.014368938 -0.028745181 -0.0297937804
v -0.0113390139 -0.0272069068 -0.0329564267
f 8908 8910 8909
v -0.0146974664 -0.0243520248 -0.0337008911
v -0.0163926772 -0.0232350503 -0.0337689882
v -0.0154602618 -0.0257179578 -0.0327020505
f 8911 8913 8912
v -0.0154602618 -0.0257179578 -0.0327020505
v -0.0113390139 -0.0272069068 -0.0329564267
v -0.0146974664 -0.0243520248 -0.0337008911
f 8914 8916 8915
v -0.0171312335 -0.0256379455 -0.0303297566
v -0.0183012744 -0.02357349 -0.0319967978
v -0.0211820443 -0.0257941691 -0.0292662298
f 8917 8919 8918
v 0.00592267897 -0.0217390087 -0.015942684
v 0.00861317385 -0.0185677272 -0.00794623484
v 0.00775655935 -0.0134981849 -0.0148848194
f 8920 8922 8921
v 0.0011326134 -0.0350067829 -0.0214556931
v 0.000956399163 -0.0347677706 -0.0217842651
v 0.000957052544 -0.0347611087 -0.0210033104
f 8923 8925 8924
v 0.0011326134 -0.0350067829 -0.0214556931
v 0.000957052544 -0.0347611087 -0.0210033104
v 0.00115458024 -0.0350283284 -0.0210706407
f 8926 8928 8927
v 0.00105240615 -0.0355019845 -0.02009772
v 0.00115913426 -0.0351654249 -0.0225933327
v 0.00112110065 -0.0349758804 -0.0218403744
f 8929 8931 8930
v -0.00226554112 -0.0352695381 -0.0240371897
v 0.000262397953 -0.0353428797 -0.0234618536
v 0.000310574978 -0.0349646463 -0.0259547989
f 8932 8934 8933
v 0.0011781769 -0.0350396731 -0.0206854427
v 0.000957052544 -0.0347611087 -0.0210033104
v -0.000178792834 -0.034604955 -0.0199734
f 8935 8937 8936
v 0.0011781769 -0.0350396731 -0.0206854427
v -0.000178792834 -0.034604955 -0.0199734
v 0.00122107595 -0.0350513001 -0.0203644333
f 8938 8940 8939
v 0.00134060683 -0.0347726833 -0.0204494921
v 0.00117433665 -0.0345790846 -0.0218396322
v 0.0011326134 -0.0350067829 -0.0214556931
f 8941 8943 8942
v 0.00134060683 -0.0347726833 -0.0204494921
v 0.0011326134 -0.0350067829 -0.0214556931
v 0.00115458024 -0.0350283284 -0.0210706407
f 8944 8946 8945
v -0.000178792834 -0.034604955 -0.0199734
v 0.00105240615 -0.0355019845 -0.02009772
v 0.00122107595 -0.0350513001 -0.0203644333
f 8947 8949 8948
v 0.00105240615 -0.0355019845 -0.02009772
v 0.00115458024 -0.0350283284 -0.0210706407
v 0.0011781769 -0.0350396731 -0.0206854427
f 8950 8952 8951
v 0.000819001434 -0.0369157264 -0.0198300026
v 0.00105240615 -0.0355019845 -0.02009772
v -0.000178792834 -0.034604955 -0.0199734
f 8953 8955 8954
v -0.00417050833 -0.033467813 -0.0191647428
v -0.00235690604 -0.034971736 -0.0189230996
v -0.000178792834 -0.034604955 -0.0199734
f 8956 8958 8957
v 0.000956399163 -0.0347677706 -0.0217842651
v 0.00117433665 -0.0345790846 -0.0218396322
v 0.00101697078 -0.0348649191 -0.0231070735
f 8959 8961 8960
v 0.00111487898 -0.0346043234 -0.0211177598
v 0.000957052544 -0.0347611087 -0.0210033104
v 0.000956399163 -0.0347677706 -0.0217842651
f 8962 8964 8963
v 0.00111487898 -0.0346043234 -0.0211177598
v 0.000956399163 -0.0347677706 -0.0217842651
v 0.00109378452 -0.0345717388 -0.0214203654
f 8965 8967 8966
v -9.40199243e-05 -0.0396296557 -0.0156962662
v 1.81615178e-05 -0.0394951669 -0.0154661437
v 0.000530606485 -0.0385437597 -0.0149306943
f 8968 8970 8969
v -9.40199243e-05 -0.0396296557 -0.0156962662
v 0.000530606485 -0.0385437597 -0.0149306943
v -0.000210227154 -0.039575281 -0.0156889466
f 8971 8973 8972
v 0.00122107595 -0.0350513001 -0.0203644333
v 0.00134060683 -0.0347726833 -0.0204494921
v 0.0011781769 -0.0350396731 -0.0206854427
f 8974 8976 8975
v -0.000593462028 -0.0343387044 -0.0212533734
v 0.000957052544 -0.0347611087 -0.0210033104
v 0.00111487898 -0.0346043234 -0.0211177598
f 8977 8979 8978
v 0.000956399163 -0.0347677706 -0.0217842651
v 0.00101697078 -0.0348649191 -0.0231070735
v -0.000593462028 -0.0343387044 -0.0212533734
f 8980 8982 8981
v 0.00120288169 -0.0370278285 -0.0130654356
v -0.00018544597 -0.0373946765 -0.0135494061
v -0.00173418084 -0.0361028797 -0.0121030091
f 8983 8985 8984
v -0.00209080754 -0.0330592709 -0.00617978658
v -0.000185523095 -0.0331834453 -0.00745952711
v -0.00362906976 -0.0329576578 -0.00717933581
f 8986 8988 8987
v 0.00024098772 -0.0358038495 -0.0101086545
v 0.000847190677 -0.0365882035 -0.012671997
v -0.00173418084 -0.0361028797 -0.0121030091
f 8989 8991 8990
v 0.00024098772 -0.0358038495 -0.0101086545
v -0.00173418084 -0.0361028797 -0.0121030091
v -0.00306811271 -0.0356310164 -0.0116237316
f 8992 8994 8993
v 0.00024098772 -0.0358038495 -0.0101086545
v 0.00139983749 -0.0365708576 -0.0107999484
v 0.000847190677 -0.0365882035 -0.012671997
f 8995 8997 8996
v 0.00190943538 -0.036169638 -0.00862991219
v 0.0017026985 -0.0363181694 -0.00991715642
v 0.000755773362 -0.0351216324 -0.00881683882
f 8998 9000 8999
v -8.89871444e-05 -0.0380763668 -0.00707438085
v 0.000464871846 -0.0369871472 -0.00773060965
v -0.000308635936 -0.037531284 -0.00618317936
f 9001 9003 9002
v 0.00024098772 -0.0358038495 -0.0101086545
v 0.000755773362 -0.0351216324 -0.00881683882
v 0.0017026985 -0.0363181694 -0.00991715642
f 9004 9006 9005
v -0.00037801874 -0.0360772538 -0.00512744591
v 0.000175917376 -0.0347012392 -0.00761208721
v 0.000284207636 -0.0343009451 -0.00555754013
f 9007 9009 9008
v -0.00834916063 -0.0332334748 -0.00717976291
v -0.00478096517 -0.0348038535 -0.0062168052
v -0.00438324096 -0.0331079849 -0.00662790553
f 9010 9012 9011
v -0.00362906976 -0.0329576578 -0.00717933581
v -0.00786430319 -0.0331821153 -0.0075975986
v -0.00834916063 -0.0332334748 -0.00717976291
f 9013 9015 9014
v -0.00209080754 -0.0330592709 -0.00617978658
v -0.00362906976 -0.0329576578 -0.00717933581
v -0.00438324096 -0.0331079849 -0.00662790553
f 9016 9018 9017
v -0.000456576527 -0.0378168304 -0.0197126268
v -0.000190798164 -0.0389111781 -0.0190816107
v 0.000819001434 -0.0369157264 -0.0198300026
f 9019 9021 9020
v -0.000881516462 -0.0400891353 -0.016763364
v -0.000413593079 -0.0399286364 -0.0160787997
v -0.000388119952 -0.0398916134 -0.0167744351
f 9022 9024 9023
v -0.000388119952 -0.0398916134 -0.0167744351
v -0.000634424214 -0.0397698837 -0.0179623938
v -0.000381425343 -0.03989549 -0.0167743608
f 9025 9027 9026
v -0.000210227154 -0.039575281 -0.0156889466
v -0.00207044213 -0.0395268231 -0.0152811888
v 1.81615178e-05 -0.0394951669 -0.0154661437
f 9028 9030 9029
v -0.000210227154 -0.039575281 -0.0156889466
v 1.81615178e-05 -0.0394951669 -0.0154661437
v -9.40199243e-05 -0.0396296557 -0.0156962662
f 9031 9033 9032
v -0.00207044213 -0.0395268231 -0.0152811888
v 0.000502915645 -0.038335289 -0.0143593716
v 0.000530606485 -0.0385437597 -0.0149306943
f 9034 9036 9035
v -0.000556128361 -0.0407730375 -0.00353424039
v -0.00119684046 -0.0402388454 -0.00148580475
v -0.00117085874 -0.0409430271 -0.00230759197
f 9037 9039 9038
v -0.000556128361 -0.0407730375 -0.00353424039
v -0.00117085874 -0.0409430271 -0.00230759197
v -0.00112387497 -0.040992102 -0.00232841358
f 9040 9042 9041
v 0.000957677548 -0.0400062359 -0.0061645711
v 0.00140043339 -0.0399037264 -0.00646356202
v 0.00141682103 -0.0392692687 -0.00675693882
f 9043 9045 9044
v 0.000686885323 -0.0412609224 -0.00452913373
v 0.000957677548 -0.0400062359 -0.0061645711
v -0.000739489042 -0.0417576113 -0.00276939772
f 9046 9048 9047
v -0.0241373447 -0.0311780517 -0.00901083986
v -0.0240456124 -0.0306561036 -0.0105731167
v -0.0241163259 -0.0316444522 -0.0107175045
f 9049 9051 9050
v -0.0241373447 -0.0311780517 -0.00901083986
v -0.0241163259 -0.0316444522 -0.0107175045
v -0.0242833514 -0.031417553 -0.00972114067
f 9052 9054 9053
v -0.00111638947 -0.0412548805 -0.00196159144
v -0.000739489042 -0.0417576113 -0.00276939772
v -0.001371908 -0.0413793256 -0.00289488507
f 9055 9057 9056
v -0.000739489042 -0.0417576113 -0.00276939772
v -0.00111638947 -0.0412548805 -0.00196159144
v -0.00123126156 -0.0418637937 -0.00128721349
f 9058 9060 9059
v -0.001371908 -0.0413793256 -0.00289488507
v -0.00130858461 -0.0410587352 -0.0028600838
v -0.00117085874 -0.0409430271 -0.00230759197
f 9061 9063 9062
v -0.001371908 -0.0413793256 -0.00289488507
v -0.00112387497 -0.040992102 -0.00232841358
v -0.00111638947 -0.0412548805 -0.00196159144
f 9064 9066 9065
v -0.00111638947 -0.0412548805 -0.00196159144
v -0.00119684046 -0.0402388454 -0.00148580475
v -0.00123126156 -0.0418637937 -0.00128721349
f 9067 9069 9068
v -0.0153782996 -0.0315956277 -0.0257067499
v -0.0186445133 -0.0305591559 -0.0260749715
v -0.0172726868 -0.0317905011 -0.0241409944
f 9070 9072 9071
v -0.0187974918 -0.0280848268 -0.0281838438
v -0.0195730769 -0.0265716109 -0.0295625185
v -0.0209534104 -0.0274474471 -0.0270858349
f 9073 9075 9074
v -0.0195730769 -0.0265716109 -0.0295625185
v -0.0165201898 -0.0272051489 -0.0297960505
v -0.0171312335 -0.0256379455 -0.0303297566
f 9076 9078 9077
v -0.0211820443 -0.0257941691 -0.0292662298
v -0.0207742298 -0.0236687265 -0.0315342593
v -0.0222418195 -0.0244285184 -0.030009076
f 9079 9081 9080
v -0.0213121981 -0.0292982848 -0.0263591588
v -0.0183626529 -0.0290091702 -0.0279733475
v -0.0209534104 -0.0274474471 -0.0270858349
f 9082 9084 9083
v -0.00207044213 -0.0395268231 -0.0152811888
v -0.000881516462 -0.0400891353 -0.016763364
v -0.00376847893 -0.0392624293 -0.0169830513
f 9085 9087 9086
v -0.0024577952 -0.0389548164 -0.0180793111
v -0.00477856811 -0.0378746598 -0.0175505018
v -0.00376847893 -0.0392624293 -0.0169830513
f 9088 9090 9089
v -0.00651410082 -0.0362711289 -0.0167080958
v -0.00477856811 -0.0378746598 -0.0175505018
v -0.00393655391 -0.0364485109 -0.017977439
f 9091 9093 9092
v -0.00988253742 -0.0338141341 -0.0213075837
v -0.00578793697 -0.034962254 -0.0226580538
v -0.00833058511 -0.0345267617 -0.0232625767
f 9094 9096 9095
v -0.00677475255 -0.0329953822 -0.0189671511
v -0.00695710987 -0.0336039491 -0.0210835278
v -0.00922340478 -0.0327613874 -0.0204663782
f 9097 9099 9098
v -0.0086120257 -0.032243997 -0.0184605189
v -0.00677475255 -0.0329953822 -0.0189671511
v -0.00922340478 -0.0327613874 -0.0204663782
f 9100 9102 9101
v -0.0086120257 -0.032243997 -0.0184605189
v -0.0112288209 -0.0319563405 -0.0175278954
v -0.00844190217 -0.0338550046 -0.0168819883
f 9103 9105 9104
v -0.0110191846 -0.0346257119 -0.0157451941
v -0.0110123292 -0.0365549698 -0.0151134504
v -0.00939052552 -0.034725733 -0.0163420409
f 9106 9108 9107
v -0.0120323508 -0.0376348878 -0.0135249618
v -0.012367843 -0.0374932832 -0.0122054342
v -0.00887454808 -0.0385412568 -0.0129767664
f 9109 9111 9110
v -0.00435186557 -0.0349915557 -0.0107523367
v -0.00306811271 -0.0356310164 -0.0116237316
v -0.00523624221 -0.0353127689 -0.0105925646
f 9112 9114 9113
v -0.0051111525 -0.037034112 -0.011970153
v -0.00600839885 -0.0383316394 -0.012534704
v -0.00523624221 -0.0353127689 -0.0105925646
f 9115 9117 9116
v -0.00226376651 -0.0371531467 -0.00464673358
v -0.000910594099 -0.0388913992 -0.00301441014
v -0.000533498678 -0.0373911113 -0.00414892638
f 9118 9120 9119
v -0.0053628286 -0.0396852643 -0.000912681571
v -0.00135138398 -0.0405280589 -0.000164828998
v -0.00119684046 -0.0402388454 -0.00148580475
f 9121 9123 9122
v -0.00768476457 -0.0346177694 -0.00892295284
v -0.00848459822 -0.0362163031 -0.00999052354
v -0.00947238368 -0.0344608183 -0.00900017185
f 9124 9126 9125
v -0.00960424513 -0.032427712 -0.0078364872
v -0.0108558866 -0.032169788 -0.00826667674
v -0.010971442 -0.0328506198 -0.00758363967
f 9127 9129 9128
v -0.0108558866 -0.032169788 -0.00826667674
v -0.0118007425 -0.0315532874 -0.00823463633
v -0.010971442 -0.0328506198 -0.00758363967
f 9130 9132 9131
v -0.0129282838 -0.0335059653 -0.00692332032
v -0.010971442 -0.0328506198 -0.00758363967
v -0.0132477158 -0.0324102642 -0.00835548854
f 9133 9135 9134
v -0.0121140969 -0.0317356054 -0.00880703592
v -0.00947238368 -0.0344608183 -0.00900017185
v -0.0138813586 -0.032233019 -0.00953815179
f 9136 9138 9137
v -0.00834916063 -0.0332334748 -0.00717976291
v -0.00786430319 -0.0331821153 -0.0075975986
v -0.00960424513 -0.032427712 -0.0078364872
f 9139 9141 9140
v -0.0133822745 -0.0372253708 -0.00200282175
v -0.0105360348 -0.0371299451 -0.00268649146
v -0.0107504238 -0.0349776819 -0.0053794829
f 9142 9144 9143
v -0.0105360348 -0.0371299451 -0.00268649146
v -0.0098033066 -0.0382903207 -0.00200318318
v -0.00668211433 -0.0378765573 -0.00290839325
f 9145 9147 9146
v -0.0157373302 -0.0357954035 -0.0112004738
v -0.012367843 -0.0374932832 -0.0122054342
v -0.0145530284 -0.0368215929 -0.0131363413
f 9148 9150 9149
v -0.0127343636 -0.0315819023 -0.0177460868
v -0.0124213868 -0.0316435238 -0.0192674721
v -0.0155461574 -0.0306858303 -0.01888361
f 9151 9153 9152
v -0.0148904131 -0.0309823168 -0.0178307033
v -0.0127343636 -0.0315819023 -0.0177460868
v -0.0155461574 -0.0306858303 -0.01888361
f 9154 9156 9155
v -0.01198932 -0.0334439304 -0.0163349046
v -0.0127343636 -0.0315819023 -0.0177460868
v -0.0148904131 -0.0309823168 -0.0178307033
f 9157 9159 9158
v -0.018364354 -0.0312610908 -0.0176969814
v -0.0166735103 -0.0307161448 -0.0186758101
v -0.0190940831 -0.0305194553 -0.0190051011
f 9160 9162 9161
v -0.018364354 -0.0312610908 -0.0176969814
v -0.0188307022 -0.0341014849 -0.0163852368
v -0.0153796733 -0.0325972011 -0.016644405
f 9163 9165 9164
v -0.0188307022 -0.0341014849 -0.0163852368
v -0.0157212271 -0.0344141939 -0.0160839263
v -0.0153796733 -0.0325972011 -0.016644405
f 9166 9168 9167
v -0.0148904131 -0.0309823168 -0.0178307033
v -0.018364354 -0.0312610908 -0.0176969814
v -0.0153796733 -0.0325972011 -0.016644405
f 9169 9171 9170
v -0.0213576888 -0.0304815127 -0.0186414836
v -0.0233703322 -0.0309310242 -0.0195819797
v -0.0231755679 -0.0307073846 -0.0182175529
f 9172 9174 9173
v -0.0241704751 -0.0295353471 -0.0239314235
v -0.0239671761 -0.0283402536 -0.0251232355
v -0.0242612281 -0.0293428573 -0.0224175892
f 9175 9177 9176
v -0.0238653491 -0.030295609 -0.0223592331
v -0.0241704751 -0.0295353471 -0.0239314235
v -0.0242612281 -0.0293428573 -0.0224175892
f 9178 9180 9179
v -0.022648304 -0.0313014054 -0.017248487
v -0.0229061974 -0.0319677929 -0.0170934087
v -0.0229538055 -0.033572191 -0.0160753014
f 9181 9183 9182
v -0.0228865727 -0.0348520436 -0.0129188222
v -0.0192042527 -0.0357777259 -0.0129315828
v -0.0226759075 -0.0349464506 -0.0145939281
f 9184 9186 9185
v -0.0160018273 -0.0311778567 -0.00922638865
v -0.0132333866 -0.0313485187 -0.00881253654
v -0.0138813586 -0.032233019 -0.00953815179
f 9187 9189 9188
v -0.0137690149 -0.034842841 -0.0101005608
v -0.0157373302 -0.0357954035 -0.0112004738
v -0.0158198091 -0.0340755185 -0.00989045657
f 9190 9192 9191
v -0.0192705236 -0.030973056 -0.00980899567
v -0.0158198091 -0.0340755185 -0.00989045657
v -0.0222223272 -0.032965737 -0.010651871
f 9193 9195 9194
v -0.0192705236 -0.030973056 -0.00980899567
v -0.0160018273 -0.0311778567 -0.00922638865
v -0.0158198091 -0.0340755185 -0.00989045657
f 9196 9198 9197
v -0.0166481099 -0.03102599 -0.00868528732
v -0.0192705236 -0.030973056 -0.00980899567
v -0.0190799561 -0.0309873692 -0.00895365956
f 9199 9201 9200
v -0.0192705236 -0.030973056 -0.00980899567
v -0.0166481099 -0.03102599 -0.00868528732
v -0.0160018273 -0.0311778567 -0.00922638865
f 9202 9204 9203
v -0.0190799561 -0.0309873692 -0.00895365956
v -0.0192705236 -0.030973056 -0.00980899567
v -0.0223507115 -0.0305020862 -0.00964994688
f 9205 9207 9206
v -0.0223507115 -0.0305020862 -0.00964994688
v -0.0240456124 -0.0306561036 -0.0105731167
v -0.0241702044 -0.0304246409 -0.0094430281
f 9208 9210 9209
v -0.0223507115 -0.0305020862 -0.00964994688
v -0.0212397135 -0.0306986592 -0.00999792319
v -0.0240456124 -0.0306561036 -0.0105731167
f 9211 9213 9212
v -0.0246407406 -0.0300441636 -0.0104263403
v -0.0246086682 -0.0302414439 -0.0105028361
v -0.0246936193 -0.0303074135 -0.0107476917
f 9214 9216 9215
v -0.0246407406 -0.0300441636 -0.0104263403
v -0.0246936193 -0.0303074135 -0.0107476917
v -0.0248101132 -0.0298531289 -0.0106293817
f 9217 9219 9218
v -0.0241163259 -0.0316444522 -0.0107175045
v -0.0242243739 -0.0311440002 -0.0113511604
v -0.0240881054 -0.0313528144 -0.0107748841
f 9220 9222 9221
v -0.0239730289 -0.0320129882 -0.00675838382
v -0.0237764223 -0.0319824961 -0.0082019018
v -0.0239218294 -0.0319791929 -0.00590153431
f 9223 9225 9224
v -0.0237764223 -0.0319824961 -0.0082019018
v -0.0243638875 -0.0312000542 -0.00828446209
v -0.0239218294 -0.0319791929 -0.00590153431
f 9226 9228 9227
v -0.0241373447 -0.0311780517 -0.00901083986
v -0.0237764223 -0.0319824961 -0.0082019018
v -0.0206761295 -0.0323350861 -0.00858340354
f 9229 9231 9230
v -0.0246734038 -0.0299863372 -0.0100014309
v -0.0246922136 -0.0300183165 -0.00966301595
v -0.0241702044 -0.0304246409 -0.0094430281
f 9232 9234 9233
v -0.0246734038 -0.0299863372 -0.0100014309
v -0.0241702044 -0.0304246409 -0.0094430281
v -0.0240456124 -0.0306561036 -0.0105731167
f 9235 9237 9236
v -0.0246922136 -0.0300183165 -0.00966301595
v -0.0246734038 -0.0299863372 -0.0100014309
v -0.0247442513 -0.0306600385 -0.010041827
f 9238 9240 9239
v -0.0246922136 -0.0300183165 -0.00966301595
v -0.0247442513 -0.0306600385 -0.010041827
v -0.0246411131 -0.0301781489 -0.00958504097
f 9241 9243 9242
v -0.0246411131 -0.0301781489 -0.00958504097
v -0.0247442513 -0.0306600385 -0.010041827
v -0.0241702044 -0.0304246409 -0.0094430281
f 9244 9246 9245
v -0.0246407406 -0.0300441636 -0.0104263403
v -0.0248101132 -0.0298531289 -0.0106293817
v -0.024926156 -0.0306197297 -0.0106764841
f 9247 9249 9248
v -0.0246407406 -0.0300441636 -0.0104263403
v -0.024926156 -0.0306197297 -0.0106764841
v -0.0246086682 -0.0302414439 -0.0105028361
f 9250 9252 9251
v -0.0246411131 -0.0301781489 -0.00958504097
v -0.0241702044 -0.0304246409 -0.0094430281
v -0.0246922136 -0.0300183165 -0.00966301595
f 9253 9255 9254
v -0.0246086682 -0.0302414439 -0.0105028361
v -0.024926156 -0.0306197297 -0.0106764841
v -0.0246936193 -0.0303074135 -0.0107476917
f 9256 9258 9257
v -0.0246407406 -0.0300441636 -0.0104263403
v -0.0246086682 -0.0302414439 -0.0105028361
v -0.0247442513 -0.0306600385 -0.010041827
f 9259 9261 9260
v -0.0246407406 -0.0300441636 -0.0104263403
v -0.0247442513 -0.0306600385 -0.010041827
v -0.0246734038 -0.0299863372 -0.0100014309
f 9262 9264 9263
v -0.0246922136 -0.0300183165 -0.00966301595
v -0.025192654 -0.0298530533 -0.00994674629
v -0.0246734038 -0.0299863372 -0.0100014309
f 9265 9267 9266
v -0.025192654 -0.0298530533 -0.00994674629
v -0.0246922136 -0.0300183165 -0.00966301595
v -0.0246411131 -0.0301781489 -0.00958504097
f 9268 9270 9269
v -0.0246734038 -0.0299863372 -0.0100014309
v -0.0240456124 -0.0306561036 -0.0105731167
v -0.0246407406 -0.0300441636 -0.0104263403
f 9271 9273 9272
v -0.0243231174 -0.030729032 -0.0107506188
v -0.0243103947 -0.0309490046 -0.0107588115
v -0.0243221482 -0.0308685965 -0.010040839
f 9274 9276 9275
v -0.0243231174 -0.030729032 -0.0107506188
v -0.0243221482 -0.0308685965 -0.010040839
v -0.0240456124 -0.0306561036 -0.0105731167
f 9277 9279 9278
v -0.0248101132 -0.0298531289 -0.0106293817
v -0.0249228964 -0.0295572332 -0.00994156217
v -0.025192654 -0.0298530533 -0.00994674629
f 9280 9282 9281
v -0.025192654 -0.0298530533 -0.00994674629
v -0.0249228964 -0.0295572332 -0.00994156217
v -0.0246734038 -0.0299863372 -0.0100014309
f 9283 9285 9284
v -0.0243231174 -0.030729032 -0.0107506188
v -0.0246936193 -0.0303074135 -0.0107476917
v -0.024926156 -0.0306197297 -0.0106764841
f 9286 9288 9287
v -0.0243231174 -0.030729032 -0.0107506188
v -0.024926156 -0.0306197297 -0.0106764841
v -0.0243103947 -0.0309490046 -0.0107588115
f 9289 9291 9290
v -0.0243221482 -0.0308685965 -0.010040839
v -0.0243103947 -0.0309490046 -0.0107588115
v -0.0243439237 -0.0312167133 -0.0107718763
f 9292 9294 9293
v -0.0243221482 -0.0308685965 -0.010040839
v -0.0243439237 -0.0312167133 -0.0107718763
v -0.0243599759 -0.0312210032 -0.0104497951
f 9295 9297 9296
v -0.0243427479 -0.0312322198 -0.0101089798
v -0.0243599759 -0.0312210032 -0.0104497951
v -0.024926156 -0.0306197297 -0.0106764841
f 9298 9300 9299
v -0.0243427479 -0.0312322198 -0.0101089798
v -0.024926156 -0.0306197297 -0.0106764841
v -0.0247442513 -0.0306600385 -0.010041827
f 9301 9303 9302
v -0.0247442513 -0.0306600385 -0.010041827
v -0.0243878618 -0.0310139352 -0.00962757404
v -0.0242833514 -0.031417553 -0.00972114067
f 9304 9306 9305
v -0.0243427479 -0.0312322198 -0.0101089798
v -0.0242833514 -0.031417553 -0.00972114067
v -0.0241163259 -0.0316444522 -0.0107175045
f 9307 9309 9308
v -0.0243427479 -0.0312322198 -0.0101089798
v -0.0241163259 -0.0316444522 -0.0107175045
v -0.0243599759 -0.0312210032 -0.0104497951
f 9310 9312 9311
v -0.0243779054 -0.0307558337 -0.0089402507
v -0.0243582457 -0.0306735252 -0.00919563026
v -0.0244134208 -0.0310010248 -0.00927965739
f 9313 9315 9314
v -0.0243779054 -0.0307558337 -0.0089402507
v -0.0244134208 -0.0310010248 -0.00927965739
v -0.0244331663 -0.0309775205 -0.00889696094
f 9316 9318 9317
v -0.0243427479 -0.0312322198 -0.0101089798
v -0.0243221482 -0.0308685965 -0.010040839
v -0.0243599759 -0.0312210032 -0.0104497951
f 9319 9321 9320
v -0.0240456124 -0.0306561036 -0.0105731167
v -0.0247442513 -0.0306600385 -0.010041827
v -0.0246086682 -0.0302414439 -0.0105028361
f 9322 9324 9323
v -0.0247442513 -0.0306600385 -0.010041827
v -0.024926156 -0.0306197297 -0.0106764841
v -0.025192654 -0.0298530533 -0.00994674629
f 9325 9327 9326
v -0.0242243739 -0.0311440002 -0.0113511604
v -0.0243231174 -0.030729032 -0.0107506188
v -0.0243103947 -0.0309490046 -0.0107588115
f 9328 9330 9329
v -0.0243439237 -0.0312167133 -0.0107718763
v -0.0242243739 -0.0311440002 -0.0113511604
v -0.0243103947 -0.0309490046 -0.0107588115
f 9331 9333 9332
v -0.024851301 -0.030542686 -0.00908826114
v -0.0243582457 -0.0306735252 -0.00919563026
v -0.0243779054 -0.0307558337 -0.0089402507
f 9334 9336 9335
v -0.0242833514 -0.031417553 -0.00972114067
v -0.0244134208 -0.0310010248 -0.00927965739
v -0.0244331663 -0.0309775205 -0.00889696094
f 9337 9339 9338
v -0.0242833514 -0.031417553 -0.00972114067
v -0.0244331663 -0.0309775205 -0.00889696094
v -0.0243638875 -0.0312000542 -0.00828446209
f 9340 9342 9341
v -0.024851301 -0.030542686 -0.00908826114
v -0.0243779054 -0.0307558337 -0.0089402507
v -0.0244331663 -0.0309775205 -0.00889696094
f 9343 9345 9344
v -0.0245428964 -0.0303194305 -0.009190532
v -0.0243779054 -0.0307558337 -0.0089402507
v -0.0243582457 -0.0306735252 -0.00919563026
f 9346 9348 9347
v -0.0245428964 -0.0303194305 -0.009190532
v -0.0243582457 -0.0306735252 -0.00919563026
v -0.0243620583 -0.0304599671 -0.00926271314
f 9349 9351 9350
v -0.0243620583 -0.0304599671 -0.00926271314
v -0.0243582457 -0.0306735252 -0.00919563026
v -0.024851301 -0.030542686 -0.00908826114
f 9352 9354 9353
v -0.0243620583 -0.0304599671 -0.00926271314
v -0.024851301 -0.030542686 -0.00908826114
v -0.0245428964 -0.0303194305 -0.009190532
f 9355 9357 9356
v -0.0240881054 -0.0313528144 -0.0107748841
v -0.0240456124 -0.0306561036 -0.0105731167
v -0.0243439237 -0.0312167133 -0.0107718763
f 9358 9360 9359
v -0.0240456124 -0.0306561036 -0.0105731167
v -0.0243599759 -0.0312210032 -0.0104497951
v -0.0243439237 -0.0312167133 -0.0107718763
f 9361 9363 9362
v -0.0243599759 -0.0312210032 -0.0104497951
v -0.0240456124 -0.0306561036 -0.0105731167
v -0.0241373447 -0.0311780517 -0.00901083986
f 9364 9366 9365
v -0.0243599759 -0.0312210032 -0.0104497951
v -0.0241373447 -0.0311780517 -0.00901083986
v -0.0243427479 -0.0312322198 -0.0101089798
f 9367 9369 9368
v -0.0241163259 -0.0316444522 -0.0107175045
v -0.0240881054 -0.0313528144 -0.0107748841
v -0.0243439237 -0.0312167133 -0.0107718763
f 9370 9372 9371
v -0.0240456124 -0.0306561036 -0.0105731167
v -0.0240881054 -0.0313528144 -0.0107748841
v -0.0243439237 -0.0312167133 -0.0107718763
f 9373 9375 9374
v -0.0240456124 -0.0306561036 -0.0105731167
v -0.0243439237 -0.0312167133 -0.0107718763
v -0.0243103947 -0.0309490046 -0.0107588115
f 9376 9378 9377
v -0.0241373447 -0.0311780517 -0.00901083986
v -0.0241702044 -0.0304246409 -0.0094430281
v -0.0243779054 -0.0307558337 -0.0089402507
f 9379 9381 9380
v -0.0241373447 -0.0311780517 -0.00901083986
v -0.0243779054 -0.0307558337 -0.0089402507
v -0.0244331663 -0.0309775205 -0.00889696094
f 9382 9384 9383
v -0.0243427479 -0.0312322198 -0.0101089798
v -0.0241373447 -0.0311780517 -0.00901083986
v -0.0243221482 -0.0308685965 -0.010040839
f 9385 9387 9386
v -0.0240881054 -0.0313528144 -0.0107748841
v -0.0242243739 -0.0311440002 -0.0113511604
v -0.0243439237 -0.0312167133 -0.0107718763
f 9388 9390 9389
v -0.0246411131 -0.0301781489 -0.00958504097
v -0.0245428964 -0.0303194305 -0.009190532
v -0.024851301 -0.030542686 -0.00908826114
f 9391 9393 9392
v -0.0246411131 -0.0301781489 -0.00958504097
v -0.024851301 -0.030542686 -0.00908826114
v -0.025192654 -0.0298530533 -0.00994674629
f 9394 9396 9395
v -0.0243582457 -0.0306735252 -0.00919563026
v -0.0241702044 -0.0304246409 -0.0094430281
v -0.0243620583 -0.0304599671 -0.00926271314
f 9397 9399 9398
v -0.0243878618 -0.0310139352 -0.00962757404
v -0.0247442513 -0.0306600385 -0.010041827
v -0.024851301 -0.030542686 -0.00908826114
f 9400 9402 9401
v -0.0243878618 -0.0310139352 -0.00962757404
v -0.024851301 -0.030542686 -0.00908826114
v -0.0244134208 -0.0310010248 -0.00927965739
f 9403 9405 9404
v -0.0243221482 -0.0308685965 -0.010040839
v -0.0243878618 -0.0310139352 -0.00962757404
v -0.0244134208 -0.0310010248 -0.00927965739
f 9406 9408 9407
v -0.0243221482 -0.0308685965 -0.010040839
v -0.0244134208 -0.0310010248 -0.00927965739
v -0.0243582457 -0.0306735252 -0.00919563026
f 9409 9411 9410
v -0.0243620583 -0.0304599671 -0.00926271314
v -0.0241702044 -0.0304246409 -0.0094430281
v -0.0243221482 -0.0308685965 -0.010040839
f 9412 9414 9413
v -0.0243620583 -0.0304599671 -0.00926271314
v -0.0243221482 -0.0308685965 -0.010040839
v -0.0243582457 -0.0306735252 -0.00919563026
f 9415 9417 9416
v -0.0242833514 -0.031417553 -0.00972114067
v -0.0243878618 -0.0310139352 -0.00962757404
v -0.0244134208 -0.0310010248 -0.00927965739
f 9418 9420 9419
v 0.000903377804 -0.0379798148 -0.0124314567
v 0.000741553959 -0.0384047336 -0.0106161184
v 0.000502915645 -0.038335289 -0.0143593716
f 9421 9423 9422
v 0.000903377804 -0.0379798148 -0.0124314567
v 0.000502915645 -0.038335289 -0.0143593716
v 0.000637514313 -0.037985816 -0.0137612602
f 9424 9426 9425
v -0.0235152664 -0.034023865 -0.00458832728
v -0.0218653382 -0.033900456 -0.00596639366
v -0.0239206289 -0.0328659982 -0.00483260737
f 9427 9429 9428
v -0.0227311393 -0.0351186754 -0.00291921988
v -0.0235152664 -0.034023865 -0.00458832728
v -0.0239206289 -0.0328659982 -0.00483260737
f 9430 9432 9431
v -0.0116487317 -0.0336259982 -0.0221950468
v -0.0137352894 -0.0327774644 -0.023973659
v -0.0148701365 -0.032551153 -0.0211807492
f 9433 9435 9434
v -0.00723980556 -0.037815125 -0.0120283665
v -0.00600839885 -0.0383316394 -0.012534704
v -0.00887454808 -0.0385412568 -0.0129767664
f 9436 9438 9437
v -0.0157373302 -0.0357954035 -0.0112004738
v -0.0145530284 -0.0368215929 -0.0131363413
v -0.0192042527 -0.0357777259 -0.0129315828
f 9439 9441 9440
v 0.00115913426 -0.0351654249 -0.0225933327
v 0.00147203245 -0.035335499 -0.0196396708
v 0.00115458024 -0.0350283284 -0.0210706407
f 9442 9444 9443
v 0.00115913426 -0.0351654249 -0.0225933327
v 0.00115458024 -0.0350283284 -0.0210706407
v 0.0011326134 -0.0350067829 -0.0214556931
f 9445 9447 9446
v 0.000502915645 -0.038335289 -0.0143593716
v 0.000861472654 -0.0379081408 -0.0140351272
v 0.000637514313 -0.037985816 -0.0137612602
f 9448 9450 9449
v 0.000741553959 -0.0384047336 -0.0106161184
v 0.000903377804 -0.0379798148 -0.0124314567
v 0.00101683399 -0.037783946 -0.0112422254
f 9451 9453 9452
v 0.00163418736 -0.0391422451 -0.00677454591
v 0.00141820128 -0.0392747315 -0.00657640339
v 0.00140043339 -0.0399037264 -0.00646356202
f 9454 9456 9455
v 0.00234577092 0.0161418589 -0.0327903777
v 0.00288449301 0.0168454149 -0.0321183936
v 0.00302546978 0.0164934332 -0.0320909312
f 9457 9459 9458
v 0.00234577092 0.0161418589 -0.0327903777
v 0.00302546978 0.0164934332 -0.0320909312
v 0.00278797379 0.0162999422 -0.032801443
f 9460 9462 9461
v -0.00123126156 -0.0418637937 -0.00128721349
v -0.00104579231 -0.0421423727 0.000846293278
v -0.000146137609 -0.0427189952 -0.00138800442
f 9463 9465 9464
v -0.00938959711 -0.00635851466 -0.0412433146
v -0.013545595 -0.00255595332 -0.040065893
v -0.0133848807 -0.00860989239 -0.0403887534
f 9466 9468 9467
v -0.0155651476 -0.00714114503 -0.039783612
v -0.0133848807 -0.00860989239 -0.0403887534
v -0.013545595 -0.00255595332 -0.040065893
f 9469 9471 9470
v -0.0214434636 -0.0200790193 -0.0352422358
v -0.0201684583 -0.0199290618 -0.0365084212
v -0.0233036379 -0.0183874901 -0.0355822849
f 9472 9474 9473
v -0.0245364266 -0.0162790602 -0.0346154004
v -0.0233036379 -0.0183874901 -0.0355822849
v -0.0233183237 -0.0166256199 -0.036503619
f 9475 9477 9476
v -0.0231344457 -0.021429242 -0.0306429632
v -0.023025964 -0.0193235916 -0.0328653317
v -0.0243930524 -0.0181982861 -0.0322778826
f 9478 9480 9479
v -0.030884007 -0.00622505249 0.000847848423
v -0.0305218855 -0.00532709273 -0.00526342847
v -0.0294054509 0.00424949067 0.000850498509
f 9481 9483 9482
v -0.0276131614 -0.0187941172 -0.0241704969
v -0.02714773 -0.0170828935 -0.0268402568
v -0.0292286772 -0.00908708389 -0.0251232384
f 9484 9486 9485
v -0.0310232834 -0.0133742651 -0.0135012277
v -0.0305957219 -0.0164568017 -0.0148570034
v -0.0310461968 -0.0117925716 -0.0169707419
f 9487 9489 9488
v -0.0304019137 -0.013442483 0.000847782303
v -0.0302609493 -0.0139082709 -0.00348554167
v -0.030884007 -0.00622505249 0.000847848423
f 9490 9492 9491
v -0.0264248753 -0.0257440173 -0.0120913064
v -0.0286684895 -0.0215405278 -0.0134560469
v -0.0283267116 -0.0218524292 -0.00846713301
f 9493 9495 9494
v 0.00283931149 0.0181041614 -0.0325457804
v 0.0035729201 0.0176758782 -0.0325902598
v 0.0035965335 0.0177189257 -0.0325887959
f 9496 9498 9497
v 0.00251098463 0.0158259601 -0.0326919253
v 0.00234577092 0.0161418589 -0.0327903777
v 0.0025241432 0.0156912996 -0.0330007606
f 9499 9501 9500
v 0.00234577092 0.0161418589 -0.0327903777
v 0.00261903042 0.0157913848 -0.0330240699
v 0.0025241432 0.0156912996 -0.0330007606
f 9502 9504 9503
v 0.00234577092 0.0161418589 -0.0327903777
v 0.00278797379 0.0162999422 -0.032801443
v 0.00261903042 0.0157913848 -0.0330240699
f 9505 9507 9506
v 0.00309968455 0.0168765153 -0.0318482402
v 0.00288449301 0.0168454149 -0.0321183936
v 0.00295150094 0.0169715335 -0.0318573555
f 9508 9510 9509
v 0.00295150094 0.0169715335 -0.0318573555
v 0.0034644996 0.0178746894 -0.03187533
v 0.00309968455 0.0168765153 -0.0318482402
f 9511 9513 9512
v 0.00269293378 0.0163971956 -0.0320920342
v 0.00309968455 0.0168765153 -0.0318482402
v 0.00295150094 0.0169715335 -0.0318573555
f 9514 9516 9515
v 0.0034644996 0.0178746894 -0.03187533
v 0.00283931149 0.0181041614 -0.0325457804
v 0.0035965335 0.0177189257 -0.0325887959
f 9517 9519 9518
v 0.00269293378 0.0163971956 -0.0320920342
v 0.00234577092 0.0161418589 -0.0327903777
v 0.00251098463 0.0158259601 -0.0326919253
f 9520 9522 9521
v -0.012702019 -0.0380138983 0.000852895482
v -0.00653091993 -0.039469765 0.000845940485
v -0.0105332518 -0.0384322891 -0.000850775905
f 9523 9525 9524
