# FlyGym 1.2.1 STL; B(x,y,z)=(x,z,y); winding reversed
v -0.000411168412 -0.00711958855 0.00388071894
v -0.000440166514 -0.00757050293 0.00383973347
v -0.000261270179 -0.00692258036 0.00392286056
f 1 3 2
v -0.000972016005 -0.00347692112 0.00325528454
v -0.000916043609 -0.00356692544 0.00339763901
v -0.00085153888 -0.00350565206 0.00342604981
f 4 6 5
v -0.00071081995 -0.00331364863 0.00346868037
v -0.000972016005 -0.00347692112 0.00325528454
v -0.00085153888 -0.00350565206 0.00342604981
f 7 9 8
v -0.000972016005 -0.00347692112 0.00325528454
v -0.001115331 -0.0036930418 0.00315939469
v -0.00104906921 -0.00371519527 0.00327173984
f 10 12 11
v -0.000916043609 -0.00356692544 0.00339763901
v -0.000972016005 -0.00347692112 0.00325528454
v -0.00104906921 -0.00371519527 0.00327173984
f 13 15 14
v -0.00114757686 -0.00364194384 0.00303813467
v -0.00124094131 -0.00382901635 0.00293518715
v -0.001115331 -0.0036930418 0.00315939469
f 16 18 17
v -0.000348018716 -0.0034340861 0.0035660345
v -0.000435337188 -0.00371530004 0.003556913
v -0.000197441773 -0.00383036459 0.00363396321
f 19 21 20
v -0.000899273982 -0.00403850936 0.00329536124
v -0.00082579827 -0.00424705868 0.00334926226
v -0.000714376938 -0.00393558184 0.00345341541
f 22 24 23
v -0.000889730381 -0.00378347431 0.00336012963
v -0.00085153888 -0.00350565206 0.00342604981
v -0.000916043609 -0.00356692544 0.00339763901
f 25 27 26
v -0.000197441773 -0.00383036459 0.00363396321
v -0.000645639875 -0.00410161629 0.0034824654
v -9.21094852e-05 -0.00390647765 0.00367968896
f 28 30 29
v 3.86509839e-05 -0.00393257578 0.00373120347
v -0.000177892355 -0.00435016118 0.00374093142
v -6.14078374e-05 -0.00441405573 0.00377535252
f 31 33 32
v -9.21094852e-05 -0.00390647765 0.00367968896
v -0.000177892355 -0.00435016118 0.00374093142
v 3.86509839e-05 -0.00393257578 0.00373120347
f 34 36 35
v -0.000197441773 -0.00383036459 0.00363396321
v -9.21094852e-05 -0.00390647765 0.00367968896
v -7.74149214e-05 -0.00357628523 0.00363465879
f 37 39 38
v -0.000645639875 -0.00410161629 0.0034824654
v -0.00082579827 -0.00424705868 0.00334926226
v -0.000606420008 -0.00422184385 0.0035111836
f 40 42 41
v -0.00082579827 -0.00424705868 0.00334926226
v -0.000723126732 -0.00464094301 0.00347009773
v -0.000606420008 -0.00422184385 0.0035111836
f 43 45 44
v -0.000966652806 -0.00438129027 0.00320744912
v -0.000924469441 -0.00487486141 0.00328829847
v -0.00082579827 -0.00424705868 0.00334926226
f 46 48 47
v -0.00103417469 -0.00488759833 0.0031448144
v -0.000963544881 -0.00502843141 0.00327584894
v -0.000924469441 -0.00487486141 0.00328829847
f 49 51 50
v -0.00112911584 -0.00504297022 0.00286041686
v -0.00112034204 -0.0051959596 0.00296404487
v -0.00108095264 -0.00500168535 0.00304867208
f 52 54 53
v -0.00103417469 -0.00488759833 0.0031448144
v -0.00111670279 -0.00479093069 0.00296370818
v -0.00108095264 -0.00500168535 0.00304867208
f 55 57 56
v -0.00112911584 -0.00504297022 0.00286041686
v -0.00108095264 -0.00500168535 0.00304867208
v -0.00111670279 -0.00479093069 0.00296370818
f 58 60 59
v -0.00113723372 -0.00493140542 0.00282201581
v -0.00112911584 -0.00504297022 0.00286041686
v -0.00111670279 -0.00479093069 0.00296370818
f 61 63 62
v -0.00112911584 -0.00504297022 0.00286041686
v -0.00113957894 -0.00523179333 0.00281777211
v -0.00112034204 -0.0051959596 0.00296404487
f 64 66 65
v -0.00112470225 -0.0040644074 0.00308308008
v -0.0011348523 -0.00424008867 0.00300912216
v -0.000966652806 -0.00438129027 0.00320744912
f 67 69 68
v -0.00113435508 -0.00441439297 0.00295565169
v -0.0011348523 -0.00424008867 0.00300912216
v -0.0011735664 -0.00425968974 0.00287998737
f 70 72 71
v -0.00121661888 -0.00415178038 0.00267660762
v -0.0011735664 -0.00425968974 0.00287998737
v -0.00120215927 -0.00407952211 0.0029567811
f 73 75 74
v -0.00129469645 -0.00390061032 0.00268228068
v -0.00121661888 -0.00415178038 0.00267660762
v -0.00127732756 -0.00393557275 0.00286137256
f 76 78 77
v -0.00116028377 -0.00440754811 0.00269008269
v -0.00113435508 -0.00441439297 0.00295565169
v -0.0011735664 -0.00425968974 0.00287998737
f 79 81 80
v -0.00120215927 -0.00407952211 0.0029567811
v -0.00112470225 -0.0040644074 0.00308308008
v -0.00122539614 -0.00392519833 0.0030696523
f 82 84 83
v -0.00113710357 -0.00472039828 0.00285456008
v -0.00109501307 -0.00461384989 0.00301314649
v -0.00113435508 -0.00441439297 0.00295565169
f 85 87 86
v -0.00113723372 -0.00493140542 0.00282201581
v -0.00111670279 -0.00479093069 0.00296370818
v -0.00114317681 -0.00476181376 0.00274748199
f 88 90 89
v -0.00113957894 -0.00523179333 0.00281777211
v -0.00112911584 -0.00504297022 0.00286041686
v -0.00113723372 -0.00493140542 0.00282201581
f 91 93 92
v -0.00113827628 -0.00533900457 0.00257320607
v -0.00113723372 -0.00493140542 0.00282201581
v -0.00112412972 -0.00478131769 0.00229351135
f 94 96 95
v -0.00113723372 -0.00493140542 0.00282201581
v -0.00114317681 -0.00476181376 0.00274748199
v -0.00116445508 -0.00441185184 0.00238255743
f 97 99 98
v -0.00113435508 -0.00441439297 0.00295565169
v -0.00109501307 -0.00461384989 0.00301314649
v -0.00104304154 -0.00451895103 0.0031039428
f 100 102 101
v -0.000998359883 -0.00513504492 0.00323357854
v -0.000963544881 -0.00502843141 0.00327584894
v -0.00103417469 -0.00488759833 0.0031448144
f 103 105 104
v 0.000171695513 -0.00396124233 0.00376152093
v 0.000818319313 -0.00446267331 0.00385038365
v 0.000157653221 -0.00371309725 0.00371783899
f 106 108 107
v 0.000818319313 -0.00446267331 0.00385038365
v 0.000964201172 -0.00428428903 0.00380521888
v 0.000157653221 -0.00371309725 0.00371783899
f 109 111 110
v 0.000955368432 -0.0047040663 0.00385592903
v 0.000818319313 -0.00446267331 0.00385038365
v 0.000770818497 -0.00484124284 0.00388785702
f 112 114 113
v 0.000964201172 -0.00428428903 0.00380521888
v 0.000818319313 -0.00446267331 0.00385038365
v 0.000955368432 -0.0047040663 0.00385592903
f 115 117 116
v 0.000770818497 -0.00484124284 0.00388785702
v 0.000636452887 -0.00490620187 0.00388819244
v 0.000884996916 -0.00510833161 0.00389747584
f 118 120 119
v 0.00103222646 -0.00504746822 0.00386520187
v 0.00111272666 -0.00526909935 0.00386855463
v 0.00121909789 -0.0050592982 0.00379596022
f 121 123 122
v 0.000955368432 -0.0047040663 0.00385592903
v 0.00115245766 -0.00489416052 0.00382121798
v 0.00119717497 -0.00465094054 0.00377931865
f 124 126 125
v 0.000884996916 -0.00510833161 0.00389747584
v 0.00111272666 -0.00526909935 0.00386855463
v 0.00103222646 -0.00504746822 0.00386520187
f 127 129 128
v 0.00124860326 -0.00542701673 0.00381120408
v 0.00149672824 -0.00586600509 0.00371877177
v 0.00131179895 -0.00536377083 0.00375945674
f 130 132 131
v 0.00131179895 -0.00536377083 0.00375945674
v 0.00125054248 -0.00484110933 0.00376323078
v 0.00121909789 -0.0050592982 0.00379596022
f 133 135 134
v 0.00125054248 -0.00484110933 0.00376323078
v 0.00131179895 -0.00536377083 0.00375945674
v 0.0018111361 -0.00519129608 0.00337153033
f 136 138 137
v 0.00131179895 -0.00536377083 0.00375945674
v 0.00121909789 -0.0050592982 0.00379596022
v 0.00111272666 -0.00526909935 0.00386855463
f 139 141 140
v -5.28778003e-05 -0.00540715228 0.00376808748
v -0.00051476095 -0.00589538795 0.00378385666
v -0.000283627514 -0.00594779049 0.00384735977
f 142 144 143
v -0.000124746714 -0.00532796439 0.00373601069
v -0.00051476095 -0.00589538795 0.00378385666
v -5.28778003e-05 -0.00540715228 0.00376808748
f 145 147 146
v -0.00102930862 -0.00635654578 0.00340942024
v -0.000967968026 -0.00656955599 0.00350106748
v -0.00101374271 -0.00598242659 0.00345403896
f 148 150 149
v -0.000689076842 -0.00540116416 0.00358006582
v -0.000664652862 -0.00565132905 0.0036441721
v -0.000593041295 -0.00557385756 0.00366444656
f 151 153 152
v -0.00114220102 -0.00592527831 0.00328257083
v -0.00106050866 -0.00574382175 0.00336811936
v -0.00116121382 -0.0058128433 0.0032286378
f 154 156 155
v -0.00101946707 -0.00549963042 0.00335629593
v -0.00109520997 -0.00557756066 0.00327527341
v -0.00106050866 -0.00574382175 0.00336811936
f 157 159 158
v -0.00109520997 -0.00557756066 0.00327527341
v -0.00115734128 -0.00563527428 0.00315549987
v -0.00116121382 -0.0058128433 0.0032286378
f 160 162 161
v -0.00051476095 -0.00589538795 0.00378385666
v -0.000436879418 -0.00612719959 0.00385401072
v -0.000283627514 -0.00594779049 0.00384735977
f 163 165 164
v -0.00101946707 -0.00549963042 0.00335629593
v -0.00106050866 -0.00574382175 0.00336811936
v -0.00101374271 -0.00598242659 0.00345403896
f 166 168 167
v -0.00101946707 -0.00549963042 0.00335629593
v -0.00101374271 -0.00598242659 0.00345403896
v -0.00084651374 -0.00606759641 0.00360837766
f 169 171 170
v -5.28778003e-05 -0.00540715228 0.00376808748
v -0.000283627514 -0.00594779049 0.00384735977
v 0.000233293281 -0.00584221198 0.00388561093
f 172 174 173
v 0.000233293281 -0.00584221198 0.00388561093
v 0.000613130305 -0.00634306343 0.00392927468
v 0.000544962995 -0.0057434976 0.00390122004
f 175 177 176
v 0.000544962995 -0.0057434976 0.00390122004
v 0.000613130305 -0.00634306343 0.00392927468
v 0.000778234426 -0.00610790667 0.00391867579
f 178 180 179
v -0.000444056104 -0.00675463671 0.0038845541
v -0.000318713569 -0.00666358683 0.00390503847
v -0.000473610407 -0.00643031526 0.00386578577
f 181 183 182
v -0.000821235517 -0.0065294058 0.00364694861
v -0.000627762211 -0.00736422007 0.00377031138
v -0.000678130846 -0.00654644973 0.00375684212
f 184 186 185
v -0.000678130846 -0.00654644973 0.00375684212
v -0.000530692751 -0.00716413851 0.00383443694
v -0.000444056104 -0.00675463671 0.0038845541
f 187 189 188
v -0.000411168412 -0.00711958855 0.00388071894
v -0.000261270179 -0.00692258036 0.00392286056
v -0.000444056104 -0.00675463671 0.0038845541
f 190 192 191
v -0.000530692751 -0.00716413851 0.00383443694
v -0.000411168412 -0.00711958855 0.00388071894
v -0.000444056104 -0.00675463671 0.0038845541
f 193 195 194
v -0.000561170782 -0.0061605293 0.00380885976
v -0.000678130846 -0.00654644973 0.00375684212
v -0.000473610407 -0.00643031526 0.00386578577
f 196 198 197
v -0.000177892355 -0.00435016118 0.00374093142
v -0.000105424101 -0.00473155415 0.00375717536
v -6.14078374e-05 -0.00441405573 0.00377535252
f 199 201 200
v -0.000350145729 -0.00459958719 0.00366841778
v -0.000105424101 -0.00473155415 0.00375717536
v -0.000177892355 -0.00435016118 0.00374093142
f 202 204 203
v -0.0005940748 -0.00499017951 0.0035476136
v -0.000578083564 -0.00518373672 0.00356150158
v -8.10367055e-05 -0.00512603401 0.00373718103
f 205 207 206
v -6.14078374e-05 -0.00441405573 0.00377535252
v 0.000293452899 -0.00525812393 0.00381902137
v 0.000636452887 -0.00490620187 0.00388819244
f 208 210 209
v -8.10367055e-05 -0.00512603401 0.00373718103
v -0.000578083564 -0.00518373672 0.00356150158
v -0.000124746714 -0.00532796439 0.00373601069
f 211 213 212
v -0.000124746714 -0.00532796439 0.00373601069
v 0.000293452899 -0.00525812393 0.00381902137
v -8.10367055e-05 -0.00512603401 0.00373718103
f 214 216 215
v 0.000171695513 -0.00396124233 0.00376152093
v -6.14078374e-05 -0.00441405573 0.00377535252
v 0.000636452887 -0.00490620187 0.00388819244
f 217 219 218
v -0.00072041189 -0.00494940505 0.00348354588
v -0.000850754623 -0.00512281804 0.00340758961
v -0.000722431332 -0.00512939187 0.00349412803
f 220 222 221
v -0.000832650039 -0.00531833612 0.00346034431
v -0.000850754623 -0.00512281804 0.00340758961
v -0.000926396297 -0.00529548233 0.00336528683
f 223 225 224
v -0.000689076842 -0.00540116416 0.00358006582
v -0.000578083564 -0.00518373672 0.00356150158
v -0.000722431332 -0.00512939187 0.00349412803
f 226 228 227
v -0.000722431332 -0.00512939187 0.00349412803
v -0.000850754623 -0.00512281804 0.00340758961
v -0.000832650039 -0.00531833612 0.00346034431
f 229 231 230
v -0.00104259752 -0.00526408257 0.00320514446
v -0.00112301095 -0.00546585652 0.00315642355
v -0.00101946707 -0.00549963042 0.00335629593
f 232 234 233
v -0.00104259752 -0.00526408257 0.00320514446
v -0.00112098696 -0.00530754369 0.00305381982
v -0.00112301095 -0.00546585652 0.00315642355
f 235 237 236
v -0.00116184574 -0.00540597903 0.00296971157
v -0.00112301095 -0.00546585652 0.00315642355
v -0.00112098696 -0.00530754369 0.00305381982
f 238 240 239
v -0.00116184574 -0.00540597903 0.00296971157
v -0.00115734128 -0.00563527428 0.00315549987
v -0.00112301095 -0.00546585652 0.00315642355
f 241 243 242
v -0.00112034204 -0.0051959596 0.00296404487
v -0.00104259752 -0.00526408257 0.00320514446
v -0.000998359883 -0.00513504492 0.00323357854
f 244 246 245
v -0.00113957894 -0.00523179333 0.00281777211
v -0.00112098696 -0.00530754369 0.00305381982
v -0.00112034204 -0.0051959596 0.00296404487
f 247 249 248
v -0.00113957894 -0.00523179333 0.00281777211
v -0.00116184574 -0.00540597903 0.00296971157
v -0.00112098696 -0.00530754369 0.00305381982
f 250 252 251
v -0.000578083564 -0.00518373672 0.00356150158
v -0.00051476095 -0.00589538795 0.00378385666
v -0.000124746714 -0.00532796439 0.00373601069
f 253 255 254
v 0.000722706 -0.00519427631 0.00390305358
v 0.00108668837 -0.00549053802 0.00387906694
v 0.000884996916 -0.00510833161 0.00389747584
f 256 258 257
v 0.000293452899 -0.00525812393 0.00381902137
v 0.000612847907 -0.0054518172 0.00389629568
v 0.000722706 -0.00519427631 0.00390305358
f 259 261 260
v 0.000778234426 -0.00610790667 0.00391867579
v 0.000775945227 -0.00633665913 0.00392041657
v 0.000967309279 -0.00635352917 0.00387094333
f 262 264 263
v 0.000778234426 -0.00610790667 0.00391867579
v 0.001013373 -0.00588075345 0.00388046174
v 0.000967544929 -0.00570679949 0.00389282141
f 265 267 266
v 0.000778234426 -0.00610790667 0.00391867579
v 0.000967309279 -0.00635352917 0.00387094333
v 0.001013373 -0.00588075345 0.00388046174
f 268 270 269
v 0.000636452887 -0.00490620187 0.00388819244
v 0.000293452899 -0.00525812393 0.00381902137
v 0.000722706 -0.00519427631 0.00390305358
f 271 273 272
v 3.86509839e-05 -0.00393257578 0.00373120347
v -6.14078374e-05 -0.00441405573 0.00377535252
v 0.000171695513 -0.00396124233 0.00376152093
f 274 276 275
v -0.00072041189 -0.00494940505 0.00348354588
v -0.000350145729 -0.00459958719 0.00366841778
v -0.000723126732 -0.00464094301 0.00347009773
f 277 279 278
v -0.000924469441 -0.00487486141 0.00328829847
v -0.000850754623 -0.00512281804 0.00340758961
v -0.00072041189 -0.00494940505 0.00348354588
f 280 282 281
v -0.000906492551 -0.00699433804 0.00354784643
v -0.000663513947 -0.00768070968 0.00372180657
v -0.000627762211 -0.00736422007 0.00377031138
f 283 285 284
v -0.000562063269 -0.00772532221 0.00378796649
v -0.000627762211 -0.00736422007 0.00377031138
v -0.000663513947 -0.00768070968 0.00372180657
f 286 288 287
v -0.00115345074 -0.00810373822 0.00304360547
v -0.00100969191 -0.00782142888 0.00337586134
v -0.00108308541 -0.007539137 0.003270655
f 289 291 290
v -0.00115345074 -0.00810373822 0.00304360547
v -0.00108308541 -0.007539137 0.003270655
v -0.00117402724 -0.00762725831 0.00305278518
f 292 294 293
v -0.00115345074 -0.00810373822 0.00304360547
v -0.00114613449 -0.00833918966 0.00302905082
v -0.00100969191 -0.00782142888 0.00337586134
f 295 297 296
v -0.00123611135 -0.00590203745 0.00299446874
v -0.00119384495 -0.00588516923 0.00317623562
v -0.00116121382 -0.0058128433 0.0032286378
f 298 300 299
v -0.00122249339 -0.00581362219 0.00288965894
v -0.00123611135 -0.00590203745 0.00299446874
v -0.00120357727 -0.00564440961 0.00294908496
f 301 303 302
v -0.00122249339 -0.00581362219 0.00288965894
v -0.00125543802 -0.00610003481 0.00289877535
v -0.00123611135 -0.00590203745 0.00299446874
f 304 306 305
v -0.00125929782 -0.00630164359 0.00297293154
v -0.00126107016 -0.006460843 0.00283794525
v -0.00121952717 -0.00646138215 0.00309699499
f 307 309 308
v -0.00126259074 -0.00632603769 0.00285667411
v -0.00126107016 -0.006460843 0.00283794525
v -0.00125929782 -0.00630164359 0.00297293154
f 310 312 311
v -0.00126107016 -0.006460843 0.00283794525
v -0.00123983045 -0.00657753553 0.00297485458
v -0.00121952717 -0.00646138215 0.00309699499
f 313 315 314
v -0.00125543802 -0.00610003481 0.00289877535
v -0.00126426739 -0.00615089884 0.0029971965
v -0.00123611135 -0.00590203745 0.00299446874
f 316 318 317
v -0.00125543802 -0.00610003481 0.00289877535
v -0.00125929782 -0.00630164359 0.00297293154
v -0.00126426739 -0.00615089884 0.0029971965
f 319 321 320
v -0.00116134443 -0.00643642488 0.00322460437
v -0.00102930862 -0.00635654578 0.00340942024
v -0.00116438978 -0.00609449562 0.00328384922
f 322 324 323
v -0.00121952717 -0.00646138215 0.00309699499
v -0.00116134443 -0.00643642488 0.00322460437
v -0.00122665315 -0.00624331587 0.00312853299
f 325 327 326
v -0.0012471789 -0.00679011791 0.00269858574
v -0.00124358712 -0.0067176501 0.0028673403
v -0.00126107016 -0.006460843 0.00283794525
f 328 330 329
v -0.00103052762 -0.00699821758 0.00339946673
v -0.00102259919 -0.00730002575 0.00340305123
v -0.000906492551 -0.00699433804 0.00354784643
f 331 333 332
v -0.00113345814 -0.00708115549 0.00320568506
v -0.00102259919 -0.00730002575 0.00340305123
v -0.00103052762 -0.00699821758 0.00339946673
f 334 336 335
v -0.000967968026 -0.00656955599 0.00350106748
v -0.00103052762 -0.00699821758 0.00339946673
v -0.000906492551 -0.00699433804 0.00354784643
f 337 339 338
v -0.00118866174 -0.00653362731 0.00317466765
v -0.0011925812 -0.00683180187 0.00306813017
v -0.00110790479 -0.0067583831 0.00326772097
f 340 342 341
v -0.0011925812 -0.00683180187 0.00306813017
v -0.00120511504 -0.00703072437 0.00294914971
v -0.00113345814 -0.00708115549 0.00320568506
f 343 345 344
v -0.00123709115 -0.007056904 0.00265187628
v -0.00124099042 -0.00731944383 0.00271386452
v -0.00120511504 -0.00703072437 0.00294914971
f 346 348 347
v -0.00124358712 -0.0067176501 0.0028673403
v -0.0012471789 -0.00679011791 0.00269858574
v -0.00123709115 -0.007056904 0.00265187628
f 349 351 350
v -0.00126107016 -0.006460843 0.00283794525
v -0.00121846824 -0.00699269294 0.00221980754
v -0.0012471789 -0.00679011791 0.00269858574
f 352 354 353
v -0.00124358712 -0.0067176501 0.0028673403
v -0.00120511504 -0.00703072437 0.00294914971
v -0.0011925812 -0.00683180187 0.00306813017
f 355 357 356
v -0.00117402724 -0.00762725831 0.00305278518
v -0.00108308541 -0.007539137 0.003270655
v -0.00118052467 -0.00728436353 0.00306069232
f 358 360 359
v -0.00125570568 -0.00765999357 0.00264848022
v -0.0011941951 -0.00804068623 0.00292485947
v -0.00117402724 -0.00762725831 0.00305278518
f 361 363 362
v -0.00126645582 -0.00788647958 0.00256248459
v -0.0011941951 -0.00804068623 0.00292485947
v -0.00125570568 -0.00765999357 0.00264848022
f 364 366 365
v -0.00126348395 -0.00810095589 0.00249394216
v -0.00123514192 -0.00819559937 0.00267929063
v -0.00126645582 -0.00788647958 0.00256248459
f 367 369 368
v -0.00124725084 -0.00732879344 0.00244368584
v -0.0012676619 -0.00766802768 0.00245791871
v -0.00124099042 -0.00731944383 0.00271386452
f 370 372 371
v -0.0012676619 -0.00766802768 0.00245791871
v -0.00125570568 -0.00765999357 0.00264848022
v -0.00124099042 -0.00731944383 0.00271386452
f 373 375 374
v -0.00126348395 -0.00810095589 0.00249394216
v -0.00126645582 -0.00788647958 0.00256248459
v -0.00126533168 -0.00788210746 0.00238218308
f 376 378 377
v -0.00121846824 -0.00699269294 0.00221980754
v -0.00121613039 -0.00719112795 0.00220960083
v -0.00123709115 -0.007056904 0.00265187628
f 379 381 380
v -0.00121613039 -0.00719112795 0.00220960083
v -0.00126533168 -0.00788210746 0.00238218308
v -0.0012676619 -0.00766802768 0.00245791871
f 382 384 383
v -0.00121613039 -0.00719112795 0.00220960083
v -0.00122742404 -0.00807118049 0.00213791827
v -0.00126533168 -0.00788210746 0.00238218308
f 385 387 386
v -0.00114397981 -0.0079430094 0.00163674831
v -0.00116874699 -0.00822975635 0.00178969131
v -0.00122742404 -0.00807118049 0.00213791827
f 388 390 389
v -0.00113917895 -0.00554698272 0.00239972724
v -0.00115583298 -0.00584829286 0.00229837315
v -0.00125543802 -0.00610003481 0.00289877535
f 391 393 392
v -0.00113917895 -0.00554698272 0.00239972724
v -0.00125543802 -0.00610003481 0.00289877535
v -0.00122249339 -0.00581362219 0.00288965894
f 394 396 395
v -0.00118373919 -0.00617814439 0.00232118
v -0.00120993609 -0.00659238576 0.00234274667
v -0.00126259074 -0.00632603769 0.00285667411
f 397 399 398
v -0.00112120624 -0.00554009239 0.00153319215
v -0.00113917895 -0.00554698272 0.00239972724
v -0.00112267999 -0.0052641506 0.0016693486
f 400 402 401
v -0.0011731594 -0.00623764427 0.00176039084
v -0.00115583298 -0.00584829286 0.00229837315
v -0.00113917895 -0.00554698272 0.00239972724
f 403 405 404
v -0.00114698678 -0.00600948078 0.00155960224
v -0.0011731594 -0.00623764427 0.00176039084
v -0.00113917895 -0.00554698272 0.00239972724
f 406 408 407
v -0.00114801551 -0.00654934775 0.00132798868
v -0.00115766288 -0.0068712965 0.0013179204
v -0.0011731594 -0.00623764427 0.00176039084
f 409 411 410
v -0.00112766702 -0.00674551193 0.00112665921
v -0.00114801551 -0.00654934775 0.00132798868
v -0.00114698678 -0.00600948078 0.00155960224
f 412 414 413
v -0.0011462228 -0.00740239411 0.0015088046
v -0.00121846824 -0.00699269294 0.00221980754
v -0.00115766288 -0.0068712965 0.0013179204
f 415 417 416
v -0.0010740624 -0.00686965432 0.000903554701
v -0.00112054122 -0.00701577883 0.00107312144
v -0.00112766702 -0.00674551193 0.00112665921
f 418 420 419
v -0.00102832983 -0.00710969325 0.000816638567
v -0.00108413378 -0.00730328757 0.000989134605
v -0.00112054122 -0.00701577883 0.00107312144
f 421 423 422
v -0.00110007459 -0.00740929245 0.00107128535
v -0.0011462228 -0.00740239411 0.0015088046
v -0.00112054122 -0.00701577883 0.00107312144
f 424 426 425
v -0.00115766288 -0.0068712965 0.0013179204
v -0.00112054122 -0.00701577883 0.00107312144
v -0.0011462228 -0.00740239411 0.0015088046
f 427 429 428
v -0.00109450611 -0.00774328582 0.00114187587
v -0.00110035289 -0.00819377092 0.00136341732
v -0.00114397981 -0.0079430094 0.00163674831
f 430 432 431
v -0.00107261985 -0.00778389513 0.0010561831
v -0.00108653094 -0.00789536571 0.00116510309
v -0.00109450611 -0.00774328582 0.00114187587
f 433 435 434
v -0.00104492146 -0.00761096671 0.000950538742
v -0.00110007459 -0.00740929245 0.00107128535
v -0.00108413378 -0.00730328757 0.000989134605
f 436 438 437
v -0.00107261985 -0.00778389513 0.0010561831
v -0.00109450611 -0.00774328582 0.00114187587
v -0.00104492146 -0.00761096671 0.000950538742
f 439 441 440
v -0.00104492146 -0.00761096671 0.000950538742
v -0.00109450611 -0.00774328582 0.00114187587
v -0.00110007459 -0.00740929245 0.00107128535
f 442 444 443
v -0.00113917895 -0.00554698272 0.00239972724
v -0.00113827628 -0.00533900457 0.00257320607
v -0.00112412972 -0.00478131769 0.00229351135
f 445 447 446
v -0.00102832983 -0.00710969325 0.000816638567
v -0.00104492146 -0.00761096671 0.000950538742
v -0.00108413378 -0.00730328757 0.000989134605
f 448 450 449
v -0.000261270179 -0.00692258036 0.00392286056
v -0.000160434047 -0.00779577604 0.00386910506
v 6.86080625e-05 -0.00765652658 0.00390414352
f 451 453 452
v -0.000160434047 -0.00779577604 0.00386910506
v 0.000691068999 -0.00829645287 0.00381433238
v 6.86080625e-05 -0.00765652658 0.00390414352
f 454 456 455
v 0.000296416579 -0.00883716857 0.00375496675
v 0.000729006933 -0.00846550392 0.00378178884
v 0.000691068999 -0.00829645287 0.00381433238
f 457 459 458
v 0.000479408845 -0.00889418516 0.00373524272
v 0.000753468566 -0.00897995706 0.00366071836
v 0.000766068661 -0.00854401078 0.00375379386
f 460 462 461
v 0.000753468566 -0.00897995706 0.00366071836
v 0.00100732841 -0.00866062546 0.0036401012
v 0.000766068661 -0.00854401078 0.00375379386
f 463 465 464
v 0.000710017684 -0.00720404933 0.00405357896
v 0.00107746373 -0.00730522588 0.00398729753
v 0.000885016198 -0.00713800837 0.0040349667
f 466 468 467
v 0.00070792139 -0.00750899562 0.00398024204
v 0.000928782174 -0.00746596997 0.00400150566
v 0.000710017684 -0.00720404933 0.00405357896
f 469 471 470
v 0.000789207934 -0.00702800971 0.00403601989
v 0.000979409106 -0.00689962835 0.00401366124
v 0.000795499363 -0.00653424286 0.00395083916
f 472 474 473
v 0.000721986862 -0.00648827117 0.00394840463
v 0.000795499363 -0.00653424286 0.00395083916
v 0.000775945227 -0.00633665913 0.00392041657
f 475 477 476
v 0.000775945227 -0.00633665913 0.00392041657
v 0.000613130305 -0.00634306343 0.00392927468
v 0.000721986862 -0.00648827117 0.00394840463
f 478 480 479
v 0.000795499363 -0.00653424286 0.00395083916
v 0.00108733575 -0.00653622919 0.00385485837
v 0.000775945227 -0.00633665913 0.00392041657
f 481 483 482
v 0.000979409106 -0.00689962835 0.00401366124
v 0.00108733575 -0.00653622919 0.00385485837
v 0.000795499363 -0.00653424286 0.00395083916
f 484 486 485
v 0.000789207934 -0.00702800971 0.00403601989
v 0.000885016198 -0.00713800837 0.0040349667
v 0.000979409106 -0.00689962835 0.00401366124
f 487 489 488
v 0.00110893643 -0.00703486439 0.00398978373
v 0.000979409106 -0.00689962835 0.00401366124
v 0.000885016198 -0.00713800837 0.0040349667
f 490 492 491
v 0.00107746373 -0.00730522588 0.00398729753
v 0.00130844091 -0.00724101847 0.00392249785
v 0.00110893643 -0.00703486439 0.00398978373
f 493 495 494
v 0.000979409106 -0.00689962835 0.00401366124
v 0.00110893643 -0.00703486439 0.00398978373
v 0.00146160455 -0.0069538859 0.00383305414
f 496 498 497
v 0.00175288242 -0.00690834349 0.00369890768
v 0.00146160455 -0.0069538859 0.00383305414
v 0.00130844091 -0.00724101847 0.00392249785
f 499 501 500
v 0.000979409106 -0.00689962835 0.00401366124
v 0.00139970161 -0.00661226295 0.00376735989
v 0.00108733575 -0.00653622919 0.00385485837
f 502 504 503
v 0.000556867371 -0.00734101777 0.00398389202
v 0.000513705436 -0.00707835061 0.00401277612
v 0.000214083275 -0.00698664735 0.00396585892
f 505 507 506
v 0.000691068999 -0.00829645287 0.00381433238
v 0.000843919224 -0.00780391638 0.00392338479
v 0.00070792139 -0.00750899562 0.00398024204
f 508 510 509
v 0.000556867371 -0.00734101777 0.00398389202
v 0.00070792139 -0.00750899562 0.00398024204
v 0.000710017684 -0.00720404933 0.00405357896
f 511 513 512
v 0.000843919224 -0.00780391638 0.00392338479
v 0.000928782174 -0.00746596997 0.00400150566
v 0.00070792139 -0.00750899562 0.00398024204
f 514 516 515
v 6.86080625e-05 -0.00765652658 0.00390414352
v 0.00070792139 -0.00750899562 0.00398024204
v 0.000556867371 -0.00734101777 0.00398389202
f 517 519 518
v -0.000261270179 -0.00692258036 0.00392286056
v 6.86080625e-05 -0.00765652658 0.00390414352
v 0.000556867371 -0.00734101777 0.00398389202
f 520 522 521
v 0.00209219124 -0.00738210219 0.00353198229
v 0.00175288242 -0.00690834349 0.00369890768
v 0.00151390859 -0.00733559355 0.00382227408
f 523 525 524
v 0.00182181939 -0.00752287524 0.00364914049
v 0.00209219124 -0.00738210219 0.00353198229
v 0.00151390859 -0.00733559355 0.00382227408
f 526 528 527
v 0.00163556488 -0.0081670958 0.00352544739
v 0.00179954513 -0.00789004916 0.00354242293
v 0.00182181939 -0.00752287524 0.00364914049
f 529 531 530
v 0.000951456332 -0.00790703416 0.00388403278
v 0.00128022075 -0.00772564963 0.00383758306
v 0.000928782174 -0.00746596997 0.00400150566
f 532 534 533
v 0.000951456332 -0.00790703416 0.00388403278
v 0.0011461565 -0.00795146407 0.00382074359
v 0.00128022075 -0.00772564963 0.00383758306
f 535 537 536
v 0.0011461565 -0.00795146407 0.00382074359
v 0.00121278854 -0.00816133033 0.00372988579
v 0.00128022075 -0.00772564963 0.00383758306
f 538 540 539
v 0.0011461565 -0.00795146407 0.00382074359
v 0.000951456332 -0.00790703416 0.00388403278
v 0.00092794744 -0.00824140661 0.00379444864
f 541 543 542
v 0.000729006933 -0.00846550392 0.00378178884
v 0.00092794744 -0.00824140661 0.00379444864
v 0.000691068999 -0.00829645287 0.00381433238
f 544 546 545
v 0.00120820587 -0.00861147419 0.00358653306
v 0.00148540466 -0.00844602255 0.00350423215
v 0.00121278854 -0.00816133033 0.00372988579
f 547 549 548
v 0.00186538018 -0.00857534033 0.00319320861
v 0.00187876467 -0.00798787223 0.00344881555
v 0.00163556488 -0.0081670958 0.00352544739
f 550 552 551
v 0.00163556488 -0.0081670958 0.00352544739
v 0.00182181939 -0.00752287524 0.00364914049
v 0.00121278854 -0.00816133033 0.00372988579
f 553 555 554
v 0.00100732841 -0.00866062546 0.0036401012
v 0.00092794744 -0.00824140661 0.00379444864
v 0.000766068661 -0.00854401078 0.00375379386
f 556 558 557
v 0.00120820587 -0.00861147419 0.00358653306
v 0.00121278854 -0.00816133033 0.00372988579
v 0.00092794744 -0.00824140661 0.00379444864
f 559 561 560
v 0.00139970161 -0.00661226295 0.00376735989
v 0.00171676766 -0.00676817726 0.00369027657
v 0.00160584023 -0.00666606866 0.00370808375
f 562 564 563
v 0.00175288242 -0.00690834349 0.00369890768
v 0.00171676766 -0.00676817726 0.00369027657
v 0.00146160455 -0.0069538859 0.00383305414
f 565 567 566
v 0.00160584023 -0.00666606866 0.00370808375
v 0.00162154392 -0.00605175665 0.00367464309
v 0.00139970161 -0.00661226295 0.00376735989
f 568 570 569
v 0.00178611626 -0.00647594352 0.0036425703
v 0.00162154392 -0.00605175665 0.00367464309
v 0.00160584023 -0.00666606866 0.00370808375
f 571 573 572
v 0.00178611626 -0.00647594352 0.0036425703
v 0.00195348966 -0.00626772526 0.00354683798
v 0.00162154392 -0.00605175665 0.00367464309
f 574 576 575
v 0.00195348966 -0.00626772526 0.00354683798
v 0.00209405334 -0.0060608163 0.00336495832
v 0.00173460066 -0.00589309639 0.00357563185
f 577 579 578
v 0.00224183459 -0.00716783252 0.00347205132
v 0.00200111244 -0.00672682509 0.00357435129
v 0.00175288242 -0.00690834349 0.00369890768
f 580 582 581
v 0.00209219124 -0.00738210219 0.00353198229
v 0.00224183459 -0.00716783252 0.00347205132
v 0.00175288242 -0.00690834349 0.00369890768
f 583 585 584
v 0.00220867969 -0.00740312462 0.00346469023
v 0.00224183459 -0.00716783252 0.00347205132
v 0.00209219124 -0.00738210219 0.00353198229
f 586 588 587
v 0.00182181939 -0.00752287524 0.00364914049
v 0.00202128849 -0.00755516448 0.00353715477
v 0.00209219124 -0.00738210219 0.00353198229
f 589 591 590
v 0.00198164216 -0.00764826618 0.00352762218
v 0.00202128849 -0.00755516448 0.00353715477
v 0.00182181939 -0.00752287524 0.00364914049
f 592 594 593
v 0.00231964314 -0.00757418165 0.0033118602
v 0.00220867969 -0.00740312462 0.00346469023
v 0.00202128849 -0.00755516448 0.00353715477
f 595 597 596
v 0.00198164216 -0.00764826618 0.00352762218
v 0.00231964314 -0.00757418165 0.0033118602
v 0.00202128849 -0.00755516448 0.00353715477
f 598 600 599
v 0.00239381734 -0.00659966754 0.00336436933
v 0.00195348966 -0.00626772526 0.00354683798
v 0.00200111244 -0.00672682509 0.00357435129
f 601 603 602
v 0.00237554286 -0.00698570948 0.00338954887
v 0.00245520314 -0.00691418245 0.00332153795
v 0.00237599579 -0.00680217854 0.00338480022
f 604 606 605
v 0.00239381734 -0.00659966754 0.00336436933
v 0.0023800887 -0.00650581205 0.00335189834
v 0.00195348966 -0.00626772526 0.00354683798
f 607 609 608
v 0.00237599579 -0.00680217854 0.00338480022
v 0.00253270919 -0.00681548408 0.00322186934
v 0.00244481471 -0.00668356151 0.00332288328
f 610 612 611
v 0.00245520314 -0.00691418245 0.00332153795
v 0.00253270919 -0.00681548408 0.00322186934
v 0.00237599579 -0.00680217854 0.00338480022
f 613 615 614
v 0.00253270919 -0.00681548408 0.00322186934
v 0.00267484884 -0.00679705772 0.0030093237
v 0.00251632628 -0.00656871489 0.00324263019
f 616 618 617
v 0.00234696254 -0.0072129762 0.00340692568
v 0.00243553877 -0.00718249939 0.0033256576
v 0.00224183459 -0.00716783252 0.00347205132
f 619 621 620
v 0.00243553877 -0.00718249939 0.0033256576
v 0.00279162323 -0.00700832315 0.00281033208
v 0.00245520314 -0.00691418245 0.00332153795
f 622 624 623
v 0.00245520314 -0.00691418245 0.00332153795
v 0.00279162323 -0.00700832315 0.00281033208
v 0.00267484884 -0.00679705772 0.0030093237
f 625 627 626
v 0.00251744223 -0.00745525394 0.00313964119
v 0.00275202947 -0.00757706366 0.00276582505
v 0.00243553877 -0.00718249939 0.0033256576
f 628 630 629
v 0.00251744223 -0.00745525394 0.00313964119
v 0.00233398459 -0.00742947668 0.00336302401
v 0.00231964314 -0.00757418165 0.0033118602
f 631 633 632
v 0.00224183459 -0.00716783252 0.00347205132
v 0.00237599579 -0.00680217854 0.00338480022
v 0.00200111244 -0.00672682509 0.00357435129
f 634 636 635
v 0.00233398459 -0.00742947668 0.00336302401
v 0.00243553877 -0.00718249939 0.0033256576
v 0.00234696254 -0.0072129762 0.00340692568
f 637 639 638
v 0.00125114375 -0.00747064187 0.00390662099
v 0.00130844091 -0.00724101847 0.00392249785
v 0.00107746373 -0.00730522588 0.00398729753
f 640 642 641
v 0.00175288242 -0.00690834349 0.00369890768
v 0.00200111244 -0.00672682509 0.00357435129
v 0.00171676766 -0.00676817726 0.00369027657
f 643 645 644
v 0.0016932112 -0.00911516836 0.00310318937
v 0.00173143144 -0.0090205016 0.00309065181
v 0.00132585046 -0.0088293782 0.0034480945
f 646 648 647
v 0.0016932112 -0.00911516836 0.00310318937
v 0.00132585046 -0.0088293782 0.0034480945
v 0.00130897051 -0.0091525646 0.00335331824
f 649 651 650
v 0.00187298992 -0.0089720932 0.00296611906
v 0.00202891024 -0.00860747241 0.00304983678
v 0.00184182609 -0.00880342923 0.00309994357
f 652 654 653
v 0.00180060451 -0.00922200707 0.00298211671
v 0.00173143144 -0.0090205016 0.00309065181
v 0.0016932112 -0.00911516836 0.00310318937
f 655 657 656
v 0.00195262492 -0.00909142473 0.00280043059
v 0.00217860324 -0.00898068174 0.00260978413
v 0.00187298992 -0.0089720932 0.00296611906
f 658 660 659
v 0.00203618074 -0.00924355991 0.00264784558
v 0.00195262492 -0.00909142473 0.00280043059
v 0.00180060451 -0.00922200707 0.00298211671
f 661 663 662
v 0.00173143144 -0.0090205016 0.00309065181
v 0.00184182609 -0.00880342923 0.00309994357
v 0.00132585046 -0.0088293782 0.0034480945
f 664 666 665
v 0.00184132041 -0.00937925142 0.00292307832
v 0.00180060451 -0.00922200707 0.00298211671
v 0.00174280067 -0.0093881521 0.00302760436
f 667 669 668
v 0.00237904933 -0.00804068477 0.00304528439
v 0.00232786406 -0.00783282812 0.00318509628
v 0.00187876467 -0.00798787223 0.00344881555
f 670 672 671
v 0.00287242274 -0.00772778949 0.00250675366
v 0.00275202947 -0.00757706366 0.00276582505
v 0.00251744223 -0.00745525394 0.00313964119
f 673 675 674
v 0.0021823771 -0.00838066117 0.00304157475
v 0.00237904933 -0.00804068477 0.00304528439
v 0.00187876467 -0.00798787223 0.00344881555
f 676 678 677
v 0.00235072057 -0.00827162439 0.00294960082
v 0.00237904933 -0.00804068477 0.00304528439
v 0.0021823771 -0.00838066117 0.00304157475
f 679 681 680
v 0.00224653395 -0.00841764195 0.0029583749
v 0.00235072057 -0.00827162439 0.00294960082
v 0.0021823771 -0.00838066117 0.00304157475
f 682 684 683
v 0.00229280613 -0.0085505133 0.00280624154
v 0.00224653395 -0.00841764195 0.0029583749
v 0.00187298992 -0.0089720932 0.00296611906
f 685 687 686
v 0.00246554482 -0.00839924905 0.00263035217
v 0.00245936772 -0.00814578889 0.00288756401
v 0.00235072057 -0.00827162439 0.00294960082
f 688 690 689
v 0.00217860324 -0.00898068174 0.00260978413
v 0.00235837815 -0.00867084382 0.00258935797
v 0.00229280613 -0.0085505133 0.00280624154
f 691 693 692
v 0.00222107283 -0.00917816287 0.00245111169
v 0.00238448829 -0.00909157025 0.00223891893
v 0.00217860324 -0.00898068174 0.00260978413
f 694 696 695
v 0.00238448829 -0.00909157025 0.00223891893
v 0.00239697274 -0.00882837048 0.00238663542
v 0.00217860324 -0.00898068174 0.00260978413
f 697 699 698
v 0.00287242274 -0.00772778949 0.00250675366
v 0.00264555219 -0.00794879306 0.00272537691
v 0.00246554482 -0.00839924905 0.00263035217
f 700 702 701
v 0.00246554482 -0.00839924905 0.00263035217
v 0.00264555219 -0.00794879306 0.00272537691
v 0.00245936772 -0.00814578889 0.00288756401
f 703 705 704
v 0.00270246255 -0.00812711951 0.00242864262
v 0.00287242274 -0.00772778949 0.00250675366
v 0.00246554482 -0.00839924905 0.00263035217
f 706 708 707
v 0.00246909185 -0.00898591024 0.00209000555
v 0.00253760991 -0.0088859073 0.00187983915
v 0.00251847378 -0.00866999035 0.00217383895
f 709 711 710
v 0.00251847378 -0.00866999035 0.00217383895
v 0.00260652141 -0.00845910254 0.0020269541
v 0.00251301062 -0.00847530682 0.00240577137
f 712 714 713
v 0.00253760991 -0.0088859073 0.00187983915
v 0.00255989999 -0.0086189757 0.00194980312
v 0.00251847378 -0.00866999035 0.00217383895
f 715 717 716
v 0.00253760991 -0.0088859073 0.00187983915
v 0.00252480277 -0.00894494733 0.00166202062
v 0.00255989999 -0.0086189757 0.00194980312
f 718 720 719
v 0.00239697274 -0.00882837048 0.00238663542
v 0.00251301062 -0.00847530682 0.00240577137
v 0.00235837815 -0.00867084382 0.00258935797
f 721 723 722
v -0.000565702203 -0.00987385138 0.00350172559
v -0.000453686835 -0.00955835058 0.00360440317
v -0.000626549991 -0.00939518577 0.00356096134
f 724 726 725
v -0.000565702203 -0.00987385138 0.00350172559
v -0.000366625773 -0.00997956085 0.00355263219
v -0.000453686835 -0.00955835058 0.00360440317
f 727 729 728
v -0.00105160425 -0.00969295652 0.00316243822
v -0.000988327247 -0.0100886544 0.00322299056
v -0.000969043867 -0.00952672126 0.00327772432
f 730 732 731
v -0.00113602582 -0.00996894596 0.00299640542
v -0.00106209864 -0.00998162213 0.00314121171
v -0.00105160425 -0.00969295652 0.00316243822
f 733 735 734
v -0.00112164344 -0.00960243633 0.00300042921
v -0.00113602582 -0.00996894596 0.00299640542
v -0.00105160425 -0.00969295652 0.00316243822
f 736 738 737
v -0.000889078365 -0.010228109 0.00328420065
v -0.000701209956 -0.0102662183 0.00338677964
v -0.000828727934 -0.00979068936 0.00337802994
f 739 741 740
v -0.000565702203 -0.00987385138 0.00350172559
v -0.000535637946 -0.0103880651 0.00343592255
v -0.000366625773 -0.00997956085 0.00355263219
f 742 744 743
v -0.000701209956 -0.0102662183 0.00338677964
v -0.000535637946 -0.0103880651 0.00343592255
v -0.000565702203 -0.00987385138 0.00350172559
f 745 747 746
v -0.00018537778 -0.010282619 0.00352683965
v -8.23558537e-05 -0.009938109 0.00356706878
v -0.000250512062 -0.00975206713 0.00359815422
f 748 750 749
v -0.000366625773 -0.00997956085 0.00355263219
v -0.000535637946 -0.0103880651 0.00343592255
v -0.00018537778 -0.010282619 0.00352683965
f 751 753 752
v -0.000829920918 -0.0106167608 0.00330224684
v -0.000701209956 -0.0102662183 0.00338677964
v -0.000889078365 -0.010228109 0.00328420065
f 754 756 755
v -0.000829920918 -0.0106167608 0.00330224684
v -0.000771441228 -0.0109305103 0.00335452569
v -0.000636208961 -0.0106923602 0.0033969678
f 757 759 758
v -0.000701209956 -0.0102662183 0.00338677964
v -0.000829920918 -0.0106167608 0.00330224684
v -0.000636208961 -0.0106923602 0.0033969678
f 760 762 761
v -0.000738070412 -0.00815534004 0.00364993684
v -0.000851578807 -0.00848098352 0.00352087518
v -0.00052700384 -0.00833385129 0.00375145828
f 763 765 764
v -0.000851578807 -0.00848098352 0.00352087518
v -0.000954870211 -0.00840392822 0.00339283215
v -0.000965238814 -0.00862913221 0.00336901576
f 766 768 767
v -0.000626549991 -0.00939518577 0.00356096134
v -0.000404299453 -0.00919699523 0.003667891
v -0.000464947971 -0.00875684127 0.00372156101
f 769 771 770
v -0.000549576862 -0.00864614631 0.00369888076
v -0.000721704555 -0.00933466727 0.00351393683
v -0.000626549991 -0.00939518577 0.00356096134
f 772 774 773
v -0.000851578807 -0.00848098352 0.00352087518
v -0.000721704555 -0.00933466727 0.00351393683
v -0.00052700384 -0.00833385129 0.00375145828
f 775 777 776
v -0.000626549991 -0.00939518577 0.00356096134
v -0.000464947971 -0.00875684127 0.00372156101
v -0.000549576862 -0.00864614631 0.00369888076
f 778 780 779
v -0.000721704555 -0.00933466727 0.00351393683
v -0.000549576862 -0.00864614631 0.00369888076
v -0.00052700384 -0.00833385129 0.00375145828
f 781 783 782
v -0.000160434047 -0.00779577604 0.00386910506
v -0.000440166514 -0.00757050293 0.00383973347
v -0.000317126751 -0.00817450273 0.00381246791
f 784 786 785
v -0.000440166514 -0.00757050293 0.00383973347
v -0.00052700384 -0.00833385129 0.00375145828
v -0.000317126751 -0.00817450273 0.00381246791
f 787 789 788
v -0.000562063269 -0.00772532221 0.00378796649
v -0.000663513947 -0.00768070968 0.00372180657
v -0.000738070412 -0.00815534004 0.00364993684
f 790 792 791
v -0.000873859881 -0.00807900433 0.0035369274
v -0.000851578807 -0.00848098352 0.00352087518
v -0.000738070412 -0.00815534004 0.00364993684
f 793 795 794
v -0.000954870211 -0.00840392822 0.00339283215
v -0.000851578807 -0.00848098352 0.00352087518
v -0.000873859881 -0.00807900433 0.0035369274
f 796 798 797
v -0.000873859881 -0.00807900433 0.0035369274
v -0.00100969191 -0.00782142888 0.00337586134
v -0.000954870211 -0.00840392822 0.00339283215
f 799 801 800
v -0.000317126751 -0.00817450273 0.00381246791
v 0.000296416579 -0.00883716857 0.00375496675
v -0.000160434047 -0.00779577604 0.00386910506
f 802 804 803
v -0.00113191745 -0.00887503338 0.00307474184
v -0.0010630346 -0.00899441802 0.00320919426
v -0.00111314221 -0.00858843559 0.00310648356
f 805 807 806
v -0.000969162102 -0.00922744293 0.00331802657
v -0.000721704555 -0.00933466727 0.00351393683
v -0.000905669185 -0.00877961065 0.00343446736
f 808 810 809
v -0.00113905189 -0.00920676393 0.00304326986
v -0.00114832619 -0.009316262 0.00298163559
v -0.00104977144 -0.0093943825 0.00318782877
f 811 813 812
v -0.00104977144 -0.0093943825 0.00318782877
v -0.00112164344 -0.00960243633 0.00300042921
v -0.00105160425 -0.00969295652 0.00316243822
f 814 816 815
v -0.00114832619 -0.009316262 0.00298163559
v -0.00116060664 -0.00947738517 0.00288871852
v -0.00112164344 -0.00960243633 0.00300042921
f 817 819 818
v -0.00114832619 -0.009316262 0.00298163559
v -0.00113905189 -0.00920676393 0.00304326986
v -0.00117638829 -0.00909593073 0.00286072245
f 820 822 821
v -0.00116790152 -0.00947937224 0.0027463655
v -0.00116060664 -0.00947738517 0.00288871852
v -0.00114832619 -0.009316262 0.00298163559
f 823 825 824
v -0.00118154994 -0.00849654971 0.00290219705
v -0.00117769587 -0.00879356376 0.00289049494
v -0.00113191745 -0.00887503338 0.00307474184
f 826 828 827
v -0.0012293347 -0.00839385975 0.00260187226
v -0.00118154994 -0.00849654971 0.00290219705
v -0.00123514192 -0.00819559937 0.00267929063
f 829 831 830
v -0.00118956477 -0.00893368269 0.00269548527
v -0.00117638829 -0.00909593073 0.00286072245
v -0.00117769587 -0.00879356376 0.00289049494
f 832 834 833
v -0.00120623754 -0.00861765729 0.00266419174
v -0.0012293347 -0.00839385975 0.00260187226
v -0.00121310122 -0.00857196355 0.00257402462
f 835 837 836
v -0.00117923264 -0.00907291615 0.00265941017
v -0.00117638829 -0.00909593073 0.00286072245
v -0.00118956477 -0.00893368269 0.00269548527
f 838 840 839
v -0.00117769587 -0.00879356376 0.00289049494
v -0.00115335406 -0.00896416605 0.0030123585
v -0.00113191745 -0.00887503338 0.00307474184
f 841 843 842
v -0.00120623754 -0.00861765729 0.00266419174
v -0.00117769587 -0.00879356376 0.00289049494
v -0.00118154994 -0.00849654971 0.00290219705
f 844 846 845
v -0.000404299453 -0.00919699523 0.003667891
v -0.000250512062 -0.00975206713 0.00359815422
v 4.97455346e-05 -0.0095133757 0.00364031439
f 847 849 848
v -0.000404299453 -0.00919699523 0.003667891
v 0.000296416579 -0.00883716857 0.00375496675
v -0.000410876555 -0.0086506916 0.00374781594
f 850 852 851
v 0.000582067059 -0.00969555913 0.00351977505
v 0.000586537953 -0.00919784143 0.003644565
v 4.97455346e-05 -0.0095133757 0.00364031439
f 853 855 854
v -8.23558537e-05 -0.009938109 0.00356706878
v 0.000132258594 -0.00993214635 0.00353732867
v 0.00042784427 -0.00987225067 0.00350407572
f 856 858 857
v 0.000296416579 -0.00883716857 0.00375496675
v 0.000479408845 -0.00889418516 0.00373524272
v 0.000729006933 -0.00846550392 0.00378178884
f 859 861 860
v 0.000586537953 -0.00919784143 0.003644565
v 0.000760231796 -0.00938502853 0.0035547564
v 0.000753468566 -0.00897995706 0.00366071836
f 862 864 863
v 0.000760231796 -0.00938502853 0.0035547564
v 0.000910597282 -0.00919325903 0.00354623553
v 0.000753468566 -0.00897995706 0.00366071836
f 865 867 866
v -0.00115509583 -0.00982215206 0.00288871779
v -0.00112164344 -0.00960243633 0.00300042921
v -0.00115738058 -0.00967048836 0.00287747389
f 868 870 869
v -0.000250512062 -0.00975206713 0.00359815422
v -8.23558537e-05 -0.009938109 0.00356706878
v 4.97455346e-05 -0.0095133757 0.00364031439
f 871 873 872
v -0.00115509583 -0.00982215206 0.00288871779
v -0.00113602582 -0.00996894596 0.00299640542
v -0.00112164344 -0.00960243633 0.00300042921
f 874 876 875
v -0.00116013252 -0.0103512 0.0030040128
v -0.00103327084 -0.0103594663 0.00315344769
v -0.00110202 -0.0102117228 0.00306462389
f 877 879 878
v -0.00116840638 -0.0100214573 0.00277644613
v -0.00117436384 -0.0101979465 0.00288282572
v -0.00113602582 -0.00996894596 0.00299640542
f 880 882 881
v -0.0012698134 -0.0104755032 0.00273242422
v -0.00127056155 -0.010715083 0.00281304856
v -0.00124317685 -0.0104948842 0.00285473052
f 883 885 884
v -0.00111481349 -0.0105421386 0.00308904564
v -0.000829920918 -0.0106167608 0.00330224684
v -0.00103327084 -0.0103594663 0.00315344769
f 886 888 887
v -0.000829920918 -0.0106167608 0.00330224684
v -0.00105881618 -0.0107783424 0.00315135694
v -0.0010135559 -0.0108185755 0.00319447827
f 889 891 890
v -0.00111481349 -0.0105421386 0.00308904564
v -0.00105881618 -0.0107783424 0.00315135694
v -0.000829920918 -0.0106167608 0.00330224684
f 892 894 893
v -0.0011576717 -0.0108688269 0.00292109798
v -0.00106952202 -0.0108525208 0.00304939895
v -0.0011111445 -0.0108112603 0.00309502793
f 895 897 896
v -0.00124317685 -0.0104948842 0.00285473052
v -0.00127056155 -0.010715083 0.00281304856
v -0.00121265466 -0.0106587155 0.00296408343
f 898 900 899
v -0.000883712437 -0.0108447122 0.00328154129
v -0.0010135559 -0.0108185755 0.00319447827
v -0.000822436959 -0.0109842244 0.00324526845
f 901 903 902
v -0.00106952202 -0.0108525208 0.00304939895
v -0.000907724097 -0.0110085151 0.00307115479
v -0.0010135559 -0.0108185755 0.00319447827
f 904 906 905
v -0.00123528707 -0.0108780441 0.00273253172
v -0.000942655788 -0.0110260597 0.00292074474
v -0.00106952202 -0.0108525208 0.00304939895
f 907 909 908
v -0.00123528707 -0.0108780441 0.00273253172
v -0.00123252039 -0.0108856722 0.00259636763
v -0.000851604727 -0.0111089968 0.00257170504
f 910 912 911
v -0.00124317685 -0.0104948842 0.00285473052
v -0.00121265466 -0.0106587155 0.00296408343
v -0.00111481349 -0.0105421386 0.00308904564
f 913 915 914
v -0.00106958369 -0.00965454528 0.00214836618
v -0.00114756785 -0.00975278163 0.00265766357
v -0.00116790152 -0.00947937224 0.0027463655
f 916 918 917
v -0.00103696038 -0.00949346868 0.00192945445
v -0.00106958369 -0.00965454528 0.00214836618
v -0.00114517188 -0.00902136817 0.00239206092
f 919 921 920
v -0.00112478047 -0.00996790404 0.00232195562
v -0.00115825851 -0.009977031 0.00258742948
v -0.00114756785 -0.00975278163 0.00265766357
f 922 924 923
v -0.00112478047 -0.00996790404 0.00232195562
v -0.00114756785 -0.00975278163 0.00265766357
v -0.00106958369 -0.00965454528 0.00214836618
f 925 927 926
v -0.000524626466 -0.0111934591 0.00233640385
v -0.000721739934 -0.0111719302 0.00257465654
v -0.000680331959 -0.0111533074 0.00232239618
f 928 930 929
v -0.00129186174 -0.0108313245 0.00247830358
v -0.00111540921 -0.010913235 0.00234066683
v -0.00123252039 -0.0108856722 0.00259636763
f 931 933 932
v -0.000850492233 -0.0110724628 0.0022144106
v -0.000851604727 -0.0111089968 0.00257170504
v -0.00111540921 -0.010913235 0.00234066683
f 934 936 935
v -0.000703506066 -0.0111389338 0.00206841341
v -0.000524626466 -0.0111934591 0.00233640385
v -0.000680331959 -0.0111533074 0.00232239618
f 937 939 938
v -0.000850492233 -0.0110724628 0.0022144106
v -0.000721739934 -0.0111719302 0.00257465654
v -0.000851604727 -0.0111089968 0.00257170504
f 940 942 941
v -0.0012660028 -0.010839571 0.00235681873
v -0.00111540921 -0.010913235 0.00234066683
v -0.00129186174 -0.0108313245 0.00247830358
f 943 945 944
v -0.0011741884 -0.0108344968 0.00208802921
v -0.00122810134 -0.0108656161 0.00226925167
v -0.0012660028 -0.010839571 0.00235681873
f 946 948 947
v -0.00124456101 -0.0105962943 0.00211601837
v -0.0012660028 -0.010839571 0.00235681873
v -0.00129642867 -0.0107144551 0.00238228404
f 949 951 950
v -0.0011741884 -0.0108344968 0.00208802921
v -0.00113232363 -0.0108634202 0.00197747177
v -0.00113133538 -0.0108787659 0.0021433345
f 952 954 953
v -0.00124456101 -0.0105962943 0.00211601837
v -0.0011741884 -0.0108344968 0.00208802921
v -0.0012660028 -0.010839571 0.00235681873
f 955 957 956
v -0.0011213001 -0.0108517524 0.00188817594
v -0.0011741884 -0.0108344968 0.00208802921
v -0.00124456101 -0.0105962943 0.00211601837
f 958 960 959
v -0.00110722758 -0.00990723711 0.00215720938
v -0.00106958369 -0.00965454528 0.00214836618
v -0.00105067857 -0.00980883706 0.00189220391
f 961 963 962
v -0.00116859292 -0.0102976504 0.00176281428
v -0.00121949315 -0.0103369188 0.00213571711
v -0.00105067857 -0.00980883706 0.00189220391
f 964 966 965
v -0.00121949315 -0.0103369188 0.00213571711
v -0.00110722758 -0.00990723711 0.00215720938
v -0.00105067857 -0.00980883706 0.00189220391
f 967 969 968
v -0.00121353096 -0.0104383296 0.00189901566
v -0.00121949315 -0.0103369188 0.00213571711
v -0.00116859292 -0.0102976504 0.00176281428
f 970 972 971
v -0.00116859292 -0.0102976504 0.00176281428
v -0.00109604489 -0.0104152168 0.00133867925
v -0.00121353096 -0.0104383296 0.00189901566
f 973 975 974
v -0.00109604489 -0.0104152168 0.00133867925
v -0.00116859292 -0.0102976504 0.00176281428
v -0.00107773267 -0.0102776081 0.00139008662
f 976 978 977
v -0.000357532736 -0.0111932124 0.00183460816
v -0.000443414592 -0.0111842208 0.00206250807
v -0.000703506066 -0.0111389338 0.00206841341
f 979 981 980
v -0.00110463816 -0.0106893851 0.00149773496
v -0.00121898966 -0.0105444713 0.00194614149
v -0.00121353096 -0.0104383296 0.00189901566
f 982 984 983
v -0.00110463816 -0.0106893851 0.00149773496
v -0.00100726675 -0.0107774737 0.00142532008
v -0.000985505358 -0.0109018707 0.00166487898
f 985 987 986
v -0.00100726675 -0.0107774737 0.00142532008
v -0.000825549887 -0.0109137174 0.00145018985
v -0.000985505358 -0.0109018707 0.00166487898
f 988 990 989
v -0.00112331682 -0.0107665357 0.00171618904
v -0.00111868894 -0.0108167042 0.00179489161
v -0.00124456101 -0.0105962943 0.00211601837
f 991 993 992
v -0.00121898966 -0.0105444713 0.00194614149
v -0.00112331682 -0.0107665357 0.00171618904
v -0.00124456101 -0.0105962943 0.00211601837
f 994 996 995
v -0.00124456101 -0.0105962943 0.00211601837
v -0.00129642867 -0.0107144551 0.00238228404
v -0.00129149812 -0.0104984058 0.00244822022
f 997 999 998
v -0.00108666736 -0.0106665233 0.00127048443
v -0.00100726675 -0.0107774737 0.00142532008
v -0.00110159381 -0.0106623913 0.00139673912
f 1000 1002 1001
v -0.00129149812 -0.0104984058 0.00244822022
v -0.00131009019 -0.01079012 0.00258857726
v -0.0012926821 -0.0104841674 0.00260014422
f 1003 1005 1004
v -0.000771441228 -0.0109305103 0.00335452569
v -0.000642930172 -0.0111029192 0.00338246791
v -0.000556319083 -0.0109979417 0.00342332823
f 1006 1008 1007
v -0.000555291945 -0.0111629168 0.00338125355
v -0.000514964404 -0.0111609377 0.00334079232
v -0.000536235393 -0.0111470203 0.00338986574
f 1009 1011 1010
v -0.000616597663 -0.0111457979 0.00336603807
v -0.000597832786 -0.0111448076 0.00336667181
v -0.000555291945 -0.0111629168 0.00338125355
f 1012 1014 1013
v -0.000161231435 -0.0111539906 0.00346763918
v -0.00023778216 -0.0111791218 0.00344593063
v -0.000166209463 -0.0111688423 0.00345917724
f 1015 1017 1016
v -0.000556319083 -0.0109979417 0.00342332823
v -0.000484850216 -0.0111488509 0.00341538325
v -0.000161231435 -0.0111539906 0.00346763918
f 1018 1020 1019
v -0.000206159871 -0.0108665656 0.00346256347
v -4.02051654e-05 -0.0107739012 0.00349811889
v -0.00018537778 -0.010282619 0.00352683965
f 1021 1023 1022
v -4.02051654e-05 -0.0107739012 0.00349811889
v 0.000167439657 -0.0108439053 0.00352391871
v 5.95453059e-05 -0.0105356245 0.00351894923
f 1024 1026 1025
v -4.02051654e-05 -0.0107739012 0.00349811889
v 8.76649835e-05 -0.0110445748 0.00349140428
v 0.000167439657 -0.0108439053 0.00352391871
f 1027 1029 1028
v 5.95453059e-05 -0.0105356245 0.00351894923
v 0.000266356756 -0.0104776133 0.00349594266
v -8.23558537e-05 -0.009938109 0.00356706878
f 1030 1032 1031
v 0.000167439657 -0.0108439053 0.00352391871
v 0.000463234483 -0.0106841719 0.00348462127
v 5.95453059e-05 -0.0105356245 0.00351894923
f 1033 1035 1034
v -0.000556319083 -0.0109979417 0.00342332823
v -8.42306235e-05 -0.0111239526 0.00347568166
v -0.000206159871 -0.0108665656 0.00346256347
f 1036 1038 1037
v -0.000141197904 -0.0111785819 0.00345316439
v -0.000166209463 -0.0111688423 0.00345917724
v -0.000102079434 -0.01115583 0.0034437413
f 1039 1041 1040
v -2.72016763e-05 -0.011150616 0.00323946078
v 0.000222653966 -0.0110397581 0.0033137876
v -1.09907376e-05 -0.0111254092 0.0034731409
f 1042 1044 1043
v -2.72016763e-05 -0.011150616 0.00323946078
v -6.16896216e-05 -0.0111430629 0.00341089217
v -0.000166209463 -0.0111688423 0.00345917724
f 1045 1047 1046
v -0.000197383224 -0.0111822112 0.0032215481
v -2.72016763e-05 -0.011150616 0.00323946078
v -0.000166209463 -0.0111688423 0.00345917724
f 1048 1050 1049
v -0.000102079434 -0.01115583 0.0034437413
v -8.42306235e-05 -0.0111239526 0.00347568166
v -6.51457981e-05 -0.0111492263 0.00345079825
f 1051 1053 1052
v -0.000197383224 -0.0111822112 0.0032215481
v -0.000276035257 -0.0111866808 0.00339845865
v -0.000342665953 -0.0111873283 0.0034316894
f 1054 1056 1055
v -2.72016763e-05 -0.011150616 0.00323946078
v -0.000197383224 -0.0111822112 0.0032215481
v 8.0302982e-06 -0.0112133363 0.00294010388
f 1057 1059 1058
v 0.000499856924 -0.010854999 0.00346863671
v 0.000463234483 -0.0106841719 0.00348462127
v 0.000381507107 -0.0108316759 0.00349909678
f 1060 1062 1061
v -6.23133587e-05 -0.0111568457 0.00347369059
v -6.51457981e-05 -0.0111492263 0.00345079825
v -1.09907376e-05 -0.0111254092 0.0034731409
f 1063 1065 1064
v 0.000266356756 -0.0104776133 0.00349594266
v 0.000614969485 -0.0106290609 0.00343743741
v 0.00055166779 -0.0102352948 0.00343963111
f 1066 1068 1067
v 0.000704626655 -0.010644985 0.00340556726
v 0.000820284822 -0.0105230036 0.00336439189
v 0.00055166779 -0.0102352948 0.00343963111
f 1069 1071 1070
v 0.000614969485 -0.0106290609 0.00343743741
v 0.000704626655 -0.010644985 0.00340556726
v 0.00055166779 -0.0102352948 0.00343963111
f 1072 1074 1073
v 0.00072759949 -0.0101690886 0.00338899699
v 0.00101322621 -0.0103207822 0.00328899623
v 0.000880919379 -0.0100640107 0.00333306598
f 1075 1077 1076
v 0.00101322621 -0.0103207822 0.00328899623
v 0.000820284822 -0.0105230036 0.00336439189
v 0.000741667964 -0.0106464366 0.00329276845
f 1078 1080 1079
v 0.00101322621 -0.0103207822 0.00328899623
v 0.000909936443 -0.0104216429 0.00333233984
v 0.000820284822 -0.0105230036 0.00336439189
f 1081 1083 1082
v 0.00140501616 -0.00946813088 0.00323892309
v 0.00130897051 -0.0091525646 0.00335331824
v 0.000910597282 -0.00919325903 0.00354623553
f 1084 1086 1085
v 0.00130897051 -0.0091525646 0.00335331824
v 0.00114840404 -0.00899483566 0.00349336915
v 0.000910597282 -0.00919325903 0.00354623553
f 1087 1089 1088
v 0.000736097354 -0.00956807562 0.00350915798
v 0.00113887882 -0.00966744483 0.00331992014
v 0.000760231796 -0.00938502853 0.0035547564
f 1090 1092 1091
v 0.00142238841 -0.00999324402 0.00315670331
v 0.00132255082 -0.0100972036 0.00318459897
v 0.00130582484 -0.0101551814 0.00306116017
f 1093 1095 1094
v 0.00142238841 -0.00999324402 0.00315670331
v 0.00130582484 -0.0101551814 0.00306116017
v 0.00140528564 -0.0100522746 0.00303238485
f 1096 1098 1097
v 0.00124758535 -0.0101469654 0.00320510917
v 0.00132255082 -0.0100972036 0.00318459897
v 0.00110409947 -0.00991589986 0.00327632442
f 1099 1101 1100
v 0.0010953665 -0.0102596059 0.00325482106
v 0.00110409947 -0.00991589986 0.00327632442
v 0.000880919379 -0.0100640107 0.00333306598
f 1102 1104 1103
v 0.00112849557 -0.0103059261 0.0030986379
v 0.00130582484 -0.0101551814 0.00306116017
v 0.00117521204 -0.0101983904 0.00322709966
f 1105 1107 1106
v 0.000877747789 -0.0106013067 0.00310983814
v 0.00105664285 -0.0104973478 0.00290803546
v 0.00101322621 -0.0103207822 0.00328899623
f 1108 1110 1109
v 0.00140528564 -0.0100522746 0.00303238485
v 0.00130582484 -0.0101551814 0.00306116017
v 0.00129169221 -0.0103612409 0.00281195626
f 1111 1113 1112
v 0.00112849557 -0.0103059261 0.0030986379
v 0.00129169221 -0.0103612409 0.00281195626
v 0.00130582484 -0.0101551814 0.00306116017
f 1114 1116 1115
v 0.00115664689 -0.0105345091 0.0027277405
v 0.00112849557 -0.0103059261 0.0030986379
v 0.00105664285 -0.0104973478 0.00290803546
f 1117 1119 1118
v 0.00129169221 -0.0103612409 0.00281195626
v 0.00112849557 -0.0103059261 0.0030986379
v 0.00115664689 -0.0105345091 0.0027277405
f 1120 1122 1121
v 0.00110409947 -0.00991589986 0.00327632442
v 0.0014800552 -0.00991800771 0.00313772471
v 0.00113887882 -0.00966744483 0.00331992014
f 1123 1125 1124
v 0.00068791619 -0.0109457491 0.00284564085
v 0.000403229387 -0.0109986395 0.0030008734
v 0.000342636372 -0.0110617577 0.00291187025
f 1126 1128 1127
v 0.00068791619 -0.0109457491 0.00284564085
v 0.000770825591 -0.0108701126 0.0028814582
v 0.000678983633 -0.0107508771 0.0031668842
f 1129 1131 1130
v 9.52602136e-05 -0.011217982 0.00268365329
v 0.000266950974 -0.0111463327 0.00271666759
v 0.000114348438 -0.0111820555 0.00295046411
f 1132 1134 1133
v 0.000266950974 -0.0111463327 0.00271666759
v 0.000342636372 -0.0110617577 0.00291187025
v 0.000114348438 -0.0111820555 0.00295046411
f 1135 1137 1136
v 0.000525471705 -0.0110704153 0.00240098416
v 0.000266950974 -0.0111463327 0.00271666759
v 0.000121281369 -0.0112052679 0.00249711939
f 1138 1140 1139
v 0.000121281369 -0.0112052679 0.00249711939
v 0.000266950974 -0.0111463327 0.00271666759
v 9.52602136e-05 -0.011217982 0.00268365329
f 1141 1143 1142
v 0.000741667964 -0.0106464366 0.00329276845
v 0.000678983633 -0.0107508771 0.0031668842
v 0.000877747789 -0.0106013067 0.00310983814
f 1144 1146 1145
v 0.00068791619 -0.0109457491 0.00284564085
v 0.00108059712 -0.0107594868 0.00247653279
v 0.000770825591 -0.0108701126 0.0028814582
f 1147 1149 1148
v 0.000556832856 -0.0110502995 0.0026644806
v 0.000971158988 -0.0108759683 0.00233148967
v 0.00068791619 -0.0109457491 0.00284564085
f 1150 1152 1151
v 0.000938655376 -0.0107821928 0.00272016041
v 0.00108059712 -0.0107594868 0.00247653279
v 0.00115664689 -0.0105345091 0.0027277405
f 1153 1155 1154
v 0.000741014946 -0.0109597233 0.00219697467
v 0.000971158988 -0.0108759683 0.00233148967
v 0.000556832856 -0.0110502995 0.0026644806
f 1156 1158 1157
v 0.000741014946 -0.0109597233 0.00219697467
v 0.000525471705 -0.0110704153 0.00240098416
v 0.000460427827 -0.0111514659 0.00209425434
f 1159 1161 1160
v 0.000248465926 -0.0111915768 0.00223059105
v 0.000525471705 -0.0110704153 0.00240098416
v 0.000121281369 -0.0112052679 0.00249711939
f 1162 1164 1163
v 0.000266950974 -0.0111463327 0.00271666759
v 0.000556832856 -0.0110502995 0.0026644806
v 0.00068791619 -0.0109457491 0.00284564085
f 1165 1167 1166
v 0.00105664285 -0.0104973478 0.00290803546
v 0.000877747789 -0.0106013067 0.00310983814
v 0.000938655376 -0.0107821928 0.00272016041
f 1168 1170 1169
v -0.000720327353 -0.0111549853 0.00266294301
v -0.000602493765 -0.0111369802 0.00296169037
v -0.000714865837 -0.0110954636 0.00306260881
f 1171 1173 1172
v -0.000359543537 -0.0111887653 0.00218695095
v -0.000355846896 -0.0112168847 0.00256216154
v -0.000524626466 -0.0111934591 0.00233640385
f 1174 1176 1175
v -0.000357532736 -0.0111932124 0.00183460816
v -2.92503131e-05 -0.0111412213 0.00193421838
v -0.000443414592 -0.0111842208 0.00206250807
f 1177 1179 1178
v 0.000126236205 -0.0110899724 0.001715703
v -2.92503131e-05 -0.0111412213 0.00193421838
v -0.000357532736 -0.0111932124 0.00183460816
f 1180 1182 1181
v -0.000976084084 -0.00947056906 0.00141664586
v -0.00124357521 -0.00825738243 0.00247970402
v -0.00122742404 -0.00807118049 0.00213791827
f 1183 1185 1184
v -0.000976084084 -0.00947056906 0.00141664586
v -0.00103696038 -0.00949346868 0.00192945445
v -0.00114517188 -0.00902136817 0.00239206092
f 1186 1188 1187
v -0.00110035289 -0.00819377092 0.00136341732
v -0.00116874699 -0.00822975635 0.00178969131
v -0.00114397981 -0.0079430094 0.00163674831
f 1189 1191 1190
v -0.000960175112 -0.00933595802 0.00122069232
v -0.000976084084 -0.00947056906 0.00141664586
v -0.00103634247 -0.00881169981 0.0013055168
f 1192 1194 1193
v -0.00091288648 -0.00900832601 0.000934519358
v -0.00103634247 -0.00881169981 0.0013055168
v -0.00109101175 -0.00835942628 0.00135061146
f 1195 1197 1196
v -0.000960175112 -0.00933595802 0.00122069232
v -0.00103634247 -0.00881169981 0.0013055168
v -0.00091288648 -0.00900832601 0.000934519358
f 1198 1200 1199
v -0.000996507151 -0.00994757866 0.00150227916
v -0.00105067857 -0.00980883706 0.00189220391
v -0.00100944699 -0.00970210094 0.00177824895
f 1201 1203 1202
v -0.00095259129 -0.00962247359 0.00139198546
v -0.000976084084 -0.00947056906 0.00141664586
v -0.000960175112 -0.00933595802 0.00122069232
f 1204 1206 1205
v -0.000925983477 -0.00998869 0.00125344886
v -0.000956568783 -0.00981771373 0.00143182015
v -0.000870077292 -0.00979879915 0.00118751914
f 1207 1209 1208
v -0.000870077292 -0.00979879915 0.00118751914
v -0.000826673295 -0.00991697671 0.000907976846
v -0.000925983477 -0.00998869 0.00125344886
f 1210 1212 1211
v -0.000996507151 -0.00994757866 0.00150227916
v -0.00100944699 -0.00970210094 0.00177824895
v -0.000956568783 -0.00981771373 0.00143182015
f 1213 1215 1214
v -0.000996507151 -0.00994757866 0.00150227916
v -0.00107773267 -0.0102776081 0.00139008662
v -0.00116859292 -0.0102976504 0.00176281428
f 1216 1218 1217
v -0.000681434722 -0.0109609129 0.0014018653
v -0.000548928028 -0.0111553658 0.00177531529
v -0.000825549887 -0.0109137174 0.00145018985
f 1219 1221 1220
v -0.000341316945 -0.0109640459 0.00124190892
v -0.000223216466 -0.0110838286 0.00144878886
v -0.000471467638 -0.010961989 0.00125387705
f 1222 1224 1223
v -0.000919204376 -0.0107782769 0.00119806318
v -0.000825549887 -0.0109137174 0.00145018985
v -0.00100726675 -0.0107774737 0.00142532008
f 1225 1227 1226
v -0.000919204376 -0.0107782769 0.00119806318
v -0.000681434722 -0.0109609129 0.0014018653
v -0.000825549887 -0.0109137174 0.00145018985
f 1228 1230 1229
v -0.000471467638 -0.010961989 0.00125387705
v -0.000409490031 -0.0107306245 0.000595535766
v -0.000341316945 -0.0109640459 0.00124190892
f 1231 1233 1232
v -0.000870077292 -0.00979879915 0.00118751914
v -0.000960175112 -0.00933595802 0.00122069232
v -0.00091288648 -0.00900832601 0.000934519358
f 1234 1236 1235
v -0.000826673295 -0.00991697671 0.000907976846
v -0.000870077292 -0.00979879915 0.00118751914
v -0.000820912919 -0.00968518871 0.00101722362
f 1237 1239 1238
v -0.000750727213 -0.0094037634 0.00076602937
v -0.000820912919 -0.00968518871 0.00101722362
v -0.00091288648 -0.00900832601 0.000934519358
f 1240 1242 1241
v -0.000744611907 -0.00967929227 0.000790902777
v -0.000736588072 -0.00983925129 0.000678841297
v -0.000826673295 -0.00991697671 0.000907976846
f 1243 1245 1244
v -0.000744611907 -0.00967929227 0.000790902777
v -0.000820912919 -0.00968518871 0.00101722362
v -0.000750727213 -0.0094037634 0.00076602937
f 1246 1248 1247
v -0.00108666736 -0.0106665233 0.00127048443
v -0.000919204376 -0.0107782769 0.00119806318
v -0.00100726675 -0.0107774737 0.00142532008
f 1249 1251 1250
v -0.00106393381 -0.0106324027 0.00105548897
v -0.000918389105 -0.0107396161 0.00101149444
v -0.000919204376 -0.0107782769 0.00119806318
f 1252 1254 1253
v -0.000672534998 -0.00963631683 0.00066207167
v -0.000617569867 -0.00980116165 0.000504421587
v -0.000736588072 -0.00983925129 0.000678841297
f 1255 1257 1256
v -0.000869384985 -0.0101434161 0.000735964386
v -0.000806724347 -0.0101386766 0.000568684936
v -0.000972525049 -0.0105159699 0.00071462282
f 1258 1260 1259
v -0.000825605639 -0.0106063533 0.000579106836
v -0.00072937637 -0.010624381 0.000474808348
v -0.000713159488 -0.0107269341 0.000667339646
f 1261 1263 1262
v -0.000713159488 -0.0107269341 0.000667339646
v -0.000495429049 -0.0107232743 0.000542556791
v -0.000572956742 -0.0108105596 0.000833158992
f 1264 1266 1265
v -0.000592001788 -0.0106640073 0.000434744561
v -0.000495429049 -0.0107232743 0.000542556791
v -0.000713159488 -0.0107269341 0.000667339646
f 1267 1269 1268
v -0.00072937637 -0.010624381 0.000474808348
v -0.000592001788 -0.0106640073 0.000434744561
v -0.000713159488 -0.0107269341 0.000667339646
f 1270 1272 1271
v -0.000521110405 -0.0106000894 0.000331804608
v -0.000592001788 -0.0106640073 0.000434744561
v -0.000682696646 -0.0106340856 0.000395300594
f 1273 1275 1274
v -0.000876208924 -0.0104653438 0.000541670488
v -0.000719471836 -0.0103134145 0.000381223458
v -0.000773579814 -0.0105422318 0.000438566622
f 1276 1278 1277
v -0.000652643075 -0.0105345825 0.000349033894
v -0.000682696646 -0.0106340856 0.000395300594
v -0.000773579814 -0.0105422318 0.000438566622
f 1279 1281 1280
v -0.000825605639 -0.0106063533 0.000579106836
v -0.000713159488 -0.0107269341 0.000667339646
v -0.000861845638 -0.0107086678 0.000805850868
f 1282 1284 1283
v -0.00105735126 -0.00821964568 0.00120474224
v -0.00109101175 -0.00835942628 0.00135061146
v -0.00110035289 -0.00819377092 0.00136341732
f 1285 1287 1286
v -0.00105735126 -0.00821964568 0.00120474224
v -0.00110035289 -0.00819377092 0.00136341732
v -0.00108653094 -0.00789536571 0.00116510309
f 1288 1290 1289
v -0.000943386294 -0.00819753259 0.000903963246
v -0.00109101175 -0.00835942628 0.00135061146
v -0.00105735126 -0.00821964568 0.00120474224
f 1291 1293 1292
v -0.000907067715 -0.00870788062 0.000856522183
v -0.000847472893 -0.00893973192 0.000789180922
v -0.00091288648 -0.00900832601 0.000934519358
f 1294 1296 1295
v -0.000847472893 -0.00893973192 0.000789180922
v -0.000735433377 -0.00929045709 0.000710085624
v -0.00091288648 -0.00900832601 0.000934519358
f 1297 1299 1298
v -0.000559156479 -0.00795396263 0.000251069855
v -0.000669396286 -0.00834198581 0.000452103177
v -0.000755139581 -0.00811818973 0.000551919129
f 1300 1302 1301
v -0.000559156479 -0.00795396263 0.000251069855
v -0.000484960992 -0.00836559338 0.000269658653
v -0.000669396286 -0.00834198581 0.000452103177
f 1303 1305 1304
v -0.000484960992 -0.00836559338 0.000269658653
v -0.000462530079 -0.00878364517 0.0003373347
v -0.000847472893 -0.00893973192 0.000789180922
f 1306 1308 1307
v -0.000267587347 -0.00884018373 0.000205988385
v -0.000462530079 -0.00878364517 0.0003373347
v -0.000484960992 -0.00836559338 0.000269658653
f 1309 1311 1310
v -0.000462530079 -0.00878364517 0.0003373347
v -0.000462488515 -0.00926838547 0.000410689063
v -0.000847472893 -0.00893973192 0.000789180922
f 1312 1314 1313
v -0.000669396286 -0.00834198581 0.000452103177
v -0.000783425276 -0.00849991193 0.000628490761
v -0.000755139581 -0.00811818973 0.000551919129
f 1315 1317 1316
v -0.000755139581 -0.00811818973 0.000551919129
v -0.000783425276 -0.00849991193 0.000628490761
v -0.000907067715 -0.00870788062 0.000856522183
f 1318 1320 1319
v -0.000735433377 -0.00929045709 0.000710085624
v -0.000448294895 -0.00954490824 0.000412286863
v -0.000574475416 -0.00957462253 0.000531966907
f 1321 1323 1322
v -0.000735433377 -0.00929045709 0.000710085624
v -0.000574475416 -0.00957462253 0.000531966907
v -0.000672534998 -0.00963631683 0.00066207167
f 1324 1326 1325
v -0.000462488515 -0.00926838547 0.000410689063
v -0.000735433377 -0.00929045709 0.000710085624
v -0.000847472893 -0.00893973192 0.000789180922
f 1327 1329 1328
v -0.000462488515 -0.00926838547 0.000410689063
v -0.000285830743 -0.00953804993 0.000292704158
v -0.000448294895 -0.00954490824 0.000412286863
f 1330 1332 1331
v -0.000183502311 -0.00903531691 0.000200612908
v -0.000174959393 -0.00931054747 0.000242171905
v -0.00041403373 -0.00925750792 0.000364528591
f 1333 1335 1334
v -0.000100471379 -0.00943945124 0.000219527124
v -0.000285830743 -0.00953804993 0.000292704158
v -0.000174959393 -0.00931054747 0.000242171905
f 1336 1338 1337
v -0.000124142048 -0.00976022129 0.000197923532
v -0.000285830743 -0.00953804993 0.000292704158
v -0.000100471379 -0.00943945124 0.000219527124
f 1339 1341 1340
v 0.000434774438 -0.00972152484 0.000108438337
v -9.89271484e-05 -0.00996609742 0.000179293977
v 0.000228154317 -0.00956551667 0.000169430689
f 1342 1344 1343
v 0.000228154317 -0.00956551667 0.000169430689
v 7.53045185e-05 -0.00941511753 0.000193068104
v 0.00046522814 -0.00929712769 0.000140036366
f 1345 1347 1346
v -0.000672534998 -0.00963631683 0.00066207167
v -0.000574475416 -0.00957462253 0.000531966907
v -0.000617569867 -0.00980116165 0.000504421587
f 1348 1350 1349
v -9.89271484e-05 -0.00996609742 0.000179293977
v -0.000573407169 -0.0103239297 0.000290262892
v -0.000287248963 -0.00995637092 0.000238584857
f 1351 1353 1352
v -0.000744611907 -0.00967929227 0.000790902777
v -0.000672534998 -0.00963631683 0.00066207167
v -0.000736588072 -0.00983925129 0.000678841297
f 1354 1356 1355
v -0.000448294895 -0.00954490824 0.000412286863
v -0.000285830743 -0.00953804993 0.000292704158
v -0.000427930263 -0.00985464139 0.000331556134
f 1357 1359 1358
v 0.00153749697 -0.00987527819 0.00311771109
v 0.00161187254 -0.00975033181 0.00309314382
v 0.00140501616 -0.00946813088 0.00323892309
f 1360 1362 1361
v 0.00153059154 -0.0100209661 0.00289997079
v 0.00153749697 -0.00987527819 0.00311771109
v 0.00151667145 -0.00993188078 0.00307701557
f 1363 1365 1364
v 0.00165168367 -0.00977483433 0.00299518324
v 0.00153749697 -0.00987527819 0.00311771109
v 0.00165899673 -0.00989711698 0.00284297421
f 1366 1368 1367
v 0.00165899673 -0.00989711698 0.00284297421
v 0.00153749697 -0.00987527819 0.00311771109
v 0.00153059154 -0.0100209661 0.00289997079
f 1369 1371 1370
v 0.00168568458 -0.00965203872 0.00305331705
v 0.00153670353 -0.00936578363 0.00317705089
v 0.00161187254 -0.00975033181 0.00309314382
f 1372 1374 1373
v 0.00165899673 -0.00989711698 0.00284297421
v 0.00176246413 -0.00968806562 0.00298953855
v 0.00165168367 -0.00977483433 0.00299518324
f 1375 1377 1376
v 0.00149080151 -0.0103254897 0.00249410059
v 0.00177865404 -0.0100013443 0.00238007269
v 0.00141634337 -0.0103289218 0.00269192169
f 1378 1380 1379
v 0.00133312033 -0.0105155239 0.00239734363
v 0.00149080151 -0.0103254897 0.00249410059
v 0.00141634337 -0.0103289218 0.00269192169
f 1381 1383 1382
v 0.00133312033 -0.0105155239 0.00239734363
v 0.00146802049 -0.0104756276 0.0021950078
v 0.00149080151 -0.0103254897 0.00249410059
f 1384 1386 1385
v 0.00191438485 -0.00982158454 0.00228535755
v 0.00215996843 -0.00959666359 0.00234952186
v 0.00218411333 -0.00951689799 0.00245474985
f 1387 1389 1388
v 0.00177865404 -0.0100013443 0.00238007269
v 0.00191438485 -0.00982158454 0.00228535755
v 0.00175935256 -0.00989105392 0.00264270602
f 1390 1392 1391
v 0.00166923764 -0.0102286722 0.0022463084
v 0.00177865404 -0.0100013443 0.00238007269
v 0.00149080151 -0.0103254897 0.00249410059
f 1393 1395 1394
v 0.00181914438 -0.0101315214 0.00195673238
v 0.00191438485 -0.00982158454 0.00228535755
v 0.00177865404 -0.0100013443 0.00238007269
f 1396 1398 1397
v 0.00164371613 -0.0102957383 0.00200673203
v 0.00181914438 -0.0101315214 0.00195673238
v 0.00166923764 -0.0102286722 0.0022463084
f 1399 1401 1400
v 0.00166923764 -0.0102286722 0.0022463084
v 0.00181914438 -0.0101315214 0.00195673238
v 0.00177865404 -0.0100013443 0.00238007269
f 1402 1404 1403
v 0.00195510602 -0.00957509546 0.00278966254
v 0.00184132041 -0.00937925142 0.00292307832
v 0.00174280067 -0.0093881521 0.00302760436
f 1405 1407 1406
v 0.00146802049 -0.0104756276 0.0021950078
v 0.00166923764 -0.0102286722 0.0022463084
v 0.00149080151 -0.0103254897 0.00249410059
f 1408 1410 1409
v 0.00131364486 -0.0107314911 0.0018367331
v 0.00136362969 -0.0106606465 0.00202416431
v 0.00109668608 -0.0108573229 0.00211144306
f 1411 1413 1412
v 0.00113743818 -0.0108343789 0.00181934738
v 0.00131364486 -0.0107314911 0.0018367331
v 0.00109668608 -0.0108573229 0.00211144306
f 1414 1416 1415
v 0.00114735549 -0.0107807966 0.00229399848
v 0.00146802049 -0.0104756276 0.0021950078
v 0.00133312033 -0.0105155239 0.00239734363
f 1417 1419 1418
v 0.000646677427 -0.0109932269 0.00179095005
v 0.000758276383 -0.0109416207 0.00199769274
v 0.000741014946 -0.0109597233 0.00219697467
f 1420 1422 1421
v 0.000685854866 -0.010712292 0.00116296833
v 0.000959757381 -0.0108039123 0.00141754099
v 0.000823019036 -0.0108503431 0.00141596011
f 1423 1425 1424
v 0.000959757381 -0.0108039123 0.00141754099
v 0.00113007009 -0.010679369 0.00140546417
v 0.00127582589 -0.0107379521 0.00170533203
f 1426 1428 1427
v 0.000898915459 -0.0108693894 0.00150425403
v 0.000959757381 -0.0108039123 0.00141754099
v 0.00127582589 -0.0107379521 0.00170533203
f 1429 1431 1430
v 0.000879849995 -0.0105121304 0.000982818347
v 0.00113007009 -0.010679369 0.00140546417
v 0.000959757381 -0.0108039123 0.00141754099
f 1432 1434 1433
v 0.0010423968 -0.0108730739 0.00175028545
v 0.00109668608 -0.0108573229 0.00211144306
v 0.000741014946 -0.0109597233 0.00219697467
f 1435 1437 1436
v 0.00236533269 -0.00933727497 0.0022398679
v 0.00222107283 -0.00917816287 0.00245111169
v 0.00227837154 -0.00943647829 0.00234772815
f 1438 1440 1439
v 0.00221765022 -0.00969200482 0.00212656923
v 0.00227128348 -0.0096344098 0.002132187
v 0.00215996843 -0.00959666359 0.00234952186
f 1441 1443 1442
v 0.00239965466 -0.00935567223 0.002121324
v 0.00236533269 -0.00933727497 0.0022398679
v 0.00234867202 -0.00955883297 0.0020556181
f 1444 1446 1445
v 0.0022684595 -0.00968649401 0.00196655983
v 0.00227128348 -0.0096344098 0.002132187
v 0.00221765022 -0.00969200482 0.00212656923
f 1447 1449 1448
v 0.00197096524 -0.00994071306 0.00151118384
v 0.00206051063 -0.00982945639 0.00192092702
v 0.00181914438 -0.0101315214 0.00195673238
f 1450 1452 1451
v 0.00183376596 -0.0100313373 0.00138456562
v 0.00197096524 -0.00994071306 0.00151118384
v 0.0017228278 -0.010201618 0.00153345936
f 1453 1455 1454
v 0.00209517002 -0.00978891403 0.00170018302
v 0.00218400146 -0.00968674285 0.00166150639
v 0.0022684595 -0.00968649401 0.00196655983
f 1456 1458 1457
v 0.00197067802 -0.00983576319 0.00214324682
v 0.00181914438 -0.0101315214 0.00195673238
v 0.00206051063 -0.00982945639 0.00192092702
f 1459 1461 1460
v 0.00246090585 -0.0091706941 0.00178043138
v 0.00251259517 -0.00907422291 0.00184999262
v 0.0025122863 -0.00908987204 0.00190560095
f 1462 1464 1463
v 0.00246090585 -0.0091706941 0.00178043138
v 0.0025122863 -0.00908987204 0.00190560095
v 0.00244755101 -0.00926001157 0.00207727589
f 1465 1467 1466
v 0.00252384652 -0.00905723864 0.001827696
v 0.0025244668 -0.00913256154 0.00175271307
v 0.00252480277 -0.00894494733 0.00166202062
f 1468 1470 1469
v 0.00236750111 -0.00944897693 0.00170063377
v 0.0023874798 -0.00938915109 0.00154189984
v 0.00246090585 -0.0091706941 0.00178043138
f 1471 1473 1472
v 0.00213155781 -0.00967979722 0.00130072385
v 0.00224314299 -0.00959634781 0.00147718083
v 0.00218400146 -0.00968674285 0.00166150639
f 1474 1476 1475
v 0.00224314299 -0.00959634781 0.00147718083
v 0.00244222247 -0.00931043178 0.00144915166
v 0.0023874798 -0.00938915109 0.00154189984
f 1477 1479 1478
v 0.00242932219 -0.00935565695 0.00136270673
v 0.00244222247 -0.00931043178 0.00144915166
v 0.00224314299 -0.00959634781 0.00147718083
f 1480 1482 1481
v 0.00205983051 -0.00964463034 0.000921511855
v 0.00227734981 -0.00944885542 0.00088828765
v 0.00213155781 -0.00967979722 0.00130072385
f 1483 1485 1484
v 0.00213155781 -0.00967979722 0.00130072385
v 0.00239145938 -0.0094338131 0.00116720685
v 0.00224314299 -0.00959634781 0.00147718083
f 1486 1488 1487
v 0.00230822607 -0.0096328753 0.00190880419
v 0.0022684595 -0.00968649401 0.00196655983
v 0.00218400146 -0.00968674285 0.00166150639
f 1489 1491 1490
v 0.00144582582 -0.0104297324 0.00117176987
v 0.00152831726 -0.0104145744 0.00130280632
v 0.00140851189 -0.0105287982 0.00141986657
f 1492 1494 1493
v 0.00144582582 -0.0104297324 0.00117176987
v 0.00152955054 -0.0103067672 0.000991125216
v 0.00152831726 -0.0104145744 0.00130280632
f 1495 1497 1496
v 0.00152955054 -0.0103067672 0.000991125216
v 0.00166042628 -0.0102113489 0.00103462362
v 0.00152831726 -0.0104145744 0.00130280632
f 1498 1500 1499
v 0.00144582582 -0.0104297324 0.00117176987
v 0.00119339275 -0.0105744868 0.00129941564
v 0.00140319717 -0.0103399259 0.000959778845
f 1501 1503 1502
v 0.00140319717 -0.0103399259 0.000959778845
v 0.00152955054 -0.0103067672 0.000991125216
v 0.00144582582 -0.0104297324 0.00117176987
f 1504 1506 1505
v 0.000999503391 -0.0103283775 0.000755162819
v 0.00127754392 -0.0102070982 0.000732575245
v 0.00117505824 -0.0103500199 0.000878249284
f 1507 1509 1508
v 0.00170711646 -0.0101935068 0.00117693462
v 0.0017228278 -0.010201618 0.00153345936
v 0.00164017347 -0.0102849088 0.00178017181
f 1510 1512 1511
v 0.00152831726 -0.0104145744 0.00130280632
v 0.00170711646 -0.0101935068 0.00117693462
v 0.00164017347 -0.0102849088 0.00178017181
f 1513 1515 1514
v 0.00170711646 -0.0101935068 0.00117693462
v 0.00183376596 -0.0100313373 0.00138456562
v 0.0017228278 -0.010201618 0.00153345936
f 1516 1518 1517
v 0.00149432144 -0.0101415637 0.000726120379
v 0.00162227116 -0.0101091682 0.000777750665
v 0.00152955054 -0.0103067672 0.000991125216
f 1519 1521 1520
v 0.00123443879 -0.0100422876 0.000438892766
v 0.00105692961 -0.0101869817 0.000525885662
v 0.00118753915 -0.00990876142 0.000287098214
f 1522 1524 1523
v 0.00118753915 -0.00990876142 0.000287098214
v 0.0012669987 -0.00972338312 0.000221036339
v 0.00155932339 -0.00981808771 0.000312721045
f 1525 1527 1526
v 0.00146586008 -0.00992457135 0.000357271915
v 0.00123443879 -0.0100422876 0.000438892766
v 0.00118753915 -0.00990876142 0.000287098214
f 1528 1530 1529
v 0.00118753915 -0.00990876142 0.000287098214
v 0.00155932339 -0.00981808771 0.000312721045
v 0.00146586008 -0.00992457135 0.000357271915
f 1531 1533 1532
v 0.00174332417 -0.0100393117 0.000864048525
v 0.00180420702 -0.00995937735 0.000808919776
v 0.00189260154 -0.00980793775 0.00103136026
f 1534 1536 1535
v 0.00127754392 -0.0102070982 0.000732575245
v 0.00149432144 -0.0101415637 0.000726120379
v 0.00140319717 -0.0103399259 0.000959778845
f 1537 1539 1538
v 0.00170711646 -0.0101935068 0.00117693462
v 0.00185484059 -0.00996741073 0.00127137009
v 0.00183376596 -0.0100313373 0.00138456562
f 1540 1542 1541
v 0.00170711646 -0.0101935068 0.00117693462
v 0.00152831726 -0.0104145744 0.00130280632
v 0.00166042628 -0.0102113489 0.00103462362
f 1543 1545 1544
v 0.0016676393 -0.0100141282 0.000548815206
v 0.00179744256 -0.00995430091 0.000603430817
v 0.00162227116 -0.0101091682 0.000777750665
f 1546 1548 1547
v 0.00251263409 -0.0092799688 0.00155170528
v 0.00249899258 -0.00932858529 0.00137046145
v 0.00247379648 -0.00909707596 0.00134383909
f 1549 1551 1550
v 0.00248280739 -0.0092133203 0.00163174973
v 0.00248874221 -0.0092561153 0.00158747771
v 0.00251407182 -0.00920370076 0.00161260614
f 1552 1554 1553
v 0.00154100326 -0.0104524901 0.00194970562
v 0.00164371613 -0.0102957383 0.00200673203
v 0.00166923764 -0.0102286722 0.0022463084
f 1555 1557 1556
v 0.00185484059 -0.00996741073 0.00127137009
v 0.00204952867 -0.00976181254 0.0013172431
v 0.00197096524 -0.00994071306 0.00151118384
f 1558 1560 1559
v 0.000126236205 -0.0110899724 0.001715703
v 0.000443054478 -0.0111050467 0.00181391861
v 0.000308373842 -0.011175598 0.00196273431
f 1561 1563 1562
v 0.000188150568 -0.0110094697 0.00154218815
v 0.000567052393 -0.010965018 0.00161141288
v 0.000443054478 -0.0111050467 0.00181391861
f 1564 1566 1565
v -0.000100399461 -0.0108922352 0.00119912711
v 0.000188150568 -0.0110094697 0.00154218815
v -0.000223216466 -0.0110838286 0.00144878886
f 1567 1569 1568
v 0.000120796687 -0.0106836487 0.000935187018
v 0.000330146167 -0.0108243388 0.0012922239
v -0.000100399461 -0.0108922352 0.00119912711
f 1570 1572 1571
v 0.000484171278 -0.0105837986 0.000948133766
v 0.000681277015 -0.0104063518 0.000799283134
v 0.000685854866 -0.010712292 0.00116296833
f 1573 1575 1574
v 0.000375570812 -0.0104844454 0.000754886514
v 0.000681277015 -0.0104063518 0.000799283134
v 0.000484171278 -0.0105837986 0.000948133766
f 1576 1578 1577
v 0.000290706384 -0.0104137696 0.000629782426
v 0.000375570812 -0.0104844454 0.000754886514
v 0.000120796687 -0.0106836487 0.000935187018
f 1579 1581 1580
v 0.000120796687 -0.0106836487 0.000935187018
v 0.000375570812 -0.0104844454 0.000754886514
v 0.000484171278 -0.0105837986 0.000948133766
f 1582 1584 1583
v -0.000253416238 -0.0107494401 0.000749925766
v -0.000180293819 -0.0108181979 0.000930195711
v -0.000409490031 -0.0107306245 0.000595535766
f 1585 1587 1586
v -0.000289709419 -0.0106396903 0.000494312917
v -9.46450712e-05 -0.0104977575 0.000445725436
v -0.000253416238 -0.0107494401 0.000749925766
f 1588 1590 1589
v 0.000681277015 -0.0104063518 0.000799283134
v 0.000999503391 -0.0103283775 0.000755162819
v 0.000879849995 -0.0105121304 0.000982818347
f 1591 1593 1592
v 0.000375570812 -0.0104844454 0.000754886514
v 0.000600156773 -0.0102759892 0.000588413968
v 0.000681277015 -0.0104063518 0.000799283134
f 1594 1596 1595
v 0.000600156773 -0.0102759892 0.000588413968
v 0.000911600455 -0.0101904145 0.000487571015
v 0.000999503391 -0.0103283775 0.000755162819
f 1597 1599 1598
v 1.48865524e-05 -0.0104537481 0.000491571245
v 0.000258959835 -0.0102936021 0.00045677325
v 0.000290706384 -0.0104137696 0.000629782426
f 1600 1602 1601
v 0.00014276028 -0.0100342048 0.000151039069
v 0.000258959835 -0.0102936021 0.00045677325
v 1.48865524e-05 -0.0104537481 0.000491571245
f 1603 1605 1604
v 0.000281126927 -0.0100102865 0.000215045497
v 0.00055522969 -0.00987146341 0.000218766058
v 0.000583162682 -0.0100131387 0.000312651196
f 1606 1608 1607
v 0.00055522969 -0.00987146341 0.000218766058
v 0.000815845669 -0.00975861403 0.000166370785
v 0.000704787954 -0.010030908 0.000344959176
f 1609 1611 1610
v 0.000499121097 -0.009743603 0.000148957963
v 0.000558122383 -0.00965849613 0.000116061722
v 0.000815845669 -0.00975861403 0.000166370785
f 1612 1614 1613
v -0.000184181772 -0.0103790844 0.000205740821
v -6.76192997e-05 -0.0102471415 0.00017915155
v -0.000314521549 -0.0105271625 0.000242343435
f 1615 1617 1616
v 0.00014276028 -0.0100342048 0.000151039069
v -6.76192997e-05 -0.0102471415 0.00017915155
v -9.89271484e-05 -0.00996609742 0.000179293977
f 1618 1620 1619
v -6.76192997e-05 -0.0102471415 0.00017915155
v 0.00014276028 -0.0100342048 0.000151039069
v -9.46450712e-05 -0.0104977575 0.000445725436
f 1621 1623 1622
v 0.000255357759 -0.0099115161 0.00013354221
v -9.89271484e-05 -0.00996609742 0.000179293977
v 0.000365464234 -0.00982499405 0.000120154994
f 1624 1626 1625
v -6.76192997e-05 -0.0102471415 0.00017915155
v -0.000434315416 -0.0104591745 0.000246893092
v -9.89271484e-05 -0.00996609742 0.000179293977
f 1627 1629 1628
v -0.00110202 -0.0102117228 0.00306462389
v -0.00103327084 -0.0103594663 0.00315344769
v -0.00101077294 -0.0102608996 0.00319798128
f 1630 1632 1631
v -0.000771863961 -0.0110350353 0.0033384953
v -0.000705438379 -0.0111109512 0.00334259203
v -0.000642930172 -0.0111029192 0.00338246791
f 1633 1635 1634
v -5.82536813e-05 -0.0112132024 0.00227478522
v -0.000117844843 -0.0112475384 0.00264986957
v -0.000355846896 -0.0112168847 0.00256216154
f 1636 1638 1637
v -0.000976084084 -0.00947056906 0.00141664586
v -0.00114517188 -0.00902136817 0.00239206092
v -0.00124357521 -0.00825738243 0.00247970402
f 1639 1641 1640
v -0.00116874699 -0.00822975635 0.00178969131
v -0.000976084084 -0.00947056906 0.00141664586
v -0.00122742404 -0.00807118049 0.00213791827
f 1642 1644 1643
v 0.000934028594 -0.00999160984 0.000311356257
v 0.00090788335 -0.00967862798 0.00013731825
v 0.00118753915 -0.00990876142 0.000287098214
f 1645 1647 1646
v 0.000153814779 -0.0032224958 0.00357110912
v -0.00031939046 -0.00291301567 0.00349665752
v -0.000348018716 -0.0034340861 0.0035660345
f 1648 1650 1649
v -0.000348018716 -0.0034340861 0.0035660345
v -7.74149214e-05 -0.00357628523 0.00363465879
v 0.000153814779 -0.0032224958 0.00357110912
f 1651 1653 1652
v -9.76413958e-05 -0.00269430384 0.00346509842
v 0.000213368071 -0.00276559822 0.00348757385
v -1.09672243e-05 -0.00260547058 0.00345205917
f 1654 1656 1655
v 0.000153814779 -0.0032224958 0.00357110912
v -9.76413958e-05 -0.00269430384 0.00346509842
v -0.00031939046 -0.00291301567 0.00349665752
f 1657 1659 1658
v 0.000353279165 -0.00325559813 0.00357662466
v 0.000601277134 -0.00300634129 0.00348579197
v 0.000213368071 -0.00276559822 0.00348757385
f 1660 1662 1661
v 0.000353279165 -0.00325559813 0.00357662466
v 0.000213368071 -0.00276559822 0.00348757385
v 0.000153814779 -0.0032224958 0.00357110912
f 1663 1665 1664
v 0.000353279165 -0.00325559813 0.00357662466
v 0.000771976283 -0.00339557118 0.00357857934
v 0.000601277134 -0.00300634129 0.00348579197
f 1666 1668 1667
v 0.000229323496 -0.00352635434 0.00365913729
v 0.000353279165 -0.00325559813 0.00357662466
v 0.000153814779 -0.0032224958 0.00357110912
f 1669 1671 1670
v 0.000216994454 -0.002447724 0.0034433062
v 0.000149206244 -0.00250859339 0.00344542568
v 0.000333238017 -0.00257932716 0.00346208908
f 1672 1674 1673
v 0.000216994454 -0.002447724 0.0034433062
v 0.000333238017 -0.00257932716 0.00346208908
v 0.000383544148 -0.00236340948 0.0034235487
f 1675 1677 1676
v 0.000601277134 -0.00300634129 0.00348579197
v 0.000772146177 -0.00300680767 0.00344793734
v 0.000333238017 -0.00257932716 0.00346208908
f 1678 1680 1679
v 0.000601277134 -0.00300634129 0.00348579197
v 0.000333238017 -0.00257932716 0.00346208908
v 0.000213368071 -0.00276559822 0.00348757385
f 1681 1683 1682
v 0.000444914031 -0.00229310808 0.00339791331
v 0.000383544148 -0.00236340948 0.0034235487
v 0.000751087327 -0.00229369944 0.00331375559
f 1684 1686 1685
v 0.00014305781 -0.00217876732 0.00286601025
v -0.000295039786 -0.00246951076 0.00276714272
v -0.000192154289 -0.00268808744 0.00336307166
f 1687 1689 1688
v -1.09672243e-05 -0.00260547058 0.00345205917
v -0.000192154289 -0.00268808744 0.00336307166
v -9.76413958e-05 -0.00269430384 0.00346509842
f 1690 1692 1691
v 0.000601277134 -0.00300634129 0.00348579197
v 0.000771976283 -0.00339557118 0.00357857934
v 0.00082669394 -0.00309295538 0.00345003755
f 1693 1695 1694
v 0.000916051613 -0.0024936553 0.00329567774
v 0.000772146177 -0.00300680767 0.00344793734
v 0.00165300517 -0.00342914464 0.00323552777
f 1696 1698 1697
v 0.0012933875 -0.00214192805 0.00304967398
v 0.00113364504 -0.00189430884 0.00312441662
v 0.000899582574 -0.00204300686 0.00324413559
f 1699 1701 1700
v 0.00113364504 -0.00189430884 0.00312441662
v 0.00106552543 -0.00188632639 0.00315541984
v 0.000994459151 -0.00190779301 0.00318388411
f 1702 1704 1703
v 0.00094807765 -0.0022453909 0.00323660061
v 0.0013836433 -0.00257757783 0.00305670073
v 0.0012933875 -0.00214192805 0.00304967398
f 1705 1707 1706
v 0.0013836433 -0.00257757783 0.00305670073
v 0.00166225636 -0.00199190999 0.00284702073
v 0.0012933875 -0.00214192805 0.00304967398
f 1708 1710 1709
v 0.000899582574 -0.00204300686 0.00324413559
v 0.000863543391 -0.00201590046 0.00325990477
v 0.000799175814 -0.00204904536 0.00329466384
f 1711 1713 1712
v 0.00113364504 -0.00189430884 0.00312441662
v 0.00124378012 -0.00180939242 0.00307784758
v 0.0011497933 -0.0018527111 0.00311237745
f 1714 1716 1715
v 0.00134557267 -0.00177856491 0.00304273799
v 0.000969805023 -0.00180316474 0.00281319699
v 0.000970722886 -0.0018602308 0.003031694
f 1717 1719 1718
v 0.0010506863 -0.001861077 0.00311014446
v 0.00106254129 -0.00186148118 0.00315562647
v 0.00107740061 -0.00187065616 0.00313300952
f 1720 1722 1721
v 0.0012933875 -0.00214192805 0.00304967398
v 0.00129140708 -0.00183963202 0.00305631365
v 0.00113364504 -0.00189430884 0.00312441662
f 1723 1725 1724
v 0.00138338728 -0.00181080104 0.00301573054
v 0.00141165174 -0.00175893692 0.00290063326
v 0.00134557267 -0.00177856491 0.00304273799
f 1726 1728 1727
v 0.00164336398 -0.00180600018 0.00283861864
v 0.00159606516 -0.00173073404 0.00285779206
v 0.00154829213 -0.00176815411 0.00290618045
f 1729 1731 1730
v 0.000916051613 -0.0024936553 0.00329567774
v 0.00116086348 -0.00256920375 0.00319700703
v 0.00094807765 -0.0022453909 0.00323660061
f 1732 1734 1733
v 0.000791793991 -0.00185393837 0.00292226941
v 0.000536224343 -0.00198903108 0.00303927918
v 0.000970722886 -0.0018602308 0.003031694
f 1735 1737 1736
v 0.00014305781 -0.00217876732 0.00286601025
v -9.75871444e-05 -0.00226783632 0.00251682359
v -0.000281178586 -0.00241221514 0.00261003333
f 1738 1740 1739
v 0.000332106015 -0.00203080617 0.00278036387
v 0.000424573045 -0.00197393038 0.00266260977
v -9.75871444e-05 -0.00226783632 0.00251682359
f 1741 1743 1742
v 0.000916051613 -0.0024936553 0.00329567774
v 0.00133982348 -0.00277144172 0.00315743309
v 0.00116086348 -0.00256920375 0.00319700703
f 1744 1746 1745
v 0.000970722886 -0.0018602308 0.003031694
v 0.000969805023 -0.00180316474 0.00281319699
v 0.000791793991 -0.00185393837 0.00292226941
f 1747 1749 1748
v 0.000788948 -0.00183398333 0.00279410069
v 0.000591361595 -0.00192025036 0.00231953418
v 0.000424573045 -0.00197393038 0.00266260977
f 1750 1752 1751
v 0.000788948 -0.00183398333 0.00279410069
v 0.000941865801 -0.00180396582 0.0024893825
v 0.000591361595 -0.00192025036 0.00231953418
f 1753 1755 1754
v 0.000620727133 -0.00191358849 0.00292554541
v 0.000788948 -0.00183398333 0.00279410069
v 0.000424573045 -0.00197393038 0.00266260977
f 1756 1758 1757
v 0.000808775076 -0.00198995949 0.00319827086
v 0.000867623658 -0.00200144605 0.00325070796
v 0.000865413676 -0.00200552786 0.00323828572
f 1759 1761 1760
v 0.000931164959 -0.00196099227 0.00321791485
v 0.000808775076 -0.00198995949 0.00319827086
v 0.000865413676 -0.00200552786 0.00323828572
f 1762 1764 1763
v -0.00031939046 -0.00291301567 0.00349665752
v -0.000192154289 -0.00268808744 0.00336307166
v -0.000535740674 -0.00305011745 0.00338408026
f 1765 1767 1766
v -0.000192154289 -0.00268808744 0.00336307166
v -0.000380828533 -0.00268633066 0.0030697669
v -0.000535740674 -0.00305011745 0.00338408026
f 1768 1770 1769
v -0.000535740674 -0.00305011745 0.00338408026
v -0.000581197719 -0.00287281291 0.00301443397
v -0.000717640933 -0.00320930048 0.00329245959
f 1771 1773 1772
v -0.000394659128 -0.00302117351 0.00350757327
v -0.00031939046 -0.00291301567 0.00349665752
v -0.000535740674 -0.00305011745 0.00338408026
f 1774 1776 1775
v -0.000380828533 -0.00268633066 0.0030697669
v -0.000653727193 -0.00286693175 0.00281572757
v -0.000581197719 -0.00287281291 0.00301443397
f 1777 1779 1778
v -0.000518078741 -0.00265454655 0.00260210691
v -0.000445010801 -0.00257303709 0.00235850603
v -0.000832989735 -0.00306968614 0.00250688609
f 1780 1782 1781
v -0.00102880358 -0.00341856648 0.00297962215
v -0.0011514896 -0.00355084449 0.00278461612
v -0.00114757686 -0.00364194384 0.00303813467
f 1783 1785 1784
v -0.00127797612 -0.00381073623 0.00268636777
v -0.00130038716 -0.00387515538 0.00277549625
v -0.00114757686 -0.00364194384 0.00303813467
f 1786 1788 1787
v -0.0011514896 -0.00355084449 0.00278461612
v -0.00127797612 -0.00381073623 0.00268636777
v -0.00114757686 -0.00364194384 0.00303813467
f 1789 1791 1790
v -0.00110817064 -0.00346865818 0.00214255178
v -0.00121552503 -0.00362639003 0.00228161243
v -0.0011514896 -0.00355084449 0.00278461612
f 1792 1794 1793
v -0.00121661888 -0.00415178038 0.00267660762
v -0.00131439738 -0.00386478678 0.00255082232
v -0.00131368888 -0.00388115222 0.00247111147
f 1795 1797 1796
v -0.00116445508 -0.00441185184 0.00238255743
v -0.00116028377 -0.00440754811 0.00269008269
v -0.00121661888 -0.00415178038 0.00267660762
f 1798 1800 1799
v -0.00131301495 -0.00382744183 0.00220297843
v -0.0013002058 -0.00383185725 0.00209722239
v -0.00131636407 -0.00387084983 0.00233500614
f 1801 1803 1802
v -0.00112412972 -0.00478131769 0.00229351135
v -0.00116445508 -0.00441185184 0.00238255743
v -0.00114737686 -0.0041624764 0.00180988736
f 1804 1806 1805
v -0.000832989735 -0.00306968614 0.00250688609
v -0.00110817064 -0.00346865818 0.00214255178
v -0.000952159462 -0.00329108807 0.00273910118
f 1807 1809 1808
v -0.000832989735 -0.00306968614 0.00250688609
v -0.000592920469 -0.00283232948 0.00202587034
v -0.000965510299 -0.00326293411 0.00225315998
f 1810 1812 1811
v -0.00121552503 -0.00362639003 0.00228161243
v -0.0013002058 -0.00383185725 0.00209722239
v -0.00131301495 -0.00382744183 0.00220297843
f 1813 1815 1814
v -0.00114737686 -0.0041624764 0.00180988736
v -0.0013002058 -0.00383185725 0.00209722239
v -0.00128052834 -0.00380676502 0.00193986434
f 1816 1818 1817
v -0.00114737686 -0.0041624764 0.00180988736
v -0.00128052834 -0.00380676502 0.00193986434
v -0.00126929608 -0.00378943951 0.00185167828
f 1819 1821 1820
v -0.00124513335 -0.00378603327 0.00171148149
v -0.00126929608 -0.00378943951 0.00185167828
v -0.00110817064 -0.00346865818 0.00214255178
f 1822 1824 1823
v -0.00112419557 -0.0035604633 0.00155715406
v -0.0012370303 -0.00374499723 0.00159679494
v -0.00124513335 -0.00378603327 0.00171148149
f 1825 1827 1826
v -0.000240675399 -0.00237943987 0.00207583216
v -9.75871444e-05 -0.00226783632 0.00251682359
v 2.48832748e-05 -0.00218726054 0.00241001144
f 1828 1830 1829
v 2.48832748e-05 -0.00218726054 0.00241001144
v -5.60697572e-05 -0.00225948424 0.00204542957
v -0.000240675399 -0.00237943987 0.00207583216
f 1831 1833 1832
v -0.000281178586 -0.00241221514 0.00261003333
v -0.000240675399 -0.00237943987 0.00207583216
v -0.000445010801 -0.00257303709 0.00235850603
f 1834 1836 1835
v -0.000445010801 -0.00257303709 0.00235850603
v -0.000324690586 -0.0024761468 0.00198023081
v -0.000592920469 -0.00283232948 0.00202587034
f 1837 1839 1838
v -0.000324690586 -0.0024761468 0.00198023081
v -0.000633886157 -0.00298971754 0.00152615521
v -0.000592920469 -0.00283232948 0.00202587034
f 1840 1842 1841
v 0.000306338075 -0.00209250629 0.00187128462
v 6.93373636e-05 -0.00221339214 0.00172689215
v -5.60697572e-05 -0.00225948424 0.00204542957
f 1843 1845 1844
v -0.000319640867 -0.00262543417 0.00142722056
v -0.000633886157 -0.00298971754 0.00152615521
v -0.000324690586 -0.0024761468 0.00198023081
f 1846 1848 1847
v -0.00112419557 -0.0035604633 0.00155715406
v -0.00122741103 -0.00373036382 0.00132437817
v -0.0012370303 -0.00374499723 0.00159679494
f 1849 1851 1850
v -0.00113795377 -0.00359053047 0.00131453571
v -0.00122741103 -0.00373036382 0.00132437817
v -0.00112419557 -0.0035604633 0.00155715406
f 1852 1854 1853
v -0.000989198907 -0.00339677172 0.00146606235
v -0.00113795377 -0.00359053047 0.00131453571
v -0.00112419557 -0.0035604633 0.00155715406
f 1855 1857 1856
v -0.000633886157 -0.00298971754 0.00152615521
v -0.000764577544 -0.00317485283 0.00129363434
v -0.000989198907 -0.00339677172 0.00146606235
f 1858 1860 1859
v -0.00100838251 -0.00339165999 0.00102351096
v -0.00113795377 -0.00359053047 0.00131453571
v -0.000989198907 -0.00339677172 0.00146606235
f 1861 1863 1862
v -0.000633886157 -0.00298971754 0.00152615521
v -0.000437955032 -0.00277904383 0.00115880393
v -0.000764577544 -0.00317485283 0.00129363434
f 1864 1866 1865
v -0.00064394967 -0.00303833076 0.00102719114
v -0.00100838251 -0.00339165999 0.00102351096
v -0.000989198907 -0.00339677172 0.00146606235
f 1867 1869 1868
v -0.000503477031 -0.00295694972 0.00085009342
v -0.000861315493 -0.00327965281 0.000780381652
v -0.00064394967 -0.00303833076 0.00102719114
f 1870 1872 1871
v -0.00097983293 -0.00348261783 0.00321574698
v -0.000972016005 -0.00347692112 0.00325528454
v -0.000653975985 -0.00329508839 0.00348144749
f 1873 1875 1874
v 0.000952778919 -0.00372791728 0.00365345477
v 0.000771976283 -0.00339557118 0.00357857934
v 0.00103859102 -0.0039725277 0.0037271886
f 1876 1878 1877
v 0.000952089704 -0.00340051374 0.00350695263
v 0.000952778919 -0.00372791728 0.00365345477
v 0.00109238599 -0.00375805103 0.00359672995
f 1879 1881 1880
v 0.000157653221 -0.00371309725 0.00371783899
v 0.00103859102 -0.0039725277 0.0037271886
v 0.000771976283 -0.00339557118 0.00357857934
f 1882 1884 1883
v 0.00145481317 -0.00413839516 0.00354392432
v 0.00109238599 -0.00375805103 0.00359672995
v 0.00103859102 -0.0039725277 0.0037271886
f 1885 1887 1886
v 0.00112665548 -0.00411565561 0.00373481307
v 0.00103859102 -0.0039725277 0.0037271886
v 0.000964201172 -0.00428428903 0.00380521888
f 1888 1890 1889
v 0.000964201172 -0.00428428903 0.00380521888
v 0.00115037419 -0.00434840622 0.00375487361
v 0.00112665548 -0.00411565561 0.00373481307
f 1891 1893 1892
v 0.00178160226 -0.00418400559 0.00337283636
v 0.00082669394 -0.00309295538 0.00345003755
v 0.000952089704 -0.00340051374 0.00350695263
f 1894 1896 1895
v 0.00178160226 -0.00418400559 0.00337283636
v 0.000952089704 -0.00340051374 0.00350695263
v 0.00109238599 -0.00375805103 0.00359672995
f 1897 1899 1898
v 0.00178160226 -0.00418400559 0.00337283636
v 0.00165300517 -0.00342914464 0.00323552777
v 0.00082669394 -0.00309295538 0.00345003755
f 1900 1902 1901
v 0.00145481317 -0.00413839516 0.00354392432
v 0.00178160226 -0.00418400559 0.00337283636
v 0.00109238599 -0.00375805103 0.00359672995
f 1903 1905 1904
v 0.00119717497 -0.00465094054 0.00377931865
v 0.00165974579 -0.00436586379 0.00348272697
v 0.00115037419 -0.00434840622 0.00375487361
f 1906 1908 1907
v 0.00125054248 -0.00484110933 0.00376323078
v 0.00165974579 -0.00436586379 0.00348272697
v 0.00119717497 -0.00465094054 0.00377931865
f 1909 1911 1910
v 0.00178160226 -0.00418400559 0.00337283636
v 0.00165974579 -0.00436586379 0.00348272697
v 0.00193050601 -0.00428034655 0.00332050149
f 1912 1914 1913
v 0.00178160226 -0.00418400559 0.00337283636
v 0.00215908603 -0.00405210449 0.0031674801
v 0.00205185461 -0.00388788212 0.00318023995
f 1915 1917 1916
v 0.00215692107 -0.00446778613 0.00319030478
v 0.00225290041 -0.00411936599 0.00310393225
v 0.00193050601 -0.00428034655 0.00332050149
f 1918 1920 1919
v 0.00224076794 -0.00481751085 0.00313301607
v 0.00233122282 -0.00470203813 0.00303932611
v 0.00215692107 -0.00446778613 0.00319030478
f 1921 1923 1922
v 0.0022422093 -0.00510478094 0.00311723124
v 0.00224076794 -0.00481751085 0.00313301607
v 0.0021242422 -0.00478471447 0.00321173065
f 1924 1926 1925
v 0.00210062681 -0.00298983396 0.00271168938
v 0.00220363127 -0.00282126821 0.00260579964
v 0.00212039322 -0.00263441907 0.00264100818
f 1927 1929 1928
v 0.00210062681 -0.00298983396 0.00271168938
v 0.0023646382 -0.00316419937 0.00250365356
v 0.00220363127 -0.00282126821 0.00260579964
f 1930 1932 1931
v 0.00214052325 -0.00371980823 0.00306464353
v 0.00212389805 -0.00324367502 0.00278857024
v 0.00133982348 -0.00277144172 0.00315743309
f 1933 1935 1934
v 0.00205185461 -0.00388788212 0.00318023995
v 0.00214052325 -0.00371980823 0.00306464353
v 0.00165300517 -0.00342914464 0.00323552777
f 1936 1938 1937
v 0.00212389805 -0.00324367502 0.00278857024
v 0.00206430595 -0.00310003306 0.00276681676
v 0.00133982348 -0.00277144172 0.00315743309
f 1939 1941 1940
v 0.00206430595 -0.00310003306 0.00276681676
v 0.00210062681 -0.00298983396 0.00271168938
v 0.00171649172 -0.00282975798 0.00291231208
f 1942 1944 1943
v 0.00233693208 -0.00363728614 0.00281842695
v 0.00212389805 -0.00324367502 0.00278857024
v 0.00214052325 -0.00371980823 0.00306464353
f 1945 1947 1946
v 0.00206430595 -0.00310003306 0.00276681676
v 0.0023646382 -0.00316419937 0.00250365356
v 0.00210062681 -0.00298983396 0.00271168938
f 1948 1950 1949
v 0.00233693208 -0.00363728614 0.00281842695
v 0.00243174163 -0.00336525263 0.00252133977
v 0.00212389805 -0.00324367502 0.00278857024
f 1951 1953 1952
v 0.00245917854 -0.00353884061 0.00259261415
v 0.00243174163 -0.00336525263 0.00252133977
v 0.00233693208 -0.00363728614 0.00281842695
f 1954 1956 1955
v 0.00225290041 -0.00411936599 0.00310393225
v 0.00234656491 -0.00409385357 0.00302171065
v 0.00215908603 -0.00405210449 0.0031674801
f 1957 1959 1958
v 0.00248334945 -0.00401056895 0.00278880252
v 0.0024993511 -0.00384102095 0.00269880293
v 0.00242643782 -0.00405382925 0.00291126071
f 1960 1962 1961
v 0.00234656491 -0.00409385357 0.00302171065
v 0.00242643782 -0.00405382925 0.00291126071
v 0.00229664111 -0.00388215158 0.00302389926
f 1963 1965 1964
v 0.00227181827 -0.00451082269 0.00309921525
v 0.00235845564 -0.00441830671 0.00299673229
v 0.00215692107 -0.00446778613 0.00319030478
f 1966 1968 1967
v 0.0024209603 -0.00465128323 0.00288737319
v 0.00235845564 -0.00441830671 0.00299673229
v 0.00227181827 -0.00451082269 0.00309921525
f 1969 1971 1970
v 0.00239973579 -0.0042519725 0.00293412704
v 0.00248334945 -0.00401056895 0.00278880252
v 0.00242643782 -0.00405382925 0.00291126071
f 1972 1974 1973
v 0.00235845564 -0.00441830671 0.00299673229
v 0.00245530227 -0.00454247056 0.00277165182
v 0.00239973579 -0.0042519725 0.00293412704
f 1975 1977 1976
v 0.0024993511 -0.00384102095 0.00269880293
v 0.00245917854 -0.00353884061 0.00259261415
v 0.00233693208 -0.00363728614 0.00281842695
f 1978 1980 1979
v 0.0024993511 -0.00384102095 0.00269880293
v 0.00251987258 -0.00347422392 0.00243175327
v 0.00245917854 -0.00353884061 0.00259261415
f 1981 1983 1982
v 0.00271109056 -0.00461501331 0.00199811075
v 0.0026919859 -0.00413185953 0.00204625685
v 0.00260117868 -0.00435426336 0.00238944594
f 1984 1986 1985
v 0.00229664111 -0.00388215158 0.00302389926
v 0.0024993511 -0.00384102095 0.00269880293
v 0.00242696078 -0.00377312899 0.00279308333
f 1987 1989 1988
v 0.00234656491 -0.00409385357 0.00302171065
v 0.00239973579 -0.0042519725 0.00293412704
v 0.00242643782 -0.00405382925 0.00291126071
f 1990 1992 1991
v 0.00239617148 -0.00492393265 0.00294358342
v 0.0024209603 -0.00465128323 0.00288737319
v 0.00233122282 -0.00470203813 0.00303932611
f 1993 1995 1994
v 0.00153751535 -0.00173291737 0.00281696957
v 0.00139870681 -0.00173927547 0.00259263688
v 0.0012132241 -0.00174800025 0.00253477647
f 1996 1998 1997
v 0.00162653905 -0.00176657613 0.00268275435
v 0.00139870681 -0.00173927547 0.00259263688
v 0.00155016969 -0.00175091518 0.00275670791
f 1999 2001 2000
v 0.00162653905 -0.00176657613 0.00268275435
v 0.00162432152 -0.00167929193 0.00225386539
v 0.00139870681 -0.00173927547 0.00259263688
f 2002 2004 2003
v 0.00187781698 -0.00171169067 0.00260834586
v 0.00183265274 -0.00174202232 0.00265908566
v 0.00173681619 -0.00180825136 0.00276056526
f 2005 2007 2006
v 0.0018347253 -0.00210755989 0.00275033963
v 0.00173681619 -0.00180825136 0.00276056526
v 0.0017006716 -0.00187342866 0.00280021886
f 2008 2010 2009
v 0.00197258269 -0.00164560552 0.00238993489
v 0.00162432152 -0.00167929193 0.00225386539
v 0.00170193453 -0.00169965806 0.00243502709
f 2011 2013 2012
v 0.0019138668 -0.00168007809 0.00253033286
v 0.00197258269 -0.00164560552 0.00238993489
v 0.00170193453 -0.00169965806 0.00243502709
f 2014 2016 2015
v 0.00187781698 -0.00171169067 0.00260834586
v 0.00162653905 -0.00176657613 0.00268275435
v 0.00183265274 -0.00174202232 0.00265908566
f 2017 2019 2018
v 0.00187781698 -0.00171169067 0.00260834586
v 0.0019138668 -0.00168007809 0.00253033286
v 0.00170193453 -0.00169965806 0.00243502709
f 2020 2022 2021
v 0.00215761102 -0.00244733565 0.00257166539
v 0.00209740901 -0.00208924685 0.0024961797
v 0.0018347253 -0.00210755989 0.00275033963
f 2023 2025 2024
v 0.00209740901 -0.00208924685 0.0024961797
v 0.00215585478 -0.00202665105 0.00238583598
v 0.00187781698 -0.00171169067 0.00260834586
f 2026 2028 2027
v 0.00223968145 -0.00237802014 0.00245464071
v 0.00209740901 -0.00208924685 0.0024961797
v 0.00215761102 -0.00244733565 0.00257166539
f 2029 2031 2030
v 0.00203346317 -0.00163724435 0.00226051343
v 0.0021010299 -0.00167409016 0.00212445138
v 0.00206774748 -0.00160688578 0.00216768112
f 2032 2034 2033
v 0.00208944039 -0.001792482 0.00226515349
v 0.00203346317 -0.00163724435 0.00226051343
v 0.00201994026 -0.00162689539 0.00228987828
f 2035 2037 2036
v 0.00218581554 -0.00182930962 0.00202164956
v 0.00203346317 -0.00163724435 0.00226051343
v 0.00208944039 -0.001792482 0.00226515349
f 2038 2040 2039
v 0.00208944039 -0.001792482 0.00226515349
v 0.00228888366 -0.00210751477 0.00214195097
v 0.00218581554 -0.00182930962 0.00202164956
f 2041 2043 2042
v 0.00216537501 -0.00180966199 0.00185461395
v 0.00211449187 -0.00172871805 0.00171611991
v 0.00210113994 -0.00162401775 0.00185801509
f 2044 2046 2045
v 0.00228888366 -0.00210751477 0.00214195097
v 0.00208944039 -0.001792482 0.00226515349
v 0.00215585478 -0.00202665105 0.00238583598
f 2047 2049 2048
v 0.00215585478 -0.00202665105 0.00238583598
v 0.00208944039 -0.001792482 0.00226515349
v 0.00196585479 -0.00164085359 0.00241676789
f 2050 2052 2051
v 0.00216537501 -0.00180966199 0.00185461395
v 0.00210113994 -0.00162401775 0.00185801509
v 0.00211862789 -0.00164611156 0.00198279231
f 2053 2055 2054
v 0.0012132241 -0.00174800025 0.00253477647
v 0.000805041236 -0.00182895346 0.00205474189
v 0.000941865801 -0.00180396582 0.0024893825
f 2056 2058 2057
v 0.00135803821 -0.00171185166 0.00213796702
v 0.00167774051 -0.00162762717 0.00186529287
v 0.00142275148 -0.00169014129 0.00183341981
f 2059 2061 2060
v 0.00142275148 -0.00169014129 0.00183341981
v 0.000995604478 -0.00183105203 0.00149833031
v 0.000805041236 -0.00182895346 0.00205474189
f 2062 2064 2063
v 0.00167774051 -0.00162762717 0.00186529287
v 0.00160350646 -0.00165199035 0.00154989848
v 0.00142275148 -0.00169014129 0.00183341981
f 2065 2067 2066
v 0.00186343277 -0.00161222033 0.0018410863
v 0.00169824416 -0.00164818939 0.00147734436
v 0.00160350646 -0.00165199035 0.00154989848
f 2068 2070 2069
v 0.00186343277 -0.00161222033 0.0018410863
v 0.00160350646 -0.00165199035 0.00154989848
v 0.00167774051 -0.00162762717 0.00186529287
f 2071 2073 2072
v 0.00131467841 -0.00174841807 0.00159597876
v 0.00132005152 -0.00178020346 0.00126388168
v 0.000937782806 -0.00187870191 0.00111629042
f 2074 2076 2075
v 0.00162432152 -0.00167929193 0.00225386539
v 0.00167774051 -0.00162762717 0.00186529287
v 0.00135803821 -0.00171185166 0.00213796702
f 2077 2079 2078
v 0.00205099241 -0.00156788774 0.00147113678
v 0.00188034246 -0.00161329754 0.00155180987
v 0.0020554091 -0.00156296119 0.00163289715
f 2080 2082 2081
v 0.00195625871 -0.00160384116 0.0013326925
v 0.00181860778 -0.00166390109 0.0011861539
v 0.00169824416 -0.00164818939 0.00147734436
f 2083 2085 2084
v 0.00205099241 -0.00156788774 0.00147113678
v 0.00205291726 -0.00163312507 0.00132546902
v 0.00204927474 -0.00157669529 0.00141650653
f 2086 2088 2087
v 0.00169824416 -0.00164818939 0.00147734436
v 0.00181860778 -0.00166390109 0.0011861539
v 0.00164306766 -0.00173038006 0.0010278568
f 2089 2091 2090
v 0.00164306766 -0.00173038006 0.0010278568
v 0.00138220321 -0.00183158409 0.000967665346
v 0.00132005152 -0.00178020346 0.00126388168
f 2092 2094 2093
v 0.00181860778 -0.00166390109 0.0011861539
v 0.0018835126 -0.00168713359 0.00106543794
v 0.00164306766 -0.00173038006 0.0010278568
f 2095 2097 2096
v 0.00208552447 -0.00172346627 0.0014804973
v 0.00211449187 -0.00172871805 0.00171611991
v 0.00216537501 -0.00180966199 0.00185461395
f 2098 2100 2099
v 0.00219409831 -0.00199489805 0.00116574811
v 0.00206128443 -0.00171788379 0.0012339211
v 0.00208552447 -0.00172346627 0.0014804973
f 2101 2103 2102
v 0.00206128443 -0.00171788379 0.0012339211
v 0.00204142107 -0.00174768247 0.00108090526
v 0.0020317575 -0.00162609322 0.00117318705
f 2104 2106 2105
v 0.00206128443 -0.00171788379 0.0012339211
v 0.0020317575 -0.00162609322 0.00117318705
v 0.00204087628 -0.0016173035 0.00122417878
f 2107 2109 2108
v 0.00219409831 -0.00199489805 0.00116574811
v 0.00208552447 -0.00172346627 0.0014804973
v 0.00216537501 -0.00180966199 0.00185461395
f 2110 2112 2111
v 0.00173000262 -0.00189865768 0.000677338812
v 0.00157761951 -0.00186669295 0.000779753464
v 0.00170080912 -0.0018029712 0.000882583299
f 2113 2115 2114
v 0.00236908818 -0.00241514263 0.00101192491
v 0.00196455076 -0.00186344914 0.000774476666
v 0.00202557167 -0.00180500538 0.000983274731
f 2116 2118 2117
v 0.00217619672 -0.0022831613 0.00077209761
v 0.00201766707 -0.0020788284 0.000692335016
v 0.00196455076 -0.00186344914 0.000774476666
f 2119 2121 2120
v 0.0019678173 -0.00180515162 0.000928778354
v 0.00198554626 -0.001833235 0.000875438855
v 0.00173000262 -0.00189865768 0.000677338812
f 2122 2124 2123
v 0.00205291726 -0.00163312507 0.00132546902
v 0.00206128443 -0.00171788379 0.0012339211
v 0.00204018143 -0.00160938507 0.00128517386
f 2125 2127 2126
v 0.00139870681 -0.00173927547 0.00259263688
v 0.00162432152 -0.00167929193 0.00225386539
v 0.0012132241 -0.00174800025 0.00253477647
f 2128 2130 2129
v 0.000706312539 -0.00187691367 0.00193589476
v 0.000306338075 -0.00209250629 0.00187128462
v 0.000504774289 -0.00196337078 0.00210797298
f 2131 2133 2132
v 0.000306338075 -0.00209250629 0.00187128462
v 0.000227826899 -0.00216308417 0.00152012635
v 6.93373636e-05 -0.00221339214 0.00172689215
f 2134 2136 2135
v 0.000301467639 -0.00219373196 0.00103743978
v 0.000107959215 -0.00243233662 0.000795611504
v -7.48846219e-05 -0.00244696494 0.00125201805
f 2137 2139 2138
v 0.000232767275 -0.00216968347 0.00140488273
v -7.48846219e-05 -0.00244696494 0.00125201805
v -7.45967441e-05 -0.00231793929 0.00163338445
f 2140 2142 2141
v 0.000301467639 -0.00219373196 0.00103743978
v -7.48846219e-05 -0.00244696494 0.00125201805
v 0.000232767275 -0.00216968347 0.00140488273
f 2143 2145 2144
v 0.00112526786 -0.00199754886 0.000507977074
v 0.000712942938 -0.00199373389 0.000952578284
v 0.00103148031 -0.00186913294 0.0010406985
f 2146 2148 2147
v 0.00052646601 -0.00202992342 0.00120532959
v 0.000480816971 -0.00211937167 0.000903539876
v 0.000232767275 -0.00216968347 0.00140488273
f 2149 2151 2150
v 0.000253954158 -0.00237632576 0.000665761127
v 0.000107959215 -0.00243233662 0.000795611504
v 0.000301467639 -0.00219373196 0.00103743978
f 2152 2154 2153
v 0.000769011422 -0.00208309866 0.000663849096
v 0.000480816971 -0.00211937167 0.000903539876
v 0.000712942938 -0.00199373389 0.000952578284
f 2155 2157 2156
v 0.000769011422 -0.00208309866 0.000663849096
v 0.000253954158 -0.00237632576 0.000665761127
v 0.000480816971 -0.00211937167 0.000903539876
f 2158 2160 2159
v 0.000232767275 -0.00216968347 0.00140488273
v 0.000480816971 -0.00211937167 0.000903539876
v 0.000301467639 -0.00219373196 0.00103743978
f 2161 2163 2162
v -0.000251750862 -0.00273663336 0.00083222385
v -0.000202109732 -0.00289269137 0.000404439925
v -0.000312975772 -0.00302612807 0.000395988081
f 2164 2166 2165
v -0.000312975772 -0.00302612807 0.000395988081
v -0.000281425969 -0.00312176453 0.000240186455
v -0.000352893449 -0.00314141471 0.00026770158
f 2167 2169 2168
v 0.000253954158 -0.00237632576 0.000665761127
v 0.000105296488 -0.00252386526 0.000474639182
v 0.000107959215 -0.00243233662 0.000795611504
f 2170 2172 2171
v -0.000202109732 -0.00289269137 0.000404439925
v -2.9746289e-05 -0.00259130757 0.000630086743
v -3.97202001e-05 -0.00271857607 0.000301248838
f 2173 2175 2174
v 0.000178602363 -0.00261291698 0.000111413101
v 0.000146065304 -0.00265825183 0.000112264206
v -3.97202001e-05 -0.00271857607 0.000301248838
f 2176 2178 2177
v 0.000719497484 -0.00285324131 -4.59074727e-05
v 3.32935087e-05 -0.00322220294 0.000119497054
v 8.80595849e-05 -0.00274217564 0.000122522579
f 2179 2181 2180
v 0.000514491012 -0.003402937 -6.93264099e-05
v 0.000334450147 -0.00353229589 -3.66868278e-05
v 6.0548399e-05 -0.0036293186 3.64738355e-05
f 2182 2184 2183
v 0.000105296488 -0.00252386526 0.000474639182
v -2.9746289e-05 -0.00259130757 0.000630086743
v 0.000107959215 -0.00243233662 0.000795611504
f 2185 2187 2186
v 0.00147290784 -0.00200671966 0.000403513513
v 0.00112526786 -0.00199754886 0.000507977074
v 0.00126918576 -0.00192183616 0.000681886195
f 2188 2190 2189
v 0.00147290784 -0.00200671966 0.000403513513
v 0.00118279386 -0.00205605666 0.000338454811
v 0.00112526786 -0.00199754886 0.000507977074
f 2191 2193 2192
v 0.00094257548 -0.0021010439 0.000390504101
v 0.00054642037 -0.00230962578 0.000396376799
v 0.000769011422 -0.00208309866 0.000663849096
f 2194 2196 2195
v 0.00111293357 -0.00228889821 6.79247023e-05
v 0.000932548119 -0.00233978153 7.27230145e-05
v 0.00106436983 -0.0021504211 0.000219789217
f 2197 2199 2198
v 0.00111293357 -0.00228889821 6.79247023e-05
v 0.00106436983 -0.0021504211 0.000219789217
v 0.0012069193 -0.0022023376 0.00012861492
f 2200 2202 2201
v 0.00118279386 -0.00205605666 0.000338454811
v 0.00094257548 -0.0021010439 0.000390504101
v 0.00112526786 -0.00199754886 0.000507977074
f 2203 2205 2204
v 0.00094257548 -0.0021010439 0.000390504101
v 0.00106436983 -0.0021504211 0.000219789217
v 0.00069415928 -0.00230353144 0.000250522862
f 2206 2208 2207
v 0.00069415928 -0.00230353144 0.000250522862
v 0.00106436983 -0.0021504211 0.000219789217
v 0.000832333535 -0.00231035046 0.000142005774
f 2209 2211 2210
v 0.00156598453 -0.00201030161 0.000404848743
v 0.00147290784 -0.00200671966 0.000403513513
v 0.00173000262 -0.00189865768 0.000677338812
f 2212 2214 2213
v 0.00147290784 -0.00200671966 0.000403513513
v 0.00126918576 -0.00192183616 0.000681886195
v 0.00157761951 -0.00186669295 0.000779753464
f 2215 2217 2216
v 0.00147290784 -0.00200671966 0.000403513513
v 0.00138782816 -0.0020503714 0.000325292785
v 0.00118279386 -0.00205605666 0.000338454811
f 2218 2220 2219
v 0.00123495956 -0.00273748592 4.35113179e-05
v 0.000998600171 -0.00238483426 2.38334906e-05
v 0.00111293357 -0.00228889821 6.79247023e-05
f 2221 2223 2222
v 0.00181130326 -0.00194178629 0.000586443184
v 0.00163648638 -0.00200414452 0.000457211991
v 0.00173000262 -0.00189865768 0.000677338812
f 2224 2226 2225
v 0.0014448101 -0.00202842712 0.000320403706
v 0.00150619371 -0.0020079744 0.000369986992
v 0.00149843136 -0.00208313031 0.000329320028
f 2227 2229 2228
v 0.0014448101 -0.00202842712 0.000320403706
v 0.00149843136 -0.00208313031 0.000329320028
v 0.00144251635 -0.00203143791 0.000329869545
f 2230 2232 2231
v 0.00203162108 -0.00225873046 0.000631309285
v 0.00182156655 -0.00246340114 0.000413165344
v 0.00181130326 -0.00194178629 0.000586443184
f 2233 2235 2234
v 0.00132159557 -0.00225739386 0.000165745587
v 0.0012069193 -0.0022023376 0.00012861492
v 0.00135020773 -0.00208140882 0.000253638973
f 2236 2238 2237
v 0.00182156655 -0.00246340114 0.000413165344
v 0.00132159557 -0.00225739386 0.000165745587
v 0.00149843136 -0.00208313031 0.000329320028
f 2239 2241 2240
v 0.000540550354 -0.00240271074 7.04614706e-05
v 0.00047989538 -0.00244737985 3.8190592e-05
v 0.000403936065 -0.00250346911 5.18659419e-05
f 2242 2244 2243
v 0.00069415928 -0.00230353144 0.000250522862
v 0.000715714577 -0.00235778607 5.72177726e-05
v 0.000540550354 -0.00240271074 7.04614706e-05
f 2245 2247 2246
v 0.000586371789 -0.00254200568 -1.80425364e-06
v 0.000146065304 -0.00265825183 0.000112264206
v 0.000309897951 -0.00257541924 7.00660223e-05
f 2248 2250 2249
v 0.000548540584 -0.00239117981 2.54485713e-05
v 0.000586371789 -0.00254200568 -1.80425364e-06
v 0.000532723288 -0.00241384114 2.93528501e-05
f 2251 2253 2252
v 0.00085598449 -0.00244676776 -1.09390378e-05
v 0.000691473861 -0.00237687782 1.7181992e-05
v 0.000782759435 -0.00236824526 1.42830686e-05
f 2254 2256 2255
v 0.000586371789 -0.00254200568 -1.80425364e-06
v 0.000719497484 -0.00285324131 -4.59074727e-05
v 0.000146065304 -0.00265825183 0.000112264206
f 2257 2259 2258
v 0.000998600171 -0.00238483426 2.38334906e-05
v 0.000981255562 -0.00278670286 -1.88018006e-05
v 0.00085598449 -0.00244676776 -1.09390378e-05
f 2260 2262 2261
v 0.00123495956 -0.00273748592 4.35113179e-05
v 0.000981255562 -0.00278670286 -1.88018006e-05
v 0.000998600171 -0.00238483426 2.38334906e-05
f 2263 2265 2264
v 0.000719497484 -0.00285324131 -4.59074727e-05
v 0.000831179295 -0.0031169875 -0.000118788194
v 3.32935087e-05 -0.00322220294 0.000119497054
f 2266 2268 2267
v 0.000831179295 -0.0031169875 -0.000118788194
v 0.00101061887 -0.00332060408 -0.000158440162
v 0.000514491012 -0.003402937 -6.93264099e-05
f 2269 2271 2270
v 0.000831179295 -0.0031169875 -0.000118788194
v 0.000719497484 -0.00285324131 -4.59074727e-05
v 0.000773947068 -0.00287189396 -5.61481954e-05
f 2272 2274 2273
v 0.000981255562 -0.00278670286 -1.88018006e-05
v 0.000719497484 -0.00285324131 -4.59074727e-05
v 0.00085598449 -0.00244676776 -1.09390378e-05
f 2275 2277 2276
v 3.32935087e-05 -0.00322220294 0.000119497054
v 0.000831179295 -0.0031169875 -0.000118788194
v 0.000514491012 -0.003402937 -6.93264099e-05
f 2278 2280 2279
v 0.00224273335 -0.00268402728 0.0025474008
v 0.00234126073 -0.00257817501 0.00238772482
v 0.00215761102 -0.00244733565 0.00257166539
f 2281 2283 2282
v 0.00237391141 -0.00294753718 0.00244034418
v 0.00244654293 -0.00285859624 0.00228913232
v 0.00224273335 -0.00268402728 0.0025474008
f 2284 2286 2285
v 0.00237391141 -0.00294753718 0.00244034418
v 0.00224273335 -0.00268402728 0.0025474008
v 0.00220363127 -0.00282126821 0.00260579964
f 2287 2289 2288
v 0.00234126073 -0.00257817501 0.00238772482
v 0.00236016131 -0.00234621239 0.00223239458
v 0.00223968145 -0.00237802014 0.00245464071
f 2290 2292 2291
v 0.00223968145 -0.00237802014 0.00245464071
v 0.00236016131 -0.00234621239 0.00223239458
v 0.00227089513 -0.00224926625 0.00234279887
f 2293 2295 2294
v 0.00244654293 -0.00285859624 0.00228913232
v 0.00248152228 -0.00277946328 0.00215903856
v 0.00234126073 -0.00257817501 0.00238772482
f 2296 2298 2297
v 0.00234126073 -0.00257817501 0.00238772482
v 0.00223968145 -0.00237802014 0.00245464071
v 0.00215761102 -0.00244733565 0.00257166539
f 2299 2301 2300
v 0.00248525321 -0.00322356282 0.00235763091
v 0.00244654293 -0.00285859624 0.00228913232
v 0.00237391141 -0.00294753718 0.00244034418
f 2302 2304 2303
v 0.00236016131 -0.00234621239 0.00223239458
v 0.00241180551 -0.00228567133 0.00186706711
v 0.00228888366 -0.00210751477 0.00214195097
f 2305 2307 2306
v 0.00244654293 -0.00285859624 0.00228913232
v 0.00257835218 -0.00317872145 0.0021202135
v 0.00248152228 -0.00277946328 0.00215903856
f 2308 2310 2309
v 0.0025333431 -0.00259189419 0.0017618062
v 0.00247594035 -0.0024326162 0.00158896692
v 0.00241180551 -0.00228567133 0.00186706711
f 2311 2313 2312
v 0.00257835218 -0.00317872145 0.0021202135
v 0.00263829752 -0.00312571756 0.00175966834
v 0.0025333431 -0.00259189419 0.0017618062
f 2314 2316 2315
v 0.00251586498 -0.00282667843 0.000962002468
v 0.0025333431 -0.00259189419 0.0017618062
v 0.00259523185 -0.00308325252 0.00129838854
f 2317 2319 2318
v 0.00263829752 -0.00312571756 0.00175966834
v 0.00268831864 -0.00340077095 0.00163840232
v 0.00258317777 -0.00286911254 0.00170366329
f 2320 2322 2321
v 0.00251987258 -0.00347422392 0.00243175327
v 0.00248525321 -0.00322356282 0.00235763091
v 0.00243174163 -0.00336525263 0.00252133977
f 2323 2325 2324
v 0.00257835218 -0.00317872145 0.0021202135
v 0.00268663916 -0.00399185119 0.00209758309
v 0.00268729236 -0.00345202279 0.00178070277
f 2326 2328 2327
v 0.00268663916 -0.00399185119 0.00209758309
v 0.00273376554 -0.00391509966 0.00147152068
v 0.00268729236 -0.00345202279 0.00178070277
f 2329 2331 2330
v 0.0026919859 -0.00413185953 0.00204625685
v 0.00271109056 -0.00461501331 0.00199811075
v 0.00275460498 -0.00414201131 0.00141732826
f 2332 2334 2333
v 0.00273376554 -0.00391509966 0.00147152068
v 0.0027058506 -0.0039625942 0.0010854832
v 0.0026604248 -0.00366403874 0.00111043091
f 2335 2337 2336
v 0.00247111766 -0.00243666127 0.00140958509
v 0.00244928851 -0.00242227525 0.00120517707
v 0.00216537501 -0.00180966199 0.00185461395
f 2338 2340 2339
v 0.00241841808 -0.00266060324 0.000839692711
v 0.00236915275 -0.00285114675 0.00066452867
v 0.00226854172 -0.00265722592 0.00061953815
f 2341 2343 2342
v 0.00241841808 -0.00266060324 0.000839692711
v 0.00226854172 -0.00265722592 0.00061953815
v 0.00217619672 -0.0022831613 0.00077209761
f 2344 2346 2345
v 0.0025053223 -0.00328338028 0.000827469194
v 0.00236915275 -0.00285114675 0.00066452867
v 0.00251586498 -0.00282667843 0.000962002468
f 2347 2349 2348
v 0.00259523185 -0.00308325252 0.00129838854
v 0.002553376 -0.00305851863 0.00102278755
v 0.00251586498 -0.00282667843 0.000962002468
f 2350 2352 2351
v 0.00226854172 -0.00265722592 0.00061953815
v 0.00215373584 -0.00244888215 0.00062915924
v 0.00217619672 -0.0022831613 0.00077209761
f 2353 2355 2354
v 0.000514491012 -0.003402937 -6.93264099e-05
v 7.49612582e-05 -0.00415107788 1.77202367e-05
v 0.000334450147 -0.00353229589 -3.66868278e-05
f 2356 2358 2357
v 0.000514491012 -0.003402937 -6.93264099e-05
v 0.000864252615 -0.00431134504 -0.000112939586
v 7.49612582e-05 -0.00415107788 1.77202367e-05
f 2359 2361 2360
v 0.0027321219 -0.00449617364 0.00140213251
v 0.00271738336 -0.00413068701 0.00117549607
v 0.00275460498 -0.00414201131 0.00141732826
f 2362 2364 2363
v 0.00261426521 -0.00419289645 0.000904435274
v 0.00255760133 -0.00401771103 0.000779927177
v 0.0027058506 -0.0039625942 0.0010854832
f 2365 2367 2366
v 0.00253498347 -0.00427455525 0.00078507901
v 0.00220519414 -0.00439566829 0.0003966441
v 0.00255760133 -0.00401771103 0.000779927177
f 2368 2370 2369
v 0.0022108914 -0.00480147646 0.000470884061
v 0.00220519414 -0.00439566829 0.0003966441
v 0.00253498347 -0.00427455525 0.00078507901
f 2371 2373 2372
v 0.00253498347 -0.00427455525 0.00078507901
v 0.00228950739 -0.00482388532 0.000567170628
v 0.0022108914 -0.00480147646 0.000470884061
f 2374 2376 2375
v 0.00141722612 -0.00480889867 -5.07949153e-05
v 0.00108922304 -0.0047724774 -0.000118891865
v 0.00120041432 -0.00456386406 -0.000137907034
f 2377 2379 2378
v 0.00160897471 -0.00526619333 0.000138452754
v 0.00196697947 -0.00477017638 0.000259857552
v 0.00190626342 -0.00518902307 0.000324383655
f 2380 2382 2381
v 0.00162378146 -0.00491196915 6.11064024e-05
v 0.00196697947 -0.00477017638 0.000259857552
v 0.00148421677 -0.00518853485 4.32048211e-05
f 2383 2385 2384
v 0.00167444377 -0.00469299703 3.56807504e-05
v 0.00177949241 -0.004449076 3.66233508e-05
v 0.00196697947 -0.00477017638 0.000259857552
f 2386 2388 2387
v 0.00162378146 -0.00491196915 6.11064024e-05
v 0.00167444377 -0.00469299703 3.56807504e-05
v 0.00196697947 -0.00477017638 0.000259857552
f 2389 2391 2390
v 0.0016983704 -0.0030128349 8.31607395e-05
v 0.00192649368 -0.00345098124 0.000106435243
v 0.00163421573 -0.00322053384 1.0893924e-06
f 2392 2394 2393
v 0.00183650209 -0.00350483824 2.86701834e-05
v 0.00192649368 -0.00345098124 0.000106435243
v 0.0019305302 -0.00369241716 8.74726538e-05
f 2395 2397 2396
v 0.00215373584 -0.00244888215 0.00062915924
v 0.00182156655 -0.00246340114 0.000413165344
v 0.00203162108 -0.00225873046 0.000631309285
f 2398 2400 2399
v 0.00226854172 -0.00265722592 0.00061953815
v 0.00206572859 -0.00273497826 0.000410182565
v 0.00215373584 -0.00244888215 0.00062915924
f 2401 2403 2402
v 0.00206572859 -0.00273497826 0.000410182565
v 0.00141141491 -0.00264768241 0.000122036727
v 0.00182156655 -0.00246340114 0.000413165344
f 2404 2406 2405
v 0.00151089916 -0.00303987836 5.87351678e-06
v 0.00123495956 -0.00273748592 4.35113179e-05
v 0.00141141491 -0.00264768241 0.000122036727
f 2407 2409 2408
v 0.00163421573 -0.00322053384 1.0893924e-06
v 0.00151089916 -0.00303987836 5.87351678e-06
v 0.0016983704 -0.0030128349 8.31607395e-05
f 2410 2412 2411
v 0.00196979781 -0.00317104605 0.000219062531
v 0.0016983704 -0.0030128349 8.31607395e-05
v 0.00206572859 -0.00273497826 0.000410182565
f 2413 2415 2414
v 0.0022658216 -0.00308543349 0.000506067408
v 0.00196979781 -0.00317104605 0.000219062531
v 0.0022436272 -0.00282685796 0.000527622615
f 2416 2418 2417
v 0.00127402645 -0.00361818311 -0.00016357917
v 0.00101061887 -0.00332060408 -0.000158440162
v 0.0014876252 -0.00334569813 -6.96440111e-05
f 2419 2421 2420
v 0.00125621655 -0.00389136621 -0.000160209663
v 0.00101061887 -0.00332060408 -0.000158440162
v 0.00127402645 -0.00361818311 -0.00016357917
f 2422 2424 2423
v 0.000864252615 -0.00431134504 -0.000112939586
v 0.00101061887 -0.00332060408 -0.000158440162
v 0.00125621655 -0.00389136621 -0.000160209663
f 2425 2427 2426
v 0.00183650209 -0.00350483824 2.86701834e-05
v 0.00173621465 -0.00358971156 -3.21815605e-05
v 0.00163421573 -0.00322053384 1.0893924e-06
f 2428 2430 2429
v 0.0014876252 -0.00334569813 -6.96440111e-05
v 0.00173621465 -0.00358971156 -3.21815605e-05
v 0.00127402645 -0.00361818311 -0.00016357917
f 2431 2433 2432
v 0.00137612769 -0.00372253853 -0.000156586975
v 0.00173621465 -0.00358971156 -3.21815605e-05
v 0.00177275851 -0.0039024002 -2.90212483e-05
f 2434 2436 2435
v 0.00173621465 -0.00358971156 -3.21815605e-05
v 0.00183650209 -0.00350483824 2.86701834e-05
v 0.0019305302 -0.00369241716 8.74726538e-05
f 2437 2439 2438
v 0.0014019005 -0.00402707155 -0.000143150817
v 0.00125621655 -0.00389136621 -0.000160209663
v 0.00153386118 -0.00391355788 -0.000113729391
f 2440 2442 2441
v 0.00255760133 -0.00401771103 0.000779927177
v 0.00248348369 -0.00389206398 0.000698033182
v 0.0025053223 -0.00328338028 0.000827469194
f 2443 2445 2444
v 0.00255760133 -0.00401771103 0.000779927177
v 0.00220519414 -0.00439566829 0.0003966441
v 0.00248348369 -0.00389206398 0.000698033182
f 2446 2448 2447
v 0.00185653626 -0.00407165462 4.89411832e-05
v 0.0019305302 -0.00369241716 8.74726538e-05
v 0.00220519414 -0.00439566829 0.0003966441
f 2449 2451 2450
v 0.00177275851 -0.0039024002 -2.90212483e-05
v 0.00181918622 -0.00384940686 7.6724973e-07
v 0.00185653626 -0.00407165462 4.89411832e-05
f 2452 2454 2453
v 0.00185653626 -0.00407165462 4.89411832e-05
v 0.00181918622 -0.00384940686 7.6724973e-07
v 0.0019305302 -0.00369241716 8.74726538e-05
f 2455 2457 2456
v 0.00177949241 -0.004449076 3.66233508e-05
v 0.00185653626 -0.00407165462 4.89411832e-05
v 0.00220519414 -0.00439566829 0.0003966441
f 2458 2460 2459
v 0.00177949241 -0.004449076 3.66233508e-05
v 0.00170428702 -0.00423663732 -4.62761818e-05
v 0.00185653626 -0.00407165462 4.89411832e-05
f 2461 2463 2462
v 0.00155366106 -0.00441072116 -8.47412593e-05
v 0.00170428702 -0.00423663732 -4.62761818e-05
v 0.00177949241 -0.004449076 3.66233508e-05
f 2464 2466 2465
v 0.00127874246 -0.00432542474 -0.000149398682
v 0.0014019005 -0.00402707155 -0.000143150817
v 0.00162487686 -0.00417289848 -8.71210432e-05
f 2467 2469 2468
v 0.00192649368 -0.00345098124 0.000106435243
v 0.00183650209 -0.00350483824 2.86701834e-05
v 0.00163421573 -0.00322053384 1.0893924e-06
f 2470 2472 2471
v 0.00251987258 -0.00347422392 0.00243175327
v 0.0024993511 -0.00384102095 0.00269880293
v 0.00257835218 -0.00317872145 0.0021202135
f 2473 2475 2474
v 0.0026919859 -0.00413185953 0.00204625685
v 0.00268663916 -0.00399185119 0.00209758309
v 0.00260117868 -0.00435426336 0.00238944594
f 2476 2478 2477
v 0.00171649172 -0.00282975798 0.00291231208
v 0.00210062681 -0.00298983396 0.00271168938
v 0.00212039322 -0.00263441907 0.00264100818
f 2479 2481 2480
v 0.000916051613 -0.0024936553 0.00329567774
v 0.00165300517 -0.00342914464 0.00323552777
v 0.00133982348 -0.00277144172 0.00315743309
f 2482 2484 2483
v -0.00111089521 -0.00474319495 0.00182053591
v -0.00111912959 -0.00502951152 0.0017406901
v -0.00112412972 -0.00478131769 0.00229351135
f 2485 2487 2486
v -0.00112412972 -0.00478131769 0.00229351135
v -0.00114737686 -0.0041624764 0.00180988736
v -0.00111067402 -0.00462074095 0.00192686366
f 2488 2490 2489
v -0.00110995034 -0.00448217324 0.00174321922
v -0.00111067402 -0.00462074095 0.00192686366
v -0.00114737686 -0.0041624764 0.00180988736
f 2491 2493 2492
v -0.00116591273 -0.00488453334 0.00133828253
v -0.00114859668 -0.00528450837 0.00141519185
v -0.00111912959 -0.00502951152 0.0017406901
f 2494 2496 2495
v -0.00111578265 -0.00430585569 0.00162249344
v -0.00110995034 -0.00448217324 0.00174321922
v -0.00114737686 -0.0041624764 0.00180988736
f 2497 2499 2498
v -0.00114737686 -0.0041624764 0.00180988736
v -0.0012370303 -0.00374499723 0.00159679494
v -0.00122467936 -0.00377761353 0.00149341986
f 2500 2502 2501
v -0.00114737686 -0.0041624764 0.00180988736
v -0.00124513335 -0.00378603327 0.00171148149
v -0.0012370303 -0.00374499723 0.00159679494
f 2503 2505 2504
v -0.00111914151 -0.0044837685 0.00155927955
v -0.00111578265 -0.00430585569 0.00162249344
v -0.00111861054 -0.00421914738 0.00136350463
f 2506 2508 2507
v -0.00112723646 -0.00434441245 0.00104894189
v -0.00114734321 -0.00449484432 0.00109946986
v -0.00111861054 -0.00421914738 0.00136350463
f 2509 2511 2510
v -0.00111914151 -0.0044837685 0.00155927955
v -0.00116591273 -0.00488453334 0.00133828253
v -0.00111089521 -0.00474319495 0.00182053591
f 2512 2514 2513
v -0.00116490164 -0.00472235188 0.00112965845
v -0.00118751968 -0.00507134209 0.00110835908
v -0.00116591273 -0.00488453334 0.00133828253
f 2515 2517 2516
v -0.00116490164 -0.00472235188 0.00112965845
v -0.00111914151 -0.0044837685 0.00155927955
v -0.00114734321 -0.00449484432 0.00109946986
f 2518 2520 2519
v -0.00114555323 -0.0047009009 0.000969676512
v -0.00116490164 -0.00472235188 0.00112965845
v -0.00114734321 -0.00449484432 0.00109946986
f 2521 2523 2522
v -0.00122741103 -0.00373036382 0.00132437817
v -0.00113795377 -0.00359053047 0.00131453571
v -0.00121488747 -0.00373283692 0.00130250619
f 2524 2526 2525
v -0.00113795377 -0.00359053047 0.00131453571
v -0.00117096079 -0.00376284916 0.00120130044
v -0.00121488747 -0.00373283692 0.00130250619
f 2527 2529 2528
v -0.00117254513 -0.00387571054 0.00112377575
v -0.00113435581 -0.00405109749 0.00116328047
v -0.00117667296 -0.00387569526 0.00123029859
f 2530 2532 2531
v -0.00113795377 -0.00359053047 0.00131453571
v -0.00105927238 -0.00354189906 0.000944083604
v -0.00117096079 -0.00376284916 0.00120130044
f 2533 2535 2534
v -0.00100838251 -0.00339165999 0.00102351096
v -0.00105927238 -0.00354189906 0.000944083604
v -0.00113795377 -0.00359053047 0.00131453571
f 2536 2538 2537
v -0.00113672768 -0.00389777342 0.000934249874
v -0.00117254513 -0.00387571054 0.00112377575
v -0.00105927238 -0.00354189906 0.000944083604
f 2539 2541 2540
v -0.00108439926 -0.00426359475 0.000896282017
v -0.00112723646 -0.00434441245 0.00104894189
v -0.00111242061 -0.00403980739 0.000987715612
f 2542 2544 2543
v -0.00109897655 -0.00456301204 0.000869203814
v -0.00112723646 -0.00434441245 0.00104894189
v -0.00108439926 -0.00426359475 0.000896282017
f 2545 2547 2546
v -0.000884803194 -0.00406332547 0.000625866414
v -0.000967824417 -0.00436969021 0.000682126574
v -0.00101411906 -0.00418688214 0.000763778644
f 2548 2550 2549
v -0.000543550323 -0.00447319435 0.000305377216
v -0.000935305525 -0.00490129569 0.000492010986
v -0.000964528226 -0.00461332384 0.00060935854
f 2551 2553 2552
v -0.000753287395 -0.00334846372 0.000539365374
v -0.000775988701 -0.00351568924 0.000461189939
v -0.000892135813 -0.00346596316 0.000646448098
f 2554 2556 2555
v -0.000759500153 -0.00375003692 0.000495435597
v -0.000955030009 -0.0037146845 0.000633976288
v -0.000906542118 -0.00363925137 0.000576828734
f 2557 2559 2558
v -0.00050228723 -0.00415599061 0.000304877722
v -0.000967824417 -0.00436969021 0.000682126574
v -0.000503526553 -0.00386889988 0.000315647412
f 2560 2562 2561
v -0.00050228723 -0.00415599061 0.000304877722
v -0.000369615123 -0.00448584724 0.00019143481
v -0.000543550323 -0.00447319435 0.000305377216
f 2563 2565 2564
v -0.00100805319 -0.00391095782 0.00074117188
v -0.000884803194 -0.00406332547 0.000625866414
v -0.00101411906 -0.00418688214 0.000763778644
f 2566 2568 2567
v -0.00109897655 -0.00456301204 0.000869203814
v -0.00113932501 -0.00491466744 0.000856563474
v -0.00114555323 -0.0047009009 0.000969676512
f 2569 2571 2570
v -0.00107111082 -0.00499051093 0.000659201578
v -0.00116498259 -0.00506297802 0.000853085385
v -0.00113932501 -0.00491466744 0.000856563474
f 2572 2574 2573
v -0.00112120624 -0.00554009239 0.00153319215
v -0.00110707215 -0.00559018517 0.00133472986
v -0.00114698678 -0.00600948078 0.00155960224
f 2575 2577 2576
v -0.00108876102 -0.006057473 0.0012485054
v -0.00114698678 -0.00600948078 0.00155960224
v -0.00108632485 -0.00570105767 0.00117242071
f 2578 2580 2579
v -0.00102421109 -0.00612208678 0.00100337747
v -0.00112766702 -0.00674551193 0.00112665921
v -0.00108876102 -0.006057473 0.0012485054
f 2581 2583 2582
v -0.00103255952 -0.00566340204 0.000979598826
v -0.00108965933 -0.00555892548 0.00104963001
v -0.00109113562 -0.00527388838 0.000783090582
f 2584 2586 2585
v -0.00109113562 -0.00527388838 0.000783090582
v -0.000880787138 -0.00555287224 0.000665212974
v -0.00103255952 -0.00566340204 0.000979598826
f 2587 2589 2588
v -0.000880787138 -0.00555287224 0.000665212974
v -0.000933300907 -0.00575631857 0.000827397071
v -0.00103255952 -0.00566340204 0.000979598826
f 2590 2592 2591
v -0.000933300907 -0.00575631857 0.000827397071
v -0.00102421109 -0.00612208678 0.00100337747
v -0.00105371882 -0.00584206427 0.00108273452
f 2593 2595 2594
v -0.000880787138 -0.00555287224 0.000665212974
v -0.000784668373 -0.00567698698 0.000540169367
v -0.000933300907 -0.00575631857 0.000827397071
f 2596 2598 2597
v -0.00103255952 -0.00566340204 0.000979598826
v -0.00108632485 -0.00570105767 0.00117242071
v -0.00108965933 -0.00555892548 0.00104963001
f 2599 2601 2600
v -0.00100831821 -0.00673580944 0.000762151558
v -0.00112766702 -0.00674551193 0.00112665921
v -0.00102421109 -0.00612208678 0.00100337747
f 2602 2604 2603
v -0.00100831821 -0.00673580944 0.000762151558
v -0.0010740624 -0.00686965432 0.000903554701
v -0.00112766702 -0.00674551193 0.00112665921
f 2605 2607 2606
v -0.00100831821 -0.00673580944 0.000762151558
v -0.00102832983 -0.00710969325 0.000816638567
v -0.0010740624 -0.00686965432 0.000903554701
f 2608 2610 2609
v -0.000852837729 -0.00644375468 0.000527417251
v -0.00100831821 -0.00673580944 0.000762151558
v -0.00102421109 -0.00612208678 0.00100337747
f 2611 2613 2612
v -0.000852837729 -0.00644375468 0.000527417251
v -0.000958180317 -0.00680722005 0.000673487284
v -0.00100831821 -0.00673580944 0.000762151558
f 2614 2616 2615
v -0.00074199238 -0.00637818812 0.000382868802
v -0.000742577549 -0.0070090442 0.000426007318
v -0.000852837729 -0.00644375468 0.000527417251
f 2617 2619 2618
v -0.000676775562 -0.00609431263 0.000336637822
v -0.00074199238 -0.00637818812 0.000382868802
v -0.000818301669 -0.00606017129 0.00053233689
f 2620 2622 2621
v -0.000676775562 -0.00609431263 0.000336637822
v -0.000544928616 -0.00658469653 0.000219520189
v -0.00074199238 -0.00637818812 0.000382868802
f 2623 2625 2624
v -0.000627135068 -0.00663364845 0.000284553789
v -0.000385515068 -0.00719262898 0.000161001492
v -0.000742577549 -0.0070090442 0.000426007318
f 2626 2628 2627
v -0.000100556269 -0.00707836807 3.50204687e-05
v -0.000222049948 -0.00708336956 7.28574491e-05
v -0.000544928616 -0.00658469653 0.000219520189
f 2629 2631 2630
v -0.000461058016 -0.00505284879 0.000173441379
v -0.000749374431 -0.00502069233 0.000353518408
v -0.000543550323 -0.00447319435 0.000305377216
f 2632 2634 2633
v -0.000270627902 -0.00486398276 0.000101608032
v -0.000461058016 -0.00505284879 0.000173441379
v -0.000369615123 -0.00448584724 0.00019143481
f 2635 2637 2636
v -0.000331511137 -0.0052182284 0.000108298093
v -0.000270627902 -0.00486398276 0.000101608032
v -6.6807786e-05 -0.00501134236 4.13325409e-05
f 2638 2640 2639
v -6.6807786e-05 -0.00501134236 4.13325409e-05
v -0.000270627902 -0.00486398276 0.000101608032
v -3.84996156e-05 -0.00463756078 4.19029732e-05
f 2641 2643 2642
v -0.000896018264 -0.00516004002 0.00047902704
v -0.00109113562 -0.00527388838 0.000783090582
v -0.00115706935 -0.00513338382 0.000841572728
f 2644 2646 2645
v -0.000935305525 -0.00490129569 0.000492010986
v -0.000896018264 -0.00516004002 0.00047902704
v -0.00107111082 -0.00499051093 0.000659201578
f 2647 2649 2648
v -0.000803726107 -0.00543558454 0.000489449667
v -0.000896018264 -0.00516004002 0.00047902704
v -0.000737049004 -0.00528863129 0.000354182157
f 2650 2652 2651
v -0.000737049004 -0.00528863129 0.000354182157
v -0.000896018264 -0.00516004002 0.00047902704
v -0.000749374431 -0.00502069233 0.000353518408
f 2653 2655 2654
v -0.000737049004 -0.00528863129 0.000354182157
v -0.000784668373 -0.00567698698 0.000540169367
v -0.000803726107 -0.00543558454 0.000489449667
f 2656 2658 2657
v -0.000609922017 -0.00545685325 0.00028599934
v -0.000634307617 -0.00571626952 0.000343746251
v -0.000784668373 -0.00567698698 0.000540169367
f 2659 2661 2660
v -0.000737049004 -0.00528863129 0.000354182157
v -0.000408037977 -0.00549260403 0.000151829056
v -0.000609922017 -0.00545685325 0.00028599934
f 2662 2664 2663
v -0.000408037977 -0.00549260403 0.000151829056
v -0.000467797054 -0.00579639491 0.000188978458
v -0.000609922017 -0.00545685325 0.00028599934
f 2665 2667 2666
v -0.000331511137 -0.0052182284 0.000108298093
v -0.000408037977 -0.00549260403 0.000151829056
v -0.000461058016 -0.00505284879 0.000173441379
f 2668 2670 2669
v -0.000408037977 -0.00549260403 0.000151829056
v -0.000331511137 -0.0052182284 0.000108298093
v -0.00030645308 -0.0056976678 0.000107184144
f 2671 2673 2672
v -0.000331511137 -0.0052182284 0.000108298093
v 0.000175530295 -0.00569438052 -1.99288394e-05
v -0.00030645308 -0.0056976678 0.000107184144
f 2674 2676 2675
v 0.000175530295 -0.00569438052 -1.99288394e-05
v -0.000331511137 -0.0052182284 0.000108298093
v -6.6807786e-05 -0.00501134236 4.13325409e-05
f 2677 2679 2678
v -0.00030645308 -0.0056976678 0.000107184144
v -0.000319306127 -0.00616980396 0.000115280466
v -0.000467797054 -0.00579639491 0.000188978458
f 2680 2682 2681
v -0.000319306127 -0.00616980396 0.000115280466
v -0.000544928616 -0.00658469653 0.000219520189
v -0.000467797054 -0.00579639491 0.000188978458
f 2683 2685 2684
v -0.000319306127 -0.00616980396 0.000115280466
v -0.0002670821 -0.00649523427 0.000106118944
v -0.000374108276 -0.00651578084 0.000135813764
f 2686 2688 2687
v -0.000374108276 -0.00651578084 0.000135813764
v -0.0002670821 -0.00649523427 0.000106118944
v -0.000100556269 -0.00707836807 3.50204687e-05
f 2689 2691 2690
v -0.000896018264 -0.00516004002 0.00047902704
v -0.000880787138 -0.00555287224 0.000665212974
v -0.00109113562 -0.00527388838 0.000783090582
f 2692 2694 2693
v 0.000576386446 -0.00599640007 -4.96018288e-05
v 0.000214298711 -0.00598443548 -2.69721482e-05
v 0.000583767178 -0.00561766647 -5.51073697e-05
f 2695 2697 2696
v -0.000531672686 -0.00318331549 0.000439139149
v -0.000655126496 -0.00344653163 0.000380125402
v -0.000753287395 -0.00334846372 0.000539365374
f 2698 2700 2699
v -0.000753287395 -0.00334846372 0.000539365374
v -0.000655126496 -0.00344653163 0.000380125402
v -0.000775988701 -0.00351568924 0.000461189939
f 2701 2703 2702
v -0.000151998256 -0.00350900846 0.00014535708
v -0.000475171737 -0.00363649342 0.000298743362
v -0.000532238118 -0.00335194491 0.000314061799
f 2704 2706 2705
v -0.000151998256 -0.00350900846 0.00014535708
v -5.21193044e-05 -0.00403758677 6.24988445e-05
v -0.000475171737 -0.00363649342 0.000298743362
f 2707 2709 2708
v 6.0548399e-05 -0.0036293186 3.64738355e-05
v 0.000105511265 -0.00381734862 8.39045811e-06
v -5.21193044e-05 -0.00403758677 6.24988445e-05
f 2710 2712 2711
v 6.0548399e-05 -0.0036293186 3.64738355e-05
v -5.21193044e-05 -0.00403758677 6.24988445e-05
v -0.000151998256 -0.00350900846 0.00014535708
f 2713 2715 2714
v -0.000369615123 -0.00448584724 0.00019143481
v -0.00050228723 -0.00415599061 0.000304877722
v -0.000503526553 -0.00386889988 0.000315647412
f 2716 2718 2717
v 3.32935087e-05 -0.00322220294 0.000119497054
v 6.0548399e-05 -0.0036293186 3.64738355e-05
v -0.000151998256 -0.00350900846 0.00014535708
f 2719 2721 2720
v 0.000334450147 -0.00353229589 -3.66868278e-05
v 0.000105511265 -0.00381734862 8.39045811e-06
v 6.0548399e-05 -0.0036293186 3.64738355e-05
f 2722 2724 2723
v -0.000281425969 -0.00312176453 0.000240186455
v 3.32935087e-05 -0.00322220294 0.000119497054
v -0.000532238118 -0.00335194491 0.000314061799
f 2725 2727 2726
v -0.00011504336 -0.00451696142 6.50665299e-05
v -0.000369615123 -0.00448584724 0.00019143481
v -5.21193044e-05 -0.00403758677 6.24988445e-05
f 2728 2730 2729
v -0.00011504336 -0.00451696142 6.50665299e-05
v -3.84996156e-05 -0.00463756078 4.19029732e-05
v -0.000270627902 -0.00486398276 0.000101608032
f 2731 2733 2732
v 0.000864252615 -0.00431134504 -0.000112939586
v 0.000688533191 -0.00527267875 -7.16023294e-05
v 7.49612582e-05 -0.00415107788 1.77202367e-05
f 2734 2736 2735
v 0.000688533191 -0.00527267875 -7.16023294e-05
v 0.000583767178 -0.00561766647 -5.51073697e-05
v -3.84996156e-05 -0.00463756078 4.19029732e-05
f 2737 2739 2738
v 0.000334450147 -0.00353229589 -3.66868278e-05
v 7.49612582e-05 -0.00415107788 1.77202367e-05
v 0.000105511265 -0.00381734862 8.39045811e-06
f 2740 2742 2741
v -5.21193044e-05 -0.00403758677 6.24988445e-05
v 7.49612582e-05 -0.00415107788 1.77202367e-05
v -0.00011504336 -0.00451696142 6.50665299e-05
f 2743 2745 2744
v 0.000770722545 -0.00539264838 -7.16590819e-05
v 0.000883584835 -0.00517168774 -8.59074078e-05
v 0.00142808458 -0.00549507749 6.30416253e-05
f 2746 2748 2747
v 0.00136663048 -0.00571589626 7.4419404e-05
v 0.000712618885 -0.00557280109 -5.74093008e-05
v 0.00142808458 -0.00549507749 6.30416253e-05
f 2749 2751 2750
v 0.000712618885 -0.00557280109 -5.74093008e-05
v 0.000866481332 -0.00578084037 -1.29182752e-05
v 0.000583767178 -0.00561766647 -5.51073697e-05
f 2752 2754 2753
v 0.00116842048 -0.00522986156 -2.96349697e-05
v 0.000967974574 -0.00496000539 -0.000104169146
v 0.00108922304 -0.0047724774 -0.000118891865
f 2755 2757 2756
v 0.000967974574 -0.00496000539 -0.000104169146
v 0.000688533191 -0.00527267875 -7.16023294e-05
v 0.000864252615 -0.00431134504 -0.000112939586
f 2758 2760 2759
v 0.00133158046 -0.00506487486 -2.67853409e-05
v 0.00116842048 -0.00522986156 -2.96349697e-05
v 0.00108922304 -0.0047724774 -0.000118891865
f 2761 2763 2762
v 0.000712618885 -0.00557280109 -5.74093008e-05
v 0.000770722545 -0.00539264838 -7.16590819e-05
v 0.00142808458 -0.00549507749 6.30416253e-05
f 2764 2766 2765
v -0.00111912959 -0.00502951152 0.0017406901
v -0.00112267999 -0.0052641506 0.0016693486
v -0.00112412972 -0.00478131769 0.00229351135
f 2767 2769 2768
v -0.00117914788 -0.00517512453 0.00107920823
v -0.00118751968 -0.00507134209 0.00110835908
v -0.00117865629 -0.00507288496 0.000935326807
f 2770 2772 2771
v 0.00205439628 -0.00529241988 0.00322488413
v 0.0022422093 -0.00510478094 0.00311723124
v 0.0018111361 -0.00519129608 0.00337153033
f 2773 2775 2774
v 0.002404316 -0.00550235309 0.00301190139
v 0.00234507552 -0.00535679792 0.00304065979
v 0.00205439628 -0.00529241988 0.00322488413
f 2776 2778 2777
v 0.002404316 -0.00550235309 0.00301190139
v 0.00205439628 -0.00529241988 0.00322488413
v 0.00232978273 -0.00572144236 0.00310069845
f 2779 2781 2780
v 0.00229208053 -0.00587554023 0.00315252473
v 0.00232978273 -0.00572144236 0.00310069845
v 0.0018111361 -0.00519129608 0.00337153033
f 2782 2784 2783
v 0.00131179895 -0.00536377083 0.00375945674
v 0.00229208053 -0.00587554023 0.00315252473
v 0.0018111361 -0.00519129608 0.00337153033
f 2785 2787 2786
v 0.00230749047 -0.00603138433 0.00317947633
v 0.00247093776 -0.00591939934 0.00298209106
v 0.00229208053 -0.00587554023 0.00315252473
f 2788 2790 2789
v 0.00232978273 -0.00572144236 0.00310069845
v 0.00247093776 -0.00591939934 0.00298209106
v 0.00261072892 -0.00599011328 0.00282727578
f 2791 2793 2792
v 0.00264367991 -0.00580689921 0.00272553552
v 0.00250264111 -0.0054037333 0.00286845207
v 0.002404316 -0.00550235309 0.00301190139
f 2794 2796 2795
v 0.002404316 -0.00550235309 0.00301190139
v 0.00232978273 -0.00572144236 0.00310069845
v 0.00261072892 -0.00599011328 0.00282727578
f 2797 2799 2798
v 0.00264367991 -0.00580689921 0.00272553552
v 0.0026072079 -0.00549616962 0.00267633004
v 0.00250264111 -0.0054037333 0.00286845207
f 2800 2802 2801
v 0.00264367991 -0.00580689921 0.00272553552
v 0.00276685932 -0.00583282999 0.00245265219
v 0.0026072079 -0.00549616962 0.00267633004
f 2803 2805 2804
v 0.00270532746 -0.0049896822 0.0020462765
v 0.00245530227 -0.00454247056 0.00277165182
v 0.0024209603 -0.00465128323 0.00288737319
f 2806 2808 2807
v 0.00251976562 -0.00514844396 0.00271043609
v 0.00275028324 -0.00532133236 0.00210149974
v 0.00270532746 -0.0049896822 0.0020462765
f 2809 2811 2810
v 0.0026072079 -0.00549616962 0.00267633004
v 0.00276685932 -0.00583282999 0.00245265219
v 0.00251976562 -0.00514844396 0.00271043609
f 2812 2814 2813
v 0.00251976562 -0.00514844396 0.00271043609
v 0.00276685932 -0.00583282999 0.00245265219
v 0.00275028324 -0.00532133236 0.00210149974
f 2815 2817 2816
v 0.00270532746 -0.0049896822 0.0020462765
v 0.00273703245 -0.00501550385 0.0019000483
v 0.00271109056 -0.00461501331 0.00199811075
f 2818 2820 2819
v 0.00270532746 -0.0049896822 0.0020462765
v 0.00271109056 -0.00461501331 0.00199811075
v 0.00260117868 -0.00435426336 0.00238944594
f 2821 2823 2822
v 0.00273703245 -0.00501550385 0.0019000483
v 0.00274496015 -0.00494878768 0.00168877123
v 0.00271109056 -0.00461501331 0.00199811075
f 2824 2826 2825
v 0.00251632628 -0.00656871489 0.00324263019
v 0.00267886753 -0.00615744138 0.00278787629
v 0.00249463374 -0.00646411136 0.00321900006
f 2827 2829 2828
v 0.00251632628 -0.00656871489 0.00324263019
v 0.0028756358 -0.00659476791 0.0025503723
v 0.00267886753 -0.00615744138 0.00278787629
f 2830 2832 2831
v 0.00290830849 -0.00759233299 0.00249172517
v 0.00286582545 -0.00686668864 0.00266464704
v 0.00279162323 -0.00700832315 0.00281033208
f 2833 2835 2834
v 0.00297344886 -0.00736340808 0.00233571955
v 0.00295087539 -0.00671958187 0.00243000613
v 0.00286582545 -0.00686668864 0.00266464704
f 2836 2838 2837
v 0.00276685932 -0.00583282999 0.00245265219
v 0.00286868089 -0.00636003169 0.00246201198
v 0.00283053414 -0.00604385241 0.00233669562
f 2839 2841 2840
v 0.00297461193 -0.0070162132 0.00231103731
v 0.00296746402 -0.00686658968 0.00233131359
v 0.00295087539 -0.00671958187 0.00243000613
f 2842 2844 2843
v 0.00293604026 -0.00658605204 0.0023544284
v 0.00295612535 -0.00673069662 0.00223578918
v 0.00290627322 -0.0063169573 0.00214860574
f 2845 2847 2846
v 0.00297461193 -0.0070162132 0.00231103731
v 0.00300072024 -0.00712997571 0.00211581828
v 0.00296746402 -0.00686658968 0.00233131359
f 2848 2850 2849
v 0.00296746402 -0.00686658968 0.00233131359
v 0.00300072024 -0.00712997571 0.00211581828
v 0.00295612535 -0.00673069662 0.00223578918
f 2851 2853 2852
v 0.00297344886 -0.00736340808 0.00233571955
v 0.00297461193 -0.0070162132 0.00231103731
v 0.00295087539 -0.00671958187 0.00243000613
f 2854 2856 2855
v 0.00276188584 -0.00517594744 0.00167582803
v 0.00272471807 -0.00509549864 0.00153701767
v 0.00274496015 -0.00494878768 0.00168877123
f 2857 2859 2858
v 0.00279847354 -0.00549060533 0.00187461992
v 0.00272345696 -0.00550541299 0.00138570686
v 0.00276188584 -0.00517594744 0.00167582803
f 2860 2862 2861
v 0.00286356153 -0.00605475616 0.00202000847
v 0.00279847354 -0.00549060533 0.00187461992
v 0.00282582769 -0.00573862599 0.00203123909
f 2863 2865 2864
v 0.00270473738 -0.00581453169 0.00119371389
v 0.00279847354 -0.00549060533 0.00187461992
v 0.00286356153 -0.00605475616 0.00202000847
f 2866 2868 2867
v 0.0026972064 -0.00642899249 0.000968333097
v 0.00270473738 -0.00581453169 0.00119371389
v 0.00286356153 -0.00605475616 0.00202000847
f 2869 2871 2870
v 0.00261010773 -0.00694857881 0.000572631416
v 0.0023318391 -0.00697814539 0.000351440394
v 0.00241680045 -0.00638663405 0.000544922932
f 2872 2874 2873
v 0.0023318391 -0.00697814539 0.000351440394
v 0.00217652832 -0.00681712845 0.00027924998
v 0.00241680045 -0.00638663405 0.000544922932
f 2875 2877 2876
v 0.00254903025 -0.00654576943 0.000622544667
v 0.00261010773 -0.00694857881 0.000572631416
v 0.00241680045 -0.00638663405 0.000544922932
f 2878 2880 2879
v 0.00267793166 -0.00663772953 0.000791636194
v 0.0026972064 -0.00642899249 0.000968333097
v 0.00282181572 -0.00679303048 0.00146775646
f 2881 2883 2882
v 0.00282181572 -0.00679303048 0.00146775646
v 0.00271810841 -0.0070947739 0.000765783625
v 0.00267793166 -0.00663772953 0.000791636194
f 2884 2886 2885
v 0.00271810841 -0.0070947739 0.000765783625
v 0.00268349468 -0.00699354932 0.000692612139
v 0.00267793166 -0.00663772953 0.000791636194
f 2887 2889 2888
v 0.00271810841 -0.0070947739 0.000765783625
v 0.0025361076 -0.00725340869 0.000537814594
v 0.00268349468 -0.00699354932 0.000692612139
f 2890 2892 2891
v 0.00267809864 -0.00689782973 0.000658219506
v 0.00261010773 -0.00694857881 0.000572631416
v 0.00254903025 -0.00654576943 0.000622544667
f 2893 2895 2894
v 0.0025198151 -0.00701406534 0.000492485378
v 0.0023318391 -0.00697814539 0.000351440394
v 0.00261010773 -0.00694857881 0.000572631416
f 2896 2898 2897
v 0.00267793166 -0.00663772953 0.000791636194
v 0.00268349468 -0.00699354932 0.000692612139
v 0.00267809864 -0.00689782973 0.000658219506
f 2899 2901 2900
v 0.00276685932 -0.00583282999 0.00245265219
v 0.00283053414 -0.00604385241 0.00233669562
v 0.00275028324 -0.00532133236 0.00210149974
f 2902 2904 2903
v 0.00270246255 -0.00812711951 0.00242864262
v 0.00297160732 -0.00763268472 0.00236487158
v 0.00287242274 -0.00772778949 0.00250675366
f 2905 2907 2906
v 0.00270246255 -0.00812711951 0.00242864262
v 0.002884075 -0.00787402678 0.00227857181
v 0.00297160732 -0.00763268472 0.00236487158
f 2908 2910 2909
v 0.00297160732 -0.00763268472 0.00236487158
v 0.00291880697 -0.00786385935 0.00206001805
v 0.00301816399 -0.0075539785 0.00207773046
f 2911 2913 2912
v 0.00297344886 -0.00736340808 0.00233571955
v 0.00302017725 -0.00734255809 0.00213621897
v 0.00300072024 -0.00712997571 0.00211581828
f 2914 2916 2915
v 0.00302017725 -0.00734255809 0.00213621897
v 0.00301808104 -0.00731291439 0.00204247244
v 0.00300072024 -0.00712997571 0.00211581828
f 2917 2919 2918
v 0.00291880697 -0.00786385935 0.00206001805
v 0.002884075 -0.00787402678 0.00227857181
v 0.00270246255 -0.00812711951 0.00242864262
f 2920 2922 2921
v 0.00274859667 -0.0082472041 0.00180973493
v 0.00293256071 -0.0078577963 0.00190448754
v 0.00291880697 -0.00786385935 0.00206001805
f 2923 2925 2924
v 0.00255989999 -0.0086189757 0.00194980312
v 0.0025401403 -0.00865658367 0.00149834996
v 0.00259749759 -0.00851544683 0.00186063189
f 2926 2928 2927
v 0.0025401403 -0.00865658367 0.00149834996
v 0.00286339437 -0.00807387769 0.00148884337
v 0.00274859667 -0.0082472041 0.00180973493
f 2929 2931 2930
v 0.00300187639 -0.00757011148 0.00185812933
v 0.00282181572 -0.00679303048 0.00146775646
v 0.00301808104 -0.00731291439 0.00204247244
f 2932 2934 2933
v 0.00295545033 -0.00780447081 0.00175066798
v 0.00294532183 -0.00784231597 0.00152000039
v 0.00295511181 -0.00769750623 0.00159570554
f 2935 2937 2936
v 0.00295511181 -0.00769750623 0.00159570554
v 0.00291075812 -0.0078859659 0.00129388927
v 0.00282181572 -0.00679303048 0.00146775646
f 2938 2940 2939
v 0.00289972704 -0.00799272893 0.0016101345
v 0.00295545033 -0.00780447081 0.00175066798
v 0.00293256071 -0.0078577963 0.00190448754
f 2941 2943 2942
v 0.00277755043 -0.00818689587 0.00115864932
v 0.00288356041 -0.00803978983 0.00131702127
v 0.00286339437 -0.00807387769 0.00148884337
f 2944 2946 2945
v 0.00277755043 -0.00818689587 0.00115864932
v 0.00286339437 -0.00807387769 0.00148884337
v 0.00254753577 -0.00863502355 0.00141124983
f 2947 2949 2948
v 0.00277755043 -0.00818689587 0.00115864932
v 0.00286179638 -0.00798146139 0.00116484152
v 0.00288356041 -0.00803978983 0.00131702127
f 2950 2952 2951
v 0.00278134703 -0.00805540185 0.0010570966
v 0.00277755043 -0.00818689587 0.00115864932
v 0.00269571592 -0.0082178005 0.0010195201
f 2953 2955 2954
v 0.00277370073 -0.00751704065 0.000942644965
v 0.00282982346 -0.00753863424 0.00110313458
v 0.00291075812 -0.0078859659 0.00129388927
f 2956 2958 2957
v 0.00257908068 -0.00775643784 0.000759184786
v 0.00266945681 -0.00760108742 0.000803222247
v 0.00278134703 -0.00805540185 0.0010570966
f 2959 2961 2960
v 0.00282181572 -0.00679303048 0.00146775646
v 0.00282982346 -0.00753863424 0.00110313458
v 0.00277404906 -0.00732189073 0.000943904797
f 2962 2964 2963
v 0.00277370073 -0.00751704065 0.000942644965
v 0.00277404906 -0.00732189073 0.000943904797
v 0.00282982346 -0.00753863424 0.00110313458
f 2965 2967 2966
v 0.00266945681 -0.00760108742 0.000803222247
v 0.0025361076 -0.00725340869 0.000537814594
v 0.00275370385 -0.00729651802 0.000861229364
f 2968 2970 2969
v 0.00256951771 -0.00759107643 0.000686578551
v 0.00256560434 -0.00743995915 0.000628117505
v 0.00266945681 -0.00760108742 0.000803222247
f 2971 2973 2972
v 0.00266945681 -0.00760108742 0.000803222247
v 0.00275370385 -0.00729651802 0.000861229364
v 0.00277370073 -0.00751704065 0.000942644965
f 2974 2976 2975
v 0.00277370073 -0.00751704065 0.000942644965
v 0.00275370385 -0.00729651802 0.000861229364
v 0.00277404906 -0.00732189073 0.000943904797
f 2977 2979 2978
v 0.00291880697 -0.00786385935 0.00206001805
v 0.00293256071 -0.0078577963 0.00190448754
v 0.00301816399 -0.0075539785 0.00207773046
f 2980 2982 2981
v 0.00293256071 -0.0078577963 0.00190448754
v 0.00300187639 -0.00757011148 0.00185812933
v 0.00301816399 -0.0075539785 0.00207773046
f 2983 2985 2984
v 0.00274496015 -0.00494878768 0.00168877123
v 0.00274280192 -0.00475624183 0.00157107079
v 0.00274415688 -0.00440628501 0.00157913328
f 2986 2988 2987
v 0.00271109056 -0.00461501331 0.00199811075
v 0.00274496015 -0.00494878768 0.00168877123
v 0.00274415688 -0.00440628501 0.00157913328
f 2989 2991 2990
v 0.00259875142 -0.00505913813 0.00115288522
v 0.0027321219 -0.00449617364 0.00140213251
v 0.00274280192 -0.00475624183 0.00157107079
f 2992 2994 2993
v 0.00274496015 -0.00494878768 0.00168877123
v 0.00272471807 -0.00509549864 0.00153701767
v 0.00274280192 -0.00475624183 0.00157107079
f 2995 2997 2996
v 0.00265523013 -0.0054214699 0.00119285814
v 0.00270473738 -0.00581453169 0.00119371389
v 0.00262721569 -0.00557218737 0.00110191377
f 2998 3000 2999
v 0.00259359022 -0.00473889741 0.00104231813
v 0.00228950739 -0.00482388532 0.000567170628
v 0.00253498347 -0.00427455525 0.00078507901
f 3001 3003 3002
v 0.00228950739 -0.00482388532 0.000567170628
v 0.00259359022 -0.00473889741 0.00104231813
v 0.00252909431 -0.00508543853 0.00100546931
f 3004 3006 3005
v 0.00228950739 -0.00482388532 0.000567170628
v 0.00252909431 -0.00508543853 0.00100546931
v 0.00223811658 -0.00504567906 0.000546916363
f 3007 3009 3008
v 0.00156085316 -0.00551569174 0.000121228379
v 0.00160897471 -0.00526619333 0.000138452754
v 0.00190626342 -0.00518902307 0.000324383655
f 3010 3012 3011
v 0.00162573215 -0.00578147374 0.000168437339
v 0.00156085316 -0.00551569174 0.000121228379
v 0.00181340947 -0.00584459704 0.000263778929
f 3013 3015 3014
v 0.00156085316 -0.00551569174 0.000121228379
v 0.00190626342 -0.00518902307 0.000324383655
v 0.00216841199 -0.00558451502 0.000490172079
f 3016 3018 3017
v 0.00251043093 -0.00597422804 0.000752640881
v 0.00244246476 -0.0060662398 0.000668071061
v 0.00234656472 -0.00565492555 0.000627853206
f 3019 3021 3020
v 0.0019977002 -0.00614884921 0.000361090952
v 0.00181340947 -0.00584459704 0.000263778929
v 0.00216841199 -0.00558451502 0.000490172079
f 3022 3024 3023
v 0.00226253287 -0.00611455471 0.00053653448
v 0.00216841199 -0.00558451502 0.000490172079
v 0.00244246476 -0.0060662398 0.000668071061
f 3025 3027 3026
v 0.00216841199 -0.00558451502 0.000490172079
v 0.00218538771 -0.00525153337 0.000502841158
v 0.00234656472 -0.00565492555 0.000627853206
f 3028 3030 3029
v 0.00250608828 -0.00618259946 0.000695721701
v 0.00244246476 -0.0060662398 0.000668071061
v 0.00251043093 -0.00597422804 0.000752640881
f 3031 3033 3032
v 0.00241680045 -0.00638663405 0.000544922932
v 0.00228279423 -0.00642270752 0.000439877658
v 0.00226253287 -0.00611455471 0.00053653448
f 3034 3036 3035
v 0.00282181572 -0.00679303048 0.00146775646
v 0.00277404906 -0.00732189073 0.000943904797
v 0.00274089343 -0.00715704373 0.000852257926
f 3037 3039 3038
v 0.00275370385 -0.00729651802 0.000861229364
v 0.0025361076 -0.00725340869 0.000537814594
v 0.00271810841 -0.0070947739 0.000765783625
f 3040 3042 3041
v 0.00267886753 -0.00615744138 0.00278787629
v 0.00261072892 -0.00599011328 0.00282727578
v 0.00241282887 -0.00629748683 0.00321778934
f 3043 3045 3044
v -0.000108977929 -0.00727514998 1.81711698e-05
v -9.50438562e-05 -0.00749384271 1.51583777e-05
v -0.000222049948 -0.00708336956 7.28574491e-05
f 3046 3048 3047
v -0.000100556269 -0.00707836807 3.50204687e-05
v -0.000108977929 -0.00727514998 1.81711698e-05
v -0.000222049948 -0.00708336956 7.28574491e-05
f 3049 3051 3050
v -9.50438562e-05 -0.00749384271 1.51583777e-05
v -0.000376060507 -0.00737377923 0.000156920407
v -0.000385515068 -0.00719262898 0.000161001492
f 3052 3054 3053
v 9.86468081e-05 -0.00765115765 -4.59914986e-05
v -0.000108977929 -0.00727514998 1.81711698e-05
v -0.000100556269 -0.00707836807 3.50204687e-05
f 3055 3057 3056
v 0.000754983421 -0.00809340781 -0.000126017574
v 0.000408432243 -0.00815350359 -8.00437078e-05
v 0.000606003459 -0.00791602288 -0.000114468992
f 3058 3060 3059
v 0.00112025136 -0.00897534119 9.2464694e-05
v 0.000660745764 -0.00864399481 1.84341957e-05
v 0.00106409489 -0.00873384633 3.03878664e-05
f 3061 3063 3062
v 0.00120292525 -0.00850564466 -3.74191501e-05
v 0.00121963321 -0.00824865929 -0.00011110659
v 0.00141053188 -0.00848721102 1.88702046e-05
f 3064 3066 3065
v 0.000865658149 -0.00615689132 -3.07994867e-05
v 0.000866481332 -0.00578084037 -1.29182752e-05
v 0.00127268841 -0.00602429791 8.53504446e-05
f 3067 3069 3068
v 0.00162350552 -0.00663156388 3.68967477e-05
v 0.00131749512 -0.00620648352 7.53569168e-05
v 0.00179891595 -0.00633979507 0.000212463237
f 3070 3072 3071
v 0.00162350552 -0.00663156388 3.68967477e-05
v 0.000974118575 -0.00657126293 -0.000106377581
v 0.00131749512 -0.00620648352 7.53569168e-05
f 3073 3075 3074
v 9.86468081e-05 -0.00765115765 -4.59914986e-05
v -0.000100556269 -0.00707836807 3.50204687e-05
v 0.000218842683 -0.00666851192 1.48084027e-05
f 3076 3078 3077
v 0.00115406956 -0.00747069207 -0.000170990268
v 9.86468081e-05 -0.00765115765 -4.59914986e-05
v 0.00120952545 -0.00714204652 -0.000171326053
f 3079 3081 3080
v 0.000974118575 -0.00657126293 -0.000106377581
v 0.0009312982 -0.00685425402 -0.000122642257
v 0.000214298711 -0.00598443548 -2.69721482e-05
f 3082 3084 3083
v 0.000974118575 -0.00657126293 -0.000106377581
v 0.000214298711 -0.00598443548 -2.69721482e-05
v 0.00069256489 -0.00619421262 -6.04246338e-05
f 3085 3087 3086
v 0.000559852788 -0.00676432537 -5.00345664e-05
v 0.000218842683 -0.00666851192 1.48084027e-05
v 0.0009312982 -0.00685425402 -0.000122642257
f 3088 3090 3089
v 0.0012118132 -0.00699134107 -0.000151321353
v 0.0009312982 -0.00685425402 -0.000122642257
v 0.000974118575 -0.00657126293 -0.000106377581
f 3091 3093 3092
v 0.00120952545 -0.00714204652 -0.000171326053
v 9.86468081e-05 -0.00765115765 -4.59914986e-05
v 0.0009312982 -0.00685425402 -0.000122642257
f 3094 3096 3095
v 0.00124674361 -0.00686715939 -0.000128359341
v 0.0012118132 -0.00699134107 -0.000151321353
v 0.000974118575 -0.00657126293 -0.000106377581
f 3097 3099 3098
v 0.00173519766 -0.0072332492 6.23950243e-06
v 0.00209808768 -0.00769469625 0.000432557226
v 0.00207056928 -0.00786147357 0.000451701544
f 3100 3102 3101
v 0.00173519766 -0.0072332492 6.23950243e-06
v 0.00173420849 -0.0070591741 -5.11772171e-06
v 0.00196030887 -0.00708182197 0.000131690285
f 3103 3105 3104
v 0.00173420849 -0.0070591741 -5.11772171e-06
v 0.00153255733 -0.0071005481 -0.000101465582
v 0.00162350552 -0.00663156388 3.68967477e-05
f 3106 3108 3107
v 0.00228012614 -0.00751613406 0.000474541321
v 0.00245592691 -0.00727188235 0.000479596929
v 0.00250470803 -0.00737381051 0.000553571954
f 3109 3111 3110
v 0.00240812642 -0.00703181431 0.000410005578
v 0.0023318391 -0.00697814539 0.000351440394
v 0.0025198151 -0.00701406534 0.000492485378
f 3112 3114 3113
v 0.0023318391 -0.00697814539 0.000351440394
v 0.00240812642 -0.00703181431 0.000410005578
v 0.00229035995 -0.00714557391 0.000370942416
f 3115 3117 3116
v 0.00245592691 -0.00727188235 0.000479596929
v 0.00240812642 -0.00703181431 0.000410005578
v 0.0025198151 -0.00701406534 0.000492485378
f 3118 3120 3119
v 0.00173519766 -0.0072332492 6.23950243e-06
v 0.00196030887 -0.00708182197 0.000131690285
v 0.00215088949 -0.0073560077 0.000358877514
f 3121 3123 3122
v 0.00165986567 -0.00745538418 -1.20251514e-05
v 0.00173519766 -0.0072332492 6.23950243e-06
v 0.00207056928 -0.00786147357 0.000451701544
f 3124 3126 3125
v 0.00195219018 -0.0070269678 0.000125182305
v 0.00173420849 -0.0070591741 -5.11772171e-06
v 0.00217652832 -0.00681712845 0.00027924998
f 3127 3129 3128
v 0.00115406956 -0.00747069207 -0.000170990268
v 0.00123606123 -0.00776960296 -0.000161379455
v 0.00112608577 -0.00774927685 -0.000172637181
f 3130 3132 3131
v 0.00145460663 -0.00769842663 -9.64024252e-05
v 0.00123606123 -0.00776960296 -0.000161379455
v 0.00125855331 -0.00749634564 -0.000165165864
f 3133 3135 3134
v 0.0010610469 -0.00819426132 -0.000141703447
v 0.000754983421 -0.00809340781 -0.000126017574
v 0.00108163422 -0.00795192827 -0.000171632917
f 3136 3138 3137
v 0.00117840764 -0.00802888753 -0.000158772298
v 0.00112608577 -0.00774927685 -0.000172637181
v 0.00123606123 -0.00776960296 -0.000161379455
f 3139 3141 3140
v 0.00153890578 -0.00833461891 4.27477119e-05
v 0.0015569698 -0.00809879857 1.54539592e-05
v 0.00163412351 -0.00833301019 0.000108503457
f 3142 3144 3143
v 0.00150689602 -0.00789306432 -4.54798226e-05
v 0.00123606123 -0.00776960296 -0.000161379455
v 0.00145460663 -0.00769842663 -9.64024252e-05
f 3145 3147 3146
v 0.0015569698 -0.00809879857 1.54539592e-05
v 0.00163236582 -0.00787920872 3.34142953e-05
v 0.00163412351 -0.00833301019 0.000108503457
f 3148 3150 3149
v 0.00121963321 -0.00824865929 -0.00011110659
v 0.00115666162 -0.00808378973 -0.000143293425
v 0.00127000703 -0.00808263212 -0.000120201719
f 3151 3153 3152
v 0.00127000703 -0.00808263212 -0.000120201719
v 0.0015569698 -0.00809879857 1.54539592e-05
v 0.00132850728 -0.00827410622 -6.52540564e-05
f 3154 3156 3155
v 0.00125855331 -0.00749634564 -0.000165165864
v 0.00140652883 -0.00730126485 -0.000142583474
v 0.00147695955 -0.00750948893 -0.000110396456
f 3157 3159 3158
v 0.0016013013 -0.00759178365 -3.76114201e-05
v 0.00147695955 -0.00750948893 -0.000110396456
v 0.00165986567 -0.00745538418 -1.20251514e-05
f 3160 3162 3161
v 0.00147695955 -0.00750948893 -0.000110396456
v 0.00155463258 -0.00732281114 -0.000100324348
v 0.00165986567 -0.00745538418 -1.20251514e-05
f 3163 3165 3164
v 0.00125855331 -0.00749634564 -0.000165165864
v 0.00120952545 -0.00714204652 -0.000171326053
v 0.00140652883 -0.00730126485 -0.000142583474
f 3166 3168 3167
v 0.00145460663 -0.00769842663 -9.64024252e-05
v 0.00147695955 -0.00750948893 -0.000110396456
v 0.0016013013 -0.00759178365 -3.76114201e-05
f 3169 3171 3170
v 0.00127000703 -0.00808263212 -0.000120201719
v 0.00123606123 -0.00776960296 -0.000161379455
v 0.00150689602 -0.00789306432 -4.54798226e-05
f 3172 3174 3173
v 0.00153255733 -0.0071005481 -0.000101465582
v 0.00120952545 -0.00714204652 -0.000171326053
v 0.0012118132 -0.00699134107 -0.000151321353
f 3175 3177 3176
v -0.000683240387 -0.00759893883 0.000377709421
v -0.000559156479 -0.00795396263 0.000251069855
v -0.000830924273 -0.00741068798 0.000549168544
f 3178 3180 3179
v -0.000759736668 -0.00733280613 0.00046041514
v -0.000436744995 -0.00771255436 0.00014620947
v -0.000683240387 -0.00759893883 0.000377709421
f 3181 3183 3182
v -9.38511619e-05 -0.00821634749 3.53008234e-08
v -9.63108164e-05 -0.00861011868 9.19639319e-05
v -0.00021152498 -0.00825547468 7.11437792e-05
f 3184 3186 3185
v -9.38511619e-05 -0.00821634749 3.53008234e-08
v -0.00021152498 -0.00825547468 7.11437792e-05
v -0.000402276146 -0.00793710205 0.000120053676
f 3187 3189 3188
v -9.38511619e-05 -0.00821634749 3.53008234e-08
v -0.000402276146 -0.00793710205 0.000120053676
v -0.000225836584 -0.00784153162 2.86005275e-05
f 3190 3192 3191
v -9.50438562e-05 -0.00749384271 1.51583777e-05
v -0.000225836584 -0.00784153162 2.86005275e-05
v -0.000376060507 -0.00737377923 0.000156920407
f 3193 3195 3194
v 0.000408432243 -0.00815350359 -8.00437078e-05
v 4.77006779e-05 -0.0080915459 -4.47334855e-05
v 9.86468081e-05 -0.00765115765 -4.59914986e-05
f 3196 3198 3197
v 0.000606003459 -0.00791602288 -0.000114468992
v 0.000408432243 -0.00815350359 -8.00437078e-05
v 9.86468081e-05 -0.00765115765 -4.59914986e-05
f 3199 3201 3200
v 0.000192277139 -0.00819571578 -4.93790026e-05
v 2.99379153e-06 -0.00832638179 4.25062687e-06
v -9.38511619e-05 -0.00821634749 3.53008234e-08
f 3202 3204 3203
v 0.000271338581 -0.00901547464 0.000104320327
v -0.000101474723 -0.00872566161 0.000116298736
v 0.000660745764 -0.00864399481 1.84341957e-05
f 3205 3207 3206
v 2.99379153e-06 -0.00832638179 4.25062687e-06
v -9.63108164e-05 -0.00861011868 9.19639319e-05
v -9.38511619e-05 -0.00821634749 3.53008234e-08
f 3208 3210 3209
v 0.000660745764 -0.00864399481 1.84341957e-05
v -0.000101474723 -0.00872566161 0.000116298736
v -9.63108164e-05 -0.00861011868 9.19639319e-05
f 3211 3213 3212
v -1.94851481e-05 -0.00911124735 0.000171763543
v -0.000101474723 -0.00872566161 0.000116298736
v 0.000271338581 -0.00901547464 0.000104320327
f 3214 3216 3215
v 0.000413503039 -0.00899125153 8.97616815e-05
v 0.000271338581 -0.00901547464 0.000104320327
v 0.000660745764 -0.00864399481 1.84341957e-05
f 3217 3219 3218
v 0.00112025136 -0.00897534119 9.2464694e-05
v 0.000413503039 -0.00899125153 8.97616815e-05
v 0.000660745764 -0.00864399481 1.84341957e-05
f 3220 3222 3221
v 0.00252480277 -0.00894494733 0.00166202062
v 0.00249733876 -0.00882009772 0.00139314197
v 0.0025401403 -0.00865658367 0.00149834996
f 3223 3225 3224
v 0.00249733876 -0.00882009772 0.00139314197
v 0.00252480277 -0.00894494733 0.00166202062
v 0.00247379648 -0.00909707596 0.00134383909
f 3226 3228 3227
v 0.00247379648 -0.00909707596 0.00134383909
v 0.00231001268 -0.0090246358 0.00100675616
v 0.00249733876 -0.00882009772 0.00139314197
f 3229 3231 3230
v 0.00247792668 -0.00871487136 0.00130509125
v 0.0026405698 -0.00841861183 0.00123367372
v 0.00254753577 -0.00863502355 0.00141124983
f 3232 3234 3233
v 0.0022752427 -0.00880906737 0.00092918599
v 0.00245120409 -0.00862381639 0.00114994637
v 0.00247792668 -0.00871487136 0.00130509125
f 3235 3237 3236
v 0.00227734981 -0.00944885542 0.00088828765
v 0.0023307759 -0.00941448307 0.000957597149
v 0.00239145938 -0.0094338131 0.00116720685
f 3238 3240 3239
v 0.00202360807 -0.00889352741 0.00063421503
v 0.002237435 -0.00908321308 0.000874610305
v 0.00195994708 -0.00922522377 0.000536759035
f 3241 3243 3242
v 0.00221286864 -0.00889751827 0.000853527126
v 0.00231001268 -0.0090246358 0.00100675616
v 0.002237435 -0.00908321308 0.000874610305
f 3244 3246 3245
v 0.00231001268 -0.0090246358 0.00100675616
v 0.00221286864 -0.00889751827 0.000853527126
v 0.0022752427 -0.00880906737 0.00092918599
f 3247 3249 3248
v 0.00236500891 -0.00811456484 0.000764860943
v 0.00258702548 -0.0082909748 0.000983703285
v 0.00248606739 -0.00841673464 0.000968168206
f 3250 3252 3251
v 0.00223347033 -0.00829423589 0.000728286795
v 0.00248606739 -0.00841673464 0.000968168206
v 0.00231424492 -0.00851443183 0.000862873094
f 3253 3255 3254
v 0.00223347033 -0.00829423589 0.000728286795
v 0.00216192821 -0.0079911435 0.000572137196
v 0.00236500891 -0.00811456484 0.000764860943
f 3256 3258 3257
v 0.00223347033 -0.00829423589 0.000728286795
v 0.00194172553 -0.00838670603 0.000441981501
v 0.00216192821 -0.0079911435 0.000572137196
f 3259 3261 3260
v 0.00256758722 -0.00840896537 0.0010526991
v 0.00264039518 -0.00833972736 0.00105241288
v 0.0026405698 -0.00841861183 0.00123367372
f 3262 3264 3263
v 0.00256758722 -0.00840896537 0.0010526991
v 0.00245120409 -0.00862381639 0.00114994637
v 0.0023755314 -0.00857705818 0.000951726634
f 3265 3267 3266
v 0.00245120409 -0.00862381639 0.00114994637
v 0.0023013461 -0.00865714828 0.000908601032
v 0.0023755314 -0.00857705818 0.000951726634
f 3268 3270 3269
v 0.00256758722 -0.00840896537 0.0010526991
v 0.0023755314 -0.00857705818 0.000951726634
v 0.00248606739 -0.00841673464 0.000968168206
f 3271 3273 3272
v 0.00264039518 -0.00833972736 0.00105241288
v 0.00269571592 -0.0082178005 0.0010195201
v 0.00277755043 -0.00818689587 0.00115864932
f 3274 3276 3275
v 0.00223347033 -0.00829423589 0.000728286795
v 0.00231424492 -0.00851443183 0.000862873094
v 0.0023013461 -0.00865714828 0.000908601032
f 3277 3279 3278
v 0.0012669987 -0.00972338312 0.000221036339
v 0.00154082063 -0.00973185088 0.000212305736
v 0.00155932339 -0.00981808771 0.000312721045
f 3280 3282 3281
v 0.00140714819 -0.00938689991 0.000194610061
v 0.00122399479 -0.00956708682 8.8845087e-05
v 0.00129804803 -0.00927650253 0.000161966284
f 3283 3285 3284
v 0.00129804803 -0.00927650253 0.000161966284
v 0.00169898522 -0.00932446928 0.000333661251
v 0.00140714819 -0.00938689991 0.000194610061
f 3286 3288 3287
v 0.00191123272 -0.00969814719 0.000389530669
v 0.00200163504 -0.00967804299 0.000465503854
v 0.00185216049 -0.00981535777 0.000502038802
f 3289 3291 3290
v 0.0019693076 -0.0097406155 0.000629691203
v 0.00212182586 -0.00964752689 0.000619928505
v 0.00206486493 -0.00962873964 0.000814992381
f 3292 3294 3293
v 0.002237435 -0.00908321308 0.000874610305
v 0.00226523152 -0.00943771593 0.000812343205
v 0.00199371916 -0.00956089425 0.000463960259
f 3295 3297 3296
v 0.00206454224 -0.00968497479 0.00053509093
v 0.00199371916 -0.00956089425 0.000463960259
v 0.00226523152 -0.00943771593 0.000812343205
f 3298 3300 3299
v 0.00200163504 -0.00967804299 0.000465503854
v 0.00199371916 -0.00956089425 0.000463960259
v 0.00206454224 -0.00968497479 0.00053509093
f 3301 3303 3302
v 0.00191123272 -0.00969814719 0.000389530669
v 0.00199371916 -0.00956089425 0.000463960259
v 0.00200163504 -0.00967804299 0.000465503854
f 3304 3306 3305
v 0.0019693076 -0.0097406155 0.000629691203
v 0.00202978317 -0.00969263419 0.00054568136
v 0.00212182586 -0.00964752689 0.000619928505
f 3307 3309 3308
v 0.00199371916 -0.00956089425 0.000463960259
v 0.00181674732 -0.00930778115 0.000399056808
v 0.00195994708 -0.00922522377 0.000536759035
f 3310 3312 3311
v 0.00199371916 -0.00956089425 0.000463960259
v 0.0017121356 -0.00962168633 0.000263384231
v 0.00181674732 -0.00930778115 0.000399056808
f 3313 3315 3314
v 0.00181674732 -0.00930778115 0.000399056808
v 0.00171741449 -0.00892854368 0.000339656458
v 0.00187491769 -0.00889745643 0.000469515362
f 3316 3318 3317
v 0.00155932339 -0.00981808771 0.000312721045
v 0.0017322327 -0.00975115618 0.000299430417
v 0.00175043369 -0.00983277496 0.000408914184
f 3319 3321 3320
v 0.00147700639 -0.00972461567 0.000166897564
v 0.00122399479 -0.00956708682 8.8845087e-05
v 0.0017121356 -0.00962168633 0.000263384231
f 3322 3324 3323
v 0.00140714819 -0.00938689991 0.000194610061
v 0.00169898522 -0.00932446928 0.000333661251
v 0.0017121356 -0.00962168633 0.000263384231
f 3325 3327 3326
v 0.00191123272 -0.00969814719 0.000389530669
v 0.0017121356 -0.00962168633 0.000263384231
v 0.00199371916 -0.00956089425 0.000463960259
f 3328 3330 3329
v 0.00171469583 -0.00882171662 0.000322184701
v 0.00187491769 -0.00889745643 0.000469515362
v 0.00171741449 -0.00892854368 0.000339656458
f 3331 3333 3332
v 0.00161418375 -0.00849705611 0.000131553327
v 0.00194172553 -0.00838670603 0.000441981501
v 0.00171469583 -0.00882171662 0.000322184701
f 3334 3336 3335
v 0.00171469583 -0.00882171662 0.000322184701
v 0.00162939505 -0.00863883979 0.000201531134
v 0.00161418375 -0.00849705611 0.000131553327
f 3337 3339 3338
v 0.00136842709 -0.00879816434 0.000107304197
v 0.00149091584 -0.00878420833 0.000163425477
v 0.00128394122 -0.00901435997 0.000128677141
f 3340 3342 3341
v 0.00128394122 -0.00901435997 0.000128677141
v 0.00112025136 -0.00897534119 9.2464694e-05
v 0.00122956817 -0.0087834509 5.72330521e-05
f 3343 3345 3344
v 0.00157729573 -0.00899356673 0.000261562514
v 0.00149091584 -0.00878420833 0.000163425477
v 0.00171469583 -0.00882171662 0.000322184701
f 3346 3348 3347
v 0.00147657665 -0.00855164617 6.57391922e-05
v 0.00162939505 -0.00863883979 0.000201531134
v 0.00149091584 -0.00878420833 0.000163425477
f 3349 3351 3350
v 0.00161418375 -0.00849705611 0.000131553327
v 0.00147657665 -0.00855164617 6.57391922e-05
v 0.00141053188 -0.00848721102 1.88702046e-05
f 3352 3354 3353
v 0.00161418375 -0.00849705611 0.000131553327
v 0.00158839684 -0.00857239647 0.000134674349
v 0.00147657665 -0.00855164617 6.57391922e-05
f 3355 3357 3356
v 0.00136842709 -0.00879816434 0.000107304197
v 0.00147657665 -0.00855164617 6.57391922e-05
v 0.00149091584 -0.00878420833 0.000163425477
f 3358 3360 3359
v 0.00236500891 -0.00811456484 0.000764860943
v 0.00216192821 -0.0079911435 0.000572137196
v 0.00228012614 -0.00751613406 0.000474541321
f 3361 3363 3362
v 0.00257908068 -0.00775643784 0.000759184786
v 0.00278134703 -0.00805540185 0.0010570966
v 0.00269571592 -0.0082178005 0.0010195201
f 3364 3366 3365
v 0.00250470803 -0.00737381051 0.000553571954
v 0.00256560434 -0.00743995915 0.000628117505
v 0.00256951771 -0.00759107643 0.000686578551
f 3367 3369 3368
v 0.00236500891 -0.00811456484 0.000764860943
v 0.00257908068 -0.00775643784 0.000759184786
v 0.00269571592 -0.0082178005 0.0010195201
f 3370 3372 3371
v 0.00153890578 -0.00833461891 4.27477119e-05
v 0.00163412351 -0.00833301019 0.000108503457
v 0.00161418375 -0.00849705611 0.000131553327
f 3373 3375 3374
v 0.00102050362 -0.00943081177 7.50409583e-05
v 0.000997050574 -0.00946809232 9.43031466e-05
v 0.000925791937 -0.00936851284 8.85960674e-05
f 3376 3378 3377
v 0.000808945515 -0.00951573384 9.94392508e-05
v 0.000736185757 -0.00933826159 9.96689892e-05
v 0.000925791937 -0.00936851284 8.85960674e-05
f 3379 3381 3380
v 0.00101078313 -0.00959526442 0.000125742019
v 0.00112644293 -0.00958324526 9.61266892e-05
v 0.00108090489 -0.00965248546 0.000157826628
f 3382 3384 3383
v 0.00112025136 -0.00897534119 9.2464694e-05
v 0.00116015499 -0.00922024992 0.000118614673
v 0.00105764229 -0.00917432408 0.000110068152
f 3385 3387 3386
v 0.00116015499 -0.00922024992 0.000118614673
v 0.00122399479 -0.00956708682 8.8845087e-05
v 0.00102050362 -0.00943081177 7.50409583e-05
f 3388 3390 3389
v 0.00136663048 -0.00571589626 7.4419404e-05
v 0.00162573215 -0.00578147374 0.000168437339
v 0.00127268841 -0.00602429791 8.53504446e-05
f 3391 3393 3392
v 0.00162573215 -0.00578147374 0.000168437339
v 0.00181340947 -0.00584459704 0.000263778929
v 0.00181149207 -0.00614432065 0.000270848432
f 3394 3396 3395
v 0.00142808458 -0.00549507749 6.30416253e-05
v 0.00156085316 -0.00551569174 0.000121228379
v 0.00136663048 -0.00571589626 7.4419404e-05
f 3397 3399 3398
v 0.00162573215 -0.00578147374 0.000168437339
v 0.00136663048 -0.00571589626 7.4419404e-05
v 0.00156085316 -0.00551569174 0.000121228379
f 3400 3402 3401
v 0.00142808458 -0.00549507749 6.30416253e-05
v 0.00143718798 -0.00534083301 5.42155249e-05
v 0.00156085316 -0.00551569174 0.000121228379
f 3403 3405 3404
v 0.00127268841 -0.00602429791 8.53504446e-05
v 0.00162573215 -0.00578147374 0.000168437339
v 0.00149651432 -0.00607409129 0.000157214902
f 3406 3408 3407
v 0.00149651432 -0.00607409129 0.000157214902
v 0.00162573215 -0.00578147374 0.000168437339
v 0.00181149207 -0.00614432065 0.000270848432
f 3409 3411 3410
v 0.00149651432 -0.00607409129 0.000157214902
v 0.00181149207 -0.00614432065 0.000270848432
v 0.00179891595 -0.00633979507 0.000212463237
f 3412 3414 3413
v 0.0019977002 -0.00614884921 0.000361090952
v 0.00179891595 -0.00633979507 0.000212463237
v 0.00181149207 -0.00614432065 0.000270848432
f 3415 3417 3416
v 0.00228279423 -0.00642270752 0.000439877658
v 0.00179891595 -0.00633979507 0.000212463237
v 0.0019977002 -0.00614884921 0.000361090952
f 3418 3420 3419
v 0.00131749512 -0.00620648352 7.53569168e-05
v 0.00149651432 -0.00607409129 0.000157214902
v 0.00179891595 -0.00633979507 0.000212463237
f 3421 3423 3422
v 0.00141053188 -0.00848721102 1.88702046e-05
v 0.00153890578 -0.00833461891 4.27477119e-05
v 0.00161418375 -0.00849705611 0.000131553327
f 3424 3426 3425
v 0.000772875319 -0.00822965012 -0.000103401351
v 0.000408432243 -0.00815350359 -8.00437078e-05
v 0.000754983421 -0.00809340781 -0.000126017574
f 3427 3429 3428
v 0.00116015499 -0.00922024992 0.000118614673
v 0.00129804803 -0.00927650253 0.000161966284
v 0.00122399479 -0.00956708682 8.8845087e-05
f 3430 3432 3431
v -0.00112766702 -0.00674551193 0.00112665921
v -0.00114698678 -0.00600948078 0.00155960224
v -0.00108876102 -0.006057473 0.0012485054
f 3433 3435 3434
v -0.000830924273 -0.00741068798 0.000549168544
v -0.000755139581 -0.00811818973 0.000551919129
v -0.00104492146 -0.00761096671 0.000950538742
f 3436 3438 3437
v 0.00251632628 -0.00656871489 0.00324263019
v 0.00249463374 -0.00646411136 0.00321900006
v 0.0023800887 -0.00650581205 0.00335189834
f 3439 3441 3440
v 0.000808945515 -0.00951573384 9.94392508e-05
v 0.000925791937 -0.00936851284 8.85960674e-05
v 0.00090788335 -0.00967862798 0.00013731825
f 3442 3444 3443
v 0.00149672824 -0.00586600509 0.00371877177
v 0.00173460066 -0.00589309639 0.00357563185
v 0.00131179895 -0.00536377083 0.00375945674
f 3445 3447 3446
v 0.001013373 -0.00588075345 0.00388046174
v 0.00149672824 -0.00586600509 0.00371877177
v 0.00108668837 -0.00549053802 0.00387906694
f 3448 3450 3449
v 0.00224076794 -0.00481751085 0.00313301607
v 0.00239617148 -0.00492393265 0.00294358342
v 0.00233122282 -0.00470203813 0.00303932611
f 3451 3453 3452
v 0.0027321219 -0.00449617364 0.00140213251
v 0.00259359022 -0.00473889741 0.00104231813
v 0.00271738336 -0.00413068701 0.00117549607
f 3454 3456 3455
v -0.00120357727 -0.00564440961 0.00294908496
v -0.00116121382 -0.0058128433 0.0032286378
v -0.00115734128 -0.00563527428 0.00315549987
f 3457 3459 3458
v -0.00120383438 -0.00610658026 0.00320895779
v -0.00116438978 -0.00609449562 0.00328384922
v -0.00114220102 -0.00592527831 0.00328257083
f 3460 3462 3461
v -0.00117081208 -0.00545369694 0.00283623758
v -0.00120357727 -0.00564440961 0.00294908496
v -0.00116184574 -0.00540597903 0.00296971157
f 3463 3465 3464
v 0.0025122863 -0.00908987204 0.00190560095
v 0.00238448829 -0.00909157025 0.00223891893
v 0.00244755101 -0.00926001157 0.00207727589
f 3466 3468 3467
v 0.00181149207 -0.00614432065 0.000270848432
v 0.00181340947 -0.00584459704 0.000263778929
v 0.0019977002 -0.00614884921 0.000361090952
f 3469 3471 3470
v -0.000440166514 -0.00757050293 0.00383973347
v -0.000530692751 -0.00716413851 0.00383443694
v -0.000562063269 -0.00772532221 0.00378796649
f 3472 3474 3473
v -0.000411168412 -0.00711958855 0.00388071894
v -0.000530692751 -0.00716413851 0.00383443694
v -0.000440166514 -0.00757050293 0.00383973347
f 3475 3477 3476
v 0.000157653221 -0.00371309725 0.00371783899
v -7.74149214e-05 -0.00357628523 0.00363465879
v 3.86509839e-05 -0.00393257578 0.00373120347
f 3478 3480 3479
v 0.000171695513 -0.00396124233 0.00376152093
v 0.000157653221 -0.00371309725 0.00371783899
v 3.86509839e-05 -0.00393257578 0.00373120347
f 3481 3483 3482
v -0.000972016005 -0.00347692112 0.00325528454
v -0.00114757686 -0.00364194384 0.00303813467
v -0.001115331 -0.0036930418 0.00315939469
f 3484 3486 3485
v -0.00085153888 -0.00350565206 0.00342604981
v -0.000765149525 -0.00341412597 0.00345724402
v -0.00071081995 -0.00331364863 0.00346868037
f 3487 3489 3488
v -0.00114757686 -0.00364194384 0.00303813467
v -0.00130038716 -0.00387515538 0.00277549625
v -0.00124094131 -0.00382901635 0.00293518715
f 3490 3492 3491
v -0.000723126732 -0.00464094301 0.00347009773
v -0.000350145729 -0.00459958719 0.00366841778
v -0.000606420008 -0.00422184385 0.0035111836
f 3493 3495 3494
v -0.000606420008 -0.00422184385 0.0035111836
v -0.000350145729 -0.00459958719 0.00366841778
v -0.000177892355 -0.00435016118 0.00374093142
f 3496 3498 3497
v -0.000197441773 -0.00383036459 0.00363396321
v -0.000435337188 -0.00371530004 0.003556913
v -0.000645639875 -0.00410161629 0.0034824654
f 3499 3501 3500
v -0.000648793002 -0.00334967444 0.00350038754
v -0.000435337188 -0.00371530004 0.003556913
v -0.000348018716 -0.0034340861 0.0035660345
f 3502 3504 3503
v -0.000348018716 -0.0034340861 0.0035660345
v -0.000197441773 -0.00383036459 0.00363396321
v -7.74149214e-05 -0.00357628523 0.00363465879
f 3505 3507 3506
v -0.000565700066 -0.00325103683 0.00351682938
v -0.000648793002 -0.00334967444 0.00350038754
v -0.000348018716 -0.0034340861 0.0035660345
f 3508 3510 3509
v -0.000889730381 -0.00378347431 0.00336012963
v -0.000899273982 -0.00403850936 0.00329536124
v -0.000714376938 -0.00393558184 0.00345341541
f 3511 3513 3512
v -0.000435337188 -0.00371530004 0.003556913
v -0.000714376938 -0.00393558184 0.00345341541
v -0.000645639875 -0.00410161629 0.0034824654
f 3514 3516 3515
v -0.000645639875 -0.00410161629 0.0034824654
v -0.000714376938 -0.00393558184 0.00345341541
v -0.00082579827 -0.00424705868 0.00334926226
f 3517 3519 3518
v -0.00085153888 -0.00350565206 0.00342604981
v -0.000889730381 -0.00378347431 0.00336012963
v -0.000714376938 -0.00393558184 0.00345341541
f 3520 3522 3521
v -0.000606420008 -0.00422184385 0.0035111836
v -0.000177892355 -0.00435016118 0.00374093142
v -9.21094852e-05 -0.00390647765 0.00367968896
f 3523 3525 3524
v -7.74149214e-05 -0.00357628523 0.00363465879
v -9.21094852e-05 -0.00390647765 0.00367968896
v 3.86509839e-05 -0.00393257578 0.00373120347
f 3526 3528 3527
v -0.000645639875 -0.00410161629 0.0034824654
v -0.000606420008 -0.00422184385 0.0035111836
v -9.21094852e-05 -0.00390647765 0.00367968896
f 3529 3531 3530
v -0.000648793002 -0.00334967444 0.00350038754
v -0.00085153888 -0.00350565206 0.00342604981
v -0.000714376938 -0.00393558184 0.00345341541
f 3532 3534 3533
v -0.000966652806 -0.00438129027 0.00320744912
v -0.00104304154 -0.00451895103 0.0031039428
v -0.000924469441 -0.00487486141 0.00328829847
f 3535 3537 3536
v -0.00104304154 -0.00451895103 0.0031039428
v -0.00109501307 -0.00461384989 0.00301314649
v -0.00103417469 -0.00488759833 0.0031448144
f 3538 3540 3539
v -0.000723126732 -0.00464094301 0.00347009773
v -0.00082579827 -0.00424705868 0.00334926226
v -0.000924469441 -0.00487486141 0.00328829847
f 3541 3543 3542
v -0.000723126732 -0.00464094301 0.00347009773
v -0.000924469441 -0.00487486141 0.00328829847
v -0.00072041189 -0.00494940505 0.00348354588
f 3544 3546 3545
v -0.000924469441 -0.00487486141 0.00328829847
v -0.00104304154 -0.00451895103 0.0031039428
v -0.00103417469 -0.00488759833 0.0031448144
f 3547 3549 3548
v -0.00108095264 -0.00500168535 0.00304867208
v -0.000998359883 -0.00513504492 0.00323357854
v -0.00103417469 -0.00488759833 0.0031448144
f 3550 3552 3551
v -0.00108095264 -0.00500168535 0.00304867208
v -0.00112034204 -0.0051959596 0.00296404487
v -0.000998359883 -0.00513504492 0.00323357854
f 3553 3555 3554
v -0.00082579827 -0.00424705868 0.00334926226
v -0.000899273982 -0.00403850936 0.00329536124
v -0.00112470225 -0.0040644074 0.00308308008
f 3556 3558 3557
v -0.00112470225 -0.0040644074 0.00308308008
v -0.000966652806 -0.00438129027 0.00320744912
v -0.00082579827 -0.00424705868 0.00334926226
f 3559 3561 3560
v -0.00122539614 -0.00392519833 0.0030696523
v -0.00104906921 -0.00371519527 0.00327173984
v -0.001115331 -0.0036930418 0.00315939469
f 3562 3564 3563
v -0.00122539614 -0.00392519833 0.0030696523
v -0.00112470225 -0.0040644074 0.00308308008
v -0.00104906921 -0.00371519527 0.00327173984
f 3565 3567 3566
v -0.001115331 -0.0036930418 0.00315939469
v -0.00124094131 -0.00382901635 0.00293518715
v -0.00122539614 -0.00392519833 0.0030696523
f 3568 3570 3569
v -0.00104906921 -0.00371519527 0.00327173984
v -0.00112470225 -0.0040644074 0.00308308008
v -0.000889730381 -0.00378347431 0.00336012963
f 3571 3573 3572
v -0.00127732756 -0.00393557275 0.00286137256
v -0.00120215927 -0.00407952211 0.0029567811
v -0.00127406429 -0.00394658855 0.00295872051
f 3574 3576 3575
v -0.00122539614 -0.00392519833 0.0030696523
v -0.00127406429 -0.00394658855 0.00295872051
v -0.00120215927 -0.00407952211 0.0029567811
f 3577 3579 3578
v -0.00130038716 -0.00387515538 0.00277549625
v -0.00127732756 -0.00393557275 0.00286137256
v -0.00124094131 -0.00382901635 0.00293518715
f 3580 3582 3581
v -0.00127732756 -0.00393557275 0.00286137256
v -0.00121661888 -0.00415178038 0.00267660762
v -0.00120215927 -0.00407952211 0.0029567811
f 3583 3585 3584
v -0.0011348523 -0.00424008867 0.00300912216
v -0.00112470225 -0.0040644074 0.00308308008
v -0.00120215927 -0.00407952211 0.0029567811
f 3586 3588 3587
v -0.000966652806 -0.00438129027 0.00320744912
v -0.0011348523 -0.00424008867 0.00300912216
v -0.00104304154 -0.00451895103 0.0031039428
f 3589 3591 3590
v -0.00122539614 -0.00392519833 0.0030696523
v -0.00124094131 -0.00382901635 0.00293518715
v -0.00127406429 -0.00394658855 0.00295872051
f 3592 3594 3593
v -0.00109501307 -0.00461384989 0.00301314649
v -0.00113710357 -0.00472039828 0.00285456008
v -0.00111670279 -0.00479093069 0.00296370818
f 3595 3597 3596
v -0.00111670279 -0.00479093069 0.00296370818
v -0.00113710357 -0.00472039828 0.00285456008
v -0.00114317681 -0.00476181376 0.00274748199
f 3598 3600 3599
v -0.00113710357 -0.00472039828 0.00285456008
v -0.00116028377 -0.00440754811 0.00269008269
v -0.00114317681 -0.00476181376 0.00274748199
f 3601 3603 3602
v -0.00116028377 -0.00440754811 0.00269008269
v -0.00113710357 -0.00472039828 0.00285456008
v -0.00113435508 -0.00441439297 0.00295565169
f 3604 3606 3605
v -0.00113957894 -0.00523179333 0.00281777211
v -0.00113723372 -0.00493140542 0.00282201581
v -0.00113827628 -0.00533900457 0.00257320607
f 3607 3609 3608
v -0.00116445508 -0.00441185184 0.00238255743
v -0.00112412972 -0.00478131769 0.00229351135
v -0.00113723372 -0.00493140542 0.00282201581
f 3610 3612 3611
v -0.00111670279 -0.00479093069 0.00296370818
v -0.00103417469 -0.00488759833 0.0031448144
v -0.00109501307 -0.00461384989 0.00301314649
f 3613 3615 3614
v -0.000899273982 -0.00403850936 0.00329536124
v -0.000889730381 -0.00378347431 0.00336012963
v -0.00112470225 -0.0040644074 0.00308308008
f 3616 3618 3617
v 0.000171695513 -0.00396124233 0.00376152093
v 0.000636452887 -0.00490620187 0.00388819244
v 0.000818319313 -0.00446267331 0.00385038365
f 3619 3621 3620
v 0.000955368432 -0.0047040663 0.00385592903
v 0.00119717497 -0.00465094054 0.00377931865
v 0.000964201172 -0.00428428903 0.00380521888
f 3622 3624 3623
v 0.000818319313 -0.00446267331 0.00385038365
v 0.000636452887 -0.00490620187 0.00388819244
v 0.000770818497 -0.00484124284 0.00388785702
f 3625 3627 3626
v 0.00103222646 -0.00504746822 0.00386520187
v 0.00115245766 -0.00489416052 0.00382121798
v 0.000884996916 -0.00510833161 0.00389747584
f 3628 3630 3629
v 0.00115245766 -0.00489416052 0.00382121798
v 0.00103222646 -0.00504746822 0.00386520187
v 0.00121909789 -0.0050592982 0.00379596022
f 3631 3633 3632
v 0.00115245766 -0.00489416052 0.00382121798
v 0.00125054248 -0.00484110933 0.00376323078
v 0.00119717497 -0.00465094054 0.00377931865
f 3634 3636 3635
v 0.00121909789 -0.0050592982 0.00379596022
v 0.00125054248 -0.00484110933 0.00376323078
v 0.00115245766 -0.00489416052 0.00382121798
f 3637 3639 3638
v 0.000955368432 -0.0047040663 0.00385592903
v 0.000884996916 -0.00510833161 0.00389747584
v 0.00115245766 -0.00489416052 0.00382121798
f 3640 3642 3641
v 0.00124860326 -0.00542701673 0.00381120408
v 0.00111272666 -0.00526909935 0.00386855463
v 0.00108668837 -0.00549053802 0.00387906694
f 3643 3645 3644
v 0.000884996916 -0.00510833161 0.00389747584
v 0.00108668837 -0.00549053802 0.00387906694
v 0.00111272666 -0.00526909935 0.00386855463
f 3646 3648 3647
v 0.000770818497 -0.00484124284 0.00388785702
v 0.000884996916 -0.00510833161 0.00389747584
v 0.000955368432 -0.0047040663 0.00385592903
f 3649 3651 3650
v -0.000561170782 -0.0061605293 0.00380885976
v -0.00084651374 -0.00606759641 0.00360837766
v -0.000678130846 -0.00654644973 0.00375684212
f 3652 3654 3653
v -0.000678130846 -0.00654644973 0.00375684212
v -0.00084651374 -0.00606759641 0.00360837766
v -0.000821235517 -0.0065294058 0.00364694861
f 3655 3657 3656
v -0.000821235517 -0.0065294058 0.00364694861
v -0.00101374271 -0.00598242659 0.00345403896
v -0.000967968026 -0.00656955599 0.00350106748
f 3658 3660 3659
v -0.000689076842 -0.00540116416 0.00358006582
v -0.000832650039 -0.00531833612 0.00346034431
v -0.000664652862 -0.00565132905 0.0036441721
f 3661 3663 3662
v -0.00101946707 -0.00549963042 0.00335629593
v -0.00112301095 -0.00546585652 0.00315642355
v -0.00109520997 -0.00557756066 0.00327527341
f 3664 3666 3665
v -0.000664652862 -0.00565132905 0.0036441721
v -0.000832650039 -0.00531833612 0.00346034431
v -0.00101946707 -0.00549963042 0.00335629593
f 3667 3669 3668
v -0.00115734128 -0.00563527428 0.00315549987
v -0.00109520997 -0.00557756066 0.00327527341
v -0.00112301095 -0.00546585652 0.00315642355
f 3670 3672 3671
v -0.000664652862 -0.00565132905 0.0036441721
v -0.00084651374 -0.00606759641 0.00360837766
v -0.00051476095 -0.00589538795 0.00378385666
f 3673 3675 3674
v -0.00051476095 -0.00589538795 0.00378385666
v -0.00084651374 -0.00606759641 0.00360837766
v -0.000561170782 -0.0061605293 0.00380885976
f 3676 3678 3677
v -0.000664652862 -0.00565132905 0.0036441721
v -0.00101946707 -0.00549963042 0.00335629593
v -0.00084651374 -0.00606759641 0.00360837766
f 3679 3681 3680
v -0.00114220102 -0.00592527831 0.00328257083
v -0.00116438978 -0.00609449562 0.00328384922
v -0.00101374271 -0.00598242659 0.00345403896
f 3682 3684 3683
v -0.00116438978 -0.00609449562 0.00328384922
v -0.00102930862 -0.00635654578 0.00340942024
v -0.00101374271 -0.00598242659 0.00345403896
f 3685 3687 3686
v -0.00101374271 -0.00598242659 0.00345403896
v -0.00106050866 -0.00574382175 0.00336811936
v -0.00114220102 -0.00592527831 0.00328257083
f 3688 3690 3689
v 0.000613130305 -0.00634306343 0.00392927468
v -0.000318713569 -0.00666358683 0.00390503847
v 0.000214083275 -0.00698664735 0.00396585892
f 3691 3693 3692
v 0.000721986862 -0.00648827117 0.00394840463
v 0.000613130305 -0.00634306343 0.00392927468
v 0.000214083275 -0.00698664735 0.00396585892
f 3694 3696 3695
v -0.000436879418 -0.00612719959 0.00385401072
v -0.000561170782 -0.0061605293 0.00380885976
v -0.000473610407 -0.00643031526 0.00386578577
f 3697 3699 3698
v 0.000613130305 -0.00634306343 0.00392927468
v -0.000436879418 -0.00612719959 0.00385401072
v -0.000318713569 -0.00666358683 0.00390503847
f 3700 3702 3701
v -0.000473610407 -0.00643031526 0.00386578577
v -0.000318713569 -0.00666358683 0.00390503847
v -0.000436879418 -0.00612719959 0.00385401072
f 3703 3705 3704
v -0.000821235517 -0.0065294058 0.00364694861
v -0.000906492551 -0.00699433804 0.00354784643
v -0.000627762211 -0.00736422007 0.00377031138
f 3706 3708 3707
v -0.000473610407 -0.00643031526 0.00386578577
v -0.000678130846 -0.00654644973 0.00375684212
v -0.000444056104 -0.00675463671 0.0038845541
f 3709 3711 3710
v -0.000967968026 -0.00656955599 0.00350106748
v -0.000906492551 -0.00699433804 0.00354784643
v -0.000821235517 -0.0065294058 0.00364694861
f 3712 3714 3713
v -0.000444056104 -0.00675463671 0.0038845541
v -0.000261270179 -0.00692258036 0.00392286056
v -0.000318713569 -0.00666358683 0.00390503847
f 3715 3717 3716
v 0.000214083275 -0.00698664735 0.00396585892
v -0.000261270179 -0.00692258036 0.00392286056
v 0.000556867371 -0.00734101777 0.00398389202
f 3718 3720 3719
v -0.000261270179 -0.00692258036 0.00392286056
v 0.000214083275 -0.00698664735 0.00396585892
v -0.000318713569 -0.00666358683 0.00390503847
f 3721 3723 3722
v 0.000233293281 -0.00584221198 0.00388561093
v -0.000283627514 -0.00594779049 0.00384735977
v -0.000436879418 -0.00612719959 0.00385401072
f 3724 3726 3725
v 0.000233293281 -0.00584221198 0.00388561093
v -0.000436879418 -0.00612719959 0.00385401072
v 0.000613130305 -0.00634306343 0.00392927468
f 3727 3729 3728
v -0.000678130846 -0.00654644973 0.00375684212
v -0.000627762211 -0.00736422007 0.00377031138
v -0.000530692751 -0.00716413851 0.00383443694
f 3730 3732 3731
v 0.000293452899 -0.00525812393 0.00381902137
v -6.14078374e-05 -0.00441405573 0.00377535252
v -0.000105424101 -0.00473155415 0.00375717536
f 3733 3735 3734
v -0.000350145729 -0.00459958719 0.00366841778
v -0.00072041189 -0.00494940505 0.00348354588
v -0.0005940748 -0.00499017951 0.0035476136
f 3736 3738 3737
v -0.000105424101 -0.00473155415 0.00375717536
v -0.0005940748 -0.00499017951 0.0035476136
v -8.10367055e-05 -0.00512603401 0.00373718103
f 3739 3741 3740
v -0.000105424101 -0.00473155415 0.00375717536
v -0.000350145729 -0.00459958719 0.00366841778
v -0.0005940748 -0.00499017951 0.0035476136
f 3742 3744 3743
v -0.000105424101 -0.00473155415 0.00375717536
v -8.10367055e-05 -0.00512603401 0.00373718103
v 0.000293452899 -0.00525812393 0.00381902137
f 3745 3747 3746
v -0.000124746714 -0.00532796439 0.00373601069
v -5.28778003e-05 -0.00540715228 0.00376808748
v 0.000293452899 -0.00525812393 0.00381902137
f 3748 3750 3749
v -0.0005940748 -0.00499017951 0.0035476136
v -0.00072041189 -0.00494940505 0.00348354588
v -0.000578083564 -0.00518373672 0.00356150158
f 3751 3753 3752
v -0.00072041189 -0.00494940505 0.00348354588
v -0.000722431332 -0.00512939187 0.00349412803
v -0.000578083564 -0.00518373672 0.00356150158
f 3754 3756 3755
v -0.000998359883 -0.00513504492 0.00323357854
v -0.000926396297 -0.00529548233 0.00336528683
v -0.000850754623 -0.00512281804 0.00340758961
f 3757 3759 3758
v -0.000850754623 -0.00512281804 0.00340758961
v -0.000963544881 -0.00502843141 0.00327584894
v -0.000998359883 -0.00513504492 0.00323357854
f 3760 3762 3761
v -0.000578083564 -0.00518373672 0.00356150158
v -0.000689076842 -0.00540116416 0.00358006582
v -0.000593041295 -0.00557385756 0.00366444656
f 3763 3765 3764
v -0.00115734128 -0.00563527428 0.00315549987
v -0.00116184574 -0.00540597903 0.00296971157
v -0.00120357727 -0.00564440961 0.00294908496
f 3766 3768 3767
v -0.000578083564 -0.00518373672 0.00356150158
v -0.000593041295 -0.00557385756 0.00366444656
v -0.00051476095 -0.00589538795 0.00378385666
f 3769 3771 3770
v -0.000926396297 -0.00529548233 0.00336528683
v -0.000998359883 -0.00513504492 0.00323357854
v -0.00104259752 -0.00526408257 0.00320514446
f 3772 3774 3773
v 0.000612847907 -0.0054518172 0.00389629568
v 0.000293452899 -0.00525812393 0.00381902137
v 0.000544962995 -0.0057434976 0.00390122004
f 3775 3777 3776
v -5.28778003e-05 -0.00540715228 0.00376808748
v 0.000544962995 -0.0057434976 0.00390122004
v 0.000293452899 -0.00525812393 0.00381902137
f 3778 3780 3779
v 0.000967544929 -0.00570679949 0.00389282141
v 0.00108668837 -0.00549053802 0.00387906694
v 0.000612847907 -0.0054518172 0.00389629568
f 3781 3783 3782
v 0.000722706 -0.00519427631 0.00390305358
v 0.000612847907 -0.0054518172 0.00389629568
v 0.00108668837 -0.00549053802 0.00387906694
f 3784 3786 3785
v 0.000544962995 -0.0057434976 0.00390122004
v 0.000778234426 -0.00610790667 0.00391867579
v 0.000967544929 -0.00570679949 0.00389282141
f 3787 3789 3788
v 0.001013373 -0.00588075345 0.00388046174
v 0.00108668837 -0.00549053802 0.00387906694
v 0.000967544929 -0.00570679949 0.00389282141
f 3790 3792 3791
v -0.000832650039 -0.00531833612 0.00346034431
v -0.000926396297 -0.00529548233 0.00336528683
v -0.00101946707 -0.00549963042 0.00335629593
f 3793 3795 3794
v -0.00051476095 -0.00589538795 0.00378385666
v -0.000561170782 -0.0061605293 0.00380885976
v -0.000436879418 -0.00612719959 0.00385401072
f 3796 3798 3797
v -0.000924469441 -0.00487486141 0.00328829847
v -0.000963544881 -0.00502843141 0.00327584894
v -0.000850754623 -0.00512281804 0.00340758961
f 3799 3801 3800
v 0.00108668837 -0.00549053802 0.00387906694
v 0.00149672824 -0.00586600509 0.00371877177
v 0.00124860326 -0.00542701673 0.00381120408
f 3802 3804 3803
v -0.000944705153 -0.00756616646 0.00347951245
v -0.000873859881 -0.00807900433 0.0035369274
v -0.000663513947 -0.00768070968 0.00372180657
f 3805 3807 3806
v -0.000906492551 -0.00699433804 0.00354784643
v -0.000944705153 -0.00756616646 0.00347951245
v -0.000663513947 -0.00768070968 0.00372180657
f 3808 3810 3809
v -0.000906492551 -0.00699433804 0.00354784643
v -0.00102259919 -0.00730002575 0.00340305123
v -0.000944705153 -0.00756616646 0.00347951245
f 3811 3813 3812
v -0.000530692751 -0.00716413851 0.00383443694
v -0.000627762211 -0.00736422007 0.00377031138
v -0.000562063269 -0.00772532221 0.00378796649
f 3814 3816 3815
v -0.00108308541 -0.007539137 0.003270655
v -0.00100969191 -0.00782142888 0.00337586134
v -0.000944705153 -0.00756616646 0.00347951245
f 3817 3819 3818
v -0.000944705153 -0.00756616646 0.00347951245
v -0.00102259919 -0.00730002575 0.00340305123
v -0.00108308541 -0.007539137 0.003270655
f 3820 3822 3821
v -0.000873859881 -0.00807900433 0.0035369274
v -0.000944705153 -0.00756616646 0.00347951245
v -0.00100969191 -0.00782142888 0.00337586134
f 3823 3825 3824
v -0.0011941951 -0.00804068623 0.00292485947
v -0.00126645582 -0.00788647958 0.00256248459
v -0.00123514192 -0.00819559937 0.00267929063
f 3826 3828 3827
v -0.000967968026 -0.00656955599 0.00350106748
v -0.00102930862 -0.00635654578 0.00340942024
v -0.00110790479 -0.0067583831 0.00326772097
f 3829 3831 3830
v -0.00110790479 -0.0067583831 0.00326772097
v -0.00102930862 -0.00635654578 0.00340942024
v -0.00116134443 -0.00643642488 0.00322460437
f 3832 3834 3833
v -0.00116134443 -0.00643642488 0.00322460437
v -0.00118866174 -0.00653362731 0.00317466765
v -0.00110790479 -0.0067583831 0.00326772097
f 3835 3837 3836
v -0.00123611135 -0.00590203745 0.00299446874
v -0.00120383438 -0.00610658026 0.00320895779
v -0.00119384495 -0.00588516923 0.00317623562
f 3838 3840 3839
v -0.00120357727 -0.00564440961 0.00294908496
v -0.00123611135 -0.00590203745 0.00299446874
v -0.00116121382 -0.0058128433 0.0032286378
f 3841 3843 3842
v -0.00116438978 -0.00609449562 0.00328384922
v -0.00122665315 -0.00624331587 0.00312853299
v -0.00116134443 -0.00643642488 0.00322460437
f 3844 3846 3845
v -0.00116438978 -0.00609449562 0.00328384922
v -0.00120383438 -0.00610658026 0.00320895779
v -0.00122665315 -0.00624331587 0.00312853299
f 3847 3849 3848
v -0.00123611135 -0.00590203745 0.00299446874
v -0.00126426739 -0.00615089884 0.0029971965
v -0.00120383438 -0.00610658026 0.00320895779
f 3850 3852 3851
v -0.00125543802 -0.00610003481 0.00289877535
v -0.00126259074 -0.00632603769 0.00285667411
v -0.00125929782 -0.00630164359 0.00297293154
f 3853 3855 3854
v -0.00126107016 -0.006460843 0.00283794525
v -0.00124358712 -0.0067176501 0.0028673403
v -0.00123983045 -0.00657753553 0.00297485458
f 3856 3858 3857
v -0.00120993609 -0.00659238576 0.00234274667
v -0.00126107016 -0.006460843 0.00283794525
v -0.00126259074 -0.00632603769 0.00285667411
f 3859 3861 3860
v -0.000967968026 -0.00656955599 0.00350106748
v -0.00110790479 -0.0067583831 0.00326772097
v -0.00103052762 -0.00699821758 0.00339946673
f 3862 3864 3863
v -0.00110790479 -0.0067583831 0.00326772097
v -0.0011925812 -0.00683180187 0.00306813017
v -0.00113345814 -0.00708115549 0.00320568506
f 3865 3867 3866
v -0.00103052762 -0.00699821758 0.00339946673
v -0.00110790479 -0.0067583831 0.00326772097
v -0.00113345814 -0.00708115549 0.00320568506
f 3868 3870 3869
v -0.00118052467 -0.00728436353 0.00306069232
v -0.00108308541 -0.007539137 0.003270655
v -0.00113345814 -0.00708115549 0.00320568506
f 3871 3873 3872
v -0.00118052467 -0.00728436353 0.00306069232
v -0.00113345814 -0.00708115549 0.00320568506
v -0.00120511504 -0.00703072437 0.00294914971
f 3874 3876 3875
v -0.00118052467 -0.00728436353 0.00306069232
v -0.00124099042 -0.00731944383 0.00271386452
v -0.00125570568 -0.00765999357 0.00264848022
f 3877 3879 3878
v -0.00124099042 -0.00731944383 0.00271386452
v -0.00118052467 -0.00728436353 0.00306069232
v -0.00120511504 -0.00703072437 0.00294914971
f 3880 3882 3881
v -0.00123983045 -0.00657753553 0.00297485458
v -0.00124358712 -0.0067176501 0.0028673403
v -0.0011925812 -0.00683180187 0.00306813017
f 3883 3885 3884
v -0.0012471789 -0.00679011791 0.00269858574
v -0.00121846824 -0.00699269294 0.00221980754
v -0.00123709115 -0.007056904 0.00265187628
f 3886 3888 3887
v -0.00124358712 -0.0067176501 0.0028673403
v -0.00123709115 -0.007056904 0.00265187628
v -0.00120511504 -0.00703072437 0.00294914971
f 3889 3891 3890
v -0.00125570568 -0.00765999357 0.00264848022
v -0.00117402724 -0.00762725831 0.00305278518
v -0.00118052467 -0.00728436353 0.00306069232
f 3892 3894 3893
v -0.00123514192 -0.00819559937 0.00267929063
v -0.00126348395 -0.00810095589 0.00249394216
v -0.00124357521 -0.00825738243 0.00247970402
f 3895 3897 3896
v -0.00125570568 -0.00765999357 0.00264848022
v -0.0012676619 -0.00766802768 0.00245791871
v -0.00126533168 -0.00788210746 0.00238218308
f 3898 3900 3899
v -0.00126533168 -0.00788210746 0.00238218308
v -0.00126645582 -0.00788647958 0.00256248459
v -0.00125570568 -0.00765999357 0.00264848022
f 3901 3903 3902
v -0.00122742404 -0.00807118049 0.00213791827
v -0.00126348395 -0.00810095589 0.00249394216
v -0.00126533168 -0.00788210746 0.00238218308
f 3904 3906 3905
v -0.00121613039 -0.00719112795 0.00220960083
v -0.00124725084 -0.00732879344 0.00244368584
v -0.00123709115 -0.007056904 0.00265187628
f 3907 3909 3908
v -0.00124725084 -0.00732879344 0.00244368584
v -0.00121613039 -0.00719112795 0.00220960083
v -0.0012676619 -0.00766802768 0.00245791871
f 3910 3912 3911
v -0.00121613039 -0.00719112795 0.00220960083
v -0.00114397981 -0.0079430094 0.00163674831
v -0.00122742404 -0.00807118049 0.00213791827
f 3913 3915 3914
v -0.00113827628 -0.00533900457 0.00257320607
v -0.00117081208 -0.00545369694 0.00283623758
v -0.00113957894 -0.00523179333 0.00281777211
f 3916 3918 3917
v -0.00113827628 -0.00533900457 0.00257320607
v -0.00113917895 -0.00554698272 0.00239972724
v -0.00117081208 -0.00545369694 0.00283623758
f 3919 3921 3920
v -0.00117081208 -0.00545369694 0.00283623758
v -0.00113917895 -0.00554698272 0.00239972724
v -0.00120357727 -0.00564440961 0.00294908496
f 3922 3924 3923
v -0.00120357727 -0.00564440961 0.00294908496
v -0.00113917895 -0.00554698272 0.00239972724
v -0.00122249339 -0.00581362219 0.00288965894
f 3925 3927 3926
v -0.00125543802 -0.00610003481 0.00289877535
v -0.00115583298 -0.00584829286 0.00229837315
v -0.00118373919 -0.00617814439 0.00232118
f 3928 3930 3929
v -0.00118373919 -0.00617814439 0.00232118
v -0.00126259074 -0.00632603769 0.00285667411
v -0.00125543802 -0.00610003481 0.00289877535
f 3931 3933 3932
v -0.00120993609 -0.00659238576 0.00234274667
v -0.00118373919 -0.00617814439 0.00232118
v -0.0011731594 -0.00623764427 0.00176039084
f 3934 3936 3935
v -0.00112120624 -0.00554009239 0.00153319215
v -0.00114698678 -0.00600948078 0.00155960224
v -0.00113917895 -0.00554698272 0.00239972724
f 3937 3939 3938
v -0.00115583298 -0.00584829286 0.00229837315
v -0.0011731594 -0.00623764427 0.00176039084
v -0.00118373919 -0.00617814439 0.00232118
f 3940 3942 3941
v -0.0011731594 -0.00623764427 0.00176039084
v -0.00121846824 -0.00699269294 0.00221980754
v -0.00120993609 -0.00659238576 0.00234274667
f 3943 3945 3944
v -0.0011731594 -0.00623764427 0.00176039084
v -0.00114698678 -0.00600948078 0.00155960224
v -0.00114801551 -0.00654934775 0.00132798868
f 3946 3948 3947
v -0.0011731594 -0.00623764427 0.00176039084
v -0.00115766288 -0.0068712965 0.0013179204
v -0.00121846824 -0.00699269294 0.00221980754
f 3949 3951 3950
v -0.0011462228 -0.00740239411 0.0015088046
v -0.00109450611 -0.00774328582 0.00114187587
v -0.00114397981 -0.0079430094 0.00163674831
f 3952 3954 3953
v -0.0011462228 -0.00740239411 0.0015088046
v -0.00110007459 -0.00740929245 0.00107128535
v -0.00109450611 -0.00774328582 0.00114187587
f 3955 3957 3956
v -0.00114801551 -0.00654934775 0.00132798868
v -0.00112766702 -0.00674551193 0.00112665921
v -0.00115766288 -0.0068712965 0.0013179204
f 3958 3960 3959
v -0.00108413378 -0.00730328757 0.000989134605
v -0.00110007459 -0.00740929245 0.00107128535
v -0.00112054122 -0.00701577883 0.00107312144
f 3961 3963 3962
v -0.00112766702 -0.00674551193 0.00112665921
v -0.00112054122 -0.00701577883 0.00107312144
v -0.00115766288 -0.0068712965 0.0013179204
f 3964 3966 3965
v -0.00121846824 -0.00699269294 0.00221980754
v -0.00126107016 -0.006460843 0.00283794525
v -0.00120993609 -0.00659238576 0.00234274667
f 3967 3969 3968
v -0.00123709115 -0.007056904 0.00265187628
v -0.00124725084 -0.00732879344 0.00244368584
v -0.00124099042 -0.00731944383 0.00271386452
f 3970 3972 3971
v -0.00104492146 -0.00761096671 0.000950538742
v -0.000943386294 -0.00819753259 0.000903963246
v -0.00107261985 -0.00778389513 0.0010561831
f 3973 3975 3974
v -0.00104492146 -0.00761096671 0.000950538742
v -0.00102832983 -0.00710969325 0.000816638567
v -0.000830924273 -0.00741068798 0.000549168544
f 3976 3978 3977
v -0.000440166514 -0.00757050293 0.00383973347
v -0.000160434047 -0.00779577604 0.00386910506
v -0.000261270179 -0.00692258036 0.00392286056
f 3979 3981 3980
v 6.86080625e-05 -0.00765652658 0.00390414352
v 0.000691068999 -0.00829645287 0.00381433238
v 0.00070792139 -0.00750899562 0.00398024204
f 3982 3984 3983
v -0.000160434047 -0.00779577604 0.00386910506
v 0.000296416579 -0.00883716857 0.00375496675
v 0.000691068999 -0.00829645287 0.00381433238
f 3985 3987 3986
v 0.000766068661 -0.00854401078 0.00375379386
v 0.000729006933 -0.00846550392 0.00378178884
v 0.000479408845 -0.00889418516 0.00373524272
f 3988 3990 3989
v 0.000753468566 -0.00897995706 0.00366071836
v 0.00114840404 -0.00899483566 0.00349336915
v 0.00100732841 -0.00866062546 0.0036401012
f 3991 3993 3992
v 0.000910597282 -0.00919325903 0.00354623553
v 0.00114840404 -0.00899483566 0.00349336915
v 0.000753468566 -0.00897995706 0.00366071836
f 3994 3996 3995
v 0.00173460066 -0.00589309639 0.00357563185
v 0.00230749047 -0.00603138433 0.00317947633
v 0.00131179895 -0.00536377083 0.00375945674
f 3997 3999 3998
v 0.00230749047 -0.00603138433 0.00317947633
v 0.00229208053 -0.00587554023 0.00315252473
v 0.00131179895 -0.00536377083 0.00375945674
f 4000 4002 4001
v 0.00230749047 -0.00603138433 0.00317947633
v 0.00173460066 -0.00589309639 0.00357563185
v 0.00209405334 -0.0060608163 0.00336495832
f 4003 4005 4004
v 0.000721986862 -0.00648827117 0.00394840463
v 0.000214083275 -0.00698664735 0.00396585892
v 0.000513705436 -0.00707835061 0.00401277612
f 4006 4008 4007
v 0.000710017684 -0.00720404933 0.00405357896
v 0.000513705436 -0.00707835061 0.00401277612
v 0.000556867371 -0.00734101777 0.00398389202
f 4009 4011 4010
v 0.000789207934 -0.00702800971 0.00403601989
v 0.000513705436 -0.00707835061 0.00401277612
v 0.000710017684 -0.00720404933 0.00405357896
f 4012 4014 4013
v 0.000721986862 -0.00648827117 0.00394840463
v 0.000513705436 -0.00707835061 0.00401277612
v 0.000789207934 -0.00702800971 0.00403601989
f 4015 4017 4016
v 0.000710017684 -0.00720404933 0.00405357896
v 0.000928782174 -0.00746596997 0.00400150566
v 0.00107746373 -0.00730522588 0.00398729753
f 4018 4020 4019
v 0.000928782174 -0.00746596997 0.00400150566
v 0.00125114375 -0.00747064187 0.00390662099
v 0.00107746373 -0.00730522588 0.00398729753
f 4021 4023 4022
v 0.000789207934 -0.00702800971 0.00403601989
v 0.000795499363 -0.00653424286 0.00395083916
v 0.000721986862 -0.00648827117 0.00394840463
f 4024 4026 4025
v 0.000775945227 -0.00633665913 0.00392041657
v 0.00108733575 -0.00653622919 0.00385485837
v 0.000967309279 -0.00635352917 0.00387094333
f 4027 4029 4028
v 0.00139970161 -0.00661226295 0.00376735989
v 0.000979409106 -0.00689962835 0.00401366124
v 0.00146160455 -0.0069538859 0.00383305414
f 4030 4032 4031
v 0.00110893643 -0.00703486439 0.00398978373
v 0.00130844091 -0.00724101847 0.00392249785
v 0.00146160455 -0.0069538859 0.00383305414
f 4033 4035 4034
v 0.00151390859 -0.00733559355 0.00382227408
v 0.00175288242 -0.00690834349 0.00369890768
v 0.00130844091 -0.00724101847 0.00392249785
f 4036 4038 4037
v 0.000885016198 -0.00713800837 0.0040349667
v 0.00107746373 -0.00730522588 0.00398729753
v 0.00110893643 -0.00703486439 0.00398978373
f 4039 4041 4040
v 0.00128022075 -0.00772564963 0.00383758306
v 0.00125114375 -0.00747064187 0.00390662099
v 0.000928782174 -0.00746596997 0.00400150566
f 4042 4044 4043
v 0.00125114375 -0.00747064187 0.00390662099
v 0.00151390859 -0.00733559355 0.00382227408
v 0.00130844091 -0.00724101847 0.00392249785
f 4045 4047 4046
v 0.00179954513 -0.00789004916 0.00354242293
v 0.00187876467 -0.00798787223 0.00344881555
v 0.00198164216 -0.00764826618 0.00352762218
f 4048 4050 4049
v 0.00182181939 -0.00752287524 0.00364914049
v 0.00179954513 -0.00789004916 0.00354242293
v 0.00198164216 -0.00764826618 0.00352762218
f 4051 4053 4052
v 0.00092794744 -0.00824140661 0.00379444864
v 0.000729006933 -0.00846550392 0.00378178884
v 0.000766068661 -0.00854401078 0.00375379386
f 4054 4056 4055
v 0.00148540466 -0.00844602255 0.00350423215
v 0.00163556488 -0.0081670958 0.00352544739
v 0.00121278854 -0.00816133033 0.00372988579
f 4057 4059 4058
v 0.00100732841 -0.00866062546 0.0036401012
v 0.00120820587 -0.00861147419 0.00358653306
v 0.00092794744 -0.00824140661 0.00379444864
f 4060 4062 4061
v 0.00100732841 -0.00866062546 0.0036401012
v 0.00114840404 -0.00899483566 0.00349336915
v 0.00120820587 -0.00861147419 0.00358653306
f 4063 4065 4064
v 0.00120820587 -0.00861147419 0.00358653306
v 0.00114840404 -0.00899483566 0.00349336915
v 0.00132585046 -0.0088293782 0.0034480945
f 4066 4068 4067
v 0.00163556488 -0.0081670958 0.00352544739
v 0.00187876467 -0.00798787223 0.00344881555
v 0.00179954513 -0.00789004916 0.00354242293
f 4069 4071 4070
v 0.00121278854 -0.00816133033 0.00372988579
v 0.00182181939 -0.00752287524 0.00364914049
v 0.00128022075 -0.00772564963 0.00383758306
f 4072 4074 4073
v 0.00132585046 -0.0088293782 0.0034480945
v 0.00148540466 -0.00844602255 0.00350423215
v 0.00120820587 -0.00861147419 0.00358653306
f 4075 4077 4076
v 0.000967309279 -0.00635352917 0.00387094333
v 0.00162154392 -0.00605175665 0.00367464309
v 0.001013373 -0.00588075345 0.00388046174
f 4078 4080 4079
v 0.001013373 -0.00588075345 0.00388046174
v 0.00162154392 -0.00605175665 0.00367464309
v 0.00149672824 -0.00586600509 0.00371877177
f 4081 4083 4082
v 0.00139970161 -0.00661226295 0.00376735989
v 0.00146160455 -0.0069538859 0.00383305414
v 0.00171676766 -0.00676817726 0.00369027657
f 4084 4086 4085
v 0.00160584023 -0.00666606866 0.00370808375
v 0.00171676766 -0.00676817726 0.00369027657
v 0.00178611626 -0.00647594352 0.0036425703
f 4087 4089 4088
v 0.00149672824 -0.00586600509 0.00371877177
v 0.00195348966 -0.00626772526 0.00354683798
v 0.00173460066 -0.00589309639 0.00357563185
f 4090 4092 4091
v 0.00162154392 -0.00605175665 0.00367464309
v 0.00195348966 -0.00626772526 0.00354683798
v 0.00149672824 -0.00586600509 0.00371877177
f 4093 4095 4094
v 0.00178611626 -0.00647594352 0.0036425703
v 0.00200111244 -0.00672682509 0.00357435129
v 0.00195348966 -0.00626772526 0.00354683798
f 4096 4098 4097
v 0.00195348966 -0.00626772526 0.00354683798
v 0.0023800887 -0.00650581205 0.00335189834
v 0.00209405334 -0.0060608163 0.00336495832
f 4099 4101 4100
v 0.000967309279 -0.00635352917 0.00387094333
v 0.00139970161 -0.00661226295 0.00376735989
v 0.00162154392 -0.00605175665 0.00367464309
f 4102 4104 4103
v 0.00220867969 -0.00740312462 0.00346469023
v 0.00234696254 -0.0072129762 0.00340692568
v 0.00224183459 -0.00716783252 0.00347205132
f 4105 4107 4106
v 0.00220867969 -0.00740312462 0.00346469023
v 0.00233398459 -0.00742947668 0.00336302401
v 0.00234696254 -0.0072129762 0.00340692568
f 4108 4110 4109
v 0.00187876467 -0.00798787223 0.00344881555
v 0.00232786406 -0.00783282812 0.00318509628
v 0.00198164216 -0.00764826618 0.00352762218
f 4111 4113 4112
v 0.00232786406 -0.00783282812 0.00318509628
v 0.00246255386 -0.00794336374 0.00299823714
v 0.00231964314 -0.00757418165 0.0033118602
f 4114 4116 4115
v 0.00202128849 -0.00755516448 0.00353715477
v 0.00220867969 -0.00740312462 0.00346469023
v 0.00209219124 -0.00738210219 0.00353198229
f 4117 4119 4118
v 0.00232786406 -0.00783282812 0.00318509628
v 0.00231964314 -0.00757418165 0.0033118602
v 0.00198164216 -0.00764826618 0.00352762218
f 4120 4122 4121
v 0.00224183459 -0.00716783252 0.00347205132
v 0.00237554286 -0.00698570948 0.00338954887
v 0.00237599579 -0.00680217854 0.00338480022
f 4123 4125 4124
v 0.00239381734 -0.00659966754 0.00336436933
v 0.00251632628 -0.00656871489 0.00324263019
v 0.0023800887 -0.00650581205 0.00335189834
f 4126 4128 4127
v 0.00244481471 -0.00668356151 0.00332288328
v 0.00251632628 -0.00656871489 0.00324263019
v 0.00239381734 -0.00659966754 0.00336436933
f 4129 4131 4130
v 0.00244481471 -0.00668356151 0.00332288328
v 0.00253270919 -0.00681548408 0.00322186934
v 0.00251632628 -0.00656871489 0.00324263019
f 4132 4134 4133
v 0.00200111244 -0.00672682509 0.00357435129
v 0.00237599579 -0.00680217854 0.00338480022
v 0.00239381734 -0.00659966754 0.00336436933
f 4135 4137 4136
v 0.00237599579 -0.00680217854 0.00338480022
v 0.00244481471 -0.00668356151 0.00332288328
v 0.00239381734 -0.00659966754 0.00336436933
f 4138 4140 4139
v 0.00224183459 -0.00716783252 0.00347205132
v 0.00243553877 -0.00718249939 0.0033256576
v 0.00237554286 -0.00698570948 0.00338954887
f 4141 4143 4142
v 0.00243553877 -0.00718249939 0.0033256576
v 0.00245520314 -0.00691418245 0.00332153795
v 0.00237554286 -0.00698570948 0.00338954887
f 4144 4146 4145
v 0.00245520314 -0.00691418245 0.00332153795
v 0.00267484884 -0.00679705772 0.0030093237
v 0.00253270919 -0.00681548408 0.00322186934
f 4147 4149 4148
v 0.00243553877 -0.00718249939 0.0033256576
v 0.00275202947 -0.00757706366 0.00276582505
v 0.00279162323 -0.00700832315 0.00281033208
f 4150 4152 4151
v 0.00246255386 -0.00794336374 0.00299823714
v 0.00251744223 -0.00745525394 0.00313964119
v 0.00231964314 -0.00757418165 0.0033118602
f 4153 4155 4154
v 0.00251744223 -0.00745525394 0.00313964119
v 0.00243553877 -0.00718249939 0.0033256576
v 0.00233398459 -0.00742947668 0.00336302401
f 4156 4158 4157
v 0.000951456332 -0.00790703416 0.00388403278
v 0.000928782174 -0.00746596997 0.00400150566
v 0.000843919224 -0.00780391638 0.00392338479
f 4159 4161 4160
v 0.00114840404 -0.00899483566 0.00349336915
v 0.00130897051 -0.0091525646 0.00335331824
v 0.00132585046 -0.0088293782 0.0034480945
f 4162 4164 4163
v 0.00130897051 -0.0091525646 0.00335331824
v 0.00174280067 -0.0093881521 0.00302760436
v 0.0016932112 -0.00911516836 0.00310318937
f 4165 4167 4166
v 0.00153670353 -0.00936578363 0.00317705089
v 0.00174280067 -0.0093881521 0.00302760436
v 0.00130897051 -0.0091525646 0.00335331824
f 4168 4170 4169
v 0.00187876467 -0.00798787223 0.00344881555
v 0.00186538018 -0.00857534033 0.00319320861
v 0.0021823771 -0.00838066117 0.00304157475
f 4171 4173 4172
v 0.00186538018 -0.00857534033 0.00319320861
v 0.00202891024 -0.00860747241 0.00304983678
v 0.0021823771 -0.00838066117 0.00304157475
f 4174 4176 4175
v 0.00186538018 -0.00857534033 0.00319320861
v 0.00184182609 -0.00880342923 0.00309994357
v 0.00202891024 -0.00860747241 0.00304983678
f 4177 4179 4178
v 0.00184182609 -0.00880342923 0.00309994357
v 0.00186538018 -0.00857534033 0.00319320861
v 0.00132585046 -0.0088293782 0.0034480945
f 4180 4182 4181
v 0.00173143144 -0.0090205016 0.00309065181
v 0.00187298992 -0.0089720932 0.00296611906
v 0.00184182609 -0.00880342923 0.00309994357
f 4183 4185 4184
v 0.00180060451 -0.00922200707 0.00298211671
v 0.00195262492 -0.00909142473 0.00280043059
v 0.00187298992 -0.0089720932 0.00296611906
f 4186 4188 4187
v 0.00173143144 -0.0090205016 0.00309065181
v 0.00180060451 -0.00922200707 0.00298211671
v 0.00187298992 -0.0089720932 0.00296611906
f 4189 4191 4190
v 0.00180060451 -0.00922200707 0.00298211671
v 0.00184132041 -0.00937925142 0.00292307832
v 0.00203618074 -0.00924355991 0.00264784558
f 4192 4194 4193
v 0.00203618074 -0.00924355991 0.00264784558
v 0.00222107283 -0.00917816287 0.00245111169
v 0.00217860324 -0.00898068174 0.00260978413
f 4195 4197 4196
v 0.00203618074 -0.00924355991 0.00264784558
v 0.00217860324 -0.00898068174 0.00260978413
v 0.00195262492 -0.00909142473 0.00280043059
f 4198 4200 4199
v 0.00174280067 -0.0093881521 0.00302760436
v 0.00180060451 -0.00922200707 0.00298211671
v 0.0016932112 -0.00911516836 0.00310318937
f 4201 4203 4202
v 0.00132585046 -0.0088293782 0.0034480945
v 0.00186538018 -0.00857534033 0.00319320861
v 0.00148540466 -0.00844602255 0.00350423215
f 4204 4206 4205
v 0.00237904933 -0.00804068477 0.00304528439
v 0.00245936772 -0.00814578889 0.00288756401
v 0.00246255386 -0.00794336374 0.00299823714
f 4207 4209 4208
v 0.00246255386 -0.00794336374 0.00299823714
v 0.00287242274 -0.00772778949 0.00250675366
v 0.00251744223 -0.00745525394 0.00313964119
f 4210 4212 4211
v 0.00287242274 -0.00772778949 0.00250675366
v 0.00246255386 -0.00794336374 0.00299823714
v 0.00264555219 -0.00794879306 0.00272537691
f 4213 4215 4214
v 0.00187298992 -0.0089720932 0.00296611906
v 0.00224653395 -0.00841764195 0.0029583749
v 0.00202891024 -0.00860747241 0.00304983678
f 4216 4218 4217
v 0.00235072057 -0.00827162439 0.00294960082
v 0.00224653395 -0.00841764195 0.0029583749
v 0.00229280613 -0.0085505133 0.00280624154
f 4219 4221 4220
v 0.00229280613 -0.0085505133 0.00280624154
v 0.00246554482 -0.00839924905 0.00263035217
v 0.00235072057 -0.00827162439 0.00294960082
f 4222 4224 4223
v 0.00238448829 -0.00909157025 0.00223891893
v 0.00236533269 -0.00933727497 0.0022398679
v 0.00244755101 -0.00926001157 0.00207727589
f 4225 4227 4226
v 0.00239697274 -0.00882837048 0.00238663542
v 0.00235837815 -0.00867084382 0.00258935797
v 0.00217860324 -0.00898068174 0.00260978413
f 4228 4230 4229
v 0.00235837815 -0.00867084382 0.00258935797
v 0.00251301062 -0.00847530682 0.00240577137
v 0.00246554482 -0.00839924905 0.00263035217
f 4231 4233 4232
v 0.00251301062 -0.00847530682 0.00240577137
v 0.00270246255 -0.00812711951 0.00242864262
v 0.00246554482 -0.00839924905 0.00263035217
f 4234 4236 4235
v 0.00251847378 -0.00866999035 0.00217383895
v 0.00251301062 -0.00847530682 0.00240577137
v 0.00246909185 -0.00898591024 0.00209000555
f 4237 4239 4238
v 0.00239697274 -0.00882837048 0.00238663542
v 0.00246909185 -0.00898591024 0.00209000555
v 0.00251301062 -0.00847530682 0.00240577137
f 4240 4242 4241
v 0.00246909185 -0.00898591024 0.00209000555
v 0.0025122863 -0.00908987204 0.00190560095
v 0.00253760991 -0.0088859073 0.00187983915
f 4243 4245 4244
v 0.00251847378 -0.00866999035 0.00217383895
v 0.00255989999 -0.0086189757 0.00194980312
v 0.00260652141 -0.00845910254 0.0020269541
f 4246 4248 4247
v 0.00238448829 -0.00909157025 0.00223891893
v 0.00246909185 -0.00898591024 0.00209000555
v 0.00239697274 -0.00882837048 0.00238663542
f 4249 4251 4250
v 0.0025122863 -0.00908987204 0.00190560095
v 0.00246909185 -0.00898591024 0.00209000555
v 0.00238448829 -0.00909157025 0.00223891893
f 4252 4254 4253
v 0.00217860324 -0.00898068174 0.00260978413
v 0.00229280613 -0.0085505133 0.00280624154
v 0.00187298992 -0.0089720932 0.00296611906
f 4255 4257 4256
v 0.00148540466 -0.00844602255 0.00350423215
v 0.00186538018 -0.00857534033 0.00319320861
v 0.00163556488 -0.0081670958 0.00352544739
f 4258 4260 4259
v 0.00241282887 -0.00629748683 0.00321778934
v 0.00209405334 -0.0060608163 0.00336495832
v 0.0023800887 -0.00650581205 0.00335189834
f 4261 4263 4262
v -0.000969043867 -0.00952672126 0.00327772432
v -0.000828727934 -0.00979068936 0.00337802994
v -0.000721704555 -0.00933466727 0.00351393683
f 4264 4266 4265
v -0.000721704555 -0.00933466727 0.00351393683
v -0.000565702203 -0.00987385138 0.00350172559
v -0.000626549991 -0.00939518577 0.00356096134
f 4267 4269 4268
v -0.000721704555 -0.00933466727 0.00351393683
v -0.000828727934 -0.00979068936 0.00337802994
v -0.000565702203 -0.00987385138 0.00350172559
f 4270 4272 4271
v -0.000889078365 -0.010228109 0.00328420065
v -0.000988327247 -0.0100886544 0.00322299056
v -0.00101077294 -0.0102608996 0.00319798128
f 4273 4275 4274
v -0.00101077294 -0.0102608996 0.00319798128
v -0.00103327084 -0.0103594663 0.00315344769
v -0.000889078365 -0.010228109 0.00328420065
f 4276 4278 4277
v -0.00110202 -0.0102117228 0.00306462389
v -0.00101077294 -0.0102608996 0.00319798128
v -0.000988327247 -0.0100886544 0.00322299056
f 4279 4281 4280
v -0.000969043867 -0.00952672126 0.00327772432
v -0.000988327247 -0.0100886544 0.00322299056
v -0.000828727934 -0.00979068936 0.00337802994
f 4282 4284 4283
v -0.00106209864 -0.00998162213 0.00314121171
v -0.00113602582 -0.00996894596 0.00299640542
v -0.00114037002 -0.0101306206 0.0029990988
f 4285 4287 4286
v -0.000828727934 -0.00979068936 0.00337802994
v -0.000988327247 -0.0100886544 0.00322299056
v -0.000889078365 -0.010228109 0.00328420065
f 4288 4290 4289
v -0.00106209864 -0.00998162213 0.00314121171
v -0.00110202 -0.0102117228 0.00306462389
v -0.000988327247 -0.0100886544 0.00322299056
f 4291 4293 4292
v -0.00018537778 -0.010282619 0.00352683965
v -0.000535637946 -0.0103880651 0.00343592255
v -0.000206159871 -0.0108665656 0.00346256347
f 4294 4296 4295
v -0.000250512062 -0.00975206713 0.00359815422
v -0.000366625773 -0.00997956085 0.00355263219
v -0.00018537778 -0.010282619 0.00352683965
f 4297 4299 4298
v -0.00018537778 -0.010282619 0.00352683965
v 5.95453059e-05 -0.0105356245 0.00351894923
v -8.23558537e-05 -0.009938109 0.00356706878
f 4300 4302 4301
v -0.000889078365 -0.010228109 0.00328420065
v -0.00103327084 -0.0103594663 0.00315344769
v -0.000829920918 -0.0106167608 0.00330224684
f 4303 4305 4304
v -0.000883712437 -0.0108447122 0.00328154129
v -0.000829920918 -0.0106167608 0.00330224684
v -0.0010135559 -0.0108185755 0.00319447827
f 4306 4308 4307
v -0.000701209956 -0.0102662183 0.00338677964
v -0.000636208961 -0.0106923602 0.0033969678
v -0.000535637946 -0.0103880651 0.00343592255
f 4309 4311 4310
v -0.000565702203 -0.00987385138 0.00350172559
v -0.000828727934 -0.00979068936 0.00337802994
v -0.000701209956 -0.0102662183 0.00338677964
f 4312 4314 4313
v -0.000851578807 -0.00848098352 0.00352087518
v -0.000965238814 -0.00862913221 0.00336901576
v -0.000905669185 -0.00877961065 0.00343446736
f 4315 4317 4316
v -0.000549576862 -0.00864614631 0.00369888076
v -0.000410876555 -0.0086506916 0.00374781594
v -0.00052700384 -0.00833385129 0.00375145828
f 4318 4320 4319
v -0.000410876555 -0.0086506916 0.00374781594
v -0.000549576862 -0.00864614631 0.00369888076
v -0.000464947971 -0.00875684127 0.00372156101
f 4321 4323 4322
v -0.000410876555 -0.0086506916 0.00374781594
v -0.000464947971 -0.00875684127 0.00372156101
v -0.000404299453 -0.00919699523 0.003667891
f 4324 4326 4325
v -0.000851578807 -0.00848098352 0.00352087518
v -0.000905669185 -0.00877961065 0.00343446736
v -0.000721704555 -0.00933466727 0.00351393683
f 4327 4329 4328
v -0.00052700384 -0.00833385129 0.00375145828
v -0.000410876555 -0.0086506916 0.00374781594
v -0.000317126751 -0.00817450273 0.00381246791
f 4330 4332 4331
v -0.000562063269 -0.00772532221 0.00378796649
v -0.000738070412 -0.00815534004 0.00364993684
v -0.000591304433 -0.00800728958 0.00375688614
f 4333 4335 4334
v -0.00100969191 -0.00782142888 0.00337586134
v -0.00114613449 -0.00833918966 0.00302905082
v -0.000954870211 -0.00840392822 0.00339283215
f 4336 4338 4337
v -0.000410876555 -0.0086506916 0.00374781594
v 0.000296416579 -0.00883716857 0.00375496675
v -0.000317126751 -0.00817450273 0.00381246791
f 4339 4341 4340
v -0.000954870211 -0.00840392822 0.00339283215
v -0.00111314221 -0.00858843559 0.00310648356
v -0.0010630346 -0.00899441802 0.00320919426
f 4342 4344 4343
v -0.000954870211 -0.00840392822 0.00339283215
v -0.0010630346 -0.00899441802 0.00320919426
v -0.000965238814 -0.00862913221 0.00336901576
f 4345 4347 4346
v -0.00115335406 -0.00896416605 0.0030123585
v -0.00117769587 -0.00879356376 0.00289049494
v -0.00117638829 -0.00909593073 0.00286072245
f 4348 4350 4349
v -0.0010630346 -0.00899441802 0.00320919426
v -0.000969162102 -0.00922744293 0.00331802657
v -0.000905669185 -0.00877961065 0.00343446736
f 4351 4353 4352
v -0.0010630346 -0.00899441802 0.00320919426
v -0.00104977144 -0.0093943825 0.00318782877
v -0.000969162102 -0.00922744293 0.00331802657
f 4354 4356 4355
v -0.00113905189 -0.00920676393 0.00304326986
v -0.00104977144 -0.0093943825 0.00318782877
v -0.0010630346 -0.00899441802 0.00320919426
f 4357 4359 4358
v -0.000969162102 -0.00922744293 0.00331802657
v -0.000969043867 -0.00952672126 0.00327772432
v -0.000721704555 -0.00933466727 0.00351393683
f 4360 4362 4361
v -0.00104977144 -0.0093943825 0.00318782877
v -0.00105160425 -0.00969295652 0.00316243822
v -0.000969043867 -0.00952672126 0.00327772432
f 4363 4365 4364
v -0.00112164344 -0.00960243633 0.00300042921
v -0.00104977144 -0.0093943825 0.00318782877
v -0.00114832619 -0.009316262 0.00298163559
f 4366 4368 4367
v -0.00116060664 -0.00947738517 0.00288871852
v -0.00115738058 -0.00967048836 0.00287747389
v -0.00112164344 -0.00960243633 0.00300042921
f 4369 4371 4370
v -0.00113905189 -0.00920676393 0.00304326986
v -0.0010630346 -0.00899441802 0.00320919426
v -0.00115335406 -0.00896416605 0.0030123585
f 4372 4374 4373
v -0.00115335406 -0.00896416605 0.0030123585
v -0.00117638829 -0.00909593073 0.00286072245
v -0.00113905189 -0.00920676393 0.00304326986
f 4375 4377 4376
v -0.00116790152 -0.00947937224 0.0027463655
v -0.00118075723 -0.00923188854 0.00279074266
v -0.00117923264 -0.00907291615 0.00265941017
f 4378 4380 4379
v -0.00116060664 -0.00947738517 0.00288871852
v -0.00116790152 -0.00947937224 0.0027463655
v -0.00115738058 -0.00967048836 0.00287747389
f 4381 4383 4382
v -0.00114832619 -0.009316262 0.00298163559
v -0.00117638829 -0.00909593073 0.00286072245
v -0.00118075723 -0.00923188854 0.00279074266
f 4384 4386 4385
v -0.00117638829 -0.00909593073 0.00286072245
v -0.00117923264 -0.00907291615 0.00265941017
v -0.00118075723 -0.00923188854 0.00279074266
f 4387 4389 4388
v -0.00111314221 -0.00858843559 0.00310648356
v -0.00114613449 -0.00833918966 0.00302905082
v -0.00118154994 -0.00849654971 0.00290219705
f 4390 4392 4391
v -0.00111314221 -0.00858843559 0.00310648356
v -0.00118154994 -0.00849654971 0.00290219705
v -0.00113191745 -0.00887503338 0.00307474184
f 4393 4395 4394
v -0.0011941951 -0.00804068623 0.00292485947
v -0.00118154994 -0.00849654971 0.00290219705
v -0.00114613449 -0.00833918966 0.00302905082
f 4396 4398 4397
v -0.00123514192 -0.00819559937 0.00267929063
v -0.00118154994 -0.00849654971 0.00290219705
v -0.0011941951 -0.00804068623 0.00292485947
f 4399 4401 4400
v -0.00120623754 -0.00861765729 0.00266419174
v -0.00118956477 -0.00893368269 0.00269548527
v -0.00117769587 -0.00879356376 0.00289049494
f 4402 4404 4403
v -0.00118154994 -0.00849654971 0.00290219705
v -0.0012293347 -0.00839385975 0.00260187226
v -0.00120623754 -0.00861765729 0.00266419174
f 4405 4407 4406
v -0.00121310122 -0.00857196355 0.00257402462
v -0.00118956477 -0.00893368269 0.00269548527
v -0.00120623754 -0.00861765729 0.00266419174
f 4408 4410 4409
v -0.00117923264 -0.00907291615 0.00265941017
v -0.00118956477 -0.00893368269 0.00269548527
v -0.00114517188 -0.00902136817 0.00239206092
f 4411 4413 4412
v -0.00121310122 -0.00857196355 0.00257402462
v -0.00114517188 -0.00902136817 0.00239206092
v -0.00118956477 -0.00893368269 0.00269548527
f 4414 4416 4415
v -0.00114517188 -0.00902136817 0.00239206092
v -0.00116790152 -0.00947937224 0.0027463655
v -0.00117923264 -0.00907291615 0.00265941017
f 4417 4419 4418
v -0.000965238814 -0.00862913221 0.00336901576
v -0.0010630346 -0.00899441802 0.00320919426
v -0.000905669185 -0.00877961065 0.00343446736
f 4420 4422 4421
v -0.000969043867 -0.00952672126 0.00327772432
v -0.000969162102 -0.00922744293 0.00331802657
v -0.00104977144 -0.0093943825 0.00318782877
f 4423 4425 4424
v -0.00113191745 -0.00887503338 0.00307474184
v -0.00115335406 -0.00896416605 0.0030123585
v -0.0010630346 -0.00899441802 0.00320919426
f 4426 4428 4427
v 0.000296416579 -0.00883716857 0.00375496675
v 4.97455346e-05 -0.0095133757 0.00364031439
v 0.000479408845 -0.00889418516 0.00373524272
f 4429 4431 4430
v -0.00121952717 -0.00646138215 0.00309699499
v -0.00122665315 -0.00624331587 0.00312853299
v -0.00126426739 -0.00615089884 0.0029971965
f 4432 4434 4433
v -0.00121952717 -0.00646138215 0.00309699499
v -0.00126426739 -0.00615089884 0.0029971965
v -0.00125929782 -0.00630164359 0.00297293154
f 4435 4437 4436
v -0.000404299453 -0.00919699523 0.003667891
v -0.000626549991 -0.00939518577 0.00356096134
v -0.000453686835 -0.00955835058 0.00360440317
f 4438 4440 4439
v -0.000404299453 -0.00919699523 0.003667891
v 4.97455346e-05 -0.0095133757 0.00364031439
v 0.000296416579 -0.00883716857 0.00375496675
f 4441 4443 4442
v -0.000404299453 -0.00919699523 0.003667891
v -0.000453686835 -0.00955835058 0.00360440317
v -0.000250512062 -0.00975206713 0.00359815422
f 4444 4446 4445
v -8.23558537e-05 -0.009938109 0.00356706878
v 0.00042784427 -0.00987225067 0.00350407572
v 4.97455346e-05 -0.0095133757 0.00364031439
f 4447 4449 4448
v 4.97455346e-05 -0.0095133757 0.00364031439
v 0.00042784427 -0.00987225067 0.00350407572
v 0.000582067059 -0.00969555913 0.00351977505
f 4450 4452 4451
v 0.000736097354 -0.00956807562 0.00350915798
v 0.000760231796 -0.00938502853 0.0035547564
v 0.000582067059 -0.00969555913 0.00351977505
f 4453 4455 4454
v 0.000760231796 -0.00938502853 0.0035547564
v 0.000586537953 -0.00919784143 0.003644565
v 0.000582067059 -0.00969555913 0.00351977505
f 4456 4458 4457
v 0.000479408845 -0.00889418516 0.00373524272
v 4.97455346e-05 -0.0095133757 0.00364031439
v 0.000586537953 -0.00919784143 0.003644565
f 4459 4461 4460
v -0.00116013252 -0.0103512 0.0030040128
v -0.00111481349 -0.0105421386 0.00308904564
v -0.00103327084 -0.0103594663 0.00315344769
f 4462 4464 4463
v -0.00111481349 -0.0105421386 0.00308904564
v -0.00116013252 -0.0103512 0.0030040128
v -0.00124317685 -0.0104948842 0.00285473052
f 4465 4467 4466
v -0.00117436384 -0.0101979465 0.00288282572
v -0.00116013252 -0.0103512 0.0030040128
v -0.00110202 -0.0102117228 0.00306462389
f 4468 4470 4469
v -0.00114037002 -0.0101306206 0.0029990988
v -0.00117436384 -0.0101979465 0.00288282572
v -0.00110202 -0.0102117228 0.00306462389
f 4471 4473 4472
v -0.0012698134 -0.0104755032 0.00273242422
v -0.00124317685 -0.0104948842 0.00285473052
v -0.00116013252 -0.0103512 0.0030040128
f 4474 4476 4475
v -0.00117436384 -0.0101979465 0.00288282572
v -0.0012698134 -0.0104755032 0.00273242422
v -0.00116013252 -0.0103512 0.0030040128
f 4477 4479 4478
v -0.0011111445 -0.0108112603 0.00309502793
v -0.00105881618 -0.0107783424 0.00315135694
v -0.00111481349 -0.0105421386 0.00308904564
f 4480 4482 4481
v -0.0010135559 -0.0108185755 0.00319447827
v -0.00105881618 -0.0107783424 0.00315135694
v -0.00106952202 -0.0108525208 0.00304939895
f 4483 4485 4484
v -0.0011111445 -0.0108112603 0.00309502793
v -0.0011814911 -0.0108595392 0.00298606265
v -0.0011576717 -0.0108688269 0.00292109798
f 4486 4488 4487
v -0.00124472444 -0.0108545537 0.00285378646
v -0.00127056155 -0.010715083 0.00281304856
v -0.00131009019 -0.01079012 0.00258857726
f 4489 4491 4490
v -0.0011576717 -0.0108688269 0.00292109798
v -0.00124472444 -0.0108545537 0.00285378646
v -0.00123528707 -0.0108780441 0.00273253172
f 4492 4494 4493
v -0.00124472444 -0.0108545537 0.00285378646
v -0.0011814911 -0.0108595392 0.00298606265
v -0.00121265466 -0.0106587155 0.00296408343
f 4495 4497 4496
v -0.00127056155 -0.010715083 0.00281304856
v -0.00124472444 -0.0108545537 0.00285378646
v -0.00121265466 -0.0106587155 0.00296408343
f 4498 4500 4499
v -0.0011576717 -0.0108688269 0.00292109798
v -0.00123528707 -0.0108780441 0.00273253172
v -0.00106952202 -0.0108525208 0.00304939895
f 4501 4503 4502
v -0.00106952202 -0.0108525208 0.00304939895
v -0.000942655788 -0.0110260597 0.00292074474
v -0.000907724097 -0.0110085151 0.00307115479
f 4504 4506 4505
v -0.000822436959 -0.0109842244 0.00324526845
v -0.0010135559 -0.0108185755 0.00319447827
v -0.000907724097 -0.0110085151 0.00307115479
f 4507 4509 4508
v -0.000942655788 -0.0110260597 0.00292074474
v -0.000714865837 -0.0110954636 0.00306260881
v -0.000907724097 -0.0110085151 0.00307115479
f 4510 4512 4511
v -0.0012698134 -0.0104755032 0.00273242422
v -0.0012926821 -0.0104841674 0.00260014422
v -0.00127056155 -0.010715083 0.00281304856
f 4513 4515 4514
v -0.0012926821 -0.0104841674 0.00260014422
v -0.00131009019 -0.01079012 0.00258857726
v -0.00127056155 -0.010715083 0.00281304856
f 4516 4518 4517
v -0.000942655788 -0.0110260597 0.00292074474
v -0.000720327353 -0.0111549853 0.00266294301
v -0.000714865837 -0.0110954636 0.00306260881
f 4519 4521 4520
v -0.000851604727 -0.0111089968 0.00257170504
v -0.000721739934 -0.0111719302 0.00257465654
v -0.000720327353 -0.0111549853 0.00266294301
f 4522 4524 4523
v -0.000942655788 -0.0110260597 0.00292074474
v -0.000851604727 -0.0111089968 0.00257170504
v -0.000720327353 -0.0111549853 0.00266294301
f 4525 4527 4526
v -0.00129642867 -0.0107144551 0.00238228404
v -0.0012660028 -0.010839571 0.00235681873
v -0.00129186174 -0.0108313245 0.00247830358
f 4528 4530 4529
v -0.00131009019 -0.01079012 0.00258857726
v -0.00129642867 -0.0107144551 0.00238228404
v -0.00129186174 -0.0108313245 0.00247830358
f 4531 4533 4532
v -0.00129186174 -0.0108313245 0.00247830358
v -0.00123252039 -0.0108856722 0.00259636763
v -0.00128343263 -0.0108837092 0.00261784935
f 4534 4536 4535
v -0.00131009019 -0.01079012 0.00258857726
v -0.00128343263 -0.0108837092 0.00261784935
v -0.00126747409 -0.0108841159 0.00272531452
f 4537 4539 4538
v -0.00131009019 -0.01079012 0.00258857726
v -0.00129186174 -0.0108313245 0.00247830358
v -0.00128343263 -0.0108837092 0.00261784935
f 4540 4542 4541
v -0.00123528707 -0.0108780441 0.00273253172
v -0.00126747409 -0.0108841159 0.00272531452
v -0.00128343263 -0.0108837092 0.00261784935
f 4543 4545 4544
v -0.000824229119 -0.0109703025 0.00331463161
v -0.000883712437 -0.0108447122 0.00328154129
v -0.000822436959 -0.0109842244 0.00324526845
f 4546 4548 4547
v -0.00123528707 -0.0108780441 0.00273253172
v -0.00124472444 -0.0108545537 0.00285378646
v -0.00126747409 -0.0108841159 0.00272531452
f 4549 4551 4550
v -0.00124472444 -0.0108545537 0.00285378646
v -0.00131009019 -0.01079012 0.00258857726
v -0.00126747409 -0.0108841159 0.00272531452
f 4552 4554 4553
v -0.00106958369 -0.00965454528 0.00214836618
v -0.00116790152 -0.00947937224 0.0027463655
v -0.00114517188 -0.00902136817 0.00239206092
f 4555 4557 4556
v -0.00114756785 -0.00975278163 0.00265766357
v -0.00116840638 -0.0100214573 0.00277644613
v -0.00115509583 -0.00982215206 0.00288871779
f 4558 4560 4559
v -0.00115825851 -0.009977031 0.00258742948
v -0.00116840638 -0.0100214573 0.00277644613
v -0.00114756785 -0.00975278163 0.00265766357
f 4561 4563 4562
v -0.00121267612 -0.0102073209 0.00264401333
v -0.00129149812 -0.0104984058 0.00244822022
v -0.0012926821 -0.0104841674 0.00260014422
f 4564 4566 4565
v -0.00116840638 -0.0100214573 0.00277644613
v -0.00121267612 -0.0102073209 0.00264401333
v -0.00117436384 -0.0101979465 0.00288282572
f 4567 4569 4568
v -0.00121267612 -0.0102073209 0.00264401333
v -0.0012926821 -0.0104841674 0.00260014422
v -0.0012698134 -0.0104755032 0.00273242422
f 4570 4572 4571
v -0.00121267612 -0.0102073209 0.00264401333
v -0.00115825851 -0.009977031 0.00258742948
v -0.00129149812 -0.0104984058 0.00244822022
f 4573 4575 4574
v -0.00112478047 -0.00996790404 0.00232195562
v -0.00129149812 -0.0104984058 0.00244822022
v -0.00115825851 -0.009977031 0.00258742948
f 4576 4578 4577
v -0.00129149812 -0.0104984058 0.00244822022
v -0.00112478047 -0.00996790404 0.00232195562
v -0.00121949315 -0.0103369188 0.00213571711
f 4579 4581 4580
v -0.00116840638 -0.0100214573 0.00277644613
v -0.00115825851 -0.009977031 0.00258742948
v -0.00121267612 -0.0102073209 0.00264401333
f 4582 4584 4583
v -0.00121353096 -0.0104383296 0.00189901566
v -0.00121898966 -0.0105444713 0.00194614149
v -0.00124456101 -0.0105962943 0.00211601837
f 4585 4587 4586
v -0.00123252039 -0.0108856722 0.00259636763
v -0.00111540921 -0.010913235 0.00234066683
v -0.000851604727 -0.0111089968 0.00257170504
f 4588 4590 4589
v -0.00104174323 -0.0109330744 0.00190078281
v -0.00077646273 -0.0110944718 0.00185708814
v -0.000850492233 -0.0110724628 0.0022144106
f 4591 4593 4592
v -0.00113133538 -0.0108787659 0.0021433345
v -0.00104174323 -0.0109330744 0.00190078281
v -0.000850492233 -0.0110724628 0.0022144106
f 4594 4596 4595
v -0.000850492233 -0.0110724628 0.0022144106
v -0.000703506066 -0.0111389338 0.00206841341
v -0.000680331959 -0.0111533074 0.00232239618
f 4597 4599 4598
v -0.000850492233 -0.0110724628 0.0022144106
v -0.00077646273 -0.0110944718 0.00185708814
v -0.000703506066 -0.0111389338 0.00206841341
f 4600 4602 4601
v -0.00113133538 -0.0108787659 0.0021433345
v -0.000850492233 -0.0110724628 0.0022144106
v -0.00111540921 -0.010913235 0.00234066683
f 4603 4605 4604
v -0.000850492233 -0.0110724628 0.0022144106
v -0.000680331959 -0.0111533074 0.00232239618
v -0.000721739934 -0.0111719302 0.00257465654
f 4606 4608 4607
v -0.0012660028 -0.010839571 0.00235681873
v -0.00122810134 -0.0108656161 0.00226925167
v -0.00111540921 -0.010913235 0.00234066683
f 4609 4611 4610
v -0.00122810134 -0.0108656161 0.00226925167
v -0.00113133538 -0.0108787659 0.0021433345
v -0.00111540921 -0.010913235 0.00234066683
f 4612 4614 4613
v -0.00122810134 -0.0108656161 0.00226925167
v -0.0011741884 -0.0108344968 0.00208802921
v -0.00113133538 -0.0108787659 0.0021433345
f 4615 4617 4616
v -0.0011213001 -0.0108517524 0.00188817594
v -0.00113232363 -0.0108634202 0.00197747177
v -0.0011741884 -0.0108344968 0.00208802921
f 4618 4620 4619
v -0.00112478047 -0.00996790404 0.00232195562
v -0.00110722758 -0.00990723711 0.00215720938
v -0.00121949315 -0.0103369188 0.00213571711
f 4621 4623 4622
v -0.00103696038 -0.00949346868 0.00192945445
v -0.00100944699 -0.00970210094 0.00177824895
v -0.00106958369 -0.00965454528 0.00214836618
f 4624 4626 4625
v -0.00100944699 -0.00970210094 0.00177824895
v -0.00105067857 -0.00980883706 0.00189220391
v -0.00106958369 -0.00965454528 0.00214836618
f 4627 4629 4628
v -0.000524626466 -0.0111934591 0.00233640385
v -0.000703506066 -0.0111389338 0.00206841341
v -0.000443414592 -0.0111842208 0.00206250807
f 4630 4632 4631
v -0.000703506066 -0.0111389338 0.00206841341
v -0.000548928028 -0.0111553658 0.00177531529
v -0.000357532736 -0.0111932124 0.00183460816
f 4633 4635 4634
v -0.000703506066 -0.0111389338 0.00206841341
v -0.00077646273 -0.0110944718 0.00185708814
v -0.000548928028 -0.0111553658 0.00177531529
f 4636 4638 4637
v -0.000357532736 -0.0111932124 0.00183460816
v -0.000292124105 -0.0111342939 0.00156171282
v 0.000126236205 -0.0110899724 0.001715703
f 4639 4641 4640
v -0.00104174323 -0.0109330744 0.00190078281
v -0.000985505358 -0.0109018707 0.00166487898
v -0.00077646273 -0.0110944718 0.00185708814
f 4642 4644 4643
v -0.00121353096 -0.0104383296 0.00189901566
v -0.00110159381 -0.0106623913 0.00139673912
v -0.00110463816 -0.0106893851 0.00149773496
f 4645 4647 4646
v -0.00109604489 -0.0104152168 0.00133867925
v -0.00110159381 -0.0106623913 0.00139673912
v -0.00121353096 -0.0104383296 0.00189901566
f 4648 4650 4649
v -0.00110463816 -0.0106893851 0.00149773496
v -0.00110159381 -0.0106623913 0.00139673912
v -0.00100726675 -0.0107774737 0.00142532008
f 4651 4653 4652
v -0.00110463816 -0.0106893851 0.00149773496
v -0.00112331682 -0.0107665357 0.00171618904
v -0.00121898966 -0.0105444713 0.00194614149
f 4654 4656 4655
v -0.000985505358 -0.0109018707 0.00166487898
v -0.000825549887 -0.0109137174 0.00145018985
v -0.00077646273 -0.0110944718 0.00185708814
f 4657 4659 4658
v -0.00124456101 -0.0105962943 0.00211601837
v -0.00111868894 -0.0108167042 0.00179489161
v -0.0011213001 -0.0108517524 0.00188817594
f 4660 4662 4661
v -0.0011213001 -0.0108517524 0.00188817594
v -0.00111868894 -0.0108167042 0.00179489161
v -0.00104174323 -0.0109330744 0.00190078281
f 4663 4665 4664
v -0.00129149812 -0.0104984058 0.00244822022
v -0.00121949315 -0.0103369188 0.00213571711
v -0.00124456101 -0.0105962943 0.00211601837
f 4666 4668 4667
v -0.000825549887 -0.0109137174 0.00145018985
v -0.000548928028 -0.0111553658 0.00177531529
v -0.00077646273 -0.0110944718 0.00185708814
f 4669 4671 4670
v -0.00129149812 -0.0104984058 0.00244822022
v -0.00129642867 -0.0107144551 0.00238228404
v -0.00131009019 -0.01079012 0.00258857726
f 4672 4674 4673
v -0.00115509583 -0.00982215206 0.00288871779
v -0.00116840638 -0.0100214573 0.00277644613
v -0.00113602582 -0.00996894596 0.00299640542
f 4675 4677 4676
v -0.00121267612 -0.0102073209 0.00264401333
v -0.0012698134 -0.0104755032 0.00273242422
v -0.00117436384 -0.0101979465 0.00288282572
f 4678 4680 4679
v -0.000616597663 -0.0111457979 0.00336603807
v -0.000642930172 -0.0111029192 0.00338246791
v -0.000705438379 -0.0111109512 0.00334259203
f 4681 4683 4682
v -0.000616597663 -0.0111457979 0.00336603807
v -0.000705438379 -0.0111109512 0.00334259203
v -0.000597832786 -0.0111448076 0.00336667181
f 4684 4686 4685
v -0.000555291945 -0.0111629168 0.00338125355
v -0.000572944555 -0.0111259506 0.00339737417
v -0.000594747144 -0.0111303074 0.00338887112
f 4687 4689 4688
v -0.000555291945 -0.0111629168 0.00338125355
v -0.000597832786 -0.0111448076 0.00336667181
v -0.000514964404 -0.0111609377 0.00334079232
f 4690 4692 4691
v -0.000519947162 -0.0111638758 0.0033996912
v -0.000555291945 -0.0111629168 0.00338125355
v -0.000518247134 -0.0111600864 0.0033913464
f 4693 4695 4694
v -0.000518247134 -0.0111600864 0.0033913464
v -0.000514964404 -0.0111609377 0.00334079232
v -0.000484639713 -0.011173587 0.00340272527
f 4696 4698 4697
v -0.000572944555 -0.0111259506 0.00339737417
v -0.000642930172 -0.0111029192 0.00338246791
v -0.000597832786 -0.0111448076 0.00336667181
f 4699 4701 4700
v -0.000597832786 -0.0111448076 0.00336667181
v -0.000642930172 -0.0111029192 0.00338246791
v -0.000594747144 -0.0111303074 0.00338887112
f 4702 4704 4703
v -0.000484639713 -0.011173587 0.00340272527
v -0.000484850216 -0.0111488509 0.00341538325
v -0.000519947162 -0.0111638758 0.0033996912
f 4705 4707 4706
v -0.000484850216 -0.0111488509 0.00341538325
v -0.000572944555 -0.0111259506 0.00339737417
v -0.000536235393 -0.0111470203 0.00338986574
f 4708 4710 4709
v -0.000518247134 -0.0111600864 0.0033913464
v -0.000484850216 -0.0111488509 0.00341538325
v -0.000536235393 -0.0111470203 0.00338986574
f 4711 4713 4712
v -0.00023778216 -0.0111791218 0.00344593063
v -0.000161231435 -0.0111539906 0.00346763918
v -0.000342665953 -0.0111873283 0.0034316894
f 4714 4716 4715
v -0.000161267189 -0.0111852729 0.00345804619
v -0.000161231435 -0.0111539906 0.00346763918
v -0.000166209463 -0.0111688423 0.00345917724
f 4717 4719 4718
v -0.000161267189 -0.0111852729 0.00345804619
v -0.000166209463 -0.0111688423 0.00345917724
v -0.00023778216 -0.0111791218 0.00344593063
f 4720 4722 4721
v -0.000396077212 -0.0111842033 0.00341889063
v -0.000484850216 -0.0111488509 0.00341538325
v -0.000484639713 -0.011173587 0.00340272527
f 4723 4725 4724
v -0.000396077212 -0.0111842033 0.00341889063
v -0.000342665953 -0.0111873283 0.0034316894
v -0.000484850216 -0.0111488509 0.00341538325
f 4726 4728 4727
v -0.000342665953 -0.0111873283 0.0034316894
v -0.000161231435 -0.0111539906 0.00346763918
v -0.000484850216 -0.0111488509 0.00341538325
f 4729 4731 4730
v 0.000303291267 -0.010871634 0.00350600349
v 0.000167439657 -0.0108439053 0.00352391871
v 0.000188859417 -0.0109628221 0.00350633054
f 4732 4734 4733
v -4.02051654e-05 -0.0107739012 0.00349811889
v -8.42306235e-05 -0.0111239526 0.00347568166
v 8.76649835e-05 -0.0110445748 0.00349140428
f 4735 4737 4736
v -0.00018537778 -0.010282619 0.00352683965
v -4.02051654e-05 -0.0107739012 0.00349811889
v 5.95453059e-05 -0.0105356245 0.00351894923
f 4738 4740 4739
v 0.000222653966 -0.0110397581 0.0033137876
v 0.000437818608 -0.0109176508 0.00315731813
v 0.000425975577 -0.0108994223 0.00328488677
f 4741 4743 4742
v 0.000266356756 -0.0104776133 0.00349594266
v 5.95453059e-05 -0.0105356245 0.00351894923
v 0.000463234483 -0.0106841719 0.00348462127
f 4744 4746 4745
v -0.000636208961 -0.0106923602 0.0033969678
v -0.000556319083 -0.0109979417 0.00342332823
v -0.000206159871 -0.0108665656 0.00346256347
f 4747 4749 4748
v -0.000342665953 -0.0111873283 0.0034316894
v -0.000514964404 -0.0111609377 0.00334079232
v -0.000197383224 -0.0111822112 0.0032215481
f 4750 4752 4751
v -0.000602493765 -0.0111369802 0.00296169037
v -0.000514964404 -0.0111609377 0.00334079232
v -0.000705438379 -0.0111109512 0.00334259203
f 4753 4755 4754
v -0.000197383224 -0.0111822112 0.0032215481
v -0.000514964404 -0.0111609377 0.00334079232
v -0.000193918345 -0.0112082955 0.00299574349
f 4756 4758 4757
v -0.000197383224 -0.0111822112 0.0032215481
v -0.000166209463 -0.0111688423 0.00345917724
v -0.000185775616 -0.011180919 0.00343821193
f 4759 4761 4760
v -0.000120056779 -0.0111565038 0.00346320412
v -0.000141197904 -0.0111785819 0.00345316439
v -0.000102079434 -0.01115583 0.0034437413
f 4762 4764 4763
v -0.000102079434 -0.01115583 0.0034437413
v -0.000166209463 -0.0111688423 0.00345917724
v -6.16896216e-05 -0.0111430629 0.00341089217
f 4765 4767 4766
v -1.09907376e-05 -0.0111254092 0.0034731409
v -6.16896216e-05 -0.0111430629 0.00341089217
v -2.72016763e-05 -0.011150616 0.00323946078
f 4768 4770 4769
v -0.000197383224 -0.0111822112 0.0032215481
v -0.000185775616 -0.011180919 0.00343821193
v -0.000276035257 -0.0111866808 0.00339845865
f 4771 4773 4772
v -0.000120056779 -0.0111565038 0.00346320412
v -8.42306235e-05 -0.0111239526 0.00347568166
v -0.000161231435 -0.0111539906 0.00346763918
f 4774 4776 4775
v -8.42306235e-05 -0.0111239526 0.00347568166
v -0.000102079434 -0.01115583 0.0034437413
v -6.16896216e-05 -0.0111430629 0.00341089217
f 4777 4779 4778
v -0.000197383224 -0.0111822112 0.0032215481
v -0.000193918345 -0.0112082955 0.00299574349
v 8.0302982e-06 -0.0112133363 0.00294010388
f 4780 4782 4781
v -0.000720327353 -0.0111549853 0.00266294301
v -0.000193918345 -0.0112082955 0.00299574349
v -0.000602493765 -0.0111369802 0.00296169037
f 4783 4785 4784
v 0.000116773685 -0.0111232948 0.00313093842
v 0.000222653966 -0.0110397581 0.0033137876
v -2.72016763e-05 -0.011150616 0.00323946078
f 4786 4788 4787
v -2.72016763e-05 -0.011150616 0.00323946078
v 0.000114348438 -0.0111820555 0.00295046411
v 0.000116773685 -0.0111232948 0.00313093842
f 4789 4791 4790
v 8.0302982e-06 -0.0112133363 0.00294010388
v 0.000114348438 -0.0111820555 0.00295046411
v -2.72016763e-05 -0.011150616 0.00323946078
f 4792 4794 4793
v -0.000602493765 -0.0111369802 0.00296169037
v -0.000193918345 -0.0112082955 0.00299574349
v -0.000514964404 -0.0111609377 0.00334079232
f 4795 4797 4796
v -8.42306235e-05 -0.0111239526 0.00347568166
v -0.000556319083 -0.0109979417 0.00342332823
v -0.000161231435 -0.0111539906 0.00346763918
f 4798 4800 4799
v 8.76649835e-05 -0.0110445748 0.00349140428
v 0.000222653966 -0.0110397581 0.0033137876
v 0.000303291267 -0.010871634 0.00350600349
f 4801 4803 4802
v 8.76649835e-05 -0.0110445748 0.00349140428
v 0.000303291267 -0.010871634 0.00350600349
v 0.000188859417 -0.0109628221 0.00350633054
f 4804 4806 4805
v 0.000381507107 -0.0108316759 0.00349909678
v 0.000303291267 -0.010871634 0.00350600349
v 0.000364591392 -0.0108730805 0.00343994398
f 4807 4809 4808
v 0.000445820933 -0.0108800799 0.00348438552
v 0.000499856924 -0.010854999 0.00346863671
v 0.000381507107 -0.0108316759 0.00349909678
f 4810 4812 4811
v 0.000445820933 -0.0108800799 0.00348438552
v 0.000381507107 -0.0108316759 0.00349909678
v 0.000414755868 -0.0108718756 0.00344284854
f 4813 4815 4814
v 0.000381507107 -0.0108316759 0.00349909678
v 0.000364591392 -0.0108730805 0.00343994398
v 0.000414755868 -0.0108718756 0.00344284854
f 4816 4818 4817
v 0.000607330776 -0.0107881911 0.00344205255
v 0.000614969485 -0.0106290609 0.00343743741
v 0.000463234483 -0.0106841719 0.00348462127
f 4819 4821 4820
v 0.000414755868 -0.0108718756 0.00344284854
v 0.000425975577 -0.0108994223 0.00328488677
v 0.000529625504 -0.0108385146 0.00339195904
f 4822 4824 4823
v 0.000607330776 -0.0107881911 0.00344205255
v 0.000529625504 -0.0108385146 0.00339195904
v 0.000610628331 -0.0107854721 0.00340035476
f 4825 4827 4826
v 0.000445820933 -0.0108800799 0.00348438552
v 0.000414755868 -0.0108718756 0.00344284854
v 0.000529625504 -0.0108385146 0.00339195904
f 4828 4830 4829
v 0.000499856924 -0.010854999 0.00346863671
v 0.000607330776 -0.0107881911 0.00344205255
v 0.000463234483 -0.0106841719 0.00348462127
f 4831 4833 4832
v 0.000499856924 -0.010854999 0.00346863671
v 0.000529625504 -0.0108385146 0.00339195904
v 0.000607330776 -0.0107881911 0.00344205255
f 4834 4836 4835
v 0.000303291267 -0.010871634 0.00350600349
v 0.000222653966 -0.0110397581 0.0033137876
v 0.000364591392 -0.0108730805 0.00343994398
f 4837 4839 4838
v 0.000222653966 -0.0110397581 0.0033137876
v 0.000425975577 -0.0108994223 0.00328488677
v 0.000364591392 -0.0108730805 0.00343994398
f 4840 4842 4841
v 0.000414755868 -0.0108718756 0.00344284854
v 0.000364591392 -0.0108730805 0.00343994398
v 0.000425975577 -0.0108994223 0.00328488677
f 4843 4845 4844
v -0.000705438379 -0.0111109512 0.00334259203
v -0.000514964404 -0.0111609377 0.00334079232
v -0.000597832786 -0.0111448076 0.00336667181
f 4846 4848 4847
v -0.0001133399 -0.0111754955 0.00346787492
v -0.000141197904 -0.0111785819 0.00345316439
v -0.000102848321 -0.0111643618 0.00346514789
f 4849 4851 4850
v -0.000161267189 -0.0111852729 0.00345804619
v -0.000185775616 -0.011180919 0.00343821193
v -0.000141197904 -0.0111785819 0.00345316439
f 4852 4854 4853
v -0.000396077212 -0.0111842033 0.00341889063
v -0.000484639713 -0.011173587 0.00340272527
v -0.000342665953 -0.0111873283 0.0034316894
f 4855 4857 4856
v 0.000167439657 -0.0108439053 0.00352391871
v 0.000303291267 -0.010871634 0.00350600349
v 0.000381507107 -0.0108316759 0.00349909678
f 4858 4860 4859
v -8.42306235e-05 -0.0111239526 0.00347568166
v -6.23133587e-05 -0.0111568457 0.00347369059
v -1.09907376e-05 -0.0111254092 0.0034731409
f 4861 4863 4862
v 0.000116773685 -0.0111232948 0.00313093842
v 0.000437818608 -0.0109176508 0.00315731813
v 0.000222653966 -0.0110397581 0.0033137876
f 4864 4866 4865
v -1.09907376e-05 -0.0111254092 0.0034731409
v 8.76649835e-05 -0.0110445748 0.00349140428
v -8.42306235e-05 -0.0111239526 0.00347568166
f 4867 4869 4868
v -8.23558537e-05 -0.009938109 0.00356706878
v 0.000266356756 -0.0104776133 0.00349594266
v 0.000132258594 -0.00993214635 0.00353732867
f 4870 4872 4871
v 0.000132258594 -0.00993214635 0.00353732867
v 0.000266356756 -0.0104776133 0.00349594266
v 0.00055166779 -0.0102352948 0.00343963111
f 4873 4875 4874
v 0.000132258594 -0.00993214635 0.00353732867
v 0.00055166779 -0.0102352948 0.00343963111
v 0.00042784427 -0.00987225067 0.00350407572
f 4876 4878 4877
v 0.00042784427 -0.00987225067 0.00350407572
v 0.00055166779 -0.0102352948 0.00343963111
v 0.000638415895 -0.00991087581 0.00345056105
f 4879 4881 4880
v 0.000638415895 -0.00991087581 0.00345056105
v 0.000582067059 -0.00969555913 0.00351977505
v 0.00042784427 -0.00987225067 0.00350407572
f 4882 4884 4883
v 0.00055166779 -0.0102352948 0.00343963111
v 0.00072759949 -0.0101690886 0.00338899699
v 0.000638415895 -0.00991087581 0.00345056105
f 4885 4887 4886
v 0.00072759949 -0.0101690886 0.00338899699
v 0.000880919379 -0.0100640107 0.00333306598
v 0.000638415895 -0.00991087581 0.00345056105
f 4888 4890 4889
v 0.000909936443 -0.0104216429 0.00333233984
v 0.00101322621 -0.0103207822 0.00328899623
v 0.00072759949 -0.0101690886 0.00338899699
f 4891 4893 4892
v 0.000877747789 -0.0106013067 0.00310983814
v 0.00101322621 -0.0103207822 0.00328899623
v 0.000741667964 -0.0106464366 0.00329276845
f 4894 4896 4895
v 0.000582067059 -0.00969555913 0.00351977505
v 0.000638415895 -0.00991087581 0.00345056105
v 0.000736097354 -0.00956807562 0.00350915798
f 4897 4899 4898
v 0.000638415895 -0.00991087581 0.00345056105
v 0.00110409947 -0.00991589986 0.00327632442
v 0.000736097354 -0.00956807562 0.00350915798
f 4900 4902 4901
v 0.000760231796 -0.00938502853 0.0035547564
v 0.00113887882 -0.00966744483 0.00331992014
v 0.000910597282 -0.00919325903 0.00354623553
f 4903 4905 4904
v 0.00113887882 -0.00966744483 0.00331992014
v 0.00140501616 -0.00946813088 0.00323892309
v 0.000910597282 -0.00919325903 0.00354623553
f 4906 4908 4907
v 0.00113887882 -0.00966744483 0.00331992014
v 0.0014800552 -0.00991800771 0.00313772471
v 0.00140501616 -0.00946813088 0.00323892309
f 4909 4911 4910
v 0.000880919379 -0.0100640107 0.00333306598
v 0.00110409947 -0.00991589986 0.00327632442
v 0.000638415895 -0.00991087581 0.00345056105
f 4912 4914 4913
v 0.00110409947 -0.00991589986 0.00327632442
v 0.00132255082 -0.0100972036 0.00318459897
v 0.00142238841 -0.00999324402 0.00315670331
f 4915 4917 4916
v 0.00101322621 -0.0103207822 0.00328899623
v 0.00112849557 -0.0103059261 0.0030986379
v 0.0010953665 -0.0102596059 0.00325482106
f 4918 4920 4919
v 0.0010953665 -0.0102596059 0.00325482106
v 0.00112849557 -0.0103059261 0.0030986379
v 0.00117521204 -0.0101983904 0.00322709966
f 4921 4923 4922
v 0.0010953665 -0.0102596059 0.00325482106
v 0.00117521204 -0.0101983904 0.00322709966
v 0.00110409947 -0.00991589986 0.00327632442
f 4924 4926 4925
v 0.00117521204 -0.0101983904 0.00322709966
v 0.00124758535 -0.0101469654 0.00320510917
v 0.00110409947 -0.00991589986 0.00327632442
f 4927 4929 4928
v 0.00101322621 -0.0103207822 0.00328899623
v 0.00105664285 -0.0104973478 0.00290803546
v 0.00112849557 -0.0103059261 0.0030986379
f 4930 4932 4931
v 0.00130582484 -0.0101551814 0.00306116017
v 0.00132255082 -0.0100972036 0.00318459897
v 0.00124758535 -0.0101469654 0.00320510917
f 4933 4935 4934
v 0.00124758535 -0.0101469654 0.00320510917
v 0.00117521204 -0.0101983904 0.00322709966
v 0.00130582484 -0.0101551814 0.00306116017
f 4936 4938 4937
v 0.00101322621 -0.0103207822 0.00328899623
v 0.0010953665 -0.0102596059 0.00325482106
v 0.000880919379 -0.0100640107 0.00333306598
f 4939 4941 4940
v 0.000437818608 -0.0109176508 0.00315731813
v 0.000403229387 -0.0109986395 0.0030008734
v 0.000678983633 -0.0107508771 0.0031668842
f 4942 4944 4943
v 0.000403229387 -0.0109986395 0.0030008734
v 0.00068791619 -0.0109457491 0.00284564085
v 0.000678983633 -0.0107508771 0.0031668842
f 4945 4947 4946
v -0.000720327353 -0.0111549853 0.00266294301
v -0.000117844843 -0.0112475384 0.00264986957
v -0.000193918345 -0.0112082955 0.00299574349
f 4948 4950 4949
v 8.0302982e-06 -0.0112133363 0.00294010388
v -0.000117844843 -0.0112475384 0.00264986957
v 9.52602136e-05 -0.011217982 0.00268365329
f 4951 4953 4952
v 0.000114348438 -0.0111820555 0.00295046411
v 0.000342636372 -0.0110617577 0.00291187025
v 0.000116773685 -0.0111232948 0.00313093842
f 4954 4956 4955
v -0.000117844843 -0.0112475384 0.00264986957
v 0.000248465926 -0.0111915768 0.00223059105
v 0.000121281369 -0.0112052679 0.00249711939
f 4957 4959 4958
v 0.000525471705 -0.0110704153 0.00240098416
v 0.000556832856 -0.0110502995 0.0026644806
v 0.000266950974 -0.0111463327 0.00271666759
f 4960 4962 4961
v 0.000425975577 -0.0108994223 0.00328488677
v 0.000598522956 -0.0107688829 0.00331451665
v 0.000529625504 -0.0108385146 0.00339195904
f 4963 4965 4964
v 0.000654440146 -0.0107160995 0.00342111889
v 0.000614969485 -0.0106290609 0.00343743741
v 0.000629832175 -0.0107390268 0.00342679705
f 4966 4968 4967
v 0.000598522956 -0.0107688829 0.00331451665
v 0.000425975577 -0.0108994223 0.00328488677
v 0.000437818608 -0.0109176508 0.00315731813
f 4969 4971 4970
v 0.000610628331 -0.0107854721 0.00340035476
v 0.000598522956 -0.0107688829 0.00331451665
v 0.000646735771 -0.0107284541 0.00340185798
f 4972 4974 4973
v 0.000654440146 -0.0107160995 0.00342111889
v 0.000629832175 -0.0107390268 0.00342679705
v 0.000642935856 -0.0107510583 0.00342386702
f 4975 4977 4976
v 0.000629832175 -0.0107390268 0.00342679705
v 0.000610628331 -0.0107854721 0.00340035476
v 0.000646735771 -0.0107284541 0.00340185798
f 4978 4980 4979
v 0.000646735771 -0.0107284541 0.00340185798
v 0.000598522956 -0.0107688829 0.00331451665
v 0.000654440146 -0.0107160995 0.00342111889
f 4981 4983 4982
v 0.000529625504 -0.0108385146 0.00339195904
v 0.000598522956 -0.0107688829 0.00331451665
v 0.000610628331 -0.0107854721 0.00340035476
f 4984 4986 4985
v 0.000437818608 -0.0109176508 0.00315731813
v 0.000741667964 -0.0106464366 0.00329276845
v 0.000598522956 -0.0107688829 0.00331451665
f 4987 4989 4988
v 0.000654440146 -0.0107160995 0.00342111889
v 0.000598522956 -0.0107688829 0.00331451665
v 0.000741667964 -0.0106464366 0.00329276845
f 4990 4992 4991
v 0.000770825591 -0.0108701126 0.0028814582
v 0.000877747789 -0.0106013067 0.00310983814
v 0.000678983633 -0.0107508771 0.0031668842
f 4993 4995 4994
v 0.00068791619 -0.0109457491 0.00284564085
v 0.000971158988 -0.0108759683 0.00233148967
v 0.00108059712 -0.0107594868 0.00247653279
f 4996 4998 4997
v 0.000503327556 -0.0111252783 0.00198098041
v 0.000741014946 -0.0109597233 0.00219697467
v 0.000460427827 -0.0111514659 0.00209425434
f 4999 5001 5000
v 0.000308373842 -0.011175598 0.00196273431
v 0.000443054478 -0.0111050467 0.00181391861
v 0.000393974915 -0.0111758753 0.002030625
f 5002 5004 5003
v 0.000393974915 -0.0111758753 0.002030625
v 0.000503327556 -0.0111252783 0.00198098041
v 0.000460427827 -0.0111514659 0.00209425434
f 5005 5007 5006
v -5.82536813e-05 -0.0112132024 0.00227478522
v 0.000248465926 -0.0111915768 0.00223059105
v -0.000117844843 -0.0112475384 0.00264986957
f 5008 5010 5009
v 0.000938655376 -0.0107821928 0.00272016041
v 0.000877747789 -0.0106013067 0.00310983814
v 0.000770825591 -0.0108701126 0.0028814582
f 5011 5013 5012
v 0.000116773685 -0.0111232948 0.00313093842
v 0.000342636372 -0.0110617577 0.00291187025
v 0.000437818608 -0.0109176508 0.00315731813
f 5014 5016 5015
v 0.000342636372 -0.0110617577 0.00291187025
v 0.000403229387 -0.0109986395 0.0030008734
v 0.000437818608 -0.0109176508 0.00315731813
f 5017 5019 5018
v 0.000342636372 -0.0110617577 0.00291187025
v 0.000266950974 -0.0111463327 0.00271666759
v 0.00068791619 -0.0109457491 0.00284564085
f 5020 5022 5021
v 0.000266356756 -0.0104776133 0.00349594266
v 0.000463234483 -0.0106841719 0.00348462127
v 0.000614969485 -0.0106290609 0.00343743741
f 5023 5025 5024
v 0.000614969485 -0.0106290609 0.00343743741
v 0.000607330776 -0.0107881911 0.00344205255
v 0.000629832175 -0.0107390268 0.00342679705
f 5026 5028 5027
v 0.000607330776 -0.0107881911 0.00344205255
v 0.000610628331 -0.0107854721 0.00340035476
v 0.000642935856 -0.0107510583 0.00342386702
f 5029 5031 5030
v 0.000629832175 -0.0107390268 0.00342679705
v 0.000607330776 -0.0107881911 0.00344205255
v 0.000642935856 -0.0107510583 0.00342386702
f 5032 5034 5033
v 0.000704626655 -0.010644985 0.00340556726
v 0.000614969485 -0.0106290609 0.00343743741
v 0.000654440146 -0.0107160995 0.00342111889
f 5035 5037 5036
v 0.000654440146 -0.0107160995 0.00342111889
v 0.000741667964 -0.0106464366 0.00329276845
v 0.000704626655 -0.010644985 0.00340556726
f 5038 5040 5039
v -0.000759644217 -0.0110592613 0.00322519336
v -0.000602493765 -0.0111369802 0.00296169037
v -0.000705438379 -0.0111109512 0.00334259203
f 5041 5043 5042
v -0.000359543537 -0.0111887653 0.00218695095
v -5.82536813e-05 -0.0112132024 0.00227478522
v -0.000355846896 -0.0112168847 0.00256216154
f 5044 5046 5045
v -5.82536813e-05 -0.0112132024 0.00227478522
v -2.92503131e-05 -0.0111412213 0.00193421838
v 0.000308373842 -0.011175598 0.00196273431
f 5047 5049 5048
v -2.92503131e-05 -0.0111412213 0.00193421838
v 0.000126236205 -0.0110899724 0.001715703
v 0.000308373842 -0.011175598 0.00196273431
f 5050 5052 5051
v -0.0012293347 -0.00839385975 0.00260187226
v -0.00124357521 -0.00825738243 0.00247970402
v -0.00121310122 -0.00857196355 0.00257402462
f 5053 5055 5054
v -0.00114517188 -0.00902136817 0.00239206092
v -0.00121310122 -0.00857196355 0.00257402462
v -0.00124357521 -0.00825738243 0.00247970402
f 5056 5058 5057
v -0.0012293347 -0.00839385975 0.00260187226
v -0.00123514192 -0.00819559937 0.00267929063
v -0.00124357521 -0.00825738243 0.00247970402
f 5059 5061 5060
v -0.00110035289 -0.00819377092 0.00136341732
v -0.00109101175 -0.00835942628 0.00135061146
v -0.00116874699 -0.00822975635 0.00178969131
f 5062 5064 5063
v -0.00109101175 -0.00835942628 0.00135061146
v -0.00103634247 -0.00881169981 0.0013055168
v -0.00116874699 -0.00822975635 0.00178969131
f 5065 5067 5066
v -0.00103634247 -0.00881169981 0.0013055168
v -0.000976084084 -0.00947056906 0.00141664586
v -0.00116874699 -0.00822975635 0.00178969131
f 5068 5070 5069
v -0.00103696038 -0.00949346868 0.00192945445
v -0.00095259129 -0.00962247359 0.00139198546
v -0.00100944699 -0.00970210094 0.00177824895
f 5071 5073 5072
v -0.00100944699 -0.00970210094 0.00177824895
v -0.00095259129 -0.00962247359 0.00139198546
v -0.000956568783 -0.00981771373 0.00143182015
f 5074 5076 5075
v -0.000956568783 -0.00981771373 0.00143182015
v -0.000925983477 -0.00998869 0.00125344886
v -0.000996507151 -0.00994757866 0.00150227916
f 5077 5079 5078
v -0.000976084084 -0.00947056906 0.00141664586
v -0.00095259129 -0.00962247359 0.00139198546
v -0.00103696038 -0.00949346868 0.00192945445
f 5080 5082 5081
v -0.000925983477 -0.00998869 0.00125344886
v -0.000826673295 -0.00991697671 0.000907976846
v -0.00104323799 -0.0103971681 0.00110646497
f 5083 5085 5084
v -0.00095259129 -0.00962247359 0.00139198546
v -0.000870077292 -0.00979879915 0.00118751914
v -0.000956568783 -0.00981771373 0.00143182015
f 5086 5088 5087
v -0.00107773267 -0.0102776081 0.00139008662
v -0.000925983477 -0.00998869 0.00125344886
v -0.00104323799 -0.0103971681 0.00110646497
f 5089 5091 5090
v -0.000404208049 -0.0111135174 0.00151623499
v -0.000223216466 -0.0110838286 0.00144878886
v -0.000292124105 -0.0111342939 0.00156171282
f 5092 5094 5093
v -0.000548928028 -0.0111553658 0.00177531529
v -0.000681434722 -0.0109609129 0.0014018653
v -0.000404208049 -0.0111135174 0.00151623499
f 5095 5097 5096
v -0.000919204376 -0.0107782769 0.00119806318
v -0.000918389105 -0.0107396161 0.00101149444
v -0.000681434722 -0.0109609129 0.0014018653
f 5098 5100 5099
v -0.000572956742 -0.0108105596 0.000833158992
v -0.000409490031 -0.0107306245 0.000595535766
v -0.000471467638 -0.010961989 0.00125387705
f 5101 5103 5102
v -0.000960175112 -0.00933595802 0.00122069232
v -0.000870077292 -0.00979879915 0.00118751914
v -0.00095259129 -0.00962247359 0.00139198546
f 5104 5106 5105
v -0.00091288648 -0.00900832601 0.000934519358
v -0.000820912919 -0.00968518871 0.00101722362
v -0.000870077292 -0.00979879915 0.00118751914
f 5107 5109 5108
v -0.000820912919 -0.00968518871 0.00101722362
v -0.000744611907 -0.00967929227 0.000790902777
v -0.000826673295 -0.00991697671 0.000907976846
f 5110 5112 5111
v -0.000750727213 -0.0094037634 0.00076602937
v -0.000672534998 -0.00963631683 0.00066207167
v -0.000744611907 -0.00967929227 0.000790902777
f 5113 5115 5114
v -0.00109604489 -0.0104152168 0.00133867925
v -0.00106393381 -0.0106324027 0.00105548897
v -0.00110159381 -0.0106623913 0.00139673912
f 5116 5118 5117
v -0.00110159381 -0.0106623913 0.00139673912
v -0.00106393381 -0.0106324027 0.00105548897
v -0.00108666736 -0.0106665233 0.00127048443
f 5119 5121 5120
v -0.00108666736 -0.0106665233 0.00127048443
v -0.00106393381 -0.0106324027 0.00105548897
v -0.000919204376 -0.0107782769 0.00119806318
f 5122 5124 5123
v -0.00106393381 -0.0106324027 0.00105548897
v -0.00104323799 -0.0103971681 0.00110646497
v -0.0010244783 -0.0105953506 0.000864171489
f 5125 5127 5126
v -0.00104323799 -0.0103971681 0.00110646497
v -0.00106393381 -0.0106324027 0.00105548897
v -0.00109604489 -0.0104152168 0.00133867925
f 5128 5130 5129
v -0.000861845638 -0.0107086678 0.000805850868
v -0.0010244783 -0.0105953506 0.000864171489
v -0.000825605639 -0.0106063533 0.000579106836
f 5131 5133 5132
v -0.00104323799 -0.0103971681 0.00110646497
v -0.000972525049 -0.0105159699 0.00071462282
v -0.0010244783 -0.0105953506 0.000864171489
f 5134 5136 5135
v -0.000861845638 -0.0107086678 0.000805850868
v -0.000713159488 -0.0107269341 0.000667339646
v -0.000701051022 -0.0108433152 0.00101472133
f 5137 5139 5138
v -0.0010244783 -0.0105953506 0.000864171489
v -0.000918389105 -0.0107396161 0.00101149444
v -0.00106393381 -0.0106324027 0.00105548897
f 5140 5142 5141
v -0.000918389105 -0.0107396161 0.00101149444
v -0.0010244783 -0.0105953506 0.000864171489
v -0.000861845638 -0.0107086678 0.000805850868
f 5143 5145 5144
v -0.000869384985 -0.0101434161 0.000735964386
v -0.000972525049 -0.0105159699 0.00071462282
v -0.00104323799 -0.0103971681 0.00110646497
f 5146 5148 5147
v -0.000876208924 -0.0104653438 0.000541670488
v -0.000825605639 -0.0106063533 0.000579106836
v -0.0010244783 -0.0105953506 0.000864171489
f 5149 5151 5150
v -0.000825605639 -0.0106063533 0.000579106836
v -0.000773579814 -0.0105422318 0.000438566622
v -0.00072937637 -0.010624381 0.000474808348
f 5152 5154 5153
v -0.000806724347 -0.0101386766 0.000568684936
v -0.000703331079 -0.0101049947 0.000439531868
v -0.000719471836 -0.0103134145 0.000381223458
f 5155 5157 5156
v -0.000703331079 -0.0101049947 0.000439531868
v -0.000806724347 -0.0101386766 0.000568684936
v -0.000617569867 -0.00980116165 0.000504421587
f 5158 5160 5159
v -0.000719471836 -0.0103134145 0.000381223458
v -0.000573407169 -0.0103239297 0.000290262892
v -0.000652643075 -0.0105345825 0.000349033894
f 5161 5163 5162
v -0.000652643075 -0.0105345825 0.000349033894
v -0.000573407169 -0.0103239297 0.000290262892
v -0.000434315416 -0.0104591745 0.000246893092
f 5164 5166 5165
v -0.000806724347 -0.0101386766 0.000568684936
v -0.000719471836 -0.0103134145 0.000381223458
v -0.000876208924 -0.0104653438 0.000541670488
f 5167 5169 5168
v -0.000869384985 -0.0101434161 0.000735964386
v -0.000736588072 -0.00983925129 0.000678841297
v -0.000806724347 -0.0101386766 0.000568684936
f 5170 5172 5171
v -0.000876208924 -0.0104653438 0.000541670488
v -0.000773579814 -0.0105422318 0.000438566622
v -0.000825605639 -0.0106063533 0.000579106836
f 5173 5175 5174
v -0.000972525049 -0.0105159699 0.00071462282
v -0.000806724347 -0.0101386766 0.000568684936
v -0.000876208924 -0.0104653438 0.000541670488
f 5176 5178 5177
v -0.000592001788 -0.0106640073 0.000434744561
v -0.000521110405 -0.0106000894 0.000331804608
v -0.000495429049 -0.0107232743 0.000542556791
f 5179 5181 5180
v -0.000972525049 -0.0105159699 0.00071462282
v -0.000876208924 -0.0104653438 0.000541670488
v -0.0010244783 -0.0105953506 0.000864171489
f 5182 5184 5183
v -0.000617569867 -0.00980116165 0.000504421587
v -0.000806724347 -0.0101386766 0.000568684936
v -0.000736588072 -0.00983925129 0.000678841297
f 5185 5187 5186
v -0.000907067715 -0.00870788062 0.000856522183
v -0.00109101175 -0.00835942628 0.00135061146
v -0.000943386294 -0.00819753259 0.000903963246
f 5188 5190 5189
v -0.00107261985 -0.00778389513 0.0010561831
v -0.00105735126 -0.00821964568 0.00120474224
v -0.00108653094 -0.00789536571 0.00116510309
f 5191 5193 5192
v -0.000943386294 -0.00819753259 0.000903963246
v -0.00105735126 -0.00821964568 0.00120474224
v -0.00107261985 -0.00778389513 0.0010561831
f 5194 5196 5195
v -0.000907067715 -0.00870788062 0.000856522183
v -0.00091288648 -0.00900832601 0.000934519358
v -0.00109101175 -0.00835942628 0.00135061146
f 5197 5199 5198
v -0.00091288648 -0.00900832601 0.000934519358
v -0.000735433377 -0.00929045709 0.000710085624
v -0.000750727213 -0.0094037634 0.00076602937
f 5200 5202 5201
v -0.000783425276 -0.00849991193 0.000628490761
v -0.000847472893 -0.00893973192 0.000789180922
v -0.000907067715 -0.00870788062 0.000856522183
f 5203 5205 5204
v -0.000755139581 -0.00811818973 0.000551919129
v -0.000907067715 -0.00870788062 0.000856522183
v -0.000943386294 -0.00819753259 0.000903963246
f 5206 5208 5207
v -0.000783425276 -0.00849991193 0.000628490761
v -0.000669396286 -0.00834198581 0.000452103177
v -0.000847472893 -0.00893973192 0.000789180922
f 5209 5211 5210
v -0.000484960992 -0.00836559338 0.000269658653
v -0.00021152498 -0.00825547468 7.11437792e-05
v -0.000267587347 -0.00884018373 0.000205988385
f 5212 5214 5213
v -0.000484960992 -0.00836559338 0.000269658653
v -0.000847472893 -0.00893973192 0.000789180922
v -0.000669396286 -0.00834198581 0.000452103177
f 5215 5217 5216
v -0.000750727213 -0.0094037634 0.00076602937
v -0.000735433377 -0.00929045709 0.000710085624
v -0.000672534998 -0.00963631683 0.00066207167
f 5218 5220 5219
v -0.00041403373 -0.00925750792 0.000364528591
v -0.000285830743 -0.00953804993 0.000292704158
v -0.000462488515 -0.00926838547 0.000410689063
f 5221 5223 5222
v -0.000462488515 -0.00926838547 0.000410689063
v -0.000448294895 -0.00954490824 0.000412286863
v -0.000735433377 -0.00929045709 0.000710085624
f 5224 5226 5225
v -0.000462530079 -0.00878364517 0.0003373347
v -0.00041403373 -0.00925750792 0.000364528591
v -0.000462488515 -0.00926838547 0.000410689063
f 5227 5229 5228
v -0.000462530079 -0.00878364517 0.0003373347
v -0.000267587347 -0.00884018373 0.000205988385
v -0.00041403373 -0.00925750792 0.000364528591
f 5230 5232 5231
v -0.00041403373 -0.00925750792 0.000364528591
v -0.000174959393 -0.00931054747 0.000242171905
v -0.000285830743 -0.00953804993 0.000292704158
f 5233 5235 5234
v -1.94851481e-05 -0.00911124735 0.000171763543
v -0.000174959393 -0.00931054747 0.000242171905
v -0.000183502311 -0.00903531691 0.000200612908
f 5236 5238 5237
v 7.53045185e-05 -0.00941511753 0.000193068104
v -0.000124142048 -0.00976022129 0.000197923532
v -0.000100471379 -0.00943945124 0.000219527124
f 5239 5241 5240
v 7.53045185e-05 -0.00941511753 0.000193068104
v 0.000228154317 -0.00956551667 0.000169430689
v -0.000124142048 -0.00976022129 0.000197923532
f 5242 5244 5243
v -0.000124142048 -0.00976022129 0.000197923532
v 0.000228154317 -0.00956551667 0.000169430689
v -9.89271484e-05 -0.00996609742 0.000179293977
f 5245 5247 5246
v 0.000271338581 -0.00901547464 0.000104320327
v 7.53045185e-05 -0.00941511753 0.000193068104
v -1.94851481e-05 -0.00911124735 0.000171763543
f 5248 5250 5249
v 0.00046522814 -0.00929712769 0.000140036366
v 7.53045185e-05 -0.00941511753 0.000193068104
v 0.000271338581 -0.00901547464 0.000104320327
f 5251 5253 5252
v 0.000434774438 -0.00972152484 0.000108438337
v 0.000228154317 -0.00956551667 0.000169430689
v 0.00046522814 -0.00929712769 0.000140036366
f 5254 5256 5255
v -0.000174959393 -0.00931054747 0.000242171905
v 7.53045185e-05 -0.00941511753 0.000193068104
v -0.000100471379 -0.00943945124 0.000219527124
f 5257 5259 5258
v -1.94851481e-05 -0.00911124735 0.000171763543
v 7.53045185e-05 -0.00941511753 0.000193068104
v -0.000174959393 -0.00931054747 0.000242171905
f 5260 5262 5261
v -0.000617569867 -0.00980116165 0.000504421587
v -0.000427930263 -0.00985464139 0.000331556134
v -0.000703331079 -0.0101049947 0.000439531868
f 5263 5265 5264
v -0.000573407169 -0.0103239297 0.000290262892
v -0.000719471836 -0.0103134145 0.000381223458
v -0.000703331079 -0.0101049947 0.000439531868
f 5266 5268 5267
v -0.000703331079 -0.0101049947 0.000439531868
v -0.000427930263 -0.00985464139 0.000331556134
v -0.000573407169 -0.0103239297 0.000290262892
f 5269 5271 5270
v -0.000573407169 -0.0103239297 0.000290262892
v -9.89271484e-05 -0.00996609742 0.000179293977
v -0.000434315416 -0.0104591745 0.000246893092
f 5272 5274 5273
v -0.000427930263 -0.00985464139 0.000331556134
v -0.000285830743 -0.00953804993 0.000292704158
v -0.000287248963 -0.00995637092 0.000238584857
f 5275 5277 5276
v -0.000124142048 -0.00976022129 0.000197923532
v -9.89271484e-05 -0.00996609742 0.000179293977
v -0.000287248963 -0.00995637092 0.000238584857
f 5278 5280 5279
v -0.000573407169 -0.0103239297 0.000290262892
v -0.000427930263 -0.00985464139 0.000331556134
v -0.000287248963 -0.00995637092 0.000238584857
f 5281 5283 5282
v -0.000918389105 -0.0107396161 0.00101149444
v -0.000861845638 -0.0107086678 0.000805850868
v -0.000701051022 -0.0108433152 0.00101472133
f 5284 5286 5285
v -0.00104323799 -0.0103971681 0.00110646497
v -0.000826673295 -0.00991697671 0.000907976846
v -0.000869384985 -0.0101434161 0.000735964386
f 5287 5289 5288
v 0.00115664689 -0.0105345091 0.0027277405
v 0.00119577298 -0.0105566738 0.00258400487
v 0.00141634337 -0.0103289218 0.00269192169
f 5290 5292 5291
v 0.00140501616 -0.00946813088 0.00323892309
v 0.00161187254 -0.00975033181 0.00309314382
v 0.00153670353 -0.00936578363 0.00317705089
f 5293 5295 5294
v 0.00168568458 -0.00965203872 0.00305331705
v 0.00176246413 -0.00968806562 0.00298953855
v 0.00174280067 -0.0093881521 0.00302760436
f 5296 5298 5297
v 0.00168568458 -0.00965203872 0.00305331705
v 0.00174280067 -0.0093881521 0.00302760436
v 0.00153670353 -0.00936578363 0.00317705089
f 5299 5301 5300
v 0.00168568458 -0.00965203872 0.00305331705
v 0.00165168367 -0.00977483433 0.00299518324
v 0.00176246413 -0.00968806562 0.00298953855
f 5302 5304 5303
v 0.00153059154 -0.0100209661 0.00289997079
v 0.00175935256 -0.00989105392 0.00264270602
v 0.00165899673 -0.00989711698 0.00284297421
f 5305 5307 5306
v 0.00181009091 -0.00966623775 0.00295507034
v 0.00195510602 -0.00957509546 0.00278966254
v 0.00174280067 -0.0093881521 0.00302760436
f 5308 5310 5309
v 0.00165899673 -0.00989711698 0.00284297421
v 0.00187136247 -0.00973097558 0.00272613706
v 0.00181009091 -0.00966623775 0.00295507034
f 5311 5313 5312
v 0.00168568458 -0.00965203872 0.00305331705
v 0.00161187254 -0.00975033181 0.00309314382
v 0.00165168367 -0.00977483433 0.00299518324
f 5314 5316 5315
v 0.00176246413 -0.00968806562 0.00298953855
v 0.00181009091 -0.00966623775 0.00295507034
v 0.00174280067 -0.0093881521 0.00302760436
f 5317 5319 5318
v 0.00153749697 -0.00987527819 0.00311771109
v 0.00140501616 -0.00946813088 0.00323892309
v 0.0014800552 -0.00991800771 0.00313772471
f 5320 5322 5321
v 0.00165168367 -0.00977483433 0.00299518324
v 0.00161187254 -0.00975033181 0.00309314382
v 0.00153749697 -0.00987527819 0.00311771109
f 5323 5325 5324
v 0.00137697743 -0.0103070037 0.00278485022
v 0.00141634337 -0.0103289218 0.00269192169
v 0.00153059154 -0.0100209661 0.00289997079
f 5326 5328 5327
v 0.00140528564 -0.0100522746 0.00303238485
v 0.00129169221 -0.0103612409 0.00281195626
v 0.00137697743 -0.0103070037 0.00278485022
f 5329 5331 5330
v 0.00129169221 -0.0103612409 0.00281195626
v 0.00115664689 -0.0105345091 0.0027277405
v 0.00137697743 -0.0103070037 0.00278485022
f 5332 5334 5333
v 0.00119577298 -0.0105566738 0.00258400487
v 0.00133312033 -0.0105155239 0.00239734363
v 0.00141634337 -0.0103289218 0.00269192169
f 5335 5337 5336
v 0.00141634337 -0.0103289218 0.00269192169
v 0.00175935256 -0.00989105392 0.00264270602
v 0.00153059154 -0.0100209661 0.00289997079
f 5338 5340 5339
v 0.00141634337 -0.0103289218 0.00269192169
v 0.00177865404 -0.0100013443 0.00238007269
v 0.00175935256 -0.00989105392 0.00264270602
f 5341 5343 5342
v 0.00187136247 -0.00973097558 0.00272613706
v 0.00195510602 -0.00957509546 0.00278966254
v 0.00181009091 -0.00966623775 0.00295507034
f 5344 5346 5345
v 0.00184132041 -0.00937925142 0.00292307832
v 0.00195510602 -0.00957509546 0.00278966254
v 0.00210630242 -0.00954365241 0.00256146104
f 5347 5349 5348
v 0.00187136247 -0.00973097558 0.00272613706
v 0.00205110773 -0.00956760414 0.00263902293
v 0.00195510602 -0.00957509546 0.00278966254
f 5350 5352 5351
v 0.00195510602 -0.00957509546 0.00278966254
v 0.00205110773 -0.00956760414 0.00263902293
v 0.00210630242 -0.00954365241 0.00256146104
f 5353 5355 5354
v 0.00203618074 -0.00924355991 0.00264784558
v 0.00210630242 -0.00954365241 0.00256146104
v 0.00218411333 -0.00951689799 0.00245474985
f 5356 5358 5357
v 0.00210630242 -0.00954365241 0.00256146104
v 0.00203618074 -0.00924355991 0.00264784558
v 0.00184132041 -0.00937925142 0.00292307832
f 5359 5361 5360
v 0.00205110773 -0.00956760414 0.00263902293
v 0.00218411333 -0.00951689799 0.00245474985
v 0.00210630242 -0.00954365241 0.00256146104
f 5362 5364 5363
v 0.00205110773 -0.00956760414 0.00263902293
v 0.00187136247 -0.00973097558 0.00272613706
v 0.00191438485 -0.00982158454 0.00228535755
f 5365 5367 5366
v 0.00215996843 -0.00959666359 0.00234952186
v 0.00191438485 -0.00982158454 0.00228535755
v 0.00197067802 -0.00983576319 0.00214324682
f 5368 5370 5369
v 0.00175935256 -0.00989105392 0.00264270602
v 0.00191438485 -0.00982158454 0.00228535755
v 0.00187136247 -0.00973097558 0.00272613706
f 5371 5373 5372
v 0.00191438485 -0.00982158454 0.00228535755
v 0.00218411333 -0.00951689799 0.00245474985
v 0.00205110773 -0.00956760414 0.00263902293
f 5374 5376 5375
v 0.00175935256 -0.00989105392 0.00264270602
v 0.00187136247 -0.00973097558 0.00272613706
v 0.00165899673 -0.00989711698 0.00284297421
f 5377 5379 5378
v 0.00108059712 -0.0107594868 0.00247653279
v 0.00133312033 -0.0105155239 0.00239734363
v 0.00119577298 -0.0105566738 0.00258400487
f 5380 5382 5381
v 0.00108059712 -0.0107594868 0.00247653279
v 0.00114735549 -0.0107807966 0.00229399848
v 0.00133312033 -0.0105155239 0.00239734363
f 5383 5385 5384
v 0.000971158988 -0.0108759683 0.00233148967
v 0.00109668608 -0.0108573229 0.00211144306
v 0.00114735549 -0.0107807966 0.00229399848
f 5386 5388 5387
v 0.000741014946 -0.0109597233 0.00219697467
v 0.00109668608 -0.0108573229 0.00211144306
v 0.000971158988 -0.0108759683 0.00233148967
f 5389 5391 5390
v 0.000443054478 -0.0111050467 0.00181391861
v 0.000646677427 -0.0109932269 0.00179095005
v 0.000503327556 -0.0111252783 0.00198098041
f 5392 5394 5393
v 0.000646677427 -0.0109932269 0.00179095005
v 0.000443054478 -0.0111050467 0.00181391861
v 0.000567052393 -0.010965018 0.00161141288
f 5395 5397 5396
v 0.000758276383 -0.0109416207 0.00199769274
v 0.0010423968 -0.0108730739 0.00175028545
v 0.000741014946 -0.0109597233 0.00219697467
f 5398 5400 5399
v 0.000898915459 -0.0108693894 0.00150425403
v 0.0010423968 -0.0108730739 0.00175028545
v 0.000744176805 -0.0109466688 0.00176194044
f 5401 5403 5402
v 0.000567052393 -0.010965018 0.00161141288
v 0.000898915459 -0.0108693894 0.00150425403
v 0.000744176805 -0.0109466688 0.00176194044
f 5404 5406 5405
v 0.000744176805 -0.0109466688 0.00176194044
v 0.0010423968 -0.0108730739 0.00175028545
v 0.000758276383 -0.0109416207 0.00199769274
f 5407 5409 5408
v 0.00113743818 -0.0108343789 0.00181934738
v 0.00127582589 -0.0107379521 0.00170533203
v 0.00131364486 -0.0107314911 0.0018367331
f 5410 5412 5411
v 0.00131364486 -0.0107314911 0.0018367331
v 0.00152831726 -0.0104145744 0.00130280632
v 0.00151358554 -0.010486682 0.00166585905
f 5413 5415 5414
v 0.00113743818 -0.0108343789 0.00181934738
v 0.0010423968 -0.0108730739 0.00175028545
v 0.00127582589 -0.0107379521 0.00170533203
f 5416 5418 5417
v 0.000879849995 -0.0105121304 0.000982818347
v 0.000959757381 -0.0108039123 0.00141754099
v 0.000685854866 -0.010712292 0.00116296833
f 5419 5421 5420
v 0.00113007009 -0.010679369 0.00140546417
v 0.00119339275 -0.0105744868 0.00129941564
v 0.00140851189 -0.0105287982 0.00141986657
f 5422 5424 5423
v 0.00140851189 -0.0105287982 0.00141986657
v 0.00127582589 -0.0107379521 0.00170533203
v 0.00113007009 -0.010679369 0.00140546417
f 5425 5427 5426
v 0.00154100326 -0.0104524901 0.00194970562
v 0.00151358554 -0.010486682 0.00166585905
v 0.00164371613 -0.0102957383 0.00200673203
f 5428 5430 5429
v 0.00151358554 -0.010486682 0.00166585905
v 0.00164017347 -0.0102849088 0.00178017181
v 0.00164371613 -0.0102957383 0.00200673203
f 5431 5433 5432
v 0.00227837154 -0.00943647829 0.00234772815
v 0.00222107283 -0.00917816287 0.00245111169
v 0.00218411333 -0.00951689799 0.00245474985
f 5434 5436 5435
v 0.00218411333 -0.00951689799 0.00245474985
v 0.00222107283 -0.00917816287 0.00245111169
v 0.00203618074 -0.00924355991 0.00264784558
f 5437 5439 5438
v 0.00218411333 -0.00951689799 0.00245474985
v 0.00215996843 -0.00959666359 0.00234952186
v 0.00227837154 -0.00943647829 0.00234772815
f 5440 5442 5441
v 0.00227837154 -0.00943647829 0.00234772815
v 0.00215996843 -0.00959666359 0.00234952186
v 0.00227128348 -0.0096344098 0.002132187
f 5443 5445 5444
v 0.00227128348 -0.0096344098 0.002132187
v 0.00234867202 -0.00955883297 0.0020556181
v 0.00227837154 -0.00943647829 0.00234772815
f 5446 5448 5447
v 0.00227837154 -0.00943647829 0.00234772815
v 0.00234867202 -0.00955883297 0.0020556181
v 0.00236533269 -0.00933727497 0.0022398679
f 5449 5451 5450
v 0.00234867202 -0.00955883297 0.0020556181
v 0.00237544464 -0.00951105249 0.00194300283
v 0.00239965466 -0.00935567223 0.002121324
f 5452 5454 5453
v 0.00239965466 -0.00935567223 0.002121324
v 0.00237544464 -0.00951105249 0.00194300283
v 0.00244755101 -0.00926001157 0.00207727589
f 5455 5457 5456
v 0.00227128348 -0.0096344098 0.002132187
v 0.0022684595 -0.00968649401 0.00196655983
v 0.00234867202 -0.00955883297 0.0020556181
f 5458 5460 5459
v 0.00234867202 -0.00955883297 0.0020556181
v 0.0022684595 -0.00968649401 0.00196655983
v 0.00230822607 -0.0096328753 0.00190880419
f 5461 5463 5462
v 0.00230822607 -0.0096328753 0.00190880419
v 0.00237544464 -0.00951105249 0.00194300283
v 0.00234867202 -0.00955883297 0.0020556181
f 5464 5466 5465
v 0.0017228278 -0.010201618 0.00153345936
v 0.00197096524 -0.00994071306 0.00151118384
v 0.00181914438 -0.0101315214 0.00195673238
f 5467 5469 5468
v 0.00206051063 -0.00982945639 0.00192092702
v 0.00221765022 -0.00969200482 0.00212656923
v 0.00197067802 -0.00983576319 0.00214324682
f 5470 5472 5471
v 0.00230822607 -0.0096328753 0.00190880419
v 0.00218400146 -0.00968674285 0.00166150639
v 0.00236750111 -0.00944897693 0.00170063377
f 5473 5475 5474
v 0.00237544464 -0.00951105249 0.00194300283
v 0.00236750111 -0.00944897693 0.00170063377
v 0.00244755101 -0.00926001157 0.00207727589
f 5476 5478 5477
v 0.00236750111 -0.00944897693 0.00170063377
v 0.00246090585 -0.0091706941 0.00178043138
v 0.00244755101 -0.00926001157 0.00207727589
f 5479 5481 5480
v 0.00251755846 -0.00907062786 0.00184911332
v 0.00251259517 -0.00907422291 0.00184999262
v 0.0025244668 -0.00913256154 0.00175271307
f 5482 5484 5483
v 0.00252384652 -0.00905723864 0.001827696
v 0.00251545007 -0.0090685302 0.00184948603
v 0.00251755846 -0.00907062786 0.00184911332
f 5485 5487 5486
v 0.00252384652 -0.00905723864 0.001827696
v 0.00252480277 -0.00894494733 0.00166202062
v 0.00253760991 -0.0088859073 0.00187983915
f 5488 5490 5489
v 0.00251545007 -0.0090685302 0.00184948603
v 0.0025122863 -0.00908987204 0.00190560095
v 0.00251755846 -0.00907062786 0.00184911332
f 5491 5493 5492
v 0.0025122863 -0.00908987204 0.00190560095
v 0.00252384652 -0.00905723864 0.001827696
v 0.00253760991 -0.0088859073 0.00187983915
f 5494 5496 5495
v 0.0025244668 -0.00913256154 0.00175271307
v 0.00246090585 -0.0091706941 0.00178043138
v 0.00250720659 -0.00917396537 0.00171654028
f 5497 5499 5498
v 0.00251407182 -0.00920370076 0.00161260614
v 0.00252480277 -0.00894494733 0.00166202062
v 0.0025244668 -0.00913256154 0.00175271307
f 5500 5502 5501
v 0.0023874798 -0.00938915109 0.00154189984
v 0.00244222247 -0.00931043178 0.00144915166
v 0.00246281143 -0.00926190187 0.00153827405
f 5503 5505 5504
v 0.00251259517 -0.00907422291 0.00184999262
v 0.00251755846 -0.00907062786 0.00184911332
v 0.0025122863 -0.00908987204 0.00190560095
f 5506 5508 5507
v 0.00236750111 -0.00944897693 0.00170063377
v 0.00218400146 -0.00968674285 0.00166150639
v 0.0023874798 -0.00938915109 0.00154189984
f 5509 5511 5510
v 0.00218400146 -0.00968674285 0.00166150639
v 0.00224314299 -0.00959634781 0.00147718083
v 0.0023874798 -0.00938915109 0.00154189984
f 5512 5514 5513
v 0.00197096524 -0.00994071306 0.00151118384
v 0.00204952867 -0.00976181254 0.0013172431
v 0.00209517002 -0.00978891403 0.00170018302
f 5515 5517 5516
v 0.00204952867 -0.00976181254 0.0013172431
v 0.00213155781 -0.00967979722 0.00130072385
v 0.00218400146 -0.00968674285 0.00166150639
f 5518 5520 5519
v 0.00213155781 -0.00967979722 0.00130072385
v 0.00204952867 -0.00976181254 0.0013172431
v 0.00196657275 -0.00973536808 0.00108747463
f 5521 5523 5522
v 0.00242932219 -0.00935565695 0.00136270673
v 0.00224314299 -0.00959634781 0.00147718083
v 0.00239145938 -0.0094338131 0.00116720685
f 5524 5526 5525
v 0.00196657275 -0.00973536808 0.00108747463
v 0.00205983051 -0.00964463034 0.000921511855
v 0.00213155781 -0.00967979722 0.00130072385
f 5527 5529 5528
v 0.00205983051 -0.00964463034 0.000921511855
v 0.00214394659 -0.00956773074 0.000902403644
v 0.00227734981 -0.00944885542 0.00088828765
f 5530 5532 5531
v 0.00213155781 -0.00967979722 0.00130072385
v 0.00227734981 -0.00944885542 0.00088828765
v 0.00239145938 -0.0094338131 0.00116720685
f 5533 5535 5534
v 0.00221765022 -0.00969200482 0.00212656923
v 0.00206051063 -0.00982945639 0.00192092702
v 0.0022684595 -0.00968649401 0.00196655983
f 5536 5538 5537
v 0.00140319717 -0.0103399259 0.000959778845
v 0.00119339275 -0.0105744868 0.00129941564
v 0.00117505824 -0.0103500199 0.000878249284
f 5539 5541 5540
v 0.000879849995 -0.0105121304 0.000982818347
v 0.00117505824 -0.0103500199 0.000878249284
v 0.00119339275 -0.0105744868 0.00129941564
f 5542 5544 5543
v 0.00117505824 -0.0103500199 0.000878249284
v 0.00127754392 -0.0102070982 0.000732575245
v 0.00140319717 -0.0103399259 0.000959778845
f 5545 5547 5546
v 0.000999503391 -0.0103283775 0.000755162819
v 0.00105692961 -0.0101869817 0.000525885662
v 0.00127754392 -0.0102070982 0.000732575245
f 5548 5550 5549
v 0.000999503391 -0.0103283775 0.000755162819
v 0.00117505824 -0.0103500199 0.000878249284
v 0.000879849995 -0.0105121304 0.000982818347
f 5551 5553 5552
v 0.00164017347 -0.0102849088 0.00178017181
v 0.0017228278 -0.010201618 0.00153345936
v 0.00181914438 -0.0101315214 0.00195673238
f 5554 5556 5555
v 0.00183376596 -0.0100313373 0.00138456562
v 0.00185484059 -0.00996741073 0.00127137009
v 0.00197096524 -0.00994071306 0.00151118384
f 5557 5559 5558
v 0.00151358554 -0.010486682 0.00166585905
v 0.00152831726 -0.0104145744 0.00130280632
v 0.00164017347 -0.0102849088 0.00178017181
f 5560 5562 5561
v 0.00118753915 -0.00990876142 0.000287098214
v 0.000911600455 -0.0101904145 0.000487571015
v 0.000934028594 -0.00999160984 0.000311356257
f 5563 5565 5564
v 0.00123443879 -0.0100422876 0.000438892766
v 0.00146586008 -0.00992457135 0.000357271915
v 0.00162224133 -0.00997412862 0.000447477123
f 5566 5568 5567
v 0.00118753915 -0.00990876142 0.000287098214
v 0.00090788335 -0.00967862798 0.00013731825
v 0.0012669987 -0.00972338312 0.000221036339
f 5569 5571 5570
v 0.00090788335 -0.00967862798 0.00013731825
v 0.00108090489 -0.00965248546 0.000157826628
v 0.0012669987 -0.00972338312 0.000221036339
f 5572 5574 5573
v 0.0016676393 -0.0100141282 0.000548815206
v 0.00149432144 -0.0101415637 0.000726120379
v 0.00162224133 -0.00997412862 0.000447477123
f 5575 5577 5576
v 0.00185484059 -0.00996741073 0.00127137009
v 0.00196657275 -0.00973536808 0.00108747463
v 0.00204952867 -0.00976181254 0.0013172431
f 5578 5580 5579
v 0.00185484059 -0.00996741073 0.00127137009
v 0.00189260154 -0.00980793775 0.00103136026
v 0.00196657275 -0.00973536808 0.00108747463
f 5581 5583 5582
v 0.00189260154 -0.00980793775 0.00103136026
v 0.0019260855 -0.0098332559 0.000735291269
v 0.00205983051 -0.00964463034 0.000921511855
f 5584 5586 5585
v 0.00206486493 -0.00962873964 0.000814992381
v 0.0019260855 -0.0098332559 0.000735291269
v 0.0019693076 -0.0097406155 0.000629691203
f 5587 5589 5588
v 0.0019260855 -0.0098332559 0.000735291269
v 0.00206486493 -0.00962873964 0.000814992381
v 0.00205983051 -0.00964463034 0.000921511855
f 5590 5592 5591
v 0.00174332417 -0.0100393117 0.000864048525
v 0.00179744256 -0.00995430091 0.000603430817
v 0.00180420702 -0.00995937735 0.000808919776
f 5593 5595 5594
v 0.0019260855 -0.0098332559 0.000735291269
v 0.00180420702 -0.00995937735 0.000808919776
v 0.00179744256 -0.00995430091 0.000603430817
f 5596 5598 5597
v 0.00179744256 -0.00995430091 0.000603430817
v 0.00179303333 -0.00991350753 0.000520056165
v 0.0019693076 -0.0097406155 0.000629691203
f 5599 5601 5600
v 0.00170711646 -0.0101935068 0.00117693462
v 0.00174332417 -0.0100393117 0.000864048525
v 0.00185484059 -0.00996741073 0.00127137009
f 5602 5604 5603
v 0.00162224133 -0.00997412862 0.000447477123
v 0.00155932339 -0.00981808771 0.000312721045
v 0.00175043369 -0.00983277496 0.000408914184
f 5605 5607 5606
v 0.00179303333 -0.00991350753 0.000520056165
v 0.0016676393 -0.0100141282 0.000548815206
v 0.00162224133 -0.00997412862 0.000447477123
f 5608 5610 5609
v 0.00140319717 -0.0103399259 0.000959778845
v 0.00149432144 -0.0101415637 0.000726120379
v 0.00152955054 -0.0103067672 0.000991125216
f 5611 5613 5612
v 0.0016676393 -0.0100141282 0.000548815206
v 0.00162227116 -0.0101091682 0.000777750665
v 0.00149432144 -0.0101415637 0.000726120379
f 5614 5616 5615
v 0.00179303333 -0.00991350753 0.000520056165
v 0.00175043369 -0.00983277496 0.000408914184
v 0.00185216049 -0.00981535777 0.000502038802
f 5617 5619 5618
v 0.0025244668 -0.00913256154 0.00175271307
v 0.00250720659 -0.00917396537 0.00171654028
v 0.0025181349 -0.00919446029 0.00164708872
f 5620 5622 5621
v 0.00251407182 -0.00920370076 0.00161260614
v 0.0025181349 -0.00919446029 0.00164708872
v 0.00251988586 -0.0092525217 0.00161103835
f 5623 5625 5624
v 0.0025181349 -0.00919446029 0.00164708872
v 0.00251826077 -0.00921583051 0.00164995163
v 0.00251988586 -0.0092525217 0.00161103835
f 5626 5628 5627
v 0.00251988586 -0.0092525217 0.00161103835
v 0.00248874221 -0.0092561153 0.00158747771
v 0.00251337697 -0.00932237963 0.00157208997
f 5629 5631 5630
v 0.00251263409 -0.0092799688 0.00155170528
v 0.00251988586 -0.0092525217 0.00161103835
v 0.00251337697 -0.00932237963 0.00157208997
f 5632 5634 5633
v 0.00251826077 -0.00921583051 0.00164995163
v 0.00248874221 -0.0092561153 0.00158747771
v 0.00251988586 -0.0092525217 0.00161103835
f 5635 5637 5636
v 0.00248874221 -0.0092561153 0.00158747771
v 0.00251826077 -0.00921583051 0.00164995163
v 0.00251407182 -0.00920370076 0.00161260614
f 5638 5640 5639
v 0.00251407182 -0.00920370076 0.00161260614
v 0.00251263409 -0.0092799688 0.00155170528
v 0.00252480277 -0.00894494733 0.00166202062
f 5641 5643 5642
v 0.00251263409 -0.0092799688 0.00155170528
v 0.00247379648 -0.00909707596 0.00134383909
v 0.00252480277 -0.00894494733 0.00166202062
f 5644 5646 5645
v 0.00250326775 -0.00928519512 0.00151817221
v 0.00246281143 -0.00926190187 0.00153827405
v 0.00244222247 -0.00931043178 0.00144915166
f 5647 5649 5648
v 0.00251263409 -0.0092799688 0.00155170528
v 0.00250587254 -0.00933061747 0.00147846004
v 0.00249899258 -0.00932858529 0.00137046145
f 5650 5652 5651
v 0.00250587254 -0.00933061747 0.00147846004
v 0.00250326775 -0.00928519512 0.00151817221
v 0.00251150032 -0.00929497182 0.00151611493
f 5653 5655 5654
v 0.00249902423 -0.00930045499 0.00155732814
v 0.00246281143 -0.00926190187 0.00153827405
v 0.00250326775 -0.00928519512 0.00151817221
f 5656 5658 5657
v 0.00250326775 -0.00928519512 0.00151817221
v 0.00251263409 -0.0092799688 0.00155170528
v 0.00251150032 -0.00929497182 0.00151611493
f 5659 5661 5660
v 0.00251263409 -0.0092799688 0.00155170528
v 0.00251337697 -0.00932237963 0.00157208997
v 0.00251150032 -0.00929497182 0.00151611493
f 5662 5664 5663
v 0.00249046807 -0.00937085133 0.00136552389
v 0.00242932219 -0.00935565695 0.00136270673
v 0.00247300122 -0.0093745155 0.00126036175
f 5665 5667 5666
v 0.00249899258 -0.00932858529 0.00137046145
v 0.00249046807 -0.00937085133 0.00136552389
v 0.00247300122 -0.0093745155 0.00126036175
f 5668 5670 5669
v 0.00197067802 -0.00983576319 0.00214324682
v 0.00221765022 -0.00969200482 0.00212656923
v 0.00215996843 -0.00959666359 0.00234952186
f 5671 5673 5672
v 0.00197067802 -0.00983576319 0.00214324682
v 0.00191438485 -0.00982158454 0.00228535755
v 0.00181914438 -0.0101315214 0.00195673238
f 5674 5676 5675
v 0.00248280739 -0.0092133203 0.00163174973
v 0.00251826077 -0.00921583051 0.00164995163
v 0.0025181349 -0.00919446029 0.00164708872
f 5677 5679 5678
v 0.00251826077 -0.00921583051 0.00164995163
v 0.00248280739 -0.0092133203 0.00163174973
v 0.00251407182 -0.00920370076 0.00161260614
f 5680 5682 5681
v 0.00248280739 -0.0092133203 0.00163174973
v 0.00246281143 -0.00926190187 0.00153827405
v 0.00248874221 -0.0092561153 0.00158747771
f 5683 5685 5684
v 0.00136362969 -0.0106606465 0.00202416431
v 0.00154100326 -0.0104524901 0.00194970562
v 0.00166923764 -0.0102286722 0.0022463084
f 5686 5688 5687
v 0.000126236205 -0.0110899724 0.001715703
v -0.000292124105 -0.0111342939 0.00156171282
v 0.000188150568 -0.0110094697 0.00154218815
f 5689 5691 5690
v -0.000292124105 -0.0111342939 0.00156171282
v -0.000223216466 -0.0110838286 0.00144878886
v 0.000188150568 -0.0110094697 0.00154218815
f 5692 5694 5693
v -0.000100399461 -0.0108922352 0.00119912711
v 0.000330146167 -0.0108243388 0.0012922239
v 0.000188150568 -0.0110094697 0.00154218815
f 5695 5697 5696
v -0.000341316945 -0.0109640459 0.00124190892
v -0.000100399461 -0.0108922352 0.00119912711
v -0.000223216466 -0.0110838286 0.00144878886
f 5698 5700 5699
v -0.000409490031 -0.0107306245 0.000595535766
v -0.000180293819 -0.0108181979 0.000930195711
v -0.000341316945 -0.0109640459 0.00124190892
f 5701 5703 5702
v 0.000330146167 -0.0108243388 0.0012922239
v 0.000685854866 -0.010712292 0.00116296833
v 0.000823019036 -0.0108503431 0.00141596011
f 5704 5706 5705
v 0.000484171278 -0.0105837986 0.000948133766
v 0.000685854866 -0.010712292 0.00116296833
v 0.000330146167 -0.0108243388 0.0012922239
f 5707 5709 5708
v 0.000120796687 -0.0106836487 0.000935187018
v 0.000484171278 -0.0105837986 0.000948133766
v 0.000330146167 -0.0108243388 0.0012922239
f 5710 5712 5711
v -0.000180293819 -0.0108181979 0.000930195711
v 0.000120796687 -0.0106836487 0.000935187018
v -0.000100399461 -0.0108922352 0.00119912711
f 5713 5715 5714
v -0.000180293819 -0.0108181979 0.000930195711
v -0.000253416238 -0.0107494401 0.000749925766
v 0.000120796687 -0.0106836487 0.000935187018
f 5716 5718 5717
v -0.000253416238 -0.0107494401 0.000749925766
v -0.000409490031 -0.0107306245 0.000595535766
v -0.000289709419 -0.0106396903 0.000494312917
f 5719 5721 5720
v -9.46450712e-05 -0.0104977575 0.000445725436
v 1.48865524e-05 -0.0104537481 0.000491571245
v 0.000120796687 -0.0106836487 0.000935187018
f 5722 5724 5723
v -0.000253416238 -0.0107494401 0.000749925766
v -9.46450712e-05 -0.0104977575 0.000445725436
v 0.000120796687 -0.0106836487 0.000935187018
f 5725 5727 5726
v 1.48865524e-05 -0.0104537481 0.000491571245
v 0.000290706384 -0.0104137696 0.000629782426
v 0.000120796687 -0.0106836487 0.000935187018
f 5728 5730 5729
v -0.000314521549 -0.0105271625 0.000242343435
v -9.46450712e-05 -0.0104977575 0.000445725436
v -0.000289709419 -0.0106396903 0.000494312917
f 5731 5733 5732
v -0.000420596325 -0.0106121559 0.000345802459
v -0.000427526038 -0.0106245468 0.000295451923
v -0.000314521549 -0.0105271625 0.000242343435
f 5734 5736 5735
v -0.000434315416 -0.0104591745 0.000246893092
v -0.000314521549 -0.0105271625 0.000242343435
v -0.000427526038 -0.0106245468 0.000295451923
f 5737 5739 5738
v -0.000495429049 -0.0107232743 0.000542556791
v -0.000521110405 -0.0106000894 0.000331804608
v -0.000420596325 -0.0106121559 0.000345802459
f 5740 5742 5741
v 0.000685854866 -0.010712292 0.00116296833
v 0.000681277015 -0.0104063518 0.000799283134
v 0.000879849995 -0.0105121304 0.000982818347
f 5743 5745 5744
v 0.000681277015 -0.0104063518 0.000799283134
v 0.000600156773 -0.0102759892 0.000588413968
v 0.000999503391 -0.0103283775 0.000755162819
f 5746 5748 5747
v 0.000375570812 -0.0104844454 0.000754886514
v 0.000258959835 -0.0102936021 0.00045677325
v 0.000583162682 -0.0100131387 0.000312651196
f 5749 5751 5750
v 0.000600156773 -0.0102759892 0.000588413968
v 0.000583162682 -0.0100131387 0.000312651196
v 0.000704787954 -0.010030908 0.000344959176
f 5752 5754 5753
v 0.000290706384 -0.0104137696 0.000629782426
v 0.000258959835 -0.0102936021 0.00045677325
v 0.000375570812 -0.0104844454 0.000754886514
f 5755 5757 5756
v -9.46450712e-05 -0.0104977575 0.000445725436
v 0.00014276028 -0.0100342048 0.000151039069
v 1.48865524e-05 -0.0104537481 0.000491571245
f 5758 5760 5759
v 0.000258959835 -0.0102936021 0.00045677325
v 0.000281126927 -0.0100102865 0.000215045497
v 0.000583162682 -0.0100131387 0.000312651196
f 5761 5763 5762
v 0.000255357759 -0.0099115161 0.00013354221
v 0.00014276028 -0.0100342048 0.000151039069
v -9.89271484e-05 -0.00996609742 0.000179293977
f 5764 5766 5765
v 0.00014276028 -0.0100342048 0.000151039069
v 0.000281126927 -0.0100102865 0.000215045497
v 0.000258959835 -0.0102936021 0.00045677325
f 5767 5769 5768
v 0.000934028594 -0.00999160984 0.000311356257
v 0.000911600455 -0.0101904145 0.000487571015
v 0.000704787954 -0.010030908 0.000344959176
f 5770 5772 5771
v 0.000704787954 -0.010030908 0.000344959176
v 0.000815845669 -0.00975861403 0.000166370785
v 0.000934028594 -0.00999160984 0.000311356257
f 5773 5775 5774
v 0.00055522969 -0.00987146341 0.000218766058
v 0.000499121097 -0.009743603 0.000148957963
v 0.000815845669 -0.00975861403 0.000166370785
f 5776 5778 5777
v 0.000583162682 -0.0100131387 0.000312651196
v 0.00055522969 -0.00987146341 0.000218766058
v 0.000704787954 -0.010030908 0.000344959176
f 5779 5781 5780
v 0.000934028594 -0.00999160984 0.000311356257
v 0.000815845669 -0.00975861403 0.000166370785
v 0.00090788335 -0.00967862798 0.00013731825
f 5782 5784 5783
v 0.000558122383 -0.00965849613 0.000116061722
v 0.000553495875 -0.00958801247 8.77489697e-05
v 0.000663626633 -0.00949451569 7.32250669e-05
f 5785 5787 5786
v 0.00090788335 -0.00967862798 0.00013731825
v 0.00101078313 -0.00959526442 0.000125742019
v 0.00108090489 -0.00965248546 0.000157826628
f 5788 5790 5789
v 0.000815845669 -0.00975861403 0.000166370785
v 0.000558122383 -0.00965849613 0.000116061722
v 0.00090788335 -0.00967862798 0.00013731825
f 5791 5793 5792
v 0.000281126927 -0.0100102865 0.000215045497
v 0.000499121097 -0.009743603 0.000148957963
v 0.00055522969 -0.00987146341 0.000218766058
f 5794 5796 5795
v 0.000499121097 -0.009743603 0.000148957963
v 0.000365464234 -0.00982499405 0.000120154994
v 0.000434774438 -0.00972152484 0.000108438337
f 5797 5799 5798
v 0.000553495875 -0.00958801247 8.77489697e-05
v 0.00050955332 -0.00967831438 9.27757526e-05
v 0.000434774438 -0.00972152484 0.000108438337
f 5800 5802 5801
v 0.000499121097 -0.009743603 0.000148957963
v 0.000434774438 -0.00972152484 0.000108438337
v 0.00050955332 -0.00967831438 9.27757526e-05
f 5803 5805 5804
v 0.000558122383 -0.00965849613 0.000116061722
v 0.00050955332 -0.00967831438 9.27757526e-05
v 0.000553495875 -0.00958801247 8.77489697e-05
f 5806 5808 5807
v -6.76192997e-05 -0.0102471415 0.00017915155
v -0.000184181772 -0.0103790844 0.000205740821
v -0.000434315416 -0.0104591745 0.000246893092
f 5809 5811 5810
v -0.000184181772 -0.0103790844 0.000205740821
v -0.000314521549 -0.0105271625 0.000242343435
v -0.000434315416 -0.0104591745 0.000246893092
f 5812 5814 5813
v -0.000996507151 -0.00994757866 0.00150227916
v -0.00116859292 -0.0102976504 0.00176281428
v -0.00105067857 -0.00980883706 0.00189220391
f 5815 5817 5816
v 0.00151667145 -0.00993188078 0.00307701557
v 0.00142238841 -0.00999324402 0.00315670331
v 0.00140528564 -0.0100522746 0.00303238485
f 5818 5820 5819
v 0.000443054478 -0.0111050467 0.00181391861
v 0.000503327556 -0.0111252783 0.00198098041
v 0.000393974915 -0.0111758753 0.002030625
f 5821 5823 5822
v 0.000503327556 -0.0111252783 0.00198098041
v 0.000646677427 -0.0109932269 0.00179095005
v 0.000741014946 -0.0109597233 0.00219697467
f 5824 5826 5825
v -0.000771441228 -0.0109305103 0.00335452569
v -0.000771863961 -0.0110350353 0.0033384953
v -0.000642930172 -0.0111029192 0.00338246791
f 5827 5829 5828
v -0.000443414592 -0.0111842208 0.00206250807
v -2.92503131e-05 -0.0111412213 0.00193421838
v -0.000359543537 -0.0111887653 0.00218695095
f 5830 5832 5831
v 0.00046522814 -0.00929712769 0.000140036366
v 0.000553495875 -0.00958801247 8.77489697e-05
v 0.000434774438 -0.00972152484 0.000108438337
f 5833 5835 5834
v 0.000663626633 -0.00949451569 7.32250669e-05
v 0.000553495875 -0.00958801247 8.77489697e-05
v 0.00046522814 -0.00929712769 0.000140036366
f 5836 5838 5837
v 0.000434774438 -0.00972152484 0.000108438337
v 0.000365464234 -0.00982499405 0.000120154994
v -9.89271484e-05 -0.00996609742 0.000179293977
f 5839 5841 5840
v -0.000652643075 -0.0105345825 0.000349033894
v -0.000427526038 -0.0106245468 0.000295451923
v -0.000521110405 -0.0106000894 0.000331804608
f 5842 5844 5843
v -0.000495429049 -0.0107232743 0.000542556791
v -0.000409490031 -0.0107306245 0.000595535766
v -0.000572956742 -0.0108105596 0.000833158992
f 5845 5847 5846
v -0.00116790152 -0.00947937224 0.0027463655
v -0.00114756785 -0.00975278163 0.00265766357
v -0.00115738058 -0.00967048836 0.00287747389
f 5848 5850 5849
v -0.00115509583 -0.00982215206 0.00288871779
v -0.00115738058 -0.00967048836 0.00287747389
v -0.00114756785 -0.00975278163 0.00265766357
f 5851 5853 5852
v -0.000720327353 -0.0111549853 0.00266294301
v -0.000355846896 -0.0112168847 0.00256216154
v -0.000117844843 -0.0112475384 0.00264986957
f 5854 5856 5855
v 0.000999503391 -0.0103283775 0.000755162819
v 0.000911600455 -0.0101904145 0.000487571015
v 0.00105692961 -0.0101869817 0.000525885662
f 5857 5859 5858
v 0.000213368071 -0.00276559822 0.00348757385
v -9.76413958e-05 -0.00269430384 0.00346509842
v 0.000153814779 -0.0032224958 0.00357110912
f 5860 5862 5861
v -0.00031939046 -0.00291301567 0.00349665752
v -9.76413958e-05 -0.00269430384 0.00346509842
v -0.000192154289 -0.00268808744 0.00336307166
f 5863 5865 5864
v -0.000394659128 -0.00302117351 0.00350757327
v -0.000348018716 -0.0034340861 0.0035660345
v -0.00031939046 -0.00291301567 0.00349665752
f 5866 5868 5867
v 0.000229323496 -0.00352635434 0.00365913729
v 0.000153814779 -0.0032224958 0.00357110912
v -7.74149214e-05 -0.00357628523 0.00363465879
f 5869 5871 5870
v -7.74149214e-05 -0.00357628523 0.00363465879
v 0.000157653221 -0.00371309725 0.00371783899
v 0.000229323496 -0.00352635434 0.00365913729
f 5872 5874 5873
v 0.000229323496 -0.00352635434 0.00365913729
v 0.000771976283 -0.00339557118 0.00357857934
v 0.000353279165 -0.00325559813 0.00357662466
f 5875 5877 5876
v 0.000229323496 -0.00352635434 0.00365913729
v 0.000157653221 -0.00371309725 0.00371783899
v 0.000771976283 -0.00339557118 0.00357857934
f 5878 5880 5879
v 0.000213368071 -0.00276559822 0.00348757385
v 0.000333238017 -0.00257932716 0.00346208908
v 0.000149206244 -0.00250859339 0.00344542568
f 5881 5883 5882
v 0.000444914031 -0.00229310808 0.00339791331
v 0.000751087327 -0.00229369944 0.00331375559
v 0.000519762943 -0.00223947736 0.00337382953
f 5884 5886 5885
v 0.000606334515 -0.00220206784 0.00335301265
v 0.000519762943 -0.00223947736 0.00337382953
v 0.000751087327 -0.00229369944 0.00331375559
f 5887 5889 5888
v 0.000383544148 -0.00236340948 0.0034235487
v 0.000259121862 -0.00241021789 0.00343212232
v 0.000216994454 -0.002447724 0.0034433062
f 5890 5892 5891
v 0.000444914031 -0.00229310808 0.00339791331
v 0.000270143482 -0.00221989449 0.00317033082
v 0.000259121862 -0.00241021789 0.00343212232
f 5893 5895 5894
v 0.000383544148 -0.00236340948 0.0034235487
v 0.000916051613 -0.0024936553 0.00329567774
v 0.000751087327 -0.00229369944 0.00331375559
f 5896 5898 5897
v 0.000383544148 -0.00236340948 0.0034235487
v 0.000772146177 -0.00300680767 0.00344793734
v 0.000916051613 -0.0024936553 0.00329567774
f 5899 5901 5900
v 0.000149206244 -0.00250859339 0.00344542568
v -1.09672243e-05 -0.00260547058 0.00345205917
v 0.000213368071 -0.00276559822 0.00348757385
f 5902 5904 5903
v 0.000149206244 -0.00250859339 0.00344542568
v 9.1825649e-05 -0.00252926147 0.0034434921
v -1.09672243e-05 -0.00260547058 0.00345205917
f 5905 5907 5906
v 0.000259121862 -0.00241021789 0.00343212232
v 0.000270143482 -0.00221989449 0.00317033082
v 9.1825649e-05 -0.00252926147 0.0034434921
f 5908 5910 5909
v 9.1825649e-05 -0.00252926147 0.0034434921
v 0.000270143482 -0.00221989449 0.00317033082
v -0.000192154289 -0.00268808744 0.00336307166
f 5911 5913 5912
v 0.000601277134 -0.00300634129 0.00348579197
v 0.00082669394 -0.00309295538 0.00345003755
v 0.000772146177 -0.00300680767 0.00344793734
f 5914 5916 5915
v 0.000771976283 -0.00339557118 0.00357857934
v 0.000952089704 -0.00340051374 0.00350695263
v 0.00082669394 -0.00309295538 0.00345003755
f 5917 5919 5918
v 0.000149206244 -0.00250859339 0.00344542568
v 0.000216994454 -0.002447724 0.0034433062
v 9.1825649e-05 -0.00252926147 0.0034434921
f 5920 5922 5921
v 0.000863543391 -0.00201590046 0.00325990477
v 0.000865413676 -0.00200552786 0.00323828572
v 0.000880352763 -0.0020051617 0.00324668072
f 5923 5925 5924
v 0.000867623658 -0.00200144605 0.00325070796
v 0.000863543391 -0.00201590046 0.00325990477
v 0.000880352763 -0.0020051617 0.00324668072
f 5926 5928 5927
v 0.000899582574 -0.00204300686 0.00324413559
v 0.000880352763 -0.0020051617 0.00324668072
v 0.000865413676 -0.00200552786 0.00323828572
f 5929 5931 5930
v 0.00094807765 -0.0022453909 0.00323660061
v 0.0012933875 -0.00214192805 0.00304967398
v 0.000899582574 -0.00204300686 0.00324413559
f 5932 5934 5933
v 0.000970722886 -0.0018602308 0.003031694
v 0.000994459151 -0.00190779301 0.00318388411
v 0.00106254129 -0.00186148118 0.00315562647
f 5935 5937 5936
v 0.000899582574 -0.00204300686 0.00324413559
v 0.00113364504 -0.00189430884 0.00312441662
v 0.000994459151 -0.00190779301 0.00318388411
f 5938 5940 5939
v 0.000867623658 -0.00200144605 0.00325070796
v 0.000799175814 -0.00204904536 0.00329466384
v 0.000863543391 -0.00201590046 0.00325990477
f 5941 5943 5942
v 0.00129140708 -0.00183963202 0.00305631365
v 0.00138338728 -0.00181080104 0.00301573054
v 0.00134557267 -0.00177856491 0.00304273799
f 5944 5946 5945
v 0.00129140708 -0.00183963202 0.00305631365
v 0.00134557267 -0.00177856491 0.00304273799
v 0.00124378012 -0.00180939242 0.00307784758
f 5947 5949 5948
v 0.00129140708 -0.00183963202 0.00305631365
v 0.00146604671 -0.00181227551 0.00296672588
v 0.00138338728 -0.00181080104 0.00301573054
f 5950 5952 5951
v 0.00113364504 -0.00189430884 0.00312441662
v 0.00109265629 -0.00187009227 0.00314091485
v 0.00107740061 -0.00187065616 0.00313300952
f 5953 5955 5954
v 0.000970722886 -0.0018602308 0.003031694
v 0.0010506863 -0.001861077 0.00311014446
v 0.00134557267 -0.00177856491 0.00304273799
f 5956 5958 5957
v 0.00124378012 -0.00180939242 0.00307784758
v 0.00113364504 -0.00189430884 0.00312441662
v 0.00129140708 -0.00183963202 0.00305631365
f 5959 5961 5960
v 0.00153751535 -0.00173291737 0.00281696957
v 0.00154829213 -0.00176815411 0.00290618045
v 0.00159606516 -0.00173073404 0.00285779206
f 5962 5964 5963
v 0.00146604671 -0.00181227551 0.00296672588
v 0.00164336398 -0.00180600018 0.00283861864
v 0.00154829213 -0.00176815411 0.00290618045
f 5965 5967 5966
v 0.00141165174 -0.00175893692 0.00290063326
v 0.00146604671 -0.00181227551 0.00296672588
v 0.00154829213 -0.00176815411 0.00290618045
f 5968 5970 5969
v 0.00141165174 -0.00175893692 0.00290063326
v 0.00138338728 -0.00181080104 0.00301573054
v 0.00146604671 -0.00181227551 0.00296672588
f 5971 5973 5972
v 0.000969805023 -0.00180316474 0.00281319699
v 0.00141165174 -0.00175893692 0.00290063326
v 0.0012132241 -0.00174800025 0.00253477647
f 5974 5976 5975
v 0.00134557267 -0.00177856491 0.00304273799
v 0.00141165174 -0.00175893692 0.00290063326
v 0.000969805023 -0.00180316474 0.00281319699
f 5977 5979 5978
v 0.00141165174 -0.00175893692 0.00290063326
v 0.00153751535 -0.00173291737 0.00281696957
v 0.0012132241 -0.00174800025 0.00253477647
f 5980 5982 5981
v 0.00166225636 -0.00199190999 0.00284702073
v 0.0017006716 -0.00187342866 0.00280021886
v 0.00164336398 -0.00180600018 0.00283861864
f 5983 5985 5984
v 0.0012933875 -0.00214192805 0.00304967398
v 0.00166225636 -0.00199190999 0.00284702073
v 0.00129140708 -0.00183963202 0.00305631365
f 5986 5988 5987
v 0.00129140708 -0.00183963202 0.00305631365
v 0.00166225636 -0.00199190999 0.00284702073
v 0.00146604671 -0.00181227551 0.00296672588
f 5989 5991 5990
v 0.00166225636 -0.00199190999 0.00284702073
v 0.00164336398 -0.00180600018 0.00283861864
v 0.00146604671 -0.00181227551 0.00296672588
f 5992 5994 5993
v 0.00171649172 -0.00282975798 0.00291231208
v 0.00212039322 -0.00263441907 0.00264100818
v 0.0013836433 -0.00257757783 0.00305670073
f 5995 5997 5996
v 0.00212039322 -0.00263441907 0.00264100818
v 0.0018347253 -0.00210755989 0.00275033963
v 0.00166225636 -0.00199190999 0.00284702073
f 5998 6000 5999
v 0.00166225636 -0.00199190999 0.00284702073
v 0.0013836433 -0.00257757783 0.00305670073
v 0.00212039322 -0.00263441907 0.00264100818
f 6001 6003 6002
v 0.00106552543 -0.00188632639 0.00315541984
v 0.00107740061 -0.00187065616 0.00313300952
v 0.00109265629 -0.00187009227 0.00314091485
f 6004 6006 6005
v 0.00106254129 -0.00186148118 0.00315562647
v 0.00106552543 -0.00188632639 0.00315541984
v 0.00109265629 -0.00187009227 0.00314091485
f 6007 6009 6008
v 0.000706264609 -0.00210921789 0.00332531235
v 0.000650013953 -0.00217049492 0.00334400465
v 0.000751087327 -0.00229369944 0.00331375559
f 6010 6012 6011
v 0.000610574443 -0.00215994551 0.00332119016
v 0.000606334515 -0.00220206784 0.00335301265
v 0.000618535387 -0.0021870339 0.00334438555
f 6013 6015 6014
v 0.000519762943 -0.00223947736 0.00337382953
v 0.000610574443 -0.00215994551 0.00332119016
v 0.000270143482 -0.00221989449 0.00317033082
f 6016 6018 6017
v 0.000706264609 -0.00210921789 0.00332531235
v 0.000270143482 -0.00221989449 0.00317033082
v 0.000610574443 -0.00215994551 0.00332119016
f 6019 6021 6020
v 0.000799175814 -0.00204904536 0.00329466384
v 0.000706264609 -0.00210921789 0.00332531235
v 0.00094807765 -0.0022453909 0.00323660061
f 6022 6024 6023
v 0.000270143482 -0.00221989449 0.00317033082
v 0.000706264609 -0.00210921789 0.00332531235
v 0.000536224343 -0.00198903108 0.00303927918
f 6025 6027 6026
v 0.000751087327 -0.00229369944 0.00331375559
v 0.00094807765 -0.0022453909 0.00323660061
v 0.000706264609 -0.00210921789 0.00332531235
f 6028 6030 6029
v 0.000610574443 -0.00215994551 0.00332119016
v 0.000619354569 -0.00217724591 0.00334718752
v 0.000650013953 -0.00217049492 0.00334400465
f 6031 6033 6032
v 0.000650013953 -0.00217049492 0.00334400465
v 0.000626997053 -0.00217923553 0.00333464377
v 0.000606334515 -0.00220206784 0.00335301265
f 6034 6036 6035
v 0.000519762943 -0.00223947736 0.00337382953
v 0.000270143482 -0.00221989449 0.00317033082
v 0.000444914031 -0.00229310808 0.00339791331
f 6037 6039 6038
v 0.000751087327 -0.00229369944 0.00331375559
v 0.000916051613 -0.0024936553 0.00329567774
v 0.00094807765 -0.0022453909 0.00323660061
f 6040 6042 6041
v 0.000536224343 -0.00198903108 0.00303927918
v 0.000791793991 -0.00185393837 0.00292226941
v 0.000620727133 -0.00191358849 0.00292554541
f 6043 6045 6044
v 0.000332106015 -0.00203080617 0.00278036387
v 0.000620727133 -0.00191358849 0.00292554541
v 0.000424573045 -0.00197393038 0.00266260977
f 6046 6048 6047
v 0.000620727133 -0.00191358849 0.00292554541
v 0.000332106015 -0.00203080617 0.00278036387
v 0.000536224343 -0.00198903108 0.00303927918
f 6049 6051 6050
v 0.000808775076 -0.00198995949 0.00319827086
v 0.000536224343 -0.00198903108 0.00303927918
v 0.000706264609 -0.00210921789 0.00332531235
f 6052 6054 6053
v 0.000270143482 -0.00221989449 0.00317033082
v 0.000536224343 -0.00198903108 0.00303927918
v 0.00014305781 -0.00217876732 0.00286601025
f 6055 6057 6056
v 0.00014305781 -0.00217876732 0.00286601025
v 0.000332106015 -0.00203080617 0.00278036387
v -9.75871444e-05 -0.00226783632 0.00251682359
f 6058 6060 6059
v 0.0013836433 -0.00257757783 0.00305670073
v 0.00116086348 -0.00256920375 0.00319700703
v 0.00133982348 -0.00277144172 0.00315743309
f 6061 6063 6062
v 0.0013836433 -0.00257757783 0.00305670073
v 0.00133982348 -0.00277144172 0.00315743309
v 0.00171649172 -0.00282975798 0.00291231208
f 6064 6066 6065
v 0.000788948 -0.00183398333 0.00279410069
v 0.0012132241 -0.00174800025 0.00253477647
v 0.000941865801 -0.00180396582 0.0024893825
f 6067 6069 6068
v 0.000788948 -0.00183398333 0.00279410069
v 0.000620727133 -0.00191358849 0.00292554541
v 0.000791793991 -0.00185393837 0.00292226941
f 6070 6072 6071
v 0.000424573045 -0.00197393038 0.00266260977
v 0.000591361595 -0.00192025036 0.00231953418
v 0.000504774289 -0.00196337078 0.00210797298
f 6073 6075 6074
v 0.000424573045 -0.00197393038 0.00266260977
v 0.000504774289 -0.00196337078 0.00210797298
v 2.48832748e-05 -0.00218726054 0.00241001144
f 6076 6078 6077
v 0.000591361595 -0.00192025036 0.00231953418
v 0.000941865801 -0.00180396582 0.0024893825
v 0.000805041236 -0.00182895346 0.00205474189
f 6079 6081 6080
v 0.000591361595 -0.00192025036 0.00231953418
v 0.000805041236 -0.00182895346 0.00205474189
v 0.000504774289 -0.00196337078 0.00210797298
f 6082 6084 6083
v 0.000931164959 -0.00196099227 0.00321791485
v 0.000970722886 -0.0018602308 0.003031694
v 0.000808775076 -0.00198995949 0.00319827086
f 6085 6087 6086
v 0.000799175814 -0.00204904536 0.00329466384
v 0.000867623658 -0.00200144605 0.00325070796
v 0.000808775076 -0.00198995949 0.00319827086
f 6088 6090 6089
v -0.000565700066 -0.00325103683 0.00351682938
v -0.000394659128 -0.00302117351 0.00350757327
v -0.000535740674 -0.00305011745 0.00338408026
f 6091 6093 6092
v -0.000394659128 -0.00302117351 0.00350757327
v -0.000565700066 -0.00325103683 0.00351682938
v -0.000348018716 -0.0034340861 0.0035660345
f 6094 6096 6095
v -0.000653975985 -0.00329508839 0.00348144749
v -0.000565700066 -0.00325103683 0.00351682938
v -0.000717640933 -0.00320930048 0.00329245959
f 6097 6099 6098
v -0.000717640933 -0.00320930048 0.00329245959
v -0.000565700066 -0.00325103683 0.00351682938
v -0.000535740674 -0.00305011745 0.00338408026
f 6100 6102 6101
v -0.000653975985 -0.00329508839 0.00348144749
v -0.000717640933 -0.00320930048 0.00329245959
v -0.00097983293 -0.00348261783 0.00321574698
f 6103 6105 6104
v -0.00097983293 -0.00348261783 0.00321574698
v -0.000717640933 -0.00320930048 0.00329245959
v -0.00102880358 -0.00341856648 0.00297962215
f 6106 6108 6107
v -0.000848168202 -0.00318158709 0.00289352538
v -0.000952159462 -0.00329108807 0.00273910118
v -0.00102880358 -0.00341856648 0.00297962215
f 6109 6111 6110
v -0.000717640933 -0.00320930048 0.00329245959
v -0.000848168202 -0.00318158709 0.00289352538
v -0.00102880358 -0.00341856648 0.00297962215
f 6112 6114 6113
v -0.000380828533 -0.00268633066 0.0030697669
v -0.000295039786 -0.00246951076 0.00276714272
v -0.000653727193 -0.00286693175 0.00281572757
f 6115 6117 6116
v -0.000717640933 -0.00320930048 0.00329245959
v -0.000581197719 -0.00287281291 0.00301443397
v -0.000848168202 -0.00318158709 0.00289352538
f 6118 6120 6119
v -0.000581197719 -0.00287281291 0.00301443397
v -0.000653727193 -0.00286693175 0.00281572757
v -0.000848168202 -0.00318158709 0.00289352538
f 6121 6123 6122
v -0.000952159462 -0.00329108807 0.00273910118
v -0.000848168202 -0.00318158709 0.00289352538
v -0.000653727193 -0.00286693175 0.00281572757
f 6124 6126 6125
v -0.000535740674 -0.00305011745 0.00338408026
v -0.000380828533 -0.00268633066 0.0030697669
v -0.000581197719 -0.00287281291 0.00301443397
f 6127 6129 6128
v -0.0011514896 -0.00355084449 0.00278461612
v -0.00131439738 -0.00386478678 0.00255082232
v -0.00127797612 -0.00381073623 0.00268636777
f 6130 6132 6131
v -0.000952159462 -0.00329108807 0.00273910118
v -0.0011514896 -0.00355084449 0.00278461612
v -0.00102880358 -0.00341856648 0.00297962215
f 6133 6135 6134
v -0.000952159462 -0.00329108807 0.00273910118
v -0.00110817064 -0.00346865818 0.00214255178
v -0.0011514896 -0.00355084449 0.00278461612
f 6136 6138 6137
v -0.0011514896 -0.00355084449 0.00278461612
v -0.00121552503 -0.00362639003 0.00228161243
v -0.00131439738 -0.00386478678 0.00255082232
f 6139 6141 6140
v -0.00121552503 -0.00362639003 0.00228161243
v -0.00131368888 -0.00388115222 0.00247111147
v -0.00131439738 -0.00386478678 0.00255082232
f 6142 6144 6143
v -0.00121661888 -0.00415178038 0.00267660762
v -0.00129469645 -0.00390061032 0.00268228068
v -0.00131439738 -0.00386478678 0.00255082232
f 6145 6147 6146
v -0.00131368888 -0.00388115222 0.00247111147
v -0.00131636407 -0.00387084983 0.00233500614
v -0.00121661888 -0.00415178038 0.00267660762
f 6148 6150 6149
v -0.00131636407 -0.00387084983 0.00233500614
v -0.00119074866 -0.00423178681 0.00228275348
v -0.00121661888 -0.00415178038 0.00267660762
f 6151 6153 6152
v -0.00131368888 -0.00388115222 0.00247111147
v -0.00131301495 -0.00382744183 0.00220297843
v -0.00131636407 -0.00387084983 0.00233500614
f 6154 6156 6155
v -0.0013002058 -0.00383185725 0.00209722239
v -0.00119074866 -0.00423178681 0.00228275348
v -0.00131636407 -0.00387084983 0.00233500614
f 6157 6159 6158
v -0.00114737686 -0.0041624764 0.00180988736
v -0.00116445508 -0.00441185184 0.00238255743
v -0.00119074866 -0.00423178681 0.00228275348
f 6160 6162 6161
v -0.00110817064 -0.00346865818 0.00214255178
v -0.000832989735 -0.00306968614 0.00250688609
v -0.000965510299 -0.00326293411 0.00225315998
f 6163 6165 6164
v -0.00110817064 -0.00346865818 0.00214255178
v -0.000965510299 -0.00326293411 0.00225315998
v -0.00101555434 -0.00333717035 0.00184583714
f 6166 6168 6167
v -0.00121552503 -0.00362639003 0.00228161243
v -0.00126929608 -0.00378943951 0.00185167828
v -0.0013002058 -0.00383185725 0.00209722239
f 6169 6171 6170
v -0.00110817064 -0.00346865818 0.00214255178
v -0.00126929608 -0.00378943951 0.00185167828
v -0.00121552503 -0.00362639003 0.00228161243
f 6172 6174 6173
v -0.0013002058 -0.00383185725 0.00209722239
v -0.00126929608 -0.00378943951 0.00185167828
v -0.00128052834 -0.00380676502 0.00193986434
f 6175 6177 6176
v -0.00114737686 -0.0041624764 0.00180988736
v -0.00119074866 -0.00423178681 0.00228275348
v -0.0013002058 -0.00383185725 0.00209722239
f 6178 6180 6179
v -0.00110817064 -0.00346865818 0.00214255178
v -0.00101555434 -0.00333717035 0.00184583714
v -0.00112419557 -0.0035604633 0.00155715406
f 6181 6183 6182
v -0.00124513335 -0.00378603327 0.00171148149
v -0.00114737686 -0.0041624764 0.00180988736
v -0.00126929608 -0.00378943951 0.00185167828
f 6184 6186 6185
v -0.00121552503 -0.00362639003 0.00228161243
v -0.00131301495 -0.00382744183 0.00220297843
v -0.00131368888 -0.00388115222 0.00247111147
f 6187 6189 6188
v 0.00014305781 -0.00217876732 0.00286601025
v -0.000281178586 -0.00241221514 0.00261003333
v -0.000295039786 -0.00246951076 0.00276714272
f 6190 6192 6191
v -0.000518078741 -0.00265454655 0.00260210691
v -0.000281178586 -0.00241221514 0.00261003333
v -0.000445010801 -0.00257303709 0.00235850603
f 6193 6195 6194
v -0.000281178586 -0.00241221514 0.00261003333
v -9.75871444e-05 -0.00226783632 0.00251682359
v -0.000240675399 -0.00237943987 0.00207583216
f 6196 6198 6197
v 0.000504774289 -0.00196337078 0.00210797298
v 0.000306338075 -0.00209250629 0.00187128462
v -5.60697572e-05 -0.00225948424 0.00204542957
f 6199 6201 6200
v 2.48832748e-05 -0.00218726054 0.00241001144
v 0.000504774289 -0.00196337078 0.00210797298
v -5.60697572e-05 -0.00225948424 0.00204542957
f 6202 6204 6203
v -7.45967441e-05 -0.00231793929 0.00163338445
v -0.000319640867 -0.00262543417 0.00142722056
v -0.000324690586 -0.0024761468 0.00198023081
f 6205 6207 6206
v -7.45967441e-05 -0.00231793929 0.00163338445
v -7.48846219e-05 -0.00244696494 0.00125201805
v -0.000319640867 -0.00262543417 0.00142722056
f 6208 6210 6209
v -0.000324690586 -0.0024761468 0.00198023081
v -0.000445010801 -0.00257303709 0.00235850603
v -0.000240675399 -0.00237943987 0.00207583216
f 6211 6213 6212
v -5.60697572e-05 -0.00225948424 0.00204542957
v 6.93373636e-05 -0.00221339214 0.00172689215
v -7.45967441e-05 -0.00231793929 0.00163338445
f 6214 6216 6215
v -0.000989198907 -0.00339677172 0.00146606235
v -0.000592920469 -0.00283232948 0.00202587034
v -0.000633886157 -0.00298971754 0.00152615521
f 6217 6219 6218
v -0.00101555434 -0.00333717035 0.00184583714
v -0.000592920469 -0.00283232948 0.00202587034
v -0.000989198907 -0.00339677172 0.00146606235
f 6220 6222 6221
v -0.00101555434 -0.00333717035 0.00184583714
v -0.000989198907 -0.00339677172 0.00146606235
v -0.00112419557 -0.0035604633 0.00155715406
f 6223 6225 6224
v -0.000437955032 -0.00277904383 0.00115880393
v -0.00064394967 -0.00303833076 0.00102719114
v -0.000764577544 -0.00317485283 0.00129363434
f 6226 6228 6227
v -0.000319640867 -0.00262543417 0.00142722056
v -0.000437955032 -0.00277904383 0.00115880393
v -0.000633886157 -0.00298971754 0.00152615521
f 6229 6231 6230
v -0.000437955032 -0.00277904383 0.00115880393
v -0.000503477031 -0.00295694972 0.00085009342
v -0.00064394967 -0.00303833076 0.00102719114
f 6232 6234 6233
v -0.000861315493 -0.00327965281 0.000780381652
v -0.000503477031 -0.00295694972 0.00085009342
v -0.000797358007 -0.00326025947 0.000685421401
f 6235 6237 6236
v -0.000764577544 -0.00317485283 0.00129363434
v -0.00064394967 -0.00303833076 0.00102719114
v -0.000989198907 -0.00339677172 0.00146606235
f 6238 6240 6239
v -0.000653975985 -0.00329508839 0.00348144749
v -0.000972016005 -0.00347692112 0.00325528454
v -0.00071081995 -0.00331364863 0.00346868037
f 6241 6243 6242
v 0.000771976283 -0.00339557118 0.00357857934
v 0.000952778919 -0.00372791728 0.00365345477
v 0.000952089704 -0.00340051374 0.00350695263
f 6244 6246 6245
v 0.000157653221 -0.00371309725 0.00371783899
v 0.000964201172 -0.00428428903 0.00380521888
v 0.00103859102 -0.0039725277 0.0037271886
f 6247 6249 6248
v 0.00112665548 -0.00411565561 0.00373481307
v 0.00145481317 -0.00413839516 0.00354392432
v 0.00103859102 -0.0039725277 0.0037271886
f 6250 6252 6251
v 0.00145481317 -0.00413839516 0.00354392432
v 0.00112665548 -0.00411565561 0.00373481307
v 0.00165974579 -0.00436586379 0.00348272697
f 6253 6255 6254
v 0.00112665548 -0.00411565561 0.00373481307
v 0.00115037419 -0.00434840622 0.00375487361
v 0.00165974579 -0.00436586379 0.00348272697
f 6256 6258 6257
v 0.00165300517 -0.00342914464 0.00323552777
v 0.000772146177 -0.00300680767 0.00344793734
v 0.00082669394 -0.00309295538 0.00345003755
f 6259 6261 6260
v 0.00178160226 -0.00418400559 0.00337283636
v 0.00205185461 -0.00388788212 0.00318023995
v 0.00165300517 -0.00342914464 0.00323552777
f 6262 6264 6263
v 0.0018111361 -0.00519129608 0.00337153033
v 0.00165974579 -0.00436586379 0.00348272697
v 0.00125054248 -0.00484110933 0.00376323078
f 6265 6267 6266
v 0.0018111361 -0.00519129608 0.00337153033
v 0.00179577728 -0.00483977565 0.00338739956
v 0.00165974579 -0.00436586379 0.00348272697
f 6268 6270 6269
v 0.0018111361 -0.00519129608 0.00337153033
v 0.0022422093 -0.00510478094 0.00311723124
v 0.00179577728 -0.00483977565 0.00338739956
f 6271 6273 6272
v 0.0021242422 -0.00478471447 0.00321173065
v 0.00215692107 -0.00446778613 0.00319030478
v 0.00193050601 -0.00428034655 0.00332050149
f 6274 6276 6275
v 0.00179577728 -0.00483977565 0.00338739956
v 0.0021242422 -0.00478471447 0.00321173065
v 0.00165974579 -0.00436586379 0.00348272697
f 6277 6279 6278
v 0.0021242422 -0.00478471447 0.00321173065
v 0.00193050601 -0.00428034655 0.00332050149
v 0.00165974579 -0.00436586379 0.00348272697
f 6280 6282 6281
v 0.00193050601 -0.00428034655 0.00332050149
v 0.00215908603 -0.00405210449 0.0031674801
v 0.00178160226 -0.00418400559 0.00337283636
f 6283 6285 6284
v 0.00193050601 -0.00428034655 0.00332050149
v 0.00225290041 -0.00411936599 0.00310393225
v 0.00215908603 -0.00405210449 0.0031674801
f 6286 6288 6287
v 0.00233122282 -0.00470203813 0.00303932611
v 0.00227181827 -0.00451082269 0.00309921525
v 0.00215692107 -0.00446778613 0.00319030478
f 6289 6291 6290
v 0.0021242422 -0.00478471447 0.00321173065
v 0.00224076794 -0.00481751085 0.00313301607
v 0.00215692107 -0.00446778613 0.00319030478
f 6292 6294 6293
v 0.00165974579 -0.00436586379 0.00348272697
v 0.00178160226 -0.00418400559 0.00337283636
v 0.00145481317 -0.00413839516 0.00354392432
f 6295 6297 6296
v 0.0022422093 -0.00510478094 0.00311723124
v 0.0021242422 -0.00478471447 0.00321173065
v 0.00179577728 -0.00483977565 0.00338739956
f 6298 6300 6299
v 0.00225290041 -0.00411936599 0.00310393225
v 0.00215692107 -0.00446778613 0.00319030478
v 0.00230750575 -0.00427328487 0.00305152607
f 6301 6303 6302
v 0.00133982348 -0.00277144172 0.00315743309
v 0.00165300517 -0.00342914464 0.00323552777
v 0.00214052325 -0.00371980823 0.00306464353
f 6304 6306 6305
v 0.00229664111 -0.00388215158 0.00302389926
v 0.00233693208 -0.00363728614 0.00281842695
v 0.00214052325 -0.00371980823 0.00306464353
f 6307 6309 6308
v 0.0023646382 -0.00316419937 0.00250365356
v 0.00212389805 -0.00324367502 0.00278857024
v 0.00243174163 -0.00336525263 0.00252133977
f 6310 6312 6311
v 0.00206430595 -0.00310003306 0.00276681676
v 0.00212389805 -0.00324367502 0.00278857024
v 0.0023646382 -0.00316419937 0.00250365356
f 6313 6315 6314
v 0.00133982348 -0.00277144172 0.00315743309
v 0.00206430595 -0.00310003306 0.00276681676
v 0.00171649172 -0.00282975798 0.00291231208
f 6316 6318 6317
v 0.00205185461 -0.00388788212 0.00318023995
v 0.00229664111 -0.00388215158 0.00302389926
v 0.00214052325 -0.00371980823 0.00306464353
f 6319 6321 6320
v 0.00215908603 -0.00405210449 0.0031674801
v 0.00229664111 -0.00388215158 0.00302389926
v 0.00205185461 -0.00388788212 0.00318023995
f 6322 6324 6323
v 0.00234656491 -0.00409385357 0.00302171065
v 0.00225290041 -0.00411936599 0.00310393225
v 0.00239973579 -0.0042519725 0.00293412704
f 6325 6327 6326
v 0.00242643782 -0.00405382925 0.00291126071
v 0.0024993511 -0.00384102095 0.00269880293
v 0.00229664111 -0.00388215158 0.00302389926
f 6328 6330 6329
v 0.00215692107 -0.00446778613 0.00319030478
v 0.00235845564 -0.00441830671 0.00299673229
v 0.00230750575 -0.00427328487 0.00305152607
f 6331 6333 6332
v 0.00230750575 -0.00427328487 0.00305152607
v 0.00235845564 -0.00441830671 0.00299673229
v 0.00239973579 -0.0042519725 0.00293412704
f 6334 6336 6335
v 0.00233122282 -0.00470203813 0.00303932611
v 0.0024209603 -0.00465128323 0.00288737319
v 0.00227181827 -0.00451082269 0.00309921525
f 6337 6339 6338
v 0.00235845564 -0.00441830671 0.00299673229
v 0.0024209603 -0.00465128323 0.00288737319
v 0.00245530227 -0.00454247056 0.00277165182
f 6340 6342 6341
v 0.00239973579 -0.0042519725 0.00293412704
v 0.00245530227 -0.00454247056 0.00277165182
v 0.00248334945 -0.00401056895 0.00278880252
f 6343 6345 6344
v 0.00245530227 -0.00454247056 0.00277165182
v 0.00260117868 -0.00435426336 0.00238944594
v 0.00248334945 -0.00401056895 0.00278880252
f 6346 6348 6347
v 0.00242696078 -0.00377312899 0.00279308333
v 0.0024993511 -0.00384102095 0.00269880293
v 0.00233693208 -0.00363728614 0.00281842695
f 6349 6351 6350
v 0.00243174163 -0.00336525263 0.00252133977
v 0.00245917854 -0.00353884061 0.00259261415
v 0.00251987258 -0.00347422392 0.00243175327
f 6352 6354 6353
v 0.0024993511 -0.00384102095 0.00269880293
v 0.00248334945 -0.00401056895 0.00278880252
v 0.00268663916 -0.00399185119 0.00209758309
f 6355 6357 6356
v 0.00248334945 -0.00401056895 0.00278880252
v 0.00260117868 -0.00435426336 0.00238944594
v 0.00268663916 -0.00399185119 0.00209758309
f 6358 6360 6359
v 0.00229664111 -0.00388215158 0.00302389926
v 0.00242696078 -0.00377312899 0.00279308333
v 0.00233693208 -0.00363728614 0.00281842695
f 6361 6363 6362
v 0.00159606516 -0.00173073404 0.00285779206
v 0.00163067925 -0.00179076869 0.00279155465
v 0.00153751535 -0.00173291737 0.00281696957
f 6364 6366 6365
v 0.00155016969 -0.00175091518 0.00275670791
v 0.00139870681 -0.00173927547 0.00259263688
v 0.00153751535 -0.00173291737 0.00281696957
f 6367 6369 6368
v 0.00168087518 -0.00181949272 0.00277034269
v 0.0017006716 -0.00187342866 0.00280021886
v 0.00173681619 -0.00180825136 0.00276056526
f 6370 6372 6371
v 0.00162653905 -0.00176657613 0.00268275435
v 0.00173681619 -0.00180825136 0.00276056526
v 0.00183265274 -0.00174202232 0.00265908566
f 6373 6375 6374
v 0.0018347253 -0.00210755989 0.00275033963
v 0.00187781698 -0.00171169067 0.00260834586
v 0.00173681619 -0.00180825136 0.00276056526
f 6376 6378 6377
v 0.00173681619 -0.00180825136 0.00276056526
v 0.00162653905 -0.00176657613 0.00268275435
v 0.00168087518 -0.00181949272 0.00277034269
f 6379 6381 6380
v 0.0019138668 -0.00168007809 0.00253033286
v 0.00196585479 -0.00164085359 0.00241676789
v 0.00197258269 -0.00164560552 0.00238993489
f 6382 6384 6383
v 0.00187781698 -0.00171169067 0.00260834586
v 0.00215585478 -0.00202665105 0.00238583598
v 0.00196585479 -0.00164085359 0.00241676789
f 6385 6387 6386
v 0.0019138668 -0.00168007809 0.00253033286
v 0.00187781698 -0.00171169067 0.00260834586
v 0.00196585479 -0.00164085359 0.00241676789
f 6388 6390 6389
v 0.00162653905 -0.00176657613 0.00268275435
v 0.00170193453 -0.00169965806 0.00243502709
v 0.00162432152 -0.00167929193 0.00225386539
f 6391 6393 6392
v 0.00162653905 -0.00176657613 0.00268275435
v 0.00187781698 -0.00171169067 0.00260834586
v 0.00170193453 -0.00169965806 0.00243502709
f 6394 6396 6395
v 0.0018347253 -0.00210755989 0.00275033963
v 0.00212039322 -0.00263441907 0.00264100818
v 0.00215761102 -0.00244733565 0.00257166539
f 6397 6399 6398
v 0.00209740901 -0.00208924685 0.0024961797
v 0.00227089513 -0.00224926625 0.00234279887
v 0.00215585478 -0.00202665105 0.00238583598
f 6400 6402 6401
v 0.00209740901 -0.00208924685 0.0024961797
v 0.00223968145 -0.00237802014 0.00245464071
v 0.00227089513 -0.00224926625 0.00234279887
f 6403 6405 6404
v 0.00201994026 -0.00162689539 0.00228987828
v 0.00197258269 -0.00164560552 0.00238993489
v 0.00208944039 -0.001792482 0.00226515349
f 6406 6408 6407
v 0.00197258269 -0.00164560552 0.00238993489
v 0.00201994026 -0.00162689539 0.00228987828
v 0.00196542151 -0.00162797842 0.00204935241
f 6409 6411 6410
v 0.00196542151 -0.00162797842 0.00204935241
v 0.00162432152 -0.00167929193 0.00225386539
v 0.00197258269 -0.00164560552 0.00238993489
f 6412 6414 6413
v 0.00201994026 -0.00162689539 0.00228987828
v 0.00206774748 -0.00160688578 0.00216768112
v 0.00196542151 -0.00162797842 0.00204935241
f 6415 6417 6416
v 0.00207395315 -0.00165746242 0.00209985483
v 0.0021010299 -0.00167409016 0.00212445138
v 0.00211862789 -0.00164611156 0.00198279231
f 6418 6420 6419
v 0.00196542151 -0.00162797842 0.00204935241
v 0.00207395315 -0.00165746242 0.00209985483
v 0.00211862789 -0.00164611156 0.00198279231
f 6421 6423 6422
v 0.00196542151 -0.00162797842 0.00204935241
v 0.00211862789 -0.00164611156 0.00198279231
v 0.00186343277 -0.00161222033 0.0018410863
f 6424 6426 6425
v 0.00211862789 -0.00164611156 0.00198279231
v 0.00210113994 -0.00162401775 0.00185801509
v 0.00186343277 -0.00161222033 0.0018410863
f 6427 6429 6428
v 0.00186343277 -0.00161222033 0.0018410863
v 0.00210113994 -0.00162401775 0.00185801509
v 0.00207212179 -0.00161001481 0.00178503724
f 6430 6432 6431
v 0.00206774748 -0.00160688578 0.00216768112
v 0.00207395315 -0.00165746242 0.00209985483
v 0.00196542151 -0.00162797842 0.00204935241
f 6433 6435 6434
v 0.00201994026 -0.00162689539 0.00228987828
v 0.00203346317 -0.00163724435 0.00226051343
v 0.00206774748 -0.00160688578 0.00216768112
f 6436 6438 6437
v 0.00206774748 -0.00160688578 0.00216768112
v 0.0021010299 -0.00167409016 0.00212445138
v 0.00207395315 -0.00165746242 0.00209985483
f 6439 6441 6440
v 0.00227089513 -0.00224926625 0.00234279887
v 0.00236016131 -0.00234621239 0.00223239458
v 0.00228888366 -0.00210751477 0.00214195097
f 6442 6444 6443
v 0.00218581554 -0.00182930962 0.00202164956
v 0.00216537501 -0.00180966199 0.00185461395
v 0.00211862789 -0.00164611156 0.00198279231
f 6445 6447 6446
v 0.00218581554 -0.00182930962 0.00202164956
v 0.00228888366 -0.00210751477 0.00214195097
v 0.00241180551 -0.00228567133 0.00186706711
f 6448 6450 6449
v 0.00218581554 -0.00182930962 0.00202164956
v 0.00241180551 -0.00228567133 0.00186706711
v 0.00216537501 -0.00180966199 0.00185461395
f 6451 6453 6452
v 0.00215585478 -0.00202665105 0.00238583598
v 0.00227089513 -0.00224926625 0.00234279887
v 0.00228888366 -0.00210751477 0.00214195097
f 6454 6456 6455
v 0.00211862789 -0.00164611156 0.00198279231
v 0.0021010299 -0.00167409016 0.00212445138
v 0.00218581554 -0.00182930962 0.00202164956
f 6457 6459 6458
v 0.00187781698 -0.00171169067 0.00260834586
v 0.0018347253 -0.00210755989 0.00275033963
v 0.00209740901 -0.00208924685 0.0024961797
f 6460 6462 6461
v 0.00203346317 -0.00163724435 0.00226051343
v 0.00218581554 -0.00182930962 0.00202164956
v 0.0021010299 -0.00167409016 0.00212445138
f 6463 6465 6464
v 0.0012132241 -0.00174800025 0.00253477647
v 0.00135803821 -0.00171185166 0.00213796702
v 0.000805041236 -0.00182895346 0.00205474189
f 6466 6468 6467
v 0.00142275148 -0.00169014129 0.00183341981
v 0.000805041236 -0.00182895346 0.00205474189
v 0.00135803821 -0.00171185166 0.00213796702
f 6469 6471 6470
v 0.0012132241 -0.00174800025 0.00253477647
v 0.00162432152 -0.00167929193 0.00225386539
v 0.00135803821 -0.00171185166 0.00213796702
f 6472 6474 6473
v 0.000706312539 -0.00187691367 0.00193589476
v 0.000805041236 -0.00182895346 0.00205474189
v 0.000724364145 -0.00192009393 0.00159503252
f 6475 6477 6476
v 0.000805041236 -0.00182895346 0.00205474189
v 0.000995604478 -0.00183105203 0.00149833031
v 0.000724364145 -0.00192009393 0.00159503252
f 6478 6480 6479
v 0.00186343277 -0.00161222033 0.0018410863
v 0.00207212179 -0.00161001481 0.00178503724
v 0.00169824416 -0.00164818939 0.00147734436
f 6481 6483 6482
v 0.00131467841 -0.00174841807 0.00159597876
v 0.00142275148 -0.00169014129 0.00183341981
v 0.00132005152 -0.00178020346 0.00126388168
f 6484 6486 6485
v 0.00142275148 -0.00169014129 0.00183341981
v 0.00160350646 -0.00165199035 0.00154989848
v 0.00132005152 -0.00178020346 0.00126388168
f 6487 6489 6488
v 0.00160350646 -0.00165199035 0.00154989848
v 0.00169824416 -0.00164818939 0.00147734436
v 0.00132005152 -0.00178020346 0.00126388168
f 6490 6492 6491
v 0.000995604478 -0.00183105203 0.00149833031
v 0.00131467841 -0.00174841807 0.00159597876
v 0.000937782806 -0.00187870191 0.00111629042
f 6493 6495 6494
v 0.000937782806 -0.00187870191 0.00111629042
v 0.00132005152 -0.00178020346 0.00126388168
v 0.00138220321 -0.00183158409 0.000967665346
f 6496 6498 6497
v 0.00207375269 -0.00158017247 0.00168028164
v 0.00206627301 -0.00157916184 0.00171594529
v 0.00207597604 -0.001599405 0.00173375902
f 6499 6501 6500
v 0.00206627301 -0.00157916184 0.00171594529
v 0.00207212179 -0.00161001481 0.00178503724
v 0.0020586529 -0.00159844058 0.00171714564
f 6502 6504 6503
v 0.00206627301 -0.00157916184 0.00171594529
v 0.00207375269 -0.00158017247 0.00168028164
v 0.0020554091 -0.00156296119 0.00163289715
f 6505 6507 6506
v 0.00207212179 -0.00161001481 0.00178503724
v 0.00206627301 -0.00157916184 0.00171594529
v 0.0020554091 -0.00156296119 0.00163289715
f 6508 6510 6509
v 0.00207375269 -0.00158017247 0.00168028164
v 0.00206076056 -0.00157862451 0.0015556805
v 0.0020554091 -0.00156296119 0.00163289715
f 6511 6513 6512
v 0.0020554091 -0.00156296119 0.00163289715
v 0.00206076056 -0.00157862451 0.0015556805
v 0.00205099241 -0.00156788774 0.00147113678
f 6514 6516 6515
v 0.00188034246 -0.00161329754 0.00155180987
v 0.00205099241 -0.00156788774 0.00147113678
v 0.00169824416 -0.00164818939 0.00147734436
f 6517 6519 6518
v 0.00205099241 -0.00156788774 0.00147113678
v 0.00195625871 -0.00160384116 0.0013326925
v 0.00169824416 -0.00164818939 0.00147734436
f 6520 6522 6521
v 0.00195625871 -0.00160384116 0.0013326925
v 0.00204927474 -0.00157669529 0.00141650653
v 0.00204698663 -0.00159139236 0.00135522259
f 6523 6525 6524
v 0.00195625871 -0.00160384116 0.0013326925
v 0.00203714462 -0.00159415213 0.00132712048
v 0.00202562023 -0.00160412856 0.00134044021
f 6526 6528 6527
v 0.00195625871 -0.00160384116 0.0013326925
v 0.00204018143 -0.00160938507 0.00128517386
v 0.00204087628 -0.0016173035 0.00122417878
f 6529 6531 6530
v 0.00202562023 -0.00160412856 0.00134044021
v 0.00203714462 -0.00159415213 0.00132712048
v 0.0020420217 -0.00160333693 0.00131986535
f 6532 6534 6533
v 0.00195625871 -0.00160384116 0.0013326925
v 0.0020317575 -0.00162609322 0.00117318705
v 0.00181860778 -0.00166390109 0.0011861539
f 6535 6537 6536
v 0.00181860778 -0.00166390109 0.0011861539
v 0.0020317575 -0.00162609322 0.00117318705
v 0.0018835126 -0.00168713359 0.00106543794
f 6538 6540 6539
v 0.00195625871 -0.00160384116 0.0013326925
v 0.00204087628 -0.0016173035 0.00122417878
v 0.0020317575 -0.00162609322 0.00117318705
f 6541 6543 6542
v 0.00205099241 -0.00156788774 0.00147113678
v 0.00204927474 -0.00157669529 0.00141650653
v 0.00195625871 -0.00160384116 0.0013326925
f 6544 6546 6545
v 0.00203714462 -0.00159415213 0.00132712048
v 0.00195625871 -0.00160384116 0.0013326925
v 0.00204698663 -0.00159139236 0.00135522259
f 6547 6549 6548
v 0.00205291726 -0.00163312507 0.00132546902
v 0.00202562023 -0.00160412856 0.00134044021
v 0.00204698663 -0.00159139236 0.00135522259
f 6550 6552 6551
v 0.00203714462 -0.00159415213 0.00132712048
v 0.00204698663 -0.00159139236 0.00135522259
v 0.0020420217 -0.00160333693 0.00131986535
f 6553 6555 6554
v 0.00204698663 -0.00159139236 0.00135522259
v 0.00202562023 -0.00160412856 0.00134044021
v 0.0020420217 -0.00160333693 0.00131986535
f 6556 6558 6557
v 0.00169824416 -0.00164818939 0.00147734436
v 0.00164306766 -0.00173038006 0.0010278568
v 0.00132005152 -0.00178020346 0.00126388168
f 6559 6561 6560
v 0.00208779129 -0.00162576362 0.00172445707
v 0.00211449187 -0.00172871805 0.00171611991
v 0.00207375269 -0.00158017247 0.00168028164
f 6562 6564 6563
v 0.00207375269 -0.00158017247 0.00168028164
v 0.00211449187 -0.00172871805 0.00171611991
v 0.00208552447 -0.00172346627 0.0014804973
f 6565 6567 6566
v 0.00208552447 -0.00172346627 0.0014804973
v 0.00206128443 -0.00171788379 0.0012339211
v 0.00205099241 -0.00156788774 0.00147113678
f 6568 6570 6569
v 0.00219409831 -0.00199489805 0.00116574811
v 0.00204142107 -0.00174768247 0.00108090526
v 0.00206128443 -0.00171788379 0.0012339211
f 6571 6573 6572
v 0.00138220321 -0.00183158409 0.000967665346
v 0.00164306766 -0.00173038006 0.0010278568
v 0.00157761951 -0.00186669295 0.000779753464
f 6574 6576 6575
v 0.00164306766 -0.00173038006 0.0010278568
v 0.0018835126 -0.00168713359 0.00106543794
v 0.00170080912 -0.0018029712 0.000882583299
f 6577 6579 6578
v 0.00204142107 -0.00174768247 0.00108090526
v 0.00202557167 -0.00180500538 0.000983274731
v 0.0019678173 -0.00180515162 0.000928778354
f 6580 6582 6581
v 0.0018835126 -0.00168713359 0.00106543794
v 0.00204142107 -0.00174768247 0.00108090526
v 0.0019678173 -0.00180515162 0.000928778354
f 6583 6585 6584
v 0.0018835126 -0.00168713359 0.00106543794
v 0.0019678173 -0.00180515162 0.000928778354
v 0.00170080912 -0.0018029712 0.000882583299
f 6586 6588 6587
v 0.0019678173 -0.00180515162 0.000928778354
v 0.00202557167 -0.00180500538 0.000983274731
v 0.00198554626 -0.001833235 0.000875438855
f 6589 6591 6590
v 0.00164306766 -0.00173038006 0.0010278568
v 0.00170080912 -0.0018029712 0.000882583299
v 0.00157761951 -0.00186669295 0.000779753464
f 6592 6594 6593
v 0.00236908818 -0.00241514263 0.00101192491
v 0.00202557167 -0.00180500538 0.000983274731
v 0.00219409831 -0.00199489805 0.00116574811
f 6595 6597 6596
v 0.00170080912 -0.0018029712 0.000882583299
v 0.0019678173 -0.00180515162 0.000928778354
v 0.00173000262 -0.00189865768 0.000677338812
f 6598 6600 6599
v 0.00202557167 -0.00180500538 0.000983274731
v 0.00196455076 -0.00186344914 0.000774476666
v 0.00198554626 -0.001833235 0.000875438855
f 6601 6603 6602
v 0.00198554626 -0.001833235 0.000875438855
v 0.00196455076 -0.00186344914 0.000774476666
v 0.00188500744 -0.00188720933 0.000672905026
f 6604 6606 6605
v 0.00188500744 -0.00188720933 0.000672905026
v 0.00181130326 -0.00194178629 0.000586443184
v 0.00173000262 -0.00189865768 0.000677338812
f 6607 6609 6608
v 0.00196455076 -0.00186344914 0.000774476666
v 0.00201766707 -0.0020788284 0.000692335016
v 0.00188500744 -0.00188720933 0.000672905026
f 6610 6612 6611
v 0.00236908818 -0.00241514263 0.00101192491
v 0.00217619672 -0.0022831613 0.00077209761
v 0.00196455076 -0.00186344914 0.000774476666
f 6613 6615 6614
v 0.00201766707 -0.0020788284 0.000692335016
v 0.00203162108 -0.00225873046 0.000631309285
v 0.00181130326 -0.00194178629 0.000586443184
f 6616 6618 6617
v 0.00207375269 -0.00158017247 0.00168028164
v 0.00208552447 -0.00172346627 0.0014804973
v 0.00206076056 -0.00157862451 0.0015556805
f 6619 6621 6620
v 0.00206076056 -0.00157862451 0.0015556805
v 0.00208552447 -0.00172346627 0.0014804973
v 0.00205099241 -0.00156788774 0.00147113678
f 6622 6624 6623
v 0.00205291726 -0.00163312507 0.00132546902
v 0.00205099241 -0.00156788774 0.00147113678
v 0.00206128443 -0.00171788379 0.0012339211
f 6625 6627 6626
v 0.0020317575 -0.00162609322 0.00117318705
v 0.00204142107 -0.00174768247 0.00108090526
v 0.0018835126 -0.00168713359 0.00106543794
f 6628 6630 6629
v 0.00219409831 -0.00199489805 0.00116574811
v 0.00202557167 -0.00180500538 0.000983274731
v 0.00204142107 -0.00174768247 0.00108090526
f 6631 6633 6632
v 0.00207212179 -0.00161001481 0.00178503724
v 0.00210113994 -0.00162401775 0.00185801509
v 0.00208779129 -0.00162576362 0.00172445707
f 6634 6636 6635
v 0.00167774051 -0.00162762717 0.00186529287
v 0.00196542151 -0.00162797842 0.00204935241
v 0.00186343277 -0.00161222033 0.0018410863
f 6637 6639 6638
v 0.00207597604 -0.001599405 0.00173375902
v 0.00208779129 -0.00162576362 0.00172445707
v 0.0020586529 -0.00159844058 0.00171714564
f 6640 6642 6641
v 0.00207212179 -0.00161001481 0.00178503724
v 0.00207597604 -0.001599405 0.00173375902
v 0.0020586529 -0.00159844058 0.00171714564
f 6643 6645 6644
v 0.000724364145 -0.00192009393 0.00159503252
v 0.000306338075 -0.00209250629 0.00187128462
v 0.000706312539 -0.00187691367 0.00193589476
f 6646 6648 6647
v 0.000306338075 -0.00209250629 0.00187128462
v 0.000724364145 -0.00192009393 0.00159503252
v 0.000227826899 -0.00216308417 0.00152012635
f 6649 6651 6650
v 0.000232767275 -0.00216968347 0.00140488273
v 0.000227826899 -0.00216308417 0.00152012635
v 0.00052646601 -0.00202992342 0.00120532959
f 6652 6654 6653
v 0.000227826899 -0.00216308417 0.00152012635
v 0.000724364145 -0.00192009393 0.00159503252
v 0.00052646601 -0.00202992342 0.00120532959
f 6655 6657 6656
v -7.45967441e-05 -0.00231793929 0.00163338445
v 0.000227826899 -0.00216308417 0.00152012635
v 0.000232767275 -0.00216968347 0.00140488273
f 6658 6660 6659
v 0.000724364145 -0.00192009393 0.00159503252
v 0.000995604478 -0.00183105203 0.00149833031
v 0.000937782806 -0.00187870191 0.00111629042
f 6661 6663 6662
v 0.000724364145 -0.00192009393 0.00159503252
v 0.000937782806 -0.00187870191 0.00111629042
v 0.00052646601 -0.00202992342 0.00120532959
f 6664 6666 6665
v 0.00052646601 -0.00202992342 0.00120532959
v 0.000937782806 -0.00187870191 0.00111629042
v 0.000712942938 -0.00199373389 0.000952578284
f 6667 6669 6668
v 0.00138220321 -0.00183158409 0.000967665346
v 0.00103148031 -0.00186913294 0.0010406985
v 0.000937782806 -0.00187870191 0.00111629042
f 6670 6672 6671
v 0.000712942938 -0.00199373389 0.000952578284
v 0.000937782806 -0.00187870191 0.00111629042
v 0.00103148031 -0.00186913294 0.0010406985
f 6673 6675 6674
v 0.000480816971 -0.00211937167 0.000903539876
v 0.000253954158 -0.00237632576 0.000665761127
v 0.000301467639 -0.00219373196 0.00103743978
f 6676 6678 6677
v 0.00052646601 -0.00202992342 0.00120532959
v 0.000712942938 -0.00199373389 0.000952578284
v 0.000480816971 -0.00211937167 0.000903539876
f 6679 6681 6680
v -7.48846219e-05 -0.00244696494 0.00125201805
v -0.000251750862 -0.00273663336 0.00083222385
v -0.000437955032 -0.00277904383 0.00115880393
f 6682 6684 6683
v -0.000437955032 -0.00277904383 0.00115880393
v -0.000251750862 -0.00273663336 0.00083222385
v -0.000503477031 -0.00295694972 0.00085009342
f 6685 6687 6686
v 0.000107959215 -0.00243233662 0.000795611504
v -2.9746289e-05 -0.00259130757 0.000630086743
v -0.000251750862 -0.00273663336 0.00083222385
f 6688 6690 6689
v -2.9746289e-05 -0.00259130757 0.000630086743
v -0.000202109732 -0.00289269137 0.000404439925
v -0.000251750862 -0.00273663336 0.00083222385
f 6691 6693 6692
v -0.000251750862 -0.00273663336 0.00083222385
v -0.000312975772 -0.00302612807 0.000395988081
v -0.000503477031 -0.00295694972 0.00085009342
f 6694 6696 6695
v -0.000797358007 -0.00326025947 0.000685421401
v -0.000503477031 -0.00295694972 0.00085009342
v -0.000531672686 -0.00318331549 0.000439139149
f 6697 6699 6698
v -0.000352893449 -0.00314141471 0.00026770158
v -0.000531672686 -0.00318331549 0.000439139149
v -0.000312975772 -0.00302612807 0.000395988081
f 6700 6702 6701
v -0.000503477031 -0.00295694972 0.00085009342
v -0.000312975772 -0.00302612807 0.000395988081
v -0.000531672686 -0.00318331549 0.000439139149
f 6703 6705 6704
v -2.9746289e-05 -0.00259130757 0.000630086743
v 0.000105296488 -0.00252386526 0.000474639182
v -3.97202001e-05 -0.00271857607 0.000301248838
f 6706 6708 6707
v 0.00054642037 -0.00230962578 0.000396376799
v 0.000313358805 -0.0025003259 0.000168095903
v 0.000253954158 -0.00237632576 0.000665761127
f 6709 6711 6710
v 0.000105296488 -0.00252386526 0.000474639182
v 0.000313358805 -0.0025003259 0.000168095903
v 0.000178602363 -0.00261291698 0.000111413101
f 6712 6714 6713
v -3.97202001e-05 -0.00271857607 0.000301248838
v 0.000105296488 -0.00252386526 0.000474639182
v 0.000178602363 -0.00261291698 0.000111413101
f 6715 6717 6716
v -0.000202109732 -0.00289269137 0.000404439925
v -3.97202001e-05 -0.00271857607 0.000301248838
v -0.000281425969 -0.00312176453 0.000240186455
f 6718 6720 6719
v -1.29659085e-05 -0.00280667919 0.000154189547
v 3.32935087e-05 -0.00322220294 0.000119497054
v -0.000206758227 -0.00303826873 0.000217263005
f 6721 6723 6722
v -0.000281425969 -0.00312176453 0.000240186455
v -3.97202001e-05 -0.00271857607 0.000301248838
v -0.000206758227 -0.00303826873 0.000217263005
f 6724 6726 6725
v -1.29659085e-05 -0.00280667919 0.000154189547
v -3.97202001e-05 -0.00271857607 0.000301248838
v 0.000146065304 -0.00265825183 0.000112264206
f 6727 6729 6728
v -0.000206758227 -0.00303826873 0.000217263005
v 3.32935087e-05 -0.00322220294 0.000119497054
v -0.000281425969 -0.00312176453 0.000240186455
f 6730 6732 6731
v 8.80595849e-05 -0.00274217564 0.000122522579
v -1.29659085e-05 -0.00280667919 0.000154189547
v 0.000146065304 -0.00265825183 0.000112264206
f 6733 6735 6734
v 8.80595849e-05 -0.00274217564 0.000122522579
v 0.000146065304 -0.00265825183 0.000112264206
v 0.000719497484 -0.00285324131 -4.59074727e-05
f 6736 6738 6737
v 8.80595849e-05 -0.00274217564 0.000122522579
v 3.32935087e-05 -0.00322220294 0.000119497054
v -1.29659085e-05 -0.00280667919 0.000154189547
f 6739 6741 6740
v 3.32935087e-05 -0.00322220294 0.000119497054
v 0.000514491012 -0.003402937 -6.93264099e-05
v 6.0548399e-05 -0.0036293186 3.64738355e-05
f 6742 6744 6743
v 0.000769011422 -0.00208309866 0.000663849096
v 0.00112526786 -0.00199754886 0.000507977074
v 0.00094257548 -0.0021010439 0.000390504101
f 6745 6747 6746
v 0.00094257548 -0.0021010439 0.000390504101
v 0.00069415928 -0.00230353144 0.000250522862
v 0.00054642037 -0.00230962578 0.000396376799
f 6748 6750 6749
v 0.00106436983 -0.0021504211 0.000219789217
v 0.00094257548 -0.0021010439 0.000390504101
v 0.00118279386 -0.00205605666 0.000338454811
f 6751 6753 6752
v 0.00106436983 -0.0021504211 0.000219789217
v 0.00138782816 -0.0020503714 0.000325292785
v 0.0012069193 -0.0022023376 0.00012861492
f 6754 6756 6755
v 0.00111293357 -0.00228889821 6.79247023e-05
v 0.000998600171 -0.00238483426 2.38334906e-05
v 0.000932548119 -0.00233978153 7.27230145e-05
f 6757 6759 6758
v 0.00106436983 -0.0021504211 0.000219789217
v 0.000932548119 -0.00233978153 7.27230145e-05
v 0.000832333535 -0.00231035046 0.000142005774
f 6760 6762 6761
v 0.00157761951 -0.00186669295 0.000779753464
v 0.00173000262 -0.00189865768 0.000677338812
v 0.00147290784 -0.00200671966 0.000403513513
f 6763 6765 6764
v 0.00157761951 -0.00186669295 0.000779753464
v 0.00126918576 -0.00192183616 0.000681886195
v 0.00138220321 -0.00183158409 0.000967665346
f 6766 6768 6767
v 0.00144451105 -0.00201009643 0.000329278919
v 0.00147290784 -0.00200671966 0.000403513513
v 0.00150619371 -0.0020079744 0.000369986992
f 6769 6771 6770
v 0.00150619371 -0.0020079744 0.000369986992
v 0.00147290784 -0.00200671966 0.000403513513
v 0.00156598453 -0.00201030161 0.000404848743
f 6772 6774 6773
v 0.00147290784 -0.00200671966 0.000403513513
v 0.00144451105 -0.00201009643 0.000329278919
v 0.00144251635 -0.00203143791 0.000329869545
f 6775 6777 6776
v 0.00135020773 -0.00208140882 0.000253638973
v 0.00138782816 -0.0020503714 0.000325292785
v 0.0014236708 -0.00204027601 0.000315078614
f 6778 6780 6779
v 0.00144251635 -0.00203143791 0.000329869545
v 0.00149843136 -0.00208313031 0.000329320028
v 0.0014236708 -0.00204027601 0.000315078614
f 6781 6783 6782
v 0.00181130326 -0.00194178629 0.000586443184
v 0.00149843136 -0.00208313031 0.000329320028
v 0.00156598453 -0.00201030161 0.000404848743
f 6784 6786 6785
v 0.00182156655 -0.00246340114 0.000413165344
v 0.00141141491 -0.00264768241 0.000122036727
v 0.00132159557 -0.00225739386 0.000165745587
f 6787 6789 6788
v 0.0012069193 -0.0022023376 0.00012861492
v 0.00132159557 -0.00225739386 0.000165745587
v 0.00111293357 -0.00228889821 6.79247023e-05
f 6790 6792 6791
v 0.00132159557 -0.00225739386 0.000165745587
v 0.00141141491 -0.00264768241 0.000122036727
v 0.00111293357 -0.00228889821 6.79247023e-05
f 6793 6795 6794
v 0.0012069193 -0.0022023376 0.00012861492
v 0.00138782816 -0.0020503714 0.000325292785
v 0.00135020773 -0.00208140882 0.000253638973
f 6796 6798 6797
v 0.00141141491 -0.00264768241 0.000122036727
v 0.00123495956 -0.00273748592 4.35113179e-05
v 0.00111293357 -0.00228889821 6.79247023e-05
f 6799 6801 6800
v 0.00144451105 -0.00201009643 0.000329278919
v 0.0014236708 -0.00204027601 0.000315078614
v 0.00144251635 -0.00203143791 0.000329869545
f 6802 6804 6803
v 0.0014236708 -0.00204027601 0.000315078614
v 0.00144451105 -0.00201009643 0.000329278919
v 0.0014448101 -0.00202842712 0.000320403706
f 6805 6807 6806
v 0.00149843136 -0.00208313031 0.000329320028
v 0.00132159557 -0.00225739386 0.000165745587
v 0.00135020773 -0.00208140882 0.000253638973
f 6808 6810 6809
v 0.00054642037 -0.00230962578 0.000396376799
v 0.000540550354 -0.00240271074 7.04614706e-05
v 0.000313358805 -0.0025003259 0.000168095903
f 6811 6813 6812
v 0.00047989538 -0.00244737985 3.8190592e-05
v 0.000586371789 -0.00254200568 -1.80425364e-06
v 0.000403936065 -0.00250346911 5.18659419e-05
f 6814 6816 6815
v 0.000313358805 -0.0025003259 0.000168095903
v 0.000540550354 -0.00240271074 7.04614706e-05
v 0.000403936065 -0.00250346911 5.18659419e-05
f 6817 6819 6818
v 0.00054642037 -0.00230962578 0.000396376799
v 0.00069415928 -0.00230353144 0.000250522862
v 0.000540550354 -0.00240271074 7.04614706e-05
f 6820 6822 6821
v 0.000532723288 -0.00241384114 2.93528501e-05
v 0.000542173348 -0.00239612236 3.3809556e-05
v 0.000523714471 -0.00240363806 3.02594344e-05
f 6823 6825 6824
v 0.000623609867 -0.00236399719 2.98008672e-05
v 0.000540550354 -0.00240271074 7.04614706e-05
v 0.000715714577 -0.00235778607 5.72177726e-05
f 6826 6828 6827
v 0.000832333535 -0.00231035046 0.000142005774
v 0.000932548119 -0.00233978153 7.27230145e-05
v 0.000808440655 -0.00235034131 4.19591743e-05
f 6829 6831 6830
v 0.000790286322 -0.0023289107 1.39853e-05
v 0.000808440655 -0.00235034131 4.19591743e-05
v 0.000860199725 -0.00233292922 1.23018253e-05
f 6832 6834 6833
v 0.000860199725 -0.00233292922 1.23018253e-05
v 0.000932548119 -0.00233978153 7.27230145e-05
v 0.000998600171 -0.00238483426 2.38334906e-05
f 6835 6837 6836
v 0.000691473861 -0.00237687782 1.7181992e-05
v 0.000715714577 -0.00235778607 5.72177726e-05
v 0.000771803025 -0.00235068837 1.70035491e-05
f 6838 6840 6839
v 0.000771803025 -0.00235068837 1.70035491e-05
v 0.000715714577 -0.00235778607 5.72177726e-05
v 0.000782759435 -0.00236824526 1.42830686e-05
f 6841 6843 6842
v 0.000790286322 -0.0023289107 1.39853e-05
v 0.000860199725 -0.00233292922 1.23018253e-05
v 0.00085598449 -0.00244676776 -1.09390378e-05
f 6844 6846 6845
v 0.00085598449 -0.00244676776 -1.09390378e-05
v 0.000719497484 -0.00285324131 -4.59074727e-05
v 0.000586371789 -0.00254200568 -1.80425364e-06
f 6847 6849 6848
v 0.000532723288 -0.00241384114 2.93528501e-05
v 0.000540550354 -0.00240271074 7.04614706e-05
v 0.000542173348 -0.00239612236 3.3809556e-05
f 6850 6852 6851
v 0.000832333535 -0.00231035046 0.000142005774
v 0.000808440655 -0.00235034131 4.19591743e-05
v 0.00069415928 -0.00230353144 0.000250522862
f 6853 6855 6854
v 0.00069415928 -0.00230353144 0.000250522862
v 0.000808440655 -0.00235034131 4.19591743e-05
v 0.000715714577 -0.00235778607 5.72177726e-05
f 6856 6858 6857
v 0.000548540584 -0.00239117981 2.54485713e-05
v 0.000542173348 -0.00239612236 3.3809556e-05
v 0.000623609867 -0.00236399719 2.98008672e-05
f 6859 6861 6860
v 0.000586371789 -0.00254200568 -1.80425364e-06
v 0.000548540584 -0.00239117981 2.54485713e-05
v 0.000691473861 -0.00237687782 1.7181992e-05
f 6862 6864 6863
v 0.000309897951 -0.00257541924 7.00660223e-05
v 0.000146065304 -0.00265825183 0.000112264206
v 0.000178602363 -0.00261291698 0.000111413101
f 6865 6867 6866
v 0.00123495956 -0.00273748592 4.35113179e-05
v 0.000831179295 -0.0031169875 -0.000118788194
v 0.000981255562 -0.00278670286 -1.88018006e-05
f 6868 6870 6869
v 0.00123495956 -0.00273748592 4.35113179e-05
v 0.00101061887 -0.00332060408 -0.000158440162
v 0.000831179295 -0.0031169875 -0.000118788194
f 6871 6873 6872
v 0.00138220321 -0.00183158409 0.000967665346
v 0.00126918576 -0.00192183616 0.000681886195
v 0.00103148031 -0.00186913294 0.0010406985
f 6874 6876 6875
v 0.00103148031 -0.00186913294 0.0010406985
v 0.00126918576 -0.00192183616 0.000681886195
v 0.00112526786 -0.00199754886 0.000507977074
f 6877 6879 6878
v 0.000769011422 -0.00208309866 0.000663849096
v 0.00054642037 -0.00230962578 0.000396376799
v 0.000253954158 -0.00237632576 0.000665761127
f 6880 6882 6881
v 0.00215761102 -0.00244733565 0.00257166539
v 0.00212039322 -0.00263441907 0.00264100818
v 0.00224273335 -0.00268402728 0.0025474008
f 6883 6885 6884
v 0.00220363127 -0.00282126821 0.00260579964
v 0.00224273335 -0.00268402728 0.0025474008
v 0.00212039322 -0.00263441907 0.00264100818
f 6886 6888 6887
v 0.00224273335 -0.00268402728 0.0025474008
v 0.00244654293 -0.00285859624 0.00228913232
v 0.00234126073 -0.00257817501 0.00238772482
f 6889 6891 6890
v 0.0023646382 -0.00316419937 0.00250365356
v 0.00237391141 -0.00294753718 0.00244034418
v 0.00220363127 -0.00282126821 0.00260579964
f 6892 6894 6893
v 0.00236016131 -0.00234621239 0.00223239458
v 0.00248067154 -0.0024656847 0.00188484955
v 0.00241180551 -0.00228567133 0.00186706711
f 6895 6897 6896
v 0.0023646382 -0.00316419937 0.00250365356
v 0.00248525321 -0.00322356282 0.00235763091
v 0.00237391141 -0.00294753718 0.00244034418
f 6898 6900 6899
v 0.00243174163 -0.00336525263 0.00252133977
v 0.00248525321 -0.00322356282 0.00235763091
v 0.0023646382 -0.00316419937 0.00250365356
f 6901 6903 6902
v 0.00247594035 -0.0024326162 0.00158896692
v 0.00216537501 -0.00180966199 0.00185461395
v 0.00241180551 -0.00228567133 0.00186706711
f 6904 6906 6905
v 0.00248067154 -0.0024656847 0.00188484955
v 0.0025333431 -0.00259189419 0.0017618062
v 0.00241180551 -0.00228567133 0.00186706711
f 6907 6909 6908
v 0.00248152228 -0.00277946328 0.00215903856
v 0.00257835218 -0.00317872145 0.0021202135
v 0.00248067154 -0.0024656847 0.00188484955
f 6910 6912 6911
v 0.00248067154 -0.0024656847 0.00188484955
v 0.00257835218 -0.00317872145 0.0021202135
v 0.0025333431 -0.00259189419 0.0017618062
f 6913 6915 6914
v 0.00258317777 -0.00286911254 0.00170366329
v 0.00259523185 -0.00308325252 0.00129838854
v 0.0025333431 -0.00259189419 0.0017618062
f 6916 6918 6917
v 0.00268831864 -0.00340077095 0.00163840232
v 0.00259523185 -0.00308325252 0.00129838854
v 0.00258317777 -0.00286911254 0.00170366329
f 6919 6921 6920
v 0.0025333431 -0.00259189419 0.0017618062
v 0.00263829752 -0.00312571756 0.00175966834
v 0.00258317777 -0.00286911254 0.00170366329
f 6922 6924 6923
v 0.00257835218 -0.00317872145 0.0021202135
v 0.00268729236 -0.00345202279 0.00178070277
v 0.00263829752 -0.00312571756 0.00175966834
f 6925 6927 6926
v 0.00236016131 -0.00234621239 0.00223239458
v 0.00248152228 -0.00277946328 0.00215903856
v 0.00248067154 -0.0024656847 0.00188484955
f 6928 6930 6929
v 0.00251987258 -0.00347422392 0.00243175327
v 0.00257835218 -0.00317872145 0.0021202135
v 0.00248525321 -0.00322356282 0.00235763091
f 6931 6933 6932
v 0.0024993511 -0.00384102095 0.00269880293
v 0.00268663916 -0.00399185119 0.00209758309
v 0.00257835218 -0.00317872145 0.0021202135
f 6934 6936 6935
v 0.00275460498 -0.00414201131 0.00141732826
v 0.00273376554 -0.00391509966 0.00147152068
v 0.00268663916 -0.00399185119 0.00209758309
f 6937 6939 6938
v 0.00274415688 -0.00440628501 0.00157913328
v 0.0027321219 -0.00449617364 0.00140213251
v 0.00275460498 -0.00414201131 0.00141732826
f 6940 6942 6941
v 0.00263829752 -0.00312571756 0.00175966834
v 0.00268729236 -0.00345202279 0.00178070277
v 0.00268831864 -0.00340077095 0.00163840232
f 6943 6945 6944
v 0.00268831864 -0.00340077095 0.00163840232
v 0.00273376554 -0.00391509966 0.00147152068
v 0.0026604248 -0.00366403874 0.00111043091
f 6946 6948 6947
v 0.00259523185 -0.00308325252 0.00129838854
v 0.00268831864 -0.00340077095 0.00163840232
v 0.00258170767 -0.00330314797 0.000981399626
f 6949 6951 6950
v 0.00258170767 -0.00330314797 0.000981399626
v 0.00268831864 -0.00340077095 0.00163840232
v 0.0026604248 -0.00366403874 0.00111043091
f 6952 6954 6953
v 0.00273376554 -0.00391509966 0.00147152068
v 0.00275460498 -0.00414201131 0.00141732826
v 0.0027058506 -0.0039625942 0.0010854832
f 6955 6957 6956
v 0.0027058506 -0.0039625942 0.0010854832
v 0.00275460498 -0.00414201131 0.00141732826
v 0.00271738336 -0.00413068701 0.00117549607
f 6958 6960 6959
v 0.00268729236 -0.00345202279 0.00178070277
v 0.00273376554 -0.00391509966 0.00147152068
v 0.00268831864 -0.00340077095 0.00163840232
f 6961 6963 6962
v 0.00216537501 -0.00180966199 0.00185461395
v 0.00247594035 -0.0024326162 0.00158896692
v 0.00247111766 -0.00243666127 0.00140958509
f 6964 6966 6965
v 0.00216537501 -0.00180966199 0.00185461395
v 0.00244928851 -0.00242227525 0.00120517707
v 0.00219409831 -0.00199489805 0.00116574811
f 6967 6969 6968
v 0.00247111766 -0.00243666127 0.00140958509
v 0.00251586498 -0.00282667843 0.000962002468
v 0.00244928851 -0.00242227525 0.00120517707
f 6970 6972 6971
v 0.00247594035 -0.0024326162 0.00158896692
v 0.0025333431 -0.00259189419 0.0017618062
v 0.00247111766 -0.00243666127 0.00140958509
f 6973 6975 6974
v 0.00244928851 -0.00242227525 0.00120517707
v 0.00241841808 -0.00266060324 0.000839692711
v 0.00236908818 -0.00241514263 0.00101192491
f 6976 6978 6977
v 0.00244928851 -0.00242227525 0.00120517707
v 0.00251586498 -0.00282667843 0.000962002468
v 0.00241841808 -0.00266060324 0.000839692711
f 6979 6981 6980
v 0.00241841808 -0.00266060324 0.000839692711
v 0.00217619672 -0.0022831613 0.00077209761
v 0.00236908818 -0.00241514263 0.00101192491
f 6982 6984 6983
v 0.002553376 -0.00305851863 0.00102278755
v 0.00258170767 -0.00330314797 0.000981399626
v 0.0025053223 -0.00328338028 0.000827469194
f 6985 6987 6986
v 0.00241841808 -0.00266060324 0.000839692711
v 0.00251586498 -0.00282667843 0.000962002468
v 0.00236915275 -0.00285114675 0.00066452867
f 6988 6990 6989
v 0.0025333431 -0.00259189419 0.0017618062
v 0.00251586498 -0.00282667843 0.000962002468
v 0.00247111766 -0.00243666127 0.00140958509
f 6991 6993 6992
v 0.00244928851 -0.00242227525 0.00120517707
v 0.00236908818 -0.00241514263 0.00101192491
v 0.00219409831 -0.00199489805 0.00116574811
f 6994 6996 6995
v 0.0026604248 -0.00366403874 0.00111043091
v 0.00263035399 -0.00370626876 0.000990911212
v 0.00258170767 -0.00330314797 0.000981399626
f 6997 6999 6998
v 0.000864252615 -0.00431134504 -0.000112939586
v 0.00127874246 -0.00432542474 -0.000149398682
v 0.00120041432 -0.00456386406 -0.000137907034
f 7000 7002 7001
v 0.0027058506 -0.0039625942 0.0010854832
v 0.00263035399 -0.00370626876 0.000990911212
v 0.0026604248 -0.00366403874 0.00111043091
f 7003 7005 7004
v 0.00271738336 -0.00413068701 0.00117549607
v 0.00259359022 -0.00473889741 0.00104231813
v 0.00261426521 -0.00419289645 0.000904435274
f 7006 7008 7007
v 0.0027058506 -0.0039625942 0.0010854832
v 0.00271738336 -0.00413068701 0.00117549607
v 0.00261426521 -0.00419289645 0.000904435274
f 7009 7011 7010
v 0.00263035399 -0.00370626876 0.000990911212
v 0.0027058506 -0.0039625942 0.0010854832
v 0.00255760133 -0.00401771103 0.000779927177
f 7012 7014 7013
v 0.00255760133 -0.00401771103 0.000779927177
v 0.00261426521 -0.00419289645 0.000904435274
v 0.00253498347 -0.00427455525 0.00078507901
f 7015 7017 7016
v 0.00261426521 -0.00419289645 0.000904435274
v 0.00259359022 -0.00473889741 0.00104231813
v 0.00253498347 -0.00427455525 0.00078507901
f 7018 7020 7019
v 0.00120041432 -0.00456386406 -0.000137907034
v 0.00127874246 -0.00432542474 -0.000149398682
v 0.00155366106 -0.00441072116 -8.47412593e-05
f 7021 7023 7022
v 0.00155777798 -0.00470008308 -2.568122e-05
v 0.00120041432 -0.00456386406 -0.000137907034
v 0.00155366106 -0.00441072116 -8.47412593e-05
f 7024 7026 7025
v 0.0016525104 -0.00446026534 -3.44334694e-05
v 0.00155777798 -0.00470008308 -2.568122e-05
v 0.00155366106 -0.00441072116 -8.47412593e-05
f 7027 7029 7028
v 0.00155777798 -0.00470008308 -2.568122e-05
v 0.00141722612 -0.00480889867 -5.07949153e-05
v 0.00120041432 -0.00456386406 -0.000137907034
f 7030 7032 7031
v 0.00196697947 -0.00477017638 0.000259857552
v 0.00177949241 -0.004449076 3.66233508e-05
v 0.00220519414 -0.00439566829 0.0003966441
f 7033 7035 7034
v 0.0022108914 -0.00480147646 0.000470884061
v 0.00196697947 -0.00477017638 0.000259857552
v 0.00220519414 -0.00439566829 0.0003966441
f 7036 7038 7037
v 0.00141722612 -0.00480889867 -5.07949153e-05
v 0.00149370808 -0.00498183581 5.89043623e-06
v 0.00133158046 -0.00506487486 -2.67853409e-05
f 7039 7041 7040
v 0.0022108914 -0.00480147646 0.000470884061
v 0.00211203187 -0.00507169061 0.000437508788
v 0.00196697947 -0.00477017638 0.000259857552
f 7042 7044 7043
v 0.00149370808 -0.00498183581 5.89043623e-06
v 0.00141722612 -0.00480889867 -5.07949153e-05
v 0.00162378146 -0.00491196915 6.11064024e-05
f 7045 7047 7046
v 0.00160897471 -0.00526619333 0.000138452754
v 0.00148421677 -0.00518853485 4.32048211e-05
v 0.00196697947 -0.00477017638 0.000259857552
f 7048 7050 7049
v 0.00149370808 -0.00498183581 5.89043623e-06
v 0.00148421677 -0.00518853485 4.32048211e-05
v 0.00133158046 -0.00506487486 -2.67853409e-05
f 7051 7053 7052
v 0.00160897471 -0.00526619333 0.000138452754
v 0.00143718798 -0.00534083301 5.42155249e-05
v 0.00148421677 -0.00518853485 4.32048211e-05
f 7054 7056 7055
v 0.00167444377 -0.00469299703 3.56807504e-05
v 0.0016525104 -0.00446026534 -3.44334694e-05
v 0.00177949241 -0.004449076 3.66233508e-05
f 7057 7059 7058
v 0.00162378146 -0.00491196915 6.11064024e-05
v 0.00155777798 -0.00470008308 -2.568122e-05
v 0.00167444377 -0.00469299703 3.56807504e-05
f 7060 7062 7061
v 0.00141722612 -0.00480889867 -5.07949153e-05
v 0.00155777798 -0.00470008308 -2.568122e-05
v 0.00162378146 -0.00491196915 6.11064024e-05
f 7063 7065 7064
v 0.00236915275 -0.00285114675 0.00066452867
v 0.0022658216 -0.00308543349 0.000506067408
v 0.0022436272 -0.00282685796 0.000527622615
f 7066 7068 7067
v 0.0022658216 -0.00308543349 0.000506067408
v 0.00192649368 -0.00345098124 0.000106435243
v 0.00196979781 -0.00317104605 0.000219062531
f 7069 7071 7070
v 0.00192649368 -0.00345098124 0.000106435243
v 0.0016983704 -0.0030128349 8.31607395e-05
v 0.00196979781 -0.00317104605 0.000219062531
f 7072 7074 7073
v 0.00192649368 -0.00345098124 0.000106435243
v 0.0022658216 -0.00308543349 0.000506067408
v 0.0021769285 -0.00360174818 0.000339882536
f 7075 7077 7076
v 0.0021769285 -0.00360174818 0.000339882536
v 0.0019305302 -0.00369241716 8.74726538e-05
v 0.00192649368 -0.00345098124 0.000106435243
f 7078 7080 7079
v 0.00215373584 -0.00244888215 0.00062915924
v 0.00206572859 -0.00273497826 0.000410182565
v 0.00182156655 -0.00246340114 0.000413165344
f 7081 7083 7082
v 0.00236915275 -0.00285114675 0.00066452867
v 0.0022436272 -0.00282685796 0.000527622615
v 0.00226854172 -0.00265722592 0.00061953815
f 7084 7086 7085
v 0.0022436272 -0.00282685796 0.000527622615
v 0.00206572859 -0.00273497826 0.000410182565
v 0.00226854172 -0.00265722592 0.00061953815
f 7087 7089 7088
v 0.00206572859 -0.00273497826 0.000410182565
v 0.0016983704 -0.0030128349 8.31607395e-05
v 0.00141141491 -0.00264768241 0.000122036727
f 7090 7092 7091
v 0.0016983704 -0.0030128349 8.31607395e-05
v 0.00151089916 -0.00303987836 5.87351678e-06
v 0.00141141491 -0.00264768241 0.000122036727
f 7093 7095 7094
v 0.0022436272 -0.00282685796 0.000527622615
v 0.00196979781 -0.00317104605 0.000219062531
v 0.00206572859 -0.00273497826 0.000410182565
f 7096 7098 7097
v 0.00151089916 -0.00303987836 5.87351678e-06
v 0.0014876252 -0.00334569813 -6.96440111e-05
v 0.00101061887 -0.00332060408 -0.000158440162
f 7099 7101 7100
v 0.000864252615 -0.00431134504 -0.000112939586
v 0.000514491012 -0.003402937 -6.93264099e-05
v 0.00101061887 -0.00332060408 -0.000158440162
f 7102 7104 7103
v 0.00173621465 -0.00358971156 -3.21815605e-05
v 0.0014876252 -0.00334569813 -6.96440111e-05
v 0.00163421573 -0.00322053384 1.0893924e-06
f 7105 7107 7106
v 0.00173621465 -0.00358971156 -3.21815605e-05
v 0.00137612769 -0.00372253853 -0.000156586975
v 0.00127402645 -0.00361818311 -0.00016357917
f 7108 7110 7109
v 0.00181918622 -0.00384940686 7.6724973e-07
v 0.00177275851 -0.0039024002 -2.90212483e-05
v 0.00173621465 -0.00358971156 -3.21815605e-05
f 7111 7113 7112
v 0.00181918622 -0.00384940686 7.6724973e-07
v 0.00173621465 -0.00358971156 -3.21815605e-05
v 0.0019305302 -0.00369241716 8.74726538e-05
f 7114 7116 7115
v 0.00177275851 -0.0039024002 -2.90212483e-05
v 0.00153386118 -0.00391355788 -0.000113729391
v 0.00137612769 -0.00372253853 -0.000156586975
f 7117 7119 7118
v 0.00127402645 -0.00361818311 -0.00016357917
v 0.00137612769 -0.00372253853 -0.000156586975
v 0.00125621655 -0.00389136621 -0.000160209663
f 7120 7122 7121
v 0.00125621655 -0.00389136621 -0.000160209663
v 0.00137612769 -0.00372253853 -0.000156586975
v 0.00153386118 -0.00391355788 -0.000113729391
f 7123 7125 7124
v 0.00127874246 -0.00432542474 -0.000149398682
v 0.00125621655 -0.00389136621 -0.000160209663
v 0.0014019005 -0.00402707155 -0.000143150817
f 7126 7128 7127
v 0.00127874246 -0.00432542474 -0.000149398682
v 0.000864252615 -0.00431134504 -0.000112939586
v 0.00125621655 -0.00389136621 -0.000160209663
f 7129 7131 7130
v 0.00248348369 -0.00389206398 0.000698033182
v 0.0021769285 -0.00360174818 0.000339882536
v 0.0022658216 -0.00308543349 0.000506067408
f 7132 7134 7133
v 0.00263035399 -0.00370626876 0.000990911212
v 0.00255760133 -0.00401771103 0.000779927177
v 0.0025053223 -0.00328338028 0.000827469194
f 7135 7137 7136
v 0.0025053223 -0.00328338028 0.000827469194
v 0.00248348369 -0.00389206398 0.000698033182
v 0.0022658216 -0.00308543349 0.000506067408
f 7138 7140 7139
v 0.0021769285 -0.00360174818 0.000339882536
v 0.00248348369 -0.00389206398 0.000698033182
v 0.00220519414 -0.00439566829 0.0003966441
f 7141 7143 7142
v 0.0019305302 -0.00369241716 8.74726538e-05
v 0.0021769285 -0.00360174818 0.000339882536
v 0.00220519414 -0.00439566829 0.0003966441
f 7144 7146 7145
v 0.00153386118 -0.00391355788 -0.000113729391
v 0.00177275851 -0.0039024002 -2.90212483e-05
v 0.00162487686 -0.00417289848 -8.71210432e-05
f 7147 7149 7148
v 0.00170428702 -0.00423663732 -4.62761818e-05
v 0.00162487686 -0.00417289848 -8.71210432e-05
v 0.00185653626 -0.00407165462 4.89411832e-05
f 7150 7152 7151
v 0.00185653626 -0.00407165462 4.89411832e-05
v 0.00162487686 -0.00417289848 -8.71210432e-05
v 0.00177275851 -0.0039024002 -2.90212483e-05
f 7153 7155 7154
v 0.00170428702 -0.00423663732 -4.62761818e-05
v 0.00155366106 -0.00441072116 -8.47412593e-05
v 0.00162487686 -0.00417289848 -8.71210432e-05
f 7156 7158 7157
v 0.00155366106 -0.00441072116 -8.47412593e-05
v 0.00127874246 -0.00432542474 -0.000149398682
v 0.00162487686 -0.00417289848 -8.71210432e-05
f 7159 7161 7160
v 0.00162487686 -0.00417289848 -8.71210432e-05
v 0.0014019005 -0.00402707155 -0.000143150817
v 0.00153386118 -0.00391355788 -0.000113729391
f 7162 7164 7163
v 0.0016525104 -0.00446026534 -3.44334694e-05
v 0.00155366106 -0.00441072116 -8.47412593e-05
v 0.00177949241 -0.004449076 3.66233508e-05
f 7165 7167 7166
v 0.0022658216 -0.00308543349 0.000506067408
v 0.00236915275 -0.00285114675 0.00066452867
v 0.0025053223 -0.00328338028 0.000827469194
f 7168 7170 7169
v 0.00166225636 -0.00199190999 0.00284702073
v 0.0018347253 -0.00210755989 0.00275033963
v 0.0017006716 -0.00187342866 0.00280021886
f 7171 7173 7172
v 0.00217619672 -0.0022831613 0.00077209761
v 0.00215373584 -0.00244888215 0.00062915924
v 0.00203162108 -0.00225873046 0.000631309285
f 7174 7176 7175
v 2.48832748e-05 -0.00218726054 0.00241001144
v -9.75871444e-05 -0.00226783632 0.00251682359
v 0.000424573045 -0.00197393038 0.00266260977
f 7177 7179 7178
v -0.00111067402 -0.00462074095 0.00192686366
v -0.00111089521 -0.00474319495 0.00182053591
v -0.00112412972 -0.00478131769 0.00229351135
f 7180 7182 7181
v -0.00122467936 -0.00377761353 0.00149341986
v -0.00113729202 -0.00402566984 0.00131880142
v -0.00114737686 -0.0041624764 0.00180988736
f 7183 7185 7184
v -0.00113729202 -0.00402566984 0.00131880142
v -0.00111861054 -0.00421914738 0.00136350463
v -0.00111578265 -0.00430585569 0.00162249344
f 7186 7188 7187
v -0.00114734321 -0.00449484432 0.00109946986
v -0.00111914151 -0.0044837685 0.00155927955
v -0.00111861054 -0.00421914738 0.00136350463
f 7189 7191 7190
v -0.00113729202 -0.00402566984 0.00131880142
v -0.00111578265 -0.00430585569 0.00162249344
v -0.00114737686 -0.0041624764 0.00180988736
f 7192 7194 7193
v -0.00111914151 -0.0044837685 0.00155927955
v -0.00111089521 -0.00474319495 0.00182053591
v -0.00110995034 -0.00448217324 0.00174321922
f 7195 7197 7196
v -0.00111914151 -0.0044837685 0.00155927955
v -0.00110995034 -0.00448217324 0.00174321922
v -0.00111578265 -0.00430585569 0.00162249344
f 7198 7200 7199
v -0.00118751968 -0.00507134209 0.00110835908
v -0.00114859668 -0.00528450837 0.00141519185
v -0.00116591273 -0.00488453334 0.00133828253
f 7201 7203 7202
v -0.00116490164 -0.00472235188 0.00112965845
v -0.00113932501 -0.00491466744 0.000856563474
v -0.00117865629 -0.00507288496 0.000935326807
f 7204 7206 7205
v -0.00116490164 -0.00472235188 0.00112965845
v -0.00117865629 -0.00507288496 0.000935326807
v -0.00118751968 -0.00507134209 0.00110835908
f 7207 7209 7208
v -0.00116490164 -0.00472235188 0.00112965845
v -0.00116591273 -0.00488453334 0.00133828253
v -0.00111914151 -0.0044837685 0.00155927955
f 7210 7212 7211
v -0.00113932501 -0.00491466744 0.000856563474
v -0.00116498259 -0.00506297802 0.000853085385
v -0.00117865629 -0.00507288496 0.000935326807
f 7213 7215 7214
v -0.00117667296 -0.00387569526 0.00123029859
v -0.00122467936 -0.00377761353 0.00149341986
v -0.00122741103 -0.00373036382 0.00132437817
f 7216 7218 7217
v -0.00122467936 -0.00377761353 0.00149341986
v -0.00117667296 -0.00387569526 0.00123029859
v -0.00113729202 -0.00402566984 0.00131880142
f 7219 7221 7220
v -0.00122741103 -0.00373036382 0.00132437817
v -0.00121488747 -0.00373283692 0.00130250619
v -0.00117667296 -0.00387569526 0.00123029859
f 7222 7224 7223
v -0.00117096079 -0.00376284916 0.00120130044
v -0.00117254513 -0.00387571054 0.00112377575
v -0.00117667296 -0.00387569526 0.00123029859
f 7225 7227 7226
v -0.00117667296 -0.00387569526 0.00123029859
v -0.00113435581 -0.00405109749 0.00116328047
v -0.00113729202 -0.00402566984 0.00131880142
f 7228 7230 7229
v -0.00113435581 -0.00405109749 0.00116328047
v -0.00117254513 -0.00387571054 0.00112377575
v -0.00111242061 -0.00403980739 0.000987715612
f 7231 7233 7232
v -0.00113435581 -0.00405109749 0.00116328047
v -0.00111861054 -0.00421914738 0.00136350463
v -0.00113729202 -0.00402566984 0.00131880142
f 7234 7236 7235
v -0.00113435581 -0.00405109749 0.00116328047
v -0.00111242061 -0.00403980739 0.000987715612
v -0.00112723646 -0.00434441245 0.00104894189
f 7237 7239 7238
v -0.00113672768 -0.00389777342 0.000934249874
v -0.00111242061 -0.00403980739 0.000987715612
v -0.00117254513 -0.00387571054 0.00112377575
f 7240 7242 7241
v -0.00100805319 -0.00391095782 0.00074117188
v -0.00106544012 -0.00401146099 0.00084218882
v -0.00113672768 -0.00389777342 0.000934249874
f 7243 7245 7244
v -0.00113672768 -0.00389777342 0.000934249874
v -0.00105757981 -0.00382623184 0.00076710985
v -0.00100805319 -0.00391095782 0.00074117188
f 7246 7248 7247
v -0.00113672768 -0.00389777342 0.000934249874
v -0.00106544012 -0.00401146099 0.00084218882
v -0.00111242061 -0.00403980739 0.000987715612
f 7249 7251 7250
v -0.00101411906 -0.00418688214 0.000763778644
v -0.00104076507 -0.00447278508 0.00076087772
v -0.00108439926 -0.00426359475 0.000896282017
f 7252 7254 7253
v -0.00106544012 -0.00401146099 0.00084218882
v -0.00100805319 -0.00391095782 0.00074117188
v -0.00101411906 -0.00418688214 0.000763778644
f 7255 7257 7256
v -0.00108439926 -0.00426359475 0.000896282017
v -0.00104076507 -0.00447278508 0.00076087772
v -0.00109897655 -0.00456301204 0.000869203814
f 7258 7260 7259
v -0.00109897655 -0.00456301204 0.000869203814
v -0.00114734321 -0.00449484432 0.00109946986
v -0.00112723646 -0.00434441245 0.00104894189
f 7261 7263 7262
v -0.00109897655 -0.00456301204 0.000869203814
v -0.00107111082 -0.00499051093 0.000659201578
v -0.00113932501 -0.00491466744 0.000856563474
f 7264 7266 7265
v -0.00109897655 -0.00456301204 0.000869203814
v -0.00104076507 -0.00447278508 0.00076087772
v -0.00107111082 -0.00499051093 0.000659201578
f 7267 7269 7268
v -0.00099459985 -0.00489751365 0.000560944954
v -0.00107111082 -0.00499051093 0.000659201578
v -0.00104076507 -0.00447278508 0.00076087772
f 7270 7272 7271
v -0.00101411906 -0.00418688214 0.000763778644
v -0.000967824417 -0.00436969021 0.000682126574
v -0.00104076507 -0.00447278508 0.00076087772
f 7273 7275 7274
v -0.000967824417 -0.00436969021 0.000682126574
v -0.000964528226 -0.00461332384 0.00060935854
v -0.00104076507 -0.00447278508 0.00076087772
f 7276 7278 7277
v -0.000935305525 -0.00490129569 0.000492010986
v -0.00099459985 -0.00489751365 0.000560944954
v -0.000964528226 -0.00461332384 0.00060935854
f 7279 7281 7280
v -0.00100838251 -0.00339165999 0.00102351096
v -0.000977705804 -0.00347760724 0.000789643582
v -0.00105927238 -0.00354189906 0.000944083604
f 7282 7284 7283
v -0.00100838251 -0.00339165999 0.00102351096
v -0.000861315493 -0.00327965281 0.000780381652
v -0.000977705804 -0.00347760724 0.000789643582
f 7285 7287 7286
v -0.00105757981 -0.00382623184 0.00076710985
v -0.000977705804 -0.00347760724 0.000789643582
v -0.000955030009 -0.0037146845 0.000633976288
f 7288 7290 7289
v -0.00105757981 -0.00382623184 0.00076710985
v -0.000955030009 -0.0037146845 0.000633976288
v -0.00100805319 -0.00391095782 0.00074117188
f 7291 7293 7292
v -0.000977705804 -0.00347760724 0.000789643582
v -0.000797358007 -0.00326025947 0.000685421401
v -0.000892135813 -0.00346596316 0.000646448098
f 7294 7296 7295
v -0.000759500153 -0.00375003692 0.000495435597
v -0.000884803194 -0.00406332547 0.000625866414
v -0.00100805319 -0.00391095782 0.00074117188
f 7297 7299 7298
v -0.000861315493 -0.00327965281 0.000780381652
v -0.000797358007 -0.00326025947 0.000685421401
v -0.000977705804 -0.00347760724 0.000789643582
f 7300 7302 7301
v -0.000892135813 -0.00346596316 0.000646448098
v -0.000797358007 -0.00326025947 0.000685421401
v -0.000753287395 -0.00334846372 0.000539365374
f 7303 7305 7304
v -0.000955030009 -0.0037146845 0.000633976288
v -0.000892135813 -0.00346596316 0.000646448098
v -0.000906542118 -0.00363925137 0.000576828734
f 7306 7308 7307
v -0.000892135813 -0.00346596316 0.000646448098
v -0.000775988701 -0.00351568924 0.000461189939
v -0.000906542118 -0.00363925137 0.000576828734
f 7309 7311 7310
v -0.000775988701 -0.00351568924 0.000461189939
v -0.000759500153 -0.00375003692 0.000495435597
v -0.000906542118 -0.00363925137 0.000576828734
f 7312 7314 7313
v -0.000759500153 -0.00375003692 0.000495435597
v -0.000503526553 -0.00386889988 0.000315647412
v -0.000884803194 -0.00406332547 0.000625866414
f 7315 7317 7316
v -0.00105927238 -0.00354189906 0.000944083604
v -0.000977705804 -0.00347760724 0.000789643582
v -0.00105757981 -0.00382623184 0.00076710985
f 7318 7320 7319
v -0.000955030009 -0.0037146845 0.000633976288
v -0.000759500153 -0.00375003692 0.000495435597
v -0.00100805319 -0.00391095782 0.00074117188
f 7321 7323 7322
v -0.000884803194 -0.00406332547 0.000625866414
v -0.000503526553 -0.00386889988 0.000315647412
v -0.000967824417 -0.00436969021 0.000682126574
f 7324 7326 7325
v -0.000964528226 -0.00461332384 0.00060935854
v -0.000967824417 -0.00436969021 0.000682126574
v -0.000543550323 -0.00447319435 0.000305377216
f 7327 7329 7328
v -0.000967824417 -0.00436969021 0.000682126574
v -0.00050228723 -0.00415599061 0.000304877722
v -0.000543550323 -0.00447319435 0.000305377216
f 7330 7332 7331
v -0.00113672768 -0.00389777342 0.000934249874
v -0.00105927238 -0.00354189906 0.000944083604
v -0.00105757981 -0.00382623184 0.00076710985
f 7333 7335 7334
v -0.00106544012 -0.00401146099 0.00084218882
v -0.00108439926 -0.00426359475 0.000896282017
v -0.00111242061 -0.00403980739 0.000987715612
f 7336 7338 7337
v -0.00116498259 -0.00506297802 0.000853085385
v -0.00107111082 -0.00499051093 0.000659201578
v -0.00115706935 -0.00513338382 0.000841572728
f 7339 7341 7340
v -0.00111912959 -0.00502951152 0.0017406901
v -0.00114859668 -0.00528450837 0.00141519185
v -0.00112267999 -0.0052641506 0.0016693486
f 7342 7344 7343
v -0.00115511366 -0.00531999904 0.00117025684
v -0.00110707215 -0.00559018517 0.00133472986
v -0.00114859668 -0.00528450837 0.00141519185
f 7345 7347 7346
v -0.00114859668 -0.00528450837 0.00141519185
v -0.00110707215 -0.00559018517 0.00133472986
v -0.00112120624 -0.00554009239 0.00153319215
f 7348 7350 7349
v -0.00112120624 -0.00554009239 0.00153319215
v -0.00112267999 -0.0052641506 0.0016693486
v -0.00114859668 -0.00528450837 0.00141519185
f 7351 7353 7352
v -0.00117914788 -0.00517512453 0.00107920823
v -0.00114859668 -0.00528450837 0.00141519185
v -0.00118751968 -0.00507134209 0.00110835908
f 7354 7356 7355
v -0.00115511366 -0.00531999904 0.00117025684
v -0.00114859668 -0.00528450837 0.00141519185
v -0.00117914788 -0.00517512453 0.00107920823
f 7357 7359 7358
v -0.00115511366 -0.00531999904 0.00117025684
v -0.00108965933 -0.00555892548 0.00104963001
v -0.00110707215 -0.00559018517 0.00133472986
f 7360 7362 7361
v -0.00108965933 -0.00555892548 0.00104963001
v -0.00108632485 -0.00570105767 0.00117242071
v -0.00110707215 -0.00559018517 0.00133472986
f 7363 7365 7364
v -0.00105371882 -0.00584206427 0.00108273452
v -0.00108876102 -0.006057473 0.0012485054
v -0.00108632485 -0.00570105767 0.00117242071
f 7366 7368 7367
v -0.00103255952 -0.00566340204 0.000979598826
v -0.00105371882 -0.00584206427 0.00108273452
v -0.00108632485 -0.00570105767 0.00117242071
f 7369 7371 7370
v -0.00105371882 -0.00584206427 0.00108273452
v -0.00102421109 -0.00612208678 0.00100337747
v -0.00108876102 -0.006057473 0.0012485054
f 7372 7374 7373
v -0.00115706935 -0.00513338382 0.000841572728
v -0.00115421444 -0.00528667733 0.000972156613
v -0.00117914788 -0.00517512453 0.00107920823
f 7375 7377 7376
v -0.00115421444 -0.00528667733 0.000972156613
v -0.00108965933 -0.00555892548 0.00104963001
v -0.00115511366 -0.00531999904 0.00117025684
f 7378 7380 7379
v -0.00115706935 -0.00513338382 0.000841572728
v -0.00109113562 -0.00527388838 0.000783090582
v -0.00115421444 -0.00528667733 0.000972156613
f 7381 7383 7382
v -0.00115421444 -0.00528667733 0.000972156613
v -0.00109113562 -0.00527388838 0.000783090582
v -0.00108965933 -0.00555892548 0.00104963001
f 7384 7386 7385
v -0.00105371882 -0.00584206427 0.00108273452
v -0.00103255952 -0.00566340204 0.000979598826
v -0.000933300907 -0.00575631857 0.000827397071
f 7387 7389 7388
v -0.00102421109 -0.00612208678 0.00100337747
v -0.000818301669 -0.00606017129 0.00053233689
v -0.000852837729 -0.00644375468 0.000527417251
f 7390 7392 7391
v -0.000803726107 -0.00543558454 0.000489449667
v -0.000784668373 -0.00567698698 0.000540169367
v -0.000880787138 -0.00555287224 0.000665212974
f 7393 7395 7394
v -0.000784668373 -0.00567698698 0.000540169367
v -0.000676775562 -0.00609431263 0.000336637822
v -0.000818301669 -0.00606017129 0.00053233689
f 7396 7398 7397
v -0.000933300907 -0.00575631857 0.000827397071
v -0.000784668373 -0.00567698698 0.000540169367
v -0.000818301669 -0.00606017129 0.00053233689
f 7399 7401 7400
v -0.00100831821 -0.00673580944 0.000762151558
v -0.000958180317 -0.00680722005 0.000673487284
v -0.00102832983 -0.00710969325 0.000816638567
f 7402 7404 7403
v -0.000958180317 -0.00680722005 0.000673487284
v -0.000852837729 -0.00644375468 0.000527417251
v -0.000742577549 -0.0070090442 0.000426007318
f 7405 7407 7406
v -0.000958180317 -0.00680722005 0.000673487284
v -0.000830924273 -0.00741068798 0.000549168544
v -0.00102832983 -0.00710969325 0.000816638567
f 7408 7410 7409
v -0.000958180317 -0.00680722005 0.000673487284
v -0.000742577549 -0.0070090442 0.000426007318
v -0.000830924273 -0.00741068798 0.000549168544
f 7411 7413 7412
v -0.00074199238 -0.00637818812 0.000382868802
v -0.000627135068 -0.00663364845 0.000284553789
v -0.000742577549 -0.0070090442 0.000426007318
f 7414 7416 7415
v -0.000852837729 -0.00644375468 0.000527417251
v -0.000818301669 -0.00606017129 0.00053233689
v -0.00074199238 -0.00637818812 0.000382868802
f 7417 7419 7418
v -0.00074199238 -0.00637818812 0.000382868802
v -0.000544928616 -0.00658469653 0.000219520189
v -0.000627135068 -0.00663364845 0.000284553789
f 7420 7422 7421
v -0.000544928616 -0.00658469653 0.000219520189
v -0.000385515068 -0.00719262898 0.000161001492
v -0.000627135068 -0.00663364845 0.000284553789
f 7423 7425 7424
v -0.000544928616 -0.00658469653 0.000219520189
v -0.000222049948 -0.00708336956 7.28574491e-05
v -0.000385515068 -0.00719262898 0.000161001492
f 7426 7428 7427
v -0.000742577549 -0.0070090442 0.000426007318
v -0.000385515068 -0.00719262898 0.000161001492
v -0.000759736668 -0.00733280613 0.00046041514
f 7429 7431 7430
v -0.000100556269 -0.00707836807 3.50204687e-05
v -0.000544928616 -0.00658469653 0.000219520189
v -0.000374108276 -0.00651578084 0.000135813764
f 7432 7434 7433
v -0.000543550323 -0.00447319435 0.000305377216
v -0.000369615123 -0.00448584724 0.00019143481
v -0.000461058016 -0.00505284879 0.000173441379
f 7435 7437 7436
v -0.00099459985 -0.00489751365 0.000560944954
v -0.000935305525 -0.00490129569 0.000492010986
v -0.00107111082 -0.00499051093 0.000659201578
f 7438 7440 7439
v -0.00107111082 -0.00499051093 0.000659201578
v -0.000896018264 -0.00516004002 0.00047902704
v -0.00115706935 -0.00513338382 0.000841572728
f 7441 7443 7442
v -0.000803726107 -0.00543558454 0.000489449667
v -0.000880787138 -0.00555287224 0.000665212974
v -0.000896018264 -0.00516004002 0.00047902704
f 7444 7446 7445
v -0.000935305525 -0.00490129569 0.000492010986
v -0.000749374431 -0.00502069233 0.000353518408
v -0.000896018264 -0.00516004002 0.00047902704
f 7447 7449 7448
v -0.000461058016 -0.00505284879 0.000173441379
v -0.000737049004 -0.00528863129 0.000354182157
v -0.000749374431 -0.00502069233 0.000353518408
f 7450 7452 7451
v -0.000737049004 -0.00528863129 0.000354182157
v -0.000609922017 -0.00545685325 0.00028599934
v -0.000784668373 -0.00567698698 0.000540169367
f 7453 7455 7454
v -0.000634307617 -0.00571626952 0.000343746251
v -0.000676775562 -0.00609431263 0.000336637822
v -0.000784668373 -0.00567698698 0.000540169367
f 7456 7458 7457
v -0.000634307617 -0.00571626952 0.000343746251
v -0.000467797054 -0.00579639491 0.000188978458
v -0.000676775562 -0.00609431263 0.000336637822
f 7459 7461 7460
v -0.000461058016 -0.00505284879 0.000173441379
v -0.000408037977 -0.00549260403 0.000151829056
v -0.000737049004 -0.00528863129 0.000354182157
f 7462 7464 7463
v 0.000866481332 -0.00578084037 -1.29182752e-05
v 0.000865658149 -0.00615689132 -3.07994867e-05
v 0.000583767178 -0.00561766647 -5.51073697e-05
f 7465 7467 7466
v 0.000865658149 -0.00615689132 -3.07994867e-05
v 0.000576386446 -0.00599640007 -4.96018288e-05
v 0.000583767178 -0.00561766647 -5.51073697e-05
f 7468 7470 7469
v 0.000214298711 -0.00598443548 -2.69721482e-05
v -0.0002670821 -0.00649523427 0.000106118944
v -0.000319306127 -0.00616980396 0.000115280466
f 7471 7473 7472
v -0.000676775562 -0.00609431263 0.000336637822
v -0.000467797054 -0.00579639491 0.000188978458
v -0.000544928616 -0.00658469653 0.000219520189
f 7474 7476 7475
v -0.000319306127 -0.00616980396 0.000115280466
v -0.000374108276 -0.00651578084 0.000135813764
v -0.000544928616 -0.00658469653 0.000219520189
f 7477 7479 7478
v 0.000214298711 -0.00598443548 -2.69721482e-05
v 0.000218842683 -0.00666851192 1.48084027e-05
v -0.0002670821 -0.00649523427 0.000106118944
f 7480 7482 7481
v 0.000214298711 -0.00598443548 -2.69721482e-05
v -0.00030645308 -0.0056976678 0.000107184144
v 0.000175530295 -0.00569438052 -1.99288394e-05
f 7483 7485 7484
v 0.000214298711 -0.00598443548 -2.69721482e-05
v -0.000319306127 -0.00616980396 0.000115280466
v -0.00030645308 -0.0056976678 0.000107184144
f 7486 7488 7487
v 0.000583767178 -0.00561766647 -5.51073697e-05
v 0.000214298711 -0.00598443548 -2.69721482e-05
v 0.000175530295 -0.00569438052 -1.99288394e-05
f 7489 7491 7490
v 0.0009312982 -0.00685425402 -0.000122642257
v 0.000218842683 -0.00666851192 1.48084027e-05
v 0.000214298711 -0.00598443548 -2.69721482e-05
f 7492 7494 7493
v 0.00069256489 -0.00619421262 -6.04246338e-05
v 0.000214298711 -0.00598443548 -2.69721482e-05
v 0.000576386446 -0.00599640007 -4.96018288e-05
f 7495 7497 7496
v -0.00108632485 -0.00570105767 0.00117242071
v -0.00114698678 -0.00600948078 0.00155960224
v -0.00110707215 -0.00559018517 0.00133472986
f 7498 7500 7499
v -0.000543550323 -0.00447319435 0.000305377216
v -0.000749374431 -0.00502069233 0.000353518408
v -0.000935305525 -0.00490129569 0.000492010986
f 7501 7503 7502
v -0.000759736668 -0.00733280613 0.00046041514
v -0.000683240387 -0.00759893883 0.000377709421
v -0.000830924273 -0.00741068798 0.000549168544
f 7504 7506 7505
v -0.000830924273 -0.00741068798 0.000549168544
v -0.000742577549 -0.0070090442 0.000426007318
v -0.000759736668 -0.00733280613 0.00046041514
f 7507 7509 7508
v -0.000797358007 -0.00326025947 0.000685421401
v -0.000531672686 -0.00318331549 0.000439139149
v -0.000753287395 -0.00334846372 0.000539365374
f 7510 7512 7511
v -0.000531672686 -0.00318331549 0.000439139149
v -0.000532238118 -0.00335194491 0.000314061799
v -0.000655126496 -0.00344653163 0.000380125402
f 7513 7515 7514
v -0.000775988701 -0.00351568924 0.000461189939
v -0.000655126496 -0.00344653163 0.000380125402
v -0.000759500153 -0.00375003692 0.000495435597
f 7516 7518 7517
v -0.000655126496 -0.00344653163 0.000380125402
v -0.000532238118 -0.00335194491 0.000314061799
v -0.000475171737 -0.00363649342 0.000298743362
f 7519 7521 7520
v -0.000759500153 -0.00375003692 0.000495435597
v -0.000475171737 -0.00363649342 0.000298743362
v -0.000503526553 -0.00386889988 0.000315647412
f 7522 7524 7523
v -0.000352893449 -0.00314141471 0.00026770158
v -0.000440695567 -0.00325707151 0.000284073576
v -0.000531672686 -0.00318331549 0.000439139149
f 7525 7527 7526
v -0.000352893449 -0.00314141471 0.00026770158
v -0.000281425969 -0.00312176453 0.000240186455
v -0.000440695567 -0.00325707151 0.000284073576
f 7528 7530 7529
v -0.000440695567 -0.00325707151 0.000284073576
v -0.000281425969 -0.00312176453 0.000240186455
v -0.000532238118 -0.00335194491 0.000314061799
f 7531 7533 7532
v -0.000655126496 -0.00344653163 0.000380125402
v -0.000475171737 -0.00363649342 0.000298743362
v -0.000759500153 -0.00375003692 0.000495435597
f 7534 7536 7535
v -0.000475171737 -0.00363649342 0.000298743362
v -5.21193044e-05 -0.00403758677 6.24988445e-05
v -0.000503526553 -0.00386889988 0.000315647412
f 7537 7539 7538
v -5.21193044e-05 -0.00403758677 6.24988445e-05
v 0.000105511265 -0.00381734862 8.39045811e-06
v 7.49612582e-05 -0.00415107788 1.77202367e-05
f 7540 7542 7541
v -0.000532238118 -0.00335194491 0.000314061799
v 3.32935087e-05 -0.00322220294 0.000119497054
v -0.000151998256 -0.00350900846 0.00014535708
f 7543 7545 7544
v -3.84996156e-05 -0.00463756078 4.19029732e-05
v -0.00011504336 -0.00451696142 6.50665299e-05
v 7.49612582e-05 -0.00415107788 1.77202367e-05
f 7546 7548 7547
v -3.84996156e-05 -0.00463756078 4.19029732e-05
v 0.000583767178 -0.00561766647 -5.51073697e-05
v -6.6807786e-05 -0.00501134236 4.13325409e-05
f 7549 7551 7550
v 7.49612582e-05 -0.00415107788 1.77202367e-05
v 0.000688533191 -0.00527267875 -7.16023294e-05
v -3.84996156e-05 -0.00463756078 4.19029732e-05
f 7552 7554 7553
v 0.000583767178 -0.00561766647 -5.51073697e-05
v 0.000175530295 -0.00569438052 -1.99288394e-05
v -6.6807786e-05 -0.00501134236 4.13325409e-05
f 7555 7557 7556
v 0.000688533191 -0.00527267875 -7.16023294e-05
v 0.000770722545 -0.00539264838 -7.16590819e-05
v 0.000712618885 -0.00557280109 -5.74093008e-05
f 7558 7560 7559
v 0.000688533191 -0.00527267875 -7.16023294e-05
v 0.000712618885 -0.00557280109 -5.74093008e-05
v 0.000583767178 -0.00561766647 -5.51073697e-05
f 7561 7563 7562
v 0.000770722545 -0.00539264838 -7.16590819e-05
v 0.000688533191 -0.00527267875 -7.16023294e-05
v 0.000883584835 -0.00517168774 -8.59074078e-05
f 7564 7566 7565
v 0.000866481332 -0.00578084037 -1.29182752e-05
v 0.000712618885 -0.00557280109 -5.74093008e-05
v 0.00136663048 -0.00571589626 7.4419404e-05
f 7567 7569 7568
v 0.00142808458 -0.00549507749 6.30416253e-05
v 0.000883584835 -0.00517168774 -8.59074078e-05
v 0.00116842048 -0.00522986156 -2.96349697e-05
f 7570 7572 7571
v 0.00116842048 -0.00522986156 -2.96349697e-05
v 0.00143718798 -0.00534083301 5.42155249e-05
v 0.00142808458 -0.00549507749 6.30416253e-05
f 7573 7575 7574
v 0.00143718798 -0.00534083301 5.42155249e-05
v 0.00116842048 -0.00522986156 -2.96349697e-05
v 0.00133158046 -0.00506487486 -2.67853409e-05
f 7576 7578 7577
v 0.000967974574 -0.00496000539 -0.000104169146
v 0.000864252615 -0.00431134504 -0.000112939586
v 0.00108922304 -0.0047724774 -0.000118891865
f 7579 7581 7580
v 0.00133158046 -0.00506487486 -2.67853409e-05
v 0.00108922304 -0.0047724774 -0.000118891865
v 0.00141722612 -0.00480889867 -5.07949153e-05
f 7582 7584 7583
v 0.00116842048 -0.00522986156 -2.96349697e-05
v 0.000883584835 -0.00517168774 -8.59074078e-05
v 0.000967974574 -0.00496000539 -0.000104169146
f 7585 7587 7586
v 0.00143718798 -0.00534083301 5.42155249e-05
v 0.00133158046 -0.00506487486 -2.67853409e-05
v 0.00148421677 -0.00518853485 4.32048211e-05
f 7588 7590 7589
v -0.000369615123 -0.00448584724 0.00019143481
v -0.00011504336 -0.00451696142 6.50665299e-05
v -0.000270627902 -0.00486398276 0.000101608032
f 7591 7593 7592
v -0.000503526553 -0.00386889988 0.000315647412
v -5.21193044e-05 -0.00403758677 6.24988445e-05
v -0.000369615123 -0.00448584724 0.00019143481
f 7594 7596 7595
v 0.0018111361 -0.00519129608 0.00337153033
v 0.00232978273 -0.00572144236 0.00310069845
v 0.00205439628 -0.00529241988 0.00322488413
f 7597 7599 7598
v 0.00229208053 -0.00587554023 0.00315252473
v 0.00247093776 -0.00591939934 0.00298209106
v 0.00232978273 -0.00572144236 0.00310069845
f 7600 7602 7601
v 0.00261072892 -0.00599011328 0.00282727578
v 0.00247093776 -0.00591939934 0.00298209106
v 0.00230749047 -0.00603138433 0.00317947633
f 7603 7605 7604
v 0.00205439628 -0.00529241988 0.00322488413
v 0.00234507552 -0.00535679792 0.00304065979
v 0.0022422093 -0.00510478094 0.00311723124
f 7606 7608 7607
v 0.00235276239 -0.00507525583 0.00302349108
v 0.00247095977 -0.00515676802 0.00283827976
v 0.00239617148 -0.00492393265 0.00294358342
f 7609 7611 7610
v 0.00235276239 -0.00507525583 0.00302349108
v 0.00250264111 -0.0054037333 0.00286845207
v 0.00247095977 -0.00515676802 0.00283827976
f 7612 7614 7613
v 0.00235276239 -0.00507525583 0.00302349108
v 0.00234507552 -0.00535679792 0.00304065979
v 0.00250264111 -0.0054037333 0.00286845207
f 7615 7617 7616
v 0.00250264111 -0.0054037333 0.00286845207
v 0.0026072079 -0.00549616962 0.00267633004
v 0.00251976562 -0.00514844396 0.00271043609
f 7618 7620 7619
v 0.002404316 -0.00550235309 0.00301190139
v 0.00250264111 -0.0054037333 0.00286845207
v 0.00234507552 -0.00535679792 0.00304065979
f 7621 7623 7622
v 0.00250264111 -0.0054037333 0.00286845207
v 0.00251976562 -0.00514844396 0.00271043609
v 0.00247095977 -0.00515676802 0.00283827976
f 7624 7626 7625
v 0.00267886753 -0.00615744138 0.00278787629
v 0.00264367991 -0.00580689921 0.00272553552
v 0.00261072892 -0.00599011328 0.00282727578
f 7627 7629 7628
v 0.0024209603 -0.00465128323 0.00288737319
v 0.00251976562 -0.00514844396 0.00271043609
v 0.00270532746 -0.0049896822 0.0020462765
f 7630 7632 7631
v 0.00245530227 -0.00454247056 0.00277165182
v 0.00270532746 -0.0049896822 0.0020462765
v 0.00260117868 -0.00435426336 0.00238944594
f 7633 7635 7634
v 0.00241282887 -0.00629748683 0.00321778934
v 0.00261072892 -0.00599011328 0.00282727578
v 0.00230749047 -0.00603138433 0.00317947633
f 7636 7638 7637
v 0.00267484884 -0.00679705772 0.0030093237
v 0.0028756358 -0.00659476791 0.0025503723
v 0.00251632628 -0.00656871489 0.00324263019
f 7639 7641 7640
v 0.00249463374 -0.00646411136 0.00321900006
v 0.00267886753 -0.00615744138 0.00278787629
v 0.00241282887 -0.00629748683 0.00321778934
f 7642 7644 7643
v 0.00267484884 -0.00679705772 0.0030093237
v 0.00286582545 -0.00686668864 0.00266464704
v 0.0028756358 -0.00659476791 0.0025503723
f 7645 7647 7646
v 0.00267484884 -0.00679705772 0.0030093237
v 0.00279162323 -0.00700832315 0.00281033208
v 0.00286582545 -0.00686668864 0.00266464704
f 7648 7650 7649
v 0.00290830849 -0.00759233299 0.00249172517
v 0.00297344886 -0.00736340808 0.00233571955
v 0.00286582545 -0.00686668864 0.00266464704
f 7651 7653 7652
v 0.00267886753 -0.00615744138 0.00278787629
v 0.0028756358 -0.00659476791 0.0025503723
v 0.00286868089 -0.00636003169 0.00246201198
f 7654 7656 7655
v 0.00264367991 -0.00580689921 0.00272553552
v 0.00286868089 -0.00636003169 0.00246201198
v 0.00276685932 -0.00583282999 0.00245265219
f 7657 7659 7658
v 0.00283053414 -0.00604385241 0.00233669562
v 0.00286868089 -0.00636003169 0.00246201198
v 0.00293604026 -0.00658605204 0.0023544284
f 7660 7662 7661
v 0.00267886753 -0.00615744138 0.00278787629
v 0.00286868089 -0.00636003169 0.00246201198
v 0.00264367991 -0.00580689921 0.00272553552
f 7663 7665 7664
v 0.00286582545 -0.00686668864 0.00266464704
v 0.00295087539 -0.00671958187 0.00243000613
v 0.0028756358 -0.00659476791 0.0025503723
f 7666 7668 7667
v 0.0028756358 -0.00659476791 0.0025503723
v 0.00295087539 -0.00671958187 0.00243000613
v 0.00293604026 -0.00658605204 0.0023544284
f 7669 7671 7670
v 0.0028756358 -0.00659476791 0.0025503723
v 0.00293604026 -0.00658605204 0.0023544284
v 0.00286868089 -0.00636003169 0.00246201198
f 7672 7674 7673
v 0.00295087539 -0.00671958187 0.00243000613
v 0.00296746402 -0.00686658968 0.00233131359
v 0.00295612535 -0.00673069662 0.00223578918
f 7675 7677 7676
v 0.00295612535 -0.00673069662 0.00223578918
v 0.00295199643 -0.00683967519 0.00205795168
v 0.00290627322 -0.0063169573 0.00214860574
f 7678 7680 7679
v 0.00295612535 -0.00673069662 0.00223578918
v 0.00300072024 -0.00712997571 0.00211581828
v 0.00295199643 -0.00683967519 0.00205795168
f 7681 7683 7682
v 0.00279847354 -0.00549060533 0.00187461992
v 0.00275028324 -0.00532133236 0.00210149974
v 0.00282582769 -0.00573862599 0.00203123909
f 7684 7686 7685
v 0.00283053414 -0.00604385241 0.00233669562
v 0.00282582769 -0.00573862599 0.00203123909
v 0.00275028324 -0.00532133236 0.00210149974
f 7687 7689 7688
v 0.00275028324 -0.00532133236 0.00210149974
v 0.00279847354 -0.00549060533 0.00187461992
v 0.00273703245 -0.00501550385 0.0019000483
f 7690 7692 7691
v 0.00279847354 -0.00549060533 0.00187461992
v 0.00276188584 -0.00517594744 0.00167582803
v 0.00273703245 -0.00501550385 0.0019000483
f 7693 7695 7694
v 0.00272345696 -0.00550541299 0.00138570686
v 0.00272471807 -0.00509549864 0.00153701767
v 0.00276188584 -0.00517594744 0.00167582803
f 7696 7698 7697
v 0.00272345696 -0.00550541299 0.00138570686
v 0.00270473738 -0.00581453169 0.00119371389
v 0.00265523013 -0.0054214699 0.00119285814
f 7699 7701 7700
v 0.00273703245 -0.00501550385 0.0019000483
v 0.00276188584 -0.00517594744 0.00167582803
v 0.00274496015 -0.00494878768 0.00168877123
f 7702 7704 7703
v 0.00279847354 -0.00549060533 0.00187461992
v 0.00270473738 -0.00581453169 0.00119371389
v 0.00272345696 -0.00550541299 0.00138570686
f 7705 7707 7706
v 0.00283053414 -0.00604385241 0.00233669562
v 0.00286356153 -0.00605475616 0.00202000847
v 0.00282582769 -0.00573862599 0.00203123909
f 7708 7710 7709
v 0.00283053414 -0.00604385241 0.00233669562
v 0.00290627322 -0.0063169573 0.00214860574
v 0.00286356153 -0.00605475616 0.00202000847
f 7711 7713 7712
v 0.00290627322 -0.0063169573 0.00214860574
v 0.00295199643 -0.00683967519 0.00205795168
v 0.00282181572 -0.00679303048 0.00146775646
f 7714 7716 7715
v 0.00295199643 -0.00683967519 0.00205795168
v 0.00300072024 -0.00712997571 0.00211581828
v 0.00282181572 -0.00679303048 0.00146775646
f 7717 7719 7718
v 0.00282181572 -0.00679303048 0.00146775646
v 0.0026972064 -0.00642899249 0.000968333097
v 0.00286356153 -0.00605475616 0.00202000847
f 7720 7722 7721
v 0.00286356153 -0.00605475616 0.00202000847
v 0.00290627322 -0.0063169573 0.00214860574
v 0.00282181572 -0.00679303048 0.00146775646
f 7723 7725 7724
v 0.0026972064 -0.00642899249 0.000968333097
v 0.00266066436 -0.00616477118 0.000936336346
v 0.00270473738 -0.00581453169 0.00119371389
f 7726 7728 7727
v 0.00266066436 -0.00616477118 0.000936336346
v 0.00250608828 -0.00618259946 0.000695721701
v 0.00251043093 -0.00597422804 0.000752640881
f 7729 7731 7730
v 0.0026972064 -0.00642899249 0.000968333097
v 0.00267793166 -0.00663772953 0.000791636194
v 0.00261269488 -0.0064466898 0.000729991643
f 7732 7734 7733
v 0.0026972064 -0.00642899249 0.000968333097
v 0.00261269488 -0.0064466898 0.000729991643
v 0.00266066436 -0.00616477118 0.000936336346
f 7735 7737 7736
v 0.00266066436 -0.00616477118 0.000936336346
v 0.00261269488 -0.0064466898 0.000729991643
v 0.00250608828 -0.00618259946 0.000695721701
f 7738 7740 7739
v 0.00254903025 -0.00654576943 0.000622544667
v 0.00241680045 -0.00638663405 0.000544922932
v 0.00261269488 -0.0064466898 0.000729991643
f 7741 7743 7742
v 0.00261269488 -0.0064466898 0.000729991643
v 0.00267793166 -0.00663772953 0.000791636194
v 0.00254903025 -0.00654576943 0.000622544667
f 7744 7746 7745
v 0.00217652832 -0.00681712845 0.00027924998
v 0.00228279423 -0.00642270752 0.000439877658
v 0.00241680045 -0.00638663405 0.000544922932
f 7747 7749 7748
v 0.00274089343 -0.00715704373 0.000852257926
v 0.00271810841 -0.0070947739 0.000765783625
v 0.00282181572 -0.00679303048 0.00146775646
f 7750 7752 7751
v 0.00275370385 -0.00729651802 0.000861229364
v 0.00271810841 -0.0070947739 0.000765783625
v 0.00274089343 -0.00715704373 0.000852257926
f 7753 7755 7754
v 0.0025361076 -0.00725340869 0.000537814594
v 0.0025198151 -0.00701406534 0.000492485378
v 0.00261010773 -0.00694857881 0.000572631416
f 7756 7758 7757
v 0.00268349468 -0.00699354932 0.000692612139
v 0.0025361076 -0.00725340869 0.000537814594
v 0.00261010773 -0.00694857881 0.000572631416
f 7759 7761 7760
v 0.00254903025 -0.00654576943 0.000622544667
v 0.00267793166 -0.00663772953 0.000791636194
v 0.00267809864 -0.00689782973 0.000658219506
f 7762 7764 7763
v 0.00283053414 -0.00604385241 0.00233669562
v 0.00293604026 -0.00658605204 0.0023544284
v 0.00290627322 -0.0063169573 0.00214860574
f 7765 7767 7766
v 0.00270473738 -0.00581453169 0.00119371389
v 0.00266066436 -0.00616477118 0.000936336346
v 0.00262721569 -0.00557218737 0.00110191377
f 7768 7770 7769
v 0.00275202947 -0.00757706366 0.00276582505
v 0.00290830849 -0.00759233299 0.00249172517
v 0.00279162323 -0.00700832315 0.00281033208
f 7771 7773 7772
v 0.00290830849 -0.00759233299 0.00249172517
v 0.00287242274 -0.00772778949 0.00250675366
v 0.00297160732 -0.00763268472 0.00236487158
f 7774 7776 7775
v 0.00290830849 -0.00759233299 0.00249172517
v 0.00297160732 -0.00763268472 0.00236487158
v 0.00297344886 -0.00736340808 0.00233571955
f 7777 7779 7778
v 0.002884075 -0.00787402678 0.00227857181
v 0.00291880697 -0.00786385935 0.00206001805
v 0.00297160732 -0.00763268472 0.00236487158
f 7780 7782 7781
v 0.00297344886 -0.00736340808 0.00233571955
v 0.00300072024 -0.00712997571 0.00211581828
v 0.00297461193 -0.0070162132 0.00231103731
f 7783 7785 7784
v 0.00301808104 -0.00731291439 0.00204247244
v 0.00301816399 -0.0075539785 0.00207773046
v 0.00300187639 -0.00757011148 0.00185812933
f 7786 7788 7787
v 0.00302017725 -0.00734255809 0.00213621897
v 0.00301816399 -0.0075539785 0.00207773046
v 0.00301808104 -0.00731291439 0.00204247244
f 7789 7791 7790
v 0.00297344886 -0.00736340808 0.00233571955
v 0.00297160732 -0.00763268472 0.00236487158
v 0.00302017725 -0.00734255809 0.00213621897
f 7792 7794 7793
v 0.00297160732 -0.00763268472 0.00236487158
v 0.00301816399 -0.0075539785 0.00207773046
v 0.00302017725 -0.00734255809 0.00213621897
f 7795 7797 7796
v 0.00251301062 -0.00847530682 0.00240577137
v 0.00274859667 -0.0082472041 0.00180973493
v 0.00291880697 -0.00786385935 0.00206001805
f 7798 7800 7799
v 0.00274859667 -0.0082472041 0.00180973493
v 0.00289972704 -0.00799272893 0.0016101345
v 0.00293256071 -0.0078577963 0.00190448754
f 7801 7803 7802
v 0.00260652141 -0.00845910254 0.0020269541
v 0.00259749759 -0.00851544683 0.00186063189
v 0.00274859667 -0.0082472041 0.00180973493
f 7804 7806 7805
v 0.00274859667 -0.0082472041 0.00180973493
v 0.00286339437 -0.00807387769 0.00148884337
v 0.00289972704 -0.00799272893 0.0016101345
f 7807 7809 7808
v 0.0025401403 -0.00865658367 0.00149834996
v 0.00254753577 -0.00863502355 0.00141124983
v 0.00286339437 -0.00807387769 0.00148884337
f 7810 7812 7811
v 0.0025401403 -0.00865658367 0.00149834996
v 0.00274859667 -0.0082472041 0.00180973493
v 0.00259749759 -0.00851544683 0.00186063189
f 7813 7815 7814
v 0.00293256071 -0.0078577963 0.00190448754
v 0.00295545033 -0.00780447081 0.00175066798
v 0.00300187639 -0.00757011148 0.00185812933
f 7816 7818 7817
v 0.00295545033 -0.00780447081 0.00175066798
v 0.00289972704 -0.00799272893 0.0016101345
v 0.00294532183 -0.00784231597 0.00152000039
f 7819 7821 7820
v 0.00294532183 -0.00784231597 0.00152000039
v 0.00291075812 -0.0078859659 0.00129388927
v 0.00295511181 -0.00769750623 0.00159570554
f 7822 7824 7823
v 0.00291075812 -0.0078859659 0.00129388927
v 0.00282982346 -0.00753863424 0.00110313458
v 0.00282181572 -0.00679303048 0.00146775646
f 7825 7827 7826
v 0.00300187639 -0.00757011148 0.00185812933
v 0.00295511181 -0.00769750623 0.00159570554
v 0.00282181572 -0.00679303048 0.00146775646
f 7828 7830 7829
v 0.00295545033 -0.00780447081 0.00175066798
v 0.00295511181 -0.00769750623 0.00159570554
v 0.00300187639 -0.00757011148 0.00185812933
f 7831 7833 7832
v 0.00291075812 -0.0078859659 0.00129388927
v 0.00286179638 -0.00798146139 0.00116484152
v 0.00277370073 -0.00751704065 0.000942644965
f 7834 7836 7835
v 0.00288356041 -0.00803978983 0.00131702127
v 0.00286179638 -0.00798146139 0.00116484152
v 0.00291075812 -0.0078859659 0.00129388927
f 7837 7839 7838
v 0.00277755043 -0.00818689587 0.00115864932
v 0.00278134703 -0.00805540185 0.0010570966
v 0.00286179638 -0.00798146139 0.00116484152
f 7840 7842 7841
v 0.00286339437 -0.00807387769 0.00148884337
v 0.00288356041 -0.00803978983 0.00131702127
v 0.00294532183 -0.00784231597 0.00152000039
f 7843 7845 7844
v 0.00266945681 -0.00760108742 0.000803222247
v 0.00277370073 -0.00751704065 0.000942644965
v 0.00286179638 -0.00798146139 0.00116484152
f 7846 7848 7847
v 0.00286179638 -0.00798146139 0.00116484152
v 0.00278134703 -0.00805540185 0.0010570966
v 0.00266945681 -0.00760108742 0.000803222247
f 7849 7851 7850
v 0.00274280192 -0.00475624183 0.00157107079
v 0.00272471807 -0.00509549864 0.00153701767
v 0.00259875142 -0.00505913813 0.00115288522
f 7852 7854 7853
v 0.00274415688 -0.00440628501 0.00157913328
v 0.00274280192 -0.00475624183 0.00157107079
v 0.0027321219 -0.00449617364 0.00140213251
f 7855 7857 7856
v 0.00259875142 -0.00505913813 0.00115288522
v 0.00259359022 -0.00473889741 0.00104231813
v 0.0027321219 -0.00449617364 0.00140213251
f 7858 7860 7859
v 0.00259875142 -0.00505913813 0.00115288522
v 0.00252909431 -0.00508543853 0.00100546931
v 0.00259359022 -0.00473889741 0.00104231813
f 7861 7863 7862
v 0.00262721569 -0.00557218737 0.00110191377
v 0.00230178266 -0.00526798831 0.000637166613
v 0.00252909431 -0.00508543853 0.00100546931
f 7864 7866 7865
v 0.00230178266 -0.00526798831 0.000637166613
v 0.00223811658 -0.00504567906 0.000546916363
v 0.00252909431 -0.00508543853 0.00100546931
f 7867 7869 7868
v 0.00272471807 -0.00509549864 0.00153701767
v 0.00265523013 -0.0054214699 0.00119285814
v 0.00259875142 -0.00505913813 0.00115288522
f 7870 7872 7871
v 0.00252909431 -0.00508543853 0.00100546931
v 0.00265523013 -0.0054214699 0.00119285814
v 0.00262721569 -0.00557218737 0.00110191377
f 7873 7875 7874
v 0.00272345696 -0.00550541299 0.00138570686
v 0.00265523013 -0.0054214699 0.00119285814
v 0.00272471807 -0.00509549864 0.00153701767
f 7876 7878 7877
v 0.00218538771 -0.00525153337 0.000502841158
v 0.00230178266 -0.00526798831 0.000637166613
v 0.00234656472 -0.00565492555 0.000627853206
f 7879 7881 7880
v 0.00218538771 -0.00525153337 0.000502841158
v 0.00216841199 -0.00558451502 0.000490172079
v 0.00190626342 -0.00518902307 0.000324383655
f 7882 7884 7883
v 0.00143718798 -0.00534083301 5.42155249e-05
v 0.00160897471 -0.00526619333 0.000138452754
v 0.00156085316 -0.00551569174 0.000121228379
f 7885 7887 7886
v 0.00262721569 -0.00557218737 0.00110191377
v 0.00266066436 -0.00616477118 0.000936336346
v 0.00251043093 -0.00597422804 0.000752640881
f 7888 7890 7889
v 0.00251043093 -0.00597422804 0.000752640881
v 0.00234656472 -0.00565492555 0.000627853206
v 0.00230178266 -0.00526798831 0.000637166613
f 7891 7893 7892
v 0.00262721569 -0.00557218737 0.00110191377
v 0.00251043093 -0.00597422804 0.000752640881
v 0.00230178266 -0.00526798831 0.000637166613
f 7894 7896 7895
v 0.00234656472 -0.00565492555 0.000627853206
v 0.00244246476 -0.0060662398 0.000668071061
v 0.00216841199 -0.00558451502 0.000490172079
f 7897 7899 7898
v 0.00216841199 -0.00558451502 0.000490172079
v 0.00226253287 -0.00611455471 0.00053653448
v 0.0019977002 -0.00614884921 0.000361090952
f 7900 7902 7901
v 0.00223811658 -0.00504567906 0.000546916363
v 0.00211203187 -0.00507169061 0.000437508788
v 0.0022108914 -0.00480147646 0.000470884061
f 7903 7905 7904
v 0.00211203187 -0.00507169061 0.000437508788
v 0.00190626342 -0.00518902307 0.000324383655
v 0.00196697947 -0.00477017638 0.000259857552
f 7906 7908 7907
v 0.00218538771 -0.00525153337 0.000502841158
v 0.00190626342 -0.00518902307 0.000324383655
v 0.00211203187 -0.00507169061 0.000437508788
f 7909 7911 7910
v 0.00223811658 -0.00504567906 0.000546916363
v 0.00218538771 -0.00525153337 0.000502841158
v 0.00211203187 -0.00507169061 0.000437508788
f 7912 7914 7913
v 0.00218538771 -0.00525153337 0.000502841158
v 0.00223811658 -0.00504567906 0.000546916363
v 0.00230178266 -0.00526798831 0.000637166613
f 7915 7917 7916
v 0.00250608828 -0.00618259946 0.000695721701
v 0.00226253287 -0.00611455471 0.00053653448
v 0.00244246476 -0.0060662398 0.000668071061
f 7918 7920 7919
v 0.00250608828 -0.00618259946 0.000695721701
v 0.00241680045 -0.00638663405 0.000544922932
v 0.00226253287 -0.00611455471 0.00053653448
f 7921 7923 7922
v 0.00226253287 -0.00611455471 0.00053653448
v 0.00228279423 -0.00642270752 0.000439877658
v 0.0019977002 -0.00614884921 0.000361090952
f 7924 7926 7925
v 0.00300072024 -0.00712997571 0.00211581828
v 0.00301808104 -0.00731291439 0.00204247244
v 0.00282181572 -0.00679303048 0.00146775646
f 7927 7929 7928
v 0.00274089343 -0.00715704373 0.000852257926
v 0.00277404906 -0.00732189073 0.000943904797
v 0.00275370385 -0.00729651802 0.000861229364
f 7930 7932 7931
v 0.00275028324 -0.00532133236 0.00210149974
v 0.00273703245 -0.00501550385 0.0019000483
v 0.00270532746 -0.0049896822 0.0020462765
f 7933 7935 7934
v -0.000385515068 -0.00719262898 0.000161001492
v -0.000222049948 -0.00708336956 7.28574491e-05
v -9.50438562e-05 -0.00749384271 1.51583777e-05
f 7936 7938 7937
v -0.000108977929 -0.00727514998 1.81711698e-05
v 9.86468081e-05 -0.00765115765 -4.59914986e-05
v -9.50438562e-05 -0.00749384271 1.51583777e-05
f 7939 7941 7940
v 0.0010610469 -0.00819426132 -0.000141703447
v 0.000772875319 -0.00822965012 -0.000103401351
v 0.000754983421 -0.00809340781 -0.000126017574
f 7942 7944 7943
v 0.0010610469 -0.00819426132 -0.000141703447
v 0.000660745764 -0.00864399481 1.84341957e-05
v 0.000772875319 -0.00822965012 -0.000103401351
f 7945 7947 7946
v 0.0010610469 -0.00819426132 -0.000141703447
v 0.00106409489 -0.00873384633 3.03878664e-05
v 0.000660745764 -0.00864399481 1.84341957e-05
f 7948 7950 7949
v 0.00110328501 -0.00841837464 -7.52264839e-05
v 0.00121963321 -0.00824865929 -0.00011110659
v 0.00120292525 -0.00850564466 -3.74191501e-05
f 7951 7953 7952
v 0.00132850728 -0.00827410622 -6.52540564e-05
v 0.00141053188 -0.00848721102 1.88702046e-05
v 0.00121963321 -0.00824865929 -0.00011110659
f 7954 7956 7955
v 0.00122956817 -0.0087834509 5.72330521e-05
v 0.00110328501 -0.00841837464 -7.52264839e-05
v 0.00120292525 -0.00850564466 -3.74191501e-05
f 7957 7959 7958
v 0.00110328501 -0.00841837464 -7.52264839e-05
v 0.00122956817 -0.0087834509 5.72330521e-05
v 0.00106409489 -0.00873384633 3.03878664e-05
f 7960 7962 7961
v 0.00131749512 -0.00620648352 7.53569168e-05
v 0.000865658149 -0.00615689132 -3.07994867e-05
v 0.00127268841 -0.00602429791 8.53504446e-05
f 7963 7965 7964
v 0.000865658149 -0.00615689132 -3.07994867e-05
v 0.00131749512 -0.00620648352 7.53569168e-05
v 0.000974118575 -0.00657126293 -0.000106377581
f 7966 7968 7967
v 0.000865658149 -0.00615689132 -3.07994867e-05
v 0.000974118575 -0.00657126293 -0.000106377581
v 0.00069256489 -0.00619421262 -6.04246338e-05
f 7969 7971 7970
v 0.000974118575 -0.00657126293 -0.000106377581
v 0.00162350552 -0.00663156388 3.68967477e-05
v 0.00124674361 -0.00686715939 -0.000128359341
f 7972 7974 7973
v 0.00153255733 -0.0071005481 -0.000101465582
v 0.00124674361 -0.00686715939 -0.000128359341
v 0.00162350552 -0.00663156388 3.68967477e-05
f 7975 7977 7976
v 0.000218842683 -0.00666851192 1.48084027e-05
v -0.000100556269 -0.00707836807 3.50204687e-05
v -0.0002670821 -0.00649523427 0.000106118944
f 7978 7980 7979
v 0.000559852788 -0.00676432537 -5.00345664e-05
v 9.86468081e-05 -0.00765115765 -4.59914986e-05
v 0.000218842683 -0.00666851192 1.48084027e-05
f 7981 7983 7982
v 0.0009312982 -0.00685425402 -0.000122642257
v 9.86468081e-05 -0.00765115765 -4.59914986e-05
v 0.000559852788 -0.00676432537 -5.00345664e-05
f 7984 7986 7985
v 0.0012118132 -0.00699134107 -0.000151321353
v 0.00120952545 -0.00714204652 -0.000171326053
v 0.0009312982 -0.00685425402 -0.000122642257
f 7987 7989 7988
v 0.00228012614 -0.00751613406 0.000474541321
v 0.00209808768 -0.00769469625 0.000432557226
v 0.00215088949 -0.0073560077 0.000358877514
f 7990 7992 7991
v 0.00216192821 -0.0079911435 0.000572137196
v 0.00207056928 -0.00786147357 0.000451701544
v 0.00209808768 -0.00769469625 0.000432557226
f 7993 7995 7994
v 0.0016013013 -0.00759178365 -3.76114201e-05
v 0.00165986567 -0.00745538418 -1.20251514e-05
v 0.00207056928 -0.00786147357 0.000451701544
f 7996 7998 7997
v 0.00209808768 -0.00769469625 0.000432557226
v 0.00173519766 -0.0072332492 6.23950243e-06
v 0.00215088949 -0.0073560077 0.000358877514
f 7999 8001 8000
v 0.00228279423 -0.00642270752 0.000439877658
v 0.00217652832 -0.00681712845 0.00027924998
v 0.00179891595 -0.00633979507 0.000212463237
f 8002 8004 8003
v 0.00217652832 -0.00681712845 0.00027924998
v 0.00162350552 -0.00663156388 3.68967477e-05
v 0.00179891595 -0.00633979507 0.000212463237
f 8005 8007 8006
v 0.00173420849 -0.0070591741 -5.11772171e-06
v 0.00162350552 -0.00663156388 3.68967477e-05
v 0.00217652832 -0.00681712845 0.00027924998
f 8008 8010 8009
v 0.00215199925 -0.00700136588 0.00025128702
v 0.00217652832 -0.00681712845 0.00027924998
v 0.0023318391 -0.00697814539 0.000351440394
f 8011 8013 8012
v 0.00196030887 -0.00708182197 0.000131690285
v 0.00195219018 -0.0070269678 0.000125182305
v 0.00215199925 -0.00700136588 0.00025128702
f 8014 8016 8015
v 0.00217652832 -0.00681712845 0.00027924998
v 0.00215199925 -0.00700136588 0.00025128702
v 0.00195219018 -0.0070269678 0.000125182305
f 8017 8019 8018
v 0.00155463258 -0.00732281114 -0.000100324348
v 0.00153255733 -0.0071005481 -0.000101465582
v 0.00173519766 -0.0072332492 6.23950243e-06
f 8020 8022 8021
v 0.00165986567 -0.00745538418 -1.20251514e-05
v 0.00155463258 -0.00732281114 -0.000100324348
v 0.00173519766 -0.0072332492 6.23950243e-06
f 8023 8025 8024
v 0.00196030887 -0.00708182197 0.000131690285
v 0.00173420849 -0.0070591741 -5.11772171e-06
v 0.00195219018 -0.0070269678 0.000125182305
f 8026 8028 8027
v 0.00173519766 -0.0072332492 6.23950243e-06
v 0.00153255733 -0.0071005481 -0.000101465582
v 0.00173420849 -0.0070591741 -5.11772171e-06
f 8029 8031 8030
v 0.00240812642 -0.00703181431 0.000410005578
v 0.00245592691 -0.00727188235 0.000479596929
v 0.00229035995 -0.00714557391 0.000370942416
f 8032 8034 8033
v 0.00215088949 -0.0073560077 0.000358877514
v 0.00196030887 -0.00708182197 0.000131690285
v 0.00215199925 -0.00700136588 0.00025128702
f 8035 8037 8036
v 0.00215199925 -0.00700136588 0.00025128702
v 0.00229035995 -0.00714557391 0.000370942416
v 0.00215088949 -0.0073560077 0.000358877514
f 8038 8040 8039
v 0.0025361076 -0.00725340869 0.000537814594
v 0.00256560434 -0.00743995915 0.000628117505
v 0.00250470803 -0.00737381051 0.000553571954
f 8041 8043 8042
v 0.0025361076 -0.00725340869 0.000537814594
v 0.00245592691 -0.00727188235 0.000479596929
v 0.0025198151 -0.00701406534 0.000492485378
f 8044 8046 8045
v 0.00250470803 -0.00737381051 0.000553571954
v 0.00245592691 -0.00727188235 0.000479596929
v 0.0025361076 -0.00725340869 0.000537814594
f 8047 8049 8048
v 0.00228012614 -0.00751613406 0.000474541321
v 0.00215088949 -0.0073560077 0.000358877514
v 0.00245592691 -0.00727188235 0.000479596929
f 8050 8052 8051
v 0.0023318391 -0.00697814539 0.000351440394
v 0.00229035995 -0.00714557391 0.000370942416
v 0.00215199925 -0.00700136588 0.00025128702
f 8053 8055 8054
v 0.00245592691 -0.00727188235 0.000479596929
v 0.00215088949 -0.0073560077 0.000358877514
v 0.00229035995 -0.00714557391 0.000370942416
f 8056 8058 8057
v 0.00125855331 -0.00749634564 -0.000165165864
v 0.00123606123 -0.00776960296 -0.000161379455
v 0.00115406956 -0.00747069207 -0.000170990268
f 8059 8061 8060
v 0.00125855331 -0.00749634564 -0.000165165864
v 0.00147695955 -0.00750948893 -0.000110396456
v 0.00145460663 -0.00769842663 -9.64024252e-05
f 8062 8064 8063
v 0.00117840764 -0.00802888753 -0.000158772298
v 0.00108163422 -0.00795192827 -0.000171632917
v 0.00112608577 -0.00774927685 -0.000172637181
f 8065 8067 8066
v 0.00112608577 -0.00774927685 -0.000172637181
v 0.00108163422 -0.00795192827 -0.000171632917
v 9.86468081e-05 -0.00765115765 -4.59914986e-05
f 8068 8070 8069
v 0.000754983421 -0.00809340781 -0.000126017574
v 0.000606003459 -0.00791602288 -0.000114468992
v 0.00108163422 -0.00795192827 -0.000171632917
f 8071 8073 8072
v 0.00163412351 -0.00833301019 0.000108503457
v 0.00163236582 -0.00787920872 3.34142953e-05
v 0.00207056928 -0.00786147357 0.000451701544
f 8074 8076 8075
v 0.00153890578 -0.00833461891 4.27477119e-05
v 0.00132850728 -0.00827410622 -6.52540564e-05
v 0.0015569698 -0.00809879857 1.54539592e-05
f 8077 8079 8078
v 0.00145460663 -0.00769842663 -9.64024252e-05
v 0.00163236582 -0.00787920872 3.34142953e-05
v 0.00150689602 -0.00789306432 -4.54798226e-05
f 8080 8082 8081
v 0.00163236582 -0.00787920872 3.34142953e-05
v 0.00145460663 -0.00769842663 -9.64024252e-05
v 0.0016013013 -0.00759178365 -3.76114201e-05
f 8083 8085 8084
v 0.0015569698 -0.00809879857 1.54539592e-05
v 0.00150689602 -0.00789306432 -4.54798226e-05
v 0.00163236582 -0.00787920872 3.34142953e-05
f 8086 8088 8087
v 0.00121963321 -0.00824865929 -0.00011110659
v 0.0010610469 -0.00819426132 -0.000141703447
v 0.00115666162 -0.00808378973 -0.000143293425
f 8089 8091 8090
v 0.0010610469 -0.00819426132 -0.000141703447
v 0.00121963321 -0.00824865929 -0.00011110659
v 0.00110328501 -0.00841837464 -7.52264839e-05
f 8092 8094 8093
v 0.00121963321 -0.00824865929 -0.00011110659
v 0.00127000703 -0.00808263212 -0.000120201719
v 0.00132850728 -0.00827410622 -6.52540564e-05
f 8095 8097 8096
v 0.00127000703 -0.00808263212 -0.000120201719
v 0.00117840764 -0.00802888753 -0.000158772298
v 0.00123606123 -0.00776960296 -0.000161379455
f 8098 8100 8099
v 0.00117840764 -0.00802888753 -0.000158772298
v 0.00115666162 -0.00808378973 -0.000143293425
v 0.00108163422 -0.00795192827 -0.000171632917
f 8101 8103 8102
v 0.00140652883 -0.00730126485 -0.000142583474
v 0.00120952545 -0.00714204652 -0.000171326053
v 0.00153255733 -0.0071005481 -0.000101465582
f 8104 8106 8105
v 0.00120952545 -0.00714204652 -0.000171326053
v 0.00125855331 -0.00749634564 -0.000165165864
v 0.00115406956 -0.00747069207 -0.000170990268
f 8107 8109 8108
v 0.00147695955 -0.00750948893 -0.000110396456
v 0.00140652883 -0.00730126485 -0.000142583474
v 0.00155463258 -0.00732281114 -0.000100324348
f 8110 8112 8111
v 0.00153255733 -0.0071005481 -0.000101465582
v 0.00155463258 -0.00732281114 -0.000100324348
v 0.00140652883 -0.00730126485 -0.000142583474
f 8113 8115 8114
v 0.00115666162 -0.00808378973 -0.000143293425
v 0.0010610469 -0.00819426132 -0.000141703447
v 0.00108163422 -0.00795192827 -0.000171632917
f 8116 8118 8117
v 0.00127000703 -0.00808263212 -0.000120201719
v 0.00150689602 -0.00789306432 -4.54798226e-05
v 0.0015569698 -0.00809879857 1.54539592e-05
f 8119 8121 8120
v 0.00153890578 -0.00833461891 4.27477119e-05
v 0.00141053188 -0.00848721102 1.88702046e-05
v 0.00132850728 -0.00827410622 -6.52540564e-05
f 8122 8124 8123
v 0.00115406956 -0.00747069207 -0.000170990268
v 0.00112608577 -0.00774927685 -0.000172637181
v 9.86468081e-05 -0.00765115765 -4.59914986e-05
f 8125 8127 8126
v 0.00108163422 -0.00795192827 -0.000171632917
v 0.000606003459 -0.00791602288 -0.000114468992
v 9.86468081e-05 -0.00765115765 -4.59914986e-05
f 8128 8130 8129
v 0.00163236582 -0.00787920872 3.34142953e-05
v 0.0016013013 -0.00759178365 -3.76114201e-05
v 0.00207056928 -0.00786147357 0.000451701544
f 8131 8133 8132
v -0.000830924273 -0.00741068798 0.000549168544
v -0.000559156479 -0.00795396263 0.000251069855
v -0.000755139581 -0.00811818973 0.000551919129
f 8134 8136 8135
v -0.000376060507 -0.00737377923 0.000156920407
v -0.000436744995 -0.00771255436 0.00014620947
v -0.000759736668 -0.00733280613 0.00046041514
f 8137 8139 8138
v -0.000436744995 -0.00771255436 0.00014620947
v -0.000225836584 -0.00784153162 2.86005275e-05
v -0.000402276146 -0.00793710205 0.000120053676
f 8140 8142 8141
v -0.000436744995 -0.00771255436 0.00014620947
v -0.000402276146 -0.00793710205 0.000120053676
v -0.000559156479 -0.00795396263 0.000251069855
f 8143 8145 8144
v -0.00021152498 -0.00825547468 7.11437792e-05
v -0.000484960992 -0.00836559338 0.000269658653
v -0.000559156479 -0.00795396263 0.000251069855
f 8146 8148 8147
v -0.000376060507 -0.00737377923 0.000156920407
v -0.000225836584 -0.00784153162 2.86005275e-05
v -0.000436744995 -0.00771255436 0.00014620947
f 8149 8151 8150
v 4.77006779e-05 -0.0080915459 -4.47334855e-05
v 0.000408432243 -0.00815350359 -8.00437078e-05
v 0.000192277139 -0.00819571578 -4.93790026e-05
f 8152 8154 8153
v -9.50438562e-05 -0.00749384271 1.51583777e-05
v 9.86468081e-05 -0.00765115765 -4.59914986e-05
v -0.000225836584 -0.00784153162 2.86005275e-05
f 8155 8157 8156
v 9.86468081e-05 -0.00765115765 -4.59914986e-05
v 4.77006779e-05 -0.0080915459 -4.47334855e-05
v -0.000225836584 -0.00784153162 2.86005275e-05
f 8158 8160 8159
v -0.000225836584 -0.00784153162 2.86005275e-05
v 4.77006779e-05 -0.0080915459 -4.47334855e-05
v -9.38511619e-05 -0.00821634749 3.53008234e-08
f 8161 8163 8162
v -9.38511619e-05 -0.00821634749 3.53008234e-08
v 4.77006779e-05 -0.0080915459 -4.47334855e-05
v 0.000192277139 -0.00819571578 -4.93790026e-05
f 8164 8166 8165
v 0.000192277139 -0.00819571578 -4.93790026e-05
v -9.63108164e-05 -0.00861011868 9.19639319e-05
v 2.99379153e-06 -0.00832638179 4.25062687e-06
f 8167 8169 8168
v -9.63108164e-05 -0.00861011868 9.19639319e-05
v -0.000101474723 -0.00872566161 0.000116298736
v -0.000267587347 -0.00884018373 0.000205988385
f 8170 8172 8171
v 0.000413503039 -0.00899125153 8.97616815e-05
v 0.00112025136 -0.00897534119 9.2464694e-05
v 0.000655896565 -0.0092342103 0.000124729388
f 8173 8175 8174
v 0.00046522814 -0.00929712769 0.000140036366
v 0.000271338581 -0.00901547464 0.000104320327
v 0.000655896565 -0.0092342103 0.000124729388
f 8176 8178 8177
v 0.000413503039 -0.00899125153 8.97616815e-05
v 0.000655896565 -0.0092342103 0.000124729388
v 0.000271338581 -0.00901547464 0.000104320327
f 8179 8181 8180
v 0.000772875319 -0.00822965012 -0.000103401351
v 0.000660745764 -0.00864399481 1.84341957e-05
v 0.000408432243 -0.00815350359 -8.00437078e-05
f 8182 8184 8183
v 0.000408432243 -0.00815350359 -8.00437078e-05
v -9.63108164e-05 -0.00861011868 9.19639319e-05
v 0.000192277139 -0.00819571578 -4.93790026e-05
f 8185 8187 8186
v 0.000660745764 -0.00864399481 1.84341957e-05
v -9.63108164e-05 -0.00861011868 9.19639319e-05
v 0.000408432243 -0.00815350359 -8.00437078e-05
f 8188 8190 8189
v -9.63108164e-05 -0.00861011868 9.19639319e-05
v -0.000267587347 -0.00884018373 0.000205988385
v -0.00021152498 -0.00825547468 7.11437792e-05
f 8191 8193 8192
v 0.0025401403 -0.00865658367 0.00149834996
v 0.00249733876 -0.00882009772 0.00139314197
v 0.00254753577 -0.00863502355 0.00141124983
f 8194 8196 8195
v 0.00247792668 -0.00871487136 0.00130509125
v 0.00245120409 -0.00862381639 0.00114994637
v 0.0026405698 -0.00841861183 0.00123367372
f 8197 8199 8198
v 0.00249733876 -0.00882009772 0.00139314197
v 0.00247792668 -0.00871487136 0.00130509125
v 0.00254753577 -0.00863502355 0.00141124983
f 8200 8202 8201
v 0.00249733876 -0.00882009772 0.00139314197
v 0.00231001268 -0.0090246358 0.00100675616
v 0.00247792668 -0.00871487136 0.00130509125
f 8203 8205 8204
v 0.0023609995 -0.00934186974 0.000972919406
v 0.00231001268 -0.0090246358 0.00100675616
v 0.00247379648 -0.00909707596 0.00134383909
f 8206 8208 8207
v 0.0023609995 -0.00934186974 0.000972919406
v 0.00247379648 -0.00909707596 0.00134383909
v 0.00243794093 -0.00935476855 0.00116483261
f 8209 8211 8210
v 0.00239145938 -0.0094338131 0.00116720685
v 0.0023307759 -0.00941448307 0.000957597149
v 0.00238863358 -0.00940033497 0.00103987941
f 8212 8214 8213
v 0.0023307759 -0.00941448307 0.000957597149
v 0.00227734981 -0.00944885542 0.00088828765
v 0.00226523152 -0.00943771593 0.000812343205
f 8215 8217 8216
v 0.0023609995 -0.00934186974 0.000972919406
v 0.00226523152 -0.00943771593 0.000812343205
v 0.002237435 -0.00908321308 0.000874610305
f 8218 8220 8219
v 0.0023307759 -0.00941448307 0.000957597149
v 0.00226523152 -0.00943771593 0.000812343205
v 0.0023609995 -0.00934186974 0.000972919406
f 8221 8223 8222
v 0.00202360807 -0.00889352741 0.00063421503
v 0.00221286864 -0.00889751827 0.000853527126
v 0.002237435 -0.00908321308 0.000874610305
f 8224 8226 8225
v 0.00231001268 -0.0090246358 0.00100675616
v 0.0023609995 -0.00934186974 0.000972919406
v 0.002237435 -0.00908321308 0.000874610305
f 8227 8229 8228
v 0.00248606739 -0.00841673464 0.000968168206
v 0.00223347033 -0.00829423589 0.000728286795
v 0.00236500891 -0.00811456484 0.000764860943
f 8230 8232 8231
v 0.00236500891 -0.00811456484 0.000764860943
v 0.00269571592 -0.0082178005 0.0010195201
v 0.00258702548 -0.0082909748 0.000983703285
f 8233 8235 8234
v 0.00194172553 -0.00838670603 0.000441981501
v 0.00223347033 -0.00829423589 0.000728286795
v 0.00202360807 -0.00889352741 0.00063421503
f 8236 8238 8237
v 0.00245120409 -0.00862381639 0.00114994637
v 0.00256758722 -0.00840896537 0.0010526991
v 0.0026405698 -0.00841861183 0.00123367372
f 8239 8241 8240
v 0.0023755314 -0.00857705818 0.000951726634
v 0.00231424492 -0.00851443183 0.000862873094
v 0.00248606739 -0.00841673464 0.000968168206
f 8242 8244 8243
v 0.00258702548 -0.0082909748 0.000983703285
v 0.00269571592 -0.0082178005 0.0010195201
v 0.00264039518 -0.00833972736 0.00105241288
f 8245 8247 8246
v 0.00264039518 -0.00833972736 0.00105241288
v 0.00256758722 -0.00840896537 0.0010526991
v 0.00258702548 -0.0082909748 0.000983703285
f 8248 8250 8249
v 0.00258702548 -0.0082909748 0.000983703285
v 0.00256758722 -0.00840896537 0.0010526991
v 0.00248606739 -0.00841673464 0.000968168206
f 8251 8253 8252
v 0.0023755314 -0.00857705818 0.000951726634
v 0.0023013461 -0.00865714828 0.000908601032
v 0.00231424492 -0.00851443183 0.000862873094
f 8254 8256 8255
v 0.00221286864 -0.00889751827 0.000853527126
v 0.00202360807 -0.00889352741 0.00063421503
v 0.0023013461 -0.00865714828 0.000908601032
f 8257 8259 8258
v 0.00221286864 -0.00889751827 0.000853527126
v 0.0023013461 -0.00865714828 0.000908601032
v 0.0022752427 -0.00880906737 0.00092918599
f 8260 8262 8261
v 0.0022752427 -0.00880906737 0.00092918599
v 0.0023013461 -0.00865714828 0.000908601032
v 0.00245120409 -0.00862381639 0.00114994637
f 8263 8265 8264
v 0.00223347033 -0.00829423589 0.000728286795
v 0.0023013461 -0.00865714828 0.000908601032
v 0.00202360807 -0.00889352741 0.00063421503
f 8266 8268 8267
v 0.00108090489 -0.00965248546 0.000157826628
v 0.00129842683 -0.00966713342 0.000111880229
v 0.0012669987 -0.00972338312 0.000221036339
f 8269 8271 8270
v 0.00116015499 -0.00922024992 0.000118614673
v 0.00128394122 -0.00901435997 0.000128677141
v 0.00129804803 -0.00927650253 0.000161966284
f 8272 8274 8273
v 0.00128394122 -0.00901435997 0.000128677141
v 0.00116015499 -0.00922024992 0.000118614673
v 0.00112025136 -0.00897534119 9.2464694e-05
f 8275 8277 8276
v 0.00128394122 -0.00901435997 0.000128677141
v 0.00157729573 -0.00899356673 0.000261562514
v 0.00169898522 -0.00932446928 0.000333661251
f 8278 8280 8279
v 0.00129804803 -0.00927650253 0.000161966284
v 0.00128394122 -0.00901435997 0.000128677141
v 0.00169898522 -0.00932446928 0.000333661251
f 8281 8283 8282
v 0.00202978317 -0.00969263419 0.00054568136
v 0.00185216049 -0.00981535777 0.000502038802
v 0.00200163504 -0.00967804299 0.000465503854
f 8284 8286 8285
v 0.00185216049 -0.00981535777 0.000502038802
v 0.00175043369 -0.00983277496 0.000408914184
v 0.00191123272 -0.00969814719 0.000389530669
f 8287 8289 8288
v 0.00202978317 -0.00969263419 0.00054568136
v 0.0019693076 -0.0097406155 0.000629691203
v 0.00185216049 -0.00981535777 0.000502038802
f 8290 8292 8291
v 0.00214394659 -0.00956773074 0.000902403644
v 0.00206486493 -0.00962873964 0.000814992381
v 0.00219983431 -0.00952824266 0.000884460223
f 8293 8295 8294
v 0.00212182586 -0.00964752689 0.000619928505
v 0.00226523152 -0.00943771593 0.000812343205
v 0.00219983431 -0.00952824266 0.000884460223
f 8296 8298 8297
v 0.00212182586 -0.00964752689 0.000619928505
v 0.00206454224 -0.00968497479 0.00053509093
v 0.00226523152 -0.00943771593 0.000812343205
f 8299 8301 8300
v 0.00181674732 -0.00930778115 0.000399056808
v 0.00187491769 -0.00889745643 0.000469515362
v 0.00195994708 -0.00922522377 0.000536759035
f 8302 8304 8303
v 0.00169898522 -0.00932446928 0.000333661251
v 0.00171741449 -0.00892854368 0.000339656458
v 0.00181674732 -0.00930778115 0.000399056808
f 8305 8307 8306
v 0.002237435 -0.00908321308 0.000874610305
v 0.00199371916 -0.00956089425 0.000463960259
v 0.00195994708 -0.00922522377 0.000536759035
f 8308 8310 8309
v 0.00181163286 -0.00975401417 0.000323555128
v 0.0017322327 -0.00975115618 0.000299430417
v 0.00170864241 -0.00971170739 0.000258294335
f 8311 8313 8312
v 0.00122399479 -0.00956708682 8.8845087e-05
v 0.00147700639 -0.00972461567 0.000166897564
v 0.00129842683 -0.00966713342 0.000111880229
f 8314 8316 8315
v 0.00147700639 -0.00972461567 0.000166897564
v 0.00154082063 -0.00973185088 0.000212305736
v 0.00129842683 -0.00966713342 0.000111880229
f 8317 8319 8318
v 0.00154082063 -0.00973185088 0.000212305736
v 0.00147700639 -0.00972461567 0.000166897564
v 0.00170864241 -0.00971170739 0.000258294335
f 8320 8322 8321
v 0.00170864241 -0.00971170739 0.000258294335
v 0.00147700639 -0.00972461567 0.000166897564
v 0.0017121356 -0.00962168633 0.000263384231
f 8323 8325 8324
v 0.00185344161 -0.00973646311 0.000371879673
v 0.00181163286 -0.00975401417 0.000323555128
v 0.00191123272 -0.00969814719 0.000389530669
f 8326 8328 8327
v 0.00191123272 -0.00969814719 0.000389530669
v 0.00170864241 -0.00971170739 0.000258294335
v 0.0017121356 -0.00962168633 0.000263384231
f 8329 8331 8330
v 0.00191123272 -0.00969814719 0.000389530669
v 0.00181163286 -0.00975401417 0.000323555128
v 0.00170864241 -0.00971170739 0.000258294335
f 8332 8334 8333
v 0.00171469583 -0.00882171662 0.000322184701
v 0.00194172553 -0.00838670603 0.000441981501
v 0.00202360807 -0.00889352741 0.00063421503
f 8335 8337 8336
v 0.00187491769 -0.00889745643 0.000469515362
v 0.00171469583 -0.00882171662 0.000322184701
v 0.00202360807 -0.00889352741 0.00063421503
f 8338 8340 8339
v 0.00171741449 -0.00892854368 0.000339656458
v 0.00157729573 -0.00899356673 0.000261562514
v 0.00171469583 -0.00882171662 0.000322184701
f 8341 8343 8342
v 0.00162939505 -0.00863883979 0.000201531134
v 0.00158839684 -0.00857239647 0.000134674349
v 0.00161418375 -0.00849705611 0.000131553327
f 8344 8346 8345
v 0.00157729573 -0.00899356673 0.000261562514
v 0.00128394122 -0.00901435997 0.000128677141
v 0.00149091584 -0.00878420833 0.000163425477
f 8347 8349 8348
v 0.00147657665 -0.00855164617 6.57391922e-05
v 0.00136842709 -0.00879816434 0.000107304197
v 0.00120292525 -0.00850564466 -3.74191501e-05
f 8350 8352 8351
v 0.00202360807 -0.00889352741 0.00063421503
v 0.00195994708 -0.00922522377 0.000536759035
v 0.00187491769 -0.00889745643 0.000469515362
f 8353 8355 8354
v 0.00171741449 -0.00892854368 0.000339656458
v 0.00169898522 -0.00932446928 0.000333661251
v 0.00157729573 -0.00899356673 0.000261562514
f 8356 8358 8357
v 0.00191123272 -0.00969814719 0.000389530669
v 0.00175043369 -0.00983277496 0.000408914184
v 0.00185344161 -0.00973646311 0.000371879673
f 8359 8361 8360
v 0.00169898522 -0.00932446928 0.000333661251
v 0.00181674732 -0.00930778115 0.000399056808
v 0.0017121356 -0.00962168633 0.000263384231
f 8362 8364 8363
v 0.00149091584 -0.00878420833 0.000163425477
v 0.00162939505 -0.00863883979 0.000201531134
v 0.00171469583 -0.00882171662 0.000322184701
f 8365 8367 8366
v 0.00247300122 -0.0093745155 0.00126036175
v 0.00243794093 -0.00935476855 0.00116483261
v 0.00247379648 -0.00909707596 0.00134383909
f 8368 8370 8369
v 0.00247300122 -0.0093745155 0.00126036175
v 0.00239145938 -0.0094338131 0.00116720685
v 0.00243794093 -0.00935476855 0.00116483261
f 8371 8373 8372
v 0.00239145938 -0.0094338131 0.00116720685
v 0.00238863358 -0.00940033497 0.00103987941
v 0.00243794093 -0.00935476855 0.00116483261
f 8374 8376 8375
v 0.00249899258 -0.00932858529 0.00137046145
v 0.00247300122 -0.0093745155 0.00126036175
v 0.00247379648 -0.00909707596 0.00134383909
f 8377 8379 8378
v 0.00216192821 -0.0079911435 0.000572137196
v 0.00209808768 -0.00769469625 0.000432557226
v 0.00228012614 -0.00751613406 0.000474541321
f 8380 8382 8381
v 0.00256951771 -0.00759107643 0.000686578551
v 0.00257908068 -0.00775643784 0.000759184786
v 0.00250470803 -0.00737381051 0.000553571954
f 8383 8385 8384
v 0.00228012614 -0.00751613406 0.000474541321
v 0.00250470803 -0.00737381051 0.000553571954
v 0.00257908068 -0.00775643784 0.000759184786
f 8386 8388 8387
v 0.00236500891 -0.00811456484 0.000764860943
v 0.00228012614 -0.00751613406 0.000474541321
v 0.00257908068 -0.00775643784 0.000759184786
f 8389 8391 8390
v 0.00194172553 -0.00838670603 0.000441981501
v 0.00207056928 -0.00786147357 0.000451701544
v 0.00216192821 -0.0079911435 0.000572137196
f 8392 8394 8393
v 0.00161418375 -0.00849705611 0.000131553327
v 0.00163412351 -0.00833301019 0.000108503457
v 0.00207056928 -0.00786147357 0.000451701544
f 8395 8397 8396
v 0.00207056928 -0.00786147357 0.000451701544
v 0.00194172553 -0.00838670603 0.000441981501
v 0.00161418375 -0.00849705611 0.000131553327
f 8398 8400 8399
v 0.0023609995 -0.00934186974 0.000972919406
v 0.00243794093 -0.00935476855 0.00116483261
v 0.00238863358 -0.00940033497 0.00103987941
f 8401 8403 8402
v 0.00214394659 -0.00956773074 0.000902403644
v 0.00219983431 -0.00952824266 0.000884460223
v 0.00227734981 -0.00944885542 0.00088828765
f 8404 8406 8405
v 0.000655896565 -0.0092342103 0.000124729388
v 0.000925791937 -0.00936851284 8.85960674e-05
v 0.000736185757 -0.00933826159 9.96689892e-05
f 8407 8409 8408
v 0.000736185757 -0.00933826159 9.96689892e-05
v 0.000663626633 -0.00949451569 7.32250669e-05
v 0.000655896565 -0.0092342103 0.000124729388
f 8410 8412 8411
v 0.00101078313 -0.00959526442 0.000125742019
v 0.000997050574 -0.00946809232 9.43031466e-05
v 0.00112644293 -0.00958324526 9.61266892e-05
f 8413 8415 8414
v 0.00115856574 -0.00960278485 7.17285786e-05
v 0.00112644293 -0.00958324526 9.61266892e-05
v 0.000997050574 -0.00946809232 9.43031466e-05
f 8416 8418 8417
v 0.00115856574 -0.00960278485 7.17285786e-05
v 0.00102050362 -0.00943081177 7.50409583e-05
v 0.00122399479 -0.00956708682 8.8845087e-05
f 8419 8421 8420
v 0.00102050362 -0.00943081177 7.50409583e-05
v 0.000925791937 -0.00936851284 8.85960674e-05
v 0.00105764229 -0.00917432408 0.000110068152
f 8422 8424 8423
v 0.000925791937 -0.00936851284 8.85960674e-05
v 0.000655896565 -0.0092342103 0.000124729388
v 0.00105764229 -0.00917432408 0.000110068152
f 8425 8427 8426
v 0.00127268841 -0.00602429791 8.53504446e-05
v 0.000866481332 -0.00578084037 -1.29182752e-05
v 0.00136663048 -0.00571589626 7.4419404e-05
f 8428 8430 8429
v 0.00149651432 -0.00607409129 0.000157214902
v 0.00131749512 -0.00620648352 7.53569168e-05
v 0.00127268841 -0.00602429791 8.53504446e-05
f 8431 8433 8432
v 0.00147657665 -0.00855164617 6.57391922e-05
v 0.00120292525 -0.00850564466 -3.74191501e-05
v 0.00141053188 -0.00848721102 1.88702046e-05
f 8434 8436 8435
v 0.00122956817 -0.0087834509 5.72330521e-05
v 0.00112025136 -0.00897534119 9.2464694e-05
v 0.00106409489 -0.00873384633 3.03878664e-05
f 8437 8439 8438
v 0.00136842709 -0.00879816434 0.000107304197
v 0.00122956817 -0.0087834509 5.72330521e-05
v 0.00120292525 -0.00850564466 -3.74191501e-05
f 8440 8442 8441
v 0.000655896565 -0.0092342103 0.000124729388
v 0.000663626633 -0.00949451569 7.32250669e-05
v 0.00046522814 -0.00929712769 0.000140036366
f 8443 8445 8444
v -0.000648793002 -0.00334967444 0.00350038754
v -0.000565700066 -0.00325103683 0.00351682938
v -0.000653975985 -0.00329508839 0.00348144749
f 8446 8448 8447
v 0.000964201172 -0.00428428903 0.00380521888
v 0.00119717497 -0.00465094054 0.00377931865
v 0.00115037419 -0.00434840622 0.00375487361
f 8449 8451 8450
v -0.00112267999 -0.0052641506 0.0016693486
v -0.00113917895 -0.00554698272 0.00239972724
v -0.00112412972 -0.00478131769 0.00229351135
f 8452 8454 8453
v -0.0010740624 -0.00686965432 0.000903554701
v -0.00102832983 -0.00710969325 0.000816638567
v -0.00112054122 -0.00701577883 0.00107312144
f 8455 8457 8456
v 0.0023800887 -0.00650581205 0.00335189834
v 0.00249463374 -0.00646411136 0.00321900006
v 0.00241282887 -0.00629748683 0.00321778934
f 8458 8460 8459
v 0.00251301062 -0.00847530682 0.00240577137
v 0.00291880697 -0.00786385935 0.00206001805
v 0.00270246255 -0.00812711951 0.00242864262
f 8461 8463 8462
v -0.000267587347 -0.00884018373 0.000205988385
v -0.000101474723 -0.00872566161 0.000116298736
v -0.000183502311 -0.00903531691 0.000200612908
f 8464 8466 8465
v 0.000925791937 -0.00936851284 8.85960674e-05
v 0.00101078313 -0.00959526442 0.000125742019
v 0.00090788335 -0.00967862798 0.00013731825
f 8467 8469 8468
v 0.0022422093 -0.00510478094 0.00311723124
v 0.00235276239 -0.00507525583 0.00302349108
v 0.00224076794 -0.00481751085 0.00313301607
f 8470 8472 8471
v 0.00275460498 -0.00414201131 0.00141732826
v 0.00271109056 -0.00461501331 0.00199811075
v 0.00274415688 -0.00440628501 0.00157913328
f 8473 8475 8474
v -0.00115345074 -0.00810373822 0.00304360547
v -0.0011941951 -0.00804068623 0.00292485947
v -0.00114613449 -0.00833918966 0.00302905082
f 8476 8478 8477
v -0.00108653094 -0.00789536571 0.00116510309
v -0.00110035289 -0.00819377092 0.00136341732
v -0.00109450611 -0.00774328582 0.00114187587
f 8479 8481 8480
v -0.00104492146 -0.00761096671 0.000950538742
v -0.000755139581 -0.00811818973 0.000551919129
v -0.000943386294 -0.00819753259 0.000903963246
f 8482 8484 8483
v 0.00130897051 -0.0091525646 0.00335331824
v 0.00140501616 -0.00946813088 0.00323892309
v 0.00153670353 -0.00936578363 0.00317705089
f 8485 8487 8486
v 0.00236533269 -0.00933727497 0.0022398679
v 0.00238448829 -0.00909157025 0.00223891893
v 0.00222107283 -0.00917816287 0.00245111169
f 8488 8490 8489
v 0.00255989999 -0.0086189757 0.00194980312
v 0.00252480277 -0.00894494733 0.00166202062
v 0.0025401403 -0.00865658367 0.00149834996
f 8491 8493 8492
v 0.00254753577 -0.00863502355 0.00141124983
v 0.0026405698 -0.00841861183 0.00123367372
v 0.00277755043 -0.00818689587 0.00115864932
f 8494 8496 8495
v -0.000435337188 -0.00371530004 0.003556913
v -0.000648793002 -0.00334967444 0.00350038754
v -0.000714376938 -0.00393558184 0.00345341541
f 8497 8499 8498
v -0.000916043609 -0.00356692544 0.00339763901
v -0.00104906921 -0.00371519527 0.00327173984
v -0.000889730381 -0.00378347431 0.00336012963
f 8500 8502 8501
v -0.00085153888 -0.00350565206 0.00342604981
v -0.000648793002 -0.00334967444 0.00350038754
v -0.000765149525 -0.00341412597 0.00345724402
f 8503 8505 8504
v -0.00104304154 -0.00451895103 0.0031039428
v -0.0011348523 -0.00424008867 0.00300912216
v -0.00113435508 -0.00441439297 0.00295565169
f 8506 8508 8507
v -0.00127732756 -0.00393557275 0.00286137256
v -0.00130038716 -0.00387515538 0.00277549625
v -0.00129469645 -0.00390061032 0.00268228068
f 8509 8511 8510
v -0.00127406429 -0.00394658855 0.00295872051
v -0.00124094131 -0.00382901635 0.00293518715
v -0.00127732756 -0.00393557275 0.00286137256
f 8512 8514 8513
v -0.0011348523 -0.00424008867 0.00300912216
v -0.00120215927 -0.00407952211 0.0029567811
v -0.0011735664 -0.00425968974 0.00287998737
f 8515 8517 8516
v -0.00114317681 -0.00476181376 0.00274748199
v -0.00116028377 -0.00440754811 0.00269008269
v -0.00116445508 -0.00441185184 0.00238255743
f 8518 8520 8519
v -0.0011735664 -0.00425968974 0.00287998737
v -0.00121661888 -0.00415178038 0.00267660762
v -0.00116028377 -0.00440754811 0.00269008269
f 8521 8523 8522
v -0.000648793002 -0.00334967444 0.00350038754
v -0.00071081995 -0.00331364863 0.00346868037
v -0.000765149525 -0.00341412597 0.00345724402
f 8524 8526 8525
v 0.00131179895 -0.00536377083 0.00375945674
v 0.00111272666 -0.00526909935 0.00386855463
v 0.00124860326 -0.00542701673 0.00381120408
f 8527 8529 8528
v -0.00084651374 -0.00606759641 0.00360837766
v -0.00101374271 -0.00598242659 0.00345403896
v -0.000821235517 -0.0065294058 0.00364694861
f 8530 8532 8531
v -0.00114220102 -0.00592527831 0.00328257083
v -0.00116121382 -0.0058128433 0.0032286378
v -0.00119384495 -0.00588516923 0.00317623562
f 8533 8535 8534
v -0.00106050866 -0.00574382175 0.00336811936
v -0.00109520997 -0.00557756066 0.00327527341
v -0.00116121382 -0.0058128433 0.0032286378
f 8536 8538 8537
v -0.00051476095 -0.00589538795 0.00378385666
v -0.000593041295 -0.00557385756 0.00366444656
v -0.000664652862 -0.00565132905 0.0036441721
f 8539 8541 8540
v 0.000775945227 -0.00633665913 0.00392041657
v 0.000778234426 -0.00610790667 0.00391867579
v 0.000613130305 -0.00634306343 0.00392927468
f 8542 8544 8543
v -0.000689076842 -0.00540116416 0.00358006582
v -0.000722431332 -0.00512939187 0.00349412803
v -0.000832650039 -0.00531833612 0.00346034431
f 8545 8547 8546
v -0.000926396297 -0.00529548233 0.00336528683
v -0.00104259752 -0.00526408257 0.00320514446
v -0.00101946707 -0.00549963042 0.00335629593
f 8548 8550 8549
v -0.00117081208 -0.00545369694 0.00283623758
v -0.00116184574 -0.00540597903 0.00296971157
v -0.00113957894 -0.00523179333 0.00281777211
f 8551 8553 8552
v -0.00104259752 -0.00526408257 0.00320514446
v -0.00112034204 -0.0051959596 0.00296404487
v -0.00112098696 -0.00530754369 0.00305381982
f 8554 8556 8555
v 0.000544962995 -0.0057434976 0.00390122004
v -5.28778003e-05 -0.00540715228 0.00376808748
v 0.000233293281 -0.00584221198 0.00388561093
f 8557 8559 8558
v 0.000967544929 -0.00570679949 0.00389282141
v 0.000612847907 -0.0054518172 0.00389629568
v 0.000544962995 -0.0057434976 0.00390122004
f 8560 8562 8561
v 0.000722706 -0.00519427631 0.00390305358
v 0.000884996916 -0.00510833161 0.00389747584
v 0.000636452887 -0.00490620187 0.00388819244
f 8563 8565 8564
v -0.00115345074 -0.00810373822 0.00304360547
v -0.00117402724 -0.00762725831 0.00305278518
v -0.0011941951 -0.00804068623 0.00292485947
f 8566 8568 8567
v -0.00114220102 -0.00592527831 0.00328257083
v -0.00119384495 -0.00588516923 0.00317623562
v -0.00120383438 -0.00610658026 0.00320895779
f 8569 8571 8570
v -0.00120383438 -0.00610658026 0.00320895779
v -0.00126426739 -0.00615089884 0.0029971965
v -0.00122665315 -0.00624331587 0.00312853299
f 8572 8574 8573
v -0.00123983045 -0.00657753553 0.00297485458
v -0.00118866174 -0.00653362731 0.00317466765
v -0.00121952717 -0.00646138215 0.00309699499
f 8575 8577 8576
v -0.00121846824 -0.00699269294 0.00221980754
v -0.0011462228 -0.00740239411 0.0015088046
v -0.00114397981 -0.0079430094 0.00163674831
f 8578 8580 8579
v -0.00121846824 -0.00699269294 0.00221980754
v -0.00114397981 -0.0079430094 0.00163674831
v -0.00121613039 -0.00719112795 0.00220960083
f 8581 8583 8582
v -0.00118866174 -0.00653362731 0.00317466765
v -0.00116134443 -0.00643642488 0.00322460437
v -0.00121952717 -0.00646138215 0.00309699499
f 8584 8586 8585
v -0.00118866174 -0.00653362731 0.00317466765
v -0.00123983045 -0.00657753553 0.00297485458
v -0.0011925812 -0.00683180187 0.00306813017
f 8587 8589 8588
v -0.00102259919 -0.00730002575 0.00340305123
v -0.00113345814 -0.00708115549 0.00320568506
v -0.00108308541 -0.007539137 0.003270655
f 8590 8592 8591
v 0.00182181939 -0.00752287524 0.00364914049
v 0.00151390859 -0.00733559355 0.00382227408
v 0.00125114375 -0.00747064187 0.00390662099
f 8593 8595 8594
v 0.00182181939 -0.00752287524 0.00364914049
v 0.00125114375 -0.00747064187 0.00390662099
v 0.00128022075 -0.00772564963 0.00383758306
f 8596 8598 8597
v 0.000885016198 -0.00713800837 0.0040349667
v 0.000789207934 -0.00702800971 0.00403601989
v 0.000710017684 -0.00720404933 0.00405357896
f 8599 8601 8600
v -0.00052700384 -0.00833385129 0.00375145828
v -0.000440166514 -0.00757050293 0.00383973347
v -0.000562063269 -0.00772532221 0.00378796649
f 8602 8604 8603
v -0.00052700384 -0.00833385129 0.00375145828
v -0.000562063269 -0.00772532221 0.00378796649
v -0.000591304433 -0.00800728958 0.00375688614
f 8605 8607 8606
v 0.00092794744 -0.00824140661 0.00379444864
v 0.000951456332 -0.00790703416 0.00388403278
v 0.000691068999 -0.00829645287 0.00381433238
f 8608 8610 8609
v 0.000691068999 -0.00829645287 0.00381433238
v 0.000951456332 -0.00790703416 0.00388403278
v 0.000843919224 -0.00780391638 0.00392338479
f 8611 8613 8612
v 0.00092794744 -0.00824140661 0.00379444864
v 0.00121278854 -0.00816133033 0.00372988579
v 0.0011461565 -0.00795146407 0.00382074359
f 8614 8616 8615
v 0.00139970161 -0.00661226295 0.00376735989
v 0.000967309279 -0.00635352917 0.00387094333
v 0.00108733575 -0.00653622919 0.00385485837
f 8617 8619 8618
v 0.00178611626 -0.00647594352 0.0036425703
v 0.00171676766 -0.00676817726 0.00369027657
v 0.00200111244 -0.00672682509 0.00357435129
f 8620 8622 8621
v 0.00233398459 -0.00742947668 0.00336302401
v 0.00220867969 -0.00740312462 0.00346469023
v 0.00231964314 -0.00757418165 0.0033118602
f 8623 8625 8624
v 0.00232786406 -0.00783282812 0.00318509628
v 0.00237904933 -0.00804068477 0.00304528439
v 0.00246255386 -0.00794336374 0.00299823714
f 8626 8628 8627
v 0.00246255386 -0.00794336374 0.00299823714
v 0.00245936772 -0.00814578889 0.00288756401
v 0.00264555219 -0.00794879306 0.00272537691
f 8629 8631 8630
v 0.0021823771 -0.00838066117 0.00304157475
v 0.00202891024 -0.00860747241 0.00304983678
v 0.00224653395 -0.00841764195 0.0029583749
f 8632 8634 8633
v 0.00237904933 -0.00804068477 0.00304528439
v 0.00235072057 -0.00827162439 0.00294960082
v 0.00245936772 -0.00814578889 0.00288756401
f 8635 8637 8636
v 0.00229280613 -0.0085505133 0.00280624154
v 0.00235837815 -0.00867084382 0.00258935797
v 0.00246554482 -0.00839924905 0.00263035217
f 8638 8640 8639
v -0.000250512062 -0.00975206713 0.00359815422
v -0.000453686835 -0.00955835058 0.00360440317
v -0.000366625773 -0.00997956085 0.00355263219
f 8641 8643 8642
v -0.000988327247 -0.0100886544 0.00322299056
v -0.00105160425 -0.00969295652 0.00316243822
v -0.00106209864 -0.00998162213 0.00314121171
f 8644 8646 8645
v -0.00110202 -0.0102117228 0.00306462389
v -0.00106209864 -0.00998162213 0.00314121171
v -0.00114037002 -0.0101306206 0.0029990988
f 8647 8649 8648
v -0.000883712437 -0.0108447122 0.00328154129
v -0.000771441228 -0.0109305103 0.00335452569
v -0.000829920918 -0.0106167608 0.00330224684
f 8650 8652 8651
v -0.000556319083 -0.0109979417 0.00342332823
v -0.000636208961 -0.0106923602 0.0033969678
v -0.000771441228 -0.0109305103 0.00335452569
f 8653 8655 8654
v -0.000591304433 -0.00800728958 0.00375688614
v -0.000738070412 -0.00815534004 0.00364993684
v -0.00052700384 -0.00833385129 0.00375145828
f 8656 8658 8657
v -0.000519947162 -0.0111638758 0.0033996912
v -0.000518247134 -0.0111600864 0.0033913464
v -0.000536235393 -0.0111470203 0.00338986574
f 8659 8661 8660
v -0.000519947162 -0.0111638758 0.0033996912
v -0.000536235393 -0.0111470203 0.00338986574
v -0.000572944555 -0.0111259506 0.00339737417
f 8662 8664 8663
v -0.000738070412 -0.00815534004 0.00364993684
v -0.000663513947 -0.00768070968 0.00372180657
v -0.000873859881 -0.00807900433 0.0035369274
f 8665 8667 8666
v -0.00118075723 -0.00923188854 0.00279074266
v -0.00116790152 -0.00947937224 0.0027463655
v -0.00114832619 -0.009316262 0.00298163559
f 8668 8670 8669
v -0.000954870211 -0.00840392822 0.00339283215
v -0.00114613449 -0.00833918966 0.00302905082
v -0.00111314221 -0.00858843559 0.00310648356
f 8671 8673 8672
v -0.00113602582 -0.00996894596 0.00299640542
v -0.00117436384 -0.0101979465 0.00288282572
v -0.00114037002 -0.0101306206 0.0029990988
f 8674 8676 8675
v -0.0011111445 -0.0108112603 0.00309502793
v -0.00121265466 -0.0106587155 0.00296408343
v -0.0011814911 -0.0108595392 0.00298606265
f 8677 8679 8678
v -0.0011576717 -0.0108688269 0.00292109798
v -0.0011814911 -0.0108595392 0.00298606265
v -0.00124472444 -0.0108545537 0.00285378646
f 8680 8682 8681
v -0.000759644217 -0.0110592613 0.00322519336
v -0.000822436959 -0.0109842244 0.00324526845
v -0.000907724097 -0.0110085151 0.00307115479
f 8683 8685 8684
v -0.000714865837 -0.0110954636 0.00306260881
v -0.000759644217 -0.0110592613 0.00322519336
v -0.000907724097 -0.0110085151 0.00307115479
f 8686 8688 8687
v -0.000851604727 -0.0111089968 0.00257170504
v -0.000942655788 -0.0110260597 0.00292074474
v -0.00123528707 -0.0108780441 0.00273253172
f 8689 8691 8690
v -0.0011111445 -0.0108112603 0.00309502793
v -0.00111481349 -0.0105421386 0.00308904564
v -0.00121265466 -0.0106587155 0.00296408343
f 8692 8694 8693
v -0.00106952202 -0.0108525208 0.00304939895
v -0.00105881618 -0.0107783424 0.00315135694
v -0.0011111445 -0.0108112603 0.00309502793
f 8695 8697 8696
v -0.00123252039 -0.0108856722 0.00259636763
v -0.00123528707 -0.0108780441 0.00273253172
v -0.00128343263 -0.0108837092 0.00261784935
f 8698 8700 8699
v -0.000771863961 -0.0110350353 0.0033384953
v -0.000824229119 -0.0109703025 0.00331463161
v -0.000822436959 -0.0109842244 0.00324526845
f 8701 8703 8702
v -0.00121949315 -0.0103369188 0.00213571711
v -0.00121353096 -0.0104383296 0.00189901566
v -0.00124456101 -0.0105962943 0.00211601837
f 8704 8706 8705
v -0.000524626466 -0.0111934591 0.00233640385
v -0.000443414592 -0.0111842208 0.00206250807
v -0.000359543537 -0.0111887653 0.00218695095
f 8707 8709 8708
v -0.00104174323 -0.0109330744 0.00190078281
v -0.00113133538 -0.0108787659 0.0021433345
v -0.00113232363 -0.0108634202 0.00197747177
f 8710 8712 8711
v -0.00112478047 -0.00996790404 0.00232195562
v -0.00106958369 -0.00965454528 0.00214836618
v -0.00110722758 -0.00990723711 0.00215720938
f 8713 8715 8714
v -0.000357532736 -0.0111932124 0.00183460816
v -0.000548928028 -0.0111553658 0.00177531529
v -0.000292124105 -0.0111342939 0.00156171282
f 8716 8718 8717
v -0.000985505358 -0.0109018707 0.00166487898
v -0.00104174323 -0.0109330744 0.00190078281
v -0.00111868894 -0.0108167042 0.00179489161
f 8719 8721 8720
v -0.00112331682 -0.0107665357 0.00171618904
v -0.00110463816 -0.0106893851 0.00149773496
v -0.000985505358 -0.0109018707 0.00166487898
f 8722 8724 8723
v -0.000985505358 -0.0109018707 0.00166487898
v -0.00111868894 -0.0108167042 0.00179489161
v -0.00112331682 -0.0107665357 0.00171618904
f 8725 8727 8726
v -0.00104174323 -0.0109330744 0.00190078281
v -0.00113232363 -0.0108634202 0.00197747177
v -0.0011213001 -0.0108517524 0.00188817594
f 8728 8730 8729
v -0.000597832786 -0.0111448076 0.00336667181
v -0.000594747144 -0.0111303074 0.00338887112
v -0.000572944555 -0.0111259506 0.00339737417
f 8731 8733 8732
v -0.000484639713 -0.011173587 0.00340272527
v -0.000519947162 -0.0111638758 0.0033996912
v -0.000518247134 -0.0111600864 0.0033913464
f 8734 8736 8735
v -0.000555291945 -0.0111629168 0.00338125355
v -0.000519947162 -0.0111638758 0.0033996912
v -0.000572944555 -0.0111259506 0.00339737417
f 8737 8739 8738
v -0.000536235393 -0.0111470203 0.00338986574
v -0.000518247134 -0.0111600864 0.0033913464
v -0.000555291945 -0.0111629168 0.00338125355
f 8740 8742 8741
v -0.000518247134 -0.0111600864 0.0033913464
v -0.000536235393 -0.0111470203 0.00338986574
v -0.000514964404 -0.0111609377 0.00334079232
f 8743 8745 8744
v -0.000616597663 -0.0111457979 0.00336603807
v -0.000555291945 -0.0111629168 0.00338125355
v -0.000594747144 -0.0111303074 0.00338887112
f 8746 8748 8747
v -0.000642930172 -0.0111029192 0.00338246791
v -0.000572944555 -0.0111259506 0.00339737417
v -0.000484850216 -0.0111488509 0.00341538325
f 8749 8751 8750
v -0.000642930172 -0.0111029192 0.00338246791
v -0.000484850216 -0.0111488509 0.00341538325
v -0.000556319083 -0.0109979417 0.00342332823
f 8752 8754 8753
v -0.000616597663 -0.0111457979 0.00336603807
v -0.000594747144 -0.0111303074 0.00338887112
v -0.000642930172 -0.0111029192 0.00338246791
f 8755 8757 8756
v -0.000518247134 -0.0111600864 0.0033913464
v -0.000519947162 -0.0111638758 0.0033996912
v -0.000484850216 -0.0111488509 0.00341538325
f 8758 8760 8759
v -0.000161231435 -0.0111539906 0.00346763918
v -0.000161267189 -0.0111852729 0.00345804619
v -0.000141197904 -0.0111785819 0.00345316439
f 8761 8763 8762
v -0.000161231435 -0.0111539906 0.00346763918
v -0.000141197904 -0.0111785819 0.00345316439
v -0.0001133399 -0.0111754955 0.00346787492
f 8764 8766 8765
v -8.42306235e-05 -0.0111239526 0.00347568166
v -0.000120056779 -0.0111565038 0.00346320412
v -0.000102848321 -0.0111643618 0.00346514789
f 8767 8769 8768
v -8.42306235e-05 -0.0111239526 0.00347568166
v -0.000102848321 -0.0111643618 0.00346514789
v -6.23133587e-05 -0.0111568457 0.00347369059
f 8770 8772 8771
v -4.02051654e-05 -0.0107739012 0.00349811889
v -0.000206159871 -0.0108665656 0.00346256347
v -8.42306235e-05 -0.0111239526 0.00347568166
f 8773 8775 8774
v -0.000206159871 -0.0108665656 0.00346256347
v -0.000535637946 -0.0103880651 0.00343592255
v -0.000636208961 -0.0106923602 0.0033969678
f 8776 8778 8777
v -0.000342665953 -0.0111873283 0.0034316894
v -0.000484639713 -0.011173587 0.00340272527
v -0.000514964404 -0.0111609377 0.00334079232
f 8779 8781 8780
v -6.51457981e-05 -0.0111492263 0.00345079825
v -8.42306235e-05 -0.0111239526 0.00347568166
v -6.16896216e-05 -0.0111430629 0.00341089217
f 8782 8784 8783
v -0.000185775616 -0.011180919 0.00343821193
v -0.00023778216 -0.0111791218 0.00344593063
v -0.000276035257 -0.0111866808 0.00339845865
f 8785 8787 8786
v -0.000120056779 -0.0111565038 0.00346320412
v -0.000102848321 -0.0111643618 0.00346514789
v -0.000141197904 -0.0111785819 0.00345316439
f 8788 8790 8789
v -0.000102848321 -0.0111643618 0.00346514789
v -0.000120056779 -0.0111565038 0.00346320412
v -0.000102079434 -0.01115583 0.0034437413
f 8791 8793 8792
v -0.000166209463 -0.0111688423 0.00345917724
v -0.000141197904 -0.0111785819 0.00345316439
v -0.000185775616 -0.011180919 0.00343821193
f 8794 8796 8795
v -0.000102079434 -0.01115583 0.0034437413
v -6.51457981e-05 -0.0111492263 0.00345079825
v -6.23133587e-05 -0.0111568457 0.00347369059
f 8797 8799 8798
v -0.000102079434 -0.01115583 0.0034437413
v -6.23133587e-05 -0.0111568457 0.00347369059
v -0.000102848321 -0.0111643618 0.00346514789
f 8800 8802 8801
v -0.0001133399 -0.0111754955 0.00346787492
v -0.000102848321 -0.0111643618 0.00346514789
v -0.000120056779 -0.0111565038 0.00346320412
f 8803 8805 8804
v -0.0001133399 -0.0111754955 0.00346787492
v -0.000120056779 -0.0111565038 0.00346320412
v -0.000161231435 -0.0111539906 0.00346763918
f 8806 8808 8807
v 0.000499856924 -0.010854999 0.00346863671
v 0.000445820933 -0.0108800799 0.00348438552
v 0.000529625504 -0.0108385146 0.00339195904
f 8809 8811 8810
v 0.000820284822 -0.0105230036 0.00336439189
v 0.000909936443 -0.0104216429 0.00333233984
v 0.00072759949 -0.0101690886 0.00338899699
f 8812 8814 8813
v 0.000820284822 -0.0105230036 0.00336439189
v 0.00072759949 -0.0101690886 0.00338899699
v 0.00055166779 -0.0102352948 0.00343963111
f 8815 8817 8816
v -0.000161267189 -0.0111852729 0.00345804619
v -0.00023778216 -0.0111791218 0.00344593063
v -0.000185775616 -0.011180919 0.00343821193
f 8818 8820 8819
v -0.00023778216 -0.0111791218 0.00344593063
v -0.000342665953 -0.0111873283 0.0034316894
v -0.000276035257 -0.0111866808 0.00339845865
f 8821 8823 8822
v 0.000463234483 -0.0106841719 0.00348462127
v 0.000167439657 -0.0108439053 0.00352391871
v 0.000381507107 -0.0108316759 0.00349909678
f 8824 8826 8825
v 0.000188859417 -0.0109628221 0.00350633054
v 0.000167439657 -0.0108439053 0.00352391871
v 8.76649835e-05 -0.0110445748 0.00349140428
f 8827 8829 8828
v -1.09907376e-05 -0.0111254092 0.0034731409
v -6.51457981e-05 -0.0111492263 0.00345079825
v -6.16896216e-05 -0.0111430629 0.00341089217
f 8830 8832 8831
v 8.76649835e-05 -0.0110445748 0.00349140428
v -1.09907376e-05 -0.0111254092 0.0034731409
v 0.000222653966 -0.0110397581 0.0033137876
f 8833 8835 8834
v 0.000820284822 -0.0105230036 0.00336439189
v 0.000704626655 -0.010644985 0.00340556726
v 0.000741667964 -0.0106464366 0.00329276845
f 8836 8838 8837
v 0.000646735771 -0.0107284541 0.00340185798
v 0.000654440146 -0.0107160995 0.00342111889
v 0.000629832175 -0.0107390268 0.00342679705
f 8839 8841 8840
v 0.000654440146 -0.0107160995 0.00342111889
v 0.000642935856 -0.0107510583 0.00342386702
v 0.000629832175 -0.0107390268 0.00342679705
f 8842 8844 8843
v 0.000736097354 -0.00956807562 0.00350915798
v 0.00110409947 -0.00991589986 0.00327632442
v 0.00113887882 -0.00966744483 0.00331992014
f 8845 8847 8846
v 0.0014800552 -0.00991800771 0.00313772471
v 0.00110409947 -0.00991589986 0.00327632442
v 0.00142238841 -0.00999324402 0.00315670331
f 8848 8850 8849
v -0.000193918345 -0.0112082955 0.00299574349
v -0.000117844843 -0.0112475384 0.00264986957
v 8.0302982e-06 -0.0112133363 0.00294010388
f 8851 8853 8852
v 8.0302982e-06 -0.0112133363 0.00294010388
v 9.52602136e-05 -0.011217982 0.00268365329
v 0.000114348438 -0.0111820555 0.00295046411
f 8854 8856 8855
v 9.52602136e-05 -0.011217982 0.00268365329
v -0.000117844843 -0.0112475384 0.00264986957
v 0.000121281369 -0.0112052679 0.00249711939
f 8857 8859 8858
v 0.000308373842 -0.011175598 0.00196273431
v 0.000393974915 -0.0111758753 0.002030625
v 0.000248465926 -0.0111915768 0.00223059105
f 8860 8862 8861
v 0.000308373842 -0.011175598 0.00196273431
v 0.000248465926 -0.0111915768 0.00223059105
v -5.82536813e-05 -0.0112132024 0.00227478522
f 8863 8865 8864
v 0.000610628331 -0.0107854721 0.00340035476
v 0.000629832175 -0.0107390268 0.00342679705
v 0.000642935856 -0.0107510583 0.00342386702
f 8866 8868 8867
v 0.000741667964 -0.0106464366 0.00329276845
v 0.000437818608 -0.0109176508 0.00315731813
v 0.000678983633 -0.0107508771 0.0031668842
f 8869 8871 8870
v 0.000770825591 -0.0108701126 0.0028814582
v 0.00108059712 -0.0107594868 0.00247653279
v 0.000938655376 -0.0107821928 0.00272016041
f 8872 8874 8873
v 0.00115664689 -0.0105345091 0.0027277405
v 0.00108059712 -0.0107594868 0.00247653279
v 0.00119577298 -0.0105566738 0.00258400487
f 8875 8877 8876
v 0.00115664689 -0.0105345091 0.0027277405
v 0.00105664285 -0.0104973478 0.00290803546
v 0.000938655376 -0.0107821928 0.00272016041
f 8878 8880 8879
v 0.000248465926 -0.0111915768 0.00223059105
v 0.000460427827 -0.0111514659 0.00209425434
v 0.000525471705 -0.0110704153 0.00240098416
f 8881 8883 8882
v -0.000448294895 -0.00954490824 0.000412286863
v -0.000427930263 -0.00985464139 0.000331556134
v -0.000617569867 -0.00980116165 0.000504421587
f 8884 8886 8885
v -0.000448294895 -0.00954490824 0.000412286863
v -0.000617569867 -0.00980116165 0.000504421587
v -0.000574475416 -0.00957462253 0.000531966907
f 8887 8889 8888
v 0.000248465926 -0.0111915768 0.00223059105
v 0.000393974915 -0.0111758753 0.002030625
v 0.000460427827 -0.0111514659 0.00209425434
f 8890 8892 8891
v 0.000556832856 -0.0110502995 0.0026644806
v 0.000525471705 -0.0110704153 0.00240098416
v 0.000741014946 -0.0109597233 0.00219697467
f 8893 8895 8894
v -0.000759644217 -0.0110592613 0.00322519336
v -0.000714865837 -0.0110954636 0.00306260881
v -0.000602493765 -0.0111369802 0.00296169037
f 8896 8898 8897
v -0.000720327353 -0.0111549853 0.00266294301
v -0.000721739934 -0.0111719302 0.00257465654
v -0.000355846896 -0.0112168847 0.00256216154
f 8899 8901 8900
v -0.000355846896 -0.0112168847 0.00256216154
v -0.000721739934 -0.0111719302 0.00257465654
v -0.000524626466 -0.0111934591 0.00233640385
f 8902 8904 8903
v -5.82536813e-05 -0.0112132024 0.00227478522
v -0.000359543537 -0.0111887653 0.00218695095
v -2.92503131e-05 -0.0111412213 0.00193421838
f 8905 8907 8906
v -0.000925983477 -0.00998869 0.00125344886
v -0.00107773267 -0.0102776081 0.00139008662
v -0.000996507151 -0.00994757866 0.00150227916
f 8908 8910 8909
v -0.000292124105 -0.0111342939 0.00156171282
v -0.000548928028 -0.0111553658 0.00177531529
v -0.000404208049 -0.0111135174 0.00151623499
f 8911 8913 8912
v -0.000404208049 -0.0111135174 0.00151623499
v -0.000471467638 -0.010961989 0.00125387705
v -0.000223216466 -0.0110838286 0.00144878886
f 8914 8916 8915
v -0.000404208049 -0.0111135174 0.00151623499
v -0.000681434722 -0.0109609129 0.0014018653
v -0.000471467638 -0.010961989 0.00125387705
f 8917 8919 8918
v -0.000681434722 -0.0109609129 0.0014018653
v -0.000918389105 -0.0107396161 0.00101149444
v -0.000701051022 -0.0108433152 0.00101472133
f 8920 8922 8921
v -0.000471467638 -0.010961989 0.00125387705
v -0.000701051022 -0.0108433152 0.00101472133
v -0.000572956742 -0.0108105596 0.000833158992
f 8923 8925 8924
v -0.000681434722 -0.0109609129 0.0014018653
v -0.000701051022 -0.0108433152 0.00101472133
v -0.000471467638 -0.010961989 0.00125387705
f 8926 8928 8927
v -0.000572956742 -0.0108105596 0.000833158992
v -0.000701051022 -0.0108433152 0.00101472133
v -0.000713159488 -0.0107269341 0.000667339646
f 8929 8931 8930
v -0.000736588072 -0.00983925129 0.000678841297
v -0.000869384985 -0.0101434161 0.000735964386
v -0.000826673295 -0.00991697671 0.000907976846
f 8932 8934 8933
v -0.000682696646 -0.0106340856 0.000395300594
v -0.00072937637 -0.010624381 0.000474808348
v -0.000773579814 -0.0105422318 0.000438566622
f 8935 8937 8936
v -0.000682696646 -0.0106340856 0.000395300594
v -0.000592001788 -0.0106640073 0.000434744561
v -0.00072937637 -0.010624381 0.000474808348
f 8938 8940 8939
v -0.000521110405 -0.0106000894 0.000331804608
v -0.000682696646 -0.0106340856 0.000395300594
v -0.000652643075 -0.0105345825 0.000349033894
f 8941 8943 8942
v -0.000719471836 -0.0103134145 0.000381223458
v -0.000652643075 -0.0105345825 0.000349033894
v -0.000773579814 -0.0105422318 0.000438566622
f 8944 8946 8945
v -0.000183502311 -0.00903531691 0.000200612908
v -0.000101474723 -0.00872566161 0.000116298736
v -1.94851481e-05 -0.00911124735 0.000171763543
f 8947 8949 8948
v -0.00041403373 -0.00925750792 0.000364528591
v -0.000267587347 -0.00884018373 0.000205988385
v -0.000183502311 -0.00903531691 0.000200612908
f 8950 8952 8951
v -0.000287248963 -0.00995637092 0.000238584857
v -0.000285830743 -0.00953804993 0.000292704158
v -0.000124142048 -0.00976022129 0.000197923532
f 8953 8955 8954
v 0.00151358554 -0.010486682 0.00166585905
v 0.00154100326 -0.0104524901 0.00194970562
v 0.00136362969 -0.0106606465 0.00202416431
f 8956 8958 8957
v 0.00151358554 -0.010486682 0.00166585905
v 0.00136362969 -0.0106606465 0.00202416431
v 0.00131364486 -0.0107314911 0.0018367331
f 8959 8961 8960
v -0.00109604489 -0.0104152168 0.00133867925
v -0.00107773267 -0.0102776081 0.00139008662
v -0.00104323799 -0.0103971681 0.00110646497
f 8962 8964 8963
v 0.00153749697 -0.00987527819 0.00311771109
v 0.0014800552 -0.00991800771 0.00313772471
v 0.00152957582 -0.00993052017 0.00311721087
f 8965 8967 8966
v 0.00152957582 -0.00993052017 0.00311721087
v 0.0014800552 -0.00991800771 0.00313772471
v 0.00151667145 -0.00993188078 0.00307701557
f 8968 8970 8969
v 0.00151667145 -0.00993188078 0.00307701557
v 0.00153749697 -0.00987527819 0.00311771109
v 0.00152957582 -0.00993052017 0.00311721087
f 8971 8973 8972
v 0.00151667145 -0.00993188078 0.00307701557
v 0.00140528564 -0.0100522746 0.00303238485
v 0.00153059154 -0.0100209661 0.00289997079
f 8974 8976 8975
v 0.00181009091 -0.00966623775 0.00295507034
v 0.00176246413 -0.00968806562 0.00298953855
v 0.00165899673 -0.00989711698 0.00284297421
f 8977 8979 8978
v 0.00140528564 -0.0100522746 0.00303238485
v 0.00137697743 -0.0103070037 0.00278485022
v 0.00153059154 -0.0100209661 0.00289997079
f 8980 8982 8981
v 0.00137697743 -0.0103070037 0.00278485022
v 0.00115664689 -0.0105345091 0.0027277405
v 0.00141634337 -0.0103289218 0.00269192169
f 8983 8985 8984
v 0.00136362969 -0.0106606465 0.00202416431
v 0.00166923764 -0.0102286722 0.0022463084
v 0.00146802049 -0.0104756276 0.0021950078
f 8986 8988 8987
v 0.00164371613 -0.0102957383 0.00200673203
v 0.00164017347 -0.0102849088 0.00178017181
v 0.00181914438 -0.0101315214 0.00195673238
f 8989 8991 8990
v 0.00114735549 -0.0107807966 0.00229399848
v 0.00108059712 -0.0107594868 0.00247653279
v 0.000971158988 -0.0108759683 0.00233148967
f 8992 8994 8993
v 0.00136362969 -0.0106606465 0.00202416431
v 0.00146802049 -0.0104756276 0.0021950078
v 0.00114735549 -0.0107807966 0.00229399848
f 8995 8997 8996
v 0.00136362969 -0.0106606465 0.00202416431
v 0.00114735549 -0.0107807966 0.00229399848
v 0.00109668608 -0.0108573229 0.00211144306
f 8998 9000 8999
v 0.000646677427 -0.0109932269 0.00179095005
v 0.000744176805 -0.0109466688 0.00176194044
v 0.000758276383 -0.0109416207 0.00199769274
f 9001 9003 9002
v 0.000744176805 -0.0109466688 0.00176194044
v 0.000646677427 -0.0109932269 0.00179095005
v 0.000567052393 -0.010965018 0.00161141288
f 9004 9006 9005
v 0.00113743818 -0.0108343789 0.00181934738
v 0.00109668608 -0.0108573229 0.00211144306
v 0.0010423968 -0.0108730739 0.00175028545
f 9007 9009 9008
v 0.00131364486 -0.0107314911 0.0018367331
v 0.00127582589 -0.0107379521 0.00170533203
v 0.00140851189 -0.0105287982 0.00141986657
f 9010 9012 9011
v 0.00162227116 -0.0101091682 0.000777750665
v 0.00174332417 -0.0100393117 0.000864048525
v 0.00166042628 -0.0102113489 0.00103462362
f 9013 9015 9014
v 0.00162227116 -0.0101091682 0.000777750665
v 0.00166042628 -0.0102113489 0.00103462362
v 0.00152955054 -0.0103067672 0.000991125216
f 9016 9018 9017
v 0.000959757381 -0.0108039123 0.00141754099
v 0.000898915459 -0.0108693894 0.00150425403
v 0.000823019036 -0.0108503431 0.00141596011
f 9019 9021 9020
v 0.00127582589 -0.0107379521 0.00170533203
v 0.0010423968 -0.0108730739 0.00175028545
v 0.000898915459 -0.0108693894 0.00150425403
f 9022 9024 9023
v 0.00119339275 -0.0105744868 0.00129941564
v 0.00113007009 -0.010679369 0.00140546417
v 0.000879849995 -0.0105121304 0.000982818347
f 9025 9027 9026
v 0.00244755101 -0.00926001157 0.00207727589
v 0.00236533269 -0.00933727497 0.0022398679
v 0.00239965466 -0.00935567223 0.002121324
f 9028 9030 9029
v 0.00230822607 -0.0096328753 0.00190880419
v 0.00236750111 -0.00944897693 0.00170063377
v 0.00237544464 -0.00951105249 0.00194300283
f 9031 9033 9032
v 0.0022684595 -0.00968649401 0.00196655983
v 0.00206051063 -0.00982945639 0.00192092702
v 0.00209517002 -0.00978891403 0.00170018302
f 9034 9036 9035
v 0.00209517002 -0.00978891403 0.00170018302
v 0.00206051063 -0.00982945639 0.00192092702
v 0.00197096524 -0.00994071306 0.00151118384
f 9037 9039 9038
v 0.00251755846 -0.00907062786 0.00184911332
v 0.00251545007 -0.0090685302 0.00184948603
v 0.00251259517 -0.00907422291 0.00184999262
f 9040 9042 9041
v 0.00252384652 -0.00905723864 0.001827696
v 0.00251755846 -0.00907062786 0.00184911332
v 0.0025244668 -0.00913256154 0.00175271307
f 9043 9045 9044
v 0.0025122863 -0.00908987204 0.00190560095
v 0.00251545007 -0.0090685302 0.00184948603
v 0.00252384652 -0.00905723864 0.001827696
f 9046 9048 9047
v 0.0025244668 -0.00913256154 0.00175271307
v 0.00251259517 -0.00907422291 0.00184999262
v 0.00246090585 -0.0091706941 0.00178043138
f 9049 9051 9050
v 0.00246090585 -0.0091706941 0.00178043138
v 0.0023874798 -0.00938915109 0.00154189984
v 0.00248280739 -0.0092133203 0.00163174973
f 9052 9054 9053
v 0.00246281143 -0.00926190187 0.00153827405
v 0.00248280739 -0.0092133203 0.00163174973
v 0.0023874798 -0.00938915109 0.00154189984
f 9055 9057 9056
v 0.00250720659 -0.00917396537 0.00171654028
v 0.00246090585 -0.0091706941 0.00178043138
v 0.00248280739 -0.0092133203 0.00163174973
f 9058 9060 9059
v 0.00209517002 -0.00978891403 0.00170018302
v 0.00204952867 -0.00976181254 0.0013172431
v 0.00218400146 -0.00968674285 0.00166150639
f 9061 9063 9062
v 0.00144582582 -0.0104297324 0.00117176987
v 0.00140851189 -0.0105287982 0.00141986657
v 0.00119339275 -0.0105744868 0.00129941564
f 9064 9066 9065
v 0.00162224133 -0.00997412862 0.000447477123
v 0.00149432144 -0.0101415637 0.000726120379
v 0.00127754392 -0.0102070982 0.000732575245
f 9067 9069 9068
v 0.00123443879 -0.0100422876 0.000438892766
v 0.00127754392 -0.0102070982 0.000732575245
v 0.00105692961 -0.0101869817 0.000525885662
f 9070 9072 9071
v 0.00118753915 -0.00990876142 0.000287098214
v 0.00105692961 -0.0101869817 0.000525885662
v 0.000911600455 -0.0101904145 0.000487571015
f 9073 9075 9074
v 0.00155932339 -0.00981808771 0.000312721045
v 0.00162224133 -0.00997412862 0.000447477123
v 0.00146586008 -0.00992457135 0.000357271915
f 9076 9078 9077
v 0.00162224133 -0.00997412862 0.000447477123
v 0.00127754392 -0.0102070982 0.000732575245
v 0.00123443879 -0.0100422876 0.000438892766
f 9079 9081 9080
v 0.00189260154 -0.00980793775 0.00103136026
v 0.00185484059 -0.00996741073 0.00127137009
v 0.00174332417 -0.0100393117 0.000864048525
f 9082 9084 9083
v 0.00244222247 -0.00931043178 0.00144915166
v 0.00250587254 -0.00933061747 0.00147846004
v 0.00251150032 -0.00929497182 0.00151611493
f 9085 9087 9086
v 0.00244222247 -0.00931043178 0.00144915166
v 0.00251150032 -0.00929497182 0.00151611493
v 0.00250326775 -0.00928519512 0.00151817221
f 9088 9090 9089
v 0.00174332417 -0.0100393117 0.000864048525
v 0.00170711646 -0.0101935068 0.00117693462
v 0.00166042628 -0.0102113489 0.00103462362
f 9091 9093 9092
v 0.00174332417 -0.0100393117 0.000864048525
v 0.00162227116 -0.0101091682 0.000777750665
v 0.00179744256 -0.00995430091 0.000603430817
f 9094 9096 9095
v 0.0019260855 -0.0098332559 0.000735291269
v 0.00179744256 -0.00995430091 0.000603430817
v 0.0019693076 -0.0097406155 0.000629691203
f 9097 9099 9098
v 0.0019693076 -0.0097406155 0.000629691203
v 0.00179303333 -0.00991350753 0.000520056165
v 0.00185216049 -0.00981535777 0.000502038802
f 9100 9102 9101
v 0.00214394659 -0.00956773074 0.000902403644
v 0.00205983051 -0.00964463034 0.000921511855
v 0.00206486493 -0.00962873964 0.000814992381
f 9103 9105 9104
v 0.00205983051 -0.00964463034 0.000921511855
v 0.00196657275 -0.00973536808 0.00108747463
v 0.00189260154 -0.00980793775 0.00103136026
f 9106 9108 9107
v 0.0019260855 -0.0098332559 0.000735291269
v 0.00189260154 -0.00980793775 0.00103136026
v 0.00180420702 -0.00995937735 0.000808919776
f 9109 9111 9110
v 0.00175043369 -0.00983277496 0.000408914184
v 0.00179303333 -0.00991350753 0.000520056165
v 0.00162224133 -0.00997412862 0.000447477123
f 9112 9114 9113
v 0.00179303333 -0.00991350753 0.000520056165
v 0.00179744256 -0.00995430091 0.000603430817
v 0.0016676393 -0.0100141282 0.000548815206
f 9115 9117 9116
v 0.00251407182 -0.00920370076 0.00161260614
v 0.00251988586 -0.0092525217 0.00161103835
v 0.00251263409 -0.0092799688 0.00155170528
f 9118 9120 9119
v 0.00249899258 -0.00932858529 0.00137046145
v 0.00250587254 -0.00933061747 0.00147846004
v 0.00249046807 -0.00937085133 0.00136552389
f 9121 9123 9122
v 0.00250326775 -0.00928519512 0.00151817221
v 0.00251150032 -0.00929497182 0.00151611493
v 0.00251337697 -0.00932237963 0.00157208997
f 9124 9126 9125
v 0.00250326775 -0.00928519512 0.00151817221
v 0.00251337697 -0.00932237963 0.00157208997
v 0.00249902423 -0.00930045499 0.00155732814
f 9127 9129 9128
v 0.00250587254 -0.00933061747 0.00147846004
v 0.00251263409 -0.0092799688 0.00155170528
v 0.00250326775 -0.00928519512 0.00151817221
f 9130 9132 9131
v 0.00246281143 -0.00926190187 0.00153827405
v 0.00249902423 -0.00930045499 0.00155732814
v 0.00251263409 -0.0092799688 0.00155170528
f 9133 9135 9134
v 0.00246281143 -0.00926190187 0.00153827405
v 0.00251263409 -0.0092799688 0.00155170528
v 0.00248874221 -0.0092561153 0.00158747771
f 9136 9138 9137
v -0.000822436959 -0.0109842244 0.00324526845
v -0.000759644217 -0.0110592613 0.00322519336
v -0.000705438379 -0.0111109512 0.00334259203
f 9139 9141 9140
v -0.000822436959 -0.0109842244 0.00324526845
v -0.000705438379 -0.0111109512 0.00334259203
v -0.000771863961 -0.0110350353 0.0033384953
f 9142 9144 9143
v 0.00249902423 -0.00930045499 0.00155732814
v 0.00248874221 -0.0092561153 0.00158747771
v 0.00251263409 -0.0092799688 0.00155170528
f 9145 9147 9146
v 0.00251337697 -0.00932237963 0.00157208997
v 0.00248874221 -0.0092561153 0.00158747771
v 0.00249902423 -0.00930045499 0.00155732814
f 9148 9150 9149
v 0.0025244668 -0.00913256154 0.00175271307
v 0.0025181349 -0.00919446029 0.00164708872
v 0.00251407182 -0.00920370076 0.00161260614
f 9151 9153 9152
v 0.00250587254 -0.00933061747 0.00147846004
v 0.00244222247 -0.00931043178 0.00144915166
v 0.00242932219 -0.00935565695 0.00136270673
f 9154 9156 9155
v 0.00249046807 -0.00937085133 0.00136552389
v 0.00250587254 -0.00933061747 0.00147846004
v 0.00242932219 -0.00935565695 0.00136270673
f 9157 9159 9158
v 0.00239145938 -0.0094338131 0.00116720685
v 0.00247300122 -0.0093745155 0.00126036175
v 0.00242932219 -0.00935565695 0.00136270673
f 9160 9162 9161
v 0.00152831726 -0.0104145744 0.00130280632
v 0.00131364486 -0.0107314911 0.0018367331
v 0.00140851189 -0.0105287982 0.00141986657
f 9163 9165 9164
v 0.00250720659 -0.00917396537 0.00171654028
v 0.00248280739 -0.0092133203 0.00163174973
v 0.0025181349 -0.00919446029 0.00164708872
f 9166 9168 9167
v 0.000443054478 -0.0111050467 0.00181391861
v 0.000126236205 -0.0110899724 0.001715703
v 0.000188150568 -0.0110094697 0.00154218815
f 9169 9171 9170
v 0.000567052393 -0.010965018 0.00161141288
v 0.000188150568 -0.0110094697 0.00154218815
v 0.000330146167 -0.0108243388 0.0012922239
f 9172 9174 9173
v -0.000341316945 -0.0109640459 0.00124190892
v -0.000180293819 -0.0108181979 0.000930195711
v -0.000100399461 -0.0108922352 0.00119912711
f 9175 9177 9176
v 0.000567052393 -0.010965018 0.00161141288
v 0.000330146167 -0.0108243388 0.0012922239
v 0.000823019036 -0.0108503431 0.00141596011
f 9178 9180 9179
v -0.000495429049 -0.0107232743 0.000542556791
v -0.000420596325 -0.0106121559 0.000345802459
v -0.000409490031 -0.0107306245 0.000595535766
f 9181 9183 9182
v -0.000289709419 -0.0106396903 0.000494312917
v -0.000420596325 -0.0106121559 0.000345802459
v -0.000314521549 -0.0105271625 0.000242343435
f 9184 9186 9185
v -0.000289709419 -0.0106396903 0.000494312917
v -0.000409490031 -0.0107306245 0.000595535766
v -0.000420596325 -0.0106121559 0.000345802459
f 9187 9189 9188
v -0.000427526038 -0.0106245468 0.000295451923
v -0.000420596325 -0.0106121559 0.000345802459
v -0.000521110405 -0.0106000894 0.000331804608
f 9190 9192 9191
v 0.000911600455 -0.0101904145 0.000487571015
v 0.000600156773 -0.0102759892 0.000588413968
v 0.000704787954 -0.010030908 0.000344959176
f 9193 9195 9194
v 0.000583162682 -0.0100131387 0.000312651196
v 0.000600156773 -0.0102759892 0.000588413968
v 0.000375570812 -0.0104844454 0.000754886514
f 9196 9198 9197
v 0.000808945515 -0.00951573384 9.94392508e-05
v 0.00090788335 -0.00967862798 0.00013731825
v 0.000558122383 -0.00965849613 0.000116061722
f 9199 9201 9200
v 0.000808945515 -0.00951573384 9.94392508e-05
v 0.000558122383 -0.00965849613 0.000116061722
v 0.000663626633 -0.00949451569 7.32250669e-05
f 9202 9204 9203
v 0.000499121097 -0.009743603 0.000148957963
v 0.000281126927 -0.0100102865 0.000215045497
v 0.000255357759 -0.0099115161 0.00013354221
f 9205 9207 9206
v 0.000499121097 -0.009743603 0.000148957963
v 0.000255357759 -0.0099115161 0.00013354221
v 0.000365464234 -0.00982499405 0.000120154994
f 9208 9210 9209
v 0.000281126927 -0.0100102865 0.000215045497
v 0.00014276028 -0.0100342048 0.000151039069
v 0.000255357759 -0.0099115161 0.00013354221
f 9211 9213 9212
v 0.000558122383 -0.00965849613 0.000116061722
v 0.000499121097 -0.009743603 0.000148957963
v 0.00050955332 -0.00967831438 9.27757526e-05
f 9214 9216 9215
v -9.46450712e-05 -0.0104977575 0.000445725436
v -0.000314521549 -0.0105271625 0.000242343435
v -6.76192997e-05 -0.0102471415 0.00017915155
f 9217 9219 9218
v 0.0014800552 -0.00991800771 0.00313772471
v 0.00142238841 -0.00999324402 0.00315670331
v 0.00151667145 -0.00993188078 0.00307701557
f 9220 9222 9221
v 0.00109265629 -0.00187009227 0.00314091485
v 0.0011497933 -0.0018527111 0.00311237745
v 0.0010506863 -0.001861077 0.00311014446
f 9223 9225 9224
v 0.00109265629 -0.00187009227 0.00314091485
v 0.0010506863 -0.001861077 0.00311014446
v 0.00107740061 -0.00187065616 0.00313300952
f 9226 9228 9227
v -0.000427526038 -0.0106245468 0.000295451923
v -0.000652643075 -0.0105345825 0.000349033894
v -0.000434315416 -0.0104591745 0.000246893092
f 9229 9231 9230
v -0.000771863961 -0.0110350353 0.0033384953
v -0.000771441228 -0.0109305103 0.00335452569
v -0.000824229119 -0.0109703025 0.00331463161
f 9232 9234 9233
v -0.000771441228 -0.0109305103 0.00335452569
v -0.000883712437 -0.0108447122 0.00328154129
v -0.000824229119 -0.0109703025 0.00331463161
f 9235 9237 9236
v 0.000898915459 -0.0108693894 0.00150425403
v 0.000567052393 -0.010965018 0.00161141288
v 0.000823019036 -0.0108503431 0.00141596011
f 9238 9240 9239
v 0.000383544148 -0.00236340948 0.0034235487
v 0.000333238017 -0.00257932716 0.00346208908
v 0.000772146177 -0.00300680767 0.00344793734
f 9241 9243 9242
v 0.000259121862 -0.00241021789 0.00343212232
v 0.000383544148 -0.00236340948 0.0034235487
v 0.000444914031 -0.00229310808 0.00339791331
f 9244 9246 9245
v -0.000192154289 -0.00268808744 0.00336307166
v -1.09672243e-05 -0.00260547058 0.00345205917
v 9.1825649e-05 -0.00252926147 0.0034434921
f 9247 9249 9248
v 9.1825649e-05 -0.00252926147 0.0034434921
v 0.000216994454 -0.002447724 0.0034433062
v 0.000259121862 -0.00241021789 0.00343212232
f 9250 9252 9251
v 0.00014305781 -0.00217876732 0.00286601025
v -0.000192154289 -0.00268808744 0.00336307166
v 0.000270143482 -0.00221989449 0.00317033082
f 9253 9255 9254
v 0.000867623658 -0.00200144605 0.00325070796
v 0.000880352763 -0.0020051617 0.00324668072
v 0.000865413676 -0.00200552786 0.00323828572
f 9256 9258 9257
v 0.000865413676 -0.00200552786 0.00323828572
v 0.000880352763 -0.0020051617 0.00324668072
v 0.000931164959 -0.00196099227 0.00321791485
f 9259 9261 9260
v 0.000899582574 -0.00204300686 0.00324413559
v 0.000865413676 -0.00200552786 0.00323828572
v 0.000863543391 -0.00201590046 0.00325990477
f 9262 9264 9263
v 0.000931164959 -0.00196099227 0.00321791485
v 0.000880352763 -0.0020051617 0.00324668072
v 0.000899582574 -0.00204300686 0.00324413559
f 9265 9267 9266
v 0.000931164959 -0.00196099227 0.00321791485
v 0.000994459151 -0.00190779301 0.00318388411
v 0.000970722886 -0.0018602308 0.003031694
f 9268 9270 9269
v 0.000994459151 -0.00190779301 0.00318388411
v 0.000931164959 -0.00196099227 0.00321791485
v 0.000899582574 -0.00204300686 0.00324413559
f 9271 9273 9272
v 0.000994459151 -0.00190779301 0.00318388411
v 0.00106552543 -0.00188632639 0.00315541984
v 0.00106254129 -0.00186148118 0.00315562647
f 9274 9276 9275
v 0.00106254129 -0.00186148118 0.00315562647
v 0.00109265629 -0.00187009227 0.00314091485
v 0.00107740061 -0.00187065616 0.00313300952
f 9277 9279 9278
v 0.000626997053 -0.00217923553 0.00333464377
v 0.000618535387 -0.0021870339 0.00334438555
v 0.000619354569 -0.00217724591 0.00334718752
f 9280 9282 9281
v 0.000626997053 -0.00217923553 0.00333464377
v 0.000619354569 -0.00217724591 0.00334718752
v 0.000610574443 -0.00215994551 0.00332119016
f 9283 9285 9284
v 0.0010506863 -0.001861077 0.00311014446
v 0.0011497933 -0.0018527111 0.00311237745
v 0.00124378012 -0.00180939242 0.00307784758
f 9286 9288 9287
v 0.0011497933 -0.0018527111 0.00311237745
v 0.00109265629 -0.00187009227 0.00314091485
v 0.00113364504 -0.00189430884 0.00312441662
f 9289 9291 9290
v 0.0010506863 -0.001861077 0.00311014446
v 0.00124378012 -0.00180939242 0.00307784758
v 0.00134557267 -0.00177856491 0.00304273799
f 9292 9294 9293
v 0.00141165174 -0.00175893692 0.00290063326
v 0.00154829213 -0.00176815411 0.00290618045
v 0.00153751535 -0.00173291737 0.00281696957
f 9295 9297 9296
v 0.00113364504 -0.00189430884 0.00312441662
v 0.00107740061 -0.00187065616 0.00313300952
v 0.00106552543 -0.00188632639 0.00315541984
f 9298 9300 9299
v 0.000970722886 -0.0018602308 0.003031694
v 0.00106254129 -0.00186148118 0.00315562647
v 0.0010506863 -0.001861077 0.00311014446
f 9301 9303 9302
v 0.000650013953 -0.00217049492 0.00334400465
v 0.000606334515 -0.00220206784 0.00335301265
v 0.000751087327 -0.00229369944 0.00331375559
f 9304 9306 9305
v 0.000610574443 -0.00215994551 0.00332119016
v 0.000618535387 -0.0021870339 0.00334438555
v 0.000626997053 -0.00217923553 0.00333464377
f 9307 9309 9308
v 0.00202562023 -0.00160412856 0.00134044021
v 0.0020420217 -0.00160333693 0.00131986535
v 0.00204018143 -0.00160938507 0.00128517386
f 9310 9312 9311
v 0.00202562023 -0.00160412856 0.00134044021
v 0.00204018143 -0.00160938507 0.00128517386
v 0.00195625871 -0.00160384116 0.0013326925
f 9313 9315 9314
v 0.000626997053 -0.00217923553 0.00333464377
v 0.000618535387 -0.0021870339 0.00334438555
v 0.000606334515 -0.00220206784 0.00335301265
f 9316 9318 9317
v 0.000706264609 -0.00210921789 0.00332531235
v 0.000799175814 -0.00204904536 0.00329466384
v 0.000808775076 -0.00198995949 0.00319827086
f 9319 9321 9320
v 0.000799175814 -0.00204904536 0.00329466384
v 0.00094807765 -0.0022453909 0.00323660061
v 0.000899582574 -0.00204300686 0.00324413559
f 9322 9324 9323
v 0.000618535387 -0.0021870339 0.00334438555
v 0.000650013953 -0.00217049492 0.00334400465
v 0.000619354569 -0.00217724591 0.00334718752
f 9325 9327 9326
v 0.000610574443 -0.00215994551 0.00332119016
v 0.000650013953 -0.00217049492 0.00334400465
v 0.000706264609 -0.00210921789 0.00332531235
f 9328 9330 9329
v 0.000650013953 -0.00217049492 0.00334400465
v 0.000618535387 -0.0021870339 0.00334438555
v 0.000626997053 -0.00217923553 0.00333464377
f 9331 9333 9332
v 0.000808775076 -0.00198995949 0.00319827086
v 0.000970722886 -0.0018602308 0.003031694
v 0.000536224343 -0.00198903108 0.00303927918
f 9334 9336 9335
v 0.000332106015 -0.00203080617 0.00278036387
v 0.00014305781 -0.00217876732 0.00286601025
v 0.000536224343 -0.00198903108 0.00303927918
f 9337 9339 9338
v 0.00094807765 -0.0022453909 0.00323660061
v 0.00116086348 -0.00256920375 0.00319700703
v 0.0013836433 -0.00257757783 0.00305670073
f 9340 9342 9341
v 0.000788948 -0.00183398333 0.00279410069
v 0.000791793991 -0.00185393837 0.00292226941
v 0.000969805023 -0.00180316474 0.00281319699
f 9343 9345 9344
v 0.0012132241 -0.00174800025 0.00253477647
v 0.000788948 -0.00183398333 0.00279410069
v 0.000969805023 -0.00180316474 0.00281319699
f 9346 9348 9347
v 0.000610574443 -0.00215994551 0.00332119016
v 0.000519762943 -0.00223947736 0.00337382953
v 0.000606334515 -0.00220206784 0.00335301265
f 9349 9351 9350
v -0.00114757686 -0.00364194384 0.00303813467
v -0.00097983293 -0.00348261783 0.00321574698
v -0.00102880358 -0.00341856648 0.00297962215
f 9352 9354 9353
v -0.000192154289 -0.00268808744 0.00336307166
v -0.000295039786 -0.00246951076 0.00276714272
v -0.000380828533 -0.00268633066 0.0030697669
f 9355 9357 9356
v -0.000518078741 -0.00265454655 0.00260210691
v -0.000653727193 -0.00286693175 0.00281572757
v -0.000295039786 -0.00246951076 0.00276714272
f 9358 9360 9359
v -0.000952159462 -0.00329108807 0.00273910118
v -0.000653727193 -0.00286693175 0.00281572757
v -0.000832989735 -0.00306968614 0.00250688609
f 9361 9363 9362
v -0.000518078741 -0.00265454655 0.00260210691
v -0.000832989735 -0.00306968614 0.00250688609
v -0.000653727193 -0.00286693175 0.00281572757
f 9364 9366 9365
v -0.00129469645 -0.00390061032 0.00268228068
v -0.00130038716 -0.00387515538 0.00277549625
v -0.00127797612 -0.00381073623 0.00268636777
f 9367 9369 9368
v -0.00131439738 -0.00386478678 0.00255082232
v -0.00129469645 -0.00390061032 0.00268228068
v -0.00127797612 -0.00381073623 0.00268636777
f 9370 9372 9371
v -0.00121661888 -0.00415178038 0.00267660762
v -0.00119074866 -0.00423178681 0.00228275348
v -0.00116445508 -0.00441185184 0.00238255743
f 9373 9375 9374
v -0.00124513335 -0.00378603327 0.00171148149
v -0.00110817064 -0.00346865818 0.00214255178
v -0.00112419557 -0.0035604633 0.00155715406
f 9376 9378 9377
v -0.000832989735 -0.00306968614 0.00250688609
v -0.000445010801 -0.00257303709 0.00235850603
v -0.000592920469 -0.00283232948 0.00202587034
f 9379 9381 9380
v -7.45967441e-05 -0.00231793929 0.00163338445
v -0.000324690586 -0.0024761468 0.00198023081
v -0.000240675399 -0.00237943987 0.00207583216
f 9382 9384 9383
v -7.45967441e-05 -0.00231793929 0.00163338445
v -0.000240675399 -0.00237943987 0.00207583216
v -5.60697572e-05 -0.00225948424 0.00204542957
f 9385 9387 9386
v -0.00101555434 -0.00333717035 0.00184583714
v -0.000965510299 -0.00326293411 0.00225315998
v -0.000592920469 -0.00283232948 0.00202587034
f 9388 9390 9389
v -0.000319640867 -0.00262543417 0.00142722056
v -7.48846219e-05 -0.00244696494 0.00125201805
v -0.000437955032 -0.00277904383 0.00115880393
f 9391 9393 9392
v -0.00100838251 -0.00339165999 0.00102351096
v -0.00064394967 -0.00303833076 0.00102719114
v -0.000861315493 -0.00327965281 0.000780381652
f 9394 9396 9395
v -0.000518078741 -0.00265454655 0.00260210691
v -0.000295039786 -0.00246951076 0.00276714272
v -0.000281178586 -0.00241221514 0.00261003333
f 9397 9399 9398
v 0.000952778919 -0.00372791728 0.00365345477
v 0.00103859102 -0.0039725277 0.0037271886
v 0.00109238599 -0.00375805103 0.00359672995
f 9400 9402 9401
v 0.00229664111 -0.00388215158 0.00302389926
v 0.00215908603 -0.00405210449 0.0031674801
v 0.00234656491 -0.00409385357 0.00302171065
f 9403 9405 9404
v 0.00225290041 -0.00411936599 0.00310393225
v 0.00230750575 -0.00427328487 0.00305152607
v 0.00239973579 -0.0042519725 0.00293412704
f 9406 9408 9407
v 0.00159606516 -0.00173073404 0.00285779206
v 0.00164336398 -0.00180600018 0.00283861864
v 0.00163067925 -0.00179076869 0.00279155465
f 9409 9411 9410
v 0.00155016969 -0.00175091518 0.00275670791
v 0.00163067925 -0.00179076869 0.00279155465
v 0.00162653905 -0.00176657613 0.00268275435
f 9412 9414 9413
v 0.00153751535 -0.00173291737 0.00281696957
v 0.00163067925 -0.00179076869 0.00279155465
v 0.00155016969 -0.00175091518 0.00275670791
f 9415 9417 9416
v 0.00163067925 -0.00179076869 0.00279155465
v 0.00164336398 -0.00180600018 0.00283861864
v 0.00168087518 -0.00181949272 0.00277034269
f 9418 9420 9419
v 0.00168087518 -0.00181949272 0.00277034269
v 0.00162653905 -0.00176657613 0.00268275435
v 0.00163067925 -0.00179076869 0.00279155465
f 9421 9423 9422
v 0.00197258269 -0.00164560552 0.00238993489
v 0.00196585479 -0.00164085359 0.00241676789
v 0.00208944039 -0.001792482 0.00226515349
f 9424 9426 9425
v 0.000706312539 -0.00187691367 0.00193589476
v 0.000504774289 -0.00196337078 0.00210797298
v 0.000805041236 -0.00182895346 0.00205474189
f 9427 9429 9428
v 0.00167774051 -0.00162762717 0.00186529287
v 0.00162432152 -0.00167929193 0.00225386539
v 0.00196542151 -0.00162797842 0.00204935241
f 9430 9432 9431
v 0.000995604478 -0.00183105203 0.00149833031
v 0.00142275148 -0.00169014129 0.00183341981
v 0.00131467841 -0.00174841807 0.00159597876
f 9433 9435 9434
v 0.00208779129 -0.00162576362 0.00172445707
v 0.00207597604 -0.001599405 0.00173375902
v 0.00207212179 -0.00161001481 0.00178503724
f 9436 9438 9437
v 0.00207375269 -0.00158017247 0.00168028164
v 0.0020586529 -0.00159844058 0.00171714564
v 0.00208779129 -0.00162576362 0.00172445707
f 9439 9441 9440
v 0.00188034246 -0.00161329754 0.00155180987
v 0.00207212179 -0.00161001481 0.00178503724
v 0.0020554091 -0.00156296119 0.00163289715
f 9442 9444 9443
v 0.00204927474 -0.00157669529 0.00141650653
v 0.00205291726 -0.00163312507 0.00132546902
v 0.00204698663 -0.00159139236 0.00135522259
f 9445 9447 9446
v 0.00204018143 -0.00160938507 0.00128517386
v 0.0020420217 -0.00160333693 0.00131986535
v 0.00205291726 -0.00163312507 0.00132546902
f 9448 9450 9449
v 0.00147290784 -0.00200671966 0.000403513513
v 0.00144251635 -0.00203143791 0.000329869545
v 0.0014236708 -0.00204027601 0.000315078614
f 9451 9453 9452
v 0.00147290784 -0.00200671966 0.000403513513
v 0.0014236708 -0.00204027601 0.000315078614
v 0.00138782816 -0.0020503714 0.000325292785
f 9454 9456 9455
v 0.0020420217 -0.00160333693 0.00131986535
v 0.00202562023 -0.00160412856 0.00134044021
v 0.00205291726 -0.00163312507 0.00132546902
f 9457 9459 9458
v 0.00173000262 -0.00189865768 0.000677338812
v 0.00198554626 -0.001833235 0.000875438855
v 0.00188500744 -0.00188720933 0.000672905026
f 9460 9462 9461
v 0.00188500744 -0.00188720933 0.000672905026
v 0.00201766707 -0.0020788284 0.000692335016
v 0.00181130326 -0.00194178629 0.000586443184
f 9463 9465 9464
v 0.00201766707 -0.0020788284 0.000692335016
v 0.00217619672 -0.0022831613 0.00077209761
v 0.00203162108 -0.00225873046 0.000631309285
f 9466 9468 9467
v 0.00204087628 -0.0016173035 0.00122417878
v 0.00204018143 -0.00160938507 0.00128517386
v 0.00206128443 -0.00171788379 0.0012339211
f 9469 9471 9470
v 0.00208779129 -0.00162576362 0.00172445707
v 0.00210113994 -0.00162401775 0.00185801509
v 0.00211449187 -0.00172871805 0.00171611991
f 9472 9474 9473
v 0.00188034246 -0.00161329754 0.00155180987
v 0.00169824416 -0.00164818939 0.00147734436
v 0.00207212179 -0.00161001481 0.00178503724
f 9475 9477 9476
v 0.0020586529 -0.00159844058 0.00171714564
v 0.00207597604 -0.001599405 0.00173375902
v 0.00206627301 -0.00157916184 0.00171594529
f 9478 9480 9479
v 0.00207375269 -0.00158017247 0.00168028164
v 0.00207597604 -0.001599405 0.00173375902
v 0.0020586529 -0.00159844058 0.00171714564
f 9481 9483 9482
v 0.000227826899 -0.00216308417 0.00152012635
v -7.45967441e-05 -0.00231793929 0.00163338445
v 6.93373636e-05 -0.00221339214 0.00172689215
f 9484 9486 9485
v -0.000251750862 -0.00273663336 0.00083222385
v -7.48846219e-05 -0.00244696494 0.00125201805
v 0.000107959215 -0.00243233662 0.000795611504
f 9487 9489 9488
v -0.000312975772 -0.00302612807 0.000395988081
v -0.000202109732 -0.00289269137 0.000404439925
v -0.000281425969 -0.00312176453 0.000240186455
f 9490 9492 9491
v 0.000105296488 -0.00252386526 0.000474639182
v 0.000253954158 -0.00237632576 0.000665761127
v 0.000313358805 -0.0025003259 0.000168095903
f 9493 9495 9494
v -0.000206758227 -0.00303826873 0.000217263005
v -3.97202001e-05 -0.00271857607 0.000301248838
v -1.29659085e-05 -0.00280667919 0.000154189547
f 9496 9498 9497
v 0.00106436983 -0.0021504211 0.000219789217
v 0.00118279386 -0.00205605666 0.000338454811
v 0.00138782816 -0.0020503714 0.000325292785
f 9499 9501 9500
v 0.00163648638 -0.00200414452 0.000457211991
v 0.00156598453 -0.00201030161 0.000404848743
v 0.00173000262 -0.00189865768 0.000677338812
f 9502 9504 9503
v 0.00181130326 -0.00194178629 0.000586443184
v 0.00156598453 -0.00201030161 0.000404848743
v 0.00163648638 -0.00200414452 0.000457211991
f 9505 9507 9506
v 0.00156598453 -0.00201030161 0.000404848743
v 0.00149843136 -0.00208313031 0.000329320028
v 0.00150619371 -0.0020079744 0.000369986992
f 9508 9510 9509
v 0.0014236708 -0.00204027601 0.000315078614
v 0.00149843136 -0.00208313031 0.000329320028
v 0.00135020773 -0.00208140882 0.000253638973
f 9511 9513 9512
v 0.000532723288 -0.00241384114 2.93528501e-05
v 0.000586371789 -0.00254200568 -1.80425364e-06
v 0.00047989538 -0.00244737985 3.8190592e-05
f 9514 9516 9515
v 0.000532723288 -0.00241384114 2.93528501e-05
v 0.00047989538 -0.00244737985 3.8190592e-05
v 0.000523714471 -0.00240363806 3.02594344e-05
f 9517 9519 9518
v 0.00144251635 -0.00203143791 0.000329869545
v 0.0014236708 -0.00204027601 0.000315078614
v 0.0014448101 -0.00202842712 0.000320403706
f 9520 9522 9521
v 0.00181130326 -0.00194178629 0.000586443184
v 0.00182156655 -0.00246340114 0.000413165344
v 0.00149843136 -0.00208313031 0.000329320028
f 9523 9525 9524
v 0.00144451105 -0.00201009643 0.000329278919
v 0.00150619371 -0.0020079744 0.000369986992
v 0.0014448101 -0.00202842712 0.000320403706
f 9526 9528 9527
v 0.000309897951 -0.00257541924 7.00660223e-05
v 0.000313358805 -0.0025003259 0.000168095903
v 0.000403936065 -0.00250346911 5.18659419e-05
f 9529 9531 9530
v 0.000309897951 -0.00257541924 7.00660223e-05
v 0.000178602363 -0.00261291698 0.000111413101
v 0.000313358805 -0.0025003259 0.000168095903
f 9532 9534 9533
v 0.000623609867 -0.00236399719 2.98008672e-05
v 0.000542173348 -0.00239612236 3.3809556e-05
v 0.000540550354 -0.00240271074 7.04614706e-05
f 9535 9537 9536
v 0.000548540584 -0.00239117981 2.54485713e-05
v 0.000523714471 -0.00240363806 3.02594344e-05
v 0.000542173348 -0.00239612236 3.3809556e-05
f 9538 9540 9539
v 0.000532723288 -0.00241384114 2.93528501e-05
v 0.000523714471 -0.00240363806 3.02594344e-05
v 0.000548540584 -0.00239117981 2.54485713e-05
f 9541 9543 9542
v 0.000771803025 -0.00235068837 1.70035491e-05
v 0.000782759435 -0.00236824526 1.42830686e-05
v 0.000808440655 -0.00235034131 4.19591743e-05
f 9544 9546 9545
v 0.000771803025 -0.00235068837 1.70035491e-05
v 0.000808440655 -0.00235034131 4.19591743e-05
v 0.000790286322 -0.0023289107 1.39853e-05
f 9547 9549 9548
v 0.000691473861 -0.00237687782 1.7181992e-05
v 0.00085598449 -0.00244676776 -1.09390378e-05
v 0.000586371789 -0.00254200568 -1.80425364e-06
f 9550 9552 9551
v 0.000691473861 -0.00237687782 1.7181992e-05
v 0.000623609867 -0.00236399719 2.98008672e-05
v 0.000715714577 -0.00235778607 5.72177726e-05
f 9553 9555 9554
v 0.00085598449 -0.00244676776 -1.09390378e-05
v 0.000782759435 -0.00236824526 1.42830686e-05
v 0.000790286322 -0.0023289107 1.39853e-05
f 9556 9558 9557
v 0.000691473861 -0.00237687782 1.7181992e-05
v 0.000771803025 -0.00235068837 1.70035491e-05
v 0.000782759435 -0.00236824526 1.42830686e-05
f 9559 9561 9560
v 0.000782759435 -0.00236824526 1.42830686e-05
v 0.000771803025 -0.00235068837 1.70035491e-05
v 0.000790286322 -0.0023289107 1.39853e-05
f 9562 9564 9563
v 0.000860199725 -0.00233292922 1.23018253e-05
v 0.000808440655 -0.00235034131 4.19591743e-05
v 0.000932548119 -0.00233978153 7.27230145e-05
f 9565 9567 9566
v 0.000540550354 -0.00240271074 7.04614706e-05
v 0.000532723288 -0.00241384114 2.93528501e-05
v 0.00047989538 -0.00244737985 3.8190592e-05
f 9568 9570 9569
v 0.000532723288 -0.00241384114 2.93528501e-05
v 0.000523714471 -0.00240363806 3.02594344e-05
v 0.00047989538 -0.00244737985 3.8190592e-05
f 9571 9573 9572
v 0.00085598449 -0.00244676776 -1.09390378e-05
v 0.000860199725 -0.00233292922 1.23018253e-05
v 0.000998600171 -0.00238483426 2.38334906e-05
f 9574 9576 9575
v 0.000782759435 -0.00236824526 1.42830686e-05
v 0.000715714577 -0.00235778607 5.72177726e-05
v 0.000808440655 -0.00235034131 4.19591743e-05
f 9577 9579 9578
v 0.000403936065 -0.00250346911 5.18659419e-05
v 0.000586371789 -0.00254200568 -1.80425364e-06
v 0.000309897951 -0.00257541924 7.00660223e-05
f 9580 9582 9581
v 0.000548540584 -0.00239117981 2.54485713e-05
v 0.000623609867 -0.00236399719 2.98008672e-05
v 0.000691473861 -0.00237687782 1.7181992e-05
f 9583 9585 9584
v 0.000773947068 -0.00287189396 -5.61481954e-05
v 0.000981255562 -0.00278670286 -1.88018006e-05
v 0.000831179295 -0.0031169875 -0.000118788194
f 9586 9588 9587
v 0.000719497484 -0.00285324131 -4.59074727e-05
v 0.000981255562 -0.00278670286 -1.88018006e-05
v 0.000773947068 -0.00287189396 -5.61481954e-05
f 9589 9591 9590
v 0.00112526786 -0.00199754886 0.000507977074
v 0.000769011422 -0.00208309866 0.000663849096
v 0.000712942938 -0.00199373389 0.000952578284
f 9592 9594 9593
v 0.00248152228 -0.00277946328 0.00215903856
v 0.00236016131 -0.00234621239 0.00223239458
v 0.00234126073 -0.00257817501 0.00238772482
f 9595 9597 9596
v 0.00244654293 -0.00285859624 0.00228913232
v 0.00248525321 -0.00322356282 0.00235763091
v 0.00257835218 -0.00317872145 0.0021202135
f 9598 9600 9599
v 0.00268663916 -0.00399185119 0.00209758309
v 0.0026919859 -0.00413185953 0.00204625685
v 0.00275460498 -0.00414201131 0.00141732826
f 9601 9603 9602
v 0.0025053223 -0.00328338028 0.000827469194
v 0.00251586498 -0.00282667843 0.000962002468
v 0.002553376 -0.00305851863 0.00102278755
f 9604 9606 9605
v 0.00259523185 -0.00308325252 0.00129838854
v 0.00258170767 -0.00330314797 0.000981399626
v 0.002553376 -0.00305851863 0.00102278755
f 9607 9609 9608
v 0.00167444377 -0.00469299703 3.56807504e-05
v 0.00155777798 -0.00470008308 -2.568122e-05
v 0.0016525104 -0.00446026534 -3.44334694e-05
f 9610 9612 9611
v 0.00162378146 -0.00491196915 6.11064024e-05
v 0.00148421677 -0.00518853485 4.32048211e-05
v 0.00149370808 -0.00498183581 5.89043623e-06
f 9613 9615 9614
v 0.00123495956 -0.00273748592 4.35113179e-05
v 0.00151089916 -0.00303987836 5.87351678e-06
v 0.00101061887 -0.00332060408 -0.000158440162
f 9616 9618 9617
v 0.00151089916 -0.00303987836 5.87351678e-06
v 0.00163421573 -0.00322053384 1.0893924e-06
v 0.0014876252 -0.00334569813 -6.96440111e-05
f 9619 9621 9620
v 0.00258170767 -0.00330314797 0.000981399626
v 0.00263035399 -0.00370626876 0.000990911212
v 0.0025053223 -0.00328338028 0.000827469194
f 9622 9624 9623
v 0.00168087518 -0.00181949272 0.00277034269
v 0.00164336398 -0.00180600018 0.00283861864
v 0.0017006716 -0.00187342866 0.00280021886
f 9625 9627 9626
v -0.00111067402 -0.00462074095 0.00192686366
v -0.00110995034 -0.00448217324 0.00174321922
v -0.00111089521 -0.00474319495 0.00182053591
f 9628 9630 9629
v -0.00111912959 -0.00502951152 0.0017406901
v -0.00111089521 -0.00474319495 0.00182053591
v -0.00116591273 -0.00488453334 0.00133828253
f 9631 9633 9632
v -0.00113932501 -0.00491466744 0.000856563474
v -0.00116490164 -0.00472235188 0.00112965845
v -0.00114555323 -0.0047009009 0.000969676512
f 9634 9636 9635
v -0.00117096079 -0.00376284916 0.00120130044
v -0.00117667296 -0.00387569526 0.00123029859
v -0.00121488747 -0.00373283692 0.00130250619
f 9637 9639 9638
v -0.00112723646 -0.00434441245 0.00104894189
v -0.00111861054 -0.00421914738 0.00136350463
v -0.00113435581 -0.00405109749 0.00116328047
f 9640 9642 9641
v -0.00117254513 -0.00387571054 0.00112377575
v -0.00117096079 -0.00376284916 0.00120130044
v -0.00105927238 -0.00354189906 0.000944083604
f 9643 9645 9644
v -0.00108439926 -0.00426359475 0.000896282017
v -0.00106544012 -0.00401146099 0.00084218882
v -0.00101411906 -0.00418688214 0.000763778644
f 9646 9648 9647
v -0.00099459985 -0.00489751365 0.000560944954
v -0.00104076507 -0.00447278508 0.00076087772
v -0.000964528226 -0.00461332384 0.00060935854
f 9649 9651 9650
v -0.000955030009 -0.0037146845 0.000633976288
v -0.000977705804 -0.00347760724 0.000789643582
v -0.000892135813 -0.00346596316 0.000646448098
f 9652 9654 9653
v -0.00122741103 -0.00373036382 0.00132437817
v -0.00122467936 -0.00377761353 0.00149341986
v -0.0012370303 -0.00374499723 0.00159679494
f 9655 9657 9656
v -0.00114734321 -0.00449484432 0.00109946986
v -0.00109897655 -0.00456301204 0.000869203814
v -0.00114555323 -0.0047009009 0.000969676512
f 9658 9660 9659
v -0.00117914788 -0.00517512453 0.00107920823
v -0.00117865629 -0.00507288496 0.000935326807
v -0.00115706935 -0.00513338382 0.000841572728
f 9661 9663 9662
v -0.00115421444 -0.00528667733 0.000972156613
v -0.00115511366 -0.00531999904 0.00117025684
v -0.00117914788 -0.00517512453 0.00107920823
f 9664 9666 9665
v -0.00117865629 -0.00507288496 0.000935326807
v -0.00116498259 -0.00506297802 0.000853085385
v -0.00115706935 -0.00513338382 0.000841572728
f 9667 9669 9668
v -0.00102421109 -0.00612208678 0.00100337747
v -0.000933300907 -0.00575631857 0.000827397071
v -0.000818301669 -0.00606017129 0.00053233689
f 9670 9672 9671
v -0.000461058016 -0.00505284879 0.000173441379
v -0.000270627902 -0.00486398276 0.000101608032
v -0.000331511137 -0.0052182284 0.000108298093
f 9673 9675 9674
v -0.000634307617 -0.00571626952 0.000343746251
v -0.000609922017 -0.00545685325 0.00028599934
v -0.000467797054 -0.00579639491 0.000188978458
f 9676 9678 9677
v -0.000467797054 -0.00579639491 0.000188978458
v -0.000408037977 -0.00549260403 0.000151829056
v -0.00030645308 -0.0056976678 0.000107184144
f 9679 9681 9680
v 0.000576386446 -0.00599640007 -4.96018288e-05
v 0.000865658149 -0.00615689132 -3.07994867e-05
v 0.00069256489 -0.00619421262 -6.04246338e-05
f 9682 9684 9683
v -0.000759736668 -0.00733280613 0.00046041514
v -0.000385515068 -0.00719262898 0.000161001492
v -0.000376060507 -0.00737377923 0.000156920407
f 9685 9687 9686
v -0.000440695567 -0.00325707151 0.000284073576
v -0.000532238118 -0.00335194491 0.000314061799
v -0.000531672686 -0.00318331549 0.000439139149
f 9688 9690 9689
v 0.000883584835 -0.00517168774 -8.59074078e-05
v 0.000688533191 -0.00527267875 -7.16023294e-05
v 0.000967974574 -0.00496000539 -0.000104169146
f 9691 9693 9692
v 0.000864252615 -0.00431134504 -0.000112939586
v 0.00120041432 -0.00456386406 -0.000137907034
v 0.00108922304 -0.0047724774 -0.000118891865
f 9694 9696 9695
v 0.00230749047 -0.00603138433 0.00317947633
v 0.00209405334 -0.0060608163 0.00336495832
v 0.00241282887 -0.00629748683 0.00321778934
f 9697 9699 9698
v 0.00239617148 -0.00492393265 0.00294358342
v 0.00224076794 -0.00481751085 0.00313301607
v 0.00235276239 -0.00507525583 0.00302349108
f 9700 9702 9701
v 0.0022422093 -0.00510478094 0.00311723124
v 0.00234507552 -0.00535679792 0.00304065979
v 0.00235276239 -0.00507525583 0.00302349108
f 9703 9705 9704
v 0.00264367991 -0.00580689921 0.00272553552
v 0.002404316 -0.00550235309 0.00301190139
v 0.00261072892 -0.00599011328 0.00282727578
f 9706 9708 9707
v 0.0024209603 -0.00465128323 0.00288737319
v 0.00239617148 -0.00492393265 0.00294358342
v 0.00251976562 -0.00514844396 0.00271043609
f 9709 9711 9710
v 0.00251976562 -0.00514844396 0.00271043609
v 0.00239617148 -0.00492393265 0.00294358342
v 0.00247095977 -0.00515676802 0.00283827976
f 9712 9714 9713
v 0.00293604026 -0.00658605204 0.0023544284
v 0.00295087539 -0.00671958187 0.00243000613
v 0.00295612535 -0.00673069662 0.00223578918
f 9715 9717 9716
v 0.00250608828 -0.00618259946 0.000695721701
v 0.00261269488 -0.0064466898 0.000729991643
v 0.00241680045 -0.00638663405 0.000544922932
f 9718 9720 9719
v 0.00261010773 -0.00694857881 0.000572631416
v 0.00267809864 -0.00689782973 0.000658219506
v 0.00268349468 -0.00699354932 0.000692612139
f 9721 9723 9722
v 0.00275202947 -0.00757706366 0.00276582505
v 0.00287242274 -0.00772778949 0.00250675366
v 0.00290830849 -0.00759233299 0.00249172517
f 9724 9726 9725
v 0.00259749759 -0.00851544683 0.00186063189
v 0.00260652141 -0.00845910254 0.0020269541
v 0.00255989999 -0.0086189757 0.00194980312
f 9727 9729 9728
v 0.00251301062 -0.00847530682 0.00240577137
v 0.00260652141 -0.00845910254 0.0020269541
v 0.00274859667 -0.0082472041 0.00180973493
f 9730 9732 9731
v 0.00289972704 -0.00799272893 0.0016101345
v 0.00286339437 -0.00807387769 0.00148884337
v 0.00294532183 -0.00784231597 0.00152000039
f 9733 9735 9734
v 0.00294532183 -0.00784231597 0.00152000039
v 0.00288356041 -0.00803978983 0.00131702127
v 0.00291075812 -0.0078859659 0.00129388927
f 9736 9738 9737
v 0.00256560434 -0.00743995915 0.000628117505
v 0.0025361076 -0.00725340869 0.000537814594
v 0.00266945681 -0.00760108742 0.000803222247
f 9739 9741 9740
v 0.00259875142 -0.00505913813 0.00115288522
v 0.00265523013 -0.0054214699 0.00119285814
v 0.00252909431 -0.00508543853 0.00100546931
f 9742 9744 9743
v 0.00216841199 -0.00558451502 0.000490172079
v 0.00181340947 -0.00584459704 0.000263778929
v 0.00156085316 -0.00551569174 0.000121228379
f 9745 9747 9746
v 0.00228950739 -0.00482388532 0.000567170628
v 0.00223811658 -0.00504567906 0.000546916363
v 0.0022108914 -0.00480147646 0.000470884061
f 9748 9750 9749
v 0.00106409489 -0.00873384633 3.03878664e-05
v 0.0010610469 -0.00819426132 -0.000141703447
v 0.00110328501 -0.00841837464 -7.52264839e-05
f 9751 9753 9752
v 0.00124674361 -0.00686715939 -0.000128359341
v 0.00153255733 -0.0071005481 -0.000101465582
v 0.0012118132 -0.00699134107 -0.000151321353
f 9754 9756 9755
v 0.00115666162 -0.00808378973 -0.000143293425
v 0.00117840764 -0.00802888753 -0.000158772298
v 0.00127000703 -0.00808263212 -0.000120201719
f 9757 9759 9758
v -0.000683240387 -0.00759893883 0.000377709421
v -0.000436744995 -0.00771255436 0.00014620947
v -0.000559156479 -0.00795396263 0.000251069855
f 9760 9762 9761
v -0.000559156479 -0.00795396263 0.000251069855
v -0.000402276146 -0.00793710205 0.000120053676
v -0.00021152498 -0.00825547468 7.11437792e-05
f 9763 9765 9764
v 0.00231001268 -0.0090246358 0.00100675616
v 0.0022752427 -0.00880906737 0.00092918599
v 0.00247792668 -0.00871487136 0.00130509125
f 9766 9768 9767
v 0.00238863358 -0.00940033497 0.00103987941
v 0.0023307759 -0.00941448307 0.000957597149
v 0.0023609995 -0.00934186974 0.000972919406
f 9769 9771 9770
v 0.00129842683 -0.00966713342 0.000111880229
v 0.00154082063 -0.00973185088 0.000212305736
v 0.0012669987 -0.00972338312 0.000221036339
f 9772 9774 9773
v 0.00219983431 -0.00952824266 0.000884460223
v 0.00206486493 -0.00962873964 0.000814992381
v 0.00212182586 -0.00964752689 0.000619928505
f 9775 9777 9776
v 0.00206454224 -0.00968497479 0.00053509093
v 0.00212182586 -0.00964752689 0.000619928505
v 0.00202978317 -0.00969263419 0.00054568136
f 9778 9780 9779
v 0.00200163504 -0.00967804299 0.000465503854
v 0.00206454224 -0.00968497479 0.00053509093
v 0.00202978317 -0.00969263419 0.00054568136
f 9781 9783 9782
v 0.00154082063 -0.00973185088 0.000212305736
v 0.0017322327 -0.00975115618 0.000299430417
v 0.00155932339 -0.00981808771 0.000312721045
f 9784 9786 9785
v 0.0017322327 -0.00975115618 0.000299430417
v 0.00185344161 -0.00973646311 0.000371879673
v 0.00175043369 -0.00983277496 0.000408914184
f 9787 9789 9788
v 0.00154082063 -0.00973185088 0.000212305736
v 0.00170864241 -0.00971170739 0.000258294335
v 0.0017322327 -0.00975115618 0.000299430417
f 9790 9792 9791
v 0.00181163286 -0.00975401417 0.000323555128
v 0.00185344161 -0.00973646311 0.000371879673
v 0.0017322327 -0.00975115618 0.000299430417
f 9793 9795 9794
v 0.00140714819 -0.00938689991 0.000194610061
v 0.0017121356 -0.00962168633 0.000263384231
v 0.00122399479 -0.00956708682 8.8845087e-05
f 9796 9798 9797
v 0.00136842709 -0.00879816434 0.000107304197
v 0.00128394122 -0.00901435997 0.000128677141
v 0.00122956817 -0.0087834509 5.72330521e-05
f 9799 9801 9800
v 0.00158839684 -0.00857239647 0.000134674349
v 0.00162939505 -0.00863883979 0.000201531134
v 0.00147657665 -0.00855164617 6.57391922e-05
f 9802 9804 9803
v 0.00257908068 -0.00775643784 0.000759184786
v 0.00256951771 -0.00759107643 0.000686578551
v 0.00266945681 -0.00760108742 0.000803222247
f 9805 9807 9806
v 0.00227734981 -0.00944885542 0.00088828765
v 0.00219983431 -0.00952824266 0.000884460223
v 0.00226523152 -0.00943771593 0.000812343205
f 9808 9810 9809
v 0.000997050574 -0.00946809232 9.43031466e-05
v 0.00101078313 -0.00959526442 0.000125742019
v 0.000925791937 -0.00936851284 8.85960674e-05
f 9811 9813 9812
v 0.000736185757 -0.00933826159 9.96689892e-05
v 0.000808945515 -0.00951573384 9.94392508e-05
v 0.000663626633 -0.00949451569 7.32250669e-05
f 9814 9816 9815
v 0.00112644293 -0.00958324526 9.61266892e-05
v 0.00129842683 -0.00966713342 0.000111880229
v 0.00108090489 -0.00965248546 0.000157826628
f 9817 9819 9818
v 0.000997050574 -0.00946809232 9.43031466e-05
v 0.00102050362 -0.00943081177 7.50409583e-05
v 0.00115856574 -0.00960278485 7.17285786e-05
f 9820 9822 9821
v 0.00115856574 -0.00960278485 7.17285786e-05
v 0.00122399479 -0.00956708682 8.8845087e-05
v 0.00129842683 -0.00966713342 0.000111880229
f 9823 9825 9824
v 0.00115856574 -0.00960278485 7.17285786e-05
v 0.00129842683 -0.00966713342 0.000111880229
v 0.00112644293 -0.00958324526 9.61266892e-05
f 9826 9828 9827
v 0.00102050362 -0.00943081177 7.50409583e-05
v 0.00105764229 -0.00917432408 0.000110068152
v 0.00116015499 -0.00922024992 0.000118614673
f 9829 9831 9830
v 0.000655896565 -0.0092342103 0.000124729388
v 0.00112025136 -0.00897534119 9.2464694e-05
v 0.00105764229 -0.00917432408 0.000110068152
f 9832 9834 9833
v -0.00114757686 -0.00364194384 0.00303813467
v -0.000972016005 -0.00347692112 0.00325528454
v -0.00097983293 -0.00348261783 0.00321574698
f 9835 9837 9836
v -0.000653975985 -0.00329508839 0.00348144749
v -0.00071081995 -0.00331364863 0.00346868037
v -0.000648793002 -0.00334967444 0.00350038754
f 9838 9840 9839
v -0.00126348395 -0.00810095589 0.00249394216
v -0.00122742404 -0.00807118049 0.00213791827
v -0.00124357521 -0.00825738243 0.00247970402
f 9841 9843 9842
v 0.000753468566 -0.00897995706 0.00366071836
v 0.000479408845 -0.00889418516 0.00373524272
v 0.000586537953 -0.00919784143 0.003644565
f 9844 9846 9845
v 0.00277755043 -0.00818689587 0.00115864932
v 0.0026405698 -0.00841861183 0.00123367372
v 0.00264039518 -0.00833972736 0.00105241288
f 9847 9849 9848
