# FlyGym 1.2.1 STL; B(x,y,z)=(x,z,y); winding reversed
v -0.00107581282 -0.0197023808 0.00494741944
v -0.00345277731 -0.0188837497 0.00400459212
v -0.00114505283 -0.0224113872 0.00592264369
f 1 3 2
v 0.00328166861 -0.0222525647 0.00371844508
v 0.000897752216 -0.0221783688 0.00513160776
v 0.00462530879 -0.024010014 0.00240519421
f 4 6 5
v -0.0023595685 -0.0254786544 0.00651163646
v -0.000174939737 -0.0271220692 0.00664680629
v -0.00114505283 -0.0224113872 0.00592264369
f 7 9 8
v -0.00114505283 -0.0224113872 0.00592264369
v -0.00345277731 -0.0188837497 0.00400459212
v -0.00409320637 -0.0231336453 0.00549008109
f 10 12 11
v -0.00660118603 -0.0238601846 0.0036546382
v -0.00731376495 -0.0261607696 0.00395613715
v -0.00409320637 -0.0231336453 0.00549008109
f 13 15 14
v 0.000897752216 -0.0221783688 0.00513160776
v -0.000174939737 -0.0271220692 0.00664680629
v 0.00159577667 -0.0272956036 0.00583904512
f 16 18 17
v 0.00379792255 -0.0284737675 0.00374660085
v 0.00462530879 -0.024010014 0.00240519421
v 0.00159577667 -0.0272956036 0.00583904512
f 19 21 20
v 0.000952929258 -0.0333907432 0.00723347985
v 0.00388320223 -0.0334997021 0.00403057056
v 0.00159577667 -0.0272956036 0.00583904512
f 22 24 23
v 0.00169997948 -0.0345837907 0.0070549424
v 0.00388320223 -0.0334997021 0.00403057056
v 0.000952929258 -0.0333907432 0.00723347985
f 25 27 26
v 0.000952929258 -0.0333907432 0.00723347985
v 0.00159577667 -0.0272956036 0.00583904512
v -0.000402974911 -0.0304913643 0.0073869458
f 28 30 29
v 0.000952929258 -0.0333907432 0.00723347985
v -0.00256861731 -0.0333332457 0.00784025397
v -0.000992404148 -0.036052888 0.00817476539
f 31 33 32
v 0.00344141772 -0.0372098468 0.00557571038
v 0.00419741409 -0.0372672803 0.0037924463
v 0.00169997948 -0.0345837907 0.0070549424
f 34 36 35
v 0.0011389775 -0.03926754 0.00786972159
v 0.00344141772 -0.0372098468 0.00557571038
v 0.00169997948 -0.0345837907 0.0070549424
f 37 39 38
v -0.00338387108 -0.00344867149 0.00199493261
v -0.00357300123 -0.00353804062 0.00224004816
v -0.00324053435 -0.00361644343 0.00256605999
f 40 42 41
v -0.00297373499 -0.00380272395 0.00280937693
v -0.0028897668 -0.00396134637 0.00285673486
v -0.00299945186 -0.00375814707 0.00282030687
f 43 45 44
v -0.0028897668 -0.00396134637 0.00285673486
v -0.00291228735 -0.00381511272 0.0028720553
v -0.00293642825 -0.00376969037 0.00288709452
f 46 48 47
v -0.00305653484 -0.00370526395 0.002722317
v -0.00312727461 -0.00371462811 0.00268932872
v -0.00306211878 -0.00373801595 0.00274294198
f 49 51 50
v -0.00312727461 -0.00371462811 0.00268932872
v -0.00304850491 -0.00377095566 0.00273619062
v -0.00306211878 -0.00373801595 0.00274294198
f 52 54 53
v -0.00338387108 -0.00344867149 0.00199493261
v -0.00290587868 -0.00380736965 0.00278316638
v -0.00274976755 -0.00387900582 0.00284312155
f 55 57 56
v -0.0029533594 -0.00383587103 0.00279875276
v -0.0028897668 -0.00396134637 0.00285673486
v -0.00297373499 -0.00380272395 0.00280937693
f 58 60 59
v -0.0028897668 -0.00396134637 0.00285673486
v -0.00289041873 -0.00384930972 0.00286310278
v -0.00291228735 -0.00381511272 0.0028720553
f 61 63 62
v -0.00301505515 -0.00386316096 0.00277186955
v -0.00297373499 -0.00380272395 0.00280937693
v -0.00299945186 -0.00375814707 0.00282030687
f 64 66 65
v -0.0029533594 -0.00383587103 0.00279875276
v -0.00301505515 -0.00386316096 0.00277186955
v -0.0028897668 -0.00396134637 0.00285673486
f 67 69 68
v -0.00305653484 -0.00370526395 0.002722317
v -0.00304850491 -0.00377095566 0.00273619062
v -0.00301475902 -0.00374262745 0.00277231666
f 70 72 71
v -0.00304850491 -0.00377095566 0.00273619062
v -0.00301505515 -0.00386316096 0.00277186955
v -0.00306211878 -0.00373801595 0.00274294198
f 73 75 74
v -0.00301505515 -0.00386316096 0.00277186955
v -0.0029533594 -0.00383587103 0.00279875276
v -0.00297373499 -0.00380272395 0.00280937693
f 76 78 77
v -0.00317370104 -0.0036201498 0.00259548324
v -0.00315397629 -0.00367635366 0.00263356633
v -0.00305653484 -0.00370526395 0.002722317
f 79 81 80
v -0.00305653484 -0.00370526395 0.002722317
v -0.00338387108 -0.00344867149 0.00199493261
v -0.00317370104 -0.0036201498 0.00259548324
f 82 84 83
v -0.00357300123 -0.00353804062 0.00224004816
v -0.00320491272 -0.00369427871 0.00260609522
v -0.00322281667 -0.00365488377 0.00256008861
f 85 87 86
v -0.00322281667 -0.00365488377 0.00256008861
v -0.00320491272 -0.00369427871 0.00260609522
v -0.00324053435 -0.00361644343 0.00256605999
f 88 90 89
v -0.00357300123 -0.00353804062 0.00224004816
v -0.00322281667 -0.00365488377 0.00256008861
v -0.00324053435 -0.00361644343 0.00256605999
f 91 93 92
v -0.00338387108 -0.00344867149 0.00199493261
v -0.00322281667 -0.00365488377 0.00256008861
v -0.00317370104 -0.0036201498 0.00259548324
f 94 96 95
v -0.00320491272 -0.00369427871 0.00260609522
v -0.00312727461 -0.00371462811 0.00268932872
v -0.00315397629 -0.00367635366 0.00263356633
f 97 99 98
v -0.00315397629 -0.00367635366 0.00263356633
v -0.00312727461 -0.00371462811 0.00268932872
v -0.00317421691 -0.0036316007 0.0026404874
f 100 102 101
v -0.00320491272 -0.00369427871 0.00260609522
v -0.00315397629 -0.00367635366 0.00263356633
v -0.00317421691 -0.0036316007 0.0026404874
f 103 105 104
v -0.00291228735 -0.00381511272 0.0028720553
v -0.00289923355 -0.00378594486 0.00292483801
v -0.00293642825 -0.00376969037 0.00288709452
f 106 108 107
v -0.00390479909 -0.00354751683 0.00172337841
v -0.00384126943 -0.00359214027 0.00185844874
v -0.00338387108 -0.00344867149 0.00199493261
f 109 111 110
v -0.00384126943 -0.00359214027 0.00185844874
v -0.00390479909 -0.00354751683 0.00172337841
v -0.00385102685 -0.00356779929 0.00186751495
f 112 114 113
v -0.00390277928 -0.00361372076 0.00177333332
v -0.00389071283 -0.00371385395 0.00186871057
v -0.00391220237 -0.00358541874 0.00177617039
f 115 117 116
v -0.00389071283 -0.00371385395 0.00186871057
v -0.00384126943 -0.00359214027 0.00185844874
v -0.00385102685 -0.00356779929 0.00186751495
f 118 120 119
v -0.00384126943 -0.00359214027 0.00185844874
v -0.00389071283 -0.00371385395 0.00186871057
v -0.00357300123 -0.00353804062 0.00224004816
f 121 123 122
v -0.00442652599 -0.0034161465 0.000696676079
v -0.00390479909 -0.00354751683 0.00172337841
v -0.00338387108 -0.00344867149 0.00199493261
f 124 126 125
v -0.00430326254 -0.00361013663 0.00123265045
v -0.0040949617 -0.00352604111 0.00151555596
v -0.0041162828 -0.00356001692 0.00146618613
f 127 129 128
v -0.0041162828 -0.00356001692 0.00146618613
v -0.00412427908 -0.00354019721 0.00146953562
v -0.0040949617 -0.00352604111 0.00151555596
f 130 132 131
v -0.0040949617 -0.00352604111 0.00151555596
v -0.00405967003 -0.00354656368 0.00155149773
v -0.00406775107 -0.0035237128 0.00155345733
f 133 135 134
v -0.00430326254 -0.00361013663 0.00123265045
v -0.0041162828 -0.00356001692 0.00146618613
v -0.00412427908 -0.00354019721 0.00146953562
f 136 138 137
v -0.0040251809 -0.00352294737 0.00162049218
v -0.00389071283 -0.00371385395 0.00186871057
v -0.00392496222 -0.00358616671 0.00175963796
f 139 141 140
v -0.00442652599 -0.0034161465 0.000696676079
v -0.00405967003 -0.00354656368 0.00155149773
v -0.00390479909 -0.00354751683 0.00172337841
f 142 144 143
v -0.00289923355 -0.00378594486 0.00292483801
v -0.0028897668 -0.00396134637 0.00285673486
v -0.0027688935 -0.00394043673 0.0029173334
f 145 147 146
v -0.000380904953 -0.00374798037 0.00349836882
v -0.000324511507 -0.00378577606 0.00353899304
v -0.000276855167 -0.00377338365 0.00354644544
f 148 150 149
v -0.000266755637 -0.00380881611 0.00353379546
v -0.000380904953 -0.00374798037 0.00349836882
v -0.000276855167 -0.00377338365 0.00354644544
f 151 153 152
v -0.000324511507 -0.00378577606 0.00353899304
v -0.000353494511 -0.00375359596 0.00354873191
v -0.000276855167 -0.00377338365 0.00354644544
f 154 156 155
v 0.000194207814 -0.00376514581 0.00348874783
v 0.00017618645 -0.00379715129 0.00345672779
v 0.000197968029 -0.00378254263 0.00352407988
f 157 159 158
v 2.67673869e-05 -0.00376879252 0.00348269859
v 6.09619121e-05 -0.0038111968 0.00346048182
v 3.37867732e-05 -0.00379021149 0.00351658418
f 160 162 161
v 0.000133200092 -0.0037592552 0.00351178496
v 6.09619121e-05 -0.0038111968 0.00346048182
v 0.000197968029 -0.00378254263 0.00352407988
f 163 165 164
v 0.000142254839 -0.00377257747 0.00347440473
v 0.000133200092 -0.0037592552 0.00351178496
v 0.000194207814 -0.00376514581 0.00348874783
f 166 168 167
v 5.83645942e-05 -0.00373498115 0.00342690801
v -9.98283895e-05 -0.00382103099 0.00347513451
v -0.000147672063 -0.00381023056 0.00350636801
f 169 171 170
v -0.000147672063 -0.00381023056 0.00350636801
v -0.000266755637 -0.00380881611 0.00353379546
v -0.000404382672 -0.00399973287 0.00291162924
f 172 174 173
v 5.83645942e-05 -0.00373498115 0.00342690801
v -0.000404382672 -0.00399973287 0.00291162924
v -9.98283895e-05 -0.00382103099 0.00347513451
f 175 177 176
v -3.49926523e-05 -0.00376849275 0.00352069655
v -9.98283895e-05 -0.00382103099 0.00347513451
v 3.37867732e-05 -0.00379021149 0.00351658418
f 178 180 179
v -2.09464545e-05 -0.00377822944 0.00346896668
v -3.49926523e-05 -0.00376849275 0.00352069655
v 2.67673869e-05 -0.00376879252 0.00348269859
f 181 183 182
v 5.83645942e-05 -0.00373498115 0.00342690801
v -2.09464545e-05 -0.00377822944 0.00346896668
v 2.67673869e-05 -0.00376879252 0.00348269859
f 184 186 185
v 0.000300803117 -0.0037540427 0.00352903771
v 0.00017618645 -0.00379715129 0.00345672779
v 0.000360825561 -0.00377458564 0.00353210453
f 187 189 188
v 0.000298414056 -0.00376112512 0.00348169015
v 0.000300803117 -0.0037540427 0.00352903771
v 0.000354001327 -0.00375251329 0.0034974506
f 190 192 191
v 0.0011767509 -0.00361310886 0.00326273912
v 0.00115082321 -0.00365978412 0.00331357987
v 0.00119939095 -0.00366077802 0.00332710115
f 193 195 194
v 0.00120037539 -0.00362833453 0.00324074172
v 0.0011767509 -0.00361310886 0.00326273912
v 0.00124711087 -0.00362982173 0.00325493202
f 196 198 197
v 0.00115082321 -0.00365978412 0.00331357987
v 0.00109330049 -0.00363091021 0.00329269351
v 0.00119939095 -0.00366077802 0.00332710115
f 199 201 200
v 0.00139194908 -0.00359141341 0.00322668238
v 0.00134654201 -0.00364552907 0.00327098351
v 0.00144105124 -0.00364742518 0.00331837145
f 202 204 203
v 0.00104054634 -0.00356863966 0.00320286636
v 0.00120037539 -0.00362833453 0.00324074172
v 0.00124711087 -0.00362982173 0.00325493202
f 205 207 206
v 0.00120037539 -0.00362833453 0.00324074172
v 0.00104054634 -0.00356863966 0.00320286636
v 0.0011767509 -0.00361310886 0.00326273912
f 208 210 209
v 0.00187143687 -0.00377204051 0.0033644752
v 0.00192822026 -0.00378379991 0.00339896505
v 0.00192742682 -0.00381286736 0.00344307664
f 211 213 212
v 0.0018222896 -0.00375933523 0.00340973493
v 0.00187143687 -0.00377204051 0.0033644752
v 0.00192742682 -0.00381286736 0.00344307664
f 214 216 215
v 0.00182748427 -0.00369630652 0.00326178888
v 0.00177327911 -0.00366115637 0.0032633161
v 0.00192006792 -0.00371145361 0.00326219706
f 217 219 218
v 0.00233680912 -0.00392365255 0.00345006847
v 0.00228372919 -0.0039272134 0.00348033245
v 0.0024981864 -0.00392407601 0.00308050876
f 220 222 221
v 0.00202280116 -0.00383430524 0.00340825209
v 0.00230108526 -0.00386231186 0.0033939632
v 0.00228372919 -0.0039272134 0.00348033245
f 223 225 224
v 0.00228782119 -0.00390187124 0.00347078749
v 0.00202280116 -0.00383430524 0.00340825209
v 0.00228372919 -0.0039272134 0.00348033245
f 226 228 227
v 0.00205879132 -0.00375875461 0.00333357784
v 0.00192160533 -0.00367743996 0.00322136148
v 0.00195053199 -0.00376697062 0.00331325864
f 229 231 230
v 0.0018203018 -0.00371722199 0.00325939509
v 0.00192006792 -0.00371145361 0.00326219706
v 0.00195053199 -0.00376697062 0.00331325864
f 232 234 233
v 0.00192006792 -0.00371145361 0.00326219706
v 0.0018203018 -0.00371722199 0.00325939509
v 0.00186384659 -0.00368538531 0.00311281401
f 235 237 236
v 0.00195053199 -0.00376697062 0.00331325864
v 0.00186384659 -0.00368538531 0.00311281401
v 0.00202280116 -0.00383430524 0.00340825209
f 238 240 239
v 0.00208924685 -0.00385534149 0.00345506705
v 0.00207192952 -0.00382511716 0.0034743658
v 0.00213386375 -0.00386425017 0.00346686938
f 241 243 242
v 0.00192822026 -0.00378379991 0.00339896505
v 0.00187143687 -0.00377204051 0.0033644752
v 0.00202280116 -0.00383430524 0.00340825209
f 244 246 245
v 0.00195053199 -0.00376697062 0.00331325864
v 0.00192160533 -0.00367743996 0.00322136148
v 0.00192590469 -0.00373171715 0.0033514174
f 247 249 248
v 0.00195053199 -0.00376697062 0.00331325864
v 0.00192590469 -0.00373171715 0.0033514174
v 0.00205879132 -0.00375875461 0.00333357784
f 250 252 251
v 0.00182748427 -0.00369630652 0.00326178888
v 0.0018203018 -0.00371722199 0.00325939509
v 0.00187143687 -0.00377204051 0.0033644752
f 253 255 254
v 0.00187143687 -0.00377204051 0.0033644752
v 0.0018203018 -0.00371722199 0.00325939509
v 0.00195053199 -0.00376697062 0.00331325864
f 256 258 257
v 0.00204878761 -0.00379561461 0.00341436426
v 0.00197599165 -0.0038271588 0.00344788168
v 0.00207192952 -0.00382511716 0.0034743658
f 259 261 260
v 0.00192590469 -0.00373171715 0.0033514174
v 0.00192822026 -0.00378379991 0.00339896505
v 0.00204878761 -0.00379561461 0.00341436426
f 262 264 263
v 0.00187143687 -0.00377204051 0.0033644752
v 0.00195053199 -0.00376697062 0.00331325864
v 0.00202280116 -0.00383430524 0.00340825209
f 265 267 266
v 0.00202280116 -0.00383430524 0.00340825209
v 0.00192590469 -0.00373171715 0.0033514174
v 0.00204878761 -0.00379561461 0.00341436426
f 268 270 269
v 0.00172242817 -0.00365859378 0.00318634375
v 0.00177327911 -0.00366115637 0.0032633161
v 0.00177091988 -0.00365626256 0.00319739702
f 271 273 272
v 0.00155791658 -0.00357474855 0.00314187964
v 0.0016151389 -0.00361359635 0.00311204458
v 0.00163049335 -0.00361556522 0.00314968602
f 274 276 275
v 0.00163049335 -0.00361556522 0.00314968602
v 0.00161125226 -0.00353054857 0.00307680311
v 0.00158152379 -0.00365258384 0.00326134068
f 277 279 278
v 0.00151563336 -0.00361113853 0.00320316467
v 0.00163049335 -0.00361556522 0.00314968602
v 0.00151785925 -0.0036397767 0.00324537868
f 280 282 281
v 0.00140873435 -0.00356030723 0.00313973178
v 0.00135881455 -0.00359643527 0.00319203536
v 0.00139194908 -0.00359141341 0.00322668238
f 283 285 284
v 0.00131472316 -0.00360061458 0.00318151178
v 0.00127040666 -0.00362554492 0.00314592435
v 0.00140534339 -0.00362157371 0.00318137427
f 286 288 287
v 0.00140873435 -0.00356030723 0.00313973178
v 0.00149408352 -0.00359974874 0.00309274219
v 0.00140534339 -0.00362157371 0.00318137427
f 289 291 290
v 0.00135881455 -0.00359643527 0.00319203536
v 0.00140534339 -0.00362157371 0.00318137427
v 0.00134654201 -0.00364552907 0.00327098351
f 292 294 293
v 0.00140873435 -0.00356030723 0.00313973178
v 0.00127040666 -0.00362554492 0.00314592435
v 0.00149408352 -0.00359974874 0.00309274219
f 295 297 296
v 0.00177053607 -0.00365318338 0.00312229458
v 0.00183138382 -0.00361599305 0.00313480305
v 0.00183104112 -0.0036888312 0.00317373378
f 298 300 299
v 0.00183138382 -0.00361599305 0.00313480305
v 0.00177053607 -0.00365318338 0.00312229458
v 0.00186384659 -0.00368538531 0.00311281401
f 301 303 302
v 0.00163049335 -0.00361556522 0.00314968602
v 0.00177053607 -0.00365318338 0.00312229458
v 0.00172242817 -0.00365859378 0.00318634375
f 304 306 305
v 0.00163049335 -0.00361556522 0.00314968602
v 0.00165045094 -0.00360286285 0.0030392237
v 0.00177053607 -0.00365318338 0.00312229458
f 307 309 308
v 0.00155791658 -0.00357474855 0.00314187964
v 0.00146611274 -0.00360634804 0.00318754137
v 0.00151563336 -0.00361113853 0.00320316467
f 310 312 311
v 0.00146611274 -0.00360634804 0.00318754137
v 0.00139194908 -0.00359141341 0.00322668238
v 0.00151563336 -0.00361113853 0.00320316467
f 313 315 314
v 0.00155791658 -0.00357474855 0.00314187964
v 0.00149408352 -0.00359974874 0.00309274219
v 0.0016151389 -0.00361359635 0.00311204458
f 316 318 317
v 0.00139194908 -0.00359141341 0.00322668238
v 0.00141979854 -0.00363094514 0.00325793117
v 0.00146018083 -0.00363437794 0.00326930203
f 319 321 320
v 0.00179207036 -0.00336737357 0.00288351639
v 0.00165045094 -0.00360286285 0.0030392237
v 0.00186384659 -0.00368538531 0.00311281401
f 322 324 323
v 0.00161125226 -0.00353054857 0.00307680311
v 0.00149408352 -0.00359974874 0.00309274219
v 0.00165045094 -0.00360286285 0.0030392237
f 325 327 326
v 0.00141979854 -0.00363094514 0.00325793117
v 0.00139194908 -0.00359141341 0.00322668238
v 0.00144105124 -0.00364742518 0.00331837145
f 328 330 329
v 0.00141979854 -0.00363094514 0.00325793117
v 0.00146018083 -0.00363437794 0.00326930203
v 0.00144105124 -0.00364742518 0.00331837145
f 331 333 332
v 0.00192160533 -0.00367743996 0.00322136148
v 0.00183104112 -0.0036888312 0.00317373378
v 0.00186384659 -0.00368538531 0.00311281401
f 334 336 335
v 0.00163049335 -0.00361556522 0.00314968602
v 0.00179207036 -0.00336737357 0.00288351639
v 0.00161125226 -0.00353054857 0.00307680311
f 337 339 338
v 0.00161125226 -0.00353054857 0.00307680311
v 0.00104054634 -0.00356863966 0.00320286636
v 0.00140873435 -0.00356030723 0.00313973178
f 340 342 341
v 0.000822806487 -0.00368959663 0.00340135557
v 0.000721797369 -0.0037316604 0.00344689797
v 0.00083032819 -0.00371472197 0.00346457055
f 343 345 344
v 0.000830394583 -0.00372082213 0.00343506435
v 0.000822806487 -0.00368959663 0.00340135557
v 0.00083032819 -0.00371472197 0.00346457055
f 346 348 347
v 0.000822806487 -0.00368959663 0.00340135557
v 0.000830394583 -0.00372082213 0.00343506435
v 0.000885342979 -0.00371779824 0.00345048502
f 349 351 350
v 0.000830394583 -0.00372082213 0.00343506435
v 0.00083032819 -0.00371472197 0.00346457055
v 0.000885342979 -0.00371779824 0.00345048502
f 352 354 353
v 0.000721797369 -0.0037316604 0.00344689797
v 0.000777174046 -0.0037453683 0.00347424102
v 0.000725825521 -0.00375079908 0.00347954883
f 355 357 356
v 0.000530568013 -0.00374019801 0.00334615106
v 0.000553740801 -0.0037383892 0.00343739812
v 0.000692237882 -0.00374733572 0.00349232832
f 358 360 359
v 0.000530568013 -0.00374019801 0.00334615106
v 0.000669594738 -0.00375527961 0.00333129028
v 0.000595975916 -0.00376841708 0.00342424173
f 361 363 362
v 0.000530568013 -0.00374019801 0.00334615106
v 0.000595975916 -0.00376841708 0.00342424173
v 0.000396373161 -0.003790146 0.00345615372
f 364 366 365
v 0.000669893234 -0.00373786679 0.00343172433
v 0.000530568013 -0.00374019801 0.00334615106
v 0.000692237882 -0.00374733572 0.00349232832
f 367 369 368
v 0.000510241352 -0.00374673909 0.00342392923
v 0.000396373161 -0.003790146 0.00345615372
v 0.000595975916 -0.00376841708 0.00342424173
f 370 372 371
v 0.000510241352 -0.00374673909 0.00342392923
v 0.000464776622 -0.00370991693 0.00342503663
v 0.000553740801 -0.0037383892 0.00343739812
f 373 375 374
v 0.000692237882 -0.00374733572 0.00349232832
v 0.000553740801 -0.0037383892 0.00343739812
v 0.000558772854 -0.00376508906 0.00348040958
f 376 378 377
v 0.000464776622 -0.00370991693 0.00342503663
v 0.00046468549 -0.00376017051 0.00349203656
v 0.000506532433 -0.00375599848 0.0035023706
f 379 381 380
v 0.000553740801 -0.0037383892 0.00343739812
v 0.000595975916 -0.00376841708 0.00342424173
v 0.000558772854 -0.00376508906 0.00348040958
f 382 384 383
v 0.00109330049 -0.00363091021 0.00329269351
v 0.00112997595 -0.00366583772 0.00324878238
v 0.000964646824 -0.00369724803 0.00329871036
f 385 387 386
v 0.000964646824 -0.00369724803 0.00329871036
v 0.000669594738 -0.00375527961 0.00333129028
v 0.000530568013 -0.00374019801 0.00334615106
f 388 390 389
v -0.000404382672 -0.00399973287 0.00291162924
v 0.000964646824 -0.00369724803 0.00329871036
v 0.000530568013 -0.00374019801 0.00334615106
f 391 393 392
v 0.000822806487 -0.00368959663 0.00340135557
v 0.000816502961 -0.00373271978 0.00337196798
v 0.000777174046 -0.0037453683 0.00347424102
f 394 396 395
v 0.000881350661 -0.00369327972 0.00336238772
v 0.000822806487 -0.00368959663 0.00340135557
v 0.000934800482 -0.00369228292 0.00337773163
f 397 399 398
v 0.000692237882 -0.00374733572 0.00349232832
v 0.000595975916 -0.00376841708 0.00342424173
v 0.000725825521 -0.00375079908 0.00347954883
f 400 402 401
v 0.000669893234 -0.00373786679 0.00343172433
v 0.000692237882 -0.00374733572 0.00349232832
v 0.000721797369 -0.0037316604 0.00344689797
f 403 405 404
v 0.00104054634 -0.00356863966 0.00320286636
v 0.000669594738 -0.00375527961 0.00333129028
v 0.000964646824 -0.00369724803 0.00329871036
f 406 408 407
v 0.00104054634 -0.00356863966 0.00320286636
v 0.000464776622 -0.00370991693 0.00342503663
v 0.000530568013 -0.00374019801 0.00334615106
f 409 411 410
v 0.00104113897 -0.00367994871 0.00333002681
v 0.00104054634 -0.00356863966 0.00320286636
v 0.000934800482 -0.00369228292 0.00337773163
f 412 414 413
v 0.00104054634 -0.00356863966 0.00320286636
v 0.000964646824 -0.00369724803 0.00329871036
v 0.000816502961 -0.00373271978 0.00337196798
f 415 417 416
v 0.00104054634 -0.00356863966 0.00320286636
v 0.000881350661 -0.00369327972 0.00336238772
v 0.000934800482 -0.00369228292 0.00337773163
f 418 420 419
v 0.00104054634 -0.00356863966 0.00320286636
v 0.000530568013 -0.00374019801 0.00334615106
v 0.000822806487 -0.00368959663 0.00340135557
f 421 423 422
v 0.000881350661 -0.00369327972 0.00336238772
v 0.00104054634 -0.00356863966 0.00320286636
v 0.000822806487 -0.00368959663 0.00340135557
f 424 426 425
v 0.000822806487 -0.00368959663 0.00340135557
v 0.000669594738 -0.00375527961 0.00333129028
v 0.000816502961 -0.00373271978 0.00337196798
f 427 429 428
v 0.000530568013 -0.00374019801 0.00334615106
v 0.000396373161 -0.003790146 0.00345615372
v 0.00017618645 -0.00379715129 0.00345672779
f 430 432 431
v 0.00104054634 -0.00356863966 0.00320286636
v 0.00179207036 -0.00336737357 0.00288351639
v 5.83645942e-05 -0.00373498115 0.00342690801
f 433 435 434
v 0.00179207036 -0.00336737357 0.00288351639
v 0.00104054634 -0.00356863966 0.00320286636
v 0.00161125226 -0.00353054857 0.00307680311
f 436 438 437
v 0.00104054634 -0.00356863966 0.00320286636
v -0.000404382672 -0.00399973287 0.00291162924
v 0.00127040666 -0.00362554492 0.00314592435
f 439 441 440
v 0.00104054634 -0.00356863966 0.00320286636
v 0.00127040666 -0.00362554492 0.00314592435
v 0.00112997595 -0.00366583772 0.00324878238
f 442 444 443
v 0.000396373161 -0.003790146 0.00345615372
v 0.000360825561 -0.00377458564 0.00353210453
v 0.000354001327 -0.00375251329 0.0034974506
f 445 447 446
v 0.00046468549 -0.00376017051 0.00349203656
v 0.000439054065 -0.00373657895 0.00350033843
v 0.000506532433 -0.00375599848 0.0035023706
f 448 450 449
v 0.000298414056 -0.00376112512 0.00348169015
v 0.00017618645 -0.00379715129 0.00345672779
v 0.000396373161 -0.003790146 0.00345615372
f 451 453 452
v 5.83645942e-05 -0.00373498115 0.00342690801
v 6.09619121e-05 -0.0038111968 0.00346048182
v 0.000530568013 -0.00374019801 0.00334615106
f 454 456 455
v 5.83645942e-05 -0.00373498115 0.00342690801
v 0.000530568013 -0.00374019801 0.00334615106
v 0.00017618645 -0.00379715129 0.00345672779
f 457 459 458
v 0.00254483184 -0.00391592985 0.00326195695
v 0.00253347371 -0.00392125294 0.00330869334
v 0.0024911782 -0.00391652065 0.00329832001
f 460 462 461
v 0.00269628963 -0.00390861314 0.00321017615
v 0.00268870845 -0.00386377142 0.00310729556
v 0.00263674101 -0.00385761741 0.00313677338
f 463 465 464
v 0.00254483184 -0.00391592985 0.00326195695
v 0.0024981864 -0.00392407601 0.00308050876
v 0.00255282703 -0.00377970064 0.00304507921
f 466 468 467
v 0.00269628963 -0.00390861314 0.00321017615
v 0.00263674101 -0.00385761741 0.00313677338
v 0.00254483184 -0.00391592985 0.00326195695
f 469 471 470
v 0.00263674101 -0.00385761741 0.00313677338
v 0.00260810539 -0.00390767891 0.00316040205
v 0.00254483184 -0.00391592985 0.00326195695
f 472 474 473
v 0.00264611208 -0.00386077227 0.00309604693
v 0.00263674101 -0.00385761741 0.00313677338
v 0.00268870845 -0.00386377142 0.00310729556
f 475 477 476
v 0.00276734736 -0.00376813914 0.00284612688
v 0.00280245386 -0.00382614016 0.00288459214
v 0.00284818088 -0.00383392689 0.00289397722
f 478 480 479
v 0.00285027745 -0.00383137594 0.00284804155
v 0.00276734736 -0.00376813914 0.00284612688
v 0.00284818088 -0.00383392689 0.00289397722
f 481 483 482
v 0.00284000853 -0.00371196438 0.00253631661
v 0.00284128255 -0.0037365935 0.00260095003
v 0.00279694596 -0.00372255527 0.00259038952
f 484 486 485
v 0.00285360911 -0.00369832196 0.00247516
v 0.00284000853 -0.00371196438 0.00253631661
v 0.00269740212 -0.00374939773 0.00264226073
f 487 489 488
v 0.0027943106 -0.00377600591 0.00274062495
v 0.00276734736 -0.00376813914 0.00284612688
v 0.00284277157 -0.00378736222 0.00275092953
f 490 492 491
v 0.00279939359 -0.00386283427 0.00303305442
v 0.00255282703 -0.00377970064 0.00304507921
v 0.00285360729 -0.00387074033 0.00304387304
f 493 495 494
v 0.00255282703 -0.00377970064 0.00304507921
v 0.00264611208 -0.00386077227 0.00309604693
v 0.00268870845 -0.00386377142 0.00310729556
f 496 498 497
v 0.00381470636 -0.00412502632 0.00236070755
v 0.00381286918 -0.00408914275 0.00235409661
v 0.0039369279 -0.00415468749 0.00233851879
f 499 501 500
v 0.0049498678 -0.00391841531 0.000628196312
v 0.00381470636 -0.00412502632 0.00236070755
v 0.0039369279 -0.00415468749 0.00233851879
f 502 504 503
v 0.00346116904 -0.00394979652 0.00235455173
v 0.00381470636 -0.00412502632 0.00236070755
v 0.00382791804 -0.00412096633 0.00240741192
f 505 507 506
v 0.00346116904 -0.00394979652 0.00235455173
v 0.00386471547 -0.00418655618 0.00233979863
v 0.00381470636 -0.00412502632 0.00236070755
f 508 510 509
v 0.00298167288 -0.00366413369 0.00229777706
v 0.0028949853 -0.0036798876 0.00237847726
v 0.00294357342 -0.00369743138 0.00238755838
f 511 513 512
v 0.00300455558 -0.0038094724 0.00221193859
v 0.00298167288 -0.00366413369 0.00229777706
v 0.00294357342 -0.00369743138 0.00238755838
f 514 516 515
v 0.0049498678 -0.00391841531 0.000628196312
v 0.00276540177 -0.00351941053 0.00226696666
v 0.00298167288 -0.00366413369 0.00229777706
f 517 519 518
v 0.0049498678 -0.00391841531 0.000628196312
v 0.00298167288 -0.00366413369 0.00229777706
v 0.00346116904 -0.00394979652 0.00235455173
f 520 522 521
v 0.0028949853 -0.0036798876 0.00237847726
v 0.00276540177 -0.00351941053 0.00226696666
v 0.00294357342 -0.00369743138 0.00238755838
f 523 525 524
v 0.00461134914 -0.00444026737 0.00229643829
v 0.00451958695 -0.00446378472 0.00237350632
v 0.00456586786 -0.00446903068 0.00238195589
f 526 528 527
v 0.00451958695 -0.00446378472 0.00237350632
v 0.00444148682 -0.00439438954 0.00236760698
v 0.00456586786 -0.00446903068 0.00238195589
f 529 531 530
v 0.00475109446 -0.00452902677 0.00228355875
v 0.00470391969 -0.0045200075 0.00229831658
v 0.00470226223 -0.00453630128 0.0023446466
f 532 534 533
v 0.00466558995 -0.00452496824 0.00234779964
v 0.00461134914 -0.00444026737 0.00229643829
v 0.00456586786 -0.00446903068 0.00238195589
f 535 537 536
v 0.00466554557 -0.00452355671 0.0022883507
v 0.00461134914 -0.00444026737 0.00229643829
v 0.00470391969 -0.0045200075 0.00229831658
f 538 540 539
v 0.00470391969 -0.0045200075 0.00229831658
v 0.00475109446 -0.00452902677 0.00228355875
v 0.00466554557 -0.00452355671 0.0022883507
f 541 543 542
v 0.0049498678 -0.00391841531 0.000628196312
v 0.00461134914 -0.00444026737 0.00229643829
v 0.00475109446 -0.00452902677 0.00228355875
f 544 546 545
v 0.0049498678 -0.00391841531 0.000628196312
v 0.00444148682 -0.00439438954 0.00236760698
v 0.00461134914 -0.00444026737 0.00229643829
f 547 549 548
v 0.00363264953 -0.00499721427 0.00155985563
v 0.00466558995 -0.00452496824 0.00234779964
v 0.00447622879 -0.0044594497 0.00239448109
f 550 552 551
v 0.00505330063 -0.00468191793 0.00216884564
v 0.00498984846 -0.0046361667 0.00212470277
v 0.00498057379 -0.00465925332 0.00216142453
f 553 555 554
v 0.00503510419 -0.00466694837 0.00206551467
v 0.0049498678 -0.00391841531 0.000628196312
v 0.00505330063 -0.00468191793 0.00216884564
f 556 558 557
v 0.0049498678 -0.00391841531 0.000628196312
v 0.00512313818 -0.00458329814 0.00183637512
v 0.00524884708 -0.00445678816 0.00147009168
f 559 561 560
v 0.00512313818 -0.00458329814 0.00183637512
v 0.00523061935 -0.00451200103 0.00144890282
v 0.00511360158 -0.0046167952 0.00188344293
f 562 564 563
v 0.00498984846 -0.0046361667 0.00212470277
v 0.00503510419 -0.00466694837 0.00206551467
v 0.00498057379 -0.00465925332 0.00216142453
f 565 567 566
v 0.00505330063 -0.00468191793 0.00216884564
v 0.0049498678 -0.00391841531 0.000628196312
v 0.00498984846 -0.0046361667 0.00212470277
f 568 570 569
v 0.00363264953 -0.00499721427 0.00155985563
v 0.004899345 -0.00465452395 0.00216807402
v 0.00484163647 -0.00457349452 0.00221336686
f 571 573 572
v 0.00484163647 -0.00457349452 0.00221336686
v 0.004899345 -0.00465452395 0.00216807402
v 0.00483781369 -0.0045930974 0.0022487302
f 574 576 575
v 0.0049498678 -0.00391841531 0.000628196312
v 0.00523061935 -0.00451200103 0.00144890282
v 0.00363264953 -0.00499721427 0.00155985563
f 577 579 578
v 0.00470391969 -0.0045200075 0.00229831658
v 0.00363264953 -0.00499721427 0.00155985563
v 0.00470226223 -0.00453630128 0.0023446466
f 580 582 581
v 0.00512313818 -0.00458329814 0.00183637512
v 0.00363264953 -0.00499721427 0.00155985563
v 0.00523061935 -0.00451200103 0.00144890282
f 583 585 584
v 0.00417945776 -0.0043274973 0.00236582418
v 0.0049498678 -0.00391841531 0.000628196312
v 0.00396838259 -0.00418856143 0.00239054843
f 586 588 587
v 0.00386471547 -0.00418655618 0.00233979863
v 0.0039369279 -0.00415468749 0.00233851879
v 0.00396838259 -0.00418856143 0.00239054843
f 589 591 590
v 0.0039369279 -0.00415468749 0.00233851879
v 0.00417945776 -0.0043274973 0.00236582418
v 0.00396838259 -0.00418856143 0.00239054843
f 592 594 593
v 0.0039369279 -0.00415468749 0.00233851879
v 0.00386471547 -0.00418655618 0.00233979863
v 0.00417945776 -0.0043274973 0.00236582418
f 595 597 596
v 0.00381470636 -0.00412502632 0.00236070755
v 0.00386471547 -0.00418655618 0.00233979863
v 0.00382791804 -0.00412096633 0.00240741192
f 598 600 599
v 0.00382791804 -0.00412096633 0.00240741192
v 0.00386471547 -0.00418655618 0.00233979863
v 0.00396838259 -0.00418856143 0.00239054843
f 601 603 602
v 0.00346116904 -0.00394979652 0.00235455173
v 0.00300455558 -0.0038094724 0.00221193859
v 0.00386471547 -0.00418655618 0.00233979863
f 604 606 605
v 0.00436467744 -0.00439979412 0.00242193546
v 0.00441572702 -0.00442635719 0.00241436974
v 0.00441983648 -0.00441172378 0.00238533157
f 607 609 608
v 0.00441983648 -0.00441172378 0.00238533157
v 0.00447622879 -0.0044594497 0.00239448109
v 0.00441572702 -0.00442635719 0.00241436974
f 610 612 611
v 0.00255282703 -0.00377970064 0.00304507921
v 0.00205879132 -0.00375875461 0.00333357784
v 0.00230108526 -0.00386231186 0.0033939632
f 613 615 614
v 0.00270494293 -0.0036918871 0.00266759362
v 0.00269740212 -0.00374939773 0.00264226073
v 0.00273132664 -0.00386854736 0.00293277608
f 616 618 617
v 0.00270494293 -0.0036918871 0.00266759362
v 0.0024981864 -0.00392407601 0.00308050876
v 0.00269740212 -0.00374939773 0.00264226073
f 619 621 620
v 0.00274734502 -0.00368450783 0.00251430938
v 0.00269740212 -0.00374939773 0.00264226073
v 0.0024981864 -0.00392407601 0.00308050876
f 622 624 623
v 0.00167165545 -0.00302816134 0.00170318926
v 0.0024981864 -0.00392407601 0.00308050876
v 0.00186384659 -0.00368538531 0.00311281401
f 625 627 626
v 0.00165045094 -0.00360286285 0.0030392237
v 0.00167165545 -0.00302816134 0.00170318926
v 0.00186384659 -0.00368538531 0.00311281401
f 628 630 629
v 0.00255282703 -0.00377970064 0.00304507921
v 0.00179207036 -0.00336737357 0.00288351639
v 0.00205879132 -0.00375875461 0.00333357784
f 631 633 632
v 0.00276540177 -0.00351941053 0.00226696666
v 0.00270494293 -0.0036918871 0.00266759362
v 0.00274734502 -0.00368450783 0.00251430938
f 634 636 635
v 0.00276540177 -0.00351941053 0.00226696666
v 0.00179207036 -0.00336737357 0.00288351639
v 0.00255282703 -0.00377970064 0.00304507921
f 637 639 638
v 0.000954889765 -0.00645658438 0.000247024468
v 0.00324976791 -0.0068323061 0.000367709413
v 0.00363264953 -0.00499721427 0.00155985563
f 640 642 641
v 0.0024911782 -0.00391652065 0.00329832001
v 0.00230108526 -0.00386231186 0.0033939632
v 0.00253347371 -0.00392125294 0.00330869334
f 643 645 644
v 0.00233680912 -0.00392365255 0.00345006847
v 0.00228782119 -0.00390187124 0.00347078749
v 0.00238421453 -0.00392870643 0.00346190827
f 646 648 647
v 0.00270494293 -0.0036918871 0.00266759362
v 0.00255282703 -0.00377970064 0.00304507921
v 0.00276734736 -0.00376813914 0.00284612688
f 649 651 650
v 0.00276540177 -0.00351941053 0.00226696666
v 0.00274734502 -0.00368450783 0.00251430938
v 0.00284000853 -0.00371196438 0.00253631661
f 652 654 653
v 0.0028949853 -0.0036798876 0.00237847726
v 0.00274734502 -0.00368450783 0.00251430938
v 0.00300455558 -0.0038094724 0.00221193859
f 655 657 656
v 0.00255282703 -0.00377970064 0.00304507921
v 0.00230108526 -0.00386231186 0.0033939632
v 0.00254483184 -0.00391592985 0.00326195695
f 658 660 659
v -0.00136625649 -0.00369106201 0.00319863793
v -0.0021020116 -0.00398124321 0.00322693741
v -0.00147083283 -0.00377033357 0.00337395286
f 661 663 662
v -0.00136625649 -0.00369106201 0.00319863793
v -0.00121516441 -0.00374120646 0.0033883327
v -0.000593336654 -0.00377903998 0.00349766378
f 664 666 665
v -0.00155896014 -0.0041219384 0.00334393881
v -0.00136625649 -0.00369106201 0.00319863793
v -0.00134078009 -0.0037366648 0.0034071687
f 667 669 668
v -0.000593336654 -0.00377903998 0.00349766378
v -0.00121516441 -0.00374120646 0.0033883327
v -0.00137738334 -0.00378148034 0.00339336439
f 670 672 671
v -0.00155896014 -0.0041219384 0.00334393881
v -0.00137738334 -0.00378148034 0.00339336439
v -0.00137705119 -0.0037793674 0.00336722333
f 673 675 674
v -0.00142956014 -0.00380071215 0.00336353951
v -0.00136625649 -0.00369106201 0.00319863793
v -0.00147083283 -0.00377033357 0.00337395286
f 676 678 677
v -0.00142956014 -0.00380071215 0.00336353951
v -0.00137738334 -0.00378148034 0.00339336439
v -0.00147083283 -0.00377033357 0.00337395286
f 679 681 680
v -0.00136625649 -0.00369106201 0.00319863793
v -0.00137705119 -0.0037793674 0.00336722333
v -0.00134078009 -0.0037366648 0.0034071687
f 682 684 683
v -0.000593336654 -0.00377903998 0.00349766378
v -0.000404382672 -0.00399973287 0.00291162924
v -0.000266755637 -0.00380881611 0.00353379546
f 685 687 686
v -0.000380904953 -0.00374798037 0.00349836882
v -0.000669126257 -0.00372412396 0.00341451196
v -0.000404382672 -0.00399973287 0.00291162924
f 688 690 689
v -0.000404382672 -0.00399973287 0.00291162924
v -0.000669126257 -0.00372412396 0.00341451196
v -0.000677048592 -0.00374510782 0.00347534697
f 691 693 692
v -0.00155896014 -0.0041219384 0.00334393881
v -0.000404382672 -0.00399973287 0.00291162924
v -0.000593336654 -0.00377903998 0.00349766378
f 694 696 695
v -0.000677048592 -0.00374510782 0.00347534697
v -0.000669126257 -0.00372412396 0.00341451196
v -0.00155896014 -0.0041219384 0.00334393881
f 697 699 698
v -0.00166456884 -0.00237269032 0.00101545202
v -0.00136625649 -0.00369106201 0.00319863793
v 5.83645942e-05 -0.00373498115 0.00342690801
f 700 702 701
v -0.00136625649 -0.00369106201 0.00319863793
v -0.000593336654 -0.00377903998 0.00349766378
v -0.000669126257 -0.00372412396 0.00341451196
f 703 705 704
v -0.0021020116 -0.00398124321 0.00322693741
v -0.00338387108 -0.00344867149 0.00199493261
v -0.00274976755 -0.00387900582 0.00284312155
f 706 708 707
v 0.00179207036 -0.00336737357 0.00288351639
v -0.00166456884 -0.00237269032 0.00101545202
v 5.83645942e-05 -0.00373498115 0.00342690801
f 709 711 710
v -0.00199462065 -0.00581111017 0.00217777397
v -0.000407837206 -0.0067443194 0.00167958915
v -0.000404382672 -0.00399973287 0.00291162924
f 712 714 713
v -0.00199462065 -0.00581111017 0.00217777397
v -0.000404382672 -0.00399973287 0.00291162924
v -0.00155896014 -0.0041219384 0.00334393881
f 715 717 716
v -0.00166456884 -0.00237269032 0.00101545202
v -0.0021020116 -0.00398124321 0.00322693741
v -0.00136625649 -0.00369106201 0.00319863793
f 718 720 719
v -0.0028897668 -0.00396134637 0.00285673486
v -0.00301505515 -0.00386316096 0.00277186955
v -0.00357300123 -0.00353804062 0.00224004816
f 721 723 722
v -0.00301796936 -0.00644192623 0.00182484637
v -0.00199462065 -0.00581111017 0.00217777397
v -0.00155896014 -0.0041219384 0.00334393881
f 724 726 725
v -0.00301796936 -0.00644192623 0.00182484637
v -0.00155896014 -0.0041219384 0.00334393881
v -0.0028897668 -0.00396134637 0.00285673486
f 727 729 728
v -0.00485956516 -0.0046469504 0.000730008151
v -0.00447627717 -0.00443224126 0.00087264234
v -0.00447627062 -0.00443233148 0.000872805322
f 730 732 731
v -0.0042997719 -0.00454571127 0.000848121726
v -0.00447627062 -0.00443233148 0.000872805322
v -0.00447627717 -0.00443224126 0.00087264234
f 733 735 734
v -0.00447301463 -0.00486119097 0.000702993475
v -0.00442672572 -0.00480339804 0.000729697922
v -0.00442671771 -0.00480349845 0.000729921248
f 736 738 737
v -0.00439775649 -0.00483719487 0.00071942427
v -0.00442671771 -0.00480349845 0.000729921248
v -0.00442672572 -0.00480339804 0.000729697922
f 739 741 740
v -0.00441071061 -0.00496407738 0.000669313567
v -0.0044370001 -0.00492244726 0.000682919062
v -0.00443698918 -0.00492236286 0.000682690688
f 742 744 743
v -0.00447627062 -0.00443233148 0.000872805322
v -0.0042997719 -0.00454571127 0.000848121726
v -0.00430326254 -0.00361013663 0.00123265045
f 745 747 746
v -0.000407837206 -0.0067443194 0.00167958915
v 0.000954889765 -0.00645658438 0.000247024468
v 0.00167165545 -0.00302816134 0.00170318926
f 748 750 749
v -0.00320246982 -0.00968292516 0.00172623677
v -0.000578752588 -0.00942717743 0.0019539506
v -0.00301796936 -0.00644192623 0.00182484637
f 751 753 752
v -0.00301796936 -0.00644192623 0.00182484637
v -0.000578752588 -0.00942717743 0.0019539506
v -0.000407837206 -0.0067443194 0.00167958915
f 754 756 755
v -0.00275438579 -0.00396281321 0.0029042747
v -0.00155896014 -0.0041219384 0.00334393881
v -0.0027688935 -0.00394043673 0.0029173334
f 757 759 758
v -0.0028897668 -0.00396134637 0.00285673486
v -0.00275438579 -0.00396281321 0.0029042747
v -0.0027688935 -0.00394043673 0.0029173334
f 760 762 761
v -0.000324511507 -0.00378577606 0.00353899304
v -0.000593336654 -0.00377903998 0.00349766378
v -0.000266755637 -0.00380881611 0.00353379546
f 763 765 764
v -0.00481912393 -0.00278500993 -0.000461721129
v -0.0050768449 -0.00421160366 -0.000413226417
v -0.0047796515 -0.00344300061 0.000224629616
f 766 768 767
v -0.00442652599 -0.0034161465 0.000696676079
v -0.00481608331 -0.00413180678 0.000905809702
v -0.00430326254 -0.00361013663 0.00123265045
f 769 771 770
v -0.00442652599 -0.0034161465 0.000696676079
v -0.00481912393 -0.00278500993 -0.000461721129
v -0.00477358117 -0.00346423039 0.000219722483
f 772 774 773
v -0.00477358117 -0.00346423039 0.000219722483
v -0.00481608331 -0.00413180678 0.000905809702
v -0.0047796515 -0.00344300061 0.000224629616
f 775 777 776
v -0.0050768449 -0.00421160366 -0.000413226417
v -0.00477358117 -0.00346423039 0.000219722483
v -0.0047796515 -0.00344300061 0.000224629616
f 778 780 779
v -0.00531105579 -0.00285799943 -0.00348401336
v -0.00190076498 -0.000279158894 -0.00377614779
v -0.00370669113 -0.0019157922 -0.00454477886
f 781 783 782
v 0.0015772006 -0.00158151179 -0.0020503121
v -0.00166456884 -0.00237269032 0.00101545202
v 0.00179207036 -0.00336737357 0.00288351639
f 784 786 785
v 0.00540522087 -0.0034736564 -0.000457139458
v 0.0015772006 -0.00158151179 -0.0020503121
v 0.00276540177 -0.00351941053 0.00226696666
f 787 789 788
v 0.00401743528 -0.00318525344 -0.0040614359
v 0.00399573546 -0.00317222366 -0.00404518432
v 0.00411050787 -0.00329057293 -0.00388241642
f 790 792 791
v 0.0041134088 -0.00330382973 -0.00398350967
v 0.00394076887 -0.00328534297 -0.00418938871
v 0.00414603564 -0.00330390249 -0.00396416399
f 793 795 794
v 0.00377789365 -0.00324803332 -0.00398303819
v 0.00433224341 -0.00346574016 -0.00376770367
v 0.00437807466 -0.00346027882 -0.00374357805
f 796 798 797
v 0.00434348549 -0.00348148242 -0.00369392292
v 0.0043840515 -0.00353167925 -0.00369485679
v 0.00441758384 -0.00352750139 -0.00367896209
f 799 801 800
v 0.00441758384 -0.00352750139 -0.00367896209
v 0.00442062374 -0.00349946567 -0.00371293318
v 0.00446292324 -0.00352766147 -0.00366475324
f 802 804 803
v 0.00444995567 -0.00353524447 -0.00363711624
v 0.0053572141 -0.00394989984 -0.0028614164
v 0.00446292324 -0.00352766147 -0.00366475324
f 805 807 806
v 0.00444995567 -0.00353524447 -0.00363711624
v 0.0043840515 -0.00353167925 -0.00369485679
v 0.00434348549 -0.00348148242 -0.00369392292
f 808 810 809
v 0.00425524995 -0.00339153557 -0.00382858525
v 0.00427153427 -0.00346263478 -0.00383960905
v 0.00421145596 -0.0033652912 -0.00390040695
f 811 813 812
v 0.00387711298 -0.00333505377 -0.00428199965
v 0.00394076887 -0.00328534297 -0.00418938871
v 0.00421145596 -0.0033652912 -0.00390040695
f 814 816 815
v 0.00336243029 -0.00487764264 -0.00433794739
v 0.00387711298 -0.00333505377 -0.00428199965
v 0.00421145596 -0.0033652912 -0.00390040695
f 817 819 818
v 0.00336243029 -0.00487764264 -0.00433794739
v 0.00421145596 -0.0033652912 -0.00390040695
v 0.00427153427 -0.00346263478 -0.00383960905
f 820 822 821
v 0.00421145596 -0.0033652912 -0.00390040695
v 0.00394076887 -0.00328534297 -0.00418938871
v 0.0041134088 -0.00330382973 -0.00398350967
f 823 825 824
v 0.00421145596 -0.0033652912 -0.00390040695
v 0.0041134088 -0.00330382973 -0.00398350967
v 0.00414603564 -0.00330390249 -0.00396416399
f 826 828 827
v 0.00434348549 -0.00348148242 -0.00369392292
v 0.00377789365 -0.00324803332 -0.00398303819
v 0.00444995567 -0.00353524447 -0.00363711624
f 829 831 830
v 0.00425524995 -0.00339153557 -0.00382858525
v 0.00421145596 -0.0033652912 -0.00390040695
v 0.00430039581 -0.00339509206 -0.00381456121
f 832 834 833
v 0.00429038919 -0.00345924709 -0.0037771475
v 0.00336243029 -0.00487764264 -0.00433794739
v 0.00427153427 -0.00346263478 -0.00383960905
f 835 837 836
v 0.00429038919 -0.00345924709 -0.0037771475
v 0.00427153427 -0.00346263478 -0.00383960905
v 0.00433224341 -0.00346574016 -0.00376770367
f 838 840 839
v 0.00411050787 -0.00329057293 -0.00388241642
v 0.00425524995 -0.00339153557 -0.00382858525
v 0.00430039581 -0.00339509206 -0.00381456121
f 841 843 842
v 0.00392105685 -0.00322021879 -0.00418828895
v 0.00394076887 -0.00328534297 -0.00418938871
v 0.00391188551 -0.00321993211 -0.00422491612
f 844 846 845
v 0.0038191949 -0.00336870507 -0.0043501499
v 0.00292008317 -0.00412728332 -0.0054027365
v 0.00381243553 -0.00337364108 -0.00439687174
f 847 849 848
v 0.00389603701 -0.00329117975 -0.00423804595
v 0.00387711298 -0.00333505377 -0.00428199965
v 0.00388726003 -0.00328831884 -0.00426849219
f 850 852 851
v 0.00387711298 -0.00333505377 -0.00428199965
v 0.00384283157 -0.00327264206 -0.00424871869
v 0.00388726003 -0.00328831884 -0.00426849219
f 853 855 854
v 0.00292008317 -0.00412728332 -0.0054027365
v 0.0038191949 -0.00336870507 -0.0043501499
v 0.00387711298 -0.00333505377 -0.00428199965
f 856 858 857
v 0.0015772006 -0.00158151179 -0.0020503121
v -0.00190076498 -0.000279158894 -0.00377614779
v -0.00166456884 -0.00237269032 0.00101545202
f 859 861 860
v 0.0024750485 -0.00234588315 -0.00477200592
v 0.000580131109 -0.00188729828 -0.00594587218
v 0.0015772006 -0.00158151179 -0.0020503121
f 862 864 863
v -0.000396856876 -0.00168219485 -0.00592270189
v -0.00129280279 -0.00147321916 -0.00565575137
v -0.00200312079 -0.00146405146 -0.00542809466
f 865 867 866
v -0.00190076498 -0.000279158894 -0.00377614779
v -0.000396856876 -0.00168219485 -0.00592270189
v -0.00200312079 -0.00146405146 -0.00542809466
f 868 870 869
v -0.0014565092 -0.00143309517 -0.00563570102
v -0.00150410651 -0.00142866556 -0.00562890673
v -0.00152343891 -0.00143917496 -0.00560677836
f 871 873 872
v -0.00057293646 -0.00220711881 -0.00628120542
v -0.00109463635 -0.00146642778 -0.00584937407
v -0.00105746394 -0.0015049598 -0.00586982678
f 874 876 875
v -0.0010126565 -0.00148945473 -0.00587296854
v -0.00105746394 -0.0015049598 -0.00586982678
v -0.000396856876 -0.00168219485 -0.00592270189
f 877 879 878
v -0.000396856876 -0.00168219485 -0.00592270189
v -0.00116960009 -0.00149657935 -0.00579740627
v -0.00129280279 -0.00147321916 -0.00565575137
f 880 882 881
v -0.000559447062 -0.00150787464 -0.00605164932
v -0.000719038007 -0.00154329391 -0.00601983447
v -0.000738167864 -0.00155894741 -0.00600375461
f 883 885 884
v -0.00057293646 -0.00220711881 -0.00628120542
v -0.00105746394 -0.0015049598 -0.00586982678
v -0.000922364688 -0.00155382513 -0.00595183919
f 886 888 887
v -0.000922364688 -0.00155382513 -0.00595183919
v -0.000738167864 -0.00155894741 -0.00600375461
v -0.000704152762 -0.00158724361 -0.00602114706
f 889 891 890
v -0.0010126565 -0.00148945473 -0.00587296854
v -0.000922364688 -0.00155382513 -0.00595183919
v -0.00113308206 -0.00143283323 -0.00583344336
f 892 894 893
v -0.000922364688 -0.00155382513 -0.00595183919
v -0.00109463635 -0.00146642778 -0.00584937407
v -0.00113308206 -0.00143283323 -0.00583344336
f 895 897 896
v -0.0014565092 -0.00143309517 -0.00563570102
v -0.00129280279 -0.00147321916 -0.00565575137
v -0.00127639341 -0.00147877508 -0.00571514065
f 898 900 899
v -0.00057293646 -0.00220711881 -0.00628120542
v -0.0012830571 -0.00142996796 -0.00573428151
v -0.00120041623 -0.00145915037 -0.00577667124
f 901 903 902
v -0.00129280279 -0.00147321916 -0.00565575137
v -0.0012830571 -0.00142996796 -0.00573428151
v -0.00130857679 -0.00145919112 -0.00570969169
f 904 906 905
v -0.00057293646 -0.00220711881 -0.00628120542
v -0.00120041623 -0.00145915037 -0.00577667124
v -0.00116960009 -0.00149657935 -0.00579740627
f 907 909 908
v 9.88550894e-06 -0.001878474 -0.00631099974
v -0.000244989792 -0.00167003673 -0.0062119936
v -0.000294213464 -0.00168882179 -0.00616840262
f 910 912 911
v 9.88550894e-06 -0.001878474 -0.00631099974
v -0.000258228602 -0.00172713699 -0.00618597769
v -0.000396856876 -0.00168219485 -0.00592270189
f 913 915 914
v -0.00057293646 -0.00220711881 -0.00628120542
v -0.000244989792 -0.00167003673 -0.0062119936
v 9.88550894e-06 -0.001878474 -0.00631099974
f 916 918 917
v -0.000244989792 -0.00167003673 -0.0062119936
v -0.000258228602 -0.00172713699 -0.00618597769
v -0.000294213464 -0.00168882179 -0.00616840262
f 919 921 920
v 0.000580131109 -0.00188729828 -0.00594587218
v 0.000340931888 -0.00216588014 -0.00651785958
v 0.00026850355 -0.00216285334 -0.00650325092
f 922 924 923
v 0.000275172147 -0.00217451234 -0.00647620254
v 9.88550894e-06 -0.001878474 -0.00631099974
v 0.000247551156 -0.00213049279 -0.00646014814
f 925 927 926
v 0.00026850355 -0.00216285334 -0.00650325092
v 9.88550894e-06 -0.001878474 -0.00631099974
v 0.000275172147 -0.00217451234 -0.00647620254
f 928 930 929
v 0.000580131109 -0.00188729828 -0.00594587218
v 0.00026850355 -0.00216285334 -0.00650325092
v 0.000247551156 -0.00213049279 -0.00646014814
f 931 933 932
v 0.000469418046 -0.00246736381 -0.00659905418
v 0.00026850355 -0.00216285334 -0.00650325092
v 0.00037586808 -0.00221229348 -0.00653402603
f 934 936 935
v 0.00026850355 -0.00216285334 -0.00650325092
v 0.000340931888 -0.00216588014 -0.00651785958
v 0.00037586808 -0.00221229348 -0.00653402603
f 937 939 938
v 0.000387285127 -0.00214925021 -0.00654308533
v 0.000354382223 -0.00215727705 -0.00653955649
v 0.000340931888 -0.00216588014 -0.00651785958
f 940 942 941
v 0.000354382223 -0.00215727705 -0.00653955649
v 0.000469418046 -0.00246736381 -0.00659905418
v 0.00037586808 -0.00221229348 -0.00653402603
f 943 945 944
v 0.000354382223 -0.00215727705 -0.00653955649
v 0.00037586808 -0.00221229348 -0.00653402603
v 0.000340931888 -0.00216588014 -0.00651785958
f 946 948 947
v -0.00057293646 -0.00220711881 -0.00628120542
v -0.000559447062 -0.00150787464 -0.00605164932
v -0.000294213464 -0.00168882179 -0.00616840262
f 949 951 950
v -0.00057293646 -0.00220711881 -0.00628120542
v -0.000294213464 -0.00168882179 -0.00616840262
v -0.000258228602 -0.00172713699 -0.00618597769
f 952 954 953
v -0.00200312079 -0.00146405146 -0.00542809466
v -0.00271095487 -0.00183471766 -0.00522236405
v -0.00273870937 -0.00185017034 -0.00519731584
f 955 957 956
v -0.00271095487 -0.00183471766 -0.00522236405
v -0.00272973739 -0.00186914167 -0.00520593749
v -0.00273870937 -0.00185017034 -0.00519731584
f 958 960 959
v -0.00271095487 -0.00183471766 -0.00522236405
v -0.00333931312 -0.00424780737 -0.00580189699
v -0.00272973739 -0.00186914167 -0.00520593749
f 961 963 962
v -0.00333931312 -0.00424780737 -0.00580189699
v -0.00271095487 -0.00183471766 -0.00522236405
v -0.00200312079 -0.00146405146 -0.00542809466
f 964 966 965
v -0.00272973739 -0.00186914167 -0.00520593749
v -0.00370669113 -0.0019157922 -0.00454477886
v -0.00273870937 -0.00185017034 -0.00519731584
f 967 969 968
v -0.00057293646 -0.00220711881 -0.00628120542
v -0.00333931312 -0.00424780737 -0.00580189699
v -0.00200312079 -0.00146405146 -0.00542809466
f 970 972 971
v -0.00105252147 -0.00549506003 -0.00576504644
v -0.00333931312 -0.00424780737 -0.00580189699
v -0.00057293646 -0.00220711881 -0.00628120542
f 973 975 974
v 0.00292008317 -0.00412728332 -0.0054027365
v 0.000475817569 -0.00384526284 -0.0066418419
v 0.0024750485 -0.00234588315 -0.00477200592
f 976 978 977
v -0.00057293646 -0.00220711881 -0.00628120542
v 0.00026850355 -0.00216285334 -0.00650325092
v 0.000363614981 -0.00263403708 -0.00659687648
f 979 981 980
v 0.000475817569 -0.00384526284 -0.0066418419
v 0.000469418046 -0.00246736381 -0.00659905418
v 0.000580131109 -0.00188729828 -0.00594587218
f 982 984 983
v 0.000475817569 -0.00384526284 -0.0066418419
v 0.000363614981 -0.00263403708 -0.00659687648
v 0.000469418046 -0.00246736381 -0.00659905418
f 985 987 986
v 0.000475817569 -0.00384526284 -0.0066418419
v 0.000358955549 -0.00263999755 -0.0066145898
v 0.000363614981 -0.00263403708 -0.00659687648
f 988 990 989
v -0.00057293646 -0.00220711881 -0.00628120542
v 0.000475817569 -0.00384526284 -0.0066418419
v -0.00105252147 -0.00549506003 -0.00576504644
f 991 993 992
v -0.00148683894 -0.00592900105 -0.00632606607
v -0.00333931312 -0.00424780737 -0.00580189699
v -0.00105252147 -0.00549506003 -0.00576504644
f 994 996 995
v -0.00541375484 -0.00665080152 -0.000194247491
v -0.00382765793 -0.00662468665 0.000305073104
v -0.00445748847 -0.0050380113 0.000637268795
f 997 999 998
v -0.00541375484 -0.00665080152 -0.000194247491
v -0.00445749138 -0.00503811025 0.00063749344
v -0.00485956516 -0.0046469504 0.000730008151
f 1000 1002 1001
v -0.00541375484 -0.00665080152 -0.000194247491
v -0.00445748847 -0.0050380113 0.000637268795
v -0.00445749138 -0.00503811025 0.00063749344
f 1003 1005 1004
v -0.00382765793 -0.00662468665 0.000305073104
v -0.00445749138 -0.00503811025 0.00063749344
v -0.00445748847 -0.0050380113 0.000637268795
f 1006 1008 1007
v -0.00560810076 -0.0114040347 0.000649088315
v -0.00541375484 -0.00665080152 -0.000194247491
v -0.00690161978 -0.00893353063 -0.00159089013
f 1009 1011 1010
v -0.00690161978 -0.00893353063 -0.00159089013
v -0.00685304403 -0.0108654327 -0.00141264982
v -0.00560810076 -0.0114040347 0.000649088315
f 1012 1014 1013
v -0.00485956516 -0.0046469504 0.000730008151
v -0.00481608331 -0.00413180678 0.000905809702
v -0.0050768449 -0.00421160366 -0.000413226417
f 1015 1017 1016
v -0.00531105579 -0.00285799943 -0.00348401336
v -0.0054875989 -0.00434959802 -0.00393235787
v -0.0050768449 -0.00421160366 -0.000413226417
f 1018 1020 1019
v -0.00569282274 -0.0067163317 -0.00452667555
v -0.0050768449 -0.00421160366 -0.000413226417
v -0.0054875989 -0.00434959802 -0.00393235787
f 1021 1023 1022
v -0.00528396158 -0.00528585224 -0.00476925925
v -0.00569282274 -0.0067163317 -0.00452667555
v -0.0054875989 -0.00434959802 -0.00393235787
f 1024 1026 1025
v -0.00701951649 -0.00982362326 -0.00324462126
v -0.00569282274 -0.0067163317 -0.00452667555
v -0.0056594683 -0.00959999306 -0.00483838885
f 1027 1029 1028
v -0.0056594683 -0.00959999306 -0.00483838885
v -0.00569282274 -0.0067163317 -0.00452667555
v -0.00423045822 -0.00741489057 -0.00615257159
f 1030 1032 1031
v -0.0054875989 -0.00434959802 -0.00393235787
v -0.00500739443 -0.00336849334 -0.00436007031
v -0.00483729345 -0.00338323152 -0.00435999209
f 1033 1035 1034
v -0.00370669113 -0.0019157922 -0.00454477886
v -0.00483647345 -0.00338080281 -0.00436789924
v -0.00483729345 -0.00338323152 -0.00435999209
f 1036 1038 1037
v -0.00569282274 -0.0067163317 -0.00452667555
v -0.00528396158 -0.00528585224 -0.00476925925
v -0.00333931312 -0.00424780737 -0.00580189699
f 1039 1041 1040
v -0.00148683894 -0.00592900105 -0.00632606607
v -0.00423045822 -0.00741489057 -0.00615257159
v -0.00333931312 -0.00424780737 -0.00580189699
f 1042 1044 1043
v -0.00500739443 -0.00336849334 -0.00436007031
v -0.00531105579 -0.00285799943 -0.00348401336
v -0.00483647345 -0.00338080281 -0.00436789924
f 1045 1047 1046
v 0.00524884708 -0.00445678816 0.00147009168
v 0.00523061935 -0.00451200103 0.00144890282
v 0.00537483393 -0.0044850829 0.00124247017
f 1048 1050 1049
v 0.00134224356 -0.00888630311 -0.00159248375
v 0.000954889765 -0.00645658438 0.000247024468
v -0.000407837206 -0.0067443194 0.00167958915
f 1051 1053 1052
v -0.000578752588 -0.00942717743 0.0019539506
v -0.00320246982 -0.00968292516 0.00172623677
v -0.00226394623 -0.0114700779 0.0025147292
f 1054 1056 1055
v -0.000302579588 -0.0127003412 0.00271572317
v 0.00283598019 -0.0115794865 0.0010884768
v -0.000578752588 -0.00942717743 0.0019539506
f 1057 1059 1058
v -0.000302579588 -0.0127003412 0.00271572317
v 0.000971894224 -0.0134274174 0.00194485583
v 0.00283598019 -0.0115794865 0.0010884768
f 1060 1062 1061
v -0.000578752588 -0.00942717743 0.0019539506
v 0.00283598019 -0.0115794865 0.0010884768
v 0.00140280517 -0.00989501423 -0.000388606486
f 1063 1065 1064
v 0.00270272267 -0.0134609087 0.0014468148
v 0.00254116731 -0.0135669965 -0.000738435256
v 0.00283598019 -0.0115794865 0.0010884768
f 1066 1068 1067
v 0.00355513221 -0.0121844176 -0.000965329764
v 0.00283598019 -0.0115794865 0.0010884768
v 0.00254116731 -0.0135669965 -0.000738435256
f 1069 1071 1070
v 0.00270272267 -0.0134609087 0.0014468148
v 0.00226434458 -0.0152718145 0.00245538486
v 0.00339317048 -0.0143906102 0.00161555163
f 1072 1074 1073
v 0.00339317048 -0.0143906102 0.00161555163
v 0.00367475659 -0.0149160129 0.000386171268
v 0.00270272267 -0.0134609087 0.0014468148
f 1075 1077 1076
v 0.00226434458 -0.0152718145 0.00245538486
v 0.00442182754 -0.017460878 0.000638039273
v 0.00339317048 -0.0143906102 0.00161555163
f 1078 1080 1079
v 0.00551264384 -0.00447049315 0.000839890981
v 0.00557117455 -0.00439942887 0.000650272659
v 0.00552661586 -0.00454812907 0.000976891624
f 1081 1083 1082
v 0.00549355282 -0.00447986749 0.000949816422
v 0.00548059143 -0.00450333828 0.00100322468
v 0.00552661586 -0.00454812907 0.000976891624
f 1084 1086 1085
v 0.00557117455 -0.00439942887 0.000650272659
v 0.00550964905 -0.0044517139 0.000887184524
v 0.00549355282 -0.00447986749 0.000949816422
f 1087 1089 1088
v 0.0049498678 -0.00391841531 0.000628196312
v 0.00557117455 -0.00439942887 0.000650272659
v 0.00551264384 -0.00447049315 0.000839890981
f 1090 1092 1091
v 0.00542034068 -0.00447075363 0.00116291867
v 0.00540522087 -0.0034736564 -0.000457139458
v 0.0049498678 -0.00391841531 0.000628196312
f 1093 1095 1094
v 0.00557117455 -0.00439942887 0.000650272659
v 0.00559087639 -0.00430488362 0.00044205517
v 0.00560153203 -0.00428566345 0.000385845715
f 1096 1098 1097
v 0.0049498678 -0.00391841531 0.000628196312
v 0.00559087639 -0.00430488362 0.00044205517
v 0.00557117455 -0.00439942887 0.000650272659
f 1099 1101 1100
v 0.00560296176 -0.00428035637 0.000268420376
v 0.00568464311 -0.0042698106 8.49544392e-05
v 0.00566231465 -0.00430493019 0.000247214825
f 1102 1104 1103
v 0.00539597058 -0.00446881531 0.00111692807
v 0.00549355282 -0.00447986749 0.000949816422
v 0.00548059143 -0.00450333828 0.00100322468
f 1105 1107 1106
v 0.00542034068 -0.00447075363 0.00116291867
v 0.00539597058 -0.00446881531 0.00111692807
v 0.00548059143 -0.00450333828 0.00100322468
f 1108 1110 1109
v 0.00539597058 -0.00446881531 0.00111692807
v 0.00550964905 -0.0044517139 0.000887184524
v 0.00549355282 -0.00447986749 0.000949816422
f 1111 1113 1112
v 0.00559087639 -0.00430488362 0.00044205517
v 0.00556013983 -0.00418791096 0.000476044124
v 0.00561691195 -0.00431486042 0.000463606011
f 1114 1116 1115
v 0.00567120369 -0.00421192599 -0.000195538337
v 0.00570332195 -0.00423769598 -5.48920013e-05
v 0.0056939054 -0.00424799 1.33193666e-05
f 1117 1119 1118
v 0.00567120369 -0.00421192599 -0.000195538337
v 0.00540522087 -0.0034736564 -0.000457139458
v 0.00572883946 -0.00422945377 -0.000122625704
f 1120 1122 1121
v 0.00570332195 -0.00423769598 -5.48920013e-05
v 0.00572883946 -0.00422945377 -0.000122625704
v 0.00556013983 -0.00418791096 0.000476044124
f 1123 1125 1124
v 0.00572551508 -0.0042482694 -0.000378189884
v 0.00571207638 -0.00417079355 -0.000343449733
v 0.00574439327 -0.00425327962 -0.000365178562
f 1126 1128 1127
v 0.00540522087 -0.0034736564 -0.000457139458
v 0.00572551508 -0.0042482694 -0.000378189884
v 0.00574439327 -0.00425327962 -0.000365178562
f 1129 1131 1130
v 0.00572883946 -0.00422945377 -0.000122625704
v 0.00571207638 -0.00417079355 -0.000343449733
v 0.00567120369 -0.00421192599 -0.000195538337
f 1132 1134 1133
v 0.00574354053 -0.00427218838 -0.00022924703
v 0.00571207638 -0.00417079355 -0.000343449733
v 0.00572883946 -0.00422945377 -0.000122625704
f 1135 1137 1136
v 0.0053572141 -0.00394989984 -0.0028614164
v 0.00580426567 -0.00443366225 -0.000806507796
v 0.00582974026 -0.00443907411 -0.00079192223
f 1138 1140 1139
v 0.00585595189 -0.00468590952 -0.00133610183
v 0.0053572141 -0.00394989984 -0.0028614164
v 0.00582974026 -0.00443907411 -0.00079192223
f 1141 1143 1142
v 0.00572883946 -0.00422945377 -0.000122625704
v 0.00570332195 -0.00423769598 -5.48920013e-05
v 0.0056939054 -0.00424799 1.33193666e-05
f 1144 1146 1145
v 0.00472891988 -0.00507165751 -0.00145903641
v 0.00566770977 -0.00431440931 -0.000582006533
v 0.0049498678 -0.00391841531 0.000628196312
f 1147 1149 1148
v 0.00566770977 -0.00431440931 -0.000582006533
v 0.00567120369 -0.00421192599 -0.000195538337
v 0.0049498678 -0.00391841531 0.000628196312
f 1150 1152 1151
v 0.0056939054 -0.00424799 1.33193666e-05
v 0.00568464311 -0.0042698106 8.49544392e-05
v 0.0057187819 -0.00431816516 8.25248151e-05
f 1153 1155 1154
v 0.00472891988 -0.00507165751 -0.00145903641
v 0.0053572141 -0.00394989984 -0.0028614164
v 0.0057726782 -0.00436413029 -0.00197443005
f 1156 1158 1157
v 0.00576408456 -0.00440392105 -0.00192136067
v 0.00577510255 -0.00437758936 -0.00192221414
v 0.0057726782 -0.00436413029 -0.00197443005
f 1159 1161 1160
v 0.00472891988 -0.00507165751 -0.00145903641
v 0.0049498678 -0.00391841531 0.000628196312
v 0.00359522346 -0.00570955672 -0.000443203999
f 1162 1164 1163
v 0.00324976791 -0.0068323061 0.000367709413
v 0.00134224356 -0.00888630311 -0.00159248375
v 0.00359522346 -0.00570955672 -0.000443203999
f 1165 1167 1166
v 0.00171202537 -0.00817098917 -0.00187385358
v 0.00322370615 -0.00654983596 -0.00218769474
v 0.00359522346 -0.00570955672 -0.000443203999
f 1168 1170 1169
v 0.00336243029 -0.00487764264 -0.00433794739
v 0.0053572141 -0.00394989984 -0.0028614164
v 0.00472891988 -0.00507165751 -0.00145903641
f 1171 1173 1172
v 0.000954889765 -0.00645658438 0.000247024468
v 0.00134224356 -0.00888630311 -0.00159248375
v 0.00324976791 -0.0068323061 0.000367709413
f 1174 1176 1175
v 0.00227464079 -0.00663433457 -0.00289119725
v 0.00322370615 -0.00654983596 -0.00218769474
v 0.00171202537 -0.00817098917 -0.00187385358
f 1177 1179 1178
v 0.00171202537 -0.00817098917 -0.00187385358
v 0.000633449827 -0.00823137671 -0.00541763548
v 0.00227464079 -0.00663433457 -0.00289119725
f 1180 1182 1181
v 0.00171202537 -0.00817098917 -0.00187385358
v 0.00134224356 -0.00888630311 -0.00159248375
v 0.00114661943 -0.0101593105 -0.00209537811
f 1183 1185 1184
v 3.77239076e-05 -0.0109354907 -0.0047096044
v 0.00114661943 -0.0101593105 -0.00209537811
v 0.00140280517 -0.00989501423 -0.000388606486
f 1186 1188 1187
v -0.00181503765 -0.0112933798 -0.00566939743
v 0.000633449827 -0.00823137671 -0.00541763548
v 3.77239076e-05 -0.0109354907 -0.0047096044
f 1189 1191 1190
v 0.00114661943 -0.0101593105 -0.00209537811
v 3.77239076e-05 -0.0109354907 -0.0047096044
v 0.000633449827 -0.00823137671 -0.00541763548
f 1192 1194 1193
v 0.00227464079 -0.00663433457 -0.00289119725
v 0.000633449827 -0.00823137671 -0.00541763548
v 0.000494340156 -0.00633104064 -0.00521565562
f 1195 1197 1196
v -0.00183219636 -0.00847078045 -0.00651905575
v -0.00105252147 -0.00549506003 -0.00576504644
v 0.000633449827 -0.00823137671 -0.00541763548
f 1198 1200 1199
v 0.00140280517 -0.00989501423 -0.000388606486
v 0.00355513221 -0.0121844176 -0.000965329764
v 3.77239076e-05 -0.0109354907 -0.0047096044
f 1201 1203 1202
v 0.00355513221 -0.0121844176 -0.000965329764
v 0.00252001773 -0.0135990646 -0.00311671793
v 3.77239076e-05 -0.0109354907 -0.0047096044
f 1204 1206 1205
v -0.000115067292 -0.0137258525 -0.00503983792
v 3.77239076e-05 -0.0109354907 -0.0047096044
v 0.00252001773 -0.0135990646 -0.00311671793
f 1207 1209 1208
v 0.000525197993 -0.0156701426 -0.00377190991
v 0.00252001773 -0.0135990646 -0.00311671793
v 0.00254116731 -0.0135669965 -0.000738435256
f 1210 1212 1211
v -0.00226394623 -0.0114700779 0.0025147292
v -0.00464073019 -0.0148166102 0.00114617551
v -0.000302579588 -0.0127003412 0.00271572317
f 1213 1215 1214
v -0.00701951649 -0.00982362326 -0.00324462126
v -0.00663220853 -0.0138597883 -0.00109557868
v -0.00685304403 -0.0108654327 -0.00141264982
f 1216 1218 1217
v -0.00464073019 -0.0148166102 0.00114617551
v -0.00548934513 -0.0171138206 -0.00143370971
v -0.00491604733 -0.0164173194 7.56400311e-05
f 1219 1221 1220
v -0.000542164162 -0.0157194794 0.00300093816
v -0.000165337838 -0.0141540688 0.00154875743
v -0.00405244755 -0.0165619305 0.00217371162
f 1222 1224 1223
v -0.00405244755 -0.0165619305 0.00217371162
v -0.00345277731 -0.0188837497 0.00400459212
v -0.000542164162 -0.0157194794 0.00300093816
f 1225 1227 1226
v -0.000542164162 -0.0157194794 0.00300093816
v -0.00107581282 -0.0197023808 0.00494741944
v 0.00191873878 -0.0174785804 0.00377534125
f 1228 1230 1229
v -0.00405244755 -0.0165619305 0.00217371162
v -0.000165337838 -0.0141540688 0.00154875743
v -0.00341111372 -0.0155675894 0.000806125354
f 1231 1233 1232
v -0.000542164162 -0.0157194794 0.00300093816
v 0.00226434458 -0.0152718145 0.00245538486
v -0.000165337838 -0.0141540688 0.00154875743
f 1234 1236 1235
v -0.00341111372 -0.0155675894 0.000806125354
v -0.00491604733 -0.0164173194 7.56400311e-05
v -0.00405244755 -0.0165619305 0.00217371162
f 1237 1239 1238
v -0.0074902382 -0.0239459681 0.000682239761
v -0.00645403561 -0.021631275 0.00242674687
v -0.00560534645 -0.0176586633 0.000291426818
f 1240 1242 1241
v -0.00560534645 -0.0176586633 0.000291426818
v -0.00405244755 -0.0165619305 0.00217371162
v -0.00491604733 -0.0164173194 7.56400311e-05
f 1243 1245 1244
v -0.00560534645 -0.0176586633 0.000291426818
v -0.00491604733 -0.0164173194 7.56400311e-05
v -0.00548934513 -0.0171138206 -0.00143370971
f 1246 1248 1247
v -0.00553481295 -0.0194723034 -0.00229730849
v -0.00548934513 -0.0171138206 -0.00143370971
v -0.00534901556 -0.0159204283 -0.00345837507
f 1249 1251 1250
v -0.00553481295 -0.0194723034 -0.00229730849
v -0.0074902382 -0.0239459681 0.000682239761
v -0.00560534645 -0.0176586633 0.000291426818
f 1252 1254 1253
v -0.00496414723 -0.0115762799 -0.00533497114
v -0.0056594683 -0.00959999306 -0.00483838885
v -0.00181503765 -0.0112933798 -0.00566939743
f 1255 1257 1256
v -0.00423045822 -0.00741489057 -0.00615257159
v -0.00183219636 -0.00847078045 -0.00651905575
v -0.0056594683 -0.00959999306 -0.00483838885
f 1258 1260 1259
v -0.00181503765 -0.0112933798 -0.00566939743
v -0.0056594683 -0.00959999306 -0.00483838885
v -0.00183219636 -0.00847078045 -0.00651905575
f 1261 1263 1262
v -0.00181503765 -0.0112933798 -0.00566939743
v -0.00183219636 -0.00847078045 -0.00651905575
v 0.000633449827 -0.00823137671 -0.00541763548
f 1264 1266 1265
v -0.00496414723 -0.0115762799 -0.00533497114
v -0.00701951649 -0.00982362326 -0.00324462126
v -0.0056594683 -0.00959999306 -0.00483838885
f 1267 1269 1268
v -0.00534901556 -0.0159204283 -0.00345837507
v -0.00663220853 -0.0138597883 -0.00109557868
v -0.00701951649 -0.00982362326 -0.00324462126
f 1270 1272 1271
v -0.00443581193 -0.0143288868 -0.0048101494
v -0.00534901556 -0.0159204283 -0.00345837507
v -0.00496414723 -0.0115762799 -0.00533497114
f 1273 1275 1274
v -0.00496414723 -0.0115762799 -0.00533497114
v -0.00534901556 -0.0159204283 -0.00345837507
v -0.00701951649 -0.00982362326 -0.00324462126
f 1276 1278 1277
v -0.00181503765 -0.0112933798 -0.00566939743
v 3.77239076e-05 -0.0109354907 -0.0047096044
v -0.000115067292 -0.0137258525 -0.00503983792
f 1279 1281 1280
v -0.00219856647 -0.0160060459 -0.00555518527
v 0.000525197993 -0.0156701426 -0.00377190991
v 0.000674105104 -0.018047489 -0.00409074601
f 1282 1284 1283
v -0.00534901556 -0.0159204283 -0.00345837507
v -0.00443581193 -0.0143288868 -0.0048101494
v -0.00406013205 -0.0173167005 -0.00471777967
f 1285 1287 1286
v 0.00336243029 -0.00487764264 -0.00433794739
v 0.00292008317 -0.00412728332 -0.0054027365
v 0.00387711298 -0.00333505377 -0.00428199965
f 1288 1290 1289
v -0.00445749138 -0.00503811025 0.00063749344
v -0.00382765793 -0.00662468665 0.000305073104
v -0.00441071061 -0.00496407738 0.000669313567
f 1291 1293 1292
v -0.00485956516 -0.0046469504 0.000730008151
v -0.00443698918 -0.00492236286 0.000682690688
v -0.0044370001 -0.00492244726 0.000682919062
f 1294 1296 1295
v -0.00183219636 -0.00847078045 -0.00651905575
v -0.00423045822 -0.00741489057 -0.00615257159
v -0.00148683894 -0.00592900105 -0.00632606607
f 1297 1299 1298
v 0.00542034068 -0.00447075363 0.00116291867
v 0.0053916523 -0.00445640835 0.00119036731
v 0.00537483393 -0.0044850829 0.00124247017
f 1300 1302 1301
v -0.00553481295 -0.0194723034 -0.00229730849
v -0.00534901556 -0.0159204283 -0.00345837507
v -0.00406013205 -0.0173167005 -0.00471777967
f 1303 1305 1304
v 0.0028570932 -0.019327343 0.00368076908
v 0.00328166861 -0.0222525647 0.00371844508
v 0.00382426297 -0.0196615714 0.00297351326
f 1306 1308 1307
v 0.00476188834 -0.0216014872 0.000426571069
v 0.00442182754 -0.017460878 0.000638039273
v 0.00382426297 -0.0196615714 0.00297351326
f 1309 1311 1310
v 0.00367475659 -0.0149160129 0.000386171268
v 0.00279477408 -0.0183893848 -0.00289736217
v 0.00254116731 -0.0135669965 -0.000738435256
f 1312 1314 1313
v 0.00328166861 -0.0222525647 0.00371844508
v 0.00462530879 -0.024010014 0.00240519421
v 0.00382426297 -0.0196615714 0.00297351326
f 1315 1317 1316
v 0.00191873878 -0.0174785804 0.00377534125
v -0.00107581282 -0.0197023808 0.00494741944
v 0.0028570932 -0.019327343 0.00368076908
f 1318 1320 1319
v -0.00107581282 -0.0197023808 0.00494741944
v 0.000897752216 -0.0221783688 0.00513160776
v 0.00328166861 -0.0222525647 0.00371844508
f 1321 1323 1322
v -0.00107581282 -0.0197023808 0.00494741944
v 0.00328166861 -0.0222525647 0.00371844508
v 0.0028570932 -0.019327343 0.00368076908
f 1324 1326 1325
v 0.00262260783 -0.0217689085 -0.00340241313
v 0.00279477408 -0.0183893848 -0.00289736217
v 0.00476188834 -0.0216014872 0.000426571069
f 1327 1329 1328
v -0.00553481295 -0.0194723034 -0.00229730849
v -0.00604672896 -0.0233895218 -0.00256042385
v -0.0074902382 -0.0239459681 0.000682239761
f 1330 1332 1331
v -0.00265362687 -0.0217674416 -0.00518253109
v -0.00604672896 -0.0233895218 -0.00256042385
v -0.00376221578 -0.0193761662 -0.00433585265
f 1333 1335 1334
v -0.00359111509 -0.0253008271 -0.0047355592
v -0.00604672896 -0.0233895218 -0.00256042385
v -0.00265362687 -0.0217674416 -0.00518253109
f 1336 1338 1337
v 0.00462530879 -0.024010014 0.00240519421
v 0.00379792255 -0.0284737675 0.00374660085
v 0.00476733512 -0.0271879166 0.00150867299
f 1339 1341 1340
v 0.00461740055 -0.0254939485 -0.000124396126
v 0.00462530879 -0.024010014 0.00240519421
v 0.00476733512 -0.0271879166 0.00150867299
f 1342 1344 1343
v 0.00332743948 -0.0275464146 -0.00234927229
v 0.00262260783 -0.0217689085 -0.00340241313
v 0.00461740055 -0.0254939485 -0.000124396126
f 1345 1347 1346
v 0.00332743948 -0.0275464146 -0.00234927229
v 0.00164222001 -0.0284663693 -0.00427341183
v 0.00262260783 -0.0217689085 -0.00340241313
f 1348 1350 1349
v -0.00359111509 -0.0253008271 -0.0047355592
v -0.00265362687 -0.0217674416 -0.00518253109
v -0.000557500971 -0.0228421966 -0.00550867735
f 1351 1353 1352
v -0.00035939463 -0.0278192223 -0.00500146925
v -0.00359111509 -0.0253008271 -0.0047355592
v -0.000557500971 -0.0228421966 -0.00550867735
f 1354 1356 1355
v -0.00035939463 -0.0278192223 -0.00500146925
v -0.00247724129 -0.0292191806 -0.00493528169
v -0.00359111509 -0.0253008271 -0.0047355592
f 1357 1359 1358
v 0.00476188834 -0.0216014872 0.000426571069
v 0.00461740055 -0.0254939485 -0.000124396126
v 0.00262260783 -0.0217689085 -0.00340241313
f 1360 1362 1361
v 0.00279477408 -0.0183893848 -0.00289736217
v 0.000674105104 -0.018047489 -0.00409074601
v 0.000525197993 -0.0156701426 -0.00377190991
f 1363 1365 1364
v -0.00169965151 -0.0184617238 -0.00507928198
v -0.00219856647 -0.0160060459 -0.00555518527
v 0.000674105104 -0.018047489 -0.00409074601
f 1366 1368 1367
v 0.000732805893 -0.0205059478 -0.00486303725
v -0.00265362687 -0.0217674416 -0.00518253109
v -0.00169965151 -0.0184617238 -0.00507928198
f 1369 1371 1370
v -0.00169965151 -0.0184617238 -0.00507928198
v -0.00265362687 -0.0217674416 -0.00518253109
v -0.00376221578 -0.0193761662 -0.00433585265
f 1372 1374 1373
v -0.000557500971 -0.0228421966 -0.00550867735
v -0.00265362687 -0.0217674416 -0.00518253109
v 0.000732805893 -0.0205059478 -0.00486303725
f 1375 1377 1376
v 0.00476733512 -0.0271879166 0.00150867299
v 0.00441053235 -0.0304951391 -4.18026474e-05
v 0.00461740055 -0.0254939485 -0.000124396126
f 1378 1380 1379
v 0.00332743948 -0.0275464146 -0.00234927229
v 0.00461740055 -0.0254939485 -0.000124396126
v 0.00441053235 -0.0304951391 -4.18026474e-05
f 1381 1383 1382
v 0.00332743948 -0.0275464146 -0.00234927229
v 0.00135884175 -0.0322228065 -0.00405534738
v 0.00164222001 -0.0284663693 -0.00427341183
f 1384 1386 1385
v 0.00292996137 -0.0376024982 -0.00214244228
v 0.00441053235 -0.0304951391 -4.18026474e-05
v 0.00428846142 -0.0359401602 0.00135761902
f 1387 1389 1388
v -0.000831614943 -0.0348707923 -0.00462209391
v -0.00127624735 -0.03182129 -0.00496506655
v 0.00153036108 -0.0354499469 -0.0033680506
f 1390 1392 1391
v -0.00789078185 -0.0323968299 0.00490572238
v -0.0060189519 -0.0294624886 0.00611078503
v -0.00731376495 -0.0261607696 0.00395613715
f 1393 1395 1394
v -0.00848163618 -0.0292173267 0.00274294835
v -0.00789078185 -0.0323968299 0.00490572238
v -0.00731376495 -0.0261607696 0.00395613715
f 1396 1398 1397
v -0.0081984821 -0.0288469717 -0.000314644672
v -0.00872956589 -0.0312946184 7.1325934e-05
v -0.00923131374 -0.0334660348 0.0026559308
f 1399 1401 1400
v -0.00872956589 -0.0312946184 7.1325934e-05
v -0.00903317705 -0.0344238244 -0.000567602228
v -0.00923131374 -0.0334660348 0.0026559308
f 1402 1404 1403
v -0.00401147445 -0.0401123834 0.00808660843
v -0.00482793694 -0.0453863322 0.00762102718
v -0.00151134354 -0.0435391616 0.00843512025
f 1405 1407 1406
v -0.00643310486 -0.0353664684 0.00671810485
v -0.00675645279 -0.0399314624 0.00675959745
v -0.00373299663 -0.0365026528 0.00796070672
f 1408 1410 1409
v -0.00643310486 -0.0353664684 0.00671810485
v -0.00789078185 -0.0323968299 0.00490572238
v -0.00824411181 -0.037652289 0.00525867363
f 1411 1413 1412
v -0.00947552398 -0.0380615296 0.00313736236
v -0.00824411181 -0.037652289 0.00525867363
v -0.00923131374 -0.0334660348 0.0026559308
f 1414 1416 1415
v -0.00857937484 -0.0417215691 0.00454268229
v -0.00824411181 -0.037652289 0.00525867363
v -0.00947552398 -0.0380615296 0.00313736236
f 1417 1419 1418
v -0.00401147445 -0.0401123834 0.00808660843
v 0.0011389775 -0.03926754 0.00786972159
v -0.000992404148 -0.036052888 0.00817476539
f 1420 1422 1421
v -0.00675645279 -0.0399314624 0.00675959745
v -0.00401147445 -0.0401123834 0.00808660843
v -0.00373299663 -0.0365026528 0.00796070672
f 1423 1425 1424
v -0.00702139077 -0.042562664 0.00637929843
v -0.00401147445 -0.0401123834 0.00808660843
v -0.00675645279 -0.0399314624 0.00675959745
f 1426 1428 1427
v -0.00971016125 -0.0404390506 0.00238620996
v -0.00857937484 -0.0417215691 0.00454268229
v -0.00947552398 -0.0380615296 0.00313736236
f 1429 1431 1430
v -0.00890656083 -0.035950297 -0.000630404111
v -0.00896162019 -0.039741816 -0.000586111173
v -0.00971016125 -0.0404390506 0.00238620996
f 1432 1434 1433
v -0.00865499969 -0.0442863093 0.00441758129
v -0.00702139077 -0.042562664 0.00637929843
v -0.00857937484 -0.0417215691 0.00454268229
f 1435 1437 1436
v -0.00857937484 -0.0417215691 0.00454268229
v -0.00971016125 -0.0404390506 0.00238620996
v -0.00865499969 -0.0442863093 0.00441758129
f 1438 1440 1439
v -0.00896162019 -0.039741816 -0.000586111173
v -0.00906246496 -0.0425822334 0.000368672659
v -0.00971016125 -0.0404390506 0.00238620996
f 1441 1443 1442
v -0.0090579495 -0.046332975 0.00196449128
v -0.00971016125 -0.0404390506 0.00238620996
v -0.00906246496 -0.0425822334 0.000368672659
f 1444 1446 1445
v -0.00744403951 -0.042454357 -0.00178356058
v -0.00906246496 -0.0425822334 0.000368672659
v -0.00896162019 -0.039741816 -0.000586111173
f 1447 1449 1448
v -0.00923131374 -0.0334660348 0.0026559308
v -0.00824411181 -0.037652289 0.00525867363
v -0.00789078185 -0.0323968299 0.00490572238
f 1450 1452 1451
v -0.0074902382 -0.0239459681 0.000682239761
v -0.00660118603 -0.0238601846 0.0036546382
v -0.00645403561 -0.021631275 0.00242674687
f 1453 1455 1454
v -0.0074902382 -0.0239459681 0.000682239761
v -0.00771921405 -0.0256483705 -4.92568631e-05
v -0.00660118603 -0.0238601846 0.0036546382
f 1456 1458 1457
v -0.00529528152 -0.0286423659 -0.00370638554
v -0.0081984821 -0.0288469717 -0.000314644672
v -0.00640627768 -0.026465772 -0.00275401308
f 1459 1461 1460
v -0.00529528152 -0.0286423659 -0.00370638554
v -0.00749936517 -0.0335564633 -0.0023588882
v -0.00737661248 -0.0305960741 -0.00228222652
f 1462 1464 1463
v -0.00359111509 -0.0253008271 -0.0047355592
v -0.00640627768 -0.026465772 -0.00275401308
v -0.00604672896 -0.0233895218 -0.00256042385
f 1465 1467 1466
v -0.00359111509 -0.0253008271 -0.0047355592
v -0.00529528152 -0.0286423659 -0.00370638554
v -0.00640627768 -0.026465772 -0.00275401308
f 1468 1470 1469
v -0.00428251151 -0.0317669299 -0.0045466968
v -0.00529528152 -0.0286423659 -0.00370638554
v -0.00247724129 -0.0292191806 -0.00493528169
f 1471 1473 1472
v -0.00247724129 -0.0292191806 -0.00493528169
v -0.00127624735 -0.03182129 -0.00496506655
v -0.00428251151 -0.0317669299 -0.0045466968
f 1474 1476 1475
v -0.00749936517 -0.0335564633 -0.0023588882
v -0.00903317705 -0.0344238244 -0.000567602228
v -0.00872956589 -0.0312946184 7.1325934e-05
f 1477 1479 1478
v -0.00529528152 -0.0286423659 -0.00370638554
v -0.00428251151 -0.0317669299 -0.0045466968
v -0.00749936517 -0.0335564633 -0.0023588882
f 1480 1482 1481
v -0.00749936517 -0.0335564633 -0.0023588882
v -0.00428251151 -0.0317669299 -0.0045466968
v -0.00501379182 -0.0352713192 -0.00419494827
f 1483 1485 1484
v -0.00749936517 -0.0335564633 -0.0023588882
v -0.00890656083 -0.035950297 -0.000630404111
v -0.00903317705 -0.0344238244 -0.000567602228
f 1486 1488 1487
v 0.00153036108 -0.0354499469 -0.0033680506
v -0.00208950132 -0.0372399285 -0.00462010903
v -0.000831614943 -0.0348707923 -0.00462209391
f 1489 1491 1490
v -0.00208950132 -0.0372399285 -0.00462010903
v 0.00153036108 -0.0354499469 -0.0033680506
v 0.000543103897 -0.0384892279 -0.00380264282
f 1492 1494 1493
v -0.00428251151 -0.0317669299 -0.0045466968
v -0.000831614943 -0.0348707923 -0.00462209391
v -0.00208950132 -0.0372399285 -0.00462010903
f 1495 1497 1496
v -0.00501379182 -0.0352713192 -0.00419494827
v -0.00448844912 -0.0402648147 -0.0038469876
v -0.00801753777 -0.0402194099 -0.00215335185
f 1498 1500 1499
v 0.0011389775 -0.03926754 0.00786972159
v 0.0035833913 -0.0436823262 0.0058084981
v 0.00376722201 -0.0411333982 0.00521063521
f 1501 1503 1502
v 0.00431276894 -0.0460760202 0.00344693653
v 0.00432556189 -0.0406845298 0.00346396591
v 0.0035833913 -0.0436823262 0.0058084981
f 1504 1506 1505
v 0.00344141772 -0.0372098468 0.00557571038
v 0.00432556189 -0.0406845298 0.00346396591
v 0.00419741409 -0.0372672803 0.0037924463
f 1507 1509 1508
v 0.00432556189 -0.0406845298 0.00346396591
v 0.00428846142 -0.0359401602 0.00135761902
v 0.00419741409 -0.0372672803 0.0037924463
f 1510 1512 1511
v 0.00432556189 -0.0406845298 0.00346396591
v 0.00409893437 -0.0427603722 0.00130541857
v 0.00296547623 -0.0389447785 -0.00141746341
f 1513 1515 1514
v 0.00431276894 -0.0460760202 0.00344693653
v 0.00417547344 -0.0464519253 0.00117123582
v 0.00409893437 -0.0427603722 0.00130541857
f 1516 1518 1517
v -0.00151134354 -0.0435391616 0.00843512025
v 0.00190620267 -0.0429834501 0.00760606126
v -0.000156485316 -0.0404313265 0.00830389254
f 1519 1521 1520
v 0.0016672353 -0.0479711336 0.00768483078
v 0.00190620267 -0.0429834501 0.00760606126
v -0.00151134354 -0.0435391616 0.00843512025
f 1522 1524 1523
v -0.00173367825 -0.04923222 0.00832062069
v 0.0016672353 -0.0479711336 0.00768483078
v -0.00151134354 -0.0435391616 0.00843512025
f 1525 1527 1526
v 0.0035833913 -0.0436823262 0.0058084981
v 0.00190620267 -0.0429834501 0.00760606126
v 0.0016672353 -0.0479711336 0.00768483078
f 1528 1530 1529
v 0.00393914233 -0.0498284178 0.00547813906
v 0.0035833913 -0.0436823262 0.0058084981
v 0.0016672353 -0.0479711336 0.00768483078
f 1531 1533 1532
v 0.0036138088 -0.0544599781 0.00680051526
v 0.00393914233 -0.0498284178 0.00547813906
v 0.0016672353 -0.0479711336 0.00768483078
f 1534 1536 1535
v -0.00744403951 -0.042454357 -0.00178356058
v -0.00315508332 -0.0452163629 -0.00370702255
v -0.00525849391 -0.0465936435 -0.00237050645
f 1537 1539 1538
v 0.0035833913 -0.0436823262 0.0058084981
v 0.00393914233 -0.0498284178 0.00547813906
v 0.00431276894 -0.0460760202 0.00344693653
f 1540 1542 1541
v 0.00417547344 -0.0464519253 0.00117123582
v 0.00431276894 -0.0460760202 0.00344693653
v 0.00393914233 -0.0498284178 0.00547813906
f 1543 1545 1544
v 0.00118752005 -0.046583006 -0.00322380074
v 0.00274153226 -0.0426271989 -0.00187754285
v 0.00285432361 -0.0487952086 -0.00142347335
f 1546 1548 1547
v -0.00101177393 -0.0495939807 -0.00392476286
v -0.000687741885 -0.044398132 -0.00421164041
v 0.00118752005 -0.046583006 -0.00322380074
f 1549 1551 1550
v -0.00101177393 -0.0495939807 -0.00392476286
v -0.00525849391 -0.0465936435 -0.00237050645
v -0.00315508332 -0.0452163629 -0.00370702255
f 1552 1554 1553
v -0.00556459454 -0.0549443241 0.00667234126
v -0.00547598793 -0.0514331798 0.0069611815
v -0.00793432264 -0.0510444806 0.00396991563
f 1555 1557 1556
v -0.00863486566 -0.0489334459 0.00238355915
v -0.0076011187 -0.0480951305 0.0052863259
v -0.0090579495 -0.046332975 0.00196449128
f 1558 1560 1559
v -0.00525849391 -0.0465936435 -0.00237050645
v -0.00796321692 -0.0456263369 -0.000838361393
v -0.00744403951 -0.042454357 -0.00178356058
f 1561 1563 1562
v -0.00525849391 -0.0465936435 -0.00237050645
v -0.00742012999 -0.0491650018 -0.000690476145
v -0.00796321692 -0.0456263369 -0.000838361393
f 1564 1566 1565
v -0.00796321692 -0.0456263369 -0.000838361393
v -0.00742012999 -0.0491650018 -0.000690476145
v -0.0090579495 -0.046332975 0.00196449128
f 1567 1569 1568
v -0.00779038455 -0.0538632914 0.00131700845
v -0.00746114747 -0.0563057081 0.00294783695
v -0.00863486566 -0.0489334459 0.00238355915
f 1570 1572 1571
v -0.00657331184 -0.0541104528 -0.000377501124
v -0.00779038455 -0.0538632914 0.00131700845
v -0.0081890088 -0.0504617696 -0.000157168859
f 1573 1575 1574
v -0.00649415379 -0.0513304782 -0.00119683764
v -0.00742012999 -0.0491650018 -0.000690476145
v -0.00525849391 -0.0465936435 -0.00237050645
f 1576 1578 1577
v -0.00101177393 -0.0495939807 -0.00392476286
v -0.00304010355 -0.0548326876 -0.00170936964
v -0.00525849391 -0.0465936435 -0.00237050645
f 1579 1581 1580
v 0.00210211019 -0.0539298751 0.00805734162
v 0.0016672353 -0.0479711336 0.00768483078
v 0.000447064031 -0.0500062713 0.0082072067
f 1582 1584 1583
v 0.00475420456 -0.0548774435 0.00442795535
v 0.00456260314 -0.0529028417 0.00492583094
v 0.0036138088 -0.0544599781 0.00680051526
f 1585 1587 1586
v 0.000447064031 -0.0500062713 0.0082072067
v -0.0017699731 -0.0527791504 0.00879754152
v 0.00210211019 -0.0539298751 0.00805734162
f 1588 1590 1589
v 0.00492504514 -0.058841164 0.00596259742
v 0.00475420456 -0.0548774435 0.00442795535
v 0.0036138088 -0.0544599781 0.00680051526
f 1591 1593 1592
v 0.00210211019 -0.0539298751 0.00805734162
v -6.57815349e-05 -0.0583740126 0.00883903631
v 0.00374499032 -0.0600157131 0.00772911881
f 1594 1596 1595
v 0.00393914233 -0.0498284178 0.00547813906
v 0.00456260314 -0.0529028417 0.00492583094
v 0.00397682234 -0.0508318655 0.000970967631
f 1597 1599 1598
v 0.00397682234 -0.0508318655 0.000970967631
v 0.00424841601 -0.0542901398 0.000920600723
v 0.00285432361 -0.0487952086 -0.00142347335
f 1600 1602 1601
v -0.00061880819 -0.0520052738 -0.0038212751
v -0.00101177393 -0.0495939807 -0.00392476286
v 0.000650475113 -0.050706201 -0.00372071408
f 1603 1605 1604
v 0.00442606506 -0.0579337357 -6.80802202e-05
v 0.00424841601 -0.0542901398 0.000920600723
v 0.00515737738 -0.0579297135 0.00366409404
f 1606 1608 1607
v 0.00273831993 -0.0563483394 -0.00231676149
v -0.000205628544 -0.0557952153 -0.00321543703
v 0.00140803404 -0.0528277422 -0.00327999805
f 1609 1611 1610
v 0.000498270128 -0.0586597889 -0.00316198675
v -0.000205628544 -0.0557952153 -0.00321543703
v 0.00273831993 -0.0563483394 -0.00231676149
f 1612 1614 1613
v -0.00556459454 -0.0549443241 0.00667234126
v -0.00336348749 -0.0586085778 0.00783367577
v -0.00346250563 -0.0541400921 0.00812620856
f 1615 1617 1616
v -0.00559528271 -0.060619117 0.00523984709
v -0.00553239333 -0.0567620504 0.00569612603
v -0.00746114747 -0.0563057081 0.00294783695
f 1618 1620 1619
v -0.00636429468 -0.0615110912 0.0030168907
v -0.00746114747 -0.0563057081 0.00294783695
v -0.00617951155 -0.0599917606 0.000981186167
f 1621 1623 1622
v -0.00553239333 -0.0567620504 0.00569612603
v -0.00352198222 -0.062003365 0.00675964329
v -0.00336348749 -0.0586085778 0.00783367577
f 1624 1626 1625
v -0.00352198222 -0.062003365 0.00675964329
v -0.00145396862 -0.0649326073 0.00708614753
v -0.00172438395 -0.0621054147 0.00783935393
f 1627 1629 1628
v -0.00559528271 -0.060619117 0.00523984709
v -0.00504839336 -0.0654458592 0.0042543641
v -0.00352198222 -0.062003365 0.00675964329
f 1630 1632 1631
v -0.00615817044 -0.062412367 0.00158575785
v -0.00504839336 -0.0654458592 0.0042543641
v -0.00636429468 -0.0615110912 0.0030168907
f 1633 1635 1634
v -0.00559528271 -0.060619117 0.00523984709
v -0.00352198222 -0.062003365 0.00675964329
v -0.00553239333 -0.0567620504 0.00569612603
f 1636 1638 1637
v -0.00481628958 -0.0586836424 -0.000584459804
v -0.00657331184 -0.0541104528 -0.000377501124
v -0.00304010355 -0.0548326876 -0.00170936964
f 1639 1641 1640
v -0.00061880819 -0.0520052738 -0.0038212751
v -0.000205628544 -0.0557952153 -0.00321543703
v -0.00304010355 -0.0548326876 -0.00170936964
f 1642 1644 1643
v -0.00753097338 -0.0562059053 0.000995078426
v -0.00746114747 -0.0563057081 0.00294783695
v -0.00779038455 -0.0538632914 0.00131700845
f 1645 1647 1646
v -0.00177335114 -0.0609743583 -0.00117605769
v -0.00481628958 -0.0586836424 -0.000584459804
v -0.00304010355 -0.0548326876 -0.00170936964
f 1648 1650 1649
v -0.00177335114 -0.0609743583 -0.00117605769
v -0.00304010355 -0.0548326876 -0.00170936964
v 0.000498270128 -0.0586597889 -0.00316198675
f 1651 1653 1652
v -0.000205628544 -0.0557952153 -0.00321543703
v 0.000498270128 -0.0586597889 -0.00316198675
v -0.00304010355 -0.0548326876 -0.00170936964
f 1654 1656 1655
v 0.00492504514 -0.058841164 0.00596259742
v 0.0056675206 -0.0609352719 0.003716832
v 0.00515737738 -0.0579297135 0.00366409404
f 1657 1659 1658
v 0.00412912414 -0.0633690914 0.00736541624
v 0.00599230625 -0.0639891427 0.0039126211
v 0.00492504514 -0.058841164 0.00596259742
f 1660 1662 1661
v 0.00599230625 -0.0639891427 0.0039126211
v 0.0056675206 -0.0609352719 0.003716832
v 0.00492504514 -0.058841164 0.00596259742
f 1663 1665 1664
v 0.00599230625 -0.0639891427 0.0039126211
v 0.00412912414 -0.0633690914 0.00736541624
v 0.00528271339 -0.064883189 0.00585972302
f 1666 1668 1667
v 0.00599230625 -0.0639891427 0.0039126211
v 0.00536671141 -0.0613560725 0.00156098868
v 0.0056675206 -0.0609352719 0.003716832
f 1669 1671 1670
v 0.00358123361 -0.069320912 0.00616923353
v 0.00412912414 -0.0633690914 0.00736541624
v 0.00136419139 -0.0624393404 0.00853215752
f 1672 1674 1673
v 0.00412912414 -0.0633690914 0.00736541624
v 0.00358123361 -0.069320912 0.00616923353
v 0.00528271339 -0.064883189 0.00585972302
f 1675 1677 1676
v 0.00599230625 -0.0639891427 0.0039126211
v 0.00427731102 -0.0643182255 -0.00161270382
v 0.00536671141 -0.0613560725 0.00156098868
f 1678 1680 1679
v 0.00605528367 -0.0688212167 0.00295609025
v 0.00564241818 -0.067857228 0.000720775279
v 0.00599230625 -0.0639891427 0.0039126211
f 1681 1683 1682
v 0.00528271339 -0.064883189 0.00585972302
v 0.00605528367 -0.0688212167 0.00295609025
v 0.00599230625 -0.0639891427 0.0039126211
f 1684 1686 1685
v 0.0056675206 -0.0609352719 0.003716832
v 0.00536671141 -0.0613560725 0.00156098868
v 0.00442606506 -0.0579337357 -6.80802202e-05
f 1687 1689 1688
v 0.000498270128 -0.0586597889 -0.00316198675
v 0.00273831993 -0.0563483394 -0.00231676149
v 0.00220222282 -0.0614129996 -0.00277586278
f 1690 1692 1691
v 0.00220222282 -0.0614129996 -0.00277586278
v 0.00273831993 -0.0563483394 -0.00231676149
v 0.00390321147 -0.0617809652 -0.00162759243
f 1693 1695 1694
v 0.00427731102 -0.0643182255 -0.00161270382
v 0.00390321147 -0.0617809652 -0.00162759243
v 0.00442606506 -0.0579337357 -6.80802202e-05
f 1696 1698 1697
v -0.00172438395 -0.0621054147 0.00783935393
v -0.00145396862 -0.0649326073 0.00708614753
v 0.00136419139 -0.0624393404 0.00853215752
f 1699 1701 1700
v 0.000221653295 -0.0684065628 0.0063009029
v 0.00358123361 -0.069320912 0.00616923353
v 0.00136419139 -0.0624393404 0.00853215752
f 1702 1704 1703
v -0.00352198222 -0.062003365 0.00675964329
v -0.00334418692 -0.0676888565 0.00515246902
v -0.00145396862 -0.0649326073 0.00708614753
f 1705 1707 1706
v -0.00334418692 -0.0676888565 0.00515246902
v -0.00352198222 -0.062003365 0.00675964329
v -0.00504839336 -0.0654458592 0.0042543641
f 1708 1710 1709
v -0.00617951155 -0.0599917606 0.000981186167
v -0.00407786101 -0.0650336326 -0.000144791181
v -0.00615817044 -0.062412367 0.00158575785
f 1711 1713 1712
v -0.00439527721 -0.0686997315 0.00266293591
v -0.00504839336 -0.0654458592 0.0042543641
v -0.00525739088 -0.0651333656 0.00180375555
f 1714 1716 1715
v 0.0011255318 -0.0713174697 0.0052497744
v 0.00395638854 -0.0707700849 0.00510080463
v 0.00358123361 -0.069320912 0.00616923353
f 1717 1719 1718
v -0.00439527721 -0.0686997315 0.00266293591
v -0.00173177541 -0.0719795004 0.00466955171
v -0.00334418692 -0.0676888565 0.00515246902
f 1720 1722 1721
v -0.00335130935 -0.0718018389 0.00238454813
v -0.00173177541 -0.0719795004 0.00466955171
v -0.00439527721 -0.0686997315 0.00266293591
f 1723 1725 1724
v -0.00335130935 -0.0718018389 0.00238454813
v -0.00304377136 -0.0731980719 0.00288724732
v -0.00173177541 -0.0719795004 0.00466955171
f 1726 1728 1727
v 0.000143072248 -0.0723521691 -0.000679501454
v -0.00178882528 -0.0670435897 -0.000231958688
v -3.89636412e-06 -0.0695581024 -0.00109160219
f 1729 1731 1730
v -0.00178882528 -0.0670435897 -0.000231958688
v -0.00224970681 -0.0726542203 0.000855552116
v -0.00363727631 -0.0698039832 0.00138835048
f 1732 1734 1733
v -0.00363727631 -0.0698039832 0.00138835048
v -0.00335130935 -0.0718018389 0.00238454813
v -0.00439527721 -0.0686997315 0.00266293591
f 1735 1737 1736
v 0.00175908826 -0.0652926276 -0.00307147457
v -0.00178882528 -0.0670435897 -0.000231958688
v -0.00131062179 -0.0636147044 -0.00147260553
f 1738 1740 1739
v 0.00175908826 -0.0652926276 -0.00307147457
v -0.00177335114 -0.0609743583 -0.00117605769
v 0.000352704342 -0.0615411496 -0.00287325111
f 1741 1743 1742
v -0.00407786101 -0.0650336326 -0.000144791181
v -0.00481628958 -0.0586836424 -0.000584459804
v -0.00131062179 -0.0636147044 -0.00147260553
f 1744 1746 1745
v -0.00178882528 -0.0670435897 -0.000231958688
v -0.00407786101 -0.0650336326 -0.000144791181
v -0.00131062179 -0.0636147044 -0.00147260553
f 1747 1749 1748
v 0.00427731102 -0.0643182255 -0.00161270382
v 0.00220222282 -0.0614129996 -0.00277586278
v 0.00390321147 -0.0617809652 -0.00162759243
f 1750 1752 1751
v 0.00289673626 -0.0698666263 -0.00268103922
v 0.00175908826 -0.0652926276 -0.00307147457
v 0.00427731102 -0.0643182255 -0.00161270382
f 1753 1755 1754
v 0.00144333098 -0.0682877086 -0.0029131932
v 0.00175908826 -0.0652926276 -0.00307147457
v 0.00289673626 -0.0698666263 -0.00268103922
f 1756 1758 1757
v -3.89636412e-06 -0.0695581024 -0.00109160219
v -0.00178882528 -0.0670435897 -0.000231958688
v 6.18816614e-05 -0.0701540674 -0.00246668915
f 1759 1761 1760
v 0.00555741644 -0.0719921023 0.00316614569
v 0.00605528367 -0.0688212167 0.00295609025
v 0.00521509828 -0.0690174755 0.00510475002
f 1762 1764 1763
v 0.00422344565 -0.0733562629 0.00423399251
v 0.00555741644 -0.0719921023 0.00316614569
v 0.00395638854 -0.0707700849 0.00510080463
f 1765 1767 1766
v 0.00422344565 -0.0733562629 0.00423399251
v 0.00162206325 -0.0747247715 0.00425318613
v 0.00381534155 -0.0748826715 0.0035335961
f 1768 1770 1769
v 0.0045964749 -0.0753452478 0.00178184582
v 0.0057307574 -0.072467752 0.000791347793
v 0.00555741644 -0.0719921023 0.00316614569
f 1771 1773 1772
v 0.00492275176 -0.0737105263 -0.000793008894
v 0.00318801394 -0.074645289 -0.00138137975
v 0.00289673626 -0.0698666263 -0.00268103922
f 1774 1776 1775
v 0.0011255318 -0.0713174697 0.0052497744
v -0.000852658923 -0.0749542844 0.00426516526
v 0.00162206325 -0.0747247715 0.00425318613
f 1777 1779 1778
v 0.0011255318 -0.0713174697 0.0052497744
v -0.00173177541 -0.0719795004 0.00466955171
v -0.000852658923 -0.0749542844 0.00426516526
f 1780 1782 1781
v -0.00304377136 -0.0731980719 0.00288724732
v -0.000852658923 -0.0749542844 0.00426516526
v -0.00173177541 -0.0719795004 0.00466955171
f 1783 1785 1784
v 0.00197433546 -0.0749942497 0.00409929198
v 0.00192600346 -0.075012655 0.00408547239
v 0.00192021944 -0.0750096107 0.00411068941
f 1786 1788 1787
v 0.0018835839 -0.074945786 0.00411546134
v 0.00197433546 -0.0749942497 0.00409929198
v 0.00162206325 -0.0747247715 0.00425318613
f 1789 1791 1790
v 0.00162206325 -0.0747247715 0.00425318613
v 0.00197433546 -0.0749942497 0.00409929198
v 0.00215351592 -0.0749451865 0.00406718718
f 1792 1794 1793
v 0.00192600346 -0.075012655 0.00408547239
v 0.00194158783 -0.0750165025 0.00410853099
v 0.00192021944 -0.0750096107 0.00411068941
f 1795 1797 1796
v 0.00190026767 -0.0750131556 0.00402119549
v 0.00222717554 -0.0749601866 0.00405633764
v 0.00215433593 -0.0749523635 0.00404553757
f 1798 1800 1799
v 0.00156098049 -0.0749701227 0.00418495219
v 0.00182104159 -0.0749959843 0.00409249878
v 0.00181935065 -0.0749859842 0.00412548834
f 1801 1803 1802
v 0.00182104159 -0.0749959843 0.00409249878
v 0.00190026767 -0.0750131556 0.00402119549
v 0.00181935065 -0.0749859842 0.00412548834
f 1804 1806 1805
v 0.0018835839 -0.074945786 0.00411546134
v 0.00182104159 -0.0749959843 0.00409249878
v 0.00181935065 -0.0749859842 0.00412548834
f 1807 1809 1808
v 0.00215433593 -0.0749523635 0.00404553757
v 0.00222717554 -0.0749601866 0.00405633764
v 0.00215351592 -0.0749451865 0.00406718718
f 1810 1812 1811
v 0.00194158783 -0.0750165025 0.00410853099
v 0.00190026767 -0.0750131556 0.00402119549
v 0.00197433546 -0.0749942497 0.00409929198
f 1813 1815 1814
v 0.00190026767 -0.0750131556 0.00402119549
v 0.00194158783 -0.0750165025 0.00410853099
v 0.00192600346 -0.075012655 0.00408547239
f 1816 1818 1817
v 0.00156098049 -0.0749701227 0.00418495219
v 0.00190026767 -0.0750131556 0.00402119549
v 0.00182104159 -0.0749959843 0.00409249878
f 1819 1821 1820
v 0.00156098049 -0.0749701227 0.00418495219
v 0.00140324155 -0.0749788596 0.00421079822
v 0.00139994227 -0.0749788538 0.00423649726
f 1822 1824 1823
v 0.00140324155 -0.0749788596 0.00421079822
v 0.00142521676 -0.0750011124 0.00422779995
v 0.00139994227 -0.0749788538 0.00423649726
f 1825 1827 1826
v -0.000852658923 -0.0749542844 0.00426516526
v 0.00142521676 -0.0750011124 0.00422779995
v 0.00140324155 -0.0749788596 0.00421079822
f 1828 1830 1829
v -0.000852658923 -0.0749542844 0.00426516526
v 0.00190026767 -0.0750131556 0.00402119549
v 0.00156098049 -0.0749701227 0.00418495219
f 1831 1833 1832
v -0.00259416738 -0.0732132117 0.00129249393
v -0.00237923086 -0.0733944296 0.000941604958
v -0.00304377136 -0.0731980719 0.00288724732
f 1834 1836 1835
v -0.00260152974 -0.0732127402 0.00129283335
v -0.00335130935 -0.0718018389 0.00238454813
v -0.00259416738 -0.0732132117 0.00129249393
f 1837 1839 1838
v -0.00259416738 -0.0732132117 0.00129249393
v -0.00224970681 -0.0726542203 0.000855552116
v -0.00260152974 -0.0732127402 0.00129283335
f 1840 1842 1841
v -0.00224970681 -0.0726542203 0.000855552116
v -0.00237923086 -0.0733944296 0.000941604958
v -0.00260152974 -0.0732127402 0.00129283335
f 1843 1845 1844
v -0.00220213205 -0.0733330438 0.000573710622
v -0.00187027053 -0.0744016259 0.000691136893
v -0.00237923086 -0.0733944296 0.000941604958
f 1846 1848 1847
v -0.00229440357 -0.0733203196 0.000740071164
v -0.00228172121 -0.0732911343 0.000694753999
v -0.00230800651 -0.0733074674 0.000740614269
f 1849 1851 1850
v -0.00230800651 -0.0733074674 0.000740614269
v -0.00224970681 -0.0726542203 0.000855552116
v -0.00229440357 -0.0733203196 0.000740071164
f 1852 1854 1853
v -0.00228172121 -0.0732911343 0.000694753999
v -0.00227783621 -0.0733449939 0.000688267528
v -0.00230800651 -0.0733074674 0.000740614269
f 1855 1857 1856
v -0.00227783621 -0.0733449939 0.000688267528
v -0.00228172121 -0.0732911343 0.000694753999
v -0.00220213205 -0.0733330438 0.000573710622
f 1858 1860 1859
v -0.00187027053 -0.0744016259 0.000691136893
v -0.00220213205 -0.0733330438 0.000573710622
v -0.00215660748 -0.0733275025 0.000505190064
f 1861 1863 1862
v -0.00198661401 -0.0733125024 0.000254805877
v -0.00187027053 -0.0744016259 0.000691136893
v -0.00216373519 -0.0733264431 0.000506493006
f 1864 1866 1865
v -0.00227783621 -0.0733449939 0.000688267528
v -0.00220213205 -0.0733330438 0.000573710622
v -0.00237923086 -0.0733944296 0.000941604958
f 1867 1869 1868
v -0.00216373519 -0.0733264431 0.000506493006
v -0.00224970681 -0.0726542203 0.000855552116
v -0.00215660748 -0.0733275025 0.000505190064
f 1870 1872 1871
v -0.00215660748 -0.0733275025 0.000505190064
v -0.00198661401 -0.0733125024 0.000254805877
v -0.00216373519 -0.0733264431 0.000506493006
f 1873 1875 1874
v -0.00224970681 -0.0726542203 0.000855552116
v -0.00220213205 -0.0733330438 0.000573710622
v -0.00228172121 -0.0732911343 0.000694753999
f 1876 1878 1877
v -0.0018918694 -0.0734521716 0.00014218034
v -0.00198661401 -0.0733125024 0.000254805877
v -0.00187531405 -0.0734562869 0.000133845367
f 1879 1881 1880
v -0.00187531405 -0.0734562869 0.000133845367
v -0.00224970681 -0.0726542203 0.000855552116
v -0.0018918694 -0.0734521716 0.00014218034
f 1882 1884 1883
v -0.00107927799 -0.0737470225 -0.000371678357
v -0.00224970681 -0.0726542203 0.000855552116
v 0.000143072248 -0.0723521691 -0.000679501454
f 1885 1887 1886
v -0.00107927799 -0.0737470225 -0.000371678357
v -0.00187027053 -0.0744016259 0.000691136893
v -0.00187531405 -0.0734562869 0.000133845367
f 1888 1890 1889
v -0.00107927799 -0.0737470225 -0.000371678357
v -0.0018918694 -0.0734521716 0.00014218034
v -0.00224970681 -0.0726542203 0.000855552116
f 1891 1893 1892
v -0.00187027053 -0.0744016259 0.000691136893
v 0.000682468681 -0.0744930003 -0.00152275052
v 0.00136073595 -0.0763017684 0.00142316776
f 1894 1896 1895
v -8.14108944e-05 -0.0740290328 -0.00110241208
v 0.000143072248 -0.0723521691 -0.000679501454
v -6.39803659e-05 -0.0740427757 -0.00110088995
f 1897 1899 1898
v -6.39803659e-05 -0.0740427757 -0.00110088995
v 0.000829221426 -0.0735085923 -0.00180299085
v -8.14108944e-05 -0.0740290328 -0.00110241208
f 1900 1902 1901
v 0.000829221426 -0.0735085923 -0.00180299085
v 0.000682468681 -0.0744930003 -0.00152275052
v -8.14108944e-05 -0.0740290328 -0.00110241208
f 1903 1905 1904
v 0.000682468681 -0.0744930003 -0.00152275052
v 0.00318801394 -0.074645289 -0.00138137975
v 0.002756506 -0.0761517324 -0.000671692533
f 1906 1908 1907
v 0.000682468681 -0.0744930003 -0.00152275052
v 0.000829221426 -0.0735085923 -0.00180299085
v 0.00318801394 -0.074645289 -0.00138137975
f 1909 1911 1910
v 0.00430275468 -0.0751463464 0.00274628565
v 0.00381534155 -0.0748826715 0.0035335961
v 0.00429910942 -0.0751454209 0.00277735417
f 1912 1914 1913
v 0.00396263749 -0.075699226 0.000639212749
v 0.0045964749 -0.0753452478 0.00178184582
v 0.00428010171 -0.0751923944 0.00275979528
f 1915 1917 1916
v 0.0045964749 -0.0753452478 0.00178184582
v 0.00430275468 -0.0751463464 0.00274628565
v 0.00429910942 -0.0751454209 0.00277735417
f 1918 1920 1919
v 0.00428010171 -0.0751923944 0.00275979528
v 0.0045964749 -0.0753452478 0.00178184582
v 0.00429910942 -0.0751454209 0.00277735417
f 1921 1923 1922
v 0.00430275468 -0.0751463464 0.00274628565
v 0.0045964749 -0.0753452478 0.00178184582
v 0.00381534155 -0.0748826715 0.0035335961
f 1924 1926 1925
v 0.00381534155 -0.0748826715 0.0035335961
v 0.00215433593 -0.0749523635 0.00404553757
v 0.00215351592 -0.0749451865 0.00406718718
f 1927 1929 1928
v 0.00289673626 -0.0698666263 -0.00268103922
v 0.00564241818 -0.067857228 0.000720775279
v 0.00492275176 -0.0737105263 -0.000793008894
f 1930 1932 1931
v 0.00555741644 -0.0719921023 0.00316614569
v 0.00521509828 -0.0690174755 0.00510475002
v 0.00395638854 -0.0707700849 0.00510080463
f 1933 1935 1934
v 0.00124363296 -0.040784193 -0.00353669384
v 0.000543103897 -0.0384892279 -0.00380264282
v 0.00296547623 -0.0389447785 -0.00141746341
f 1936 1938 1937
v 0.00124363296 -0.040784193 -0.00353669384
v -0.00197667723 -0.0400497403 -0.00433679706
v 0.000543103897 -0.0384892279 -0.00380264282
f 1939 1941 1940
v -0.00448844912 -0.0402648147 -0.0038469876
v -0.00315508332 -0.0452163629 -0.00370702255
v -0.00744403951 -0.042454357 -0.00178356058
f 1942 1944 1943
v -0.00315508332 -0.0452163629 -0.00370702255
v -0.00448844912 -0.0402648147 -0.0038469876
v -0.000687741885 -0.044398132 -0.00421164041
f 1945 1947 1946
v 0.00274153226 -0.0426271989 -0.00187754285
v 0.00118752005 -0.046583006 -0.00322380074
v -0.000179920448 -0.042543633 -0.00397191397
f 1948 1950 1949
v -0.000687741885 -0.044398132 -0.00421164041
v -0.000179920448 -0.042543633 -0.00397191397
v 0.00118752005 -0.046583006 -0.00322380074
f 1951 1953 1952
v -0.00744403951 -0.042454357 -0.00178356058
v -0.00796321692 -0.0456263369 -0.000838361393
v -0.00906246496 -0.0425822334 0.000368672659
f 1954 1956 1955
v 0.000897752216 -0.0221783688 0.00513160776
v -0.00114505283 -0.0224113872 0.00592264369
v -0.000174939737 -0.0271220692 0.00664680629
f 1957 1959 1958
v -0.00114505283 -0.0224113872 0.00592264369
v 0.000897752216 -0.0221783688 0.00513160776
v -0.00107581282 -0.0197023808 0.00494741944
f 1960 1962 1961
v -0.00114505283 -0.0224113872 0.00592264369
v -0.00409320637 -0.0231336453 0.00549008109
v -0.0023595685 -0.0254786544 0.00651163646
f 1963 1965 1964
v -0.00409320637 -0.0231336453 0.00549008109
v -0.00731376495 -0.0261607696 0.00395613715
v -0.0060189519 -0.0294624886 0.00611078503
f 1966 1968 1967
v -0.0023595685 -0.0254786544 0.00651163646
v -0.00409320637 -0.0231336453 0.00549008109
v -0.0060189519 -0.0294624886 0.00611078503
f 1969 1971 1970
v 0.00462530879 -0.024010014 0.00240519421
v 0.000897752216 -0.0221783688 0.00513160776
v 0.00159577667 -0.0272956036 0.00583904512
f 1972 1974 1973
v -0.000402974911 -0.0304913643 0.0073869458
v -0.00289905329 -0.0295568287 0.0072786941
v -0.00256861731 -0.0333332457 0.00784025397
f 1975 1977 1976
v -0.00289905329 -0.0295568287 0.0072786941
v -0.00643310486 -0.0353664684 0.00671810485
v -0.00256861731 -0.0333332457 0.00784025397
f 1978 1980 1979
v -0.000174939737 -0.0271220692 0.00664680629
v -0.0023595685 -0.0254786544 0.00651163646
v -0.00289905329 -0.0295568287 0.0072786941
f 1981 1983 1982
v -0.000174939737 -0.0271220692 0.00664680629
v -0.00289905329 -0.0295568287 0.0072786941
v -0.000402974911 -0.0304913643 0.0073869458
f 1984 1986 1985
v -0.0023595685 -0.0254786544 0.00651163646
v -0.0060189519 -0.0294624886 0.00611078503
v -0.00289905329 -0.0295568287 0.0072786941
f 1987 1989 1988
v -0.000174939737 -0.0271220692 0.00664680629
v -0.000402974911 -0.0304913643 0.0073869458
v 0.00159577667 -0.0272956036 0.00583904512
f 1990 1992 1991
v 0.00379792255 -0.0284737675 0.00374660085
v 0.00159577667 -0.0272956036 0.00583904512
v 0.00424278696 -0.0317312777 0.0032615837
f 1993 1995 1994
v 0.00424278696 -0.0317312777 0.0032615837
v 0.00159577667 -0.0272956036 0.00583904512
v 0.00388320223 -0.0334997021 0.00403057056
f 1996 1998 1997
v -0.00256861731 -0.0333332457 0.00784025397
v 0.000952929258 -0.0333907432 0.00723347985
v -0.000402974911 -0.0304913643 0.0073869458
f 1999 2001 2000
v 0.000952929258 -0.0333907432 0.00723347985
v -0.000992404148 -0.036052888 0.00817476539
v 0.00169997948 -0.0345837907 0.0070549424
f 2002 2004 2003
v 0.00388320223 -0.0334997021 0.00403057056
v 0.00428846142 -0.0359401602 0.00135761902
v 0.00424278696 -0.0317312777 0.0032615837
f 2005 2007 2006
v -0.000992404148 -0.036052888 0.00817476539
v 0.0011389775 -0.03926754 0.00786972159
v 0.00169997948 -0.0345837907 0.0070549424
f 2008 2010 2009
v 0.00419741409 -0.0372672803 0.0037924463
v 0.00388320223 -0.0334997021 0.00403057056
v 0.00169997948 -0.0345837907 0.0070549424
f 2011 2013 2012
v 0.00419741409 -0.0372672803 0.0037924463
v 0.00428846142 -0.0359401602 0.00135761902
v 0.00388320223 -0.0334997021 0.00403057056
f 2014 2016 2015
v -0.00155896014 -0.0041219384 0.00334393881
v -0.0021020116 -0.00398124321 0.00322693741
v -0.0027688935 -0.00394043673 0.0029173334
f 2017 2019 2018
v -0.00289809414 -0.00376578173 0.00292510795
v -0.00289923355 -0.00378594486 0.00292483801
v -0.00274976755 -0.00387900582 0.00284312155
f 2020 2022 2021
v -0.00305653484 -0.00370526395 0.002722317
v -0.00306211878 -0.00373801595 0.00274294198
v -0.00304850491 -0.00377095566 0.00273619062
f 2023 2025 2024
v -0.00293642825 -0.00376969037 0.00288709452
v -0.00291228735 -0.00381511272 0.0028720553
v -0.00296694725 -0.00376066309 0.00285310343
f 2026 2028 2027
v -0.00297373499 -0.00380272395 0.00280937693
v -0.00299945186 -0.00375814707 0.00282030687
v -0.00296694725 -0.00376066309 0.00285310343
f 2029 2031 2030
v -0.00290587868 -0.00380736965 0.00278316638
v -0.00297373499 -0.00380272395 0.00280937693
v -0.00296694725 -0.00376066309 0.00285310343
f 2032 2034 2033
v -0.00304850491 -0.00377095566 0.00273619062
v -0.00306211878 -0.00373801595 0.00274294198
v -0.00301475902 -0.00374262745 0.00277231666
f 2035 2037 2036
v -0.00299945186 -0.00375814707 0.00282030687
v -0.00297373499 -0.00380272395 0.00280937693
v -0.00301475902 -0.00374262745 0.00277231666
f 2038 2040 2039
v -0.00317421691 -0.0036316007 0.0026404874
v -0.00315397629 -0.00367635366 0.00263356633
v -0.00317370104 -0.0036201498 0.00259548324
f 2041 2043 2042
v -0.00315397629 -0.00367635366 0.00263356633
v -0.00317421691 -0.0036316007 0.0026404874
v -0.00305653484 -0.00370526395 0.002722317
f 2044 2046 2045
v -0.00324053435 -0.00361644343 0.00256605999
v -0.00322281667 -0.00365488377 0.00256008861
v -0.00338387108 -0.00344867149 0.00199493261
f 2047 2049 2048
v -0.00305653484 -0.00370526395 0.002722317
v -0.00317421691 -0.0036316007 0.0026404874
v -0.00312727461 -0.00371462811 0.00268932872
f 2050 2052 2051
v -0.00322281667 -0.00365488377 0.00256008861
v -0.00324053435 -0.00361644343 0.00256605999
v -0.00317370104 -0.0036201498 0.00259548324
f 2053 2055 2054
v -0.00382788348 -0.00354553777 0.00190935334
v -0.00385102685 -0.00356779929 0.00186751495
v -0.00384126943 -0.00359214027 0.00185844874
f 2056 2058 2057
v -0.00390277928 -0.00361372076 0.00177333332
v -0.00392496222 -0.00358616671 0.00175963796
v -0.00389071283 -0.00371385395 0.00186871057
f 2059 2061 2060
v -0.00389071283 -0.00371385395 0.00186871057
v -0.00390479909 -0.00354751683 0.00172337841
v -0.00391220237 -0.00358541874 0.00177617039
f 2062 2064 2063
v -0.00382788348 -0.00354553777 0.00190935334
v -0.00384126943 -0.00359214027 0.00185844874
v -0.00357300123 -0.00353804062 0.00224004816
f 2065 2067 2066
v -0.00390277928 -0.00361372076 0.00177333332
v -0.00391220237 -0.00358541874 0.00177617039
v -0.00390479909 -0.00354751683 0.00172337841
f 2068 2070 2069
v -0.00382788348 -0.00354553777 0.00190935334
v -0.00357300123 -0.00353804062 0.00224004816
v -0.00338387108 -0.00344867149 0.00199493261
f 2071 2073 2072
v -0.00392496222 -0.00358616671 0.00175963796
v -0.00390277928 -0.00361372076 0.00177333332
v -0.00390479909 -0.00354751683 0.00172337841
f 2074 2076 2075
v -0.00390479909 -0.00354751683 0.00172337841
v -0.0040251809 -0.00352294737 0.00162049218
v -0.00392496222 -0.00358616671 0.00175963796
f 2077 2079 2078
v -0.00442652599 -0.0034161465 0.000696676079
v -0.00412427908 -0.00354019721 0.00146953562
v -0.0041162828 -0.00356001692 0.00146618613
f 2080 2082 2081
v -0.00390479909 -0.00354751683 0.00172337841
v -0.00406775107 -0.0035237128 0.00155345733
v -0.0040251809 -0.00352294737 0.00162049218
f 2083 2085 2084
v -0.00405967003 -0.00354656368 0.00155149773
v -0.00406775107 -0.0035237128 0.00155345733
v -0.00390479909 -0.00354751683 0.00172337841
f 2086 2088 2087
v -0.00274976755 -0.00387900582 0.00284312155
v -0.00290587868 -0.00380736965 0.00278316638
v -0.00289041873 -0.00384930972 0.00286310278
f 2089 2091 2090
v -0.00289041873 -0.00384930972 0.00286310278
v -0.00291228735 -0.00381511272 0.0028720553
v -0.00274976755 -0.00387900582 0.00284312155
f 2092 2094 2093
v -0.00289809414 -0.00376578173 0.00292510795
v -0.00293642825 -0.00376969037 0.00288709452
v -0.00289923355 -0.00378594486 0.00292483801
f 2095 2097 2096
v 0.00228372919 -0.0039272134 0.00348033245
v 0.00238421453 -0.00392870643 0.00346190827
v 0.00228782119 -0.00390187124 0.00347078749
f 2098 2100 2099
v -0.000276855167 -0.00377338365 0.00354644544
v -0.000324511507 -0.00378577606 0.00353899304
v -0.000266755637 -0.00380881611 0.00353379546
f 2101 2103 2102
v -0.000353494511 -0.00375359596 0.00354873191
v -0.000324511507 -0.00378577606 0.00353899304
v -0.000380904953 -0.00374798037 0.00349836882
f 2104 2106 2105
v 3.37867732e-05 -0.00379021149 0.00351658418
v 0.000133200092 -0.0037592552 0.00351178496
v 2.67673869e-05 -0.00376879252 0.00348269859
f 2107 2109 2108
v -3.49926523e-05 -0.00376849275 0.00352069655
v 3.37867732e-05 -0.00379021149 0.00351658418
v 2.67673869e-05 -0.00376879252 0.00348269859
f 2110 2112 2111
v 0.000197968029 -0.00378254263 0.00352407988
v 0.000300803117 -0.0037540427 0.00352903771
v 0.000194207814 -0.00376514581 0.00348874783
f 2113 2115 2114
v 0.000300803117 -0.0037540427 0.00352903771
v 0.000197968029 -0.00378254263 0.00352407988
v 0.00017618645 -0.00379715129 0.00345672779
f 2116 2118 2117
v 0.000142254839 -0.00377257747 0.00347440473
v 6.09619121e-05 -0.0038111968 0.00346048182
v 0.00017618645 -0.00379715129 0.00345672779
f 2119 2121 2120
v 0.000133200092 -0.0037592552 0.00351178496
v 3.37867732e-05 -0.00379021149 0.00351658418
v 6.09619121e-05 -0.0038111968 0.00346048182
f 2122 2124 2123
v 0.00017618645 -0.00379715129 0.00345672779
v 0.000194207814 -0.00376514581 0.00348874783
v 0.000142254839 -0.00377257747 0.00347440473
f 2125 2127 2126
v 0.000194207814 -0.00376514581 0.00348874783
v 5.83645942e-05 -0.00373498115 0.00342690801
v 0.000142254839 -0.00377257747 0.00347440473
f 2128 2130 2129
v 0.000133200092 -0.0037592552 0.00351178496
v 5.83645942e-05 -0.00373498115 0.00342690801
v 2.67673869e-05 -0.00376879252 0.00348269859
f 2131 2133 2132
v 0.000300803117 -0.0037540427 0.00352903771
v 5.83645942e-05 -0.00373498115 0.00342690801
v 0.000194207814 -0.00376514581 0.00348874783
f 2134 2136 2135
v 0.000300803117 -0.0037540427 0.00352903771
v 0.000298414056 -0.00376112512 0.00348169015
v 5.83645942e-05 -0.00373498115 0.00342690801
f 2137 2139 2138
v 0.000142254839 -0.00377257747 0.00347440473
v 5.83645942e-05 -0.00373498115 0.00342690801
v 0.000133200092 -0.0037592552 0.00351178496
f 2140 2142 2141
v -3.49926523e-05 -0.00376849275 0.00352069655
v -0.000147672063 -0.00381023056 0.00350636801
v -9.98283895e-05 -0.00382103099 0.00347513451
f 2143 2145 2144
v -2.09464545e-05 -0.00377822944 0.00346896668
v -9.98283895e-05 -0.00382103099 0.00347513451
v -0.000404382672 -0.00399973287 0.00291162924
f 2146 2148 2147
v 5.83645942e-05 -0.00373498115 0.00342690801
v -0.000147672063 -0.00381023056 0.00350636801
v -0.000404382672 -0.00399973287 0.00291162924
f 2149 2151 2150
v 6.09619121e-05 -0.0038111968 0.00346048182
v -0.000404382672 -0.00399973287 0.00291162924
v 0.000530568013 -0.00374019801 0.00334615106
f 2152 2154 2153
v -3.49926523e-05 -0.00376849275 0.00352069655
v -2.09464545e-05 -0.00377822944 0.00346896668
v 5.83645942e-05 -0.00373498115 0.00342690801
f 2155 2157 2156
v -3.49926523e-05 -0.00376849275 0.00352069655
v -0.000266755637 -0.00380881611 0.00353379546
v -0.000147672063 -0.00381023056 0.00350636801
f 2158 2160 2159
v 0.00109330049 -0.00363091021 0.00329269351
v 0.00115082321 -0.00365978412 0.00331357987
v 0.0011767509 -0.00361310886 0.00326273912
f 2161 2163 2162
v 0.00197599165 -0.0038271588 0.00344788168
v 0.00192742682 -0.00381286736 0.00344307664
v 0.00192822026 -0.00378379991 0.00339896505
f 2164 2166 2165
v 0.00104113897 -0.00367994871 0.00333002681
v 0.00119939095 -0.00366077802 0.00332710115
v 0.00109330049 -0.00363091021 0.00329269351
f 2167 2169 2168
v 0.00192590469 -0.00373171715 0.0033514174
v 0.00192006792 -0.00371145361 0.00326219706
v 0.00187143687 -0.00377204051 0.0033644752
f 2170 2172 2171
v 0.00187143687 -0.00377204051 0.0033644752
v 0.00192006792 -0.00371145361 0.00326219706
v 0.00177327911 -0.00366115637 0.0032633161
f 2173 2175 2174
v 0.00192006792 -0.00371145361 0.00326219706
v 0.00192160533 -0.00367743996 0.00322136148
v 0.00182748427 -0.00369630652 0.00326178888
f 2176 2178 2177
v 0.00187143687 -0.00377204051 0.0033644752
v 0.00177327911 -0.00366115637 0.0032633161
v 0.00192590469 -0.00373171715 0.0033514174
f 2179 2181 2180
v 0.00182748427 -0.00369630652 0.00326178888
v 0.00192160533 -0.00367743996 0.00322136148
v 0.00177327911 -0.00366115637 0.0032633161
f 2182 2184 2183
v 0.00213386375 -0.00386425017 0.00346686938
v 0.00228782119 -0.00390187124 0.00347078749
v 0.00230108526 -0.00386231186 0.0033939632
f 2185 2187 2186
v 0.00206981258 -0.00387063264 0.00352487514
v 0.00208924685 -0.00385534149 0.00345506705
v 0.00213386375 -0.00386425017 0.00346686938
f 2188 2190 2189
v 0.00230108526 -0.00386231186 0.0033939632
v 0.0024981864 -0.00392407601 0.00308050876
v 0.00228372919 -0.0039272134 0.00348033245
f 2191 2193 2192
v 0.00228782119 -0.00390187124 0.00347078749
v 0.00233680912 -0.00392365255 0.00345006847
v 0.00230108526 -0.00386231186 0.0033939632
f 2194 2196 2195
v 0.00192006792 -0.00371145361 0.00326219706
v 0.00186384659 -0.00368538531 0.00311281401
v 0.00195053199 -0.00376697062 0.00331325864
f 2197 2199 2198
v 0.00197599165 -0.0038271588 0.00344788168
v 0.00192822026 -0.00378379991 0.00339896505
v 0.00202280116 -0.00383430524 0.00340825209
f 2200 2202 2201
v 0.00192160533 -0.00367743996 0.00322136148
v 0.00186384659 -0.00368538531 0.00311281401
v 0.0018203018 -0.00371722199 0.00325939509
f 2203 2205 2204
v 0.00207192952 -0.00382511716 0.0034743658
v 0.00208924685 -0.00385534149 0.00345506705
v 0.00204878761 -0.00379561461 0.00341436426
f 2206 2208 2207
v 0.00206981258 -0.00387063264 0.00352487514
v 0.00213386375 -0.00386425017 0.00346686938
v 0.00207192952 -0.00382511716 0.0034743658
f 2209 2211 2210
v 0.00205879132 -0.00375875461 0.00333357784
v 0.00204878761 -0.00379561461 0.00341436426
v 0.00230108526 -0.00386231186 0.0033939632
f 2212 2214 2213
v 0.00197599165 -0.0038271588 0.00344788168
v 0.00202280116 -0.00383430524 0.00340825209
v 0.00206981258 -0.00387063264 0.00352487514
f 2215 2217 2216
v 0.00207192952 -0.00382511716 0.0034743658
v 0.00197599165 -0.0038271588 0.00344788168
v 0.00206981258 -0.00387063264 0.00352487514
f 2218 2220 2219
v 0.00206981258 -0.00387063264 0.00352487514
v 0.00202280116 -0.00383430524 0.00340825209
v 0.00208924685 -0.00385534149 0.00345506705
f 2221 2223 2222
v 0.00192590469 -0.00373171715 0.0033514174
v 0.00177327911 -0.00366115637 0.0032633161
v 0.0018222896 -0.00375933523 0.00340973493
f 2224 2226 2225
v 0.00202280116 -0.00383430524 0.00340825209
v 0.00205879132 -0.00375875461 0.00333357784
v 0.00192590469 -0.00373171715 0.0033514174
f 2227 2229 2228
v 0.00158152379 -0.00365258384 0.00326134068
v 0.00151785925 -0.0036397767 0.00324537868
v 0.00163049335 -0.00361556522 0.00314968602
f 2230 2232 2231
v 0.00158152379 -0.00365258384 0.00326134068
v 0.00151563336 -0.00361113853 0.00320316467
v 0.00151785925 -0.0036397767 0.00324537868
f 2233 2235 2234
v 0.00177091988 -0.00365626256 0.00319739702
v 0.0018203018 -0.00371722199 0.00325939509
v 0.00172242817 -0.00365859378 0.00318634375
f 2236 2238 2237
v 0.00177327911 -0.00366115637 0.0032633161
v 0.00172242817 -0.00365859378 0.00318634375
v 0.0018203018 -0.00371722199 0.00325939509
f 2239 2241 2240
v 0.00141979854 -0.00363094514 0.00325793117
v 0.00134654201 -0.00364552907 0.00327098351
v 0.00140534339 -0.00362157371 0.00318137427
f 2242 2244 2243
v 0.00131472316 -0.00360061458 0.00318151178
v 0.00140873435 -0.00356030723 0.00313973178
v 0.00104054634 -0.00356863966 0.00320286636
f 2245 2247 2246
v 0.00146611274 -0.00360634804 0.00318754137
v 0.00140534339 -0.00362157371 0.00318137427
v 0.00149408352 -0.00359974874 0.00309274219
f 2248 2250 2249
v 0.00127040666 -0.00362554492 0.00314592435
v 0.00140873435 -0.00356030723 0.00313973178
v 0.00140534339 -0.00362157371 0.00318137427
f 2251 2253 2252
v 0.00135881455 -0.00359643527 0.00319203536
v 0.00131472316 -0.00360061458 0.00318151178
v 0.00140534339 -0.00362157371 0.00318137427
f 2254 2256 2255
v 0.00127040666 -0.00362554492 0.00314592435
v 0.00131472316 -0.00360061458 0.00318151178
v 0.00134654201 -0.00364552907 0.00327098351
f 2257 2259 2258
v 0.00131472316 -0.00360061458 0.00318151178
v 0.00135881455 -0.00359643527 0.00319203536
v 0.00134654201 -0.00364552907 0.00327098351
f 2260 2262 2261
v 0.00183138382 -0.00361599305 0.00313480305
v 0.00186384659 -0.00368538531 0.00311281401
v 0.00183104112 -0.0036888312 0.00317373378
f 2263 2265 2264
v 0.00163049335 -0.00361556522 0.00314968602
v 0.0016151389 -0.00361359635 0.00311204458
v 0.00165045094 -0.00360286285 0.0030392237
f 2266 2268 2267
v 0.00177091988 -0.00365626256 0.00319739702
v 0.00183104112 -0.0036888312 0.00317373378
v 0.0018203018 -0.00371722199 0.00325939509
f 2269 2271 2270
v 0.00149408352 -0.00359974874 0.00309274219
v 0.00155791658 -0.00357474855 0.00314187964
v 0.00163049335 -0.00361556522 0.00314968602
f 2272 2274 2273
v 0.00192160533 -0.00367743996 0.00322136148
v 0.00205879132 -0.00375875461 0.00333357784
v 0.00179207036 -0.00336737357 0.00288351639
f 2275 2277 2276
v 0.00127040666 -0.00362554492 0.00314592435
v 0.00167165545 -0.00302816134 0.00170318926
v 0.00165045094 -0.00360286285 0.0030392237
f 2278 2280 2279
v 0.00127040666 -0.00362554492 0.00314592435
v 0.00165045094 -0.00360286285 0.0030392237
v 0.00149408352 -0.00359974874 0.00309274219
f 2281 2283 2282
v 0.0018222896 -0.00375933523 0.00340973493
v 0.00177327911 -0.00366115637 0.0032633161
v 0.0018203018 -0.00371722199 0.00325939509
f 2284 2286 2285
v 0.00177091988 -0.00365626256 0.00319739702
v 0.00183138382 -0.00361599305 0.00313480305
v 0.00179207036 -0.00336737357 0.00288351639
f 2287 2289 2288
v 0.0018203018 -0.00371722199 0.00325939509
v 0.00183104112 -0.0036888312 0.00317373378
v 0.00192160533 -0.00367743996 0.00322136148
f 2290 2292 2291
v 0.00179207036 -0.00336737357 0.00288351639
v 0.00186384659 -0.00368538531 0.00311281401
v 0.00177053607 -0.00365318338 0.00312229458
f 2293 2295 2294
v 0.00165045094 -0.00360286285 0.0030392237
v 0.00179207036 -0.00336737357 0.00288351639
v 0.00177053607 -0.00365318338 0.00312229458
f 2296 2298 2297
v 0.00149408352 -0.00359974874 0.00309274219
v 0.00161125226 -0.00353054857 0.00307680311
v 0.0016151389 -0.00361359635 0.00311204458
f 2299 2301 2300
v 0.00183138382 -0.00361599305 0.00313480305
v 0.00192160533 -0.00367743996 0.00322136148
v 0.00179207036 -0.00336737357 0.00288351639
f 2302 2304 2303
v 0.000777174046 -0.0037453683 0.00347424102
v 0.000885342979 -0.00371779824 0.00345048502
v 0.00083032819 -0.00371472197 0.00346457055
f 2305 2307 2306
v 0.000777174046 -0.0037453683 0.00347424102
v 0.000830394583 -0.00372082213 0.00343506435
v 0.000885342979 -0.00371779824 0.00345048502
f 2308 2310 2309
v 0.000494671349 -0.00376650496 0.00356393684
v 0.00046468549 -0.00376017051 0.00349203656
v 0.000506532433 -0.00375599848 0.0035023706
f 2311 2313 2312
v 0.000725825521 -0.00375079908 0.00347954883
v 0.000721797369 -0.0037316604 0.00344689797
v 0.000692237882 -0.00374733572 0.00349232832
f 2314 2316 2315
v 0.000464776622 -0.00370991693 0.00342503663
v 5.83645942e-05 -0.00373498115 0.00342690801
v 0.000439054065 -0.00373657895 0.00350033843
f 2317 2319 2318
v 0.00104054634 -0.00356863966 0.00320286636
v 5.83645942e-05 -0.00373498115 0.00342690801
v 0.000464776622 -0.00370991693 0.00342503663
f 2320 2322 2321
v 0.000669893234 -0.00373786679 0.00343172433
v 0.000595975916 -0.00376841708 0.00342424173
v 0.000669594738 -0.00375527961 0.00333129028
f 2323 2325 2324
v 0.000692237882 -0.00374733572 0.00349232832
v 0.000558772854 -0.00376508906 0.00348040958
v 0.000595975916 -0.00376841708 0.00342424173
f 2326 2328 2327
v 0.000510241352 -0.00374673909 0.00342392923
v 0.000530568013 -0.00374019801 0.00334615106
v 0.000464776622 -0.00370991693 0.00342503663
f 2329 2331 2330
v 0.000553740801 -0.0037383892 0.00343739812
v 0.000510241352 -0.00374673909 0.00342392923
v 0.000595975916 -0.00376841708 0.00342424173
f 2332 2334 2333
v 0.000881350661 -0.00369327972 0.00336238772
v 0.000816502961 -0.00373271978 0.00337196798
v 0.000964646824 -0.00369724803 0.00329871036
f 2335 2337 2336
v 0.00104113897 -0.00367994871 0.00333002681
v 0.00109330049 -0.00363091021 0.00329269351
v 0.00104054634 -0.00356863966 0.00320286636
f 2338 2340 2339
v -0.000404382672 -0.00399973287 0.00291162924
v 0.00104054634 -0.00356863966 0.00320286636
v 0.00112997595 -0.00366583772 0.00324878238
f 2341 2343 2342
v 0.000830394583 -0.00372082213 0.00343506435
v 0.000777174046 -0.0037453683 0.00347424102
v 0.000816502961 -0.00373271978 0.00337196798
f 2344 2346 2345
v 0.000669594738 -0.00375527961 0.00333129028
v 0.000822806487 -0.00368959663 0.00340135557
v 0.000777174046 -0.0037453683 0.00347424102
f 2347 2349 2348
v 0.000669594738 -0.00375527961 0.00333129028
v 0.000721797369 -0.0037316604 0.00344689797
v 0.000669893234 -0.00373786679 0.00343172433
f 2350 2352 2351
v 0.000669594738 -0.00375527961 0.00333129028
v 0.00104054634 -0.00356863966 0.00320286636
v 0.000816502961 -0.00373271978 0.00337196798
f 2353 2355 2354
v 0.00167165545 -0.00302816134 0.00170318926
v 0.00127040666 -0.00362554492 0.00314592435
v -0.000404382672 -0.00399973287 0.00291162924
f 2356 2358 2357
v 0.000494671349 -0.00376650496 0.00356393684
v 0.000506532433 -0.00375599848 0.0035023706
v 0.000439054065 -0.00373657895 0.00350033843
f 2359 2361 2360
v 0.000494671349 -0.00376650496 0.00356393684
v 0.000360825561 -0.00377458564 0.00353210453
v 0.000396373161 -0.003790146 0.00345615372
f 2362 2364 2363
v 0.000439054065 -0.00373657895 0.00350033843
v 0.00046468549 -0.00376017051 0.00349203656
v 0.000464776622 -0.00370991693 0.00342503663
f 2365 2367 2366
v 5.83645942e-05 -0.00373498115 0.00342690801
v 0.00017618645 -0.00379715129 0.00345672779
v 6.09619121e-05 -0.0038111968 0.00346048182
f 2368 2370 2369
v 0.000354001327 -0.00375251329 0.0034974506
v 0.000298414056 -0.00376112512 0.00348169015
v 0.000396373161 -0.003790146 0.00345615372
f 2371 2373 2372
v 0.00115082321 -0.00365978412 0.00331357987
v 0.000964646824 -0.00369724803 0.00329871036
v 0.00112997595 -0.00366583772 0.00324878238
f 2374 2376 2375
v 0.00254483184 -0.00391592985 0.00326195695
v 0.0024911782 -0.00391652065 0.00329832001
v 0.0024981864 -0.00392407601 0.00308050876
f 2377 2379 2378
v 0.00120037539 -0.00362833453 0.00324074172
v 0.00112997595 -0.00366583772 0.00324878238
v 0.00127040666 -0.00362554492 0.00314592435
f 2380 2382 2381
v 0.0024981864 -0.00392407601 0.00308050876
v 0.00264611208 -0.00386077227 0.00309604693
v 0.00260810539 -0.00390767891 0.00316040205
f 2383 2385 2384
v 0.00263674101 -0.00385761741 0.00313677338
v 0.0024981864 -0.00392407601 0.00308050876
v 0.00260810539 -0.00390767891 0.00316040205
f 2386 2388 2387
v 0.00251236834 -0.00393959126 0.00337455931
v 0.0024911782 -0.00391652065 0.00329832001
v 0.00253347371 -0.00392125294 0.00330869334
f 2389 2391 2390
v 0.00269628963 -0.00390861314 0.00321017615
v 0.00254483184 -0.00391592985 0.00326195695
v 0.00260810539 -0.00390767891 0.00316040205
f 2392 2394 2393
v 0.00285027745 -0.00383137594 0.00284804155
v 0.00280245386 -0.00382614016 0.00288459214
v 0.00273132664 -0.00386854736 0.00293277608
f 2395 2397 2396
v 0.00255282703 -0.00377970064 0.00304507921
v 0.00291969736 -0.00386014653 0.00298075029
v 0.00276734736 -0.00376813914 0.00284612688
f 2398 2400 2399
v 0.00284000853 -0.00371196438 0.00253631661
v 0.00279694596 -0.00372255527 0.00259038952
v 0.00269740212 -0.00374939773 0.00264226073
f 2401 2403 2402
v 0.00270494293 -0.0036918871 0.00266759362
v 0.00279694596 -0.00372255527 0.00259038952
v 0.00274734502 -0.00368450783 0.00251430938
f 2404 2406 2405
v 0.00279694596 -0.00372255527 0.00259038952
v 0.00284000853 -0.00371196438 0.00253631661
v 0.00274734502 -0.00368450783 0.00251430938
f 2407 2409 2408
v 0.0027943106 -0.00377600591 0.00274062495
v 0.00286390605 -0.0037738042 0.00268879649
v 0.00270494293 -0.0036918871 0.00266759362
f 2410 2412 2411
v 0.0027943106 -0.00377600591 0.00274062495
v 0.00270494293 -0.0036918871 0.00266759362
v 0.00276734736 -0.00376813914 0.00284612688
f 2413 2415 2414
v 0.00286390605 -0.0037738042 0.00268879649
v 0.0027943106 -0.00377600591 0.00274062495
v 0.00269740212 -0.00374939773 0.00264226073
f 2416 2418 2417
v 0.00286390605 -0.0037738042 0.00268879649
v 0.00284128255 -0.0037365935 0.00260095003
v 0.00270494293 -0.0036918871 0.00266759362
f 2419 2421 2420
v 0.00279939359 -0.00386283427 0.00303305442
v 0.00291969736 -0.00386014653 0.00298075029
v 0.00255282703 -0.00377970064 0.00304507921
f 2422 2424 2423
v 0.00285027745 -0.00383137594 0.00284804155
v 0.00284277157 -0.00378736222 0.00275092953
v 0.00276734736 -0.00376813914 0.00284612688
f 2425 2427 2426
v 0.00269740212 -0.00374939773 0.00264226073
v 0.0027943106 -0.00377600591 0.00274062495
v 0.00273132664 -0.00386854736 0.00293277608
f 2428 2430 2429
v 0.00282996498 -0.00389507259 0.00311915246
v 0.00285360729 -0.00387074033 0.00304387304
v 0.00255282703 -0.00377970064 0.00304507921
f 2431 2433 2432
v 0.00396838259 -0.00418856143 0.00239054843
v 0.0039369279 -0.00415468749 0.00233851879
v 0.00382791804 -0.00412096633 0.00240741192
f 2434 2436 2435
v 0.00273132664 -0.00386854736 0.00293277608
v 0.00279939359 -0.00386283427 0.00303305442
v 0.00282996498 -0.00389507259 0.00311915246
f 2437 2439 2438
v 0.0024981864 -0.00392407601 0.00308050876
v 0.00273132664 -0.00386854736 0.00293277608
v 0.00282996498 -0.00389507259 0.00311915246
f 2440 2442 2441
v 0.00263674101 -0.00385761741 0.00313677338
v 0.00264611208 -0.00386077227 0.00309604693
v 0.00255282703 -0.00377970064 0.00304507921
f 2443 2445 2444
v 0.00279939359 -0.00386283427 0.00303305442
v 0.00285360729 -0.00387074033 0.00304387304
v 0.00282996498 -0.00389507259 0.00311915246
f 2446 2448 2447
v 0.00284000853 -0.00371196438 0.00253631661
v 0.00285360911 -0.00369832196 0.00247516
v 0.00276540177 -0.00351941053 0.00226696666
f 2449 2451 2450
v 0.00382791804 -0.00412096633 0.00240741192
v 0.0039369279 -0.00415468749 0.00233851879
v 0.00381286918 -0.00408914275 0.00235409661
f 2452 2454 2453
v 0.00466558995 -0.00452496824 0.00234779964
v 0.00470391969 -0.0045200075 0.00229831658
v 0.00461134914 -0.00444026737 0.00229643829
f 2455 2457 2456
v 0.00381470636 -0.00412502632 0.00236070755
v 0.0049498678 -0.00391841531 0.000628196312
v 0.00381286918 -0.00408914275 0.00235409661
f 2458 2460 2459
v 0.00381286918 -0.00408914275 0.00235409661
v 0.00346116904 -0.00394979652 0.00235455173
v 0.00382791804 -0.00412096633 0.00240741192
f 2461 2463 2462
v 0.0049498678 -0.00391841531 0.000628196312
v 0.00346116904 -0.00394979652 0.00235455173
v 0.00381286918 -0.00408914275 0.00235409661
f 2464 2466 2465
v 0.0028949853 -0.0036798876 0.00237847726
v 0.00294357342 -0.00369743138 0.00238755838
v 0.00285360911 -0.00369832196 0.00247516
f 2467 2469 2468
v 0.00294357342 -0.00369743138 0.00238755838
v 0.0028949853 -0.0036798876 0.00237847726
v 0.00300455558 -0.0038094724 0.00221193859
f 2470 2472 2471
v 0.00346116904 -0.00394979652 0.00235455173
v 0.00298167288 -0.00366413369 0.00229777706
v 0.00300455558 -0.0038094724 0.00221193859
f 2473 2475 2474
v 0.00285360911 -0.00369832196 0.00247516
v 0.00294357342 -0.00369743138 0.00238755838
v 0.00276540177 -0.00351941053 0.00226696666
f 2476 2478 2477
v 0.0028949853 -0.0036798876 0.00237847726
v 0.00298167288 -0.00366413369 0.00229777706
v 0.00276540177 -0.00351941053 0.00226696666
f 2479 2481 2480
v 0.00451958695 -0.00446378472 0.00237350632
v 0.00461134914 -0.00444026737 0.00229643829
v 0.00444148682 -0.00439438954 0.00236760698
f 2482 2484 2483
v 0.00466558995 -0.00452496824 0.00234779964
v 0.00451958695 -0.00446378472 0.00237350632
v 0.00447622879 -0.0044594497 0.00239448109
f 2485 2487 2486
v 0.00417945776 -0.0043274973 0.00236582418
v 0.00441983648 -0.00441172378 0.00238533157
v 0.00436467744 -0.00439979412 0.00242193546
f 2488 2490 2489
v 0.00461134914 -0.00444026737 0.00229643829
v 0.00466554557 -0.00452355671 0.0022883507
v 0.00475109446 -0.00452902677 0.00228355875
f 2491 2493 2492
v 0.00498984846 -0.0046361667 0.00212470277
v 0.00492432337 -0.00460323863 0.00225054391
v 0.00498057379 -0.00465925332 0.00216142453
f 2494 2496 2495
v 0.00503510419 -0.00466694837 0.00206551467
v 0.00511360158 -0.0046167952 0.00188344293
v 0.0049498678 -0.00391841531 0.000628196312
f 2497 2499 2498
v 0.0049498678 -0.00391841531 0.000628196312
v 0.00511360158 -0.0046167952 0.00188344293
v 0.00512313818 -0.00458329814 0.00183637512
f 2500 2502 2501
v 0.00524884708 -0.00445678816 0.00147009168
v 0.00511360158 -0.0046167952 0.00188344293
v 0.00523061935 -0.00451200103 0.00144890282
f 2503 2505 2504
v 0.00503510419 -0.00466694837 0.00206551467
v 0.00505330063 -0.00468191793 0.00216884564
v 0.00498057379 -0.00465925332 0.00216142453
f 2506 2508 2507
v 0.00492432337 -0.00460323863 0.00225054391
v 0.00498984846 -0.0046361667 0.00212470277
v 0.0049498678 -0.00391841531 0.000628196312
f 2509 2511 2510
v 0.00484163647 -0.00457349452 0.00221336686
v 0.00475109446 -0.00452902677 0.00228355875
v 0.00483781369 -0.0045930974 0.0022487302
f 2512 2514 2513
v 0.00484163647 -0.00457349452 0.00221336686
v 0.00492432337 -0.00460323863 0.00225054391
v 0.00475109446 -0.00452902677 0.00228355875
f 2515 2517 2516
v 0.00363264953 -0.00499721427 0.00155985563
v 0.00484163647 -0.00457349452 0.00221336686
v 0.00483781369 -0.0045930974 0.0022487302
f 2518 2520 2519
v 0.00492432337 -0.00460323863 0.00225054391
v 0.0049498678 -0.00391841531 0.000628196312
v 0.00475109446 -0.00452902677 0.00228355875
f 2521 2523 2522
v 0.00475109446 -0.00452902677 0.00228355875
v 0.00470226223 -0.00453630128 0.0023446466
v 0.00363264953 -0.00499721427 0.00155985563
f 2524 2526 2525
v 0.00466554557 -0.00452355671 0.0022883507
v 0.00466558995 -0.00452496824 0.00234779964
v 0.00363264953 -0.00499721427 0.00155985563
f 2527 2529 2528
v 0.00447622879 -0.0044594497 0.00239448109
v 0.00417945776 -0.0043274973 0.00236582418
v 0.00363264953 -0.00499721427 0.00155985563
f 2530 2532 2531
v 0.004899345 -0.00465452395 0.00216807402
v 0.00498984846 -0.0046361667 0.00212470277
v 0.00498057379 -0.00465925332 0.00216142453
f 2533 2535 2534
v 0.00483781369 -0.0045930974 0.0022487302
v 0.00492432337 -0.00460323863 0.00225054391
v 0.00484163647 -0.00457349452 0.00221336686
f 2536 2538 2537
v 0.00492432337 -0.00460323863 0.00225054391
v 0.00483781369 -0.0045930974 0.0022487302
v 0.004899345 -0.00465452395 0.00216807402
f 2539 2541 2540
v 0.00498984846 -0.0046361667 0.00212470277
v 0.004899345 -0.00465452395 0.00216807402
v 0.00503510419 -0.00466694837 0.00206551467
f 2542 2544 2543
v 0.00300455558 -0.0038094724 0.00221193859
v 0.00417945776 -0.0043274973 0.00236582418
v 0.00386471547 -0.00418655618 0.00233979863
f 2545 2547 2546
v 0.00417945776 -0.0043274973 0.00236582418
v 0.00300455558 -0.0038094724 0.00221193859
v 0.00363264953 -0.00499721427 0.00155985563
f 2548 2550 2549
v 0.00447622879 -0.0044594497 0.00239448109
v 0.00451958695 -0.00446378472 0.00237350632
v 0.00456586786 -0.00446903068 0.00238195589
f 2551 2553 2552
v 0.00444148682 -0.00439438954 0.00236760698
v 0.0049498678 -0.00391841531 0.000628196312
v 0.00417945776 -0.0043274973 0.00236582418
f 2554 2556 2555
v 0.00444148682 -0.00439438954 0.00236760698
v 0.00417945776 -0.0043274973 0.00236582418
v 0.00436467744 -0.00439979412 0.00242193546
f 2557 2559 2558
v 0.00447622879 -0.0044594497 0.00239448109
v 0.00456586786 -0.00446903068 0.00238195589
v 0.00444148682 -0.00439438954 0.00236760698
f 2560 2562 2561
v 0.00436467744 -0.00439979412 0.00242193546
v 0.00441983648 -0.00441172378 0.00238533157
v 0.00444148682 -0.00439438954 0.00236760698
f 2563 2565 2564
v 0.0024981864 -0.00392407601 0.00308050876
v 0.00270494293 -0.0036918871 0.00266759362
v 0.00273132664 -0.00386854736 0.00293277608
f 2566 2568 2567
v 0.00167165545 -0.00302816134 0.00170318926
v 0.00274734502 -0.00368450783 0.00251430938
v 0.0024981864 -0.00392407601 0.00308050876
f 2569 2571 2570
v 0.00167165545 -0.00302816134 0.00170318926
v 0.00300455558 -0.0038094724 0.00221193859
v 0.00274734502 -0.00368450783 0.00251430938
f 2572 2574 2573
v 0.000954889765 -0.00645658438 0.000247024468
v 0.00363264953 -0.00499721427 0.00155985563
v 0.00167165545 -0.00302816134 0.00170318926
f 2575 2577 2576
v 0.00363264953 -0.00499721427 0.00155985563
v 0.00300455558 -0.0038094724 0.00221193859
v 0.00167165545 -0.00302816134 0.00170318926
f 2578 2580 2579
v 0.00276540177 -0.00351941053 0.00226696666
v 0.00255282703 -0.00377970064 0.00304507921
v 0.00270494293 -0.0036918871 0.00266759362
f 2581 2583 2582
v 0.0024911782 -0.00391652065 0.00329832001
v 0.00254483184 -0.00391592985 0.00326195695
v 0.00230108526 -0.00386231186 0.0033939632
f 2584 2586 2585
v 0.00251236834 -0.00393959126 0.00337455931
v 0.00253347371 -0.00392125294 0.00330869334
v 0.00230108526 -0.00386231186 0.0033939632
f 2587 2589 2588
v 0.00228372919 -0.0039272134 0.00348033245
v 0.00233680912 -0.00392365255 0.00345006847
v 0.00238421453 -0.00392870643 0.00346190827
f 2590 2592 2591
v 0.00274734502 -0.00368450783 0.00251430938
v 0.00285360911 -0.00369832196 0.00247516
v 0.00269740212 -0.00374939773 0.00264226073
f 2593 2595 2594
v -0.000593336654 -0.00377903998 0.00349766378
v -0.000324511507 -0.00378577606 0.00353899304
v -0.000276855167 -0.00377338365 0.00354644544
f 2596 2598 2597
v 0.00274734502 -0.00368450783 0.00251430938
v 0.0028949853 -0.0036798876 0.00237847726
v 0.00285360911 -0.00369832196 0.00247516
f 2599 2601 2600
v -0.000593336654 -0.00377903998 0.00349766378
v -0.000276855167 -0.00377338365 0.00354644544
v -0.000353494511 -0.00375359596 0.00354873191
f 2602 2604 2603
v -0.000790294962 -0.00373043658 0.00342191524
v -0.000669126257 -0.00372412396 0.00341451196
v -0.000593336654 -0.00377903998 0.00349766378
f 2605 2607 2606
v -0.000677048592 -0.00374510782 0.00347534697
v -0.000790294962 -0.00373043658 0.00342191524
v -0.000593336654 -0.00377903998 0.00349766378
f 2608 2610 2609
v -0.00134078009 -0.0037366648 0.0034071687
v -0.00147083283 -0.00377033357 0.00337395286
v -0.00137738334 -0.00378148034 0.00339336439
f 2611 2613 2612
v -0.00155896014 -0.0041219384 0.00334393881
v -0.00134078009 -0.0037366648 0.0034071687
v -0.00121516441 -0.00374120646 0.0033883327
f 2614 2616 2615
v -0.000593336654 -0.00377903998 0.00349766378
v -0.00137738334 -0.00378148034 0.00339336439
v -0.00155896014 -0.0041219384 0.00334393881
f 2617 2619 2618
v -0.00121516441 -0.00374120646 0.0033883327
v -0.00134078009 -0.0037366648 0.0034071687
v -0.00137738334 -0.00378148034 0.00339336439
f 2620 2622 2621
v -0.00155896014 -0.0041219384 0.00334393881
v -0.00142956014 -0.00380071215 0.00336353951
v -0.0021020116 -0.00398124321 0.00322693741
f 2623 2625 2624
v -0.00137738334 -0.00378148034 0.00339336439
v -0.00142956014 -0.00380071215 0.00336353951
v -0.00137705119 -0.0037793674 0.00336722333
f 2626 2628 2627
v -0.000380904953 -0.00374798037 0.00349836882
v -0.000677048592 -0.00374510782 0.00347534697
v -0.000593336654 -0.00377903998 0.00349766378
f 2629 2631 2630
v -0.000404382672 -0.00399973287 0.00291162924
v -0.000677048592 -0.00374510782 0.00347534697
v -0.000380904953 -0.00374798037 0.00349836882
f 2632 2634 2633
v -0.000380904953 -0.00374798037 0.00349836882
v 5.83645942e-05 -0.00373498115 0.00342690801
v -0.000669126257 -0.00372412396 0.00341451196
f 2635 2637 2636
v -0.000669126257 -0.00372412396 0.00341451196
v 5.83645942e-05 -0.00373498115 0.00342690801
v -0.00136625649 -0.00369106201 0.00319863793
f 2638 2640 2639
v -0.00155896014 -0.0041219384 0.00334393881
v -0.000669126257 -0.00372412396 0.00341451196
v -0.000790294962 -0.00373043658 0.00342191524
f 2641 2643 2642
v -0.00155896014 -0.0041219384 0.00334393881
v -0.000790294962 -0.00373043658 0.00342191524
v -0.000677048592 -0.00374510782 0.00347534697
f 2644 2646 2645
v -0.0021020116 -0.00398124321 0.00322693741
v -0.00166456884 -0.00237269032 0.00101545202
v -0.00338387108 -0.00344867149 0.00199493261
f 2647 2649 2648
v -0.00389071283 -0.00371385395 0.00186871057
v -0.00301796936 -0.00644192623 0.00182484637
v -0.0028897668 -0.00396134637 0.00285673486
f 2650 2652 2651
v -0.00166456884 -0.00237269032 0.00101545202
v -0.00442652599 -0.0034161465 0.000696676079
v -0.00338387108 -0.00344867149 0.00199493261
f 2653 2655 2654
v -0.00357300123 -0.00353804062 0.00224004816
v -0.00389071283 -0.00371385395 0.00186871057
v -0.0028897668 -0.00396134637 0.00285673486
f 2656 2658 2657
v -0.00485956516 -0.0046469504 0.000730008151
v -0.0042997719 -0.00454571127 0.000848121726
v -0.00447627717 -0.00443224126 0.00087264234
f 2659 2661 2660
v -0.00439775649 -0.00483719487 0.00071942427
v -0.00441071061 -0.00496407738 0.000669313567
v -0.00382765793 -0.00662468665 0.000305073104
f 2662 2664 2663
v -0.0042997719 -0.00454571127 0.000848121726
v -0.00442671771 -0.00480349845 0.000729921248
v -0.00439775649 -0.00483719487 0.00071942427
f 2665 2667 2666
v -0.00439775649 -0.00483719487 0.00071942427
v -0.00443698918 -0.00492236286 0.000682690688
v -0.0044370001 -0.00492244726 0.000682919062
f 2668 2670 2669
v -0.00447301463 -0.00486119097 0.000702993475
v -0.0044370001 -0.00492244726 0.000682919062
v -0.00443698918 -0.00492236286 0.000682690688
f 2671 2673 2672
v -0.0042997719 -0.00454571127 0.000848121726
v -0.00442672572 -0.00480339804 0.000729697922
v -0.00442671771 -0.00480349845 0.000729921248
f 2674 2676 2675
v -0.00439775649 -0.00483719487 0.00071942427
v -0.00382765793 -0.00662468665 0.000305073104
v -0.0042997719 -0.00454571127 0.000848121726
f 2677 2679 2678
v -0.00485956516 -0.0046469504 0.000730008151
v -0.00447301463 -0.00486119097 0.000702993475
v -0.00442671771 -0.00480349845 0.000729921248
f 2680 2682 2681
v -0.00485956516 -0.0046469504 0.000730008151
v -0.00442671771 -0.00480349845 0.000729921248
v -0.00442672572 -0.00480339804 0.000729697922
f 2683 2685 2684
v -0.00485956516 -0.0046469504 0.000730008151
v -0.00442672572 -0.00480339804 0.000729697922
v -0.0042997719 -0.00454571127 0.000848121726
f 2686 2688 2687
v -0.00430326254 -0.00361013663 0.00123265045
v -0.00447627717 -0.00443224126 0.00087264234
v -0.00447627062 -0.00443233148 0.000872805322
f 2689 2691 2690
v -0.00430326254 -0.00361013663 0.00123265045
v -0.0042997719 -0.00454571127 0.000848121726
v -0.00382765793 -0.00662468665 0.000305073104
f 2692 2694 2693
v -0.00382765793 -0.00662468665 0.000305073104
v -0.00301796936 -0.00644192623 0.00182484637
v -0.00389071283 -0.00371385395 0.00186871057
f 2695 2697 2696
v -0.00382765793 -0.00662468665 0.000305073104
v -0.00389071283 -0.00371385395 0.00186871057
v -0.00430326254 -0.00361013663 0.00123265045
f 2698 2700 2699
v -0.00301796936 -0.00644192623 0.00182484637
v -0.000407837206 -0.0067443194 0.00167958915
v -0.00199462065 -0.00581111017 0.00217777397
f 2701 2703 2702
v -0.000404382672 -0.00399973287 0.00291162924
v -0.000407837206 -0.0067443194 0.00167958915
v 0.00167165545 -0.00302816134 0.00170318926
f 2704 2706 2705
v -0.00155896014 -0.0041219384 0.00334393881
v -0.00275438579 -0.00396281321 0.0029042747
v -0.0028897668 -0.00396134637 0.00285673486
f 2707 2709 2708
v -0.00275438579 -0.00396281321 0.0029042747
v -0.0027688935 -0.00394043673 0.0029173334
v -0.0021020116 -0.00398124321 0.00322693741
f 2710 2712 2711
v -0.0027688935 -0.00394043673 0.0029173334
v -0.00275438579 -0.00396281321 0.0029042747
v -0.00274976755 -0.00387900582 0.00284312155
f 2713 2715 2714
v -0.00320491272 -0.00369427871 0.00260609522
v -0.00357300123 -0.00353804062 0.00224004816
v -0.00301505515 -0.00386316096 0.00277186955
f 2716 2718 2717
v -0.00481608331 -0.00413180678 0.000905809702
v -0.00485956516 -0.0046469504 0.000730008151
v -0.00447627062 -0.00443233148 0.000872805322
f 2719 2721 2720
v -0.00481608331 -0.00413180678 0.000905809702
v -0.00447627062 -0.00443233148 0.000872805322
v -0.00447627717 -0.00443224126 0.00087264234
f 2722 2724 2723
v -0.00481608331 -0.00413180678 0.000905809702
v -0.00447627717 -0.00443224126 0.00087264234
v -0.00430326254 -0.00361013663 0.00123265045
f 2725 2727 2726
v -0.000353494511 -0.00375359596 0.00354873191
v -0.000380904953 -0.00374798037 0.00349836882
v -0.000593336654 -0.00377903998 0.00349766378
f 2728 2730 2729
v -0.0047796515 -0.00344300061 0.000224629616
v -0.00442652599 -0.0034161465 0.000696676079
v -0.00477358117 -0.00346423039 0.000219722483
f 2731 2733 2732
v -0.00442652599 -0.0034161465 0.000696676079
v -0.0047796515 -0.00344300061 0.000224629616
v -0.00481608331 -0.00413180678 0.000905809702
f 2734 2736 2735
v -0.00481608331 -0.00413180678 0.000905809702
v -0.00477358117 -0.00346423039 0.000219722483
v -0.0050768449 -0.00421160366 -0.000413226417
f 2737 2739 2738
v -0.0047796515 -0.00344300061 0.000224629616
v -0.00477358117 -0.00346423039 0.000219722483
v -0.00481912393 -0.00278500993 -0.000461721129
f 2740 2742 2741
v -0.00481912393 -0.00278500993 -0.000461721129
v -0.00190076498 -0.000279158894 -0.00377614779
v -0.00531105579 -0.00285799943 -0.00348401336
f 2743 2745 2744
v -0.00296694725 -0.00376066309 0.00285310343
v -0.00299945186 -0.00375814707 0.00282030687
v -0.0028897668 -0.00396134637 0.00285673486
f 2746 2748 2747
v -0.00296694725 -0.00376066309 0.00285310343
v -0.0028897668 -0.00396134637 0.00285673486
v -0.00293642825 -0.00376969037 0.00288709452
f 2749 2751 2750
v 0.00411050787 -0.00329057293 -0.00388241642
v 0.00432642337 -0.00334179858 -0.00383789447
v 0.00421145596 -0.0033652912 -0.00390040695
f 2752 2754 2753
v 0.00540522087 -0.0034736564 -0.000457139458
v 0.00276540177 -0.00351941053 0.00226696666
v 0.0049498678 -0.00391841531 0.000628196312
f 2755 2757 2756
v 0.00179207036 -0.00336737357 0.00288351639
v 0.00276540177 -0.00351941053 0.00226696666
v 0.0015772006 -0.00158151179 -0.0020503121
f 2758 2760 2759
v 0.00540522087 -0.0034736564 -0.000457139458
v 0.0024750485 -0.00234588315 -0.00477200592
v 0.0015772006 -0.00158151179 -0.0020503121
f 2761 2763 2762
v 0.0053572141 -0.00394989984 -0.0028614164
v 0.00377789365 -0.00324803332 -0.00398303819
v 0.0024750485 -0.00234588315 -0.00477200592
f 2764 2766 2765
v 0.00540522087 -0.0034736564 -0.000457139458
v 0.0053572141 -0.00394989984 -0.0028614164
v 0.0024750485 -0.00234588315 -0.00477200592
f 2767 2769 2768
v 0.0041134088 -0.00330382973 -0.00398350967
v 0.00401743528 -0.00318525344 -0.0040614359
v 0.00411050787 -0.00329057293 -0.00388241642
f 2770 2772 2771
v 0.00401743528 -0.00318525344 -0.0040614359
v 0.00414603564 -0.00330390249 -0.00396416399
v 0.00394076887 -0.00328534297 -0.00418938871
f 2773 2775 2774
v 0.00437807466 -0.00346027882 -0.00374357805
v 0.00433224341 -0.00346574016 -0.00376770367
v 0.00434348549 -0.00348148242 -0.00369392292
f 2776 2778 2777
v 0.0044545217 -0.00348091344 -0.00368786386
v 0.00446292324 -0.00352766147 -0.00366475324
v 0.00442062374 -0.00349946567 -0.00371293318
f 2779 2781 2780
v 0.00444995567 -0.00353524447 -0.00363711624
v 0.00441758384 -0.00352750139 -0.00367896209
v 0.0043840515 -0.00353167925 -0.00369485679
f 2782 2784 2783
v 0.0044545217 -0.00348091344 -0.00368786386
v 0.00437807466 -0.00346027882 -0.00374357805
v 0.00434348549 -0.00348148242 -0.00369392292
f 2785 2787 2786
v 0.0053572141 -0.00394989984 -0.0028614164
v 0.00441758384 -0.00352750139 -0.00367896209
v 0.00446292324 -0.00352766147 -0.00366475324
f 2788 2790 2789
v 0.00446292324 -0.00352766147 -0.00366475324
v 0.00441758384 -0.00352750139 -0.00367896209
v 0.00444995567 -0.00353524447 -0.00363711624
f 2791 2793 2792
v 0.00442062374 -0.00349946567 -0.00371293318
v 0.00437807466 -0.00346027882 -0.00374357805
v 0.0044545217 -0.00348091344 -0.00368786386
f 2794 2796 2795
v 0.00434348549 -0.00348148242 -0.00369392292
v 0.00429038919 -0.00345924709 -0.0037771475
v 0.00377789365 -0.00324803332 -0.00398303819
f 2797 2799 2798
v 0.00411050787 -0.00329057293 -0.00388241642
v 0.0043416745 -0.00339071339 -0.00379542871
v 0.00432642337 -0.00334179858 -0.00383789447
f 2800 2802 2801
v 0.00444995567 -0.00353524447 -0.00363711624
v 0.00377789365 -0.00324803332 -0.00398303819
v 0.0053572141 -0.00394989984 -0.0028614164
f 2803 2805 2804
v 0.00433224341 -0.00346574016 -0.00376770367
v 0.00429038919 -0.00345924709 -0.0037771475
v 0.00434348549 -0.00348148242 -0.00369392292
f 2806 2808 2807
v 0.00336243029 -0.00487764264 -0.00433794739
v 0.00429038919 -0.00345924709 -0.0037771475
v 0.00433224341 -0.00346574016 -0.00376770367
f 2809 2811 2810
v 0.00427153427 -0.00346263478 -0.00383960905
v 0.00425524995 -0.00339153557 -0.00382858525
v 0.00430039581 -0.00339509206 -0.00381456121
f 2812 2814 2813
v 0.0043416745 -0.00339071339 -0.00379542871
v 0.00430039581 -0.00339509206 -0.00381456121
v 0.00377789365 -0.00324803332 -0.00398303819
f 2815 2817 2816
v 0.00377789365 -0.00324803332 -0.00398303819
v 0.00430039581 -0.00339509206 -0.00381456121
v 0.00425524995 -0.00339153557 -0.00382858525
f 2818 2820 2819
v 0.00425524995 -0.00339153557 -0.00382858525
v 0.00411050787 -0.00329057293 -0.00388241642
v 0.00377789365 -0.00324803332 -0.00398303819
f 2821 2823 2822
v 0.00384283157 -0.00327264206 -0.00424871869
v 0.00399573546 -0.00317222366 -0.00404518432
v 0.00401743528 -0.00318525344 -0.0040614359
f 2824 2826 2825
v 0.00397818185 -0.00321001644 -0.00410610446
v 0.00394076887 -0.00328534297 -0.00418938871
v 0.00392105685 -0.00322021879 -0.00418828895
f 2827 2829 2828
v 0.00397818185 -0.00321001644 -0.00410610446
v 0.00384283157 -0.00327264206 -0.00424871869
v 0.00411050787 -0.00329057293 -0.00388241642
f 2830 2832 2831
v 0.00411050787 -0.00329057293 -0.00388241642
v 0.00384283157 -0.00327264206 -0.00424871869
v 0.00377789365 -0.00324803332 -0.00398303819
f 2833 2835 2834
v 0.00392105685 -0.00322021879 -0.00418828895
v 0.00391188551 -0.00321993211 -0.00422491612
v 0.00397818185 -0.00321001644 -0.00410610446
f 2836 2838 2837
v 0.00401743528 -0.00318525344 -0.0040614359
v 0.00391188551 -0.00321993211 -0.00422491612
v 0.00392105685 -0.00322021879 -0.00418828895
f 2839 2841 2840
v 0.00397818185 -0.00321001644 -0.00410610446
v 0.00391188551 -0.00321993211 -0.00422491612
v 0.00401743528 -0.00318525344 -0.0040614359
f 2842 2844 2843
v 0.00389603701 -0.00329117975 -0.00423804595
v 0.00388726003 -0.00328831884 -0.00426849219
v 0.00394076887 -0.00328534297 -0.00418938871
f 2845 2847 2846
v 0.0038191949 -0.00336870507 -0.0043501499
v 0.00377789365 -0.00324803332 -0.00398303819
v 0.00384283157 -0.00327264206 -0.00424871869
f 2848 2850 2849
v 0.0038191949 -0.00336870507 -0.0043501499
v 0.00384283157 -0.00327264206 -0.00424871869
v 0.00381243553 -0.00337364108 -0.00439687174
f 2851 2853 2852
v 0.00387711298 -0.00333505377 -0.00428199965
v 0.00389603701 -0.00329117975 -0.00423804595
v 0.00394076887 -0.00328534297 -0.00418938871
f 2854 2856 2855
v 0.0038191949 -0.00336870507 -0.0043501499
v 0.00381243553 -0.00337364108 -0.00439687174
v 0.00387711298 -0.00333505377 -0.00428199965
f 2857 2859 2858
v 0.00387711298 -0.00333505377 -0.00428199965
v 0.00381243553 -0.00337364108 -0.00439687174
v 0.00384283157 -0.00327264206 -0.00424871869
f 2860 2862 2861
v 0.00401743528 -0.00318525344 -0.0040614359
v 0.00392105685 -0.00322021879 -0.00418828895
v 0.00384283157 -0.00327264206 -0.00424871869
f 2863 2865 2864
v 0.00377789365 -0.00324803332 -0.00398303819
v 0.00292008317 -0.00412728332 -0.0054027365
v 0.0024750485 -0.00234588315 -0.00477200592
f 2866 2868 2867
v 0.00394076887 -0.00328534297 -0.00418938871
v 0.00397818185 -0.00321001644 -0.00410610446
v 0.00401743528 -0.00318525344 -0.0040614359
f 2869 2871 2870
v 0.00399573546 -0.00317222366 -0.00404518432
v 0.00397818185 -0.00321001644 -0.00410610446
v 0.00411050787 -0.00329057293 -0.00388241642
f 2872 2874 2873
v -0.00166456884 -0.00237269032 0.00101545202
v -0.00481912393 -0.00278500993 -0.000461721129
v -0.00442652599 -0.0034161465 0.000696676079
f 2875 2877 2876
v -0.00166456884 -0.00237269032 0.00101545202
v -0.00190076498 -0.000279158894 -0.00377614779
v -0.00481912393 -0.00278500993 -0.000461721129
f 2878 2880 2879
v 0.0015772006 -0.00158151179 -0.0020503121
v 0.000580131109 -0.00188729828 -0.00594587218
v -0.00190076498 -0.000279158894 -0.00377614779
f 2881 2883 2882
v -0.00190076498 -0.000279158894 -0.00377614779
v 0.000580131109 -0.00188729828 -0.00594587218
v -0.000396856876 -0.00168219485 -0.00592270189
f 2884 2886 2885
v -0.0014565092 -0.00143309517 -0.00563570102
v -0.00057293646 -0.00220711881 -0.00628120542
v -0.00150410651 -0.00142866556 -0.00562890673
f 2887 2889 2888
v -0.0014565092 -0.00143309517 -0.00563570102
v -0.00152343891 -0.00143917496 -0.00560677836
v -0.00149660445 -0.00146098682 -0.00561558809
f 2890 2892 2891
v -0.000396856876 -0.00168219485 -0.00592270189
v -0.00105746394 -0.0015049598 -0.00586982678
v -0.00109463635 -0.00146642778 -0.00584937407
f 2893 2895 2894
v -0.000396856876 -0.00168219485 -0.00592270189
v -0.00109463635 -0.00146642778 -0.00584937407
v -0.00113308206 -0.00143283323 -0.00583344336
f 2896 2898 2897
v -0.000396856876 -0.00168219485 -0.00592270189
v -0.00120041623 -0.00145915037 -0.00577667124
v -0.00116960009 -0.00149657935 -0.00579740627
f 2899 2901 2900
v -0.0010126565 -0.00148945473 -0.00587296854
v -0.00109463635 -0.00146642778 -0.00584937407
v -0.00105746394 -0.0015049598 -0.00586982678
f 2902 2904 2903
v -0.00129280279 -0.00147321916 -0.00565575137
v -0.00120041623 -0.00145915037 -0.00577667124
v -0.0012830571 -0.00142996796 -0.00573428151
f 2905 2907 2906
v -0.00129280279 -0.00147321916 -0.00565575137
v -0.00116960009 -0.00149657935 -0.00579740627
v -0.00120041623 -0.00145915037 -0.00577667124
f 2908 2910 2909
v -0.0010126565 -0.00148945473 -0.00587296854
v -0.00113308206 -0.00143283323 -0.00583344336
v -0.00109463635 -0.00146642778 -0.00584937407
f 2911 2913 2912
v -0.000704152762 -0.00158724361 -0.00602114706
v -0.000559447062 -0.00150787464 -0.00605164932
v -0.000738167864 -0.00155894741 -0.00600375461
f 2914 2916 2915
v -0.00057293646 -0.00220711881 -0.00628120542
v -0.000719038007 -0.00154329391 -0.00601983447
v -0.000559447062 -0.00150787464 -0.00605164932
f 2917 2919 2918
v -0.000396856876 -0.00168219485 -0.00592270189
v -0.000922364688 -0.00155382513 -0.00595183919
v -0.0010126565 -0.00148945473 -0.00587296854
f 2920 2922 2921
v -0.000559447062 -0.00150787464 -0.00605164932
v -0.000704152762 -0.00158724361 -0.00602114706
v -0.000396856876 -0.00168219485 -0.00592270189
f 2923 2925 2924
v -0.000396856876 -0.00168219485 -0.00592270189
v -0.000704152762 -0.00158724361 -0.00602114706
v -0.000738167864 -0.00155894741 -0.00600375461
f 2926 2928 2927
v -0.000396856876 -0.00168219485 -0.00592270189
v -0.000738167864 -0.00155894741 -0.00600375461
v -0.000922364688 -0.00155382513 -0.00595183919
f 2929 2931 2930
v -0.0014565092 -0.00143309517 -0.00563570102
v -0.00127639341 -0.00147877508 -0.00571514065
v -0.00130857679 -0.00145919112 -0.00570969169
f 2932 2934 2933
v -0.00129280279 -0.00147321916 -0.00565575137
v -0.00130857679 -0.00145919112 -0.00570969169
v -0.00127639341 -0.00147877508 -0.00571514065
f 2935 2937 2936
v 0.000340931888 -0.00216588014 -0.00651785958
v 0.000580131109 -0.00188729828 -0.00594587218
v 0.00037586808 -0.00221229348 -0.00653402603
f 2938 2940 2939
v -0.000396856876 -0.00168219485 -0.00592270189
v -0.000258228602 -0.00172713699 -0.00618597769
v -0.000294213464 -0.00168882179 -0.00616840262
f 2941 2943 2942
v 9.88550894e-06 -0.001878474 -0.00631099974
v -0.000294213464 -0.00168882179 -0.00616840262
v -0.000258228602 -0.00172713699 -0.00618597769
f 2944 2946 2945
v -0.000244989792 -0.00167003673 -0.0062119936
v -0.00057293646 -0.00220711881 -0.00628120542
v -0.000258228602 -0.00172713699 -0.00618597769
f 2947 2949 2948
v 0.00037586808 -0.00221229348 -0.00653402603
v 0.000387285127 -0.00214925021 -0.00654308533
v 0.000340931888 -0.00216588014 -0.00651785958
f 2950 2952 2951
v 0.000469418046 -0.00246736381 -0.00659905418
v 0.000354382223 -0.00215727705 -0.00653955649
v 0.000387285127 -0.00214925021 -0.00654308533
f 2953 2955 2954
v -0.000396856876 -0.00168219485 -0.00592270189
v 0.000275172147 -0.00217451234 -0.00647620254
v 0.000247551156 -0.00213049279 -0.00646014814
f 2956 2958 2957
v 9.88550894e-06 -0.001878474 -0.00631099974
v 0.00026850355 -0.00216285334 -0.00650325092
v -0.00057293646 -0.00220711881 -0.00628120542
f 2959 2961 2960
v -0.000396856876 -0.00168219485 -0.00592270189
v 0.000247551156 -0.00213049279 -0.00646014814
v 9.88550894e-06 -0.001878474 -0.00631099974
f 2962 2964 2963
v 0.000580131109 -0.00188729828 -0.00594587218
v 0.000247551156 -0.00213049279 -0.00646014814
v 0.000275172147 -0.00217451234 -0.00647620254
f 2965 2967 2966
v 0.000580131109 -0.00188729828 -0.00594587218
v 0.000275172147 -0.00217451234 -0.00647620254
v -0.000396856876 -0.00168219485 -0.00592270189
f 2968 2970 2969
v 0.000580131109 -0.00188729828 -0.00594587218
v 0.000469418046 -0.00246736381 -0.00659905418
v 0.000387285127 -0.00214925021 -0.00654308533
f 2971 2973 2972
v -0.000704152762 -0.00158724361 -0.00602114706
v -0.00057293646 -0.00220711881 -0.00628120542
v -0.000922364688 -0.00155382513 -0.00595183919
f 2974 2976 2975
v -0.00200312079 -0.00146405146 -0.00542809466
v -0.00273870937 -0.00185017034 -0.00519731584
v -0.00272973739 -0.00186914167 -0.00520593749
f 2977 2979 2978
v -0.00272973739 -0.00186914167 -0.00520593749
v -0.00333931312 -0.00424780737 -0.00580189699
v -0.00370669113 -0.0019157922 -0.00454477886
f 2980 2982 2981
v -0.00200312079 -0.00146405146 -0.00542809466
v -0.00272973739 -0.00186914167 -0.00520593749
v -0.00190076498 -0.000279158894 -0.00377614779
f 2983 2985 2984
v -0.00190076498 -0.000279158894 -0.00377614779
v -0.00272973739 -0.00186914167 -0.00520593749
v -0.00273870937 -0.00185017034 -0.00519731584
f 2986 2988 2987
v -0.00190076498 -0.000279158894 -0.00377614779
v -0.00273870937 -0.00185017034 -0.00519731584
v -0.00370669113 -0.0019157922 -0.00454477886
f 2989 2991 2990
v 0.0024750485 -0.00234588315 -0.00477200592
v 0.000475817569 -0.00384526284 -0.0066418419
v 0.000580131109 -0.00188729828 -0.00594587218
f 2992 2994 2993
v 0.000469418046 -0.00246736381 -0.00659905418
v 0.000358955549 -0.00263999755 -0.0066145898
v 0.00026850355 -0.00216285334 -0.00650325092
f 2995 2997 2996
v -0.00152343891 -0.00143917496 -0.00560677836
v -0.00129280279 -0.00147321916 -0.00565575137
v -0.00149660445 -0.00146098682 -0.00561558809
f 2998 3000 2999
v 0.00026850355 -0.00216285334 -0.00650325092
v 0.000358955549 -0.00263999755 -0.0066145898
v 0.000363614981 -0.00263403708 -0.00659687648
f 3001 3003 3002
v 0.000363614981 -0.00263403708 -0.00659687648
v 0.000358955549 -0.00263999755 -0.0066145898
v 0.000469418046 -0.00246736381 -0.00659905418
f 3004 3006 3005
v -0.00129280279 -0.00147321916 -0.00565575137
v -0.0014565092 -0.00143309517 -0.00563570102
v -0.00149660445 -0.00146098682 -0.00561558809
f 3007 3009 3008
v -0.00485956516 -0.0046469504 0.000730008151
v -0.00445749138 -0.00503811025 0.00063749344
v -0.00445748847 -0.0050380113 0.000637268795
f 3010 3012 3011
v -0.00382765793 -0.00662468665 0.000305073104
v -0.00320246982 -0.00968292516 0.00172623677
v -0.00301796936 -0.00644192623 0.00182484637
f 3013 3015 3014
v -0.00382765793 -0.00662468665 0.000305073104
v -0.00541375484 -0.00665080152 -0.000194247491
v -0.00320246982 -0.00968292516 0.00172623677
f 3016 3018 3017
v -0.00320246982 -0.00968292516 0.00172623677
v -0.00541375484 -0.00665080152 -0.000194247491
v -0.00560810076 -0.0114040347 0.000649088315
f 3019 3021 3020
v -0.00531105579 -0.00285799943 -0.00348401336
v -0.0050768449 -0.00421160366 -0.000413226417
v -0.00481912393 -0.00278500993 -0.000461721129
f 3022 3024 3023
v -0.0050768449 -0.00421160366 -0.000413226417
v -0.00541375484 -0.00665080152 -0.000194247491
v -0.00485956516 -0.0046469504 0.000730008151
f 3025 3027 3026
v -0.0050768449 -0.00421160366 -0.000413226417
v -0.00690161978 -0.00893353063 -0.00159089013
v -0.00541375484 -0.00665080152 -0.000194247491
f 3028 3030 3029
v -0.0050768449 -0.00421160366 -0.000413226417
v -0.00569282274 -0.0067163317 -0.00452667555
v -0.00690161978 -0.00893353063 -0.00159089013
f 3031 3033 3032
v -0.00690161978 -0.00893353063 -0.00159089013
v -0.00569282274 -0.0067163317 -0.00452667555
v -0.00701951649 -0.00982362326 -0.00324462126
f 3034 3036 3035
v -0.0054875989 -0.00434959802 -0.00393235787
v -0.00483647345 -0.00338080281 -0.00436789924
v -0.00370669113 -0.0019157922 -0.00454477886
f 3037 3039 3038
v -0.00370669113 -0.0019157922 -0.00454477886
v -0.00333931312 -0.00424780737 -0.00580189699
v -0.0054875989 -0.00434959802 -0.00393235787
f 3040 3042 3041
v -0.00500739443 -0.00336849334 -0.00436007031
v -0.0054875989 -0.00434959802 -0.00393235787
v -0.00531105579 -0.00285799943 -0.00348401336
f 3043 3045 3044
v -0.00500739443 -0.00336849334 -0.00436007031
v -0.00483647345 -0.00338080281 -0.00436789924
v -0.00483729345 -0.00338323152 -0.00435999209
f 3046 3048 3047
v -0.00333931312 -0.00424780737 -0.00580189699
v -0.00528396158 -0.00528585224 -0.00476925925
v -0.0054875989 -0.00434959802 -0.00393235787
f 3049 3051 3050
v -0.00423045822 -0.00741489057 -0.00615257159
v -0.00569282274 -0.0067163317 -0.00452667555
v -0.00333931312 -0.00424780737 -0.00580189699
f 3052 3054 3053
v -0.00531105579 -0.00285799943 -0.00348401336
v -0.00483729345 -0.00338323152 -0.00435999209
v -0.00483647345 -0.00338080281 -0.00436789924
f 3055 3057 3056
v -0.00690161978 -0.00893353063 -0.00159089013
v -0.00701951649 -0.00982362326 -0.00324462126
v -0.00685304403 -0.0108654327 -0.00141264982
f 3058 3060 3059
v 0.00542034068 -0.00447075363 0.00116291867
v 0.00537483393 -0.0044850829 0.00124247017
v 0.00539597058 -0.00446881531 0.00111692807
f 3061 3063 3062
v -0.000407837206 -0.0067443194 0.00167958915
v 0.00140280517 -0.00989501423 -0.000388606486
v 0.00134224356 -0.00888630311 -0.00159248375
f 3064 3066 3065
v -0.000578752588 -0.00942717743 0.0019539506
v 0.00140280517 -0.00989501423 -0.000388606486
v -0.000407837206 -0.0067443194 0.00167958915
f 3067 3069 3068
v -0.000302579588 -0.0127003412 0.00271572317
v -0.000578752588 -0.00942717743 0.0019539506
v -0.00226394623 -0.0114700779 0.0025147292
f 3070 3072 3071
v 0.00191873878 -0.0174785804 0.00377534125
v 0.00226434458 -0.0152718145 0.00245538486
v -0.000542164162 -0.0157194794 0.00300093816
f 3073 3075 3074
v 0.00226434458 -0.0152718145 0.00245538486
v 0.00191873878 -0.0174785804 0.00377534125
v 0.00382426297 -0.0196615714 0.00297351326
f 3076 3078 3077
v 0.00270272267 -0.0134609087 0.0014468148
v 0.00283598019 -0.0115794865 0.0010884768
v 0.000971894224 -0.0134274174 0.00194485583
f 3079 3081 3080
v 0.00367475659 -0.0149160129 0.000386171268
v 0.00254116731 -0.0135669965 -0.000738435256
v 0.00270272267 -0.0134609087 0.0014468148
f 3082 3084 3083
v 0.00283598019 -0.0115794865 0.0010884768
v 0.00355513221 -0.0121844176 -0.000965329764
v 0.00140280517 -0.00989501423 -0.000388606486
f 3085 3087 3086
v 0.000971894224 -0.0134274174 0.00194485583
v -0.000165337838 -0.0141540688 0.00154875743
v 0.00226434458 -0.0152718145 0.00245538486
f 3088 3090 3089
v 0.00270272267 -0.0134609087 0.0014468148
v 0.000971894224 -0.0134274174 0.00194485583
v 0.00226434458 -0.0152718145 0.00245538486
f 3091 3093 3092
v 0.00339317048 -0.0143906102 0.00161555163
v 0.00442182754 -0.017460878 0.000638039273
v 0.00367475659 -0.0149160129 0.000386171268
f 3094 3096 3095
v 0.00254116731 -0.0135669965 -0.000738435256
v 0.00252001773 -0.0135990646 -0.00311671793
v 0.00355513221 -0.0121844176 -0.000965329764
f 3097 3099 3098
v 0.0049498678 -0.00391841531 0.000628196312
v 0.0053916523 -0.00445640835 0.00119036731
v 0.00542034068 -0.00447075363 0.00116291867
f 3100 3102 3101
v 0.00549355282 -0.00447986749 0.000949816422
v 0.00542034068 -0.00447075363 0.00116291867
v 0.00548059143 -0.00450333828 0.00100322468
f 3103 3105 3104
v 0.00557117455 -0.00439942887 0.000650272659
v 0.00542034068 -0.00447075363 0.00116291867
v 0.00550964905 -0.0044517139 0.000887184524
f 3106 3108 3107
v 0.00542034068 -0.00447075363 0.00116291867
v 0.00549355282 -0.00447986749 0.000949816422
v 0.00550964905 -0.0044517139 0.000887184524
f 3109 3111 3110
v 0.00560153203 -0.00428566345 0.000385845715
v 0.0056153789 -0.00426788538 0.000319727747
v 0.00560296176 -0.00428035637 0.000268420376
f 3112 3114 3113
v 0.00557117455 -0.00439942887 0.000650272659
v 0.00566231465 -0.00430493019 0.000247214825
v 0.00561691195 -0.00431486042 0.000463606011
f 3115 3117 3116
v 0.00557117455 -0.00439942887 0.000650272659
v 0.00561691195 -0.00431486042 0.000463606011
v 0.00556013983 -0.00418791096 0.000476044124
f 3118 3120 3119
v 0.00542034068 -0.00447075363 0.00116291867
v 0.00556013983 -0.00418791096 0.000476044124
v 0.00540522087 -0.0034736564 -0.000457139458
f 3121 3123 3122
v 0.0049498678 -0.00391841531 0.000628196312
v 0.00551264384 -0.00447049315 0.000839890981
v 0.00539597058 -0.00446881531 0.00111692807
f 3124 3126 3125
v 0.0049498678 -0.00391841531 0.000628196312
v 0.00560153203 -0.00428566345 0.000385845715
v 0.00559087639 -0.00430488362 0.00044205517
f 3127 3129 3128
v 0.00566231465 -0.00430493019 0.000247214825
v 0.00568464311 -0.0042698106 8.49544392e-05
v 0.00556013983 -0.00418791096 0.000476044124
f 3130 3132 3131
v 0.0049498678 -0.00391841531 0.000628196312
v 0.00567120369 -0.00421192599 -0.000195538337
v 0.00560296176 -0.00428035637 0.000268420376
f 3133 3135 3134
v 0.00556013983 -0.00418791096 0.000476044124
v 0.00559087639 -0.00430488362 0.00044205517
v 0.00560153203 -0.00428566345 0.000385845715
f 3136 3138 3137
v 0.00556013983 -0.00418791096 0.000476044124
v 0.0056153789 -0.00426788538 0.000319727747
v 0.00566231465 -0.00430493019 0.000247214825
f 3139 3141 3140
v 0.00560153203 -0.00428566345 0.000385845715
v 0.00560296176 -0.00428035637 0.000268420376
v 0.00557117455 -0.00439942887 0.000650272659
f 3142 3144 3143
v 0.00556013983 -0.00418791096 0.000476044124
v 0.00560153203 -0.00428566345 0.000385845715
v 0.0056153789 -0.00426788538 0.000319727747
f 3145 3147 3146
v 0.00550964905 -0.0044517139 0.000887184524
v 0.00539597058 -0.00446881531 0.00111692807
v 0.00551264384 -0.00447049315 0.000839890981
f 3148 3150 3149
v 0.00561691195 -0.00431486042 0.000463606011
v 0.00560153203 -0.00428566345 0.000385845715
v 0.00559087639 -0.00430488362 0.00044205517
f 3151 3153 3152
v 0.00557117455 -0.00439942887 0.000650272659
v 0.00560296176 -0.00428035637 0.000268420376
v 0.00566231465 -0.00430493019 0.000247214825
f 3154 3156 3155
v 0.0057187819 -0.00431816516 8.25248151e-05
v 0.00570332195 -0.00423769598 -5.48920013e-05
v 0.00567120369 -0.00421192599 -0.000195538337
f 3157 3159 3158
v 0.0057187819 -0.00431816516 8.25248151e-05
v 0.00574354053 -0.00427218838 -0.00022924703
v 0.00572883946 -0.00422945377 -0.000122625704
f 3160 3162 3161
v 0.0056939054 -0.00424799 1.33193666e-05
v 0.00570332195 -0.00423769598 -5.48920013e-05
v 0.00556013983 -0.00418791096 0.000476044124
f 3163 3165 3164
v 0.00556013983 -0.00418791096 0.000476044124
v 0.00572883946 -0.00422945377 -0.000122625704
v 0.00540522087 -0.0034736564 -0.000457139458
f 3166 3168 3167
v 0.00567120369 -0.00421192599 -0.000195538337
v 0.00566770977 -0.00431440931 -0.000582006533
v 0.00574354053 -0.00427218838 -0.00022924703
f 3169 3171 3170
v 0.00574354053 -0.00427218838 -0.00022924703
v 0.00572551508 -0.0042482694 -0.000378189884
v 0.00574439327 -0.00425327962 -0.000365178562
f 3172 3174 3173
v 0.00574439327 -0.00425327962 -0.000365178562
v 0.00572551508 -0.0042482694 -0.000378189884
v 0.00566770977 -0.00431440931 -0.000582006533
f 3175 3177 3176
v 0.00574354053 -0.00427218838 -0.00022924703
v 0.00574439327 -0.00425327962 -0.000365178562
v 0.00571207638 -0.00417079355 -0.000343449733
f 3178 3180 3179
v 0.00566770977 -0.00431440931 -0.000582006533
v 0.00572551508 -0.0042482694 -0.000378189884
v 0.00574354053 -0.00427218838 -0.00022924703
f 3181 3183 3182
v 0.00540522087 -0.0034736564 -0.000457139458
v 0.00580426567 -0.00443366225 -0.000806507796
v 0.0053572141 -0.00394989984 -0.0028614164
f 3184 3186 3185
v 0.00571207638 -0.00417079355 -0.000343449733
v 0.00572551508 -0.0042482694 -0.000378189884
v 0.00540522087 -0.0034736564 -0.000457139458
f 3187 3189 3188
v 0.00540522087 -0.0034736564 -0.000457139458
v 0.00567120369 -0.00421192599 -0.000195538337
v 0.00571207638 -0.00417079355 -0.000343449733
f 3190 3192 3191
v 0.00582974026 -0.00443907411 -0.00079192223
v 0.00566770977 -0.00431440931 -0.000582006533
v 0.00580426567 -0.00443366225 -0.000806507796
f 3193 3195 3194
v 0.00582974026 -0.00443907411 -0.00079192223
v 0.00580426567 -0.00443366225 -0.000806507796
v 0.00585595189 -0.00468590952 -0.00133610183
f 3196 3198 3197
v 0.00566770977 -0.00431440931 -0.000582006533
v 0.00582974026 -0.00443907411 -0.00079192223
v 0.00540522087 -0.0034736564 -0.000457139458
f 3199 3201 3200
v 0.00566770977 -0.00431440931 -0.000582006533
v 0.00585595189 -0.00468590952 -0.00133610183
v 0.00580426567 -0.00443366225 -0.000806507796
f 3202 3204 3203
v 0.00566770977 -0.00431440931 -0.000582006533
v 0.00472891988 -0.00507165751 -0.00145903641
v 0.00585595189 -0.00468590952 -0.00133610183
f 3205 3207 3206
v 0.0057187819 -0.00431816516 8.25248151e-05
v 0.00567120369 -0.00421192599 -0.000195538337
v 0.00574354053 -0.00427218838 -0.00022924703
f 3208 3210 3209
v 0.00359522346 -0.00570955672 -0.000443203999
v 0.0049498678 -0.00391841531 0.000628196312
v 0.00363264953 -0.00499721427 0.00155985563
f 3211 3213 3212
v 0.00556013983 -0.00418791096 0.000476044124
v 0.00568464311 -0.0042698106 8.49544392e-05
v 0.0056939054 -0.00424799 1.33193666e-05
f 3214 3216 3215
v 0.00472891988 -0.00507165751 -0.00145903641
v 0.00576408456 -0.00440392105 -0.00192136067
v 0.00585595189 -0.00468590952 -0.00133610183
f 3217 3219 3218
v 0.00585595189 -0.00468590952 -0.00133610183
v 0.00577510255 -0.00437758936 -0.00192221414
v 0.0053572141 -0.00394989984 -0.0028614164
f 3220 3222 3221
v 0.00576408456 -0.00440392105 -0.00192136067
v 0.0057726782 -0.00436413029 -0.00197443005
v 0.00585595189 -0.00468590952 -0.00133610183
f 3223 3225 3224
v 0.0053572141 -0.00394989984 -0.0028614164
v 0.00577510255 -0.00437758936 -0.00192221414
v 0.0057726782 -0.00436413029 -0.00197443005
f 3226 3228 3227
v 0.00585595189 -0.00468590952 -0.00133610183
v 0.0057726782 -0.00436413029 -0.00197443005
v 0.00577510255 -0.00437758936 -0.00192221414
f 3229 3231 3230
v 0.00363264953 -0.00499721427 0.00155985563
v 0.00324976791 -0.0068323061 0.000367709413
v 0.00359522346 -0.00570955672 -0.000443203999
f 3232 3234 3233
v 0.00322370615 -0.00654983596 -0.00218769474
v 0.00472891988 -0.00507165751 -0.00145903641
v 0.00359522346 -0.00570955672 -0.000443203999
f 3235 3237 3236
v 0.00134224356 -0.00888630311 -0.00159248375
v 0.00171202537 -0.00817098917 -0.00187385358
v 0.00359522346 -0.00570955672 -0.000443203999
f 3238 3240 3239
v 0.00472891988 -0.00507165751 -0.00145903641
v 0.00322370615 -0.00654983596 -0.00218769474
v 0.00336243029 -0.00487764264 -0.00433794739
f 3241 3243 3242
v 0.00227464079 -0.00663433457 -0.00289119725
v 0.00336243029 -0.00487764264 -0.00433794739
v 0.00322370615 -0.00654983596 -0.00218769474
f 3244 3246 3245
v 0.000494340156 -0.00633104064 -0.00521565562
v 0.00336243029 -0.00487764264 -0.00433794739
v 0.00227464079 -0.00663433457 -0.00289119725
f 3247 3249 3248
v 0.00140280517 -0.00989501423 -0.000388606486
v 0.00114661943 -0.0101593105 -0.00209537811
v 0.00134224356 -0.00888630311 -0.00159248375
f 3250 3252 3251
v 0.00114661943 -0.0101593105 -0.00209537811
v 0.000633449827 -0.00823137671 -0.00541763548
v 0.00171202537 -0.00817098917 -0.00187385358
f 3253 3255 3254
v 0.000494340156 -0.00633104064 -0.00521565562
v 0.00292008317 -0.00412728332 -0.0054027365
v 0.00336243029 -0.00487764264 -0.00433794739
f 3256 3258 3257
v 0.00292008317 -0.00412728332 -0.0054027365
v 0.000494340156 -0.00633104064 -0.00521565562
v -0.00105252147 -0.00549506003 -0.00576504644
f 3259 3261 3260
v -0.00105252147 -0.00549506003 -0.00576504644
v 0.000475817569 -0.00384526284 -0.0066418419
v 0.00292008317 -0.00412728332 -0.0054027365
f 3262 3264 3263
v 0.000633449827 -0.00823137671 -0.00541763548
v -0.00105252147 -0.00549506003 -0.00576504644
v 0.000494340156 -0.00633104064 -0.00521565562
f 3265 3267 3266
v -0.00105252147 -0.00549506003 -0.00576504644
v -0.00183219636 -0.00847078045 -0.00651905575
v -0.00148683894 -0.00592900105 -0.00632606607
f 3268 3270 3269
v -0.00320246982 -0.00968292516 0.00172623677
v -0.00560810076 -0.0114040347 0.000649088315
v -0.00533478051 -0.0131312525 0.00100808238
f 3271 3273 3272
v -0.00320246982 -0.00968292516 0.00172623677
v -0.00533478051 -0.0131312525 0.00100808238
v -0.00226394623 -0.0114700779 0.0025147292
f 3274 3276 3275
v -0.00533478051 -0.0131312525 0.00100808238
v -0.00464073019 -0.0148166102 0.00114617551
v -0.00226394623 -0.0114700779 0.0025147292
f 3277 3279 3278
v -0.00663220853 -0.0138597883 -0.00109557868
v -0.00533478051 -0.0131312525 0.00100808238
v -0.00560810076 -0.0114040347 0.000649088315
f 3280 3282 3281
v -0.00685304403 -0.0108654327 -0.00141264982
v -0.00663220853 -0.0138597883 -0.00109557868
v -0.00560810076 -0.0114040347 0.000649088315
f 3283 3285 3284
v -0.00663220853 -0.0138597883 -0.00109557868
v -0.00464073019 -0.0148166102 0.00114617551
v -0.00533478051 -0.0131312525 0.00100808238
f 3286 3288 3287
v -0.00663220853 -0.0138597883 -0.00109557868
v -0.00548934513 -0.0171138206 -0.00143370971
v -0.00464073019 -0.0148166102 0.00114617551
f 3289 3291 3290
v -0.00107581282 -0.0197023808 0.00494741944
v -0.000542164162 -0.0157194794 0.00300093816
v -0.00345277731 -0.0188837497 0.00400459212
f 3292 3294 3293
v 0.000971894224 -0.0134274174 0.00194485583
v -0.000302579588 -0.0127003412 0.00271572317
v -0.000165337838 -0.0141540688 0.00154875743
f 3295 3297 3296
v -0.000302579588 -0.0127003412 0.00271572317
v -0.00341111372 -0.0155675894 0.000806125354
v -0.000165337838 -0.0141540688 0.00154875743
f 3298 3300 3299
v -0.00464073019 -0.0148166102 0.00114617551
v -0.00341111372 -0.0155675894 0.000806125354
v -0.000302579588 -0.0127003412 0.00271572317
f 3301 3303 3302
v -0.00405244755 -0.0165619305 0.00217371162
v -0.00560534645 -0.0176586633 0.000291426818
v -0.00645403561 -0.021631275 0.00242674687
f 3304 3306 3305
v -0.00405244755 -0.0165619305 0.00217371162
v -0.00645403561 -0.021631275 0.00242674687
v -0.00345277731 -0.0188837497 0.00400459212
f 3307 3309 3308
v -0.00464073019 -0.0148166102 0.00114617551
v -0.00491604733 -0.0164173194 7.56400311e-05
v -0.00341111372 -0.0155675894 0.000806125354
f 3310 3312 3311
v -0.00548934513 -0.0171138206 -0.00143370971
v -0.00553481295 -0.0194723034 -0.00229730849
v -0.00560534645 -0.0176586633 0.000291426818
f 3313 3315 3314
v -0.00534901556 -0.0159204283 -0.00345837507
v -0.00548934513 -0.0171138206 -0.00143370971
v -0.00663220853 -0.0138597883 -0.00109557868
f 3316 3318 3317
v -0.00406013205 -0.0173167005 -0.00471777967
v -0.00376221578 -0.0193761662 -0.00433585265
v -0.00553481295 -0.0194723034 -0.00229730849
f 3319 3321 3320
v -0.000115067292 -0.0137258525 -0.00503983792
v -0.00219856647 -0.0160060459 -0.00555518527
v -0.00181503765 -0.0112933798 -0.00566939743
f 3322 3324 3323
v -0.00219856647 -0.0160060459 -0.00555518527
v -0.00496414723 -0.0115762799 -0.00533497114
v -0.00181503765 -0.0112933798 -0.00566939743
f 3325 3327 3326
v -0.00219856647 -0.0160060459 -0.00555518527
v -0.00443581193 -0.0143288868 -0.0048101494
v -0.00496414723 -0.0115762799 -0.00533497114
f 3328 3330 3329
v 0.00252001773 -0.0135990646 -0.00311671793
v 0.000525197993 -0.0156701426 -0.00377190991
v -0.000115067292 -0.0137258525 -0.00503983792
f 3331 3333 3332
v 0.000525197993 -0.0156701426 -0.00377190991
v -0.00219856647 -0.0160060459 -0.00555518527
v -0.000115067292 -0.0137258525 -0.00503983792
f 3334 3336 3335
v -0.00443581193 -0.0143288868 -0.0048101494
v -0.00219856647 -0.0160060459 -0.00555518527
v -0.00406013205 -0.0173167005 -0.00471777967
f 3337 3339 3338
v -0.00447301463 -0.00486119097 0.000702993475
v -0.00485956516 -0.0046469504 0.000730008151
v -0.0044370001 -0.00492244726 0.000682919062
f 3340 3342 3341
v -0.00169965151 -0.0184617238 -0.00507928198
v -0.00406013205 -0.0173167005 -0.00471777967
v -0.00219856647 -0.0160060459 -0.00555518527
f 3343 3345 3344
v -0.00376221578 -0.0193761662 -0.00433585265
v -0.00406013205 -0.0173167005 -0.00471777967
v -0.00169965151 -0.0184617238 -0.00507928198
f 3346 3348 3347
v -0.00441071061 -0.00496407738 0.000669313567
v -0.00445748847 -0.0050380113 0.000637268795
v -0.00445749138 -0.00503811025 0.00063749344
f 3349 3351 3350
v 0.0049498678 -0.00391841531 0.000628196312
v 0.00539597058 -0.00446881531 0.00111692807
v 0.00523061935 -0.00451200103 0.00144890282
f 3352 3354 3353
v 0.00382426297 -0.0196615714 0.00297351326
v 0.00442182754 -0.017460878 0.000638039273
v 0.00226434458 -0.0152718145 0.00245538486
f 3355 3357 3356
v 0.0028570932 -0.019327343 0.00368076908
v 0.00382426297 -0.0196615714 0.00297351326
v 0.00191873878 -0.0174785804 0.00377534125
f 3358 3360 3359
v 0.00254116731 -0.0135669965 -0.000738435256
v 0.00279477408 -0.0183893848 -0.00289736217
v 0.000525197993 -0.0156701426 -0.00377190991
f 3361 3363 3362
v 0.00367475659 -0.0149160129 0.000386171268
v 0.00442182754 -0.017460878 0.000638039273
v 0.00279477408 -0.0183893848 -0.00289736217
f 3364 3366 3365
v 0.00442182754 -0.017460878 0.000638039273
v 0.00476188834 -0.0216014872 0.000426571069
v 0.00279477408 -0.0183893848 -0.00289736217
f 3367 3369 3368
v 0.00382426297 -0.0196615714 0.00297351326
v 0.00462530879 -0.024010014 0.00240519421
v 0.00476188834 -0.0216014872 0.000426571069
f 3370 3372 3371
v 0.00279477408 -0.0183893848 -0.00289736217
v 0.00262260783 -0.0217689085 -0.00340241313
v 0.000732805893 -0.0205059478 -0.00486303725
f 3373 3375 3374
v -0.00345277731 -0.0188837497 0.00400459212
v -0.00645403561 -0.021631275 0.00242674687
v -0.00409320637 -0.0231336453 0.00549008109
f 3376 3378 3377
v -0.00409320637 -0.0231336453 0.00549008109
v -0.00645403561 -0.021631275 0.00242674687
v -0.00660118603 -0.0238601846 0.0036546382
f 3379 3381 3380
v -0.00376221578 -0.0193761662 -0.00433585265
v -0.00604672896 -0.0233895218 -0.00256042385
v -0.00553481295 -0.0194723034 -0.00229730849
f 3382 3384 3383
v 0.00462530879 -0.024010014 0.00240519421
v 0.00461740055 -0.0254939485 -0.000124396126
v 0.00476188834 -0.0216014872 0.000426571069
f 3385 3387 3386
v 0.000732805893 -0.0205059478 -0.00486303725
v 0.00262260783 -0.0217689085 -0.00340241313
v -0.000557500971 -0.0228421966 -0.00550867735
f 3388 3390 3389
v 0.000192476887 -0.0249051925 -0.0052250758
v -0.000557500971 -0.0228421966 -0.00550867735
v 0.00262260783 -0.0217689085 -0.00340241313
f 3391 3393 3392
v 0.00164222001 -0.0284663693 -0.00427341183
v 0.000192476887 -0.0249051925 -0.0052250758
v 0.00262260783 -0.0217689085 -0.00340241313
f 3394 3396 3395
v 0.000192476887 -0.0249051925 -0.0052250758
v -0.00035939463 -0.0278192223 -0.00500146925
v -0.000557500971 -0.0228421966 -0.00550867735
f 3397 3399 3398
v 0.000192476887 -0.0249051925 -0.0052250758
v 0.00164222001 -0.0284663693 -0.00427341183
v -0.00035939463 -0.0278192223 -0.00500146925
f 3400 3402 3401
v 0.000732805893 -0.0205059478 -0.00486303725
v -0.00169965151 -0.0184617238 -0.00507928198
v 0.000674105104 -0.018047489 -0.00409074601
f 3403 3405 3404
v 0.000732805893 -0.0205059478 -0.00486303725
v 0.000674105104 -0.018047489 -0.00409074601
v 0.00279477408 -0.0183893848 -0.00289736217
f 3406 3408 3407
v 0.00441053235 -0.0304951391 -4.18026474e-05
v 0.00476733512 -0.0271879166 0.00150867299
v 0.00379792255 -0.0284737675 0.00374660085
f 3409 3411 3410
v 0.00424278696 -0.0317312777 0.0032615837
v 0.00441053235 -0.0304951391 -4.18026474e-05
v 0.00379792255 -0.0284737675 0.00374660085
f 3412 3414 3413
v -0.00247724129 -0.0292191806 -0.00493528169
v -0.00035939463 -0.0278192223 -0.00500146925
v 0.00164222001 -0.0284663693 -0.00427341183
f 3415 3417 3416
v -0.00127624735 -0.03182129 -0.00496506655
v 0.00164222001 -0.0284663693 -0.00427341183
v 0.00135884175 -0.0322228065 -0.00405534738
f 3418 3420 3419
v -0.00127624735 -0.03182129 -0.00496506655
v -0.00247724129 -0.0292191806 -0.00493528169
v 0.00164222001 -0.0284663693 -0.00427341183
f 3421 3423 3422
v 0.00441053235 -0.0304951391 -4.18026474e-05
v 0.00424278696 -0.0317312777 0.0032615837
v 0.00428846142 -0.0359401602 0.00135761902
f 3424 3426 3425
v 0.00441053235 -0.0304951391 -4.18026474e-05
v 0.00296585731 -0.0342110026 -0.00210468661
v 0.00332743948 -0.0275464146 -0.00234927229
f 3427 3429 3428
v 0.00296585731 -0.0342110026 -0.00210468661
v 0.00135884175 -0.0322228065 -0.00405534738
v 0.00332743948 -0.0275464146 -0.00234927229
f 3430 3432 3431
v 0.00153036108 -0.0354499469 -0.0033680506
v -0.00127624735 -0.03182129 -0.00496506655
v 0.00135884175 -0.0322228065 -0.00405534738
f 3433 3435 3434
v 0.00296585731 -0.0342110026 -0.00210468661
v 0.00153036108 -0.0354499469 -0.0033680506
v 0.00135884175 -0.0322228065 -0.00405534738
f 3436 3438 3437
v 0.00292996137 -0.0376024982 -0.00214244228
v 0.00296585731 -0.0342110026 -0.00210468661
v 0.00441053235 -0.0304951391 -4.18026474e-05
f 3439 3441 3440
v 0.00296585731 -0.0342110026 -0.00210468661
v 0.00292996137 -0.0376024982 -0.00214244228
v 0.00153036108 -0.0354499469 -0.0033680506
f 3442 3444 3443
v 0.00292996137 -0.0376024982 -0.00214244228
v 0.000543103897 -0.0384892279 -0.00380264282
v 0.00153036108 -0.0354499469 -0.0033680506
f 3445 3447 3446
v -0.00289905329 -0.0295568287 0.0072786941
v -0.0060189519 -0.0294624886 0.00611078503
v -0.00643310486 -0.0353664684 0.00671810485
f 3448 3450 3449
v -0.00789078185 -0.0323968299 0.00490572238
v -0.00643310486 -0.0353664684 0.00671810485
v -0.0060189519 -0.0294624886 0.00611078503
f 3451 3453 3452
v -0.00923131374 -0.0334660348 0.0026559308
v -0.00789078185 -0.0323968299 0.00490572238
v -0.00848163618 -0.0292173267 0.00274294835
f 3454 3456 3455
v -0.0081984821 -0.0288469717 -0.000314644672
v -0.00923131374 -0.0334660348 0.0026559308
v -0.00848163618 -0.0292173267 0.00274294835
f 3457 3459 3458
v -0.00401147445 -0.0401123834 0.00808660843
v -0.00151134354 -0.0435391616 0.00843512025
v -0.000156485316 -0.0404313265 0.00830389254
f 3460 3462 3461
v -0.00702139077 -0.042562664 0.00637929843
v -0.00482793694 -0.0453863322 0.00762102718
v -0.00401147445 -0.0401123834 0.00808660843
f 3463 3465 3464
v -0.00643310486 -0.0353664684 0.00671810485
v -0.00373299663 -0.0365026528 0.00796070672
v -0.00256861731 -0.0333332457 0.00784025397
f 3466 3468 3467
v -0.00373299663 -0.0365026528 0.00796070672
v -0.000992404148 -0.036052888 0.00817476539
v -0.00256861731 -0.0333332457 0.00784025397
f 3469 3471 3470
v -0.00643310486 -0.0353664684 0.00671810485
v -0.00824411181 -0.037652289 0.00525867363
v -0.00675645279 -0.0399314624 0.00675959745
f 3472 3474 3473
v -0.00824411181 -0.037652289 0.00525867363
v -0.00857937484 -0.0417215691 0.00454268229
v -0.00675645279 -0.0399314624 0.00675959745
f 3475 3477 3476
v -0.00890656083 -0.035950297 -0.000630404111
v -0.00923131374 -0.0334660348 0.0026559308
v -0.00903317705 -0.0344238244 -0.000567602228
f 3478 3480 3479
v -0.00923131374 -0.0334660348 0.0026559308
v -0.00890656083 -0.035950297 -0.000630404111
v -0.00947552398 -0.0380615296 0.00313736236
f 3481 3483 3482
v -0.000156485316 -0.0404313265 0.00830389254
v 0.0011389775 -0.03926754 0.00786972159
v -0.00401147445 -0.0401123834 0.00808660843
f 3484 3486 3485
v -0.00675645279 -0.0399314624 0.00675959745
v -0.00857937484 -0.0417215691 0.00454268229
v -0.00702139077 -0.042562664 0.00637929843
f 3487 3489 3488
v -0.000992404148 -0.036052888 0.00817476539
v -0.00373299663 -0.0365026528 0.00796070672
v -0.00401147445 -0.0401123834 0.00808660843
f 3490 3492 3491
v -0.00947552398 -0.0380615296 0.00313736236
v -0.00890656083 -0.035950297 -0.000630404111
v -0.00971016125 -0.0404390506 0.00238620996
f 3493 3495 3494
v -0.00971016125 -0.0404390506 0.00238620996
v -0.0090579495 -0.046332975 0.00196449128
v -0.00865499969 -0.0442863093 0.00441758129
f 3496 3498 3497
v -0.00744403951 -0.042454357 -0.00178356058
v -0.00896162019 -0.039741816 -0.000586111173
v -0.00801753777 -0.0402194099 -0.00215335185
f 3499 3501 3500
v -0.00771921405 -0.0256483705 -4.92568631e-05
v -0.00731376495 -0.0261607696 0.00395613715
v -0.00660118603 -0.0238601846 0.0036546382
f 3502 3504 3503
v -0.00771921405 -0.0256483705 -4.92568631e-05
v -0.00848163618 -0.0292173267 0.00274294835
v -0.00731376495 -0.0261607696 0.00395613715
f 3505 3507 3506
v -0.0081984821 -0.0288469717 -0.000314644672
v -0.00848163618 -0.0292173267 0.00274294835
v -0.00771921405 -0.0256483705 -4.92568631e-05
f 3508 3510 3509
v -0.00604672896 -0.0233895218 -0.00256042385
v -0.00771921405 -0.0256483705 -4.92568631e-05
v -0.0074902382 -0.0239459681 0.000682239761
f 3511 3513 3512
v -0.00771921405 -0.0256483705 -4.92568631e-05
v -0.00604672896 -0.0233895218 -0.00256042385
v -0.00640627768 -0.026465772 -0.00275401308
f 3514 3516 3515
v -0.00771921405 -0.0256483705 -4.92568631e-05
v -0.00640627768 -0.026465772 -0.00275401308
v -0.0081984821 -0.0288469717 -0.000314644672
f 3517 3519 3518
v -0.0081984821 -0.0288469717 -0.000314644672
v -0.00529528152 -0.0286423659 -0.00370638554
v -0.00737661248 -0.0305960741 -0.00228222652
f 3520 3522 3521
v -0.00247724129 -0.0292191806 -0.00493528169
v -0.00529528152 -0.0286423659 -0.00370638554
v -0.00359111509 -0.0253008271 -0.0047355592
f 3523 3525 3524
v -0.0081984821 -0.0288469717 -0.000314644672
v -0.00737661248 -0.0305960741 -0.00228222652
v -0.00872956589 -0.0312946184 7.1325934e-05
f 3526 3528 3527
v -0.00737661248 -0.0305960741 -0.00228222652
v -0.00749936517 -0.0335564633 -0.0023588882
v -0.00872956589 -0.0312946184 7.1325934e-05
f 3529 3531 3530
v -0.000831614943 -0.0348707923 -0.00462209391
v -0.00428251151 -0.0317669299 -0.0045466968
v -0.00127624735 -0.03182129 -0.00496506655
f 3532 3534 3533
v -0.00428251151 -0.0317669299 -0.0045466968
v -0.00208950132 -0.0372399285 -0.00462010903
v -0.00501379182 -0.0352713192 -0.00419494827
f 3535 3537 3536
v -0.00197667723 -0.0400497403 -0.00433679706
v -0.00208950132 -0.0372399285 -0.00462010903
v 0.000543103897 -0.0384892279 -0.00380264282
f 3538 3540 3539
v -0.00208950132 -0.0372399285 -0.00462010903
v -0.00448844912 -0.0402648147 -0.0038469876
v -0.00501379182 -0.0352713192 -0.00419494827
f 3541 3543 3542
v -0.00501379182 -0.0352713192 -0.00419494827
v -0.00801753777 -0.0402194099 -0.00215335185
v -0.00890656083 -0.035950297 -0.000630404111
f 3544 3546 3545
v -0.00890656083 -0.035950297 -0.000630404111
v -0.00801753777 -0.0402194099 -0.00215335185
v -0.00896162019 -0.039741816 -0.000586111173
f 3547 3549 3548
v -0.00448844912 -0.0402648147 -0.0038469876
v -0.00208950132 -0.0372399285 -0.00462010903
v -0.00197667723 -0.0400497403 -0.00433679706
f 3550 3552 3551
v -0.00801753777 -0.0402194099 -0.00215335185
v -0.00448844912 -0.0402648147 -0.0038469876
v -0.00744403951 -0.042454357 -0.00178356058
f 3553 3555 3554
v -0.00749936517 -0.0335564633 -0.0023588882
v -0.00501379182 -0.0352713192 -0.00419494827
v -0.00890656083 -0.035950297 -0.000630404111
f 3556 3558 3557
v 0.0011389775 -0.03926754 0.00786972159
v -0.000156485316 -0.0404313265 0.00830389254
v 0.00190620267 -0.0429834501 0.00760606126
f 3559 3561 3560
v 0.0011389775 -0.03926754 0.00786972159
v 0.00376722201 -0.0411333982 0.00521063521
v 0.00344141772 -0.0372098468 0.00557571038
f 3562 3564 3563
v 0.00344141772 -0.0372098468 0.00557571038
v 0.00376722201 -0.0411333982 0.00521063521
v 0.00432556189 -0.0406845298 0.00346396591
f 3565 3567 3566
v 0.00190620267 -0.0429834501 0.00760606126
v 0.0035833913 -0.0436823262 0.0058084981
v 0.0011389775 -0.03926754 0.00786972159
f 3568 3570 3569
v 0.00376722201 -0.0411333982 0.00521063521
v 0.0035833913 -0.0436823262 0.0058084981
v 0.00432556189 -0.0406845298 0.00346396591
f 3571 3573 3572
v 0.00428846142 -0.0359401602 0.00135761902
v 0.00296547623 -0.0389447785 -0.00141746341
v 0.00292996137 -0.0376024982 -0.00214244228
f 3574 3576 3575
v 0.00428846142 -0.0359401602 0.00135761902
v 0.00432556189 -0.0406845298 0.00346396591
v 0.00296547623 -0.0389447785 -0.00141746341
f 3577 3579 3578
v 0.00409893437 -0.0427603722 0.00130541857
v 0.00274153226 -0.0426271989 -0.00187754285
v 0.00296547623 -0.0389447785 -0.00141746341
f 3580 3582 3581
v 0.00432556189 -0.0406845298 0.00346396591
v 0.00431276894 -0.0460760202 0.00344693653
v 0.00409893437 -0.0427603722 0.00130541857
f 3583 3585 3584
v 0.00296547623 -0.0389447785 -0.00141746341
v 0.000543103897 -0.0384892279 -0.00380264282
v 0.00292996137 -0.0376024982 -0.00214244228
f 3586 3588 3587
v -0.00482793694 -0.0453863322 0.00762102718
v -0.00702139077 -0.042562664 0.00637929843
v -0.0076011187 -0.0480951305 0.0052863259
f 3589 3591 3590
v -0.00482793694 -0.0453863322 0.00762102718
v -0.00173367825 -0.04923222 0.00832062069
v -0.00151134354 -0.0435391616 0.00843512025
f 3592 3594 3593
v -0.00482793694 -0.0453863322 0.00762102718
v -0.00547598793 -0.0514331798 0.0069611815
v -0.00173367825 -0.04923222 0.00832062069
f 3595 3597 3596
v -0.00173367825 -0.04923222 0.00832062069
v 0.000447064031 -0.0500062713 0.0082072067
v 0.0016672353 -0.0479711336 0.00768483078
f 3598 3600 3599
v -0.00173367825 -0.04923222 0.00832062069
v -0.0017699731 -0.0527791504 0.00879754152
v 0.000447064031 -0.0500062713 0.0082072067
f 3601 3603 3602
v -0.00547598793 -0.0514331798 0.0069611815
v -0.00346250563 -0.0541400921 0.00812620856
v -0.00173367825 -0.04923222 0.00832062069
f 3604 3606 3605
v -0.0017699731 -0.0527791504 0.00879754152
v -0.00173367825 -0.04923222 0.00832062069
v -0.00346250563 -0.0541400921 0.00812620856
f 3607 3609 3608
v 0.00397682234 -0.0508318655 0.000970967631
v 0.00417547344 -0.0464519253 0.00117123582
v 0.00393914233 -0.0498284178 0.00547813906
f 3610 3612 3611
v 0.00417547344 -0.0464519253 0.00117123582
v 0.00274153226 -0.0426271989 -0.00187754285
v 0.00409893437 -0.0427603722 0.00130541857
f 3613 3615 3614
v 0.00417547344 -0.0464519253 0.00117123582
v 0.00285432361 -0.0487952086 -0.00142347335
v 0.00274153226 -0.0426271989 -0.00187754285
f 3616 3618 3617
v -0.00482793694 -0.0453863322 0.00762102718
v -0.0076011187 -0.0480951305 0.0052863259
v -0.00547598793 -0.0514331798 0.0069611815
f 3619 3621 3620
v -0.0076011187 -0.0480951305 0.0052863259
v -0.00793432264 -0.0510444806 0.00396991563
v -0.00547598793 -0.0514331798 0.0069611815
f 3622 3624 3623
v -0.00547598793 -0.0514331798 0.0069611815
v -0.00556459454 -0.0549443241 0.00667234126
v -0.00346250563 -0.0541400921 0.00812620856
f 3625 3627 3626
v -0.00793432264 -0.0510444806 0.00396991563
v -0.00746114747 -0.0563057081 0.00294783695
v -0.00556459454 -0.0549443241 0.00667234126
f 3628 3630 3629
v -0.00865499969 -0.0442863093 0.00441758129
v -0.0076011187 -0.0480951305 0.0052863259
v -0.00702139077 -0.042562664 0.00637929843
f 3631 3633 3632
v -0.0090579495 -0.046332975 0.00196449128
v -0.0076011187 -0.0480951305 0.0052863259
v -0.00865499969 -0.0442863093 0.00441758129
f 3634 3636 3635
v -0.0076011187 -0.0480951305 0.0052863259
v -0.00863486566 -0.0489334459 0.00238355915
v -0.00793432264 -0.0510444806 0.00396991563
f 3637 3639 3638
v -0.00863486566 -0.0489334459 0.00238355915
v -0.00742012999 -0.0491650018 -0.000690476145
v -0.0081890088 -0.0504617696 -0.000157168859
f 3640 3642 3641
v -0.0090579495 -0.046332975 0.00196449128
v -0.00742012999 -0.0491650018 -0.000690476145
v -0.00863486566 -0.0489334459 0.00238355915
f 3643 3645 3644
v -0.00906246496 -0.0425822334 0.000368672659
v -0.00796321692 -0.0456263369 -0.000838361393
v -0.0090579495 -0.046332975 0.00196449128
f 3646 3648 3647
v -0.00863486566 -0.0489334459 0.00238355915
v -0.0081890088 -0.0504617696 -0.000157168859
v -0.00779038455 -0.0538632914 0.00131700845
f 3649 3651 3650
v -0.00863486566 -0.0489334459 0.00238355915
v -0.00746114747 -0.0563057081 0.00294783695
v -0.00793432264 -0.0510444806 0.00396991563
f 3652 3654 3653
v -0.00649415379 -0.0513304782 -0.00119683764
v -0.00657331184 -0.0541104528 -0.000377501124
v -0.0081890088 -0.0504617696 -0.000157168859
f 3655 3657 3656
v -0.00742012999 -0.0491650018 -0.000690476145
v -0.00649415379 -0.0513304782 -0.00119683764
v -0.0081890088 -0.0504617696 -0.000157168859
f 3658 3660 3659
v -0.00649415379 -0.0513304782 -0.00119683764
v -0.00525849391 -0.0465936435 -0.00237050645
v -0.00304010355 -0.0548326876 -0.00170936964
f 3661 3663 3662
v 0.0016672353 -0.0479711336 0.00768483078
v 0.00210211019 -0.0539298751 0.00805734162
v 0.0036138088 -0.0544599781 0.00680051526
f 3664 3666 3665
v 0.0036138088 -0.0544599781 0.00680051526
v 0.00456260314 -0.0529028417 0.00492583094
v 0.00393914233 -0.0498284178 0.00547813906
f 3667 3669 3668
v -0.0017699731 -0.0527791504 0.00879754152
v -0.000891730178 -0.0550395052 0.00856625193
v 0.00210211019 -0.0539298751 0.00805734162
f 3670 3672 3671
v -0.0017699731 -0.0527791504 0.00879754152
v -0.00346250563 -0.0541400921 0.00812620856
v -0.000891730178 -0.0550395052 0.00856625193
f 3673 3675 3674
v 0.00210211019 -0.0539298751 0.00805734162
v -0.000891730178 -0.0550395052 0.00856625193
v -6.57815349e-05 -0.0583740126 0.00883903631
f 3676 3678 3677
v -0.000891730178 -0.0550395052 0.00856625193
v -0.00346250563 -0.0541400921 0.00812620856
v -6.57815349e-05 -0.0583740126 0.00883903631
f 3679 3681 3680
v 0.00210211019 -0.0539298751 0.00805734162
v 0.00374499032 -0.0600157131 0.00772911881
v 0.0036138088 -0.0544599781 0.00680051526
f 3682 3684 3683
v 0.00374499032 -0.0600157131 0.00772911881
v 0.00492504514 -0.058841164 0.00596259742
v 0.0036138088 -0.0544599781 0.00680051526
f 3685 3687 3686
v 0.00492504514 -0.058841164 0.00596259742
v 0.00515737738 -0.0579297135 0.00366409404
v 0.00475420456 -0.0548774435 0.00442795535
f 3688 3690 3689
v -6.57815349e-05 -0.0583740126 0.00883903631
v 0.00136419139 -0.0624393404 0.00853215752
v 0.00374499032 -0.0600157131 0.00772911881
f 3691 3693 3692
v 0.00136419139 -0.0624393404 0.00853215752
v -6.57815349e-05 -0.0583740126 0.00883903631
v -0.00172438395 -0.0621054147 0.00783935393
f 3694 3696 3695
v 0.00475420456 -0.0548774435 0.00442795535
v 0.00424841601 -0.0542901398 0.000920600723
v 0.00456260314 -0.0529028417 0.00492583094
f 3697 3699 3698
v 0.00456260314 -0.0529028417 0.00492583094
v 0.00424841601 -0.0542901398 0.000920600723
v 0.00397682234 -0.0508318655 0.000970967631
f 3700 3702 3701
v 0.00397682234 -0.0508318655 0.000970967631
v 0.00285432361 -0.0487952086 -0.00142347335
v 0.00417547344 -0.0464519253 0.00117123582
f 3703 3705 3704
v 0.000650475113 -0.050706201 -0.00372071408
v 0.00118752005 -0.046583006 -0.00322380074
v 0.00140803404 -0.0528277422 -0.00327999805
f 3706 3708 3707
v 0.00285432361 -0.0487952086 -0.00142347335
v 0.00140803404 -0.0528277422 -0.00327999805
v 0.00118752005 -0.046583006 -0.00322380074
f 3709 3711 3710
v 0.000650475113 -0.050706201 -0.00372071408
v -0.00101177393 -0.0495939807 -0.00392476286
v 0.00118752005 -0.046583006 -0.00322380074
f 3712 3714 3713
v -0.00101177393 -0.0495939807 -0.00392476286
v -0.00061880819 -0.0520052738 -0.0038212751
v -0.00304010355 -0.0548326876 -0.00170936964
f 3715 3717 3716
v 0.00140803404 -0.0528277422 -0.00327999805
v -0.00061880819 -0.0520052738 -0.0038212751
v 0.000650475113 -0.050706201 -0.00372071408
f 3718 3720 3719
v 0.00140803404 -0.0528277422 -0.00327999805
v -0.000205628544 -0.0557952153 -0.00321543703
v -0.00061880819 -0.0520052738 -0.0038212751
f 3721 3723 3722
v 0.00475420456 -0.0548774435 0.00442795535
v 0.00515737738 -0.0579297135 0.00366409404
v 0.00424841601 -0.0542901398 0.000920600723
f 3724 3726 3725
v 0.00515737738 -0.0579297135 0.00366409404
v 0.0056675206 -0.0609352719 0.003716832
v 0.00442606506 -0.0579337357 -6.80802202e-05
f 3727 3729 3728
v 0.00442606506 -0.0579337357 -6.80802202e-05
v 0.00273831993 -0.0563483394 -0.00231676149
v 0.00424841601 -0.0542901398 0.000920600723
f 3730 3732 3731
v 0.00285432361 -0.0487952086 -0.00142347335
v 0.00424841601 -0.0542901398 0.000920600723
v 0.00140803404 -0.0528277422 -0.00327999805
f 3733 3735 3734
v 0.00140803404 -0.0528277422 -0.00327999805
v 0.00424841601 -0.0542901398 0.000920600723
v 0.00273831993 -0.0563483394 -0.00231676149
f 3736 3738 3737
v -6.57815349e-05 -0.0583740126 0.00883903631
v -0.00346250563 -0.0541400921 0.00812620856
v -0.00336348749 -0.0586085778 0.00783367577
f 3739 3741 3740
v -0.00336348749 -0.0586085778 0.00783367577
v -0.00556459454 -0.0549443241 0.00667234126
v -0.00553239333 -0.0567620504 0.00569612603
f 3742 3744 3743
v -0.00746114747 -0.0563057081 0.00294783695
v -0.00553239333 -0.0567620504 0.00569612603
v -0.00556459454 -0.0549443241 0.00667234126
f 3745 3747 3746
v -0.00746114747 -0.0563057081 0.00294783695
v -0.00636429468 -0.0615110912 0.0030168907
v -0.00559528271 -0.060619117 0.00523984709
f 3748 3750 3749
v -0.00336348749 -0.0586085778 0.00783367577
v -0.00352198222 -0.062003365 0.00675964329
v -6.57815349e-05 -0.0583740126 0.00883903631
f 3751 3753 3752
v -6.57815349e-05 -0.0583740126 0.00883903631
v -0.00352198222 -0.062003365 0.00675964329
v -0.00172438395 -0.0621054147 0.00783935393
f 3754 3756 3755
v -0.00636429468 -0.0615110912 0.0030168907
v -0.00504839336 -0.0654458592 0.0042543641
v -0.00559528271 -0.060619117 0.00523984709
f 3757 3759 3758
v -0.00617951155 -0.0599917606 0.000981186167
v -0.00615817044 -0.062412367 0.00158575785
v -0.00636429468 -0.0615110912 0.0030168907
f 3760 3762 3761
v -0.00657331184 -0.0541104528 -0.000377501124
v -0.00649415379 -0.0513304782 -0.00119683764
v -0.00304010355 -0.0548326876 -0.00170936964
f 3763 3765 3764
v -0.00657331184 -0.0541104528 -0.000377501124
v -0.00753097338 -0.0562059053 0.000995078426
v -0.00779038455 -0.0538632914 0.00131700845
f 3766 3768 3767
v -0.00657331184 -0.0541104528 -0.000377501124
v -0.00481628958 -0.0586836424 -0.000584459804
v -0.00753097338 -0.0562059053 0.000995078426
f 3769 3771 3770
v -0.00753097338 -0.0562059053 0.000995078426
v -0.00481628958 -0.0586836424 -0.000584459804
v -0.00617951155 -0.0599917606 0.000981186167
f 3772 3774 3773
v -0.00753097338 -0.0562059053 0.000995078426
v -0.00617951155 -0.0599917606 0.000981186167
v -0.00746114747 -0.0563057081 0.00294783695
f 3775 3777 3776
v -0.00177335114 -0.0609743583 -0.00117605769
v -0.00131062179 -0.0636147044 -0.00147260553
v -0.00481628958 -0.0586836424 -0.000584459804
f 3778 3780 3779
v -0.00481628958 -0.0586836424 -0.000584459804
v -0.00407786101 -0.0650336326 -0.000144791181
v -0.00617951155 -0.0599917606 0.000981186167
f 3781 3783 3782
v 0.00136419139 -0.0624393404 0.00853215752
v 0.00412912414 -0.0633690914 0.00736541624
v 0.00374499032 -0.0600157131 0.00772911881
f 3784 3786 3785
v 0.00412912414 -0.0633690914 0.00736541624
v 0.00492504514 -0.058841164 0.00596259742
v 0.00374499032 -0.0600157131 0.00772911881
f 3787 3789 3788
v 0.00358123361 -0.069320912 0.00616923353
v 0.00521509828 -0.0690174755 0.00510475002
v 0.00528271339 -0.064883189 0.00585972302
f 3790 3792 3791
v 0.00521509828 -0.0690174755 0.00510475002
v 0.00605528367 -0.0688212167 0.00295609025
v 0.00528271339 -0.064883189 0.00585972302
f 3793 3795 3794
v 0.00599230625 -0.0639891427 0.0039126211
v 0.00564241818 -0.067857228 0.000720775279
v 0.00427731102 -0.0643182255 -0.00161270382
f 3796 3798 3797
v 0.00390321147 -0.0617809652 -0.00162759243
v 0.00273831993 -0.0563483394 -0.00231676149
v 0.00442606506 -0.0579337357 -6.80802202e-05
f 3799 3801 3800
v 0.00536671141 -0.0613560725 0.00156098868
v 0.00427731102 -0.0643182255 -0.00161270382
v 0.00442606506 -0.0579337357 -6.80802202e-05
f 3802 3804 3803
v 0.00136419139 -0.0624393404 0.00853215752
v -0.00145396862 -0.0649326073 0.00708614753
v 0.000221653295 -0.0684065628 0.0063009029
f 3805 3807 3806
v -0.00145396862 -0.0649326073 0.00708614753
v -0.00334418692 -0.0676888565 0.00515246902
v 0.000221653295 -0.0684065628 0.0063009029
f 3808 3810 3809
v -0.00504839336 -0.0654458592 0.0042543641
v -0.00439527721 -0.0686997315 0.00266293591
v -0.00334418692 -0.0676888565 0.00515246902
f 3811 3813 3812
v -0.00615817044 -0.062412367 0.00158575785
v -0.00525739088 -0.0651333656 0.00180375555
v -0.00504839336 -0.0654458592 0.0042543641
f 3814 3816 3815
v -0.00407786101 -0.0650336326 -0.000144791181
v -0.00525739088 -0.0651333656 0.00180375555
v -0.00615817044 -0.062412367 0.00158575785
f 3817 3819 3818
v -0.00178882528 -0.0670435897 -0.000231958688
v -0.00363727631 -0.0698039832 0.00138835048
v -0.00407786101 -0.0650336326 -0.000144791181
f 3820 3822 3821
v -0.00407786101 -0.0650336326 -0.000144791181
v -0.00363727631 -0.0698039832 0.00138835048
v -0.00439527721 -0.0686997315 0.00266293591
f 3823 3825 3824
v 0.00358123361 -0.069320912 0.00616923353
v 0.000221653295 -0.0684065628 0.0063009029
v 0.0011255318 -0.0713174697 0.0052497744
f 3826 3828 3827
v 0.00358123361 -0.069320912 0.00616923353
v 0.00395638854 -0.0707700849 0.00510080463
v 0.00521509828 -0.0690174755 0.00510475002
f 3829 3831 3830
v 0.000221653295 -0.0684065628 0.0063009029
v -0.00334418692 -0.0676888565 0.00515246902
v -0.00173177541 -0.0719795004 0.00466955171
f 3832 3834 3833
v 0.000221653295 -0.0684065628 0.0063009029
v -0.00173177541 -0.0719795004 0.00466955171
v 0.0011255318 -0.0713174697 0.0052497744
f 3835 3837 3836
v -0.00363727631 -0.0698039832 0.00138835048
v -0.00224970681 -0.0726542203 0.000855552116
v -0.00335130935 -0.0718018389 0.00238454813
f 3838 3840 3839
v -0.00178882528 -0.0670435897 -0.000231958688
v 0.000143072248 -0.0723521691 -0.000679501454
v -0.00224970681 -0.0726542203 0.000855552116
f 3841 3843 3842
v 0.000352704342 -0.0615411496 -0.00287325111
v 0.000498270128 -0.0586597889 -0.00316198675
v 0.00220222282 -0.0614129996 -0.00277586278
f 3844 3846 3845
v 0.000498270128 -0.0586597889 -0.00316198675
v 0.000352704342 -0.0615411496 -0.00287325111
v -0.00177335114 -0.0609743583 -0.00117605769
f 3847 3849 3848
v 0.00175908826 -0.0652926276 -0.00307147457
v -0.00131062179 -0.0636147044 -0.00147260553
v -0.00177335114 -0.0609743583 -0.00117605769
f 3850 3852 3851
v 0.00175908826 -0.0652926276 -0.00307147457
v 0.000352704342 -0.0615411496 -0.00287325111
v 0.00220222282 -0.0614129996 -0.00277586278
f 3853 3855 3854
v 0.00427731102 -0.0643182255 -0.00161270382
v 0.00175908826 -0.0652926276 -0.00307147457
v 0.00220222282 -0.0614129996 -0.00277586278
f 3856 3858 3857
v -0.00178882528 -0.0670435897 -0.000231958688
v 0.00175908826 -0.0652926276 -0.00307147457
v 6.18816614e-05 -0.0701540674 -0.00246668915
f 3859 3861 3860
v 0.00175908826 -0.0652926276 -0.00307147457
v 0.00144333098 -0.0682877086 -0.0029131932
v 6.18816614e-05 -0.0701540674 -0.00246668915
f 3862 3864 3863
v 0.0011255318 -0.0713174697 0.0052497744
v 0.00422344565 -0.0733562629 0.00423399251
v 0.00395638854 -0.0707700849 0.00510080463
f 3865 3867 3866
v 0.00422344565 -0.0733562629 0.00423399251
v 0.0011255318 -0.0713174697 0.0052497744
v 0.00162206325 -0.0747247715 0.00425318613
f 3868 3870 3869
v 0.0045964749 -0.0753452478 0.00178184582
v 0.00555741644 -0.0719921023 0.00316614569
v 0.00422344565 -0.0733562629 0.00423399251
f 3871 3873 3872
v 0.00222717554 -0.0749601866 0.00405633764
v 0.00190026767 -0.0750131556 0.00402119549
v 0.00381534155 -0.0748826715 0.0035335961
f 3874 3876 3875
v 0.00381534155 -0.0748826715 0.0035335961
v 0.0045964749 -0.0753452478 0.00178184582
v 0.00422344565 -0.0733562629 0.00423399251
f 3877 3879 3878
v 0.00190026767 -0.0750131556 0.00402119549
v 0.000663909714 -0.0758795824 0.00297052247
v 0.00381534155 -0.0748826715 0.0035335961
f 3880 3882 3881
v 0.000663909714 -0.0758795824 0.00297052247
v 0.00136073595 -0.0763017684 0.00142316776
v 0.00381534155 -0.0748826715 0.0035335961
f 3883 3885 3884
v 0.00492275176 -0.0737105263 -0.000793008894
v 0.00564241818 -0.067857228 0.000720775279
v 0.00605528367 -0.0688212167 0.00295609025
f 3886 3888 3887
v 0.0057307574 -0.072467752 0.000791347793
v 0.00492275176 -0.0737105263 -0.000793008894
v 0.00605528367 -0.0688212167 0.00295609025
f 3889 3891 3890
v 0.00555741644 -0.0719921023 0.00316614569
v 0.0057307574 -0.072467752 0.000791347793
v 0.00605528367 -0.0688212167 0.00295609025
f 3892 3894 3893
v 0.00381534155 -0.0748826715 0.0035335961
v 0.00136073595 -0.0763017684 0.00142316776
v 0.00396263749 -0.075699226 0.000639212749
f 3895 3897 3896
v 0.00396263749 -0.075699226 0.000639212749
v 0.00136073595 -0.0763017684 0.00142316776
v 0.002756506 -0.0761517324 -0.000671692533
f 3898 3900 3899
v -0.000852658923 -0.0749542844 0.00426516526
v -0.00187027053 -0.0744016259 0.000691136893
v 0.000663909714 -0.0758795824 0.00297052247
f 3901 3903 3902
v -0.00304377136 -0.0731980719 0.00288724732
v -0.00187027053 -0.0744016259 0.000691136893
v -0.000852658923 -0.0749542844 0.00426516526
f 3904 3906 3905
v 0.00192021944 -0.0750096107 0.00411068941
v 0.00192600346 -0.075012655 0.00408547239
v 0.0018835839 -0.074945786 0.00411546134
f 3907 3909 3908
v 0.0018835839 -0.074945786 0.00411546134
v 0.00192600346 -0.075012655 0.00408547239
v 0.00197433546 -0.0749942497 0.00409929198
f 3910 3912 3911
v 0.00197433546 -0.0749942497 0.00409929198
v 0.00192021944 -0.0750096107 0.00411068941
v 0.00194158783 -0.0750165025 0.00410853099
f 3913 3915 3914
v 0.00181935065 -0.0749859842 0.00412548834
v 0.00182104159 -0.0749959843 0.00409249878
v 0.00162206325 -0.0747247715 0.00425318613
f 3916 3918 3917
v 0.00190026767 -0.0750131556 0.00402119549
v 0.00192600346 -0.075012655 0.00408547239
v 0.00192021944 -0.0750096107 0.00411068941
f 3919 3921 3920
v 0.00162206325 -0.0747247715 0.00425318613
v 0.00215351592 -0.0749451865 0.00406718718
v 0.00215433593 -0.0749523635 0.00404553757
f 3922 3924 3923
v 0.00162206325 -0.0747247715 0.00425318613
v 0.00182104159 -0.0749959843 0.00409249878
v 0.0018835839 -0.074945786 0.00411546134
f 3925 3927 3926
v 0.00139994227 -0.0749788538 0.00423649726
v 0.00140324155 -0.0749788596 0.00421079822
v 0.00162206325 -0.0747247715 0.00425318613
f 3928 3930 3929
v 0.00162206325 -0.0747247715 0.00425318613
v 0.00140324155 -0.0749788596 0.00421079822
v 0.00156098049 -0.0749701227 0.00418495219
f 3931 3933 3932
v 0.00156098049 -0.0749701227 0.00418495219
v 0.00139994227 -0.0749788538 0.00423649726
v 0.00142521676 -0.0750011124 0.00422779995
f 3934 3936 3935
v 0.00142521676 -0.0750011124 0.00422779995
v -0.000852658923 -0.0749542844 0.00426516526
v 0.00156098049 -0.0749701227 0.00418495219
f 3937 3939 3938
v 0.000663909714 -0.0758795824 0.00297052247
v 0.00190026767 -0.0750131556 0.00402119549
v -0.000852658923 -0.0749542844 0.00426516526
f 3940 3942 3941
v 0.000663909714 -0.0758795824 0.00297052247
v -0.00187027053 -0.0744016259 0.000691136893
v 0.00136073595 -0.0763017684 0.00142316776
f 3943 3945 3944
v -3.89636412e-06 -0.0695581024 -0.00109160219
v 0.000829221426 -0.0735085923 -0.00180299085
v 0.000143072248 -0.0723521691 -0.000679501454
f 3946 3948 3947
v 0.00126810264 -0.0720229873 -0.0026577678
v 0.000829221426 -0.0735085923 -0.00180299085
v 6.18816614e-05 -0.0701540674 -0.00246668915
f 3949 3951 3950
v -3.89636412e-06 -0.0695581024 -0.00109160219
v 6.18816614e-05 -0.0701540674 -0.00246668915
v 0.000829221426 -0.0735085923 -0.00180299085
f 3952 3954 3953
v -0.00304377136 -0.0731980719 0.00288724732
v -0.00260152974 -0.0732127402 0.00129283335
v -0.00259416738 -0.0732132117 0.00129249393
f 3955 3957 3956
v -0.00259416738 -0.0732132117 0.00129249393
v -0.00260152974 -0.0732127402 0.00129283335
v -0.00237923086 -0.0733944296 0.000941604958
f 3958 3960 3959
v -0.00335130935 -0.0718018389 0.00238454813
v -0.00260152974 -0.0732127402 0.00129283335
v -0.00304377136 -0.0731980719 0.00288724732
f 3961 3963 3962
v -0.00224970681 -0.0726542203 0.000855552116
v -0.00259416738 -0.0732132117 0.00129249393
v -0.00335130935 -0.0718018389 0.00238454813
f 3964 3966 3965
v -0.00198661401 -0.0733125024 0.000254805877
v -0.00215660748 -0.0733275025 0.000505190064
v -0.00224970681 -0.0726542203 0.000855552116
f 3967 3969 3968
v -0.00228172121 -0.0732911343 0.000694753999
v -0.00229440357 -0.0733203196 0.000740071164
v -0.00224970681 -0.0726542203 0.000855552116
f 3970 3972 3971
v -0.00230800651 -0.0733074674 0.000740614269
v -0.00237923086 -0.0733944296 0.000941604958
v -0.00224970681 -0.0726542203 0.000855552116
f 3973 3975 3974
v -0.00229440357 -0.0733203196 0.000740071164
v -0.00230800651 -0.0733074674 0.000740614269
v -0.00227783621 -0.0733449939 0.000688267528
f 3976 3978 3977
v -0.00224970681 -0.0726542203 0.000855552116
v -0.00216373519 -0.0733264431 0.000506493006
v -0.00220213205 -0.0733330438 0.000573710622
f 3979 3981 3980
v -0.00237923086 -0.0733944296 0.000941604958
v -0.00229440357 -0.0733203196 0.000740071164
v -0.00227783621 -0.0733449939 0.000688267528
f 3982 3984 3983
v -0.00216373519 -0.0733264431 0.000506493006
v -0.00215660748 -0.0733275025 0.000505190064
v -0.00220213205 -0.0733330438 0.000573710622
f 3985 3987 3986
v -0.00215660748 -0.0733275025 0.000505190064
v -0.00216373519 -0.0733264431 0.000506493006
v -0.00187027053 -0.0744016259 0.000691136893
f 3988 3990 3989
v -0.00237923086 -0.0733944296 0.000941604958
v -0.00187027053 -0.0744016259 0.000691136893
v -0.00304377136 -0.0731980719 0.00288724732
f 3991 3993 3992
v -0.0018918694 -0.0734521716 0.00014218034
v -0.00187531405 -0.0734562869 0.000133845367
v -0.00187027053 -0.0744016259 0.000691136893
f 3994 3996 3995
v -0.0018918694 -0.0734521716 0.00014218034
v -0.00187027053 -0.0744016259 0.000691136893
v -0.00198661401 -0.0733125024 0.000254805877
f 3997 3999 3998
v -0.00224970681 -0.0726542203 0.000855552116
v -0.00187531405 -0.0734562869 0.000133845367
v -0.00198661401 -0.0733125024 0.000254805877
f 4000 4002 4001
v -0.00187531405 -0.0734562869 0.000133845367
v -0.0018918694 -0.0734521716 0.00014218034
v -0.00107927799 -0.0737470225 -0.000371678357
f 4003 4005 4004
v -0.00187027053 -0.0744016259 0.000691136893
v -0.00107927799 -0.0737470225 -0.000371678357
v 0.000682468681 -0.0744930003 -0.00152275052
f 4006 4008 4007
v 0.00136073595 -0.0763017684 0.00142316776
v 0.000682468681 -0.0744930003 -0.00152275052
v 0.002756506 -0.0761517324 -0.000671692533
f 4009 4011 4010
v 0.00289673626 -0.0698666263 -0.00268103922
v 0.00318801394 -0.074645289 -0.00138137975
v 0.00126810264 -0.0720229873 -0.0026577678
f 4012 4014 4013
v -0.00107927799 -0.0737470225 -0.000371678357
v -8.14108944e-05 -0.0740290328 -0.00110241208
v -6.39803659e-05 -0.0740427757 -0.00110088995
f 4015 4017 4016
v -8.14108944e-05 -0.0740290328 -0.00110241208
v -0.00107927799 -0.0737470225 -0.000371678357
v 0.000143072248 -0.0723521691 -0.000679501454
f 4018 4020 4019
v -6.39803659e-05 -0.0740427757 -0.00110088995
v -8.14108944e-05 -0.0740290328 -0.00110241208
v 0.000682468681 -0.0744930003 -0.00152275052
f 4021 4023 4022
v -0.00107927799 -0.0737470225 -0.000371678357
v -6.39803659e-05 -0.0740427757 -0.00110088995
v 0.000682468681 -0.0744930003 -0.00152275052
f 4024 4026 4025
v 0.000829221426 -0.0735085923 -0.00180299085
v -6.39803659e-05 -0.0740427757 -0.00110088995
v 0.000143072248 -0.0723521691 -0.000679501454
f 4027 4029 4028
v 0.000829221426 -0.0735085923 -0.00180299085
v 0.00126810264 -0.0720229873 -0.0026577678
v 0.00318801394 -0.074645289 -0.00138137975
f 4030 4032 4031
v 0.00492275176 -0.0737105263 -0.000793008894
v 0.0057307574 -0.072467752 0.000791347793
v 0.0045964749 -0.0753452478 0.00178184582
f 4033 4035 4034
v 0.00396263749 -0.075699226 0.000639212749
v 0.00492275176 -0.0737105263 -0.000793008894
v 0.0045964749 -0.0753452478 0.00178184582
f 4036 4038 4037
v 0.00492275176 -0.0737105263 -0.000793008894
v 0.00396263749 -0.075699226 0.000639212749
v 0.00318801394 -0.074645289 -0.00138137975
f 4039 4041 4040
v 0.00289673626 -0.0698666263 -0.00268103922
v 0.00427731102 -0.0643182255 -0.00161270382
v 0.00564241818 -0.067857228 0.000720775279
f 4042 4044 4043
v 0.00381534155 -0.0748826715 0.0035335961
v 0.00215351592 -0.0749451865 0.00406718718
v 0.00222717554 -0.0749601866 0.00405633764
f 4045 4047 4046
v 0.00162206325 -0.0747247715 0.00425318613
v 0.00215433593 -0.0749523635 0.00404553757
v 0.00381534155 -0.0748826715 0.0035335961
f 4048 4050 4049
v 0.00289673626 -0.0698666263 -0.00268103922
v 6.18816614e-05 -0.0701540674 -0.00246668915
v 0.00144333098 -0.0682877086 -0.0029131932
f 4051 4053 4052
v 0.00126810264 -0.0720229873 -0.0026577678
v 6.18816614e-05 -0.0701540674 -0.00246668915
v 0.00289673626 -0.0698666263 -0.00268103922
f 4054 4056 4055
v 0.00296547623 -0.0389447785 -0.00141746341
v 0.00274153226 -0.0426271989 -0.00187754285
v 0.00124363296 -0.040784193 -0.00353669384
f 4057 4059 4058
v 0.00124363296 -0.040784193 -0.00353669384
v 0.00274153226 -0.0426271989 -0.00187754285
v -0.000179920448 -0.042543633 -0.00397191397
f 4060 4062 4061
v -0.00197667723 -0.0400497403 -0.00433679706
v 0.00124363296 -0.040784193 -0.00353669384
v -0.000179920448 -0.042543633 -0.00397191397
f 4063 4065 4064
v -0.000179920448 -0.042543633 -0.00397191397
v -0.00448844912 -0.0402648147 -0.0038469876
v -0.00197667723 -0.0400497403 -0.00433679706
f 4066 4068 4067
v -0.000179920448 -0.042543633 -0.00397191397
v -0.000687741885 -0.044398132 -0.00421164041
v -0.00448844912 -0.0402648147 -0.0038469876
f 4069 4071 4070
v -0.000687741885 -0.044398132 -0.00421164041
v -0.00101177393 -0.0495939807 -0.00392476286
v -0.00315508332 -0.0452163629 -0.00370702255
f 4072 4074 4073
v -0.00274976755 -0.00387900582 0.00284312155
v -0.00289923355 -0.00378594486 0.00292483801
v -0.0027688935 -0.00394043673 0.0029173334
f 4075 4077 4076
v -0.00291228735 -0.00381511272 0.0028720553
v -0.00289041873 -0.00384930972 0.00286310278
v -0.00290587868 -0.00380736965 0.00278316638
f 4078 4080 4079
v -0.00291228735 -0.00381511272 0.0028720553
v -0.00290587868 -0.00380736965 0.00278316638
v -0.00296694725 -0.00376066309 0.00285310343
f 4081 4083 4082
v -0.00290587868 -0.00380736965 0.00278316638
v -0.00338387108 -0.00344867149 0.00199493261
v -0.00305653484 -0.00370526395 0.002722317
f 4084 4086 4085
v -0.00290587868 -0.00380736965 0.00278316638
v -0.00305653484 -0.00370526395 0.002722317
v -0.00301475902 -0.00374262745 0.00277231666
f 4087 4089 4088
v -0.00290587868 -0.00380736965 0.00278316638
v -0.00297373499 -0.00380272395 0.00280937693
v -0.0029533594 -0.00383587103 0.00279875276
f 4090 4092 4091
v -0.00312727461 -0.00371462811 0.00268932872
v -0.00320491272 -0.00369427871 0.00260609522
v -0.00301505515 -0.00386316096 0.00277186955
f 4093 4095 4094
v -0.00312727461 -0.00371462811 0.00268932872
v -0.00301505515 -0.00386316096 0.00277186955
v -0.00304850491 -0.00377095566 0.00273619062
f 4096 4098 4097
v -0.00301475902 -0.00374262745 0.00277231666
v -0.00306211878 -0.00373801595 0.00274294198
v -0.00301505515 -0.00386316096 0.00277186955
f 4099 4101 4100
v -0.00301475902 -0.00374262745 0.00277231666
v -0.00301505515 -0.00386316096 0.00277186955
v -0.00299945186 -0.00375814707 0.00282030687
f 4102 4104 4103
v -0.00317370104 -0.0036201498 0.00259548324
v -0.00324053435 -0.00361644343 0.00256605999
v -0.00320491272 -0.00369427871 0.00260609522
f 4105 4107 4106
v -0.00317370104 -0.0036201498 0.00259548324
v -0.00320491272 -0.00369427871 0.00260609522
v -0.00317421691 -0.0036316007 0.0026404874
f 4108 4110 4109
v -0.00290587868 -0.00380736965 0.00278316638
v -0.00301475902 -0.00374262745 0.00277231666
v -0.00297373499 -0.00380272395 0.00280937693
f 4111 4113 4112
v -0.00289041873 -0.00384930972 0.00286310278
v -0.0028897668 -0.00396134637 0.00285673486
v -0.00289923355 -0.00378594486 0.00292483801
f 4114 4116 4115
v -0.00289041873 -0.00384930972 0.00286310278
v -0.00289923355 -0.00378594486 0.00292483801
v -0.00291228735 -0.00381511272 0.0028720553
f 4117 4119 4118
v -0.0040949617 -0.00352604111 0.00151555596
v -0.00430326254 -0.00361013663 0.00123265045
v -0.00389071283 -0.00371385395 0.00186871057
f 4120 4122 4121
v -0.0040949617 -0.00352604111 0.00151555596
v -0.00389071283 -0.00371385395 0.00186871057
v -0.00405967003 -0.00354656368 0.00155149773
f 4123 4125 4124
v -0.00382788348 -0.00354553777 0.00190935334
v -0.00338387108 -0.00344867149 0.00199493261
v -0.00384126943 -0.00359214027 0.00185844874
f 4126 4128 4127
v -0.00390277928 -0.00361372076 0.00177333332
v -0.00392496222 -0.00358616671 0.00175963796
v -0.00391220237 -0.00358541874 0.00177617039
f 4129 4131 4130
v -0.00389071283 -0.00371385395 0.00186871057
v -0.00385102685 -0.00356779929 0.00186751495
v -0.00390479909 -0.00354751683 0.00172337841
f 4132 4134 4133
v -0.00406775107 -0.0035237128 0.00155345733
v -0.00405967003 -0.00354656368 0.00155149773
v -0.0040949617 -0.00352604111 0.00151555596
f 4135 4137 4136
v -0.00405967003 -0.00354656368 0.00155149773
v -0.00442652599 -0.0034161465 0.000696676079
v -0.0040949617 -0.00352604111 0.00151555596
f 4138 4140 4139
v -0.00405967003 -0.00354656368 0.00155149773
v -0.00389071283 -0.00371385395 0.00186871057
v -0.0040251809 -0.00352294737 0.00162049218
f 4141 4143 4142
v -0.00405967003 -0.00354656368 0.00155149773
v -0.0040251809 -0.00352294737 0.00162049218
v -0.00406775107 -0.0035237128 0.00155345733
f 4144 4146 4145
v -0.0040949617 -0.00352604111 0.00151555596
v -0.00442652599 -0.0034161465 0.000696676079
v -0.0041162828 -0.00356001692 0.00146618613
f 4147 4149 4148
v -0.00291228735 -0.00381511272 0.0028720553
v -0.00293642825 -0.00376969037 0.00288709452
v -0.00289809414 -0.00376578173 0.00292510795
f 4150 4152 4151
v -0.00291228735 -0.00381511272 0.0028720553
v -0.00289809414 -0.00376578173 0.00292510795
v -0.00274976755 -0.00387900582 0.00284312155
f 4153 4155 4154
v -0.00442652599 -0.0034161465 0.000696676079
v -0.00430326254 -0.00361013663 0.00123265045
v -0.00412427908 -0.00354019721 0.00146953562
f 4156 4158 4157
v 0.000439054065 -0.00373657895 0.00350033843
v 0.000354001327 -0.00375251329 0.0034974506
v 0.000360825561 -0.00377458564 0.00353210453
f 4159 4161 4160
v 0.000439054065 -0.00373657895 0.00350033843
v 0.000360825561 -0.00377458564 0.00353210453
v 0.000494671349 -0.00376650496 0.00356393684
f 4162 4164 4163
v 5.83645942e-05 -0.00373498115 0.00342690801
v -0.000380904953 -0.00374798037 0.00349836882
v -0.000266755637 -0.00380881611 0.00353379546
f 4165 4167 4166
v 5.83645942e-05 -0.00373498115 0.00342690801
v -0.000266755637 -0.00380881611 0.00353379546
v -3.49926523e-05 -0.00376849275 0.00352069655
f 4168 4170 4169
v 0.000300803117 -0.0037540427 0.00352903771
v 0.000360825561 -0.00377458564 0.00353210453
v 0.000354001327 -0.00375251329 0.0034974506
f 4171 4173 4172
v 0.000142254839 -0.00377257747 0.00347440473
v 0.000194207814 -0.00376514581 0.00348874783
v 0.000197968029 -0.00378254263 0.00352407988
f 4174 4176 4175
v 0.000142254839 -0.00377257747 0.00347440473
v 0.000197968029 -0.00378254263 0.00352407988
v 6.09619121e-05 -0.0038111968 0.00346048182
f 4177 4179 4178
v 0.000133200092 -0.0037592552 0.00351178496
v 0.000197968029 -0.00378254263 0.00352407988
v 0.000194207814 -0.00376514581 0.00348874783
f 4180 4182 4181
v -2.09464545e-05 -0.00377822944 0.00346896668
v 2.67673869e-05 -0.00376879252 0.00348269859
v 3.37867732e-05 -0.00379021149 0.00351658418
f 4183 4185 4184
v -2.09464545e-05 -0.00377822944 0.00346896668
v 3.37867732e-05 -0.00379021149 0.00351658418
v -9.98283895e-05 -0.00382103099 0.00347513451
f 4186 4188 4187
v -2.09464545e-05 -0.00377822944 0.00346896668
v -0.000404382672 -0.00399973287 0.00291162924
v 6.09619121e-05 -0.0038111968 0.00346048182
f 4189 4191 4190
v -2.09464545e-05 -0.00377822944 0.00346896668
v 6.09619121e-05 -0.0038111968 0.00346048182
v 2.67673869e-05 -0.00376879252 0.00348269859
f 4192 4194 4193
v 0.000298414056 -0.00376112512 0.00348169015
v 0.000354001327 -0.00375251329 0.0034974506
v 0.000360825561 -0.00377458564 0.00353210453
f 4195 4197 4196
v 0.000298414056 -0.00376112512 0.00348169015
v 0.000360825561 -0.00377458564 0.00353210453
v 0.00017618645 -0.00379715129 0.00345672779
f 4198 4200 4199
v 0.000354001327 -0.00375251329 0.0034974506
v 0.000439054065 -0.00373657895 0.00350033843
v 5.83645942e-05 -0.00373498115 0.00342690801
f 4201 4203 4202
v 0.000354001327 -0.00375251329 0.0034974506
v 5.83645942e-05 -0.00373498115 0.00342690801
v 0.000298414056 -0.00376112512 0.00348169015
f 4204 4206 4205
v 0.00120037539 -0.00362833453 0.00324074172
v 0.00124711087 -0.00362982173 0.00325493202
v 0.00123437922 -0.00366122622 0.0032987733
f 4207 4209 4208
v 0.00120037539 -0.00362833453 0.00324074172
v 0.00123437922 -0.00366122622 0.0032987733
v 0.00112997595 -0.00366583772 0.00324878238
f 4210 4212 4211
v 0.00123437922 -0.00366122622 0.0032987733
v 0.00124711087 -0.00362982173 0.00325493202
v 0.0011767509 -0.00361310886 0.00326273912
f 4213 4215 4214
v 0.00123437922 -0.00366122622 0.0032987733
v 0.0011767509 -0.00361310886 0.00326273912
v 0.00119939095 -0.00366077802 0.00332710115
f 4216 4218 4217
v 0.00115082321 -0.00365978412 0.00331357987
v 0.00112997595 -0.00366583772 0.00324878238
v 0.00123437922 -0.00366122622 0.0032987733
f 4219 4221 4220
v 0.00115082321 -0.00365978412 0.00331357987
v 0.00123437922 -0.00366122622 0.0032987733
v 0.00119939095 -0.00366077802 0.00332710115
f 4222 4224 4223
v 0.00139194908 -0.00359141341 0.00322668238
v 0.00104054634 -0.00356863966 0.00320286636
v 0.00124711087 -0.00362982173 0.00325493202
f 4225 4227 4226
v 0.00139194908 -0.00359141341 0.00322668238
v 0.00124711087 -0.00362982173 0.00325493202
v 0.00134654201 -0.00364552907 0.00327098351
f 4228 4230 4229
v 0.00115082321 -0.00365978412 0.00331357987
v 0.00119939095 -0.00366077802 0.00332710115
v 0.00104113897 -0.00367994871 0.00333002681
f 4231 4233 4232
v 0.00115082321 -0.00365978412 0.00331357987
v 0.00104113897 -0.00367994871 0.00333002681
v 0.000964646824 -0.00369724803 0.00329871036
f 4234 4236 4235
v 0.0018222896 -0.00375933523 0.00340973493
v 0.00192742682 -0.00381286736 0.00344307664
v 0.00192822026 -0.00378379991 0.00339896505
f 4237 4239 4238
v 0.0018222896 -0.00375933523 0.00340973493
v 0.00192822026 -0.00378379991 0.00339896505
v 0.00192590469 -0.00373171715 0.0033514174
f 4240 4242 4241
v 0.00197599165 -0.0038271588 0.00344788168
v 0.00204878761 -0.00379561461 0.00341436426
v 0.00192822026 -0.00378379991 0.00339896505
f 4243 4245 4244
v 0.00204878761 -0.00379561461 0.00341436426
v 0.00208924685 -0.00385534149 0.00345506705
v 0.00213386375 -0.00386425017 0.00346686938
f 4246 4248 4247
v 0.00204878761 -0.00379561461 0.00341436426
v 0.00213386375 -0.00386425017 0.00346686938
v 0.00230108526 -0.00386231186 0.0033939632
f 4249 4251 4250
v 0.00192590469 -0.00373171715 0.0033514174
v 0.00192160533 -0.00367743996 0.00322136148
v 0.00192006792 -0.00371145361 0.00326219706
f 4252 4254 4253
v 0.00208924685 -0.00385534149 0.00345506705
v 0.00202280116 -0.00383430524 0.00340825209
v 0.00228782119 -0.00390187124 0.00347078749
f 4255 4257 4256
v 0.00208924685 -0.00385534149 0.00345506705
v 0.00228782119 -0.00390187124 0.00347078749
v 0.00213386375 -0.00386425017 0.00346686938
f 4258 4260 4259
v 0.00202280116 -0.00383430524 0.00340825209
v 0.00186384659 -0.00368538531 0.00311281401
v 0.0024981864 -0.00392407601 0.00308050876
f 4261 4263 4262
v 0.00202280116 -0.00383430524 0.00340825209
v 0.0024981864 -0.00392407601 0.00308050876
v 0.00230108526 -0.00386231186 0.0033939632
f 4264 4266 4265
v 0.00161125226 -0.00353054857 0.00307680311
v 0.00155791658 -0.00357474855 0.00314187964
v 0.00151563336 -0.00361113853 0.00320316467
f 4267 4269 4268
v 0.00161125226 -0.00353054857 0.00307680311
v 0.00151563336 -0.00361113853 0.00320316467
v 0.00158152379 -0.00365258384 0.00326134068
f 4270 4272 4271
v 0.00205879132 -0.00375875461 0.00333357784
v 0.00202280116 -0.00383430524 0.00340825209
v 0.00204878761 -0.00379561461 0.00341436426
f 4273 4275 4274
v 0.00177091988 -0.00365626256 0.00319739702
v 0.00179207036 -0.00336737357 0.00288351639
v 0.00163049335 -0.00361556522 0.00314968602
f 4276 4278 4277
v 0.00177091988 -0.00365626256 0.00319739702
v 0.00163049335 -0.00361556522 0.00314968602
v 0.00172242817 -0.00365859378 0.00318634375
f 4279 4281 4280
v 0.00151563336 -0.00361113853 0.00320316467
v 0.00139194908 -0.00359141341 0.00322668238
v 0.00146018083 -0.00363437794 0.00326930203
f 4282 4284 4283
v 0.00151563336 -0.00361113853 0.00320316467
v 0.00146018083 -0.00363437794 0.00326930203
v 0.00151785925 -0.0036397767 0.00324537868
f 4285 4287 4286
v 0.00146611274 -0.00360634804 0.00318754137
v 0.00155791658 -0.00357474855 0.00314187964
v 0.00140873435 -0.00356030723 0.00313973178
f 4288 4290 4289
v 0.00146611274 -0.00360634804 0.00318754137
v 0.00140873435 -0.00356030723 0.00313973178
v 0.00139194908 -0.00359141341 0.00322668238
f 4291 4293 4292
v 0.00177091988 -0.00365626256 0.00319739702
v 0.00172242817 -0.00365859378 0.00318634375
v 0.00177053607 -0.00365318338 0.00312229458
f 4294 4296 4295
v 0.00177091988 -0.00365626256 0.00319739702
v 0.00177053607 -0.00365318338 0.00312229458
v 0.00183104112 -0.0036888312 0.00317373378
f 4297 4299 4298
v 0.00131472316 -0.00360061458 0.00318151178
v 0.00135881455 -0.00359643527 0.00319203536
v 0.00140873435 -0.00356030723 0.00313973178
f 4300 4302 4301
v 0.00146018083 -0.00363437794 0.00326930203
v 0.00141979854 -0.00363094514 0.00325793117
v 0.00140534339 -0.00362157371 0.00318137427
f 4303 4305 4304
v 0.00146018083 -0.00363437794 0.00326930203
v 0.00140534339 -0.00362157371 0.00318137427
v 0.00151785925 -0.0036397767 0.00324537868
f 4306 4308 4307
v 0.00144105124 -0.00364742518 0.00331837145
v 0.00134654201 -0.00364552907 0.00327098351
v 0.00141979854 -0.00363094514 0.00325793117
f 4309 4311 4310
v 0.00146611274 -0.00360634804 0.00318754137
v 0.00151563336 -0.00361113853 0.00320316467
v 0.00151785925 -0.0036397767 0.00324537868
f 4312 4314 4313
v 0.00146611274 -0.00360634804 0.00318754137
v 0.00151785925 -0.0036397767 0.00324537868
v 0.00140534339 -0.00362157371 0.00318137427
f 4315 4317 4316
v 0.00151563336 -0.00361113853 0.00320316467
v 0.00146611274 -0.00360634804 0.00318754137
v 0.00149408352 -0.00359974874 0.00309274219
f 4318 4320 4319
v 0.00151563336 -0.00361113853 0.00320316467
v 0.00149408352 -0.00359974874 0.00309274219
v 0.00163049335 -0.00361556522 0.00314968602
f 4321 4323 4322
v 0.00124711087 -0.00362982173 0.00325493202
v 0.00120037539 -0.00362833453 0.00324074172
v 0.00127040666 -0.00362554492 0.00314592435
f 4324 4326 4325
v 0.00124711087 -0.00362982173 0.00325493202
v 0.00127040666 -0.00362554492 0.00314592435
v 0.00134654201 -0.00364552907 0.00327098351
f 4327 4329 4328
v 0.00131472316 -0.00360061458 0.00318151178
v 0.00104054634 -0.00356863966 0.00320286636
v 0.00139194908 -0.00359141341 0.00322668238
f 4330 4332 4331
v 0.00131472316 -0.00360061458 0.00318151178
v 0.00139194908 -0.00359141341 0.00322668238
v 0.00135881455 -0.00359643527 0.00319203536
f 4333 4335 4334
v 0.0018222896 -0.00375933523 0.00340973493
v 0.0018203018 -0.00371722199 0.00325939509
v 0.00187143687 -0.00377204051 0.0033644752
f 4336 4338 4337
v 0.0018203018 -0.00371722199 0.00325939509
v 0.00182748427 -0.00369630652 0.00326178888
v 0.00187143687 -0.00377204051 0.0033644752
f 4339 4341 4340
v 0.00083032819 -0.00371472197 0.00346457055
v 0.000721797369 -0.0037316604 0.00344689797
v 0.000725825521 -0.00375079908 0.00347954883
f 4342 4344 4343
v 0.00083032819 -0.00371472197 0.00346457055
v 0.000725825521 -0.00375079908 0.00347954883
v 0.000777174046 -0.0037453683 0.00347424102
f 4345 4347 4346
v 0.00177091988 -0.00365626256 0.00319739702
v 0.00192160533 -0.00367743996 0.00322136148
v 0.00183138382 -0.00361599305 0.00313480305
f 4348 4350 4349
v 0.00177327911 -0.00366115637 0.0032633161
v 0.00192160533 -0.00367743996 0.00322136148
v 0.00177091988 -0.00365626256 0.00319739702
f 4351 4353 4352
v 0.00161125226 -0.00353054857 0.00307680311
v 0.00140873435 -0.00356030723 0.00313973178
v 0.00155791658 -0.00357474855 0.00314187964
f 4354 4356 4355
v 0.0016151389 -0.00361359635 0.00311204458
v 0.00161125226 -0.00353054857 0.00307680311
v 0.00165045094 -0.00360286285 0.0030392237
f 4357 4359 4358
v 0.000506532433 -0.00375599848 0.0035023706
v 0.00046468549 -0.00376017051 0.00349203656
v 0.000396373161 -0.003790146 0.00345615372
f 4360 4362 4361
v 0.000506532433 -0.00375599848 0.0035023706
v 0.000396373161 -0.003790146 0.00345615372
v 0.000558772854 -0.00376508906 0.00348040958
f 4363 4365 4364
v 0.000494671349 -0.00376650496 0.00356393684
v 0.000396373161 -0.003790146 0.00345615372
v 0.00046468549 -0.00376017051 0.00349203656
f 4366 4368 4367
v 0.000553740801 -0.0037383892 0.00343739812
v 0.000464776622 -0.00370991693 0.00342503663
v 0.000506532433 -0.00375599848 0.0035023706
f 4369 4371 4370
v 0.000553740801 -0.0037383892 0.00343739812
v 0.000506532433 -0.00375599848 0.0035023706
v 0.000558772854 -0.00376508906 0.00348040958
f 4372 4374 4373
v 0.000510241352 -0.00374673909 0.00342392923
v 0.000553740801 -0.0037383892 0.00343739812
v 0.000530568013 -0.00374019801 0.00334615106
f 4375 4377 4376
v 0.000510241352 -0.00374673909 0.00342392923
v 0.000553740801 -0.0037383892 0.00343739812
v 0.000558772854 -0.00376508906 0.00348040958
f 4378 4380 4379
v 0.000510241352 -0.00374673909 0.00342392923
v 0.000558772854 -0.00376508906 0.00348040958
v 0.000396373161 -0.003790146 0.00345615372
f 4381 4383 4382
v 0.000881350661 -0.00369327972 0.00336238772
v 0.000934800482 -0.00369228292 0.00337773163
v 0.000924498909 -0.00371852002 0.00342195162
f 4384 4386 4385
v 0.000881350661 -0.00369327972 0.00336238772
v 0.000924498909 -0.00371852002 0.00342195162
v 0.000816502961 -0.00373271978 0.00337196798
f 4387 4389 4388
v 0.000881350661 -0.00369327972 0.00336238772
v 0.000964646824 -0.00369724803 0.00329871036
v 0.00104113897 -0.00367994871 0.00333002681
f 4390 4392 4391
v 0.000881350661 -0.00369327972 0.00336238772
v 0.00104113897 -0.00367994871 0.00333002681
v 0.000934800482 -0.00369228292 0.00337773163
f 4393 4395 4394
v 0.00109330049 -0.00363091021 0.00329269351
v 0.000964646824 -0.00369724803 0.00329871036
v -0.000404382672 -0.00399973287 0.00291162924
f 4396 4398 4397
v 0.00109330049 -0.00363091021 0.00329269351
v -0.000404382672 -0.00399973287 0.00291162924
v 0.00112997595 -0.00366583772 0.00324878238
f 4399 4401 4400
v 0.000924498909 -0.00371852002 0.00342195162
v 0.000934800482 -0.00369228292 0.00337773163
v 0.000822806487 -0.00368959663 0.00340135557
f 4402 4404 4403
v 0.000924498909 -0.00371852002 0.00342195162
v 0.000822806487 -0.00368959663 0.00340135557
v 0.000885342979 -0.00371779824 0.00345048502
f 4405 4407 4406
v 0.000885342979 -0.00371779824 0.00345048502
v 0.000830394583 -0.00372082213 0.00343506435
v 0.000816502961 -0.00373271978 0.00337196798
f 4408 4410 4409
v 0.000885342979 -0.00371779824 0.00345048502
v 0.000816502961 -0.00373271978 0.00337196798
v 0.000924498909 -0.00371852002 0.00342195162
f 4411 4413 4412
v 0.000822806487 -0.00368959663 0.00340135557
v 0.000530568013 -0.00374019801 0.00334615106
v 0.000669893234 -0.00373786679 0.00343172433
f 4414 4416 4415
v 0.000822806487 -0.00368959663 0.00340135557
v 0.000669893234 -0.00373786679 0.00343172433
v 0.000721797369 -0.0037316604 0.00344689797
f 4417 4419 4418
v 0.000669893234 -0.00373786679 0.00343172433
v 0.000721797369 -0.0037316604 0.00344689797
v 0.000725825521 -0.00375079908 0.00347954883
f 4420 4422 4421
v 0.000669893234 -0.00373786679 0.00343172433
v 0.000725825521 -0.00375079908 0.00347954883
v 0.000595975916 -0.00376841708 0.00342424173
f 4423 4425 4424
v 0.000669594738 -0.00375527961 0.00333129028
v 0.000777174046 -0.0037453683 0.00347424102
v 0.000721797369 -0.0037316604 0.00344689797
f 4426 4428 4427
v 0.00268870845 -0.00386377142 0.00310729556
v 0.00269628963 -0.00390861314 0.00321017615
v 0.00260810539 -0.00390767891 0.00316040205
f 4429 4431 4430
v 0.00268870845 -0.00386377142 0.00310729556
v 0.00260810539 -0.00390767891 0.00316040205
v 0.00264611208 -0.00386077227 0.00309604693
f 4432 4434 4433
v 0.00104054634 -0.00356863966 0.00320286636
v 0.00109330049 -0.00363091021 0.00329269351
v 0.0011767509 -0.00361310886 0.00326273912
f 4435 4437 4436
v 0.00255282703 -0.00377970064 0.00304507921
v 0.0024981864 -0.00392407601 0.00308050876
v 0.00263674101 -0.00385761741 0.00313677338
f 4438 4440 4439
v 0.00268870845 -0.00386377142 0.00310729556
v 0.00264611208 -0.00386077227 0.00309604693
v 0.0024981864 -0.00392407601 0.00308050876
f 4441 4443 4442
v 0.00268870845 -0.00386377142 0.00310729556
v 0.0024981864 -0.00392407601 0.00308050876
v 0.00282996498 -0.00389507259 0.00311915246
f 4444 4446 4445
v 0.00284818088 -0.00383392689 0.00289397722
v 0.00291969736 -0.00386014653 0.00298075029
v 0.00273132664 -0.00386854736 0.00293277608
f 4447 4449 4448
v 0.00284818088 -0.00383392689 0.00289397722
v 0.00273132664 -0.00386854736 0.00293277608
v 0.00280245386 -0.00382614016 0.00288459214
f 4450 4452 4451
v 0.00251236834 -0.00393959126 0.00337455931
v 0.0024981864 -0.00392407601 0.00308050876
v 0.0024911782 -0.00391652065 0.00329832001
f 4453 4455 4454
v 0.00285027745 -0.00383137594 0.00284804155
v 0.00284818088 -0.00383392689 0.00289397722
v 0.00280245386 -0.00382614016 0.00288459214
f 4456 4458 4457
v 0.00284128255 -0.0037365935 0.00260095003
v 0.00286390605 -0.0037738042 0.00268879649
v 0.00269740212 -0.00374939773 0.00264226073
f 4459 4461 4460
v 0.00284128255 -0.0037365935 0.00260095003
v 0.00269740212 -0.00374939773 0.00264226073
v 0.00279694596 -0.00372255527 0.00259038952
f 4462 4464 4463
v 0.00270494293 -0.0036918871 0.00266759362
v 0.00284128255 -0.0037365935 0.00260095003
v 0.00279694596 -0.00372255527 0.00259038952
f 4465 4467 4466
v 0.0027943106 -0.00377600591 0.00274062495
v 0.00286390605 -0.0037738042 0.00268879649
v 0.00284277157 -0.00378736222 0.00275092953
f 4468 4470 4469
v 0.00280245386 -0.00382614016 0.00288459214
v 0.00276734736 -0.00376813914 0.00284612688
v 0.00284818088 -0.00383392689 0.00289397722
f 4471 4473 4472
v 0.00276734736 -0.00376813914 0.00284612688
v 0.00291969736 -0.00386014653 0.00298075029
v 0.00284818088 -0.00383392689 0.00289397722
f 4474 4476 4475
v 0.0027943106 -0.00377600591 0.00274062495
v 0.00284277157 -0.00378736222 0.00275092953
v 0.00285027745 -0.00383137594 0.00284804155
f 4477 4479 4478
v 0.0027943106 -0.00377600591 0.00274062495
v 0.00285027745 -0.00383137594 0.00284804155
v 0.00273132664 -0.00386854736 0.00293277608
f 4480 4482 4481
v 0.00279939359 -0.00386283427 0.00303305442
v 0.00285360729 -0.00387074033 0.00304387304
v 0.00291969736 -0.00386014653 0.00298075029
f 4483 4485 4484
v 0.00285360729 -0.00387074033 0.00304387304
v 0.00279939359 -0.00386283427 0.00303305442
v 0.00273132664 -0.00386854736 0.00293277608
f 4486 4488 4487
v 0.00285360729 -0.00387074033 0.00304387304
v 0.00273132664 -0.00386854736 0.00293277608
v 0.00291969736 -0.00386014653 0.00298075029
f 4489 4491 4490
v 0.00363264953 -0.00499721427 0.00155985563
v 0.00512313818 -0.00458329814 0.00183637512
v 0.00511360158 -0.0046167952 0.00188344293
f 4492 4494 4493
v 0.00363264953 -0.00499721427 0.00155985563
v 0.00511360158 -0.0046167952 0.00188344293
v 0.00503510419 -0.00466694837 0.00206551467
f 4495 4497 4496
v 0.00268870845 -0.00386377142 0.00310729556
v 0.00282996498 -0.00389507259 0.00311915246
v 0.00255282703 -0.00377970064 0.00304507921
f 4498 4500 4499
v 0.00396838259 -0.00418856143 0.00239054843
v 0.0049498678 -0.00391841531 0.000628196312
v 0.0039369279 -0.00415468749 0.00233851879
f 4501 4503 4502
v 0.00466558995 -0.00452496824 0.00234779964
v 0.00470391969 -0.0045200075 0.00229831658
v 0.00470226223 -0.00453630128 0.0023446466
f 4504 4506 4505
v 0.00466558995 -0.00452496824 0.00234779964
v 0.00456586786 -0.00446903068 0.00238195589
v 0.00451958695 -0.00446378472 0.00237350632
f 4507 4509 4508
v 0.00466558995 -0.00452496824 0.00234779964
v 0.00466554557 -0.00452355671 0.0022883507
v 0.00470391969 -0.0045200075 0.00229831658
f 4510 4512 4511
v 0.00417945776 -0.0043274973 0.00236582418
v 0.00447622879 -0.0044594497 0.00239448109
v 0.00441983648 -0.00441172378 0.00238533157
f 4513 4515 4514
v 0.00512313818 -0.00458329814 0.00183637512
v 0.00511360158 -0.0046167952 0.00188344293
v 0.00524884708 -0.00445678816 0.00147009168
f 4516 4518 4517
v 0.00483781369 -0.0045930974 0.0022487302
v 0.00475109446 -0.00452902677 0.00228355875
v 0.00363264953 -0.00499721427 0.00155985563
f 4519 4521 4520
v 0.00363264953 -0.00499721427 0.00155985563
v 0.00503510419 -0.00466694837 0.00206551467
v 0.004899345 -0.00465452395 0.00216807402
f 4522 4524 4523
v 0.00363264953 -0.00499721427 0.00155985563
v 0.00470391969 -0.0045200075 0.00229831658
v 0.00466554557 -0.00452355671 0.0022883507
f 4525 4527 4526
v 0.004899345 -0.00465452395 0.00216807402
v 0.00498057379 -0.00465925332 0.00216142453
v 0.00492432337 -0.00460323863 0.00225054391
f 4528 4530 4529
v 0.00444148682 -0.00439438954 0.00236760698
v 0.00441983648 -0.00441172378 0.00238533157
v 0.00441572702 -0.00442635719 0.00241436974
f 4531 4533 4532
v 0.00444148682 -0.00439438954 0.00236760698
v 0.00441572702 -0.00442635719 0.00241436974
v 0.00447622879 -0.0044594497 0.00239448109
f 4534 4536 4535
v 0.00251236834 -0.00393959126 0.00337455931
v 0.00230108526 -0.00386231186 0.0033939632
v 0.00233680912 -0.00392365255 0.00345006847
f 4537 4539 4538
v 0.00251236834 -0.00393959126 0.00337455931
v 0.00233680912 -0.00392365255 0.00345006847
v 0.00238421453 -0.00392870643 0.00346190827
f 4540 4542 4541
v 0.00238421453 -0.00392870643 0.00346190827
v 0.00233680912 -0.00392365255 0.00345006847
v 0.0024981864 -0.00392407601 0.00308050876
f 4543 4545 4544
v 0.00238421453 -0.00392870643 0.00346190827
v 0.0024981864 -0.00392407601 0.00308050876
v 0.00251236834 -0.00393959126 0.00337455931
f 4546 4548 4547
v -0.00147083283 -0.00377033357 0.00337395286
v -0.00134078009 -0.0037366648 0.0034071687
v -0.00137705119 -0.0037793674 0.00336722333
f 4549 4551 4550
v -0.00147083283 -0.00377033357 0.00337395286
v -0.00137705119 -0.0037793674 0.00336722333
v -0.00142956014 -0.00380071215 0.00336353951
f 4552 4554 4553
v -0.00136625649 -0.00369106201 0.00319863793
v -0.00155896014 -0.0041219384 0.00334393881
v -0.00121516441 -0.00374120646 0.0033883327
f 4555 4557 4556
v -0.00136625649 -0.00369106201 0.00319863793
v -0.00142956014 -0.00380071215 0.00336353951
v -0.00137705119 -0.0037793674 0.00336722333
f 4558 4560 4559
v -0.00155896014 -0.0041219384 0.00334393881
v -0.00137705119 -0.0037793674 0.00336722333
v -0.00142956014 -0.00380071215 0.00336353951
f 4561 4563 4562
v -0.00447301463 -0.00486119097 0.000702993475
v -0.00443698918 -0.00492236286 0.000682690688
v -0.00439775649 -0.00483719487 0.00071942427
f 4564 4566 4565
v -0.00447301463 -0.00486119097 0.000702993475
v -0.00439775649 -0.00483719487 0.00071942427
v -0.00442672572 -0.00480339804 0.000729697922
f 4567 4569 4568
v -0.0021020116 -0.00398124321 0.00322693741
v -0.00142956014 -0.00380071215 0.00336353951
v -0.00147083283 -0.00377033357 0.00337395286
f 4570 4572 4571
v -0.00274976755 -0.00387900582 0.00284312155
v -0.00275438579 -0.00396281321 0.0029042747
v -0.0021020116 -0.00398124321 0.00322693741
f 4573 4575 4574
v 0.00414603564 -0.00330390249 -0.00396416399
v 0.0041134088 -0.00330382973 -0.00398350967
v 0.00411050787 -0.00329057293 -0.00388241642
f 4576 4578 4577
v 0.00414603564 -0.00330390249 -0.00396416399
v 0.00411050787 -0.00329057293 -0.00388241642
v 0.00421145596 -0.0033652912 -0.00390040695
f 4579 4581 4580
v -0.00439775649 -0.00483719487 0.00071942427
v -0.0044370001 -0.00492244726 0.000682919062
v -0.00441071061 -0.00496407738 0.000669313567
f 4582 4584 4583
v 0.0041134088 -0.00330382973 -0.00398350967
v 0.00414603564 -0.00330390249 -0.00396416399
v 0.00401743528 -0.00318525344 -0.0040614359
f 4585 4587 4586
v 0.0043840515 -0.00353167925 -0.00369485679
v 0.00336243029 -0.00487764264 -0.00433794739
v 0.00442062374 -0.00349946567 -0.00371293318
f 4588 4590 4589
v 0.0043840515 -0.00353167925 -0.00369485679
v 0.00442062374 -0.00349946567 -0.00371293318
v 0.00441758384 -0.00352750139 -0.00367896209
f 4591 4593 4592
v 0.0053572141 -0.00394989984 -0.0028614164
v 0.00336243029 -0.00487764264 -0.00433794739
v 0.0043840515 -0.00353167925 -0.00369485679
f 4594 4596 4595
v 0.0053572141 -0.00394989984 -0.0028614164
v 0.0043840515 -0.00353167925 -0.00369485679
v 0.00441758384 -0.00352750139 -0.00367896209
f 4597 4599 4598
v 0.00336243029 -0.00487764264 -0.00433794739
v 0.00433224341 -0.00346574016 -0.00376770367
v 0.00437807466 -0.00346027882 -0.00374357805
f 4600 4602 4601
v 0.00336243029 -0.00487764264 -0.00433794739
v 0.00437807466 -0.00346027882 -0.00374357805
v 0.00442062374 -0.00349946567 -0.00371293318
f 4603 4605 4604
v 0.0044545217 -0.00348091344 -0.00368786386
v 0.00434348549 -0.00348148242 -0.00369392292
v 0.00441758384 -0.00352750139 -0.00367896209
f 4606 4608 4607
v 0.0044545217 -0.00348091344 -0.00368786386
v 0.00441758384 -0.00352750139 -0.00367896209
v 0.00446292324 -0.00352766147 -0.00366475324
f 4609 4611 4610
v 0.00430039581 -0.00339509206 -0.00381456121
v 0.00421145596 -0.0033652912 -0.00390040695
v 0.00432642337 -0.00334179858 -0.00383789447
f 4612 4614 4613
v 0.00430039581 -0.00339509206 -0.00381456121
v 0.00432642337 -0.00334179858 -0.00383789447
v 0.0043416745 -0.00339071339 -0.00379542871
f 4615 4617 4616
v 0.00430039581 -0.00339509206 -0.00381456121
v 0.0043416745 -0.00339071339 -0.00379542871
v 0.00436434202 -0.00343095817 -0.00377273245
f 4618 4620 4619
v 0.00430039581 -0.00339509206 -0.00381456121
v 0.00436434202 -0.00343095817 -0.00377273245
v 0.00427153427 -0.00346263478 -0.00383960905
f 4621 4623 4622
v 0.00433224341 -0.00346574016 -0.00376770367
v 0.00427153427 -0.00346263478 -0.00383960905
v 0.00436434202 -0.00343095817 -0.00377273245
f 4624 4626 4625
v 0.00433224341 -0.00346574016 -0.00376770367
v 0.00436434202 -0.00343095817 -0.00377273245
v 0.00437807466 -0.00346027882 -0.00374357805
f 4627 4629 4628
v 0.00430039581 -0.00339509206 -0.00381456121
v 0.0043416745 -0.00339071339 -0.00379542871
v 0.00411050787 -0.00329057293 -0.00388241642
f 4630 4632 4631
v 0.00429038919 -0.00345924709 -0.0037771475
v 0.00433224341 -0.00346574016 -0.00376770367
v 0.00377789365 -0.00324803332 -0.00398303819
f 4633 4635 4634
v 0.00377789365 -0.00324803332 -0.00398303819
v 0.00437807466 -0.00346027882 -0.00374357805
v 0.00436434202 -0.00343095817 -0.00377273245
f 4636 4638 4637
v 0.00377789365 -0.00324803332 -0.00398303819
v 0.00436434202 -0.00343095817 -0.00377273245
v 0.0043416745 -0.00339071339 -0.00379542871
f 4639 4641 4640
v 0.00388743829 -0.00323389759 -0.0042638545
v 0.00388726003 -0.00328831884 -0.00426849219
v 0.00384283157 -0.00327264206 -0.00424871869
f 4642 4644 4643
v 0.00388726003 -0.00328831884 -0.00426849219
v 0.00389603701 -0.00329117975 -0.00423804595
v 0.00384283157 -0.00327264206 -0.00424871869
f 4645 4647 4646
v 0.00384283157 -0.00327264206 -0.00424871869
v 0.00397818185 -0.00321001644 -0.00410610446
v 0.00399573546 -0.00317222366 -0.00404518432
f 4648 4650 4649
v 0.00384283157 -0.00327264206 -0.00424871869
v 0.00389603701 -0.00329117975 -0.00423804595
v 0.00388726003 -0.00328831884 -0.00426849219
f 4651 4653 4652
v 0.00391188551 -0.00321993211 -0.00422491612
v 0.00388743829 -0.00323389759 -0.0042638545
v 0.00384283157 -0.00327264206 -0.00424871869
f 4654 4656 4655
v 0.00391188551 -0.00321993211 -0.00422491612
v 0.00384283157 -0.00327264206 -0.00424871869
v 0.00392105685 -0.00322021879 -0.00418828895
f 4657 4659 4658
v 0.00394076887 -0.00328534297 -0.00418938871
v 0.00388726003 -0.00328831884 -0.00426849219
v 0.00388743829 -0.00323389759 -0.0042638545
f 4660 4662 4661
v 0.00394076887 -0.00328534297 -0.00418938871
v 0.00388743829 -0.00323389759 -0.0042638545
v 0.00391188551 -0.00321993211 -0.00422491612
f 4663 4665 4664
v 0.00381243553 -0.00337364108 -0.00439687174
v 0.00292008317 -0.00412728332 -0.0054027365
v 0.00377789365 -0.00324803332 -0.00398303819
f 4666 4668 4667
v 0.00381243553 -0.00337364108 -0.00439687174
v 0.00377789365 -0.00324803332 -0.00398303819
v 0.0038191949 -0.00336870507 -0.0043501499
f 4669 4671 4670
v -0.00150410651 -0.00142866556 -0.00562890673
v -0.00057293646 -0.00220711881 -0.00628120542
v -0.00149660445 -0.00146098682 -0.00561558809
f 4672 4674 4673
v -0.00150410651 -0.00142866556 -0.00562890673
v -0.00149660445 -0.00146098682 -0.00561558809
v -0.00152343891 -0.00143917496 -0.00560677836
f 4675 4677 4676
v -0.00057293646 -0.00220711881 -0.00628120542
v -0.00200312079 -0.00146405146 -0.00542809466
v -0.00152343891 -0.00143917496 -0.00560677836
f 4678 4680 4679
v -0.00057293646 -0.00220711881 -0.00628120542
v -0.00152343891 -0.00143917496 -0.00560677836
v -0.00149660445 -0.00146098682 -0.00561558809
f 4681 4683 4682
v -0.000396856876 -0.00168219485 -0.00592270189
v -0.00113308206 -0.00143283323 -0.00583344336
v -0.00118124271 -0.00145024751 -0.00580929227
f 4684 4686 4685
v -0.000396856876 -0.00168219485 -0.00592270189
v -0.00118124271 -0.00145024751 -0.00580929227
v -0.00120041623 -0.00145915037 -0.00577667124
f 4687 4689 4688
v -0.00118124271 -0.00145024751 -0.00580929227
v -0.00057293646 -0.00220711881 -0.00628120542
v -0.00116960009 -0.00149657935 -0.00579740627
f 4690 4692 4691
v -0.00118124271 -0.00145024751 -0.00580929227
v -0.00116960009 -0.00149657935 -0.00579740627
v -0.00120041623 -0.00145915037 -0.00577667124
f 4693 4695 4694
v -0.00057293646 -0.00220711881 -0.00628120542
v -0.00118124271 -0.00145024751 -0.00580929227
v -0.00113308206 -0.00143283323 -0.00583344336
f 4696 4698 4697
v -0.00057293646 -0.00220711881 -0.00628120542
v -0.00113308206 -0.00143283323 -0.00583344336
v -0.00109463635 -0.00146642778 -0.00584937407
f 4699 4701 4700
v -0.000719038007 -0.00154329391 -0.00601983447
v -0.00057293646 -0.00220711881 -0.00628120542
v -0.000704152762 -0.00158724361 -0.00602114706
f 4702 4704 4703
v -0.000719038007 -0.00154329391 -0.00601983447
v -0.000704152762 -0.00158724361 -0.00602114706
v -0.000738167864 -0.00155894741 -0.00600375461
f 4705 4707 4706
v -0.00057293646 -0.00220711881 -0.00628120542
v -0.0014565092 -0.00143309517 -0.00563570102
v -0.00130857679 -0.00145919112 -0.00570969169
f 4708 4710 4709
v -0.00057293646 -0.00220711881 -0.00628120542
v -0.00130857679 -0.00145919112 -0.00570969169
v -0.00127639341 -0.00147877508 -0.00571514065
f 4711 4713 4712
v -0.00105746394 -0.0015049598 -0.00586982678
v -0.00109463635 -0.00146642778 -0.00584937407
v -0.000922364688 -0.00155382513 -0.00595183919
f 4714 4716 4715
v -0.0012830571 -0.00142996796 -0.00573428151
v -0.00057293646 -0.00220711881 -0.00628120542
v -0.00127639341 -0.00147877508 -0.00571514065
f 4717 4719 4718
v -0.0012830571 -0.00142996796 -0.00573428151
v -0.00127639341 -0.00147877508 -0.00571514065
v -0.00130857679 -0.00145919112 -0.00570969169
f 4720 4722 4721
v 0.000358955549 -0.00263999755 -0.0066145898
v 0.000475817569 -0.00384526284 -0.0066418419
v -0.00057293646 -0.00220711881 -0.00628120542
f 4723 4725 4724
v 0.000358955549 -0.00263999755 -0.0066145898
v -0.00057293646 -0.00220711881 -0.00628120542
v 0.000363614981 -0.00263403708 -0.00659687648
f 4726 4728 4727
v -0.000559447062 -0.00150787464 -0.00605164932
v -0.000396856876 -0.00168219485 -0.00592270189
v -0.000294213464 -0.00168882179 -0.00616840262
f 4729 4731 4730
v 0.00037586808 -0.00221229348 -0.00653402603
v 0.000580131109 -0.00188729828 -0.00594587218
v 0.000387285127 -0.00214925021 -0.00654308533
f 4732 4734 4733
v 0.000275172147 -0.00217451234 -0.00647620254
v 0.000247551156 -0.00213049279 -0.00646014814
v 0.00026850355 -0.00216285334 -0.00650325092
f 4735 4737 4736
v 0.00552661586 -0.00454812907 0.000976891624
v 0.00549355282 -0.00447986749 0.000949816422
v 0.00550964905 -0.0044517139 0.000887184524
f 4738 4740 4739
v 0.00552661586 -0.00454812907 0.000976891624
v 0.00550964905 -0.0044517139 0.000887184524
v 0.00551264384 -0.00447049315 0.000839890981
f 4741 4743 4742
v -0.00152343891 -0.00143917496 -0.00560677836
v -0.00200312079 -0.00146405146 -0.00542809466
v -0.00129280279 -0.00147321916 -0.00565575137
f 4744 4746 4745
v -0.0054875989 -0.00434959802 -0.00393235787
v -0.00483729345 -0.00338323152 -0.00435999209
v -0.00483647345 -0.00338080281 -0.00436789924
f 4747 4749 4748
v -0.00531105579 -0.00285799943 -0.00348401336
v -0.00370669113 -0.0019157922 -0.00454477886
v -0.00483729345 -0.00338323152 -0.00435999209
f 4750 4752 4751
v 0.00552661586 -0.00454812907 0.000976891624
v 0.00557117455 -0.00439942887 0.000650272659
v 0.00549355282 -0.00447986749 0.000949816422
f 4753 4755 4754
v 0.00566231465 -0.00430493019 0.000247214825
v 0.0056153789 -0.00426788538 0.000319727747
v 0.00560153203 -0.00428566345 0.000385845715
f 4756 4758 4757
v 0.00566231465 -0.00430493019 0.000247214825
v 0.00560153203 -0.00428566345 0.000385845715
v 0.00561691195 -0.00431486042 0.000463606011
f 4759 4761 4760
v 0.00560153203 -0.00428566345 0.000385845715
v 0.0049498678 -0.00391841531 0.000628196312
v 0.00560296176 -0.00428035637 0.000268420376
f 4762 4764 4763
v 0.00567120369 -0.00421192599 -0.000195538337
v 0.0056939054 -0.00424799 1.33193666e-05
v 0.00568464311 -0.0042698106 8.49544392e-05
f 4765 4767 4766
v 0.00567120369 -0.00421192599 -0.000195538337
v 0.00568464311 -0.0042698106 8.49544392e-05
v 0.00560296176 -0.00428035637 0.000268420376
f 4768 4770 4769
v 0.00557117455 -0.00439942887 0.000650272659
v 0.00556013983 -0.00418791096 0.000476044124
v 0.00542034068 -0.00447075363 0.00116291867
f 4771 4773 4772
v 0.0057187819 -0.00431816516 8.25248151e-05
v 0.0056939054 -0.00424799 1.33193666e-05
v 0.00570332195 -0.00423769598 -5.48920013e-05
f 4774 4776 4775
v 0.00540522087 -0.0034736564 -0.000457139458
v 0.00574439327 -0.00425327962 -0.000365178562
v 0.00566770977 -0.00431440931 -0.000582006533
f 4777 4779 4778
v 0.00540522087 -0.0034736564 -0.000457139458
v 0.00582974026 -0.00443907411 -0.00079192223
v 0.00580426567 -0.00443366225 -0.000806507796
f 4780 4782 4781
v 0.00472891988 -0.00507165751 -0.00145903641
v 0.0057726782 -0.00436413029 -0.00197443005
v 0.00576408456 -0.00440392105 -0.00192136067
f 4783 4785 4784
v 0.0057726782 -0.00436413029 -0.00197443005
v 0.00577510255 -0.00437758936 -0.00192221414
v 0.00576408456 -0.00440392105 -0.00192136067
f 4786 4788 4787
v 0.0057187819 -0.00431816516 8.25248151e-05
v 0.00572883946 -0.00422945377 -0.000122625704
v 0.0056939054 -0.00424799 1.33193666e-05
f 4789 4791 4790
v -0.00485956516 -0.0046469504 0.000730008151
v -0.00445748847 -0.0050380113 0.000637268795
v -0.00441071061 -0.00496407738 0.000669313567
f 4792 4794 4793
v -0.00485956516 -0.0046469504 0.000730008151
v -0.00441071061 -0.00496407738 0.000669313567
v -0.00443698918 -0.00492236286 0.000682690688
f 4795 4797 4796
v 0.00524884708 -0.00445678816 0.00147009168
v 0.00537483393 -0.0044850829 0.00124247017
v 0.0053916523 -0.00445640835 0.00119036731
f 4798 4800 4799
v 0.00524884708 -0.00445678816 0.00147009168
v 0.0053916523 -0.00445640835 0.00119036731
v 0.0049498678 -0.00391841531 0.000628196312
f 4801 4803 4802
v 0.00523061935 -0.00451200103 0.00144890282
v 0.00539597058 -0.00446881531 0.00111692807
v 0.0053916523 -0.00445640835 0.00119036731
f 4804 4806 4805
v 0.00523061935 -0.00451200103 0.00144890282
v 0.0053916523 -0.00445640835 0.00119036731
v 0.00537483393 -0.0044850829 0.00124247017
f 4807 4809 4808
v 0.00539597058 -0.00446881531 0.00111692807
v 0.00537483393 -0.0044850829 0.00124247017
v 0.0053916523 -0.00445640835 0.00119036731
f 4810 4812 4811
v 0.0018835839 -0.074945786 0.00411546134
v 0.00181935065 -0.0749859842 0.00412548834
v 0.00190026767 -0.0750131556 0.00402119549
f 4813 4815 4814
v 0.0018835839 -0.074945786 0.00411546134
v 0.00190026767 -0.0750131556 0.00402119549
v 0.00192021944 -0.0750096107 0.00411068941
f 4816 4818 4817
v -0.00525739088 -0.0651333656 0.00180375555
v -0.00407786101 -0.0650336326 -0.000144791181
v -0.00439527721 -0.0686997315 0.00266293591
f 4819 4821 4820
v 0.00156098049 -0.0749701227 0.00418495219
v 0.00181935065 -0.0749859842 0.00412548834
v 0.00162206325 -0.0747247715 0.00425318613
f 4822 4824 4823
v 0.00197433546 -0.0749942497 0.00409929198
v 0.00190026767 -0.0750131556 0.00402119549
v 0.00215433593 -0.0749523635 0.00404553757
f 4825 4827 4826
v 0.00197433546 -0.0749942497 0.00409929198
v 0.00215433593 -0.0749523635 0.00404553757
v 0.00215351592 -0.0749451865 0.00406718718
f 4828 4830 4829
v 0.00430275468 -0.0751463464 0.00274628565
v 0.00396263749 -0.075699226 0.000639212749
v 0.00428010171 -0.0751923944 0.00275979528
f 4831 4833 4832
v 0.00430275468 -0.0751463464 0.00274628565
v 0.00428010171 -0.0751923944 0.00275979528
v 0.00429910942 -0.0751454209 0.00277735417
f 4834 4836 4835
v 0.00140324155 -0.0749788596 0.00421079822
v 0.00139994227 -0.0749788538 0.00423649726
v -0.000852658923 -0.0749542844 0.00426516526
f 4837 4839 4838
v -0.000852658923 -0.0749542844 0.00426516526
v 0.00139994227 -0.0749788538 0.00423649726
v 0.00162206325 -0.0747247715 0.00425318613
f 4840 4842 4841
v -0.00237923086 -0.0733944296 0.000941604958
v -0.00230800651 -0.0733074674 0.000740614269
v -0.00229440357 -0.0733203196 0.000740071164
f 4843 4845 4844
v 0.00396263749 -0.075699226 0.000639212749
v 0.00430275468 -0.0751463464 0.00274628565
v 0.00429910942 -0.0751454209 0.00277735417
f 4846 4848 4847
v 0.00396263749 -0.075699226 0.000639212749
v 0.00429910942 -0.0751454209 0.00277735417
v 0.00381534155 -0.0748826715 0.0035335961
f 4849 4851 4850
v 0.002756506 -0.0761517324 -0.000671692533
v 0.00318801394 -0.074645289 -0.00138137975
v 0.00396263749 -0.075699226 0.000639212749
f 4852 4854 4853
