# FlyGym 1.2.1 STL; B(x,y,z)=(x,z,y); winding reversed
v -0.00167805956 -0.0403448794 0.00159327446
v -0.00195105749 -0.0382527796 0.000377282163
v -0.00234063154 -0.0423673278 -0.000668924804
f 1 3 2
v -0.00195105749 -0.0382527796 0.000377282163
v -0.00142163472 -0.0373356015 -0.00297615443
v -0.00177533348 -0.0404668652 -0.0028065293
f 4 6 5
v -0.00532693957 -0.0687884341 -0.00238576522
v -0.00463604993 -0.0692473899 -0.000823024311
v -0.00563710055 -0.068261259 -0.00177414367
f 7 9 8
v -0.00532693957 -0.0687884341 -0.00238576522
v -0.00563710055 -0.068261259 -0.00177414367
v -0.00518800844 -0.0675725809 -0.00301879845
f 10 12 11
v -0.00438268871 -0.0687680265 0.00130896005
v -0.00463604993 -0.0692473899 -0.000823024311
v -0.00562187997 -0.070523232 0.00055715368
f 13 15 14
v -0.0048883001 -0.0716103648 -0.000842755981
v -0.00328319729 -0.0708320236 -0.00176095346
v -0.00408556007 -0.0727621198 -0.000291440733
f 16 18 17
v -0.00463604993 -0.0692473899 -0.000823024311
v -0.00328319729 -0.0708320236 -0.00176095346
v -0.0048883001 -0.0716103648 -0.000842755981
f 19 21 20
v -0.00332237905 -0.0732421991 -0.00126731611
v -0.0018013865 -0.0717665593 -0.00313826167
v -0.0018954901 -0.0743039651 -0.00199074711
f 22 24 23
v -0.00532693957 -0.0687884341 -0.00238576522
v -0.0021019725 -0.0693210575 -0.00467612153
v -0.00384296909 -0.0697561598 -0.00256499206
f 25 27 26
v -0.0021019725 -0.0693210575 -0.00467612153
v -0.000148018296 -0.0719240692 -0.00367533539
v -0.0018013865 -0.0717665593 -0.00313826167
f 28 30 29
v -0.0018013865 -0.0717665593 -0.00313826167
v -0.00328319729 -0.0708320236 -0.00176095346
v -0.00384296909 -0.0697561598 -0.00256499206
f 31 33 32
v -0.00384296909 -0.0697561598 -0.00256499206
v -0.00328319729 -0.0708320236 -0.00176095346
v -0.00463604993 -0.0692473899 -0.000823024311
f 34 36 35
v -0.0018013865 -0.0717665593 -0.00313826167
v -0.000148018296 -0.0719240692 -0.00367533539
v -0.000454049587 -0.0736523361 -0.00249838722
f 37 39 38
v 0.00167573889 -0.0720141747 -0.00232119874
v 0.000814359191 -0.0730204454 -0.00242933274
v -0.000148018296 -0.0719240692 -0.00367533539
f 40 42 41
v -0.00355620432 -0.0708410575 0.00169711529
v -0.00438268871 -0.0687680265 0.00130896005
v -0.00562187997 -0.070523232 0.00055715368
f 43 45 44
v -0.00108805643 -0.0730394851 0.00101247542
v -0.00212701925 -0.0726910832 0.00188205868
v -0.00358547841 -0.0735973706 0.000370484508
f 46 48 47
v -0.00141459959 -0.0715771283 0.0026707341
v -0.000974100294 -0.0716496317 0.00270452365
v -0.00106015141 -0.0709122338 0.00272355901
f 49 51 50
v -0.00106015141 -0.0709122338 0.00272355901
v -0.00355620432 -0.0708410575 0.00169711529
v -0.00243371851 -0.0715386996 0.00244061466
f 52 54 53
v -0.00243371851 -0.0715386996 0.00244061466
v -0.00355620432 -0.0708410575 0.00169711529
v -0.00362911524 -0.0726299884 0.00162554661
f 55 57 56
v -0.00207701214 -0.0653927505 0.00207980229
v -0.003164605 -0.067215407 0.00163770965
v 0.000784387703 -0.0677358301 0.00315754369
f 58 60 59
v 0.00136347035 -0.0717749179 0.00104324281
v 0.000563844151 -0.0717998599 0.00206559071
v 0.000741050826 -0.0728362415 -0.00113127562
f 61 63 62
v 0.000563844151 -0.0717998599 0.00206559071
v 0.00123861037 -0.0709001499 0.00155018151
v -0.00106015141 -0.0709122338 0.00272355901
f 64 66 65
v 0.00123861037 -0.0709001499 0.00155018151
v 0.00136347035 -0.0717749179 0.00104324281
v 0.00191532599 -0.0717019022 -0.00101864325
f 67 69 68
v 0.00191532599 -0.0717019022 -0.00101864325
v 0.00259482676 -0.0692465052 0.000218308674
v 0.00123861037 -0.0709001499 0.00155018151
f 70 72 71
v 0.00152652319 -0.0700890378 0.00210394737
v 0.000293990524 -0.0690677261 0.00293757294
v -0.00106015141 -0.0709122338 0.00272355901
f 73 75 74
v -0.00355620432 -0.0708410575 0.00169711529
v -0.00522210576 -0.0721568998 0.000371192095
v -0.00362911524 -0.0726299884 0.00162554661
f 76 78 77
v -0.00562187997 -0.070523232 0.00055715368
v -0.00463604993 -0.0692473899 -0.000823024311
v -0.0048883001 -0.0716103648 -0.000842755981
f 79 81 80
v 0.000563844151 -0.0717998599 0.00206559071
v -0.00212701925 -0.0726910832 0.00188205868
v -0.00108805643 -0.0730394851 0.00101247542
f 82 84 83
v -0.00212701925 -0.0726910832 0.00188205868
v 0.000563844151 -0.0717998599 0.00206559071
v -0.000974100294 -0.0716496317 0.00270452365
f 85 87 86
v -0.00113060414 -0.0535630621 -0.00537087908
v 0.00119456581 -0.0515673077 -0.00557577805
v 0.00146261709 -0.0534532417 -0.00548373428
f 88 90 89
v -0.00113060414 -0.0535630621 -0.00537087908
v 0.00146261709 -0.0534532417 -0.00548373428
v -0.000543737224 -0.0554168713 -0.0054775941
f 91 93 92
v -0.00419425451 -0.0654751959 0.000209892619
v -0.00480152667 -0.0636155426 -0.000938420635
v -0.00549815522 -0.0665751344 -0.000679794766
f 94 96 95
v -0.00207701214 -0.0653927505 0.00207980229
v -0.00341073828 -0.0632500101 0.00157653812
v -0.00419425451 -0.0654751959 0.000209892619
f 97 99 98
v -0.0048006561 -0.0632455747 -0.00179051785
v -0.00409455388 -0.0647035253 -0.00366932727
v -0.00518800844 -0.0675725809 -0.00301879845
f 100 102 101
v -0.00468322869 -0.0617241254 -0.000232551474
v -0.0048006561 -0.0632455747 -0.00179051785
v -0.00480152667 -0.0636155426 -0.000938420635
f 103 105 104
v -0.00361307139 -0.0625018787 0.00230476653
v -0.00468322869 -0.0617241254 -0.000232551474
v -0.00480152667 -0.0636155426 -0.000938420635
f 106 108 107
v -0.00341073828 -0.0632500101 0.00157653812
v -0.00480152667 -0.0636155426 -0.000938420635
v -0.00419425451 -0.0654751959 0.000209892619
f 109 111 110
v -0.00350929367 -0.0609522511 -0.00386116117
v -0.000938575067 -0.061391847 -0.00521325346
v -0.00213924941 -0.0632205454 -0.00500389942
f 112 114 113
v -0.00468322869 -0.0617241254 -0.000232551474
v -0.00350929367 -0.0609522511 -0.00386116117
v -0.0048006561 -0.0632455747 -0.00179051785
f 115 117 116
v -0.00409455388 -0.0647035253 -0.00366932727
v -0.0048006561 -0.0632455747 -0.00179051785
v -0.00350929367 -0.0609522511 -0.00386116117
f 118 120 119
v -0.00468322869 -0.0617241254 -0.000232551474
v -0.00423085803 -0.0580890395 -0.00130828939
v -0.00332758027 -0.0565447262 -0.00379978519
f 121 123 122
v -0.00518800844 -0.0675725809 -0.00301879845
v -0.00387478758 -0.0673242379 -0.00428287021
v -0.00532693957 -0.0687884341 -0.00238576522
f 124 126 125
v -0.00532693957 -0.0687884341 -0.00238576522
v -0.00387478758 -0.0673242379 -0.00428287021
v -0.0021019725 -0.0693210575 -0.00467612153
f 127 129 128
v -0.00409455388 -0.0647035253 -0.00366932727
v -0.00109539906 -0.0658509147 -0.00516724358
v -0.00387478758 -0.0673242379 -0.00428287021
f 130 132 131
v -0.00409455388 -0.0647035253 -0.00366932727
v -0.00213924941 -0.0632205454 -0.00500389942
v -0.00109539906 -0.0658509147 -0.00516724358
f 133 135 134
v -0.00109539906 -0.0658509147 -0.00516724358
v 0.000806882053 -0.0652815972 -0.00460647134
v -0.000201155717 -0.0697396405 -0.00451437991
f 136 138 137
v -0.000148018296 -0.0719240692 -0.00367533539
v 0.00134299125 -0.0688365137 -0.0037245336
v 0.00167573889 -0.0720141747 -0.00232119874
f 139 141 140
v -0.00207701214 -0.0653927505 0.00207980229
v -0.00419425451 -0.0654751959 0.000209892619
v -0.003164605 -0.067215407 0.00163770965
f 142 144 143
v 0.00259482676 -0.0692465052 0.000218308674
v 0.00238816901 -0.0699124415 -0.00165613874
v 0.00293148532 -0.0665644766 -0.000984200778
f 145 147 146
v 0.00247279349 -0.065882405 -0.00259672579
v 0.00293148532 -0.0665644766 -0.000984200778
v 0.00238816901 -0.0699124415 -0.00165613874
f 148 150 149
v 0.00395712013 -0.065444439 -2.26920918e-05
v 0.00319701758 -0.065478374 0.00165342772
v 0.00231717277 -0.0667559972 0.00172917044
f 151 153 152
v -0.00213924941 -0.0632205454 -0.00500389942
v -0.000938575067 -0.061391847 -0.00521325346
v -0.00109539906 -0.0658509147 -0.00516724358
f 154 156 155
v 0.00131128127 -0.0638215977 -0.00414226633
v 0.000806882053 -0.0652815972 -0.00460647134
v -0.000938575067 -0.061391847 -0.00521325346
f 157 159 158
v 0.00337436541 -0.0635723642 -0.000822207767
v 0.00131128127 -0.0638215977 -0.00414226633
v 0.00230729311 -0.0626481662 -0.00320099134
f 160 162 161
v -0.000938575067 -0.061391847 -0.00521325346
v 0.000792026276 -0.0600045722 -0.00496948924
v 0.00131128127 -0.0638215977 -0.00414226633
f 163 165 164
v 0.00269182183 -0.0596798374 -0.00319365718
v 0.00230729311 -0.0626481662 -0.00320099134
v 0.000792026276 -0.0600045722 -0.00496948924
f 166 168 167
v 0.00337436541 -0.0635723642 -0.000822207767
v 0.00230729311 -0.0626481662 -0.00320099134
v 0.00350511691 -0.0617833633 -0.000392496122
f 169 171 170
v 0.00336202938 -0.058206328 -0.00206893837
v 0.00350511691 -0.0617833633 -0.000392496122
v 0.00230729311 -0.0626481662 -0.00320099134
f 172 174 173
v 0.00336202938 -0.058206328 -0.00206893837
v 0.00230729311 -0.0626481662 -0.00320099134
v 0.00269182183 -0.0596798374 -0.00319365718
f 175 177 176
v 0.00131128127 -0.0638215977 -0.00414226633
v 0.00293148532 -0.0665644766 -0.000984200778
v 0.00247279349 -0.065882405 -0.00259672579
f 178 180 179
v -0.000201155717 -0.0697396405 -0.00451437991
v 0.000806882053 -0.0652815972 -0.00460647134
v 0.00134299125 -0.0688365137 -0.0037245336
f 181 183 182
v -0.00361307139 -0.0625018787 0.00230476653
v -0.00271123063 -0.0596313737 0.00289472882
v -0.00468322869 -0.0617241254 -0.000232551474
f 184 186 185
v -0.00480152667 -0.0636155426 -0.000938420635
v -0.00341073828 -0.0632500101 0.00157653812
v -0.00361307139 -0.0625018787 0.00230476653
f 187 189 188
v -0.00243001141 -0.062198285 0.00319654355
v -0.00361307139 -0.0625018787 0.00230476653
v -0.00120498908 -0.063345005 0.00284953057
f 190 192 191
v -0.00271123063 -0.0596313737 0.00289472882
v -0.00361307139 -0.0625018787 0.00230476653
v -0.00243001141 -0.062198285 0.00319654355
f 193 195 194
v -0.00341073828 -0.0632500101 0.00157653812
v -0.00120498908 -0.063345005 0.00284953057
v -0.00361307139 -0.0625018787 0.00230476653
f 196 198 197
v -0.00243001141 -0.062198285 0.00319654355
v -0.00194649874 -0.0616808888 0.00315846773
v -0.00271123063 -0.0596313737 0.00289472882
f 199 201 200
v -0.00194649874 -0.0616808888 0.00315846773
v -0.00200591985 -0.0585579197 0.00295406135
v -0.00271123063 -0.0596313737 0.00289472882
f 202 204 203
v -0.00200591985 -0.0585579197 0.00295406135
v -0.00150461901 -0.0536880922 0.00314505996
v -0.0031714575 -0.057131506 0.00157272752
f 205 207 206
v -0.00271123063 -0.0596313737 0.00289472882
v -0.0031714575 -0.057131506 0.00157272752
v -0.00395615207 -0.0600709172 0.000829230521
f 208 210 209
v -0.00150461901 -0.0536880922 0.00314505996
v -0.00200591985 -0.0585579197 0.00295406135
v 0.000311735516 -0.0569773198 0.00381751306
f 211 213 212
v -0.00271123063 -0.0596313737 0.00289472882
v -0.00395615207 -0.0600709172 0.000829230521
v -0.00468322869 -0.0617241254 -0.000232551474
f 214 216 215
v 0.00165997917 -0.0641644059 0.00318225466
v 0.0015045066 -0.0623070693 0.00356523014
v -0.00120498908 -0.063345005 0.00284953057
f 217 219 218
v 0.00126061477 -0.0657731027 0.00323219247
v -0.00120498908 -0.063345005 0.00284953057
v -0.00207701214 -0.0653927505 0.00207980229
f 220 222 221
v 0.00231717277 -0.0667559972 0.00172917044
v 0.00126061477 -0.0657731027 0.00323219247
v 0.000784387703 -0.0677358301 0.00315754369
f 223 225 224
v 0.00334662582 -0.0632261799 0.00126574905
v 0.00319701758 -0.065478374 0.00165342772
v 0.00395712013 -0.065444439 -2.26920918e-05
f 226 228 227
v 0.0030955347 -0.0598341518 0.00267303585
v 0.00229714351 -0.0583345827 0.00338234895
v 0.0015045066 -0.0623070693 0.00356523014
f 229 231 230
v 0.0037132937 -0.0594403711 0.00116482533
v 0.0030955347 -0.0598341518 0.00267303585
v 0.00334662582 -0.0632261799 0.00126574905
f 232 234 233
v 0.0015045066 -0.0623070693 0.00356523014
v 0.000131413697 -0.0598716259 0.00382729013
v -0.00194649874 -0.0616808888 0.00315846773
f 235 237 236
v 0.00319701758 -0.065478374 0.00165342772
v 0.00165997917 -0.0641644059 0.00318225466
v 0.00126061477 -0.0657731027 0.00323219247
f 238 240 239
v 0.00126061477 -0.0657731027 0.00323219247
v -0.00207701214 -0.0653927505 0.00207980229
v 0.000784387703 -0.0677358301 0.00315754369
f 241 243 242
v 0.00395712013 -0.065444439 -2.26920918e-05
v 0.00337436541 -0.0635723642 -0.000822207767
v 0.00334662582 -0.0632261799 0.00126574905
f 244 246 245
v -0.00213157819 -0.058225065 -0.00493489642
v 0.000152906239 -0.0580469845 -0.00533630773
v -0.000938575067 -0.061391847 -0.00521325346
f 247 249 248
v -0.00113060414 -0.0535630621 -0.00537087908
v -0.000543737224 -0.0554168713 -0.0054775941
v -0.00213157819 -0.058225065 -0.00493489642
f 250 252 251
v -0.00113060414 -0.0535630621 -0.00537087908
v -0.00213157819 -0.058225065 -0.00493489642
v -0.00332758027 -0.0565447262 -0.00379978519
f 253 255 254
v -0.000543737224 -0.0554168713 -0.0054775941
v 0.000918644855 -0.055689906 -0.00533872844
v 0.000152906239 -0.0580469845 -0.00533630773
f 256 258 257
v -0.00213157819 -0.058225065 -0.00493489642
v -0.000543737224 -0.0554168713 -0.0054775941
v 0.000152906239 -0.0580469845 -0.00533630773
f 259 261 260
v -0.000543737224 -0.0554168713 -0.0054775941
v 0.00146261709 -0.0534532417 -0.00548373428
v 0.000918644855 -0.055689906 -0.00533872844
f 262 264 263
v 0.00361263665 -0.0566052971 -0.00288781575
v 0.000792026276 -0.0600045722 -0.00496948924
v 0.000918644855 -0.055689906 -0.00533872844
f 265 267 266
v 0.000918644855 -0.055689906 -0.00533872844
v 0.00287593539 -0.0554453349 -0.00414283131
v 0.00361263665 -0.0566052971 -0.00288781575
f 268 270 269
v 0.00361263665 -0.0566052971 -0.00288781575
v 0.00336202938 -0.058206328 -0.00206893837
v 0.00269182183 -0.0596798374 -0.00319365718
f 271 273 272
v -0.00317555023 -0.0537678017 0.00139180338
v -0.00393607334 -0.0549962337 -0.00117455293
v -0.00423085803 -0.0580890395 -0.00130828939
f 274 276 275
v -0.00355090124 -0.0529393612 -0.00104039318
v -0.00317555023 -0.0537678017 0.00139180338
v -0.00301919099 -0.0496658147 0.00076581
f 277 279 278
v 0.00174482939 -0.0503702788 0.00367168032
v -0.000708500011 -0.0503545976 0.00337572965
v -0.000456860471 -0.053595833 0.00362300561
f 280 282 281
v 0.00174482939 -0.0503702788 0.00367168032
v -0.000456860471 -0.053595833 0.00362300561
v 0.001978822 -0.0535392435 0.00360217709
f 283 285 284
v -0.000456860471 -0.053595833 0.00362300561
v -0.000708500011 -0.0503545976 0.00337572965
v -0.00150461901 -0.0536880922 0.00314505996
f 286 288 287
v -0.00355090124 -0.0529393612 -0.00104039318
v -0.00301919099 -0.0496658147 0.00076581
v -0.00349397014 -0.0506340177 -0.00177035654
f 289 291 290
v -0.00317555023 -0.0537678017 0.00139180338
v -0.00196507917 -0.0457395159 0.00180106817
v -0.00301919099 -0.0496658147 0.00076581
f 292 294 293
v -0.00196507917 -0.0457395159 0.00180106817
v -0.00317555023 -0.0537678017 0.00139180338
v -0.00150461901 -0.0536880922 0.00314505996
f 295 297 296
v -0.000708500011 -0.0503545976 0.00337572965
v -0.00196507917 -0.0457395159 0.00180106817
v -0.00150461901 -0.0536880922 0.00314505996
f 298 300 299
v -0.00196507917 -0.0457395159 0.00180106817
v -0.00291026136 -0.0457044604 -0.000877927778
v -0.00301919099 -0.0496658147 0.00076581
f 301 303 302
v 0.00081679691 -0.0474627537 0.00382224571
v -0.000388421995 -0.0442664983 0.00308628732
v -0.00196507917 -0.0457395159 0.00180106817
f 304 306 305
v 0.00396594696 -0.0483456068 0.00286759714
v 0.00334735196 -0.0509265694 0.00276245373
v 0.00456321686 -0.04995903 0.000956357962
f 307 309 308
v 0.0037132937 -0.0594403711 0.00116482533
v 0.00350511691 -0.0617833633 -0.000392496122
v 0.00336202938 -0.058206328 -0.00206893837
f 310 312 311
v 0.00403214035 -0.0573855883 0.00124492435
v 0.00229714351 -0.0583345827 0.00338234895
v 0.0030955347 -0.0598341518 0.00267303585
f 313 315 314
v 0.00361263665 -0.0566052971 -0.00288781575
v 0.00423975835 -0.0565145339 0.000142371641
v 0.00336202938 -0.058206328 -0.00206893837
f 316 318 317
v 0.00444624748 -0.0538589025 -0.000197104941
v 0.00403214035 -0.0573855883 0.00124492435
v 0.00423975835 -0.0565145339 0.000142371641
f 319 321 320
v 0.00229714351 -0.0583345827 0.00338234895
v 0.00325483124 -0.0545632094 0.00306399234
v 0.000311735516 -0.0569773198 0.00381751306
f 322 324 323
v 0.0027183778 -0.052180473 -0.00464565601
v 0.00361263665 -0.0566052971 -0.00288781575
v 0.00287593539 -0.0554453349 -0.00414283131
f 325 327 326
v 0.00379931371 -0.0538600783 -0.00269646098
v 0.00361263665 -0.0566052971 -0.00288781575
v 0.0027183778 -0.052180473 -0.00464565601
f 328 330 329
v 0.00403047816 -0.0505403266 -0.00342654203
v 0.00379931371 -0.0538600783 -0.00269646098
v 0.0027183778 -0.052180473 -0.00464565601
f 331 333 332
v 0.00493002844 -0.048889796 -0.000294633128
v 0.00456321686 -0.04995903 0.000956357962
v 0.00444624748 -0.0538589025 -0.000197104941
f 334 336 335
v 0.00073728097 -0.0463126285 -0.00545556577
v 0.00192833177 -0.0488404941 -0.00533416824
v 0.00119456581 -0.0515673077 -0.00557577805
f 337 339 338
v -0.000512554197 -0.0456564187 -0.00524416937
v -0.00155520356 -0.0475868583 -0.00474599074
v -0.00254620609 -0.04878412 -0.00384369741
f 340 342 341
v -0.0018588491 -0.043267844 -0.00348987596
v -0.000512554197 -0.0456564187 -0.00524416937
v -0.00254620609 -0.04878412 -0.00384369741
f 343 345 344
v 0.00119456581 -0.0515673077 -0.00557577805
v 0.00192833177 -0.0488404941 -0.00533416824
v 0.0027183778 -0.052180473 -0.00464565601
f 346 348 347
v 0.00396594696 -0.0483456068 0.00286759714
v 0.00456321686 -0.04995903 0.000956357962
v 0.00493002844 -0.048889796 -0.000294633128
f 349 351 350
v 0.00405584651 -0.0443463417 0.00266249117
v 0.00396594696 -0.0483456068 0.00286759714
v 0.00493002844 -0.048889796 -0.000294633128
f 352 354 353
v 0.00476232672 -0.0425943668 0.00149202042
v 0.00493002844 -0.048889796 -0.000294633128
v 0.00508489575 -0.0421434845 -0.00162169126
f 355 357 356
v 0.00405584651 -0.0443463417 0.00266249117
v 0.00493002844 -0.048889796 -0.000294633128
v 0.00476232672 -0.0425943668 0.00149202042
f 358 360 359
v 0.00165564143 -0.0445110665 -0.0055718072
v 0.00073728097 -0.0463126285 -0.00545556577
v -0.000512554197 -0.0456564187 -0.00524416937
f 361 363 362
v 6.72013698e-06 -0.0394216011 -0.00480460112
v -0.000289149034 -0.0427041377 -0.00494315645
v -0.0018588491 -0.043267844 -0.00348987596
f 364 366 365
v 6.72013698e-06 -0.0394216011 -0.00480460112
v 0.001990501 -0.0432227214 -0.0052614887
v -0.000289149034 -0.0427041377 -0.00494315645
f 367 369 368
v 0.001990501 -0.0432227214 -0.0052614887
v 0.00385248422 -0.04561432 -0.00381690879
v 0.00165564143 -0.0445110665 -0.0055718072
f 370 372 371
v 0.00385248422 -0.04561432 -0.00381690879
v 0.00508489575 -0.0421434845 -0.00162169126
v 0.00455006229 -0.0466058409 -0.00234745621
f 373 375 374
v 0.00526815711 -0.040597847 -0.000433078685
v 0.00476232672 -0.0425943668 0.00149202042
v 0.00508489575 -0.0421434845 -0.00162169126
f 376 378 377
v 0.00165564143 -0.0445110665 -0.0055718072
v 0.00385248422 -0.04561432 -0.00381690879
v 0.00227863347 -0.0461023767 -0.00509913189
f 379 381 380
v -0.00291026136 -0.0457044604 -0.000877927778
v -0.00234063154 -0.0423673278 -0.000668924804
v -0.0018588491 -0.043267844 -0.00348987596
f 382 384 383
v 0.001978822 -0.0535392435 0.00360217709
v 0.000311735516 -0.0569773198 0.00381751306
v 0.00325483124 -0.0545632094 0.00306399234
f 385 387 386
v -0.0031714575 -0.057131506 0.00157272752
v -0.00317555023 -0.0537678017 0.00139180338
v -0.00423085803 -0.0580890395 -0.00130828939
f 388 390 389
v -8.36023389e-05 -0.0388892659 0.00320910112
v -0.000558315423 -0.0371510861 0.00257611646
v -0.00167805956 -0.0403448794 0.00159327446
f 391 393 392
v 0.00396594696 -0.0483456068 0.00286759714
v 0.00178748815 -0.0445127516 0.00375299278
v 0.00081679691 -0.0474627537 0.00382224571
f 394 396 395
v -0.000388421995 -0.0442664983 0.00308628732
v 3.28933908e-05 -0.0413928414 0.00323491258
v -0.00196507917 -0.0457395159 0.00180106817
f 397 399 398
v 0.00178748815 -0.0445127516 0.00375299278
v -0.000388421995 -0.0442664983 0.00308628732
v 0.00081679691 -0.0474627537 0.00382224571
f 400 402 401
v 0.00183649518 -0.0396677817 0.00366754903
v 3.28933908e-05 -0.0413928414 0.00323491258
v 0.00178748815 -0.0445127516 0.00375299278
f 403 405 404
v 0.00183649518 -0.0396677817 0.00366754903
v -8.36023389e-05 -0.0388892659 0.00320910112
v 3.28933908e-05 -0.0413928414 0.00323491258
f 406 408 407
v 0.00398448392 -0.0367600995 0.00309198331
v 0.00183649518 -0.0396677817 0.00366754903
v 0.00317298982 -0.0426949176 0.00346360976
f 409 411 410
v -0.00112829402 -0.0332935102 -0.00238879657
v 3.53890613e-05 -0.0356606528 -0.00430290456
v -0.00142163472 -0.0373356015 -0.00297615443
f 412 414 413
v -0.00112829402 -0.0332935102 -0.00238879657
v 0.000323773156 -0.0327302696 -0.00401674006
v 3.53890613e-05 -0.0356606528 -0.00430290456
f 415 417 416
v 6.72013698e-06 -0.0394216011 -0.00480460112
v 3.53890613e-05 -0.0356606528 -0.00430290456
v 0.00218344503 -0.0381899561 -0.00490208076
f 418 420 419
v 0.00452380409 -0.0364176492 -0.00306348993
v 0.00376531243 -0.0407463289 -0.00406218132
v 0.00218344503 -0.0381899561 -0.00490208076
f 421 423 422
v 0.00235885964 -0.0341289677 -0.00451354426
v 0.00218344503 -0.0381899561 -0.00490208076
v 3.53890613e-05 -0.0356606528 -0.00430290456
f 424 426 425
v 0.00235885964 -0.0341289677 -0.00451354426
v 0.00452380409 -0.0364176492 -0.00306348993
v 0.00218344503 -0.0381899561 -0.00490208076
f 427 429 428
v 0.00526815711 -0.040597847 -0.000433078685
v 0.00508489575 -0.0421434845 -0.00162169126
v 0.00376531243 -0.0407463289 -0.00406218132
f 430 432 431
v 0.00495363674 -0.0378471392 -0.00261324312
v 0.00526815711 -0.040597847 -0.000433078685
v 0.00376531243 -0.0407463289 -0.00406218132
f 433 435 434
v 0.00452380409 -0.0364176492 -0.00306348993
v 0.00495363674 -0.0378471392 -0.00261324312
v 0.00376531243 -0.0407463289 -0.00406218132
f 436 438 437
v 0.00449575164 -0.0307546376 -0.00324263274
v 0.0040757237 -0.0330408715 -0.00345043663
v 0.00235885964 -0.0341289677 -0.00451354426
f 439 441 440
v -0.00162802608 -0.0365112064 0.000239450605
v -0.00110840319 -0.0333150703 0.00182876556
v -0.00170423555 -0.0346800982 0.000345051581
f 442 444 443
v 0.00293323919 -0.0346502842 0.00392623042
v 0.000708686275 -0.0328799215 0.00359090227
v 0.000805631225 -0.0362230174 0.00360732447
f 445 447 446
v 0.000708686275 -0.0328799215 0.00359090227
v 0.00112995676 -0.0304083107 0.0038864986
v -0.000515514876 -0.0303518958 0.00242081242
f 448 450 449
v 0.000708686275 -0.0328799215 0.00359090227
v 0.00293323919 -0.0346502842 0.00392623042
v 0.00112995676 -0.0304083107 0.0038864986
f 451 453 452
v 0.00330281655 -0.0301449647 0.00410242828
v 0.00112995676 -0.0304083107 0.0038864986
v 0.00293323919 -0.0346502842 0.00392623042
f 454 456 455
v -0.000688033469 -0.0245257368 -0.0012166447
v 0.000443465797 -0.0279156986 -0.0033922217
v -0.000514619478 -0.0293953199 -0.00255251143
f 457 459 458
v -0.000809254834 -0.0262253947 -0.000798856399
v -0.000688033469 -0.0245257368 -0.0012166447
v -0.000514619478 -0.0293953199 -0.00255251143
f 460 462 461
v -0.00139611693 -0.032009033 -0.000322565575
v -0.000809254834 -0.0262253947 -0.000798856399
v -0.000514619478 -0.0293953199 -0.00255251143
f 463 465 464
v -0.000515514876 -0.0303518958 0.00242081242
v -0.000548197113 -0.024719839 0.00163214008
v -0.0011211645 -0.0289311924 0.000829890359
f 466 468 467
v 0.000710265158 -0.0255631108 0.00337965976
v -0.000548197113 -0.024719839 0.00163214008
v -0.000515514876 -0.0303518958 0.00242081242
f 469 471 470
v -0.000515514876 -0.0303518958 0.00242081242
v -0.0011211645 -0.0289311924 0.000829890359
v -0.00110840319 -0.0333150703 0.00182876556
f 472 474 473
v 2.38103709e-05 -0.0209757607 -0.00185413664
v 0.00126643044 -0.0237831642 -0.00317972226
v 0.000443465797 -0.0279156986 -0.0033922217
f 475 477 476
v 0.000443465797 -0.0279156986 -0.0033922217
v 0.00264982755 -0.0269735785 -0.00390916721
v 0.00151341983 -0.0283628411 -0.00388006665
f 478 480 479
v 0.00126643044 -0.0237831642 -0.00317972226
v 0.00264982755 -0.0269735785 -0.00390916721
v 0.000443465797 -0.0279156986 -0.0033922217
f 481 483 482
v 0.00264982755 -0.0269735785 -0.00390916721
v 0.00490112288 -0.0254167913 -0.00246146537
v 0.00361230414 -0.0278724852 -0.00342664425
f 484 486 485
v 0.00255046143 -0.0229877638 -0.00318647399
v 0.00490112288 -0.0254167913 -0.00246146537
v 0.00264982755 -0.0269735785 -0.00390916721
f 487 489 488
v 0.0042811731 -0.023349472 -0.00236532869
v 0.00490112288 -0.0254167913 -0.00246146537
v 0.00255046143 -0.0229877638 -0.00318647399
f 490 492 491
v 0.000710265158 -0.0255631108 0.00337965976
v -3.89009642e-06 -0.0211446153 0.00215985747
v -0.000548197113 -0.024719839 0.00163214008
f 493 495 494
v 0.00536402404 -0.023206303 0.00252025966
v 0.00399284691 -0.0272970501 0.00391697104
v 0.00560880726 -0.027681858 0.00209082737
f 496 498 497
v 0.0057865258 -0.0233646526 -0.000492313438
v 0.00609374547 -0.0251132966 -0.000170806322
v 0.00490112288 -0.0254167913 -0.00246146537
f 499 501 500
v 0.00589106494 -0.0214741856 0.000915143573
v 0.00609374547 -0.0251132966 -0.000170806322
v 0.0057865258 -0.0233646526 -0.000492313438
f 502 504 503
v 0.00609374547 -0.0251132966 -0.000170806322
v 0.00560880726 -0.027681858 0.00209082737
v 0.00587538889 -0.0278004503 -9.75204486e-06
f 505 507 506
v 0.00103173652 -0.0211092804 -0.00278939078
v 0.00255046143 -0.0229877638 -0.00318647399
v 0.00126643044 -0.0237831642 -0.00317972226
f 508 510 509
v -0.000557327985 -0.0213385603 0.000611938776
v 0.000153437179 -0.016969243 0.00172678956
v -0.000302426542 -0.0182309683 -0.000322669553
f 511 513 512
v 2.38103709e-05 -0.0209757607 -0.00185413664
v 0.001139919 -0.0169315565 -0.00230353817
v 0.00103173652 -0.0211092804 -0.00278939078
f 514 516 515
v -0.000302426542 -0.0182309683 -0.000322669553
v 0.001139919 -0.0169315565 -0.00230353817
v 2.38103709e-05 -0.0209757607 -0.00185413664
f 517 519 518
v 0.001139919 -0.0169315565 -0.00230353817
v 0.00235987627 -0.0184486009 -0.00276981009
v 0.00103173652 -0.0211092804 -0.00278939078
f 520 522 521
v 0.00103173652 -0.0211092804 -0.00278939078
v 0.00235987627 -0.0184486009 -0.00276981009
v 0.00255046143 -0.0229877638 -0.00318647399
f 523 525 524
v -0.000302426542 -0.0182309683 -0.000322669553
v 1.21863479e-05 -0.0157590155 -0.00055909436
v 0.000757843918 -0.0153025612 -0.00236279866
f 526 528 527
v 0.0054520835 -0.0201663759 -0.000762604623
v 0.0057865258 -0.0233646526 -0.000492313438
v 0.0042811731 -0.023349472 -0.00236532869
f 529 531 530
v 0.00589106494 -0.0214741856 0.000915143573
v 0.0057865258 -0.0233646526 -0.000492313438
v 0.0054520835 -0.0201663759 -0.000762604623
f 532 534 533
v 0.00526393451 -0.0167874052 -0.000756157533
v 0.0054520835 -0.0201663759 -0.000762604623
v 0.0042811731 -0.023349472 -0.00236532869
f 535 537 536
v 0.000153437179 -0.016969243 0.00172678956
v -5.00712858e-06 -0.0151346132 0.000301833461
v 1.21863479e-05 -0.0157590155 -0.00055909436
f 538 540 539
v 0.00236672622 -0.0183896453 0.0037955313
v 0.00107101232 -0.0175938316 0.00307958726
v 0.000710265158 -0.0255631108 0.00337965976
f 541 543 542
v 0.00536402404 -0.023206303 0.00252025966
v 0.00366875393 -0.0228004632 0.00403013473
v 0.00399284691 -0.0272970501 0.00391697104
f 544 546 545
v 0.00107101232 -0.0175938316 0.00307958726
v 0.000153437179 -0.016969243 0.00172678956
v -3.89009642e-06 -0.0211446153 0.00215985747
f 547 549 548
v 0.00363584077 -0.019241625 0.00379350495
v 0.00557109634 -0.0208700862 0.00258926048
v 0.00494344713 -0.0165587539 0.00271410645
f 550 552 551
v 0.00363584077 -0.019241625 0.00379350495
v 0.00236672622 -0.0183896453 0.0037955313
v 0.00366875393 -0.0228004632 0.00403013473
f 553 555 554
v 0.00277081399 -0.0248617667 0.00412486334
v 0.000710265158 -0.0255631108 0.00337965976
v 0.00146712337 -0.0267111143 0.0039919938
f 556 558 557
v -0.000557327985 -0.0213385603 0.000611938776
v -3.89009642e-06 -0.0211446153 0.00215985747
v 0.000153437179 -0.016969243 0.00172678956
f 559 561 560
v 0.00336377634 -0.0137665396 -0.00239793389
v 0.00526393451 -0.0167874052 -0.000756157533
v 0.00295662903 -0.017188568 -0.00247051594
f 562 564 563
v 0.00118225371 -0.0132009969 -0.00337989695
v 0.00234757481 -0.0135260518 -0.00316530677
v 0.00241624839 -0.0140435048 -0.00296378257
f 565 567 566
v 0.00234757481 -0.0135260518 -0.00316530677
v 0.0024088371 -0.0140161719 -0.00294980364
v 0.00241624839 -0.0140435048 -0.00296378257
f 568 570 569
v 0.00295662903 -0.017188568 -0.00247051594
v 0.001139919 -0.0169315565 -0.00230353817
v 0.00152021676 -0.0148522391 -0.00290582357
f 571 573 572
v 0.00295662903 -0.017188568 -0.00247051594
v 0.00235987627 -0.0184486009 -0.00276981009
v 0.001139919 -0.0169315565 -0.00230353817
f 574 576 575
v 0.000609711969 -0.0102822916 0.00312861412
v 7.02023556e-05 -0.0111667774 0.0026193542
v 0.0023742652 -0.0144568825 0.00354243675
f 577 579 578
v 0.000609711969 -0.0102822916 0.00312861412
v 0.000346359957 -0.00893646429 0.00308601957
v -0.00103215452 -0.00960551115 0.0015003403
f 580 582 581
v 0.00220799302 -0.00727040751 0.00338889549
v 0.000609711969 -0.0102822916 0.00312861412
v 0.00323067579 -0.0112784292 0.00340936567
f 583 585 584
v -0.000763423577 -0.01025315 0.000527131033
v -0.00103215452 -0.00960551115 0.0015003403
v -0.000937144705 -0.0103658924 -0.00201944895
f 586 588 587
v -0.000937144705 -0.0103658924 -0.00201944895
v -0.000384384202 -0.00836562176 -0.00375409691
v 0.000619673938 -0.00987730891 -0.00396387368
f 589 591 590
v -0.00137884999 -0.00640479193 -0.00240355293
v -0.000384384202 -0.00836562176 -0.00375409691
v -0.00157363484 -0.00858830972 -0.0014976179
f 592 594 593
v -0.00157363484 -0.00858830972 -0.0014976179
v -0.00132392815 -0.00623298911 0.000275047296
v -0.00137884999 -0.00640479193 -0.00240355293
f 595 597 596
v -3.45079826e-05 -0.00613515367 0.00281048888
v -0.00103215452 -0.00960551115 0.0015003403
v 6.59630302e-05 -0.00733705747 0.00287600669
f 598 600 599
v 0.000368852875 -0.00710619133 0.0031619471
v 6.59630302e-05 -0.00733705747 0.00287600669
v 0.000283923055 -0.0070655653 0.00321475454
f 601 603 602
v 0.000609711969 -0.0102822916 0.00312861412
v 0.00220799302 -0.00727040751 0.00338889549
v 0.000346359957 -0.00893646429 0.00308601957
f 604 606 605
v 0.0048319951 -0.00868554052 0.00175674923
v 0.00220799302 -0.00727040751 0.00338889549
v 0.00323067579 -0.0112784292 0.00340936567
f 607 609 608
v -3.45079826e-05 -0.00613515367 0.00281048888
v -0.000280264089 -0.00386214488 0.00190018327
v -0.00132392815 -0.00623298911 0.000275047296
f 610 612 611
v -0.000280264089 -0.00386214488 0.00190018327
v -3.45079826e-05 -0.00613515367 0.00281048888
v 0.000729666226 -0.00368316796 0.00310295909
f 613 615 614
v 0.0030756466 -0.0039309878 0.00235077332
v 0.00220799302 -0.00727040751 0.00338889549
v 0.0048319951 -0.00868554052 0.00175674923
f 616 618 617
v 0.00465527555 -0.00664794352 0.000850824563
v 0.0030756466 -0.0039309878 0.00235077332
v 0.0048319951 -0.00868554052 0.00175674923
f 619 621 620
v 0.000729666226 -0.00368316796 0.00310295909
v 0.000806811931 -0.00550355981 0.00358135221
v 0.0030756466 -0.0039309878 0.00235077332
f 622 624 623
v -3.45079826e-05 -0.00613515367 0.00281048888
v -0.00132392815 -0.00623298911 0.000275047296
v -0.00103215452 -0.00960551115 0.0015003403
f 625 627 626
v 0.00118225371 -0.0132009969 -0.00337989695
v -0.000937144705 -0.0103658924 -0.00201944895
v 0.00151374261 -0.0114605165 -0.00363659965
f 628 630 629
v 0.00494344713 -0.0165587539 0.00271410645
v 0.0049686525 -0.0141138458 0.00235283042
v 0.00348174472 -0.0153058703 0.00359500227
f 631 633 632
v 0.00336377634 -0.0137665396 -0.00239793389
v 0.00544910363 -0.0125910796 -0.000295430596
v 0.00473885157 -0.0145809099 -0.00154385962
f 634 636 635
v 0.0048430491 -0.0114432034 0.00255321429
v 0.0049686525 -0.0141138458 0.00235283042
v 0.00551209196 -0.0139027019 0.000984326107
f 637 639 638
v 0.00544910363 -0.0125910796 -0.000295430596
v 0.00569326075 -0.0183081313 0.00139294298
v 0.00526393451 -0.0167874052 -0.000756157533
f 640 642 641
v 0.00551209196 -0.0139027019 0.000984326107
v 0.00569326075 -0.0183081313 0.00139294298
v 0.00544910363 -0.0125910796 -0.000295430596
f 643 645 644
v 0.00424118552 -0.00802254654 -0.00268221647
v 0.00366355162 -0.011379012 -0.00275506936
v 0.00338866303 -0.00912440883 -0.00382875915
f 646 648 647
v 0.0049860173 -0.00711983885 -0.000287587977
v 0.00561755696 -0.0106723593 9.43180169e-05
v 0.00424118552 -0.00802254654 -0.00268221647
f 649 651 650
v 0.0048319951 -0.00868554052 0.00175674923
v 0.00323067579 -0.0112784292 0.00340936567
v 0.0048430491 -0.0114432034 0.00255321429
f 652 654 653
v 0.0048430491 -0.0114432034 0.00255321429
v 0.00551209196 -0.0139027019 0.000984326107
v 0.00561755696 -0.0106723593 9.43180169e-05
f 655 657 656
v 0.00465527555 -0.00664794352 0.000850824563
v 0.0048319951 -0.00868554052 0.00175674923
v 0.0049860173 -0.00711983885 -0.000287587977
f 658 660 659
v -0.00018239308 -0.00172916025 -0.00103428174
v -0.000132434559 -0.00167080707 -0.0011609246
v -0.000415576778 -0.00196454039 -0.00197622048
f 661 663 662
v 0.000955912401 -0.00112134157 -0.00154033023
v -0.000782764164 -0.00105885529 -0.00235076222
v -0.000403052854 -0.00150878304 -0.00119807028
f 664 666 665
v 0.000955912401 -0.00112134157 -0.00154033023
v -0.000649738104 -0.000842570262 -0.00262383419
v -0.000782764164 -0.00105885529 -0.00235076222
f 667 669 668
v 0.000914484554 -0.00792807768 -0.0045025794
v 0.000298870873 -0.00589242482 -0.00406299987
v 0.00303532561 -0.00743322598 -0.00419591452
f 670 672 671
v 0.00300510383 -0.00564740585 -0.00428878157
v 0.00424282443 -0.00572678109 -0.00283424761
v 0.00316566839 -0.00639678037 -0.00432933884
f 673 675 674
v 0.00300510383 -0.00564740585 -0.00428878157
v 0.00303532561 -0.00743322598 -0.00419591452
v 0.000298870873 -0.00589242482 -0.00406299987
f 676 678 677
v -0.00137884999 -0.00640479193 -0.00240355293
v -0.00132392815 -0.00623298911 0.000275047296
v -0.00142509607 -0.00439394717 -0.00126007189
f 679 681 680
v -0.00137884999 -0.00640479193 -0.00240355293
v 6.90098034e-05 -0.00438866809 -0.0034136152
v 0.000298870873 -0.00589242482 -0.00406299987
f 682 684 683
v -0.00142509607 -0.00439394717 -0.00126007189
v 6.90098034e-05 -0.00438866809 -0.0034136152
v -0.00137884999 -0.00640479193 -0.00240355293
f 685 687 686
v 0.00465527555 -0.00664794352 0.000850824563
v 0.0049860173 -0.00711983885 -0.000287587977
v 0.00416887815 -0.00389128727 2.88297571e-05
f 688 690 689
v 0.00354841868 -0.00278690168 -0.00186221878
v 0.00424282443 -0.00572678109 -0.00283424761
v 0.00343515421 -0.00445698133 -0.00374034935
f 691 693 692
v 0.000343417787 -0.00240732297 0.000721878041
v 0.000189750574 -0.00232564889 0.000322454343
v -0.000665023254 -0.00318895 -0.000670176178
f 694 696 695
v 0.000562253081 -0.00249482673 0.00104116225
v 0.000640993403 -0.00245808023 0.00134818183
v 0.000428443946 -0.0023175231 0.000932903185
f 697 699 698
v 0.000428443946 -0.0023175231 0.000932903185
v 0.000349836841 -0.00232445855 0.000627702775
v 0.000159167951 -0.00226556713 0.000606673075
f 700 702 701
v 0.000443425142 -0.00219051999 0.000474082844
v 0.00235187035 -0.00217013894 -0.000404985622
v 4.28915513e-05 -0.00188200484 -0.000749667197
f 703 705 704
v 0.000428443946 -0.0023175231 0.000932903185
v 0.00235187035 -0.00217013894 -0.000404985622
v 0.000443425142 -0.00219051999 0.000474082844
f 706 708 707
v 0.000498708687 -0.002367247 0.000637236462
v 0.000428443946 -0.0023175231 0.000932903185
v 0.000443425142 -0.00219051999 0.000474082844
f 709 711 710
v -0.00142509607 -0.00439394717 -0.00126007189
v -0.000280264089 -0.00386214488 0.00190018327
v -0.000665023254 -0.00318895 -0.000670176178
f 712 714 713
v 0.0030756466 -0.0039309878 0.00235077332
v 0.00235187035 -0.00217013894 -0.000404985622
v 0.00121592166 -0.00273823953 0.00197195222
f 715 717 716
v 0.0030756466 -0.0039309878 0.00235077332
v 0.00121592166 -0.00273823953 0.00197195222
v 0.000729666226 -0.00368316796 0.00310295909
f 718 720 719
v 0.00354841868 -0.00278690168 -0.00186221878
v 0.00235187035 -0.00217013894 -0.000404985622
v 0.00416887815 -0.00389128727 2.88297571e-05
f 721 723 722
v 0.0030756466 -0.0039309878 0.00235077332
v 0.00416887815 -0.00389128727 2.88297571e-05
v 0.00235187035 -0.00217013894 -0.000404985622
f 724 726 725
v 0.000279229403 -0.00057315915 -0.00321441839
v 0.00224592932 -0.00130315329 -0.00264920382
v 0.000668249595 -0.00171540305 -0.00374095289
f 727 729 728
v 0.000955912401 -0.00112134157 -0.00154033023
v 0.00224592932 -0.00130315329 -0.00264920382
v 0.000279229403 -0.00057315915 -0.00321441839
f 730 732 731
v 0.000955912401 -0.00112134157 -0.00154033023
v 0.000279229403 -0.00057315915 -0.00321441839
v -0.000649738104 -0.000842570262 -0.00262383419
f 733 735 734
v -0.00018239308 -0.00172916025 -0.00103428174
v 4.28915513e-05 -0.00188200484 -0.000749667197
v -0.000239475435 -0.00161139742 -0.0011309523
f 736 738 737
v -0.000132434559 -0.00167080707 -0.0011609246
v 4.28915513e-05 -0.00188200484 -0.000749667197
v 0.000955912401 -0.00112134157 -0.00154033023
f 739 741 740
v 0.00338866303 -0.00912440883 -0.00382875915
v 0.000914484554 -0.00792807768 -0.0045025794
v 0.00303532561 -0.00743322598 -0.00419591452
f 742 744 743
v 0.00340824845 -0.00732580665 -0.00415967406
v 0.00424118552 -0.00802254654 -0.00268221647
v 0.00343917054 -0.00781538838 -0.00393306473
f 745 747 746
v -5.00712858e-06 -0.0151346132 0.000301833461
v 0.000253317558 -0.0133398469 0.00218314908
v -0.000240124177 -0.0142421413 0.000227677629
f 748 750 749
v 0.00499300659 -0.0354422082 0.00322935666
v 0.00519516761 -0.0361647602 0.00202885385
v 0.0054918266 -0.0360800157 0.000734515288
f 751 753 752
v 0.00519516761 -0.0361647602 0.00202885385
v 0.00398448392 -0.0367600995 0.00309198331
v 0.00471472267 -0.0375539414 0.00237168933
f 754 756 755
v 0.00495363674 -0.0378471392 -0.00261324312
v 0.0054918266 -0.0360800157 0.000734515288
v 0.00526815711 -0.040597847 -0.000433078685
f 757 759 758
v 0.00398448392 -0.0367600995 0.00309198331
v 0.00293323919 -0.0346502842 0.00392623042
v 0.00183649518 -0.0396677817 0.00366754903
f 760 762 761
v 0.00398448392 -0.0367600995 0.00309198331
v 0.00499300659 -0.0354422082 0.00322935666
v 0.00293323919 -0.0346502842 0.00392623042
f 763 765 764
v 0.00330281655 -0.0301449647 0.00410242828
v 0.00293323919 -0.0346502842 0.00392623042
v 0.00506804281 -0.0334845594 0.00245431729
f 766 768 767
v 0.0040757237 -0.0330408715 -0.00345043663
v 0.00554462167 -0.0321959087 -0.000634673916
v 0.00558274733 -0.0348914939 -0.00169063023
f 769 771 770
v 0.00554462167 -0.0321959087 -0.000634673916
v 0.00506804281 -0.0334845594 0.00245431729
v 0.0054918266 -0.0360800157 0.000734515288
f 772 774 773
v 0.00449575164 -0.0307546376 -0.00324263274
v 0.00554462167 -0.0321959087 -0.000634673916
v 0.0040757237 -0.0330408715 -0.00345043663
f 775 777 776
v 0.00449575164 -0.0307546376 -0.00324263274
v 0.0062025887 -0.0294943777 -0.000117327215
v 0.00554462167 -0.0321959087 -0.000634673916
f 778 780 779
v 0.00537778797 -0.0300928339 0.0027697457
v 0.00330281655 -0.0301449647 0.00410242828
v 0.00506804281 -0.0334845594 0.00245431729
f 781 783 782
v 0.00554462167 -0.0321959087 -0.000634673916
v 0.00537778797 -0.0300928339 0.0027697457
v 0.00506804281 -0.0334845594 0.00245431729
f 784 786 785
v 0.00537778797 -0.0300928339 0.0027697457
v 0.00554462167 -0.0321959087 -0.000634673916
v 0.0062025887 -0.0294943777 -0.000117327215
f 787 789 788
v 0.00519516761 -0.0361647602 0.00202885385
v 0.00499300659 -0.0354422082 0.00322935666
v 0.00398448392 -0.0367600995 0.00309198331
f 790 792 791
v 0.00560806293 -0.0280356762 -0.00134185284
v 0.0062025887 -0.0294943777 -0.000117327215
v 0.00449575164 -0.0307546376 -0.00324263274
f 793 795 794
v 0.00490112288 -0.0254167913 -0.00246146537
v 0.00560806293 -0.0280356762 -0.00134185284
v 0.00361230414 -0.0278724852 -0.00342664425
f 796 798 797
v 0.00560806293 -0.0280356762 -0.00134185284
v 0.00609374547 -0.0251132966 -0.000170806322
v 0.00587538889 -0.0278004503 -9.75204486e-06
f 799 801 800
v 0.00560880726 -0.027681858 0.00209082737
v 0.0062025887 -0.0294943777 -0.000117327215
v 0.00587538889 -0.0278004503 -9.75204486e-06
f 802 804 803
v -0.00112829402 -0.0332935102 -0.00238879657
v -0.000514619478 -0.0293953199 -0.00255251143
v 0.000443465797 -0.0279156986 -0.0033922217
f 805 807 806
v -0.00234063154 -0.0423673278 -0.000668924804
v -0.00217669804 -0.043065747 0.00065460672
v -0.00167805956 -0.0403448794 0.00159327446
f 808 810 809
v -0.00234063154 -0.0423673278 -0.000668924804
v -0.00195105749 -0.0382527796 0.000377282163
v -0.00177533348 -0.0404668652 -0.0028065293
f 811 813 812
v -0.00177533348 -0.0404668652 -0.0028065293
v -0.00142163472 -0.0373356015 -0.00297615443
v 6.72013698e-06 -0.0394216011 -0.00480460112
f 814 816 815
v -0.00195105749 -0.0382527796 0.000377282163
v -0.00162802608 -0.0365112064 0.000239450605
v -0.00142163472 -0.0373356015 -0.00297615443
f 817 819 818
v -0.00463604993 -0.0692473899 -0.000823024311
v -0.00438268871 -0.0687680265 0.00130896005
v -0.00435661896 -0.0678368961 0.00141067794
f 820 822 821
v -0.00463604993 -0.0692473899 -0.000823024311
v -0.00549815522 -0.0665751344 -0.000679794766
v -0.00563710055 -0.068261259 -0.00177414367
f 823 825 824
v -0.00463604993 -0.0692473899 -0.000823024311
v -0.00435661896 -0.0678368961 0.00141067794
v -0.00549815522 -0.0665751344 -0.000679794766
f 826 828 827
v -0.00519690802 -0.0671766291 0.000174901822
v -0.00549815522 -0.0665751344 -0.000679794766
v -0.00435661896 -0.0678368961 0.00141067794
f 829 831 830
v -0.00435661896 -0.0678368961 0.00141067794
v -0.00419425451 -0.0654751959 0.000209892619
v -0.00519690802 -0.0671766291 0.000174901822
f 832 834 833
v -0.00435661896 -0.0678368961 0.00141067794
v -0.003164605 -0.067215407 0.00163770965
v -0.00419425451 -0.0654751959 0.000209892619
f 835 837 836
v -0.00519690802 -0.0671766291 0.000174901822
v -0.00419425451 -0.0654751959 0.000209892619
v -0.00549815522 -0.0665751344 -0.000679794766
f 838 840 839
v -0.00408556007 -0.0727621198 -0.000291440733
v -0.00332237905 -0.0732421991 -0.00126731611
v -0.00358547841 -0.0735973706 0.000370484508
f 841 843 842
v -0.00332237905 -0.0732421991 -0.00126731611
v -0.0018954901 -0.0743039651 -0.00199074711
v -0.00358547841 -0.0735973706 0.000370484508
f 844 846 845
v -0.00408556007 -0.0727621198 -0.000291440733
v -0.00328319729 -0.0708320236 -0.00176095346
v -0.00332237905 -0.0732421991 -0.00126731611
f 847 849 848
v -0.0018954901 -0.0743039651 -0.00199074711
v -0.00108805643 -0.0730394851 0.00101247542
v -0.00358547841 -0.0735973706 0.000370484508
f 850 852 851
v -0.0018013865 -0.0717665593 -0.00313826167
v -0.00384296909 -0.0697561598 -0.00256499206
v -0.0021019725 -0.0693210575 -0.00467612153
f 853 855 854
v -0.0021019725 -0.0693210575 -0.00467612153
v -0.000201155717 -0.0697396405 -0.00451437991
v -0.000148018296 -0.0719240692 -0.00367533539
f 856 858 857
v -0.00532693957 -0.0687884341 -0.00238576522
v -0.00384296909 -0.0697561598 -0.00256499206
v -0.00463604993 -0.0692473899 -0.000823024311
f 859 861 860
v -0.0018954901 -0.0743039651 -0.00199074711
v -0.0018013865 -0.0717665593 -0.00313826167
v -0.000454049587 -0.0736523361 -0.00249838722
f 862 864 863
v -0.000454049587 -0.0736523361 -0.00249838722
v 0.000741050826 -0.0728362415 -0.00113127562
v -0.0018954901 -0.0743039651 -0.00199074711
f 865 867 866
v 0.000741050826 -0.0728362415 -0.00113127562
v -0.00108805643 -0.0730394851 0.00101247542
v -0.0018954901 -0.0743039651 -0.00199074711
f 868 870 869
v 0.000741050826 -0.0728362415 -0.00113127562
v 0.00167573889 -0.0720141747 -0.00232119874
v 0.00191532599 -0.0717019022 -0.00101864325
f 871 873 872
v 0.00167573889 -0.0720141747 -0.00232119874
v 0.00238816901 -0.0699124415 -0.00165613874
v 0.00191532599 -0.0717019022 -0.00101864325
f 874 876 875
v -0.000148018296 -0.0719240692 -0.00367533539
v 0.000814359191 -0.0730204454 -0.00242933274
v -0.000454049587 -0.0736523361 -0.00249838722
f 877 879 878
v -0.00522210576 -0.0721568998 0.000371192095
v -0.00355620432 -0.0708410575 0.00169711529
v -0.00562187997 -0.070523232 0.00055715368
f 880 882 881
v -0.00362911524 -0.0726299884 0.00162554661
v -0.00212701925 -0.0726910832 0.00188205868
v -0.00243371851 -0.0715386996 0.00244061466
f 883 885 884
v -0.00355620432 -0.0708410575 0.00169711529
v -0.003164605 -0.067215407 0.00163770965
v -0.00438268871 -0.0687680265 0.00130896005
f 886 888 887
v -0.00141459959 -0.0715771283 0.0026707341
v -0.00141132869 -0.0715711212 0.00266798779
v -0.000974100294 -0.0716496317 0.00270452365
f 889 891 890
v -0.00243371851 -0.0715386996 0.00244061466
v -0.00141132869 -0.0715711212 0.00266798779
v -0.00106015141 -0.0709122338 0.00272355901
f 892 894 893
v -0.00212701925 -0.0726910832 0.00188205868
v -0.00141459959 -0.0715771283 0.0026707341
v -0.00243371851 -0.0715386996 0.00244061466
f 895 897 896
v -0.00212701925 -0.0726910832 0.00188205868
v -0.00141132869 -0.0715711212 0.00266798779
v -0.00141459959 -0.0715771283 0.0026707341
f 898 900 899
v -0.00106015141 -0.0709122338 0.00272355901
v 0.000293990524 -0.0690677261 0.00293757294
v -0.00355620432 -0.0708410575 0.00169711529
f 901 903 902
v -0.00355620432 -0.0708410575 0.00169711529
v 0.000293990524 -0.0690677261 0.00293757294
v -0.003164605 -0.067215407 0.00163770965
f 904 906 905
v 0.000784387703 -0.0677358301 0.00315754369
v -0.003164605 -0.067215407 0.00163770965
v 0.000293990524 -0.0690677261 0.00293757294
f 907 909 908
v -0.00108805643 -0.0730394851 0.00101247542
v 0.000741050826 -0.0728362415 -0.00113127562
v 0.000563844151 -0.0717998599 0.00206559071
f 910 912 911
v 0.000563844151 -0.0717998599 0.00206559071
v 0.00136347035 -0.0717749179 0.00104324281
v 0.00123861037 -0.0709001499 0.00155018151
f 913 915 914
v -0.00106015141 -0.0709122338 0.00272355901
v 0.00123861037 -0.0709001499 0.00155018151
v 0.00152652319 -0.0700890378 0.00210394737
f 916 918 917
v -0.000974100294 -0.0716496317 0.00270452365
v 0.000563844151 -0.0717998599 0.00206559071
v -0.00106015141 -0.0709122338 0.00272355901
f 919 921 920
v 0.000741050826 -0.0728362415 -0.00113127562
v 0.00191532599 -0.0717019022 -0.00101864325
v 0.00136347035 -0.0717749179 0.00104324281
f 922 924 923
v -0.0048883001 -0.0716103648 -0.000842755981
v -0.00522210576 -0.0721568998 0.000371192095
v -0.00562187997 -0.070523232 0.00055715368
f 925 927 926
v -0.00362911524 -0.0726299884 0.00162554661
v -0.00522210576 -0.0721568998 0.000371192095
v -0.00408556007 -0.0727621198 -0.000291440733
f 928 930 929
v -0.00408556007 -0.0727621198 -0.000291440733
v -0.00358547841 -0.0735973706 0.000370484508
v -0.00362911524 -0.0726299884 0.00162554661
f 931 933 932
v -0.00549815522 -0.0665751344 -0.000679794766
v -0.00518800844 -0.0675725809 -0.00301879845
v -0.00563710055 -0.068261259 -0.00177414367
f 934 936 935
v -0.00518800844 -0.0675725809 -0.00301879845
v -0.00549815522 -0.0665751344 -0.000679794766
v -0.0048006561 -0.0632455747 -0.00179051785
f 937 939 938
v -0.00423085803 -0.0580890395 -0.00130828939
v -0.00468322869 -0.0617241254 -0.000232551474
v -0.00395615207 -0.0600709172 0.000829230521
f 940 942 941
v -0.00468322869 -0.0617241254 -0.000232551474
v -0.00332758027 -0.0565447262 -0.00379978519
v -0.00350929367 -0.0609522511 -0.00386116117
f 943 945 944
v -0.00350929367 -0.0609522511 -0.00386116117
v -0.00213924941 -0.0632205454 -0.00500389942
v -0.00409455388 -0.0647035253 -0.00366932727
f 946 948 947
v 0.000806882053 -0.0652815972 -0.00460647134
v 0.00247279349 -0.065882405 -0.00259672579
v 0.00134299125 -0.0688365137 -0.0037245336
f 949 951 950
v -0.000201155717 -0.0697396405 -0.00451437991
v 0.00134299125 -0.0688365137 -0.0037245336
v -0.000148018296 -0.0719240692 -0.00367533539
f 952 954 953
v 0.00259482676 -0.0692465052 0.000218308674
v 0.00231717277 -0.0667559972 0.00172917044
v 0.00152652319 -0.0700890378 0.00210394737
f 955 957 956
v 0.00293148532 -0.0665644766 -0.000984200778
v 0.00231717277 -0.0667559972 0.00172917044
v 0.00259482676 -0.0692465052 0.000218308674
f 958 960 959
v 0.00293148532 -0.0665644766 -0.000984200778
v 0.00395712013 -0.065444439 -2.26920918e-05
v 0.00231717277 -0.0667559972 0.00172917044
f 961 963 962
v -0.00109539906 -0.0658509147 -0.00516724358
v -0.000938575067 -0.061391847 -0.00521325346
v 0.000806882053 -0.0652815972 -0.00460647134
f 964 966 965
v 0.00131128127 -0.0638215977 -0.00414226633
v 0.000792026276 -0.0600045722 -0.00496948924
v 0.00230729311 -0.0626481662 -0.00320099134
f 967 969 968
v 0.00337436541 -0.0635723642 -0.000822207767
v 0.00395712013 -0.065444439 -2.26920918e-05
v 0.00293148532 -0.0665644766 -0.000984200778
f 970 972 971
v 0.00131128127 -0.0638215977 -0.00414226633
v 0.00337436541 -0.0635723642 -0.000822207767
v 0.00293148532 -0.0665644766 -0.000984200778
f 973 975 974
v 0.000806882053 -0.0652815972 -0.00460647134
v 0.00131128127 -0.0638215977 -0.00414226633
v 0.00247279349 -0.065882405 -0.00259672579
f 976 978 977
v -0.00423085803 -0.0580890395 -0.00130828939
v -0.00395615207 -0.0600709172 0.000829230521
v -0.0031714575 -0.057131506 0.00157272752
f 979 981 980
v -0.00271123063 -0.0596313737 0.00289472882
v -0.00200591985 -0.0585579197 0.00295406135
v -0.0031714575 -0.057131506 0.00157272752
f 982 984 983
v -0.00150461901 -0.0536880922 0.00314505996
v -0.00317555023 -0.0537678017 0.00139180338
v -0.0031714575 -0.057131506 0.00157272752
f 985 987 986
v -0.00207701214 -0.0653927505 0.00207980229
v -0.00120498908 -0.063345005 0.00284953057
v -0.00341073828 -0.0632500101 0.00157653812
f 988 990 989
v -0.00120498908 -0.063345005 0.00284953057
v -0.00194649874 -0.0616808888 0.00315846773
v -0.00243001141 -0.062198285 0.00319654355
f 991 993 992
v 0.0015045066 -0.0623070693 0.00356523014
v -0.00194649874 -0.0616808888 0.00315846773
v -0.00120498908 -0.063345005 0.00284953057
f 994 996 995
v 0.0015045066 -0.0623070693 0.00356523014
v 0.00165997917 -0.0641644059 0.00318225466
v 0.00319701758 -0.065478374 0.00165342772
f 997 999 998
v -0.00120498908 -0.063345005 0.00284953057
v 0.00126061477 -0.0657731027 0.00323219247
v 0.00165997917 -0.0641644059 0.00318225466
f 1000 1002 1001
v 0.0030955347 -0.0598341518 0.00267303585
v 0.0015045066 -0.0623070693 0.00356523014
v 0.00319701758 -0.065478374 0.00165342772
f 1003 1005 1004
v 0.00319701758 -0.065478374 0.00165342772
v 0.00334662582 -0.0632261799 0.00126574905
v 0.0030955347 -0.0598341518 0.00267303585
f 1006 1008 1007
v 0.00350511691 -0.0617833633 -0.000392496122
v 0.0037132937 -0.0594403711 0.00116482533
v 0.00334662582 -0.0632261799 0.00126574905
f 1009 1011 1010
v 0.00350511691 -0.0617833633 -0.000392496122
v 0.00334662582 -0.0632261799 0.00126574905
v 0.00337436541 -0.0635723642 -0.000822207767
f 1012 1014 1013
v 0.000131413697 -0.0598716259 0.00382729013
v 0.00229714351 -0.0583345827 0.00338234895
v 0.000311735516 -0.0569773198 0.00381751306
f 1015 1017 1016
v 0.0015045066 -0.0623070693 0.00356523014
v 0.00229714351 -0.0583345827 0.00338234895
v 0.000131413697 -0.0598716259 0.00382729013
f 1018 1020 1019
v 0.000784387703 -0.0677358301 0.00315754369
v 0.000293990524 -0.0690677261 0.00293757294
v 0.00152652319 -0.0700890378 0.00210394737
f 1021 1023 1022
v 0.00152652319 -0.0700890378 0.00210394737
v 0.00231717277 -0.0667559972 0.00172917044
v 0.000784387703 -0.0677358301 0.00315754369
f 1024 1026 1025
v 0.000131413697 -0.0598716259 0.00382729013
v -0.00200591985 -0.0585579197 0.00295406135
v -0.00194649874 -0.0616808888 0.00315846773
f 1027 1029 1028
v -0.00423085803 -0.0580890395 -0.00130828939
v -0.00393607334 -0.0549962337 -0.00117455293
v -0.00332758027 -0.0565447262 -0.00379978519
f 1030 1032 1031
v -0.00332758027 -0.0565447262 -0.00379978519
v -0.00393607334 -0.0549962337 -0.00117455293
v -0.00349397014 -0.0506340177 -0.00177035654
f 1033 1035 1034
v -0.00213157819 -0.058225065 -0.00493489642
v -0.00350929367 -0.0609522511 -0.00386116117
v -0.00332758027 -0.0565447262 -0.00379978519
f 1036 1038 1037
v -0.00349397014 -0.0506340177 -0.00177035654
v -0.00254620609 -0.04878412 -0.00384369741
v -0.00332758027 -0.0565447262 -0.00379978519
f 1039 1041 1040
v -0.00113060414 -0.0535630621 -0.00537087908
v -0.00118953367 -0.0490287726 -0.00529363169
v 0.00119456581 -0.0515673077 -0.00557577805
f 1042 1044 1043
v 0.00287593539 -0.0554453349 -0.00414283131
v 0.00146261709 -0.0534532417 -0.00548373428
v 0.0027183778 -0.052180473 -0.00464565601
f 1045 1047 1046
v -0.00332758027 -0.0565447262 -0.00379978519
v -0.00118953367 -0.0490287726 -0.00529363169
v -0.00113060414 -0.0535630621 -0.00537087908
f 1048 1050 1049
v -0.000938575067 -0.061391847 -0.00521325346
v 0.000152906239 -0.0580469845 -0.00533630773
v 0.000792026276 -0.0600045722 -0.00496948924
f 1051 1053 1052
v 0.000152906239 -0.0580469845 -0.00533630773
v 0.000918644855 -0.055689906 -0.00533872844
v 0.000792026276 -0.0600045722 -0.00496948924
f 1054 1056 1055
v 0.000792026276 -0.0600045722 -0.00496948924
v 0.00361263665 -0.0566052971 -0.00288781575
v 0.00269182183 -0.0596798374 -0.00319365718
f 1057 1059 1058
v -0.00393607334 -0.0549962337 -0.00117455293
v -0.00355090124 -0.0529393612 -0.00104039318
v -0.00349397014 -0.0506340177 -0.00177035654
f 1060 1062 1061
v -0.00393607334 -0.0549962337 -0.00117455293
v -0.00317555023 -0.0537678017 0.00139180338
v -0.00355090124 -0.0529393612 -0.00104039318
f 1063 1065 1064
v 0.000311735516 -0.0569773198 0.00381751306
v -0.000456860471 -0.053595833 0.00362300561
v -0.00150461901 -0.0536880922 0.00314505996
f 1066 1068 1067
v 0.000311735516 -0.0569773198 0.00381751306
v 0.001978822 -0.0535392435 0.00360217709
v -0.000456860471 -0.053595833 0.00362300561
f 1069 1071 1070
v -0.00349397014 -0.0506340177 -0.00177035654
v -0.00282266683 -0.0470515282 -0.00259688131
v -0.00254620609 -0.04878412 -0.00384369741
f 1072 1074 1073
v -0.00282266683 -0.0470515282 -0.00259688131
v -0.00301919099 -0.0496658147 0.00076581
v -0.00291026136 -0.0457044604 -0.000877927778
f 1075 1077 1076
v -0.00349397014 -0.0506340177 -0.00177035654
v -0.00301919099 -0.0496658147 0.00076581
v -0.00282266683 -0.0470515282 -0.00259688131
f 1078 1080 1079
v -0.000708500011 -0.0503545976 0.00337572965
v 0.00081679691 -0.0474627537 0.00382224571
v -0.00196507917 -0.0457395159 0.00180106817
f 1081 1083 1082
v 0.00174482939 -0.0503702788 0.00367168032
v 0.00081679691 -0.0474627537 0.00382224571
v -0.000708500011 -0.0503545976 0.00337572965
f 1084 1086 1085
v 0.001978822 -0.0535392435 0.00360217709
v 0.00334735196 -0.0509265694 0.00276245373
v 0.00174482939 -0.0503702788 0.00367168032
f 1087 1089 1088
v 0.00174482939 -0.0503702788 0.00367168032
v 0.00334735196 -0.0509265694 0.00276245373
v 0.00396594696 -0.0483456068 0.00286759714
f 1090 1092 1091
v 0.00423975835 -0.0565145339 0.000142371641
v 0.0037132937 -0.0594403711 0.00116482533
v 0.00336202938 -0.058206328 -0.00206893837
f 1093 1095 1094
v 0.0037132937 -0.0594403711 0.00116482533
v 0.00403214035 -0.0573855883 0.00124492435
v 0.0030955347 -0.0598341518 0.00267303585
f 1096 1098 1097
v 0.00379931371 -0.0538600783 -0.00269646098
v 0.00423975835 -0.0565145339 0.000142371641
v 0.00361263665 -0.0566052971 -0.00288781575
f 1099 1101 1100
v 0.00379931371 -0.0538600783 -0.00269646098
v 0.00444624748 -0.0538589025 -0.000197104941
v 0.00423975835 -0.0565145339 0.000142371641
f 1102 1104 1103
v 0.00403047816 -0.0505403266 -0.00342654203
v 0.00493002844 -0.048889796 -0.000294633128
v 0.00444624748 -0.0538589025 -0.000197104941
f 1105 1107 1106
v 0.00325483124 -0.0545632094 0.00306399234
v 0.00403214035 -0.0573855883 0.00124492435
v 0.00456321686 -0.04995903 0.000956357962
f 1108 1110 1109
v 0.00334735196 -0.0509265694 0.00276245373
v 0.00325483124 -0.0545632094 0.00306399234
v 0.00456321686 -0.04995903 0.000956357962
f 1111 1113 1112
v 0.00444624748 -0.0538589025 -0.000197104941
v 0.00456321686 -0.04995903 0.000956357962
v 0.00403214035 -0.0573855883 0.00124492435
f 1114 1116 1115
v 0.00403214035 -0.0573855883 0.00124492435
v 0.00325483124 -0.0545632094 0.00306399234
v 0.00229714351 -0.0583345827 0.00338234895
f 1117 1119 1118
v -0.00118953367 -0.0490287726 -0.00529363169
v 0.00073728097 -0.0463126285 -0.00545556577
v 0.00119456581 -0.0515673077 -0.00557577805
f 1120 1122 1121
v 0.00073728097 -0.0463126285 -0.00545556577
v -0.00118953367 -0.0490287726 -0.00529363169
v -0.00155520356 -0.0475868583 -0.00474599074
f 1123 1125 1124
v -0.00155520356 -0.0475868583 -0.00474599074
v -0.000512554197 -0.0456564187 -0.00524416937
v 0.00073728097 -0.0463126285 -0.00545556577
f 1126 1128 1127
v -0.00282266683 -0.0470515282 -0.00259688131
v -0.0018588491 -0.043267844 -0.00348987596
v -0.00254620609 -0.04878412 -0.00384369741
f 1129 1131 1130
v -0.00282266683 -0.0470515282 -0.00259688131
v -0.00291026136 -0.0457044604 -0.000877927778
v -0.0018588491 -0.043267844 -0.00348987596
f 1132 1134 1133
v 0.00385248422 -0.04561432 -0.00381690879
v 0.00403047816 -0.0505403266 -0.00342654203
v 0.00192833177 -0.0488404941 -0.00533416824
f 1135 1137 1136
v 0.00227863347 -0.0461023767 -0.00509913189
v 0.0020505684 -0.0477541093 -0.00551228804
v 0.00073728097 -0.0463126285 -0.00545556577
f 1138 1140 1139
v 0.00073728097 -0.0463126285 -0.00545556577
v 0.0020505684 -0.0477541093 -0.00551228804
v 0.00192833177 -0.0488404941 -0.00533416824
f 1141 1143 1142
v 0.00403047816 -0.0505403266 -0.00342654203
v 0.00385248422 -0.04561432 -0.00381690879
v 0.00455006229 -0.0466058409 -0.00234745621
f 1144 1146 1145
v 0.00227863347 -0.0461023767 -0.00509913189
v 0.00385248422 -0.04561432 -0.00381690879
v 0.0020505684 -0.0477541093 -0.00551228804
f 1147 1149 1148
v -0.00196507917 -0.0457395159 0.00180106817
v -0.00217669804 -0.043065747 0.00065460672
v -0.00291026136 -0.0457044604 -0.000877927778
f 1150 1152 1151
v -0.00291026136 -0.0457044604 -0.000877927778
v -0.00217669804 -0.043065747 0.00065460672
v -0.00234063154 -0.0423673278 -0.000668924804
f 1153 1155 1154
v 3.28933908e-05 -0.0413928414 0.00323491258
v -0.00217669804 -0.043065747 0.00065460672
v -0.00196507917 -0.0457395159 0.00180106817
f 1156 1158 1157
v 0.00455006229 -0.0466058409 -0.00234745621
v 0.00508489575 -0.0421434845 -0.00162169126
v 0.00493002844 -0.048889796 -0.000294633128
f 1159 1161 1160
v -0.000289149034 -0.0427041377 -0.00494315645
v 0.00165564143 -0.0445110665 -0.0055718072
v -0.000512554197 -0.0456564187 -0.00524416937
f 1162 1164 1163
v -0.000289149034 -0.0427041377 -0.00494315645
v 0.001990501 -0.0432227214 -0.0052614887
v 0.00165564143 -0.0445110665 -0.0055718072
f 1165 1167 1166
v 6.72013698e-06 -0.0394216011 -0.00480460112
v 0.00218344503 -0.0381899561 -0.00490208076
v 0.001990501 -0.0432227214 -0.0052614887
f 1168 1170 1169
v 0.00073728097 -0.0463126285 -0.00545556577
v 0.00165564143 -0.0445110665 -0.0055718072
v 0.00227863347 -0.0461023767 -0.00509913189
f 1171 1173 1172
v 0.00376531243 -0.0407463289 -0.00406218132
v 0.00385248422 -0.04561432 -0.00381690879
v 0.001990501 -0.0432227214 -0.0052614887
f 1174 1176 1175
v -0.0018588491 -0.043267844 -0.00348987596
v -0.00234063154 -0.0423673278 -0.000668924804
v -0.00177533348 -0.0404668652 -0.0028065293
f 1177 1179 1178
v 0.00376531243 -0.0407463289 -0.00406218132
v 0.00508489575 -0.0421434845 -0.00162169126
v 0.00385248422 -0.04561432 -0.00381690879
f 1180 1182 1181
v 0.00493002844 -0.048889796 -0.000294633128
v 0.00403047816 -0.0505403266 -0.00342654203
v 0.00455006229 -0.0466058409 -0.00234745621
f 1183 1185 1184
v 0.0027183778 -0.052180473 -0.00464565601
v 0.00192833177 -0.0488404941 -0.00533416824
v 0.00403047816 -0.0505403266 -0.00342654203
f 1186 1188 1187
v -0.00118953367 -0.0490287726 -0.00529363169
v -0.00254620609 -0.04878412 -0.00384369741
v -0.00155520356 -0.0475868583 -0.00474599074
f 1189 1191 1190
v 0.000918644855 -0.055689906 -0.00533872844
v 0.00146261709 -0.0534532417 -0.00548373428
v 0.00287593539 -0.0554453349 -0.00414283131
f 1192 1194 1193
v 0.00334735196 -0.0509265694 0.00276245373
v 0.001978822 -0.0535392435 0.00360217709
v 0.00325483124 -0.0545632094 0.00306399234
f 1195 1197 1196
v -0.000558315423 -0.0371510861 0.00257611646
v -0.00195105749 -0.0382527796 0.000377282163
v -0.00167805956 -0.0403448794 0.00159327446
f 1198 1200 1199
v -0.00195105749 -0.0382527796 0.000377282163
v -0.00110840319 -0.0333150703 0.00182876556
v -0.00162802608 -0.0365112064 0.000239450605
f 1201 1203 1202
v 0.000805631225 -0.0362230174 0.00360732447
v 0.000708686275 -0.0328799215 0.00359090227
v -0.000558315423 -0.0371510861 0.00257611646
f 1204 1206 1205
v -0.000558315423 -0.0371510861 0.00257611646
v -0.00110840319 -0.0333150703 0.00182876556
v -0.00195105749 -0.0382527796 0.000377282163
f 1207 1209 1208
v 0.00174482939 -0.0503702788 0.00367168032
v 0.00396594696 -0.0483456068 0.00286759714
v 0.00081679691 -0.0474627537 0.00382224571
f 1210 1212 1211
v 0.00178748815 -0.0445127516 0.00375299278
v 0.00317298982 -0.0426949176 0.00346360976
v 0.00183649518 -0.0396677817 0.00366754903
f 1213 1215 1214
v 0.00178748815 -0.0445127516 0.00375299278
v 3.28933908e-05 -0.0413928414 0.00323491258
v -0.000388421995 -0.0442664983 0.00308628732
f 1216 1218 1217
v 0.00405584651 -0.0443463417 0.00266249117
v 0.00178748815 -0.0445127516 0.00375299278
v 0.00396594696 -0.0483456068 0.00286759714
f 1219 1221 1220
v 0.00178748815 -0.0445127516 0.00375299278
v 0.00405584651 -0.0443463417 0.00266249117
v 0.00317298982 -0.0426949176 0.00346360976
f 1222 1224 1223
v 0.00405584651 -0.0443463417 0.00266249117
v 0.00476232672 -0.0425943668 0.00149202042
v 0.00317298982 -0.0426949176 0.00346360976
f 1225 1227 1226
v 0.00183649518 -0.0396677817 0.00366754903
v 0.000805631225 -0.0362230174 0.00360732447
v -8.36023389e-05 -0.0388892659 0.00320910112
f 1228 1230 1229
v -8.36023389e-05 -0.0388892659 0.00320910112
v 0.000805631225 -0.0362230174 0.00360732447
v -0.000558315423 -0.0371510861 0.00257611646
f 1231 1233 1232
v 0.00526815711 -0.040597847 -0.000433078685
v 0.00471472267 -0.0375539414 0.00237168933
v 0.00476232672 -0.0425943668 0.00149202042
f 1234 1236 1235
v 0.00476232672 -0.0425943668 0.00149202042
v 0.00471472267 -0.0375539414 0.00237168933
v 0.00317298982 -0.0426949176 0.00346360976
f 1237 1239 1238
v 0.00183649518 -0.0396677817 0.00366754903
v 0.00293323919 -0.0346502842 0.00392623042
v 0.000805631225 -0.0362230174 0.00360732447
f 1240 1242 1241
v 3.28933908e-05 -0.0413928414 0.00323491258
v -8.36023389e-05 -0.0388892659 0.00320910112
v -0.00167805956 -0.0403448794 0.00159327446
f 1243 1245 1244
v 0.00317298982 -0.0426949176 0.00346360976
v 0.00471472267 -0.0375539414 0.00237168933
v 0.00398448392 -0.0367600995 0.00309198331
f 1246 1248 1247
v 6.72013698e-06 -0.0394216011 -0.00480460112
v -0.00142163472 -0.0373356015 -0.00297615443
v 3.53890613e-05 -0.0356606528 -0.00430290456
f 1249 1251 1250
v -0.00142163472 -0.0373356015 -0.00297615443
v -0.00170423555 -0.0346800982 0.000345051581
v -0.00112829402 -0.0332935102 -0.00238879657
f 1252 1254 1253
v 0.000323773156 -0.0327302696 -0.00401674006
v 0.00235885964 -0.0341289677 -0.00451354426
v 3.53890613e-05 -0.0356606528 -0.00430290456
f 1255 1257 1256
v 0.000323773156 -0.0327302696 -0.00401674006
v 0.00228670033 -0.030415412 -0.00423970523
v 0.00235885964 -0.0341289677 -0.00451354426
f 1258 1260 1259
v 0.000443465797 -0.0279156986 -0.0033922217
v 0.00151341983 -0.0283628411 -0.00388006665
v 0.000323773156 -0.0327302696 -0.00401674006
f 1261 1263 1262
v 0.00151341983 -0.0283628411 -0.00388006665
v 0.00228670033 -0.030415412 -0.00423970523
v 0.000323773156 -0.0327302696 -0.00401674006
f 1264 1266 1265
v 0.00452380409 -0.0364176492 -0.00306348993
v 0.0040757237 -0.0330408715 -0.00345043663
v 0.00558274733 -0.0348914939 -0.00169063023
f 1267 1269 1268
v 0.00235885964 -0.0341289677 -0.00451354426
v 0.0040757237 -0.0330408715 -0.00345043663
v 0.00452380409 -0.0364176492 -0.00306348993
f 1270 1272 1271
v -0.00170423555 -0.0346800982 0.000345051581
v -0.00139611693 -0.032009033 -0.000322565575
v -0.00112829402 -0.0332935102 -0.00238879657
f 1273 1275 1274
v -0.00112829402 -0.0332935102 -0.00238879657
v -0.00139611693 -0.032009033 -0.000322565575
v -0.000514619478 -0.0293953199 -0.00255251143
f 1276 1278 1277
v -0.00110840319 -0.0333150703 0.00182876556
v -0.0011211645 -0.0289311924 0.000829890359
v -0.00139611693 -0.032009033 -0.000322565575
f 1279 1281 1280
v -0.00170423555 -0.0346800982 0.000345051581
v -0.00110840319 -0.0333150703 0.00182876556
v -0.00139611693 -0.032009033 -0.000322565575
f 1282 1284 1283
v -0.000809254834 -0.0262253947 -0.000798856399
v -0.00139611693 -0.032009033 -0.000322565575
v -0.0011211645 -0.0289311924 0.000829890359
f 1285 1287 1286
v 0.00449575164 -0.0307546376 -0.00324263274
v 0.00151341983 -0.0283628411 -0.00388006665
v 0.00361230414 -0.0278724852 -0.00342664425
f 1288 1290 1289
v 0.00449575164 -0.0307546376 -0.00324263274
v 0.00228670033 -0.030415412 -0.00423970523
v 0.00151341983 -0.0283628411 -0.00388006665
f 1291 1293 1292
v 0.00330281655 -0.0301449647 0.00410242828
v 0.00399284691 -0.0272970501 0.00391697104
v 0.00146712337 -0.0267111143 0.0039919938
f 1294 1296 1295
v 0.00330281655 -0.0301449647 0.00410242828
v 0.00146712337 -0.0267111143 0.0039919938
v 0.00112995676 -0.0304083107 0.0038864986
f 1297 1299 1298
v 0.00146712337 -0.0267111143 0.0039919938
v 0.000710265158 -0.0255631108 0.00337965976
v -0.000515514876 -0.0303518958 0.00242081242
f 1300 1302 1301
v 0.00399284691 -0.0272970501 0.00391697104
v 0.00277081399 -0.0248617667 0.00412486334
v 0.00146712337 -0.0267111143 0.0039919938
f 1303 1305 1304
v -0.000809254834 -0.0262253947 -0.000798856399
v -0.0011211645 -0.0289311924 0.000829890359
v -0.000548197113 -0.024719839 0.00163214008
f 1306 1308 1307
v 0.000708686275 -0.0328799215 0.00359090227
v -0.000515514876 -0.0303518958 0.00242081242
v -0.00110840319 -0.0333150703 0.00182876556
f 1309 1311 1310
v 0.000443465797 -0.0279156986 -0.0033922217
v -0.000688033469 -0.0245257368 -0.0012166447
v 2.38103709e-05 -0.0209757607 -0.00185413664
f 1312 1314 1313
v 0.00361230414 -0.0278724852 -0.00342664425
v 0.00151341983 -0.0283628411 -0.00388006665
v 0.00264982755 -0.0269735785 -0.00390916721
f 1315 1317 1316
v 0.00126643044 -0.0237831642 -0.00317972226
v 0.00255046143 -0.0229877638 -0.00318647399
v 0.00264982755 -0.0269735785 -0.00390916721
f 1318 1320 1319
v -0.000688033469 -0.0245257368 -0.0012166447
v -0.000809254834 -0.0262253947 -0.000798856399
v -0.000548197113 -0.024719839 0.00163214008
f 1321 1323 1322
v -0.000688033469 -0.0245257368 -0.0012166447
v -0.000557327985 -0.0213385603 0.000611938776
v 2.38103709e-05 -0.0209757607 -0.00185413664
f 1324 1326 1325
v 2.38103709e-05 -0.0209757607 -0.00185413664
v -0.000557327985 -0.0213385603 0.000611938776
v -0.000302426542 -0.0182309683 -0.000322669553
f 1327 1329 1328
v -0.000548197113 -0.024719839 0.00163214008
v -3.89009642e-06 -0.0211446153 0.00215985747
v -0.000557327985 -0.0213385603 0.000611938776
f 1330 1332 1331
v -0.000688033469 -0.0245257368 -0.0012166447
v -0.000548197113 -0.024719839 0.00163214008
v -0.000557327985 -0.0213385603 0.000611938776
f 1333 1335 1334
v 0.0042811731 -0.023349472 -0.00236532869
v 0.0057865258 -0.0233646526 -0.000492313438
v 0.00490112288 -0.0254167913 -0.00246146537
f 1336 1338 1337
v 0.00609374547 -0.0251132966 -0.000170806322
v 0.00536402404 -0.023206303 0.00252025966
v 0.00560880726 -0.027681858 0.00209082737
f 1339 1341 1340
v 0.00589106494 -0.0214741856 0.000915143573
v 0.00536402404 -0.023206303 0.00252025966
v 0.00609374547 -0.0251132966 -0.000170806322
f 1342 1344 1343
v 0.00235987627 -0.0184486009 -0.00276981009
v 0.00295662903 -0.017188568 -0.00247051594
v 0.00526393451 -0.0167874052 -0.000756157533
f 1345 1347 1346
v 0.00255046143 -0.0229877638 -0.00318647399
v 0.00235987627 -0.0184486009 -0.00276981009
v 0.0042811731 -0.023349472 -0.00236532869
f 1348 1350 1349
v 0.0054520835 -0.0201663759 -0.000762604623
v 0.00526393451 -0.0167874052 -0.000756157533
v 0.00589106494 -0.0214741856 0.000915143573
f 1351 1353 1352
v 0.00103173652 -0.0211092804 -0.00278939078
v 0.00126643044 -0.0237831642 -0.00317972226
v 2.38103709e-05 -0.0209757607 -0.00185413664
f 1354 1356 1355
v 0.00235987627 -0.0184486009 -0.00276981009
v 0.00526393451 -0.0167874052 -0.000756157533
v 0.0042811731 -0.023349472 -0.00236532869
f 1357 1359 1358
v -3.89009642e-06 -0.0211446153 0.00215985747
v 0.000710265158 -0.0255631108 0.00337965976
v 0.00107101232 -0.0175938316 0.00307958726
f 1360 1362 1361
v 0.00277081399 -0.0248617667 0.00412486334
v 0.00399284691 -0.0272970501 0.00391697104
v 0.00366875393 -0.0228004632 0.00403013473
f 1363 1365 1364
v 0.00277081399 -0.0248617667 0.00412486334
v 0.00366875393 -0.0228004632 0.00403013473
v 0.00236672622 -0.0183896453 0.0037955313
f 1366 1368 1367
v 0.00494344713 -0.0165587539 0.00271410645
v 0.00348174472 -0.0153058703 0.00359500227
v 0.00236672622 -0.0183896453 0.0037955313
f 1369 1371 1370
v 0.00363584077 -0.019241625 0.00379350495
v 0.00494344713 -0.0165587539 0.00271410645
v 0.00236672622 -0.0183896453 0.0037955313
f 1372 1374 1373
v 0.00236672622 -0.0183896453 0.0037955313
v 0.0023742652 -0.0144568825 0.00354243675
v 0.00107101232 -0.0175938316 0.00307958726
f 1375 1377 1376
v 0.000153437179 -0.016969243 0.00172678956
v 0.00107101232 -0.0175938316 0.00307958726
v 0.000253317558 -0.0133398469 0.00218314908
f 1378 1380 1379
v 0.00589106494 -0.0214741856 0.000915143573
v 0.00569326075 -0.0183081313 0.00139294298
v 0.00557109634 -0.0208700862 0.00258926048
f 1381 1383 1382
v 0.00366875393 -0.0228004632 0.00403013473
v 0.00557109634 -0.0208700862 0.00258926048
v 0.00363584077 -0.019241625 0.00379350495
f 1384 1386 1385
v 0.00277081399 -0.0248617667 0.00412486334
v 0.00236672622 -0.0183896453 0.0037955313
v 0.000710265158 -0.0255631108 0.00337965976
f 1387 1389 1388
v 0.00589106494 -0.0214741856 0.000915143573
v 0.00526393451 -0.0167874052 -0.000756157533
v 0.00569326075 -0.0183081313 0.00139294298
f 1390 1392 1391
v 0.00589106494 -0.0214741856 0.000915143573
v 0.00557109634 -0.0208700862 0.00258926048
v 0.00536402404 -0.023206303 0.00252025966
f 1393 1395 1394
v 1.21863479e-05 -0.0157590155 -0.00055909436
v -5.00712858e-06 -0.0151346132 0.000301833461
v 0.000757843918 -0.0153025612 -0.00236279866
f 1396 1398 1397
v 0.00152021676 -0.0148522391 -0.00290582357
v 0.00336377634 -0.0137665396 -0.00239793389
v 0.00295662903 -0.017188568 -0.00247051594
f 1399 1401 1400
v 0.000757843918 -0.0153025612 -0.00236279866
v -0.000153433632 -0.0131768 -0.00216086046
v 0.00152021676 -0.0148522391 -0.00290582357
f 1402 1404 1403
v 0.0024088371 -0.0140161719 -0.00294980364
v 0.00118225371 -0.0132009969 -0.00337989695
v 0.00241624839 -0.0140435048 -0.00296378257
f 1405 1407 1406
v 0.00241624839 -0.0140435048 -0.00296378257
v 0.00152021676 -0.0148522391 -0.00290582357
v 0.0024088371 -0.0140161719 -0.00294980364
f 1408 1410 1409
v 0.00118225371 -0.0132009969 -0.00337989695
v 0.0024088371 -0.0140161719 -0.00294980364
v 0.00152021676 -0.0148522391 -0.00290582357
f 1411 1413 1412
v 0.0024088371 -0.0140161719 -0.00294980364
v 0.00336377634 -0.0137665396 -0.00239793389
v 0.00241624839 -0.0140435048 -0.00296378257
f 1414 1416 1415
v 0.00152021676 -0.0148522391 -0.00290582357
v 0.00241624839 -0.0140435048 -0.00296378257
v 0.00336377634 -0.0137665396 -0.00239793389
f 1417 1419 1418
v 0.00151374261 -0.0114605165 -0.00363659965
v 0.00234757481 -0.0135260518 -0.00316530677
v 0.00118225371 -0.0132009969 -0.00337989695
f 1420 1422 1421
v 0.00336377634 -0.0137665396 -0.00239793389
v 0.00473885157 -0.0145809099 -0.00154385962
v 0.00526393451 -0.0167874052 -0.000756157533
f 1423 1425 1424
v 0.000757843918 -0.0153025612 -0.00236279866
v 0.00152021676 -0.0148522391 -0.00290582357
v 0.001139919 -0.0169315565 -0.00230353817
f 1426 1428 1427
v 0.00234757481 -0.0135260518 -0.00316530677
v 0.00366355162 -0.011379012 -0.00275506936
v 0.00336377634 -0.0137665396 -0.00239793389
f 1429 1431 1430
v -0.000153433632 -0.0131768 -0.00216086046
v -5.00712858e-06 -0.0151346132 0.000301833461
v -0.000240124177 -0.0142421413 0.000227677629
f 1432 1434 1433
v -0.000541536156 -0.0121571691 -0.000220147012
v -0.000153433632 -0.0131768 -0.00216086046
v -0.000240124177 -0.0142421413 0.000227677629
f 1435 1437 1436
v -0.000240124177 -0.0142421413 0.000227677629
v 0.000253317558 -0.0133398469 0.00218314908
v -0.000541536156 -0.0121571691 -0.000220147012
f 1438 1440 1439
v 0.0023742652 -0.0144568825 0.00354243675
v 7.02023556e-05 -0.0111667774 0.0026193542
v 0.000253317558 -0.0133398469 0.00218314908
f 1441 1443 1442
v -0.000541536156 -0.0121571691 -0.000220147012
v 0.000253317558 -0.0133398469 0.00218314908
v 7.02023556e-05 -0.0111667774 0.0026193542
f 1444 1446 1445
v -0.000937144705 -0.0103658924 -0.00201944895
v -0.000153433632 -0.0131768 -0.00216086046
v -0.000541536156 -0.0121571691 -0.000220147012
f 1447 1449 1448
v 0.00118225371 -0.0132009969 -0.00337989695
v -0.000153433632 -0.0131768 -0.00216086046
v -0.000937144705 -0.0103658924 -0.00201944895
f 1450 1452 1451
v -0.000763423577 -0.01025315 0.000527131033
v -0.000541536156 -0.0121571691 -0.000220147012
v 7.02023556e-05 -0.0111667774 0.0026193542
f 1453 1455 1454
v 7.02023556e-05 -0.0111667774 0.0026193542
v -0.00103215452 -0.00960551115 0.0015003403
v -0.000763423577 -0.01025315 0.000527131033
f 1456 1458 1457
v 0.00151374261 -0.0114605165 -0.00363659965
v -0.000937144705 -0.0103658924 -0.00201944895
v 0.000619673938 -0.00987730891 -0.00396387368
f 1459 1461 1460
v -0.00157363484 -0.00858830972 -0.0014976179
v -0.000937144705 -0.0103658924 -0.00201944895
v -0.00103215452 -0.00960551115 0.0015003403
f 1462 1464 1463
v 0.000914484554 -0.00792807768 -0.0045025794
v 0.00338866303 -0.00912440883 -0.00382875915
v 0.000619673938 -0.00987730891 -0.00396387368
f 1465 1467 1466
v 0.00151374261 -0.0114605165 -0.00363659965
v 0.000619673938 -0.00987730891 -0.00396387368
v 0.00338866303 -0.00912440883 -0.00382875915
f 1468 1470 1469
v 0.000619673938 -0.00987730891 -0.00396387368
v -0.000384384202 -0.00836562176 -0.00375409691
v 0.000914484554 -0.00792807768 -0.0045025794
f 1471 1473 1472
v -0.00157363484 -0.00858830972 -0.0014976179
v -0.00103215452 -0.00960551115 0.0015003403
v -0.00132392815 -0.00623298911 0.000275047296
f 1474 1476 1475
v -0.000384384202 -0.00836562176 -0.00375409691
v -0.000937144705 -0.0103658924 -0.00201944895
v -0.00157363484 -0.00858830972 -0.0014976179
f 1477 1479 1478
v -0.00103215452 -0.00960551115 0.0015003403
v 0.000346359957 -0.00893646429 0.00308601957
v 0.000218733749 -0.00745610669 0.00314322642
f 1480 1482 1481
v 0.000218733749 -0.00745610669 0.00314322642
v 0.000346359957 -0.00893646429 0.00308601957
v 0.00220799302 -0.00727040751 0.00338889549
f 1483 1485 1484
v 6.59630302e-05 -0.00733705747 0.00287600669
v 0.000218733749 -0.00745610669 0.00314322642
v 0.000283923055 -0.0070655653 0.00321475454
f 1486 1488 1487
v -3.45079826e-05 -0.00613515367 0.00281048888
v 0.000389464458 -0.0069698428 0.0033112774
v 0.000806811931 -0.00550355981 0.00358135221
f 1489 1491 1490
v 0.00220799302 -0.00727040751 0.00338889549
v 0.000806811931 -0.00550355981 0.00358135221
v 0.000389464458 -0.0069698428 0.0033112774
f 1492 1494 1493
v 6.59630302e-05 -0.00733705747 0.00287600669
v 0.000368852875 -0.00710619133 0.0031619471
v -3.45079826e-05 -0.00613515367 0.00281048888
f 1495 1497 1496
v 6.59630302e-05 -0.00733705747 0.00287600669
v -0.00103215452 -0.00960551115 0.0015003403
v 0.000218733749 -0.00745610669 0.00314322642
f 1498 1500 1499
v 0.000218733749 -0.00745610669 0.00314322642
v 0.00220799302 -0.00727040751 0.00338889549
v 0.000389464458 -0.0069698428 0.0033112774
f 1501 1503 1502
v 0.000218733749 -0.00745610669 0.00314322642
v 0.000368852875 -0.00710619133 0.0031619471
v 0.000283923055 -0.0070655653 0.00321475454
f 1504 1506 1505
v -3.45079826e-05 -0.00613515367 0.00281048888
v 0.000806811931 -0.00550355981 0.00358135221
v 0.000729666226 -0.00368316796 0.00310295909
f 1507 1509 1508
v 0.000806811931 -0.00550355981 0.00358135221
v 0.00220799302 -0.00727040751 0.00338889549
v 0.0030756466 -0.0039309878 0.00235077332
f 1510 1512 1511
v 0.00348174472 -0.0153058703 0.00359500227
v 0.00323067579 -0.0112784292 0.00340936567
v 0.0023742652 -0.0144568825 0.00354243675
f 1513 1515 1514
v 0.0049686525 -0.0141138458 0.00235283042
v 0.00494344713 -0.0165587539 0.00271410645
v 0.00551209196 -0.0139027019 0.000984326107
f 1516 1518 1517
v -0.000153433632 -0.0131768 -0.00216086046
v 0.00118225371 -0.0132009969 -0.00337989695
v 0.00152021676 -0.0148522391 -0.00290582357
f 1519 1521 1520
v 0.00473885157 -0.0145809099 -0.00154385962
v 0.00544910363 -0.0125910796 -0.000295430596
v 0.00526393451 -0.0167874052 -0.000756157533
f 1522 1524 1523
v 0.00323067579 -0.0112784292 0.00340936567
v 0.0049686525 -0.0141138458 0.00235283042
v 0.0048430491 -0.0114432034 0.00255321429
f 1525 1527 1526
v 0.00348174472 -0.0153058703 0.00359500227
v 0.0049686525 -0.0141138458 0.00235283042
v 0.00323067579 -0.0112784292 0.00340936567
f 1528 1530 1529
v 0.00551209196 -0.0139027019 0.000984326107
v 0.00494344713 -0.0165587539 0.00271410645
v 0.00569326075 -0.0183081313 0.00139294298
f 1531 1533 1532
v 0.00151374261 -0.0114605165 -0.00363659965
v 0.00338866303 -0.00912440883 -0.00382875915
v 0.00366355162 -0.011379012 -0.00275506936
f 1534 1536 1535
v 0.00336377634 -0.0137665396 -0.00239793389
v 0.00366355162 -0.011379012 -0.00275506936
v 0.00424118552 -0.00802254654 -0.00268221647
f 1537 1539 1538
v 0.00151374261 -0.0114605165 -0.00363659965
v 0.00366355162 -0.011379012 -0.00275506936
v 0.00234757481 -0.0135260518 -0.00316530677
f 1540 1542 1541
v 0.0048319951 -0.00868554052 0.00175674923
v 0.0048430491 -0.0114432034 0.00255321429
v 0.00561755696 -0.0106723593 9.43180169e-05
f 1543 1545 1544
v 0.00544910363 -0.0125910796 -0.000295430596
v 0.00561755696 -0.0106723593 9.43180169e-05
v 0.00551209196 -0.0139027019 0.000984326107
f 1546 1548 1547
v 0.00424118552 -0.00802254654 -0.00268221647
v 0.00561755696 -0.0106723593 9.43180169e-05
v 0.00544910363 -0.0125910796 -0.000295430596
f 1549 1551 1550
v 0.00561755696 -0.0106723593 9.43180169e-05
v 0.0049860173 -0.00711983885 -0.000287587977
v 0.0048319951 -0.00868554052 0.00175674923
f 1552 1554 1553
v -0.000132434559 -0.00167080707 -0.0011609246
v -0.00018239308 -0.00172916025 -0.00103428174
v -0.000239475435 -0.00161139742 -0.0011309523
f 1555 1557 1556
v -0.000415576778 -0.00196454039 -0.00197622048
v -0.000403052854 -0.00150878304 -0.00119807028
v -0.000782764164 -0.00105885529 -0.00235076222
f 1558 1560 1559
v -0.000403052854 -0.00150878304 -0.00119807028
v -0.000415576778 -0.00196454039 -0.00197622048
v -0.000239475435 -0.00161139742 -0.0011309523
f 1561 1563 1562
v 4.28915513e-05 -0.00188200484 -0.000749667197
v -0.000415576778 -0.00196454039 -0.00197622048
v -0.000665023254 -0.00318895 -0.000670176178
f 1564 1566 1565
v -0.000782764164 -0.00105885529 -0.00235076222
v -0.00047088306 -0.000797404027 -0.00289640084
v -0.000334721631 -0.000899305269 -0.00295815589
f 1567 1569 1568
v -0.000782764164 -0.00105885529 -0.00235076222
v -0.000334721631 -0.000899305269 -0.00295815589
v -0.000122199856 -0.00108594531 -0.00324331704
f 1570 1572 1571
v -0.000122199856 -0.00108594531 -0.00324331704
v 0.000668249595 -0.00171540305 -0.00374095289
v -0.000370049156 -0.00264872178 -0.0034362467
f 1573 1575 1574
v -0.000782764164 -0.00105885529 -0.00235076222
v -0.000122199856 -0.00108594531 -0.00324331704
v -0.000415576778 -0.00196454039 -0.00197622048
f 1576 1578 1577
v -0.00047088306 -0.000797404027 -0.00289640084
v -0.000649738104 -0.000842570262 -0.00262383419
v -0.000334721631 -0.000899305269 -0.00295815589
f 1579 1581 1580
v -0.00018239308 -0.00172916025 -0.00103428174
v -0.000415576778 -0.00196454039 -0.00197622048
v 4.28915513e-05 -0.00188200484 -0.000749667197
f 1582 1584 1583
v -0.000782764164 -0.00105885529 -0.00235076222
v -0.000640250073 -0.00075631815 -0.00285374445
v -0.00047088306 -0.000797404027 -0.00289640084
f 1585 1587 1586
v -0.000640250073 -0.00075631815 -0.00285374445
v -0.000649738104 -0.000842570262 -0.00262383419
v -0.00047088306 -0.000797404027 -0.00289640084
f 1588 1590 1589
v 0.00303532561 -0.00743322598 -0.00419591452
v 0.00343917054 -0.00781538838 -0.00393306473
v 0.00338866303 -0.00912440883 -0.00382875915
f 1591 1593 1592
v 0.00343917054 -0.00781538838 -0.00393306473
v 0.00303532561 -0.00743322598 -0.00419591452
v 0.0034509525 -0.00787558965 -0.00404490493
f 1594 1596 1595
v 0.0034509525 -0.00787558965 -0.00404490493
v 0.00338866303 -0.00912440883 -0.00382875915
v 0.00343917054 -0.00781538838 -0.00393306473
f 1597 1599 1598
v 0.00300510383 -0.00564740585 -0.00428878157
v 0.00316566839 -0.00639678037 -0.00432933884
v 0.00303532561 -0.00743322598 -0.00419591452
f 1600 1602 1601
v 0.00340824845 -0.00732580665 -0.00415967406
v 0.00316566839 -0.00639678037 -0.00432933884
v 0.00424282443 -0.00572678109 -0.00283424761
f 1603 1605 1604
v 0.00300510383 -0.00564740585 -0.00428878157
v 0.000298870873 -0.00589242482 -0.00406299987
v 0.00169776577 -0.00430864748 -0.00390372879
f 1606 1608 1607
v 0.00340824845 -0.00732580665 -0.00415967406
v 0.00303532561 -0.00743322598 -0.00419591452
v 0.00316566839 -0.00639678037 -0.00432933884
f 1609 1611 1610
v 0.00340824845 -0.00732580665 -0.00415967406
v 0.00424282443 -0.00572678109 -0.00283424761
v 0.00424118552 -0.00802254654 -0.00268221647
f 1612 1614 1613
v 0.000914484554 -0.00792807768 -0.0045025794
v -0.000384384202 -0.00836562176 -0.00375409691
v -0.00137884999 -0.00640479193 -0.00240355293
f 1615 1617 1616
v -0.00137884999 -0.00640479193 -0.00240355293
v 0.000298870873 -0.00589242482 -0.00406299987
v 0.000914484554 -0.00792807768 -0.0045025794
f 1618 1620 1619
v 0.00343515421 -0.00445698133 -0.00374034935
v 0.00318586353 -0.00359146834 -0.00336852827
v 0.00354841868 -0.00278690168 -0.00186221878
f 1621 1623 1622
v 0.00169776577 -0.00430864748 -0.00390372879
v 0.00343515421 -0.00445698133 -0.00374034935
v 0.00300510383 -0.00564740585 -0.00428878157
f 1624 1626 1625
v 6.90098034e-05 -0.00438866809 -0.0034136152
v -0.000370049156 -0.00264872178 -0.0034362467
v 0.00169776577 -0.00430864748 -0.00390372879
f 1627 1629 1628
v 0.000668249595 -0.00171540305 -0.00374095289
v 0.00169776577 -0.00430864748 -0.00390372879
v -0.000370049156 -0.00264872178 -0.0034362467
f 1630 1632 1631
v 0.00416887815 -0.00389128727 2.88297571e-05
v 0.00424282443 -0.00572678109 -0.00283424761
v 0.00354841868 -0.00278690168 -0.00186221878
f 1633 1635 1634
v 0.00300510383 -0.00564740585 -0.00428878157
v 0.00343515421 -0.00445698133 -0.00374034935
v 0.00424282443 -0.00572678109 -0.00283424761
f 1636 1638 1637
v 0.000349836841 -0.00232445855 0.000627702775
v 0.000343417787 -0.00240732297 0.000721878041
v 0.000159167951 -0.00226556713 0.000606673075
f 1639 1641 1640
v 0.000343417787 -0.00240732297 0.000721878041
v 0.000498708687 -0.002367247 0.000637236462
v 0.000189750574 -0.00232564889 0.000322454343
f 1642 1644 1643
v 0.000349836841 -0.00232445855 0.000627702775
v 0.000189750574 -0.00232564889 0.000322454343
v 0.000498708687 -0.002367247 0.000637236462
f 1645 1647 1646
v 0.000498708687 -0.002367247 0.000637236462
v 0.000343417787 -0.00240732297 0.000721878041
v 0.000349836841 -0.00232445855 0.000627702775
f 1648 1650 1649
v 0.000428443946 -0.0023175231 0.000932903185
v 0.000640993403 -0.00245808023 0.00134818183
v 0.00235187035 -0.00217013894 -0.000404985622
f 1651 1653 1652
v 0.000428443946 -0.0023175231 0.000932903185
v 0.000343417787 -0.00240732297 0.000721878041
v 0.000384103441 -0.00238865869 0.00104084011
f 1654 1656 1655
v 0.000384103441 -0.00238865869 0.00104084011
v 0.000343417787 -0.00240732297 0.000721878041
v 0.000562253081 -0.00249482673 0.00104116225
f 1657 1659 1658
v 0.000205869401 -0.00218105833 0.000192334073
v -0.000665023254 -0.00318895 -0.000670176178
v 0.000317465606 -0.00220664933 0.000205573497
f 1660 1662 1661
v 4.28915513e-05 -0.00188200484 -0.000749667197
v 0.00235187035 -0.00217013894 -0.000404985622
v 0.000955912401 -0.00112134157 -0.00154033023
f 1663 1665 1664
v 0.000189750574 -0.00232564889 0.000322454343
v 0.000205869401 -0.00218105833 0.000192334073
v 0.000317465606 -0.00220664933 0.000205573497
f 1666 1668 1667
v -0.000665023254 -0.00318895 -0.000670176178
v 0.000189750574 -0.00232564889 0.000322454343
v 0.000317465606 -0.00220664933 0.000205573497
f 1669 1671 1670
v -0.00132392815 -0.00623298911 0.000275047296
v -0.000280264089 -0.00386214488 0.00190018327
v -0.00142509607 -0.00439394717 -0.00126007189
f 1672 1674 1673
v 0.000729666226 -0.00368316796 0.00310295909
v 0.00121592166 -0.00273823953 0.00197195222
v -0.000280264089 -0.00386214488 0.00190018327
f 1675 1677 1676
v 0.00121592166 -0.00273823953 0.00197195222
v -0.000665023254 -0.00318895 -0.000670176178
v -0.000280264089 -0.00386214488 0.00190018327
f 1678 1680 1679
v 0.00416887815 -0.00389128727 2.88297571e-05
v 0.0030756466 -0.0039309878 0.00235077332
v 0.00465527555 -0.00664794352 0.000850824563
f 1681 1683 1682
v 0.00262589292 -0.00238558587 -0.00354401491
v 0.000668249595 -0.00171540305 -0.00374095289
v 0.00224592932 -0.00130315329 -0.00264920382
f 1684 1686 1685
v -0.000122199856 -0.00108594531 -0.00324331704
v -0.000640250073 -0.00075631815 -0.00285374445
v 0.000279229403 -0.00057315915 -0.00321441839
f 1687 1689 1688
v -0.000122199856 -0.00108594531 -0.00324331704
v 0.000279229403 -0.00057315915 -0.00321441839
v 0.000668249595 -0.00171540305 -0.00374095289
f 1690 1692 1691
v 0.000279229403 -0.00057315915 -0.00321441839
v -0.000334721631 -0.000899305269 -0.00295815589
v -0.000649738104 -0.000842570262 -0.00262383419
f 1693 1695 1694
v 0.000663367064 -0.00279911019 0.0011097276
v -0.000665023254 -0.00318895 -0.000670176178
v 0.00121592166 -0.00273823953 0.00197195222
f 1696 1698 1697
v 0.000640993403 -0.00245808023 0.00134818183
v 0.00121592166 -0.00273823953 0.00197195222
v 0.00235187035 -0.00217013894 -0.000404985622
f 1699 1701 1700
v 0.00424282443 -0.00572678109 -0.00283424761
v 0.0049860173 -0.00711983885 -0.000287587977
v 0.00424118552 -0.00802254654 -0.00268221647
f 1702 1704 1703
v 0.000757843918 -0.0153025612 -0.00236279866
v -5.00712858e-06 -0.0151346132 0.000301833461
v -0.000153433632 -0.0131768 -0.00216086046
f 1705 1707 1706
v 0.00424118552 -0.00802254654 -0.00268221647
v 0.00338866303 -0.00912440883 -0.00382875915
v 0.0034509525 -0.00787558965 -0.00404490493
f 1708 1710 1709
v 0.001139919 -0.0169315565 -0.00230353817
v -0.000302426542 -0.0182309683 -0.000322669553
v 0.000757843918 -0.0153025612 -0.00236279866
f 1711 1713 1712
v 0.00107101232 -0.0175938316 0.00307958726
v 0.0023742652 -0.0144568825 0.00354243675
v 0.000253317558 -0.0133398469 0.00218314908
f 1714 1716 1715
v 0.00452380409 -0.0364176492 -0.00306348993
v 0.00558274733 -0.0348914939 -0.00169063023
v 0.00495363674 -0.0378471392 -0.00261324312
f 1717 1719 1718
v 0.00554462167 -0.0321959087 -0.000634673916
v 0.0054918266 -0.0360800157 0.000734515288
v 0.00558274733 -0.0348914939 -0.00169063023
f 1720 1722 1721
v 0.00506804281 -0.0334845594 0.00245431729
v 0.00499300659 -0.0354422082 0.00322935666
v 0.0054918266 -0.0360800157 0.000734515288
f 1723 1725 1724
v 0.00519516761 -0.0361647602 0.00202885385
v 0.00471472267 -0.0375539414 0.00237168933
v 0.0054918266 -0.0360800157 0.000734515288
f 1726 1728 1727
v 0.00330281655 -0.0301449647 0.00410242828
v 0.00537778797 -0.0300928339 0.0027697457
v 0.00399284691 -0.0272970501 0.00391697104
f 1729 1731 1730
v 0.0062025887 -0.0294943777 -0.000117327215
v 0.00560880726 -0.027681858 0.00209082737
v 0.00537778797 -0.0300928339 0.0027697457
f 1732 1734 1733
v 0.00537778797 -0.0300928339 0.0027697457
v 0.00560880726 -0.027681858 0.00209082737
v 0.00399284691 -0.0272970501 0.00391697104
f 1735 1737 1736
v 0.00558274733 -0.0348914939 -0.00169063023
v 0.0054918266 -0.0360800157 0.000734515288
v 0.00495363674 -0.0378471392 -0.00261324312
f 1738 1740 1739
v 0.00449575164 -0.0307546376 -0.00324263274
v 0.00361230414 -0.0278724852 -0.00342664425
v 0.00560806293 -0.0280356762 -0.00134185284
f 1741 1743 1742
v 0.00490112288 -0.0254167913 -0.00246146537
v 0.00609374547 -0.0251132966 -0.000170806322
v 0.00560806293 -0.0280356762 -0.00134185284
f 1744 1746 1745
v 0.00560806293 -0.0280356762 -0.00134185284
v 0.00587538889 -0.0278004503 -9.75204486e-06
v 0.0062025887 -0.0294943777 -0.000117327215
f 1747 1749 1748
v 0.000708686275 -0.0328799215 0.00359090227
v -0.00110840319 -0.0333150703 0.00182876556
v -0.000558315423 -0.0371510861 0.00257611646
f 1750 1752 1751
v 0.0054918266 -0.0360800157 0.000734515288
v 0.00471472267 -0.0375539414 0.00237168933
v 0.00526815711 -0.040597847 -0.000433078685
f 1753 1755 1754
v -0.00162802608 -0.0365112064 0.000239450605
v -0.00170423555 -0.0346800982 0.000345051581
v -0.00142163472 -0.0373356015 -0.00297615443
f 1756 1758 1757
v -0.00522210576 -0.0721568998 0.000371192095
v -0.0048883001 -0.0716103648 -0.000842755981
v -0.00408556007 -0.0727621198 -0.000291440733
f 1759 1761 1760
v -0.0018013865 -0.0717665593 -0.00313826167
v -0.00332237905 -0.0732421991 -0.00126731611
v -0.00328319729 -0.0708320236 -0.00176095346
f 1762 1764 1763
v 0.000741050826 -0.0728362415 -0.00113127562
v -0.000454049587 -0.0736523361 -0.00249838722
v 0.000814359191 -0.0730204454 -0.00242933274
f 1765 1767 1766
v 0.000814359191 -0.0730204454 -0.00242933274
v 0.00167573889 -0.0720141747 -0.00232119874
v 0.000741050826 -0.0728362415 -0.00113127562
f 1768 1770 1769
v -0.00212701925 -0.0726910832 0.00188205868
v -0.00362911524 -0.0726299884 0.00162554661
v -0.00358547841 -0.0735973706 0.000370484508
f 1771 1773 1772
v -0.00141132869 -0.0715711212 0.00266798779
v -0.00141459959 -0.0715771283 0.0026707341
v -0.00106015141 -0.0709122338 0.00272355901
f 1774 1776 1775
v -0.000974100294 -0.0716496317 0.00270452365
v -0.00141132869 -0.0715711212 0.00266798779
v -0.00212701925 -0.0726910832 0.00188205868
f 1777 1779 1778
v -0.00243371851 -0.0715386996 0.00244061466
v -0.00141459959 -0.0715771283 0.0026707341
v -0.00141132869 -0.0715711212 0.00266798779
f 1780 1782 1781
v -0.00435661896 -0.0678368961 0.00141067794
v -0.00438268871 -0.0687680265 0.00130896005
v -0.003164605 -0.067215407 0.00163770965
f 1783 1785 1784
v 0.00259482676 -0.0692465052 0.000218308674
v 0.00191532599 -0.0717019022 -0.00101864325
v 0.00238816901 -0.0699124415 -0.00165613874
f 1786 1788 1787
v 0.00123861037 -0.0709001499 0.00155018151
v 0.00259482676 -0.0692465052 0.000218308674
v 0.00152652319 -0.0700890378 0.00210394737
f 1789 1791 1790
v -0.00409455388 -0.0647035253 -0.00366932727
v -0.00387478758 -0.0673242379 -0.00428287021
v -0.00518800844 -0.0675725809 -0.00301879845
f 1792 1794 1793
v -0.0048006561 -0.0632455747 -0.00179051785
v -0.00549815522 -0.0665751344 -0.000679794766
v -0.00480152667 -0.0636155426 -0.000938420635
f 1795 1797 1796
v -0.000938575067 -0.061391847 -0.00521325346
v -0.00350929367 -0.0609522511 -0.00386116117
v -0.00213157819 -0.058225065 -0.00493489642
f 1798 1800 1799
v -0.0021019725 -0.0693210575 -0.00467612153
v -0.00387478758 -0.0673242379 -0.00428287021
v -0.00109539906 -0.0658509147 -0.00516724358
f 1801 1803 1802
v -0.0021019725 -0.0693210575 -0.00467612153
v -0.00109539906 -0.0658509147 -0.00516724358
v -0.000201155717 -0.0697396405 -0.00451437991
f 1804 1806 1805
v 0.00238816901 -0.0699124415 -0.00165613874
v 0.00167573889 -0.0720141747 -0.00232119874
v 0.00134299125 -0.0688365137 -0.0037245336
f 1807 1809 1808
v 0.00238816901 -0.0699124415 -0.00165613874
v 0.00134299125 -0.0688365137 -0.0037245336
v 0.00247279349 -0.065882405 -0.00259672579
f 1810 1812 1811
v -0.00200591985 -0.0585579197 0.00295406135
v 0.000131413697 -0.0598716259 0.00382729013
v 0.000311735516 -0.0569773198 0.00381751306
f 1813 1815 1814
v 0.00231717277 -0.0667559972 0.00172917044
v 0.00319701758 -0.065478374 0.00165342772
v 0.00126061477 -0.0657731027 0.00323219247
f 1816 1818 1817
v -0.00254620609 -0.04878412 -0.00384369741
v -0.00118953367 -0.0490287726 -0.00529363169
v -0.00332758027 -0.0565447262 -0.00379978519
f 1819 1821 1820
v 0.0027183778 -0.052180473 -0.00464565601
v 0.00146261709 -0.0534532417 -0.00548373428
v 0.00119456581 -0.0515673077 -0.00557577805
f 1822 1824 1823
v -0.000132434559 -0.00167080707 -0.0011609246
v 0.000955912401 -0.00112134157 -0.00154033023
v -0.000403052854 -0.00150878304 -0.00119807028
f 1825 1827 1826
v -0.000132434559 -0.00167080707 -0.0011609246
v -0.000403052854 -0.00150878304 -0.00119807028
v -0.000239475435 -0.00161139742 -0.0011309523
f 1828 1830 1829
v 0.0037132937 -0.0594403711 0.00116482533
v 0.00423975835 -0.0565145339 0.000142371641
v 0.00403214035 -0.0573855883 0.00124492435
f 1831 1833 1832
v 0.00379931371 -0.0538600783 -0.00269646098
v 0.00403047816 -0.0505403266 -0.00342654203
v 0.00444624748 -0.0538589025 -0.000197104941
f 1834 1836 1835
v -0.000289149034 -0.0427041377 -0.00494315645
v -0.000512554197 -0.0456564187 -0.00524416937
v -0.0018588491 -0.043267844 -0.00348987596
f 1837 1839 1838
v 0.00385248422 -0.04561432 -0.00381690879
v 0.00192833177 -0.0488404941 -0.00533416824
v 0.0020505684 -0.0477541093 -0.00551228804
f 1840 1842 1841
v 6.72013698e-06 -0.0394216011 -0.00480460112
v -0.0018588491 -0.043267844 -0.00348987596
v -0.00177533348 -0.0404668652 -0.0028065293
f 1843 1845 1844
v -0.00217669804 -0.043065747 0.00065460672
v 3.28933908e-05 -0.0413928414 0.00323491258
v -0.00167805956 -0.0403448794 0.00159327446
f 1846 1848 1847
v 0.000323773156 -0.0327302696 -0.00401674006
v -0.00112829402 -0.0332935102 -0.00238879657
v 0.000443465797 -0.0279156986 -0.0033922217
f 1849 1851 1850
v 0.00449575164 -0.0307546376 -0.00324263274
v 0.00235885964 -0.0341289677 -0.00451354426
v 0.00228670033 -0.030415412 -0.00423970523
f 1852 1854 1853
v -0.000515514876 -0.0303518958 0.00242081242
v 0.00112995676 -0.0304083107 0.0038864986
v 0.00146712337 -0.0267111143 0.0039919938
f 1855 1857 1856
v 1.21863479e-05 -0.0157590155 -0.00055909436
v -0.000302426542 -0.0182309683 -0.000322669553
v 0.000153437179 -0.016969243 0.00172678956
f 1858 1860 1859
v -5.00712858e-06 -0.0151346132 0.000301833461
v 0.000153437179 -0.016969243 0.00172678956
v 0.000253317558 -0.0133398469 0.00218314908
f 1861 1863 1862
v 0.00557109634 -0.0208700862 0.00258926048
v 0.00366875393 -0.0228004632 0.00403013473
v 0.00536402404 -0.023206303 0.00252025966
f 1864 1866 1865
v 0.00236672622 -0.0183896453 0.0037955313
v 0.00348174472 -0.0153058703 0.00359500227
v 0.0023742652 -0.0144568825 0.00354243675
f 1867 1869 1868
v 0.00557109634 -0.0208700862 0.00258926048
v 0.00569326075 -0.0183081313 0.00139294298
v 0.00494344713 -0.0165587539 0.00271410645
f 1870 1872 1871
v 0.00336377634 -0.0137665396 -0.00239793389
v 0.0024088371 -0.0140161719 -0.00294980364
v 0.00234757481 -0.0135260518 -0.00316530677
f 1873 1875 1874
v -0.00103215452 -0.00960551115 0.0015003403
v 7.02023556e-05 -0.0111667774 0.0026193542
v 0.000609711969 -0.0102822916 0.00312861412
f 1876 1878 1877
v -0.000937144705 -0.0103658924 -0.00201944895
v -0.000541536156 -0.0121571691 -0.000220147012
v -0.000763423577 -0.01025315 0.000527131033
f 1879 1881 1880
v -3.45079826e-05 -0.00613515367 0.00281048888
v 0.000283923055 -0.0070655653 0.00321475454
v 0.000389464458 -0.0069698428 0.0033112774
f 1882 1884 1883
v 0.000218733749 -0.00745610669 0.00314322642
v 0.000389464458 -0.0069698428 0.0033112774
v 0.000368852875 -0.00710619133 0.0031619471
f 1885 1887 1886
v 0.000389464458 -0.0069698428 0.0033112774
v 0.000283923055 -0.0070655653 0.00321475454
v 0.000368852875 -0.00710619133 0.0031619471
f 1888 1890 1889
v -3.45079826e-05 -0.00613515367 0.00281048888
v 0.000368852875 -0.00710619133 0.0031619471
v 0.000283923055 -0.0070655653 0.00321475454
f 1891 1893 1892
v 0.000609711969 -0.0102822916 0.00312861412
v 0.0023742652 -0.0144568825 0.00354243675
v 0.00323067579 -0.0112784292 0.00340936567
f 1894 1896 1895
v 0.00544910363 -0.0125910796 -0.000295430596
v 0.00336377634 -0.0137665396 -0.00239793389
v 0.00424118552 -0.00802254654 -0.00268221647
f 1897 1899 1898
v -0.000132434559 -0.00167080707 -0.0011609246
v -0.000239475435 -0.00161139742 -0.0011309523
v -0.000415576778 -0.00196454039 -0.00197622048
f 1900 1902 1901
v -0.000370049156 -0.00264872178 -0.0034362467
v -0.000415576778 -0.00196454039 -0.00197622048
v -0.000122199856 -0.00108594531 -0.00324331704
f 1903 1905 1904
v -0.000334721631 -0.000899305269 -0.00295815589
v -0.00047088306 -0.000797404027 -0.00289640084
v -0.000122199856 -0.00108594531 -0.00324331704
f 1906 1908 1907
v 0.000384103441 -0.00238865869 0.00104084011
v 0.000562253081 -0.00249482673 0.00104116225
v 0.000640993403 -0.00245808023 0.00134818183
f 1909 1911 1910
v 0.000562253081 -0.00249482673 0.00104116225
v 0.000663367064 -0.00279911019 0.0011097276
v 0.000640993403 -0.00245808023 0.00134818183
f 1912 1914 1913
v -0.00047088306 -0.000797404027 -0.00289640084
v -0.000640250073 -0.00075631815 -0.00285374445
v -0.000122199856 -0.00108594531 -0.00324331704
f 1915 1917 1916
v -0.000782764164 -0.00105885529 -0.00235076222
v -0.000649738104 -0.000842570262 -0.00262383419
v -0.000640250073 -0.00075631815 -0.00285374445
f 1918 1920 1919
v 6.90098034e-05 -0.00438866809 -0.0034136152
v 0.00169776577 -0.00430864748 -0.00390372879
v 0.000298870873 -0.00589242482 -0.00406299987
f 1921 1923 1922
v 0.00340824845 -0.00732580665 -0.00415967406
v 0.0034509525 -0.00787558965 -0.00404490493
v 0.00303532561 -0.00743322598 -0.00419591452
f 1924 1926 1925
v 0.00343917054 -0.00781538838 -0.00393306473
v 0.0034509525 -0.00787558965 -0.00404490493
v 0.00340824845 -0.00732580665 -0.00415967406
f 1927 1929 1928
v 0.00424282443 -0.00572678109 -0.00283424761
v 0.00416887815 -0.00389128727 2.88297571e-05
v 0.0049860173 -0.00711983885 -0.000287587977
f 1930 1932 1931
v 0.00343515421 -0.00445698133 -0.00374034935
v 0.00169776577 -0.00430864748 -0.00390372879
v 0.00318586353 -0.00359146834 -0.00336852827
f 1933 1935 1934
v 0.00169776577 -0.00430864748 -0.00390372879
v 0.00262589292 -0.00238558587 -0.00354401491
v 0.00318586353 -0.00359146834 -0.00336852827
f 1936 1938 1937
v 0.00318586353 -0.00359146834 -0.00336852827
v 0.00262589292 -0.00238558587 -0.00354401491
v 0.00354841868 -0.00278690168 -0.00186221878
f 1939 1941 1940
v 0.00262589292 -0.00238558587 -0.00354401491
v 0.00169776577 -0.00430864748 -0.00390372879
v 0.000668249595 -0.00171540305 -0.00374095289
f 1942 1944 1943
v -0.000370049156 -0.00264872178 -0.0034362467
v 6.90098034e-05 -0.00438866809 -0.0034136152
v -0.00142509607 -0.00439394717 -0.00126007189
f 1945 1947 1946
v 0.000349836841 -0.00232445855 0.000627702775
v 0.000159167951 -0.00226556713 0.000606673075
v 0.000189750574 -0.00232564889 0.000322454343
f 1948 1950 1949
v 0.000343417787 -0.00240732297 0.000721878041
v -0.000665023254 -0.00318895 -0.000670176178
v 0.000663367064 -0.00279911019 0.0011097276
f 1951 1953 1952
v 0.000562253081 -0.00249482673 0.00104116225
v 0.000384103441 -0.00238865869 0.00104084011
v 0.000640993403 -0.00245808023 0.00134818183
f 1954 1956 1955
v 0.000428443946 -0.0023175231 0.000932903185
v 0.000384103441 -0.00238865869 0.00104084011
v 0.000562253081 -0.00249482673 0.00104116225
f 1957 1959 1958
v 0.000189750574 -0.00232564889 0.000322454343
v 0.000159167951 -0.00226556713 0.000606673075
v 0.000443425142 -0.00219051999 0.000474082844
f 1960 1962 1961
v 0.000189750574 -0.00232564889 0.000322454343
v 0.000443425142 -0.00219051999 0.000474082844
v 0.000205869401 -0.00218105833 0.000192334073
f 1963 1965 1964
v 0.000428443946 -0.0023175231 0.000932903185
v 0.000159167951 -0.00226556713 0.000606673075
v 0.000343417787 -0.00240732297 0.000721878041
f 1966 1968 1967
v 0.000663367064 -0.00279911019 0.0011097276
v 0.000562253081 -0.00249482673 0.00104116225
v 0.000343417787 -0.00240732297 0.000721878041
f 1969 1971 1970
v 0.000498708687 -0.002367247 0.000637236462
v 0.000349836841 -0.00232445855 0.000627702775
v 0.000428443946 -0.0023175231 0.000932903185
f 1972 1974 1973
v 0.000317465606 -0.00220664933 0.000205573497
v 0.000205869401 -0.00218105833 0.000192334073
v 0.000443425142 -0.00219051999 0.000474082844
f 1975 1977 1976
v 4.28915513e-05 -0.00188200484 -0.000749667197
v 0.000205869401 -0.00218105833 0.000192334073
v 0.000317465606 -0.00220664933 0.000205573497
f 1978 1980 1979
v 0.000205869401 -0.00218105833 0.000192334073
v 4.28915513e-05 -0.00188200484 -0.000749667197
v -0.000665023254 -0.00318895 -0.000670176178
f 1981 1983 1982
v 4.28915513e-05 -0.00188200484 -0.000749667197
v 0.000317465606 -0.00220664933 0.000205573497
v 0.000443425142 -0.00219051999 0.000474082844
f 1984 1986 1985
v 0.000443425142 -0.00219051999 0.000474082844
v 0.000159167951 -0.00226556713 0.000606673075
v 0.000349836841 -0.00232445855 0.000627702775
f 1987 1989 1988
v -0.000370049156 -0.00264872178 -0.0034362467
v -0.00142509607 -0.00439394717 -0.00126007189
v -0.000665023254 -0.00318895 -0.000670176178
f 1990 1992 1991
v -0.000370049156 -0.00264872178 -0.0034362467
v -0.000665023254 -0.00318895 -0.000670176178
v -0.000415576778 -0.00196454039 -0.00197622048
f 1993 1995 1994
v 0.000443425142 -0.00219051999 0.000474082844
v 0.000349836841 -0.00232445855 0.000627702775
v 0.000498708687 -0.002367247 0.000637236462
f 1996 1998 1997
v 0.00224592932 -0.00130315329 -0.00264920382
v 0.00354841868 -0.00278690168 -0.00186221878
v 0.00262589292 -0.00238558587 -0.00354401491
f 1999 2001 2000
v 0.000279229403 -0.00057315915 -0.00321441839
v -0.00047088306 -0.000797404027 -0.00289640084
v -0.000334721631 -0.000899305269 -0.00295815589
f 2002 2004 2003
v 0.000279229403 -0.00057315915 -0.00321441839
v -0.000640250073 -0.00075631815 -0.00285374445
v -0.00047088306 -0.000797404027 -0.00289640084
f 2005 2007 2006
v -0.000132434559 -0.00167080707 -0.0011609246
v -0.000239475435 -0.00161139742 -0.0011309523
v 4.28915513e-05 -0.00188200484 -0.000749667197
f 2008 2010 2009
v 0.00354841868 -0.00278690168 -0.00186221878
v 0.00224592932 -0.00130315329 -0.00264920382
v 0.00235187035 -0.00217013894 -0.000404985622
f 2011 2013 2012
v 0.000955912401 -0.00112134157 -0.00154033023
v 0.00235187035 -0.00217013894 -0.000404985622
v 0.00224592932 -0.00130315329 -0.00264920382
f 2014 2016 2015
v 0.000640993403 -0.00245808023 0.00134818183
v 0.000663367064 -0.00279911019 0.0011097276
v 0.00121592166 -0.00273823953 0.00197195222
f 2017 2019 2018
v 0.00424118552 -0.00802254654 -0.00268221647
v 0.0034509525 -0.00787558965 -0.00404490493
v 0.00343917054 -0.00781538838 -0.00393306473
f 2020 2022 2021
v 0.00506804281 -0.0334845594 0.00245431729
v 0.00293323919 -0.0346502842 0.00392623042
v 0.00499300659 -0.0354422082 0.00322935666
f 2023 2025 2024
v 0.00376531243 -0.0407463289 -0.00406218132
v 0.001990501 -0.0432227214 -0.0052614887
v 0.00218344503 -0.0381899561 -0.00490208076
f 2026 2028 2027
