# FlyGym 1.2.1 STL; B(x,y,z)=(x,z,y); winding reversed
v 0.000910722611 -0.00263942438 -0.00373940129
v 0.000892932439 -0.0027376891 -0.00367184111
v 0.00100687248 -0.0026196265 -0.00368326291
f 1 3 2
v 0.00030093147 -0.00265441413 -0.00380572237
v 0.000892932439 -0.0027376891 -0.00367184111
v 0.000660687874 -0.0025751362 -0.0037553953
f 4 6 5
v -4.711604e-07 -0.00437099879 -0.003982833
v 0.000720689286 -0.0033219083 -0.00370010312
v 0.000110498104 -0.00324420544 -0.00373509647
f 7 9 8
v -4.711604e-07 -0.00437099879 -0.003982833
v 0.000683845656 -0.00436588525 -0.00395270617
v 0.000720689286 -0.0033219083 -0.00370010312
f 10 12 11
v 0.000683845656 -0.00436588525 -0.00395270617
v 0.00135065175 -0.00398431403 -0.0036205347
v 0.000720689286 -0.0033219083 -0.00370010312
f 13 15 14
v -0.00183780012 -0.00210913386 -0.00206159475
v -0.00181179603 -0.00206019649 -0.00202740721
v -0.00158809071 -0.00198634552 -0.00228286335
f 16 18 17
v -0.00180864154 -0.00206846416 -0.00197257832
v -0.00183780012 -0.00210913386 -0.00206159475
v -0.00158809071 -0.00198634552 -0.00228286335
f 19 21 20
v -0.00214436914 -0.00224274008 -0.00148987583
v -0.00197833851 -0.00215106738 -0.0018045559
v -0.00190267856 -0.0021374577 -0.00174994657
f 22 24 23
v -0.00228275203 -0.00238684624 -0.00114411214
v -0.00215646342 -0.00229215257 -0.00144762889
v -0.00214436914 -0.00224274008 -0.00148987583
f 25 27 26
v -0.00203313975 -0.00221286282 -0.00168310999
v -0.00211491351 -0.00235426451 -0.0016513146
v -0.00203367581 -0.00220138936 -0.00174878533
f 28 30 29
v -0.00233412302 -0.00235030548 -0.00116605479
v -0.00211491351 -0.00235426451 -0.0016513146
v -0.00215646342 -0.00229215257 -0.00144762889
f 31 33 32
v -0.00150500373 -0.00209489772 -0.00260163579
v -0.00148202753 -0.00214211213 -0.00269185184
v -0.00152654102 -0.00206496225 -0.00255478444
f 34 36 35
v -0.00190267856 -0.0021374577 -0.00174994657
v -0.00180864154 -0.00206846416 -0.00197257832
v -0.0014002544 -0.00198775124 -0.00167714861
f 37 39 38
v -0.0014002544 -0.00198775124 -0.00167714861
v -0.00158809071 -0.00198634552 -0.00228286335
v -0.0012089391 -0.00190113115 -0.00223182178
f 40 42 41
v -0.00150500373 -0.00209489772 -0.00260163579
v -0.00173249427 -0.00204975622 -0.00226908414
v -0.00161892422 -0.00227169403 -0.00258716882
f 43 45 44
v -0.00212290815 -0.00248269534 -0.00096433123
v -0.00190267856 -0.0021374577 -0.00174994657
v -0.0014002544 -0.00198775124 -0.00167714861
f 46 48 47
v -0.00211491351 -0.00235426451 -0.0016513146
v -0.00215427044 -0.00376435892 -0.00197270765
v -0.00176440735 -0.00329760842 -0.0023434628
f 49 51 50
v -0.000817027376 -0.00202687133 -0.00169296018
v -0.0014002544 -0.00198775124 -0.00167714861
v -0.0012089391 -0.00190113115 -0.00223182178
f 52 54 53
v -0.00143652114 -0.00246791424 -0.000859164447
v -0.00212290815 -0.00248269534 -0.00096433123
v -0.0014002544 -0.00198775124 -0.00167714861
f 55 57 56
v -0.00188380545 -0.00216141452 -0.00200538871
v -0.00173249427 -0.00204975622 -0.00226908414
v -0.00183780012 -0.00210913386 -0.00206159475
f 58 60 59
v -0.00188527902 -0.00213939966 -0.00192480838
v -0.00211491351 -0.00235426451 -0.0016513146
v -0.00188380545 -0.00216141452 -0.00200538871
f 61 63 62
v -0.000817027376 -0.00202687133 -0.00169296018
v -0.00143652114 -0.00246791424 -0.000859164447
v -0.0014002544 -0.00198775124 -0.00167714861
f 64 66 65
v -0.00270342025 -0.00322544402 -0.0011119796
v -0.002654741 -0.00324306784 -0.00123601321
v -0.00233412302 -0.00235030548 -0.00116605479
f 67 69 68
v -0.00257760857 -0.00300941047 -0.000973966416
v -0.00270342025 -0.00322544402 -0.0011119796
v -0.00240385689 -0.00250891044 -0.00115459634
f 70 72 71
v -0.00274114409 -0.00354840486 -0.00111334148
v -0.002654741 -0.00324306784 -0.00123601321
v -0.00269761167 -0.00340357255 -0.00108783697
f 73 75 74
v -0.00257760857 -0.00300941047 -0.000973966416
v -0.00240385689 -0.00250891044 -0.00115459634
v -0.00237040458 -0.0028078548 -0.000814924624
f 76 78 77
v -0.00287267485 -0.00411940564 -0.000873487716
v -0.00274114409 -0.00354840486 -0.00111334148
v -0.00257760857 -0.00300941047 -0.000973966416
f 79 81 80
v -0.000546409046 -0.00221981518 -0.0029730505
v -0.00078695557 -0.00253675735 -0.00339630715
v -0.00049715286 -0.00255886534 -0.00355366792
f 82 84 83
v 0.000110498104 -0.00324420544 -0.00373509647
v 0.00030093147 -0.00265441413 -0.00380572237
v -0.00049715286 -0.00255886534 -0.00355366792
f 85 87 86
v -0.00054348302 -0.00408557025 -0.00385294115
v 0.000110498104 -0.00324420544 -0.00373509647
v -0.000423532265 -0.00324144567 -0.00362523169
f 88 90 89
v -7.20403932e-05 -0.00230600635 -0.00327866765
v -0.000490241337 -0.00200422564 -0.00219301182
v -0.000546409046 -0.00221981518 -0.0029730505
f 91 93 92
v -0.00117687223 -0.00329258291 -0.00315113575
v -0.00054348302 -0.00408557025 -0.00385294115
v -0.000423532265 -0.00324144567 -0.00362523169
f 94 96 95
v -0.00165867186 -0.0041958152 -0.003090686
v -0.00054348302 -0.00408557025 -0.00385294115
v -0.00117687223 -0.00329258291 -0.00315113575
f 97 99 98
v -0.00215427044 -0.00376435892 -0.00197270765
v -0.00193592514 -0.00426502775 -0.00266351071
v -0.00176440735 -0.00329760842 -0.0023434628
f 100 102 101
v -0.00193592514 -0.00426502775 -0.00266351071
v -0.00165867186 -0.0041958152 -0.003090686
v -0.00176440735 -0.00329760842 -0.0023434628
f 103 105 104
v -0.00208924157 -0.00515388856 -0.00248728829
v -0.00170470448 -0.00509992642 -0.00300591655
v -0.00165867186 -0.0041958152 -0.003090686
f 106 108 107
v -0.00193592514 -0.00426502775 -0.00266351071
v -0.00208924157 -0.00515388856 -0.00248728829
v -0.00165867186 -0.0041958152 -0.003090686
f 109 111 110
v 0.000337369443 -0.00548168173 -0.00394951421
v 0.000683845656 -0.00436588525 -0.00395270617
v -6.61242723e-05 -0.00532918857 -0.00394432172
f 112 114 113
v -0.000987828025 -0.00521565344 -0.00357311001
v -6.61242723e-05 -0.00532918857 -0.00394432172
v -0.00054348302 -0.00408557025 -0.00385294115
f 115 117 116
v -0.00165867186 -0.0041958152 -0.003090686
v -0.00170470448 -0.00509992642 -0.00300591655
v -0.000987828025 -0.00521565344 -0.00357311001
f 118 120 119
v -0.00215427044 -0.00376435892 -0.00197270765
v -0.00271553781 -0.00403782869 -0.00125947508
v -0.0022723998 -0.00452049899 -0.00182578551
f 121 123 122
v -0.00266755887 -0.00524957541 -0.000956890381
v -0.00234213458 -0.00508282938 -0.00145101048
v -0.00271553781 -0.00403782869 -0.00125947508
f 124 126 125
v -0.00266755887 -0.00524957541 -0.000956890381
v -0.00239903475 -0.00588366784 -0.00146018274
v -0.00234213458 -0.00508282938 -0.00145101048
f 127 129 128
v -0.00239903475 -0.00588366784 -0.00146018274
v -0.00261959085 -0.00641960869 -0.00221531227
v -0.0022566046 -0.00524006646 -0.0019225452
f 130 132 131
v -0.00236361375 -0.00642342129 -0.00272606485
v -0.00139478989 -0.00696689822 -0.00338759637
v -0.000987828025 -0.00521565344 -0.00357311001
f 133 135 134
v -0.00261959085 -0.00641960869 -0.00221531227
v -0.00270908167 -0.00688924556 -0.00234874205
v -0.00241071048 -0.0061398423 -0.00261089845
f 136 138 137
v -0.00270908167 -0.00688924556 -0.00234874205
v -0.00242840106 -0.00746131627 -0.00265383314
v -0.00236361375 -0.00642342129 -0.00272606485
f 139 141 140
v -0.00292728892 -0.00726721046 -0.00192850639
v -0.00300989541 -0.00751414991 -0.00223619718
v -0.00261959085 -0.00641960869 -0.00221531227
f 142 144 143
v -0.00208924157 -0.00515388856 -0.00248728829
v -0.00241071048 -0.0061398423 -0.00261089845
v -0.00170470448 -0.00509992642 -0.00300591655
f 145 147 146
v -0.00215427044 -0.00376435892 -0.00197270765
v -0.002654741 -0.00324306784 -0.00123601321
v -0.00271553781 -0.00403782869 -0.00125947508
f 148 150 149
v -0.00237040458 -0.0028078548 -0.000814924624
v -0.00240385689 -0.00250891044 -0.00115459634
v -0.00228275203 -0.00238684624 -0.00114411214
f 151 153 152
v -0.0022723998 -0.00452049899 -0.00182578551
v -0.00208924157 -0.00515388856 -0.00248728829
v -0.00193592514 -0.00426502775 -0.00266351071
f 154 156 155
v -0.00236361375 -0.00642342129 -0.00272606485
v -0.00202174379 -0.0073081821 -0.00286501672
v -0.00139478989 -0.00696689822 -0.00338759637
f 157 159 158
v 0.00226871707 -0.00208682432 -0.00213486383
v 0.00241048601 -0.00213032381 -0.00250912599
v 0.00261752848 -0.00203879008 -0.00236622182
f 160 162 161
v 0.00261752848 -0.00203879008 -0.00236622182
v 0.00241048601 -0.00213032381 -0.00250912599
v 0.00255361956 -0.00207727335 -0.00239213896
f 163 165 164
v 0.00255361956 -0.00207727335 -0.00239213896
v 0.00241048601 -0.00213032381 -0.00250912599
v 0.00256996864 -0.00206827517 -0.00245780539
f 166 168 167
v 0.00196050369 -0.00250995108 -0.00307982264
v 0.00185169938 -0.00255367959 -0.00294710735
v 0.00216843964 -0.0023739467 -0.00283607642
f 169 171 170
v 0.00198820799 -0.00248240722 -0.00312534212
v 0.00189796447 -0.00233245046 -0.00300820975
v 0.00201618241 -0.0025410347 -0.00318844905
f 172 174 173
v 0.0012523541 -0.002042694 -0.00227189776
v 0.00094798188 -0.00210345988 -0.00305929352
v 0.00154502777 -0.00217433153 -0.00297393944
f 175 177 176
v 0.0012523541 -0.002042694 -0.00227189776
v 0.0018759225 -0.00214186693 -0.00255132691
v 0.00226871707 -0.00208682432 -0.00213486383
f 178 180 179
v 0.00283963818 -0.00210515918 -0.00157618415
v 0.00288662413 -0.00217970501 -0.00132781743
v 0.00279707911 -0.00231303693 -0.000993130107
f 181 183 182
v 0.00289119944 -0.00241496728 -0.000804585488
v 0.00269063567 -0.00257838819 -0.000532464765
v 0.00271845929 -0.00236684773 -0.000881788037
f 184 186 185
v 0.00272193429 -0.00272853704 -0.00212469404
v 0.00280711702 -0.00253923481 -0.00176773665
v 0.00291872802 -0.00212489522 -0.00152874054
f 187 189 188
v 0.00270874261 -0.00201630519 -0.00206843033
v 0.00226871707 -0.00208682432 -0.00213486383
v 0.00271445151 -0.00199644546 -0.00213507446
f 190 192 191
v 0.00250948051 -0.00217686666 -0.0024493409
v 0.00265935469 -0.00212527357 -0.00220477123
v 0.00267127507 -0.00207956091 -0.00222618764
f 193 195 194
v 0.00194128952 -0.00269407283 -0.0027495129
v 0.00272193429 -0.00272853704 -0.00212469404
v 0.00265935469 -0.00212527357 -0.00220477123
f 196 198 197
v 0.00291872802 -0.00212489522 -0.00152874054
v 0.00280711702 -0.00253923481 -0.00176773665
v 0.00294236961 -0.00217880861 -0.00134738229
f 199 201 200
v 0.00202278025 -0.00230250407 -0.000914571683
v 0.0012523541 -0.002042694 -0.00227189776
v 0.00247858916 -0.00213744843 -0.00165744714
f 202 204 203
v 0.00202278025 -0.00230250407 -0.000914571683
v 0.000887166425 -0.00225943968 -0.0012684297
v 0.0012523541 -0.002042694 -0.00227189776
f 205 207 206
v 0.00245691936 -0.00337001366 -0.0023947443
v 0.00272193429 -0.00272853704 -0.00212469404
v 0.00194128952 -0.00269407283 -0.0027495129
f 208 210 209
v 0.00272193429 -0.00272853704 -0.00212469404
v 0.00273261394 -0.00350745868 -0.00190631345
v 0.00279533942 -0.00288912179 -0.00201082403
f 211 213 212
v 0.00245691936 -0.00337001366 -0.0023947443
v 0.00273261394 -0.00350745868 -0.00190631345
v 0.00272193429 -0.00272853704 -0.00212469404
f 214 216 215
v 0.00274220183 -0.00281502271 -0.000847185038
v 0.00292274653 -0.00224780215 -0.0012879862
v 0.00280711702 -0.00253923481 -0.00176773665
f 217 219 218
v 0.00280711702 -0.00253923481 -0.00176773665
v 0.00279533942 -0.00288912179 -0.00201082403
v 0.00279474407 -0.0033241362 -0.000667145241
f 220 222 221
v 0.00273261394 -0.00350745868 -0.00190631345
v 0.00279474407 -0.0033241362 -0.000667145241
v 0.00279533942 -0.00288912179 -0.00201082403
f 223 225 224
v 0.00202278025 -0.00230250407 -0.000914571683
v 0.00247858916 -0.00213744843 -0.00165744714
v 0.00279707911 -0.00231303693 -0.000993130107
f 226 228 227
v 0.00292274653 -0.00224780215 -0.0012879862
v 0.00274220183 -0.00281502271 -0.000847185038
v 0.00290247317 -0.00234044692 -0.000988896591
f 229 231 230
v 0.00154502777 -0.00217433153 -0.00297393944
v 0.00094798188 -0.00210345988 -0.00305929352
v 0.00118326534 -0.00234119379 -0.0034217046
f 232 234 233
v 0.00130031358 -0.00327382259 -0.00357983954
v 0.00163712302 -0.00285790411 -0.00339170365
v 0.00129714417 -0.00281509583 -0.00367268731
f 235 237 236
v 0.00196050369 -0.00250995108 -0.00307982264
v 0.00163712302 -0.00285790411 -0.00339170365
v 0.00185169938 -0.00255367959 -0.00294710735
f 238 240 239
v 0.00172685304 -0.00373505645 -0.00336855737
v 0.00176877129 -0.0044759614 -0.00337261627
v 0.00229614689 -0.00469098995 -0.00286013965
f 241 243 242
v 0.0012523541 -0.002042694 -0.00227189776
v 0.000598161887 -0.0020727859 -0.0022819102
v 0.00094798188 -0.00210345988 -0.00305929352
f 244 246 245
v 0.0010413788 -0.00516353648 -0.003804476
v 0.00176877129 -0.0044759614 -0.00337261627
v 0.00135065175 -0.00398431403 -0.0036205347
f 247 249 248
v 0.00172044984 -0.00567426068 -0.00363693398
v 0.00204835687 -0.00522355076 -0.00339838771
v 0.0010413788 -0.00516353648 -0.003804476
f 250 252 251
v 0.00245691936 -0.00337001366 -0.0023947443
v 0.00229614689 -0.00469098995 -0.00286013965
v 0.00267311752 -0.00448527171 -0.00210195612
f 253 255 254
v 0.00176877129 -0.0044759614 -0.00337261627
v 0.00204835687 -0.00522355076 -0.00339838771
v 0.00229614689 -0.00469098995 -0.00286013965
f 256 258 257
v 0.00204835687 -0.00522355076 -0.00339838771
v 0.00298465693 -0.00552062484 -0.00230900514
v 0.00229614689 -0.00469098995 -0.00286013965
f 259 261 260
v 0.00229614689 -0.00469098995 -0.00286013965
v 0.00298465693 -0.00552062484 -0.00230900514
v 0.00267311752 -0.00448527171 -0.00210195612
f 262 264 263
v 0.00274024624 -0.00317920676 -1.99739617e-05
v 0.00259957542 -0.00309770803 5.0385669e-07
v 0.0027450882 -0.00307904811 -6.24798304e-05
f 265 267 266
v 0.00269865395 -0.00443382633 -0.000614745977
v 0.00274024624 -0.00317920676 -1.99739617e-05
v 0.00279474407 -0.0033241362 -0.000667145241
f 268 270 269
v 0.00259957542 -0.00309770803 5.0385669e-07
v 0.00269063567 -0.00257838819 -0.000532464765
v 0.00266796287 -0.00292431996 -0.000192712469
f 271 273 272
v 0.00274024624 -0.00317920676 -1.99739617e-05
v 0.00266538518 -0.00326504851 0.000159077797
v 0.00263379243 -0.00322370433 0.000100824025
f 274 276 275
v 0.00298465693 -0.00552062484 -0.00230900514
v 0.00302074968 -0.00639969585 -0.00197499303
v 0.00308997114 -0.00542169655 -0.00194836011
f 277 279 278
v 0.00302074968 -0.00639969585 -0.00197499303
v 0.00310099422 -0.00581080967 -0.00127163576
v 0.00308997114 -0.00542169655 -0.00194836011
f 280 282 281
v 0.000887166425 -0.00225943968 -0.0012684297
v -0.000157136208 -0.00203872987 -0.00152717876
v 0.000598161887 -0.0020727859 -0.0022819102
f 283 285 284
v 0.000887166425 -0.00225943968 -0.0012684297
v -4.88207434e-05 -0.00231123267 -0.000657135206
v -0.000157136208 -0.00203872987 -0.00152717876
f 286 288 287
v -0.000445836076 -0.00250243829 -0.000348319372
v -0.00154067748 -0.00313838136 -7.2271547e-05
v -0.00143652114 -0.00246791424 -0.000859164447
f 289 291 290
v 0.0008924947 -0.00279956457 -0.000504807394
v -4.88207434e-05 -0.00231123267 -0.000657135206
v 0.000887166425 -0.00225943968 -0.0012684297
f 292 294 293
v 0.00176850772 -0.00264102018 -0.00051611396
v 0.00259957542 -0.00309770803 5.0385669e-07
v 0.000872655528 -0.00312031989 0.000138317944
f 295 297 296
v 0.00036147751 -0.00304317364 0.000163647371
v -0.000445836076 -0.00250243829 -0.000348319372
v -4.88207434e-05 -0.00231123267 -0.000657135206
f 298 300 299
v 0.0010500461 -0.00393197224 0.00121278936
v -0.000162070933 -0.00311015392 0.000262371759
v 0.00036147751 -0.00304317364 0.000163647371
f 301 303 302
v -0.00197401168 -0.00299884887 -0.00048522661
v -0.00191823601 -0.00340068473 -0.000149997697
v -0.00251673737 -0.00432865527 -0.000309776897
f 304 306 305
v -0.00154067748 -0.00313838136 -7.2271547e-05
v -0.00191823601 -0.00340068473 -0.000149997697
v -0.00197401168 -0.00299884887 -0.00048522661
f 307 309 308
v -0.00251673737 -0.00432865527 -0.000309776897
v -0.0022674938 -0.00461585478 0.000362663923
v -0.00257808715 -0.00475772358 -0.000174358058
f 310 312 311
v -0.00154067748 -0.00313838136 -7.2271547e-05
v -0.00182974491 -0.00384681734 0.000462576645
v -0.00191823601 -0.00340068473 -0.000149997697
f 313 315 314
v -0.00191823601 -0.00340068473 -0.000149997697
v -0.00182974491 -0.00384681734 0.000462576645
v -0.00251673737 -0.00432865527 -0.000309776897
f 316 318 317
v -0.00208393049 -0.00485621167 0.000578662548
v -0.00257808715 -0.00475772358 -0.000174358058
v -0.0022674938 -0.00461585478 0.000362663923
f 319 321 320
v -0.00184751443 -0.00566345007 0.000298815758
v -0.0022612754 -0.00593864424 -0.000593103778
v -0.00269497868 -0.00516304535 -0.000596166501
f 322 324 323
v -0.00208393049 -0.00485621167 0.000578662548
v -0.00269497868 -0.00516304535 -0.000596166501
v -0.00257808715 -0.00475772358 -0.000174358058
f 325 327 326
v -0.000782084135 -0.00419091157 0.00146970433
v -0.00169406521 -0.00422844714 0.000882896711
v -0.00182974491 -0.00384681734 0.000462576645
f 328 330 329
v -0.00188918002 -0.0046036901 0.000798335896
v -0.00208393049 -0.00485621167 0.000578662548
v -0.00188874892 -0.00459945331 0.000801330316
f 331 333 332
v -0.000780492155 -0.00495211716 0.00170462554
v -0.00118585849 -0.00545714756 0.000952535083
v -0.00142018034 -0.00470870982 0.00127179501
f 334 336 335
v -0.00142018034 -0.00470870982 0.00127179501
v -0.00169406521 -0.00422844714 0.000882896711
v -0.000963400089 -0.00456129674 0.00165584006
f 337 339 338
v -0.000311416511 -0.00566533781 0.00131388206
v -0.0013736234 -0.00588977091 0.000788342732
v -0.00118585849 -0.00545714756 0.000952535083
f 340 342 341
v -0.00242714832 -0.00599152736 -0.00118523258
v -0.00266755887 -0.00524957541 -0.000956890381
v -0.00269497868 -0.00516304535 -0.000596166501
f 343 345 344
v -0.00241709658 -0.00629931164 -0.00115583862
v -0.00261959085 -0.00641960869 -0.00221531227
v -0.00239903475 -0.00588366784 -0.00146018274
f 346 348 347
v -0.00242163351 -0.00673360046 -0.000741291842
v -0.00241709658 -0.00629931164 -0.00115583862
v -0.0022612754 -0.00593864424 -0.000593103778
f 349 351 350
v -0.00242163351 -0.00673360046 -0.000741291842
v -0.0022612754 -0.00593864424 -0.000593103778
v -0.0020801428 -0.00682409009 -0.000149536675
f 352 354 353
v -0.00241709658 -0.00629931164 -0.00115583862
v -0.0026543541 -0.00705385537 -0.000990696753
v -0.00292728892 -0.00726721046 -0.00192850639
f 355 357 356
v -0.0026543541 -0.00705385537 -0.000990696753
v -0.00241709658 -0.00629931164 -0.00115583862
v -0.00242163351 -0.00673360046 -0.000741291842
f 358 360 359
v -0.00317302474 -0.00801085916 -0.0020516216
v -0.00292728892 -0.00726721046 -0.00192850639
v -0.00277966265 -0.00778172325 -0.00146903794
f 361 363 362
v -0.00277966265 -0.00778172325 -0.00146903794
v -0.00292728892 -0.00726721046 -0.00192850639
v -0.0026543541 -0.00705385537 -0.000990696753
f 364 366 365
v -0.00257415359 -0.00743292403 -0.000565187474
v -0.00266996012 -0.00768642567 -0.000840217945
v -0.0026543541 -0.00705385537 -0.000990696753
f 367 369 368
v -0.00222404869 -0.0082310813 -0.000323764584
v -0.00266996012 -0.00768642567 -0.000840217945
v -0.00257415359 -0.00743292403 -0.000565187474
f 370 372 371
v -0.00268881613 -0.00807409015 -0.00151639488
v -0.00277966265 -0.00778172325 -0.00146903794
v -0.00266996012 -0.00768642567 -0.000840217945
f 373 375 374
v -0.00268881613 -0.00807409015 -0.00151639488
v -0.00266996012 -0.00768642567 -0.000840217945
v -0.00224183404 -0.00845789837 -0.000552292931
f 376 378 377
v -0.00266996012 -0.00768642567 -0.000840217945
v -0.00277966265 -0.00778172325 -0.00146903794
v -0.0026543541 -0.00705385537 -0.000990696753
f 379 381 380
v -0.0020801428 -0.00682409009 -0.000149536675
v -0.00184751443 -0.00566345007 0.000298815758
v -0.00174133584 -0.00633541131 0.000642985469
f 382 384 383
v -0.00118085873 -0.00711592584 0.000818701301
v -0.00121779367 -0.00776399393 0.000751196785
v -0.00192879725 -0.00785143566 -9.92615199e-06
f 385 387 386
v -0.0020801428 -0.00682409009 -0.000149536675
v -0.00222404869 -0.0082310813 -0.000323764584
v -0.00257415359 -0.00743292403 -0.000565187474
f 388 390 389
v 0.0023587043 -0.0035341629 0.000598610131
v 0.00221805585 -0.00372446484 0.000817495129
v 0.0023974515 -0.00360044905 0.000552551865
f 391 393 392
v 0.00244011662 -0.00353755349 0.000548863864
v 0.00221805585 -0.00372446484 0.000817495129
v 0.0023587043 -0.0035341629 0.000598610131
f 394 396 395
v 0.00221805585 -0.00372446484 0.000817495129
v 0.0010500461 -0.00393197224 0.00121278936
v 0.00232134062 -0.00328334463 0.00037042264
f 397 399 398
v 0.00199841816 -0.00414540082 0.00118816806
v 0.00221805585 -0.00372446484 0.000817495129
v 0.00230980258 -0.003756976 0.000862403795
f 400 402 401
v 0.00199841816 -0.00414540082 0.00118816806
v 0.000523514882 -0.00462695389 0.00192586122
v 0.00221805585 -0.00372446484 0.000817495129
f 403 405 404
v 0.00184336259 -0.00480553463 0.00134473503
v 0.00146244256 -0.00456224116 0.00166124846
v 0.00199841816 -0.00414540082 0.00118816806
f 406 408 407
v 0.000523514882 -0.00462695389 0.00192586122
v 0.00146244256 -0.00456224116 0.00166124846
v 0.00113136794 -0.00467656319 0.00180711359
f 409 411 410
v 0.00269865395 -0.00443382633 -0.000614745977
v 0.00226101638 -0.00458977411 0.000697163887
v 0.0023974515 -0.00360044905 0.000552551865
f 412 414 413
v 0.00226101638 -0.00458977411 0.000697163887
v 0.00230980258 -0.003756976 0.000862403795
v 0.00232158836 -0.00380060992 0.000836993786
f 415 417 416
v 0.00226101638 -0.00458977411 0.000697163887
v 0.00184336259 -0.00480553463 0.00134473503
v 0.00199841816 -0.00414540082 0.00118816806
f 418 420 419
v 0.0010500461 -0.00393197224 0.00121278936
v 0.000872655528 -0.00312031989 0.000138317944
v 0.00232134062 -0.00328334463 0.00037042264
f 421 423 422
v 0.0010500461 -0.00393197224 0.00121278936
v 0.00036147751 -0.00304317364 0.000163647371
v 0.000872655528 -0.00312031989 0.000138317944
f 424 426 425
v 0.000423584015 -0.00449593426 0.00186427133
v 0.0001169396 -0.00451307642 0.00190395367
v 0.0010500461 -0.00393197224 0.00121278936
f 427 429 428
v 0.00250762296 -0.00571797318 0.00086968048
v 0.00226101638 -0.00458977411 0.000697163887
v 0.00277689505 -0.00601845531 0.000535367508
f 430 432 431
v 0.00277689505 -0.00601845531 0.000535367508
v 0.00226101638 -0.00458977411 0.000697163887
v 0.00269865395 -0.00443382633 -0.000614745977
f 433 435 434
v 0.00146244256 -0.00456224116 0.00166124846
v 0.0016455886 -0.00541288064 0.00143462803
v 0.00118193266 -0.00540621149 0.00154741556
f 436 438 437
v 0.000323323206 -0.00455499394 0.00192011175
v 0.000288029059 -0.00457838833 0.00193682099
v 0.000324686175 -0.00452822351 0.00191984291
f 439 441 440
v 0.000288029059 -0.00457838833 0.00193682099
v 0.00018910896 -0.00455577538 0.0019236013
v 0.000190602009 -0.00452861059 0.00192266925
f 442 444 443
v 0.000523514882 -0.00462695389 0.00192586122
v 0.000323323206 -0.00455499394 0.00192011175
v 0.000324686175 -0.00452822351 0.00191984291
f 445 447 446
v 0.000231098784 -0.00505305798 0.00186010875
v -0.000311416511 -0.00566533781 0.00131388206
v -0.000780492155 -0.00495211716 0.00170462554
f 448 450 449
v 0.00113136794 -0.00467656319 0.00180711359
v 0.000231098784 -0.00505305798 0.00186010875
v 0.000523514882 -0.00462695389 0.00192586122
f 451 453 452
v 0.00170091298 -0.00681957899 0.00140113807
v 0.000807139531 -0.00689689768 0.00150009946
v 0.00118193266 -0.00540621149 0.00154741556
f 454 456 455
v 0.000807139531 -0.00689689768 0.00150009946
v 0.000292749496 -0.0056524972 0.00147497431
v 0.00118193266 -0.00540621149 0.00154741556
f 457 459 458
v 0.000288029059 -0.00457838833 0.00193682099
v -2.28416468e-05 -0.00462973621 0.00194237837
v 0.00018910896 -0.00455577538 0.0019236013
f 460 462 461
v 0.000523514882 -0.00462695389 0.00192586122
v 0.000288029059 -0.00457838833 0.00193682099
v 0.000323323206 -0.00455499394 0.00192011175
f 463 465 464
v 0.00317318118 -0.00626160036 -0.000708919379
v 0.00292966051 -0.00555128281 -0.000444491161
v 0.00310099422 -0.00581080967 -0.00127163576
f 466 468 467
v 0.00302074968 -0.00639969585 -0.00197499303
v 0.00317318118 -0.00626160036 -0.000708919379
v 0.00310099422 -0.00581080967 -0.00127163576
f 469 471 470
v 0.00292966051 -0.00555128281 -0.000444491161
v 0.00277689505 -0.00601845531 0.000535367508
v 0.00269865395 -0.00443382633 -0.000614745977
f 472 474 473
v 0.00317318118 -0.00626160036 -0.000708919379
v 0.00277689505 -0.00601845531 0.000535367508
v 0.00292966051 -0.00555128281 -0.000444491161
f 475 477 476
v 0.00250762296 -0.00571797318 0.00086968048
v 0.00277689505 -0.00601845531 0.000535367508
v 0.0026701262 -0.0068283618 0.000786980854
f 478 480 479
v 0.00170091298 -0.00681957899 0.00140113807
v 0.0016455886 -0.00541288064 0.00143462803
v 0.0026701262 -0.0068283618 0.000786980854
f 481 483 482
v 0.00170091298 -0.00681957899 0.00140113807
v 0.0026701262 -0.0068283618 0.000786980854
v 0.0021428832 -0.00755393194 0.00131432098
f 484 486 485
v 0.0031671836 -0.00728085797 -0.000298694545
v 0.00330361727 -0.00783962532 -0.000250756989
v 0.00282632554 -0.00748441162 0.000625152825
f 487 489 488
v 0.000807139531 -0.00689689768 0.00150009946
v -0.000257177885 -0.00752501219 0.00130375556
v 0.000292749496 -0.0056524972 0.00147497431
f 490 492 491
v -0.000257177885 -0.00752501219 0.00130375556
v -0.00118085873 -0.00711592584 0.000818701301
v -0.000311416511 -0.00566533781 0.00131388206
f 493 495 494
v -0.000257177885 -0.00752501219 0.00130375556
v -0.00047933454 -0.00820061832 0.00108032618
v -0.00121779367 -0.00776399393 0.000751196785
f 496 498 497
v -0.000336664152 -0.00902637257 0.00108320437
v -0.00111465215 -0.00884307228 0.00101968544
v -0.00047933454 -0.00820061832 0.00108032618
f 499 501 500
v 0.00155510879 -0.00783433497 0.00156255846
v 0.000807139531 -0.00689689768 0.00150009946
v 0.00170091298 -0.00681957899 0.00140113807
f 502 504 503
v 0.00259957542 -0.00309770803 5.0385669e-07
v 0.00232134062 -0.00328334463 0.00037042264
v 0.000872655528 -0.00312031989 0.000138317944
f 505 507 506
v 0.0010500461 -0.00393197224 0.00121278936
v 0.0001169396 -0.00451307642 0.00190395367
v -0.000782084135 -0.00419091157 0.00146970433
f 508 510 509
v 0.0016455886 -0.00541288064 0.00143462803
v 0.00170091298 -0.00681957899 0.00140113807
v 0.00118193266 -0.00540621149 0.00154741556
f 511 513 512
v 0.000114596105 -0.00677658973 -0.00386877364
v 0.00113481265 -0.00774156651 -0.00375407471
v 0.00151640679 -0.00652662711 -0.00372664799
f 514 516 515
v -0.000889532384 -0.00825442403 -0.00370038033
v -0.000464385403 -0.00796427048 -0.00388980116
v -0.00046105215 -0.00692734757 -0.00370516791
f 517 519 518
v -0.000417077126 -0.00865753464 -0.00392721122
v 0.00113481265 -0.00774156651 -0.00375407471
v 0.000114596105 -0.00677658973 -0.00386877364
f 520 522 521
v -0.00028557572 -0.00927162037 -0.00371199967
v 0.000184518876 -0.00900421583 -0.00386077991
v -0.000800333055 -0.00887505739 -0.0037912323
f 523 525 524
v -0.000417077126 -0.00865753464 -0.00392721122
v 0.000184518876 -0.00900421583 -0.00386077991
v 0.00113481265 -0.00774156651 -0.00375407471
f 526 528 527
v 0.00113481265 -0.00774156651 -0.00375407471
v 0.0016654345 -0.0079303114 -0.00358996986
v 0.00151640679 -0.00652662711 -0.00372664799
f 529 531 530
v 0.0012933413 -0.00899492807 -0.00389796114
v 0.00177011643 -0.00895672129 -0.00378029581
v 0.00113481265 -0.00774156651 -0.00375407471
f 532 534 533
v -0.00184993169 -0.00787496174 -0.00240554655
v -0.00169474897 -0.00776941743 -0.00289560794
v -0.00202174379 -0.0073081821 -0.00286501672
f 535 537 536
v -0.00184993169 -0.00787496174 -0.00240554655
v -0.00173389926 -0.00796513268 -0.00195271896
v -0.00166066511 -0.00829537748 -0.00271912995
f 538 540 539
v -0.00139478989 -0.00696689822 -0.00338759637
v -0.00124464768 -0.00760035473 -0.00327316156
v -0.00046105215 -0.00692734757 -0.00370516791
f 541 543 542
v -0.00266650495 -0.00828195043 -0.00216536864
v -0.00209747304 -0.00784827207 -0.00235565494
v -0.00255865089 -0.00807843389 -0.00243937502
f 544 546 545
v -0.00277966265 -0.00778172325 -0.00146903794
v -0.00268881613 -0.00807409015 -0.00151639488
v -0.00293834237 -0.00818892804 -0.00178948048
f 547 549 548
v -0.00218261484 -0.00826157702 -0.00142509452
v -0.00205421948 -0.00851663062 -0.00125483057
v -0.00173389926 -0.00796513268 -0.00195271896
f 550 552 551
v -0.00176417925 -0.00888320646 -0.00177180591
v -0.00162080833 -0.00925456625 -0.0027932545
v -0.00166066511 -0.00829537748 -0.00271912995
f 553 555 554
v -0.00232058082 -0.00809531339 -0.00177264719
v -0.001894036 -0.00783296127 -0.00204692406
v -0.00209747304 -0.00784827207 -0.00235565494
f 556 558 557
v -0.00268881613 -0.00807409015 -0.00151639488
v -0.00232058082 -0.00809531339 -0.00177264719
v -0.0027817714 -0.00830032222 -0.00185861845
f 559 561 560
v -0.00145558843 -0.00819292472 -0.0030627365
v -0.00140716393 -0.00873500248 -0.00325278015
v -0.000889532384 -0.00825442403 -0.00370038033
f 562 564 563
v -0.00145558843 -0.00819292472 -0.0030627365
v -0.00166066511 -0.00829537748 -0.00271912995
v -0.00140716393 -0.00873500248 -0.00325278015
f 565 567 566
v -0.00140716393 -0.00873500248 -0.00325278015
v -0.00166066511 -0.00829537748 -0.00271912995
v -0.00162080833 -0.00925456625 -0.0027932545
f 568 570 569
v -0.00126279674 -0.0095027528 -0.00322020496
v -0.00181790238 -0.00991711349 -0.00272774414
v -0.0010017875 -0.0102841048 -0.00315550424
f 571 573 572
v -0.00176417925 -0.00888320646 -0.00177180591
v -0.00194763161 -0.00970387118 -0.00242863371
v -0.00162080833 -0.00925456625 -0.0027932545
f 574 576 575
v -0.00197861136 -0.0102737911 -0.00238960783
v -0.00181790238 -0.00991711349 -0.00272774414
v -0.00194763161 -0.00970387118 -0.00242863371
f 577 579 578
v -0.00217371671 -0.00856159386 -0.000948888828
v -0.00202299525 -0.00954338029 -0.00109147804
v -0.00185644931 -0.00934430645 -0.00165462261
f 580 582 581
v -0.00176417925 -0.00888320646 -0.00177180591
v -0.00185644931 -0.00934430645 -0.00165462261
v -0.00194763161 -0.00970387118 -0.00242863371
f 583 585 584
v -0.00182164058 -0.0100120094 -0.00180240895
v -0.00197861136 -0.0102737911 -0.00238960783
v -0.00194763161 -0.00970387118 -0.00242863371
f 586 588 587
v -0.00166994541 -0.0109278131 -0.00228668578
v -0.00197861136 -0.0102737911 -0.00238960783
v -0.00182164058 -0.0100120094 -0.00180240895
f 589 591 590
v -4.53087807e-05 -0.00960544785 -0.00375956806
v -0.00028557572 -0.00927162037 -0.00371199967
v -0.00126279674 -0.0095027528 -0.00322020496
f 592 594 593
v -4.53087807e-05 -0.00960544785 -0.00375956806
v 0.000315042507 -0.0104477171 -0.00390670211
v 0.000184518876 -0.00900421583 -0.00386077991
f 595 597 596
v 0.000371461988 -0.0114888026 -0.00376343851
v 0.00162855613 -0.00983286591 -0.00359780606
v 0.000315042507 -0.0104477171 -0.00390670211
f 598 600 599
v -0.0010017875 -0.0102841048 -0.00315550424
v -0.000128517183 -0.0105388928 -0.0038346654
v -4.53087807e-05 -0.00960544785 -0.00375956806
f 601 603 602
v -0.000128517183 -0.0105388928 -0.0038346654
v -0.0010017875 -0.0102841048 -0.00315550424
v -0.000141919634 -0.0110198183 -0.00375673771
f 604 606 605
v -0.00181790238 -0.00991711349 -0.00272774414
v -0.00184775072 -0.0105615276 -0.00250015764
v -0.00154235731 -0.01096958 -0.0027345839
f 607 609 608
v -0.00159193696 -0.0113468792 -0.00233908468
v -0.00166994541 -0.0109278131 -0.00228668578
v -0.00153214878 -0.0107466192 -0.00155892303
f 610 612 611
v -0.00154235731 -0.01096958 -0.0027345839
v -0.00145370268 -0.0117759773 -0.00275464481
v -0.000908038874 -0.0118027252 -0.00324291395
f 613 615 614
v -0.000141919634 -0.0110198183 -0.00375673771
v -0.000908038874 -0.0118027252 -0.00324291395
v -6.78280458e-05 -0.0118486161 -0.00368280016
f 616 618 617
v -0.00145370268 -0.0117759773 -0.00275464481
v -0.00169818995 -0.0125054125 -0.00259185654
v -0.00102942413 -0.0125030652 -0.00319084756
f 619 621 620
v -0.00102942413 -0.0125030652 -0.00319084756
v -8.61741398e-06 -0.0127774285 -0.00372245704
v -6.78280458e-05 -0.0118486161 -0.00368280016
f 622 624 623
v -0.00169818995 -0.0125054125 -0.00259185654
v -0.000960846955 -0.0133903988 -0.00308878407
v -0.00102942413 -0.0125030652 -0.00319084756
f 625 627 626
v 0.00250107751 -0.00656960838 -0.0028708866
v 0.00269360753 -0.00805586023 -0.00275715247
v 0.00296711714 -0.00733270645 -0.00234808103
f 628 630 629
v 0.00269360753 -0.00805586023 -0.00275715247
v 0.00326117006 -0.00790728591 -0.00193479209
v 0.00296711714 -0.00733270645 -0.00234808103
f 631 633 632
v 0.00269360753 -0.00805586023 -0.00275715247
v 0.00324173889 -0.00887665592 -0.00223937604
v 0.00326117006 -0.00790728591 -0.00193479209
f 634 636 635
v 0.00210094768 -0.00885716217 -0.00338772152
v 0.00324173889 -0.00887665592 -0.00223937604
v 0.00269360753 -0.00805586023 -0.00275715247
f 637 639 638
v 0.00210094768 -0.00885716217 -0.00338772152
v 0.00208855545 -0.00959157842 -0.00334466095
v 0.00297335318 -0.00953305062 -0.00253737635
f 640 642 641
v 0.00324173889 -0.00887665592 -0.00223937604
v 0.00344855143 -0.0091915841 -0.00160585842
v 0.00326117006 -0.00790728591 -0.00193479209
f 643 645 644
v 0.00297335318 -0.00953305062 -0.00253737635
v 0.00344855143 -0.0091915841 -0.00160585842
v 0.00324173889 -0.00887665592 -0.00223937604
f 646 648 647
v 0.00309375755 -0.0107366293 -0.00231169251
v 0.0033238488 -0.010557934 -0.00190273495
v 0.00297335318 -0.00953305062 -0.00253737635
f 649 651 650
v 0.000403309468 -0.00900251034 0.00137272054
v 0.000788289162 -0.0109499306 0.00145039339
v -0.000102788999 -0.0101455982 0.00131051038
f 652 654 653
v 0.00198287307 -0.010417711 -0.00350459704
v 0.00243847844 -0.0103259757 -0.0031876305
v 0.00208855545 -0.00959157842 -0.00334466095
f 655 657 656
v 0.00186524539 -0.0119490775 -0.00352749048
v 0.00243847844 -0.0103259757 -0.0031876305
v 0.00198287307 -0.010417711 -0.00350459704
f 658 660 659
v 0.00243847844 -0.0103259757 -0.0031876305
v 0.00232960356 -0.0115965195 -0.00316510377
v 0.00309375755 -0.0107366293 -0.00231169251
f 661 663 662
v 0.00335657096 -0.0121654746 -0.00203164564
v 0.00309375755 -0.0107366293 -0.00231169251
v 0.00232960356 -0.0115965195 -0.00316510377
f 664 666 665
v -6.78280458e-05 -0.0118486161 -0.00368280016
v -8.61741398e-06 -0.0127774285 -0.00372245704
v 0.000371461988 -0.0114888026 -0.00376343851
f 667 669 668
v 0.000371461988 -0.0114888026 -0.00376343851
v 0.00159101128 -0.012710951 -0.00360525955
v 0.00198287307 -0.010417711 -0.00350459704
f 670 672 671
v 0.00210094768 -0.00885716217 -0.00338772152
v 0.00269360753 -0.00805586023 -0.00275715247
v 0.0016654345 -0.0079303114 -0.00358996986
f 673 675 674
v 0.00243847844 -0.0103259757 -0.0031876305
v 0.00297335318 -0.00953305062 -0.00253737635
v 0.00208855545 -0.00959157842 -0.00334466095
f 676 678 677
v -0.00166994541 -0.0109278131 -0.00228668578
v -0.00184775072 -0.0105615276 -0.00250015764
v -0.00197861136 -0.0102737911 -0.00238960783
f 679 681 680
v -0.000464385403 -0.00796427048 -0.00388980116
v -0.000800333055 -0.00887505739 -0.0037912323
v -0.000417077126 -0.00865753464 -0.00392721122
f 682 684 683
v 0.000114596105 -0.00677658973 -0.00386877364
v 0.000337369443 -0.00548168173 -0.00394951421
v -6.61242723e-05 -0.00532918857 -0.00394432172
f 685 687 686
v -0.00242714832 -0.00599152736 -0.00118523258
v -0.00239903475 -0.00588366784 -0.00146018274
v -0.00266755887 -0.00524957541 -0.000956890381
f 688 690 689
v 0.00151640679 -0.00652662711 -0.00372664799
v 0.00187936985 -0.00678234428 -0.00349450711
v 0.00172044984 -0.00567426068 -0.00363693398
f 691 693 692
v -0.00242840106 -0.00746131627 -0.00265383314
v -0.00202174379 -0.0073081821 -0.00286501672
v -0.00236361375 -0.00642342129 -0.00272606485
f 694 696 695
v -0.00224183404 -0.00845789837 -0.000552292931
v -0.00217371671 -0.00856159386 -0.000948888828
v -0.00268881613 -0.00807409015 -0.00151639488
f 697 699 698
v -0.00049715286 -0.00255886534 -0.00355366792
v 0.00030093147 -0.00265441413 -0.00380572237
v -8.41623773e-05 -0.0025945199 -0.00371386959
f 700 702 701
v -0.00190457213 -0.00875408514 0.000451722735
v -0.00192879725 -0.00785143566 -9.92615199e-06
v -0.00121779367 -0.00776399393 0.000751196785
f 703 705 704
v -0.00224183404 -0.00845789837 -0.000552292931
v -0.00222404869 -0.0082310813 -0.000323764584
v -0.00208489437 -0.00880481603 0.000109429106
f 706 708 707
v -0.00187399564 -0.00929034213 0.000357683325
v -0.00206536715 -0.00923408734 5.48377805e-06
v -0.00190457213 -0.00875408514 0.000451722735
f 709 711 710
v -0.00224183404 -0.00845789837 -0.000552292931
v -0.00202299525 -0.00954338029 -0.00109147804
v -0.00217371671 -0.00856159386 -0.000948888828
f 712 714 713
v -0.00184116743 -0.0100764046 -0.00133406193
v -0.00172618093 -0.0111976209 -0.00102123286
v -0.00153214878 -0.0107466192 -0.00155892303
f 715 717 716
v -0.00184116743 -0.0100764046 -0.00133406193
v -0.00197033514 -0.0104352766 -0.00102174454
v -0.00172618093 -0.0111976209 -0.00102123286
f 718 720 719
v -0.00109352713 -0.00977999734 0.000515965803
v -0.00173507669 -0.00982146885 -0.000134940478
v -0.00187399564 -0.00929034213 0.000357683325
f 721 723 722
v -0.00163555324 -0.0100375175 2.40350015e-06
v -0.00173507669 -0.00982146885 -0.000134940478
v -0.00109352713 -0.00977999734 0.000515965803
f 724 726 725
v -0.00141782975 -0.0113752772 0.000487576654
v -0.00166293521 -0.0116230229 -0.000396846326
v -0.00158957228 -0.010808857 0.000411578912
f 727 729 728
v -0.000526401664 -0.0117639902 0.00116415558
v -0.00113493743 -0.0112161346 0.000830913086
v -0.000510134487 -0.0104960374 0.00105143718
f 730 732 731
v -0.000102788999 -0.0101455982 0.00131051038
v -0.000510134487 -0.0104960374 0.00105143718
v -0.000787218141 -0.00953273411 0.00085916472
f 733 735 734
v -0.000102788999 -0.0101455982 0.00131051038
v -0.00019027791 -0.010916857 0.00123233003
v -0.000510134487 -0.0104960374 0.00105143718
f 736 738 737
v -0.00150959095 -0.0121117439 2.45759765e-05
v -0.00141782975 -0.0113752772 0.000487576654
v -0.00139680878 -0.0117349475 0.000561447405
f 739 741 740
v -0.00158957228 -0.010808857 0.000411578912
v -0.00197033514 -0.0104352766 -0.00102174454
v -0.00163555324 -0.0100375175 2.40350015e-06
f 742 744 743
v -0.00141782975 -0.0113752772 0.000487576654
v -0.00113493743 -0.0112161346 0.000830913086
v -0.00139680878 -0.0117349475 0.000561447405
f 745 747 746
v -0.00173498283 -0.0125557985 -0.000145126364
v -0.00214713327 -0.0132929505 -0.000268629651
v -0.00211973402 -0.0128580985 -0.000579421612
f 748 750 749
v -0.00210471244 -0.0126987463 -0.000823212758
v -0.00209178143 -0.0131437453 -0.00104132496
v -0.00180519201 -0.0127499487 -0.0012629208
f 751 753 752
v -0.00217141132 -0.0135296825 -0.000313116129
v -0.00213344465 -0.0134705057 -0.000805406671
v -0.00210471244 -0.0126987463 -0.000823212758
f 754 756 755
v -0.00214713327 -0.0132929505 -0.000268629651
v -0.00217141132 -0.0135296825 -0.000313116129
v -0.00211973402 -0.0128580985 -0.000579421612
f 757 759 758
v -0.00157180984 -0.0134705711 -0.00237186214
v -0.00159222018 -0.0132087021 -0.00239387919
v -0.00172776981 -0.0125405597 -0.00206357963
f 760 762 761
v -0.00163846689 -0.0139652882 -0.00158919229
v -0.00157180984 -0.0134705711 -0.00237186214
v -0.00152461653 -0.0130247412 -0.00154827212
f 763 765 764
v -0.00157180984 -0.0134705711 -0.00237186214
v -0.00163846689 -0.0139652882 -0.00158919229
v -0.00165853035 -0.0142326986 -0.0025493664
f 766 768 767
v -0.00157180984 -0.0134705711 -0.00237186214
v -0.000960846955 -0.0133903988 -0.00308878407
v -0.00159222018 -0.0132087021 -0.00239387919
f 769 771 770
v -0.00213344465 -0.0134705057 -0.000805406671
v -0.00193374362 -0.0138254414 -0.000845997783
v -0.00172046566 -0.0134827496 -0.00134861357
f 772 774 773
v -0.00217141132 -0.0135296825 -0.000313116129
v -0.00183895845 -0.0143162877 -0.000436649179
v -0.00213344465 -0.0134705057 -0.000805406671
f 775 777 776
v -0.00163846689 -0.0139652882 -0.00158919229
v -0.00172896762 -0.0146026228 -0.00153908404
v -0.00151790591 -0.0147989485 -0.00193660708
f 778 780 779
v -0.00129718783 -0.0141323879 0.0008455645
v -0.00217141132 -0.0135296825 -0.000313116129
v -0.00214713327 -0.0132929505 -0.000268629651
f 781 783 782
v -0.000850659035 -0.0129168475 0.000902644751
v -0.00114892418 -0.0138666423 0.000931128307
v -0.00173498283 -0.0125557985 -0.000145126364
f 784 786 785
v -0.00129718783 -0.0141323879 0.0008455645
v -0.00214713327 -0.0132929505 -0.000268629651
v -0.00114892418 -0.0138666423 0.000931128307
f 787 789 788
v -0.00183895845 -0.0143162877 -0.000436649179
v -0.00206806417 -0.0150609776 -0.000895657831
v -0.00187330224 -0.014185402 -0.000917029502
f 790 792 791
v -0.00154339268 -0.0151292625 -0.00014227611
v -0.00183895845 -0.0143162877 -0.000436649179
v -0.00142909566 -0.0144699268 0.000465531002
f 793 795 794
v -0.00183895845 -0.0143162877 -0.000436649179
v -0.00193374362 -0.0138254414 -0.000845997783
v -0.00213344465 -0.0134705057 -0.000805406671
f 796 798 797
v -0.00183895845 -0.0143162877 -0.000436649179
v -0.00217141132 -0.0135296825 -0.000313116129
v -0.00142909566 -0.0144699268 0.000465531002
f 799 801 800
v -0.00178773698 -0.0118727963 -0.00109159664
v -0.00210471244 -0.0126987463 -0.000823212758
v -0.00180519201 -0.0127499487 -0.0012629208
f 802 804 803
v -0.00180519201 -0.0127499487 -0.0012629208
v -0.00209178143 -0.0131437453 -0.00104132496
v -0.00172046566 -0.0134827496 -0.00134861357
f 805 807 806
v -0.00173507669 -0.00982146885 -0.000134940478
v -0.00185969657 -0.00963634157 -0.000368745282
v -0.00206536715 -0.00923408734 5.48377805e-06
f 808 810 809
v -0.00197033514 -0.0104352766 -0.00102174454
v -0.0019436804 -0.00997081443 -0.000982256552
v -0.00163555324 -0.0100375175 2.40350015e-06
f 811 813 812
v -0.00172618093 -0.0111976209 -0.00102123286
v -0.00178773698 -0.0118727963 -0.00109159664
v -0.00153214878 -0.0107466192 -0.00155892303
f 814 816 815
v -0.00208489437 -0.00880481603 0.000109429106
v -0.00209140235 -0.00901276071 -0.00043832033
v -0.00224183404 -0.00845789837 -0.000552292931
f 817 819 818
v -0.000960846955 -0.0133903988 -0.00308878407
v -0.000811532755 -0.0137416966 -0.00318423845
v -8.61741398e-06 -0.0127774285 -0.00372245704
f 820 822 821
v 0.00159101128 -0.012710951 -0.00360525955
v 0.00204145854 -0.0135696508 -0.00357527861
v 0.00219043177 -0.012802759 -0.00341743726
f 823 825 824
v 0.00204145854 -0.0135696508 -0.00357527861
v 0.00274811482 -0.0135703638 -0.00309464594
v 0.00219043177 -0.012802759 -0.00341743726
f 826 828 827
v 0.00204145854 -0.0135696508 -0.00357527861
v 0.00245227293 -0.014493159 -0.00326891204
v 0.00274811482 -0.0135703638 -0.00309464594
f 829 831 830
v 0.00245227293 -0.014493159 -0.00326891204
v 0.00204145854 -0.0135696508 -0.00357527861
v 0.00123224418 -0.0151691449 -0.00369540576
f 832 834 833
v 0.00157867416 -0.0158166164 -0.00375426534
v 0.00201001785 -0.0153186818 -0.00340560764
v 0.00123224418 -0.0151691449 -0.00369540576
f 835 837 836
v 0.00123224418 -0.0151691449 -0.00369540576
v 0.00204145854 -0.0135696508 -0.00357527861
v 0.00027024621 -0.0136393297 -0.00367222892
f 838 840 839
v 0.00088660081 -0.0160979631 -0.00366454406
v 0.0018995428 -0.0176053843 -0.00349659313
v 0.00146162447 -0.0163871824 -0.00357607714
f 841 843 842
v -0.00165853035 -0.0142326986 -0.0025493664
v -0.00157481209 -0.0142241188 -0.00276076717
v -0.00157180984 -0.0134705711 -0.00237186214
f 844 846 845
v -0.00165853035 -0.0142326986 -0.0025493664
v -0.00145652739 -0.0148599938 -0.00277515173
v -0.00157481209 -0.0142241188 -0.00276076717
f 847 849 848
v -0.00145652739 -0.0148599938 -0.00277515173
v -0.000841844849 -0.0150449021 -0.00314705103
v -0.000811532755 -0.0137416966 -0.00318423845
f 850 852 851
v -0.00151790591 -0.0147989485 -0.00193660708
v -0.00162958167 -0.0146161765 -0.00237578788
v -0.00163846689 -0.0139652882 -0.00158919229
f 853 855 854
v -0.00151790591 -0.0147989485 -0.00193660708
v -0.00127815338 -0.0152024135 -0.00173967856
v -0.00162958167 -0.0146161765 -0.00237578788
f 856 858 857
v -0.00172896762 -0.0146026228 -0.00153908404
v -0.00157887171 -0.0149729996 -0.00171904667
v -0.00151790591 -0.0147989485 -0.00193660708
f 859 861 860
v -0.00127655521 -0.015947051 -0.00310400865
v -0.000346845104 -0.0157429735 -0.00340850602
v -0.000841844849 -0.0150449021 -0.00314705103
f 862 864 863
v -0.00142153031 -0.016053766 -0.00271652825
v -0.000998796259 -0.0169835766 -0.00295990812
v -0.00127655521 -0.015947051 -0.00310400865
f 865 867 866
v -0.00132737896 -0.0155294823 -0.00160100317
v -0.0013048103 -0.0160691139 -0.0013490112
v -0.00123406171 -0.015731898 -0.00153978981
f 868 870 869
v -0.00123406171 -0.015731898 -0.00153978981
v -0.0013048103 -0.0160691139 -0.0013490112
v -0.00114645782 -0.0162187804 -0.00160236777
f 871 873 872
v -0.00192232819 -0.0160890108 -0.000970937072
v -0.00113120886 -0.0164418801 -0.00121279345
v -0.0013048103 -0.0160691139 -0.0013490112
f 874 876 875
v -0.00132737896 -0.0155294823 -0.00160100317
v -0.00127815338 -0.0152024135 -0.00173967856
v -0.00157887171 -0.0149729996 -0.00171904667
f 877 879 878
v -2.4203689e-05 -0.0168913888 -0.00368566289
v 0.0002656481 -0.0157546281 -0.0036830068
v -0.000579617563 -0.0164157565 -0.00332810087
f 880 882 881
v -0.00142153031 -0.016053766 -0.00271652825
v -0.00114716859 -0.0168299739 -0.00283397276
v -0.000998796259 -0.0169835766 -0.00295990812
f 883 885 884
v -0.00128832289 -0.0166999656 -0.00236103588
v -0.00142153031 -0.016053766 -0.00271652825
v -0.00114645782 -0.0162187804 -0.00160236777
f 886 888 887
v -0.000986271789 -0.0168857368 -0.00144270816
v -0.00125922252 -0.0177339374 -0.00176123885
v -0.00128832289 -0.0166999656 -0.00236103588
f 889 891 890
v -0.00139831272 -0.0177900234 -0.00222557428
v -0.00128832289 -0.0166999656 -0.00236103588
v -0.00125922252 -0.0177339374 -0.00176123885
f 892 894 893
v -0.000579617563 -0.0164157565 -0.00332810087
v -0.000998796259 -0.0169835766 -0.00295990812
v -2.4203689e-05 -0.0168913888 -0.00368566289
f 895 897 896
v -0.000297488032 -0.0186360514 -0.00345240624
v 0.00027699698 -0.0171720749 -0.00373776384
v -2.4203689e-05 -0.0168913888 -0.00368566289
f 898 900 899
v -0.00136683811 -0.017645258 -0.00259770677
v -0.00118209391 -0.0176991234 -0.00286084069
v -0.00114716859 -0.0168299739 -0.00283397276
f 901 903 902
v -0.00118209391 -0.0176991234 -0.00286084069
v -0.00124026592 -0.0183911165 -0.00248625693
v -0.000827973236 -0.0182840769 -0.00306495422
f 904 906 905
v -0.000297488032 -0.0186360514 -0.00345240624
v 0.000303157458 -0.0182023316 -0.00364812731
v 0.00027699698 -0.0171720749 -0.00373776384
f 907 909 908
v -0.00114346667 -0.0188101287 -0.00267189207
v -0.000813310817 -0.0190102437 -0.00311116455
v -0.000827973236 -0.0182840769 -0.00306495422
f 910 912 911
v -0.000998796259 -0.0169835766 -0.00295990812
v -0.00118209391 -0.0176991234 -0.00286084069
v -2.4203689e-05 -0.0168913888 -0.00368566289
f 913 915 914
v -0.00125922252 -0.0177339374 -0.00176123885
v -0.00124026592 -0.0183911165 -0.00248625693
v -0.00139831272 -0.0177900234 -0.00222557428
f 916 918 917
v 0.00286598734 -0.00806009484 0.00073637384
v 0.00282632554 -0.00748441162 0.000625152825
v 0.00330361727 -0.00783962532 -0.000250756989
f 919 921 920
v 0.0026701262 -0.0068283618 0.000786980854
v 0.00282632554 -0.00748441162 0.000625152825
v 0.00286598734 -0.00806009484 0.00073637384
f 922 924 923
v 0.00350914124 -0.00843111702 -7.41261033e-05
v 0.00286598734 -0.00806009484 0.00073637384
v 0.00330361727 -0.00783962532 -0.000250756989
f 925 927 926
v 0.00343556967 -0.0086807202 0.000275594698
v 0.0026926069 -0.00887478673 0.00101790029
v 0.00286598734 -0.00806009484 0.00073637384
f 928 930 929
v 0.0021428832 -0.00755393194 0.00131432098
v 0.00205278757 -0.00832881269 0.00130327699
v 0.00155510879 -0.00783433497 0.00156255846
f 931 933 932
v 0.00159128649 -0.0087003471 0.00141216442
v 0.000403309468 -0.00900251034 0.00137272054
v 0.00155510879 -0.00783433497 0.00156255846
f 934 936 935
v 0.00344855143 -0.0091915841 -0.00160585842
v 0.00350914124 -0.00843111702 -7.41261033e-05
v 0.0033646771 -0.00791174025 -0.000857507075
f 937 939 938
v 0.00355886659 -0.00949611131 -0.000333340927
v 0.00343556967 -0.0086807202 0.000275594698
v 0.00350914124 -0.00843111702 -7.41261033e-05
f 940 942 941
v 0.00266210118 -0.0094386829 0.00111684003
v 0.0026926069 -0.00887478673 0.00101790029
v 0.00316814912 -0.00959582831 0.00033414542
f 943 945 944
v 0.00316814912 -0.00959582831 0.00033414542
v 0.00341051054 -0.0101909434 -0.000223204665
v 0.00319952815 -0.0103270155 0.000286490081
f 946 948 947
v 0.00344855143 -0.0091915841 -0.00160585842
v 0.00350252085 -0.0103578102 -0.00118473463
v 0.00355886659 -0.00949611131 -0.000333340927
f 949 951 950
v 0.00350252085 -0.0103578102 -0.00118473463
v 0.00341051054 -0.0101909434 -0.000223204665
v 0.00355886659 -0.00949611131 -0.000333340927
f 952 954 953
v 0.0035199555 -0.0117664895 -9.60508487e-05
v 0.00341051054 -0.0101909434 -0.000223204665
v 0.00350252085 -0.0103578102 -0.00118473463
f 955 957 956
v 0.00319952815 -0.0103270155 0.000286490081
v 0.00267882606 -0.0103589635 0.000883790017
v 0.00266210118 -0.0094386829 0.00111684003
f 958 960 959
v 0.00210492835 -0.010471604 0.00122565234
v 0.00235284588 -0.00934498748 0.00124816652
v 0.00266210118 -0.0094386829 0.00111684003
f 961 963 962
v 0.00210492835 -0.010471604 0.00122565234
v 0.0018913719 -0.0115587667 0.00142092795
v 0.000788289162 -0.0109499306 0.00145039339
f 964 966 965
v 0.00124065991 -0.00965781292 0.00134677721
v 0.00210492835 -0.010471604 0.00122565234
v 0.000788289162 -0.0109499306 0.00145039339
f 967 969 968
v 0.00243854865 -0.0114940784 0.00123295576
v 0.0018913719 -0.0115587667 0.00142092795
v 0.00210492835 -0.010471604 0.00122565234
f 970 972 971
v 0.00316166188 -0.0117122705 0.000697452333
v 0.00298743998 -0.0111548979 0.000876030208
v 0.00333771241 -0.0111737354 0.000335233358
f 973 975 974
v 0.00298743998 -0.0111548979 0.000876030208
v 0.00319952815 -0.0103270155 0.000286490081
v 0.00333771241 -0.0111737354 0.000335233358
f 976 978 977
v 0.00277398594 -0.0119745877 0.000987647763
v 0.00298743998 -0.0111548979 0.000876030208
v 0.00316166188 -0.0117122705 0.000697452333
f 979 981 980
v 0.00277398594 -0.0119745877 0.000987647763
v 0.00243854865 -0.0114940784 0.00123295576
v 0.00298743998 -0.0111548979 0.000876030208
f 982 984 983
v 0.00243854865 -0.0114940784 0.00123295576
v 0.00194555851 -0.0123619961 0.00134508864
v 0.0018913719 -0.0115587667 0.00142092795
f 985 987 986
v 0.00194555851 -0.0123619961 0.00134508864
v 0.00131335573 -0.0125343839 0.00147911542
v 0.0018913719 -0.0115587667 0.00142092795
f 988 990 989
v 0.00298743998 -0.0111548979 0.000876030208
v 0.00267882606 -0.0103589635 0.000883790017
v 0.00319952815 -0.0103270155 0.000286490081
f 991 993 992
v 0.00235284588 -0.00934498748 0.00124816652
v 0.00210492835 -0.010471604 0.00122565234
v 0.00124065991 -0.00965781292 0.00134677721
f 994 996 995
v 0.00354641961 -0.0111194873 -0.00171656629
v 0.00309375755 -0.0107366293 -0.00231169251
v 0.00335657096 -0.0121654746 -0.00203164564
f 997 999 998
v 0.00354641961 -0.0111194873 -0.00171656629
v 0.00335657096 -0.0121654746 -0.00203164564
v 0.00364405205 -0.01204824 -0.00132123705
f 1000 1002 1001
v 0.00308357558 -0.0133033856 -0.00253009257
v 0.00341818886 -0.0128737622 -0.00217111046
v 0.00219043177 -0.012802759 -0.00341743726
f 1003 1005 1004
v 0.00335657096 -0.0121654746 -0.00203164564
v 0.00341818886 -0.0128737622 -0.00217111046
v 0.00364405205 -0.01204824 -0.00132123705
f 1006 1008 1007
v 0.00308357558 -0.0133033856 -0.00253009257
v 0.00352446368 -0.0131682507 -0.0016226817
v 0.00341818886 -0.0128737622 -0.00217111046
f 1009 1011 1010
v 0.00334070719 -0.0141880839 -0.00214744432
v 0.00358314137 -0.0138952004 -0.00156217611
v 0.00352446368 -0.0131682507 -0.0016226817
f 1012 1014 1013
v 0.00375302116 -0.0120362565 -0.000710848508
v 0.00357675235 -0.0132225832 -0.00101637934
v 0.0035199555 -0.0117664895 -9.60508487e-05
f 1015 1017 1016
v 0.00332325944 -0.0125697232 0.000547282752
v 0.00333771241 -0.0111737354 0.000335233358
v 0.0035199555 -0.0117664895 -9.60508487e-05
f 1018 1020 1019
v 0.00332325944 -0.0125697232 0.000547282752
v 0.00262635531 -0.0126491112 0.00111891168
v 0.00316166188 -0.0117122705 0.000697452333
f 1021 1023 1022
v 0.00333663993 -0.0133790498 0.000177203833
v 0.00332325944 -0.0125697232 0.000547282752
v 0.0035199555 -0.0117664895 -9.60508487e-05
f 1024 1026 1025
v 0.00305524227 -0.0133167137 0.000654023415
v 0.00276707851 -0.0134321192 0.000962197555
v 0.00332325944 -0.0125697232 0.000547282752
f 1027 1029 1028
v 0.00300492411 -0.0145623242 0.00104215706
v 0.00305524227 -0.0133167137 0.000654023415
v 0.00333663993 -0.0133790498 0.000177203833
f 1030 1032 1031
v 0.00300492411 -0.0145623242 0.00104215706
v 0.00333663993 -0.0133790498 0.000177203833
v 0.00337336242 -0.0148626525 0.000483615759
f 1033 1035 1034
v 0.00300492411 -0.0145623242 0.00104215706
v 0.00175482091 -0.0138672433 0.0014575875
v 0.00276707851 -0.0134321192 0.000962197555
f 1036 1038 1037
v 0.00346248271 -0.0160881827 5.01626971e-05
v 0.00277555373 -0.0157176357 0.000904163062
v 0.00300492411 -0.0145623242 0.00104215706
f 1039 1041 1040
v 0.00341051054 -0.0101909434 -0.000223204665
v 0.00333771241 -0.0111737354 0.000335233358
v 0.00319952815 -0.0103270155 0.000286490081
f 1042 1044 1043
v 0.00352446368 -0.0131682507 -0.0016226817
v 0.00357675235 -0.0132225832 -0.00101637934
v 0.00375302116 -0.0120362565 -0.000710848508
f 1045 1047 1046
v 0.000847825868 -0.0119973498 0.00150372525
v -0.000381010909 -0.0127438805 0.00119289343
v -0.000526401664 -0.0117639902 0.00116415558
f 1048 1050 1049
v -0.000381010909 -0.0127438805 0.00119289343
v -0.00114892418 -0.0138666423 0.000931128307
v -0.000850659035 -0.0129168475 0.000902644751
f 1051 1053 1052
v -0.00092993605 -0.0144601639 0.00108848744
v -0.00118181624 -0.014559197 0.000963477942
v -0.00114892418 -0.0138666423 0.000931128307
f 1054 1056 1055
v 0.000167847418 -0.0135533191 0.00142188474
v 0.000315185071 -0.0145340062 0.00144054957
v -0.000506498236 -0.0133618669 0.00122183337
f 1057 1059 1058
v 0.000315185071 -0.0145340062 0.00144054957
v -0.000349972765 -0.0143517798 0.00113283313
v -0.000506498236 -0.0133618669 0.00122183337
f 1060 1062 1061
v -0.00118181624 -0.014559197 0.000963477942
v -0.00132695595 -0.0151326371 0.000442947703
v -0.00142909566 -0.0144699268 0.000465531002
f 1063 1065 1064
v -0.00092993605 -0.0144601639 0.00108848744
v -0.000534301125 -0.0151198023 0.00110859255
v -0.00118181624 -0.014559197 0.000963477942
f 1066 1068 1067
v 0.00175482091 -0.0138672433 0.0014575875
v 0.000315185071 -0.0145340062 0.00144054957
v 0.000167847418 -0.0135533191 0.00142188474
f 1069 1071 1070
v 0.000315185071 -0.0145340062 0.00144054957
v -0.000534301125 -0.0151198023 0.00110859255
v -0.000349972765 -0.0143517798 0.00113283313
f 1072 1074 1073
v 0.000315185071 -0.0145340062 0.00144054957
v -0.00047157846 -0.0156452777 0.00114254472
v -0.000534301125 -0.0151198023 0.00110859255
f 1075 1077 1076
v 0.00175436999 -0.0150366555 0.0015413747
v 0.000552063966 -0.0156999944 0.00143067937
v 0.000315185071 -0.0145340062 0.00144054957
f 1078 1080 1079
v -0.000994651145 -0.0152180859 0.000781117888
v -0.00047157846 -0.0156452777 0.00114254472
v -0.00144134628 -0.0165014208 0.000672320448
f 1081 1083 1082
v -0.000994651145 -0.0152180859 0.000781117888
v -0.00144134628 -0.0165014208 0.000672320448
v -0.00132695595 -0.0151326371 0.000442947703
f 1084 1086 1085
v -0.00155146772 -0.0159239891 0.000403178228
v -0.00132695595 -0.0151326371 0.000442947703
v -0.00144134628 -0.0165014208 0.000672320448
f 1087 1089 1088
v -0.00047157846 -0.0156452777 0.00114254472
v -0.000994651145 -0.0152180859 0.000781117888
v -0.000534301125 -0.0151198023 0.00110859255
f 1090 1092 1091
v 0.00300492411 -0.0145623242 0.00104215706
v 0.00185382596 -0.0154712325 0.00144256082
v 0.00175436999 -0.0150366555 0.0015413747
f 1093 1095 1094
v 0.00300492411 -0.0145623242 0.00104215706
v 0.00175436999 -0.0150366555 0.0015413747
v 0.00175482091 -0.0138672433 0.0014575875
f 1096 1098 1097
v 0.00185382596 -0.0154712325 0.00144256082
v 0.00300492411 -0.0145623242 0.00104215706
v 0.00277555373 -0.0157176357 0.000904163062
f 1099 1101 1100
v 0.00308357558 -0.0133033856 -0.00253009257
v 0.00274811482 -0.0135703638 -0.00309464594
v 0.00352446368 -0.0131682507 -0.0016226817
f 1102 1104 1103
v 0.00299011299 -0.014453195 -0.00280674831
v 0.00297248462 -0.0151989268 -0.00265856834
v 0.00334070719 -0.0141880839 -0.00214744432
f 1105 1107 1106
v 0.00293273933 -0.016353908 -0.00267605574
v 0.00263074035 -0.0153191708 -0.00313880446
v 0.00201001785 -0.0153186818 -0.00340560764
f 1108 1110 1109
v 0.00263074035 -0.0153191708 -0.00313880446
v 0.00297248462 -0.0151989268 -0.00265856834
v 0.00299011299 -0.014453195 -0.00280674831
f 1111 1113 1112
v 0.00157867416 -0.0158166164 -0.00375426534
v 0.00186755333 -0.0162762532 -0.00345029403
v 0.00201001785 -0.0153186818 -0.00340560764
f 1114 1116 1115
v 0.00334070719 -0.0141880839 -0.00214744432
v 0.00349660841 -0.0145276194 -0.00146938492
v 0.00358314137 -0.0138952004 -0.00156217611
f 1117 1119 1118
v 0.00337938618 -0.0160479394 -0.00228533936
v 0.00362925639 -0.0150411652 -0.00122654701
v 0.00297248462 -0.0151989268 -0.00265856834
f 1120 1122 1121
v 0.00186755333 -0.0162762532 -0.00345029403
v 0.0018995428 -0.0176053843 -0.00349659313
v 0.00311503391 -0.0168011844 -0.00248770812
f 1123 1125 1124
v 0.00205866108 -0.0181070442 -0.00341906889
v 0.00258109358 -0.0184112519 -0.00281760349
v 0.00284991365 -0.018044551 -0.00244697767
f 1126 1128 1127
v 0.00358000179 -0.0160064403 -0.0014639646
v 0.00360287377 -0.0156658469 -0.000478690117
v 0.00367510802 -0.0151976303 -0.000595040137
f 1129 1131 1130
v 0.00361142083 -0.0173682391 -0.000604418619
v 0.00346248271 -0.0160881827 5.01626971e-05
v 0.00360287377 -0.0156658469 -0.000478690117
f 1132 1134 1133
v 0.00337938618 -0.0160479394 -0.00228533936
v 0.00358015968 -0.0170384796 -0.00119634396
v 0.00358000179 -0.0160064403 -0.0014639646
f 1135 1137 1136
v 0.00340632832 -0.0170526138 0.000212275131
v 0.00346248271 -0.0160881827 5.01626971e-05
v 0.00361142083 -0.0173682391 -0.000604418619
f 1138 1140 1139
v 0.00347153618 -0.0181321608 -0.00140742977
v 0.00361142083 -0.0173682391 -0.000604418619
v 0.00358015968 -0.0170384796 -0.00119634396
f 1141 1143 1142
v 0.00288683405 -0.0175848152 -0.00250850735
v 0.00284991365 -0.018044551 -0.00244697767
v 0.00347153618 -0.0181321608 -0.00140742977
f 1144 1146 1145
v 0.00297848328 -0.0187333237 -0.00248436154
v 0.00349140246 -0.0193056127 -0.00139377025
v 0.00347153618 -0.0181321608 -0.00140742977
f 1147 1149 1148
v 0.00347153618 -0.0181321608 -0.00140742977
v 0.00349140246 -0.0193056127 -0.00139377025
v 0.00357645113 -0.0187258789 -0.000558047941
f 1150 1152 1151
v 0.00362925639 -0.0150411652 -0.00122654701
v 0.00358000179 -0.0160064403 -0.0014639646
v 0.00367510802 -0.0151976303 -0.000595040137
f 1153 1155 1154
v 0.00347153618 -0.0181321608 -0.00140742977
v 0.00352727366 -0.0180843388 -0.000613578959
v 0.00361142083 -0.0173682391 -0.000604418619
f 1156 1158 1157
v -0.00111200052 -0.0172532556 -0.00113676078
v -0.00125922252 -0.0177339374 -0.00176123885
v -0.000986271789 -0.0168857368 -0.00144270816
f 1159 1161 1160
v -0.00165527654 -0.0163056247 -0.000279060737
v -0.00169571831 -0.0157068018 -0.000116302397
v -0.00144134628 -0.0165014208 0.000672320448
f 1162 1164 1163
v -0.00144134628 -0.0165014208 0.000672320448
v -0.00169571831 -0.0157068018 -0.000116302397
v -0.00155146772 -0.0159239891 0.000403178228
f 1165 1167 1166
v -0.00153553774 -0.0167920341 -0.00054167308
v -0.00167125181 -0.0164856436 -0.00068150166
v -0.001460569 -0.0167054677 8.23265168e-05
f 1168 1170 1169
v -0.000773465126 -0.0164453784 0.00112847338
v -0.00110913024 -0.0169754712 0.000560878789
v -0.00144134628 -0.0165014208 0.000672320448
f 1171 1173 1172
v -0.00113120886 -0.0164418801 -0.00121279345
v -0.00153553774 -0.0167920341 -0.00054167308
v -0.000986271789 -0.0168857368 -0.00144270816
f 1174 1176 1175
v -0.00153553774 -0.0167920341 -0.00054167308
v -0.00111200052 -0.0172532556 -0.00113676078
v -0.000986271789 -0.0168857368 -0.00144270816
f 1177 1179 1178
v -0.00153553774 -0.0167920341 -0.00054167308
v -0.00157702907 -0.0174714078 -0.000352513825
v -0.00111200052 -0.0172532556 -0.00113676078
f 1180 1182 1181
v -0.000916190584 -0.0178294853 0.000654014684
v -0.0011563744 -0.0182231684 0.000160675029
v -0.00159618958 -0.0172558895 -9.10892936e-05
f 1183 1185 1184
v 0.000345858643 -0.0184612087 0.00122003858
v -0.000447434059 -0.0173681328 0.00108794648
v -0.000773465126 -0.0164453784 0.00112847338
f 1186 1188 1187
v -0.000813310817 -0.0190102437 -0.00311116455
v -0.000408775531 -0.0197713816 -0.00348256253
v -0.000297488032 -0.0186360514 -0.00345240624
f 1189 1191 1190
v -0.000933689535 -0.0199996284 -0.00311955446
v -0.000408775531 -0.0197713816 -0.00348256253
v -0.000813310817 -0.0190102437 -0.00311116455
f 1192 1194 1193
v 0.00173983062 -0.0202346782 -0.00356667188
v 0.00208225447 -0.0190251187 -0.00320581967
v 0.00161595926 -0.0189510756 -0.00352038187
f 1195 1197 1196
v 0.0028080698 -0.0196017965 -0.00258799337
v 0.00297848328 -0.0187333237 -0.00248436154
v 0.00208225447 -0.0190251187 -0.00320581967
f 1198 1200 1199
v 0.00173983062 -0.0202346782 -0.00356667188
v 0.0028080698 -0.0196017965 -0.00258799337
v 0.00208225447 -0.0190251187 -0.00320581967
f 1201 1203 1202
v -0.00106052694 -0.0185069148 -0.00144759542
v -0.00125922252 -0.0177339374 -0.00176123885
v -0.00111756272 -0.0177678099 -0.00104004521
f 1204 1206 1205
v -0.00121895173 -0.0192749896 -0.00191560175
v -0.00118904663 -0.0188027654 -0.00239002966
v -0.00114909744 -0.0191809886 -0.00142025801
f 1207 1209 1208
v -0.00155893722 -0.019299578 -0.000649058893
v -0.00114909744 -0.0191809886 -0.00142025801
v -0.00106052694 -0.0185069148 -0.00144759542
f 1210 1212 1211
v -0.00155893722 -0.019299578 -0.000649058893
v -0.00151852901 -0.0196791676 -0.000762319723
v -0.00114909744 -0.0191809886 -0.00142025801
f 1213 1215 1214
v -0.00114909744 -0.0191809886 -0.00142025801
v -0.00123147138 -0.0196578883 -0.00113530914
v -0.00109545945 -0.0196101726 -0.00146109405
f 1216 1218 1217
v -0.00155806301 -0.0195117376 -0.000296526969
v -0.00155893722 -0.019299578 -0.000649058893
v -0.00130150074 -0.0185026729 -0.000397094709
f 1219 1221 1220
v -0.00121895173 -0.0192749896 -0.00191560175
v -0.00158354705 -0.0198772352 -0.00244091825
v -0.00118904663 -0.0188027654 -0.00239002966
f 1222 1224 1223
v -0.00158354705 -0.0198772352 -0.00244091825
v -0.00121895173 -0.0192749896 -0.00191560175
v -0.00120849882 -0.0197419897 -0.00183024404
f 1225 1227 1226
v -0.000813310817 -0.0190102437 -0.00311116455
v -0.00151598688 -0.0203445874 -0.00285685073
v -0.000933689535 -0.0199996284 -0.00311955446
f 1228 1230 1229
v -0.00162599918 -0.0203458039 -0.00254958286
v -0.00158354705 -0.0198772352 -0.00244091825
v -0.00120849882 -0.0197419897 -0.00183024404
f 1231 1233 1232
v -0.00111543113 -0.0206973869 -0.00212400773
v -0.00162599918 -0.0203458039 -0.00254958286
v -0.000976130013 -0.0203645031 -0.0017631246
f 1234 1236 1235
v -0.000947694662 -0.0200233277 0.000409102495
v -0.00128826214 -0.0200949638 -0.000266525285
v -0.00155806301 -0.0195117376 -0.000296526969
f 1237 1239 1238
v -0.000912636369 -0.0207759731 -0.00148599447
v -0.00109545945 -0.0196101726 -0.00146109405
v -0.00125698534 -0.020122659 -0.000832816659
f 1240 1242 1241
v -0.00120527848 -0.0205463599 -0.000803393959
v -0.000912636369 -0.0207759731 -0.00148599447
v -0.00125698534 -0.020122659 -0.000832816659
f 1243 1245 1244
v -0.00129772279 -0.0208958169 -0.000785729389
v -0.00118921744 -0.0219609865 -0.00155230027
v -0.000912636369 -0.0207759731 -0.00148599447
f 1246 1248 1247
v -0.00180060888 -0.0220415444 -0.000638929487
v -0.00129772279 -0.0208958169 -0.000785729389
v -0.00142328809 -0.0213022824 -0.000192531252
f 1249 1251 1250
v -0.00142328809 -0.0213022824 -0.000192531252
v -0.00129772279 -0.0208958169 -0.000785729389
v -0.00120527848 -0.0205463599 -0.000803393959
f 1252 1254 1253
v -0.00155483867 -0.0197178859 -0.000318806588
v -0.00151852901 -0.0196791676 -0.000762319723
v -0.00155893722 -0.019299578 -0.000649058893
f 1255 1257 1256
v 0.00254252027 -0.0171827269 0.00115408748
v 0.00185382596 -0.0154712325 0.00144256082
v 0.00295649661 -0.0167794395 0.000911280949
f 1258 1260 1259
v 0.00149374728 -0.0160240161 0.00155204616
v 0.00175659425 -0.01713448 0.00142232857
v 0.000552063966 -0.0156999944 0.00143067937
f 1261 1263 1262
v 0.000552063966 -0.0156999944 0.00143067937
v 0.00135789305 -0.0183630036 0.00137264524
v 0.00018215253 -0.0168340455 0.00135090322
f 1264 1266 1265
v 0.00254252027 -0.0171827269 0.00115408748
v 0.00175659425 -0.01713448 0.00142232857
v 0.00149374728 -0.0160240161 0.00155204616
f 1267 1269 1268
v 0.00304489422 -0.0175450521 0.000993635331
v 0.00241987436 -0.0183510245 0.0010914393
v 0.00254252027 -0.0171827269 0.00115408748
f 1270 1272 1271
v 0.0033191609 -0.0190795487 7.50132699e-05
v 0.00316910664 -0.0189234852 0.000450861944
v 0.0031838943 -0.0174558867 0.000866241135
f 1273 1275 1274
v 0.00261959576 -0.0186283854 0.000990471926
v 0.00241987436 -0.0183510245 0.0010914393
v 0.00304489422 -0.0175450521 0.000993635331
f 1276 1278 1277
v 0.000345858643 -0.0184612087 0.00122003858
v 0.000585761518 -0.020520018 0.00138549567
v -0.000700242572 -0.0199473958 0.000729891099
f 1279 1281 1280
v 0.000345858643 -0.0184612087 0.00122003858
v -0.000700242572 -0.0199473958 0.000729891099
v -0.000938602079 -0.0191336876 0.000698076065
f 1282 1284 1283
v 0.00118890512 -0.0188845152 0.00144711976
v 0.00108072363 -0.0201306102 0.00147785267
v 0.000809698395 -0.0189785249 0.00146026596
f 1285 1287 1286
v 0.000809698395 -0.0189785249 0.00146026596
v 0.00108072363 -0.0201306102 0.00147785267
v 0.000585761518 -0.020520018 0.00138549567
f 1288 1290 1289
v 0.00349140246 -0.0193056127 -0.00139377025
v 0.00340096012 -0.0201131348 -0.0020206111
v 0.00351555864 -0.0203223783 -0.00175052046
f 1291 1293 1292
v 0.00349140246 -0.0193056127 -0.00139377025
v 0.0034514429 -0.0195111177 -0.000535733261
v 0.00357645113 -0.0187258789 -0.000558047941
f 1294 1296 1295
v 0.0034514429 -0.0195111177 -0.000535733261
v 0.0033191609 -0.0190795487 7.50132699e-05
v 0.00357645113 -0.0187258789 -0.000558047941
f 1297 1299 1298
v 0.00261959576 -0.0186283854 0.000990471926
v 0.00316910664 -0.0189234852 0.000450861944
v 0.00289566779 -0.0199553731 0.000745492935
f 1300 1302 1301
v 0.00349140246 -0.0193056127 -0.00139377025
v 0.00351555864 -0.0203223783 -0.00175052046
v 0.0034514429 -0.0195111177 -0.000535733261
f 1303 1305 1304
v 0.00356746677 -0.020980477 -0.00131933521
v 0.00366630484 -0.0217774548 -0.00119005817
v 0.0036652491 -0.0205131335 -0.000492790468
f 1306 1308 1307
v -0.000367734265 -0.020291291 0.000989173532
v -0.000549097058 -0.0208348036 0.00107077522
v -0.00083414543 -0.0206616533 0.000829115925
f 1309 1311 1310
v -0.000519190144 -0.0216813263 0.000902664397
v -0.00116568835 -0.0217868743 0.000510654309
v -0.00115287903 -0.0213388121 0.000446090189
f 1312 1314 1313
v 0.00178966166 -0.0206214929 0.00142947629
v 0.000585761518 -0.020520018 0.00138549567
v 0.00108072363 -0.0201306102 0.00147785267
f 1315 1317 1316
v 0.000585761518 -0.020520018 0.00138549567
v 0.000897460541 -0.0218101763 0.00146223247
v 0.000394449262 -0.0220390677 0.00138408232
f 1318 1320 1319
v 0.000585761518 -0.020520018 0.00138549567
v 0.000394449262 -0.0220390677 0.00138408232
v -0.000549097058 -0.0208348036 0.00107077522
f 1321 1323 1322
v 0.000394449262 -0.0220390677 0.00138408232
v -0.000446369313 -0.0223533134 0.000938467201
v -0.000519190144 -0.0216813263 0.000902664397
f 1324 1326 1325
v 0.00178966166 -0.0206214929 0.00142947629
v 0.00118890512 -0.0188845152 0.00144711976
v 0.00135789305 -0.0183630036 0.00137264524
f 1327 1329 1328
v -0.000834190632 -0.0224061412 0.000544745626
v -0.00117734335 -0.0226360367 -0.000261637661
v -0.00137839852 -0.0219145659 -9.64643277e-05
f 1330 1332 1331
v -0.00104827905 -0.0230964739 0.000601633428
v -0.000834190632 -0.0224061412 0.000544745626
v -0.000446369313 -0.0223533134 0.000938467201
f 1333 1335 1334
v 0.000394449262 -0.0220390677 0.00138408232
v -0.000190384719 -0.0233352243 0.00137282614
v -0.000446369313 -0.0223533134 0.000938467201
f 1336 1338 1337
v 0.00044068247 -0.0199095477 -0.00375348063
v 0.00134724532 -0.0205358549 -0.00368378496
v 0.000794401694 -0.0187401951 -0.00366625172
f 1339 1341 1340
v -0.00010815354 -0.0210480939 -0.00369487534
v 0.000193840378 -0.0213631254 -0.00373177681
v 0.00044068247 -0.0199095477 -0.00375348063
f 1342 1344 1343
v -0.000626923338 -0.0211035687 -0.00342645908
v -0.00010815354 -0.0210480939 -0.00369487534
v 0.00044068247 -0.0199095477 -0.00375348063
f 1345 1347 1346
v -0.00027074525 -0.0203238291 -0.00350417504
v 0.00044068247 -0.0199095477 -0.00375348063
v -0.000408775531 -0.0197713816 -0.00348256253
f 1348 1350 1349
v 0.00134724532 -0.0205358549 -0.00368378496
v 0.00124916724 -0.0217108798 -0.00377140859
v 0.00173983062 -0.0202346782 -0.00356667188
f 1351 1353 1352
v -6.28504722e-05 -0.0222278351 -0.00370825655
v 0.000459847251 -0.0222316361 -0.00376470416
v 0.000193840378 -0.0213631254 -0.00373177681
f 1354 1356 1355
v -0.00151598688 -0.0203445874 -0.00285685073
v -0.000868790266 -0.0206541357 -0.00300705778
v -0.000933689535 -0.0199996284 -0.00311955446
f 1357 1359 1358
v -0.000933689535 -0.0199996284 -0.00311955446
v -0.000868790266 -0.0206541357 -0.00300705778
v -0.00027074525 -0.0203238291 -0.00350417504
f 1360 1362 1361
v -0.00111543113 -0.0206973869 -0.00212400773
v -0.00107875949 -0.0209305639 -0.00237036329
v -0.00159246738 -0.0204835233 -0.00268102558
f 1363 1365 1364
v -0.00107875949 -0.0209305639 -0.00237036329
v -0.00100268235 -0.0211559556 -0.0026584612
v -0.0010829549 -0.020807379 -0.00268276999
f 1366 1368 1367
v -0.00100268235 -0.0211559556 -0.0026584612
v -0.00105997306 -0.021661201 -0.00253224316
v -0.000897193058 -0.0219182737 -0.00310649957
f 1369 1371 1370
v -0.00168710758 -0.023364657 -0.00277430117
v -0.00173668195 -0.0237292377 -0.00308765557
v -0.00138844271 -0.0224938776 -0.00263909023
f 1372 1374 1373
v -0.00105997306 -0.021661201 -0.00253224316
v -0.000995288428 -0.0211149847 -0.00192936368
v -0.000912636369 -0.0207759731 -0.00148599447
f 1375 1377 1376
v -0.00118921744 -0.0219609865 -0.00155230027
v -0.00115747971 -0.0220092668 -0.00169975174
v -0.000912636369 -0.0207759731 -0.00148599447
f 1378 1380 1379
v -0.00129772279 -0.0208958169 -0.000785729389
v -0.00164344838 -0.0219371519 -0.001044691
v -0.00118921744 -0.0219609865 -0.00155230027
f 1381 1383 1382
v -0.0015257343 -0.0228668418 -0.00236395517
v -0.00138844271 -0.0224938776 -0.00263909023
v -0.00105997306 -0.021661201 -0.00253224316
f 1384 1386 1385
v -0.00120420773 -0.0229022946 -0.00147612445
v -0.00115747971 -0.0220092668 -0.00169975174
v -0.00119115566 -0.0224365125 -0.00154010195
f 1387 1389 1388
v 0.000298652958 -0.022922724 -0.00360775084
v 0.000459847251 -0.0222316361 -0.00376470416
v -6.28504722e-05 -0.0222278351 -0.00370825655
f 1390 1392 1391
v -0.00162158212 -0.0235544489 -0.00246527306
v -0.00168710758 -0.023364657 -0.00277430117
v -0.0015257343 -0.0228668418 -0.00236395517
f 1393 1395 1394
v -0.00162158212 -0.0235544489 -0.00246527306
v -0.00203956333 -0.0243259565 -0.00268738404
v -0.00168710758 -0.023364657 -0.00277430117
f 1396 1398 1397
v -0.00162158212 -0.0235544489 -0.00246527306
v -0.0015257343 -0.0228668418 -0.00236395517
v -0.00134866441 -0.0241285859 -0.00200182549
f 1399 1401 1400
v -0.00168710758 -0.023364657 -0.00277430117
v -0.00138844271 -0.0224938776 -0.00263909023
v -0.0015257343 -0.0228668418 -0.00236395517
f 1402 1404 1403
v -0.00115747971 -0.0220092668 -0.00169975174
v -0.00125969227 -0.0232953898 -0.00178130995
v -0.0015257343 -0.0228668418 -0.00236395517
f 1405 1407 1406
v -0.000333129924 -0.0234223815 -0.00324079156
v 0.00031955542 -0.0238841487 -0.00349906149
v 0.000298652958 -0.022922724 -0.00360775084
f 1408 1410 1409
v -0.000692295725 -0.0240671041 -0.00307736118
v 0.00031955542 -0.0238841487 -0.00349906149
v -0.000333129924 -0.0234223815 -0.00324079156
f 1411 1413 1412
v -0.000135816197 -0.0247921736 -0.00337976817
v 0.000215455088 -0.0248468074 -0.00351321141
v 0.00031955542 -0.0238841487 -0.00349906149
f 1414 1416 1415
v -0.000692295725 -0.0240671041 -0.00307736118
v -0.000333129924 -0.0234223815 -0.00324079156
v -0.000766958328 -0.0230250022 -0.00321232656
f 1417 1419 1418
v -0.000692295725 -0.0240671041 -0.00307736118
v -0.000766958328 -0.0230250022 -0.00321232656
v -0.00129837099 -0.0240640744 -0.00314463978
f 1420 1422 1421
v -0.00112453308 -0.0246387528 -0.00293875382
v -0.000135816197 -0.0247921736 -0.00337976817
v -0.000692295725 -0.0240671041 -0.00307736118
f 1423 1425 1424
v -0.0013414965 -0.0246958807 -0.00248778379
v -0.0010673376 -0.0248613767 -0.00272220605
v -0.00141462724 -0.0246264361 -0.00283148329
f 1426 1428 1427
v -0.0010673376 -0.0248613767 -0.00272220605
v -0.00100786447 -0.025002216 -0.00291802935
v -0.00112453308 -0.0246387528 -0.00293875382
f 1429 1431 1430
v 0.00169885516 -0.0218436238 -0.00357398858
v 0.00263149304 -0.0221419687 -0.00285948645
v 0.00185796343 -0.0207073666 -0.00355703305
f 1432 1434 1433
v 0.00263149304 -0.0221419687 -0.00285948645
v 0.00310701216 -0.0217007997 -0.00231847298
v 0.00282102264 -0.021438289 -0.00273211645
f 1435 1437 1436
v 0.00142260878 -0.022284544 -0.00378232944
v 0.00263149304 -0.0221419687 -0.00285948645
v 0.00169885516 -0.0218436238 -0.00357398858
f 1438 1440 1439
v 0.00351555864 -0.0203223783 -0.00175052046
v 0.00310701216 -0.0217007997 -0.00231847298
v 0.00356746677 -0.020980477 -0.00131933521
f 1441 1443 1442
v 0.00122756564 -0.0228358811 -0.00378628247
v 0.00200511531 -0.0237468266 -0.00344133587
v 0.00142260878 -0.022284544 -0.00378232944
f 1444 1446 1445
v 0.00143229036 -0.0241974922 -0.00354812219
v 0.00200511531 -0.0237468266 -0.00344133587
v 0.00122756564 -0.0228358811 -0.00378628247
f 1447 1449 1448
v 0.00184871751 -0.0248320459 -0.00336809608
v 0.00212266987 -0.0246786251 -0.00320810614
v 0.00143229036 -0.0241974922 -0.00354812219
f 1450 1452 1451
v 0.00285920141 -0.023117369 -0.00276970204
v 0.00142260878 -0.022284544 -0.00378232944
v 0.00200511531 -0.0237468266 -0.00344133587
f 1453 1455 1454
v 0.00285920141 -0.023117369 -0.00276970204
v 0.00200511531 -0.0237468266 -0.00344133587
v 0.00279645574 -0.0240559864 -0.00269143093
f 1456 1458 1457
v 0.00234321378 -0.0248164928 -0.00270060573
v 0.00242772385 -0.0247321674 -0.00292429231
v 0.00212266987 -0.0246786251 -0.00320810614
f 1459 1461 1460
v 0.000215455088 -0.0248468074 -0.00351321141
v 0.00070709857 -0.0248953671 -0.00358091638
v 0.00031955542 -0.0238841487 -0.00349906149
f 1462 1464 1463
v 0.00019786778 -0.0255528255 -0.00246523887
v 0.00070709857 -0.0248953671 -0.00358091638
v 1.76750248e-05 -0.0249054399 -0.00339274229
f 1465 1467 1466
v 0.000886415728 -0.0256400905 -0.00206706791
v 0.00173255012 -0.0254746556 -0.0023701421
v 0.00019786778 -0.0255528255 -0.00246523887
f 1468 1470 1469
v 0.00166684877 -0.0250211975 -0.00309842762
v 0.00070709857 -0.0248953671 -0.00358091638
v 0.00173255012 -0.0254746556 -0.0023701421
f 1471 1473 1472
v 0.00019786778 -0.0255528255 -0.00246523887
v 1.76750248e-05 -0.0249054399 -0.00339274229
v -0.000228695535 -0.0248684315 -0.00331815827
f 1474 1476 1475
v 0.00019786778 -0.0255528255 -0.00246523887
v -0.000228695535 -0.0248684315 -0.00331815827
v -0.000651039636 -0.0250381738 -0.00293376543
f 1477 1479 1478
v -0.00108502145 -0.0254368439 -0.00191142281
v -0.000778760204 -0.025710609 -0.00171525317
v -0.000651039636 -0.0250381738 -0.00293376543
f 1480 1482 1481
v 0.000242839656 -0.0249142293 -0.00347399473
v 0.000215455088 -0.0248468074 -0.00351321141
v 0.000134165043 -0.0248900964 -0.00346501547
f 1483 1485 1484
v 0.00184871751 -0.0248320459 -0.00336809608
v 0.00143229036 -0.0241974922 -0.00354812219
v 0.001181682 -0.0248338038 -0.00359335245
f 1486 1488 1487
v 0.00070709857 -0.0248953671 -0.00358091638
v 0.00112870193 -0.024877087 -0.00356019591
v 0.000984998042 -0.024891767 -0.00358744655
f 1489 1491 1490
v 0.00222600374 -0.0253605307 -0.00215443415
v 0.00166684877 -0.0250211975 -0.00309842762
v 0.00173255012 -0.0254746556 -0.0023701421
f 1492 1494 1493
v 0.00166684877 -0.0250211975 -0.00309842762
v 0.00234321378 -0.0248164928 -0.00270060573
v 0.00212266987 -0.0246786251 -0.00320810614
f 1495 1497 1496
v 0.00163940113 -0.0257716456 -0.00133381391
v 0.00250738358 -0.0255099265 -0.000863788227
v 0.00222600374 -0.0253605307 -0.00215443415
f 1498 1500 1499
v 0.00163940113 -0.0257716456 -0.00133381391
v 0.00222600374 -0.0253605307 -0.00215443415
v 0.00173255012 -0.0254746556 -0.0023701421
f 1501 1503 1502
v 0.00250738358 -0.0255099265 -0.000863788227
v 0.00268356252 -0.0251691788 -0.00166313112
v 0.00222600374 -0.0253605307 -0.00215443415
f 1504 1506 1505
v 0.00181828673 -0.0257968786 -0.000725989003
v 0.00163940113 -0.0257716456 -0.00133381391
v 0.000595085976 -0.0261051435 -0.000846352214
f 1507 1509 1508
v 0.00163940113 -0.0257716456 -0.00133381391
v 0.00173255012 -0.0254746556 -0.0023701421
v 0.000886415728 -0.0256400905 -0.00206706791
f 1510 1512 1511
v -0.00137248117 -0.0228258534 -0.00068726049
v -0.00177809306 -0.0224453484 -0.000646654235
v -0.00137839852 -0.0219145659 -9.64643277e-05
f 1513 1515 1514
v -0.00174364141 -0.0225184485 -0.000952350274
v -0.00137248117 -0.0228258534 -0.00068726049
v -0.00143833104 -0.0226339558 -0.00114550667
f 1516 1518 1517
v -0.00135769624 -0.0241441099 -0.00167754424
v -0.00134866441 -0.0241285859 -0.00200182549
v -0.00126196273 -0.0236424967 -0.00144505166
f 1519 1521 1520
v -0.0019228095 -0.0246184296 -0.00253486614
v -0.00203956333 -0.0243259565 -0.00268738404
v -0.00162158212 -0.0235544489 -0.00246527306
f 1522 1524 1523
v -0.0013414965 -0.0246958807 -0.00248778379
v -0.00148509416 -0.024603479 -0.00258871278
v -0.00153032597 -0.024098577 -0.00230491532
f 1525 1527 1526
v -0.00153032597 -0.024098577 -0.00230491532
v -0.00148509416 -0.024603479 -0.00258871278
v -0.0019228095 -0.0246184296 -0.00253486614
f 1528 1530 1529
v -0.00207675239 -0.0246164855 -0.002843724
v -0.00191148101 -0.0246009207 -0.00310985997
v -0.00192459502 -0.0239511137 -0.00292827626
f 1531 1533 1532
v -0.000834190632 -0.0224061412 0.000544745626
v -0.00136305534 -0.0231788756 -0.000579108337
v -0.00137248117 -0.0228258534 -0.00068726049
f 1534 1536 1535
v -0.00104827905 -0.0230964739 0.000601633428
v -0.00158409603 -0.0240680354 0.000341929945
v -0.00136305534 -0.0231788756 -0.000579108337
f 1537 1539 1538
v -0.00151765498 -0.0237227068 -0.000341591249
v -0.00136305534 -0.0231788756 -0.000579108337
v -0.00158409603 -0.0240680354 0.000341929945
f 1540 1542 1541
v -0.00151765498 -0.0237227068 -0.000341591249
v -0.00126196273 -0.0236424967 -0.00144505166
v -0.00136305534 -0.0231788756 -0.000579108337
f 1543 1545 1544
v -0.00162884771 -0.0247175572 -0.000313328519
v -0.00154429617 -0.0243983552 -0.00108528811
v -0.00151765498 -0.0237227068 -0.000341591249
f 1546 1548 1547
v -0.00158409603 -0.0240680354 0.000341929945
v -0.00162884771 -0.0247175572 -0.000313328519
v -0.00151765498 -0.0237227068 -0.000341591249
f 1549 1551 1550
v -0.0015681715 -0.0251691439 9.87066869e-05
v -0.00125740744 -0.0254773069 -0.000297717224
v -0.0015384061 -0.024761958 -0.000797095618
f 1552 1554 1553
v -0.00125740744 -0.0254773069 -0.000297717224
v -0.00136202307 -0.0250796555 -0.000898116923
v -0.0015384061 -0.024761958 -0.000797095618
f 1555 1557 1556
v -0.000446369313 -0.0223533134 0.000938467201
v -0.00130231747 -0.024729807 0.00101785836
v -0.00104827905 -0.0230964739 0.000601633428
f 1558 1560 1559
v -0.00130231747 -0.024729807 0.00101785836
v -0.000190384719 -0.0233352243 0.00137282614
v -0.000708943298 -0.0245073927 0.00133177355
f 1561 1563 1562
v 0.000327777821 -0.026052451 0.000643868725
v 0.000560605577 -0.0260430737 -3.02789488e-05
v -0.000528527471 -0.025883221 -0.000569727308
f 1564 1566 1565
v -0.00052644632 -0.0256239495 0.000838645701
v 0.000327777821 -0.026052451 0.000643868725
v -0.000802051272 -0.0257990847 1.87487181e-06
f 1567 1569 1568
v 0.000327777821 -0.026052451 0.000643868725
v -0.000528527471 -0.025883221 -0.000569727308
v -0.000802051272 -0.0257990847 1.87487181e-06
f 1570 1572 1571
v -0.00148658137 -0.0251638179 0.000485311057
v -0.00158409603 -0.0240680354 0.000341929945
v -0.00130231747 -0.024729807 0.00101785836
f 1573 1575 1574
v -0.00148658137 -0.0251638179 0.000485311057
v -0.0015681715 -0.0251691439 9.87066869e-05
v -0.00158409603 -0.0240680354 0.000341929945
f 1576 1578 1577
v -0.00122156425 -0.0252998027 0.000826859741
v -0.00052644632 -0.0256239495 0.000838645701
v -0.00126396671 -0.0254205836 0.000530039642
f 1579 1581 1580
v -0.00101217338 -0.0251096266 0.00115451812
v -0.00130231747 -0.024729807 0.00101785836
v -0.000708943298 -0.0245073927 0.00133177355
f 1582 1584 1583
v -0.00142850531 -0.0241634305 0.000695210974
v -0.00158409603 -0.0240680354 0.000341929945
v -0.00104827905 -0.0230964739 0.000601633428
f 1585 1587 1586
v -0.00154429617 -0.0243983552 -0.00108528811
v -0.00123091449 -0.0249085831 -0.00232109051
v -0.00134866441 -0.0241285859 -0.00200182549
f 1588 1590 1589
v -0.000778760204 -0.025710609 -0.00171525317
v -0.00108502145 -0.0254368439 -0.00191142281
v -0.00125607485 -0.025215483 -0.0017510014
f 1591 1593 1592
v -0.000195125449 -0.0260383298 -0.00117276022
v -0.000778760204 -0.025710609 -0.00171525317
v -0.000845553677 -0.025657512 -0.000973000806
f 1594 1596 1595
v -0.00136305534 -0.0231788756 -0.000579108337
v -0.00126196273 -0.0236424967 -0.00144505166
v -0.00120420773 -0.0229022946 -0.00147612445
f 1597 1599 1598
v 0.00336748708 -0.0209307094 0.000437759945
v 0.00320772815 -0.0198689027 0.000301956561
v 0.00358448233 -0.0205703749 -0.000140948987
f 1600 1602 1601
v 0.00284310372 -0.0222437564 0.00106744246
v 0.00296693288 -0.0210284517 0.000907976209
v 0.00306191505 -0.0221078459 0.000835064748
f 1603 1605 1604
v 0.00351526614 -0.0224676594 4.08627386e-05
v 0.00336748708 -0.0209307094 0.000437759945
v 0.00362705905 -0.0227731216 -0.000317616332
f 1606 1608 1607
v 0.00362705905 -0.0227731216 -0.000317616332
v 0.00336748708 -0.0209307094 0.000437759945
v 0.00358448233 -0.0205703749 -0.000140948987
f 1609 1611 1610
v 0.00296693288 -0.0210284517 0.000907976209
v 0.00289566779 -0.0199553731 0.000745492935
v 0.00336748708 -0.0209307094 0.000437759945
f 1612 1614 1613
v 0.00203577929 -0.0224290823 0.00135682894
v 0.00144557853 -0.0239390123 0.00158423627
v 0.000897460541 -0.0218101763 0.00146223247
f 1615 1617 1616
v 0.000897460541 -0.0218101763 0.00146223247
v 0.00144557853 -0.0239390123 0.00158423627
v 0.000481931284 -0.0230853591 0.001525271
f 1618 1620 1619
v 0.00366630484 -0.0217774548 -0.00119005817
v 0.00371011774 -0.0222129587 -0.000793873005
v 0.0036652491 -0.0205131335 -0.000492790468
f 1621 1623 1622
v 0.00371011774 -0.0222129587 -0.000793873005
v 0.00358448233 -0.0205703749 -0.000140948987
v 0.0036652491 -0.0205131335 -0.000492790468
f 1624 1626 1625
v 0.00355300508 -0.0227559023 -0.00155542366
v 0.00355301381 -0.0238854118 -0.000660688465
v 0.00371011774 -0.0222129587 -0.000793873005
f 1627 1629 1628
v 0.00355300508 -0.0227559023 -0.00155542366
v 0.00329578033 -0.0241777452 -0.00123354848
v 0.00355301381 -0.0238854118 -0.000660688465
f 1630 1632 1631
v 0.00371011774 -0.0222129587 -0.000793873005
v 0.00355301381 -0.0238854118 -0.000660688465
v 0.00362705905 -0.0227731216 -0.000317616332
f 1633 1635 1634
v 0.00355301381 -0.0238854118 -0.000660688465
v 0.00342401254 -0.0237785629 0.000137749566
v 0.00362705905 -0.0227731216 -0.000317616332
f 1636 1638 1637
v 0.00329578033 -0.0241777452 -0.00123354848
v 0.00327079033 -0.0244958501 -0.000601407737
v 0.00355301381 -0.0238854118 -0.000660688465
f 1639 1641 1640
v 0.00342401254 -0.0237785629 0.000137749566
v 0.00312184275 -0.0233311104 0.000695995504
v 0.00351526614 -0.0224676594 4.08627386e-05
f 1642 1644 1643
v 0.00246713789 -0.0240051377 0.000911017651
v 0.00144557853 -0.0239390123 0.00158423627
v 0.00312184275 -0.0233311104 0.000695995504
f 1645 1647 1646
v 0.00246713789 -0.0240051377 0.000911017651
v 0.00342401254 -0.0237785629 0.000137749566
v 0.00205326214 -0.0252474623 0.000714205771
f 1648 1650 1649
v 0.00327079033 -0.0244958501 -0.000601407737
v 0.00311754193 -0.0245959935 -0.000148847766
v 0.00355301381 -0.0238854118 -0.000660688465
f 1651 1653 1652
v 0.00278063035 -0.0251931371 -6.43607109e-05
v 0.00250738358 -0.0255099265 -0.000863788227
v 0.0012046421 -0.0259737018 -5.97185647e-05
f 1654 1656 1655
v 0.00107413434 -0.0257796026 0.000807627021
v 0.00205326214 -0.0252474623 0.000714205771
v 0.00162426841 -0.0258201966 0.000414966735
f 1657 1659 1658
v 0.00162426841 -0.0258201966 0.000414966735
v 0.00205326214 -0.0252474623 0.000714205771
v 0.00228280132 -0.0254968967 0.000317126387
f 1660 1662 1661
v 0.00205326214 -0.0252474623 0.000714205771
v 0.00174818688 -0.0244767609 0.00136841436
v 0.00246713789 -0.0240051377 0.000911017651
f 1663 1665 1664
v 0.00279645574 -0.0240559864 -0.00269143093
v 0.00300311531 -0.0244940864 -0.00203467207
v 0.00329578033 -0.0241777452 -0.00123354848
f 1666 1668 1667
v 0.00309652169 -0.0250916462 -0.000811365953
v 0.00268356252 -0.0251691788 -0.00166313112
v 0.00250738358 -0.0255099265 -0.000863788227
f 1669 1671 1670
v 0.00278063035 -0.0251931371 -6.43607109e-05
v 0.00289906075 -0.0251797028 -0.000276612491
v 0.00250738358 -0.0255099265 -0.000863788227
f 1672 1674 1673
v 0.00313514684 -0.0245478877 -0.00157322029
v 0.00315610305 -0.0248794619 -0.00118351409
v 0.00329578033 -0.0241777452 -0.00123354848
f 1675 1677 1676
v 0.000753314089 -0.0260967237 0.000350242908
v 0.0012046421 -0.0259737018 -5.97185647e-05
v 0.000560605577 -0.0260430737 -3.02789488e-05
f 1678 1680 1679
v 0.00107413434 -0.0257796026 0.000807627021
v 0.000705265029 -0.0256902131 0.00121205039
v 0.00103989723 -0.0250907789 0.00140425864
f 1681 1683 1682
v 0.000601737838 -0.0253388629 0.0014980481
v 0.000705265029 -0.0256902131 0.00121205039
v 0.000252814812 -0.0256811094 0.00123349264
f 1684 1686 1685
v 0.00313514684 -0.0245478877 -0.00157322029
v 0.00300311531 -0.0244940864 -0.00203467207
v 0.00271737081 -0.0248359283 -0.00222849812
f 1687 1689 1688
v 0.00044068247 -0.0199095477 -0.00375348063
v 0.000794401694 -0.0187401951 -0.00366625172
v 0.000303157458 -0.0182023316 -0.00364812731
f 1690 1692 1691
v -0.000408775531 -0.0197713816 -0.00348256253
v 0.00044068247 -0.0199095477 -0.00375348063
v 0.000303157458 -0.0182023316 -0.00364812731
f 1693 1695 1694
v -0.0013414965 -0.0246958807 -0.00248778379
v -0.00141462724 -0.0246264361 -0.00283148329
v -0.00148509416 -0.024603479 -0.00258871278
f 1696 1698 1697
v -0.00154339268 -0.0151292625 -0.00014227611
v -0.00142909566 -0.0144699268 0.000465531002
v -0.00132695595 -0.0151326371 0.000442947703
f 1699 1701 1700
v 0.0002656481 -0.0157546281 -0.0036830068
v 0.000366530435 -0.0151574946 -0.00374108131
v -0.000346845104 -0.0157429735 -0.00340850602
f 1702 1704 1703
v 0.00295649661 -0.0167794395 0.000911280949
v 0.00346248271 -0.0160881827 5.01626971e-05
v 0.00340632832 -0.0170526138 0.000212275131
f 1705 1707 1706
v -8.41623773e-05 -0.0025945199 -0.00371386959
v 0.00030093147 -0.00265441413 -0.00380572237
v 0.000521189895 -0.00229707239 -0.00345655426
f 1708 1710 1709
v 0.000892932439 -0.0027376891 -0.00367184111
v 0.0010534618 -0.00266352381 -0.00370851849
v 0.00100687248 -0.0026196265 -0.00368326291
f 1711 1713 1712
v 0.000910722611 -0.00263942438 -0.00373940129
v 0.00100687248 -0.0026196265 -0.00368326291
v 0.0010534618 -0.00266352381 -0.00370851849
f 1714 1716 1715
v 0.000660687874 -0.0025751362 -0.0037553953
v 0.000521189895 -0.00229707239 -0.00345655426
v 0.00030093147 -0.00265441413 -0.00380572237
f 1717 1719 1718
v 0.000521189895 -0.00229707239 -0.00345655426
v 0.00094798188 -0.00210345988 -0.00305929352
v -7.20403932e-05 -0.00230600635 -0.00327866765
f 1720 1722 1721
v 0.000521189895 -0.00229707239 -0.00345655426
v -7.20403932e-05 -0.00230600635 -0.00327866765
v -8.41623773e-05 -0.0025945199 -0.00371386959
f 1723 1725 1724
v 0.000110498104 -0.00324420544 -0.00373509647
v 0.000892932439 -0.0027376891 -0.00367184111
v 0.00030093147 -0.00265441413 -0.00380572237
f 1726 1728 1727
v -0.000940181963 -0.00249822679 -0.00326136942
v -0.00078695557 -0.00253675735 -0.00339630715
v -0.00130032431 -0.00220011261 -0.00288647207
f 1729 1731 1730
v -0.00136574045 -0.00219311369 -0.00279203741
v -0.0013847658 -0.00214446663 -0.00274873382
v -0.00130032431 -0.00220011261 -0.00288647207
f 1732 1734 1733
v -0.00136574045 -0.00219311369 -0.00279203741
v -0.00130032431 -0.00220011261 -0.00288647207
v -0.00122836736 -0.00202797655 -0.00264498503
f 1735 1737 1736
v -0.00122836736 -0.00202797655 -0.00264498503
v -0.0013847658 -0.00214446663 -0.00274873382
v -0.00136574045 -0.00219311369 -0.00279203741
f 1738 1740 1739
v -0.000546409046 -0.00221981518 -0.0029730505
v -0.0012089391 -0.00190113115 -0.00223182178
v -0.00122836736 -0.00202797655 -0.00264498503
f 1741 1743 1742
v -0.00130032431 -0.00220011261 -0.00288647207
v -0.0013847658 -0.00214446663 -0.00274873382
v -0.00146826351 -0.00206831137 -0.00265251383
f 1744 1746 1745
v -0.00181179603 -0.00206019649 -0.00202740721
v -0.00189793282 -0.00213260901 -0.00187711885
v -0.00197833851 -0.00215106738 -0.0018045559
f 1747 1749 1748
v -0.00188527902 -0.00213939966 -0.00192480838
v -0.00180864154 -0.00206846416 -0.00197257832
v -0.00190267856 -0.0021374577 -0.00174994657
f 1750 1752 1751
v -0.00190267856 -0.0021374577 -0.00174994657
v -0.00189793282 -0.00213260901 -0.00187711885
v -0.00188527902 -0.00213939966 -0.00192480838
f 1753 1755 1754
v -0.00183780012 -0.00210913386 -0.00206159475
v -0.00180864154 -0.00206846416 -0.00197257832
v -0.00181179603 -0.00206019649 -0.00202740721
f 1756 1758 1757
v -0.00173249427 -0.00204975622 -0.00226908414
v -0.00197833851 -0.00215106738 -0.0018045559
v -0.00183780012 -0.00210913386 -0.00206159475
f 1759 1761 1760
v -0.00214436914 -0.00224274008 -0.00148987583
v -0.00216717744 -0.00228179233 -0.00142557201
v -0.00211491351 -0.00235426451 -0.0016513146
f 1762 1764 1763
v -0.00197833851 -0.00215106738 -0.0018045559
v -0.00203313975 -0.00221286282 -0.00168310999
v -0.00205458691 -0.00220954935 -0.00165393649
f 1765 1767 1766
v -0.00203313975 -0.00221286282 -0.00168310999
v -0.00197833851 -0.00215106738 -0.0018045559
v -0.00214436914 -0.00224274008 -0.00148987583
f 1768 1770 1769
v -0.00214436914 -0.00224274008 -0.00148987583
v -0.00205458691 -0.00220954935 -0.00165393649
v -0.00203313975 -0.00221286282 -0.00168310999
f 1771 1773 1772
v -0.00214436914 -0.00224274008 -0.00148987583
v -0.00215646342 -0.00229215257 -0.00144762889
v -0.00216717744 -0.00228179233 -0.00142557201
f 1774 1776 1775
v -0.00190267856 -0.0021374577 -0.00174994657
v -0.00195839002 -0.00217138841 -0.00178195114
v -0.00194574804 -0.00217797096 -0.00182739714
f 1777 1779 1778
v -0.00211491351 -0.00235426451 -0.0016513146
v -0.00233412302 -0.00235030548 -0.00116605479
v -0.002654741 -0.00324306784 -0.00123601321
f 1780 1782 1781
v -0.00228275203 -0.00238684624 -0.00114411214
v -0.00212290815 -0.00248269534 -0.00096433123
v -0.00237040458 -0.0028078548 -0.000814924624
f 1783 1785 1784
v -0.00228275203 -0.00238684624 -0.00114411214
v -0.00216717744 -0.00228179233 -0.00142557201
v -0.00215646342 -0.00229215257 -0.00144762889
f 1786 1788 1787
v -0.00145600416 -0.00209397513 -0.0026482574
v -0.00148202753 -0.00214211213 -0.00269185184
v -0.00150500373 -0.00209489772 -0.00260163579
f 1789 1791 1790
v -0.00158809071 -0.00198634552 -0.00228286335
v -0.00152654102 -0.00206496225 -0.00255478444
v -0.00150500373 -0.00209489772 -0.00260163579
f 1792 1794 1793
v -0.00152654102 -0.00206496225 -0.00255478444
v -0.00148202753 -0.00214211213 -0.00269185184
v -0.00146826351 -0.00206831137 -0.00265251383
f 1795 1797 1796
v -0.00173249427 -0.00204975622 -0.00226908414
v -0.00211491351 -0.00235426451 -0.0016513146
v -0.00161892422 -0.00227169403 -0.00258716882
f 1798 1800 1799
v -0.00161892422 -0.00227169403 -0.00258716882
v -0.00211491351 -0.00235426451 -0.0016513146
v -0.00176440735 -0.00329760842 -0.0023434628
f 1801 1803 1802
v -0.00122836736 -0.00202797655 -0.00264498503
v -0.0012089391 -0.00190113115 -0.00223182178
v -0.00158809071 -0.00198634552 -0.00228286335
f 1804 1806 1805
v -0.00180864154 -0.00206846416 -0.00197257832
v -0.00158809071 -0.00198634552 -0.00228286335
v -0.0014002544 -0.00198775124 -0.00167714861
f 1807 1809 1808
v -0.00145600416 -0.00209397513 -0.0026482574
v -0.00143563966 -0.00214211796 -0.00270574601
v -0.00122836736 -0.00202797655 -0.00264498503
f 1810 1812 1811
v -0.00211491351 -0.00235426451 -0.0016513146
v -0.002654741 -0.00324306784 -0.00123601321
v -0.00215427044 -0.00376435892 -0.00197270765
f 1813 1815 1814
v -0.00197401168 -0.00299884887 -0.00048522661
v -0.00212290815 -0.00248269534 -0.00096433123
v -0.00143652114 -0.00246791424 -0.000859164447
f 1816 1818 1817
v -0.00189793282 -0.00213260901 -0.00187711885
v -0.00203367581 -0.00220138936 -0.00174878533
v -0.00194574804 -0.00217797096 -0.00182739714
f 1819 1821 1820
v -0.00233412302 -0.00235030548 -0.00116605479
v -0.00228275203 -0.00238684624 -0.00114411214
v -0.00240385689 -0.00250891044 -0.00115459634
f 1822 1824 1823
v -0.00135594864 -0.0022763159 -0.00286659233
v -0.00136574045 -0.00219311369 -0.00279203741
v -0.00161892422 -0.00227169403 -0.00258716882
f 1825 1827 1826
v -0.000490241337 -0.00200422564 -0.00219301182
v -0.000817027376 -0.00202687133 -0.00169296018
v -0.0012089391 -0.00190113115 -0.00223182178
f 1828 1830 1829
v -0.00270342025 -0.00322544402 -0.0011119796
v -0.00269761167 -0.00340357255 -0.00108783697
v -0.00271155113 -0.00345198314 -0.001093439
f 1831 1833 1832
v -0.00269761167 -0.00340357255 -0.00108783697
v -0.002654741 -0.00324306784 -0.00123601321
v -0.00271155113 -0.00345198314 -0.001093439
f 1834 1836 1835
v -0.00274114409 -0.00354840486 -0.00111334148
v -0.00271553781 -0.00403782869 -0.00125947508
v -0.002654741 -0.00324306784 -0.00123601321
f 1837 1839 1838
v -0.00237040458 -0.0028078548 -0.000814924624
v -0.00287267485 -0.00411940564 -0.000873487716
v -0.00257760857 -0.00300941047 -0.000973966416
f 1840 1842 1841
v -0.00237040458 -0.0028078548 -0.000814924624
v -0.00197401168 -0.00299884887 -0.00048522661
v -0.00251673737 -0.00432865527 -0.000309776897
f 1843 1845 1844
v -0.00274114409 -0.00354840486 -0.00111334148
v -0.00287267485 -0.00411940564 -0.000873487716
v -0.00271553781 -0.00403782869 -0.00125947508
f 1846 1848 1847
v -0.00251673737 -0.00432865527 -0.000309776897
v -0.00284014423 -0.00460909941 -0.000657594865
v -0.00287267485 -0.00411940564 -0.000873487716
f 1849 1851 1850
v -0.00287267485 -0.00411940564 -0.000873487716
v -0.00284014423 -0.00460909941 -0.000657594865
v -0.00266755887 -0.00524957541 -0.000956890381
f 1852 1854 1853
v -0.00257760857 -0.00300941047 -0.000973966416
v -0.00269761167 -0.00340357255 -0.00108783697
v -0.00270342025 -0.00322544402 -0.0011119796
f 1855 1857 1856
v -0.00049715286 -0.00255886534 -0.00355366792
v -8.41623773e-05 -0.0025945199 -0.00371386959
v -7.20403932e-05 -0.00230600635 -0.00327866765
f 1858 1860 1859
v -7.20403932e-05 -0.00230600635 -0.00327866765
v -0.000546409046 -0.00221981518 -0.0029730505
v -0.00049715286 -0.00255886534 -0.00355366792
f 1861 1863 1862
v -0.00049715286 -0.00255886534 -0.00355366792
v -0.000423532265 -0.00324144567 -0.00362523169
v 0.000110498104 -0.00324420544 -0.00373509647
f 1864 1866 1865
v -0.00054348302 -0.00408557025 -0.00385294115
v -4.711604e-07 -0.00437099879 -0.003982833
v 0.000110498104 -0.00324420544 -0.00373509647
f 1867 1869 1868
v 0.000598161887 -0.0020727859 -0.0022819102
v -0.000490241337 -0.00200422564 -0.00219301182
v -7.20403932e-05 -0.00230600635 -0.00327866765
f 1870 1872 1871
v -0.00049715286 -0.00255886534 -0.00355366792
v -0.00078695557 -0.00253675735 -0.00339630715
v -0.000940181963 -0.00249822679 -0.00326136942
f 1873 1875 1874
v -0.00049715286 -0.00255886534 -0.00355366792
v -0.00117687223 -0.00329258291 -0.00315113575
v -0.000423532265 -0.00324144567 -0.00362523169
f 1876 1878 1877
v -0.00176440735 -0.00329760842 -0.0023434628
v -0.00165867186 -0.0041958152 -0.003090686
v -0.00117687223 -0.00329258291 -0.00315113575
f 1879 1881 1880
v -0.00054348302 -0.00408557025 -0.00385294115
v -0.00165867186 -0.0041958152 -0.003090686
v -0.000987828025 -0.00521565344 -0.00357311001
f 1882 1884 1883
v -6.61242723e-05 -0.00532918857 -0.00394432172
v 0.000683845656 -0.00436588525 -0.00395270617
v -4.711604e-07 -0.00437099879 -0.003982833
f 1885 1887 1886
v -0.00054348302 -0.00408557025 -0.00385294115
v -6.61242723e-05 -0.00532918857 -0.00394432172
v -4.711604e-07 -0.00437099879 -0.003982833
f 1888 1890 1889
v -0.00170470448 -0.00509992642 -0.00300591655
v -0.00236361375 -0.00642342129 -0.00272606485
v -0.000987828025 -0.00521565344 -0.00357311001
f 1891 1893 1892
v -0.000987828025 -0.00521565344 -0.00357311001
v -0.00139478989 -0.00696689822 -0.00338759637
v -6.61242723e-05 -0.00532918857 -0.00394432172
f 1894 1896 1895
v -0.00208924157 -0.00515388856 -0.00248728829
v -0.0022723998 -0.00452049899 -0.00182578551
v -0.0022566046 -0.00524006646 -0.0019225452
f 1897 1899 1898
v -0.00234213458 -0.00508282938 -0.00145101048
v -0.0022566046 -0.00524006646 -0.0019225452
v -0.0022723998 -0.00452049899 -0.00182578551
f 1900 1902 1901
v -0.0022723998 -0.00452049899 -0.00182578551
v -0.00271553781 -0.00403782869 -0.00125947508
v -0.00234213458 -0.00508282938 -0.00145101048
f 1903 1905 1904
v -0.00234213458 -0.00508282938 -0.00145101048
v -0.00239903475 -0.00588366784 -0.00146018274
v -0.0022566046 -0.00524006646 -0.0019225452
f 1906 1908 1907
v -0.00170470448 -0.00509992642 -0.00300591655
v -0.00241071048 -0.0061398423 -0.00261089845
v -0.00236361375 -0.00642342129 -0.00272606485
f 1909 1911 1910
v -0.00236361375 -0.00642342129 -0.00272606485
v -0.00241071048 -0.0061398423 -0.00261089845
v -0.00270908167 -0.00688924556 -0.00234874205
f 1912 1914 1913
v -0.00261959085 -0.00641960869 -0.00221531227
v -0.00300989541 -0.00751414991 -0.00223619718
v -0.00270908167 -0.00688924556 -0.00234874205
f 1915 1917 1916
v -0.00300989541 -0.00751414991 -0.00223619718
v -0.00292728892 -0.00726721046 -0.00192850639
v -0.00317302474 -0.00801085916 -0.0020516216
f 1918 1920 1919
v -0.000546409046 -0.00221981518 -0.0029730505
v -0.000490241337 -0.00200422564 -0.00219301182
v -0.0012089391 -0.00190113115 -0.00223182178
f 1921 1923 1922
v -0.00135594864 -0.0022763159 -0.00286659233
v -0.00161892422 -0.00227169403 -0.00258716882
v -0.00117687223 -0.00329258291 -0.00315113575
f 1924 1926 1925
v -0.00240385689 -0.00250891044 -0.00115459634
v -0.00270342025 -0.00322544402 -0.0011119796
v -0.00233412302 -0.00235030548 -0.00116605479
f 1927 1929 1928
v -0.00212290815 -0.00248269534 -0.00096433123
v -0.00197401168 -0.00299884887 -0.00048522661
v -0.00237040458 -0.0028078548 -0.000814924624
f 1930 1932 1931
v -0.00193592514 -0.00426502775 -0.00266351071
v -0.00215427044 -0.00376435892 -0.00197270765
v -0.0022723998 -0.00452049899 -0.00182578551
f 1933 1935 1934
v -0.00287416951 -0.0078710269 -0.00249739787
v -0.00300989541 -0.00751414991 -0.00223619718
v -0.00308478557 -0.00823531809 -0.00235535099
f 1936 1938 1937
v -0.00287416951 -0.0078710269 -0.00249739787
v -0.00255865089 -0.00807843389 -0.00243937502
v -0.00242840106 -0.00746131627 -0.00265383314
f 1939 1941 1940
v -0.00287416951 -0.0078710269 -0.00249739787
v -0.00308478557 -0.00823531809 -0.00235535099
v -0.00255865089 -0.00807843389 -0.00243937502
f 1942 1944 1943
v 0.00239378151 -0.00218305486 -0.0026107733
v 0.00253491835 -0.00210947237 -0.00251866477
v 0.00250467492 -0.00211285424 -0.00250246067
f 1945 1947 1946
v 0.00255361956 -0.00207727335 -0.00239213896
v 0.00256996864 -0.00206827517 -0.00245780539
v 0.002591259 -0.00207102912 -0.00241506204
f 1948 1950 1949
v 0.00250948051 -0.00217686666 -0.0024493409
v 0.00250467492 -0.00211285424 -0.00250246067
v 0.00250432713 -0.00214445809 -0.0025628502
f 1951 1953 1952
v 0.00261212117 -0.00209566988 -0.00234081672
v 0.00255361956 -0.00207727335 -0.00239213896
v 0.00250948051 -0.00217686666 -0.0024493409
f 1954 1956 1955
v 0.00261752848 -0.00203879008 -0.00236622182
v 0.00260637644 -0.00205312444 -0.00228225072
v 0.00226871707 -0.00208682432 -0.00213486383
f 1957 1959 1958
v 0.00260637644 -0.00205312444 -0.00228225072
v 0.00265529652 -0.00201829807 -0.00226404609
v 0.00226871707 -0.00208682432 -0.00213486383
f 1960 1962 1961
v 0.0022275899 -0.00227365999 -0.00273412224
v 0.0021741711 -0.00232008279 -0.00286305003
v 0.00227297915 -0.00228782555 -0.00275318507
f 1963 1965 1964
v 0.0022275899 -0.00227365999 -0.00273412224
v 0.0018759225 -0.00214186693 -0.00255132691
v 0.0021741711 -0.00232008279 -0.00286305003
f 1966 1968 1967
v 0.00216843964 -0.0023739467 -0.00283607642
v 0.0021741711 -0.00232008279 -0.00286305003
v 0.00202777319 -0.00250497287 -0.00313802229
f 1969 1971 1970
v 0.0021741711 -0.00232008279 -0.00286305003
v 0.0018759225 -0.00214186693 -0.00255132691
v 0.00189796447 -0.00233245046 -0.00300820975
f 1972 1974 1973
v 0.00239378151 -0.00218305486 -0.0026107733
v 0.00241048601 -0.00213032381 -0.00250912599
v 0.0018759225 -0.00214186693 -0.00255132691
f 1975 1977 1976
v 0.00235151219 -0.00228769768 -0.00263091024
v 0.0022275899 -0.00227365999 -0.00273412224
v 0.00216843964 -0.0023739467 -0.00283607642
f 1978 1980 1979
v 0.00235151219 -0.00228769768 -0.00263091024
v 0.00239378151 -0.00218305486 -0.0026107733
v 0.00227297915 -0.00228782555 -0.00275318507
f 1981 1983 1982
v 0.00235151219 -0.00228769768 -0.00263091024
v 0.00216843964 -0.0023739467 -0.00283607642
v 0.00185169938 -0.00255367959 -0.00294710735
f 1984 1986 1985
v 0.00201618241 -0.0025410347 -0.00318844905
v 0.00202777319 -0.00250497287 -0.00313802229
v 0.00198820799 -0.00248240722 -0.00312534212
f 1987 1989 1988
v 0.00250948051 -0.00217686666 -0.0024493409
v 0.00241048601 -0.00213032381 -0.00250912599
v 0.00235151219 -0.00228769768 -0.00263091024
f 1990 1992 1991
v 0.00241048601 -0.00213032381 -0.00250912599
v 0.00226871707 -0.00208682432 -0.00213486383
v 0.0018759225 -0.00214186693 -0.00255132691
f 1993 1995 1994
v 0.00154502777 -0.00217433153 -0.00297393944
v 0.0018759225 -0.00214186693 -0.00255132691
v 0.0012523541 -0.002042694 -0.00227189776
f 1996 1998 1997
v 0.00154502777 -0.00217433153 -0.00297393944
v 0.00189796447 -0.00233245046 -0.00300820975
v 0.0018759225 -0.00214186693 -0.00255132691
f 1999 2001 2000
v 0.0012523541 -0.002042694 -0.00227189776
v 0.00226871707 -0.00208682432 -0.00213486383
v 0.00247858916 -0.00213744843 -0.00165744714
f 2002 2004 2003
v 0.0012523541 -0.002042694 -0.00227189776
v 0.000887166425 -0.00225943968 -0.0012684297
v 0.000598161887 -0.0020727859 -0.0022819102
f 2005 2007 2006
v 0.00291872802 -0.00212489522 -0.00152874054
v 0.00288996544 -0.0021662976 -0.00147692026
v 0.00290985845 -0.00213543299 -0.00144143496
f 2008 2010 2009
v 0.00283963818 -0.00210515918 -0.00157618415
v 0.00291872802 -0.00212489522 -0.00152874054
v 0.00290985845 -0.00213543299 -0.00144143496
f 2011 2013 2012
v 0.00288662413 -0.00217970501 -0.00132781743
v 0.00291422948 -0.00220966376 -0.00127286157
v 0.0028814693 -0.00221591963 -0.0011962481
f 2014 2016 2015
v 0.00292097357 -0.0022749 -0.00109532657
v 0.00289353957 -0.00226104148 -0.0011624069
v 0.00292274653 -0.00224780215 -0.0012879862
f 2017 2019 2018
v 0.00292274653 -0.00224780215 -0.0012879862
v 0.00289353957 -0.00226104148 -0.0011624069
v 0.00290182106 -0.00223920924 -0.00114188615
f 2020 2022 2021
v 0.00292097357 -0.0022749 -0.00109532657
v 0.00290182106 -0.00223920924 -0.00114188615
v 0.00289353957 -0.00226104148 -0.0011624069
f 2023 2025 2024
v 0.00288662413 -0.00217970501 -0.00132781743
v 0.00294236961 -0.00217880861 -0.00134738229
v 0.00292334225 -0.00218889236 -0.00125354691
f 2026 2028 2027
v 0.00294236961 -0.00217880861 -0.00134738229
v 0.00292274653 -0.00224780215 -0.0012879862
v 0.00291422948 -0.00220966376 -0.00127286157
f 2029 2031 2030
v 0.00294236961 -0.00217880861 -0.00134738229
v 0.00291422948 -0.00220966376 -0.00127286157
v 0.00292334225 -0.00218889236 -0.00125354691
f 2032 2034 2033
v 0.00292274653 -0.00224780215 -0.0012879862
v 0.00292334225 -0.00218889236 -0.00125354691
v 0.00291422948 -0.00220966376 -0.00127286157
f 2035 2037 2036
v 0.00294236961 -0.00217880861 -0.00134738229
v 0.00290985845 -0.00213543299 -0.00144143496
v 0.00288996544 -0.0021662976 -0.00147692026
f 2038 2040 2039
v 0.00283963818 -0.00210515918 -0.00157618415
v 0.00292274653 -0.00224780215 -0.0012879862
v 0.00288662413 -0.00217970501 -0.00132781743
f 2041 2043 2042
v 0.00279707911 -0.00231303693 -0.000993130107
v 0.00285371134 -0.002261796 -0.00108768081
v 0.00287167768 -0.00231027643 -0.00105526087
f 2044 2046 2045
v 0.00289119944 -0.00241496728 -0.000804585488
v 0.00285283386 -0.00236375399 -0.000948294564
v 0.00290247317 -0.00234044692 -0.000988896591
f 2047 2049 2048
v 0.00290247317 -0.00234044692 -0.000988896591
v 0.00285283386 -0.00236375399 -0.000948294564
v 0.0028595512 -0.0023433915 -0.000929069574
f 2050 2052 2051
v 0.00290247317 -0.00234044692 -0.000988896591
v 0.00287167768 -0.00231027643 -0.00105526087
v 0.00292274653 -0.00224780215 -0.0012879862
f 2053 2055 2054
v 0.00271845929 -0.00236684773 -0.000881788037
v 0.00279707911 -0.00231303693 -0.000993130107
v 0.00285283386 -0.00236375399 -0.000948294564
f 2056 2058 2057
v 0.00290247317 -0.00234044692 -0.000988896591
v 0.00287896637 -0.00228915214 -0.00103566417
v 0.00287167768 -0.00231027643 -0.00105526087
f 2059 2061 2060
v 0.00289119944 -0.00241496728 -0.000804585488
v 0.00282404453 -0.0026213942 -0.000605398964
v 0.00269063567 -0.00257838819 -0.000532464765
f 2062 2064 2063
v 0.00270874261 -0.00201630519 -0.00206843033
v 0.00271445151 -0.00199644546 -0.00213507446
v 0.00273724909 -0.00200562044 -0.0020902673
f 2065 2067 2066
v 0.00283581994 -0.00205535962 -0.0017990069
v 0.00278602456 -0.00198736507 -0.00191768158
v 0.00276413884 -0.00201097773 -0.00195514185
f 2068 2070 2069
v 0.00283581994 -0.00205535962 -0.0017990069
v 0.00276675582 -0.0020267018 -0.00202245501
v 0.00265935469 -0.00212527357 -0.00220477123
f 2071 2073 2072
v 0.00274271824 -0.00197809986 -0.0020074207
v 0.00278716816 -0.00196777601 -0.00198920334
v 0.00278602456 -0.00198736507 -0.00191768158
f 2074 2076 2075
v 0.00276675582 -0.0020267018 -0.00202245501
v 0.00270874261 -0.00201630519 -0.00206843033
v 0.00265935469 -0.00212527357 -0.00220477123
f 2077 2079 2078
v 0.00283581994 -0.00205535962 -0.0017990069
v 0.00276413884 -0.00201097773 -0.00195514185
v 0.00276675582 -0.0020267018 -0.00202245501
f 2080 2082 2081
v 0.00276675582 -0.0020267018 -0.00202245501
v 0.00278716816 -0.00196777601 -0.00198920334
v 0.00273724909 -0.00200562044 -0.0020902673
f 2083 2085 2084
v 0.00274271824 -0.00197809986 -0.0020074207
v 0.00247858916 -0.00213744843 -0.00165744714
v 0.00226871707 -0.00208682432 -0.00213486383
f 2086 2088 2087
v 0.00283581994 -0.00205535962 -0.0017990069
v 0.00283963818 -0.00210515918 -0.00157618415
v 0.00247858916 -0.00213744843 -0.00165744714
f 2089 2091 2090
v 0.00283963818 -0.00210515918 -0.00157618415
v 0.00283581994 -0.00205535962 -0.0017990069
v 0.00291872802 -0.00212489522 -0.00152874054
f 2092 2094 2093
v 0.00283581994 -0.00205535962 -0.0017990069
v 0.00272193429 -0.00272853704 -0.00212469404
v 0.00291872802 -0.00212489522 -0.00152874054
f 2095 2097 2096
v 0.00283963818 -0.00210515918 -0.00157618415
v 0.00279707911 -0.00231303693 -0.000993130107
v 0.00247858916 -0.00213744843 -0.00165744714
f 2098 2100 2099
v 0.00280711702 -0.00253923481 -0.00176773665
v 0.00272193429 -0.00272853704 -0.00212469404
v 0.00279533942 -0.00288912179 -0.00201082403
f 2101 2103 2102
v 0.00268624626 -0.00203103464 -0.0021942782
v 0.00267127507 -0.00207956091 -0.00222618764
v 0.00265824547 -0.00203586587 -0.00217674278
f 2104 2106 2105
v 0.00265935469 -0.00212527357 -0.00220477123
v 0.00265824547 -0.00203586587 -0.00217674278
v 0.00267127507 -0.00207956091 -0.00222618764
f 2107 2109 2108
v 0.00270874261 -0.00201630519 -0.00206843033
v 0.00274271824 -0.00197809986 -0.0020074207
v 0.00226871707 -0.00208682432 -0.00213486383
f 2110 2112 2111
v 0.00274271824 -0.00197809986 -0.0020074207
v 0.00276413884 -0.00201097773 -0.00195514185
v 0.00247858916 -0.00213744843 -0.00165744714
f 2113 2115 2114
v 0.00283581994 -0.00205535962 -0.0017990069
v 0.00265935469 -0.00212527357 -0.00220477123
v 0.00272193429 -0.00272853704 -0.00212469404
f 2116 2118 2117
v 0.00280711702 -0.00253923481 -0.00176773665
v 0.00292274653 -0.00224780215 -0.0012879862
v 0.00294236961 -0.00217880861 -0.00134738229
f 2119 2121 2120
v 0.000887166425 -0.00225943968 -0.0012684297
v 0.00202278025 -0.00230250407 -0.000914571683
v 0.00176850772 -0.00264102018 -0.00051611396
f 2122 2124 2123
v 0.00271845929 -0.00236684773 -0.000881788037
v 0.00202278025 -0.00230250407 -0.000914571683
v 0.00279707911 -0.00231303693 -0.000993130107
f 2125 2127 2126
v 0.00269063567 -0.00257838819 -0.000532464765
v 0.00176850772 -0.00264102018 -0.00051611396
v 0.00202278025 -0.00230250407 -0.000914571683
f 2128 2130 2129
v 0.00280711702 -0.00253923481 -0.00176773665
v 0.00279474407 -0.0033241362 -0.000667145241
v 0.00274220183 -0.00281502271 -0.000847185038
f 2131 2133 2132
v 0.00265529652 -0.00201829807 -0.00226404609
v 0.00268624626 -0.00203103464 -0.0021942782
v 0.00265824547 -0.00203586587 -0.00217674278
f 2134 2136 2135
v 0.00267127507 -0.00207956091 -0.00222618764
v 0.00260637644 -0.00205312444 -0.00228225072
v 0.00261212117 -0.00209566988 -0.00234081672
f 2137 2139 2138
v 0.00267127507 -0.00207956091 -0.00222618764
v 0.00261212117 -0.00209566988 -0.00234081672
v 0.00250948051 -0.00217686666 -0.0024493409
f 2140 2142 2141
v 0.00265529652 -0.00201829807 -0.00226404609
v 0.00265824547 -0.00203586587 -0.00217674278
v 0.00226871707 -0.00208682432 -0.00213486383
f 2143 2145 2144
v 0.00250948051 -0.00217686666 -0.0024493409
v 0.00194128952 -0.00269407283 -0.0027495129
v 0.00265935469 -0.00212527357 -0.00220477123
f 2146 2148 2147
v 0.00294236961 -0.00217880861 -0.00134738229
v 0.00288996544 -0.0021662976 -0.00147692026
v 0.00291872802 -0.00212489522 -0.00152874054
f 2149 2151 2150
v 0.00290247317 -0.00234044692 -0.000988896591
v 0.00274220183 -0.00281502271 -0.000847185038
v 0.00289119944 -0.00241496728 -0.000804585488
f 2152 2154 2153
v 0.0028814693 -0.00221591963 -0.0011962481
v 0.00279707911 -0.00231303693 -0.000993130107
v 0.00288662413 -0.00217970501 -0.00132781743
f 2155 2157 2156
v 0.00292097357 -0.0022749 -0.00109532657
v 0.00292274653 -0.00224780215 -0.0012879862
v 0.00287167768 -0.00231027643 -0.00105526087
f 2158 2160 2159
v 0.00292097357 -0.0022749 -0.00109532657
v 0.00287167768 -0.00231027643 -0.00105526087
v 0.00287896637 -0.00228915214 -0.00103566417
f 2161 2163 2162
v 0.00285371134 -0.002261796 -0.00108768081
v 0.0028814693 -0.00221591963 -0.0011962481
v 0.00289353957 -0.00226104148 -0.0011624069
f 2164 2166 2165
v 0.00161740027 -0.00280832137 -0.0035152174
v 0.00118326534 -0.00234119379 -0.0034217046
v 0.00129714417 -0.00281509583 -0.00367268731
f 2167 2169 2168
v 0.00118326534 -0.00234119379 -0.0034217046
v 0.00185132631 -0.0026805672 -0.0033192111
v 0.00154502777 -0.00217433153 -0.00297393944
f 2170 2172 2171
v 0.00163712302 -0.00285790411 -0.00339170365
v 0.00185132631 -0.0026805672 -0.0033192111
v 0.00161740027 -0.00280832137 -0.0035152174
f 2173 2175 2174
v 0.00161740027 -0.00280832137 -0.0035152174
v 0.00129714417 -0.00281509583 -0.00367268731
v 0.00163712302 -0.00285790411 -0.00339170365
f 2176 2178 2177
v 0.00118326534 -0.00234119379 -0.0034217046
v 0.00161740027 -0.00280832137 -0.0035152174
v 0.00185132631 -0.0026805672 -0.0033192111
f 2179 2181 2180
v 0.00094798188 -0.00210345988 -0.00305929352
v 0.000598161887 -0.0020727859 -0.0022819102
v -7.20403932e-05 -0.00230600635 -0.00327866765
f 2182 2184 2183
v 0.00163712302 -0.00285790411 -0.00339170365
v 0.00130031358 -0.00327382259 -0.00357983954
v 0.00172685304 -0.00373505645 -0.00336855737
f 2185 2187 2186
v 0.00185169938 -0.00255367959 -0.00294710735
v 0.00163712302 -0.00285790411 -0.00339170365
v 0.00194128952 -0.00269407283 -0.0027495129
f 2188 2190 2189
v 0.00194128952 -0.00269407283 -0.0027495129
v 0.00172685304 -0.00373505645 -0.00336855737
v 0.00245691936 -0.00337001366 -0.0023947443
f 2191 2193 2192
v 0.00135065175 -0.00398431403 -0.0036205347
v 0.00176877129 -0.0044759614 -0.00337261627
v 0.00172685304 -0.00373505645 -0.00336855737
f 2194 2196 2195
v 0.000683845656 -0.00436588525 -0.00395270617
v 0.0010413788 -0.00516353648 -0.003804476
v 0.00135065175 -0.00398431403 -0.0036205347
f 2197 2199 2198
v 0.00176877129 -0.0044759614 -0.00337261627
v 0.0010413788 -0.00516353648 -0.003804476
v 0.00204835687 -0.00522355076 -0.00339838771
f 2200 2202 2201
v 0.00245691936 -0.00337001366 -0.0023947443
v 0.00267311752 -0.00448527171 -0.00210195612
v 0.00273261394 -0.00350745868 -0.00190631345
f 2203 2205 2204
v 0.00273261394 -0.00350745868 -0.00190631345
v 0.00267311752 -0.00448527171 -0.00210195612
v 0.00286995146 -0.0043374188 -0.0014258153
f 2206 2208 2207
v 0.00187936985 -0.00678234428 -0.00349450711
v 0.00250107751 -0.00656960838 -0.0028708866
v 0.00204835687 -0.00522355076 -0.00339838771
f 2209 2211 2210
v 0.00172044984 -0.00567426068 -0.00363693398
v 0.00187936985 -0.00678234428 -0.00349450711
v 0.00204835687 -0.00522355076 -0.00339838771
f 2212 2214 2213
v 0.00204835687 -0.00522355076 -0.00339838771
v 0.00250107751 -0.00656960838 -0.0028708866
v 0.00298465693 -0.00552062484 -0.00230900514
f 2215 2217 2216
v 0.00172685304 -0.00373505645 -0.00336855737
v 0.00229614689 -0.00469098995 -0.00286013965
v 0.00245691936 -0.00337001366 -0.0023947443
f 2218 2220 2219
v 0.00194620225 -0.00257638567 -0.00318218808
v 0.00185132631 -0.0026805672 -0.0033192111
v 0.00163712302 -0.00285790411 -0.00339170365
f 2221 2223 2222
v 0.00269063567 -0.00257838819 -0.000532464765
v 0.00282404453 -0.0026213942 -0.000605398964
v 0.00282325145 -0.00282403398 -0.000360080594
f 2224 2226 2225
v 0.00269063567 -0.00257838819 -0.000532464765
v 0.00278919833 -0.00287639032 -0.00028561808
v 0.00278474254 -0.00289362561 -0.000300838474
f 2227 2229 2228
v 0.00269063567 -0.00257838819 -0.000532464765
v 0.00278474254 -0.00289362561 -0.000300838474
v 0.00266796287 -0.00292431996 -0.000192712469
f 2230 2232 2231
v 0.00283313293 -0.00297497954 -0.000216556327
v 0.00274454869 -0.00310059077 -7.65173354e-05
v 0.0027450882 -0.00307904811 -6.24798304e-05
f 2233 2235 2234
v 0.00266796287 -0.00292431996 -0.000192712469
v 0.00283313293 -0.00297497954 -0.000216556327
v 0.0027450882 -0.00307904811 -6.24798304e-05
f 2236 2238 2237
v 0.00274024624 -0.00317920676 -1.99739617e-05
v 0.00268092499 -0.00317782651 8.00839132e-05
v 0.00259957542 -0.00309770803 5.0385669e-07
f 2239 2241 2240
v 0.00259957542 -0.00309770803 5.0385669e-07
v 0.00263379243 -0.00322370433 0.000100824025
v 0.00232134062 -0.00328334463 0.00037042264
f 2242 2244 2243
v 0.00263379243 -0.00322370433 0.000100824025
v 0.00259957542 -0.00309770803 5.0385669e-07
v 0.00267812411 -0.00320964136 6.96385484e-05
f 2245 2247 2246
v 0.00266796287 -0.00292431996 -0.000192712469
v 0.00274454869 -0.00310059077 -7.65173354e-05
v 0.00259957542 -0.00309770803 5.0385669e-07
f 2248 2250 2249
v 0.00282325145 -0.00282403398 -0.000360080594
v 0.00278474254 -0.00289362561 -0.000300838474
v 0.00278919833 -0.00287639032 -0.00028561808
f 2251 2253 2252
v 0.00269063567 -0.00257838819 -0.000532464765
v 0.00282325145 -0.00282403398 -0.000360080594
v 0.00278919833 -0.00287639032 -0.00028561808
f 2254 2256 2255
v 0.00283313293 -0.00297497954 -0.000216556327
v 0.00274220183 -0.00281502271 -0.000847185038
v 0.00279474407 -0.0033241362 -0.000667145241
f 2257 2259 2258
v 0.00279474407 -0.0033241362 -0.000667145241
v 0.00286995146 -0.0043374188 -0.0014258153
v 0.00269865395 -0.00443382633 -0.000614745977
f 2260 2262 2261
v 0.00282325145 -0.00282403398 -0.000360080594
v 0.00274220183 -0.00281502271 -0.000847185038
v 0.00283313293 -0.00297497954 -0.000216556327
f 2263 2265 2264
v 0.00274024624 -0.00317920676 -1.99739617e-05
v 0.00274454869 -0.00310059077 -7.65173354e-05
v 0.00283313293 -0.00297497954 -0.000216556327
f 2266 2268 2267
v 0.00267812411 -0.00320964136 6.96385484e-05
v 0.00274024624 -0.00317920676 -1.99739617e-05
v 0.00263379243 -0.00322370433 0.000100824025
f 2269 2271 2270
v 0.00283313293 -0.00297497954 -0.000216556327
v 0.00278474254 -0.00289362561 -0.000300838474
v 0.00282325145 -0.00282403398 -0.000360080594
f 2272 2274 2273
v 0.00286995146 -0.0043374188 -0.0014258153
v 0.00292966051 -0.00555128281 -0.000444491161
v 0.00269865395 -0.00443382633 -0.000614745977
f 2275 2277 2276
v 0.00267311752 -0.00448527171 -0.00210195612
v 0.00298465693 -0.00552062484 -0.00230900514
v 0.00286995146 -0.0043374188 -0.0014258153
f 2278 2280 2279
v 0.00308997114 -0.00542169655 -0.00194836011
v 0.00310099422 -0.00581080967 -0.00127163576
v 0.00286995146 -0.0043374188 -0.0014258153
f 2281 2283 2282
v 0.00298465693 -0.00552062484 -0.00230900514
v 0.00308997114 -0.00542169655 -0.00194836011
v 0.00286995146 -0.0043374188 -0.0014258153
f 2284 2286 2285
v 0.00298465693 -0.00552062484 -0.00230900514
v 0.00250107751 -0.00656960838 -0.0028708866
v 0.00302074968 -0.00639969585 -0.00197499303
f 2287 2289 2288
v 0.00269063567 -0.00257838819 -0.000532464765
v 0.00259957542 -0.00309770803 5.0385669e-07
v 0.00176850772 -0.00264102018 -0.00051611396
f 2290 2292 2291
v 0.00286995146 -0.0043374188 -0.0014258153
v 0.00279474407 -0.0033241362 -0.000667145241
v 0.00273261394 -0.00350745868 -0.00190631345
f 2293 2295 2294
v 0.00185132631 -0.0026805672 -0.0033192111
v 0.00201618241 -0.0025410347 -0.00318844905
v 0.00189796447 -0.00233245046 -0.00300820975
f 2296 2298 2297
v 0.00196050369 -0.00250995108 -0.00307982264
v 0.00198820799 -0.00248240722 -0.00312534212
v 0.00194620225 -0.00257638567 -0.00318218808
f 2299 2301 2300
v 0.00189796447 -0.00233245046 -0.00300820975
v 0.00196050369 -0.00250995108 -0.00307982264
v 0.00185132631 -0.0026805672 -0.0033192111
f 2302 2304 2303
v -0.000490241337 -0.00200422564 -0.00219301182
v 0.000598161887 -0.0020727859 -0.0022819102
v -0.000157136208 -0.00203872987 -0.00152717876
f 2305 2307 2306
v -0.000157136208 -0.00203872987 -0.00152717876
v -4.88207434e-05 -0.00231123267 -0.000657135206
v -0.000543517353 -0.0021439364 -0.00114599807
f 2308 2310 2309
v -0.000543517353 -0.0021439364 -0.00114599807
v -0.000445836076 -0.00250243829 -0.000348319372
v -0.00143652114 -0.00246791424 -0.000859164447
f 2311 2313 2312
v -0.00143652114 -0.00246791424 -0.000859164447
v -0.00154067748 -0.00313838136 -7.2271547e-05
v -0.00197401168 -0.00299884887 -0.00048522661
f 2314 2316 2315
v -0.000543517353 -0.0021439364 -0.00114599807
v -4.88207434e-05 -0.00231123267 -0.000657135206
v -0.000445836076 -0.00250243829 -0.000348319372
f 2317 2319 2318
v -0.00154067748 -0.00313838136 -7.2271547e-05
v -0.000445836076 -0.00250243829 -0.000348319372
v -0.000162070933 -0.00311015392 0.000262371759
f 2320 2322 2321
v 0.00176850772 -0.00264102018 -0.00051611396
v 0.0008924947 -0.00279956457 -0.000504807394
v 0.000887166425 -0.00225943968 -0.0012684297
f 2323 2325 2324
v 0.0008924947 -0.00279956457 -0.000504807394
v 0.000872655528 -0.00312031989 0.000138317944
v 0.00036147751 -0.00304317364 0.000163647371
f 2326 2328 2327
v -4.88207434e-05 -0.00231123267 -0.000657135206
v 0.0008924947 -0.00279956457 -0.000504807394
v 0.00036147751 -0.00304317364 0.000163647371
f 2329 2331 2330
v 0.0008924947 -0.00279956457 -0.000504807394
v 0.00176850772 -0.00264102018 -0.00051611396
v 0.000872655528 -0.00312031989 0.000138317944
f 2332 2334 2333
v -0.000445836076 -0.00250243829 -0.000348319372
v 0.00036147751 -0.00304317364 0.000163647371
v -0.000162070933 -0.00311015392 0.000262371759
f 2335 2337 2336
v -0.000157136208 -0.00203872987 -0.00152717876
v -0.000543517353 -0.0021439364 -0.00114599807
v -0.000817027376 -0.00202687133 -0.00169296018
f 2338 2340 2339
v -0.00169406521 -0.00422844714 0.000882896711
v -0.00196390265 -0.00460036281 0.000711477514
v -0.0022674938 -0.00461585478 0.000362663923
f 2341 2343 2342
v -0.00182974491 -0.00384681734 0.000462576645
v -0.00169406521 -0.00422844714 0.000882896711
v -0.0022674938 -0.00461585478 0.000362663923
f 2344 2346 2345
v -0.0022674938 -0.00461585478 0.000362663923
v -0.00251673737 -0.00432865527 -0.000309776897
v -0.00182974491 -0.00384681734 0.000462576645
f 2347 2349 2348
v -0.00257808715 -0.00475772358 -0.000174358058
v -0.00269497868 -0.00516304535 -0.000596166501
v -0.00284014423 -0.00460909941 -0.000657594865
f 2350 2352 2351
v -0.00208393049 -0.00485621167 0.000578662548
v -0.00184751443 -0.00566345007 0.000298815758
v -0.00269497868 -0.00516304535 -0.000596166501
f 2353 2355 2354
v -0.000817164528 -0.00375869204 0.000888388422
v -0.000782084135 -0.00419091157 0.00146970433
v -0.00182974491 -0.00384681734 0.000462576645
f 2356 2358 2357
v -0.00188918002 -0.0046036901 0.000798335896
v -0.00142018034 -0.00470870982 0.00127179501
v -0.00208393049 -0.00485621167 0.000578662548
f 2359 2361 2360
v -0.00188874892 -0.00459945331 0.000801330316
v -0.00188918002 -0.0046036901 0.000798335896
v -0.00169406521 -0.00422844714 0.000882896711
f 2362 2364 2363
v 0.0010500461 -0.00393197224 0.00121278936
v -0.000782084135 -0.00419091157 0.00146970433
v -0.000817164528 -0.00375869204 0.000888388422
f 2365 2367 2366
v -0.000782084135 -0.00419091157 0.00146970433
v -0.000510089558 -0.00468221115 0.00189348575
v -0.000963400089 -0.00456129674 0.00165584006
f 2368 2370 2369
v -0.00142018034 -0.00470870982 0.00127179501
v -0.000963400089 -0.00456129674 0.00165584006
v -0.000780492155 -0.00495211716 0.00170462554
f 2371 2373 2372
v -0.000782084135 -0.00419091157 0.00146970433
v -0.000963400089 -0.00456129674 0.00165584006
v -0.00169406521 -0.00422844714 0.000882896711
f 2374 2376 2375
v -0.00208393049 -0.00485621167 0.000578662548
v -0.00142018034 -0.00470870982 0.00127179501
v -0.00118585849 -0.00545714756 0.000952535083
f 2377 2379 2378
v -0.00208393049 -0.00485621167 0.000578662548
v -0.00118585849 -0.00545714756 0.000952535083
v -0.00184751443 -0.00566345007 0.000298815758
f 2380 2382 2381
v -0.0013736234 -0.00588977091 0.000788342732
v -0.00174133584 -0.00633541131 0.000642985469
v -0.00184751443 -0.00566345007 0.000298815758
f 2383 2385 2384
v -0.0013736234 -0.00588977091 0.000788342732
v -0.00184751443 -0.00566345007 0.000298815758
v -0.00118585849 -0.00545714756 0.000952535083
f 2386 2388 2387
v -0.00154067748 -0.00313838136 -7.2271547e-05
v -0.000817164528 -0.00375869204 0.000888388422
v -0.00182974491 -0.00384681734 0.000462576645
f 2389 2391 2390
v -0.00154067748 -0.00313838136 -7.2271547e-05
v -0.000162070933 -0.00311015392 0.000262371759
v -0.000817164528 -0.00375869204 0.000888388422
f 2392 2394 2393
v -0.00196390265 -0.00460036281 0.000711477514
v -0.00188874892 -0.00459945331 0.000801330316
v -0.00208393049 -0.00485621167 0.000578662548
f 2395 2397 2396
v -0.00196390265 -0.00460036281 0.000711477514
v -0.00169406521 -0.00422844714 0.000882896711
v -0.00188918002 -0.0046036901 0.000798335896
f 2398 2400 2399
v -0.0022674938 -0.00461585478 0.000362663923
v -0.00196390265 -0.00460036281 0.000711477514
v -0.00208393049 -0.00485621167 0.000578662548
f 2401 2403 2402
v 0.000337369443 -0.00548168173 -0.00394951421
v 0.0010413788 -0.00516353648 -0.003804476
v 0.000683845656 -0.00436588525 -0.00395270617
f 2404 2406 2405
v 0.00151640679 -0.00652662711 -0.00372664799
v 0.00172044984 -0.00567426068 -0.00363693398
v 0.0010413788 -0.00516353648 -0.003804476
f 2407 2409 2408
v 0.000337369443 -0.00548168173 -0.00394951421
v 0.00151640679 -0.00652662711 -0.00372664799
v 0.0010413788 -0.00516353648 -0.003804476
f 2410 2412 2411
v -0.0022612754 -0.00593864424 -0.000593103778
v -0.00242714832 -0.00599152736 -0.00118523258
v -0.00269497868 -0.00516304535 -0.000596166501
f 2413 2415 2414
v -0.00242714832 -0.00599152736 -0.00118523258
v -0.00241709658 -0.00629931164 -0.00115583862
v -0.00239903475 -0.00588366784 -0.00146018274
f 2416 2418 2417
v -0.0020801428 -0.00682409009 -0.000149536675
v -0.0022612754 -0.00593864424 -0.000593103778
v -0.00184751443 -0.00566345007 0.000298815758
f 2419 2421 2420
v -0.0022612754 -0.00593864424 -0.000593103778
v -0.00241709658 -0.00629931164 -0.00115583862
v -0.00242714832 -0.00599152736 -0.00118523258
f 2422 2424 2423
v -0.00241709658 -0.00629931164 -0.00115583862
v -0.00292728892 -0.00726721046 -0.00192850639
v -0.00261959085 -0.00641960869 -0.00221531227
f 2425 2427 2426
v -0.00242163351 -0.00673360046 -0.000741291842
v -0.00257415359 -0.00743292403 -0.000565187474
v -0.0026543541 -0.00705385537 -0.000990696753
f 2428 2430 2429
v -0.00118085873 -0.00711592584 0.000818701301
v -0.00174133584 -0.00633541131 0.000642985469
v -0.0013736234 -0.00588977091 0.000788342732
f 2431 2433 2432
v -0.00222404869 -0.0082310813 -0.000323764584
v -0.0020801428 -0.00682409009 -0.000149536675
v -0.00192879725 -0.00785143566 -9.92615199e-06
f 2434 2436 2435
v -0.00118085873 -0.00711592584 0.000818701301
v -0.00192879725 -0.00785143566 -9.92615199e-06
v -0.0020801428 -0.00682409009 -0.000149536675
f 2437 2439 2438
v 0.0023587043 -0.0035341629 0.000598610131
v 0.0023974515 -0.00360044905 0.000552551865
v 0.00232134062 -0.00328334463 0.00037042264
f 2440 2442 2441
v 0.00221805585 -0.00372446484 0.000817495129
v 0.00244011662 -0.00353755349 0.000548863864
v 0.00234914896 -0.00373354596 0.000777951209
f 2443 2445 2444
v 0.0023625922 -0.00375767959 0.000819930574
v 0.00230980258 -0.003756976 0.000862403795
v 0.00234914896 -0.00373354596 0.000777951209
f 2446 2448 2447
v 0.00232134062 -0.00328334463 0.00037042264
v 0.0023974515 -0.00360044905 0.000552551865
v 0.00221805585 -0.00372446484 0.000817495129
f 2449 2451 2450
v 0.00232134062 -0.00328334463 0.00037042264
v 0.00244011662 -0.00353755349 0.000548863864
v 0.0023587043 -0.0035341629 0.000598610131
f 2452 2454 2453
v 0.00230980258 -0.003756976 0.000862403795
v 0.00221805585 -0.00372446484 0.000817495129
v 0.00231161903 -0.0037598129 0.000814017039
f 2455 2457 2456
v 0.00234914896 -0.00373354596 0.000777951209
v 0.00232158836 -0.00380060992 0.000836993786
v 0.00231161903 -0.0037598129 0.000814017039
f 2458 2460 2459
v 0.00221805585 -0.00372446484 0.000817495129
v 0.00234914896 -0.00373354596 0.000777951209
v 0.00231161903 -0.0037598129 0.000814017039
f 2461 2463 2462
v 0.0023625922 -0.00375767959 0.000819930574
v 0.00232158836 -0.00380060992 0.000836993786
v 0.00230980258 -0.003756976 0.000862403795
f 2464 2466 2465
v 0.00221805585 -0.00372446484 0.000817495129
v 0.000523514882 -0.00462695389 0.00192586122
v 0.0010500461 -0.00393197224 0.00121278936
f 2467 2469 2468
v 0.00199841816 -0.00414540082 0.00118816806
v 0.00146244256 -0.00456224116 0.00166124846
v 0.000523514882 -0.00462695389 0.00192586122
f 2470 2472 2471
v 0.00269865395 -0.00443382633 -0.000614745977
v 0.0023974515 -0.00360044905 0.000552551865
v 0.00274024624 -0.00317920676 -1.99739617e-05
f 2473 2475 2474
v 0.0023974515 -0.00360044905 0.000552551865
v 0.00244011662 -0.00353755349 0.000548863864
v 0.00274024624 -0.00317920676 -1.99739617e-05
f 2476 2478 2477
v 0.00230980258 -0.003756976 0.000862403795
v 0.00226101638 -0.00458977411 0.000697163887
v 0.00199841816 -0.00414540082 0.00118816806
f 2479 2481 2480
v 0.0023974515 -0.00360044905 0.000552551865
v 0.00226101638 -0.00458977411 0.000697163887
v 0.00232158836 -0.00380060992 0.000836993786
f 2482 2484 2483
v 0.000523514882 -0.00462695389 0.00192586122
v 0.000423584015 -0.00449593426 0.00186427133
v 0.0010500461 -0.00393197224 0.00121278936
f 2485 2487 2486
v 0.00146244256 -0.00456224116 0.00166124846
v 0.00118193266 -0.00540621149 0.00154741556
v 0.00113136794 -0.00467656319 0.00180711359
f 2488 2490 2489
v 0.0026701262 -0.0068283618 0.000786980854
v 0.0016455886 -0.00541288064 0.00143462803
v 0.00184336259 -0.00480553463 0.00134473503
f 2491 2493 2492
v 0.00274024624 -0.00317920676 -1.99739617e-05
v 0.00244011662 -0.00353755349 0.000548863864
v 0.00266538518 -0.00326504851 0.000159077797
f 2494 2496 2495
v 0.00250762296 -0.00571797318 0.00086968048
v 0.00184336259 -0.00480553463 0.00134473503
v 0.00226101638 -0.00458977411 0.000697163887
f 2497 2499 2498
v 0.00018910896 -0.00455577538 0.0019236013
v 0.000261004834 -0.00450513253 0.00190534447
v 0.000190602009 -0.00452861059 0.00192266925
f 2500 2502 2501
v 0.00018910896 -0.00455577538 0.0019236013
v 0.0001169396 -0.00451307642 0.00190395367
v 0.000261004834 -0.00450513253 0.00190534447
f 2503 2505 2504
v 0.000323323206 -0.00455499394 0.00192011175
v 0.000423584015 -0.00449593426 0.00186427133
v 0.000324686175 -0.00452822351 0.00191984291
f 2506 2508 2507
v -2.28416468e-05 -0.00462973621 0.00194237837
v 0.0001169396 -0.00451307642 0.00190395367
v 0.000190602009 -0.00452861059 0.00192266925
f 2509 2511 2510
v -0.000510089558 -0.00468221115 0.00189348575
v -0.000782084135 -0.00419091157 0.00146970433
v -2.28416468e-05 -0.00462973621 0.00194237837
f 2512 2514 2513
v -2.28416468e-05 -0.00462973621 0.00194237837
v 0.000231098784 -0.00505305798 0.00186010875
v -0.000510089558 -0.00468221115 0.00189348575
f 2515 2517 2516
v -2.28416468e-05 -0.00462973621 0.00194237837
v -0.000782084135 -0.00419091157 0.00146970433
v 0.0001169396 -0.00451307642 0.00190395367
f 2518 2520 2519
v 0.000231098784 -0.00505305798 0.00186010875
v 0.000292749496 -0.0056524972 0.00147497431
v -0.000311416511 -0.00566533781 0.00131388206
f 2521 2523 2522
v 0.000231098784 -0.00505305798 0.00186010875
v 0.00118193266 -0.00540621149 0.00154741556
v 0.000292749496 -0.0056524972 0.00147497431
f 2524 2526 2525
v -2.28416468e-05 -0.00462973621 0.00194237837
v 0.000288029059 -0.00457838833 0.00193682099
v 0.000523514882 -0.00462695389 0.00192586122
f 2527 2529 2528
v 0.000231098784 -0.00505305798 0.00186010875
v -0.000780492155 -0.00495211716 0.00170462554
v -0.000510089558 -0.00468221115 0.00189348575
f 2530 2532 2531
v 0.00250762296 -0.00571797318 0.00086968048
v 0.0026701262 -0.0068283618 0.000786980854
v 0.00184336259 -0.00480553463 0.00134473503
f 2533 2535 2534
v 0.00282632554 -0.00748441162 0.000625152825
v 0.0026701262 -0.0068283618 0.000786980854
v 0.00277689505 -0.00601845531 0.000535367508
f 2536 2538 2537
v 0.00302074968 -0.00639969585 -0.00197499303
v 0.00326117006 -0.00790728591 -0.00193479209
v 0.00317318118 -0.00626160036 -0.000708919379
f 2539 2541 2540
v 0.0033646771 -0.00791174025 -0.000857507075
v 0.0031671836 -0.00728085797 -0.000298694545
v 0.00317318118 -0.00626160036 -0.000708919379
f 2542 2544 2543
v 0.0033646771 -0.00791174025 -0.000857507075
v 0.00317318118 -0.00626160036 -0.000708919379
v 0.00326117006 -0.00790728591 -0.00193479209
f 2545 2547 2546
v 0.00317318118 -0.00626160036 -0.000708919379
v 0.0031671836 -0.00728085797 -0.000298694545
v 0.00277689505 -0.00601845531 0.000535367508
f 2548 2550 2549
v 0.00277689505 -0.00601845531 0.000535367508
v 0.0031671836 -0.00728085797 -0.000298694545
v 0.00282632554 -0.00748441162 0.000625152825
f 2551 2553 2552
v -0.000311416511 -0.00566533781 0.00131388206
v 0.000292749496 -0.0056524972 0.00147497431
v -0.000257177885 -0.00752501219 0.00130375556
f 2554 2556 2555
v -0.000311416511 -0.00566533781 0.00131388206
v -0.00118085873 -0.00711592584 0.000818701301
v -0.0013736234 -0.00588977091 0.000788342732
f 2557 2559 2558
v -0.000257177885 -0.00752501219 0.00130375556
v -0.00121779367 -0.00776399393 0.000751196785
v -0.00118085873 -0.00711592584 0.000818701301
f 2560 2562 2561
v 0.00170091298 -0.00681957899 0.00140113807
v 0.0021428832 -0.00755393194 0.00131432098
v 0.00155510879 -0.00783433497 0.00156255846
f 2563 2565 2564
v 0.000807139531 -0.00689689768 0.00150009946
v 0.00155510879 -0.00783433497 0.00156255846
v -0.000257177885 -0.00752501219 0.00130375556
f 2566 2568 2567
v -0.000336664152 -0.00902637257 0.00108320437
v -0.000102788999 -0.0101455982 0.00131051038
v -0.000787218141 -0.00953273411 0.00085916472
f 2569 2571 2570
v -0.000336664152 -0.00902637257 0.00108320437
v 0.000403309468 -0.00900251034 0.00137272054
v -0.000102788999 -0.0101455982 0.00131051038
f 2572 2574 2573
v -0.00047933454 -0.00820061832 0.00108032618
v 0.000449212166 -0.00836215186 0.00137791903
v -0.000336664152 -0.00902637257 0.00108320437
f 2575 2577 2576
v 0.000449212166 -0.00836215186 0.00137791903
v 0.000403309468 -0.00900251034 0.00137272054
v -0.000336664152 -0.00902637257 0.00108320437
f 2578 2580 2579
v 0.00155510879 -0.00783433497 0.00156255846
v 0.000449212166 -0.00836215186 0.00137791903
v -0.000257177885 -0.00752501219 0.00130375556
f 2581 2583 2582
v 0.000449212166 -0.00836215186 0.00137791903
v -0.00047933454 -0.00820061832 0.00108032618
v -0.000257177885 -0.00752501219 0.00130375556
f 2584 2586 2585
v 0.000449212166 -0.00836215186 0.00137791903
v 0.00155510879 -0.00783433497 0.00156255846
v 0.000403309468 -0.00900251034 0.00137272054
f 2587 2589 2588
v -0.00118585849 -0.00545714756 0.000952535083
v -0.000780492155 -0.00495211716 0.00170462554
v -0.000311416511 -0.00566533781 0.00131388206
f 2590 2592 2591
v 0.00113136794 -0.00467656319 0.00180711359
v 0.00118193266 -0.00540621149 0.00154741556
v 0.000231098784 -0.00505305798 0.00186010875
f 2593 2595 2594
v -0.00139478989 -0.00696689822 -0.00338759637
v 0.000114596105 -0.00677658973 -0.00386877364
v -6.61242723e-05 -0.00532918857 -0.00394432172
f 2596 2598 2597
v -0.00139478989 -0.00696689822 -0.00338759637
v -0.00046105215 -0.00692734757 -0.00370516791
v 0.000114596105 -0.00677658973 -0.00386877364
f 2599 2601 2600
v -0.000464385403 -0.00796427048 -0.00388980116
v -0.000417077126 -0.00865753464 -0.00392721122
v 0.000114596105 -0.00677658973 -0.00386877364
f 2602 2604 2603
v -0.000417077126 -0.00865753464 -0.00392721122
v -0.000800333055 -0.00887505739 -0.0037912323
v 0.000184518876 -0.00900421583 -0.00386077991
f 2605 2607 2606
v 0.00187936985 -0.00678234428 -0.00349450711
v 0.00269360753 -0.00805586023 -0.00275715247
v 0.00250107751 -0.00656960838 -0.0028708866
f 2608 2610 2609
v 0.00210094768 -0.00885716217 -0.00338772152
v 0.0016654345 -0.0079303114 -0.00358996986
v 0.00177011643 -0.00895672129 -0.00378029581
f 2611 2613 2612
v 0.00113481265 -0.00774156651 -0.00375407471
v 0.00177011643 -0.00895672129 -0.00378029581
v 0.0016654345 -0.0079303114 -0.00358996986
f 2614 2616 2615
v 0.00113481265 -0.00774156651 -0.00375407471
v 0.000184518876 -0.00900421583 -0.00386077991
v 0.0012933413 -0.00899492807 -0.00389796114
f 2617 2619 2618
v -0.00139478989 -0.00696689822 -0.00338759637
v -0.00169474897 -0.00776941743 -0.00289560794
v -0.00124464768 -0.00760035473 -0.00327316156
f 2620 2622 2621
v -0.00124464768 -0.00760035473 -0.00327316156
v -0.00169474897 -0.00776941743 -0.00289560794
v -0.00145558843 -0.00819292472 -0.0030627365
f 2623 2625 2624
v -0.00184993169 -0.00787496174 -0.00240554655
v -0.00166066511 -0.00829537748 -0.00271912995
v -0.00169474897 -0.00776941743 -0.00289560794
f 2626 2628 2627
v -0.00145558843 -0.00819292472 -0.0030627365
v -0.00169474897 -0.00776941743 -0.00289560794
v -0.00166066511 -0.00829537748 -0.00271912995
f 2629 2631 2630
v -0.00202174379 -0.0073081821 -0.00286501672
v -0.00169474897 -0.00776941743 -0.00289560794
v -0.00139478989 -0.00696689822 -0.00338759637
f 2632 2634 2633
v -0.00242840106 -0.00746131627 -0.00265383314
v -0.00255865089 -0.00807843389 -0.00243937502
v -0.00209747304 -0.00784827207 -0.00235565494
f 2635 2637 2636
v -0.00184993169 -0.00787496174 -0.00240554655
v -0.00209747304 -0.00784827207 -0.00235565494
v -0.001894036 -0.00783296127 -0.00204692406
f 2638 2640 2639
v -0.00266650495 -0.00828195043 -0.00216536864
v -0.00232058082 -0.00809531339 -0.00177264719
v -0.00209747304 -0.00784827207 -0.00235565494
f 2641 2643 2642
v -0.00277966265 -0.00778172325 -0.00146903794
v -0.00293834237 -0.00818892804 -0.00178948048
v -0.00317302474 -0.00801085916 -0.0020516216
f 2644 2646 2645
v -0.00317302474 -0.00801085916 -0.0020516216
v -0.0029596933 -0.00834333478 -0.00214469801
v -0.00308478557 -0.00823531809 -0.00235535099
f 2647 2649 2648
v -0.00268881613 -0.00807409015 -0.00151639488
v -0.0027817714 -0.00830032222 -0.00185861845
v -0.00293834237 -0.00818892804 -0.00178948048
f 2650 2652 2651
v -0.00232058082 -0.00809531339 -0.00177264719
v -0.00266650495 -0.00828195043 -0.00216536864
v -0.0027817714 -0.00830032222 -0.00185861845
f 2653 2655 2654
v -0.00293834237 -0.00818892804 -0.00178948048
v -0.0027817714 -0.00830032222 -0.00185861845
v -0.0029596933 -0.00834333478 -0.00214469801
f 2656 2658 2657
v -0.00255865089 -0.00807843389 -0.00243937502
v -0.00308478557 -0.00823531809 -0.00235535099
v -0.00266650495 -0.00828195043 -0.00216536864
f 2659 2661 2660
v -0.00308478557 -0.00823531809 -0.00235535099
v -0.0029596933 -0.00834333478 -0.00214469801
v -0.00266650495 -0.00828195043 -0.00216536864
f 2662 2664 2663
v -0.00218261484 -0.00826157702 -0.00142509452
v -0.00173389926 -0.00796513268 -0.00195271896
v -0.001894036 -0.00783296127 -0.00204692406
f 2665 2667 2666
v -0.001894036 -0.00783296127 -0.00204692406
v -0.00173389926 -0.00796513268 -0.00195271896
v -0.00184993169 -0.00787496174 -0.00240554655
f 2668 2670 2669
v -0.00232058082 -0.00809531339 -0.00177264719
v -0.00268881613 -0.00807409015 -0.00151639488
v -0.00218261484 -0.00826157702 -0.00142509452
f 2671 2673 2672
v -0.00218261484 -0.00826157702 -0.00142509452
v -0.00217371671 -0.00856159386 -0.000948888828
v -0.00205421948 -0.00851663062 -0.00125483057
f 2674 2676 2675
v -0.00268881613 -0.00807409015 -0.00151639488
v -0.00217371671 -0.00856159386 -0.000948888828
v -0.00218261484 -0.00826157702 -0.00142509452
f 2677 2679 2678
v -0.00176417925 -0.00888320646 -0.00177180591
v -0.00166066511 -0.00829537748 -0.00271912995
v -0.00173389926 -0.00796513268 -0.00195271896
f 2680 2682 2681
v -0.00173389926 -0.00796513268 -0.00195271896
v -0.00205421948 -0.00851663062 -0.00125483057
v -0.00176417925 -0.00888320646 -0.00177180591
f 2683 2685 2684
v -0.000889532384 -0.00825442403 -0.00370038033
v -0.00140716393 -0.00873500248 -0.00325278015
v -0.000800333055 -0.00887505739 -0.0037912323
f 2686 2688 2687
v -0.00126279674 -0.0095027528 -0.00322020496
v -0.00028557572 -0.00927162037 -0.00371199967
v -0.000800333055 -0.00887505739 -0.0037912323
f 2689 2691 2690
v -0.000800333055 -0.00887505739 -0.0037912323
v -0.00140716393 -0.00873500248 -0.00325278015
v -0.00126279674 -0.0095027528 -0.00322020496
f 2692 2694 2693
v -0.00140716393 -0.00873500248 -0.00325278015
v -0.00162080833 -0.00925456625 -0.0027932545
v -0.00126279674 -0.0095027528 -0.00322020496
f 2695 2697 2696
v -0.00162080833 -0.00925456625 -0.0027932545
v -0.00194763161 -0.00970387118 -0.00242863371
v -0.00181790238 -0.00991711349 -0.00272774414
f 2698 2700 2699
v -0.00162080833 -0.00925456625 -0.0027932545
v -0.00181790238 -0.00991711349 -0.00272774414
v -0.00126279674 -0.0095027528 -0.00322020496
f 2701 2703 2702
v -0.00176417925 -0.00888320646 -0.00177180591
v -0.00217371671 -0.00856159386 -0.000948888828
v -0.00185644931 -0.00934430645 -0.00165462261
f 2704 2706 2705
v -0.00185644931 -0.00934430645 -0.00165462261
v -0.00202299525 -0.00954338029 -0.00109147804
v -0.00184116743 -0.0100764046 -0.00133406193
f 2707 2709 2708
v -0.00185644931 -0.00934430645 -0.00165462261
v -0.00182164058 -0.0100120094 -0.00180240895
v -0.00194763161 -0.00970387118 -0.00242863371
f 2710 2712 2711
v -0.00181790238 -0.00991711349 -0.00272774414
v -0.00197861136 -0.0102737911 -0.00238960783
v -0.00184775072 -0.0105615276 -0.00250015764
f 2713 2715 2714
v -0.00182164058 -0.0100120094 -0.00180240895
v -0.00153214878 -0.0107466192 -0.00155892303
v -0.00166994541 -0.0109278131 -0.00228668578
f 2716 2718 2717
v -0.00184116743 -0.0100764046 -0.00133406193
v -0.00153214878 -0.0107466192 -0.00155892303
v -0.00182164058 -0.0100120094 -0.00180240895
f 2719 2721 2720
v -0.00205421948 -0.00851663062 -0.00125483057
v -0.00217371671 -0.00856159386 -0.000948888828
v -0.00176417925 -0.00888320646 -0.00177180591
f 2722 2724 2723
v -0.00209747304 -0.00784827207 -0.00235565494
v -0.00184993169 -0.00787496174 -0.00240554655
v -0.00202174379 -0.0073081821 -0.00286501672
f 2725 2727 2726
v 0.000315042507 -0.0104477171 -0.00390670211
v 0.0012933413 -0.00899492807 -0.00389796114
v 0.000184518876 -0.00900421583 -0.00386077991
f 2728 2730 2729
v 0.0012933413 -0.00899492807 -0.00389796114
v 0.00162855613 -0.00983286591 -0.00359780606
v 0.00177011643 -0.00895672129 -0.00378029581
f 2731 2733 2732
v 0.0012933413 -0.00899492807 -0.00389796114
v 0.000315042507 -0.0104477171 -0.00390670211
v 0.00162855613 -0.00983286591 -0.00359780606
f 2734 2736 2735
v -0.00126279674 -0.0095027528 -0.00322020496
v -0.0010017875 -0.0102841048 -0.00315550424
v -4.53087807e-05 -0.00960544785 -0.00375956806
f 2737 2739 2738
v -0.000128517183 -0.0105388928 -0.0038346654
v -0.000141919634 -0.0110198183 -0.00375673771
v 0.000315042507 -0.0104477171 -0.00390670211
f 2740 2742 2741
v -0.0010017875 -0.0102841048 -0.00315550424
v -0.000908038874 -0.0118027252 -0.00324291395
v -0.000141919634 -0.0110198183 -0.00375673771
f 2743 2745 2744
v -0.00159193696 -0.0113468792 -0.00233908468
v -0.00145370268 -0.0117759773 -0.00275464481
v -0.00154235731 -0.01096958 -0.0027345839
f 2746 2748 2747
v -0.00166994541 -0.0109278131 -0.00228668578
v -0.00159193696 -0.0113468792 -0.00233908468
v -0.00154235731 -0.01096958 -0.0027345839
f 2749 2751 2750
v -6.78280458e-05 -0.0118486161 -0.00368280016
v 0.000371461988 -0.0114888026 -0.00376343851
v 0.000315042507 -0.0104477171 -0.00390670211
f 2752 2754 2753
v -0.00145370268 -0.0117759773 -0.00275464481
v -0.00102942413 -0.0125030652 -0.00319084756
v -0.000908038874 -0.0118027252 -0.00324291395
f 2755 2757 2756
v -0.000908038874 -0.0118027252 -0.00324291395
v -0.00102942413 -0.0125030652 -0.00319084756
v -6.78280458e-05 -0.0118486161 -0.00368280016
f 2758 2760 2759
v -0.000141919634 -0.0110198183 -0.00375673771
v -6.78280458e-05 -0.0118486161 -0.00368280016
v 0.000315042507 -0.0104477171 -0.00390670211
f 2761 2763 2762
v 0.00177011643 -0.00895672129 -0.00378029581
v 0.00208855545 -0.00959157842 -0.00334466095
v 0.00210094768 -0.00885716217 -0.00338772152
f 2764 2766 2765
v 0.00210094768 -0.00885716217 -0.00338772152
v 0.00297335318 -0.00953305062 -0.00253737635
v 0.00324173889 -0.00887665592 -0.00223937604
f 2767 2769 2768
v 0.00344855143 -0.0091915841 -0.00160585842
v 0.0033646771 -0.00791174025 -0.000857507075
v 0.00326117006 -0.00790728591 -0.00193479209
f 2770 2772 2771
v 0.00297335318 -0.00953305062 -0.00253737635
v 0.0033238488 -0.010557934 -0.00190273495
v 0.00344855143 -0.0091915841 -0.00160585842
f 2773 2775 2774
v 0.00344855143 -0.0091915841 -0.00160585842
v 0.0033238488 -0.010557934 -0.00190273495
v 0.00350252085 -0.0103578102 -0.00118473463
f 2776 2778 2777
v 0.00187936985 -0.00678234428 -0.00349450711
v 0.0016654345 -0.0079303114 -0.00358996986
v 0.00269360753 -0.00805586023 -0.00275715247
f 2779 2781 2780
v 0.00162855613 -0.00983286591 -0.00359780606
v 0.00208855545 -0.00959157842 -0.00334466095
v 0.00177011643 -0.00895672129 -0.00378029581
f 2782 2784 2783
v 0.00162855613 -0.00983286591 -0.00359780606
v 0.00198287307 -0.010417711 -0.00350459704
v 0.00208855545 -0.00959157842 -0.00334466095
f 2785 2787 2786
v 0.000371461988 -0.0114888026 -0.00376343851
v 0.00198287307 -0.010417711 -0.00350459704
v 0.00162855613 -0.00983286591 -0.00359780606
f 2788 2790 2789
v 0.00159101128 -0.012710951 -0.00360525955
v 0.00219043177 -0.012802759 -0.00341743726
v 0.00186524539 -0.0119490775 -0.00352749048
f 2791 2793 2792
v 0.00297335318 -0.00953305062 -0.00253737635
v 0.00243847844 -0.0103259757 -0.0031876305
v 0.00309375755 -0.0107366293 -0.00231169251
f 2794 2796 2795
v 0.00219043177 -0.012802759 -0.00341743726
v 0.00341818886 -0.0128737622 -0.00217111046
v 0.00232960356 -0.0115965195 -0.00316510377
f 2797 2799 2798
v 0.00341818886 -0.0128737622 -0.00217111046
v 0.00335657096 -0.0121654746 -0.00203164564
v 0.00232960356 -0.0115965195 -0.00316510377
f 2800 2802 2801
v 0.00186524539 -0.0119490775 -0.00352749048
v 0.00219043177 -0.012802759 -0.00341743726
v 0.00232960356 -0.0115965195 -0.00316510377
f 2803 2805 2804
v 0.00243847844 -0.0103259757 -0.0031876305
v 0.00186524539 -0.0119490775 -0.00352749048
v 0.00232960356 -0.0115965195 -0.00316510377
f 2806 2808 2807
v 0.000371461988 -0.0114888026 -0.00376343851
v -8.61741398e-06 -0.0127774285 -0.00372245704
v 0.00159101128 -0.012710951 -0.00360525955
f 2809 2811 2810
v -8.61741398e-06 -0.0127774285 -0.00372245704
v -0.00102942413 -0.0125030652 -0.00319084756
v -0.000960846955 -0.0133903988 -0.00308878407
f 2812 2814 2813
v -0.00028557572 -0.00927162037 -0.00371199967
v -4.53087807e-05 -0.00960544785 -0.00375956806
v 0.000184518876 -0.00900421583 -0.00386077991
f 2815 2817 2816
v -0.00181790238 -0.00991711349 -0.00272774414
v -0.00154235731 -0.01096958 -0.0027345839
v -0.0010017875 -0.0102841048 -0.00315550424
f 2818 2820 2819
v -0.000464385403 -0.00796427048 -0.00388980116
v -0.000889532384 -0.00825442403 -0.00370038033
v -0.000800333055 -0.00887505739 -0.0037912323
f 2821 2823 2822
v -4.53087807e-05 -0.00960544785 -0.00375956806
v -0.000128517183 -0.0105388928 -0.0038346654
v 0.000315042507 -0.0104477171 -0.00390670211
f 2824 2826 2825
v 0.00198287307 -0.010417711 -0.00350459704
v 0.00159101128 -0.012710951 -0.00360525955
v 0.00186524539 -0.0119490775 -0.00352749048
f 2827 2829 2828
v 0.000997263487 -0.00258048694 -0.00367848224
v 0.00118326534 -0.00234119379 -0.0034217046
v 0.000660687874 -0.0025751362 -0.0037553953
f 2830 2832 2831
v 0.000720689286 -0.0033219083 -0.00370010312
v 0.00135065175 -0.00398431403 -0.0036205347
v 0.00130031358 -0.00327382259 -0.00357983954
f 2833 2835 2834
v -0.00251673737 -0.00432865527 -0.000309776897
v -0.00257808715 -0.00475772358 -0.000174358058
v -0.00284014423 -0.00460909941 -0.000657594865
f 2836 2838 2837
v -0.000817027376 -0.00202687133 -0.00169296018
v -0.000490241337 -0.00200422564 -0.00219301182
v -0.000157136208 -0.00203872987 -0.00152717876
f 2839 2841 2840
v -0.00242840106 -0.00746131627 -0.00265383314
v -0.00270908167 -0.00688924556 -0.00234874205
v -0.00287416951 -0.0078710269 -0.00249739787
f 2842 2844 2843
v 0.00302074968 -0.00639969585 -0.00197499303
v 0.00296711714 -0.00733270645 -0.00234808103
v 0.00326117006 -0.00790728591 -0.00193479209
f 2845 2847 2846
v -0.00222404869 -0.0082310813 -0.000323764584
v -0.00224183404 -0.00845789837 -0.000552292931
v -0.00266996012 -0.00768642567 -0.000840217945
f 2848 2850 2849
v -0.00208489437 -0.00880481603 0.000109429106
v -0.00222404869 -0.0082310813 -0.000323764584
v -0.00190457213 -0.00875408514 0.000451722735
f 2851 2853 2852
v -0.00190457213 -0.00875408514 0.000451722735
v -0.00206536715 -0.00923408734 5.48377805e-06
v -0.00208489437 -0.00880481603 0.000109429106
f 2854 2856 2855
v -0.00111465215 -0.00884307228 0.00101968544
v -0.00190457213 -0.00875408514 0.000451722735
v -0.00121779367 -0.00776399393 0.000751196785
f 2857 2859 2858
v -0.00111465215 -0.00884307228 0.00101968544
v -0.0014218469 -0.00916396821 0.000847827141
v -0.00190457213 -0.00875408514 0.000451722735
f 2860 2862 2861
v -0.000787218141 -0.00953273411 0.00085916472
v -0.0014218469 -0.00916396821 0.000847827141
v -0.00111465215 -0.00884307228 0.00101968544
f 2863 2865 2864
v -0.00209140235 -0.00901276071 -0.00043832033
v -0.00202299525 -0.00954338029 -0.00109147804
v -0.00224183404 -0.00845789837 -0.000552292931
f 2866 2868 2867
v -0.00206536715 -0.00923408734 5.48377805e-06
v -0.00185969657 -0.00963634157 -0.000368745282
v -0.00209140235 -0.00901276071 -0.00043832033
f 2869 2871 2870
v -0.00185969657 -0.00963634157 -0.000368745282
v -0.00202299525 -0.00954338029 -0.00109147804
v -0.00209140235 -0.00901276071 -0.00043832033
f 2872 2874 2873
v -0.00185969657 -0.00963634157 -0.000368745282
v -0.0019436804 -0.00997081443 -0.000982256552
v -0.00202299525 -0.00954338029 -0.00109147804
f 2875 2877 2876
v -0.00202299525 -0.00954338029 -0.00109147804
v -0.0019436804 -0.00997081443 -0.000982256552
v -0.00184116743 -0.0100764046 -0.00133406193
f 2878 2880 2879
v -0.00197033514 -0.0104352766 -0.00102174454
v -0.00184116743 -0.0100764046 -0.00133406193
v -0.0019436804 -0.00997081443 -0.000982256552
f 2881 2883 2882
v -0.00153214878 -0.0107466192 -0.00155892303
v -0.00159485771 -0.0119787415 -0.00167371527
v -0.00159193696 -0.0113468792 -0.00233908468
f 2884 2886 2885
v -0.00159193696 -0.0113468792 -0.00233908468
v -0.00169818995 -0.0125054125 -0.00259185654
v -0.00145370268 -0.0117759773 -0.00275464481
f 2887 2889 2888
v -0.00172776981 -0.0125405597 -0.00206357963
v -0.00169818995 -0.0125054125 -0.00259185654
v -0.00175112673 -0.0121468867 -0.00226341617
f 2890 2892 2891
v -0.00187399564 -0.00929034213 0.000357683325
v -0.00173507669 -0.00982146885 -0.000134940478
v -0.00206536715 -0.00923408734 5.48377805e-06
f 2893 2895 2894
v -0.0014218469 -0.00916396821 0.000847827141
v -0.00109352713 -0.00977999734 0.000515965803
v -0.00187399564 -0.00929034213 0.000357683325
f 2896 2898 2897
v -0.00163555324 -0.0100375175 2.40350015e-06
v -0.0019436804 -0.00997081443 -0.000982256552
v -0.00173507669 -0.00982146885 -0.000134940478
f 2899 2901 2900
v -0.000510134487 -0.0104960374 0.00105143718
v -0.0014530021 -0.0106299252 0.000561666639
v -0.00163555324 -0.0100375175 2.40350015e-06
f 2902 2904 2903
v -0.00141782975 -0.0113752772 0.000487576654
v -0.00150959095 -0.0121117439 2.45759765e-05
v -0.00166293521 -0.0116230229 -0.000396846326
f 2905 2907 2906
v -0.00166293521 -0.0116230229 -0.000396846326
v -0.00172618093 -0.0111976209 -0.00102123286
v -0.00158957228 -0.010808857 0.000411578912
f 2908 2910 2909
v -0.000787218141 -0.00953273411 0.00085916472
v -0.000510134487 -0.0104960374 0.00105143718
v -0.00109352713 -0.00977999734 0.000515965803
f 2911 2913 2912
v -0.0014530021 -0.0106299252 0.000561666639
v -0.00113493743 -0.0112161346 0.000830913086
v -0.00158957228 -0.010808857 0.000411578912
f 2914 2916 2915
v -0.000510134487 -0.0104960374 0.00105143718
v -0.00113493743 -0.0112161346 0.000830913086
v -0.0014530021 -0.0106299252 0.000561666639
f 2917 2919 2918
v -0.00019027791 -0.010916857 0.00123233003
v -0.000526401664 -0.0117639902 0.00116415558
v -0.000510134487 -0.0104960374 0.00105143718
f 2920 2922 2921
v -0.00109352713 -0.00977999734 0.000515965803
v -0.000510134487 -0.0104960374 0.00105143718
v -0.00163555324 -0.0100375175 2.40350015e-06
f 2923 2925 2924
v -0.00113493743 -0.0112161346 0.000830913086
v -0.000526401664 -0.0117639902 0.00116415558
v -0.000915033706 -0.0122298079 0.000932315197
f 2926 2928 2927
v -0.00139680878 -0.0117349475 0.000561447405
v -0.00113493743 -0.0112161346 0.000830913086
v -0.000915033706 -0.0122298079 0.000932315197
f 2929 2931 2930
v -0.00139680878 -0.0117349475 0.000561447405
v -0.000915033706 -0.0122298079 0.000932315197
v -0.00150959095 -0.0121117439 2.45759765e-05
f 2932 2934 2933
v -0.00150959095 -0.0121117439 2.45759765e-05
v -0.000915033706 -0.0122298079 0.000932315197
v -0.000850659035 -0.0129168475 0.000902644751
f 2935 2937 2936
v -0.00113493743 -0.0112161346 0.000830913086
v -0.00141782975 -0.0113752772 0.000487576654
v -0.00158957228 -0.010808857 0.000411578912
f 2938 2940 2939
v -0.00159485771 -0.0119787415 -0.00167371527
v -0.00172776981 -0.0125405597 -0.00206357963
v -0.00175112673 -0.0121468867 -0.00226341617
f 2941 2943 2942
v -0.00162975084 -0.0124773651 -0.00157623981
v -0.00172776981 -0.0125405597 -0.00206357963
v -0.00159485771 -0.0119787415 -0.00167371527
f 2944 2946 2945
v -0.00180519201 -0.0127499487 -0.0012629208
v -0.00162975084 -0.0124773651 -0.00157623981
v -0.00178773698 -0.0118727963 -0.00109159664
f 2947 2949 2948
v -0.00162975084 -0.0124773651 -0.00157623981
v -0.00180519201 -0.0127499487 -0.0012629208
v -0.00152461653 -0.0130247412 -0.00154827212
f 2950 2952 2951
v -0.00178773698 -0.0118727963 -0.00109159664
v -0.00166293521 -0.0116230229 -0.000396846326
v -0.00210471244 -0.0126987463 -0.000823212758
f 2953 2955 2954
v -0.00159485771 -0.0119787415 -0.00167371527
v -0.00178773698 -0.0118727963 -0.00109159664
v -0.00162975084 -0.0124773651 -0.00157623981
f 2956 2958 2957
v -0.00150959095 -0.0121117439 2.45759765e-05
v -0.00173498283 -0.0125557985 -0.000145126364
v -0.00166293521 -0.0116230229 -0.000396846326
f 2959 2961 2960
v -0.00166293521 -0.0116230229 -0.000396846326
v -0.00173498283 -0.0125557985 -0.000145126364
v -0.00211973402 -0.0128580985 -0.000579421612
f 2962 2964 2963
v -0.00217141132 -0.0135296825 -0.000313116129
v -0.00210471244 -0.0126987463 -0.000823212758
v -0.00211973402 -0.0128580985 -0.000579421612
f 2965 2967 2966
v -0.00210471244 -0.0126987463 -0.000823212758
v -0.00213344465 -0.0134705057 -0.000805406671
v -0.00209178143 -0.0131437453 -0.00104132496
f 2968 2970 2969
v -0.00152461653 -0.0130247412 -0.00154827212
v -0.00172776981 -0.0125405597 -0.00206357963
v -0.00162975084 -0.0124773651 -0.00157623981
f 2971 2973 2972
v -0.00152461653 -0.0130247412 -0.00154827212
v -0.00157180984 -0.0134705711 -0.00237186214
v -0.00172776981 -0.0125405597 -0.00206357963
f 2974 2976 2975
v -0.00172046566 -0.0134827496 -0.00134861357
v -0.00163846689 -0.0139652882 -0.00158919229
v -0.00152461653 -0.0130247412 -0.00154827212
f 2977 2979 2978
v -0.00172046566 -0.0134827496 -0.00134861357
v -0.00193374362 -0.0138254414 -0.000845997783
v -0.00187330224 -0.014185402 -0.000917029502
f 2980 2982 2981
v -0.00163846689 -0.0139652882 -0.00158919229
v -0.00187330224 -0.014185402 -0.000917029502
v -0.00172896762 -0.0146026228 -0.00153908404
f 2983 2985 2984
v -0.00163846689 -0.0139652882 -0.00158919229
v -0.00172046566 -0.0134827496 -0.00134861357
v -0.00187330224 -0.014185402 -0.000917029502
f 2986 2988 2987
v -0.00187330224 -0.014185402 -0.000917029502
v -0.00206815221 -0.0152067296 -0.00138502364
v -0.00172896762 -0.0146026228 -0.00153908404
f 2989 2991 2990
v -0.000850659035 -0.0129168475 0.000902644751
v -0.00173498283 -0.0125557985 -0.000145126364
v -0.00150959095 -0.0121117439 2.45759765e-05
f 2992 2994 2993
v -0.00114892418 -0.0138666423 0.000931128307
v -0.00214713327 -0.0132929505 -0.000268629651
v -0.00173498283 -0.0125557985 -0.000145126364
f 2995 2997 2996
v -0.00129718783 -0.0141323879 0.0008455645
v -0.00142909566 -0.0144699268 0.000465531002
v -0.00217141132 -0.0135296825 -0.000313116129
f 2998 3000 2999
v -0.00129718783 -0.0141323879 0.0008455645
v -0.00118181624 -0.014559197 0.000963477942
v -0.00142909566 -0.0144699268 0.000465531002
f 3001 3003 3002
v -0.00154339268 -0.0151292625 -0.00014227611
v -0.00206806417 -0.0150609776 -0.000895657831
v -0.00183895845 -0.0143162877 -0.000436649179
f 3004 3006 3005
v -0.00152461653 -0.0130247412 -0.00154827212
v -0.00180519201 -0.0127499487 -0.0012629208
v -0.00172046566 -0.0134827496 -0.00134861357
f 3007 3009 3008
v -0.00132695595 -0.0151326371 0.000442947703
v -0.00169571831 -0.0157068018 -0.000116302397
v -0.00154339268 -0.0151292625 -0.00014227611
f 3010 3012 3011
v -0.00169818995 -0.0125054125 -0.00259185654
v -0.00159222018 -0.0132087021 -0.00239387919
v -0.000960846955 -0.0133903988 -0.00308878407
f 3013 3015 3014
v -0.00208489437 -0.00880481603 0.000109429106
v -0.00206536715 -0.00923408734 5.48377805e-06
v -0.00209140235 -0.00901276071 -0.00043832033
f 3016 3018 3017
v -0.000787218141 -0.00953273411 0.00085916472
v -0.00109352713 -0.00977999734 0.000515965803
v -0.0014218469 -0.00916396821 0.000847827141
f 3019 3021 3020
v 0.00159101128 -0.012710951 -0.00360525955
v 0.00027024621 -0.0136393297 -0.00367222892
v 0.00204145854 -0.0135696508 -0.00357527861
f 3022 3024 3023
v -0.000190144362 -0.0137419629 -0.00359900951
v 0.00027024621 -0.0136393297 -0.00367222892
v -8.61741398e-06 -0.0127774285 -0.00372245704
f 3025 3027 3026
v -8.61741398e-06 -0.0127774285 -0.00372245704
v -0.000811532755 -0.0137416966 -0.00318423845
v -0.000190144362 -0.0137419629 -0.00359900951
f 3028 3030 3029
v -0.000190144362 -0.0137419629 -0.00359900951
v -3.3626867e-05 -0.0147815328 -0.00370740127
v 0.00027024621 -0.0136393297 -0.00367222892
f 3031 3033 3032
v -0.000190144362 -0.0137419629 -0.00359900951
v -0.000811532755 -0.0137416966 -0.00318423845
v -3.3626867e-05 -0.0147815328 -0.00370740127
f 3034 3036 3035
v -3.3626867e-05 -0.0147815328 -0.00370740127
v 0.000366530435 -0.0151574946 -0.00374108131
v 0.00027024621 -0.0136393297 -0.00367222892
f 3037 3039 3038
v -0.000346845104 -0.0157429735 -0.00340850602
v 0.000366530435 -0.0151574946 -0.00374108131
v -3.3626867e-05 -0.0147815328 -0.00370740127
f 3040 3042 3041
v 0.00201001785 -0.0153186818 -0.00340560764
v 0.00245227293 -0.014493159 -0.00326891204
v 0.00123224418 -0.0151691449 -0.00369540576
f 3043 3045 3044
v 0.000366530435 -0.0151574946 -0.00374108131
v 0.00123224418 -0.0151691449 -0.00369540576
v 0.00027024621 -0.0136393297 -0.00367222892
f 3046 3048 3047
v 0.00123224418 -0.0151691449 -0.00369540576
v 0.00088660081 -0.0160979631 -0.00366454406
v 0.00157867416 -0.0158166164 -0.00375426534
f 3049 3051 3050
v 0.0002656481 -0.0157546281 -0.0036830068
v 0.00027699698 -0.0171720749 -0.00373776384
v 0.00088660081 -0.0160979631 -0.00366454406
f 3052 3054 3053
v 0.00088660081 -0.0160979631 -0.00366454406
v 0.00146162447 -0.0163871824 -0.00357607714
v 0.00157867416 -0.0158166164 -0.00375426534
f 3055 3057 3056
v -0.000960846955 -0.0133903988 -0.00308878407
v -0.00157481209 -0.0142241188 -0.00276076717
v -0.000811532755 -0.0137416966 -0.00318423845
f 3058 3060 3059
v -0.000960846955 -0.0133903988 -0.00308878407
v -0.00157180984 -0.0134705711 -0.00237186214
v -0.00157481209 -0.0142241188 -0.00276076717
f 3061 3063 3062
v -0.00157481209 -0.0142241188 -0.00276076717
v -0.00145652739 -0.0148599938 -0.00277515173
v -0.000811532755 -0.0137416966 -0.00318423845
f 3064 3066 3065
v -0.00162958167 -0.0146161765 -0.00237578788
v -0.00142294666 -0.0154680049 -0.00277741019
v -0.00145652739 -0.0148599938 -0.00277515173
f 3067 3069 3068
v -0.00162958167 -0.0146161765 -0.00237578788
v -0.00127815338 -0.0152024135 -0.00173967856
v -0.00142294666 -0.0154680049 -0.00277741019
f 3070 3072 3071
v -0.00172896762 -0.0146026228 -0.00153908404
v -0.00206815221 -0.0152067296 -0.00138502364
v -0.00157887171 -0.0149729996 -0.00171904667
f 3073 3075 3074
v -0.000841844849 -0.0150449021 -0.00314705103
v -0.000346845104 -0.0157429735 -0.00340850602
v -3.3626867e-05 -0.0147815328 -0.00370740127
f 3076 3078 3077
v -0.00127655521 -0.015947051 -0.00310400865
v -0.000841844849 -0.0150449021 -0.00314705103
v -0.00142294666 -0.0154680049 -0.00277741019
f 3079 3081 3080
v -0.00127655521 -0.015947051 -0.00310400865
v -0.00102265576 -0.0161996228 -0.00322847409
v -0.000346845104 -0.0157429735 -0.00340850602
f 3082 3084 3083
v -0.00142294666 -0.0154680049 -0.00277741019
v -0.00142153031 -0.016053766 -0.00271652825
v -0.00127655521 -0.015947051 -0.00310400865
f 3085 3087 3086
v -0.00102265576 -0.0161996228 -0.00322847409
v -0.00127655521 -0.015947051 -0.00310400865
v -0.000998796259 -0.0169835766 -0.00295990812
f 3088 3090 3089
v -0.00151790591 -0.0147989485 -0.00193660708
v -0.00157887171 -0.0149729996 -0.00171904667
v -0.00127815338 -0.0152024135 -0.00173967856
f 3091 3093 3092
v -0.00206806417 -0.0150609776 -0.000895657831
v -0.00212343784 -0.0154911657 -0.00116655774
v -0.00206815221 -0.0152067296 -0.00138502364
f 3094 3096 3095
v -0.00157887171 -0.0149729996 -0.00171904667
v -0.00206815221 -0.0152067296 -0.00138502364
v -0.00200717222 -0.015696988 -0.00131714805
f 3097 3099 3098
v -0.00200717222 -0.015696988 -0.00131714805
v -0.00206815221 -0.0152067296 -0.00138502364
v -0.00212343784 -0.0154911657 -0.00116655774
f 3100 3102 3101
v -0.00127815338 -0.0152024135 -0.00173967856
v -0.00124014714 -0.0156676833 -0.00184765486
v -0.00142294666 -0.0154680049 -0.00277741019
f 3103 3105 3104
v -0.00127815338 -0.0152024135 -0.00173967856
v -0.00132737896 -0.0155294823 -0.00160100317
v -0.00124014714 -0.0156676833 -0.00184765486
f 3106 3108 3107
v -0.00200717222 -0.015696988 -0.00131714805
v -0.00132737896 -0.0155294823 -0.00160100317
v -0.00157887171 -0.0149729996 -0.00171904667
f 3109 3111 3110
v -0.00132737896 -0.0155294823 -0.00160100317
v -0.00200717222 -0.015696988 -0.00131714805
v -0.0013048103 -0.0160691139 -0.0013490112
f 3112 3114 3113
v -0.00200717222 -0.015696988 -0.00131714805
v -0.00192232819 -0.0160890108 -0.000970937072
v -0.0013048103 -0.0160691139 -0.0013490112
f 3115 3117 3116
v -0.000579617563 -0.0164157565 -0.00332810087
v 0.0002656481 -0.0157546281 -0.0036830068
v -0.000346845104 -0.0157429735 -0.00340850602
f 3118 3120 3119
v -0.000346845104 -0.0157429735 -0.00340850602
v -0.00102265576 -0.0161996228 -0.00322847409
v -0.000579617563 -0.0164157565 -0.00332810087
f 3121 3123 3122
v -0.00123406171 -0.015731898 -0.00153978981
v -0.00114645782 -0.0162187804 -0.00160236777
v -0.00142153031 -0.016053766 -0.00271652825
f 3124 3126 3125
v -0.00142153031 -0.016053766 -0.00271652825
v -0.00128832289 -0.0166999656 -0.00236103588
v -0.00114716859 -0.0168299739 -0.00283397276
f 3127 3129 3128
v -0.000986271789 -0.0168857368 -0.00144270816
v -0.00128832289 -0.0166999656 -0.00236103588
v -0.00114645782 -0.0162187804 -0.00160236777
f 3130 3132 3131
v -0.00123406171 -0.015731898 -0.00153978981
v -0.00142153031 -0.016053766 -0.00271652825
v -0.00124014714 -0.0156676833 -0.00184765486
f 3133 3135 3134
v -0.0013048103 -0.0160691139 -0.0013490112
v -0.00113120886 -0.0164418801 -0.00121279345
v -0.00114645782 -0.0162187804 -0.00160236777
f 3136 3138 3137
v -0.00206806417 -0.0150609776 -0.000895657831
v -0.00205861015 -0.0157358212 -0.000783323412
v -0.00212343784 -0.0154911657 -0.00116655774
f 3139 3141 3140
v -0.00169571831 -0.0157068018 -0.000116302397
v -0.00205861015 -0.0157358212 -0.000783323412
v -0.00154339268 -0.0151292625 -0.00014227611
f 3142 3144 3143
v -0.00169571831 -0.0157068018 -0.000116302397
v -0.00165527654 -0.0163056247 -0.000279060737
v -0.00205861015 -0.0157358212 -0.000783323412
f 3145 3147 3146
v -0.00167125181 -0.0164856436 -0.00068150166
v -0.00192232819 -0.0160890108 -0.000970937072
v -0.00165527654 -0.0163056247 -0.000279060737
f 3148 3150 3149
v -0.00205861015 -0.0157358212 -0.000783323412
v -0.00165527654 -0.0163056247 -0.000279060737
v -0.00192232819 -0.0160890108 -0.000970937072
f 3151 3153 3152
v -2.4203689e-05 -0.0168913888 -0.00368566289
v 0.00027699698 -0.0171720749 -0.00373776384
v 0.0002656481 -0.0157546281 -0.0036830068
f 3154 3156 3155
v -0.00102265576 -0.0161996228 -0.00322847409
v -0.000998796259 -0.0169835766 -0.00295990812
v -0.000579617563 -0.0164157565 -0.00332810087
f 3157 3159 3158
v -0.00114716859 -0.0168299739 -0.00283397276
v -0.00128832289 -0.0166999656 -0.00236103588
v -0.00136683811 -0.017645258 -0.00259770677
f 3160 3162 3161
v -0.00139831272 -0.0177900234 -0.00222557428
v -0.00124026592 -0.0183911165 -0.00248625693
v -0.00136683811 -0.017645258 -0.00259770677
f 3163 3165 3164
v -0.000297488032 -0.0186360514 -0.00345240624
v -2.4203689e-05 -0.0168913888 -0.00368566289
v -0.00118209391 -0.0176991234 -0.00286084069
f 3166 3168 3167
v -0.00118209391 -0.0176991234 -0.00286084069
v -0.000827973236 -0.0182840769 -0.00306495422
v -0.000297488032 -0.0186360514 -0.00345240624
f 3169 3171 3170
v -0.00118209391 -0.0176991234 -0.00286084069
v -0.00136683811 -0.017645258 -0.00259770677
v -0.00124026592 -0.0183911165 -0.00248625693
f 3172 3174 3173
v -0.00124026592 -0.0183911165 -0.00248625693
v -0.00114346667 -0.0188101287 -0.00267189207
v -0.000827973236 -0.0182840769 -0.00306495422
f 3175 3177 3176
v -0.00114716859 -0.0168299739 -0.00283397276
v -0.00118209391 -0.0176991234 -0.00286084069
v -0.000998796259 -0.0169835766 -0.00295990812
f 3178 3180 3179
v 0.000303157458 -0.0182023316 -0.00364812731
v 0.000794401694 -0.0187401951 -0.00366625172
v 0.00027699698 -0.0171720749 -0.00373776384
f 3181 3183 3182
v -0.00114346667 -0.0188101287 -0.00267189207
v -0.00124026592 -0.0183911165 -0.00248625693
v -0.00118904663 -0.0188027654 -0.00239002966
f 3184 3186 3185
v -0.00114346667 -0.0188101287 -0.00267189207
v -0.00150560472 -0.0198147769 -0.00276880219
v -0.000813310817 -0.0190102437 -0.00311116455
f 3187 3189 3188
v -0.00192232819 -0.0160890108 -0.000970937072
v -0.00167125181 -0.0164856436 -0.00068150166
v -0.00113120886 -0.0164418801 -0.00121279345
f 3190 3192 3191
v 0.00286598734 -0.00806009484 0.00073637384
v 0.0026926069 -0.00887478673 0.00101790029
v 0.00205278757 -0.00832881269 0.00130327699
f 3193 3195 3194
v 0.00350914124 -0.00843111702 -7.41261033e-05
v 0.00343556967 -0.0086807202 0.000275594698
v 0.00286598734 -0.00806009484 0.00073637384
f 3196 3198 3197
v 0.00205278757 -0.00832881269 0.00130327699
v 0.00159128649 -0.0087003471 0.00141216442
v 0.00155510879 -0.00783433497 0.00156255846
f 3199 3201 3200
v 0.00159128649 -0.0087003471 0.00141216442
v 0.00235284588 -0.00934498748 0.00124816652
v 0.00124065991 -0.00965781292 0.00134677721
f 3202 3204 3203
v 0.00266210118 -0.0094386829 0.00111684003
v 0.00235284588 -0.00934498748 0.00124816652
v 0.0026926069 -0.00887478673 0.00101790029
f 3205 3207 3206
v 0.00235284588 -0.00934498748 0.00124816652
v 0.00159128649 -0.0087003471 0.00141216442
v 0.00205278757 -0.00832881269 0.00130327699
f 3208 3210 3209
v 0.00159128649 -0.0087003471 0.00141216442
v 0.00124065991 -0.00965781292 0.00134677721
v 0.000403309468 -0.00900251034 0.00137272054
f 3211 3213 3212
v 0.0021428832 -0.00755393194 0.00131432098
v 0.00286598734 -0.00806009484 0.00073637384
v 0.00205278757 -0.00832881269 0.00130327699
f 3214 3216 3215
v 0.00350914124 -0.00843111702 -7.41261033e-05
v 0.00344855143 -0.0091915841 -0.00160585842
v 0.00355886659 -0.00949611131 -0.000333340927
f 3217 3219 3218
v 0.00341051054 -0.0101909434 -0.000223204665
v 0.00316814912 -0.00959582831 0.00033414542
v 0.00343556967 -0.0086807202 0.000275594698
f 3220 3222 3221
v 0.00316814912 -0.00959582831 0.00033414542
v 0.00319952815 -0.0103270155 0.000286490081
v 0.00266210118 -0.0094386829 0.00111684003
f 3223 3225 3224
v 0.00355886659 -0.00949611131 -0.000333340927
v 0.00341051054 -0.0101909434 -0.000223204665
v 0.00343556967 -0.0086807202 0.000275594698
f 3226 3228 3227
v 0.00316814912 -0.00959582831 0.00033414542
v 0.0026926069 -0.00887478673 0.00101790029
v 0.00343556967 -0.0086807202 0.000275594698
f 3229 3231 3230
v 0.00375302116 -0.0120362565 -0.000710848508
v 0.0035199555 -0.0117664895 -9.60508487e-05
v 0.00350252085 -0.0103578102 -0.00118473463
f 3232 3234 3233
v 0.00341051054 -0.0101909434 -0.000223204665
v 0.0035199555 -0.0117664895 -9.60508487e-05
v 0.00333771241 -0.0111737354 0.000335233358
f 3235 3237 3236
v 0.00267882606 -0.0103589635 0.000883790017
v 0.00210492835 -0.010471604 0.00122565234
v 0.00266210118 -0.0094386829 0.00111684003
f 3238 3240 3239
v 0.000403309468 -0.00900251034 0.00137272054
v 0.00124065991 -0.00965781292 0.00134677721
v 0.000788289162 -0.0109499306 0.00145039339
f 3241 3243 3242
v 0.00298743998 -0.0111548979 0.000876030208
v 0.00210492835 -0.010471604 0.00122565234
v 0.00267882606 -0.0103589635 0.000883790017
f 3244 3246 3245
v 0.00243854865 -0.0114940784 0.00123295576
v 0.00210492835 -0.010471604 0.00122565234
v 0.00298743998 -0.0111548979 0.000876030208
f 3247 3249 3248
v 0.00332325944 -0.0125697232 0.000547282752
v 0.00316166188 -0.0117122705 0.000697452333
v 0.00333771241 -0.0111737354 0.000335233358
f 3250 3252 3251
v 0.00316166188 -0.0117122705 0.000697452333
v 0.00262635531 -0.0126491112 0.00111891168
v 0.00277398594 -0.0119745877 0.000987647763
f 3253 3255 3254
v 0.00277398594 -0.0119745877 0.000987647763
v 0.00262635531 -0.0126491112 0.00111891168
v 0.00194555851 -0.0123619961 0.00134508864
f 3256 3258 3257
v 0.00194555851 -0.0123619961 0.00134508864
v 0.00262635531 -0.0126491112 0.00111891168
v 0.00131335573 -0.0125343839 0.00147911542
f 3259 3261 3260
v 0.00277398594 -0.0119745877 0.000987647763
v 0.00194555851 -0.0123619961 0.00134508864
v 0.00243854865 -0.0114940784 0.00123295576
f 3262 3264 3263
v 0.0018913719 -0.0115587667 0.00142092795
v 0.000847825868 -0.0119973498 0.00150372525
v 0.000788289162 -0.0109499306 0.00145039339
f 3265 3267 3266
v 0.00350252085 -0.0103578102 -0.00118473463
v 0.0033238488 -0.010557934 -0.00190273495
v 0.00354641961 -0.0111194873 -0.00171656629
f 3268 3270 3269
v 0.00354641961 -0.0111194873 -0.00171656629
v 0.00375302116 -0.0120362565 -0.000710848508
v 0.00350252085 -0.0103578102 -0.00118473463
f 3271 3273 3272
v 0.00354641961 -0.0111194873 -0.00171656629
v 0.00364405205 -0.01204824 -0.00132123705
v 0.00375302116 -0.0120362565 -0.000710848508
f 3274 3276 3275
v 0.00364405205 -0.01204824 -0.00132123705
v 0.00341818886 -0.0128737622 -0.00217111046
v 0.00352446368 -0.0131682507 -0.0016226817
f 3277 3279 3278
v 0.00375302116 -0.0120362565 -0.000710848508
v 0.00364405205 -0.01204824 -0.00132123705
v 0.00352446368 -0.0131682507 -0.0016226817
f 3280 3282 3281
v 0.00332325944 -0.0125697232 0.000547282752
v 0.00276707851 -0.0134321192 0.000962197555
v 0.00262635531 -0.0126491112 0.00111891168
f 3283 3285 3284
v 0.00357675235 -0.0132225832 -0.00101637934
v 0.00333663993 -0.0133790498 0.000177203833
v 0.0035199555 -0.0117664895 -9.60508487e-05
f 3286 3288 3287
v 0.00131335573 -0.0125343839 0.00147911542
v 0.00262635531 -0.0126491112 0.00111891168
v 0.00175482091 -0.0138672433 0.0014575875
f 3289 3291 3290
v 0.00276707851 -0.0134321192 0.000962197555
v 0.00175482091 -0.0138672433 0.0014575875
v 0.00262635531 -0.0126491112 0.00111891168
f 3292 3294 3293
v 0.00357675235 -0.0132225832 -0.00101637934
v 0.00358314137 -0.0138952004 -0.00156217611
v 0.00355879383 -0.014467744 -0.000882953009
f 3295 3297 3296
v 0.00352446368 -0.0131682507 -0.0016226817
v 0.00358314137 -0.0138952004 -0.00156217611
v 0.00357675235 -0.0132225832 -0.00101637934
f 3298 3300 3299
v 0.00357675235 -0.0132225832 -0.00101637934
v 0.00355879383 -0.014467744 -0.000882953009
v 0.00337336242 -0.0148626525 0.000483615759
f 3301 3303 3302
v 0.00300492411 -0.0145623242 0.00104215706
v 0.00276707851 -0.0134321192 0.000962197555
v 0.00305524227 -0.0133167137 0.000654023415
f 3304 3306 3305
v 0.00355879383 -0.014467744 -0.000882953009
v 0.00367510802 -0.0151976303 -0.000595040137
v 0.00337336242 -0.0148626525 0.000483615759
f 3307 3309 3308
v 0.000788289162 -0.0109499306 0.00145039339
v -0.00019027791 -0.010916857 0.00123233003
v -0.000102788999 -0.0101455982 0.00131051038
f 3310 3312 3311
v 0.000788289162 -0.0109499306 0.00145039339
v -0.000526401664 -0.0117639902 0.00116415558
v -0.00019027791 -0.010916857 0.00123233003
f 3313 3315 3314
v -0.000526401664 -0.0117639902 0.00116415558
v -0.000381010909 -0.0127438805 0.00119289343
v -0.000915033706 -0.0122298079 0.000932315197
f 3316 3318 3317
v 0.000788289162 -0.0109499306 0.00145039339
v 0.000847825868 -0.0119973498 0.00150372525
v -0.000526401664 -0.0117639902 0.00116415558
f 3319 3321 3320
v 0.000847825868 -0.0119973498 0.00150372525
v 0.0004775869 -0.0127445848 0.00140509037
v -0.000381010909 -0.0127438805 0.00119289343
f 3322 3324 3323
v 0.00131335573 -0.0125343839 0.00147911542
v 0.000167847418 -0.0135533191 0.00142188474
v 0.0004775869 -0.0127445848 0.00140509037
f 3325 3327 3326
v 0.000847825868 -0.0119973498 0.00150372525
v 0.00131335573 -0.0125343839 0.00147911542
v 0.0004775869 -0.0127445848 0.00140509037
f 3328 3330 3329
v -0.000381010909 -0.0127438805 0.00119289343
v 0.0004775869 -0.0127445848 0.00140509037
v 0.000167847418 -0.0135533191 0.00142188474
f 3331 3333 3332
v -0.000381010909 -0.0127438805 0.00119289343
v -0.000506498236 -0.0133618669 0.00122183337
v -0.00114892418 -0.0138666423 0.000931128307
f 3334 3336 3335
v -0.00114892418 -0.0138666423 0.000931128307
v -0.000506498236 -0.0133618669 0.00122183337
v -0.00092993605 -0.0144601639 0.00108848744
f 3337 3339 3338
v -0.00114892418 -0.0138666423 0.000931128307
v -0.00118181624 -0.014559197 0.000963477942
v -0.00129718783 -0.0141323879 0.0008455645
f 3340 3342 3341
v 0.000167847418 -0.0135533191 0.00142188474
v -0.000506498236 -0.0133618669 0.00122183337
v -0.000381010909 -0.0127438805 0.00119289343
f 3343 3345 3344
v -0.000506498236 -0.0133618669 0.00122183337
v -0.000349972765 -0.0143517798 0.00113283313
v -0.00092993605 -0.0144601639 0.00108848744
f 3346 3348 3347
v -0.000534301125 -0.0151198023 0.00110859255
v -0.000994651145 -0.0152180859 0.000781117888
v -0.00118181624 -0.014559197 0.000963477942
f 3349 3351 3350
v -0.000349972765 -0.0143517798 0.00113283313
v -0.000534301125 -0.0151198023 0.00110859255
v -0.00092993605 -0.0144601639 0.00108848744
f 3352 3354 3353
v 0.00175482091 -0.0138672433 0.0014575875
v 0.00175436999 -0.0150366555 0.0015413747
v 0.000315185071 -0.0145340062 0.00144054957
f 3355 3357 3356
v 0.00131335573 -0.0125343839 0.00147911542
v 0.00175482091 -0.0138672433 0.0014575875
v 0.000167847418 -0.0135533191 0.00142188474
f 3358 3360 3359
v 0.000315185071 -0.0145340062 0.00144054957
v 0.000552063966 -0.0156999944 0.00143067937
v -0.00047157846 -0.0156452777 0.00114254472
f 3361 3363 3362
v -0.00047157846 -0.0156452777 0.00114254472
v 0.000552063966 -0.0156999944 0.00143067937
v -0.000773465126 -0.0164453784 0.00112847338
f 3364 3366 3365
v 0.000552063966 -0.0156999944 0.00143067937
v 0.00018215253 -0.0168340455 0.00135090322
v -0.000773465126 -0.0164453784 0.00112847338
f 3367 3369 3368
v -0.00118181624 -0.014559197 0.000963477942
v -0.000994651145 -0.0152180859 0.000781117888
v -0.00132695595 -0.0151326371 0.000442947703
f 3370 3372 3371
v -0.00132695595 -0.0151326371 0.000442947703
v -0.00155146772 -0.0159239891 0.000403178228
v -0.00169571831 -0.0157068018 -0.000116302397
f 3373 3375 3374
v -0.00047157846 -0.0156452777 0.00114254472
v -0.000773465126 -0.0164453784 0.00112847338
v -0.00144134628 -0.0165014208 0.000672320448
f 3376 3378 3377
v 0.00175436999 -0.0150366555 0.0015413747
v 0.00185382596 -0.0154712325 0.00144256082
v 0.00149374728 -0.0160240161 0.00155204616
f 3379 3381 3380
v 0.00175436999 -0.0150366555 0.0015413747
v 0.00149374728 -0.0160240161 0.00155204616
v 0.000552063966 -0.0156999944 0.00143067937
f 3382 3384 3383
v 0.00254252027 -0.0171827269 0.00115408748
v 0.00149374728 -0.0160240161 0.00155204616
v 0.00185382596 -0.0154712325 0.00144256082
f 3385 3387 3386
v 0.00274811482 -0.0135703638 -0.00309464594
v 0.00245227293 -0.014493159 -0.00326891204
v 0.00263074035 -0.0153191708 -0.00313880446
f 3388 3390 3389
v 0.00274811482 -0.0135703638 -0.00309464594
v 0.00263074035 -0.0153191708 -0.00313880446
v 0.00299011299 -0.014453195 -0.00280674831
f 3391 3393 3392
v 0.00274811482 -0.0135703638 -0.00309464594
v 0.00334070719 -0.0141880839 -0.00214744432
v 0.00352446368 -0.0131682507 -0.0016226817
f 3394 3396 3395
v 0.00274811482 -0.0135703638 -0.00309464594
v 0.00299011299 -0.014453195 -0.00280674831
v 0.00334070719 -0.0141880839 -0.00214744432
f 3397 3399 3398
v 0.00334070719 -0.0141880839 -0.00214744432
v 0.00297248462 -0.0151989268 -0.00265856834
v 0.00349660841 -0.0145276194 -0.00146938492
f 3400 3402 3401
v 0.00201001785 -0.0153186818 -0.00340560764
v 0.00263074035 -0.0153191708 -0.00313880446
v 0.00245227293 -0.014493159 -0.00326891204
f 3403 3405 3404
v 0.00297248462 -0.0151989268 -0.00265856834
v 0.00263074035 -0.0153191708 -0.00313880446
v 0.00337938618 -0.0160479394 -0.00228533936
f 3406 3408 3407
v 0.00297248462 -0.0151989268 -0.00265856834
v 0.00362925639 -0.0150411652 -0.00122654701
v 0.00349660841 -0.0145276194 -0.00146938492
f 3409 3411 3410
v 0.00358314137 -0.0138952004 -0.00156217611
v 0.00349660841 -0.0145276194 -0.00146938492
v 0.00355879383 -0.014467744 -0.000882953009
f 3412 3414 3413
v 0.00349660841 -0.0145276194 -0.00146938492
v 0.00362925639 -0.0150411652 -0.00122654701
v 0.00355879383 -0.014467744 -0.000882953009
f 3415 3417 3416
v 0.00362925639 -0.0150411652 -0.00122654701
v 0.00337938618 -0.0160479394 -0.00228533936
v 0.00358000179 -0.0160064403 -0.0014639646
f 3418 3420 3419
v 0.00311503391 -0.0168011844 -0.00248770812
v 0.00358015968 -0.0170384796 -0.00119634396
v 0.00337938618 -0.0160479394 -0.00228533936
f 3421 3423 3422
v 0.00027699698 -0.0171720749 -0.00373776384
v 0.000794401694 -0.0187401951 -0.00366625172
v 0.0018995428 -0.0176053843 -0.00349659313
f 3424 3426 3425
v 0.00186755333 -0.0162762532 -0.00345029403
v 0.00311503391 -0.0168011844 -0.00248770812
v 0.00293273933 -0.016353908 -0.00267605574
f 3427 3429 3428
v 0.00146162447 -0.0163871824 -0.00357607714
v 0.0018995428 -0.0176053843 -0.00349659313
v 0.00186755333 -0.0162762532 -0.00345029403
f 3430 3432 3431
v 0.00284991365 -0.018044551 -0.00244697767
v 0.00288683405 -0.0175848152 -0.00250850735
v 0.00205866108 -0.0181070442 -0.00341906889
f 3433 3435 3434
v 0.00358015968 -0.0170384796 -0.00119634396
v 0.00311503391 -0.0168011844 -0.00248770812
v 0.00288683405 -0.0175848152 -0.00250850735
f 3436 3438 3437
v 0.00205866108 -0.0181070442 -0.00341906889
v 0.00208225447 -0.0190251187 -0.00320581967
v 0.00258109358 -0.0184112519 -0.00281760349
f 3439 3441 3440
v 0.00258109358 -0.0184112519 -0.00281760349
v 0.00208225447 -0.0190251187 -0.00320581967
v 0.00297848328 -0.0187333237 -0.00248436154
f 3442 3444 3443
v 0.00367510802 -0.0151976303 -0.000595040137
v 0.00360287377 -0.0156658469 -0.000478690117
v 0.00346248271 -0.0160881827 5.01626971e-05
f 3445 3447 3446
v 0.00361142083 -0.0173682391 -0.000604418619
v 0.00358000179 -0.0160064403 -0.0014639646
v 0.00358015968 -0.0170384796 -0.00119634396
f 3448 3450 3449
v 0.00360287377 -0.0156658469 -0.000478690117
v 0.00358000179 -0.0160064403 -0.0014639646
v 0.00361142083 -0.0173682391 -0.000604418619
f 3451 3453 3452
v 0.00361142083 -0.0173682391 -0.000604418619
v 0.00352727366 -0.0180843388 -0.000613578959
v 0.00340632832 -0.0170526138 0.000212275131
f 3454 3456 3455
v 0.00288683405 -0.0175848152 -0.00250850735
v 0.00347153618 -0.0181321608 -0.00140742977
v 0.00358015968 -0.0170384796 -0.00119634396
f 3457 3459 3458
v 0.00284991365 -0.018044551 -0.00244697767
v 0.00297848328 -0.0187333237 -0.00248436154
v 0.00347153618 -0.0181321608 -0.00140742977
f 3460 3462 3461
v 0.00349140246 -0.0193056127 -0.00139377025
v 0.00297848328 -0.0187333237 -0.00248436154
v 0.00319452665 -0.0194437191 -0.00203574782
f 3463 3465 3464
v 0.00352727366 -0.0180843388 -0.000613578959
v 0.00347153618 -0.0181321608 -0.00140742977
v 0.00357645113 -0.0187258789 -0.000558047941
f 3466 3468 3467
v -0.00165527654 -0.0163056247 -0.000279060737
v -0.001460569 -0.0167054677 8.23265168e-05
v -0.00167125181 -0.0164856436 -0.00068150166
f 3469 3471 3470
v -0.00167125181 -0.0164856436 -0.00068150166
v -0.00153553774 -0.0167920341 -0.00054167308
v -0.00113120886 -0.0164418801 -0.00121279345
f 3472 3474 3473
v -0.00159618958 -0.0172558895 -9.10892936e-05
v -0.00153553774 -0.0167920341 -0.00054167308
v -0.001460569 -0.0167054677 8.23265168e-05
f 3475 3477 3476
v -0.00110913024 -0.0169754712 0.000560878789
v -0.001460569 -0.0167054677 8.23265168e-05
v -0.00144134628 -0.0165014208 0.000672320448
f 3478 3480 3479
v -0.00157702907 -0.0174714078 -0.000352513825
v -0.00153553774 -0.0167920341 -0.00054167308
v -0.00159618958 -0.0172558895 -9.10892936e-05
f 3481 3483 3482
v -0.00111200052 -0.0172532556 -0.00113676078
v -0.00111756272 -0.0177678099 -0.00104004521
v -0.00125922252 -0.0177339374 -0.00176123885
f 3484 3486 3485
v -0.00159618958 -0.0172558895 -9.10892936e-05
v -0.0011563744 -0.0182231684 0.000160675029
v -0.00133540825 -0.0180723422 -0.000371361011
f 3487 3489 3488
v -0.00133540825 -0.0180723422 -0.000371361011
v -0.0011563744 -0.0182231684 0.000160675029
v -0.00130150074 -0.0185026729 -0.000397094709
f 3490 3492 3491
v -0.00111756272 -0.0177678099 -0.00104004521
v -0.00133540825 -0.0180723422 -0.000371361011
v -0.00130150074 -0.0185026729 -0.000397094709
f 3493 3495 3494
v -0.00111756272 -0.0177678099 -0.00104004521
v -0.00111200052 -0.0172532556 -0.00113676078
v -0.00157702907 -0.0174714078 -0.000352513825
f 3496 3498 3497
v -0.00133540825 -0.0180723422 -0.000371361011
v -0.00157702907 -0.0174714078 -0.000352513825
v -0.00159618958 -0.0172558895 -9.10892936e-05
f 3499 3501 3500
v -0.00157702907 -0.0174714078 -0.000352513825
v -0.00133540825 -0.0180723422 -0.000371361011
v -0.00111756272 -0.0177678099 -0.00104004521
f 3502 3504 3503
v -0.000447434059 -0.0173681328 0.00108794648
v -0.00110913024 -0.0169754712 0.000560878789
v -0.000773465126 -0.0164453784 0.00112847338
f 3505 3507 3506
v -0.00110913024 -0.0169754712 0.000560878789
v -0.000447434059 -0.0173681328 0.00108794648
v -0.00159618958 -0.0172558895 -9.10892936e-05
f 3508 3510 3509
v -0.000447434059 -0.0173681328 0.00108794648
v -0.000916190584 -0.0178294853 0.000654014684
v -0.00159618958 -0.0172558895 -9.10892936e-05
f 3511 3513 3512
v 0.00018215253 -0.0168340455 0.00135090322
v 0.000345858643 -0.0184612087 0.00122003858
v -0.000773465126 -0.0164453784 0.00112847338
f 3514 3516 3515
v -0.0006649429 -0.0186375255 0.000804372212
v -0.0011563744 -0.0182231684 0.000160675029
v -0.000916190584 -0.0178294853 0.000654014684
f 3517 3519 3518
v -0.0006649429 -0.0186375255 0.000804372212
v -0.000938602079 -0.0191336876 0.000698076065
v -0.0011563744 -0.0182231684 0.000160675029
f 3520 3522 3521
v -0.000938602079 -0.0191336876 0.000698076065
v -0.00155806301 -0.0195117376 -0.000296526969
v -0.0011563744 -0.0182231684 0.000160675029
f 3523 3525 3524
v -0.00155806301 -0.0195117376 -0.000296526969
v -0.00130150074 -0.0185026729 -0.000397094709
v -0.0011563744 -0.0182231684 0.000160675029
f 3526 3528 3527
v 0.000794401694 -0.0187401951 -0.00366625172
v 0.00161595926 -0.0189510756 -0.00352038187
v 0.0018995428 -0.0176053843 -0.00349659313
f 3529 3531 3530
v 0.00134724532 -0.0205358549 -0.00368378496
v 0.00161595926 -0.0189510756 -0.00352038187
v 0.000794401694 -0.0187401951 -0.00366625172
f 3532 3534 3533
v -0.000297488032 -0.0186360514 -0.00345240624
v -0.000408775531 -0.0197713816 -0.00348256253
v 0.000303157458 -0.0182023316 -0.00364812731
f 3535 3537 3536
v 0.00173983062 -0.0202346782 -0.00356667188
v 0.00185796343 -0.0207073666 -0.00355703305
v 0.0028080698 -0.0196017965 -0.00258799337
f 3538 3540 3539
v 0.00205866108 -0.0181070442 -0.00341906889
v 0.00161595926 -0.0189510756 -0.00352038187
v 0.00208225447 -0.0190251187 -0.00320581967
f 3541 3543 3542
v -0.00125922252 -0.0177339374 -0.00176123885
v -0.00106052694 -0.0185069148 -0.00144759542
v -0.00124026592 -0.0183911165 -0.00248625693
f 3544 3546 3545
v -0.00114909744 -0.0191809886 -0.00142025801
v -0.00118904663 -0.0188027654 -0.00239002966
v -0.00106052694 -0.0185069148 -0.00144759542
f 3547 3549 3548
v -0.00130150074 -0.0185026729 -0.000397094709
v -0.00155893722 -0.019299578 -0.000649058893
v -0.00106052694 -0.0185069148 -0.00144759542
f 3550 3552 3551
v -0.00151852901 -0.0196791676 -0.000762319723
v -0.00123147138 -0.0196578883 -0.00113530914
v -0.00114909744 -0.0191809886 -0.00142025801
f 3553 3555 3554
v -0.00106052694 -0.0185069148 -0.00144759542
v -0.00118904663 -0.0188027654 -0.00239002966
v -0.00124026592 -0.0183911165 -0.00248625693
f 3556 3558 3557
v -0.00118904663 -0.0188027654 -0.00239002966
v -0.00158354705 -0.0198772352 -0.00244091825
v -0.00114346667 -0.0188101287 -0.00267189207
f 3559 3561 3560
v -0.00162599918 -0.0203458039 -0.00254958286
v -0.00150560472 -0.0198147769 -0.00276880219
v -0.00158354705 -0.0198772352 -0.00244091825
f 3562 3564 3563
v -0.00109545945 -0.0196101726 -0.00146109405
v -0.000976130013 -0.0203645031 -0.0017631246
v -0.00120849882 -0.0197419897 -0.00183024404
f 3565 3567 3566
v -0.00158354705 -0.0198772352 -0.00244091825
v -0.00150560472 -0.0198147769 -0.00276880219
v -0.00114346667 -0.0188101287 -0.00267189207
f 3568 3570 3569
v -0.00125698534 -0.020122659 -0.000832816659
v -0.00123147138 -0.0196578883 -0.00113530914
v -0.00151852901 -0.0196791676 -0.000762319723
f 3571 3573 3572
v -0.00128826214 -0.0200949638 -0.000266525285
v -0.00125698534 -0.020122659 -0.000832816659
v -0.00151852901 -0.0196791676 -0.000762319723
f 3574 3576 3575
v -0.00155483867 -0.0197178859 -0.000318806588
v -0.00128826214 -0.0200949638 -0.000266525285
v -0.00151852901 -0.0196791676 -0.000762319723
f 3577 3579 3578
v -0.000938602079 -0.0191336876 0.000698076065
v -0.000700242572 -0.0199473958 0.000729891099
v -0.00155806301 -0.0195117376 -0.000296526969
f 3580 3582 3581
v -0.000700242572 -0.0199473958 0.000729891099
v -0.000947694662 -0.0200233277 0.000409102495
v -0.00155806301 -0.0195117376 -0.000296526969
f 3583 3585 3584
v -0.000947694662 -0.0200233277 0.000409102495
v -0.00117098152 -0.0203860633 -0.000221091659
v -0.00128826214 -0.0200949638 -0.000266525285
f 3586 3588 3587
v -0.000912636369 -0.0207759731 -0.00148599447
v -0.000995288428 -0.0211149847 -0.00192936368
v -0.000976130013 -0.0203645031 -0.0017631246
f 3589 3591 3590
v -0.00125698534 -0.020122659 -0.000832816659
v -0.00117098152 -0.0203860633 -0.000221091659
v -0.00120527848 -0.0205463599 -0.000803393959
f 3592 3594 3593
v -0.00129772279 -0.0208958169 -0.000785729389
v -0.000912636369 -0.0207759731 -0.00148599447
v -0.00120527848 -0.0205463599 -0.000803393959
f 3595 3597 3596
v -0.00117098152 -0.0203860633 -0.000221091659
v -0.00142328809 -0.0213022824 -0.000192531252
v -0.00120527848 -0.0205463599 -0.000803393959
f 3598 3600 3599
v -0.00142328809 -0.0213022824 -0.000192531252
v -0.00117098152 -0.0203860633 -0.000221091659
v -0.000947694662 -0.0200233277 0.000409102495
f 3601 3603 3602
v -0.00155806301 -0.0195117376 -0.000296526969
v -0.00155483867 -0.0197178859 -0.000318806588
v -0.00155893722 -0.019299578 -0.000649058893
f 3604 3606 3605
v -0.00123147138 -0.0196578883 -0.00113530914
v -0.00125698534 -0.020122659 -0.000832816659
v -0.00109545945 -0.0196101726 -0.00146109405
f 3607 3609 3608
v -0.00109545945 -0.0196101726 -0.00146109405
v -0.000912636369 -0.0207759731 -0.00148599447
v -0.000976130013 -0.0203645031 -0.0017631246
f 3610 3612 3611
v -0.00114909744 -0.0191809886 -0.00142025801
v -0.00109545945 -0.0196101726 -0.00146109405
v -0.00121895173 -0.0192749896 -0.00191560175
f 3613 3615 3614
v -0.00117098152 -0.0203860633 -0.000221091659
v -0.00125698534 -0.020122659 -0.000832816659
v -0.00128826214 -0.0200949638 -0.000266525285
f 3616 3618 3617
v 0.00277555373 -0.0157176357 0.000904163062
v 0.00295649661 -0.0167794395 0.000911280949
v 0.00185382596 -0.0154712325 0.00144256082
f 3619 3621 3620
v 0.00295649661 -0.0167794395 0.000911280949
v 0.00277555373 -0.0157176357 0.000904163062
v 0.00346248271 -0.0160881827 5.01626971e-05
f 3622 3624 3623
v 0.000552063966 -0.0156999944 0.00143067937
v 0.00175659425 -0.01713448 0.00142232857
v 0.00135789305 -0.0183630036 0.00137264524
f 3625 3627 3626
v 0.00304489422 -0.0175450521 0.000993635331
v 0.00254252027 -0.0171827269 0.00115408748
v 0.00295649661 -0.0167794395 0.000911280949
f 3628 3630 3629
v 0.00241987436 -0.0183510245 0.0010914393
v 0.00135789305 -0.0183630036 0.00137264524
v 0.00254252027 -0.0171827269 0.00115408748
f 3631 3633 3632
v 0.00135789305 -0.0183630036 0.00137264524
v 0.00175659425 -0.01713448 0.00142232857
v 0.00254252027 -0.0171827269 0.00115408748
f 3634 3636 3635
v 0.00352727366 -0.0180843388 -0.000613578959
v 0.00357645113 -0.0187258789 -0.000558047941
v 0.00340632832 -0.0170526138 0.000212275131
f 3637 3639 3638
v 0.00357645113 -0.0187258789 -0.000558047941
v 0.0033191609 -0.0190795487 7.50132699e-05
v 0.0031838943 -0.0174558867 0.000866241135
f 3640 3642 3641
v 0.00304489422 -0.0175450521 0.000993635331
v 0.00316910664 -0.0189234852 0.000450861944
v 0.00261959576 -0.0186283854 0.000990471926
f 3643 3645 3644
v 0.00357645113 -0.0187258789 -0.000558047941
v 0.0031838943 -0.0174558867 0.000866241135
v 0.00340632832 -0.0170526138 0.000212275131
f 3646 3648 3647
v 0.00228817462 -0.0202958065 0.00118086391
v 0.00241987436 -0.0183510245 0.0010914393
v 0.00261959576 -0.0186283854 0.000990471926
f 3649 3651 3650
v 0.00295649661 -0.0167794395 0.000911280949
v 0.00340632832 -0.0170526138 0.000212275131
v 0.0031838943 -0.0174558867 0.000866241135
f 3652 3654 3653
v 0.00241987436 -0.0183510245 0.0010914393
v 0.00178966166 -0.0206214929 0.00142947629
v 0.00135789305 -0.0183630036 0.00137264524
f 3655 3657 3656
v -0.000447434059 -0.0173681328 0.00108794648
v 0.000345858643 -0.0184612087 0.00122003858
v -0.0006649429 -0.0186375255 0.000804372212
f 3658 3660 3659
v -0.0006649429 -0.0186375255 0.000804372212
v 0.000345858643 -0.0184612087 0.00122003858
v -0.000938602079 -0.0191336876 0.000698076065
f 3661 3663 3662
v 0.000345858643 -0.0184612087 0.00122003858
v 0.00118890512 -0.0188845152 0.00144711976
v 0.000809698395 -0.0189785249 0.00146026596
f 3664 3666 3665
v 0.00118890512 -0.0188845152 0.00144711976
v 0.000345858643 -0.0184612087 0.00122003858
v 0.00135789305 -0.0183630036 0.00137264524
f 3667 3669 3668
v 0.000809698395 -0.0189785249 0.00146026596
v 0.000585761518 -0.020520018 0.00138549567
v 0.000345858643 -0.0184612087 0.00122003858
f 3670 3672 3671
v 0.00319452665 -0.0194437191 -0.00203574782
v 0.0028080698 -0.0196017965 -0.00258799337
v 0.00340096012 -0.0201131348 -0.0020206111
f 3673 3675 3674
v 0.00319452665 -0.0194437191 -0.00203574782
v 0.00340096012 -0.0201131348 -0.0020206111
v 0.00349140246 -0.0193056127 -0.00139377025
f 3676 3678 3677
v 0.00316910664 -0.0189234852 0.000450861944
v 0.00320772815 -0.0198689027 0.000301956561
v 0.00289566779 -0.0199553731 0.000745492935
f 3679 3681 3680
v 0.00289566779 -0.0199553731 0.000745492935
v 0.00228817462 -0.0202958065 0.00118086391
v 0.00261959576 -0.0186283854 0.000990471926
f 3682 3684 3683
v 0.0034514429 -0.0195111177 -0.000535733261
v 0.00351555864 -0.0203223783 -0.00175052046
v 0.00356746677 -0.020980477 -0.00131933521
f 3685 3687 3686
v 0.0036652491 -0.0205131335 -0.000492790468
v 0.00358448233 -0.0205703749 -0.000140948987
v 0.0034514429 -0.0195111177 -0.000535733261
f 3688 3690 3689
v 0.0034514429 -0.0195111177 -0.000535733261
v 0.00356746677 -0.020980477 -0.00131933521
v 0.0036652491 -0.0205131335 -0.000492790468
f 3691 3693 3692
v -0.00083414543 -0.0206616533 0.000829115925
v -0.00115287903 -0.0213388121 0.000446090189
v -0.000947694662 -0.0200233277 0.000409102495
f 3694 3696 3695
v -0.000700242572 -0.0199473958 0.000729891099
v 0.000585761518 -0.020520018 0.00138549567
v -0.000367734265 -0.020291291 0.000989173532
f 3697 3699 3698
v -0.00083414543 -0.0206616533 0.000829115925
v -0.000947694662 -0.0200233277 0.000409102495
v -0.000700242572 -0.0199473958 0.000729891099
f 3700 3702 3701
v -0.000700242572 -0.0199473958 0.000729891099
v -0.000367734265 -0.020291291 0.000989173532
v -0.00083414543 -0.0206616533 0.000829115925
f 3703 3705 3704
v 0.00178966166 -0.0206214929 0.00142947629
v 0.000897460541 -0.0218101763 0.00146223247
v 0.000585761518 -0.020520018 0.00138549567
f 3706 3708 3707
v 0.000394449262 -0.0220390677 0.00138408232
v -0.000519190144 -0.0216813263 0.000902664397
v -0.000549097058 -0.0208348036 0.00107077522
f 3709 3711 3710
v 0.000897460541 -0.0218101763 0.00146223247
v 0.000481931284 -0.0230853591 0.001525271
v 0.000394449262 -0.0220390677 0.00138408232
f 3712 3714 3713
v -0.000367734265 -0.020291291 0.000989173532
v 0.000585761518 -0.020520018 0.00138549567
v -0.000549097058 -0.0208348036 0.00107077522
f 3715 3717 3716
v -0.00115287903 -0.0213388121 0.000446090189
v -0.00142328809 -0.0213022824 -0.000192531252
v -0.000947694662 -0.0200233277 0.000409102495
f 3718 3720 3719
v 0.00178966166 -0.0206214929 0.00142947629
v 0.00241987436 -0.0183510245 0.0010914393
v 0.00228817462 -0.0202958065 0.00118086391
f 3721 3723 3722
v -0.00142328809 -0.0213022824 -0.000192531252
v -0.00137839852 -0.0219145659 -9.64643277e-05
v -0.00180060888 -0.0220415444 -0.000638929487
f 3724 3726 3725
v -0.00116568835 -0.0217868743 0.000510654309
v -0.00137839852 -0.0219145659 -9.64643277e-05
v -0.00142328809 -0.0213022824 -0.000192531252
f 3727 3729 3728
v -0.000834190632 -0.0224061412 0.000544745626
v -0.00137839852 -0.0219145659 -9.64643277e-05
v -0.00116568835 -0.0217868743 0.000510654309
f 3730 3732 3731
v -0.00115287903 -0.0213388121 0.000446090189
v -0.00116568835 -0.0217868743 0.000510654309
v -0.00142328809 -0.0213022824 -0.000192531252
f 3733 3735 3734
v -0.000519190144 -0.0216813263 0.000902664397
v -0.000446369313 -0.0223533134 0.000938467201
v -0.00116568835 -0.0217868743 0.000510654309
f 3736 3738 3737
v -0.000446369313 -0.0223533134 0.000938467201
v -0.000190384719 -0.0233352243 0.00137282614
v -0.00130231747 -0.024729807 0.00101785836
f 3739 3741 3740
v -0.000190384719 -0.0233352243 0.00137282614
v 0.000394449262 -0.0220390677 0.00138408232
v 0.000481931284 -0.0230853591 0.001525271
f 3742 3744 3743
v -0.000408775531 -0.0197713816 -0.00348256253
v -0.000933689535 -0.0199996284 -0.00311955446
v -0.00027074525 -0.0203238291 -0.00350417504
f 3745 3747 3746
v 0.00044068247 -0.0199095477 -0.00375348063
v -0.00027074525 -0.0203238291 -0.00350417504
v -0.000626923338 -0.0211035687 -0.00342645908
f 3748 3750 3749
v 0.000193840378 -0.0213631254 -0.00373177681
v 0.00134724532 -0.0205358549 -0.00368378496
v 0.00044068247 -0.0199095477 -0.00375348063
f 3751 3753 3752
v 0.00134724532 -0.0205358549 -0.00368378496
v 0.00173983062 -0.0202346782 -0.00356667188
v 0.00161595926 -0.0189510756 -0.00352038187
f 3754 3756 3755
v 0.00124916724 -0.0217108798 -0.00377140859
v 0.00185796343 -0.0207073666 -0.00355703305
v 0.00173983062 -0.0202346782 -0.00356667188
f 3757 3759 3758
v 0.00124916724 -0.0217108798 -0.00377140859
v 0.00169885516 -0.0218436238 -0.00357398858
v 0.00185796343 -0.0207073666 -0.00355703305
f 3760 3762 3761
v 0.000193840378 -0.0213631254 -0.00373177681
v 0.00124916724 -0.0217108798 -0.00377140859
v 0.00134724532 -0.0205358549 -0.00368378496
f 3763 3765 3764
v 0.000193840378 -0.0213631254 -0.00373177681
v 0.000459847251 -0.0222316361 -0.00376470416
v 0.00124916724 -0.0217108798 -0.00377140859
f 3766 3768 3767
v 0.000459847251 -0.0222316361 -0.00376470416
v 0.000298652958 -0.022922724 -0.00360775084
v 0.00122756564 -0.0228358811 -0.00378628247
f 3769 3771 3770
v 0.00142260878 -0.022284544 -0.00378232944
v 0.00169885516 -0.0218436238 -0.00357398858
v 0.00124916724 -0.0217108798 -0.00377140859
f 3772 3774 3773
v 0.000459847251 -0.0222316361 -0.00376470416
v 0.00142260878 -0.022284544 -0.00378232944
v 0.00124916724 -0.0217108798 -0.00377140859
f 3775 3777 3776
v 0.000459847251 -0.0222316361 -0.00376470416
v 0.00122756564 -0.0228358811 -0.00378628247
v 0.00142260878 -0.022284544 -0.00378232944
f 3778 3780 3779
v -0.00151598688 -0.0203445874 -0.00285685073
v -0.0010829549 -0.020807379 -0.00268276999
v -0.000868790266 -0.0206541357 -0.00300705778
f 3781 3783 3782
v -0.00151598688 -0.0203445874 -0.00285685073
v -0.00159246738 -0.0204835233 -0.00268102558
v -0.0010829549 -0.020807379 -0.00268276999
f 3784 3786 3785
v -0.000868790266 -0.0206541357 -0.00300705778
v -0.0010829549 -0.020807379 -0.00268276999
v -0.00100268235 -0.0211559556 -0.0026584612
f 3787 3789 3788
v -0.00111543113 -0.0206973869 -0.00212400773
v -0.000995288428 -0.0211149847 -0.00192936368
v -0.00107875949 -0.0209305639 -0.00237036329
f 3790 3792 3791
v -0.00107875949 -0.0209305639 -0.00237036329
v -0.0010829549 -0.020807379 -0.00268276999
v -0.00159246738 -0.0204835233 -0.00268102558
f 3793 3795 3794
v -0.000626923338 -0.0211035687 -0.00342645908
v -0.000868790266 -0.0206541357 -0.00300705778
v -0.000897193058 -0.0219182737 -0.00310649957
f 3796 3798 3797
v -0.00100268235 -0.0211559556 -0.0026584612
v -0.000897193058 -0.0219182737 -0.00310649957
v -0.000868790266 -0.0206541357 -0.00300705778
f 3799 3801 3800
v -0.00111543113 -0.0206973869 -0.00212400773
v -0.00159246738 -0.0204835233 -0.00268102558
v -0.00162599918 -0.0203458039 -0.00254958286
f 3802 3804 3803
v -0.00100268235 -0.0211559556 -0.0026584612
v -0.000995288428 -0.0211149847 -0.00192936368
v -0.00105997306 -0.021661201 -0.00253224316
f 3805 3807 3806
v -0.00010815354 -0.0210480939 -0.00369487534
v -0.000626923338 -0.0211035687 -0.00342645908
v -0.000473717955 -0.0217623965 -0.00346068118
f 3808 3810 3809
v -0.000473717955 -0.0217623965 -0.00346068118
v -0.000626923338 -0.0211035687 -0.00342645908
v -0.000897193058 -0.0219182737 -0.00310649957
f 3811 3813 3812
v -0.000897193058 -0.0219182737 -0.00310649957
v -0.00106140669 -0.0226234508 -0.00311366457
v -0.000473717955 -0.0217623965 -0.00346068118
f 3814 3816 3815
v -0.000473717955 -0.0217623965 -0.00346068118
v -0.00106140669 -0.0226234508 -0.00311366457
v -6.28504722e-05 -0.0222278351 -0.00370825655
f 3817 3819 3818
v -0.00173668195 -0.0237292377 -0.00308765557
v -0.00168710758 -0.023364657 -0.00277430117
v -0.00192459502 -0.0239511137 -0.00292827626
f 3820 3822 3821
v -0.00138844271 -0.0224938776 -0.00263909023
v -0.00173668195 -0.0237292377 -0.00308765557
v -0.00106140669 -0.0226234508 -0.00311366457
f 3823 3825 3824
v -0.000912636369 -0.0207759731 -0.00148599447
v -0.00115747971 -0.0220092668 -0.00169975174
v -0.00105997306 -0.021661201 -0.00253224316
f 3826 3828 3827
v -0.00115747971 -0.0220092668 -0.00169975174
v -0.0015257343 -0.0228668418 -0.00236395517
v -0.00105997306 -0.021661201 -0.00253224316
f 3829 3831 3830
v -0.00118921744 -0.0219609865 -0.00155230027
v -0.00143833104 -0.0226339558 -0.00114550667
v -0.00119115566 -0.0224365125 -0.00154010195
f 3832 3834 3833
v -0.00119115566 -0.0224365125 -0.00154010195
v -0.00143833104 -0.0226339558 -0.00114550667
v -0.00120420773 -0.0229022946 -0.00147612445
f 3835 3837 3836
v -0.00164344838 -0.0219371519 -0.001044691
v -0.00143833104 -0.0226339558 -0.00114550667
v -0.00118921744 -0.0219609865 -0.00155230027
f 3838 3840 3839
v -0.00120420773 -0.0229022946 -0.00147612445
v -0.00125969227 -0.0232953898 -0.00178130995
v -0.00115747971 -0.0220092668 -0.00169975174
f 3841 3843 3842
v -0.00115747971 -0.0220092668 -0.00169975174
v -0.00118921744 -0.0219609865 -0.00155230027
v -0.00119115566 -0.0224365125 -0.00154010195
f 3844 3846 3845
v -0.000766958328 -0.0230250022 -0.00321232656
v 0.000298652958 -0.022922724 -0.00360775084
v -6.28504722e-05 -0.0222278351 -0.00370825655
f 3847 3849 3848
v -0.00125969227 -0.0232953898 -0.00178130995
v -0.00134866441 -0.0241285859 -0.00200182549
v -0.0015257343 -0.0228668418 -0.00236395517
f 3850 3852 3851
v -0.00134866441 -0.0241285859 -0.00200182549
v -0.00153032597 -0.024098577 -0.00230491532
v -0.00162158212 -0.0235544489 -0.00246527306
f 3853 3855 3854
v -0.00120420773 -0.0229022946 -0.00147612445
v -0.00126196273 -0.0236424967 -0.00144505166
v -0.00125969227 -0.0232953898 -0.00178130995
f 3856 3858 3857
v -0.00106140669 -0.0226234508 -0.00311366457
v -0.000766958328 -0.0230250022 -0.00321232656
v -6.28504722e-05 -0.0222278351 -0.00370825655
f 3859 3861 3860
v -0.00138844271 -0.0224938776 -0.00263909023
v -0.000897193058 -0.0219182737 -0.00310649957
v -0.00105997306 -0.021661201 -0.00253224316
f 3862 3864 3863
v -0.00173668195 -0.0237292377 -0.00308765557
v -0.00170925468 -0.0242826296 -0.00317736194
v -0.00106140669 -0.0226234508 -0.00311366457
f 3865 3867 3866
v -0.000333129924 -0.0234223815 -0.00324079156
v 0.000298652958 -0.022922724 -0.00360775084
v -0.000766958328 -0.0230250022 -0.00321232656
f 3868 3870 3869
v 0.00031955542 -0.0238841487 -0.00349906149
v 0.00122756564 -0.0228358811 -0.00378628247
v 0.000298652958 -0.022922724 -0.00360775084
f 3871 3873 3872
v -0.000692295725 -0.0240671041 -0.00307736118
v -0.000135816197 -0.0247921736 -0.00337976817
v 0.00031955542 -0.0238841487 -0.00349906149
f 3874 3876 3875
v -0.00106140669 -0.0226234508 -0.00311366457
v -0.00170925468 -0.0242826296 -0.00317736194
v -0.000766958328 -0.0230250022 -0.00321232656
f 3877 3879 3878
v -0.00170925468 -0.0242826296 -0.00317736194
v -0.00129837099 -0.0240640744 -0.00314463978
v -0.000766958328 -0.0230250022 -0.00321232656
f 3880 3882 3881
v -0.00168710758 -0.023364657 -0.00277430117
v -0.00203956333 -0.0243259565 -0.00268738404
v -0.00192459502 -0.0239511137 -0.00292827626
f 3883 3885 3884
v -0.000135816197 -0.0247921736 -0.00337976817
v -5.77947048e-05 -0.0248610333 -0.00337461097
v 6.44885176e-05 -0.0248688564 -0.00345831686
f 3886 3888 3887
v -0.00112453308 -0.0246387528 -0.00293875382
v -0.000228695535 -0.0248684315 -0.00331815827
v -0.000135816197 -0.0247921736 -0.00337976817
f 3889 3891 3890
v -0.00112453308 -0.0246387528 -0.00293875382
v -0.000771114628 -0.0250151235 -0.00311276162
v -0.000228695535 -0.0248684315 -0.00331815827
f 3892 3894 3893
v -0.00112453308 -0.0246387528 -0.00293875382
v -0.00141462724 -0.0246264361 -0.00283148329
v -0.0010673376 -0.0248613767 -0.00272220605
f 3895 3897 3896
v -0.0013414965 -0.0246958807 -0.00248778379
v -0.00123091449 -0.0249085831 -0.00232109051
v -0.0010673376 -0.0248613767 -0.00272220605
f 3898 3900 3899
v -0.000651039636 -0.0250381738 -0.00293376543
v -0.00100786447 -0.025002216 -0.00291802935
v -0.0010673376 -0.0248613767 -0.00272220605
f 3901 3903 3902
v -0.00123091449 -0.0249085831 -0.00232109051
v -0.000651039636 -0.0250381738 -0.00293376543
v -0.0010673376 -0.0248613767 -0.00272220605
f 3904 3906 3905
v -0.000135816197 -0.0247921736 -0.00337976817
v -0.000228695535 -0.0248684315 -0.00331815827
v -5.2745736e-05 -0.0248885306 -0.00339251783
f 3907 3909 3908
v -0.00129837099 -0.0240640744 -0.00314463978
v -0.00112453308 -0.0246387528 -0.00293875382
v -0.000692295725 -0.0240671041 -0.00307736118
f 3910 3912 3911
v 6.44885176e-05 -0.0248688564 -0.00345831686
v -5.77947048e-05 -0.0248610333 -0.00337461097
v -5.2745736e-05 -0.0248885306 -0.00339251783
f 3913 3915 3914
v -5.77947048e-05 -0.0248610333 -0.00337461097
v -0.000135816197 -0.0247921736 -0.00337976817
v -5.2745736e-05 -0.0248885306 -0.00339251783
f 3916 3918 3917
v -0.000135816197 -0.0247921736 -0.00337976817
v 6.44885176e-05 -0.0248688564 -0.00345831686
v 0.000215455088 -0.0248468074 -0.00351321141
f 3919 3921 3920
v 0.00185796343 -0.0207073666 -0.00355703305
v 0.00282102264 -0.021438289 -0.00273211645
v 0.00316735823 -0.0210281403 -0.00235136285
f 3922 3924 3923
v 0.0028080698 -0.0196017965 -0.00258799337
v 0.00316735823 -0.0210281403 -0.00235136285
v 0.00340096012 -0.0201131348 -0.0020206111
f 3925 3927 3926
v 0.00310701216 -0.0217007997 -0.00231847298
v 0.00316735823 -0.0210281403 -0.00235136285
v 0.00282102264 -0.021438289 -0.00273211645
f 3928 3930 3929
v 0.00185796343 -0.0207073666 -0.00355703305
v 0.00263149304 -0.0221419687 -0.00285948645
v 0.00282102264 -0.021438289 -0.00273211645
f 3931 3933 3932
v 0.00263149304 -0.0221419687 -0.00285948645
v 0.00142260878 -0.022284544 -0.00378232944
v 0.00285920141 -0.023117369 -0.00276970204
f 3934 3936 3935
v 0.00316735823 -0.0210281403 -0.00235136285
v 0.00310701216 -0.0217007997 -0.00231847298
v 0.00351555864 -0.0203223783 -0.00175052046
f 3937 3939 3938
v 0.00356746677 -0.020980477 -0.00131933521
v 0.00310701216 -0.0217007997 -0.00231847298
v 0.00366630484 -0.0217774548 -0.00119005817
f 3940 3942 3941
v 0.00310701216 -0.0217007997 -0.00231847298
v 0.00343376087 -0.0223333773 -0.00196342571
v 0.00366630484 -0.0217774548 -0.00119005817
f 3943 3945 3944
v 0.00343376087 -0.0223333773 -0.00196342571
v 0.00310701216 -0.0217007997 -0.00231847298
v 0.00318234161 -0.0230865815 -0.00238575176
f 3946 3948 3947
v 0.00310701216 -0.0217007997 -0.00231847298
v 0.00285920141 -0.023117369 -0.00276970204
v 0.00318234161 -0.0230865815 -0.00238575176
f 3949 3951 3950
v 0.00263149304 -0.0221419687 -0.00285948645
v 0.00285920141 -0.023117369 -0.00276970204
v 0.00310701216 -0.0217007997 -0.00231847298
f 3952 3954 3953
v 0.00355300508 -0.0227559023 -0.00155542366
v 0.00343376087 -0.0223333773 -0.00196342571
v 0.00318234161 -0.0230865815 -0.00238575176
f 3955 3957 3956
v 0.00318234161 -0.0230865815 -0.00238575176
v 0.00279645574 -0.0240559864 -0.00269143093
v 0.00355300508 -0.0227559023 -0.00155542366
f 3958 3960 3959
v 0.00340096012 -0.0201131348 -0.0020206111
v 0.00316735823 -0.0210281403 -0.00235136285
v 0.00351555864 -0.0203223783 -0.00175052046
f 3961 3963 3962
v 0.00366630484 -0.0217774548 -0.00119005817
v 0.00343376087 -0.0223333773 -0.00196342571
v 0.00355300508 -0.0227559023 -0.00155542366
f 3964 3966 3965
v 0.00143229036 -0.0241974922 -0.00354812219
v 0.00212266987 -0.0246786251 -0.00320810614
v 0.00200511531 -0.0237468266 -0.00344133587
f 3967 3969 3968
v 0.00279645574 -0.0240559864 -0.00269143093
v 0.00200511531 -0.0237468266 -0.00344133587
v 0.00253629205 -0.0245885109 -0.00280475906
f 3970 3972 3971
v 0.00285920141 -0.023117369 -0.00276970204
v 0.00279645574 -0.0240559864 -0.00269143093
v 0.00318234161 -0.0230865815 -0.00238575176
f 3973 3975 3974
v 0.00212266987 -0.0246786251 -0.00320810614
v 0.00242772385 -0.0247321674 -0.00292429231
v 0.00253629205 -0.0245885109 -0.00280475906
f 3976 3978 3977
v 0.00279645574 -0.0240559864 -0.00269143093
v 0.00279783362 -0.0247506308 -0.0024397892
v 0.00300311531 -0.0244940864 -0.00203467207
f 3979 3981 3980
v 0.00253629205 -0.0245885109 -0.00280475906
v 0.00279783362 -0.0247506308 -0.0024397892
v 0.00279645574 -0.0240559864 -0.00269143093
f 3982 3984 3983
v 0.00200511531 -0.0237468266 -0.00344133587
v 0.00212266987 -0.0246786251 -0.00320810614
v 0.00253629205 -0.0245885109 -0.00280475906
f 3985 3987 3986
v 0.00031955542 -0.0238841487 -0.00349906149
v 0.000973177157 -0.0248460274 -0.00361141392
v 0.00143229036 -0.0241974922 -0.00354812219
f 3988 3990 3989
v 0.00166684877 -0.0250211975 -0.00309842762
v 0.00184871751 -0.0248320459 -0.00336809608
v 0.00112870193 -0.024877087 -0.00356019591
f 3991 3993 3992
v 0.00031955542 -0.0238841487 -0.00349906149
v 0.00070709857 -0.0248953671 -0.00358091638
v 0.000973177157 -0.0248460274 -0.00361141392
f 3994 3996 3995
v 0.00019786778 -0.0255528255 -0.00246523887
v 0.00173255012 -0.0254746556 -0.0023701421
v 0.00070709857 -0.0248953671 -0.00358091638
f 3997 3999 3998
v -0.00123091449 -0.0249085831 -0.00232109051
v -0.00108502145 -0.0254368439 -0.00191142281
v -0.000651039636 -0.0250381738 -0.00293376543
f 4000 4002 4001
v 0.00070709857 -0.0248953671 -0.00358091638
v 0.00166684877 -0.0250211975 -0.00309842762
v 0.00112870193 -0.024877087 -0.00356019591
f 4003 4005 4004
v -0.000778760204 -0.025710609 -0.00171525317
v 0.00019786778 -0.0255528255 -0.00246523887
v -0.000651039636 -0.0250381738 -0.00293376543
f 4006 4008 4007
v -0.000778760204 -0.025710609 -0.00171525317
v -0.000195125449 -0.0260383298 -0.00117276022
v 0.000395888992 -0.0260009838 -0.00146681496
f 4009 4011 4010
v 0.000395888992 -0.0260009838 -0.00146681496
v 0.00019786778 -0.0255528255 -0.00246523887
v -0.000778760204 -0.025710609 -0.00171525317
f 4012 4014 4013
v 0.000395888992 -0.0260009838 -0.00146681496
v 0.000886415728 -0.0256400905 -0.00206706791
v 0.00019786778 -0.0255528255 -0.00246523887
f 4015 4017 4016
v 0.00107009228 -0.0248604629 -0.00358796169
v 0.000984998042 -0.024891767 -0.00358744655
v 0.00112870193 -0.024877087 -0.00356019591
f 4018 4020 4019
v 0.000973177157 -0.0248460274 -0.00361141392
v 0.000984998042 -0.024891767 -0.00358744655
v 0.00107171436 -0.0248763186 -0.00359964179
f 4021 4023 4022
v 0.00107009228 -0.0248604629 -0.00358796169
v 0.00112870193 -0.024877087 -0.00356019591
v 0.00107171436 -0.0248763186 -0.00359964179
f 4024 4026 4025
v 0.001181682 -0.0248338038 -0.00359335245
v 0.00107009228 -0.0248604629 -0.00358796169
v 0.00107171436 -0.0248763186 -0.00359964179
f 4027 4029 4028
v 0.000973177157 -0.0248460274 -0.00361141392
v 0.00107009228 -0.0248604629 -0.00358796169
v 0.001181682 -0.0248338038 -0.00359335245
f 4030 4032 4031
v 0.00107009228 -0.0248604629 -0.00358796169
v 0.000973177157 -0.0248460274 -0.00361141392
v 0.00107171436 -0.0248763186 -0.00359964179
f 4033 4035 4034
v 0.000215455088 -0.0248468074 -0.00351321141
v 0.000132767605 -0.0248805445 -0.00345775625
v 0.000134165043 -0.0248900964 -0.00346501547
f 4036 4038 4037
v 0.000132767605 -0.0248805445 -0.00345775625
v 0.000242839656 -0.0249142293 -0.00347399473
v 0.000134165043 -0.0248900964 -0.00346501547
f 4039 4041 4040
v 1.76750248e-05 -0.0249054399 -0.00339274229
v 0.00070709857 -0.0248953671 -0.00358091638
v 0.000242839656 -0.0249142293 -0.00347399473
f 4042 4044 4043
v 0.00070709857 -0.0248953671 -0.00358091638
v 0.000984998042 -0.024891767 -0.00358744655
v 0.000973177157 -0.0248460274 -0.00361141392
f 4045 4047 4046
v 0.00166684877 -0.0250211975 -0.00309842762
v 0.00212266987 -0.0246786251 -0.00320810614
v 0.00184871751 -0.0248320459 -0.00336809608
f 4048 4050 4049
v 0.00222600374 -0.0253605307 -0.00215443415
v 0.00234321378 -0.0248164928 -0.00270060573
v 0.00166684877 -0.0250211975 -0.00309842762
f 4051 4053 4052
v 0.00222600374 -0.0253605307 -0.00215443415
v 0.00271737081 -0.0248359283 -0.00222849812
v 0.00234321378 -0.0248164928 -0.00270060573
f 4054 4056 4055
v 0.00271737081 -0.0248359283 -0.00222849812
v 0.00222600374 -0.0253605307 -0.00215443415
v 0.00268356252 -0.0251691788 -0.00166313112
f 4057 4059 4058
v 0.000395888992 -0.0260009838 -0.00146681496
v 0.00163940113 -0.0257716456 -0.00133381391
v 0.000886415728 -0.0256400905 -0.00206706791
f 4060 4062 4061
v -0.000195125449 -0.0260383298 -0.00117276022
v 0.000595085976 -0.0261051435 -0.000846352214
v 0.000395888992 -0.0260009838 -0.00146681496
f 4063 4065 4064
v 0.0012046421 -0.0259737018 -5.97185647e-05
v 0.00181828673 -0.0257968786 -0.000725989003
v 0.000595085976 -0.0261051435 -0.000846352214
f 4066 4068 4067
v 0.000595085976 -0.0261051435 -0.000846352214
v 0.00163940113 -0.0257716456 -0.00133381391
v 0.000395888992 -0.0260009838 -0.00146681496
f 4069 4071 4070
v 0.000973177157 -0.0248460274 -0.00361141392
v 0.001181682 -0.0248338038 -0.00359335245
v 0.00143229036 -0.0241974922 -0.00354812219
f 4072 4074 4073
v 0.00184871751 -0.0248320459 -0.00336809608
v 0.001181682 -0.0248338038 -0.00359335245
v 0.00112870193 -0.024877087 -0.00356019591
f 4075 4077 4076
v 0.00185796343 -0.0207073666 -0.00355703305
v 0.00316735823 -0.0210281403 -0.00235136285
v 0.0028080698 -0.0196017965 -0.00258799337
f 4078 4080 4079
v 0.000132767605 -0.0248805445 -0.00345775625
v 6.44885176e-05 -0.0248688564 -0.00345831686
v 0.000134165043 -0.0248900964 -0.00346501547
f 4081 4083 4082
v 6.44885176e-05 -0.0248688564 -0.00345831686
v 0.000132767605 -0.0248805445 -0.00345775625
v 0.000215455088 -0.0248468074 -0.00351321141
f 4084 4086 4085
v -5.77947048e-05 -0.0248610333 -0.00337461097
v 1.76750248e-05 -0.0249054399 -0.00339274229
v -5.2745736e-05 -0.0248885306 -0.00339251783
f 4087 4089 4088
v 1.76750248e-05 -0.0249054399 -0.00339274229
v 0.000134165043 -0.0248900964 -0.00346501547
v 6.44885176e-05 -0.0248688564 -0.00345831686
f 4090 4092 4091
v -0.000868790266 -0.0206541357 -0.00300705778
v -0.000626923338 -0.0211035687 -0.00342645908
v -0.00027074525 -0.0203238291 -0.00350417504
f 4093 4095 4094
v -0.000473717955 -0.0217623965 -0.00346068118
v -6.28504722e-05 -0.0222278351 -0.00370825655
v 0.000193840378 -0.0213631254 -0.00373177681
f 4096 4098 4097
v -0.000473717955 -0.0217623965 -0.00346068118
v 0.000193840378 -0.0213631254 -0.00373177681
v -0.00010815354 -0.0210480939 -0.00369487534
f 4099 4101 4100
v 0.00234321378 -0.0248164928 -0.00270060573
v 0.00271737081 -0.0248359283 -0.00222849812
v 0.00253629205 -0.0245885109 -0.00280475906
f 4102 4104 4103
v -0.00164344838 -0.0219371519 -0.001044691
v -0.00180060888 -0.0220415444 -0.000638929487
v -0.00174364141 -0.0225184485 -0.000952350274
f 4105 4107 4106
v -0.00143833104 -0.0226339558 -0.00114550667
v -0.00137248117 -0.0228258534 -0.00068726049
v -0.00120420773 -0.0229022946 -0.00147612445
f 4108 4110 4109
v -0.00177809306 -0.0224453484 -0.000646654235
v -0.00137248117 -0.0228258534 -0.00068726049
v -0.00174364141 -0.0225184485 -0.000952350274
f 4111 4113 4112
v -0.00192459502 -0.0239511137 -0.00292827626
v -0.00203956333 -0.0243259565 -0.00268738404
v -0.00207675239 -0.0246164855 -0.002843724
f 4114 4116 4115
v -0.00162158212 -0.0235544489 -0.00246527306
v -0.00153032597 -0.024098577 -0.00230491532
v -0.0019228095 -0.0246184296 -0.00253486614
f 4117 4119 4118
v -0.00191148101 -0.0246009207 -0.00310985997
v -0.00169016857 -0.0247563527 -0.00286390732
v -0.00141462724 -0.0246264361 -0.00283148329
f 4120 4122 4121
v -0.00148509416 -0.024603479 -0.00258871278
v -0.00141462724 -0.0246264361 -0.00283148329
v -0.00169016857 -0.0247563527 -0.00286390732
f 4123 4125 4124
v -0.0019228095 -0.0246184296 -0.00253486614
v -0.00169016857 -0.0247563527 -0.00286390732
v -0.00202276242 -0.0247405871 -0.00291213855
f 4126 4128 4127
v -0.00199192582 -0.0246247189 -0.00268861804
v -0.00202276242 -0.0247405871 -0.00291213855
v -0.00200029881 -0.0246295123 -0.00268313197
f 4129 4131 4130
v -0.00191148101 -0.0246009207 -0.00310985997
v -0.00202276242 -0.0247405871 -0.00291213855
v -0.00169016857 -0.0247563527 -0.00286390732
f 4132 4134 4133
v -0.00207675239 -0.0246164855 -0.002843724
v -0.00199192582 -0.0246247189 -0.00268861804
v -0.00200029881 -0.0246295123 -0.00268313197
f 4135 4137 4136
v -0.00191148101 -0.0246009207 -0.00310985997
v -0.00207675239 -0.0246164855 -0.002843724
v -0.00202276242 -0.0247405871 -0.00291213855
f 4138 4140 4139
v -0.00169016857 -0.0247563527 -0.00286390732
v -0.0019228095 -0.0246184296 -0.00253486614
v -0.00148509416 -0.024603479 -0.00258871278
f 4141 4143 4142
v -0.00134866441 -0.0241285859 -0.00200182549
v -0.0013414965 -0.0246958807 -0.00248778379
v -0.00153032597 -0.024098577 -0.00230491532
f 4144 4146 4145
v -0.00134866441 -0.0241285859 -0.00200182549
v -0.00123091449 -0.0249085831 -0.00232109051
v -0.0013414965 -0.0246958807 -0.00248778379
f 4147 4149 4148
v -0.00203956333 -0.0243259565 -0.00268738404
v -0.0019228095 -0.0246184296 -0.00253486614
v -0.00200029881 -0.0246295123 -0.00268313197
f 4150 4152 4151
v -0.00207675239 -0.0246164855 -0.002843724
v -0.00203956333 -0.0243259565 -0.00268738404
v -0.00199192582 -0.0246247189 -0.00268861804
f 4153 4155 4154
v -0.00137839852 -0.0219145659 -9.64643277e-05
v -0.00117734335 -0.0226360367 -0.000261637661
v -0.00137248117 -0.0228258534 -0.00068726049
f 4156 4158 4157
v -0.000834190632 -0.0224061412 0.000544745626
v -0.00104827905 -0.0230964739 0.000601633428
v -0.00136305534 -0.0231788756 -0.000579108337
f 4159 4161 4160
v -0.000834190632 -0.0224061412 0.000544745626
v -0.00137248117 -0.0228258534 -0.00068726049
v -0.00117734335 -0.0226360367 -0.000261637661
f 4162 4164 4163
v -0.00135769624 -0.0241441099 -0.00167754424
v -0.00154429617 -0.0243983552 -0.00108528811
v -0.00134866441 -0.0241285859 -0.00200182549
f 4165 4167 4166
v -0.0015384061 -0.024761958 -0.000797095618
v -0.00125607485 -0.025215483 -0.0017510014
v -0.00154429617 -0.0243983552 -0.00108528811
f 4168 4170 4169
v -0.00154429617 -0.0243983552 -0.00108528811
v -0.00162884771 -0.0247175572 -0.000313328519
v -0.0015384061 -0.024761958 -0.000797095618
f 4171 4173 4172
v -0.00136202307 -0.0250796555 -0.000898116923
v -0.000845553677 -0.025657512 -0.000973000806
v -0.00125607485 -0.025215483 -0.0017510014
f 4174 4176 4175
v -0.00162884771 -0.0247175572 -0.000313328519
v -0.0015681715 -0.0251691439 9.87066869e-05
v -0.0015384061 -0.024761958 -0.000797095618
f 4177 4179 4178
v -0.00136202307 -0.0250796555 -0.000898116923
v -0.00125740744 -0.0254773069 -0.000297717224
v -0.000845553677 -0.025657512 -0.000973000806
f 4180 4182 4181
v -0.00151765498 -0.0237227068 -0.000341591249
v -0.00135769624 -0.0241441099 -0.00167754424
v -0.00126196273 -0.0236424967 -0.00144505166
f 4183 4185 4184
v -0.00151765498 -0.0237227068 -0.000341591249
v -0.00154429617 -0.0243983552 -0.00108528811
v -0.00135769624 -0.0241441099 -0.00167754424
f 4186 4188 4187
v -0.00158409603 -0.0240680354 0.000341929945
v -0.0015681715 -0.0251691439 9.87066869e-05
v -0.00162884771 -0.0247175572 -0.000313328519
f 4189 4191 4190
v -0.00130231747 -0.024729807 0.00101785836
v -0.00142850531 -0.0241634305 0.000695210974
v -0.00104827905 -0.0230964739 0.000601633428
f 4192 4194 4193
v 0.000481931284 -0.0230853591 0.001525271
v -0.000708943298 -0.0245073927 0.00133177355
v -0.000190384719 -0.0233352243 0.00137282614
f 4195 4197 4196
v -0.000708943298 -0.0245073927 0.00133177355
v -0.000404363527 -0.0249887235 0.00139049616
v -0.00101217338 -0.0251096266 0.00115451812
f 4198 4200 4199
v -0.000528527471 -0.025883221 -0.000569727308
v -0.000195125449 -0.0260383298 -0.00117276022
v -0.000845553677 -0.025657512 -0.000973000806
f 4201 4203 4202
v -0.000802051272 -0.0257990847 1.87487181e-06
v -0.000528527471 -0.025883221 -0.000569727308
v -0.00125740744 -0.0254773069 -0.000297717224
f 4204 4206 4205
v -0.000845553677 -0.025657512 -0.000973000806
v -0.00125740744 -0.0254773069 -0.000297717224
v -0.000528527471 -0.025883221 -0.000569727308
f 4207 4209 4208
v 0.000595085976 -0.0261051435 -0.000846352214
v -0.000195125449 -0.0260383298 -0.00117276022
v 0.000560605577 -0.0260430737 -3.02789488e-05
f 4210 4212 4211
v -0.000195125449 -0.0260383298 -0.00117276022
v -0.000528527471 -0.025883221 -0.000569727308
v 0.000560605577 -0.0260430737 -3.02789488e-05
f 4213 4215 4214
v -0.00052644632 -0.0256239495 0.000838645701
v -0.000802051272 -0.0257990847 1.87487181e-06
v -0.00126396671 -0.0254205836 0.000530039642
f 4216 4218 4217
v -0.00130231747 -0.024729807 0.00101785836
v -0.00101217338 -0.0251096266 0.00115451812
v -0.00122156425 -0.0252998027 0.000826859741
f 4219 4221 4220
v -0.00052644632 -0.0256239495 0.000838645701
v -0.00122156425 -0.0252998027 0.000826859741
v -0.00101217338 -0.0251096266 0.00115451812
f 4222 4224 4223
v -0.00148658137 -0.0251638179 0.000485311057
v -0.00122156425 -0.0252998027 0.000826859741
v -0.00126396671 -0.0254205836 0.000530039642
f 4225 4227 4226
v -0.00130231747 -0.024729807 0.00101785836
v -0.00158409603 -0.0240680354 0.000341929945
v -0.00142850531 -0.0241634305 0.000695210974
f 4228 4230 4229
v -0.00154429617 -0.0243983552 -0.00108528811
v -0.00125607485 -0.025215483 -0.0017510014
v -0.00123091449 -0.0249085831 -0.00232109051
f 4231 4233 4232
v -0.00125607485 -0.025215483 -0.0017510014
v -0.00108502145 -0.0254368439 -0.00191142281
v -0.00123091449 -0.0249085831 -0.00232109051
f 4234 4236 4235
v -0.000845553677 -0.025657512 -0.000973000806
v -0.000778760204 -0.025710609 -0.00171525317
v -0.00125607485 -0.025215483 -0.0017510014
f 4237 4239 4238
v -0.00136305534 -0.0231788756 -0.000579108337
v -0.00120420773 -0.0229022946 -0.00147612445
v -0.00137248117 -0.0228258534 -0.00068726049
f 4240 4242 4241
v 0.00336748708 -0.0209307094 0.000437759945
v 0.00289566779 -0.0199553731 0.000745492935
v 0.00320772815 -0.0198689027 0.000301956561
f 4243 4245 4244
v 0.00289566779 -0.0199553731 0.000745492935
v 0.00296693288 -0.0210284517 0.000907976209
v 0.00228817462 -0.0202958065 0.00118086391
f 4246 4248 4247
v 0.00306191505 -0.0221078459 0.000835064748
v 0.00296693288 -0.0210284517 0.000907976209
v 0.00336748708 -0.0209307094 0.000437759945
f 4249 4251 4250
v 0.00336748708 -0.0209307094 0.000437759945
v 0.00351526614 -0.0224676594 4.08627386e-05
v 0.00306191505 -0.0221078459 0.000835064748
f 4252 4254 4253
v 0.00296693288 -0.0210284517 0.000907976209
v 0.00178966166 -0.0206214929 0.00142947629
v 0.00228817462 -0.0202958065 0.00118086391
f 4255 4257 4256
v 0.00178966166 -0.0206214929 0.00142947629
v 0.00284310372 -0.0222437564 0.00106744246
v 0.00203577929 -0.0224290823 0.00135682894
f 4258 4260 4259
v 0.00178966166 -0.0206214929 0.00142947629
v 0.00203577929 -0.0224290823 0.00135682894
v 0.000897460541 -0.0218101763 0.00146223247
f 4261 4263 4262
v 0.00284310372 -0.0222437564 0.00106744246
v 0.00178966166 -0.0206214929 0.00142947629
v 0.00296693288 -0.0210284517 0.000907976209
f 4264 4266 4265
v 0.00358448233 -0.0205703749 -0.000140948987
v 0.00371011774 -0.0222129587 -0.000793873005
v 0.00362705905 -0.0227731216 -0.000317616332
f 4267 4269 4268
v 0.00362705905 -0.0227731216 -0.000317616332
v 0.00342401254 -0.0237785629 0.000137749566
v 0.00351526614 -0.0224676594 4.08627386e-05
f 4270 4272 4271
v 0.00351526614 -0.0224676594 4.08627386e-05
v 0.00312184275 -0.0233311104 0.000695995504
v 0.00306191505 -0.0221078459 0.000835064748
f 4273 4275 4274
v 0.00279645574 -0.0240559864 -0.00269143093
v 0.00329578033 -0.0241777452 -0.00123354848
v 0.00355300508 -0.0227559023 -0.00155542366
f 4276 4278 4277
v 0.00284310372 -0.0222437564 0.00106744246
v 0.00306191505 -0.0221078459 0.000835064748
v 0.00312184275 -0.0233311104 0.000695995504
f 4279 4281 4280
v 0.00284310372 -0.0222437564 0.00106744246
v 0.00312184275 -0.0233311104 0.000695995504
v 0.00144557853 -0.0239390123 0.00158423627
f 4282 4284 4283
v 0.00284310372 -0.0222437564 0.00106744246
v 0.00144557853 -0.0239390123 0.00158423627
v 0.00203577929 -0.0224290823 0.00135682894
f 4285 4287 4286
v 0.00174818688 -0.0244767609 0.00136841436
v 0.00144557853 -0.0239390123 0.00158423627
v 0.00246713789 -0.0240051377 0.000911017651
f 4288 4290 4289
v 0.00174818688 -0.0244767609 0.00136841436
v 0.00103989723 -0.0250907789 0.00140425864
v 0.00144557853 -0.0239390123 0.00158423627
f 4291 4293 4292
v 0.00342401254 -0.0237785629 0.000137749566
v 0.00355301381 -0.0238854118 -0.000660688465
v 0.00311754193 -0.0245959935 -0.000148847766
f 4294 4296 4295
v 0.00311754193 -0.0245959935 -0.000148847766
v 0.00278063035 -0.0251931371 -6.43607109e-05
v 0.00205326214 -0.0252474623 0.000714205771
f 4297 4299 4298
v 0.00327079033 -0.0244958501 -0.000601407737
v 0.00289906075 -0.0251797028 -0.000276612491
v 0.00311754193 -0.0245959935 -0.000148847766
f 4300 4302 4301
v 0.00311754193 -0.0245959935 -0.000148847766
v 0.00289906075 -0.0251797028 -0.000276612491
v 0.00278063035 -0.0251931371 -6.43607109e-05
f 4303 4305 4304
v 0.0012046421 -0.0259737018 -5.97185647e-05
v 0.00250738358 -0.0255099265 -0.000863788227
v 0.00181828673 -0.0257968786 -0.000725989003
f 4306 4308 4307
v 0.00103989723 -0.0250907789 0.00140425864
v 0.00174818688 -0.0244767609 0.00136841436
v 0.00205326214 -0.0252474623 0.000714205771
f 4309 4311 4310
v 0.00162426841 -0.0258201966 0.000414966735
v 0.00278063035 -0.0251931371 -6.43607109e-05
v 0.0012046421 -0.0259737018 -5.97185647e-05
f 4312 4314 4313
v 0.00278063035 -0.0251931371 -6.43607109e-05
v 0.00228280132 -0.0254968967 0.000317126387
v 0.00205326214 -0.0252474623 0.000714205771
f 4315 4317 4316
v 0.00311754193 -0.0245959935 -0.000148847766
v 0.00205326214 -0.0252474623 0.000714205771
v 0.00342401254 -0.0237785629 0.000137749566
f 4318 4320 4319
v 0.00342401254 -0.0237785629 0.000137749566
v 0.00246713789 -0.0240051377 0.000911017651
v 0.00312184275 -0.0233311104 0.000695995504
f 4321 4323 4322
v 0.00300311531 -0.0244940864 -0.00203467207
v 0.00313514684 -0.0245478877 -0.00157322029
v 0.00329578033 -0.0241777452 -0.00123354848
f 4324 4326 4325
v 0.00315610305 -0.0248794619 -0.00118351409
v 0.00309652169 -0.0250916462 -0.000811365953
v 0.00327079033 -0.0244958501 -0.000601407737
f 4327 4329 4328
v 0.00309652169 -0.0250916462 -0.000811365953
v 0.00250738358 -0.0255099265 -0.000863788227
v 0.00289906075 -0.0251797028 -0.000276612491
f 4330 4332 4331
v 0.00327079033 -0.0244958501 -0.000601407737
v 0.00329578033 -0.0241777452 -0.00123354848
v 0.00315610305 -0.0248794619 -0.00118351409
f 4333 4335 4334
v 0.00327079033 -0.0244958501 -0.000601407737
v 0.00309652169 -0.0250916462 -0.000811365953
v 0.00289906075 -0.0251797028 -0.000276612491
f 4336 4338 4337
v -0.000708943298 -0.0245073927 0.00133177355
v 0.000601737838 -0.0253388629 0.0014980481
v -0.000404363527 -0.0249887235 0.00139049616
f 4339 4341 4340
v 0.000481931284 -0.0230853591 0.001525271
v 0.00144557853 -0.0239390123 0.00158423627
v -0.000708943298 -0.0245073927 0.00133177355
f 4342 4344 4343
v 0.00144557853 -0.0239390123 0.00158423627
v 0.000601737838 -0.0253388629 0.0014980481
v -0.000708943298 -0.0245073927 0.00133177355
f 4345 4347 4346
v 0.00144557853 -0.0239390123 0.00158423627
v 0.00103989723 -0.0250907789 0.00140425864
v 0.000601737838 -0.0253388629 0.0014980481
f 4348 4350 4349
v -0.000404363527 -0.0249887235 0.00139049616
v 0.000252814812 -0.0256811094 0.00123349264
v -0.00052644632 -0.0256239495 0.000838645701
f 4351 4353 4352
v 0.000753314089 -0.0260967237 0.000350242908
v 0.00162426841 -0.0258201966 0.000414966735
v 0.0012046421 -0.0259737018 -5.97185647e-05
f 4354 4356 4355
v 0.000327777821 -0.026052451 0.000643868725
v 0.000705265029 -0.0256902131 0.00121205039
v 0.00107413434 -0.0257796026 0.000807627021
f 4357 4359 4358
v 0.000601737838 -0.0253388629 0.0014980481
v 0.00103989723 -0.0250907789 0.00140425864
v 0.000705265029 -0.0256902131 0.00121205039
f 4360 4362 4361
v 0.000252814812 -0.0256811094 0.00123349264
v -0.000404363527 -0.0249887235 0.00139049616
v 0.000601737838 -0.0253388629 0.0014980481
f 4363 4365 4364
v 0.000252814812 -0.0256811094 0.00123349264
v 0.000705265029 -0.0256902131 0.00121205039
v 0.000327777821 -0.026052451 0.000643868725
f 4366 4368 4367
v 0.00205326214 -0.0252474623 0.000714205771
v 0.00107413434 -0.0257796026 0.000807627021
v 0.00103989723 -0.0250907789 0.00140425864
f 4369 4371 4370
v 0.00366630484 -0.0217774548 -0.00119005817
v 0.00355300508 -0.0227559023 -0.00155542366
v 0.00371011774 -0.0222129587 -0.000793873005
f 4372 4374 4373
v 0.00268356252 -0.0251691788 -0.00166313112
v 0.00313514684 -0.0245478877 -0.00157322029
v 0.00271737081 -0.0248359283 -0.00222849812
f 4375 4377 4376
v 0.00181828673 -0.0257968786 -0.000725989003
v 0.00250738358 -0.0255099265 -0.000863788227
v 0.00163940113 -0.0257716456 -0.00133381391
f 4378 4380 4379
v -0.00129772279 -0.0208958169 -0.000785729389
v -0.00180060888 -0.0220415444 -0.000638929487
v -0.00164344838 -0.0219371519 -0.001044691
f 4381 4383 4382
v -0.00164344838 -0.0219371519 -0.001044691
v -0.00174364141 -0.0225184485 -0.000952350274
v -0.00143833104 -0.0226339558 -0.00114550667
f 4384 4386 4385
v -0.00173668195 -0.0237292377 -0.00308765557
v -0.00192459502 -0.0239511137 -0.00292827626
v -0.00191148101 -0.0246009207 -0.00310985997
f 4387 4389 4388
v -0.00125969227 -0.0232953898 -0.00178130995
v -0.00126196273 -0.0236424967 -0.00144505166
v -0.00134866441 -0.0241285859 -0.00200182549
f 4390 4392 4391
v 0.00309375755 -0.0107366293 -0.00231169251
v 0.00354641961 -0.0111194873 -0.00171656629
v 0.0033238488 -0.010557934 -0.00190273495
f 4393 4395 4394
v 0.00157867416 -0.0158166164 -0.00375426534
v 0.00146162447 -0.0163871824 -0.00357607714
v 0.00186755333 -0.0162762532 -0.00345029403
f 4396 4398 4397
v -8.61741398e-06 -0.0127774285 -0.00372245704
v 0.00027024621 -0.0136393297 -0.00367222892
v 0.00159101128 -0.012710951 -0.00360525955
f 4399 4401 4400
v -0.00154339268 -0.0151292625 -0.00014227611
v -0.00205861015 -0.0157358212 -0.000783323412
v -0.00206806417 -0.0150609776 -0.000895657831
f 4402 4404 4403
v 0.00129714417 -0.00281509583 -0.00367268731
v 0.000997263487 -0.00258048694 -0.00367848224
v 0.00100687248 -0.0026196265 -0.00368326291
f 4405 4407 4406
v 0.00129714417 -0.00281509583 -0.00367268731
v 0.00100687248 -0.0026196265 -0.00368326291
v 0.0010534618 -0.00266352381 -0.00370851849
f 4408 4410 4409
v -0.000336664152 -0.00902637257 0.00108320437
v -0.000787218141 -0.00953273411 0.00085916472
v -0.00111465215 -0.00884307228 0.00101968544
f 4411 4413 4412
v -0.000811532755 -0.0137416966 -0.00318423845
v -0.000841844849 -0.0150449021 -0.00314705103
v -3.3626867e-05 -0.0147815328 -0.00370740127
f 4414 4416 4415
v 0.00088660081 -0.0160979631 -0.00366454406
v 0.00027699698 -0.0171720749 -0.00373776384
v 0.0018995428 -0.0176053843 -0.00349659313
f 4417 4419 4418
v 0.000847825868 -0.0119973498 0.00150372525
v 0.0018913719 -0.0115587667 0.00142092795
v 0.00131335573 -0.0125343839 0.00147911542
f 4420 4422 4421
v 0.00297848328 -0.0187333237 -0.00248436154
v 0.0028080698 -0.0196017965 -0.00258799337
v 0.00319452665 -0.0194437191 -0.00203574782
f 4423 4425 4424
v 0.0010534618 -0.00266352381 -0.00370851849
v 0.000997263487 -0.00258048694 -0.00367848224
v 0.000910722611 -0.00263942438 -0.00373940129
f 4426 4428 4427
v 0.000892932439 -0.0027376891 -0.00367184111
v 0.00129714417 -0.00281509583 -0.00367268731
v 0.0010534618 -0.00266352381 -0.00370851849
f 4429 4431 4430
v 0.000997263487 -0.00258048694 -0.00367848224
v 0.0010534618 -0.00266352381 -0.00370851849
v 0.00100687248 -0.0026196265 -0.00368326291
f 4432 4434 4433
v 0.000997263487 -0.00258048694 -0.00367848224
v 0.00129714417 -0.00281509583 -0.00367268731
v 0.00118326534 -0.00234119379 -0.0034217046
f 4435 4437 4436
v 0.00118326534 -0.00234119379 -0.0034217046
v 0.00094798188 -0.00210345988 -0.00305929352
v 0.000521189895 -0.00229707239 -0.00345655426
f 4438 4440 4439
v 0.00118326534 -0.00234119379 -0.0034217046
v 0.000521189895 -0.00229707239 -0.00345655426
v 0.000660687874 -0.0025751362 -0.0037553953
f 4441 4443 4442
v -0.00122836736 -0.00202797655 -0.00264498503
v -0.00130032431 -0.00220011261 -0.00288647207
v -0.00078695557 -0.00253675735 -0.00339630715
f 4444 4446 4445
v -0.00122836736 -0.00202797655 -0.00264498503
v -0.00078695557 -0.00253675735 -0.00339630715
v -0.000546409046 -0.00221981518 -0.0029730505
f 4447 4449 4448
v 0.00130031358 -0.00327382259 -0.00357983954
v 0.000892932439 -0.0027376891 -0.00367184111
v 0.000720689286 -0.0033219083 -0.00370010312
f 4450 4452 4451
v 0.000720689286 -0.0033219083 -0.00370010312
v 0.000892932439 -0.0027376891 -0.00367184111
v 0.000110498104 -0.00324420544 -0.00373509647
f 4453 4455 4454
v 0.000910722611 -0.00263942438 -0.00373940129
v 0.000660687874 -0.0025751362 -0.0037553953
v 0.000892932439 -0.0027376891 -0.00367184111
f 4456 4458 4457
v 0.000660687874 -0.0025751362 -0.0037553953
v 0.000910722611 -0.00263942438 -0.00373940129
v 0.000997263487 -0.00258048694 -0.00367848224
f 4459 4461 4460
v -0.00180864154 -0.00206846416 -0.00197257832
v -0.00188527902 -0.00213939966 -0.00192480838
v -0.00181179603 -0.00206019649 -0.00202740721
f 4462 4464 4463
v -0.00188527902 -0.00213939966 -0.00192480838
v -0.00189793282 -0.00213260901 -0.00187711885
v -0.00181179603 -0.00206019649 -0.00202740721
f 4465 4467 4466
v -0.00135594864 -0.0022763159 -0.00286659233
v -0.0013847658 -0.00214446663 -0.00274873382
v -0.00136574045 -0.00219311369 -0.00279203741
f 4468 4470 4469
v -0.00135594864 -0.0022763159 -0.00286659233
v -0.00130032431 -0.00220011261 -0.00288647207
v -0.00146826351 -0.00206831137 -0.00265251383
f 4471 4473 4472
v -0.00158809071 -0.00198634552 -0.00228286335
v -0.00181179603 -0.00206019649 -0.00202740721
v -0.00173249427 -0.00204975622 -0.00226908414
f 4474 4476 4475
v -0.00188380545 -0.00216141452 -0.00200538871
v -0.00183780012 -0.00210913386 -0.00206159475
v -0.00197833851 -0.00215106738 -0.0018045559
f 4477 4479 4478
v -0.00205458691 -0.00220954935 -0.00165393649
v -0.00214436914 -0.00224274008 -0.00148987583
v -0.00211491351 -0.00235426451 -0.0016513146
f 4480 4482 4481
v -0.00205458691 -0.00220954935 -0.00165393649
v -0.00211491351 -0.00235426451 -0.0016513146
v -0.00203313975 -0.00221286282 -0.00168310999
f 4483 4485 4484
v -0.00197833851 -0.00215106738 -0.0018045559
v -0.00173249427 -0.00204975622 -0.00226908414
v -0.00181179603 -0.00206019649 -0.00202740721
f 4486 4488 4487
v -0.00188380545 -0.00216141452 -0.00200538871
v -0.00189793282 -0.00213260901 -0.00187711885
v -0.00188527902 -0.00213939966 -0.00192480838
f 4489 4491 4490
v -0.00203367581 -0.00220138936 -0.00174878533
v -0.00205458691 -0.00220954935 -0.00165393649
v -0.00203313975 -0.00221286282 -0.00168310999
f 4492 4494 4493
v -0.00203367581 -0.00220138936 -0.00174878533
v -0.00197833851 -0.00215106738 -0.0018045559
v -0.00205458691 -0.00220954935 -0.00165393649
f 4495 4497 4496
v -0.00211491351 -0.00235426451 -0.0016513146
v -0.00216717744 -0.00228179233 -0.00142557201
v -0.00215646342 -0.00229215257 -0.00144762889
f 4498 4500 4499
v -0.00195839002 -0.00217138841 -0.00178195114
v -0.00203367581 -0.00220138936 -0.00174878533
v -0.00211491351 -0.00235426451 -0.0016513146
f 4501 4503 4502
v -0.00195839002 -0.00217138841 -0.00178195114
v -0.00211491351 -0.00235426451 -0.0016513146
v -0.00194574804 -0.00217797096 -0.00182739714
f 4504 4506 4505
v -0.00212290815 -0.00248269534 -0.00096433123
v -0.00228275203 -0.00238684624 -0.00114411214
v -0.00214436914 -0.00224274008 -0.00148987583
f 4507 4509 4508
v -0.00212290815 -0.00248269534 -0.00096433123
v -0.00214436914 -0.00224274008 -0.00148987583
v -0.00190267856 -0.0021374577 -0.00174994657
f 4510 4512 4511
v -0.00190267856 -0.0021374577 -0.00174994657
v -0.00197833851 -0.00215106738 -0.0018045559
v -0.00195839002 -0.00217138841 -0.00178195114
f 4513 4515 4514
v -0.00203367581 -0.00220138936 -0.00174878533
v -0.00195839002 -0.00217138841 -0.00178195114
v -0.00194574804 -0.00217797096 -0.00182739714
f 4516 4518 4517
v -0.00150500373 -0.00209489772 -0.00260163579
v -0.00152654102 -0.00206496225 -0.00255478444
v -0.00146826351 -0.00206831137 -0.00265251383
f 4519 4521 4520
v -0.00150500373 -0.00209489772 -0.00260163579
v -0.00146826351 -0.00206831137 -0.00265251383
v -0.00145600416 -0.00209397513 -0.0026482574
f 4522 4524 4523
v -0.00215646342 -0.00229215257 -0.00144762889
v -0.00216717744 -0.00228179233 -0.00142557201
v -0.00233412302 -0.00235030548 -0.00116605479
f 4525 4527 4526
v -0.00233412302 -0.00235030548 -0.00116605479
v -0.00216717744 -0.00228179233 -0.00142557201
v -0.00228275203 -0.00238684624 -0.00114411214
f 4528 4530 4529
v -0.00122836736 -0.00202797655 -0.00264498503
v -0.00158809071 -0.00198634552 -0.00228286335
v -0.00150500373 -0.00209489772 -0.00260163579
f 4531 4533 4532
v -0.00122836736 -0.00202797655 -0.00264498503
v -0.00150500373 -0.00209489772 -0.00260163579
v -0.00145600416 -0.00209397513 -0.0026482574
f 4534 4536 4535
v -0.00145600416 -0.00209397513 -0.0026482574
v -0.00150500373 -0.00209489772 -0.00260163579
v -0.00161892422 -0.00227169403 -0.00258716882
f 4537 4539 4538
v -0.00145600416 -0.00209397513 -0.0026482574
v -0.00161892422 -0.00227169403 -0.00258716882
v -0.00143563966 -0.00214211796 -0.00270574601
f 4540 4542 4541
v -0.00173249427 -0.00204975622 -0.00226908414
v -0.00150500373 -0.00209489772 -0.00260163579
v -0.00152654102 -0.00206496225 -0.00255478444
f 4543 4545 4544
v -0.00173249427 -0.00204975622 -0.00226908414
v -0.00152654102 -0.00206496225 -0.00255478444
v -0.00158809071 -0.00198634552 -0.00228286335
f 4546 4548 4547
v -0.00117687223 -0.00329258291 -0.00315113575
v -0.00161892422 -0.00227169403 -0.00258716882
v -0.00176440735 -0.00329760842 -0.0023434628
f 4549 4551 4550
v -0.00194574804 -0.00217797096 -0.00182739714
v -0.00195839002 -0.00217138841 -0.00178195114
v -0.00197833851 -0.00215106738 -0.0018045559
f 4552 4554 4553
v -0.00194574804 -0.00217797096 -0.00182739714
v -0.00197833851 -0.00215106738 -0.0018045559
v -0.00189793282 -0.00213260901 -0.00187711885
f 4555 4557 4556
v -0.00148202753 -0.00214211213 -0.00269185184
v -0.00145600416 -0.00209397513 -0.0026482574
v -0.00143563966 -0.00214211796 -0.00270574601
f 4558 4560 4559
v -0.00203367581 -0.00220138936 -0.00174878533
v -0.00188380545 -0.00216141452 -0.00200538871
v -0.00197833851 -0.00215106738 -0.0018045559
f 4561 4563 4562
v -0.00189793282 -0.00213260901 -0.00187711885
v -0.00194574804 -0.00217797096 -0.00182739714
v -0.00211491351 -0.00235426451 -0.0016513146
f 4564 4566 4565
v -0.00189793282 -0.00213260901 -0.00187711885
v -0.00211491351 -0.00235426451 -0.0016513146
v -0.00188527902 -0.00213939966 -0.00192480838
f 4567 4569 4568
v -0.00194574804 -0.00217797096 -0.00182739714
v -0.00189793282 -0.00213260901 -0.00187711885
v -0.00190267856 -0.0021374577 -0.00174994657
f 4570 4572 4571
v -0.0013847658 -0.00214446663 -0.00274873382
v -0.00143563966 -0.00214211796 -0.00270574601
v -0.00161892422 -0.00227169403 -0.00258716882
f 4573 4575 4574
v -0.0013847658 -0.00214446663 -0.00274873382
v -0.00161892422 -0.00227169403 -0.00258716882
v -0.00136574045 -0.00219311369 -0.00279203741
f 4576 4578 4577
v -0.00189793282 -0.00213260901 -0.00187711885
v -0.00188380545 -0.00216141452 -0.00200538871
v -0.00203367581 -0.00220138936 -0.00174878533
f 4579 4581 4580
v -0.00211491351 -0.00235426451 -0.0016513146
v -0.00173249427 -0.00204975622 -0.00226908414
v -0.00188380545 -0.00216141452 -0.00200538871
f 4582 4584 4583
v -0.00148202753 -0.00214211213 -0.00269185184
v -0.00143563966 -0.00214211796 -0.00270574601
v -0.0013847658 -0.00214446663 -0.00274873382
f 4585 4587 4586
v -0.00148202753 -0.00214211213 -0.00269185184
v -0.0013847658 -0.00214446663 -0.00274873382
v -0.00135594864 -0.0022763159 -0.00286659233
f 4588 4590 4589
v -0.00143563966 -0.00214211796 -0.00270574601
v -0.00145600416 -0.00209397513 -0.0026482574
v -0.00146826351 -0.00206831137 -0.00265251383
f 4591 4593 4592
v -0.00143563966 -0.00214211796 -0.00270574601
v -0.00146826351 -0.00206831137 -0.00265251383
v -0.0013847658 -0.00214446663 -0.00274873382
f 4594 4596 4595
v -0.00143563966 -0.00214211796 -0.00270574601
v -0.0013847658 -0.00214446663 -0.00274873382
v -0.00122836736 -0.00202797655 -0.00264498503
f 4597 4599 4598
v -0.00148202753 -0.00214211213 -0.00269185184
v -0.00135594864 -0.0022763159 -0.00286659233
v -0.00146826351 -0.00206831137 -0.00265251383
f 4600 4602 4601
v -0.0022566046 -0.00524006646 -0.0019225452
v -0.00261959085 -0.00641960869 -0.00221531227
v -0.00241071048 -0.0061398423 -0.00261089845
f 4603 4605 4604
v -0.0022566046 -0.00524006646 -0.0019225452
v -0.00241071048 -0.0061398423 -0.00261089845
v -0.00208924157 -0.00515388856 -0.00248728829
f 4606 4608 4607
v -0.002654741 -0.00324306784 -0.00123601321
v -0.00270342025 -0.00322544402 -0.0011119796
v -0.00271155113 -0.00345198314 -0.001093439
f 4609 4611 4610
v -0.00274114409 -0.00354840486 -0.00111334148
v -0.00269761167 -0.00340357255 -0.00108783697
v -0.00271155113 -0.00345198314 -0.001093439
f 4612 4614 4613
v -0.00271553781 -0.00403782869 -0.00125947508
v -0.00287267485 -0.00411940564 -0.000873487716
v -0.00266755887 -0.00524957541 -0.000956890381
f 4615 4617 4616
v -0.00274114409 -0.00354840486 -0.00111334148
v -0.00271155113 -0.00345198314 -0.001093439
v -0.00257760857 -0.00300941047 -0.000973966416
f 4618 4620 4619
v -0.00257760857 -0.00300941047 -0.000973966416
v -0.00271155113 -0.00345198314 -0.001093439
v -0.00269761167 -0.00340357255 -0.00108783697
f 4621 4623 4622
v -0.00251673737 -0.00432865527 -0.000309776897
v -0.00287267485 -0.00411940564 -0.000873487716
v -0.00237040458 -0.0028078548 -0.000814924624
f 4624 4626 4625
v -0.00266755887 -0.00524957541 -0.000956890381
v -0.00284014423 -0.00460909941 -0.000657594865
v -0.00269497868 -0.00516304535 -0.000596166501
f 4627 4629 4628
v -0.00117687223 -0.00329258291 -0.00315113575
v -0.00049715286 -0.00255886534 -0.00355366792
v -0.000940181963 -0.00249822679 -0.00326136942
f 4630 4632 4631
v -0.000940181963 -0.00249822679 -0.00326136942
v -0.00135594864 -0.0022763159 -0.00286659233
v -0.00117687223 -0.00329258291 -0.00315113575
f 4633 4635 4634
v 0.00261752848 -0.00203879008 -0.00236622182
v 0.002591259 -0.00207102912 -0.00241506204
v 0.00261212117 -0.00209566988 -0.00234081672
f 4636 4638 4637
v 0.00261752848 -0.00203879008 -0.00236622182
v 0.00261212117 -0.00209566988 -0.00234081672
v 0.0026410602 -0.00204561711 -0.00230658661
f 4639 4641 4640
v -0.00135594864 -0.0022763159 -0.00286659233
v -0.000940181963 -0.00249822679 -0.00326136942
v -0.00130032431 -0.00220011261 -0.00288647207
f 4642 4644 4643
v -0.00287416951 -0.0078710269 -0.00249739787
v -0.00270908167 -0.00688924556 -0.00234874205
v -0.00300989541 -0.00751414991 -0.00223619718
f 4645 4647 4646
v -0.00308478557 -0.00823531809 -0.00235535099
v -0.00300989541 -0.00751414991 -0.00223619718
v -0.00317302474 -0.00801085916 -0.0020516216
f 4648 4650 4649
v 0.00250467492 -0.00211285424 -0.00250246067
v 0.00253491835 -0.00210947237 -0.00251866477
v 0.00250432713 -0.00214445809 -0.0025628502
f 4651 4653 4652
v 0.00250432713 -0.00214445809 -0.0025628502
v 0.00253491835 -0.00210947237 -0.00251866477
v 0.00239378151 -0.00218305486 -0.0026107733
f 4654 4656 4655
v 0.00255361956 -0.00207727335 -0.00239213896
v 0.002591259 -0.00207102912 -0.00241506204
v 0.00261752848 -0.00203879008 -0.00236622182
f 4657 4659 4658
v 0.00260637644 -0.00205312444 -0.00228225072
v 0.0026410602 -0.00204561711 -0.00230658661
v 0.00261212117 -0.00209566988 -0.00234081672
f 4660 4662 4661
v 0.00261752848 -0.00203879008 -0.00236622182
v 0.0026410602 -0.00204561711 -0.00230658661
v 0.00260637644 -0.00205312444 -0.00228225072
f 4663 4665 4664
v 0.00261212117 -0.00209566988 -0.00234081672
v 0.002591259 -0.00207102912 -0.00241506204
v 0.00255361956 -0.00207727335 -0.00239213896
f 4666 4668 4667
v 0.00256996864 -0.00206827517 -0.00245780539
v 0.00253491835 -0.00210947237 -0.00251866477
v 0.00250948051 -0.00217686666 -0.0024493409
f 4669 4671 4670
v 0.00256996864 -0.00206827517 -0.00245780539
v 0.00250948051 -0.00217686666 -0.0024493409
v 0.002591259 -0.00207102912 -0.00241506204
f 4672 4674 4673
v 0.00250948051 -0.00217686666 -0.0024493409
v 0.00253491835 -0.00210947237 -0.00251866477
v 0.00250467492 -0.00211285424 -0.00250246067
f 4675 4677 4676
v 0.00250467492 -0.00211285424 -0.00250246067
v 0.00253491835 -0.00210947237 -0.00251866477
v 0.00256996864 -0.00206827517 -0.00245780539
f 4678 4680 4679
v 0.00255361956 -0.00207727335 -0.00239213896
v 0.002591259 -0.00207102912 -0.00241506204
v 0.00250948051 -0.00217686666 -0.0024493409
f 4681 4683 4682
v 0.00216843964 -0.0023739467 -0.00283607642
v 0.0022275899 -0.00227365999 -0.00273412224
v 0.0021741711 -0.00232008279 -0.00286305003
f 4684 4686 4685
v 0.0022275899 -0.00227365999 -0.00273412224
v 0.00227297915 -0.00228782555 -0.00275318507
v 0.0021741711 -0.00232008279 -0.00286305003
f 4687 4689 4688
v 0.00260637644 -0.00205312444 -0.00228225072
v 0.0026410602 -0.00204561711 -0.00230658661
v 0.00265529652 -0.00201829807 -0.00226404609
f 4690 4692 4691
v 0.00241048601 -0.00213032381 -0.00250912599
v 0.00239378151 -0.00218305486 -0.0026107733
v 0.00250467492 -0.00211285424 -0.00250246067
f 4693 4695 4694
v 0.00241048601 -0.00213032381 -0.00250912599
v 0.00250467492 -0.00211285424 -0.00250246067
v 0.00256996864 -0.00206827517 -0.00245780539
f 4696 4698 4697
v 0.00250432713 -0.00214445809 -0.0025628502
v 0.00241048601 -0.00213032381 -0.00250912599
v 0.00250948051 -0.00217686666 -0.0024493409
f 4699 4701 4700
v 0.00239378151 -0.00218305486 -0.0026107733
v 0.0018759225 -0.00214186693 -0.00255132691
v 0.0022275899 -0.00227365999 -0.00273412224
f 4702 4704 4703
v 0.00239378151 -0.00218305486 -0.0026107733
v 0.0022275899 -0.00227365999 -0.00273412224
v 0.00227297915 -0.00228782555 -0.00275318507
f 4705 4707 4706
v 0.00198820799 -0.00248240722 -0.00312534212
v 0.00196050369 -0.00250995108 -0.00307982264
v 0.00216843964 -0.0023739467 -0.00283607642
f 4708 4710 4709
v 0.00198820799 -0.00248240722 -0.00312534212
v 0.00216843964 -0.0023739467 -0.00283607642
v 0.00202777319 -0.00250497287 -0.00313802229
f 4711 4713 4712
v 0.00189796447 -0.00233245046 -0.00300820975
v 0.00198820799 -0.00248240722 -0.00312534212
v 0.0021741711 -0.00232008279 -0.00286305003
f 4714 4716 4715
v 0.00198820799 -0.00248240722 -0.00312534212
v 0.00202777319 -0.00250497287 -0.00313802229
v 0.0021741711 -0.00232008279 -0.00286305003
f 4717 4719 4718
v 0.00284207363 -0.00216120297 -0.00139465355
v 0.00283963818 -0.00210515918 -0.00157618415
v 0.00288996544 -0.0021662976 -0.00147692026
f 4720 4722 4721
v 0.00284207363 -0.00216120297 -0.00139465355
v 0.00288996544 -0.0021662976 -0.00147692026
v 0.00290985845 -0.00213543299 -0.00144143496
f 4723 4725 4724
v 0.00227297915 -0.00228782555 -0.00275318507
v 0.0022275899 -0.00227365999 -0.00273412224
v 0.00235151219 -0.00228769768 -0.00263091024
f 4726 4728 4727
v 0.00194128952 -0.00269407283 -0.0027495129
v 0.00250948051 -0.00217686666 -0.0024493409
v 0.00235151219 -0.00228769768 -0.00263091024
f 4729 4731 4730
v 0.00235151219 -0.00228769768 -0.00263091024
v 0.00250432713 -0.00214445809 -0.0025628502
v 0.00239378151 -0.00218305486 -0.0026107733
f 4732 4734 4733
v 0.00241048601 -0.00213032381 -0.00250912599
v 0.00250432713 -0.00214445809 -0.0025628502
v 0.00235151219 -0.00228769768 -0.00263091024
f 4735 4737 4736
v 0.00283963818 -0.00210515918 -0.00157618415
v 0.00290985845 -0.00213543299 -0.00144143496
v 0.00288996544 -0.0021662976 -0.00147692026
f 4738 4740 4739
v 0.00292274653 -0.00224780215 -0.0012879862
v 0.00290182106 -0.00223920924 -0.00114188615
v 0.0028814693 -0.00221591963 -0.0011962481
f 4741 4743 4742
v 0.00292274653 -0.00224780215 -0.0012879862
v 0.0028814693 -0.00221591963 -0.0011962481
v 0.00292334225 -0.00218889236 -0.00125354691
f 4744 4746 4745
v 0.00292274653 -0.00224780215 -0.0012879862
v 0.00283963818 -0.00210515918 -0.00157618415
v 0.00284207363 -0.00216120297 -0.00139465355
f 4747 4749 4748
v 0.00292274653 -0.00224780215 -0.0012879862
v 0.00284207363 -0.00216120297 -0.00139465355
v 0.00288662413 -0.00217970501 -0.00132781743
f 4750 4752 4751
v 0.00291422948 -0.00220966376 -0.00127286157
v 0.00292334225 -0.00218889236 -0.00125354691
v 0.0028814693 -0.00221591963 -0.0011962481
f 4753 4755 4754
v 0.00288662413 -0.00217970501 -0.00132781743
v 0.00292334225 -0.00218889236 -0.00125354691
v 0.00291422948 -0.00220966376 -0.00127286157
f 4756 4758 4757
v 0.0028814693 -0.00221591963 -0.0011962481
v 0.00290182106 -0.00223920924 -0.00114188615
v 0.00289353957 -0.00226104148 -0.0011624069
f 4759 4761 4760
v 0.00294236961 -0.00217880861 -0.00134738229
v 0.00288662413 -0.00217970501 -0.00132781743
v 0.00284207363 -0.00216120297 -0.00139465355
f 4762 4764 4763
v 0.00294236961 -0.00217880861 -0.00134738229
v 0.00284207363 -0.00216120297 -0.00139465355
v 0.00290985845 -0.00213543299 -0.00144143496
f 4765 4767 4766
v 0.00290247317 -0.00234044692 -0.000988896591
v 0.0028595512 -0.0023433915 -0.000929069574
v 0.00279707911 -0.00231303693 -0.000993130107
f 4768 4770 4769
v 0.00290247317 -0.00234044692 -0.000988896591
v 0.00279707911 -0.00231303693 -0.000993130107
v 0.00287896637 -0.00228915214 -0.00103566417
f 4771 4773 4772
v 0.00287167768 -0.00231027643 -0.00105526087
v 0.00287896637 -0.00228915214 -0.00103566417
v 0.00279707911 -0.00231303693 -0.000993130107
f 4774 4776 4775
v 0.00285371134 -0.002261796 -0.00108768081
v 0.00287896637 -0.00228915214 -0.00103566417
v 0.00287167768 -0.00231027643 -0.00105526087
f 4777 4779 4778
v 0.00289119944 -0.00241496728 -0.000804585488
v 0.0028595512 -0.0023433915 -0.000929069574
v 0.00285283386 -0.00236375399 -0.000948294564
f 4780 4782 4781
v 0.00271845929 -0.00236684773 -0.000881788037
v 0.0028595512 -0.0023433915 -0.000929069574
v 0.00289119944 -0.00241496728 -0.000804585488
f 4783 4785 4784
v 0.00271845929 -0.00236684773 -0.000881788037
v 0.00285283386 -0.00236375399 -0.000948294564
v 0.0028595512 -0.0023433915 -0.000929069574
f 4786 4788 4787
v 0.00271445151 -0.00199644546 -0.00213507446
v 0.00268624626 -0.00203103464 -0.0021942782
v 0.00265935469 -0.00212527357 -0.00220477123
f 4789 4791 4790
v 0.00271445151 -0.00199644546 -0.00213507446
v 0.00265935469 -0.00212527357 -0.00220477123
v 0.00273724909 -0.00200562044 -0.0020902673
f 4792 4794 4793
v 0.00279707911 -0.00231303693 -0.000993130107
v 0.0028595512 -0.0023433915 -0.000929069574
v 0.00285283386 -0.00236375399 -0.000948294564
f 4795 4797 4796
v 0.00265824547 -0.00203586587 -0.00217674278
v 0.00268624626 -0.00203103464 -0.0021942782
v 0.00271445151 -0.00199644546 -0.00213507446
f 4798 4800 4799
v 0.00270874261 -0.00201630519 -0.00206843033
v 0.00273724909 -0.00200562044 -0.0020902673
v 0.00265935469 -0.00212527357 -0.00220477123
f 4801 4803 4802
v 0.00265935469 -0.00212527357 -0.00220477123
v 0.00268624626 -0.00203103464 -0.0021942782
v 0.00265824547 -0.00203586587 -0.00217674278
f 4804 4806 4805
v 0.00276413884 -0.00201097773 -0.00195514185
v 0.00278602456 -0.00198736507 -0.00191768158
v 0.00278716816 -0.00196777601 -0.00198920334
f 4807 4809 4808
v 0.00276413884 -0.00201097773 -0.00195514185
v 0.00278716816 -0.00196777601 -0.00198920334
v 0.00276675582 -0.0020267018 -0.00202245501
f 4810 4812 4811
v 0.00278716816 -0.00196777601 -0.00198920334
v 0.00274271824 -0.00197809986 -0.0020074207
v 0.00270874261 -0.00201630519 -0.00206843033
f 4813 4815 4814
v 0.00278716816 -0.00196777601 -0.00198920334
v 0.00270874261 -0.00201630519 -0.00206843033
v 0.00273724909 -0.00200562044 -0.0020902673
f 4816 4818 4817
v 0.00274271824 -0.00197809986 -0.0020074207
v 0.00278602456 -0.00198736507 -0.00191768158
v 0.00276413884 -0.00201097773 -0.00195514185
f 4819 4821 4820
v 0.00276675582 -0.0020267018 -0.00202245501
v 0.00273724909 -0.00200562044 -0.0020902673
v 0.00270874261 -0.00201630519 -0.00206843033
f 4822 4824 4823
v 0.00265529652 -0.00201829807 -0.00226404609
v 0.0026410602 -0.00204561711 -0.00230658661
v 0.00267127507 -0.00207956091 -0.00222618764
f 4825 4827 4826
v 0.00265529652 -0.00201829807 -0.00226404609
v 0.00267127507 -0.00207956091 -0.00222618764
v 0.00268624626 -0.00203103464 -0.0021942782
f 4828 4830 4829
v 0.00226871707 -0.00208682432 -0.00213486383
v 0.00265824547 -0.00203586587 -0.00217674278
v 0.00271445151 -0.00199644546 -0.00213507446
f 4831 4833 4832
v 0.00276413884 -0.00201097773 -0.00195514185
v 0.00278602456 -0.00198736507 -0.00191768158
v 0.00247858916 -0.00213744843 -0.00165744714
f 4834 4836 4835
v 0.00247858916 -0.00213744843 -0.00165744714
v 0.00278602456 -0.00198736507 -0.00191768158
v 0.00283581994 -0.00205535962 -0.0017990069
f 4837 4839 4838
v 0.00202278025 -0.00230250407 -0.000914571683
v 0.00271845929 -0.00236684773 -0.000881788037
v 0.00269063567 -0.00257838819 -0.000532464765
f 4840 4842 4841
v 0.00267127507 -0.00207956091 -0.00222618764
v 0.0026410602 -0.00204561711 -0.00230658661
v 0.00260637644 -0.00205312444 -0.00228225072
f 4843 4845 4844
v 0.00292097357 -0.0022749 -0.00109532657
v 0.00287896637 -0.00228915214 -0.00103566417
v 0.00285371134 -0.002261796 -0.00108768081
f 4846 4848 4847
v 0.00292097357 -0.0022749 -0.00109532657
v 0.00285371134 -0.002261796 -0.00108768081
v 0.00290182106 -0.00223920924 -0.00114188615
f 4849 4851 4850
v 0.00282404453 -0.0026213942 -0.000605398964
v 0.00289119944 -0.00241496728 -0.000804585488
v 0.00274220183 -0.00281502271 -0.000847185038
f 4852 4854 4853
v 0.00194128952 -0.00269407283 -0.0027495129
v 0.00235151219 -0.00228769768 -0.00263091024
v 0.00185169938 -0.00255367959 -0.00294710735
f 4855 4857 4856
v 0.00268092499 -0.00317782651 8.00839132e-05
v 0.00232134062 -0.00328334463 0.00037042264
v 0.00263379243 -0.00322370433 0.000100824025
f 4858 4860 4859
v 0.00268092499 -0.00317782651 8.00839132e-05
v 0.00263379243 -0.00322370433 0.000100824025
v 0.00267812411 -0.00320964136 6.96385484e-05
f 4861 4863 4862
v 0.00289353957 -0.00226104148 -0.0011624069
v 0.00290182106 -0.00223920924 -0.00114188615
v 0.00285371134 -0.002261796 -0.00108768081
f 4864 4866 4865
v 0.00285371134 -0.002261796 -0.00108768081
v 0.00279707911 -0.00231303693 -0.000993130107
v 0.0028814693 -0.00221591963 -0.0011962481
f 4867 4869 4868
v 0.00172685304 -0.00373505645 -0.00336855737
v 0.00130031358 -0.00327382259 -0.00357983954
v 0.00135065175 -0.00398431403 -0.0036205347
f 4870 4872 4871
v 0.00196050369 -0.00250995108 -0.00307982264
v 0.00194620225 -0.00257638567 -0.00318218808
v 0.00163712302 -0.00285790411 -0.00339170365
f 4873 4875 4874
v 0.00194128952 -0.00269407283 -0.0027495129
v 0.00163712302 -0.00285790411 -0.00339170365
v 0.00172685304 -0.00373505645 -0.00336855737
f 4876 4878 4877
v 0.00154502777 -0.00217433153 -0.00297393944
v 0.00185132631 -0.0026805672 -0.0033192111
v 0.00196050369 -0.00250995108 -0.00307982264
f 4879 4881 4880
v 0.00266796287 -0.00292431996 -0.000192712469
v 0.00278474254 -0.00289362561 -0.000300838474
v 0.00278919833 -0.00287639032 -0.00028561808
f 4882 4884 4883
v 0.00266796287 -0.00292431996 -0.000192712469
v 0.0027450882 -0.00307904811 -6.24798304e-05
v 0.00274454869 -0.00310059077 -7.65173354e-05
f 4885 4887 4886
v 0.00274024624 -0.00317920676 -1.99739617e-05
v 0.0027450882 -0.00307904811 -6.24798304e-05
v 0.00274454869 -0.00310059077 -7.65173354e-05
f 4888 4890 4889
v 0.00274024624 -0.00317920676 -1.99739617e-05
v 0.00267812411 -0.00320964136 6.96385484e-05
v 0.00268092499 -0.00317782651 8.00839132e-05
f 4891 4893 4892
v 0.00266538518 -0.00326504851 0.000159077797
v 0.00268092499 -0.00317782651 8.00839132e-05
v 0.00267812411 -0.00320964136 6.96385484e-05
f 4894 4896 4895
v 0.00259957542 -0.00309770803 5.0385669e-07
v 0.00268092499 -0.00317782651 8.00839132e-05
v 0.00267812411 -0.00320964136 6.96385484e-05
f 4897 4899 4898
v 0.00194620225 -0.00257638567 -0.00318218808
v 0.00198820799 -0.00248240722 -0.00312534212
v 0.00202777319 -0.00250497287 -0.00313802229
f 4900 4902 4901
v 0.00194620225 -0.00257638567 -0.00318218808
v 0.00202777319 -0.00250497287 -0.00313802229
v 0.00201618241 -0.0025410347 -0.00318844905
f 4903 4905 4904
v 0.00232134062 -0.00328334463 0.00037042264
v 0.00268092499 -0.00317782651 8.00839132e-05
v 0.00266538518 -0.00326504851 0.000159077797
f 4906 4908 4907
v 0.00266538518 -0.00326504851 0.000159077797
v 0.00267812411 -0.00320964136 6.96385484e-05
v 0.00263379243 -0.00322370433 0.000100824025
f 4909 4911 4910
v 0.00266796287 -0.00292431996 -0.000192712469
v 0.00278919833 -0.00287639032 -0.00028561808
v 0.00283313293 -0.00297497954 -0.000216556327
f 4912 4914 4913
v 0.00283313293 -0.00297497954 -0.000216556327
v 0.00278919833 -0.00287639032 -0.00028561808
v 0.00278474254 -0.00289362561 -0.000300838474
f 4915 4917 4916
v 0.00259957542 -0.00309770803 5.0385669e-07
v 0.00274454869 -0.00310059077 -7.65173354e-05
v 0.0027450882 -0.00307904811 -6.24798304e-05
f 4918 4920 4919
v 0.00274024624 -0.00317920676 -1.99739617e-05
v 0.00283313293 -0.00297497954 -0.000216556327
v 0.00279474407 -0.0033241362 -0.000667145241
f 4921 4923 4922
v 0.00274220183 -0.00281502271 -0.000847185038
v 0.00282325145 -0.00282403398 -0.000360080594
v 0.00282404453 -0.0026213942 -0.000605398964
f 4924 4926 4925
v 0.00292966051 -0.00555128281 -0.000444491161
v 0.00286995146 -0.0043374188 -0.0014258153
v 0.00310099422 -0.00581080967 -0.00127163576
f 4927 4929 4928
v 0.00185132631 -0.0026805672 -0.0033192111
v 0.00194620225 -0.00257638567 -0.00318218808
v 0.00201618241 -0.0025410347 -0.00318844905
f 4930 4932 4931
v 0.00231161903 -0.0037598129 0.000814017039
v 0.00232158836 -0.00380060992 0.000836993786
v 0.0023625922 -0.00375767959 0.000819930574
f 4933 4935 4934
v 0.00231161903 -0.0037598129 0.000814017039
v 0.0023625922 -0.00375767959 0.000819930574
v 0.00234914896 -0.00373354596 0.000777951209
f 4936 4938 4937
v 0.00154502777 -0.00217433153 -0.00297393944
v 0.00196050369 -0.00250995108 -0.00307982264
v 0.00189796447 -0.00233245046 -0.00300820975
f 4939 4941 4940
v -0.00143652114 -0.00246791424 -0.000859164447
v -0.000817027376 -0.00202687133 -0.00169296018
v -0.000543517353 -0.0021439364 -0.00114599807
f 4942 4944 4943
v -0.000817164528 -0.00375869204 0.000888388422
v -0.000162070933 -0.00311015392 0.000262371759
v 0.0010500461 -0.00393197224 0.00121278936
f 4945 4947 4946
v -0.00188918002 -0.0046036901 0.000798335896
v -0.00188874892 -0.00459945331 0.000801330316
v -0.00142018034 -0.00470870982 0.00127179501
f 4948 4950 4949
v -0.00142018034 -0.00470870982 0.00127179501
v -0.00188874892 -0.00459945331 0.000801330316
v -0.00169406521 -0.00422844714 0.000882896711
f 4951 4953 4952
v -0.000780492155 -0.00495211716 0.00170462554
v -0.000963400089 -0.00456129674 0.00165584006
v -0.000510089558 -0.00468221115 0.00189348575
f 4954 4956 4955
v -0.00188918002 -0.0046036901 0.000798335896
v -0.00188874892 -0.00459945331 0.000801330316
v -0.00196390265 -0.00460036281 0.000711477514
f 4957 4959 4958
v -0.00174133584 -0.00633541131 0.000642985469
v -0.00118085873 -0.00711592584 0.000818701301
v -0.0020801428 -0.00682409009 -0.000149536675
f 4960 4962 4961
v -0.00242163351 -0.00673360046 -0.000741291842
v -0.0020801428 -0.00682409009 -0.000149536675
v -0.00257415359 -0.00743292403 -0.000565187474
f 4963 4965 4964
v 0.00232134062 -0.00328334463 0.00037042264
v 0.00266538518 -0.00326504851 0.000159077797
v 0.00244011662 -0.00353755349 0.000548863864
f 4966 4968 4967
v 0.00234914896 -0.00373354596 0.000777951209
v 0.00244011662 -0.00353755349 0.000548863864
v 0.00232158836 -0.00380060992 0.000836993786
f 4969 4971 4970
v 0.00231161903 -0.0037598129 0.000814017039
v 0.00234914896 -0.00373354596 0.000777951209
v 0.00230980258 -0.003756976 0.000862403795
f 4972 4974 4973
v 0.000261004834 -0.00450513253 0.00190534447
v 0.000324686175 -0.00452822351 0.00191984291
v 0.000288029059 -0.00457838833 0.00193682099
f 4975 4977 4976
v 0.000261004834 -0.00450513253 0.00190534447
v 0.000288029059 -0.00457838833 0.00193682099
v 0.000190602009 -0.00452861059 0.00192266925
f 4978 4980 4979
v 0.00184336259 -0.00480553463 0.00134473503
v 0.0016455886 -0.00541288064 0.00143462803
v 0.00146244256 -0.00456224116 0.00166124846
f 4981 4983 4982
v 0.00244011662 -0.00353755349 0.000548863864
v 0.0023974515 -0.00360044905 0.000552551865
v 0.00232158836 -0.00380060992 0.000836993786
f 4984 4986 4985
v 0.0002656481 -0.0157546281 -0.0036830068
v 0.00088660081 -0.0160979631 -0.00366454406
v 0.00123224418 -0.0151691449 -0.00369540576
f 4987 4989 4988
v 0.0002656481 -0.0157546281 -0.0036830068
v 0.00123224418 -0.0151691449 -0.00369540576
v 0.000366530435 -0.0151574946 -0.00374108131
f 4990 4992 4991
v 0.000323323206 -0.00455499394 0.00192011175
v 0.000324686175 -0.00452822351 0.00191984291
v 0.000261004834 -0.00450513253 0.00190534447
f 4993 4995 4994
v 0.00018910896 -0.00455577538 0.0019236013
v 0.000190602009 -0.00452861059 0.00192266925
v 0.0001169396 -0.00451307642 0.00190395367
f 4996 4998 4997
v 0.000323323206 -0.00455499394 0.00192011175
v 0.000261004834 -0.00450513253 0.00190534447
v 0.000423584015 -0.00449593426 0.00186427133
f 4999 5001 5000
v 0.000261004834 -0.00450513253 0.00190534447
v 0.0001169396 -0.00451307642 0.00190395367
v 0.000423584015 -0.00449593426 0.00186427133
f 5002 5004 5003
v -2.28416468e-05 -0.00462973621 0.00194237837
v 0.000190602009 -0.00452861059 0.00192266925
v 0.00018910896 -0.00455577538 0.0019236013
f 5005 5007 5006
v 0.000523514882 -0.00462695389 0.00192586122
v 0.000324686175 -0.00452822351 0.00191984291
v 0.000423584015 -0.00449593426 0.00186427133
f 5008 5010 5009
v -2.28416468e-05 -0.00462973621 0.00194237837
v 0.000523514882 -0.00462695389 0.00192586122
v 0.000231098784 -0.00505305798 0.00186010875
f 5011 5013 5012
v 0.00330361727 -0.00783962532 -0.000250756989
v 0.0033646771 -0.00791174025 -0.000857507075
v 0.00350914124 -0.00843111702 -7.41261033e-05
f 5014 5016 5015
v 0.00330361727 -0.00783962532 -0.000250756989
v 0.0031671836 -0.00728085797 -0.000298694545
v 0.0033646771 -0.00791174025 -0.000857507075
f 5017 5019 5018
v -0.00111465215 -0.00884307228 0.00101968544
v -0.00121779367 -0.00776399393 0.000751196785
v -0.00047933454 -0.00820061832 0.00108032618
f 5020 5022 5021
v 0.000337369443 -0.00548168173 -0.00394951421
v 0.000114596105 -0.00677658973 -0.00386877364
v 0.00151640679 -0.00652662711 -0.00372664799
f 5023 5025 5024
v -0.000464385403 -0.00796427048 -0.00388980116
v 0.000114596105 -0.00677658973 -0.00386877364
v -0.00046105215 -0.00692734757 -0.00370516791
f 5026 5028 5027
v -0.000889532384 -0.00825442403 -0.00370038033
v -0.00046105215 -0.00692734757 -0.00370516791
v -0.00124464768 -0.00760035473 -0.00327316156
f 5029 5031 5030
v 0.00187936985 -0.00678234428 -0.00349450711
v 0.00151640679 -0.00652662711 -0.00372664799
v 0.0016654345 -0.0079303114 -0.00358996986
f 5032 5034 5033
v -0.000889532384 -0.00825442403 -0.00370038033
v -0.00124464768 -0.00760035473 -0.00327316156
v -0.00145558843 -0.00819292472 -0.0030627365
f 5035 5037 5036
v -0.00317302474 -0.00801085916 -0.0020516216
v -0.00293834237 -0.00818892804 -0.00178948048
v -0.0029596933 -0.00834333478 -0.00214469801
f 5038 5040 5039
v -0.0029596933 -0.00834333478 -0.00214469801
v -0.0027817714 -0.00830032222 -0.00185861845
v -0.00266650495 -0.00828195043 -0.00216536864
f 5041 5043 5042
v -0.00218261484 -0.00826157702 -0.00142509452
v -0.001894036 -0.00783296127 -0.00204692406
v -0.00232058082 -0.00809531339 -0.00177264719
f 5044 5046 5045
v -0.00184116743 -0.0100764046 -0.00133406193
v -0.00182164058 -0.0100120094 -0.00180240895
v -0.00185644931 -0.00934430645 -0.00165462261
f 5047 5049 5048
v -0.00202174379 -0.0073081821 -0.00286501672
v -0.00242840106 -0.00746131627 -0.00265383314
v -0.00209747304 -0.00784827207 -0.00235565494
f 5050 5052 5051
v -0.00154235731 -0.01096958 -0.0027345839
v -0.00184775072 -0.0105615276 -0.00250015764
v -0.00166994541 -0.0109278131 -0.00228668578
f 5053 5055 5054
v -0.0010017875 -0.0102841048 -0.00315550424
v -0.00154235731 -0.01096958 -0.0027345839
v -0.000908038874 -0.0118027252 -0.00324291395
f 5056 5058 5057
v 0.00296711714 -0.00733270645 -0.00234808103
v 0.00302074968 -0.00639969585 -0.00197499303
v 0.00250107751 -0.00656960838 -0.0028708866
f 5059 5061 5060
v 0.00129714417 -0.00281509583 -0.00367268731
v 0.000892932439 -0.0027376891 -0.00367184111
v 0.00130031358 -0.00327382259 -0.00357983954
f 5062 5064 5063
v -0.00222404869 -0.0082310813 -0.000323764584
v -0.00192879725 -0.00785143566 -9.92615199e-06
v -0.00190457213 -0.00875408514 0.000451722735
f 5065 5067 5066
v -0.00190457213 -0.00875408514 0.000451722735
v -0.0014218469 -0.00916396821 0.000847827141
v -0.00187399564 -0.00929034213 0.000357683325
f 5068 5070 5069
v -0.00185969657 -0.00963634157 -0.000368745282
v -0.00173507669 -0.00982146885 -0.000134940478
v -0.0019436804 -0.00997081443 -0.000982256552
f 5071 5073 5072
v -0.00159485771 -0.0119787415 -0.00167371527
v -0.00175112673 -0.0121468867 -0.00226341617
v -0.00159193696 -0.0113468792 -0.00233908468
f 5074 5076 5075
v -0.00159193696 -0.0113468792 -0.00233908468
v -0.00175112673 -0.0121468867 -0.00226341617
v -0.00169818995 -0.0125054125 -0.00259185654
f 5077 5079 5078
v -0.00169818995 -0.0125054125 -0.00259185654
v -0.00172776981 -0.0125405597 -0.00206357963
v -0.00159222018 -0.0132087021 -0.00239387919
f 5080 5082 5081
v -0.00163555324 -0.0100375175 2.40350015e-06
v -0.0014530021 -0.0106299252 0.000561666639
v -0.00158957228 -0.010808857 0.000411578912
f 5083 5085 5084
v -0.00158957228 -0.010808857 0.000411578912
v -0.00172618093 -0.0111976209 -0.00102123286
v -0.00197033514 -0.0104352766 -0.00102174454
f 5086 5088 5087
v -0.00172618093 -0.0111976209 -0.00102123286
v -0.00166293521 -0.0116230229 -0.000396846326
v -0.00178773698 -0.0118727963 -0.00109159664
f 5089 5091 5090
v -0.00159485771 -0.0119787415 -0.00167371527
v -0.00153214878 -0.0107466192 -0.00155892303
v -0.00178773698 -0.0118727963 -0.00109159664
f 5092 5094 5093
v -0.00166293521 -0.0116230229 -0.000396846326
v -0.00211973402 -0.0128580985 -0.000579421612
v -0.00210471244 -0.0126987463 -0.000823212758
f 5095 5097 5096
v -0.00213344465 -0.0134705057 -0.000805406671
v -0.00172046566 -0.0134827496 -0.00134861357
v -0.00209178143 -0.0131437453 -0.00104132496
f 5098 5100 5099
v -0.00187330224 -0.014185402 -0.000917029502
v -0.00193374362 -0.0138254414 -0.000845997783
v -0.00183895845 -0.0143162877 -0.000436649179
f 5101 5103 5102
v 0.00308357558 -0.0133033856 -0.00253009257
v 0.00219043177 -0.012802759 -0.00341743726
v 0.00274811482 -0.0135703638 -0.00309464594
f 5104 5106 5105
v -0.00150560472 -0.0198147769 -0.00276880219
v -0.00162599918 -0.0203458039 -0.00254958286
v -0.00159246738 -0.0204835233 -0.00268102558
f 5107 5109 5108
v -0.00150560472 -0.0198147769 -0.00276880219
v -0.00159246738 -0.0204835233 -0.00268102558
v -0.00151598688 -0.0203445874 -0.00285685073
f 5110 5112 5111
v -0.00163846689 -0.0139652882 -0.00158919229
v -0.00162958167 -0.0146161765 -0.00237578788
v -0.00165853035 -0.0142326986 -0.0025493664
f 5113 5115 5114
v -0.00145652739 -0.0148599938 -0.00277515173
v -0.00165853035 -0.0142326986 -0.0025493664
v -0.00162958167 -0.0146161765 -0.00237578788
f 5116 5118 5117
v -0.00124014714 -0.0156676833 -0.00184765486
v -0.00132737896 -0.0155294823 -0.00160100317
v -0.00123406171 -0.015731898 -0.00153978981
f 5119 5121 5120
v -0.000986271789 -0.0168857368 -0.00144270816
v -0.00114645782 -0.0162187804 -0.00160236777
v -0.00113120886 -0.0164418801 -0.00121279345
f 5122 5124 5123
v -0.00142294666 -0.0154680049 -0.00277741019
v -0.00124014714 -0.0156676833 -0.00184765486
v -0.00142153031 -0.016053766 -0.00271652825
f 5125 5127 5126
v -0.00142294666 -0.0154680049 -0.00277741019
v -0.000841844849 -0.0150449021 -0.00314705103
v -0.00145652739 -0.0148599938 -0.00277515173
f 5128 5130 5129
v -0.00205861015 -0.0157358212 -0.000783323412
v -0.00192232819 -0.0160890108 -0.000970937072
v -0.00212343784 -0.0154911657 -0.00116655774
f 5131 5133 5132
v -0.00200717222 -0.015696988 -0.00131714805
v -0.00212343784 -0.0154911657 -0.00116655774
v -0.00192232819 -0.0160890108 -0.000970937072
f 5134 5136 5135
v -0.00136683811 -0.017645258 -0.00259770677
v -0.00128832289 -0.0166999656 -0.00236103588
v -0.00139831272 -0.0177900234 -0.00222557428
f 5137 5139 5138
v -0.000813310817 -0.0190102437 -0.00311116455
v -0.000297488032 -0.0186360514 -0.00345240624
v -0.000827973236 -0.0182840769 -0.00306495422
f 5140 5142 5141
v 0.0021428832 -0.00755393194 0.00131432098
v 0.0026701262 -0.0068283618 0.000786980854
v 0.00286598734 -0.00806009484 0.00073637384
f 5143 5145 5144
v 0.00205278757 -0.00832881269 0.00130327699
v 0.0026926069 -0.00887478673 0.00101790029
v 0.00235284588 -0.00934498748 0.00124816652
f 5146 5148 5147
v 0.00305524227 -0.0133167137 0.000654023415
v 0.00332325944 -0.0125697232 0.000547282752
v 0.00333663993 -0.0133790498 0.000177203833
f 5149 5151 5150
v 0.00357675235 -0.0132225832 -0.00101637934
v 0.00337336242 -0.0148626525 0.000483615759
v 0.00333663993 -0.0133790498 0.000177203833
f 5152 5154 5153
v 0.00300492411 -0.0145623242 0.00104215706
v 0.00337336242 -0.0148626525 0.000483615759
v 0.00346248271 -0.0160881827 5.01626971e-05
f 5155 5157 5156
v -0.000850659035 -0.0129168475 0.000902644751
v -0.000915033706 -0.0122298079 0.000932315197
v -0.000381010909 -0.0127438805 0.00119289343
f 5158 5160 5159
v 0.00293273933 -0.016353908 -0.00267605574
v 0.00201001785 -0.0153186818 -0.00340560764
v 0.00186755333 -0.0162762532 -0.00345029403
f 5161 5163 5162
v 0.00367510802 -0.0151976303 -0.000595040137
v 0.00355879383 -0.014467744 -0.000882953009
v 0.00362925639 -0.0150411652 -0.00122654701
f 5164 5166 5165
v 0.00311503391 -0.0168011844 -0.00248770812
v 0.00337938618 -0.0160479394 -0.00228533936
v 0.00293273933 -0.016353908 -0.00267605574
f 5167 5169 5168
v 0.00337938618 -0.0160479394 -0.00228533936
v 0.00263074035 -0.0153191708 -0.00313880446
v 0.00293273933 -0.016353908 -0.00267605574
f 5170 5172 5171
v 0.00288683405 -0.0175848152 -0.00250850735
v 0.00311503391 -0.0168011844 -0.00248770812
v 0.0018995428 -0.0176053843 -0.00349659313
f 5173 5175 5174
v 0.00297848328 -0.0187333237 -0.00248436154
v 0.00284991365 -0.018044551 -0.00244697767
v 0.00258109358 -0.0184112519 -0.00281760349
f 5176 5178 5177
v 0.00288683405 -0.0175848152 -0.00250850735
v 0.0018995428 -0.0176053843 -0.00349659313
v 0.00205866108 -0.0181070442 -0.00341906889
f 5179 5181 5180
v -0.00165527654 -0.0163056247 -0.000279060737
v -0.00144134628 -0.0165014208 0.000672320448
v -0.001460569 -0.0167054677 8.23265168e-05
f 5182 5184 5183
v -0.001460569 -0.0167054677 8.23265168e-05
v -0.00110913024 -0.0169754712 0.000560878789
v -0.00159618958 -0.0172558895 -9.10892936e-05
f 5185 5187 5186
v -0.00111756272 -0.0177678099 -0.00104004521
v -0.00130150074 -0.0185026729 -0.000397094709
v -0.00106052694 -0.0185069148 -0.00144759542
f 5188 5190 5189
v -0.000916190584 -0.0178294853 0.000654014684
v -0.000447434059 -0.0173681328 0.00108794648
v -0.0006649429 -0.0186375255 0.000804372212
f 5191 5193 5192
v -0.000813310817 -0.0190102437 -0.00311116455
v -0.00150560472 -0.0198147769 -0.00276880219
v -0.00151598688 -0.0203445874 -0.00285685073
f 5194 5196 5195
v 0.00320772815 -0.0198689027 0.000301956561
v 0.00316910664 -0.0189234852 0.000450861944
v 0.0033191609 -0.0190795487 7.50132699e-05
f 5197 5199 5198
v 0.00320772815 -0.0198689027 0.000301956561
v 0.0033191609 -0.0190795487 7.50132699e-05
v 0.0034514429 -0.0195111177 -0.000535733261
f 5200 5202 5201
v -0.00121895173 -0.0192749896 -0.00191560175
v -0.00109545945 -0.0196101726 -0.00146109405
v -0.00120849882 -0.0197419897 -0.00183024404
f 5203 5205 5204
v -0.00111543113 -0.0206973869 -0.00212400773
v -0.000976130013 -0.0203645031 -0.0017631246
v -0.000995288428 -0.0211149847 -0.00192936368
f 5206 5208 5207
v -0.00162599918 -0.0203458039 -0.00254958286
v -0.00120849882 -0.0197419897 -0.00183024404
v -0.000976130013 -0.0203645031 -0.0017631246
f 5209 5211 5210
v -0.00155483867 -0.0197178859 -0.000318806588
v -0.00155806301 -0.0195117376 -0.000296526969
v -0.00128826214 -0.0200949638 -0.000266525285
f 5212 5214 5213
v 0.00304489422 -0.0175450521 0.000993635331
v 0.00295649661 -0.0167794395 0.000911280949
v 0.0031838943 -0.0174558867 0.000866241135
f 5215 5217 5216
v 0.00304489422 -0.0175450521 0.000993635331
v 0.0031838943 -0.0174558867 0.000866241135
v 0.00316910664 -0.0189234852 0.000450861944
f 5218 5220 5219
v 0.00018215253 -0.0168340455 0.00135090322
v 0.00135789305 -0.0183630036 0.00137264524
v 0.000345858643 -0.0184612087 0.00122003858
f 5221 5223 5222
v -0.000549097058 -0.0208348036 0.00107077522
v -0.000519190144 -0.0216813263 0.000902664397
v -0.00115287903 -0.0213388121 0.000446090189
f 5224 5226 5225
v -0.000549097058 -0.0208348036 0.00107077522
v -0.00115287903 -0.0213388121 0.000446090189
v -0.00083414543 -0.0206616533 0.000829115925
f 5227 5229 5228
v 0.0034514429 -0.0195111177 -0.000535733261
v 0.00358448233 -0.0205703749 -0.000140948987
v 0.00320772815 -0.0198689027 0.000301956561
f 5230 5232 5231
v -0.00126396671 -0.0254205836 0.000530039642
v -0.000802051272 -0.0257990847 1.87487181e-06
v -0.00125740744 -0.0254773069 -0.000297717224
f 5233 5235 5234
v -0.00126396671 -0.0254205836 0.000530039642
v -0.00125740744 -0.0254773069 -0.000297717224
v -0.0015681715 -0.0251691439 9.87066869e-05
f 5236 5238 5237
v 0.00108072363 -0.0201306102 0.00147785267
v 0.00118890512 -0.0188845152 0.00144711976
v 0.00178966166 -0.0206214929 0.00142947629
f 5239 5241 5240
v -0.00116568835 -0.0217868743 0.000510654309
v -0.000446369313 -0.0223533134 0.000938467201
v -0.000834190632 -0.0224061412 0.000544745626
f 5242 5244 5243
v -0.00107875949 -0.0209305639 -0.00237036329
v -0.000995288428 -0.0211149847 -0.00192936368
v -0.00100268235 -0.0211559556 -0.0026584612
f 5245 5247 5246
v -0.00106140669 -0.0226234508 -0.00311366457
v -0.000897193058 -0.0219182737 -0.00310649957
v -0.00138844271 -0.0224938776 -0.00263909023
f 5248 5250 5249
v 0.00122756564 -0.0228358811 -0.00378628247
v 0.00031955542 -0.0238841487 -0.00349906149
v 0.00143229036 -0.0241974922 -0.00354812219
f 5251 5253 5252
v -0.00170925468 -0.0242826296 -0.00317736194
v -0.00173668195 -0.0237292377 -0.00308765557
v -0.00191148101 -0.0246009207 -0.00310985997
f 5254 5256 5255
v -0.00170925468 -0.0242826296 -0.00317736194
v -0.00141462724 -0.0246264361 -0.00283148329
v -0.00129837099 -0.0240640744 -0.00314463978
f 5257 5259 5258
v -0.00141462724 -0.0246264361 -0.00283148329
v -0.00170925468 -0.0242826296 -0.00317736194
v -0.00191148101 -0.0246009207 -0.00310985997
f 5260 5262 5261
v -0.00129837099 -0.0240640744 -0.00314463978
v -0.00141462724 -0.0246264361 -0.00283148329
v -0.00112453308 -0.0246387528 -0.00293875382
f 5263 5265 5264
v -0.000228695535 -0.0248684315 -0.00331815827
v -0.000771114628 -0.0250151235 -0.00311276162
v -0.000651039636 -0.0250381738 -0.00293376543
f 5266 5268 5267
v -0.000651039636 -0.0250381738 -0.00293376543
v -0.000771114628 -0.0250151235 -0.00311276162
v -0.00100786447 -0.025002216 -0.00291802935
f 5269 5271 5270
v -0.00112453308 -0.0246387528 -0.00293875382
v -0.00100786447 -0.025002216 -0.00291802935
v -0.000771114628 -0.0250151235 -0.00311276162
f 5272 5274 5273
v -5.77947048e-05 -0.0248610333 -0.00337461097
v -5.2745736e-05 -0.0248885306 -0.00339251783
v -0.000228695535 -0.0248684315 -0.00331815827
f 5275 5277 5276
v 0.0012046421 -0.0259737018 -5.97185647e-05
v 0.000595085976 -0.0261051435 -0.000846352214
v 0.000560605577 -0.0260430737 -3.02789488e-05
f 5278 5280 5279
v 0.00234321378 -0.0248164928 -0.00270060573
v 0.00253629205 -0.0245885109 -0.00280475906
v 0.00242772385 -0.0247321674 -0.00292429231
f 5281 5283 5282
v 0.00271737081 -0.0248359283 -0.00222849812
v 0.00300311531 -0.0244940864 -0.00203467207
v 0.00279783362 -0.0247506308 -0.0024397892
f 5284 5286 5285
v 0.00253629205 -0.0245885109 -0.00280475906
v 0.00271737081 -0.0248359283 -0.00222849812
v 0.00279783362 -0.0247506308 -0.0024397892
f 5287 5289 5288
v 0.00107009228 -0.0248604629 -0.00358796169
v 0.00107171436 -0.0248763186 -0.00359964179
v 0.000984998042 -0.024891767 -0.00358744655
f 5290 5292 5291
v 0.001181682 -0.0248338038 -0.00359335245
v 0.00107171436 -0.0248763186 -0.00359964179
v 0.00112870193 -0.024877087 -0.00356019591
f 5293 5295 5294
v 0.000132767605 -0.0248805445 -0.00345775625
v 1.76750248e-05 -0.0249054399 -0.00339274229
v 0.000242839656 -0.0249142293 -0.00347399473
f 5296 5298 5297
v 0.00070709857 -0.0248953671 -0.00358091638
v 0.000215455088 -0.0248468074 -0.00351321141
v 0.000242839656 -0.0249142293 -0.00347399473
f 5299 5301 5300
v 0.000132767605 -0.0248805445 -0.00345775625
v 0.000134165043 -0.0248900964 -0.00346501547
v 1.76750248e-05 -0.0249054399 -0.00339274229
f 5302 5304 5303
v 1.76750248e-05 -0.0249054399 -0.00339274229
v -5.77947048e-05 -0.0248610333 -0.00337461097
v -0.000228695535 -0.0248684315 -0.00331815827
f 5305 5307 5306
v 6.44885176e-05 -0.0248688564 -0.00345831686
v -5.2745736e-05 -0.0248885306 -0.00339251783
v 1.76750248e-05 -0.0249054399 -0.00339274229
f 5308 5310 5309
v -0.00177809306 -0.0224453484 -0.000646654235
v -0.00174364141 -0.0225184485 -0.000952350274
v -0.00180060888 -0.0220415444 -0.000638929487
f 5311 5313 5312
v -0.00177809306 -0.0224453484 -0.000646654235
v -0.00180060888 -0.0220415444 -0.000638929487
v -0.00137839852 -0.0219145659 -9.64643277e-05
f 5314 5316 5315
v -0.00202276242 -0.0247405871 -0.00291213855
v -0.00199192582 -0.0246247189 -0.00268861804
v -0.0019228095 -0.0246184296 -0.00253486614
f 5317 5319 5318
v -0.00199192582 -0.0246247189 -0.00268861804
v -0.00200029881 -0.0246295123 -0.00268313197
v -0.0019228095 -0.0246184296 -0.00253486614
f 5320 5322 5321
v -0.00207675239 -0.0246164855 -0.002843724
v -0.00200029881 -0.0246295123 -0.00268313197
v -0.00202276242 -0.0247405871 -0.00291213855
f 5323 5325 5324
v -0.00200029881 -0.0246295123 -0.00268313197
v -0.00199192582 -0.0246247189 -0.00268861804
v -0.00203956333 -0.0243259565 -0.00268738404
f 5326 5328 5327
v -0.00125607485 -0.025215483 -0.0017510014
v -0.0015384061 -0.024761958 -0.000797095618
v -0.00136202307 -0.0250796555 -0.000898116923
f 5329 5331 5330
v 0.000327777821 -0.026052451 0.000643868725
v 0.00107413434 -0.0257796026 0.000807627021
v 0.00162426841 -0.0258201966 0.000414966735
f 5332 5334 5333
v 0.000327777821 -0.026052451 0.000643868725
v 0.00162426841 -0.0258201966 0.000414966735
v 0.000753314089 -0.0260967237 0.000350242908
f 5335 5337 5336
v -0.00130231747 -0.024729807 0.00101785836
v -0.00122156425 -0.0252998027 0.000826859741
v -0.00148658137 -0.0251638179 0.000485311057
f 5338 5340 5339
v -0.00126396671 -0.0254205836 0.000530039642
v -0.0015681715 -0.0251691439 9.87066869e-05
v -0.00148658137 -0.0251638179 0.000485311057
f 5341 5343 5342
v 0.00278063035 -0.0251931371 -6.43607109e-05
v 0.00162426841 -0.0258201966 0.000414966735
v 0.00228280132 -0.0254968967 0.000317126387
f 5344 5346 5345
v 0.00313514684 -0.0245478877 -0.00157322029
v 0.00268356252 -0.0251691788 -0.00166313112
v 0.00315610305 -0.0248794619 -0.00118351409
f 5347 5349 5348
v 0.00315610305 -0.0248794619 -0.00118351409
v 0.00268356252 -0.0251691788 -0.00166313112
v 0.00309652169 -0.0250916462 -0.000811365953
f 5350 5352 5351
v 0.000560605577 -0.0260430737 -3.02789488e-05
v 0.000327777821 -0.026052451 0.000643868725
v 0.000753314089 -0.0260967237 0.000350242908
f 5353 5355 5354
v 0.000327777821 -0.026052451 0.000643868725
v -0.00052644632 -0.0256239495 0.000838645701
v 0.000252814812 -0.0256811094 0.00123349264
f 5356 5358 5357
v -0.000404363527 -0.0249887235 0.00139049616
v -0.00052644632 -0.0256239495 0.000838645701
v -0.00101217338 -0.0251096266 0.00115451812
f 5359 5361 5360
v 0.00367510802 -0.0151976303 -0.000595040137
v 0.00346248271 -0.0160881827 5.01626971e-05
v 0.00337336242 -0.0148626525 0.000483615759
f 5362 5364 5363
v -0.00206815221 -0.0152067296 -0.00138502364
v -0.00187330224 -0.014185402 -0.000917029502
v -0.00206806417 -0.0150609776 -0.000895657831
f 5365 5367 5366
v 0.00205866108 -0.0181070442 -0.00341906889
v 0.0018995428 -0.0176053843 -0.00349659313
v 0.00161595926 -0.0189510756 -0.00352038187
f 5368 5370 5369
