# FlyGym 1.2.1 STL; B(x,y,z)=(x,z,y); winding reversed
v -0.00368418405 -0.0238178094 -0.000327775888
v -0.00355319462 -0.0221909315 -0.00106519474
v -0.00400824974 -0.0227440119 -0.000481993357
f 1 3 2
v -0.00421648983 -0.0212650528 -0.00085155425
v -0.00399011042 -0.0219298119 -0.000482678206
v -0.00355319462 -0.0221909315 -0.00106519474
f 4 6 5
v -0.00317126942 -0.0215561959 -0.0013395007
v -0.00410382963 -0.0212681232 -0.00102105059
v -0.00355319462 -0.0221909315 -0.00106519474
f 7 9 8
v -0.00362544451 -0.0193949658 -0.000987993553
v -0.00244095845 -0.0184072254 -0.00151531749
v -0.00368200199 -0.0181438765 -0.00105926465
f 10 12 11
v -0.00397550466 -0.0292035722 0.00183193461
v -0.00350251212 -0.0284500653 0.000693195489
v -0.00365826127 -0.0280687207 0.00169073992
f 13 15 14
v -0.00365826127 -0.0280687207 0.00169073992
v -0.00399979872 -0.0296212034 0.00195977082
v -0.00397550466 -0.0292035722 0.00183193461
f 16 18 17
v -0.00384336927 -0.0274575228 0.00170127205
v -0.0033974 -0.0271636178 0.00225862659
v -0.00365826127 -0.0280687207 0.00169073992
f 19 21 20
v -0.00232060393 -0.0280970038 0.00306881775
v -0.00299570547 -0.0293633144 0.00263272232
v -0.00399979872 -0.0296212034 0.00195977082
f 22 24 23
v -0.00266391071 -0.026984993 0.00293296671
v -0.00399979872 -0.0296212034 0.00195977082
v -0.0033974 -0.0271636178 0.00225862659
f 25 27 26
v -0.00369352601 -0.0240552399 0.000833084232
v -0.00361223829 -0.0258298503 3.41911857e-05
v -0.00366671229 -0.0247278571 -0.000487985926
f 28 30 29
v -0.00369352601 -0.0240552399 0.000833084232
v -0.0036786194 -0.0264566508 0.000762077161
v -0.00361223829 -0.0258298503 3.41911857e-05
f 31 33 32
v -0.0041484589 -0.0262214802 0.00189161092
v -0.00406785621 -0.0272581674 0.00164539233
v -0.0036786194 -0.0264566508 0.000762077161
f 34 36 35
v -0.00311292242 -0.0262952293 0.00247926564
v -0.0033974 -0.0271636178 0.00225862659
v -0.00375417148 -0.0267853233 0.00226774682
f 37 39 38
v -0.00367225693 -0.024418984 0.00219922113
v -0.00365752021 -0.0259147055 0.00226349948
v -0.0040072362 -0.0258356886 0.00170153071
f 40 42 41
v -0.00365752021 -0.0259147055 0.00226349948
v -0.00311292242 -0.0262952293 0.00247926564
v -0.00375417148 -0.0267853233 0.00226774682
f 43 45 44
v -0.00369352601 -0.0240552399 0.000833084232
v -0.00374121046 -0.0230494799 0.000717303192
v -0.00402402911 -0.023481829 0.00177934362
f 46 48 47
v -0.00367225693 -0.024418984 0.00219922113
v -0.00241332327 -0.0233700033 0.00301075888
v -0.00250880075 -0.02496081 0.0031047326
f 49 51 50
v -0.00367225693 -0.024418984 0.00219922113
v -0.00372185714 -0.0235022846 0.00215560904
v -0.00241332327 -0.0233700033 0.00301075888
f 52 54 53
v -0.00250880075 -0.02496081 0.0031047326
v -0.00311292242 -0.0262952293 0.00247926564
v -0.00365752021 -0.0259147055 0.00226349948
f 55 57 56
v -0.00385933126 -0.0220458256 0.000525093219
v -0.0043051823 -0.0219339214 0.00160748277
v -0.0039959752 -0.0225143478 0.00179502567
f 58 60 59
v -0.0041080184 -0.0212614745 0.00127618787
v -0.00411801702 -0.0215103966 0.00190447172
v -0.0043051823 -0.0219339214 0.00160748277
f 61 63 62
v -0.0039959752 -0.0225143478 0.00179502567
v -0.00372185714 -0.0235022846 0.00215560904
v -0.00402402911 -0.023481829 0.00177934362
f 64 66 65
v -0.00298610266 -0.0222327333 0.00272844936
v -0.00372185714 -0.0235022846 0.00215560904
v -0.0039959752 -0.0225143478 0.00179502567
f 67 69 68
v -0.0039212453 -0.0211309656 0.00187737569
v -0.00235847856 -0.0207488207 0.00289692125
v -0.00298610266 -0.0222327333 0.00272844936
f 70 72 71
v -0.00400262543 -0.0199250659 0.00154511054
v -0.00338020036 -0.0197435336 0.00236201922
v -0.0039212453 -0.0211309656 0.00187737569
f 73 75 74
v -0.00400263452 -0.0203477612 0.000733415482
v -0.00412868903 -0.0193169049 -0.000276443825
v -0.00400262543 -0.0199250659 0.00154511054
f 76 78 77
v -0.00412868903 -0.0193169049 -0.000276443825
v -0.00439728501 -0.0181866781 0.00139427648
v -0.00400262543 -0.0199250659 0.00154511054
f 79 81 80
v -0.00400263452 -0.0203477612 0.000733415482
v -0.00400262543 -0.0199250659 0.00154511054
v -0.0041080184 -0.0212614745 0.00127618787
f 82 84 83
v -0.00239189249 -0.0197152811 0.00284260477
v -0.00235847856 -0.0207488207 0.00289692125
v -0.00338020036 -0.0197435336 0.00236201922
f 85 87 86
v -0.00380091369 -0.0195217828 0.00195841276
v -0.00400262543 -0.0199250659 0.00154511054
v -0.00439728501 -0.0181866781 0.00139427648
f 88 90 89
v -0.00399011042 -0.0219298119 -0.000482678206
v -0.00374121046 -0.0230494799 0.000717303192
v -0.00400824974 -0.0227440119 -0.000481993357
f 91 93 92
v -0.00120764471 -0.0201862174 -0.00147177034
v -0.0021848311 -0.0231567523 -0.00147178871
v -0.00141710952 -0.0242413545 -0.00141317105
f 94 96 95
v -0.00120764471 -0.0201862174 -0.00147177034
v -0.00241980542 -0.0215177148 -0.00160170821
v -0.0021848311 -0.0231567523 -0.00147178871
f 97 99 98
v -0.00241980542 -0.0215177148 -0.00160170821
v -0.00227283217 -0.0206783327 -0.00153778437
v -0.00317126942 -0.0215561959 -0.0013395007
f 100 102 101
v -0.00120764471 -0.0201862174 -0.00147177034
v -0.00227283217 -0.0206783327 -0.00153778437
v -0.00241980542 -0.0215177148 -0.00160170821
f 103 105 104
v -0.00120764471 -0.0201862174 -0.00147177034
v -0.000548084017 -0.0194701133 -0.00144706937
v -0.00201708081 -0.0195172601 -0.00158845669
f 106 108 107
v 0.00074395557 -0.019891969 -0.000140895372
v -0.000548084017 -0.0194701133 -0.00144706937
v -0.000469562156 -0.0202949508 -0.00120089117
f 109 111 110
v -0.00442667224 -0.0330237119 -0.00123955124
v -0.00446256709 -0.0330408191 -0.00104355058
v -0.00420743454 -0.0329719973 -0.00134159509
f 112 114 113
v -0.00367897155 -0.0327486166 -0.00129177934
v -0.00303988618 -0.0327321672 -0.00162329179
v -0.00374633382 -0.0325137487 -0.00121635712
f 115 117 116
v -0.00367897155 -0.0327486166 -0.00129177934
v -0.00339689468 -0.0329377857 -0.00106084954
v -0.00303988618 -0.0327321672 -0.00162329179
f 118 120 119
v -0.0039141858 -0.0322586624 -0.00122944948
v -0.00374633382 -0.0325137487 -0.00121635712
v -0.00303988618 -0.0327321672 -0.00162329179
f 121 123 122
v -0.00363817708 -0.0314637931 -0.0010287722
v -0.00394064919 -0.0315851328 -0.000561121851
v -0.00430945947 -0.0324398134 -0.000774188175
f 124 126 125
v -0.00374633382 -0.0325137487 -0.00121635712
v -0.0039141858 -0.0322586624 -0.00122944948
v -0.00408500928 -0.0325446716 -0.00128051142
f 127 129 128
v -0.00430945947 -0.0324398134 -0.000774188175
v -0.00377578945 -0.0325932022 -0.00104209666
v -0.00446256709 -0.0330408191 -0.00104355058
f 130 132 131
v -0.00323003187 -0.0333143777 -0.000116779108
v -0.00357336321 -0.0322688575 0.00121452977
v -0.00336528537 -0.0334343902 0.000669114752
f 133 135 134
v -0.00323003187 -0.0333143777 -0.000116779108
v -0.00302908393 -0.0333450327 -0.000872895725
v -0.0034760611 -0.0327838614 -0.000606443791
f 136 138 137
v -0.00323003187 -0.0333143777 -0.000116779108
v -0.0034760611 -0.0327838614 -0.000606443791
v -0.00356978053 -0.0322881679 3.41073303e-05
f 139 141 140
v -0.00328639944 -0.0334262062 0.00048595216
v -0.00298771174 -0.0333641161 -2.23747008e-05
v -0.0032591026 -0.0333919481 0.000364498987
f 142 144 143
v -0.00356978053 -0.0322881679 3.41073303e-05
v -0.00430945947 -0.0324398134 -0.000774188175
v -0.0038237471 -0.0314430305 -6.3139754e-05
f 145 147 146
v -0.00377578945 -0.0325932022 -0.00104209666
v -0.00430945947 -0.0324398134 -0.000774188175
v -0.0034760611 -0.0327838614 -0.000606443791
f 148 150 149
v -0.00356978053 -0.0322881679 3.41073303e-05
v -0.0034760611 -0.0327838614 -0.000606443791
v -0.00430945947 -0.0324398134 -0.000774188175
f 151 153 152
v -0.00180342668 -0.0327178481 -0.00156077258
v -0.00303988618 -0.0327321672 -0.00162329179
v -0.00219464255 -0.0329699193 -0.00154526624
f 154 156 155
v -0.00303988618 -0.0327321672 -0.00162329179
v -0.00180342668 -0.0327178481 -0.00156077258
v -0.00245604369 -0.0315364712 -0.00155036887
f 157 159 158
v -0.00302908393 -0.0333450327 -0.000872895725
v -0.00219464255 -0.0329699193 -0.00154526624
v -0.00259294666 -0.0332009047 -0.00135262399
f 160 162 161
v -0.00180342668 -0.0327178481 -0.00156077258
v 0.000715058195 -0.032952975 -0.000198522957
v -0.000805772834 -0.0327864342 -0.00137584539
f 163 165 164
v -0.00100710877 -0.0326700596 -0.00161924872
v -0.00086101445 -0.0305971509 -0.00169253763
v -0.00180342668 -0.0327178481 -0.00156077258
f 166 168 167
v -0.00420743454 -0.0329719973 -0.00134159509
v -0.00439320283 -0.0326728536 -0.00116650808
v -0.00443510726 -0.0330289011 -0.00132005243
f 169 171 170
v -0.0032591026 -0.0333919481 0.000364498987
v -0.00298771174 -0.0333641161 -2.23747008e-05
v -0.00326471963 -0.0334158365 0.000359525166
f 172 174 173
v -0.00250783196 -0.0333227479 0.00249004443
v -0.00310318537 -0.0333646225 0.00185935787
v -0.00329694849 -0.0329866627 0.00209357058
f 175 177 176
v -0.00165463007 -0.033212066 0.000349963989
v -0.00310318537 -0.0333646225 0.00185935787
v -0.00161153166 -0.0329551665 0.00293892208
f 178 180 179
v -0.00202982046 -0.0331313087 0.00305287576
v -0.00250783196 -0.0333227479 0.00249004443
v -0.00236110991 -0.032621689 0.00313565251
f 181 183 182
v -0.00250783196 -0.0333227479 0.00249004443
v -0.00202982046 -0.0331313087 0.00305287576
v -0.00161153166 -0.0329551665 0.00293892208
f 184 186 185
v -0.00236110991 -0.032621689 0.00313565251
v -0.00250783196 -0.0333227479 0.00249004443
v -0.00329694849 -0.0329866627 0.00209357058
f 187 189 188
v -0.00303527468 -0.032476068 0.00268973763
v -0.00236110991 -0.032621689 0.00313565251
v -0.00329694849 -0.0329866627 0.00209357058
f 190 192 191
v -0.00303527468 -0.032476068 0.00268973763
v -0.00364782209 -0.0327554852 0.00235239568
v -0.00366698878 -0.0324410619 0.00256859294
f 193 195 194
v -0.00330248622 -0.0316617923 0.00268855074
v -0.00303527468 -0.032476068 0.00268973763
v -0.00366698878 -0.0324410619 0.00256859294
f 196 198 197
v -0.00364782209 -0.0327554852 0.00235239568
v -0.00329694849 -0.0329866627 0.00209357058
v -0.00341858213 -0.0328341004 0.00163481163
f 199 201 200
v -0.00236110991 -0.032621689 0.00313565251
v -0.00161153166 -0.0329551665 0.00293892208
v -0.00202982046 -0.0331313087 0.00305287576
f 202 204 203
v -0.000906715468 -0.0331201096 0.00275060611
v -0.000591638536 -0.0331848103 0.000954308416
v -0.00161153166 -0.0329551665 0.00293892208
f 205 207 206
v -0.000591638536 -0.0331848103 0.000954308416
v -0.000906715468 -0.0331201096 0.00275060611
v 0.000162018398 -0.0334702694 0.00241755442
f 208 210 209
v 0.0002999461 -0.0327077199 0.00267232354
v 0.000162018398 -0.0334702694 0.00241755442
v -0.000906715468 -0.0331201096 0.00275060611
f 211 213 212
v -0.000805772834 -0.0327864342 -0.00137584539
v 0.000715058195 -0.032952975 -0.000198522957
v 0.000530385842 -0.0329623173 -0.00105252366
f 214 216 215
v 0.000344368982 -0.0316021557 -0.00143334382
v -0.000613457541 -0.0328124413 -0.0015964768
v 0.000530385842 -0.0329623173 -0.00105252366
f 217 219 218
v -0.000613457541 -0.0328124413 -0.0015964768
v -0.00086101445 -0.0305971509 -0.00169253763
v -0.00100710877 -0.0326700596 -0.00161924872
f 220 222 221
v 0.000968479435 -0.032896371 -0.000243926752
v 0.000701976296 -0.0320533261 -0.00120534733
v 0.000530385842 -0.0329623173 -0.00105252366
f 223 225 224
v 0.000742272141 -0.0333236589 0.00180218904
v 0.00100554389 -0.0332711876 0.00111835843
v -0.000591638536 -0.0331848103 0.000954308416
f 226 228 227
v -0.00399011042 -0.0219298119 -0.000482678206
v -0.00400824974 -0.0227440119 -0.000481993357
v -0.00355319462 -0.0221909315 -0.00106519474
f 229 231 230
v 0.000825600728 -0.032642702 0.00210068756
v 0.00121442299 -0.0319091137 0.00163237728
v 0.000742272141 -0.0333236589 0.00180218904
f 232 234 233
v 0.00128188531 -0.0317518221 -0.00011143519
v 0.000968479435 -0.032896371 -0.000243926752
v 0.00119918222 -0.0326927489 0.000768186783
f 235 237 236
v 0.00121442299 -0.0319091137 0.00163237728
v 0.00119918222 -0.0326927489 0.000768186783
v 0.00100554389 -0.0332711876 0.00111835843
f 238 240 239
v -0.00363817708 -0.0314637931 -0.0010287722
v -0.00245604369 -0.0315364712 -0.00155036887
v -0.00266738152 -0.0299258623 -0.00148079453
f 241 243 242
v -0.00266738152 -0.0299258623 -0.00148079453
v -0.00312706361 -0.0292886107 -0.000955792348
v -0.00363817708 -0.0314637931 -0.0010287722
f 244 246 245
v -0.00343500433 -0.0292556855 -0.000392489619
v -0.00374718402 -0.0304817484 -0.00031090467
v -0.00312706361 -0.0292886107 -0.000955792348
f 247 249 248
v -0.00343500433 -0.0292556855 -0.000392489619
v -0.00350086084 -0.0295384467 0.000915476267
v -0.00374718402 -0.0304817484 -0.00031090467
f 250 252 251
v -0.00353120085 -0.0300539192 0.00135535265
v -0.00362076426 -0.031114684 0.00162849174
v -0.0038237471 -0.0314430305 -6.3139754e-05
f 253 255 254
v -0.00086101445 -0.0305971509 -0.00169253763
v -0.00209988066 -0.0294525205 -0.00159632982
v -0.00245604369 -0.0315364712 -0.00155036887
f 256 258 257
v -0.00340807892 -0.0277221814 -0.000832560181
v -0.00375850395 -0.027823227 -0.000364321841
v -0.00369753761 -0.028503139 -0.000275929597
f 259 261 260
v -0.00266738152 -0.0299258623 -0.00148079453
v -0.00247396365 -0.0275192317 -0.00125645111
v -0.00343039355 -0.0285362039 -0.000853893107
f 262 264 263
v -0.00375850395 -0.027823227 -0.000364321841
v -0.0032128286 -0.0266574556 -0.000826592623
v -0.00361223829 -0.0258298503 3.41911857e-05
f 265 267 266
v -0.0036786194 -0.0264566508 0.000762077161
v -0.00350251212 -0.0284500653 0.000693195489
v -0.00375850395 -0.027823227 -0.000364321841
f 268 270 269
v -0.00375850395 -0.027823227 -0.000364321841
v -0.00340807892 -0.0277221814 -0.000832560181
v -0.0032128286 -0.0266574556 -0.000826592623
f 271 273 272
v -0.00247396365 -0.0275192317 -0.00125645111
v -0.0032128286 -0.0266574556 -0.000826592623
v -0.00340807892 -0.0277221814 -0.000832560181
f 274 276 275
v -0.00350086084 -0.0295384467 0.000915476267
v -0.00350251212 -0.0284500653 0.000693195489
v -0.00397550466 -0.0292035722 0.00183193461
f 277 279 278
v -0.00209988066 -0.0294525205 -0.00159632982
v -0.00247396365 -0.0275192317 -0.00125645111
v -0.00266738152 -0.0299258623 -0.00148079453
f 280 282 281
v -0.000231178251 -0.0286545372 -0.00158526145
v -0.000587682325 -0.0269428943 -0.0013957866
v -0.000396876612 -0.0293806894 -0.001561926
f 283 285 284
v -0.000396876612 -0.0293806894 -0.001561926
v -0.000587682325 -0.0269428943 -0.0013957866
v -0.001733928 -0.0267933472 -0.0013716457
f 286 288 287
v -0.00350251212 -0.0284500653 0.000693195489
v -0.00350086084 -0.0295384467 0.000915476267
v -0.00343500433 -0.0292556855 -0.000392489619
f 289 291 290
v -0.00149000934 -0.0305142225 0.00329873219
v -0.00236110991 -0.032621689 0.00313565251
v -0.00330248622 -0.0316617923 0.00268855074
f 292 294 293
v -0.00299570547 -0.0293633144 0.00263272232
v -0.00339215185 -0.0309719908 0.00251041038
v -0.00352462121 -0.030321136 0.00199183087
f 295 297 296
v -0.00149000934 -0.0305142225 0.00329873219
v -0.00330248622 -0.0316617923 0.00268855074
v -0.00263883176 -0.0298792904 0.00308903691
f 298 300 299
v -0.00103826205 -0.0313064782 0.00332621494
v -0.000555771658 -0.0319111132 0.00306746115
v -0.00130161334 -0.0329096423 0.0028183129
f 301 303 302
v -0.000798527435 -0.0308903662 0.00328420974
v -0.000240215604 -0.0316675199 0.00299532694
v -0.000536112975 -0.0316337595 0.00311845288
f 304 306 305
v -0.000240215604 -0.0316675199 0.00299532694
v -0.000555771658 -0.0319111132 0.00306746115
v -0.000534921355 -0.031634848 0.00312244847
f 307 309 308
v -0.000798527435 -0.0308903662 0.00328420974
v -0.000536112975 -0.0316337595 0.00311845288
v -0.000534921355 -0.031634848 0.00312244847
f 310 312 311
v -0.000240215604 -0.0316675199 0.00299532694
v 0.0002999461 -0.0327077199 0.00267232354
v -0.000555771658 -0.0319111132 0.00306746115
f 313 315 314
v 0.000481860707 -0.029769211 0.00307313676
v 0.00103042566 -0.0312767545 0.00213236053
v -0.000240215604 -0.0316675199 0.00299532694
f 316 318 317
v -0.000244148396 -0.0302926957 0.00320124382
v -0.000240215604 -0.0316675199 0.00299532694
v -0.000798527435 -0.0308903662 0.00328420974
f 319 321 320
v -0.00263883176 -0.0298792904 0.00308903691
v -0.00212637842 -0.0293940917 0.00332843701
v -0.00149000934 -0.0305142225 0.00329873219
f 322 324 323
v -0.00299570547 -0.0293633144 0.00263272232
v -0.00232060393 -0.0280970038 0.00306881775
v -0.00212637842 -0.0293940917 0.00332843701
f 325 327 326
v -0.00232060393 -0.0280970038 0.00306881775
v -0.00160908367 -0.0283180882 0.00329143368
v -0.00212637842 -0.0293940917 0.00332843701
f 328 330 329
v -0.00160908367 -0.0283180882 0.00329143368
v -0.00101111164 -0.0289828808 0.00330649273
v -0.00212637842 -0.0293940917 0.00332843701
f 331 333 332
v -0.000173996284 -0.0291229691 0.00305051399
v -0.00108032964 -0.0299168751 0.00358487559
v -0.00101111164 -0.0289828808 0.00330649273
f 334 336 335
v -0.00108032964 -0.0299168751 0.00358487559
v -0.000244148396 -0.0302926957 0.00320124382
v -0.000798527435 -0.0308903662 0.00328420974
f 337 339 338
v -0.00130161334 -0.0329096423 0.0028183129
v -0.00236110991 -0.032621689 0.00313565251
v -0.00103826205 -0.0313064782 0.00332621494
f 340 342 341
v -0.000231178251 -0.0286545372 -0.00158526145
v -0.000396876612 -0.0293806894 -0.001561926
v 0.000796725908 -0.0295280857 -0.000935638309
f 343 345 344
v 0.00043519367 -0.0265814335 -0.000916882891
v -0.000231178251 -0.0286545372 -0.00158526145
v 0.000796725908 -0.0295280857 -0.000935638309
f 346 348 347
v 0.00161976841 -0.029183313 0.000911625193
v 0.00136259387 -0.0284677342 0.000908236143
v 0.00105240269 -0.0279142609 -0.000378611639
f 349 351 350
v 0.00157246104 -0.0314768433 0.00112063262
v 0.00128188531 -0.0317518221 -0.00011143519
v 0.00119918222 -0.0326927489 0.000768186783
f 352 354 353
v 0.00103042566 -0.0312767545 0.00213236053
v 0.00149942298 -0.0312597404 0.00162898377
v 0.00121442299 -0.0319091137 0.00163237728
f 355 357 356
v 0.00103042566 -0.0312767545 0.00213236053
v 0.00108569584 -0.0302507979 0.0023288696
v 0.00149942298 -0.0312597404 0.00162898377
f 358 360 359
v 0.00182626427 -0.0301993248 0.00169688774
v 0.00182123749 -0.0300116633 0.000938924131
v 0.00157246104 -0.0314768433 0.00112063262
f 361 363 362
v 0.00182626427 -0.0301993248 0.00169688774
v 0.00108569584 -0.0302507979 0.0023288696
v 0.00126962768 -0.0294667669 0.00211732076
f 364 366 365
v 0.00179430663 -0.029634466 0.00159945321
v 0.00161976841 -0.029183313 0.000911625193
v 0.00182123749 -0.0300116633 0.000938924131
f 367 369 368
v 0.00126962768 -0.0294667669 0.00211732076
v 0.00126794785 -0.0283340749 0.00165626388
v 0.00179430663 -0.029634466 0.00159945321
f 370 372 371
v 0.00126794785 -0.0283340749 0.00165626388
v 0.00161976841 -0.029183313 0.000911625193
v 0.00179430663 -0.029634466 0.00159945321
f 373 375 374
v 0.00103042566 -0.0312767545 0.00213236053
v 0.00121442299 -0.0319091137 0.00163237728
v 0.000825600728 -0.032642702 0.00210068756
f 376 378 377
v -0.00362076426 -0.031114684 0.00162849174
v -0.00339215185 -0.0309719908 0.00251041038
v -0.003902147 -0.0323334389 0.00216037624
f 379 381 380
v -0.000231178251 -0.0286545372 -0.00158526145
v 0.00043519367 -0.0265814335 -0.000916882891
v -3.75005023e-06 -0.0266374322 -0.00119573597
f 382 384 383
v -0.00361223829 -0.0258298503 3.41911857e-05
v -0.0032128286 -0.0266574556 -0.000826592623
v -0.00331500232 -0.0258694257 -0.000539991106
f 385 387 386
v -0.00286602426 -0.0250791723 -0.00107555898
v -0.00164872945 -0.0252787053 -0.00145567992
v -0.00141710952 -0.0242413545 -0.00141317105
f 388 390 389
v -3.75005023e-06 -0.0266374322 -0.00119573597
v -0.000587682325 -0.0269428943 -0.0013957866
v -0.000231178251 -0.0286545372 -0.00158526145
f 391 393 392
v -0.000580258757 -0.026029686 -0.00151713612
v -0.000569258737 -0.0246594718 -0.00149181778
v -0.00164872945 -0.0252787053 -0.00145567992
f 394 396 395
v -0.000128898671 -0.0249965495 -0.00138298801
v -3.75005023e-06 -0.0266374322 -0.00119573597
v 0.00043519367 -0.0265814335 -0.000916882891
f 397 399 398
v -0.00366671229 -0.0247278571 -0.000487985926
v -0.00322160377 -0.0236305263 -0.000916043973
v -0.00368418405 -0.0238178094 -0.000327775888
f 400 402 401
v -0.00164872945 -0.0252787053 -0.00145567992
v -0.000569258737 -0.0246594718 -0.00149181778
v -0.00141710952 -0.0242413545 -0.00141317105
f 403 405 404
v -0.000569258737 -0.0246594718 -0.00149181778
v -0.000250970038 -0.0223250696 -0.00119689976
v -0.00141710952 -0.0242413545 -0.00141317105
f 406 408 407
v 0.00102918439 -0.023684201 0.00125774932
v 0.00101612295 -0.0249856501 0.00177858765
v 0.000790966442 -0.0235706015 0.00203147811
f 409 411 410
v -0.00180385632 -0.0272902689 0.00320815234
v -0.00160908367 -0.0283180882 0.00329143368
v -0.00232060393 -0.0280970038 0.00306881775
f 412 414 413
v -0.00173019689 -0.0262242043 0.00348468311
v -0.00180385632 -0.0272902689 0.00320815234
v -0.00232060393 -0.0280970038 0.00306881775
f 415 417 416
v -0.00173019689 -0.0262242043 0.00348468311
v -0.000329757472 -0.0268866919 0.00307632145
v -0.00180385632 -0.0272902689 0.00320815234
f 418 420 419
v -0.000329757472 -0.0268866919 0.00307632145
v 0.000689919489 -0.0284043403 0.00274300273
v -0.000173996284 -0.0291229691 0.00305051399
f 421 423 422
v 0.000548449225 -0.0263158203 0.00240868867
v 0.00116776773 -0.0270629098 0.00176803296
v 0.000932334842 -0.0273724116 0.00222013441
f 424 426 425
v 0.000548449225 -0.0263158203 0.00240868867
v 0.000932334842 -0.0273724116 0.00222013441
v -0.000329757472 -0.0268866919 0.00307632145
f 427 429 428
v -0.000718096862 -0.024292017 0.00319703759
v -0.000763801472 -0.0248958037 0.00339964972
v -0.0016463373 -0.024862797 0.00327139642
f 430 432 431
v 0.00105240269 -0.0279142609 -0.000378611639
v 0.000919770173 -0.0264753617 -0.00024996898
v 0.00043519367 -0.0265814335 -0.000916882891
f 433 435 434
v 0.00128451629 -0.0274491875 0.001131934
v 0.00105240269 -0.0279142609 -0.000378611639
v 0.00136259387 -0.0284677342 0.000908236143
f 436 438 437
v 0.00108801287 -0.0261783891 0.00158280873
v 0.00108422028 -0.0254936458 0.00131296219
v 0.000919770173 -0.0264753617 -0.00024996898
f 439 441 440
v 0.000872554665 -0.0249256816 -0.000159325646
v 0.000919770173 -0.0264753617 -0.00024996898
v 0.00108422028 -0.0254936458 0.00131296219
f 442 444 443
v 0.00116776773 -0.0270629098 0.00176803296
v 0.00128451629 -0.0274491875 0.001131934
v 0.00126794785 -0.0283340749 0.00165626388
f 445 447 446
v 0.00126794785 -0.0283340749 0.00165626388
v 0.00128451629 -0.0274491875 0.001131934
v 0.00136259387 -0.0284677342 0.000908236143
f 448 450 449
v 3.78577482e-05 -0.0235645857 -0.00120630648
v 0.00043957948 -0.0215159118 -0.000664239178
v -0.000250970038 -0.0223250696 -0.00119689976
f 451 453 452
v 0.000815782732 -0.0222167495 0.000264448636
v 0.000898833787 -0.0234838313 -0.000265823292
v 0.00102918439 -0.023684201 0.00125774932
f 454 456 455
v 0.000863236346 -0.022283016 0.00200745271
v 0.000790966442 -0.0235706015 0.00203147811
v 0.00057408547 -0.022228717 0.00248140459
f 457 459 458
v -0.000952907612 -0.0204725293 0.0032829641
v -0.00218222067 -0.021596461 0.0029686038
v -0.00235847856 -0.0207488207 0.00289692125
f 460 462 461
v 0.000162199296 -0.0198430702 0.00269288685
v -1.6492217e-05 -0.0215299384 0.00273655714
v -0.000838535379 -0.0215148219 0.00305972644
f 463 465 464
v -0.00239189249 -0.0197152811 0.00284260477
v -0.00125368879 -0.0190661507 0.00310605101
v -0.000952907612 -0.0204725293 0.0032829641
f 466 468 467
v 0.00043957948 -0.0215159118 -0.000664239178
v 0.00074395557 -0.019891969 -0.000140895372
v -0.000469562156 -0.0202949508 -0.00120089117
f 469 471 470
v 0.00074395557 -0.019891969 -0.000140895372
v 0.00043957948 -0.0215159118 -0.000664239178
v 0.000815782732 -0.0222167495 0.000264448636
f 472 474 473
v 0.00109737211 -0.020828002 0.00107912665
v 0.000909539085 -0.0190055449 0.0007400301
v 0.00074395557 -0.019891969 -0.000140895372
f 475 477 476
v 0.000863236346 -0.022283016 0.00200745271
v 0.00057408547 -0.022228717 0.00248140459
v 0.000570389739 -0.0213945721 0.00261287223
f 478 480 479
v 0.0010060734 -0.0206960976 0.00150891728
v 0.00109737211 -0.020828002 0.00107912665
v 0.000815782732 -0.0222167495 0.000264448636
f 481 483 482
v 0.000706811988 -0.0201443254 0.00214886641
v 0.000907935646 -0.0212896921 0.0022719003
v 0.000162199296 -0.0198430702 0.00269288685
f 484 486 485
v -0.00156385595 -0.0234513223 0.0030265679
v -0.0016463373 -0.024862797 0.00327139642
v -0.00241332327 -0.0233700033 0.00301075888
f 487 489 488
v -0.000475797378 -0.0232824998 0.00321542393
v 1.18777294e-05 -0.0241597168 0.00284983998
v -0.000718096862 -0.024292017 0.00319703759
f 490 492 491
v -0.000173996284 -0.0291229691 0.00305051399
v -0.00101111164 -0.0289828808 0.00330649273
v -0.00180385632 -0.0272902689 0.00320815234
f 493 495 494
v -0.0043608954 -0.0167173028 -0.000173092576
v -0.00462944263 -0.0148420935 -0.000233766514
v -0.00437557064 -0.0169508538 0.0015411224
f 496 498 497
v -0.0043608954 -0.0167173028 -0.000173092576
v -0.00437557064 -0.0169508538 0.0015411224
v -0.00429014763 -0.0182047021 -0.000310408268
f 499 501 500
v -0.00235375446 -0.0173899811 -0.00159128431
v -0.00357012541 -0.0163357763 -0.00120888599
v -0.00368200199 -0.0181438765 -0.00105926465
f 502 504 503
v -0.00406330182 -0.0167773047 -0.00079469628
v -0.00357012541 -0.0163357763 -0.00120888599
v -0.00437663803 -0.0154086112 -0.000642951727
f 505 507 506
v -0.0046727906 -0.0137864903 -0.000582506891
v -0.0046914156 -0.013894173 0.00118666121
v -0.00462944263 -0.0148420935 -0.000233766514
f 508 510 509
v -0.00437663803 -0.0154086112 -0.000642951727
v -0.00388993867 -0.0142612203 -0.0012845192
v -0.00430350447 -0.0133182097 -0.0011537164
f 511 513 512
v -0.00528648525 -0.00894285695 0.00114782179
v -0.00480595372 -0.0104786137 0.00171119318
v -0.00490601269 -0.0112844755 0.001293278
f 514 516 515
v -0.00403871927 -0.01036678 -0.00147811206
v -0.00260413563 -0.0102067155 -0.00185247154
v -0.00418796626 -0.00963782222 -0.00156273036
f 517 519 518
v -0.00419304488 -0.0123427555 -0.00137222924
v -0.00462374155 -0.0121428289 -0.000995272057
v -0.00430350447 -0.0133182097 -0.0011537164
f 520 522 521
v -0.00397353251 -0.0129984081 -0.00140022312
v -0.00419304488 -0.0123427555 -0.00137222924
v -0.00430350447 -0.0133182097 -0.0011537164
f 523 525 524
v -0.0046727906 -0.0137864903 -0.000582506891
v -0.00480320414 -0.013189399 0.00115399034
v -0.0046914156 -0.013894173 0.00118666121
f 526 528 527
v -0.00490601269 -0.0112844755 0.001293278
v -0.00492060135 -0.0127226478 0.0015371621
v -0.0048856964 -0.012193861 5.70286375e-05
f 529 531 530
v -0.00446898594 -0.0129163396 0.00194267996
v -0.00351716626 -0.0128135362 0.00259466651
v -0.0042400814 -0.0137377414 0.00199431015
f 532 534 533
v -0.00452703389 -0.0112027665 0.00189178354
v -0.00446898594 -0.0129163396 0.00194267996
v -0.00488192381 -0.0123094374 0.00166416212
f 535 537 536
v -0.00219887297 -0.0138445001 -0.00175585628
v -0.00211072947 -0.0125447608 -0.00164649373
v -0.00397353251 -0.0129984081 -0.00140022312
f 538 540 539
v -0.00397353251 -0.0129984081 -0.00140022312
v -0.00420759752 -0.0115798182 -0.00149624011
v -0.00419304488 -0.0123427555 -0.00137222924
f 541 543 542
v -0.00498681038 -0.010219324 -0.000467709287
v -0.00501193572 -0.0115347721 -0.000619128605
v -0.00463552969 -0.0102102313 -0.00102573576
f 544 546 545
v -0.00501193572 -0.0115347721 -0.000619128605
v -0.00490601269 -0.0112844755 0.001293278
v -0.0048856964 -0.012193861 5.70286375e-05
f 547 549 548
v -0.00492060135 -0.0127226478 0.0015371621
v -0.00490601269 -0.0112844755 0.001293278
v -0.00488192381 -0.0123094374 0.00166416212
f 550 552 551
v -0.00420759752 -0.0115798182 -0.00149624011
v -0.00260413563 -0.0102067155 -0.00185247154
v -0.00403871927 -0.01036678 -0.00147811206
f 553 555 554
v -0.00501193572 -0.0115347721 -0.000619128605
v -0.00528648525 -0.00894285695 0.00114782179
v -0.00490601269 -0.0112844755 0.001293278
f 556 558 557
v -0.00587220384 -0.00607855472 -0.000513394298
v -0.00569126714 -0.00542501948 -5.47217951e-05
v -0.00563018657 -0.00609224808 -0.000212543091
f 559 561 560
v -0.00550606746 -0.00629375718 -0.000732361059
v -0.00558302418 -0.0058641861 -0.000703662681
v -0.00561166416 -0.00616421894 -0.000533077673
f 562 564 563
v -0.00524597272 -0.00783027062 -0.000875276419
v -0.00529299468 -0.00757813759 0.000689706712
v -0.00528648525 -0.00894285695 0.00114782179
f 565 567 566
v -0.00528648525 -0.00894285695 0.00114782179
v -0.00518285997 -0.0078146164 0.00139704007
v -0.00498373483 -0.00862674133 0.00167223807
f 568 570 569
v -0.00528648525 -0.00894285695 0.00114782179
v -0.00461417585 -0.0094846102 0.00186294237
v -0.00480595372 -0.0104786137 0.00171119318
f 571 573 572
v -0.00498373483 -0.00862674133 0.00167223807
v -0.00461417585 -0.0094846102 0.00186294237
v -0.00528648525 -0.00894285695 0.00114782179
f 574 576 575
v -0.00498373483 -0.00862674133 0.00167223807
v -0.00445044097 -0.00728993109 0.00229920188
v -0.0032326574 -0.00861329609 0.00319752107
f 577 579 578
v -0.00556654159 -0.00705908678 0.00115922739
v -0.00518285997 -0.0078146164 0.00139704007
v -0.00529299468 -0.00757813759 0.000689706712
f 580 582 581
v -0.00550857185 -0.00568214164 0.000824938616
v -0.00533653911 -0.00613108132 0.00152507919
v -0.00556654159 -0.00705908678 0.00115922739
f 583 585 584
v -0.00382640137 -0.00618048653 0.00273373844
v -0.00367830908 -0.00692625836 0.00312046286
v -0.00445044097 -0.00728993109 0.00229920188
f 586 588 587
v -0.00556654159 -0.00705908678 0.00115922739
v -0.00533653911 -0.00613108132 0.00152507919
v -0.00445044097 -0.00728993109 0.00229920188
f 589 591 590
v -0.0045283261 -0.00749157989 -0.00161947992
v -0.00524597272 -0.00783027062 -0.000875276419
v -0.00418796626 -0.00963782222 -0.00156273036
f 592 594 593
v -0.00161391818 -0.00916983408 -0.00175805435
v -0.00145074919 -0.00749850733 -0.0019870422
v -0.00243935647 -0.00816546381 -0.0021568314
f 595 597 596
v -0.00161391818 -0.00916983408 -0.00175805435
v -0.00243935647 -0.00816546381 -0.0021568314
v -0.00311810618 -0.0084674255 -0.00201574148
f 598 600 599
v -0.00524597272 -0.00783027062 -0.000875276419
v -0.0045283261 -0.00749157989 -0.00161947992
v -0.00550606746 -0.00629375718 -0.000732361059
f 601 603 602
v -0.0045283261 -0.00749157989 -0.00161947992
v -0.00331101946 -0.00729651219 -0.00201802141
v -0.00439163814 -0.00663738174 -0.00199908172
f 604 606 605
v -0.00558302418 -0.0058641861 -0.000703662681
v -0.00452256209 -0.00455558802 -0.00183769043
v -0.00499238013 -0.00480678136 -0.00145417907
f 607 609 608
v -0.00145074919 -0.00749850733 -0.0019870422
v -0.00279498836 -0.00649609792 -0.00222823255
v -0.00243935647 -0.00816546381 -0.0021568314
f 610 612 611
v -0.00331101946 -0.00729651219 -0.00201802141
v -0.0045283261 -0.00749157989 -0.00161947992
v -0.00311810618 -0.0084674255 -0.00201574148
f 613 615 614
v -0.00279498836 -0.00649609792 -0.00222823255
v -0.00298413943 -0.00552672755 -0.00233293395
v -0.00439163814 -0.00663738174 -0.00199908172
f 616 618 617
v -0.00517823391 -0.00884771725 -0.000616926809
v -0.00528648525 -0.00894285695 0.00114782179
v -0.00498681038 -0.010219324 -0.000467709287
f 619 621 620
v -0.00327412708 -0.0102484919 0.00274533595
v -0.00461417585 -0.0094846102 0.00186294237
v -0.00344390282 -0.00955252472 0.00276988121
f 622 624 623
v -0.00225523054 -0.00910492527 0.00296615453
v -0.00344390282 -0.00955252472 0.00276988121
v -0.0032326574 -0.00861329609 0.00319752107
f 625 627 626
v -0.00285988153 -0.00770072947 0.00296350554
v -0.0032326574 -0.00861329609 0.00319752107
v -0.00349259426 -0.00772321073 0.00293852154
f 628 630 629
v -0.0032326574 -0.00861329609 0.00319752107
v -0.00124796024 -0.00840258508 0.00265496255
v -0.00225523054 -0.00910492527 0.00296615453
f 631 633 632
v -0.00285988153 -0.00770072947 0.00296350554
v -0.00349259426 -0.00772321073 0.00293852154
v -0.00367830908 -0.00692625836 0.00312046286
f 634 636 635
v -0.000196456563 -0.0059685517 0.001348757
v -0.000274873059 -0.00732302651 0.0016170181
v -0.00116054234 -0.00673216709 0.0025417703
f 637 639 638
v -5.20087099e-05 -0.00876851336 0.0015079534
v -0.000410211169 -0.00844963943 0.00201435923
v -0.00116054234 -0.00673216709 0.0025417703
f 640 642 641
v -0.00557744097 -0.00470984378 -0.000476962759
v -0.00562931382 -0.00465220073 0.000155267571
v -0.00569126714 -0.00542501948 -5.47217951e-05
f 643 645 644
v -0.00547035852 -0.00469685765 -0.000730675401
v -0.0055054963 -0.00465015619 -0.000626634937
v -0.00547482268 -0.00467611244 -0.000813707356
f 646 648 647
v -0.00437302224 -0.00501863433 0.000320275194
v -0.00562931382 -0.00465220073 0.000155267571
v -0.00499238013 -0.00480678136 -0.00145417907
f 649 651 650
v -0.00562931382 -0.00465220073 0.000155267571
v -0.00557744097 -0.00470984378 -0.000476962759
v -0.0055054963 -0.00465015619 -0.000626634937
f 652 654 653
v -0.00570000193 -0.00446924569 0.000567583675
v -0.00543425595 -0.00492466206 0.00114066297
v -0.00550857185 -0.00568214164 0.000824938616
f 655 657 656
v -0.00550857185 -0.00568214164 0.000824938616
v -0.00543425595 -0.00492466206 0.00114066297
v -0.00533653911 -0.00613108132 0.00152507919
f 658 660 659
v -0.00437302224 -0.00501863433 0.000320275194
v -0.00543425595 -0.00492466206 0.00114066297
v -0.00570000193 -0.00446924569 0.000567583675
f 661 663 662
v -0.00437302224 -0.00501863433 0.000320275194
v -0.00452616223 -0.00517303415 0.00136518738
v -0.00543425595 -0.00492466206 0.00114066297
f 664 666 665
v -0.003922014 -0.00526096446 0.00191747276
v -0.00409948807 -0.00509124693 0.00269189441
v -0.00469935476 -0.0049714421 0.00207893718
f 667 669 668
v -0.00452616223 -0.00517303415 0.00136518738
v -0.00469935476 -0.0049714421 0.00207893718
v -0.00502860348 -0.00529896934 0.00169962277
f 670 672 671
v -0.00525023388 -0.00517334702 0.00141304818
v -0.00452616223 -0.00517303415 0.00136518738
v -0.00502860348 -0.00529896934 0.00169962277
f 673 675 674
v -0.00387981418 -0.00451398882 -0.00226585962
v -0.00326658883 -0.00418837517 -0.00254967526
v -0.00399388518 -0.00423771198 -0.00226626762
f 676 678 677
v -0.00326658883 -0.00418837517 -0.00254967526
v -0.00367899993 -0.00398266202 -0.00244804141
v -0.00399388518 -0.00423771198 -0.00226626762
f 679 681 680
v -0.00392928523 -0.00425728285 -0.00211894476
v -0.00424159407 -0.00441457305 -0.00203915988
v -0.00404567145 -0.00434905014 -0.00213315798
f 682 684 683
v -0.00392928523 -0.00425728285 -0.00211894476
v -0.00367899993 -0.00398266202 -0.00244804141
v -0.00301882192 -0.00411029541 -0.00226205266
f 685 687 686
v -0.00310923497 -0.00401968355 -0.00254450279
v -0.00301882192 -0.00411029541 -0.00226205266
v -0.00311414369 -0.00408846317 -0.0024977111
f 688 690 689
v -0.00404567145 -0.00434905014 -0.00213315798
v -0.00424159407 -0.00441457305 -0.00203915988
v -0.00411061155 -0.0043468528 -0.00212684427
f 691 693 692
v -0.00499238013 -0.00480678136 -0.00145417907
v -0.00452256209 -0.00455558802 -0.00183769043
v -0.00437302224 -0.00501863433 0.000320275194
f 694 696 695
v -0.00437302224 -0.00501863433 0.000320275194
v -0.00452256209 -0.00455558802 -0.00183769043
v -0.00231973536 -0.00461600903 -0.00025233885
f 697 699 698
v -0.00301882192 -0.00411029541 -0.00226205266
v -0.00216080225 -0.00395452444 -0.00237497043
v -0.00424159407 -0.00441457305 -0.00203915988
f 700 702 701
v -0.00269206048 -0.00439631331 -0.00253054677
v -0.00216080225 -0.00395452444 -0.00237497043
v -0.00279175692 -0.00410791617 -0.00251415768
f 703 705 704
v -0.00150116066 -0.00421262448 -0.00163698296
v -0.00216080225 -0.00395452444 -0.00237497043
v -0.00180183542 -0.00411135625 -0.00220499587
f 706 708 707
v -0.00148623749 -0.00440652293 -0.00208824331
v -0.00102887043 -0.00421811965 -0.00166666814
v -0.00150116066 -0.00421262448 -0.00163698296
f 709 711 710
v -0.00102887043 -0.00421811965 -0.00166666814
v -0.000857210216 -0.00440572148 -0.00127653348
v -0.00150116066 -0.00421262448 -0.00163698296
f 712 714 713
v -0.000644863303 -0.00450256593 -0.00083348059
v -0.00102887043 -0.00421811965 -0.00166666814
v -0.000287911939 -0.0055237404 -0.000607018683
f 715 717 716
v -0.000857210216 -0.00440572148 -0.00127653348
v -0.00112083435 -0.004421017 -0.000626149085
v -0.00150116066 -0.00421262448 -0.00163698296
f 718 720 719
v -0.000783030555 -0.00709307496 -0.00173476019
v -0.00148623749 -0.00440652293 -0.00208824331
v -0.00145074919 -0.00749850733 -0.0019870422
f 721 723 722
v -0.00231973536 -0.00461600903 -0.00025233885
v -0.003922014 -0.00526096446 0.00191747276
v -0.00437302224 -0.00501863433 0.000320275194
f 724 726 725
v -0.00137137122 -0.00450367625 0.00236346314
v -0.00197596237 -0.00480912313 0.00279649885
v -0.00231973536 -0.00461600903 -0.00025233885
f 727 729 728
v -0.00327971502 -0.0054137683 0.0028339362
v -0.0032089647 -0.0063103158 0.00305087033
v -0.00382640137 -0.00618048653 0.00273373844
f 730 732 731
v -0.0030216408 -0.005112078 0.00290905355
v -0.0023773433 -0.00522113442 0.00290091793
v -0.00327971502 -0.0054137683 0.0028339362
f 733 735 734
v -0.00178952214 -0.00594698104 0.00293386147
v -0.0032089647 -0.0063103158 0.00305087033
v -0.00327971502 -0.0054137683 0.0028339362
f 736 738 737
v -0.00178952214 -0.00594698104 0.00293386147
v -0.00224607084 -0.00682882819 0.00294569509
v -0.0032089647 -0.0063103158 0.00305087033
f 739 741 740
v -0.00197596237 -0.00480912313 0.00279649885
v -0.0023773433 -0.00522113442 0.00290091793
v -0.00311424301 -0.00512498118 0.00229322068
f 742 744 743
v -0.00137137122 -0.00450367625 0.00236346314
v -0.00156485421 -0.00449229337 0.00277409144
v -0.00197596237 -0.00480912313 0.00279649885
f 745 747 746
v -0.0023773433 -0.00522113442 0.00290091793
v -0.00156485421 -0.00449229337 0.00277409144
v -0.00178952214 -0.00594698104 0.00293386147
f 748 750 749
v -0.00101574842 -0.00446178128 0.000193768847
v -0.00231973536 -0.00461600903 -0.00025233885
v -0.00112083435 -0.004421017 -0.000626149085
f 751 753 752
v -0.000491769242 -0.00467659484 0.00068745876
v -0.00054737975 -0.00456933158 0.000209138398
v -6.27657357e-05 -0.0062760686 0.000388415901
f 754 756 755
v -0.000491769242 -0.00467659484 0.00068745876
v -0.00101574842 -0.00446178128 0.000193768847
v -0.00054737975 -0.00456933158 0.000209138398
f 757 759 758
v -0.000633547916 -0.00442865094 0.00148388399
v -0.000491769242 -0.00467659484 0.00068745876
v -0.000196456563 -0.0059685517 0.001348757
f 760 762 761
v -0.00137137122 -0.00450367625 0.00236346314
v -0.00231973536 -0.00461600903 -0.00025233885
v -0.000712257224 -0.00445099395 0.00150079732
f 763 765 764
v -0.000788940633 -0.00445441801 0.00216412227
v -0.00118244698 -0.00544797731 0.00270804267
v -0.00156485421 -0.00449229337 0.00277409144
f 766 768 767
v -0.00562931382 -0.00465220073 0.000155267571
v -0.00550857185 -0.00568214164 0.000824938616
v -0.00569126714 -0.00542501948 -5.47217951e-05
f 769 771 770
v -0.00409948807 -0.00509124693 0.00269189441
v -0.00533653911 -0.00613108132 0.00152507919
v -0.00469935476 -0.0049714421 0.00207893718
f 772 774 773
v -0.00382640137 -0.00618048653 0.00273373844
v -0.00445044097 -0.00728993109 0.00229920188
v -0.00409948807 -0.00509124693 0.00269189441
f 775 777 776
v -0.00437557064 -0.0169508538 0.0015411224
v -0.00417055635 -0.0171336418 0.00183086013
v -0.00439728501 -0.0181866781 0.00139427648
f 778 780 779
v -0.00439728501 -0.0181866781 0.00139427648
v -0.00308679046 -0.0175451147 0.00280865625
v -0.00380091369 -0.0195217828 0.00195841276
f 781 783 782
v -0.00417055635 -0.0171336418 0.00183086013
v -0.00308679046 -0.0175451147 0.00280865625
v -0.00439728501 -0.0181866781 0.00139427648
f 784 786 785
v -0.00308679046 -0.0175451147 0.00280865625
v -0.00338020036 -0.0197435336 0.00236201922
v -0.00380091369 -0.0195217828 0.00195841276
f 787 789 788
v -0.0025234116 -0.0184479475 0.00296763865
v -0.00125368879 -0.0190661507 0.00310605101
v -0.00239189249 -0.0197152811 0.00284260477
f 790 792 791
v -0.00164375215 -0.017115628 0.00303345696
v -0.00125368879 -0.0190661507 0.00310605101
v -0.0025234116 -0.0184479475 0.00296763865
f 793 795 794
v -0.000837128391 -0.0179436407 0.00304295991
v -0.00125368879 -0.0190661507 0.00310605101
v -0.00164375215 -0.017115628 0.00303345696
f 796 798 797
v -0.00308679046 -0.0175451147 0.00280865625
v -0.00164375215 -0.017115628 0.00303345696
v -0.0025234116 -0.0184479475 0.00296763865
f 799 801 800
v -0.00437557064 -0.0169508538 0.0015411224
v -0.00329357026 -0.0154544119 0.00256376406
v -0.00417055635 -0.0171336418 0.00183086013
f 802 804 803
v -0.00458933646 -0.0145563652 0.00179829949
v -0.00329357026 -0.0154544119 0.00256376406
v -0.00437557064 -0.0169508538 0.0015411224
f 805 807 806
v -0.00329357026 -0.0154544119 0.00256376406
v -0.00249284822 -0.0147224928 0.00283687932
v -0.00292577497 -0.015969199 0.00291647721
f 808 810 809
v -0.00249284822 -0.0147224928 0.00283687932
v -0.00164375215 -0.017115628 0.00303345696
v -0.00292577497 -0.015969199 0.00291647721
f 811 813 812
v -0.000738785093 -0.0138621035 0.00277603176
v -0.00164375215 -0.017115628 0.00303345696
v -0.00249284822 -0.0147224928 0.00283687932
f 814 816 815
v -0.000884257315 -0.0171301843 0.00337828533
v -0.00164375215 -0.017115628 0.00303345696
v -0.00060972493 -0.0168237209 0.00332713098
f 817 819 818
v -0.000724430402 -0.0158903305 0.00303691377
v -0.00060972493 -0.0168237209 0.00332713098
v -0.00164375215 -0.017115628 0.00303345696
f 820 822 821
v -0.000738785093 -0.0138621035 0.00277603176
v -0.000724430402 -0.0158903305 0.00303691377
v -0.00164375215 -0.017115628 0.00303345696
f 823 825 824
v -0.00444994184 -0.0330822455 -0.00125468232
v -0.00442667224 -0.0330237119 -0.00123955124
v -0.00446256709 -0.0330408191 -0.00104355058
f 826 828 827
v -0.00442667224 -0.0330237119 -0.00123955124
v -0.00439320283 -0.0326728536 -0.00116650808
v -0.00446256709 -0.0330408191 -0.00104355058
f 829 831 830
v -0.000680142011 -0.014898584 0.00290182397
v -0.000724430402 -0.0158903305 0.00303691377
v -0.000738785093 -0.0138621035 0.00277603176
f 832 834 833
v -0.00351716626 -0.0128135362 0.00259466651
v -0.00272073976 -0.0134725371 0.00292008281
v -0.0042400814 -0.0137377414 0.00199431015
f 835 837 836
v -0.00252894679 -0.0121092664 0.0028775421
v -0.00116686224 -0.0132011322 0.00290624284
v -0.00272073976 -0.0134725371 0.00292008281
f 838 840 839
v -0.00116686224 -0.0132011322 0.00290624284
v -0.00249284822 -0.0147224928 0.00283687932
v -0.00272073976 -0.0134725371 0.00292008281
f 841 843 842
v -0.00327412708 -0.0102484919 0.00274533595
v -0.00252894679 -0.0121092664 0.0028775421
v -0.00351716626 -0.0128135362 0.00259466651
f 844 846 845
v -0.00116686224 -0.0132011322 0.00290624284
v -2.4073006e-05 -0.0127168401 0.0020785159
v -0.000738785093 -0.0138621035 0.00277603176
f 847 849 848
v -0.00153355395 -0.010837541 0.00273468413
v -0.00252894679 -0.0121092664 0.0028775421
v -0.00327412708 -0.0102484919 0.00274533595
f 850 852 851
v -0.00116686224 -0.0132011322 0.00290624284
v -0.00153355395 -0.010837541 0.00273468413
v -0.000514611838 -0.0108733133 0.00217196139
f 853 855 854
v -0.0013188288 -0.00968673412 0.00289427408
v -0.000514611838 -0.0108733133 0.00217196139
v -0.00153355395 -0.010837541 0.00273468413
f 856 858 857
v -0.0013188288 -0.00968673412 0.00289427408
v -0.00153355395 -0.010837541 0.00273468413
v -0.00225523054 -0.00910492527 0.00296615453
f 859 861 860
v -0.000410211169 -0.00844963943 0.00201435923
v 0.000225880558 -0.00973917267 0.00162107062
v -0.00124796024 -0.00840258508 0.00265496255
f 862 864 863
v -0.00124796024 -0.00840258508 0.00265496255
v -0.0013188288 -0.00968673412 0.00289427408
v -0.00225523054 -0.00910492527 0.00296615453
f 865 867 866
v -0.000548084017 -0.0194701133 -0.00144706937
v -0.00235375446 -0.0173899811 -0.00159128431
v -0.00244095845 -0.0184072254 -0.00151531749
f 868 870 869
v -0.00053351896 -0.0181710086 -0.00135994196
v -0.00060849211 -0.015947684 -0.00142017198
v -0.00235375446 -0.0173899811 -0.00159128431
f 871 873 872
v -0.000758030683 -0.0142710618 -0.00147246446
v -0.00060849211 -0.015947684 -0.00142017198
v -0.000357306089 -0.0156338225 -0.00132027435
f 874 876 875
v 0.000395558436 -0.0154639332 -0.000234176241
v -0.000357306089 -0.0156338225 -0.00132027435
v 0.000440297799 -0.017534534 -0.000437740164
f 877 879 878
v -0.000758030683 -0.0142710618 -0.00147246446
v -0.00219887297 -0.0138445001 -0.00175585628
v -0.00221581668 -0.0149781554 -0.00164039047
f 880 882 881
v -0.00219887297 -0.0138445001 -0.00175585628
v -0.000758030683 -0.0142710618 -0.00147246446
v -0.0010779635 -0.0123840946 -0.00152228968
f 883 885 884
v -0.0010779635 -0.0123840946 -0.00152228968
v -0.00260413563 -0.0102067155 -0.00185247154
v -0.00211072947 -0.0125447608 -0.00164649373
f 886 888 887
v -0.000524995403 -0.0122296289 -0.00117773034
v -0.000753906625 -0.0107050299 -0.00148576109
v -0.0010779635 -0.0123840946 -0.00152228968
f 889 891 890
v 0.000491852597 -0.0132810354 6.86637577e-05
v 0.000185734189 -0.0114538685 0.00087680055
v 0.000197043823 -0.0122132464 -0.000368157453
f 892 894 893
v -0.000216249691 -0.00789516926 -0.000716758586
v -0.00115648345 -0.00841859146 -0.00161993594
v -0.000113012698 -0.0105573657 -0.000946934415
f 895 897 896
v 3.77004284e-05 -0.0110362242 0.00133961139
v 0.000225880558 -0.00973917267 0.00162107062
v 0.000156725571 -0.0104354061 -0.00035120147
f 898 900 899
v -0.000136526728 -0.00744284989 0.00117410345
v -6.27657357e-05 -0.0062760686 0.000388415901
v -0.00011072417 -0.0075472708 -0.0002107603
f 901 903 902
v -0.00011072417 -0.0075472708 -0.0002107603
v -0.000287911939 -0.0055237404 -0.000607018683
v -0.000216249691 -0.00789516926 -0.000716758586
f 904 906 905
v -0.00011072417 -0.0075472708 -0.0002107603
v -5.20087099e-05 -0.00876851336 0.0015079534
v -0.000136526728 -0.00744284989 0.00117410345
f 907 909 908
v -0.000287911939 -0.0055237404 -0.000607018683
v -0.00102887043 -0.00421811965 -0.00166666814
v -0.000783030555 -0.00709307496 -0.00173476019
f 910 912 911
v 0.000156725571 -0.0104354061 -0.00035120147
v 9.56540021e-05 -0.0113752591 -0.000462997195
v 0.000185734189 -0.0114538685 0.00087680055
f 913 915 914
v 0.000162199296 -0.0198430702 0.00269288685
v -0.000148786148 -0.0185934114 0.00277097242
v 0.000609147219 -0.0187789992 0.00205874367
f 916 918 917
v -0.000148786148 -0.0185934114 0.00277097242
v -0.00125368879 -0.0190661507 0.00310605101
v -0.000837128391 -0.0179436407 0.00304295991
f 919 921 920
v 0.000389770457 -0.0179197537 0.0023825236
v -0.000837128391 -0.0179436407 0.00304295991
v -0.000235713401 -0.0173655513 0.00266641673
f 922 924 923
v -0.000148786148 -0.0185934114 0.00277097242
v 0.000389770457 -0.0179197537 0.0023825236
v 0.000609147219 -0.0187789992 0.00205874367
f 925 927 926
v 0.000389770457 -0.0179197537 0.0023825236
v -0.000148786148 -0.0185934114 0.00277097242
v -0.000837128391 -0.0179436407 0.00304295991
f 928 930 929
v 0.000162199296 -0.0198430702 0.00269288685
v -0.000952907612 -0.0204725293 0.0032829641
v -0.000148786148 -0.0185934114 0.00277097242
f 931 933 932
v 0.000805031414 -0.0187519268 -0.000148968593
v 0.000440297799 -0.017534534 -0.000437740164
v 0.000387211412 -0.0186901976 -0.000771157193
f 934 936 935
v 0.000440297799 -0.017534534 -0.000437740164
v 0.000717043213 -0.0179099938 0.000686458179
v 0.000757448697 -0.016810486 0.000928985901
f 937 939 938
v 0.000717043213 -0.0179099938 0.000686458179
v 0.000805031414 -0.0187519268 -0.000148968593
v 0.000909539085 -0.0190055449 0.0007400301
f 940 942 941
v 0.00074395557 -0.019891969 -0.000140895372
v 0.000805031414 -0.0187519268 -0.000148968593
v 0.000387211412 -0.0186901976 -0.000771157193
f 943 945 944
v 0.000709543701 -0.0178113129 0.00194264649
v 0.000909539085 -0.0190055449 0.0007400301
v 0.000609147219 -0.0187789992 0.00205874367
f 946 948 947
v 0.000399960618 -0.0158225681 0.00188239537
v -0.000212834948 -0.016514906 0.00260577635
v 8.68944937e-05 -0.0151100452 0.0023992925
f 949 951 950
v -0.000212834948 -0.016514906 0.00260577635
v -0.000724430402 -0.0158903305 0.00303691377
v 8.68944937e-05 -0.0151100452 0.0023992925
f 952 954 953
v 0.000757448697 -0.016810486 0.000928985901
v 0.000501351906 -0.0151826025 0.000871523844
v 0.000395558436 -0.0154639332 -0.000234176241
f 955 957 956
v 0.000370358089 -0.0145710699 0.00192841671
v 8.68944937e-05 -0.0151100452 0.0023992925
v -0.000680142011 -0.014898584 0.00290182397
f 958 960 959
v 0.000370358089 -0.0145710699 0.00192841671
v -0.000680142011 -0.014898584 0.00290182397
v -0.000151314214 -0.0145596088 0.00234588624
f 961 963 962
v 0.000607922766 -0.0140344957 0.00121369285
v 0.000557120802 -0.0144417994 -0.000357095541
v 0.000501351906 -0.0151826025 0.000871523844
f 964 966 965
v 0.000269863517 -0.0132323228 0.00213994499
v -3.09892187e-05 -0.014034193 0.00256902949
v -0.000738785093 -0.0138621035 0.00277603176
f 967 969 968
v 0.000269863517 -0.0132323228 0.00213994499
v 0.000607922766 -0.0140344957 0.00121369285
v 0.000448256742 -0.0138747462 0.0021328955
f 970 972 971
v -3.09892187e-05 -0.014034193 0.00256902949
v -0.000151314214 -0.0145596088 0.00234588624
v -0.000452628137 -0.0143787154 0.00277692161
f 973 975 974
v -3.09892187e-05 -0.014034193 0.00256902949
v 0.000269863517 -0.0132323228 0.00213994499
v 0.000448256742 -0.0138747462 0.0021328955
f 976 978 977
v 0.000370358089 -0.0145710699 0.00192841671
v 0.000448256742 -0.0138747462 0.0021328955
v 0.000501351906 -0.0151826025 0.000871523844
f 979 981 980
v -3.09892187e-05 -0.014034193 0.00256902949
v 0.000370358089 -0.0145710699 0.00192841671
v -0.000151314214 -0.0145596088 0.00234588624
f 982 984 983
v 3.77004284e-05 -0.0110362242 0.00133961139
v 0.000398133125 -0.0127363004 0.00141991668
v -2.4073006e-05 -0.0127168401 0.0020785159
f 985 987 986
v 3.77004284e-05 -0.0110362242 0.00133961139
v -2.4073006e-05 -0.0127168401 0.0020785159
v -0.000514611838 -0.0108733133 0.00217196139
f 988 990 989
v 0.000398133125 -0.0127363004 0.00141991668
v 0.000607922766 -0.0140344957 0.00121369285
v 0.000269863517 -0.0132323228 0.00213994499
f 991 993 992
v 0.000909539085 -0.0190055449 0.0007400301
v 0.000805031414 -0.0187519268 -0.000148968593
v 0.00074395557 -0.019891969 -0.000140895372
f 994 996 995
v 0.000609147219 -0.0187789992 0.00205874367
v 0.00109737211 -0.020828002 0.00107912665
v 0.0010060734 -0.0206960976 0.00150891728
f 997 999 998
v -0.00317126942 -0.0215561959 -0.0013395007
v -0.00227283217 -0.0206783327 -0.00153778437
v -0.00410382963 -0.0212681232 -0.00102105059
f 1000 1002 1001
v -0.00201708081 -0.0195172601 -0.00158845669
v -0.00244095845 -0.0184072254 -0.00151531749
v -0.00362544451 -0.0193949658 -0.000987993553
f 1003 1005 1004
v -0.0010779635 -0.0123840946 -0.00152228968
v -0.00161391818 -0.00916983408 -0.00175805435
v -0.00260413563 -0.0102067155 -0.00185247154
f 1006 1008 1007
v 0.000225880558 -0.00973917267 0.00162107062
v -0.000410211169 -0.00844963943 0.00201435923
v -5.20087099e-05 -0.00876851336 0.0015079534
f 1009 1011 1010
v -0.00366671229 -0.0247278571 -0.000487985926
v -0.00361223829 -0.0258298503 3.41911857e-05
v -0.00331500232 -0.0258694257 -0.000539991106
f 1012 1014 1013
v -0.00218222067 -0.021596461 0.0029686038
v -0.00156385595 -0.0234513223 0.0030265679
v -0.00241332327 -0.0233700033 0.00301075888
f 1015 1017 1016
v -0.00429014763 -0.0182047021 -0.000310408268
v -0.00437557064 -0.0169508538 0.0015411224
v -0.00439728501 -0.0181866781 0.00139427648
f 1018 1020 1019
v -0.00421648983 -0.0212650528 -0.00085155425
v -0.00355319462 -0.0221909315 -0.00106519474
v -0.00410382963 -0.0212681232 -0.00102105059
f 1021 1023 1022
v -0.0042663869 -0.020847503 -0.000366069435
v -0.00421648983 -0.0212650528 -0.00085155425
v -0.00412868903 -0.0193169049 -0.000276443825
f 1024 1026 1025
v -0.00421648983 -0.0212650528 -0.00085155425
v -0.00410382963 -0.0212681232 -0.00102105059
v -0.00362544451 -0.0193949658 -0.000987993553
f 1027 1029 1028
v -0.00362544451 -0.0193949658 -0.000987993553
v -0.00412868903 -0.0193169049 -0.000276443825
v -0.00421648983 -0.0212650528 -0.00085155425
f 1030 1032 1031
v -0.00412868903 -0.0193169049 -0.000276443825
v -0.00400263452 -0.0203477612 0.000733415482
v -0.0042663869 -0.020847503 -0.000366069435
f 1033 1035 1034
v -0.00362544451 -0.0193949658 -0.000987993553
v -0.00410382963 -0.0212681232 -0.00102105059
v -0.00227283217 -0.0206783327 -0.00153778437
f 1036 1038 1037
v -0.00362544451 -0.0193949658 -0.000987993553
v -0.00415014511 -0.0181648807 -0.00068553054
v -0.00429014763 -0.0182047021 -0.000310408268
f 1039 1041 1040
v -0.00415014511 -0.0181648807 -0.00068553054
v -0.00362544451 -0.0193949658 -0.000987993553
v -0.00368200199 -0.0181438765 -0.00105926465
f 1042 1044 1043
v -0.00429014763 -0.0182047021 -0.000310408268
v -0.00412868903 -0.0193169049 -0.000276443825
v -0.00362544451 -0.0193949658 -0.000987993553
f 1045 1047 1046
v -0.00350251212 -0.0284500653 0.000693195489
v -0.0036786194 -0.0264566508 0.000762077161
v -0.00360681697 -0.0271965953 0.00103408383
f 1048 1050 1049
v -0.00406785621 -0.0272581674 0.00164539233
v -0.00414663846 -0.0273864571 0.00183818738
v -0.00384336927 -0.0274575228 0.00170127205
f 1051 1053 1052
v -0.00399979872 -0.0296212034 0.00195977082
v -0.00365826127 -0.0280687207 0.00169073992
v -0.0033974 -0.0271636178 0.00225862659
f 1054 1056 1055
v -0.00360681697 -0.0271965953 0.00103408383
v -0.00406785621 -0.0272581674 0.00164539233
v -0.00384336927 -0.0274575228 0.00170127205
f 1057 1059 1058
v -0.00365826127 -0.0280687207 0.00169073992
v -0.00360681697 -0.0271965953 0.00103408383
v -0.00384336927 -0.0274575228 0.00170127205
f 1060 1062 1061
v -0.00399979872 -0.0296212034 0.00195977082
v -0.00266391071 -0.026984993 0.00293296671
v -0.00232060393 -0.0280970038 0.00306881775
f 1063 1065 1064
v -0.00414663846 -0.0273864571 0.00183818738
v -0.00406785621 -0.0272581674 0.00164539233
v -0.0041484589 -0.0262214802 0.00189161092
f 1066 1068 1067
v -0.0036786194 -0.0264566508 0.000762077161
v -0.00406785621 -0.0272581674 0.00164539233
v -0.00360681697 -0.0271965953 0.00103408383
f 1069 1071 1070
v -0.0041484589 -0.0262214802 0.00189161092
v -0.0036786194 -0.0264566508 0.000762077161
v -0.0040072362 -0.0258356886 0.00170153071
f 1072 1074 1073
v -0.00414663846 -0.0273864571 0.00183818738
v -0.0041484589 -0.0262214802 0.00189161092
v -0.00375417148 -0.0267853233 0.00226774682
f 1075 1077 1076
v -0.0033974 -0.0271636178 0.00225862659
v -0.00384336927 -0.0274575228 0.00170127205
v -0.00375417148 -0.0267853233 0.00226774682
f 1078 1080 1079
v -0.0041484589 -0.0262214802 0.00189161092
v -0.00365752021 -0.0259147055 0.00226349948
v -0.00375417148 -0.0267853233 0.00226774682
f 1081 1083 1082
v -0.00396584728 -0.0245097588 0.00168608603
v -0.0040072362 -0.0258356886 0.00170153071
v -0.0036786194 -0.0264566508 0.000762077161
f 1084 1086 1085
v -0.0040072362 -0.0258356886 0.00170153071
v -0.00396584728 -0.0245097588 0.00168608603
v -0.00367225693 -0.024418984 0.00219922113
f 1087 1089 1088
v -0.00365752021 -0.0259147055 0.00226349948
v -0.0041484589 -0.0262214802 0.00189161092
v -0.0040072362 -0.0258356886 0.00170153071
f 1090 1092 1091
v -0.00369352601 -0.0240552399 0.000833084232
v -0.00366671229 -0.0247278571 -0.000487985926
v -0.00368418405 -0.0238178094 -0.000327775888
f 1093 1095 1094
v -0.0039959752 -0.0225143478 0.00179502567
v -0.00402402911 -0.023481829 0.00177934362
v -0.00374121046 -0.0230494799 0.000717303192
f 1096 1098 1097
v -0.00400824974 -0.0227440119 -0.000481993357
v -0.00374121046 -0.0230494799 0.000717303192
v -0.00368418405 -0.0238178094 -0.000327775888
f 1099 1101 1100
v -0.00368418405 -0.0238178094 -0.000327775888
v -0.00374121046 -0.0230494799 0.000717303192
v -0.00369352601 -0.0240552399 0.000833084232
f 1102 1104 1103
v -0.00396584728 -0.0245097588 0.00168608603
v -0.00402402911 -0.023481829 0.00177934362
v -0.00367225693 -0.024418984 0.00219922113
f 1105 1107 1106
v -0.00367225693 -0.024418984 0.00219922113
v -0.00250880075 -0.02496081 0.0031047326
v -0.00365752021 -0.0259147055 0.00226349948
f 1108 1110 1109
v -0.00402402911 -0.023481829 0.00177934362
v -0.00372185714 -0.0235022846 0.00215560904
v -0.00367225693 -0.024418984 0.00219922113
f 1111 1113 1112
v -0.0036786194 -0.0264566508 0.000762077161
v -0.00369352601 -0.0240552399 0.000833084232
v -0.00396584728 -0.0245097588 0.00168608603
f 1114 1116 1115
v -0.0033974 -0.0271636178 0.00225862659
v -0.00311292242 -0.0262952293 0.00247926564
v -0.00266391071 -0.026984993 0.00293296671
f 1117 1119 1118
v -0.00374121046 -0.0230494799 0.000717303192
v -0.00385933126 -0.0220458256 0.000525093219
v -0.0039959752 -0.0225143478 0.00179502567
f 1120 1122 1121
v -0.00399011042 -0.0219298119 -0.000482678206
v -0.00385933126 -0.0220458256 0.000525093219
v -0.00374121046 -0.0230494799 0.000717303192
f 1123 1125 1124
v -0.00399011042 -0.0219298119 -0.000482678206
v -0.00400263452 -0.0203477612 0.000733415482
v -0.00385933126 -0.0220458256 0.000525093219
f 1126 1128 1127
v -0.00411801702 -0.0215103966 0.00190447172
v -0.0041080184 -0.0212614745 0.00127618787
v -0.0039212453 -0.0211309656 0.00187737569
f 1129 1131 1130
v -0.0041080184 -0.0212614745 0.00127618787
v -0.00400262543 -0.0199250659 0.00154511054
v -0.0039212453 -0.0211309656 0.00187737569
f 1132 1134 1133
v -0.00399011042 -0.0219298119 -0.000482678206
v -0.0042663869 -0.020847503 -0.000366069435
v -0.00400263452 -0.0203477612 0.000733415482
f 1135 1137 1136
v -0.0043051823 -0.0219339214 0.00160748277
v -0.00385933126 -0.0220458256 0.000525093219
v -0.0041080184 -0.0212614745 0.00127618787
f 1138 1140 1139
v -0.00385933126 -0.0220458256 0.000525093219
v -0.00400263452 -0.0203477612 0.000733415482
v -0.0041080184 -0.0212614745 0.00127618787
f 1141 1143 1142
v -0.0039959752 -0.0225143478 0.00179502567
v -0.00411801702 -0.0215103966 0.00190447172
v -0.00298610266 -0.0222327333 0.00272844936
f 1144 1146 1145
v -0.00298610266 -0.0222327333 0.00272844936
v -0.00241332327 -0.0233700033 0.00301075888
v -0.00372185714 -0.0235022846 0.00215560904
f 1147 1149 1148
v -0.00411801702 -0.0215103966 0.00190447172
v -0.0039212453 -0.0211309656 0.00187737569
v -0.00298610266 -0.0222327333 0.00272844936
f 1150 1152 1151
v -0.00235847856 -0.0207488207 0.00289692125
v -0.00218222067 -0.021596461 0.0029686038
v -0.00298610266 -0.0222327333 0.00272844936
f 1153 1155 1154
v -0.00338020036 -0.0197435336 0.00236201922
v -0.00400262543 -0.0199250659 0.00154511054
v -0.00380091369 -0.0195217828 0.00195841276
f 1156 1158 1157
v -0.00338020036 -0.0197435336 0.00236201922
v -0.00235847856 -0.0207488207 0.00289692125
v -0.0039212453 -0.0211309656 0.00187737569
f 1159 1161 1160
v -0.0025234116 -0.0184479475 0.00296763865
v -0.00239189249 -0.0197152811 0.00284260477
v -0.00338020036 -0.0197435336 0.00236201922
f 1162 1164 1163
v -0.00414663846 -0.0273864571 0.00183818738
v -0.00375417148 -0.0267853233 0.00226774682
v -0.00384336927 -0.0274575228 0.00170127205
f 1165 1167 1166
v -0.00317126942 -0.0215561959 -0.0013395007
v -0.00355319462 -0.0221909315 -0.00106519474
v -0.0021848311 -0.0231567523 -0.00147178871
f 1168 1170 1169
v -0.00322160377 -0.0236305263 -0.000916043973
v -0.0021848311 -0.0231567523 -0.00147178871
v -0.00355319462 -0.0221909315 -0.00106519474
f 1171 1173 1172
v -0.00141710952 -0.0242413545 -0.00141317105
v -0.000250970038 -0.0223250696 -0.00119689976
v -0.00120764471 -0.0201862174 -0.00147177034
f 1174 1176 1175
v -0.00362544451 -0.0193949658 -0.000987993553
v -0.00227283217 -0.0206783327 -0.00153778437
v -0.00201708081 -0.0195172601 -0.00158845669
f 1177 1179 1178
v -0.00201708081 -0.0195172601 -0.00158845669
v -0.000548084017 -0.0194701133 -0.00144706937
v -0.00244095845 -0.0184072254 -0.00151531749
f 1180 1182 1181
v -0.000548084017 -0.0194701133 -0.00144706937
v 0.000387211412 -0.0186901976 -0.000771157193
v -0.00053351896 -0.0181710086 -0.00135994196
f 1183 1185 1184
v -0.00120764471 -0.0201862174 -0.00147177034
v -0.000469562156 -0.0202949508 -0.00120089117
v -0.000548084017 -0.0194701133 -0.00144706937
f 1186 1188 1187
v -0.000250970038 -0.0223250696 -0.00119689976
v -0.000469562156 -0.0202949508 -0.00120089117
v -0.00120764471 -0.0201862174 -0.00147177034
f 1189 1191 1190
v -0.0021848311 -0.0231567523 -0.00147178871
v -0.00241980542 -0.0215177148 -0.00160170821
v -0.00317126942 -0.0215561959 -0.0013395007
f 1192 1194 1193
v -0.00443510726 -0.0330289011 -0.00132005243
v -0.00439320283 -0.0326728536 -0.00116650808
v -0.00442667224 -0.0330237119 -0.00123955124
f 1195 1197 1196
v -0.00298771174 -0.0333641161 -2.23747008e-05
v -0.00323003187 -0.0333143777 -0.000116779108
v -0.00326471963 -0.0334158365 0.000359525166
f 1198 1200 1199
v -0.00298771174 -0.0333641161 -2.23747008e-05
v -0.00302908393 -0.0333450327 -0.000872895725
v -0.00323003187 -0.0333143777 -0.000116779108
f 1201 1203 1202
v -0.00439320283 -0.0326728536 -0.00116650808
v -0.00420743454 -0.0329719973 -0.00134159509
v -0.00408500928 -0.0325446716 -0.00128051142
f 1204 1206 1205
v -0.00439320283 -0.0326728536 -0.00116650808
v -0.00408200649 -0.0325474626 -0.00127049589
v -0.0039141858 -0.0322586624 -0.00122944948
f 1207 1209 1208
v -0.00408500928 -0.0325446716 -0.00128051142
v -0.00420743454 -0.0329719973 -0.00134159509
v -0.00408200649 -0.0325474626 -0.00127049589
f 1210 1212 1211
v -0.0039141858 -0.0322586624 -0.00122944948
v -0.00363817708 -0.0314637931 -0.0010287722
v -0.00430945947 -0.0324398134 -0.000774188175
f 1213 1215 1214
v -0.00439320283 -0.0326728536 -0.00116650808
v -0.0039141858 -0.0322586624 -0.00122944948
v -0.00430945947 -0.0324398134 -0.000774188175
f 1216 1218 1217
v -0.00420743454 -0.0329719973 -0.00134159509
v -0.00377578945 -0.0325932022 -0.00104209666
v -0.00382151266 -0.0327362417 -0.00119259857
f 1219 1221 1220
v -0.00382151266 -0.0327362417 -0.00119259857
v -0.00377578945 -0.0325932022 -0.00104209666
v -0.00377887554 -0.0326429348 -0.00116227966
f 1222 1224 1223
v -0.00303988618 -0.0327321672 -0.00162329179
v -0.00245604369 -0.0315364712 -0.00155036887
v -0.00363817708 -0.0314637931 -0.0010287722
f 1225 1227 1226
v -0.0039141858 -0.0322586624 -0.00122944948
v -0.00303988618 -0.0327321672 -0.00162329179
v -0.00363817708 -0.0314637931 -0.0010287722
f 1228 1230 1229
v -0.00323003187 -0.0333143777 -0.000116779108
v -0.00356978053 -0.0322881679 3.41073303e-05
v -0.00357336321 -0.0322688575 0.00121452977
f 1231 1233 1232
v -0.00339689468 -0.0329377857 -0.00106084954
v -0.00377578945 -0.0325932022 -0.00104209666
v -0.0034760611 -0.0327838614 -0.000606443791
f 1234 1236 1235
v -0.0034760611 -0.0327838614 -0.000606443791
v -0.00302908393 -0.0333450327 -0.000872895725
v -0.00339689468 -0.0329377857 -0.00106084954
f 1237 1239 1238
v -0.00328639944 -0.0334262062 0.00048595216
v -0.00165463007 -0.033212066 0.000349963989
v -0.00298771174 -0.0333641161 -2.23747008e-05
f 1240 1242 1241
v -0.00430945947 -0.0324398134 -0.000774188175
v -0.00394064919 -0.0315851328 -0.000561121851
v -0.0038237471 -0.0314430305 -6.3139754e-05
f 1243 1245 1244
v -0.0038237471 -0.0314430305 -6.3139754e-05
v -0.00394064919 -0.0315851328 -0.000561121851
v -0.00374718402 -0.0304817484 -0.00031090467
f 1246 1248 1247
v -0.00356978053 -0.0322881679 3.41073303e-05
v -0.00362076426 -0.031114684 0.00162849174
v -0.00357336321 -0.0322688575 0.00121452977
f 1249 1251 1250
v -0.00356978053 -0.0322881679 3.41073303e-05
v -0.0038237471 -0.0314430305 -6.3139754e-05
v -0.00362076426 -0.031114684 0.00162849174
f 1252 1254 1253
v -0.00259294666 -0.0332009047 -0.00135262399
v -0.00303988618 -0.0327321672 -0.00162329179
v -0.00302908393 -0.0333450327 -0.000872895725
f 1255 1257 1256
v -0.00245604369 -0.0315364712 -0.00155036887
v -0.00180342668 -0.0327178481 -0.00156077258
v -0.00086101445 -0.0305971509 -0.00169253763
f 1258 1260 1259
v -0.00219464255 -0.0329699193 -0.00154526624
v -0.00302908393 -0.0333450327 -0.000872895725
v -0.00180342668 -0.0327178481 -0.00156077258
f 1261 1263 1262
v -0.00298771174 -0.0333641161 -2.23747008e-05
v -0.00165463007 -0.033212066 0.000349963989
v -0.00302908393 -0.0333450327 -0.000872895725
f 1264 1266 1265
v -0.00302908393 -0.0333450327 -0.000872895725
v -0.00165463007 -0.033212066 0.000349963989
v -0.00180342668 -0.0327178481 -0.00156077258
f 1267 1269 1268
v -0.00100710877 -0.0326700596 -0.00161924872
v -0.00180342668 -0.0327178481 -0.00156077258
v -0.000805772834 -0.0327864342 -0.00137584539
f 1270 1272 1271
v -0.00180342668 -0.0327178481 -0.00156077258
v -0.00165463007 -0.033212066 0.000349963989
v 0.000715058195 -0.032952975 -0.000198522957
f 1273 1275 1274
v -0.00446256709 -0.0330408191 -0.00104355058
v -0.00377578945 -0.0325932022 -0.00104209666
v -0.00420743454 -0.0329719973 -0.00134159509
f 1276 1278 1277
v -0.0032591026 -0.0333919481 0.000364498987
v -0.00323003187 -0.0333143777 -0.000116779108
v -0.00336528537 -0.0334343902 0.000669114752
f 1279 1281 1280
v -0.0032591026 -0.0333919481 0.000364498987
v -0.00336528537 -0.0334343902 0.000669114752
v -0.00326471963 -0.0334158365 0.000359525166
f 1282 1284 1283
v -0.00339689468 -0.0329377857 -0.00106084954
v -0.00302908393 -0.0333450327 -0.000872895725
v -0.00303988618 -0.0327321672 -0.00162329179
f 1285 1287 1286
v -0.00439320283 -0.0326728536 -0.00116650808
v -0.00430945947 -0.0324398134 -0.000774188175
v -0.00446256709 -0.0330408191 -0.00104355058
f 1288 1290 1289
v -0.003902147 -0.0323334389 0.00216037624
v -0.00364782209 -0.0327554852 0.00235239568
v -0.00341858213 -0.0328341004 0.00163481163
f 1291 1293 1292
v -0.00336528537 -0.0334343902 0.000669114752
v -0.00357336321 -0.0322688575 0.00121452977
v -0.00341858213 -0.0328341004 0.00163481163
f 1294 1296 1295
v -0.00310318537 -0.0333646225 0.00185935787
v -0.00341858213 -0.0328341004 0.00163481163
v -0.00329694849 -0.0329866627 0.00209357058
f 1297 1299 1298
v -0.00165463007 -0.033212066 0.000349963989
v -0.00336528537 -0.0334343902 0.000669114752
v -0.00310318537 -0.0333646225 0.00185935787
f 1300 1302 1301
v -0.00310318537 -0.0333646225 0.00185935787
v -0.00250783196 -0.0333227479 0.00249004443
v -0.00161153166 -0.0329551665 0.00293892208
f 1303 1305 1304
v -0.003902147 -0.0323334389 0.00216037624
v -0.00357336321 -0.0322688575 0.00121452977
v -0.00362076426 -0.031114684 0.00162849174
f 1306 1308 1307
v -0.00341858213 -0.0328341004 0.00163481163
v -0.00357336321 -0.0322688575 0.00121452977
v -0.003902147 -0.0323334389 0.00216037624
f 1309 1311 1310
v -0.00364782209 -0.0327554852 0.00235239568
v -0.00303527468 -0.032476068 0.00268973763
v -0.00329694849 -0.0329866627 0.00209357058
f 1312 1314 1313
v -0.00366698878 -0.0324410619 0.00256859294
v -0.00364782209 -0.0327554852 0.00235239568
v -0.003902147 -0.0323334389 0.00216037624
f 1315 1317 1316
v -0.003902147 -0.0323334389 0.00216037624
v -0.00339215185 -0.0309719908 0.00251041038
v -0.00330248622 -0.0316617923 0.00268855074
f 1318 1320 1319
v -0.00236110991 -0.032621689 0.00313565251
v -0.00130161334 -0.0329096423 0.0028183129
v -0.00161153166 -0.0329551665 0.00293892208
f 1321 1323 1322
v -0.00165463007 -0.033212066 0.000349963989
v -0.00161153166 -0.0329551665 0.00293892208
v -0.000591638536 -0.0331848103 0.000954308416
f 1324 1326 1325
v 0.000715058195 -0.032952975 -0.000198522957
v -0.00165463007 -0.033212066 0.000349963989
v -0.000591638536 -0.0331848103 0.000954308416
f 1327 1329 1328
v -0.000555771658 -0.0319111132 0.00306746115
v -0.000906715468 -0.0331201096 0.00275060611
v -0.00130161334 -0.0329096423 0.0028183129
f 1330 1332 1331
v -0.000555771658 -0.0319111132 0.00306746115
v 0.0002999461 -0.0327077199 0.00267232354
v -0.000906715468 -0.0331201096 0.00275060611
f 1333 1335 1334
v -0.000805772834 -0.0327864342 -0.00137584539
v 0.000530385842 -0.0329623173 -0.00105252366
v -0.000613457541 -0.0328124413 -0.0015964768
f 1336 1338 1337
v -0.000613457541 -0.0328124413 -0.0015964768
v 0.000344368982 -0.0316021557 -0.00143334382
v -0.00086101445 -0.0305971509 -0.00169253763
f 1339 1341 1340
v 0.000968479435 -0.032896371 -0.000243926752
v 0.00128188531 -0.0317518221 -0.00011143519
v 0.000701976296 -0.0320533261 -0.00120534733
f 1342 1344 1343
v 0.000968479435 -0.032896371 -0.000243926752
v 0.000530385842 -0.0329623173 -0.00105252366
v 0.000715058195 -0.032952975 -0.000198522957
f 1345 1347 1346
v 0.000701976296 -0.0320533261 -0.00120534733
v 0.000344368982 -0.0316021557 -0.00143334382
v 0.000530385842 -0.0329623173 -0.00105252366
f 1348 1350 1349
v -0.000591638536 -0.0331848103 0.000954308416
v 0.00100554389 -0.0332711876 0.00111835843
v 0.000715058195 -0.032952975 -0.000198522957
f 1351 1353 1352
v -0.000591638536 -0.0331848103 0.000954308416
v 0.000162018398 -0.0334702694 0.00241755442
v 0.000742272141 -0.0333236589 0.00180218904
f 1354 1356 1355
v 0.00100554389 -0.0332711876 0.00111835843
v 0.000742272141 -0.0333236589 0.00180218904
v 0.00121442299 -0.0319091137 0.00163237728
f 1357 1359 1358
v 0.000715058195 -0.032952975 -0.000198522957
v 0.00100554389 -0.0332711876 0.00111835843
v 0.00119918222 -0.0326927489 0.000768186783
f 1360 1362 1361
v -0.00312706361 -0.0292886107 -0.000955792348
v -0.00374718402 -0.0304817484 -0.00031090467
v -0.00363817708 -0.0314637931 -0.0010287722
f 1363 1365 1364
v -0.00374718402 -0.0304817484 -0.00031090467
v -0.00350086084 -0.0295384467 0.000915476267
v -0.00353120085 -0.0300539192 0.00135535265
f 1366 1368 1367
v -0.0038237471 -0.0314430305 -6.3139754e-05
v -0.00374718402 -0.0304817484 -0.00031090467
v -0.00353120085 -0.0300539192 0.00135535265
f 1369 1371 1370
v -0.00362076426 -0.031114684 0.00162849174
v -0.00353120085 -0.0300539192 0.00135535265
v -0.00352462121 -0.030321136 0.00199183087
f 1372 1374 1373
v -0.00245604369 -0.0315364712 -0.00155036887
v -0.00209988066 -0.0294525205 -0.00159632982
v -0.00266738152 -0.0299258623 -0.00148079453
f 1375 1377 1376
v -0.00086101445 -0.0305971509 -0.00169253763
v -0.000396876612 -0.0293806894 -0.001561926
v -0.00209988066 -0.0294525205 -0.00159632982
f 1378 1380 1379
v -0.00312706361 -0.0292886107 -0.000955792348
v -0.00343039355 -0.0285362039 -0.000853893107
v -0.00343500433 -0.0292556855 -0.000392489619
f 1381 1383 1382
v -0.00343500433 -0.0292556855 -0.000392489619
v -0.00343039355 -0.0285362039 -0.000853893107
v -0.00369753761 -0.028503139 -0.000275929597
f 1384 1386 1385
v -0.00375850395 -0.027823227 -0.000364321841
v -0.00361223829 -0.0258298503 3.41911857e-05
v -0.0036786194 -0.0264566508 0.000762077161
f 1387 1389 1388
v -0.00340807892 -0.0277221814 -0.000832560181
v -0.00343039355 -0.0285362039 -0.000853893107
v -0.00247396365 -0.0275192317 -0.00125645111
f 1390 1392 1391
v -0.00369753761 -0.028503139 -0.000275929597
v -0.00350251212 -0.0284500653 0.000693195489
v -0.00343500433 -0.0292556855 -0.000392489619
f 1393 1395 1394
v -0.00375850395 -0.027823227 -0.000364321841
v -0.00350251212 -0.0284500653 0.000693195489
v -0.00369753761 -0.028503139 -0.000275929597
f 1396 1398 1397
v -0.00247396365 -0.0275192317 -0.00125645111
v -0.00209988066 -0.0294525205 -0.00159632982
v -0.001733928 -0.0267933472 -0.0013716457
f 1399 1401 1400
v -0.00209988066 -0.0294525205 -0.00159632982
v -0.000396876612 -0.0293806894 -0.001561926
v -0.001733928 -0.0267933472 -0.0013716457
f 1402 1404 1403
v -0.00312706361 -0.0292886107 -0.000955792348
v -0.00266738152 -0.0299258623 -0.00148079453
v -0.00343039355 -0.0285362039 -0.000853893107
f 1405 1407 1406
v -0.00299570547 -0.0293633144 0.00263272232
v -0.00263883176 -0.0298792904 0.00308903691
v -0.00339215185 -0.0309719908 0.00251041038
f 1408 1410 1409
v -0.00263883176 -0.0298792904 0.00308903691
v -0.00330248622 -0.0316617923 0.00268855074
v -0.00339215185 -0.0309719908 0.00251041038
f 1411 1413 1412
v -0.00149000934 -0.0305142225 0.00329873219
v -0.00108032964 -0.0299168751 0.00358487559
v -0.000798527435 -0.0308903662 0.00328420974
f 1414 1416 1415
v -0.00149000934 -0.0305142225 0.00329873219
v -0.000798527435 -0.0308903662 0.00328420974
v -0.00103826205 -0.0313064782 0.00332621494
f 1417 1419 1418
v -0.000534921355 -0.031634848 0.00312244847
v -0.000555771658 -0.0319111132 0.00306746115
v -0.000536112975 -0.0316337595 0.00311845288
f 1420 1422 1421
v -0.00103826205 -0.0313064782 0.00332621494
v -0.000536112975 -0.0316337595 0.00311845288
v -0.000555771658 -0.0319111132 0.00306746115
f 1423 1425 1424
v -0.000798527435 -0.0308903662 0.00328420974
v -0.000534921355 -0.031634848 0.00312244847
v -0.00103826205 -0.0313064782 0.00332621494
f 1426 1428 1427
v -0.00103826205 -0.0313064782 0.00332621494
v -0.000534921355 -0.031634848 0.00312244847
v -0.000536112975 -0.0316337595 0.00311845288
f 1429 1431 1430
v -0.000240215604 -0.0316675199 0.00299532694
v -0.000534921355 -0.031634848 0.00312244847
v -0.000536112975 -0.0316337595 0.00311845288
f 1432 1434 1433
v -0.000244148396 -0.0302926957 0.00320124382
v 0.000481860707 -0.029769211 0.00307313676
v -0.000240215604 -0.0316675199 0.00299532694
f 1435 1437 1436
v 0.00103042566 -0.0312767545 0.00213236053
v 0.0002999461 -0.0327077199 0.00267232354
v -0.000240215604 -0.0316675199 0.00299532694
f 1438 1440 1439
v -0.00299570547 -0.0293633144 0.00263272232
v -0.00212637842 -0.0293940917 0.00332843701
v -0.00263883176 -0.0298792904 0.00308903691
f 1441 1443 1442
v -0.00212637842 -0.0293940917 0.00332843701
v -0.00108032964 -0.0299168751 0.00358487559
v -0.00149000934 -0.0305142225 0.00329873219
f 1444 1446 1445
v -0.00212637842 -0.0293940917 0.00332843701
v -0.00101111164 -0.0289828808 0.00330649273
v -0.00108032964 -0.0299168751 0.00358487559
f 1447 1449 1448
v -0.000173996284 -0.0291229691 0.00305051399
v 0.000689919489 -0.0284043403 0.00274300273
v 0.000748376806 -0.0293505058 0.00284818398
f 1450 1452 1451
v 0.000748376806 -0.0293505058 0.00284818398
v 0.000689919489 -0.0284043403 0.00274300273
v 0.00126962768 -0.0294667669 0.00211732076
f 1453 1455 1454
v 0.00126962768 -0.0294667669 0.00211732076
v 0.000689919489 -0.0284043403 0.00274300273
v 0.00126794785 -0.0283340749 0.00165626388
f 1456 1458 1457
v -0.000173996284 -0.0291229691 0.00305051399
v -0.000244148396 -0.0302926957 0.00320124382
v -0.00108032964 -0.0299168751 0.00358487559
f 1459 1461 1460
v -0.000244148396 -0.0302926957 0.00320124382
v -0.000173996284 -0.0291229691 0.00305051399
v 0.000481860707 -0.029769211 0.00307313676
f 1462 1464 1463
v 0.000481860707 -0.029769211 0.00307313676
v 0.000748376806 -0.0293505058 0.00284818398
v 0.00108569584 -0.0302507979 0.0023288696
f 1465 1467 1466
v -0.000173996284 -0.0291229691 0.00305051399
v 0.000748376806 -0.0293505058 0.00284818398
v 0.000481860707 -0.029769211 0.00307313676
f 1468 1470 1469
v 0.000344368982 -0.0316021557 -0.00143334382
v 0.00118864264 -0.0302247587 -0.000660623573
v 0.000796725908 -0.0295280857 -0.000935638309
f 1471 1473 1472
v 0.00128188531 -0.0317518221 -0.00011143519
v 0.00118864264 -0.0302247587 -0.000660623573
v 0.000701976296 -0.0320533261 -0.00120534733
f 1474 1476 1475
v 0.000796725908 -0.0295280857 -0.000935638309
v -0.000396876612 -0.0293806894 -0.001561926
v 0.000344368982 -0.0316021557 -0.00143334382
f 1477 1479 1478
v -0.00086101445 -0.0305971509 -0.00169253763
v 0.000344368982 -0.0316021557 -0.00143334382
v -0.000396876612 -0.0293806894 -0.001561926
f 1480 1482 1481
v 0.000701976296 -0.0320533261 -0.00120534733
v 0.00118864264 -0.0302247587 -0.000660623573
v 0.000344368982 -0.0316021557 -0.00143334382
f 1483 1485 1484
v 0.00118864264 -0.0302247587 -0.000660623573
v 0.00105240269 -0.0279142609 -0.000378611639
v 0.00043519367 -0.0265814335 -0.000916882891
f 1486 1488 1487
v 0.00182123749 -0.0300116633 0.000938924131
v 0.00161976841 -0.029183313 0.000911625193
v 0.00118864264 -0.0302247587 -0.000660623573
f 1489 1491 1490
v 0.000796725908 -0.0295280857 -0.000935638309
v 0.00118864264 -0.0302247587 -0.000660623573
v 0.00043519367 -0.0265814335 -0.000916882891
f 1492 1494 1493
v 0.00121442299 -0.0319091137 0.00163237728
v 0.00149942298 -0.0312597404 0.00162898377
v 0.00119918222 -0.0326927489 0.000768186783
f 1495 1497 1496
v 0.00182626427 -0.0301993248 0.00169688774
v 0.00149942298 -0.0312597404 0.00162898377
v 0.00108569584 -0.0302507979 0.0023288696
f 1498 1500 1499
v 0.00157246104 -0.0314768433 0.00112063262
v 0.00182123749 -0.0300116633 0.000938924131
v 0.00118864264 -0.0302247587 -0.000660623573
f 1501 1503 1502
v 0.00149942298 -0.0312597404 0.00162898377
v 0.00182626427 -0.0301993248 0.00169688774
v 0.00157246104 -0.0314768433 0.00112063262
f 1504 1506 1505
v 0.0002999461 -0.0327077199 0.00267232354
v 0.00103042566 -0.0312767545 0.00213236053
v 0.000825600728 -0.032642702 0.00210068756
f 1507 1509 1508
v 0.00179430663 -0.029634466 0.00159945321
v 0.00182626427 -0.0301993248 0.00169688774
v 0.00126962768 -0.0294667669 0.00211732076
f 1510 1512 1511
v 0.00182626427 -0.0301993248 0.00169688774
v 0.00179430663 -0.029634466 0.00159945321
v 0.00182123749 -0.0300116633 0.000938924131
f 1513 1515 1514
v 0.00136259387 -0.0284677342 0.000908236143
v 0.00161976841 -0.029183313 0.000911625193
v 0.00126794785 -0.0283340749 0.00165626388
f 1516 1518 1517
v -0.00363817708 -0.0314637931 -0.0010287722
v -0.00374718402 -0.0304817484 -0.00031090467
v -0.00394064919 -0.0315851328 -0.000561121851
f 1519 1521 1520
v 0.000748376806 -0.0293505058 0.00284818398
v 0.00126962768 -0.0294667669 0.00211732076
v 0.00108569584 -0.0302507979 0.0023288696
f 1522 1524 1523
v -0.00328639944 -0.0334262062 0.00048595216
v -0.00336528537 -0.0334343902 0.000669114752
v -0.00165463007 -0.033212066 0.000349963989
f 1525 1527 1526
v 0.00128188531 -0.0317518221 -0.00011143519
v 0.00157246104 -0.0314768433 0.00112063262
v 0.00118864264 -0.0302247587 -0.000660623573
f 1528 1530 1529
v -0.00286602426 -0.0250791723 -0.00107555898
v -0.00331500232 -0.0258694257 -0.000539991106
v -0.0032128286 -0.0266574556 -0.000826592623
f 1531 1533 1532
v -0.00247396365 -0.0275192317 -0.00125645111
v -0.00209355276 -0.0259711931 -0.00147643696
v -0.0032128286 -0.0266574556 -0.000826592623
f 1534 1536 1535
v -0.00286602426 -0.0250791723 -0.00107555898
v -0.00366671229 -0.0247278571 -0.000487985926
v -0.00331500232 -0.0258694257 -0.000539991106
f 1537 1539 1538
v -0.00209355276 -0.0259711931 -0.00147643696
v -0.00164872945 -0.0252787053 -0.00145567992
v -0.00286602426 -0.0250791723 -0.00107555898
f 1540 1542 1541
v -0.0032128286 -0.0266574556 -0.000826592623
v -0.00209355276 -0.0259711931 -0.00147643696
v -0.00286602426 -0.0250791723 -0.00107555898
f 1543 1545 1544
v -0.000587682325 -0.0269428943 -0.0013957866
v -0.000580258757 -0.026029686 -0.00151713612
v -0.001733928 -0.0267933472 -0.0013716457
f 1546 1548 1547
v -0.001733928 -0.0267933472 -0.0013716457
v -0.000580258757 -0.026029686 -0.00151713612
v -0.00209355276 -0.0259711931 -0.00147643696
f 1549 1551 1550
v -3.75005023e-06 -0.0266374322 -0.00119573597
v -0.000580258757 -0.026029686 -0.00151713612
v -0.000587682325 -0.0269428943 -0.0013957866
f 1552 1554 1553
v -0.000580258757 -0.026029686 -0.00151713612
v -0.00164872945 -0.0252787053 -0.00145567992
v -0.00209355276 -0.0259711931 -0.00147643696
f 1555 1557 1556
v -3.75005023e-06 -0.0266374322 -0.00119573597
v -0.000128898671 -0.0249965495 -0.00138298801
v -0.000580258757 -0.026029686 -0.00151713612
f 1558 1560 1559
v -0.00366671229 -0.0247278571 -0.000487985926
v -0.00286602426 -0.0250791723 -0.00107555898
v -0.00322160377 -0.0236305263 -0.000916043973
f 1561 1563 1562
v -0.00322160377 -0.0236305263 -0.000916043973
v -0.00286602426 -0.0250791723 -0.00107555898
v -0.0021848311 -0.0231567523 -0.00147178871
f 1564 1566 1565
v 0.00043519367 -0.0265814335 -0.000916882891
v 0.000872554665 -0.0249256816 -0.000159325646
v -0.000128898671 -0.0249965495 -0.00138298801
f 1567 1569 1568
v -0.000569258737 -0.0246594718 -0.00149181778
v 3.78577482e-05 -0.0235645857 -0.00120630648
v -0.000250970038 -0.0223250696 -0.00119689976
f 1570 1572 1571
v 0.000872554665 -0.0249256816 -0.000159325646
v 0.000898833787 -0.0234838313 -0.000265823292
v -0.000128898671 -0.0249965495 -0.00138298801
f 1573 1575 1574
v 0.00108422028 -0.0254936458 0.00131296219
v 0.000898833787 -0.0234838313 -0.000265823292
v 0.000872554665 -0.0249256816 -0.000159325646
f 1576 1578 1577
v 0.00108422028 -0.0254936458 0.00131296219
v 0.00102918439 -0.023684201 0.00125774932
v 0.000898833787 -0.0234838313 -0.000265823292
f 1579 1581 1580
v 0.00101612295 -0.0249856501 0.00177858765
v 0.00102918439 -0.023684201 0.00125774932
v 0.00108422028 -0.0254936458 0.00131296219
f 1582 1584 1583
v -0.00173019689 -0.0262242043 0.00348468311
v -0.00232060393 -0.0280970038 0.00306881775
v -0.00266391071 -0.026984993 0.00293296671
f 1585 1587 1586
v -0.000329757472 -0.0268866919 0.00307632145
v -0.000173996284 -0.0291229691 0.00305051399
v -0.00180385632 -0.0272902689 0.00320815234
f 1588 1590 1589
v -0.00192118314 -0.0257989072 0.00354319927
v -0.00266391071 -0.026984993 0.00293296671
v -0.00311292242 -0.0262952293 0.00247926564
f 1591 1593 1592
v -0.00192118314 -0.0257989072 0.00354319927
v -0.00173019689 -0.0262242043 0.00348468311
v -0.00266391071 -0.026984993 0.00293296671
f 1594 1596 1595
v -0.00173019689 -0.0262242043 0.00348468311
v -0.000625478697 -0.0255105057 0.00341973137
v -0.000329757472 -0.0268866919 0.00307632145
f 1597 1599 1598
v 0.000932334842 -0.0273724116 0.00222013441
v 0.000689919489 -0.0284043403 0.00274300273
v -0.000329757472 -0.0268866919 0.00307632145
f 1600 1602 1601
v 0.000932334842 -0.0273724116 0.00222013441
v 0.00126794785 -0.0283340749 0.00165626388
v 0.000689919489 -0.0284043403 0.00274300273
f 1603 1605 1604
v 0.00108801287 -0.0261783891 0.00158280873
v 0.00116776773 -0.0270629098 0.00176803296
v 0.000548449225 -0.0263158203 0.00240868867
f 1606 1608 1607
v -0.000763801472 -0.0248958037 0.00339964972
v 0.000712961355 -0.0246906915 0.00234872296
v -0.000625478697 -0.0255105057 0.00341973137
f 1609 1611 1610
v -0.00241332327 -0.0233700033 0.00301075888
v -0.0016463373 -0.024862797 0.00327139642
v -0.00250880075 -0.02496081 0.0031047326
f 1612 1614 1613
v -0.00156385595 -0.0234513223 0.0030265679
v -0.000718096862 -0.024292017 0.00319703759
v -0.0016463373 -0.024862797 0.00327139642
f 1615 1617 1616
v -0.000763801472 -0.0248958037 0.00339964972
v -0.000718096862 -0.024292017 0.00319703759
v 1.18777294e-05 -0.0241597168 0.00284983998
f 1618 1620 1619
v -0.0016463373 -0.024862797 0.00327139642
v -0.000763801472 -0.0248958037 0.00339964972
v -0.000625478697 -0.0255105057 0.00341973137
f 1621 1623 1622
v -0.000625478697 -0.0255105057 0.00341973137
v -0.00173019689 -0.0262242043 0.00348468311
v -0.00192118314 -0.0257989072 0.00354319927
f 1624 1626 1625
v -0.0016463373 -0.024862797 0.00327139642
v -0.000625478697 -0.0255105057 0.00341973137
v -0.00192118314 -0.0257989072 0.00354319927
f 1627 1629 1628
v 0.00101612295 -0.0249856501 0.00177858765
v 0.000548449225 -0.0263158203 0.00240868867
v 0.000712961355 -0.0246906915 0.00234872296
f 1630 1632 1631
v 0.00108801287 -0.0261783891 0.00158280873
v 0.00101612295 -0.0249856501 0.00177858765
v 0.00108422028 -0.0254936458 0.00131296219
f 1633 1635 1634
v 0.000548449225 -0.0263158203 0.00240868867
v 0.00101612295 -0.0249856501 0.00177858765
v 0.00108801287 -0.0261783891 0.00158280873
f 1636 1638 1637
v 1.18777294e-05 -0.0241597168 0.00284983998
v 0.000712961355 -0.0246906915 0.00234872296
v -0.000763801472 -0.0248958037 0.00339964972
f 1639 1641 1640
v 0.00101612295 -0.0249856501 0.00177858765
v 0.000712961355 -0.0246906915 0.00234872296
v 0.000790966442 -0.0235706015 0.00203147811
f 1642 1644 1643
v -0.000625478697 -0.0255105057 0.00341973137
v 0.000712961355 -0.0246906915 0.00234872296
v 0.000548449225 -0.0263158203 0.00240868867
f 1645 1647 1646
v -0.000625478697 -0.0255105057 0.00341973137
v 0.000548449225 -0.0263158203 0.00240868867
v -0.000329757472 -0.0268866919 0.00307632145
f 1648 1650 1649
v 0.00105240269 -0.0279142609 -0.000378611639
v 0.00128451629 -0.0274491875 0.001131934
v 0.000919770173 -0.0264753617 -0.00024996898
f 1651 1653 1652
v 0.00108801287 -0.0261783891 0.00158280873
v 0.000919770173 -0.0264753617 -0.00024996898
v 0.00128451629 -0.0274491875 0.001131934
f 1654 1656 1655
v 0.00043519367 -0.0265814335 -0.000916882891
v 0.000919770173 -0.0264753617 -0.00024996898
v 0.000872554665 -0.0249256816 -0.000159325646
f 1657 1659 1658
v 0.000932334842 -0.0273724116 0.00222013441
v 0.00116776773 -0.0270629098 0.00176803296
v 0.00126794785 -0.0283340749 0.00165626388
f 1660 1662 1661
v -0.00218222067 -0.021596461 0.0029686038
v -0.00070683418 -0.0227781216 0.0031495063
v -0.00156385595 -0.0234513223 0.0030265679
f 1663 1665 1664
v -0.000838535379 -0.0215148219 0.00305972644
v -0.00070683418 -0.0227781216 0.0031495063
v -0.00218222067 -0.021596461 0.0029686038
f 1666 1668 1667
v -0.000838535379 -0.0215148219 0.00305972644
v -1.6492217e-05 -0.0215299384 0.00273655714
v -0.00070683418 -0.0227781216 0.0031495063
f 1669 1671 1670
v -0.000250970038 -0.0223250696 -0.00119689976
v 0.00043957948 -0.0215159118 -0.000664239178
v -0.000469562156 -0.0202949508 -0.00120089117
f 1672 1674 1673
v 0.000815782732 -0.0222167495 0.000264448636
v 0.00043957948 -0.0215159118 -0.000664239178
v 0.000898833787 -0.0234838313 -0.000265823292
f 1675 1677 1676
v 0.000898833787 -0.0234838313 -0.000265823292
v 0.00043957948 -0.0215159118 -0.000664239178
v 3.78577482e-05 -0.0235645857 -0.00120630648
f 1678 1680 1679
v 0.000790966442 -0.0235706015 0.00203147811
v 0.000863236346 -0.022283016 0.00200745271
v 0.00102918439 -0.023684201 0.00125774932
f 1681 1683 1682
v 0.000863236346 -0.022283016 0.00200745271
v 0.000815782732 -0.0222167495 0.000264448636
v 0.00102918439 -0.023684201 0.00125774932
f 1684 1686 1685
v -0.00218222067 -0.021596461 0.0029686038
v -0.000952907612 -0.0204725293 0.0032829641
v -0.000838535379 -0.0215148219 0.00305972644
f 1687 1689 1688
v 0.000162199296 -0.0198430702 0.00269288685
v -0.000838535379 -0.0215148219 0.00305972644
v -0.000952907612 -0.0204725293 0.0032829641
f 1690 1692 1691
v 0.000570389739 -0.0213945721 0.00261287223
v -1.6492217e-05 -0.0215299384 0.00273655714
v 0.000162199296 -0.0198430702 0.00269288685
f 1693 1695 1694
v 0.00074395557 -0.019891969 -0.000140895372
v 0.000387211412 -0.0186901976 -0.000771157193
v -0.000548084017 -0.0194701133 -0.00144706937
f 1696 1698 1697
v -1.6492217e-05 -0.0215299384 0.00273655714
v 0.000570389739 -0.0213945721 0.00261287223
v 0.00057408547 -0.022228717 0.00248140459
f 1699 1701 1700
v 0.000863236346 -0.022283016 0.00200745271
v 0.0010060734 -0.0206960976 0.00150891728
v 0.000815782732 -0.0222167495 0.000264448636
f 1702 1704 1703
v 0.000907935646 -0.0212896921 0.0022719003
v 0.0010060734 -0.0206960976 0.00150891728
v 0.000863236346 -0.022283016 0.00200745271
f 1705 1707 1706
v 0.000907935646 -0.0212896921 0.0022719003
v 0.000863236346 -0.022283016 0.00200745271
v 0.000570389739 -0.0213945721 0.00261287223
f 1708 1710 1709
v 0.000907935646 -0.0212896921 0.0022719003
v 0.000706811988 -0.0201443254 0.00214886641
v 0.0010060734 -0.0206960976 0.00150891728
f 1711 1713 1712
v -5.43972725e-06 -0.0228288074 0.00281196571
v -1.6492217e-05 -0.0215299384 0.00273655714
v 0.00057408547 -0.022228717 0.00248140459
f 1714 1716 1715
v -0.00156385595 -0.0234513223 0.0030265679
v -0.00070683418 -0.0227781216 0.0031495063
v -0.000475797378 -0.0232824998 0.00321542393
f 1717 1719 1718
v -0.00070683418 -0.0227781216 0.0031495063
v -5.43972725e-06 -0.0228288074 0.00281196571
v -0.000475797378 -0.0232824998 0.00321542393
f 1720 1722 1721
v -1.6492217e-05 -0.0215299384 0.00273655714
v -5.43972725e-06 -0.0228288074 0.00281196571
v -0.00070683418 -0.0227781216 0.0031495063
f 1723 1725 1724
v -0.00156385595 -0.0234513223 0.0030265679
v -0.000475797378 -0.0232824998 0.00321542393
v -0.000718096862 -0.024292017 0.00319703759
f 1726 1728 1727
v 0.000790966442 -0.0235706015 0.00203147811
v 1.18777294e-05 -0.0241597168 0.00284983998
v -5.43972725e-06 -0.0228288074 0.00281196571
f 1729 1731 1730
v 0.00057408547 -0.022228717 0.00248140459
v 0.000790966442 -0.0235706015 0.00203147811
v -5.43972725e-06 -0.0228288074 0.00281196571
f 1732 1734 1733
v -5.43972725e-06 -0.0228288074 0.00281196571
v 1.18777294e-05 -0.0241597168 0.00284983998
v -0.000475797378 -0.0232824998 0.00321542393
f 1735 1737 1736
v 0.000790966442 -0.0235706015 0.00203147811
v 0.000712961355 -0.0246906915 0.00234872296
v 1.18777294e-05 -0.0241597168 0.00284983998
f 1738 1740 1739
v 0.00116776773 -0.0270629098 0.00176803296
v 0.00108801287 -0.0261783891 0.00158280873
v 0.00128451629 -0.0274491875 0.001131934
f 1741 1743 1742
v -0.001733928 -0.0267933472 -0.0013716457
v -0.00209355276 -0.0259711931 -0.00147643696
v -0.00247396365 -0.0275192317 -0.00125645111
f 1744 1746 1745
v -0.00160908367 -0.0283180882 0.00329143368
v -0.00180385632 -0.0272902689 0.00320815234
v -0.00101111164 -0.0289828808 0.00330649273
f 1747 1749 1748
v -0.00357012541 -0.0163357763 -0.00120888599
v -0.00230406276 -0.0169740146 -0.00169726354
v -0.00221581668 -0.0149781554 -0.00164039047
f 1750 1752 1751
v -0.00357012541 -0.0163357763 -0.00120888599
v -0.00235375446 -0.0173899811 -0.00159128431
v -0.00230406276 -0.0169740146 -0.00169726354
f 1753 1755 1754
v -0.00429014763 -0.0182047021 -0.000310408268
v -0.00415014511 -0.0181648807 -0.00068553054
v -0.00406330182 -0.0167773047 -0.00079469628
f 1756 1758 1757
v -0.00406330182 -0.0167773047 -0.00079469628
v -0.00415014511 -0.0181648807 -0.00068553054
v -0.00368200199 -0.0181438765 -0.00105926465
f 1759 1761 1760
v -0.00368200199 -0.0181438765 -0.00105926465
v -0.00357012541 -0.0163357763 -0.00120888599
v -0.00406330182 -0.0167773047 -0.00079469628
f 1762 1764 1763
v -0.00368200199 -0.0181438765 -0.00105926465
v -0.00244095845 -0.0184072254 -0.00151531749
v -0.00235375446 -0.0173899811 -0.00159128431
f 1765 1767 1766
v -0.00406330182 -0.0167773047 -0.00079469628
v -0.00437663803 -0.0154086112 -0.000642951727
v -0.0043608954 -0.0167173028 -0.000173092576
f 1768 1770 1769
v -0.00437663803 -0.0154086112 -0.000642951727
v -0.0046727906 -0.0137864903 -0.000582506891
v -0.00462944263 -0.0148420935 -0.000233766514
f 1771 1773 1772
v -0.00430350447 -0.0133182097 -0.0011537164
v -0.0046727906 -0.0137864903 -0.000582506891
v -0.00437663803 -0.0154086112 -0.000642951727
f 1774 1776 1775
v -0.00437557064 -0.0169508538 0.0015411224
v -0.00462944263 -0.0148420935 -0.000233766514
v -0.00466882448 -0.015011424 0.00155777107
f 1777 1779 1778
v -0.00462944263 -0.0148420935 -0.000233766514
v -0.0046914156 -0.013894173 0.00118666121
v -0.00466882448 -0.015011424 0.00155777107
f 1780 1782 1781
v -0.00466882448 -0.015011424 0.00155777107
v -0.0046914156 -0.013894173 0.00118666121
v -0.00458933646 -0.0145563652 0.00179829949
f 1783 1785 1784
v -0.00388993867 -0.0142612203 -0.0012845192
v -0.00437663803 -0.0154086112 -0.000642951727
v -0.00357012541 -0.0163357763 -0.00120888599
f 1786 1788 1787
v -0.00357012541 -0.0163357763 -0.00120888599
v -0.00221581668 -0.0149781554 -0.00164039047
v -0.00388993867 -0.0142612203 -0.0012845192
f 1789 1791 1790
v -0.00221581668 -0.0149781554 -0.00164039047
v -0.00219887297 -0.0138445001 -0.00175585628
v -0.00388993867 -0.0142612203 -0.0012845192
f 1792 1794 1793
v -0.0043608954 -0.0167173028 -0.000173092576
v -0.00437663803 -0.0154086112 -0.000642951727
v -0.00462944263 -0.0148420935 -0.000233766514
f 1795 1797 1796
v -0.00418796626 -0.00963782222 -0.00156273036
v -0.00463552969 -0.0102102313 -0.00102573576
v -0.00403871927 -0.01036678 -0.00147811206
f 1798 1800 1799
v -0.00260413563 -0.0102067155 -0.00185247154
v -0.00311810618 -0.0084674255 -0.00201574148
v -0.00418796626 -0.00963782222 -0.00156273036
f 1801 1803 1802
v -0.0046727906 -0.0137864903 -0.000582506891
v -0.0048856964 -0.012193861 5.70286375e-05
v -0.00480320414 -0.013189399 0.00115399034
f 1804 1806 1805
v -0.00501193572 -0.0115347721 -0.000619128605
v -0.00462374155 -0.0121428289 -0.000995272057
v -0.00420759752 -0.0115798182 -0.00149624011
f 1807 1809 1808
v -0.00420759752 -0.0115798182 -0.00149624011
v -0.00462374155 -0.0121428289 -0.000995272057
v -0.00419304488 -0.0123427555 -0.00137222924
f 1810 1812 1811
v -0.00462374155 -0.0121428289 -0.000995272057
v -0.0048856964 -0.012193861 5.70286375e-05
v -0.0046727906 -0.0137864903 -0.000582506891
f 1813 1815 1814
v -0.00462374155 -0.0121428289 -0.000995272057
v -0.00501193572 -0.0115347721 -0.000619128605
v -0.0048856964 -0.012193861 5.70286375e-05
f 1816 1818 1817
v -0.00458933646 -0.0145563652 0.00179829949
v -0.0046914156 -0.013894173 0.00118666121
v -0.0042400814 -0.0137377414 0.00199431015
f 1819 1821 1820
v -0.00480320414 -0.013189399 0.00115399034
v -0.0048856964 -0.012193861 5.70286375e-05
v -0.00492060135 -0.0127226478 0.0015371621
f 1822 1824 1823
v -0.00480320414 -0.013189399 0.00115399034
v -0.00492060135 -0.0127226478 0.0015371621
v -0.00446898594 -0.0129163396 0.00194267996
f 1825 1827 1826
v -0.00452703389 -0.0112027665 0.00189178354
v -0.00351716626 -0.0128135362 0.00259466651
v -0.00446898594 -0.0129163396 0.00194267996
f 1828 1830 1829
v -0.00488192381 -0.0123094374 0.00166416212
v -0.00446898594 -0.0129163396 0.00194267996
v -0.00492060135 -0.0127226478 0.0015371621
f 1831 1833 1832
v -0.00388993867 -0.0142612203 -0.0012845192
v -0.00397353251 -0.0129984081 -0.00140022312
v -0.00430350447 -0.0133182097 -0.0011537164
f 1834 1836 1835
v -0.00388993867 -0.0142612203 -0.0012845192
v -0.00219887297 -0.0138445001 -0.00175585628
v -0.00397353251 -0.0129984081 -0.00140022312
f 1837 1839 1838
v -0.00463552969 -0.0102102313 -0.00102573576
v -0.00501193572 -0.0115347721 -0.000619128605
v -0.00420759752 -0.0115798182 -0.00149624011
f 1840 1842 1841
v -0.00420759752 -0.0115798182 -0.00149624011
v -0.00403871927 -0.01036678 -0.00147811206
v -0.00463552969 -0.0102102313 -0.00102573576
f 1843 1845 1844
v -0.00463552969 -0.0102102313 -0.00102573576
v -0.00517823391 -0.00884771725 -0.000616926809
v -0.00498681038 -0.010219324 -0.000467709287
f 1846 1848 1847
v -0.00501193572 -0.0115347721 -0.000619128605
v -0.00498681038 -0.010219324 -0.000467709287
v -0.00528648525 -0.00894285695 0.00114782179
f 1849 1851 1850
v -0.00452703389 -0.0112027665 0.00189178354
v -0.00480595372 -0.0104786137 0.00171119318
v -0.00327412708 -0.0102484919 0.00274533595
f 1852 1854 1853
v -0.00480595372 -0.0104786137 0.00171119318
v -0.00452703389 -0.0112027665 0.00189178354
v -0.00490601269 -0.0112844755 0.001293278
f 1855 1857 1856
v -0.00397353251 -0.0129984081 -0.00140022312
v -0.00260413563 -0.0102067155 -0.00185247154
v -0.00420759752 -0.0115798182 -0.00149624011
f 1858 1860 1859
v -0.00211072947 -0.0125447608 -0.00164649373
v -0.00260413563 -0.0102067155 -0.00185247154
v -0.00397353251 -0.0129984081 -0.00140022312
f 1861 1863 1862
v -0.00537968845 -0.00676198179 -0.000686973453
v -0.00561166416 -0.00616421894 -0.000533077673
v -0.00563018657 -0.00609224808 -0.000212543091
f 1864 1866 1865
v -0.00561166416 -0.00616421894 -0.000533077673
v -0.00587220384 -0.00607855472 -0.000513394298
v -0.00563018657 -0.00609224808 -0.000212543091
f 1867 1869 1868
v -0.00563522663 -0.00616216275 -0.00059021786
v -0.00550606746 -0.00629375718 -0.000732361059
v -0.00561166416 -0.00616421894 -0.000533077673
f 1870 1872 1871
v -0.00537968845 -0.00676198179 -0.000686973453
v -0.00563522663 -0.00616216275 -0.00059021786
v -0.00561166416 -0.00616421894 -0.000533077673
f 1873 1875 1874
v -0.0054606302 -0.00626284309 0.000449788104
v -0.00537968845 -0.00676198179 -0.000686973453
v -0.00563018657 -0.00609224808 -0.000212543091
f 1876 1878 1877
v -0.0055062188 -0.00500194292 -0.00088343113
v -0.00558302418 -0.0058641861 -0.000703662681
v -0.00499238013 -0.00480678136 -0.00145417907
f 1879 1881 1880
v -0.00563018657 -0.00609224808 -0.000212543091
v -0.00569126714 -0.00542501948 -5.47217951e-05
v -0.0054606302 -0.00626284309 0.000449788104
f 1882 1884 1883
v -0.00587220384 -0.00607855472 -0.000513394298
v -0.00558302418 -0.0058641861 -0.000703662681
v -0.0055062188 -0.00500194292 -0.00088343113
f 1885 1887 1886
v -0.00587220384 -0.00607855472 -0.000513394298
v -0.0055062188 -0.00500194292 -0.00088343113
v -0.00569126714 -0.00542501948 -5.47217951e-05
f 1888 1890 1889
v -0.00558302418 -0.0058641861 -0.000703662681
v -0.00587220384 -0.00607855472 -0.000513394298
v -0.00563522663 -0.00616216275 -0.00059021786
f 1891 1893 1892
v -0.00537968845 -0.00676198179 -0.000686973453
v -0.00524597272 -0.00783027062 -0.000875276419
v -0.00550606746 -0.00629375718 -0.000732361059
f 1894 1896 1895
v -0.00517823391 -0.00884771725 -0.000616926809
v -0.00524597272 -0.00783027062 -0.000875276419
v -0.00528648525 -0.00894285695 0.00114782179
f 1897 1899 1898
v -0.00529299468 -0.00757813759 0.000689706712
v -0.00518285997 -0.0078146164 0.00139704007
v -0.00528648525 -0.00894285695 0.00114782179
f 1900 1902 1901
v -0.00498373483 -0.00862674133 0.00167223807
v -0.00518285997 -0.0078146164 0.00139704007
v -0.00556654159 -0.00705908678 0.00115922739
f 1903 1905 1904
v -0.00498373483 -0.00862674133 0.00167223807
v -0.0032326574 -0.00861329609 0.00319752107
v -0.00461417585 -0.0094846102 0.00186294237
f 1906 1908 1907
v -0.00556654159 -0.00705908678 0.00115922739
v -0.0054606302 -0.00626284309 0.000449788104
v -0.00550857185 -0.00568214164 0.000824938616
f 1909 1911 1910
v -0.00537968845 -0.00676198179 -0.000686973453
v -0.0054606302 -0.00626284309 0.000449788104
v -0.00529299468 -0.00757813759 0.000689706712
f 1912 1914 1913
v -0.00529299468 -0.00757813759 0.000689706712
v -0.0054606302 -0.00626284309 0.000449788104
v -0.00556654159 -0.00705908678 0.00115922739
f 1915 1917 1916
v -0.00409948807 -0.00509124693 0.00269189441
v -0.00445044097 -0.00728993109 0.00229920188
v -0.00533653911 -0.00613108132 0.00152507919
f 1918 1920 1919
v -0.00550857185 -0.00568214164 0.000824938616
v -0.0054606302 -0.00626284309 0.000449788104
v -0.00569126714 -0.00542501948 -5.47217951e-05
f 1921 1923 1922
v -0.00498373483 -0.00862674133 0.00167223807
v -0.00556654159 -0.00705908678 0.00115922739
v -0.00445044097 -0.00728993109 0.00229920188
f 1924 1926 1925
v -0.00524597272 -0.00783027062 -0.000875276419
v -0.00463552969 -0.0102102313 -0.00102573576
v -0.00418796626 -0.00963782222 -0.00156273036
f 1927 1929 1928
v -0.00517823391 -0.00884771725 -0.000616926809
v -0.00463552969 -0.0102102313 -0.00102573576
v -0.00524597272 -0.00783027062 -0.000875276419
f 1930 1932 1931
v -0.00418796626 -0.00963782222 -0.00156273036
v -0.00311810618 -0.0084674255 -0.00201574148
v -0.0045283261 -0.00749157989 -0.00161947992
f 1933 1935 1934
v -0.00260413563 -0.0102067155 -0.00185247154
v -0.00161391818 -0.00916983408 -0.00175805435
v -0.00311810618 -0.0084674255 -0.00201574148
f 1936 1938 1937
v -0.00311810618 -0.0084674255 -0.00201574148
v -0.00243935647 -0.00816546381 -0.0021568314
v -0.00331101946 -0.00729651219 -0.00201802141
f 1939 1941 1940
v -0.00161391818 -0.00916983408 -0.00175805435
v -0.00115648345 -0.00841859146 -0.00161993594
v -0.00145074919 -0.00749850733 -0.0019870422
f 1942 1944 1943
v -0.0045283261 -0.00749157989 -0.00161947992
v -0.00439163814 -0.00663738174 -0.00199908172
v -0.00550606746 -0.00629375718 -0.000732361059
f 1945 1947 1946
v -0.00558302418 -0.0058641861 -0.000703662681
v -0.0042019612 -0.00555802144 -0.00192431417
v -0.00452256209 -0.00455558802 -0.00183769043
f 1948 1950 1949
v -0.00452256209 -0.00455558802 -0.00183769043
v -0.0042019612 -0.00555802144 -0.00192431417
v -0.00424159407 -0.00441457305 -0.00203915988
f 1951 1953 1952
v -0.0042019612 -0.00555802144 -0.00192431417
v -0.00298413943 -0.00552672755 -0.00233293395
v -0.00387981418 -0.00451398882 -0.00226585962
f 1954 1956 1955
v -0.00439163814 -0.00663738174 -0.00199908172
v -0.00558302418 -0.0058641861 -0.000703662681
v -0.00550606746 -0.00629375718 -0.000732361059
f 1957 1959 1958
v -0.00243935647 -0.00816546381 -0.0021568314
v -0.00279498836 -0.00649609792 -0.00222823255
v -0.00331101946 -0.00729651219 -0.00201802141
f 1960 1962 1961
v -0.00439163814 -0.00663738174 -0.00199908172
v -0.00331101946 -0.00729651219 -0.00201802141
v -0.00279498836 -0.00649609792 -0.00222823255
f 1963 1965 1964
v -0.00461417585 -0.0094846102 0.00186294237
v -0.0032326574 -0.00861329609 0.00319752107
v -0.00344390282 -0.00955252472 0.00276988121
f 1966 1968 1967
v -0.0032326574 -0.00861329609 0.00319752107
v -0.00285988153 -0.00770072947 0.00296350554
v -0.00124796024 -0.00840258508 0.00265496255
f 1969 1971 1970
v -0.00285988153 -0.00770072947 0.00296350554
v -0.00224607084 -0.00682882819 0.00294569509
v -0.00124796024 -0.00840258508 0.00265496255
f 1972 1974 1973
v -0.00224607084 -0.00682882819 0.00294569509
v -0.00285988153 -0.00770072947 0.00296350554
v -0.00367830908 -0.00692625836 0.00312046286
f 1975 1977 1976
v -0.00367830908 -0.00692625836 0.00312046286
v -0.0032089647 -0.0063103158 0.00305087033
v -0.00224607084 -0.00682882819 0.00294569509
f 1978 1980 1979
v -0.00445044097 -0.00728993109 0.00229920188
v -0.00349259426 -0.00772321073 0.00293852154
v -0.0032326574 -0.00861329609 0.00319752107
f 1981 1983 1982
v -0.000196456563 -0.0059685517 0.001348757
v -0.000136526728 -0.00744284989 0.00117410345
v -0.000274873059 -0.00732302651 0.0016170181
f 1984 1986 1985
v -5.20087099e-05 -0.00876851336 0.0015079534
v -0.00116054234 -0.00673216709 0.0025417703
v -0.000274873059 -0.00732302651 0.0016170181
f 1987 1989 1988
v -0.00116054234 -0.00673216709 0.0025417703
v -0.000410211169 -0.00844963943 0.00201435923
v -0.00124796024 -0.00840258508 0.00265496255
f 1990 1992 1991
v -0.00116054234 -0.00673216709 0.0025417703
v -0.00124796024 -0.00840258508 0.00265496255
v -0.00224607084 -0.00682882819 0.00294569509
f 1993 1995 1994
v -0.00550857185 -0.00568214164 0.000824938616
v -0.00562931382 -0.00465220073 0.000155267571
v -0.00570000193 -0.00446924569 0.000567583675
f 1996 1998 1997
v -0.0055054963 -0.00465015619 -0.000626634937
v -0.00557744097 -0.00470984378 -0.000476962759
v -0.00547482268 -0.00467611244 -0.000813707356
f 1999 2001 2000
v -0.00547482268 -0.00467611244 -0.000813707356
v -0.00539164939 -0.00479228474 -0.000925071618
v -0.00547035852 -0.00469685765 -0.000730675401
f 2002 2004 2003
v -0.0055062188 -0.00500194292 -0.00088343113
v -0.00547482268 -0.00467611244 -0.000813707356
v -0.00547035852 -0.00469685765 -0.000730675401
f 2005 2007 2006
v -0.00557744097 -0.00470984378 -0.000476962759
v -0.0055062188 -0.00500194292 -0.00088343113
v -0.00547035852 -0.00469685765 -0.000730675401
f 2008 2010 2009
v -0.00562931382 -0.00465220073 0.000155267571
v -0.00539164939 -0.00479228474 -0.000925071618
v -0.00499238013 -0.00480678136 -0.00145417907
f 2011 2013 2012
v -0.0055054963 -0.00465015619 -0.000626634937
v -0.00539164939 -0.00479228474 -0.000925071618
v -0.00562931382 -0.00465220073 0.000155267571
f 2014 2016 2015
v -0.00562931382 -0.00465220073 0.000155267571
v -0.00437302224 -0.00501863433 0.000320275194
v -0.00570000193 -0.00446924569 0.000567583675
f 2017 2019 2018
v -0.00543425595 -0.00492466206 0.00114066297
v -0.00525023388 -0.00517334702 0.00141304818
v -0.00533653911 -0.00613108132 0.00152507919
f 2020 2022 2021
v -0.00543425595 -0.00492466206 0.00114066297
v -0.00452616223 -0.00517303415 0.00136518738
v -0.00525023388 -0.00517334702 0.00141304818
f 2023 2025 2024
v -0.003922014 -0.00526096446 0.00191747276
v -0.00469935476 -0.0049714421 0.00207893718
v -0.00452616223 -0.00517303415 0.00136518738
f 2026 2028 2027
v -0.00364298176 -0.00542524249 0.00280324584
v -0.00382640137 -0.00618048653 0.00273373844
v -0.00409948807 -0.00509124693 0.00269189441
f 2029 2031 2030
v -0.00364298176 -0.00542524249 0.00280324584
v -0.00409948807 -0.00509124693 0.00269189441
v -0.003922014 -0.00526096446 0.00191747276
f 2032 2034 2033
v -0.00424159407 -0.00441457305 -0.00203915988
v -0.00387981418 -0.00451398882 -0.00226585962
v -0.00411061155 -0.0043468528 -0.00212684427
f 2035 2037 2036
v -0.00367899993 -0.00398266202 -0.00244804141
v -0.00392928523 -0.00425728285 -0.00211894476
v -0.00399388518 -0.00423771198 -0.00226626762
f 2038 2040 2039
v -0.00387981418 -0.00451398882 -0.00226585962
v -0.00269206048 -0.00439631331 -0.00253054677
v -0.00326658883 -0.00418837517 -0.00254967526
f 2041 2043 2042
v -0.00326658883 -0.00418837517 -0.00254967526
v -0.00311414369 -0.00408846317 -0.0024977111
v -0.00314572535 -0.00406803811 -0.00254514562
f 2044 2046 2045
v -0.00326658883 -0.00418837517 -0.00254967526
v -0.00314572535 -0.00406803811 -0.00254514562
v -0.00367899993 -0.00398266202 -0.00244804141
f 2047 2049 2048
v -0.00404567145 -0.00434905014 -0.00213315798
v -0.00399388518 -0.00423771198 -0.00226626762
v -0.00411061155 -0.0043468528 -0.00212684427
f 2050 2052 2051
v -0.00424159407 -0.00441457305 -0.00203915988
v -0.00231973536 -0.00461600903 -0.00025233885
v -0.00452256209 -0.00455558802 -0.00183769043
f 2053 2055 2054
v -0.00424159407 -0.00441457305 -0.00203915988
v -0.00216080225 -0.00395452444 -0.00237497043
v -0.00231973536 -0.00461600903 -0.00025233885
f 2056 2058 2057
v -0.00326658883 -0.00418837517 -0.00254967526
v -0.00269206048 -0.00439631331 -0.00253054677
v -0.00279175692 -0.00410791617 -0.00251415768
f 2059 2061 2060
v -0.00298413943 -0.00552672755 -0.00233293395
v -0.00145074919 -0.00749850733 -0.0019870422
v -0.00148623749 -0.00440652293 -0.00208824331
f 2062 2064 2063
v -0.000783030555 -0.00709307496 -0.00173476019
v -0.00102887043 -0.00421811965 -0.00166666814
v -0.00148623749 -0.00440652293 -0.00208824331
f 2065 2067 2066
v -0.00150116066 -0.00421262448 -0.00163698296
v -0.00112083435 -0.004421017 -0.000626149085
v -0.00231973536 -0.00461600903 -0.00025233885
f 2068 2070 2069
v -0.00150116066 -0.00421262448 -0.00163698296
v -0.00231973536 -0.00461600903 -0.00025233885
v -0.00216080225 -0.00395452444 -0.00237497043
f 2071 2073 2072
v -0.00148623749 -0.00440652293 -0.00208824331
v -0.00150116066 -0.00421262448 -0.00163698296
v -0.00180183542 -0.00411135625 -0.00220499587
f 2074 2076 2075
v -0.000644863303 -0.00450256593 -0.00083348059
v -0.000857210216 -0.00440572148 -0.00127653348
v -0.00102887043 -0.00421811965 -0.00166666814
f 2077 2079 2078
v -0.000644863303 -0.00450256593 -0.00083348059
v -0.00112083435 -0.004421017 -0.000626149085
v -0.000857210216 -0.00440572148 -0.00127653348
f 2080 2082 2081
v -0.00298413943 -0.00552672755 -0.00233293395
v -0.00148623749 -0.00440652293 -0.00208824331
v -0.00269206048 -0.00439631331 -0.00253054677
f 2083 2085 2084
v -0.00298413943 -0.00552672755 -0.00233293395
v -0.00269206048 -0.00439631331 -0.00253054677
v -0.00387981418 -0.00451398882 -0.00226585962
f 2086 2088 2087
v -0.00197596237 -0.00480912313 0.00279649885
v -0.00311424301 -0.00512498118 0.00229322068
v -0.003922014 -0.00526096446 0.00191747276
f 2089 2091 2090
v -0.00197596237 -0.00480912313 0.00279649885
v -0.003922014 -0.00526096446 0.00191747276
v -0.00231973536 -0.00461600903 -0.00025233885
f 2092 2094 2093
v -0.00364298176 -0.00542524249 0.00280324584
v -0.00327971502 -0.0054137683 0.0028339362
v -0.00382640137 -0.00618048653 0.00273373844
f 2095 2097 2096
v -0.0023773433 -0.00522113442 0.00290091793
v -0.00178952214 -0.00594698104 0.00293386147
v -0.00327971502 -0.0054137683 0.0028339362
f 2098 2100 2099
v -0.00224607084 -0.00682882819 0.00294569509
v -0.00178952214 -0.00594698104 0.00293386147
v -0.00116054234 -0.00673216709 0.0025417703
f 2101 2103 2102
v -0.00311424301 -0.00512498118 0.00229322068
v -0.0030216408 -0.005112078 0.00290905355
v -0.00327971502 -0.0054137683 0.0028339362
f 2104 2106 2105
v -0.0023773433 -0.00522113442 0.00290091793
v -0.0030216408 -0.005112078 0.00290905355
v -0.00311424301 -0.00512498118 0.00229322068
f 2107 2109 2108
v -0.0023773433 -0.00522113442 0.00290091793
v -0.00197596237 -0.00480912313 0.00279649885
v -0.00156485421 -0.00449229337 0.00277409144
f 2110 2112 2111
v -0.000712257224 -0.00445099395 0.00150079732
v -0.00231973536 -0.00461600903 -0.00025233885
v -0.00101574842 -0.00446178128 0.000193768847
f 2113 2115 2114
v -0.00054737975 -0.00456933158 0.000209138398
v -0.000579241578 -0.00429059255 -0.000131718116
v -6.27657357e-05 -0.0062760686 0.000388415901
f 2116 2118 2117
v -0.000579241578 -0.00429059255 -0.000131718116
v -0.000287911939 -0.0055237404 -0.000607018683
v -6.27657357e-05 -0.0062760686 0.000388415901
f 2119 2121 2120
v -0.000579241578 -0.00429059255 -0.000131718116
v -0.00101574842 -0.00446178128 0.000193768847
v -0.00112083435 -0.004421017 -0.000626149085
f 2122 2124 2123
v -0.000579241578 -0.00429059255 -0.000131718116
v -0.00054737975 -0.00456933158 0.000209138398
v -0.00101574842 -0.00446178128 0.000193768847
f 2125 2127 2126
v -0.000196456563 -0.0059685517 0.001348757
v -0.000491769242 -0.00467659484 0.00068745876
v -6.27657357e-05 -0.0062760686 0.000388415901
f 2128 2130 2129
v -0.000712257224 -0.00445099395 0.00150079732
v -0.000491769242 -0.00467659484 0.00068745876
v -0.000633547916 -0.00442865094 0.00148388399
f 2131 2133 2132
v -0.00118244698 -0.00544797731 0.00270804267
v -0.00116054234 -0.00673216709 0.0025417703
v -0.00178952214 -0.00594698104 0.00293386147
f 2134 2136 2135
v -0.00118244698 -0.00544797731 0.00270804267
v -0.000622476637 -0.00531426995 0.00209139598
v -0.00116054234 -0.00673216709 0.0025417703
f 2137 2139 2138
v -0.000622476637 -0.00531426995 0.00209139598
v -0.000196456563 -0.0059685517 0.001348757
v -0.00116054234 -0.00673216709 0.0025417703
f 2140 2142 2141
v -0.000196456563 -0.0059685517 0.001348757
v -6.27657357e-05 -0.0062760686 0.000388415901
v -0.000136526728 -0.00744284989 0.00117410345
f 2143 2145 2144
v -0.000788940633 -0.00445441801 0.00216412227
v -0.000622476637 -0.00531426995 0.00209139598
v -0.00118244698 -0.00544797731 0.00270804267
f 2146 2148 2147
v -0.000622476637 -0.00531426995 0.00209139598
v -0.000788940633 -0.00445441801 0.00216412227
v -0.000196456563 -0.0059685517 0.001348757
f 2149 2151 2150
v -0.000788940633 -0.00445441801 0.00216412227
v -0.000633547916 -0.00442865094 0.00148388399
v -0.000196456563 -0.0059685517 0.001348757
f 2152 2154 2153
v -0.00137137122 -0.00450367625 0.00236346314
v -0.00121523353 -0.00439362448 0.00253053167
v -0.00156485421 -0.00449229337 0.00277409144
f 2155 2157 2156
v -0.00137137122 -0.00450367625 0.00236346314
v -0.000920599632 -0.00429425236 0.00205899923
v -0.00109640259 -0.00435584479 0.00232612983
f 2158 2160 2159
v -0.000920599632 -0.00429425236 0.00205899923
v -0.000788940633 -0.00445441801 0.00216412227
v -0.00107418255 -0.00430821783 0.00234246691
f 2161 2163 2162
v -0.00109640259 -0.00435584479 0.00232612983
v -0.000920599632 -0.00429425236 0.00205899923
v -0.00107418255 -0.00430821783 0.00234246691
f 2164 2166 2165
v -0.00109640259 -0.00435584479 0.00232612983
v -0.00109990233 -0.00430972832 0.00242030801
v -0.00107418255 -0.00430821783 0.00234246691
f 2167 2169 2168
v -0.000788940633 -0.00445441801 0.00216412227
v -0.00121523353 -0.00439362448 0.00253053167
v -0.00109990233 -0.00430972832 0.00242030801
f 2170 2172 2171
v -0.000744548743 -0.00442192213 0.0017880182
v -0.000633547916 -0.00442865094 0.00148388399
v -0.000788940633 -0.00445441801 0.00216412227
f 2173 2175 2174
v -0.000744548743 -0.00442192213 0.0017880182
v -0.000788940633 -0.00445441801 0.00216412227
v -0.000739388997 -0.00436401424 0.00179832114
f 2176 2178 2177
v -0.000920599632 -0.00429425236 0.00205899923
v -0.000744548743 -0.00442192213 0.0017880182
v -0.000739388997 -0.00436401424 0.00179832114
f 2179 2181 2180
v -0.000712257224 -0.00445099395 0.00150079732
v -0.000633547916 -0.00442865094 0.00148388399
v -0.000739388997 -0.00436401424 0.00179832114
f 2182 2184 2183
v -0.000744548743 -0.00442192213 0.0017880182
v -0.000712257224 -0.00445099395 0.00150079732
v -0.000739388997 -0.00436401424 0.00179832114
f 2185 2187 2186
v -0.000712257224 -0.00445099395 0.00150079732
v -0.000744548743 -0.00442192213 0.0017880182
v -0.000920599632 -0.00429425236 0.00205899923
f 2188 2190 2189
v -0.00121523353 -0.00439362448 0.00253053167
v -0.000788940633 -0.00445441801 0.00216412227
v -0.00156485421 -0.00449229337 0.00277409144
f 2191 2193 2192
v -0.000712257224 -0.00445099395 0.00150079732
v -0.000920599632 -0.00429425236 0.00205899923
v -0.00137137122 -0.00450367625 0.00236346314
f 2194 2196 2195
v -0.00311424301 -0.00512498118 0.00229322068
v -0.00364298176 -0.00542524249 0.00280324584
v -0.003922014 -0.00526096446 0.00191747276
f 2197 2199 2198
v -0.0055062188 -0.00500194292 -0.00088343113
v -0.00557744097 -0.00470984378 -0.000476962759
v -0.00569126714 -0.00542501948 -5.47217951e-05
f 2200 2202 2201
v -0.0042019612 -0.00555802144 -0.00192431417
v -0.00387981418 -0.00451398882 -0.00226585962
v -0.00424159407 -0.00441457305 -0.00203915988
f 2203 2205 2204
v -0.00382640137 -0.00618048653 0.00273373844
v -0.0032089647 -0.0063103158 0.00305087033
v -0.00367830908 -0.00692625836 0.00312046286
f 2206 2208 2207
v -0.00367830908 -0.00692625836 0.00312046286
v -0.00349259426 -0.00772321073 0.00293852154
v -0.00445044097 -0.00728993109 0.00229920188
f 2209 2211 2210
v -0.00437302224 -0.00501863433 0.000320275194
v -0.003922014 -0.00526096446 0.00191747276
v -0.00452616223 -0.00517303415 0.00136518738
f 2212 2214 2213
v -0.00524597272 -0.00783027062 -0.000875276419
v -0.00537968845 -0.00676198179 -0.000686973453
v -0.00529299468 -0.00757813759 0.000689706712
f 2215 2217 2216
v -0.00480595372 -0.0104786137 0.00171119318
v -0.00461417585 -0.0094846102 0.00186294237
v -0.00327412708 -0.0102484919 0.00274533595
f 2218 2220 2219
v -0.00338020036 -0.0197435336 0.00236201922
v -0.00308679046 -0.0175451147 0.00280865625
v -0.0025234116 -0.0184479475 0.00296763865
f 2221 2223 2222
v -0.000884257315 -0.0171301843 0.00337828533
v -0.000837128391 -0.0179436407 0.00304295991
v -0.00164375215 -0.017115628 0.00303345696
f 2224 2226 2225
v -0.00466882448 -0.015011424 0.00155777107
v -0.00458933646 -0.0145563652 0.00179829949
v -0.00437557064 -0.0169508538 0.0015411224
f 2227 2229 2228
v -0.00329357026 -0.0154544119 0.00256376406
v -0.00308679046 -0.0175451147 0.00280865625
v -0.00417055635 -0.0171336418 0.00183086013
f 2230 2232 2231
v -0.00164375215 -0.017115628 0.00303345696
v -0.00308679046 -0.0175451147 0.00280865625
v -0.00292577497 -0.015969199 0.00291647721
f 2233 2235 2234
v -0.00308679046 -0.0175451147 0.00280865625
v -0.00329357026 -0.0154544119 0.00256376406
v -0.00292577497 -0.015969199 0.00291647721
f 2236 2238 2237
v -0.000738785093 -0.0138621035 0.00277603176
v -0.000452628137 -0.0143787154 0.00277692161
v -0.000680142011 -0.014898584 0.00290182397
f 2239 2241 2240
v -0.00249284822 -0.0147224928 0.00283687932
v -0.00116686224 -0.0132011322 0.00290624284
v -0.000738785093 -0.0138621035 0.00277603176
f 2242 2244 2243
v -0.00252894679 -0.0121092664 0.0028775421
v -0.00272073976 -0.0134725371 0.00292008281
v -0.00351716626 -0.0128135362 0.00259466651
f 2245 2247 2246
v -0.00116686224 -0.0132011322 0.00290624284
v -0.000514611838 -0.0108733133 0.00217196139
v -2.4073006e-05 -0.0127168401 0.0020785159
f 2248 2250 2249
v -0.00153355395 -0.010837541 0.00273468413
v -0.00116686224 -0.0132011322 0.00290624284
v -0.00252894679 -0.0121092664 0.0028775421
f 2251 2253 2252
v -0.00344390282 -0.00955252472 0.00276988121
v -0.00153355395 -0.010837541 0.00273468413
v -0.00327412708 -0.0102484919 0.00274533595
f 2254 2256 2255
v -0.00225523054 -0.00910492527 0.00296615453
v -0.00153355395 -0.010837541 0.00273468413
v -0.00344390282 -0.00955252472 0.00276988121
f 2257 2259 2258
v 0.000225880558 -0.00973917267 0.00162107062
v -0.0013188288 -0.00968673412 0.00289427408
v -0.00124796024 -0.00840258508 0.00265496255
f 2260 2262 2261
v -0.0013188288 -0.00968673412 0.00289427408
v 0.000225880558 -0.00973917267 0.00162107062
v -0.000514611838 -0.0108733133 0.00217196139
f 2263 2265 2264
v -0.00230406276 -0.0169740146 -0.00169726354
v -0.00235375446 -0.0173899811 -0.00159128431
v -0.00060849211 -0.015947684 -0.00142017198
f 2266 2268 2267
v -0.00053351896 -0.0181710086 -0.00135994196
v 0.000387211412 -0.0186901976 -0.000771157193
v -0.00060849211 -0.015947684 -0.00142017198
f 2269 2271 2270
v 0.000387211412 -0.0186901976 -0.000771157193
v 0.000440297799 -0.017534534 -0.000437740164
v -0.00060849211 -0.015947684 -0.00142017198
f 2272 2274 2273
v -0.00060849211 -0.015947684 -0.00142017198
v -0.00221581668 -0.0149781554 -0.00164039047
v -0.00230406276 -0.0169740146 -0.00169726354
f 2275 2277 2276
v -0.00060849211 -0.015947684 -0.00142017198
v -0.000758030683 -0.0142710618 -0.00147246446
v -0.00221581668 -0.0149781554 -0.00164039047
f 2278 2280 2279
v -0.000357306089 -0.0156338225 -0.00132027435
v 0.000395558436 -0.0154639332 -0.000234176241
v 0.000557120802 -0.0144417994 -0.000357095541
f 2281 2283 2282
v 0.000440297799 -0.017534534 -0.000437740164
v -0.000357306089 -0.0156338225 -0.00132027435
v -0.00060849211 -0.015947684 -0.00142017198
f 2284 2286 2285
v -0.00219887297 -0.0138445001 -0.00175585628
v -0.0010779635 -0.0123840946 -0.00152228968
v -0.00211072947 -0.0125447608 -0.00164649373
f 2287 2289 2288
v -0.000524995403 -0.0122296289 -0.00117773034
v -0.0010779635 -0.0123840946 -0.00152228968
v -0.000758030683 -0.0142710618 -0.00147246446
f 2290 2292 2291
v -0.000357306089 -0.0156338225 -0.00132027435
v 0.000557120802 -0.0144417994 -0.000357095541
v -0.000524995403 -0.0122296289 -0.00117773034
f 2293 2295 2294
v -0.000357306089 -0.0156338225 -0.00132027435
v -0.000524995403 -0.0122296289 -0.00117773034
v -0.000758030683 -0.0142710618 -0.00147246446
f 2296 2298 2297
v 0.000557120802 -0.0144417994 -0.000357095541
v 0.000197043823 -0.0122132464 -0.000368157453
v -0.000524995403 -0.0122296289 -0.00117773034
f 2299 2301 2300
v 0.000607922766 -0.0140344957 0.00121369285
v 0.000491852597 -0.0132810354 6.86637577e-05
v 0.000557120802 -0.0144417994 -0.000357095541
f 2302 2304 2303
v 0.000557120802 -0.0144417994 -0.000357095541
v 0.000491852597 -0.0132810354 6.86637577e-05
v 0.000197043823 -0.0122132464 -0.000368157453
f 2305 2307 2306
v -0.0010779635 -0.0123840946 -0.00152228968
v -0.000753906625 -0.0107050299 -0.00148576109
v -0.00161391818 -0.00916983408 -0.00175805435
f 2308 2310 2309
v -0.000524995403 -0.0122296289 -0.00117773034
v -0.000113012698 -0.0105573657 -0.000946934415
v -0.000753906625 -0.0107050299 -0.00148576109
f 2311 2313 2312
v 9.56540021e-05 -0.0113752591 -0.000462997195
v 0.000156725571 -0.0104354061 -0.00035120147
v -0.000113012698 -0.0105573657 -0.000946934415
f 2314 2316 2315
v 9.56540021e-05 -0.0113752591 -0.000462997195
v -0.000113012698 -0.0105573657 -0.000946934415
v -0.000524995403 -0.0122296289 -0.00117773034
f 2317 2319 2318
v -0.000524995403 -0.0122296289 -0.00117773034
v 0.000197043823 -0.0122132464 -0.000368157453
v 9.56540021e-05 -0.0113752591 -0.000462997195
f 2320 2322 2321
v 0.000398133125 -0.0127363004 0.00141991668
v 0.000185734189 -0.0114538685 0.00087680055
v 0.000491852597 -0.0132810354 6.86637577e-05
f 2323 2325 2324
v -0.00115648345 -0.00841859146 -0.00161993594
v -0.000783030555 -0.00709307496 -0.00173476019
v -0.00145074919 -0.00749850733 -0.0019870422
f 2326 2328 2327
v -0.00161391818 -0.00916983408 -0.00175805435
v -0.000753906625 -0.0107050299 -0.00148576109
v -0.00115648345 -0.00841859146 -0.00161993594
f 2329 2331 2330
v -0.000753906625 -0.0107050299 -0.00148576109
v -0.000113012698 -0.0105573657 -0.000946934415
v -0.00115648345 -0.00841859146 -0.00161993594
f 2332 2334 2333
v -0.00011072417 -0.0075472708 -0.0002107603
v -0.000216249691 -0.00789516926 -0.000716758586
v 0.000156725571 -0.0104354061 -0.00035120147
f 2335 2337 2336
v 9.95635219e-05 -0.00916455101 -6.13701559e-05
v -0.00011072417 -0.0075472708 -0.0002107603
v 0.000156725571 -0.0104354061 -0.00035120147
f 2338 2340 2339
v -0.000113012698 -0.0105573657 -0.000946934415
v 0.000156725571 -0.0104354061 -0.00035120147
v -0.000216249691 -0.00789516926 -0.000716758586
f 2341 2343 2342
v 0.000225880558 -0.00973917267 0.00162107062
v 3.77004284e-05 -0.0110362242 0.00133961139
v -0.000514611838 -0.0108733133 0.00217196139
f 2344 2346 2345
v 0.000225880558 -0.00973917267 0.00162107062
v -5.20087099e-05 -0.00876851336 0.0015079534
v 9.95635219e-05 -0.00916455101 -6.13701559e-05
f 2347 2349 2348
v -0.000216249691 -0.00789516926 -0.000716758586
v -0.000783030555 -0.00709307496 -0.00173476019
v -0.00115648345 -0.00841859146 -0.00161993594
f 2350 2352 2351
v -0.000216249691 -0.00789516926 -0.000716758586
v -0.000287911939 -0.0055237404 -0.000607018683
v -0.000783030555 -0.00709307496 -0.00173476019
f 2353 2355 2354
v -6.27657357e-05 -0.0062760686 0.000388415901
v -0.000287911939 -0.0055237404 -0.000607018683
v -0.00011072417 -0.0075472708 -0.0002107603
f 2356 2358 2357
v 9.95635219e-05 -0.00916455101 -6.13701559e-05
v -5.20087099e-05 -0.00876851336 0.0015079534
v -0.00011072417 -0.0075472708 -0.0002107603
f 2359 2361 2360
v 3.77004284e-05 -0.0110362242 0.00133961139
v 0.000156725571 -0.0104354061 -0.00035120147
v 0.000185734189 -0.0114538685 0.00087680055
f 2362 2364 2363
v -0.00125368879 -0.0190661507 0.00310605101
v -0.000148786148 -0.0185934114 0.00277097242
v -0.000952907612 -0.0204725293 0.0032829641
f 2365 2367 2366
v 0.000805031414 -0.0187519268 -0.000148968593
v 0.000717043213 -0.0179099938 0.000686458179
v 0.000440297799 -0.017534534 -0.000437740164
f 2368 2370 2369
v 0.000717043213 -0.0179099938 0.000686458179
v 0.000909539085 -0.0190055449 0.0007400301
v 0.000709543701 -0.0178113129 0.00194264649
f 2371 2373 2372
v 0.000706811988 -0.0201443254 0.00214886641
v 0.000609147219 -0.0187789992 0.00205874367
v 0.0010060734 -0.0206960976 0.00150891728
f 2374 2376 2375
v 0.000609147219 -0.0187789992 0.00205874367
v 0.000706811988 -0.0201443254 0.00214886641
v 0.000162199296 -0.0198430702 0.00269288685
f 2377 2379 2378
v 0.000709543701 -0.0178113129 0.00194264649
v 0.000609147219 -0.0187789992 0.00205874367
v 0.000389770457 -0.0179197537 0.0023825236
f 2380 2382 2381
v 0.000399960618 -0.0158225681 0.00188239537
v 0.000501351906 -0.0151826025 0.000871523844
v 0.000757448697 -0.016810486 0.000928985901
f 2383 2385 2384
v -0.000837128391 -0.0179436407 0.00304295991
v -0.000884257315 -0.0171301843 0.00337828533
v -0.00060972493 -0.0168237209 0.00332713098
f 2386 2388 2387
v -0.000212834948 -0.016514906 0.00260577635
v -0.000235713401 -0.0173655513 0.00266641673
v -0.00060972493 -0.0168237209 0.00332713098
f 2389 2391 2390
v 0.000389770457 -0.0179197537 0.0023825236
v 0.000399960618 -0.0158225681 0.00188239537
v 0.000709543701 -0.0178113129 0.00194264649
f 2392 2394 2393
v -0.00060972493 -0.0168237209 0.00332713098
v -0.000724430402 -0.0158903305 0.00303691377
v -0.000212834948 -0.016514906 0.00260577635
f 2395 2397 2396
v -0.000212834948 -0.016514906 0.00260577635
v 0.000399960618 -0.0158225681 0.00188239537
v 0.000389770457 -0.0179197537 0.0023825236
f 2398 2400 2399
v 0.000709543701 -0.0178113129 0.00194264649
v 0.000399960618 -0.0158225681 0.00188239537
v 0.000757448697 -0.016810486 0.000928985901
f 2401 2403 2402
v -0.000837128391 -0.0179436407 0.00304295991
v -0.00060972493 -0.0168237209 0.00332713098
v -0.000235713401 -0.0173655513 0.00266641673
f 2404 2406 2405
v 0.000709543701 -0.0178113129 0.00194264649
v 0.000757448697 -0.016810486 0.000928985901
v 0.000717043213 -0.0179099938 0.000686458179
f 2407 2409 2408
v 0.000609147219 -0.0187789992 0.00205874367
v 0.000909539085 -0.0190055449 0.0007400301
v 0.00109737211 -0.020828002 0.00107912665
f 2410 2412 2411
v -0.000151314214 -0.0145596088 0.00234588624
v -0.000680142011 -0.014898584 0.00290182397
v -0.000452628137 -0.0143787154 0.00277692161
f 2413 2415 2414
v 0.000501351906 -0.0151826025 0.000871523844
v 0.000448256742 -0.0138747462 0.0021328955
v 0.000607922766 -0.0140344957 0.00121369285
f 2416 2418 2417
v 0.000399960618 -0.0158225681 0.00188239537
v 0.000370358089 -0.0145710699 0.00192841671
v 0.000501351906 -0.0151826025 0.000871523844
f 2419 2421 2420
v -0.000738785093 -0.0138621035 0.00277603176
v -3.09892187e-05 -0.014034193 0.00256902949
v -0.000452628137 -0.0143787154 0.00277692161
f 2422 2424 2423
v -3.09892187e-05 -0.014034193 0.00256902949
v 0.000448256742 -0.0138747462 0.0021328955
v 0.000370358089 -0.0145710699 0.00192841671
f 2425 2427 2426
v 0.000269863517 -0.0132323228 0.00213994499
v -0.000738785093 -0.0138621035 0.00277603176
v -2.4073006e-05 -0.0127168401 0.0020785159
f 2428 2430 2429
v 0.000398133125 -0.0127363004 0.00141991668
v 0.000269863517 -0.0132323228 0.00213994499
v -2.4073006e-05 -0.0127168401 0.0020785159
f 2431 2433 2432
v 3.77004284e-05 -0.0110362242 0.00133961139
v 0.000185734189 -0.0114538685 0.00087680055
v 0.000398133125 -0.0127363004 0.00141991668
f 2434 2436 2435
v -0.000724430402 -0.0158903305 0.00303691377
v -0.000680142011 -0.014898584 0.00290182397
v 8.68944937e-05 -0.0151100452 0.0023992925
f 2437 2439 2438
v -0.00397550466 -0.0292035722 0.00183193461
v -0.00353120085 -0.0300539192 0.00135535265
v -0.00350086084 -0.0295384467 0.000915476267
f 2440 2442 2441
v -0.00239189249 -0.0197152811 0.00284260477
v -0.000952907612 -0.0204725293 0.0032829641
v -0.00235847856 -0.0207488207 0.00289692125
f 2443 2445 2444
v -0.00322160377 -0.0236305263 -0.000916043973
v -0.00355319462 -0.0221909315 -0.00106519474
v -0.00368418405 -0.0238178094 -0.000327775888
f 2446 2448 2447
v -0.00351716626 -0.0128135362 0.00259466651
v -0.00452703389 -0.0112027665 0.00189178354
v -0.00327412708 -0.0102484919 0.00274533595
f 2449 2451 2450
v 0.000757448697 -0.016810486 0.000928985901
v 0.000395558436 -0.0154639332 -0.000234176241
v 0.000440297799 -0.017534534 -0.000437740164
f 2452 2454 2453
v 0.000607922766 -0.0140344957 0.00121369285
v 0.000398133125 -0.0127363004 0.00141991668
v 0.000491852597 -0.0132810354 6.86637577e-05
f 2455 2457 2456
v -0.00412868903 -0.0193169049 -0.000276443825
v -0.00429014763 -0.0182047021 -0.000310408268
v -0.00439728501 -0.0181866781 0.00139427648
f 2458 2460 2459
v -0.00399011042 -0.0219298119 -0.000482678206
v -0.00421648983 -0.0212650528 -0.00085155425
v -0.0042663869 -0.020847503 -0.000366069435
f 2461 2463 2462
v -0.00397550466 -0.0292035722 0.00183193461
v -0.00399979872 -0.0296212034 0.00195977082
v -0.00353120085 -0.0300539192 0.00135535265
f 2464 2466 2465
v -0.00360681697 -0.0271965953 0.00103408383
v -0.00365826127 -0.0280687207 0.00169073992
v -0.00350251212 -0.0284500653 0.000693195489
f 2467 2469 2468
v -0.00353120085 -0.0300539192 0.00135535265
v -0.00399979872 -0.0296212034 0.00195977082
v -0.00352462121 -0.030321136 0.00199183087
f 2470 2472 2471
v -0.00402402911 -0.023481829 0.00177934362
v -0.00396584728 -0.0245097588 0.00168608603
v -0.00369352601 -0.0240552399 0.000833084232
f 2473 2475 2474
v -0.0039959752 -0.0225143478 0.00179502567
v -0.0043051823 -0.0219339214 0.00160748277
v -0.00411801702 -0.0215103966 0.00190447172
f 2476 2478 2477
v -0.00298610266 -0.0222327333 0.00272844936
v -0.00218222067 -0.021596461 0.0029686038
v -0.00241332327 -0.0233700033 0.00301075888
f 2479 2481 2480
v -0.00120764471 -0.0201862174 -0.00147177034
v -0.00201708081 -0.0195172601 -0.00158845669
v -0.00227283217 -0.0206783327 -0.00153778437
f 2482 2484 2483
v -0.00442667224 -0.0330237119 -0.00123955124
v -0.00444994184 -0.0330822455 -0.00125468232
v -0.00446256709 -0.0330408191 -0.00104355058
f 2485 2487 2486
v -0.00382151266 -0.0327362417 -0.00119259857
v -0.00377887554 -0.0326429348 -0.00116227966
v -0.00374633382 -0.0325137487 -0.00121635712
f 2488 2490 2489
v -0.00382151266 -0.0327362417 -0.00119259857
v -0.00374633382 -0.0325137487 -0.00121635712
v -0.00420743454 -0.0329719973 -0.00134159509
f 2491 2493 2492
v -0.00420743454 -0.0329719973 -0.00134159509
v -0.00443510726 -0.0330289011 -0.00132005243
v -0.00444994184 -0.0330822455 -0.00125468232
f 2494 2496 2495
v -0.00442667224 -0.0330237119 -0.00123955124
v -0.00444994184 -0.0330822455 -0.00125468232
v -0.00443510726 -0.0330289011 -0.00132005243
f 2497 2499 2498
v -0.00420743454 -0.0329719973 -0.00134159509
v -0.00444994184 -0.0330822455 -0.00125468232
v -0.00442667224 -0.0330237119 -0.00123955124
f 2500 2502 2501
v -0.00328639944 -0.0334262062 0.00048595216
v -0.00326471963 -0.0334158365 0.000359525166
v -0.00336528537 -0.0334343902 0.000669114752
f 2503 2505 2504
v -0.00439320283 -0.0326728536 -0.00116650808
v -0.00408500928 -0.0325446716 -0.00128051142
v -0.00408200649 -0.0325474626 -0.00127049589
f 2506 2508 2507
v -0.00408200649 -0.0325474626 -0.00127049589
v -0.00408500928 -0.0325446716 -0.00128051142
v -0.0039141858 -0.0322586624 -0.00122944948
f 2509 2511 2510
v -0.00367897155 -0.0327486166 -0.00129177934
v -0.00374633382 -0.0325137487 -0.00121635712
v -0.00377887554 -0.0326429348 -0.00116227966
f 2512 2514 2513
v -0.00367897155 -0.0327486166 -0.00129177934
v -0.00377887554 -0.0326429348 -0.00116227966
v -0.00382151266 -0.0327362417 -0.00119259857
f 2515 2517 2516
v -0.00377887554 -0.0326429348 -0.00116227966
v -0.00377578945 -0.0325932022 -0.00104209666
v -0.00339689468 -0.0329377857 -0.00106084954
f 2518 2520 2519
v -0.00377887554 -0.0326429348 -0.00116227966
v -0.00339689468 -0.0329377857 -0.00106084954
v -0.00382151266 -0.0327362417 -0.00119259857
f 2521 2523 2522
v -0.00374633382 -0.0325137487 -0.00121635712
v -0.00408500928 -0.0325446716 -0.00128051142
v -0.00408200649 -0.0325474626 -0.00127049589
f 2524 2526 2525
v -0.00374633382 -0.0325137487 -0.00121635712
v -0.00408200649 -0.0325474626 -0.00127049589
v -0.00420743454 -0.0329719973 -0.00134159509
f 2527 2529 2528
v -0.00219464255 -0.0329699193 -0.00154526624
v -0.00303988618 -0.0327321672 -0.00162329179
v -0.00259294666 -0.0332009047 -0.00135262399
f 2530 2532 2531
v -0.0032591026 -0.0333919481 0.000364498987
v -0.00326471963 -0.0334158365 0.000359525166
v -0.00323003187 -0.0333143777 -0.000116779108
f 2533 2535 2534
v -0.0032591026 -0.0333919481 0.000364498987
v -0.00326471963 -0.0334158365 0.000359525166
v -0.00328639944 -0.0334262062 0.00048595216
f 2536 2538 2537
v -0.00367897155 -0.0327486166 -0.00129177934
v -0.00382151266 -0.0327362417 -0.00119259857
v -0.00339689468 -0.0329377857 -0.00106084954
f 2539 2541 2540
v 0.0002999461 -0.0327077199 0.00267232354
v 0.000825600728 -0.032642702 0.00210068756
v 0.000742272141 -0.0333236589 0.00180218904
f 2542 2544 2543
v 0.0002999461 -0.0327077199 0.00267232354
v 0.000742272141 -0.0333236589 0.00180218904
v 0.000162018398 -0.0334702694 0.00241755442
f 2545 2547 2546
v -0.00310318537 -0.0333646225 0.00185935787
v -0.00336528537 -0.0334343902 0.000669114752
v -0.00341858213 -0.0328341004 0.00163481163
f 2548 2550 2549
v -0.00366698878 -0.0324410619 0.00256859294
v -0.003902147 -0.0323334389 0.00216037624
v -0.00330248622 -0.0316617923 0.00268855074
f 2551 2553 2552
v -0.000906715468 -0.0331201096 0.00275060611
v -0.00161153166 -0.0329551665 0.00293892208
v -0.00130161334 -0.0329096423 0.0028183129
f 2554 2556 2555
v -0.000613457541 -0.0328124413 -0.0015964768
v -0.00100710877 -0.0326700596 -0.00161924872
v -0.000805772834 -0.0327864342 -0.00137584539
f 2557 2559 2558
v 0.00119918222 -0.0326927489 0.000768186783
v 0.000968479435 -0.032896371 -0.000243926752
v 0.000715058195 -0.032952975 -0.000198522957
f 2560 2562 2561
v -0.00480320414 -0.013189399 0.00115399034
v -0.00446898594 -0.0129163396 0.00194267996
v -0.0042400814 -0.0137377414 0.00199431015
f 2563 2565 2564
v -0.00480320414 -0.013189399 0.00115399034
v -0.0042400814 -0.0137377414 0.00199431015
v -0.0046914156 -0.013894173 0.00118666121
f 2566 2568 2567
v -0.00340807892 -0.0277221814 -0.000832560181
v -0.00369753761 -0.028503139 -0.000275929597
v -0.00343039355 -0.0285362039 -0.000853893107
f 2569 2571 2570
v -0.00339215185 -0.0309719908 0.00251041038
v -0.00362076426 -0.031114684 0.00162849174
v -0.00352462121 -0.030321136 0.00199183087
f 2572 2574 2573
v -0.00299570547 -0.0293633144 0.00263272232
v -0.00352462121 -0.030321136 0.00199183087
v -0.00399979872 -0.0296212034 0.00195977082
f 2575 2577 2576
v -0.00103826205 -0.0313064782 0.00332621494
v -0.00236110991 -0.032621689 0.00313565251
v -0.00149000934 -0.0305142225 0.00329873219
f 2578 2580 2579
v 0.00103042566 -0.0312767545 0.00213236053
v 0.000481860707 -0.029769211 0.00307313676
v 0.00108569584 -0.0302507979 0.0023288696
f 2581 2583 2582
v 0.00161976841 -0.029183313 0.000911625193
v 0.00105240269 -0.0279142609 -0.000378611639
v 0.00118864264 -0.0302247587 -0.000660623573
f 2584 2586 2585
v 0.00157246104 -0.0314768433 0.00112063262
v 0.00119918222 -0.0326927489 0.000768186783
v 0.00149942298 -0.0312597404 0.00162898377
f 2587 2589 2588
v -0.00303527468 -0.032476068 0.00268973763
v -0.00330248622 -0.0316617923 0.00268855074
v -0.00236110991 -0.032621689 0.00313565251
f 2590 2592 2591
v -0.000569258737 -0.0246594718 -0.00149181778
v -0.000580258757 -0.026029686 -0.00151713612
v -0.000128898671 -0.0249965495 -0.00138298801
f 2593 2595 2594
v -0.0021848311 -0.0231567523 -0.00147178871
v -0.00286602426 -0.0250791723 -0.00107555898
v -0.00141710952 -0.0242413545 -0.00141317105
f 2596 2598 2597
v 3.78577482e-05 -0.0235645857 -0.00120630648
v -0.000569258737 -0.0246594718 -0.00149181778
v -0.000128898671 -0.0249965495 -0.00138298801
f 2599 2601 2600
v -0.00192118314 -0.0257989072 0.00354319927
v -0.00311292242 -0.0262952293 0.00247926564
v -0.00250880075 -0.02496081 0.0031047326
f 2602 2604 2603
v -0.00192118314 -0.0257989072 0.00354319927
v -0.00250880075 -0.02496081 0.0031047326
v -0.0016463373 -0.024862797 0.00327139642
f 2605 2607 2606
v 0.000815782732 -0.0222167495 0.000264448636
v 0.00109737211 -0.020828002 0.00107912665
v 0.00074395557 -0.019891969 -0.000140895372
f 2608 2610 2609
v 0.000570389739 -0.0213945721 0.00261287223
v 0.000162199296 -0.0198430702 0.00269288685
v 0.000907935646 -0.0212896921 0.0022719003
f 2611 2613 2612
v 3.78577482e-05 -0.0235645857 -0.00120630648
v -0.000128898671 -0.0249965495 -0.00138298801
v 0.000898833787 -0.0234838313 -0.000265823292
f 2614 2616 2615
v -0.0043608954 -0.0167173028 -0.000173092576
v -0.00429014763 -0.0182047021 -0.000310408268
v -0.00406330182 -0.0167773047 -0.00079469628
f 2617 2619 2618
v -0.00462374155 -0.0121428289 -0.000995272057
v -0.0046727906 -0.0137864903 -0.000582506891
v -0.00430350447 -0.0133182097 -0.0011537164
f 2620 2622 2621
v -0.00314572535 -0.00406803811 -0.00254514562
v -0.00311414369 -0.00408846317 -0.0024977111
v -0.00301882192 -0.00411029541 -0.00226205266
f 2623 2625 2624
v -0.00314572535 -0.00406803811 -0.00254514562
v -0.00301882192 -0.00411029541 -0.00226205266
v -0.00367899993 -0.00398266202 -0.00244804141
f 2626 2628 2627
v -0.00488192381 -0.0123094374 0.00166416212
v -0.00490601269 -0.0112844755 0.001293278
v -0.00452703389 -0.0112027665 0.00189178354
f 2629 2631 2630
v -0.00550606746 -0.00629375718 -0.000732361059
v -0.00563522663 -0.00616216275 -0.00059021786
v -0.00537968845 -0.00676198179 -0.000686973453
f 2632 2634 2633
v -0.00561166416 -0.00616421894 -0.000533077673
v -0.00563522663 -0.00616216275 -0.00059021786
v -0.00587220384 -0.00607855472 -0.000513394298
f 2635 2637 2636
v -0.00563522663 -0.00616216275 -0.00059021786
v -0.00561166416 -0.00616421894 -0.000533077673
v -0.00558302418 -0.0058641861 -0.000703662681
f 2638 2640 2639
v -0.00533653911 -0.00613108132 0.00152507919
v -0.00525023388 -0.00517334702 0.00141304818
v -0.00502860348 -0.00529896934 0.00169962277
f 2641 2643 2642
v -0.00469935476 -0.0049714421 0.00207893718
v -0.00533653911 -0.00613108132 0.00152507919
v -0.00502860348 -0.00529896934 0.00169962277
f 2644 2646 2645
v -0.0042019612 -0.00555802144 -0.00192431417
v -0.00558302418 -0.0058641861 -0.000703662681
v -0.00439163814 -0.00663738174 -0.00199908172
f 2647 2649 2648
v -0.00298413943 -0.00552672755 -0.00233293395
v -0.0042019612 -0.00555802144 -0.00192431417
v -0.00439163814 -0.00663738174 -0.00199908172
f 2650 2652 2651
v -0.00279498836 -0.00649609792 -0.00222823255
v -0.00145074919 -0.00749850733 -0.0019870422
v -0.00298413943 -0.00552672755 -0.00233293395
f 2653 2655 2654
v -0.0055054963 -0.00465015619 -0.000626634937
v -0.00547035852 -0.00469685765 -0.000730675401
v -0.00539164939 -0.00479228474 -0.000925071618
f 2656 2658 2657
v -0.00539164939 -0.00479228474 -0.000925071618
v -0.00547482268 -0.00467611244 -0.000813707356
v -0.0055062188 -0.00500194292 -0.00088343113
f 2659 2661 2660
v -0.00547035852 -0.00469685765 -0.000730675401
v -0.00547482268 -0.00467611244 -0.000813707356
v -0.00557744097 -0.00470984378 -0.000476962759
f 2662 2664 2663
v -0.00499238013 -0.00480678136 -0.00145417907
v -0.00539164939 -0.00479228474 -0.000925071618
v -0.0055062188 -0.00500194292 -0.00088343113
f 2665 2667 2666
v -0.00392928523 -0.00425728285 -0.00211894476
v -0.00411061155 -0.0043468528 -0.00212684427
v -0.00399388518 -0.00423771198 -0.00226626762
f 2668 2670 2669
v -0.00180183542 -0.00411135625 -0.00220499587
v -0.00216080225 -0.00395452444 -0.00237497043
v -0.00269206048 -0.00439631331 -0.00253054677
f 2671 2673 2672
v -0.00180183542 -0.00411135625 -0.00220499587
v -0.00269206048 -0.00439631331 -0.00253054677
v -0.00148623749 -0.00440652293 -0.00208824331
f 2674 2676 2675
v -0.00311414369 -0.00408846317 -0.0024977111
v -0.00314572535 -0.00406803811 -0.00254514562
v -0.00310923497 -0.00401968355 -0.00254450279
f 2677 2679 2678
v -0.00404567145 -0.00434905014 -0.00213315798
v -0.00411061155 -0.0043468528 -0.00212684427
v -0.00387981418 -0.00451398882 -0.00226585962
f 2680 2682 2681
v -0.00404567145 -0.00434905014 -0.00213315798
v -0.00387981418 -0.00451398882 -0.00226585962
v -0.00399388518 -0.00423771198 -0.00226626762
f 2683 2685 2684
v -0.00404567145 -0.00434905014 -0.00213315798
v -0.00411061155 -0.0043468528 -0.00212684427
v -0.00392928523 -0.00425728285 -0.00211894476
f 2686 2688 2687
v -0.00109640259 -0.00435584479 0.00232612983
v -0.00107418255 -0.00430821783 0.00234246691
v -0.00121523353 -0.00439362448 0.00253053167
f 2689 2691 2690
v -0.00109640259 -0.00435584479 0.00232612983
v -0.00121523353 -0.00439362448 0.00253053167
v -0.00137137122 -0.00450367625 0.00236346314
f 2692 2694 2693
v -0.00279175692 -0.00410791617 -0.00251415768
v -0.00314572535 -0.00406803811 -0.00254514562
v -0.00311414369 -0.00408846317 -0.0024977111
f 2695 2697 2696
v -0.00310923497 -0.00401968355 -0.00254450279
v -0.00314572535 -0.00406803811 -0.00254514562
v -0.00279175692 -0.00410791617 -0.00251415768
f 2698 2700 2699
v -0.00310923497 -0.00401968355 -0.00254450279
v -0.00279175692 -0.00410791617 -0.00251415768
v -0.00301882192 -0.00411029541 -0.00226205266
f 2701 2703 2702
v -0.00279175692 -0.00410791617 -0.00251415768
v -0.00311414369 -0.00408846317 -0.0024977111
v -0.00326658883 -0.00418837517 -0.00254967526
f 2704 2706 2705
v -0.00424159407 -0.00441457305 -0.00203915988
v -0.00392928523 -0.00425728285 -0.00211894476
v -0.00301882192 -0.00411029541 -0.00226205266
f 2707 2709 2708
v -0.00279175692 -0.00410791617 -0.00251415768
v -0.00216080225 -0.00395452444 -0.00237497043
v -0.00301882192 -0.00411029541 -0.00226205266
f 2710 2712 2711
v -0.00311424301 -0.00512498118 0.00229322068
v -0.00327971502 -0.0054137683 0.0028339362
v -0.00364298176 -0.00542524249 0.00280324584
f 2713 2715 2714
v -0.00118244698 -0.00544797731 0.00270804267
v -0.00178952214 -0.00594698104 0.00293386147
v -0.00156485421 -0.00449229337 0.00277409144
f 2716 2718 2717
v -0.00112083435 -0.004421017 -0.000626149085
v -0.000644863303 -0.00450256593 -0.00083348059
v -0.000579241578 -0.00429059255 -0.000131718116
f 2719 2721 2720
v -0.000644863303 -0.00450256593 -0.00083348059
v -0.000287911939 -0.0055237404 -0.000607018683
v -0.000579241578 -0.00429059255 -0.000131718116
f 2722 2724 2723
v -0.000712257224 -0.00445099395 0.00150079732
v -0.00101574842 -0.00446178128 0.000193768847
v -0.000491769242 -0.00467659484 0.00068745876
f 2725 2727 2726
v -0.000788940633 -0.00445441801 0.00216412227
v -0.00109640259 -0.00435584479 0.00232612983
v -0.00107418255 -0.00430821783 0.00234246691
f 2728 2730 2729
v -0.00121523353 -0.00439362448 0.00253053167
v -0.00107418255 -0.00430821783 0.00234246691
v -0.00109990233 -0.00430972832 0.00242030801
f 2731 2733 2732
v -0.00109640259 -0.00435584479 0.00232612983
v -0.000788940633 -0.00445441801 0.00216412227
v -0.00109990233 -0.00430972832 0.00242030801
f 2734 2736 2735
v -0.00272073976 -0.0134725371 0.00292008281
v -0.00249284822 -0.0147224928 0.00283687932
v -0.00329357026 -0.0154544119 0.00256376406
f 2737 2739 2738
v -0.00272073976 -0.0134725371 0.00292008281
v -0.00329357026 -0.0154544119 0.00256376406
v -0.00458933646 -0.0145563652 0.00179829949
f 2740 2742 2741
v -0.000744548743 -0.00442192213 0.0017880182
v -0.000739388997 -0.00436401424 0.00179832114
v -0.000633547916 -0.00442865094 0.00148388399
f 2743 2745 2744
v -0.000920599632 -0.00429425236 0.00205899923
v -0.000739388997 -0.00436401424 0.00179832114
v -0.000788940633 -0.00445441801 0.00216412227
f 2746 2748 2747
v -0.00272073976 -0.0134725371 0.00292008281
v -0.00458933646 -0.0145563652 0.00179829949
v -0.0042400814 -0.0137377414 0.00199431015
f 2749 2751 2750
v -0.00235375446 -0.0173899811 -0.00159128431
v -0.000548084017 -0.0194701133 -0.00144706937
v -0.00053351896 -0.0181710086 -0.00135994196
f 2752 2754 2753
v 0.000395558436 -0.0154639332 -0.000234176241
v 0.000501351906 -0.0151826025 0.000871523844
v 0.000557120802 -0.0144417994 -0.000357095541
f 2755 2757 2756
v 9.56540021e-05 -0.0113752591 -0.000462997195
v 0.000197043823 -0.0122132464 -0.000368157453
v 0.000185734189 -0.0114538685 0.00087680055
f 2758 2760 2759
v 9.95635219e-05 -0.00916455101 -6.13701559e-05
v 0.000156725571 -0.0104354061 -0.00035120147
v 0.000225880558 -0.00973917267 0.00162107062
f 2761 2763 2762
v -0.000235713401 -0.0173655513 0.00266641673
v -0.000212834948 -0.016514906 0.00260577635
v 0.000389770457 -0.0179197537 0.0023825236
f 2764 2766 2765
v 8.68944937e-05 -0.0151100452 0.0023992925
v 0.000370358089 -0.0145710699 0.00192841671
v 0.000399960618 -0.0158225681 0.00188239537
f 2767 2769 2768
v -5.20087099e-05 -0.00876851336 0.0015079534
v -0.000274873059 -0.00732302651 0.0016170181
v -0.000136526728 -0.00744284989 0.00117410345
f 2770 2772 2771
