# FlyGym 1.2.1 STL; B(x,y,z)=(x,z,y); winding reversed
v -0.00385999374 -0.0188562728 -0.000646558965
v -0.00398731063 -0.0190585299 -0.000903677756
v -0.0040838604 -0.0189703802 -0.00099114568
f 1 3 2
v -0.00386999091 -0.0182621152 -0.000617226306
v -0.00375469317 -0.0186901569 -0.000504171567
v -0.00401006328 -0.0186409699 -0.000830151112
f 4 6 5
v -0.00401006328 -0.0186409699 -0.000830151112
v -0.00375469317 -0.0186901569 -0.000504171567
v -0.00385999374 -0.0188562728 -0.000646558965
f 7 9 8
v -0.00401006328 -0.0186409699 -0.000830151112
v -0.00385999374 -0.0188562728 -0.000646558965
v -0.0040838604 -0.0189703802 -0.00099114568
f 10 12 11
v -0.00365453379 -0.0186679419 -0.00109440898
v -0.00359697879 -0.0182327669 -0.000971660484
v -0.00373491712 -0.0186972669 -0.00107603919
f 13 15 14
v -0.00301232485 -0.0187119702 -0.00108561926
v -0.00312798875 -0.0182982112 -0.00114400627
v -0.00365453379 -0.0186679419 -0.00109440898
f 16 18 17
v -0.00312013071 -0.0187557249 -0.000821349931
v -0.00313602723 -0.018749552 -0.000847295087
v -0.00302286699 -0.0187282189 -0.00108009899
f 19 21 20
v -0.00345914013 -0.0176411661 -0.000798501969
v -0.00386999091 -0.0182621152 -0.000617226306
v -0.00359697879 -0.0182327669 -0.000971660484
f 22 24 23
v -0.00312798875 -0.0182982112 -0.00114400627
v -0.00359697879 -0.0182327669 -0.000971660484
v -0.00365453379 -0.0186679419 -0.00109440898
f 25 27 26
v -0.00371932983 -0.0189642742 -0.000977919444
v -0.00372210052 -0.0187264668 -0.00108246604
v -0.00397635486 -0.0189985003 -0.00111265854
f 28 30 29
v -0.00353682299 -0.0188688486 -0.000896556776
v -0.00371932983 -0.0189642742 -0.000977919444
v -0.00398731063 -0.0190585299 -0.000903677756
f 31 33 32
v -0.00359697879 -0.0182327669 -0.000971660484
v -0.00302413137 -0.0176475893 -0.00112247071
v -0.00345914013 -0.0176411661 -0.000798501969
f 34 36 35
v -0.00345914013 -0.0176411661 -0.000798501969
v -0.00339608669 -0.0171303152 -0.00054060929
v -0.00370067173 -0.0178243048 -0.000350936807
f 37 39 38
v -0.0024941779 -0.0171934997 -0.00126117247
v -0.00241015605 -0.0165205551 -0.00127265885
v -0.00293902212 -0.0172063985 -0.00110510246
f 40 42 41
v -0.00302413137 -0.0176475893 -0.00112247071
v -0.00293902212 -0.0172063985 -0.00110510246
v -0.0032763659 -0.0173954773 -0.000919902595
f 43 45 44
v -0.00339608669 -0.0171303152 -0.00054060929
v -0.0029100469 -0.0163206074 -0.000916879253
v -0.00338205718 -0.0167555219 -0.000295735117
f 46 48 47
v -0.00293902212 -0.0172063985 -0.00110510246
v -0.00241015605 -0.0165205551 -0.00127265885
v -0.0029100469 -0.0163206074 -0.000916879253
f 49 51 50
v -0.00299315125 -0.0159162912 -0.000909397022
v -0.00290699572 -0.0154607449 -0.0010877231
v -0.00351028139 -0.015479594 -0.000720483877
f 52 54 53
v -0.00313588062 -0.0161453951 -0.000640911276
v -0.00299315125 -0.0159162912 -0.000909397022
v -0.00351028139 -0.015479594 -0.000720483877
f 55 57 56
v -0.00360690501 -0.0157226736 -0.000235183506
v -0.00325715337 -0.016201679 -0.000376549633
v -0.00313588062 -0.0161453951 -0.000640911276
f 58 60 59
v -0.00243961258 -0.0178118367 -0.00129257915
v -0.00302413137 -0.0176475893 -0.00112247071
v -0.00312798875 -0.0182982112 -0.00114400627
f 61 63 62
v -0.00351028139 -0.015479594 -0.000720483877
v -0.0034840632 -0.0150058331 -0.000657961664
v -0.003765574 -0.0154722147 -0.000430806813
f 64 66 65
v -0.003765574 -0.0154722147 -0.000430806813
v -0.00313588062 -0.0161453951 -0.000640911276
v -0.00351028139 -0.015479594 -0.000720483877
f 67 69 68
v -0.0034840632 -0.0150058331 -0.000657961664
v -0.00372615978 -0.0151111468 -0.000239880683
v -0.003765574 -0.0154722147 -0.000430806813
f 70 72 71
v -0.00356453384 -0.0142911755 0.000445387241
v -0.00355279917 -0.0150051143 0.00053529775
v -0.00360951926 -0.0146430524 -6.10370591e-05
f 73 75 74
v -0.00290699572 -0.0154607449 -0.0010877231
v -0.00287426592 -0.0143878715 -0.000915179044
v -0.00351028139 -0.015479594 -0.000720483877
f 76 78 77
v -0.00287426592 -0.0143878715 -0.000915179044
v -0.0034840632 -0.0150058331 -0.000657961664
v -0.00351028139 -0.015479594 -0.000720483877
f 79 81 80
v -0.0034840632 -0.0150058331 -0.000657961664
v -0.00287426592 -0.0143878715 -0.000915179044
v -0.0034250108 -0.0144760357 -0.000486769386
f 82 84 83
v -0.00339857506 -0.0139191776 -0.000501834438
v -0.00292701588 -0.0138428266 -0.000862704292
v -0.00347598107 -0.0134668648 -0.000575362174
f 85 87 86
v -0.00369210684 -0.0134938251 -0.000308070685
v -0.00359149199 -0.0139174983 -0.000131872378
v -0.00339857506 -0.0139191776 -0.000501834438
f 88 90 89
v -0.00355817465 -0.0135076611 0.000620801256
v -0.00356453384 -0.0142911755 0.000445387241
v -0.00359149199 -0.0139174983 -0.000131872378
f 91 93 92
v -0.00355817465 -0.0135076611 0.000620801256
v -0.00367125976 -0.0149402811 0.000985022416
v -0.00356453384 -0.0142911755 0.000445387241
f 94 96 95
v -0.0024209623 -0.0144268459 -0.00113043952
v -0.00245941774 -0.0138216579 -0.0010981008
v -0.00287426592 -0.0143878715 -0.000915179044
f 97 99 98
v -0.00360951926 -0.0146430524 -6.10370591e-05
v -0.0034250108 -0.0144760357 -0.000486769386
v -0.00359149199 -0.0139174983 -0.000131872378
f 100 102 101
v -0.00373436123 -0.0119555894 0.000978108437
v -0.00368551264 -0.0114629642 0.000839798304
v -0.00380526471 -0.0121779492 0.0013482877
f 103 105 104
v -0.00350865012 -0.0130698609 -0.000563186768
v -0.00309625575 -0.0128427375 -0.000796308541
v -0.00342184612 -0.0124322614 -0.000455138252
f 106 108 107
v -0.00340906372 -0.0119607037 -0.000395186726
v -0.00363480831 -0.0124715632 -0.000146519869
v -0.00342184612 -0.0124322614 -0.000455138252
f 109 111 110
v -0.00369093177 -0.013112546 -0.000194465701
v -0.00355817465 -0.0135076611 0.000620801256
v -0.00369210684 -0.0134938251 -0.000308070685
f 112 114 113
v -0.00368899928 -0.0139650336 0.000906224068
v -0.00355817465 -0.0135076611 0.000620801256
v -0.00389966808 -0.0132530215 0.00131990573
f 115 117 116
v -0.00359543119 -0.0127173902 0.000584682766
v -0.00365978485 -0.0123547463 0.000624030326
v -0.00370528724 -0.0128089465 0.000911789812
f 118 120 119
v -0.00240094105 -0.0133423178 -0.00114550166
v -0.00309625575 -0.0128427375 -0.000796308541
v -0.00292701588 -0.0138428266 -0.000862704292
f 121 123 122
v -0.0024935207 -0.0123905644 -0.00109494595
v -0.00256335679 -0.0119057084 -0.00104471437
v -0.00309625575 -0.0128427375 -0.000796308541
f 124 126 125
v -0.00304263158 -0.0119501441 -0.000717138209
v -0.00340906372 -0.0119607037 -0.000395186726
v -0.00342184612 -0.0124322614 -0.000455138252
f 127 129 128
v -0.0037997921 -0.0115076567 -0.000251599977
v -0.00364205152 -0.0115004237 0.000385577641
v -0.00364672851 -0.0119418641 0.00010731801
f 130 132 131
v -0.00371371862 -0.0113313341 -0.000740748874
v -0.00361078746 -0.0116183292 -0.00060258526
v -0.00308407689 -0.0114739698 -0.000842657573
f 133 135 134
v -0.00361078746 -0.0116183292 -0.00060258526
v -0.0037997921 -0.0115076567 -0.000251599977
v -0.00340906372 -0.0119607037 -0.000395186726
f 136 138 137
v -0.00373436123 -0.0119555894 0.000978108437
v -0.00365978485 -0.0123547463 0.000624030326
v -0.00364672851 -0.0119418641 0.00010731801
f 139 141 140
v -0.00364672851 -0.0119418641 0.00010731801
v -0.00364205152 -0.0115004237 0.000385577641
v -0.00373436123 -0.0119555894 0.000978108437
f 142 144 143
v -0.00309625575 -0.0128427375 -0.000796308541
v -0.00256335679 -0.0119057084 -0.00104471437
v -0.00304263158 -0.0119501441 -0.000717138209
f 145 147 146
v -0.00256335679 -0.0119057084 -0.00104471437
v -0.00244391867 -0.0112825481 -0.00110023611
v -0.00308407689 -0.0114739698 -0.000842657573
f 148 150 149
v -0.00363480831 -0.0124715632 -0.000146519869
v -0.00364672851 -0.0119418641 0.00010731801
v -0.00365978485 -0.0123547463 0.000624030326
f 151 153 152
v -0.00365978485 -0.0123547463 0.000624030326
v -0.00380526471 -0.0121779492 0.0013482877
v -0.00370528724 -0.0128089465 0.000911789812
f 154 156 155
v -0.00309625575 -0.0128427375 -0.000796308541
v -0.00350865012 -0.0130698609 -0.000563186768
v -0.00347598107 -0.0134668648 -0.000575362174
f 157 159 158
v -0.00359543119 -0.0127173902 0.000584682766
v -0.00369093177 -0.013112546 -0.000194465701
v -0.00365975138 -0.0127994121 -0.000326318423
f 160 162 161
v -0.00299315125 -0.0159162912 -0.000909397022
v -0.00252438294 -0.0158181952 -0.00125275656
v -0.00290699572 -0.0154607449 -0.0010877231
f 163 165 164
v -0.00348644462 -0.0185266021 0.000239698329
v -0.00348698413 -0.0185647077 0.00057746247
v -0.00343375941 -0.0188180566 0.000382905046
f 166 168 167
v -0.00364579791 -0.0185709563 -0.00034627019
v -0.00361818165 -0.0180855743 0.000138415078
v -0.00348644462 -0.0185266021 0.000239698329
f 169 171 170
v -0.00361818165 -0.0180855743 0.000138415078
v -0.00359937621 -0.0178374816 0.00109728462
v -0.00348698413 -0.0185647077 0.00057746247
f 172 174 173
v -0.00361818165 -0.0180855743 0.000138415078
v -0.00348698413 -0.0185647077 0.00057746247
v -0.00348644462 -0.0185266021 0.000239698329
f 175 177 176
v -0.00352003226 -0.0187407248 0.00126380364
v -0.0032908938 -0.018821191 0.000875206388
v -0.00351116832 -0.0186818157 0.000910113067
f 178 180 179
v -0.00359937621 -0.0178374816 0.00109728462
v -0.00352003226 -0.0187407248 0.00126380364
v -0.00351116832 -0.0186818157 0.000910113067
f 181 183 182
v -0.00359937621 -0.0178374816 0.00109728462
v -0.00356899545 -0.0184216784 0.00150193819
v -0.00352003226 -0.0187407248 0.00126380364
f 184 186 185
v -0.00328697279 -0.0188075865 -0.000640369944
v -0.00364579791 -0.0185709563 -0.00034627019
v -0.00316283549 -0.0189671904 -0.000427011219
f 187 189 188
v -0.00343375941 -0.0188180566 0.000382905046
v -0.0028876404 -0.0191074039 8.95386108e-05
v -0.00337091406 -0.0188921025 4.97166582e-05
f 190 192 191
v -0.00316283549 -0.0189671904 -0.000427011219
v -0.00278711359 -0.0191030354 -0.000805235777
v -0.002974583 -0.0188237886 -0.000860890941
f 193 195 194
v -0.0028876404 -0.0191074039 8.95386108e-05
v -0.00252582158 -0.0192380438 -0.000299117073
v -0.0031617441 -0.0191394342 -0.000267747964
f 196 198 197
v -0.0031617441 -0.0191394342 -0.000267747964
v -0.00278711359 -0.0191030354 -0.000805235777
v -0.00316283549 -0.0189671904 -0.000427011219
f 199 201 200
v -0.00337091406 -0.0188921025 4.97166582e-05
v -0.00316283549 -0.0189671904 -0.000427011219
v -0.00364579791 -0.0185709563 -0.00034627019
f 202 204 203
v -0.00364579791 -0.0185709563 -0.00034627019
v -0.00348644462 -0.0185266021 0.000239698329
v -0.00337091406 -0.0188921025 4.97166582e-05
f 205 207 206
v -0.00310164578 -0.0188096921 0.00158516887
v -0.00250994217 -0.0192436215 0.00126893792
v -0.0032908938 -0.018821191 0.000875206388
f 208 210 209
v -0.00250994217 -0.0192436215 0.00126893792
v -0.00252582158 -0.0192380438 -0.000299117073
v -0.0028876404 -0.0191074039 8.95386108e-05
f 211 213 212
v -0.00348644462 -0.0185266021 0.000239698329
v -0.00343375941 -0.0188180566 0.000382905046
v -0.00337091406 -0.0188921025 4.97166582e-05
f 214 216 215
v -0.00316523729 -0.0188707214 0.00208391612
v -0.00293967587 -0.0190551422 0.00220442016
v -0.00310164578 -0.0188096921 0.00158516887
f 217 219 218
v -0.00324957437 -0.0185886398 0.00231241374
v -0.00296585331 -0.0186260178 0.00253387134
v -0.00336695375 -0.0186821562 0.00199333681
f 220 222 221
v -0.00296585331 -0.0186260178 0.00253387134
v -0.00293967587 -0.0190551422 0.00220442016
v -0.00316523729 -0.0188707214 0.00208391612
f 223 225 224
v -0.00310164578 -0.0188096921 0.00158516887
v -0.00271899135 -0.0192226173 0.0022707738
v -0.00250994217 -0.0192436215 0.00126893792
f 226 228 227
v -0.00271899135 -0.0192226173 0.0022707738
v -0.0024077568 -0.0193998596 0.00236465639
v -0.00250994217 -0.0192436215 0.00126893792
f 229 231 230
v -0.00133702906 -0.0189634971 0.00292516197
v -0.00138810747 -0.0192162188 0.00287787807
v -0.0021065378 -0.0190721665 0.00263416514
f 232 234 233
v -0.0024077568 -0.0193998596 0.00236465639
v -0.00293967587 -0.0190551422 0.00220442016
v -0.00296585331 -0.0186260178 0.00253387134
f 235 237 236
v -0.00414512288 -0.0168453975 0.00180064653
v -0.00370308844 -0.0167756807 0.00226029024
v -0.00373155563 -0.017365902 0.00223880506
f 238 240 239
v -0.00413479611 -0.016152348 0.0017789378
v -0.0040674342 -0.0164892423 0.00207376761
v -0.00419642711 -0.0165367717 0.00159143492
f 241 243 242
v -0.00413479611 -0.016152348 0.0017789378
v -0.00419642711 -0.0165367717 0.00159143492
v -0.00406790168 -0.0164041136 0.00146732855
f 244 246 245
v -0.00366537861 -0.0175902038 0.000137532913
v -0.00360633967 -0.0174047964 0.000469485622
v -0.00361818165 -0.0180855743 0.000138415078
f 247 249 248
v -0.00360633967 -0.0174047964 0.000469485622
v -0.00359937621 -0.0178374816 0.00109728462
v -0.00361818165 -0.0180855743 0.000138415078
f 250 252 251
v -0.00360633967 -0.0174047964 0.000469485622
v -0.00366537861 -0.0175902038 0.000137532913
v -0.00338205718 -0.0167555219 -0.000295735117
f 253 255 254
v -0.00361564489 -0.0168810526 0.00104292412
v -0.00360325575 -0.017295852 0.000889696548
v -0.00360633967 -0.0174047964 0.000469485622
f 256 258 257
v -0.00390181158 -0.0175546491 0.00183827833
v -0.00366790046 -0.0179763869 0.00203943855
v -0.00373381117 -0.0179754163 0.00174532634
f 259 261 260
v -0.00359937621 -0.0178374816 0.00109728462
v -0.00373381117 -0.0179754163 0.00174532634
v -0.00356899545 -0.0184216784 0.00150193819
f 262 264 263
v -0.00359937621 -0.0178374816 0.00109728462
v -0.00378755794 -0.0172761283 0.00134088405
v -0.00373810326 -0.0176825473 0.00144574478
f 265 267 266
v -0.00361564489 -0.0168810526 0.00104292412
v -0.00357830177 -0.0166094804 0.000858319709
v -0.00406790168 -0.0164041136 0.00146732855
f 268 270 269
v -0.00338205718 -0.0167555219 -0.000295735117
v -0.00342990934 -0.016176654 0.000612147232
v -0.00360633967 -0.0174047964 0.000469485622
f 271 273 272
v -0.00338205718 -0.0167555219 -0.000295735117
v -0.00340122751 -0.0161689924 5.20542415e-05
v -0.00342990934 -0.016176654 0.000612147232
f 274 276 275
v -0.00357830177 -0.0166094804 0.000858319709
v -0.00342990934 -0.016176654 0.000612147232
v -0.00406790168 -0.0164041136 0.00146732855
f 277 279 278
v -0.00321106927 -0.0178683593 0.00265020644
v -0.00334202668 -0.0183365773 0.00234913441
v -0.00366790046 -0.0179763869 0.00203943855
f 280 282 281
v -0.00296585331 -0.0186260178 0.00253387134
v -0.00324957437 -0.0185886398 0.00231241374
v -0.00334202668 -0.0183365773 0.00234913441
f 283 285 284
v -0.00373155563 -0.017365902 0.00223880506
v -0.00321106927 -0.0178683593 0.00265020644
v -0.00366790046 -0.0179763869 0.00203943855
f 286 288 287
v -0.00270712499 -0.0174619432 0.00305523063
v -0.00321106927 -0.0178683593 0.00265020644
v -0.00373155563 -0.017365902 0.00223880506
f 289 291 290
v -0.00270712499 -0.0174619432 0.00305523063
v -0.00304532405 -0.0183233453 0.00262770081
v -0.00321106927 -0.0178683593 0.00265020644
f 292 294 293
v -0.00304532405 -0.0183233453 0.00262770081
v -0.00334202668 -0.0183365773 0.00234913441
v -0.00321106927 -0.0178683593 0.00265020644
f 295 297 296
v -0.0024077568 -0.0193998596 0.00236465639
v -0.00296585331 -0.0186260178 0.00253387134
v -0.00236723699 -0.0184191624 0.00295172504
f 298 300 299
v -0.00236723699 -0.0184191624 0.00295172504
v -0.00193103169 -0.0186184538 0.0028790384
v -0.0021065378 -0.0190721665 0.00263416514
f 301 303 302
v -0.00156157021 -0.0182244752 0.00299851217
v -0.00133702906 -0.0189634971 0.00292516197
v -0.00193103169 -0.0186184538 0.0028790384
f 304 306 305
v -0.00373155563 -0.017365902 0.00223880506
v -0.00370308844 -0.0167756807 0.00226029024
v -0.00331031988 -0.0171179679 0.00262967533
f 307 309 308
v -0.00289229083 -0.0168743922 0.00289799209
v -0.0021440268 -0.0168988758 0.00310730975
v -0.00270712499 -0.0174619432 0.00305523063
f 310 312 311
v -0.00148608724 -0.0166731668 0.00307965493
v -0.000418574336 -0.0166596001 0.00306681832
v -0.00061514952 -0.0174051514 0.00304351579
f 313 315 314
v -0.00336695375 -0.0186821562 0.00199333681
v -0.00334202668 -0.0183365773 0.00234913441
v -0.00324957437 -0.0185886398 0.00231241374
f 316 318 317
v -0.00193103169 -0.0186184538 0.0028790384
v -0.00133702906 -0.0189634971 0.00292516197
v -0.0021065378 -0.0190721665 0.00263416514
f 319 321 320
v -0.00366790046 -0.0179763869 0.00203943855
v -0.00390181158 -0.0175546491 0.00183827833
v -0.00373155563 -0.017365902 0.00223880506
f 322 324 323
v -0.00413479611 -0.016152348 0.0017789378
v -0.00390648456 -0.0156687078 0.00156197821
v -0.00393871778 -0.0156568392 0.00192950574
f 325 327 326
v -0.00413479611 -0.016152348 0.0017789378
v -0.00393871778 -0.0156568392 0.00192950574
v -0.0038141141 -0.0161639357 0.00225398217
f 328 330 329
v -0.0039223145 -0.01436819 0.0014224147
v -0.00370013076 -0.0145011742 0.0020620173
v -0.00381668833 -0.0148854175 0.0015350186
f 331 333 332
v -0.00390294335 -0.013760732 0.00208820729
v -0.00403903323 -0.0142216348 0.00177444999
v -0.00417969895 -0.0138631935 0.00163401419
f 334 336 335
v -0.00390294335 -0.013760732 0.00208820729
v -0.00340722618 -0.0142116623 0.00234472554
v -0.00403903323 -0.0142216348 0.00177444999
f 337 339 338
v -0.00348306276 -0.0155464892 0.000527472184
v -0.00367125976 -0.0149402811 0.000985022416
v -0.00342990934 -0.016176654 0.000612147232
f 340 342 341
v -0.00348306276 -0.0155464892 0.000527472184
v -0.00355279917 -0.0150051143 0.00053529775
v -0.00367125976 -0.0149402811 0.000985022416
f 343 345 344
v -0.00374061819 -0.0156584618 0.00122135752
v -0.00367125976 -0.0149402811 0.000985022416
v -0.00381668833 -0.0148854175 0.0015350186
f 346 348 347
v -0.00374061819 -0.0156584618 0.00122135752
v -0.00381668833 -0.0148854175 0.0015350186
v -0.00389788438 -0.0153499801 0.00178726041
f 349 351 350
v -0.00368899928 -0.0139650336 0.000906224068
v -0.00389966808 -0.0132530215 0.00131990573
v -0.00417969895 -0.0138631935 0.00163401419
f 352 354 353
v -0.00364366788 -0.0144638703 0.00209166374
v -0.00340722618 -0.0142116623 0.00234472554
v -0.00363364015 -0.0146306324 0.00216843764
f 355 357 356
v -0.00355279917 -0.0150051143 0.00053529775
v -0.00356453384 -0.0142911755 0.000445387241
v -0.00367125976 -0.0149402811 0.000985022416
f 358 360 359
v -0.00286348695 -0.0150962194 0.00300663123
v -0.00269303291 -0.0155212867 0.00291632277
v -0.00303036104 -0.016175535 0.0027055532
f 361 363 362
v -0.00303036104 -0.016175535 0.0027055532
v -0.00223637635 -0.0155696442 0.0029861636
v -0.00247325188 -0.0162006443 0.00289999716
f 364 366 365
v -0.00247325188 -0.0162006443 0.00289999716
v -0.0018413024 -0.0164078359 0.00303449051
v -0.0021440268 -0.0168988758 0.00310730975
f 367 369 368
v -0.00129906457 -0.0153390793 0.00315109683
v -0.00148608724 -0.0166731668 0.00307965493
v -0.0018413024 -0.0164078359 0.00303449051
f 370 372 371
v -0.00286348695 -0.0150962194 0.00300663123
v -0.00269665197 -0.0147512721 0.0031135005
v -0.00269303291 -0.0155212867 0.00291632277
f 373 375 374
v -0.00405492137 -0.013441495 0.00183087577
v -0.00390294335 -0.013760732 0.00208820729
v -0.00417969895 -0.0138631935 0.00163401419
f 376 378 377
v -0.00359270671 -0.0126069222 0.00212367049
v -0.00379880184 -0.012969278 0.00190679493
v -0.00383962943 -0.012636224 0.00140140655
f 379 381 380
v -0.00383962943 -0.012636224 0.00140140655
v -0.00374878691 -0.0122574158 0.00174196575
v -0.00359270671 -0.0126069222 0.00212367049
f 382 384 383
v -0.00373584953 -0.0114662864 0.001589368
v -0.00360113991 -0.0118508528 0.00201744224
v -0.00380526471 -0.0121779492 0.0013482877
f 385 387 386
v -0.00360113991 -0.0118508528 0.00201744224
v -0.00367879511 -0.0120711273 0.00186705329
v -0.00369201698 -0.0120825134 0.00183453194
f 388 390 389
v -0.00380526471 -0.0121779492 0.0013482877
v -0.00383962943 -0.012636224 0.00140140655
v -0.00370528724 -0.0128089465 0.000911789812
f 391 393 392
v -0.00325295623 -0.0136942414 0.00242111619
v -0.00290950247 -0.0140626871 0.002819988
v -0.00340722618 -0.0142116623 0.00234472554
f 394 396 395
v -0.00227921646 -0.0128496336 0.00288977808
v -0.00235155912 -0.0133303838 0.0029160823
v -0.00325295623 -0.0136942414 0.00242111619
f 397 399 398
v -0.00284999005 -0.0123842256 0.00268365911
v -0.00329853538 -0.0130487431 0.00232557086
v -0.00359270671 -0.0126069222 0.00212367049
f 400 402 401
v -0.00313720484 -0.011732275 0.0026029802
v -0.00284999005 -0.0123842256 0.00268365911
v -0.00338798454 -0.0122023899 0.00236324122
f 403 405 404
v -0.00329853538 -0.0130487431 0.00232557086
v -0.00284999005 -0.0123842256 0.00268365911
v -0.00227921646 -0.0128496336 0.00288977808
f 406 408 407
v -0.00230697533 -0.0123114034 0.00285883234
v -0.00197156296 -0.0130937129 0.00296260732
v -0.00227921646 -0.0128496336 0.00288977808
f 409 411 410
v -0.00248059769 -0.0143242942 0.00307505907
v -0.0029103252 -0.0143769081 0.00298090035
v -0.00290950247 -0.0140626871 0.002819988
f 412 414 413
v -0.00290950247 -0.0140626871 0.002819988
v -0.00235155912 -0.0133303838 0.0029160823
v -0.00248059769 -0.0143242942 0.00307505907
f 415 417 416
v -0.00185727185 -0.0146930339 0.00305365975
v -0.00218088699 -0.0137351191 0.00306875627
v -0.0013714789 -0.0140098462 0.00302357803
f 418 420 419
v -0.0013714789 -0.0140098462 0.00302357803
v -0.000794512289 -0.0143392899 0.00297531515
v -0.00185727185 -0.0146930339 0.00305365975
f 421 423 422
v -0.0014815183 -0.0132891102 0.00298803243
v -0.0013714789 -0.0140098462 0.00302357803
v -0.00218088699 -0.0137351191 0.00306875627
f 424 426 425
v -0.000958251167 -0.0130235334 0.00310182077
v -0.000751126163 -0.0133399604 0.00317621343
v -0.0014815183 -0.0132891102 0.00298803243
f 427 429 428
v -0.00244570401 -0.0187587386 -0.00124666476
v -0.00251504061 -0.0184911769 -0.00132667155
v -0.00260469296 -0.0188204547 -0.00127808162
f 430 432 431
v -0.00244570401 -0.0187587386 -0.00124666476
v -0.00212993127 -0.0189657541 -0.00124681537
v -0.00251504061 -0.0184911769 -0.00132667155
f 433 435 434
v -0.00312798875 -0.0182982112 -0.00114400627
v -0.00251504061 -0.0184911769 -0.00132667155
v -0.00243961258 -0.0178118367 -0.00129257915
f 436 438 437
v -0.00251504061 -0.0184911769 -0.00132667155
v -0.00187547175 -0.0180382267 -0.0013500694
v -0.00243961258 -0.0178118367 -0.00129257915
f 439 441 440
v -0.0011272291 -0.018150649 -0.0012573757
v -0.00187547175 -0.0180382267 -0.0013500694
v -0.00191451163 -0.0186785939 -0.00128858082
f 442 444 443
v -0.00149569341 -0.0173225475 -0.00137792085
v -0.00205511533 -0.0175369423 -0.00135623686
v -0.00187547175 -0.0180382267 -0.0013500694
f 445 447 446
v -0.0024941779 -0.0171934997 -0.00126117247
v -0.00168723163 -0.0166141312 -0.00139651074
v -0.00241015605 -0.0165205551 -0.00127265885
f 448 450 449
v -0.00205511533 -0.0175369423 -0.00135623686
v -0.00168723163 -0.0166141312 -0.00139651074
v -0.0024941779 -0.0171934997 -0.00126117247
f 451 453 452
v -0.00186538418 -0.0161954638 -0.00142121808
v -0.00170417134 -0.015697231 -0.00149021525
v -0.0023106466 -0.016041573 -0.00133743888
f 454 456 455
v -0.000801032274 -0.0171696549 -0.00129773071
v -0.00036140641 -0.0167159931 -0.00127585317
v -0.00114510158 -0.0164155004 -0.00136189865
f 457 459 458
v -0.000703355408 -0.0163905221 -0.00128831343
v -0.000671714042 -0.0160631738 -0.00132733257
v -0.00114510158 -0.0164155004 -0.00136189865
f 460 462 461
v -0.00036140641 -0.0167159931 -0.00127585317
v -0.000671714042 -0.0160631738 -0.00132733257
v -0.000703355408 -0.0163905221 -0.00128831343
f 463 465 464
v -0.00149569341 -0.0173225475 -0.00137792085
v -0.00168723163 -0.0166141312 -0.00139651074
v -0.00205511533 -0.0175369423 -0.00135623686
f 466 468 467
v 0.000131235811 -0.0156658032 -0.00105596446
v -6.96094844e-05 -0.0158805793 -0.00118412463
v -1.31218997e-05 -0.0166885889 -0.00123628051
f 469 471 470
v -0.00196648562 -0.0152895242 -0.00138708238
v -0.00242763072 -0.0151691725 -0.00124959297
v -0.00252438294 -0.0158181952 -0.00125275656
f 472 474 473
v -0.00242763072 -0.0151691725 -0.00124959297
v -0.00196648562 -0.0152895242 -0.00138708238
v -0.00187315018 -0.0146078484 -0.00129764685
f 475 477 476
v -0.000746126216 -0.0151943459 -0.00136158706
v -0.000875067144 -0.0143562982 -0.00134123857
v -0.00111449881 -0.0150187523 -0.00139354488
f 478 480 479
v -6.96094844e-05 -0.0158805793 -0.00118412463
v -3.12159216e-05 -0.0147395142 -0.00105159888
v -0.000746126216 -0.0151943459 -0.00136158706
f 481 483 482
v -0.000875067144 -0.0143562982 -0.00134123857
v -0.00200206796 -0.0140075499 -0.00122391884
v -0.00187315018 -0.0146078484 -0.00129764685
f 484 486 485
v -0.00200206796 -0.0140075499 -0.00122391884
v -0.00204122334 -0.0132432659 -0.0012329836
v -0.00245941774 -0.0138216579 -0.0010981008
f 487 489 488
v -0.00200206796 -0.0140075499 -0.00122391884
v -0.000938784979 -0.0133007372 -0.0014081359
v -0.00204122334 -0.0132432659 -0.0012329836
f 490 492 491
v -6.96094844e-05 -0.0158805793 -0.00118412463
v 0.000131235811 -0.0156658032 -0.00105596446
v -3.12159216e-05 -0.0147395142 -0.00105159888
f 493 495 494
v -8.48585501e-05 -0.0142052668 -0.00101197111
v -3.12159216e-05 -0.0147395142 -0.00105159888
v 0.000245755518 -0.0144787176 -0.000851153163
f 496 498 497
v -0.00153309829 -0.0126820523 -0.00123741847
v -0.00190244627 -0.0126482657 -0.00124515191
v -0.00204122334 -0.0132432659 -0.0012329836
f 499 501 500
v -0.000938784979 -0.0133007372 -0.0014081359
v -0.00153309829 -0.0126820523 -0.00123741847
v -0.00204122334 -0.0132432659 -0.0012329836
f 502 504 503
v -0.000855708549 -0.0137939875 -0.00136580038
v -0.00029807386 -0.0130187531 -0.00127872117
v -0.000938784979 -0.0133007372 -0.0014081359
f 505 507 506
v -0.00153309829 -0.0126820523 -0.00123741847
v -0.000599781833 -0.0124785511 -0.00140181837
v -0.00134848524 -0.0122614772 -0.00127488256
f 508 510 509
v -0.000138531925 -0.0127302628 -0.00119626893
v -0.00029807386 -0.0130187531 -0.00127872117
v 0.000309841835 -0.0128631669 -0.00077269051
f 511 513 512
v -0.00134848524 -0.0122614772 -0.00127488256
v -0.00196861383 -0.0118511154 -0.00128632437
v -0.00190244627 -0.0126482657 -0.00124515191
f 514 516 515
v -0.00191693907 -0.0113566348 -0.0012701521
v -0.00244391867 -0.0112825481 -0.00110023611
v -0.00196861383 -0.0118511154 -0.00128632437
f 517 519 518
v -0.000294482902 -0.012488557 -0.00136190993
v -0.000212694795 -0.0120607918 -0.00127686908
v -0.000599781833 -0.0124785511 -0.00140181837
f 520 522 521
v -0.000212694795 -0.0120607918 -0.00127686908
v -0.000454506835 -0.0120567958 -0.00139353106
v -0.000599781833 -0.0124785511 -0.00140181837
f 523 525 524
v -0.000294482902 -0.012488557 -0.00136190993
v -0.000138531925 -0.0127302628 -0.00119626893
v -0.000212694795 -0.0120607918 -0.00127686908
f 526 528 527
v 0.000309841835 -0.0128631669 -0.00077269051
v 0.000495816721 -0.0115184557 -0.000546334741
v -0.000212694795 -0.0120607918 -0.00127686908
f 529 531 530
v -0.000212694795 -0.0120607918 -0.00127686908
v -0.000138531925 -0.0127302628 -0.00119626893
v 0.000309841835 -0.0128631669 -0.00077269051
f 532 534 533
v 0.000732153012 -0.013234865 -0.000213826479
v 0.000309841835 -0.0128631669 -0.00077269051
v 0.000466740721 -0.01350885 -0.000572032059
f 535 537 536
v 0.000245755518 -0.0144787176 -0.000851153163
v 0.000466740721 -0.01350885 -0.000572032059
v -8.48585501e-05 -0.0142052668 -0.00101197111
f 538 540 539
v -0.00170417134 -0.015697231 -0.00149021525
v -0.00196648562 -0.0152895242 -0.00138708238
v -0.00252438294 -0.0158181952 -0.00125275656
f 541 543 542
v -0.00252582158 -0.0192380438 -0.000299117073
v -0.00140666089 -0.0192170162 -0.000491734772
v -0.00278711359 -0.0191030354 -0.000805235777
f 544 546 545
v -0.00140666089 -0.0192170162 -0.000491734772
v -0.00202515675 -0.0191359373 -0.000844942042
v -0.00278711359 -0.0191030354 -0.000805235777
f 547 549 548
v -0.00134428692 -0.0190569393 -0.00112237431
v -0.0010199029 -0.0189834129 -0.000937092591
v -0.00116237989 -0.0190298189 -0.00112001126
f 550 552 551
v -0.0011272291 -0.018150649 -0.0012573757
v -0.00191451163 -0.0186785939 -0.00128858082
v -0.00155986454 -0.0191171712 -0.00112809066
f 553 555 554
v -0.000641017959 -0.0186383972 -0.00111343306
v -0.0011272291 -0.018150649 -0.0012573757
v -0.00134428692 -0.0190569393 -0.00112237431
f 556 558 557
v -0.00101203541 -0.0188979437 -0.00111871977
v -0.000641017959 -0.0186383972 -0.00111343306
v -0.00134428692 -0.0190569393 -0.00112237431
f 559 561 560
v -0.00134428692 -0.0190569393 -0.00112237431
v -0.0011272291 -0.018150649 -0.0012573757
v -0.00155986454 -0.0191171712 -0.00112809066
f 562 564 563
v -0.00080639993 -0.0191638028 -0.000348604135
v -0.00019709023 -0.0190315652 -0.000536132575
v -0.000345490298 -0.018952071 -0.000976862793
f 565 567 566
v -0.00047384292 -0.017823909 -0.0011634007
v -0.000641017959 -0.0186383972 -0.00111343306
v -0.000473347745 -0.0190034625 -0.00102958165
f 568 570 569
v -0.000473347745 -0.0190034625 -0.00102958165
v -0.000641017959 -0.0186383972 -0.00111343306
v -0.000636047844 -0.0189708458 -0.0010416461
f 571 573 572
v -0.00211307088 -0.0195257089 0.000917924808
v -0.00080639993 -0.0191638028 -0.000348604135
v -0.00140666089 -0.0192170162 -0.000491734772
f 574 576 575
v -0.00129945292 -0.019830653 0.00253988346
v -0.00170630683 -0.0198608192 0.00256217227
v -0.00138810747 -0.0192162188 0.00287787807
f 577 579 578
v -0.00037485313 -0.019594784 0.00218812002
v -0.000633610671 -0.0195514847 0.00189680759
v -0.000691681362 -0.0195887289 0.00241443377
f 580 582 581
v -0.00138810747 -0.0192162188 0.00287787807
v -0.000629073656 -0.0185188343 0.00293458234
v -0.00101691467 -0.0195966786 0.00254762726
f 583 585 584
v 0.000254462452 -0.019469476 0.00150890319
v 0.000406508298 -0.0193761894 0.00125054812
v 0.000210192593 -0.01928407 0.000811378322
f 586 588 587
v 0.000254462452 -0.019469476 0.00150890319
v 0.000210192593 -0.01928407 0.000811378322
v -4.27615191e-05 -0.0191428684 -4.83129099e-05
f 589 591 590
v 0.00012913049 -0.0195237546 0.00173637491
v 0.000573045736 -0.0186661346 0.00173320113
v 0.000406508298 -0.0193761894 0.00125054812
f 592 594 593
v -6.6996158e-06 -0.0195774861 0.00183416323
v 0.00012913049 -0.0195237546 0.00173637491
v -0.000633610671 -0.0195514847 0.00189680759
f 595 597 596
v 0.00012913049 -0.0195237546 0.00173637491
v 0.000406508298 -0.0193761894 0.00125054812
v 0.000254462452 -0.019469476 0.00150890319
f 598 600 599
v -0.000196100564 -0.0187980739 -0.000920384264
v -0.000345490298 -0.018952071 -0.000976862793
v -0.00019709023 -0.0190315652 -0.000536132575
f 601 603 602
v 0.000369879785 -0.019064857 0.000424257814
v 0.000269027964 -0.0191461731 0.000137712721
v -4.27615191e-05 -0.0191428684 -4.83129099e-05
f 604 606 605
v 0.000563751701 -0.0189339567 0.000370801831
v 0.000435182847 -0.0192654261 -2.15239282e-05
v 0.000472364582 -0.019135722 0.000150632457
f 607 609 608
v 0.000472364582 -0.019135722 0.000150632457
v 0.000435182847 -0.0192654261 -2.15239282e-05
v 0.000269027964 -0.0191461731 0.000137712721
f 610 612 611
v 0.000504121454 -0.0192063337 0.00091242764
v 0.000369879785 -0.019064857 0.000424257814
v 0.000210192593 -0.01928407 0.000811378322
f 613 615 614
v 0.000406508298 -0.0193761894 0.00125054812
v 0.000713582267 -0.0185528857 0.00116737046
v 0.000504121454 -0.0192063337 0.00091242764
f 616 618 617
v 0.000406508298 -0.0193761894 0.00125054812
v 0.000504121454 -0.0192063337 0.00091242764
v 0.000210192593 -0.01928407 0.000811378322
f 619 621 620
v -0.00156157021 -0.0182244752 0.00299851217
v -0.000629073656 -0.0185188343 0.00293458234
v -0.00133702906 -0.0189634971 0.00292516197
f 622 624 623
v 0.000116610727 -0.018414369 0.00254221941
v -0.000691681362 -0.0195887289 0.00241443377
v -0.000208626034 -0.0182968026 0.00283391564
f 625 627 626
v 0.000488571459 -0.0183134936 0.00214312386
v 0.000573045736 -0.0186661346 0.00173320113
v 0.00012913049 -0.0195237546 0.00173637491
f 628 630 629
v 0.000488571459 -0.0183134936 0.00214312386
v 0.00070476699 -0.0171167063 0.00231917402
v 0.000691069681 -0.0183182652 0.00166592199
f 631 633 632
v 0.00070476699 -0.0171167063 0.00231917402
v 0.000488571459 -0.0183134936 0.00214312386
v 0.000192788048 -0.0177567897 0.00265003364
f 634 636 635
v 0.000511715052 -0.0164431098 0.00246447235
v 0.00070476699 -0.0171167063 0.00231917402
v -8.78662192e-06 -0.017134237 0.00291853521
f 637 639 638
v 0.000192788048 -0.0177567897 0.00265003364
v 0.000488571459 -0.0183134936 0.00214312386
v 0.000116610727 -0.018414369 0.00254221941
f 640 642 641
v 8.88262889e-05 -0.0168431347 -0.00112191756
v -0.00047384292 -0.017823909 -0.0011634007
v -5.86229874e-05 -0.0177725728 -0.00099653389
f 643 645 644
v 0.000881506639 -0.0173868335 -0.000189777359
v 0.000636312689 -0.0174781395 -0.000527008888
v 0.000332425884 -0.0190478371 -0.000349097809
f 646 648 647
v 0.000669381916 -0.0185527591 0.00016265775
v 0.000993991125 -0.017648119 0.000608437131
v 0.000881506639 -0.0173868335 -0.000189777359
f 649 651 650
v 0.000613400789 -0.0161098302 -0.000613372958
v -1.31218997e-05 -0.0166885889 -0.00123628051
v 8.88262889e-05 -0.0168431347 -0.00112191756
f 652 654 653
v 0.000636312689 -0.0174781395 -0.000527008888
v 0.000613400789 -0.0161098302 -0.000613372958
v 8.88262889e-05 -0.0168431347 -0.00112191756
f 655 657 656
v 0.00110828414 -0.0170973013 0.000933489173
v 0.000881506639 -0.0173868335 -0.000189777359
v 0.000993991125 -0.017648119 0.000608437131
f 658 660 659
v 0.000990132503 -0.0164357756 -5.08538108e-05
v 0.000996971085 -0.0169555409 7.42524151e-05
v 0.00110828414 -0.0170973013 0.000933489173
f 661 663 662
v 0.000990132503 -0.0164357756 -5.08538108e-05
v 0.000613400789 -0.0161098302 -0.000613372958
v 0.000881506639 -0.0173868335 -0.000189777359
f 664 666 665
v 0.000713582267 -0.0185528857 0.00116737046
v 0.000573045736 -0.0186661346 0.00173320113
v 0.000691069681 -0.0183182652 0.00166592199
f 667 669 668
v 0.000713582267 -0.0185528857 0.00116737046
v 0.000993991125 -0.017648119 0.000608437131
v 0.000669381916 -0.0185527591 0.00016265775
f 670 672 671
v 0.00112233411 -0.0163779856 0.00135979089
v 0.00110828414 -0.0170973013 0.000933489173
v 0.00109021521 -0.0171534281 0.00148837426
f 673 675 674
v 0.00093278868 -0.0173688488 0.00189763814
v 0.000691069681 -0.0183182652 0.00166592199
v 0.00070476699 -0.0171167063 0.00231917402
f 676 678 677
v -0.000629073656 -0.0185188343 0.00293458234
v -0.00138810747 -0.0192162188 0.00287787807
v -0.00133702906 -0.0189634971 0.00292516197
f 679 681 680
v -0.000207807489 -0.0162977667 0.00301062901
v 0.000226030238 -0.0166810278 0.00274669346
v -0.000418574336 -0.0166596001 0.00306681832
f 682 684 683
v -0.00148608724 -0.0166731668 0.00307965493
v -0.000969675239 -0.0158516443 0.0030785799
v -0.000418574336 -0.0166596001 0.00306681832
f 685 687 686
v -0.000207807489 -0.0162977667 0.00301062901
v -0.000418574336 -0.0166596001 0.00306681832
v -0.000969675239 -0.0158516443 0.0030785799
f 688 690 689
v -0.000969675239 -0.0158516443 0.0030785799
v -0.00129906457 -0.0153390793 0.00315109683
v -0.000207807489 -0.0162977667 0.00301062901
f 691 693 692
v 0.000953962808 -0.016780851 0.00200523082
v 0.00070476699 -0.0171167063 0.00231917402
v 0.000511715052 -0.0164431098 0.00246447235
f 694 696 695
v 0.000511715052 -0.0164431098 0.00246447235
v 0.000226030238 -0.0166810278 0.00274669346
v 0.000620692845 -0.0155733331 0.00222115104
f 697 699 698
v -0.000794512289 -0.0143392899 0.00297531515
v -0.000253804865 -0.0155807866 0.0029657298
v -0.00129906457 -0.0153390793 0.00315109683
f 700 702 701
v -0.000502787634 -0.0145063605 0.00289613945
v -0.000253804865 -0.0155807866 0.0029657298
v -0.000794512289 -0.0143392899 0.00297531515
f 703 705 704
v 4.05749347e-05 -0.0151807457 0.00271807621
v -0.000502787634 -0.0145063605 0.00289613945
v -6.50910067e-05 -0.0144752514 0.00262136437
f 706 708 707
v 0.000519826517 -0.0148906722 0.00220273141
v 0.000160852642 -0.0159411255 0.00274704835
v 4.05749347e-05 -0.0151807457 0.00271807621
f 709 711 710
v 0.000463639799 -0.014109748 0.00212976374
v 0.000519826517 -0.0148906722 0.00220273141
v 4.05749347e-05 -0.0151807457 0.00271807621
f 712 714 713
v 0.000226030238 -0.0166810278 0.00274669346
v -0.000207807489 -0.0162977667 0.00301062901
v 0.000160852642 -0.0159411255 0.00274704835
f 715 717 716
v 0.000966681546 -0.0156999755 -4.15703255e-05
v 0.000890280717 -0.0153329514 -0.000144279068
v 0.000613400789 -0.0161098302 -0.000613372958
f 718 720 719
v 0.00111271083 -0.0161671909 0.000953118433
v 0.000966681546 -0.0156999755 -4.15703255e-05
v 0.000990132503 -0.0164357756 -5.08538108e-05
f 721 723 722
v 0.00096959111 -0.0151567234 0.000118052537
v 0.000879485742 -0.0147242972 -9.49314256e-05
v 0.000890280717 -0.0153329514 -0.000144279068
f 724 726 725
v 0.000787486442 -0.0140010598 -0.000187228773
v 0.000879485742 -0.0147242972 -9.49314256e-05
v 0.000866267237 -0.0140196556 6.28718624e-05
f 727 729 728
v 0.000890280717 -0.0153329514 -0.000144279068
v 0.000879485742 -0.0147242972 -9.49314256e-05
v 0.000466740721 -0.01350885 -0.000572032059
f 730 732 731
v 0.00101710311 -0.0151798813 0.000917663419
v 0.000979536435 -0.0148186809 0.00114143477
v 0.00096959111 -0.0151567234 0.000118052537
f 733 735 734
v 0.000963905313 -0.0152337918 0.00148733816
v 0.000979536435 -0.0148186809 0.00114143477
v 0.00104368501 -0.0156296577 0.00130510016
f 736 738 737
v 0.000890280717 -0.0153329514 -0.000144279068
v 0.000466740721 -0.01350885 -0.000572032059
v 0.000613400789 -0.0161098302 -0.000613372958
f 739 741 740
v 0.00111271083 -0.0161671909 0.000953118433
v 0.00101710311 -0.0151798813 0.000917663419
v 0.000966681546 -0.0156999755 -4.15703255e-05
f 742 744 743
v 0.000866267237 -0.0140196556 6.28718624e-05
v 0.00096959111 -0.0151567234 0.000118052537
v 0.000979536435 -0.0148186809 0.00114143477
f 745 747 746
v 0.00112868111 -0.0167119942 0.00160031177
v 0.00112233411 -0.0163779856 0.00135979089
v 0.00109021521 -0.0171534281 0.00148837426
f 748 750 749
v 0.00112233411 -0.0163779856 0.00135979089
v 0.00112868111 -0.0167119942 0.00160031177
v 0.00106569205 -0.0165343561 0.00162284723
f 751 753 752
v 0.00104368501 -0.0156296577 0.00130510016
v 0.00106717771 -0.0159961302 0.0015492049
v 0.000898962298 -0.0160421318 0.00195629091
f 754 756 755
v 0.00104281917 -0.0163282195 0.00181241503
v 0.000953962808 -0.016780851 0.00200523082
v 0.000898962298 -0.0160421318 0.00195629091
f 757 759 758
v 0.000771409213 -0.0144223901 0.00178979462
v 0.000979536435 -0.0148186809 0.00114143477
v 0.000812519374 -0.0152186272 0.00186109828
f 760 762 761
v 0.000898962298 -0.0160421318 0.00195629091
v 0.000939625352 -0.0155840171 0.00174419129
v 0.00104368501 -0.0156296577 0.00130510016
f 763 765 764
v 0.000685551595 -0.0133026013 0.00178459632
v 0.000922832623 -0.0133290334 0.00153549809
v 0.000736936499 -0.0137948286 0.00178308746
f 766 768 767
v 0.000922832623 -0.0133290334 0.00153549809
v 0.000923800781 -0.0140708478 0.0012171874
v 0.000736936499 -0.0137948286 0.00178308746
f 769 771 770
v 0.000922832623 -0.0133290334 0.00153549809
v 0.000685551595 -0.0133026013 0.00178459632
v 0.000970022029 -0.012926737 0.00133418671
f 772 774 773
v 0.000236020969 -0.0133253838 0.00217766501
v 0.000685551595 -0.0133026013 0.00178459632
v 0.000736936499 -0.0137948286 0.00178308746
f 775 777 776
v -0.000463572223 -0.0140468619 0.00288580559
v -0.000502787634 -0.0145063605 0.00289613945
v -0.000794512289 -0.0143392899 0.00297531515
f 778 780 779
v -6.50910067e-05 -0.0144752514 0.00262136437
v -0.000502787634 -0.0145063605 0.00289613945
v -0.000463572223 -0.0140468619 0.00288580559
f 781 783 782
v -0.000463572223 -0.0140468619 0.00288580559
v -0.000794512289 -0.0143392899 0.00297531515
v -0.000564649599 -0.0137917901 0.00300660158
f 784 786 785
v -0.000751126163 -0.0133399604 0.00317621343
v -0.000463572223 -0.0140468619 0.00288580559
v -0.000565345636 -0.013791208 0.00300447664
f 787 789 788
v -6.50910067e-05 -0.0144752514 0.00262136437
v -9.65268967e-06 -0.0138666423 0.00250870835
v 0.000463639799 -0.014109748 0.00212976374
f 790 792 791
v 0.000856835595 -0.0140738775 0.00164214543
v 0.000771409213 -0.0144223901 0.00178979462
v 0.000736936499 -0.0137948286 0.00178308746
f 793 795 794
v 0.000236020969 -0.0133253838 0.00217766501
v 0.000736936499 -0.0137948286 0.00178308746
v -9.65268967e-06 -0.0138666423 0.00250870835
f 796 798 797
v 0.000736936499 -0.0137948286 0.00178308746
v 0.000463639799 -0.014109748 0.00212976374
v -9.65268967e-06 -0.0138666423 0.00250870835
f 799 801 800
v -8.48120067e-05 -0.0130865446 0.00253363942
v -0.000452801305 -0.0133196329 0.00301159725
v -0.000527668544 -0.0128083586 0.00300465035
f 802 804 803
v 0.000970022029 -0.012926737 0.00133418671
v 0.00093326953 -0.0138877906 0.000912702126
v 0.000923800781 -0.0140708478 0.0012171874
f 805 807 806
v 0.000922832623 -0.0133290334 0.00153549809
v 0.000970022029 -0.012926737 0.00133418671
v 0.000923800781 -0.0140708478 0.0012171874
f 808 810 809
v 0.00106319321 -0.0121752026 0.000996920789
v 0.00101390733 -0.0117774696 0.000835491755
v 0.00101426158 -0.0126155719 0.000880016705
f 811 813 812
v 0.000925359836 -0.0132354951 0.000808611912
v 0.000839305267 -0.012175311 -2.55260204e-05
v 0.000812002691 -0.0132965419 1.54656334e-05
f 814 816 815
v 0.00101426158 -0.0126155719 0.000880016705
v 0.000925359836 -0.0132354951 0.000808611912
v 0.000970022029 -0.012926737 0.00133418671
f 817 819 818
v 0.000970022029 -0.012926737 0.00133418671
v 0.00101712676 -0.012202144 0.00135881937
v 0.0010705724 -0.0126114086 0.0011374691
f 820 822 821
v 0.000463639799 -0.014109748 0.00212976374
v 0.000771409213 -0.0144223901 0.00178979462
v 0.000519826517 -0.0148906722 0.00220273141
f 823 825 824
v 0.000939625352 -0.0155840171 0.00174419129
v 0.000898962298 -0.0160421318 0.00195629091
v 0.000812519374 -0.0152186272 0.00186109828
f 826 828 827
v 0.00112233411 -0.0163779856 0.00135979089
v 0.00111271083 -0.0161671909 0.000953118433
v 0.00110828414 -0.0170973013 0.000933489173
f 829 831 830
v -0.00386361135 -0.0107457847 0.00113063834
v -0.00381532482 -0.0110747424 0.00137181978
v -0.00369748268 -0.0110557114 0.000898294275
f 832 834 833
v -0.00372670547 -0.0103265978 0.000900282794
v -0.00386361135 -0.0107457847 0.00113063834
v -0.00369748268 -0.0110557114 0.000898294275
f 835 837 836
v -0.00392455622 -0.0103826962 0.00130405506
v -0.00370070047 -0.0103051963 0.00187169462
v -0.00384241866 -0.0107335254 0.00151102849
f 838 840 839
v -0.00372670547 -0.0103265978 0.000900282794
v -0.00358985199 -0.00999460026 0.000688519231
v -0.00382867947 -0.00992222194 0.000997579355
f 841 843 842
v -0.00370070047 -0.0103051963 0.00187169462
v -0.00392455622 -0.0103826962 0.00130405506
v -0.00394961098 -0.00997075986 0.00148754843
f 844 846 845
v -0.00403107297 -0.00924014821 0.00140610737
v -0.00353766227 -0.00914627526 0.00201028161
v -0.00380660276 -0.00954668649 0.00184645905
f 847 849 848
v -0.00404974489 -0.00961508122 0.00128161746
v -0.00382867947 -0.00992222194 0.000997579355
v -0.00386240754 -0.00913247641 0.000896521851
f 850 852 851
v -0.00363774598 -0.00957588491 0.00059688482
v -0.00382867947 -0.00992222194 0.000997579355
v -0.00358985199 -0.00999460026 0.000688519231
f 853 855 854
v -0.00356826786 -0.0104695966 -0.000774964064
v -0.00322815613 -0.0108320739 -0.000922257459
v -0.00340317056 -0.0105119121 -0.000901381827
f 856 858 857
v -0.00335485456 -0.0103802508 -0.000903692489
v -0.0029085084 -0.0102839556 -0.00102256563
v -0.00335584919 -0.010379422 -0.000906779678
f 859 861 860
v -0.00356826786 -0.0104695966 -0.000774964064
v -0.00330574585 -0.0102692458 -0.000909881965
v -0.0038684746 -0.0105055093 -0.000477920366
f 862 864 863
v -0.00320156141 -0.00894192417 -0.000830559293
v -0.00369301015 -0.00851742589 -0.00059306949
v -0.00356892015 -0.00895870398 -0.000443021145
f 865 867 866
v -0.00273208625 -0.00892995522 -0.00112349517
v -0.00328239148 -0.00850960278 -0.00092526443
v -0.00320156141 -0.00894192417 -0.000830559293
f 868 870 869
v -0.00340952829 -0.00928278896 -0.000556945088
v -0.00320156141 -0.00894192417 -0.000830559293
v -0.00356892015 -0.00895870398 -0.000443021145
f 871 873 872
v -0.00340952829 -0.00928278896 -0.000556945088
v -0.0031698939 -0.00929575544 -0.000792808169
v -0.00320156141 -0.00894192417 -0.000830559293
f 874 876 875
v -0.00267064352 -0.00960041143 -0.00111591435
v -0.0031698939 -0.00929575544 -0.000792808169
v -0.00330574585 -0.0102692458 -0.000909881965
f 877 879 878
v -0.0031698939 -0.00929575544 -0.000792808169
v -0.00273208625 -0.00892995522 -0.00112349517
v -0.00320156141 -0.00894192417 -0.000830559293
f 880 882 881
v -0.0038684746 -0.0105055093 -0.000477920366
v -0.00388287008 -0.0108357803 -0.000369830559
v -0.00371368951 -0.0108401175 -0.000713626832
f 883 885 884
v -0.0038684746 -0.0105055093 -0.000477920366
v -0.00381639875 -0.0102793747 -0.000325032033
v -0.00388287008 -0.0108357803 -0.000369830559
f 886 888 887
v -0.00322815613 -0.0108320739 -0.000922257459
v -0.00356826786 -0.0104695966 -0.000774964064
v -0.00371368951 -0.0108401175 -0.000713626832
f 889 891 890
v -0.00359825608 -0.0110283974 0.000549412607
v -0.00369748268 -0.0110557114 0.000898294275
v -0.00368551264 -0.0114629642 0.000839798304
f 892 894 893
v -0.00322815613 -0.0108320739 -0.000922257459
v -0.00308407689 -0.0114739698 -0.000842657573
v -0.00244391867 -0.0112825481 -0.00110023611
f 895 897 896
v -0.00244391867 -0.0112825481 -0.00110023611
v -0.0016810407 -0.0108746914 -0.00124764974
v -0.0029085084 -0.0102839556 -0.00102256563
f 898 900 899
v -0.0016810407 -0.0108746914 -0.00124764974
v -0.00196753481 -0.00997060997 -0.0011637936
v -0.0029085084 -0.0102839556 -0.00102256563
f 901 903 902
v -0.00363774598 -0.00957588491 0.00059688482
v -0.00358985199 -0.00999460026 0.000688519231
v -0.00368525434 -0.00978531461 -6.85812722e-05
f 904 906 905
v -0.00364940424 -0.00930207607 0.00068020704
v -0.00363774598 -0.00957588491 0.00059688482
v -0.00362028768 -0.00926534121 -7.51886148e-05
f 907 909 908
v -0.00362028768 -0.00926534121 -7.51886148e-05
v -0.00363774598 -0.00957588491 0.00059688482
v -0.00368525434 -0.00978531461 -6.85812722e-05
f 910 912 911
v -0.00381639875 -0.0102793747 -0.000325032033
v -0.00368525434 -0.00978531461 -6.85812722e-05
v -0.00358985199 -0.00999460026 0.000688519231
f 913 915 914
v -0.00370929811 -0.00610453862 -0.00014100242
v -0.0037153146 -0.00713665722 -2.11563489e-05
v -0.0036032583 -0.00689429216 -0.000353781434
f 916 918 917
v -0.00374074843 -0.00873974132 -0.000128073862
v -0.00371007372 -0.00795294982 0.000570665088
v -0.00368545407 -0.00877082639 0.000549105653
f 919 921 920
v -0.00368545407 -0.00877082639 0.000549105653
v -0.00376684948 -0.00815306485 0.000886470389
v -0.00386240754 -0.00913247641 0.000896521851
f 922 924 923
v -0.00382571488 -0.0087858185 0.00175958558
v -0.0029631934 -0.00851811856 0.00241751986
v -0.00353766227 -0.00914627526 0.00201028161
f 925 927 926
v -0.00378938385 -0.00767708334 0.00139121021
v -0.00376214412 -0.00780800692 0.00162952401
v -0.00394203198 -0.0083951556 0.00143048092
f 928 930 929
v -0.00360859813 -0.00838216365 0.00197959525
v -0.0029631934 -0.00851811856 0.00241751986
v -0.00382571488 -0.0087858185 0.00175958558
f 931 933 932
v -0.00360859813 -0.00838216365 0.00197959525
v -0.00382571488 -0.0087858185 0.00175958558
v -0.00394203198 -0.0083951556 0.00143048092
f 934 936 935
v -0.00356665696 -0.00749354876 0.00194859404
v -0.00327099842 -0.00776155357 0.00224711257
v -0.00376214412 -0.00780800692 0.00162952401
f 937 939 938
v -0.00276280589 -0.00778286412 0.00255373252
v -0.00360859813 -0.00838216365 0.00197959525
v -0.00327099842 -0.00776155357 0.00224711257
f 940 942 941
v -0.00369301015 -0.00851742589 -0.00059306949
v -0.003383894 -0.00800358248 -0.000964517858
v -0.00371660608 -0.00790886552 -0.000666199048
f 943 945 944
v -0.00369301015 -0.00851742589 -0.00059306949
v -0.00328239148 -0.00850960278 -0.00092526443
v -0.003383894 -0.00800358248 -0.000964517858
f 946 948 947
v -0.00369301015 -0.00851742589 -0.00059306949
v -0.00371660608 -0.00790886552 -0.000666199048
v -0.00382620528 -0.00855210455 -0.000324690154
f 949 951 950
v -0.00328546048 -0.00744432255 -0.000860437103
v -0.00367128705 -0.00750547188 -0.000452487075
v -0.00371660608 -0.00790886552 -0.000666199048
f 952 954 953
v -0.003383894 -0.00800358248 -0.000964517858
v -0.00328546048 -0.00744432255 -0.000860437103
v -0.00371660608 -0.00790886552 -0.000666199048
f 955 957 956
v -0.00273208625 -0.00892995522 -0.00112349517
v -0.00196789588 -0.00878622304 -0.00140774009
v -0.00284647613 -0.00812327271 -0.00111754816
f 958 960 959
v -0.00284647613 -0.00812327271 -0.00111754816
v -0.00193916349 -0.00808861005 -0.00143907382
v -0.00224210708 -0.00751033294 -0.0013366689
f 961 963 962
v -0.00381069731 -0.007751659 -0.000320871914
v -0.00367128705 -0.00750547188 -0.000452487075
v -0.0037153146 -0.00713665722 -2.11563489e-05
f 964 966 965
v -0.00367128705 -0.00750547188 -0.000452487075
v -0.0036032583 -0.00689429216 -0.000353781434
v -0.0037153146 -0.00713665722 -2.11563489e-05
f 967 969 968
v -0.003383894 -0.00800358248 -0.000964517858
v -0.00285573351 -0.00747278318 -0.00111026548
v -0.00328546048 -0.00744432255 -0.000860437103
f 970 972 971
v -0.0036032583 -0.00689429216 -0.000353781434
v -0.00363282197 -0.00624324239 -0.000341628675
v -0.00370929811 -0.00610453862 -0.00014100242
f 973 975 974
v -0.00367128705 -0.00750547188 -0.000452487075
v -0.00325485453 -0.00690629313 -0.000772793555
v -0.0036032583 -0.00689429216 -0.000353781434
f 976 978 977
v -0.00230771966 -0.00700186574 -0.00140109678
v -0.00159472147 -0.00724627389 -0.00142862446
v -0.00212379964 -0.00654402465 -0.00160579621
f 979 981 980
v -0.00212379964 -0.00654402465 -0.00160579621
v -0.0024163639 -0.00657928103 -0.00149226962
v -0.00230771966 -0.00700186574 -0.00140109678
f 982 984 983
v -0.00284647613 -0.00812327271 -0.00111754816
v -0.00224210708 -0.00751033294 -0.0013366689
v -0.00285573351 -0.00747278318 -0.00111026548
f 985 987 986
v -0.00403107297 -0.00924014821 0.00140610737
v -0.0039508941 -0.00905152046 0.00154066402
v -0.00353766227 -0.00914627526 0.00201028161
f 988 990 989
v -0.00403107297 -0.00924014821 0.00140610737
v -0.00386240754 -0.00913247641 0.000896521851
v -0.00403313934 -0.00888146387 0.00121690809
f 991 993 992
v -0.00357932986 -0.00587422001 -0.000555795759
v -0.00374409792 -0.00518215093 0.000186846137
v -0.00370929811 -0.00610453862 -0.00014100242
f 994 996 995
v -0.00374409792 -0.00518215093 0.000186846137
v -0.00381324608 -0.00451874257 0.000732103172
v -0.00375987584 -0.00554275539 0.00103147268
f 997 999 998
v -0.00381324608 -0.00451874257 0.000732103172
v -0.00363375839 -0.00489116501 -0.000109178745
v -0.00376592761 -0.0039219387 0.000336490007
f 1000 1002 1001
v -0.00320093422 -0.00670314985 0.00242586193
v -0.00277785857 -0.00681733 0.00278055595
v -0.00356665696 -0.00749354876 0.00194859404
f 1003 1005 1004
v -0.00346727684 -0.00574756559 0.00210794842
v -0.00347660934 -0.00641596489 0.00211535626
v -0.00378987352 -0.00587661307 0.00161131502
f 1006 1008 1007
v -0.00260284487 -0.00629634887 0.00293266239
v -0.00320093422 -0.00670314985 0.00242586193
v -0.00346727684 -0.00574756559 0.00210794842
f 1009 1011 1010
v -0.00347660934 -0.00641596489 0.00211535626
v -0.00346727684 -0.00574756559 0.00210794842
v -0.00320093422 -0.00670314985 0.00242586193
f 1012 1014 1013
v -0.00375987584 -0.00554275539 0.00103147268
v -0.00373291405 -0.00545281582 0.00170237781
v -0.00378987352 -0.00587661307 0.00161131502
f 1015 1017 1016
v -0.00375987584 -0.00554275539 0.00103147268
v -0.00368928086 -0.0059975122 0.000662714319
v -0.00374409792 -0.00518215093 0.000186846137
f 1018 1020 1019
v -0.00375795098 -0.00501426621 0.00111814634
v -0.00365654887 -0.00458363356 0.00146462635
v -0.00347954592 -0.00493940679 0.00189852235
f 1021 1023 1022
v -0.00346727684 -0.00574756559 0.00210794842
v -0.00329953109 -0.00521334441 0.00222215822
v -0.00260284487 -0.00629634887 0.00293266239
f 1024 1026 1025
v -0.00329953109 -0.00521334441 0.00222215822
v -0.00373291405 -0.00545281582 0.00170237781
v -0.00347954592 -0.00493940679 0.00189852235
f 1027 1029 1028
v -0.00347954592 -0.00493940679 0.00189852235
v -0.00301077143 -0.00480976523 0.00239088695
v -0.00329953109 -0.00521334441 0.00222215822
f 1030 1032 1031
v -0.00329953109 -0.00521334441 0.00222215822
v -0.00301077143 -0.00480976523 0.00239088695
v -0.00271080262 -0.00533864441 0.00267016458
f 1033 1035 1034
v -0.00316418918 -0.00493127518 -0.00084419753
v -0.00357932986 -0.00587422001 -0.000555795759
v -0.00330417279 -0.0059617807 -0.000875780461
f 1036 1038 1037
v -0.00288670617 -0.00595227139 -0.00119183806
v -0.00246456748 -0.00486517965 -0.00137738753
v -0.00288046303 -0.0049834387 -0.00111404297
f 1039 1041 1040
v -0.00288046303 -0.0049834387 -0.00111404297
v -0.00316418918 -0.00493127518 -0.00084419753
v -0.00330417279 -0.0059617807 -0.000875780461
f 1042 1044 1043
v -0.00363282197 -0.00624324239 -0.000341628675
v -0.00330417279 -0.0059617807 -0.000875780461
v -0.00357932986 -0.00587422001 -0.000555795759
f 1045 1047 1046
v -0.00212379964 -0.00654402465 -0.00160579621
v -0.00194748573 -0.00617305122 -0.00162604665
v -0.0024163639 -0.00657928103 -0.00149226962
f 1048 1050 1049
v -0.00244560943 -0.00585104681 -0.00146993243
v -0.00246456748 -0.00486517965 -0.00137738753
v -0.00288670617 -0.00595227139 -0.00119183806
f 1051 1053 1052
v -0.00316418918 -0.00493127518 -0.00084419753
v -0.00330303119 -0.00399414312 -0.000642999566
v -0.00363375839 -0.00489116501 -0.000109178745
f 1054 1056 1055
v -0.00243289087 -0.00391410249 -0.00126089053
v -0.00279973774 -0.00392842594 -0.00108891363
v -0.00288046303 -0.0049834387 -0.00111404297
f 1057 1059 1058
v -0.00330303119 -0.00399414312 -0.000642999566
v -0.00279973774 -0.00392842594 -0.00108891363
v -0.00303304041 -0.00395805 -0.000917881698
f 1060 1062 1061
v -0.00316418918 -0.00493127518 -0.00084419753
v -0.00279973774 -0.00392842594 -0.00108891363
v -0.00330303119 -0.00399414312 -0.000642999566
f 1063 1065 1064
v -0.00357932986 -0.00587422001 -0.000555795759
v -0.00316418918 -0.00493127518 -0.00084419753
v -0.00363375839 -0.00489116501 -0.000109178745
f 1066 1068 1067
v -0.00246456748 -0.00486517965 -0.00137738753
v -0.00243289087 -0.00391410249 -0.00126089053
v -0.00288046303 -0.0049834387 -0.00111404297
f 1069 1071 1070
v -0.001473669 -0.00488803344 -0.00158972125
v -0.00205238575 -0.00465342455 -0.00151972836
v -0.00182722124 -0.00499293092 -0.0016026459
f 1072 1074 1073
v -0.00341805207 -0.00395538045 -0.000126528812
v -0.00355508528 -0.00423452548 -0.000186771013
v -0.00344164764 -0.00393094997 -0.000473530508
f 1075 1077 1076
v -0.00355939628 -0.00396429714 -6.0244929e-06
v -0.00292505247 -0.00394351628 0.001349994
v -0.00376592761 -0.0039219387 0.000336490007
f 1078 1080 1079
v -0.00332354612 -0.00401037651 0.000983957216
v -0.00376592761 -0.0039219387 0.000336490007
v -0.00292505247 -0.00394351628 0.001349994
f 1081 1083 1082
v -0.00376592761 -0.0039219387 0.000336490007
v -0.00332354612 -0.00401037651 0.000983957216
v -0.00378811565 -0.0039493174 0.000507942377
f 1084 1086 1085
v -0.00377245415 -0.00416370785 0.00110370784
v -0.0036153182 -0.00401205725 0.00151236309
v -0.00347146961 -0.00414761053 0.00177070069
f 1087 1089 1088
v -0.0036469919 -0.00410299945 0.00107294463
v -0.00332354612 -0.00401037651 0.000983957216
v -0.00367277426 -0.0039595554 0.00131207526
f 1090 1092 1091
v -0.00345074404 -0.00394475537 0.00147532319
v -0.00369485242 -0.00391037647 0.00140043421
v -0.00367277426 -0.0039595554 0.00131207526
f 1093 1095 1094
v -0.00347146961 -0.00414761053 0.00177070069
v -0.00312434968 -0.00391304675 0.00215076834
v -0.00297204388 -0.00405488645 0.0023300754
f 1096 1098 1097
v -0.00332734562 -0.00388763328 0.00192837924
v -0.0032798951 -0.00384989871 0.00201392158
v -0.00337460478 -0.00400049576 0.00188340546
f 1099 1101 1100
v -0.00292505247 -0.00394351628 0.001349994
v -0.00345074404 -0.00394475537 0.00147532319
v -0.00332354612 -0.00401037651 0.000983957216
f 1102 1104 1103
v -0.0032798951 -0.00384989871 0.00201392158
v -0.00332734562 -0.00388763328 0.00192837924
v -0.00292505247 -0.00394351628 0.001349994
f 1105 1107 1106
v -0.00301077143 -0.00480976523 0.00239088695
v -0.00267919004 -0.00438537791 0.00259102544
v -0.00223038933 -0.00474172703 0.00283844784
f 1108 1110 1109
v -0.00323146924 -0.00447515667 0.00208101592
v -0.00297204388 -0.00405488645 0.0023300754
v -0.00267919004 -0.00438537791 0.00259102544
f 1111 1113 1112
v -0.00347146961 -0.00414761053 0.00177070069
v -0.00297204388 -0.00405488645 0.0023300754
v -0.00323146924 -0.00447515667 0.00208101592
f 1114 1116 1115
v -0.00355508528 -0.00423452548 -0.000186771013
v -0.00330303119 -0.00399414312 -0.000642999566
v -0.00344164764 -0.00393094997 -0.000473530508
f 1117 1119 1118
v -0.00243289087 -0.00391410249 -0.00126089053
v -0.0031871914 -0.00396813084 -0.000764133529
v -0.00279973774 -0.00392842594 -0.00108891363
f 1120 1122 1121
v -0.00292505247 -0.00394351628 0.001349994
v -0.00355939628 -0.00396429714 -6.0244929e-06
v -0.00341805207 -0.00395538045 -0.000126528812
f 1123 1125 1124
v -0.00344164764 -0.00393094997 -0.000473530508
v -0.00292505247 -0.00394351628 0.001349994
v -0.00341805207 -0.00395538045 -0.000126528812
f 1126 1128 1127
v -0.00143266243 -0.00385819985 -0.00113949209
v -0.00243289087 -0.00391410249 -0.00126089053
v -0.00210291455 -0.00390463356 -0.00133569574
f 1129 1131 1130
v -0.00205238575 -0.00465342455 -0.00151972836
v -0.00160033196 -0.00395859788 -0.00143210491
v -0.00185306326 -0.0038587892 -0.00139161166
f 1132 1134 1133
v -0.00143266243 -0.00385819985 -0.00113949209
v -0.00185306326 -0.0038587892 -0.00139161166
v -0.00153483415 -0.00386248903 -0.0013760291
f 1135 1137 1136
v -0.00100545267 -0.00397003569 0.000113000624
v -0.00344164764 -0.00393094997 -0.000473530508
v -0.00143266243 -0.00385819985 -0.00113949209
f 1138 1140 1139
v -0.00214727461 -0.00396692667 0.000716016393
v -0.00344164764 -0.00393094997 -0.000473530508
v -0.00100545267 -0.00397003569 0.000113000624
f 1141 1143 1142
v -0.00267919004 -0.00438537791 0.00259102544
v -0.00223619045 -0.00400676472 0.00274002159
v -0.0021916816 -0.00399784076 0.00275039947
f 1144 1146 1145
v -0.00267919004 -0.00438537791 0.00259102544
v -0.0021916816 -0.00399784076 0.00275039947
v -0.00223038933 -0.00474172703 0.00283844784
f 1147 1149 1148
v -0.00156252845 -0.00411524561 0.00174105298
v -0.00189881066 -0.00417606898 0.00263609636
v -0.00242363421 -0.00397864897 0.00197655245
f 1150 1152 1151
v -0.00134921765 -0.00427916784 0.00281487246
v -0.00184669734 -0.00423817146 0.00279307133
v -0.00156252845 -0.00411524561 0.00174105298
f 1153 1155 1154
v -0.00156252845 -0.00411524561 0.00174105298
v -0.00184669734 -0.00423817146 0.00279307133
v -0.00189881066 -0.00417606898 0.00263609636
f 1156 1158 1157
v -0.00189881066 -0.00417606898 0.00263609636
v -0.00223619045 -0.00400676472 0.00274002159
v -0.00242363421 -0.00397864897 0.00197655245
f 1159 1161 1160
v -0.00102420081 -0.00423241618 0.00259014596
v -0.00134921765 -0.00427916784 0.00281487246
v -0.00156252845 -0.00411524561 0.00174105298
f 1162 1164 1163
v -0.00257770298 -0.00392358379 0.00256348849
v -0.00223619045 -0.00400676472 0.00274002159
v -0.00267919004 -0.00438537791 0.00259102544
f 1165 1167 1166
v -0.00365654887 -0.00458363356 0.00146462635
v -0.00381324608 -0.00451874257 0.000732103172
v -0.00377245415 -0.00416370785 0.00110370784
f 1168 1170 1169
v -0.00325485453 -0.00690629313 -0.000772793555
v -0.00288670617 -0.00595227139 -0.00119183806
v -0.00330417279 -0.0059617807 -0.000875780461
f 1171 1173 1172
v -0.00361977873 -0.0110574452 0.00193247142
v -0.00337823476 -0.0113712282 0.0022403914
v -0.00373584953 -0.0114662864 0.001589368
f 1174 1176 1175
v -0.00361977873 -0.0110574452 0.00193247142
v -0.00381532482 -0.0110747424 0.00137181978
v -0.00384241866 -0.0107335254 0.00151102849
f 1177 1179 1178
v -0.00337823476 -0.0113712282 0.0022403914
v -0.00360113991 -0.0118508528 0.00201744224
v -0.00373584953 -0.0114662864 0.001589368
f 1180 1182 1181
v -0.00361977873 -0.0110574452 0.00193247142
v -0.00302434892 -0.0109016459 0.00252441914
v -0.00337823476 -0.0113712282 0.0022403914
f 1183 1185 1184
v -0.00370070047 -0.0103051963 0.00187169462
v -0.00344921646 -0.00990990011 0.00207622652
v -0.003395565 -0.0106426734 0.00214710162
f 1186 1188 1187
v -0.00353766227 -0.00914627526 0.00201028161
v -0.00294174606 -0.00952440605 0.00240029785
v -0.00380660276 -0.00954668649 0.00184645905
f 1189 1191 1190
v -0.00246921281 -0.011460622 0.00294169658
v -0.00284999005 -0.0123842256 0.00268365911
v -0.00313720484 -0.011732275 0.0026029802
f 1192 1194 1193
v -0.00282343408 -0.011342582 0.00277527961
v -0.00246921281 -0.011460622 0.00294169658
v -0.00313720484 -0.011732275 0.0026029802
f 1195 1197 1196
v -0.0016493681 -0.011750601 0.00283914324
v -0.00230697533 -0.0123114034 0.00285883234
v -0.00246921281 -0.011460622 0.00294169658
f 1198 1200 1199
v -0.00337823476 -0.0113712282 0.0022403914
v -0.00302434892 -0.0109016459 0.00252441914
v -0.00282343408 -0.011342582 0.00277527961
f 1201 1203 1202
v -0.00373204239 -0.0186997844 -0.0010670854
v -0.00372210052 -0.0187264668 -0.00108246604
v -0.00373491712 -0.0186972669 -0.00107603919
f 1204 1206 1205
v -0.00372210052 -0.0187264668 -0.00108246604
v -0.00365453379 -0.0186679419 -0.00109440898
v -0.00373491712 -0.0186972669 -0.00107603919
f 1207 1209 1208
v -0.00120568138 -0.0110871326 0.0028594317
v -0.000671451016 -0.0110847323 0.00277110703
v -0.00115655885 -0.011523984 0.00288677929
f 1210 1212 1211
v -0.0016493681 -0.011750601 0.00283914324
v -0.00120568138 -0.0110871326 0.0028594317
v -0.00115655885 -0.011523984 0.00288677929
f 1213 1215 1214
v -0.00243143295 -0.0104463048 0.00294936217
v -0.00235107127 -0.0100056306 0.00284455327
v -0.00203656346 -0.0104853971 0.00297525185
f 1216 1218 1217
v -0.000976604588 -0.00995322407 0.00309356983
v -0.00120568138 -0.0110871326 0.0028594317
v -0.00203656346 -0.0104853971 0.00297525185
f 1219 1221 1220
v -0.000976604588 -0.00995322407 0.00309356983
v -0.000671451016 -0.0110847323 0.00277110703
v -0.00120568138 -0.0110871326 0.0028594317
f 1222 1224 1223
v -0.00167883791 -0.00979931719 0.00303453708
v -0.000976604588 -0.00995322407 0.00309356983
v -0.00203656346 -0.0104853971 0.00297525185
f 1225 1227 1226
v -0.000976604588 -0.00995322407 0.00309356983
v -0.000536657944 -0.0104793282 0.00279832457
v -0.000671451016 -0.0110847323 0.00277110703
f 1228 1230 1229
v -0.000666351934 -0.00954486604 0.00292402892
v -0.000536657944 -0.0104793282 0.00279832457
v -0.000976604588 -0.00995322407 0.00309356983
f 1231 1233 1232
v -0.0016493681 -0.011750601 0.00283914324
v -0.00115655885 -0.011523984 0.00288677929
v -0.000940891914 -0.0118925716 0.00297938677
f 1234 1236 1235
v -0.00265376384 -0.00916221616 0.00253344588
v -0.0029631934 -0.00851811856 0.00241751986
v -0.00188128961 -0.00896201163 0.00286419763
f 1237 1239 1238
v -0.0029631934 -0.00851811856 0.00241751986
v -0.00265376384 -0.00916221616 0.00253344588
v -0.00294174606 -0.00952440605 0.00240029785
f 1240 1242 1241
v -0.00235107127 -0.0100056306 0.00284455327
v -0.00294174606 -0.00952440605 0.00240029785
v -0.00265376384 -0.00916221616 0.00253344588
f 1243 1245 1244
v -0.00188128961 -0.00896201163 0.00286419763
v -0.00167883791 -0.00979931719 0.00303453708
v -0.00235107127 -0.0100056306 0.00284455327
f 1246 1248 1247
v -0.00113131218 -0.00956345757 0.00307414448
v -0.000666351934 -0.00954486604 0.00292402892
v -0.000976604588 -0.00995322407 0.00309356983
f 1249 1251 1250
v -0.00167883791 -0.00979931719 0.00303453708
v -0.00188128961 -0.00896201163 0.00286419763
v -0.00103588854 -0.00915878845 0.00306737275
f 1252 1254 1253
v -0.00103588854 -0.00915878845 0.00306737275
v -0.00113131218 -0.00956345757 0.00307414448
v -0.00167883791 -0.00979931719 0.00303453708
f 1255 1257 1256
v -0.00103588854 -0.00915878845 0.00306737275
v -0.000666351934 -0.00954486604 0.00292402892
v -0.00113131218 -0.00956345757 0.00307414448
f 1258 1260 1259
v -0.00204390362 -0.00780548944 0.0027622189
v -0.00188128961 -0.00896201163 0.00286419763
v -0.0029631934 -0.00851811856 0.00241751986
f 1261 1263 1262
v -0.00252287809 -0.00687219508 0.00291515007
v -0.00216584722 -0.00747925151 0.00277393883
v -0.00276280589 -0.00778286412 0.00255373252
f 1264 1266 1265
v -0.00276280589 -0.00778286412 0.00255373252
v -0.00216584722 -0.00747925151 0.00277393883
v -0.00204390362 -0.00780548944 0.0027622189
f 1267 1269 1268
v -0.00204390362 -0.00780548944 0.0027622189
v -0.00103588854 -0.00915878845 0.00306737275
v -0.00188128961 -0.00896201163 0.00286419763
f 1270 1272 1271
v -0.00277785857 -0.00681733 0.00278055595
v -0.00252287809 -0.00687219508 0.00291515007
v -0.00276280589 -0.00778286412 0.00255373252
f 1273 1275 1274
v -0.00260284487 -0.00629634887 0.00293266239
v -0.00195076027 -0.00593328041 0.00305756694
v -0.00252287809 -0.00687219508 0.00291515007
f 1276 1278 1277
v -0.00182369804 -0.00632674783 0.00306250222
v -0.00216584722 -0.00747925151 0.00277393883
v -0.00252287809 -0.00687219508 0.00291515007
f 1279 1281 1280
v -0.00182369804 -0.00632674783 0.00306250222
v -0.00131527922 -0.00703785263 0.00286830746
v -0.00216584722 -0.00747925151 0.00277393883
f 1282 1284 1283
v -0.00221375449 -0.00547474701 0.00292324712
v -0.00195076027 -0.00593328041 0.00305756694
v -0.00260284487 -0.00629634887 0.00293266239
f 1285 1287 1286
v -0.00126185487 -0.00498512309 0.00294684341
v -0.00182369804 -0.00632674783 0.00306250222
v -0.00195076027 -0.00593328041 0.00305756694
f 1288 1290 1289
v -0.000946245746 -0.00608803057 0.00297240877
v -0.00182369804 -0.00632674783 0.00306250222
v -0.00126185487 -0.00498512309 0.00294684341
f 1291 1293 1292
v -0.00223038933 -0.00474172703 0.00283844784
v -0.00195076027 -0.00593328041 0.00305756694
v -0.00221375449 -0.00547474701 0.00292324712
f 1294 1296 1295
v -0.000339583926 -0.00605436471 0.00269896864
v -0.000721814968 -0.00570800912 0.00289903855
v -0.000443456065 -0.00476294226 0.00265280141
f 1297 1299 1298
v -0.000721814968 -0.00570800912 0.00289903855
v -0.000339583926 -0.00605436471 0.00269896864
v -0.000946245746 -0.00608803057 0.00297240877
f 1300 1302 1301
v -0.000339583926 -0.00605436471 0.00269896864
v -0.000325421661 -0.00687035426 0.00266556599
v -0.00077632485 -0.00647068809 0.00293919948
f 1303 1305 1304
v -0.0021916816 -0.00399784076 0.00275039947
v -0.00126185487 -0.00498512309 0.00294684341
v -0.00223038933 -0.00474172703 0.00283844784
f 1306 1308 1307
v -0.000891446507 -0.00516218861 0.00289354302
v -0.00126185487 -0.00498512309 0.00294684341
v -0.000992483183 -0.00442310666 0.00279584347
f 1309 1311 1310
v -0.00102420081 -0.00423241618 0.00259014596
v -0.000847738738 -0.00426268198 0.00273459736
v -0.000992483183 -0.00442310666 0.00279584347
f 1312 1314 1313
v -0.000443456065 -0.00476294226 0.00265280141
v -0.000992483183 -0.00442310666 0.00279584347
v -0.000847738738 -0.00426268198 0.00273459736
f 1315 1317 1316
v -0.000468333565 -0.00423281053 0.0025437208
v -0.000443456065 -0.00476294226 0.00265280141
v -0.000847738738 -0.00426268198 0.00273459736
f 1318 1320 1319
v -0.000443456065 -0.00476294226 0.00265280141
v -0.000721814968 -0.00570800912 0.00289903855
v -0.000891446507 -0.00516218861 0.00289354302
f 1321 1323 1322
v -0.00260284487 -0.00629634887 0.00293266239
v -0.00252287809 -0.00687219508 0.00291515007
v -0.00277785857 -0.00681733 0.00278055595
f 1324 1326 1325
v -0.000936737706 -0.00945563443 -0.00151950699
v -0.000574455044 -0.00942641491 -0.00152567936
v -0.000513531222 -0.00905048801 -0.00147758656
f 1327 1329 1328
v -0.00132459163 -0.0103695245 -0.00125507522
v -0.000941581584 -0.0101102014 -0.00137042243
v -0.0014196241 -0.00990866683 -0.00133661724
f 1330 1332 1331
v -0.000212694795 -0.0120607918 -0.00127686908
v 0.000495816721 -0.0115184557 -0.000546334741
v -8.09361495e-05 -0.0108402855 -0.00105820327
f 1333 1335 1334
v -8.09361495e-05 -0.0108402855 -0.00105820327
v 0.000495816721 -0.0115184557 -0.000546334741
v 0.000354503254 -0.0106211999 -0.000734696368
f 1336 1338 1337
v -8.09361495e-05 -0.0108402855 -0.00105820327
v 0.000354503254 -0.0106211999 -0.000734696368
v -0.000107498795 -0.0101561272 -0.00112037505
f 1339 1341 1340
v -0.000941581584 -0.0101102014 -0.00137042243
v -0.000450868311 -0.00963266575 -0.00140211505
v -0.000936737706 -0.00945563443 -0.00151950699
f 1342 1344 1343
v 0.000496156144 -0.0096020718 -0.000824841027
v -0.000107498795 -0.0101561272 -0.00112037505
v 0.000354503254 -0.0106211999 -0.000734696368
f 1345 1347 1346
v -0.000450868311 -0.00963266575 -0.00140211505
v -0.000941581584 -0.0101102014 -0.00137042243
v -0.000581195309 -0.0105734827 -0.00119962242
f 1348 1350 1349
v 0.000943496161 -0.0107215848 7.49391745e-05
v 0.000750282288 -0.0110852649 -0.000230447404
v 0.000907178037 -0.0113581504 0.000105562094
f 1351 1353 1352
v 0.000786098099 -0.00966924999 -0.00048821712
v 0.000496156144 -0.0096020718 -0.000824841027
v 0.000354503254 -0.0106211999 -0.000734696368
f 1354 1356 1355
v 0.000943496161 -0.0107215848 7.49391745e-05
v 0.000786098099 -0.00966924999 -0.00048821712
v 0.000750282288 -0.0110852649 -0.000230447404
f 1357 1359 1358
v 0.000987457406 -0.0102110003 8.38191625e-05
v 0.000786098099 -0.00966924999 -0.00048821712
v 0.000943496161 -0.0107215848 7.49391745e-05
f 1360 1362 1361
v 0.000786098099 -0.00966924999 -0.00048821712
v 0.000354503254 -0.0106211999 -0.000734696368
v 0.000750282288 -0.0110852649 -0.000230447404
f 1363 1365 1364
v -0.00127977646 -0.00831434736 -0.0014027959
v -0.00193916349 -0.00808861005 -0.00143907382
v -0.00196789588 -0.00878622304 -0.00140774009
f 1366 1368 1367
v -0.00139783306 -0.00685126943 -0.00146123002
v -0.00212379964 -0.00654402465 -0.00160579621
v -0.00159472147 -0.00724627389 -0.00142862446
f 1369 1371 1370
v -0.00127977646 -0.00831434736 -0.0014027959
v -0.000888556769 -0.00753298009 -0.00147695246
v -0.00159472147 -0.00724627389 -0.00142862446
f 1372 1374 1373
v -0.000833268678 -0.00824133967 -0.00143038233
v -0.000888556769 -0.00753298009 -0.00147695246
v -0.00127977646 -0.00831434736 -0.0014027959
f 1375 1377 1376
v -0.000585068528 -0.0068135545 -0.00153622732
v -0.000960332636 -0.00682981045 -0.00152954799
v -0.00077431514 -0.00693679976 -0.00150657361
f 1378 1380 1379
v -0.000111009933 -0.00744292483 -0.00112691323
v -0.000391341018 -0.00785886732 -0.00133101366
v 0.000367763505 -0.00861438239 -0.000899880615
f 1381 1383 1382
v 0.000689644594 -0.00883836692 -0.000527673365
v 0.000367763505 -0.00861438239 -0.000899880615
v 0.000496156144 -0.0096020718 -0.000824841027
f 1384 1386 1385
v 0.000894674031 -0.00920112507 -6.11001326e-05
v 0.000816145985 -0.00849807911 3.06244118e-05
v 0.000689644594 -0.00883836692 -0.000527673365
f 1387 1389 1388
v 0.000874827765 -0.00880481966 0.000102614922
v 0.000816145985 -0.00849807911 3.06244118e-05
v 0.000894674031 -0.00920112507 -6.11001326e-05
f 1390 1392 1391
v 0.00017415714 -0.00718303709 -0.000838319829
v 0.000367763505 -0.00861438239 -0.000899880615
v 0.000415858995 -0.00738978561 -0.000514254771
f 1393 1395 1394
v 0.00017415714 -0.00718303709 -0.000838319829
v -0.000111009933 -0.00744292483 -0.00112691323
v 0.000367763505 -0.00861438239 -0.000899880615
f 1396 1398 1397
v 0.000415858995 -0.00738978561 -0.000514254771
v 0.000639699692 -0.00766394587 -0.000134074071
v 0.000613787688 -0.00695759882 -0.000184195778
f 1399 1401 1400
v 0.000859780175 -0.00889217117 0.000389574325
v 0.000766975154 -0.00795516607 0.000207549101
v 0.000816145985 -0.00849807911 3.06244118e-05
f 1402 1404 1403
v 0.000718237379 -0.00737629089 0.000189765342
v 0.000766975154 -0.00795516607 0.000207549101
v 0.000737735627 -0.00809711128 0.000814665691
f 1405 1407 1406
v 0.000894674031 -0.00920112507 -6.11001326e-05
v 0.000786098099 -0.00966924999 -0.00048821712
v 0.000987457406 -0.0102110003 8.38191625e-05
f 1408 1410 1409
v -0.000805685067 -0.00910586969 -0.00154420923
v -0.000913532676 -0.0088231267 -0.00148441559
v -0.000936737706 -0.00945563443 -0.00151950699
f 1411 1413 1412
v -0.000936737706 -0.00945563443 -0.00151950699
v -0.00111137861 -0.00986333907 -0.00147784085
v -0.000941581584 -0.0101102014 -0.00137042243
f 1414 1416 1415
v -0.000391341018 -0.00785886732 -0.00133101366
v -0.000513531222 -0.00905048801 -0.00147758656
v 0.000367763505 -0.00861438239 -0.000899880615
f 1417 1419 1418
v -0.000960332636 -0.00682981045 -0.00152954799
v -0.00143263233 -0.00605085152 -0.0016217311
v -0.00139783306 -0.00685126943 -0.00146123002
f 1420 1422 1421
v -0.000960332636 -0.00682981045 -0.00152954799
v -0.000830804856 -0.00623652304 -0.00157080722
v -0.00143263233 -0.00605085152 -0.0016217311
f 1423 1425 1424
v -9.77004788e-05 -0.00594407356 -0.00132663681
v -0.00047067756 -0.00640255967 -0.00150329997
v -0.000111009933 -0.00744292483 -0.00112691323
f 1426 1428 1427
v -9.77004788e-05 -0.00594407356 -0.00132663681
v -0.000562086325 -0.00590165182 -0.00154261052
v -0.00047067756 -0.00640255967 -0.00150329997
f 1429 1431 1430
v -0.00153189867 -0.0053121883 -0.00164918456
v -0.001473669 -0.00488803344 -0.00158972125
v -0.00182722124 -0.00499293092 -0.0016026459
f 1432 1434 1433
v -0.000637903986 -0.00517165026 -0.00150768665
v -0.001473669 -0.00488803344 -0.00158972125
v -0.00153189867 -0.0053121883 -0.00164918456
f 1435 1437 1436
v -9.77004788e-05 -0.00594407356 -0.00132663681
v 0.00026642283 -0.00523521085 -0.000958061719
v -0.000136066762 -0.00507494624 -0.00127477524
f 1438 1440 1439
v -0.000512192901 -0.0040787967 -0.00124826838
v -0.000637903986 -0.00517165026 -0.00150768665
v -0.000136066762 -0.00507494624 -0.00127477524
f 1441 1443 1442
v 0.000758830947 -0.0067906476 0.000489215108
v 0.00081708904 -0.00617687401 5.25398264e-05
v 0.000613787688 -0.00695759882 -0.000184195778
f 1444 1446 1445
v 0.000812558483 -0.00703598416 0.00110106866
v 0.000737735627 -0.00809711128 0.000814665691
v 0.000719494437 -0.00801132919 0.000886818634
f 1447 1449 1448
v 0.000547998661 -0.00566640301 0.00161395292
v 0.000364591551 -0.00568078176 0.00190423852
v 0.000548208845 -0.0052856376 0.00139490039
f 1450 1452 1451
v 0.000811764858 -0.00583463443 0.000394160816
v 0.000776953584 -0.00489206795 0.000213989097
v 0.000802447721 -0.00573408433 -1.70806771e-05
f 1453 1455 1454
v 0.000548208845 -0.0052856376 0.00139490039
v 0.000776953584 -0.00489206795 0.000213989097
v 0.000740656242 -0.0062403662 0.0010277744
f 1456 1458 1457
v 0.000547998661 -0.00566640301 0.00161395292
v 0.000548208845 -0.0052856376 0.00139490039
v 0.000643422118 -0.00606699177 0.00144851001
f 1459 1461 1460
v 0.000548208845 -0.0052856376 0.00139490039
v 0.000740656242 -0.0062403662 0.0010277744
v 0.000643422118 -0.00606699177 0.00144851001
f 1462 1464 1463
v 0.000643422118 -0.00606699177 0.00144851001
v 0.000740656242 -0.0062403662 0.0010277744
v 0.000812558483 -0.00703598416 0.00110106866
f 1465 1467 1466
v 0.000740656242 -0.0062403662 0.0010277744
v 0.000811764858 -0.00583463443 0.000394160816
v 0.000758830947 -0.0067906476 0.000489215108
f 1468 1470 1469
v -0.00108520398 -0.00392378315 -0.00115241291
v -0.00143266243 -0.00385819985 -0.00113949209
v -0.0013537122 -0.00386174397 -0.00139607382
f 1471 1473 1472
v -0.000907710637 -0.0041198542 -0.00135130849
v -0.00115343719 -0.00397426229 -0.00138027608
v -0.00160033196 -0.00395859788 -0.00143210491
f 1474 1476 1475
v -0.001473669 -0.00488803344 -0.00158972125
v -0.000907710637 -0.0041198542 -0.00135130849
v -0.00160033196 -0.00395859788 -0.00143210491
f 1477 1479 1478
v -0.000907710637 -0.0041198542 -0.00135130849
v -0.000512192901 -0.0040787967 -0.00124826838
v -0.00108520398 -0.00392378315 -0.00115241291
f 1480 1482 1481
v -0.000512192901 -0.0040787967 -0.00124826838
v -0.000191300751 -0.00402229598 -0.0010501004
v -0.000458740624 -0.00394289709 -0.00120271343
f 1483 1485 1484
v 0.000188393494 -0.00435901129 -0.000874462057
v -0.000191300751 -0.00402229598 -0.0010501004
v 1.39191087e-05 -0.00419807948 -0.000965580148
f 1486 1488 1487
v 0.000550187769 -0.00456114758 -0.000410557641
v 0.000296038547 -0.00445264122 -0.000315141097
v 0.000488626074 -0.00461139643 -0.000606565573
f 1489 1491 1490
v 0.000296038547 -0.00445264122 -0.000315141097
v 3.63985691e-05 -0.00434645663 -0.000143818579
v -0.000191300751 -0.00402229598 -0.0010501004
f 1492 1494 1493
v 3.63985691e-05 -0.00434645663 -0.000143818579
v -0.000291247716 -0.00415674986 0.000515578449
v -0.00100545267 -0.00397003569 0.000113000624
f 1495 1497 1496
v -0.000291247716 -0.00415674986 0.000515578449
v -0.000598689348 -0.00406904765 0.00114759423
v -0.00100545267 -0.00397003569 0.000113000624
f 1498 1500 1499
v 0.000552222627 -0.00421946206 0.000812336384
v 0.000320923709 -0.00419331809 0.00118291628
v 0.000326464374 -0.00425279468 0.000635419701
f 1501 1503 1502
v 0.00032321509 -0.00417252777 0.00157534196
v 0.000158277908 -0.0041917232 0.00188136837
v -0.000598689348 -0.00406904765 0.00114759423
f 1504 1506 1505
v -6.62862476e-05 -0.00453131906 0.00227344062
v -0.000106486152 -0.00416548901 0.00221379123
v 0.000158277908 -0.0041917232 0.00188136837
f 1507 1509 1508
v 0.000158277908 -0.0041917232 0.00188136837
v 0.000446005015 -0.00474948683 0.00148233603
v 0.000293187895 -0.00493215703 0.00183079464
f 1510 1512 1511
v 0.000446005015 -0.00474948683 0.00148233603
v 0.000158277908 -0.0041917232 0.00188136837
v 0.00032321509 -0.00417252777 0.00157534196
f 1513 1515 1514
v 0.000734677542 -0.00498870286 -0.000171951706
v 0.000550187769 -0.00456114758 -0.000410557641
v 0.000488626074 -0.00461139643 -0.000606565573
f 1516 1518 1517
v 0.000734677542 -0.00498870286 -0.000171951706
v 0.000604349361 -0.00432224806 -0.000116911997
v 0.000550187769 -0.00456114758 -0.000410557641
f 1519 1521 1520
v 0.000604349361 -0.00432224806 -0.000116911997
v 0.000622586003 -0.00428313615 0.000143463831
v 3.63985691e-05 -0.00434645663 -0.000143818579
f 1522 1524 1523
v 0.000622586003 -0.00428313615 0.000143463831
v 0.000326464374 -0.00425279468 0.000635419701
v 3.63985691e-05 -0.00434645663 -0.000143818579
f 1525 1527 1526
v 0.000601398779 -0.0043353426 0.000655924123
v 0.000552222627 -0.00421946206 0.000812336384
v 0.000326464374 -0.00425279468 0.000635419701
f 1528 1530 1529
v 0.000622586003 -0.00428313615 0.000143463831
v 0.000604349361 -0.00432224806 -0.000116911997
v 0.000776953584 -0.00489206795 0.000213989097
f 1531 1533 1532
v 0.000776953584 -0.00489206795 0.000213989097
v 0.000452375252 -0.00441805569 0.0013194991
v 0.000552222627 -0.00421946206 0.000812336384
f 1534 1536 1535
v 0.000158277908 -0.0041917232 0.00188136837
v -0.000106486152 -0.00416548901 0.00221379123
v -0.000598689348 -0.00406904765 0.00114759423
f 1537 1539 1538
v 0.000552222627 -0.00421946206 0.000812336384
v 0.000601398779 -0.0043353426 0.000655924123
v 0.000776953584 -0.00489206795 0.000213989097
f 1540 1542 1541
v -0.000160880836 -0.0112131864 0.00254431616
v -0.00061810033 -0.0120834309 0.00292519271
v -0.000671451016 -0.0110847323 0.00277110703
f 1543 1545 1544
v 0.000234405661 -0.0109818808 0.00221658393
v -4.66275935e-05 -0.0121732315 0.00257709089
v -0.000160880836 -0.0112131864 0.00254431616
f 1546 1548 1547
v 0.000941933286 -0.011390914 0.00128703659
v 0.00062825593 -0.0110091569 0.00185863864
v 0.000843845646 -0.0110142311 0.00148686049
f 1549 1551 1550
v -0.000536657944 -0.0104793282 0.00279832457
v -0.000160880836 -0.0112131864 0.00254431616
v -0.000671451016 -0.0110847323 0.00277110703
f 1552 1554 1553
v 0.000234405661 -0.0109818808 0.00221658393
v -0.000160880836 -0.0112131864 0.00254431616
v -0.000536657944 -0.0104793282 0.00279832457
f 1555 1557 1556
v 0.000294120241 -0.00952559785 0.00225740387
v 0.000234405661 -0.0109818808 0.00221658393
v -0.000536657944 -0.0104793282 0.00279832457
f 1558 1560 1559
v 0.000866863957 -0.0106517764 0.00124941198
v 0.000959714725 -0.0102032827 0.000505691787
v 0.000960431953 -0.0110556844 0.000605867808
f 1561 1563 1562
v 0.000781166636 -0.00950255926 0.00143088637
v 0.000959714725 -0.0102032827 0.000505691787
v 0.000775681565 -0.00980360055 0.00166221125
f 1564 1566 1565
v 0.000843845646 -0.0110142311 0.00148686049
v 0.00062825593 -0.0110091569 0.00185863864
v 0.000866863957 -0.0106517764 0.00124941198
f 1567 1569 1568
v 0.00062825593 -0.0110091569 0.00185863864
v 0.000744907629 -0.0106238942 0.00167217186
v 0.000866863957 -0.0106517764 0.00124941198
f 1570 1572 1571
v 0.000621083518 -0.0103523031 0.00185573808
v 0.000234405661 -0.0109818808 0.00221658393
v 0.000294120241 -0.00952559785 0.00225740387
f 1573 1575 1574
v 0.000621503978 -0.00979218894 0.00192078824
v 0.000775681565 -0.00980360055 0.00166221125
v 0.000621083518 -0.0103523031 0.00185573808
f 1576 1578 1577
v -0.000160880836 -0.0112131864 0.00254431616
v -4.66275935e-05 -0.0121732315 0.00257709089
v -0.00061810033 -0.0120834309 0.00292519271
f 1579 1581 1580
v 0.00101390733 -0.0117774696 0.000835491755
v 0.000907178037 -0.0113581504 0.000105562094
v 0.000839305267 -0.012175311 -2.55260204e-05
f 1582 1584 1583
v 0.000960431953 -0.0110556844 0.000605867808
v 0.000907178037 -0.0113581504 0.000105562094
v 0.00101390733 -0.0117774696 0.000835491755
f 1585 1587 1586
v 0.0010258711 -0.0117678544 0.00111615136
v 0.00101390733 -0.0117774696 0.000835491755
v 0.00101712676 -0.012202144 0.00135881937
f 1588 1590 1589
v 0.00101390733 -0.0117774696 0.000835491755
v 0.00106319321 -0.0121752026 0.000996920789
v 0.00101712676 -0.012202144 0.00135881937
f 1591 1593 1592
v 0.000959714725 -0.0102032827 0.000505691787
v 0.000943496161 -0.0107215848 7.49391745e-05
v 0.000960431953 -0.0110556844 0.000605867808
f 1594 1596 1595
v -0.000666351934 -0.00954486604 0.00292402892
v -0.00029816847 -0.00883220346 0.00264383179
v 0.000294120241 -0.00952559785 0.00225740387
f 1597 1599 1598
v 0.000124507892 -0.00849781864 0.00223581574
v 0.000466597612 -0.00871766606 0.00184083983
v 0.000294120241 -0.00952559785 0.00225740387
f 1600 1602 1601
v 0.000781166636 -0.00950255926 0.00143088637
v 0.000816934789 -0.00916109857 0.000793222171
v 0.000959714725 -0.0102032827 0.000505691787
f 1603 1605 1604
v 0.000550463665 -0.00938335288 0.00197878817
v 0.000294120241 -0.00952559785 0.00225740387
v 0.000466597612 -0.00871766606 0.00184083983
f 1606 1608 1607
v 0.000655265694 -0.0087218541 0.00142979716
v 0.000687290139 -0.00912838586 0.00160822092
v 0.000550463665 -0.00938335288 0.00197878817
f 1609 1611 1610
v 0.000550463665 -0.00938335288 0.00197878817
v 0.000466597612 -0.00871766606 0.00184083983
v 0.000655265694 -0.0087218541 0.00142979716
f 1612 1614 1613
v 0.000945348984 -0.00954399075 0.000241853104
v 0.000816934789 -0.00916109857 0.000793222171
v 0.000859780175 -0.00889217117 0.000389574325
f 1615 1617 1616
v 0.000655265694 -0.0087218541 0.00142979716
v 0.000816934789 -0.00916109857 0.000793222171
v 0.000781166636 -0.00950255926 0.00143088637
f 1618 1620 1619
v 0.000781166636 -0.00950255926 0.00143088637
v 0.000621503978 -0.00979218894 0.00192078824
v 0.000550463665 -0.00938335288 0.00197878817
f 1621 1623 1622
v 0.000550463665 -0.00938335288 0.00197878817
v 0.000621503978 -0.00979218894 0.00192078824
v 0.000294120241 -0.00952559785 0.00225740387
f 1624 1626 1625
v -0.00029816847 -0.00883220346 0.00264383179
v -0.000751376638 -0.00874006582 0.00292406512
v -0.000289852869 -0.00790594204 0.00260852812
f 1627 1629 1628
v -0.000289852869 -0.00790594204 0.00260852812
v 0.00046546279 -0.00807706456 0.00199244714
v -0.00029816847 -0.00883220346 0.00264383179
f 1630 1632 1631
v 0.00046546279 -0.00807706456 0.00199244714
v 0.000124507892 -0.00849781864 0.00223581574
v -0.00029816847 -0.00883220346 0.00264383179
f 1633 1635 1634
v 0.00046546279 -0.00807706456 0.00199244714
v 0.000655265694 -0.0087218541 0.00142979716
v 0.000466597612 -0.00871766606 0.00184083983
f 1636 1638 1637
v 0.000792727042 -0.00760880139 0.00164255052
v 0.000719494437 -0.00801132919 0.000886818634
v 0.000705257435 -0.00815213498 0.00164954799
f 1639 1641 1640
v 0.000655265694 -0.0087218541 0.00142979716
v 0.000705257435 -0.00815213498 0.00164954799
v 0.000719494437 -0.00801132919 0.000886818634
f 1642 1644 1643
v 0.00046546279 -0.00807706456 0.00199244714
v 0.000705257435 -0.00815213498 0.00164954799
v 0.000655265694 -0.0087218541 0.00142979716
f 1645 1647 1646
v 0.000859780175 -0.00889217117 0.000389574325
v 0.000816934789 -0.00916109857 0.000793222171
v 0.000655265694 -0.0087218541 0.00142979716
f 1648 1650 1649
v 0.000775681565 -0.00980360055 0.00166221125
v 0.000621503978 -0.00979218894 0.00192078824
v 0.000781166636 -0.00950255926 0.00143088637
f 1651 1653 1652
v 0.000294120241 -0.00952559785 0.00225740387
v -0.000536657944 -0.0104793282 0.00279832457
v -0.000666351934 -0.00954486604 0.00292402892
f 1654 1656 1655
v 0.000960431953 -0.0110556844 0.000605867808
v 0.00101390733 -0.0117774696 0.000835491755
v 0.000941933286 -0.011390914 0.00128703659
f 1657 1659 1658
v 0.000461633908 -0.00762971249 0.00206018594
v -0.000325421661 -0.00687035426 0.00266556599
v -0.000339583926 -0.00605436471 0.00269896864
f 1660 1662 1661
v 0.000759462228 -0.00715872375 0.00173707176
v 0.000738219615 -0.00681581369 0.00157404393
v 0.000792727042 -0.00760880139 0.00164255052
f 1663 1665 1664
v 0.000551490984 -0.00712911205 0.00197208228
v 0.000792727042 -0.00760880139 0.00164255052
v 0.000461633908 -0.00762971249 0.00206018594
f 1666 1668 1667
v 0.000759462228 -0.00715872375 0.00173707176
v 0.000551490984 -0.00712911205 0.00197208228
v 0.000738219615 -0.00681581369 0.00157404393
f 1669 1671 1670
v 0.000551490984 -0.00712911205 0.00197208228
v 0.000614681448 -0.00641383158 0.00172589989
v 0.000738219615 -0.00681581369 0.00157404393
f 1672 1674 1673
v 0.000614681448 -0.00641383158 0.00172589989
v 8.14839836e-05 -0.00606061294 0.00229630787
v 0.000364591551 -0.00568078176 0.00190423852
f 1675 1677 1676
v 0.000614681448 -0.00641383158 0.00172589989
v 0.000643422118 -0.00606699177 0.00144851001
v 0.000738219615 -0.00681581369 0.00157404393
f 1678 1680 1679
v -6.62862476e-05 -0.00453131906 0.00227344062
v 8.14839836e-05 -0.00606061294 0.00229630787
v -0.000443456065 -0.00476294226 0.00265280141
f 1681 1683 1682
v 0.000293187895 -0.00493215703 0.00183079464
v 8.14839836e-05 -0.00606061294 0.00229630787
v -6.62862476e-05 -0.00453131906 0.00227344062
f 1684 1686 1685
v -0.00371368951 -0.0108401175 -0.000713626832
v -0.00388287008 -0.0108357803 -0.000369830559
v -0.00393731643 -0.011273579 -0.000509512665
f 1687 1689 1688
v -0.00359825608 -0.0110283974 0.000549412607
v -0.00364205152 -0.0115004237 0.000385577641
v -0.0037997921 -0.0115076567 -0.000251599977
f 1690 1692 1691
v -0.000277383015 -0.0117445183 -0.00129380787
v -0.000506211472 -0.0113349597 -0.00124898597
v -0.00060849984 -0.0118053824 -0.0013259636
f 1693 1695 1694
v -0.00302413137 -0.0176475893 -0.00112247071
v -0.00243961258 -0.0178118367 -0.00129257915
v -0.0024941779 -0.0171934997 -0.00126117247
f 1696 1698 1697
v -0.0024209623 -0.0144268459 -0.00113043952
v -0.00200206796 -0.0140075499 -0.00122391884
v -0.00245941774 -0.0138216579 -0.0010981008
f 1699 1701 1700
v -0.00143263233 -0.00605085152 -0.0016217311
v -0.00153189867 -0.0053121883 -0.00164918456
v -0.00194748573 -0.00617305122 -0.00162604665
f 1702 1704 1703
v -0.000527668544 -0.0128083586 0.00300465035
v -0.000751126163 -0.0133399604 0.00317621343
v -0.000958251167 -0.0130235334 0.00310182077
f 1705 1707 1706
v -0.00302286699 -0.0187282189 -0.00108009899
v -0.002974583 -0.0188237886 -0.000860890941
v -0.00278711359 -0.0191030354 -0.000805235777
f 1708 1710 1709
v -0.00397635486 -0.0189985003 -0.00111265854
v -0.0037852169 -0.0187130005 -0.00106184816
v -0.0040838604 -0.0189703802 -0.00099114568
f 1711 1713 1712
v -0.0037852169 -0.0187130005 -0.00106184816
v -0.00397635486 -0.0189985003 -0.00111265854
v -0.00372210052 -0.0187264668 -0.00108246604
f 1714 1716 1715
v -0.00398731063 -0.0190585299 -0.000903677756
v -0.00371932983 -0.0189642742 -0.000977919444
v -0.00388948574 -0.0190720079 -0.00103257462
f 1717 1719 1718
v -0.00388948574 -0.0190720079 -0.00103257462
v -0.00371932983 -0.0189642742 -0.000977919444
v -0.00397635486 -0.0189985003 -0.00111265854
f 1720 1722 1721
v -0.00359697879 -0.0182327669 -0.000971660484
v -0.00386999091 -0.0182621152 -0.000617226306
v -0.00401006328 -0.0186409699 -0.000830151112
f 1723 1725 1724
v -0.00386999091 -0.0182621152 -0.000617226306
v -0.00364579791 -0.0185709563 -0.00034627019
v -0.00375469317 -0.0186901569 -0.000504171567
f 1726 1728 1727
v -0.00401006328 -0.0186409699 -0.000830151112
v -0.0037852169 -0.0187130005 -0.00106184816
v -0.00359697879 -0.0182327669 -0.000971660484
f 1729 1731 1730
v -0.00372210052 -0.0187264668 -0.00108246604
v -0.00373204239 -0.0186997844 -0.0010670854
v -0.00373491712 -0.0186972669 -0.00107603919
f 1732 1734 1733
v -0.00372210052 -0.0187264668 -0.00108246604
v -0.00371932983 -0.0189642742 -0.000977919444
v -0.00353682299 -0.0188688486 -0.000896556776
f 1735 1737 1736
v -0.0037852169 -0.0187130005 -0.00106184816
v -0.00373204239 -0.0186997844 -0.0010670854
v -0.00359697879 -0.0182327669 -0.000971660484
f 1738 1740 1739
v -0.0037852169 -0.0187130005 -0.00106184816
v -0.00372210052 -0.0187264668 -0.00108246604
v -0.00373491712 -0.0186972669 -0.00107603919
f 1741 1743 1742
v -0.00353682299 -0.0188688486 -0.000896556776
v -0.00328697279 -0.0188075865 -0.000640369944
v -0.00312013071 -0.0187557249 -0.000821349931
f 1744 1746 1745
v -0.00302286699 -0.0187282189 -0.00108009899
v -0.00353682299 -0.0188688486 -0.000896556776
v -0.00312013071 -0.0187557249 -0.000821349931
f 1747 1749 1748
v -0.00372210052 -0.0187264668 -0.00108246604
v -0.00353682299 -0.0188688486 -0.000896556776
v -0.00365453379 -0.0186679419 -0.00109440898
f 1750 1752 1751
v -0.00302286699 -0.0187282189 -0.00108009899
v -0.00313602723 -0.018749552 -0.000847295087
v -0.00309167772 -0.0187522674 -0.000880171501
f 1753 1755 1754
v -0.00260469296 -0.0188204547 -0.00127808162
v -0.00302286699 -0.0187282189 -0.00108009899
v -0.00278711359 -0.0191030354 -0.000805235777
f 1756 1758 1757
v -0.002974583 -0.0188237886 -0.000860890941
v -0.00299703952 -0.0186791483 -0.00105461113
v -0.00308958406 -0.0187399215 -0.000877429557
f 1759 1761 1760
v -0.00312013071 -0.0187557249 -0.000821349931
v -0.00309167772 -0.0187522674 -0.000880171501
v -0.00308958406 -0.0187399215 -0.000877429557
f 1762 1764 1763
v -0.00309167772 -0.0187522674 -0.000880171501
v -0.00313602723 -0.018749552 -0.000847295087
v -0.00308958406 -0.0187399215 -0.000877429557
f 1765 1767 1766
v -0.00301232485 -0.0187119702 -0.00108561926
v -0.00302286699 -0.0187282189 -0.00108009899
v -0.00260469296 -0.0188204547 -0.00127808162
f 1768 1770 1769
v -0.002974583 -0.0188237886 -0.000860890941
v -0.00302286699 -0.0187282189 -0.00108009899
v -0.00299703952 -0.0186791483 -0.00105461113
f 1771 1773 1772
v -0.00359697879 -0.0182327669 -0.000971660484
v -0.00312798875 -0.0182982112 -0.00114400627
v -0.00302413137 -0.0176475893 -0.00112247071
f 1774 1776 1775
v -0.00301232485 -0.0187119702 -0.00108561926
v -0.00353682299 -0.0188688486 -0.000896556776
v -0.00302286699 -0.0187282189 -0.00108009899
f 1777 1779 1778
v -0.00398731063 -0.0190585299 -0.000903677756
v -0.00385999374 -0.0188562728 -0.000646558965
v -0.00353682299 -0.0188688486 -0.000896556776
f 1780 1782 1781
v -0.00345914013 -0.0176411661 -0.000798501969
v -0.0032763659 -0.0173954773 -0.000919902595
v -0.00339608669 -0.0171303152 -0.00054060929
f 1783 1785 1784
v -0.00302413137 -0.0176475893 -0.00112247071
v -0.0024941779 -0.0171934997 -0.00126117247
v -0.00293902212 -0.0172063985 -0.00110510246
f 1786 1788 1787
v -0.00339608669 -0.0171303152 -0.00054060929
v -0.00338205718 -0.0167555219 -0.000295735117
v -0.00366537861 -0.0175902038 0.000137532913
f 1789 1791 1790
v -0.00339608669 -0.0171303152 -0.00054060929
v -0.00293902212 -0.0172063985 -0.00110510246
v -0.0029100469 -0.0163206074 -0.000916879253
f 1792 1794 1793
v -0.00345914013 -0.0176411661 -0.000798501969
v -0.00302413137 -0.0176475893 -0.00112247071
v -0.0032763659 -0.0173954773 -0.000919902595
f 1795 1797 1796
v -0.00293902212 -0.0172063985 -0.00110510246
v -0.00339608669 -0.0171303152 -0.00054060929
v -0.0032763659 -0.0173954773 -0.000919902595
f 1798 1800 1799
v -0.003765574 -0.0154722147 -0.000430806813
v -0.00360690501 -0.0157226736 -0.000235183506
v -0.00313588062 -0.0161453951 -0.000640911276
f 1801 1803 1802
v -0.00360690501 -0.0157226736 -0.000235183506
v -0.00348306276 -0.0155464892 0.000527472184
v -0.00340122751 -0.0161689924 5.20542415e-05
f 1804 1806 1805
v -0.00338205718 -0.0167555219 -0.000295735117
v -0.00325715337 -0.016201679 -0.000376549633
v -0.00340122751 -0.0161689924 5.20542415e-05
f 1807 1809 1808
v -0.00313588062 -0.0161453951 -0.000640911276
v -0.00325715337 -0.016201679 -0.000376549633
v -0.00338205718 -0.0167555219 -0.000295735117
f 1810 1812 1811
v -0.0029100469 -0.0163206074 -0.000916879253
v -0.00241015605 -0.0165205551 -0.00127265885
v -0.00252438294 -0.0158181952 -0.00125275656
f 1813 1815 1814
v -0.0029100469 -0.0163206074 -0.000916879253
v -0.00252438294 -0.0158181952 -0.00125275656
v -0.00299315125 -0.0159162912 -0.000909397022
f 1816 1818 1817
v -0.0029100469 -0.0163206074 -0.000916879253
v -0.00299315125 -0.0159162912 -0.000909397022
v -0.00313588062 -0.0161453951 -0.000640911276
f 1819 1821 1820
v -0.00340122751 -0.0161689924 5.20542415e-05
v -0.00325715337 -0.016201679 -0.000376549633
v -0.00360690501 -0.0157226736 -0.000235183506
f 1822 1824 1823
v -0.00345914013 -0.0176411661 -0.000798501969
v -0.00370067173 -0.0178243048 -0.000350936807
v -0.00386999091 -0.0182621152 -0.000617226306
f 1825 1827 1826
v -0.00360690501 -0.0157226736 -0.000235183506
v -0.003765574 -0.0154722147 -0.000430806813
v -0.00348306276 -0.0155464892 0.000527472184
f 1828 1830 1829
v -0.003765574 -0.0154722147 -0.000430806813
v -0.00372615978 -0.0151111468 -0.000239880683
v -0.00348306276 -0.0155464892 0.000527472184
f 1831 1833 1832
v -0.00372615978 -0.0151111468 -0.000239880683
v -0.00355279917 -0.0150051143 0.00053529775
v -0.00348306276 -0.0155464892 0.000527472184
f 1834 1836 1835
v -0.00372615978 -0.0151111468 -0.000239880683
v -0.0034250108 -0.0144760357 -0.000486769386
v -0.00360951926 -0.0146430524 -6.10370591e-05
f 1837 1839 1838
v -0.00372615978 -0.0151111468 -0.000239880683
v -0.00360951926 -0.0146430524 -6.10370591e-05
v -0.00355279917 -0.0150051143 0.00053529775
f 1840 1842 1841
v -0.00290699572 -0.0154607449 -0.0010877231
v -0.00242763072 -0.0151691725 -0.00124959297
v -0.00287426592 -0.0143878715 -0.000915179044
f 1843 1845 1844
v -0.00339857506 -0.0139191776 -0.000501834438
v -0.00347598107 -0.0134668648 -0.000575362174
v -0.00369210684 -0.0134938251 -0.000308070685
f 1846 1848 1847
v -0.00360951926 -0.0146430524 -6.10370591e-05
v -0.00359149199 -0.0139174983 -0.000131872378
v -0.00356453384 -0.0142911755 0.000445387241
f 1849 1851 1850
v -0.0034250108 -0.0144760357 -0.000486769386
v -0.00339857506 -0.0139191776 -0.000501834438
v -0.00359149199 -0.0139174983 -0.000131872378
f 1852 1854 1853
v -0.00367125976 -0.0149402811 0.000985022416
v -0.00355817465 -0.0135076611 0.000620801256
v -0.00368899928 -0.0139650336 0.000906224068
f 1855 1857 1856
v -0.00359149199 -0.0139174983 -0.000131872378
v -0.00369210684 -0.0134938251 -0.000308070685
v -0.00355817465 -0.0135076611 0.000620801256
f 1858 1860 1859
v -0.00287426592 -0.0143878715 -0.000915179044
v -0.00245941774 -0.0138216579 -0.0010981008
v -0.00292701588 -0.0138428266 -0.000862704292
f 1861 1863 1862
v -0.00245941774 -0.0138216579 -0.0010981008
v -0.00240094105 -0.0133423178 -0.00114550166
v -0.00292701588 -0.0138428266 -0.000862704292
f 1864 1866 1865
v -0.00292701588 -0.0138428266 -0.000862704292
v -0.0034250108 -0.0144760357 -0.000486769386
v -0.00287426592 -0.0143878715 -0.000915179044
f 1867 1869 1868
v -0.00369093177 -0.013112546 -0.000194465701
v -0.00369210684 -0.0134938251 -0.000308070685
v -0.00350865012 -0.0130698609 -0.000563186768
f 1870 1872 1871
v -0.00350865012 -0.0130698609 -0.000563186768
v -0.00365975138 -0.0127994121 -0.000326318423
v -0.00369093177 -0.013112546 -0.000194465701
f 1873 1875 1874
v -0.00365975138 -0.0127994121 -0.000326318423
v -0.00350865012 -0.0130698609 -0.000563186768
v -0.00342184612 -0.0124322614 -0.000455138252
f 1876 1878 1877
v -0.00365975138 -0.0127994121 -0.000326318423
v -0.00342184612 -0.0124322614 -0.000455138252
v -0.00363480831 -0.0124715632 -0.000146519869
f 1879 1881 1880
v -0.00369093177 -0.013112546 -0.000194465701
v -0.00359543119 -0.0127173902 0.000584682766
v -0.00355817465 -0.0135076611 0.000620801256
f 1882 1884 1883
v -0.00389966808 -0.0132530215 0.00131990573
v -0.00355817465 -0.0135076611 0.000620801256
v -0.00370528724 -0.0128089465 0.000911789812
f 1885 1887 1886
v -0.00355817465 -0.0135076611 0.000620801256
v -0.00359543119 -0.0127173902 0.000584682766
v -0.00370528724 -0.0128089465 0.000911789812
f 1888 1890 1889
v -0.00363480831 -0.0124715632 -0.000146519869
v -0.00365978485 -0.0123547463 0.000624030326
v -0.00359543119 -0.0127173902 0.000584682766
f 1891 1893 1892
v -0.00240094105 -0.0133423178 -0.00114550166
v -0.0024935207 -0.0123905644 -0.00109494595
v -0.00309625575 -0.0128427375 -0.000796308541
f 1894 1896 1895
v -0.00216127901 -0.0122916739 -0.00125581264
v -0.0024935207 -0.0123905644 -0.00109494595
v -0.00190244627 -0.0126482657 -0.00124515191
f 1897 1899 1898
v -0.00363480831 -0.0124715632 -0.000146519869
v -0.00340906372 -0.0119607037 -0.000395186726
v -0.00364672851 -0.0119418641 0.00010731801
f 1900 1902 1901
v -0.00340906372 -0.0119607037 -0.000395186726
v -0.0037997921 -0.0115076567 -0.000251599977
v -0.00364672851 -0.0119418641 0.00010731801
f 1903 1905 1904
v -0.00340906372 -0.0119607037 -0.000395186726
v -0.00304263158 -0.0119501441 -0.000717138209
v -0.00361078746 -0.0116183292 -0.00060258526
f 1906 1908 1907
v -0.00361078746 -0.0116183292 -0.00060258526
v -0.00393731643 -0.011273579 -0.000509512665
v -0.0037997921 -0.0115076567 -0.000251599977
f 1909 1911 1910
v -0.00393731643 -0.011273579 -0.000509512665
v -0.00388287008 -0.0108357803 -0.000369830559
v -0.0037997921 -0.0115076567 -0.000251599977
f 1912 1914 1913
v -0.00393731643 -0.011273579 -0.000509512665
v -0.00371371862 -0.0113313341 -0.000740748874
v -0.00371368951 -0.0108401175 -0.000713626832
f 1915 1917 1916
v -0.00371371862 -0.0113313341 -0.000740748874
v -0.00308407689 -0.0114739698 -0.000842657573
v -0.00322815613 -0.0108320739 -0.000922257459
f 1918 1920 1919
v -0.00373436123 -0.0119555894 0.000978108437
v -0.00364205152 -0.0115004237 0.000385577641
v -0.00368551264 -0.0114629642 0.000839798304
f 1921 1923 1922
v -0.00373436123 -0.0119555894 0.000978108437
v -0.00380526471 -0.0121779492 0.0013482877
v -0.00365978485 -0.0123547463 0.000624030326
f 1924 1926 1925
v -0.00364205152 -0.0115004237 0.000385577641
v -0.00359825608 -0.0110283974 0.000549412607
v -0.00368551264 -0.0114629642 0.000839798304
f 1927 1929 1928
v -0.00256335679 -0.0119057084 -0.00104471437
v -0.00308407689 -0.0114739698 -0.000842657573
v -0.00304263158 -0.0119501441 -0.000717138209
f 1930 1932 1931
v -0.0024935207 -0.0123905644 -0.00109494595
v -0.00196861383 -0.0118511154 -0.00128632437
v -0.00256335679 -0.0119057084 -0.00104471437
f 1933 1935 1934
v -0.00196861383 -0.0118511154 -0.00128632437
v -0.00244391867 -0.0112825481 -0.00110023611
v -0.00256335679 -0.0119057084 -0.00104471437
f 1936 1938 1937
v -0.00216127901 -0.0122916739 -0.00125581264
v -0.00196861383 -0.0118511154 -0.00128632437
v -0.0024935207 -0.0123905644 -0.00109494595
f 1939 1941 1940
v -0.00342184612 -0.0124322614 -0.000455138252
v -0.00309625575 -0.0128427375 -0.000796308541
v -0.00304263158 -0.0119501441 -0.000717138209
f 1942 1944 1943
v -0.00361078746 -0.0116183292 -0.00060258526
v -0.00304263158 -0.0119501441 -0.000717138209
v -0.00308407689 -0.0114739698 -0.000842657573
f 1945 1947 1946
v -0.00369210684 -0.0134938251 -0.000308070685
v -0.00347598107 -0.0134668648 -0.000575362174
v -0.00350865012 -0.0130698609 -0.000563186768
f 1948 1950 1949
v -0.00386999091 -0.0182621152 -0.000617226306
v -0.00370067173 -0.0178243048 -0.000350936807
v -0.00361818165 -0.0180855743 0.000138415078
f 1951 1953 1952
v -0.00361818165 -0.0180855743 0.000138415078
v -0.00364579791 -0.0185709563 -0.00034627019
v -0.00386999091 -0.0182621152 -0.000617226306
f 1954 1956 1955
v -0.00348698413 -0.0185647077 0.00057746247
v -0.0032908938 -0.018821191 0.000875206388
v -0.00343375941 -0.0188180566 0.000382905046
f 1957 1959 1958
v -0.0032908938 -0.018821191 0.000875206388
v -0.00348698413 -0.0185647077 0.00057746247
v -0.00351116832 -0.0186818157 0.000910113067
f 1960 1962 1961
v -0.00351116832 -0.0186818157 0.000910113067
v -0.00348698413 -0.0185647077 0.00057746247
v -0.00359937621 -0.0178374816 0.00109728462
f 1963 1965 1964
v -0.00352003226 -0.0187407248 0.00126380364
v -0.00356899545 -0.0184216784 0.00150193819
v -0.0034080851 -0.0185720564 0.00170521398
f 1966 1968 1967
v -0.00352003226 -0.0187407248 0.00126380364
v -0.0034080851 -0.0185720564 0.00170521398
v -0.00310164578 -0.0188096921 0.00158516887
f 1969 1971 1970
v -0.00337091406 -0.0188921025 4.97166582e-05
v -0.0028876404 -0.0191074039 8.95386108e-05
v -0.00328500937 -0.0190615814 -4.80961319e-05
f 1972 1974 1973
v -0.00328500937 -0.0190615814 -4.80961319e-05
v -0.0028876404 -0.0191074039 8.95386108e-05
v -0.0031617441 -0.0191394342 -0.000267747964
f 1975 1977 1976
v -0.00328697279 -0.0188075865 -0.000640369944
v -0.002974583 -0.0188237886 -0.000860890941
v -0.00312013071 -0.0187557249 -0.000821349931
f 1978 1980 1979
v -0.00278711359 -0.0191030354 -0.000805235777
v -0.0031617441 -0.0191394342 -0.000267747964
v -0.00252582158 -0.0192380438 -0.000299117073
f 1981 1983 1982
v -0.00328500937 -0.0190615814 -4.80961319e-05
v -0.0031617441 -0.0191394342 -0.000267747964
v -0.00316283549 -0.0189671904 -0.000427011219
f 1984 1986 1985
v -0.0032908938 -0.018821191 0.000875206388
v -0.0028876404 -0.0191074039 8.95386108e-05
v -0.00343375941 -0.0188180566 0.000382905046
f 1987 1989 1988
v -0.0032908938 -0.018821191 0.000875206388
v -0.00250994217 -0.0192436215 0.00126893792
v -0.0028876404 -0.0191074039 8.95386108e-05
f 1990 1992 1991
v -0.00250994217 -0.0192436215 0.00126893792
v -0.00211307088 -0.0195257089 0.000917924808
v -0.00252582158 -0.0192380438 -0.000299117073
f 1993 1995 1994
v -0.0034080851 -0.0185720564 0.00170521398
v -0.00336695375 -0.0186821562 0.00199333681
v -0.00316523729 -0.0188707214 0.00208391612
f 1996 1998 1997
v -0.00336695375 -0.0186821562 0.00199333681
v -0.00296585331 -0.0186260178 0.00253387134
v -0.00316523729 -0.0188707214 0.00208391612
f 1999 2001 2000
v -0.0034080851 -0.0185720564 0.00170521398
v -0.00316523729 -0.0188707214 0.00208391612
v -0.00310164578 -0.0188096921 0.00158516887
f 2002 2004 2003
v -0.00250994217 -0.0192436215 0.00126893792
v -0.00176224985 -0.0197898655 0.00208793099
v -0.00211307088 -0.0195257089 0.000917924808
f 2005 2007 2006
v -0.00176224985 -0.0197898655 0.00208793099
v -0.00250994217 -0.0192436215 0.00126893792
v -0.00208675174 -0.019631855 0.00245329102
f 2008 2010 2009
v -0.00310164578 -0.0188096921 0.00158516887
v -0.00293967587 -0.0190551422 0.00220442016
v -0.00271899135 -0.0192226173 0.0022707738
f 2011 2013 2012
v -0.00250994217 -0.0192436215 0.00126893792
v -0.0024077568 -0.0193998596 0.00236465639
v -0.00208675174 -0.019631855 0.00245329102
f 2014 2016 2015
v -0.0021065378 -0.0190721665 0.00263416514
v -0.00170630683 -0.0198608192 0.00256217227
v -0.00208675174 -0.019631855 0.00245329102
f 2017 2019 2018
v -0.00208675174 -0.019631855 0.00245329102
v -0.0024077568 -0.0193998596 0.00236465639
v -0.0021065378 -0.0190721665 0.00263416514
f 2020 2022 2021
v -0.0021065378 -0.0190721665 0.00263416514
v -0.00138810747 -0.0192162188 0.00287787807
v -0.00170630683 -0.0198608192 0.00256217227
f 2023 2025 2024
v -0.0040297251 -0.0172347573 0.00168453553
v -0.00373155563 -0.017365902 0.00223880506
v -0.00390181158 -0.0175546491 0.00183827833
f 2026 2028 2027
v -0.00419642711 -0.0165367717 0.00159143492
v -0.0040674342 -0.0164892423 0.00207376761
v -0.00414512288 -0.0168453975 0.00180064653
f 2029 2031 2030
v -0.00414512288 -0.0168453975 0.00180064653
v -0.00387444124 -0.016898998 0.00136671242
v -0.00419642711 -0.0165367717 0.00159143492
f 2032 2034 2033
v -0.00414512288 -0.0168453975 0.00180064653
v -0.00373155563 -0.017365902 0.00223880506
v -0.0040297251 -0.0172347573 0.00168453553
f 2035 2037 2036
v -0.00414512288 -0.0168453975 0.00180064653
v -0.0040674342 -0.0164892423 0.00207376761
v -0.00370308844 -0.0167756807 0.00226029024
f 2038 2040 2039
v -0.0038141141 -0.0161639357 0.00225398217
v -0.00303036104 -0.016175535 0.0027055532
v -0.0040674342 -0.0164892423 0.00207376761
f 2041 2043 2042
v -0.0040674342 -0.0164892423 0.00207376761
v -0.00413479611 -0.016152348 0.0017789378
v -0.0038141141 -0.0161639357 0.00225398217
f 2044 2046 2045
v -0.00303036104 -0.016175535 0.0027055532
v -0.00370308844 -0.0167756807 0.00226029024
v -0.0040674342 -0.0164892423 0.00207376761
f 2047 2049 2048
v -0.00370067173 -0.0178243048 -0.000350936807
v -0.00339608669 -0.0171303152 -0.00054060929
v -0.00366537861 -0.0175902038 0.000137532913
f 2050 2052 2051
v -0.00361818165 -0.0180855743 0.000138415078
v -0.00370067173 -0.0178243048 -0.000350936807
v -0.00366537861 -0.0175902038 0.000137532913
f 2053 2055 2054
v -0.00360633967 -0.0174047964 0.000469485622
v -0.00360325575 -0.017295852 0.000889696548
v -0.00359937621 -0.0178374816 0.00109728462
f 2056 2058 2057
v -0.00373381117 -0.0179754163 0.00174532634
v -0.00359937621 -0.0178374816 0.00109728462
v -0.00373810326 -0.0176825473 0.00144574478
f 2059 2061 2060
v -0.00360325575 -0.017295852 0.000889696548
v -0.00378755794 -0.0172761283 0.00134088405
v -0.00359937621 -0.0178374816 0.00109728462
f 2062 2064 2063
v -0.00342990934 -0.016176654 0.000612147232
v -0.00357830177 -0.0166094804 0.000858319709
v -0.00360633967 -0.0174047964 0.000469485622
f 2065 2067 2066
v -0.00406790168 -0.0164041136 0.00146732855
v -0.00342990934 -0.016176654 0.000612147232
v -0.00374061819 -0.0156584618 0.00122135752
f 2068 2070 2069
v -0.00340122751 -0.0161689924 5.20542415e-05
v -0.00348306276 -0.0155464892 0.000527472184
v -0.00342990934 -0.016176654 0.000612147232
f 2071 2073 2072
v -0.00419642711 -0.0165367717 0.00159143492
v -0.00387444124 -0.016898998 0.00136671242
v -0.00406790168 -0.0164041136 0.00146732855
f 2074 2076 2075
v -0.00360325575 -0.017295852 0.000889696548
v -0.00361564489 -0.0168810526 0.00104292412
v -0.00378755794 -0.0172761283 0.00134088405
f 2077 2079 2078
v -0.00406790168 -0.0164041136 0.00146732855
v -0.00387444124 -0.016898998 0.00136671242
v -0.00361564489 -0.0168810526 0.00104292412
f 2080 2082 2081
v -0.00334202668 -0.0183365773 0.00234913441
v -0.00304532405 -0.0183233453 0.00262770081
v -0.00296585331 -0.0186260178 0.00253387134
f 2083 2085 2084
v -0.00304532405 -0.0183233453 0.00262770081
v -0.0027373022 -0.0182538453 0.00288972587
v -0.00296585331 -0.0186260178 0.00253387134
f 2086 2088 2087
v -0.00304532405 -0.0183233453 0.00262770081
v -0.00270712499 -0.0174619432 0.00305523063
v -0.0027373022 -0.0182538453 0.00288972587
f 2089 2091 2090
v -0.0027373022 -0.0182538453 0.00288972587
v -0.00236723699 -0.0184191624 0.00295172504
v -0.00296585331 -0.0186260178 0.00253387134
f 2092 2094 2093
v -0.00236723699 -0.0184191624 0.00295172504
v -0.00270712499 -0.0174619432 0.00305523063
v -0.00213429194 -0.0178131682 0.00312798729
f 2095 2097 2096
v -0.00270712499 -0.0174619432 0.00305523063
v -0.00236723699 -0.0184191624 0.00295172504
v -0.0027373022 -0.0182538453 0.00288972587
f 2098 2100 2099
v -0.00236723699 -0.0184191624 0.00295172504
v -0.0021065378 -0.0190721665 0.00263416514
v -0.0024077568 -0.0193998596 0.00236465639
f 2101 2103 2102
v -0.00213429194 -0.0178131682 0.00312798729
v -0.00193103169 -0.0186184538 0.0028790384
v -0.00236723699 -0.0184191624 0.00295172504
f 2104 2106 2105
v -0.00213429194 -0.0178131682 0.00312798729
v -0.00156157021 -0.0182244752 0.00299851217
v -0.00193103169 -0.0186184538 0.0028790384
f 2107 2109 2108
v -0.00331031988 -0.0171179679 0.00262967533
v -0.00270712499 -0.0174619432 0.00305523063
v -0.00373155563 -0.017365902 0.00223880506
f 2110 2112 2111
v -0.00331031988 -0.0171179679 0.00262967533
v -0.00289229083 -0.0168743922 0.00289799209
v -0.00270712499 -0.0174619432 0.00305523063
f 2113 2115 2114
v -0.00370308844 -0.0167756807 0.00226029024
v -0.00303036104 -0.016175535 0.0027055532
v -0.00289229083 -0.0168743922 0.00289799209
f 2116 2118 2117
v -0.00370308844 -0.0167756807 0.00226029024
v -0.00289229083 -0.0168743922 0.00289799209
v -0.00331031988 -0.0171179679 0.00262967533
f 2119 2121 2120
v -0.00213429194 -0.0178131682 0.00312798729
v -0.00061514952 -0.0174051514 0.00304351579
v -0.00156157021 -0.0182244752 0.00299851217
f 2122 2124 2123
v -0.0021440268 -0.0168988758 0.00310730975
v -0.00148608724 -0.0166731668 0.00307965493
v -0.00213429194 -0.0178131682 0.00312798729
f 2125 2127 2126
v -0.00148608724 -0.0166731668 0.00307965493
v -0.00061514952 -0.0174051514 0.00304351579
v -0.00213429194 -0.0178131682 0.00312798729
f 2128 2130 2129
v -0.00387444124 -0.016898998 0.00136671242
v -0.00414512288 -0.0168453975 0.00180064653
v -0.0040297251 -0.0172347573 0.00168453553
f 2131 2133 2132
v -0.00356853452 -0.0184010278 0.00201115035
v -0.00336695375 -0.0186821562 0.00199333681
v -0.00356899545 -0.0184216784 0.00150193819
f 2134 2136 2135
v -0.00390648456 -0.0156687078 0.00156197821
v -0.00389788438 -0.0153499801 0.00178726041
v -0.00393871778 -0.0156568392 0.00192950574
f 2137 2139 2138
v -0.0038141141 -0.0161639357 0.00225398217
v -0.00393871778 -0.0156568392 0.00192950574
v -0.00345738408 -0.0156292532 0.00247502485
f 2140 2142 2141
v -0.00393871778 -0.0156568392 0.00192950574
v -0.00389788438 -0.0153499801 0.00178726041
v -0.00372531686 -0.015286608 0.00218690329
f 2143 2145 2144
v -0.00389788438 -0.0153499801 0.00178726041
v -0.00374337251 -0.0147363331 0.00199169008
v -0.00372531686 -0.015286608 0.00218690329
f 2146 2148 2147
v -0.00393871778 -0.0156568392 0.00192950574
v -0.00372531686 -0.015286608 0.00218690329
v -0.00345738408 -0.0156292532 0.00247502485
f 2149 2151 2150
v -0.00368899928 -0.0139650336 0.000906224068
v -0.00417969895 -0.0138631935 0.00163401419
v -0.0039223145 -0.01436819 0.0014224147
f 2152 2154 2153
v -0.0039223145 -0.01436819 0.0014224147
v -0.00417969895 -0.0138631935 0.00163401419
v -0.00403903323 -0.0142216348 0.00177444999
f 2155 2157 2156
v -0.0039223145 -0.01436819 0.0014224147
v -0.00403903323 -0.0142216348 0.00177444999
v -0.00370013076 -0.0145011742 0.0020620173
f 2158 2160 2159
v -0.00374337251 -0.0147363331 0.00199169008
v -0.00363364015 -0.0146306324 0.00216843764
v -0.00372531686 -0.015286608 0.00218690329
f 2161 2163 2162
v -0.00370013076 -0.0145011742 0.0020620173
v -0.00370261187 -0.0145389073 0.00204737098
v -0.00369198133 -0.0145398939 0.00204370335
f 2164 2166 2165
v -0.00374337251 -0.0147363331 0.00199169008
v -0.00370013076 -0.0145011742 0.0020620173
v -0.00369198133 -0.0145398939 0.00204370335
f 2167 2169 2168
v -0.00370261187 -0.0145389073 0.00204737098
v -0.00374337251 -0.0147363331 0.00199169008
v -0.00369198133 -0.0145398939 0.00204370335
f 2170 2172 2171
v -0.00363364015 -0.0146306324 0.00216843764
v -0.00374337251 -0.0147363331 0.00199169008
v -0.00370261187 -0.0145389073 0.00204737098
f 2173 2175 2174
v -0.00370013076 -0.0145011742 0.0020620173
v -0.00403903323 -0.0142216348 0.00177444999
v -0.00340722618 -0.0142116623 0.00234472554
f 2176 2178 2177
v -0.00370013076 -0.0145011742 0.0020620173
v -0.00340722618 -0.0142116623 0.00234472554
v -0.00364366788 -0.0144638703 0.00209166374
f 2179 2181 2180
v -0.00381668833 -0.0148854175 0.0015350186
v -0.00370013076 -0.0145011742 0.0020620173
v -0.00374337251 -0.0147363331 0.00199169008
f 2182 2184 2183
v -0.00381668833 -0.0148854175 0.0015350186
v -0.00374337251 -0.0147363331 0.00199169008
v -0.00389788438 -0.0153499801 0.00178726041
f 2185 2187 2186
v -0.00390648456 -0.0156687078 0.00156197821
v -0.00406790168 -0.0164041136 0.00146732855
v -0.00374061819 -0.0156584618 0.00122135752
f 2188 2190 2189
v -0.00389788438 -0.0153499801 0.00178726041
v -0.00390648456 -0.0156687078 0.00156197821
v -0.00374061819 -0.0156584618 0.00122135752
f 2191 2193 2192
v -0.00374061819 -0.0156584618 0.00122135752
v -0.00342990934 -0.016176654 0.000612147232
v -0.00367125976 -0.0149402811 0.000985022416
f 2194 2196 2195
v -0.00345738408 -0.0156292532 0.00247502485
v -0.00372531686 -0.015286608 0.00218690329
v -0.00286348695 -0.0150962194 0.00300663123
f 2197 2199 2198
v -0.00367125976 -0.0149402811 0.000985022416
v -0.00368899928 -0.0139650336 0.000906224068
v -0.0039223145 -0.01436819 0.0014224147
f 2200 2202 2201
v -0.00286348695 -0.0150962194 0.00300663123
v -0.00363364015 -0.0146306324 0.00216843764
v -0.0029103252 -0.0143769081 0.00298090035
f 2203 2205 2204
v -0.00363364015 -0.0146306324 0.00216843764
v -0.00340722618 -0.0142116623 0.00234472554
v -0.0029103252 -0.0143769081 0.00298090035
f 2206 2208 2207
v -0.00340722618 -0.0142116623 0.00234472554
v -0.00290950247 -0.0140626871 0.002819988
v -0.0029103252 -0.0143769081 0.00298090035
f 2209 2211 2210
v -0.00372531686 -0.015286608 0.00218690329
v -0.00363364015 -0.0146306324 0.00216843764
v -0.00286348695 -0.0150962194 0.00300663123
f 2212 2214 2213
v -0.00406790168 -0.0164041136 0.00146732855
v -0.00390648456 -0.0156687078 0.00156197821
v -0.00413479611 -0.016152348 0.0017789378
f 2215 2217 2216
v -0.00303036104 -0.016175535 0.0027055532
v -0.00247325188 -0.0162006443 0.00289999716
v -0.00289229083 -0.0168743922 0.00289799209
f 2218 2220 2219
v -0.00247325188 -0.0162006443 0.00289999716
v -0.0021440268 -0.0168988758 0.00310730975
v -0.00289229083 -0.0168743922 0.00289799209
f 2221 2223 2222
v -0.00345738408 -0.0156292532 0.00247502485
v -0.00286348695 -0.0150962194 0.00300663123
v -0.00303036104 -0.016175535 0.0027055532
f 2224 2226 2225
v -0.00269303291 -0.0155212867 0.00291632277
v -0.00223637635 -0.0155696442 0.0029861636
v -0.00303036104 -0.016175535 0.0027055532
f 2227 2229 2228
v -0.00223637635 -0.0155696442 0.0029861636
v -0.0018413024 -0.0164078359 0.00303449051
v -0.00247325188 -0.0162006443 0.00289999716
f 2230 2232 2231
v -0.00223637635 -0.0155696442 0.0029861636
v -0.00129906457 -0.0153390793 0.00315109683
v -0.0018413024 -0.0164078359 0.00303449051
f 2233 2235 2234
v -0.00129906457 -0.0153390793 0.00315109683
v -0.000969675239 -0.0158516443 0.0030785799
v -0.00148608724 -0.0166731668 0.00307965493
f 2236 2238 2237
v -0.0029103252 -0.0143769081 0.00298090035
v -0.00269665197 -0.0147512721 0.0031135005
v -0.00286348695 -0.0150962194 0.00300663123
f 2239 2241 2240
v -0.00269665197 -0.0147512721 0.0031135005
v -0.00185727185 -0.0146930339 0.00305365975
v -0.00223637635 -0.0155696442 0.0029861636
f 2242 2244 2243
v -0.00269665197 -0.0147512721 0.0031135005
v -0.00223637635 -0.0155696442 0.0029861636
v -0.00269303291 -0.0155212867 0.00291632277
f 2245 2247 2246
v -0.00248059769 -0.0143242942 0.00307505907
v -0.00218088699 -0.0137351191 0.00306875627
v -0.00269665197 -0.0147512721 0.0031135005
f 2248 2250 2249
v -0.0029103252 -0.0143769081 0.00298090035
v -0.00248059769 -0.0143242942 0.00307505907
v -0.00269665197 -0.0147512721 0.0031135005
f 2251 2253 2252
v -0.00185727185 -0.0146930339 0.00305365975
v -0.00129906457 -0.0153390793 0.00315109683
v -0.00223637635 -0.0155696442 0.0029861636
f 2254 2256 2255
v -0.00185727185 -0.0146930339 0.00305365975
v -0.000794512289 -0.0143392899 0.00297531515
v -0.00129906457 -0.0153390793 0.00315109683
f 2257 2259 2258
v -0.00269665197 -0.0147512721 0.0031135005
v -0.00218088699 -0.0137351191 0.00306875627
v -0.00185727185 -0.0146930339 0.00305365975
f 2260 2262 2261
v -0.00389966808 -0.0132530215 0.00131990573
v -0.00405492137 -0.013441495 0.00183087577
v -0.00417969895 -0.0138631935 0.00163401419
f 2263 2265 2264
v -0.00405492137 -0.013441495 0.00183087577
v -0.00385395469 -0.0132192887 0.00201022194
v -0.00367336543 -0.01344841 0.00219493886
f 2266 2268 2267
v -0.00405492137 -0.013441495 0.00183087577
v -0.00367336543 -0.01344841 0.00219493886
v -0.00390294335 -0.013760732 0.00208820729
f 2269 2271 2270
v -0.00405492137 -0.013441495 0.00183087577
v -0.00379880184 -0.012969278 0.00190679493
v -0.00385395469 -0.0132192887 0.00201022194
f 2272 2274 2273
v -0.00389966808 -0.0132530215 0.00131990573
v -0.00370528724 -0.0128089465 0.000911789812
v -0.00383962943 -0.012636224 0.00140140655
f 2275 2277 2276
v -0.00379880184 -0.012969278 0.00190679493
v -0.00329853538 -0.0130487431 0.00232557086
v -0.00367336543 -0.01344841 0.00219493886
f 2278 2280 2279
v -0.00385395469 -0.0132192887 0.00201022194
v -0.00379880184 -0.012969278 0.00190679493
v -0.00367336543 -0.01344841 0.00219493886
f 2281 2283 2282
v -0.00389966808 -0.0132530215 0.00131990573
v -0.00379880184 -0.012969278 0.00190679493
v -0.00405492137 -0.013441495 0.00183087577
f 2284 2286 2285
v -0.00367336543 -0.01344841 0.00219493886
v -0.00340722618 -0.0142116623 0.00234472554
v -0.00390294335 -0.013760732 0.00208820729
f 2287 2289 2288
v -0.00380526471 -0.0121779492 0.0013482877
v -0.00374878691 -0.0122574158 0.00174196575
v -0.00383962943 -0.012636224 0.00140140655
f 2290 2292 2291
v -0.00374878691 -0.0122574158 0.00174196575
v -0.00367879511 -0.0120711273 0.00186705329
v -0.00338798454 -0.0122023899 0.00236324122
f 2293 2295 2294
v -0.00374878691 -0.0122574158 0.00174196575
v -0.00338798454 -0.0122023899 0.00236324122
v -0.00359270671 -0.0126069222 0.00212367049
f 2296 2298 2297
v -0.00369026347 -0.0120826509 0.00183392694
v -0.00369201698 -0.0120825134 0.00183453194
v -0.00380526471 -0.0121779492 0.0013482877
f 2299 2301 2300
v -0.00374878691 -0.0122574158 0.00174196575
v -0.00369026347 -0.0120826509 0.00183392694
v -0.00367879511 -0.0120711273 0.00186705329
f 2302 2304 2303
v -0.00360113991 -0.0118508528 0.00201744224
v -0.00313720484 -0.011732275 0.0026029802
v -0.00338798454 -0.0122023899 0.00236324122
f 2305 2307 2306
v -0.00380526471 -0.0121779492 0.0013482877
v -0.00369201698 -0.0120825134 0.00183453194
v -0.00374878691 -0.0122574158 0.00174196575
f 2308 2310 2309
v -0.00359270671 -0.0126069222 0.00212367049
v -0.00329853538 -0.0130487431 0.00232557086
v -0.00379880184 -0.012969278 0.00190679493
f 2311 2313 2312
v -0.00367336543 -0.01344841 0.00219493886
v -0.00329853538 -0.0130487431 0.00232557086
v -0.00325295623 -0.0136942414 0.00242111619
f 2314 2316 2315
v -0.00325295623 -0.0136942414 0.00242111619
v -0.00235155912 -0.0133303838 0.0029160823
v -0.00290950247 -0.0140626871 0.002819988
f 2317 2319 2318
v -0.00325295623 -0.0136942414 0.00242111619
v -0.00329853538 -0.0130487431 0.00232557086
v -0.00227921646 -0.0128496336 0.00288977808
f 2320 2322 2321
v -0.00227921646 -0.0128496336 0.00288977808
v -0.00197156296 -0.0130937129 0.00296260732
v -0.00235155912 -0.0133303838 0.0029160823
f 2323 2325 2324
v -0.00284999005 -0.0123842256 0.00268365911
v -0.00230697533 -0.0123114034 0.00285883234
v -0.00227921646 -0.0128496336 0.00288977808
f 2326 2328 2327
v -0.00230697533 -0.0123114034 0.00285883234
v -0.0016493681 -0.011750601 0.00283914324
v -0.00197156296 -0.0130937129 0.00296260732
f 2329 2331 2330
v -0.00235155912 -0.0133303838 0.0029160823
v -0.00197156296 -0.0130937129 0.00296260732
v -0.00218088699 -0.0137351191 0.00306875627
f 2332 2334 2333
v -0.00235155912 -0.0133303838 0.0029160823
v -0.00218088699 -0.0137351191 0.00306875627
v -0.00248059769 -0.0143242942 0.00307505907
f 2335 2337 2336
v -0.0013714789 -0.0140098462 0.00302357803
v -0.000911992083 -0.0137314899 0.00309322531
v -0.000794512289 -0.0143392899 0.00297531515
f 2338 2340 2339
v -0.0013714789 -0.0140098462 0.00302357803
v -0.0014815183 -0.0132891102 0.00298803243
v -0.000911992083 -0.0137314899 0.00309322531
f 2341 2343 2342
v -0.0016493681 -0.011750601 0.00283914324
v -0.0014815183 -0.0132891102 0.00298803243
v -0.00197156296 -0.0130937129 0.00296260732
f 2344 2346 2345
v -0.0014815183 -0.0132891102 0.00298803243
v -0.000825415646 -0.0126485727 0.00310418909
v -0.000958251167 -0.0130235334 0.00310182077
f 2347 2349 2348
v -0.0014815183 -0.0132891102 0.00298803243
v -0.00103824468 -0.0122524099 0.00299422845
v -0.000825415646 -0.0126485727 0.00310418909
f 2350 2352 2351
v -0.0016493681 -0.011750601 0.00283914324
v -0.00103824468 -0.0122524099 0.00299422845
v -0.0014815183 -0.0132891102 0.00298803243
f 2353 2355 2354
v -0.00197156296 -0.0130937129 0.00296260732
v -0.0014815183 -0.0132891102 0.00298803243
v -0.00218088699 -0.0137351191 0.00306875627
f 2356 2358 2357
v -0.00340722618 -0.0142116623 0.00234472554
v -0.00367336543 -0.01344841 0.00219493886
v -0.00325295623 -0.0136942414 0.00242111619
f 2359 2361 2360
v -0.00338798454 -0.0122023899 0.00236324122
v -0.00284999005 -0.0123842256 0.00268365911
v -0.00359270671 -0.0126069222 0.00212367049
f 2362 2364 2363
v -0.0021440268 -0.0168988758 0.00310730975
v -0.0018413024 -0.0164078359 0.00303449051
v -0.00148608724 -0.0166731668 0.00307965493
f 2365 2367 2366
v -0.00260469296 -0.0188204547 -0.00127808162
v -0.00278711359 -0.0191030354 -0.000805235777
v -0.00238473913 -0.0190337509 -0.00115449457
f 2368 2370 2369
v -0.00238473913 -0.0190337509 -0.00115449457
v -0.00212993127 -0.0189657541 -0.00124681537
v -0.00244570401 -0.0187587386 -0.00124666476
f 2371 2373 2372
v -0.00260469296 -0.0188204547 -0.00127808162
v -0.00238473913 -0.0190337509 -0.00115449457
v -0.00244570401 -0.0187587386 -0.00124666476
f 2374 2376 2375
v -0.00212993127 -0.0189657541 -0.00124681537
v -0.00191451163 -0.0186785939 -0.00128858082
v -0.00251504061 -0.0184911769 -0.00132667155
f 2377 2379 2378
v -0.00208828169 -0.0184634118 -0.00138584237
v -0.00251504061 -0.0184911769 -0.00132667155
v -0.00191451163 -0.0186785939 -0.00128858082
f 2380 2382 2381
v -0.00208828169 -0.0184634118 -0.00138584237
v -0.00191451163 -0.0186785939 -0.00128858082
v -0.00187547175 -0.0180382267 -0.0013500694
f 2383 2385 2384
v -0.00243961258 -0.0178118367 -0.00129257915
v -0.00205511533 -0.0175369423 -0.00135623686
v -0.0024941779 -0.0171934997 -0.00126117247
f 2386 2388 2387
v -0.0011272291 -0.018150649 -0.0012573757
v -0.00149569341 -0.0173225475 -0.00137792085
v -0.00187547175 -0.0180382267 -0.0013500694
f 2389 2391 2390
v -0.0011272291 -0.018150649 -0.0012573757
v -0.000801032274 -0.0171696549 -0.00129773071
v -0.00149569341 -0.0173225475 -0.00137792085
f 2392 2394 2393
v -0.0011272291 -0.018150649 -0.0012573757
v -0.00047384292 -0.017823909 -0.0011634007
v -0.000801032274 -0.0171696549 -0.00129773071
f 2395 2397 2396
v -0.00047384292 -0.017823909 -0.0011634007
v -0.00036140641 -0.0167159931 -0.00127585317
v -0.000801032274 -0.0171696549 -0.00129773071
f 2398 2400 2399
v -0.00241015605 -0.0165205551 -0.00127265885
v -0.00186538418 -0.0161954638 -0.00142121808
v -0.0023106466 -0.016041573 -0.00133743888
f 2401 2403 2402
v -0.00252438294 -0.0158181952 -0.00125275656
v -0.0023106466 -0.016041573 -0.00133743888
v -0.00170417134 -0.015697231 -0.00149021525
f 2404 2406 2405
v -0.00186538418 -0.0161954638 -0.00142121808
v -0.00149880998 -0.0159789503 -0.0014640018
v -0.00170417134 -0.015697231 -0.00149021525
f 2407 2409 2408
v -0.00241015605 -0.0165205551 -0.00127265885
v -0.0023106466 -0.016041573 -0.00133743888
v -0.00252438294 -0.0158181952 -0.00125275656
f 2410 2412 2411
v -0.00168723163 -0.0166141312 -0.00139651074
v -0.00186538418 -0.0161954638 -0.00142121808
v -0.00241015605 -0.0165205551 -0.00127265885
f 2413 2415 2414
v -0.00149569341 -0.0173225475 -0.00137792085
v -0.00114510158 -0.0164155004 -0.00136189865
v -0.00168723163 -0.0166141312 -0.00139651074
f 2416 2418 2417
v -0.000801032274 -0.0171696549 -0.00129773071
v -0.00114510158 -0.0164155004 -0.00136189865
v -0.00149569341 -0.0173225475 -0.00137792085
f 2419 2421 2420
v -0.00114510158 -0.0164155004 -0.00136189865
v -0.00036140641 -0.0167159931 -0.00127585317
v -0.000703355408 -0.0163905221 -0.00128831343
f 2422 2424 2423
v -0.00186538418 -0.0161954638 -0.00142121808
v -0.00114510158 -0.0164155004 -0.00136189865
v -0.00149880998 -0.0159789503 -0.0014640018
f 2425 2427 2426
v -0.00114510158 -0.0164155004 -0.00136189865
v -0.000973255919 -0.0156266775 -0.00143561374
v -0.00149880998 -0.0159789503 -0.0014640018
f 2428 2430 2429
v -0.00114510158 -0.0164155004 -0.00136189865
v -0.000671714042 -0.0160631738 -0.00132733257
v -0.000973255919 -0.0156266775 -0.00143561374
f 2431 2433 2432
v -0.00036140641 -0.0167159931 -0.00127585317
v -6.96094844e-05 -0.0158805793 -0.00118412463
v -0.000671714042 -0.0160631738 -0.00132733257
f 2434 2436 2435
v -0.00036140641 -0.0167159931 -0.00127585317
v -1.31218997e-05 -0.0166885889 -0.00123628051
v -6.96094844e-05 -0.0158805793 -0.00118412463
f 2437 2439 2438
v -0.00187315018 -0.0146078484 -0.00129764685
v -0.00196648562 -0.0152895242 -0.00138708238
v -0.00111449881 -0.0150187523 -0.00139354488
f 2440 2442 2441
v -0.00170417134 -0.015697231 -0.00149021525
v -0.00111449881 -0.0150187523 -0.00139354488
v -0.00196648562 -0.0152895242 -0.00138708238
f 2443 2445 2444
v -0.00149880998 -0.0159789503 -0.0014640018
v -0.000973255919 -0.0156266775 -0.00143561374
v -0.00170417134 -0.015697231 -0.00149021525
f 2446 2448 2447
v -0.000973255919 -0.0156266775 -0.00143561374
v -0.00111449881 -0.0150187523 -0.00139354488
v -0.00170417134 -0.015697231 -0.00149021525
f 2449 2451 2450
v -0.000746126216 -0.0151943459 -0.00136158706
v -0.00111449881 -0.0150187523 -0.00139354488
v -0.000973255919 -0.0156266775 -0.00143561374
f 2452 2454 2453
v -0.000671714042 -0.0160631738 -0.00132733257
v -0.000746126216 -0.0151943459 -0.00136158706
v -0.000973255919 -0.0156266775 -0.00143561374
f 2455 2457 2456
v -6.96094844e-05 -0.0158805793 -0.00118412463
v -0.000746126216 -0.0151943459 -0.00136158706
v -0.000671714042 -0.0160631738 -0.00132733257
f 2458 2460 2459
v -0.00240094105 -0.0133423178 -0.00114550166
v -0.00245941774 -0.0138216579 -0.0010981008
v -0.00204122334 -0.0132432659 -0.0012329836
f 2461 2463 2462
v -0.000875067144 -0.0143562982 -0.00134123857
v -0.000406487288 -0.0137977375 -0.00118995977
v -0.000855708549 -0.0137939875 -0.00136580038
f 2464 2466 2465
v -0.00187315018 -0.0146078484 -0.00129764685
v -0.00111449881 -0.0150187523 -0.00139354488
v -0.000875067144 -0.0143562982 -0.00134123857
f 2467 2469 2468
v 0.000131235811 -0.0156658032 -0.00105596446
v 0.000245755518 -0.0144787176 -0.000851153163
v -3.12159216e-05 -0.0147395142 -0.00105159888
f 2470 2472 2471
v -0.00204122334 -0.0132432659 -0.0012329836
v -0.00190244627 -0.0126482657 -0.00124515191
v -0.00240094105 -0.0133423178 -0.00114550166
f 2473 2475 2474
v -0.00153309829 -0.0126820523 -0.00123741847
v -0.00134848524 -0.0122614772 -0.00127488256
v -0.00190244627 -0.0126482657 -0.00124515191
f 2476 2478 2477
v -0.00029807386 -0.0130187531 -0.00127872117
v -0.000599781833 -0.0124785511 -0.00140181837
v -0.000938784979 -0.0133007372 -0.0014081359
f 2479 2481 2480
v -0.000938784979 -0.0133007372 -0.0014081359
v -0.000599781833 -0.0124785511 -0.00140181837
v -0.00153309829 -0.0126820523 -0.00123741847
f 2482 2484 2483
v -0.00029807386 -0.0130187531 -0.00127872117
v -0.000138531925 -0.0127302628 -0.00119626893
v -0.000599781833 -0.0124785511 -0.00140181837
f 2485 2487 2486
v 0.000309841835 -0.0128631669 -0.00077269051
v -0.00029807386 -0.0130187531 -0.00127872117
v -0.000406487288 -0.0137977375 -0.00118995977
f 2488 2490 2489
v -0.00216127901 -0.0122916739 -0.00125581264
v -0.00190244627 -0.0126482657 -0.00124515191
v -0.00196861383 -0.0118511154 -0.00128632437
f 2491 2493 2492
v -0.00191693907 -0.0113566348 -0.0012701521
v -0.00196861383 -0.0118511154 -0.00128632437
v -0.00140260881 -0.0114070688 -0.00128608444
f 2494 2496 2495
v -0.00196861383 -0.0118511154 -0.00128632437
v -0.00134848524 -0.0122614772 -0.00127488256
v -0.00140260881 -0.0114070688 -0.00128608444
f 2497 2499 2498
v -0.00060849984 -0.0118053824 -0.0013259636
v -0.000599781833 -0.0124785511 -0.00140181837
v -0.000454506835 -0.0120567958 -0.00139353106
f 2500 2502 2501
v -0.00134848524 -0.0122614772 -0.00127488256
v -0.000599781833 -0.0124785511 -0.00140181837
v -0.00060849984 -0.0118053824 -0.0013259636
f 2503 2505 2504
v -0.000454506835 -0.0120567958 -0.00139353106
v -0.000212694795 -0.0120607918 -0.00127686908
v -0.00060849984 -0.0118053824 -0.0013259636
f 2506 2508 2507
v -0.00134848524 -0.0122614772 -0.00127488256
v -0.00060849984 -0.0118053824 -0.0013259636
v -0.00140260881 -0.0114070688 -0.00128608444
f 2509 2511 2510
v 0.000495816721 -0.0115184557 -0.000546334741
v 0.000309841835 -0.0128631669 -0.00077269051
v 0.000732153012 -0.013234865 -0.000213826479
f 2512 2514 2513
v -0.00193116775 -0.0191240368 -0.0011165921
v -0.00238473913 -0.0190337509 -0.00115449457
v -0.00202515675 -0.0191359373 -0.000844942042
f 2515 2517 2516
v -0.00238473913 -0.0190337509 -0.00115449457
v -0.00278711359 -0.0191030354 -0.000805235777
v -0.00202515675 -0.0191359373 -0.000844942042
f 2518 2520 2519
v -0.00252582158 -0.0192380438 -0.000299117073
v -0.00211307088 -0.0195257089 0.000917924808
v -0.00140666089 -0.0192170162 -0.000491734772
f 2521 2523 2522
v -0.00140666089 -0.0192170162 -0.000491734772
v -0.0010199029 -0.0189834129 -0.000937092591
v -0.00134428692 -0.0190569393 -0.00112237431
f 2524 2526 2525
v -0.00116237989 -0.0190298189 -0.00112001126
v -0.00101203541 -0.0188979437 -0.00111871977
v -0.00134428692 -0.0190569393 -0.00112237431
f 2527 2529 2528
v -0.0010199029 -0.0189834129 -0.000937092591
v -0.00101203541 -0.0188979437 -0.00111871977
v -0.00116237989 -0.0190298189 -0.00112001126
f 2530 2532 2531
v -0.000636047844 -0.0189708458 -0.0010416461
v -0.00101203541 -0.0188979437 -0.00111871977
v -0.0010199029 -0.0189834129 -0.000937092591
f 2533 2535 2534
v -0.00140666089 -0.0192170162 -0.000491734772
v -0.00080639993 -0.0191638028 -0.000348604135
v -0.0010199029 -0.0189834129 -0.000937092591
f 2536 2538 2537
v -0.00101203541 -0.0188979437 -0.00111871977
v -0.000636047844 -0.0189708458 -0.0010416461
v -0.000641017959 -0.0186383972 -0.00111343306
f 2539 2541 2540
v -0.000636047844 -0.0189708458 -0.0010416461
v -0.0010199029 -0.0189834129 -0.000937092591
v -0.00080639993 -0.0191638028 -0.000348604135
f 2542 2544 2543
v -0.000636047844 -0.0189708458 -0.0010416461
v -0.000345490298 -0.018952071 -0.000976862793
v -0.000473347745 -0.0190034625 -0.00102958165
f 2545 2547 2546
v -0.000636047844 -0.0189708458 -0.0010416461
v -0.00080639993 -0.0191638028 -0.000348604135
v -0.000345490298 -0.018952071 -0.000976862793
f 2548 2550 2549
v -0.00080639993 -0.0191638028 -0.000348604135
v -4.27615191e-05 -0.0191428684 -4.83129099e-05
v -0.00019709023 -0.0190315652 -0.000536132575
f 2551 2553 2552
v -0.00176224985 -0.0197898655 0.00208793099
v -0.0013240413 -0.0197072339 0.00204193566
v -0.00211307088 -0.0195257089 0.000917924808
f 2554 2556 2555
v -0.00211307088 -0.0195257089 0.000917924808
v -0.0013240413 -0.0197072339 0.00204193566
v -0.000633610671 -0.0195514847 0.00189680759
f 2557 2559 2558
v -0.00176224985 -0.0197898655 0.00208793099
v -0.00136463877 -0.0199569389 0.00246003674
v -0.0013240413 -0.0197072339 0.00204193566
f 2560 2562 2561
v -0.00170630683 -0.0198608192 0.00256217227
v -0.00129945292 -0.019830653 0.00253988346
v -0.00136463877 -0.0199569389 0.00246003674
f 2563 2565 2564
v -0.0013240413 -0.0197072339 0.00204193566
v -0.00136463877 -0.0199569389 0.00246003674
v -0.00129945292 -0.019830653 0.00253988346
f 2566 2568 2567
v -0.0013240413 -0.0197072339 0.00204193566
v -0.00101691467 -0.0195966786 0.00254762726
v -0.000633610671 -0.0195514847 0.00189680759
f 2569 2571 2570
v -0.000633610671 -0.0195514847 0.00189680759
v -0.00101691467 -0.0195966786 0.00254762726
v -0.000691681362 -0.0195887289 0.00241443377
f 2572 2574 2573
v -0.00101691467 -0.0195966786 0.00254762726
v -0.000629073656 -0.0185188343 0.00293458234
v -0.000691681362 -0.0195887289 0.00241443377
f 2575 2577 2576
v -0.00138810747 -0.0192162188 0.00287787807
v -0.00101691467 -0.0195966786 0.00254762726
v -0.00129945292 -0.019830653 0.00253988346
f 2578 2580 2579
v -0.00211307088 -0.0195257089 0.000917924808
v -0.000633610671 -0.0195514847 0.00189680759
v -0.00080639993 -0.0191638028 -0.000348604135
f 2581 2583 2582
v -0.00080639993 -0.0191638028 -0.000348604135
v -0.000633610671 -0.0195514847 0.00189680759
v 0.00012913049 -0.0195237546 0.00173637491
f 2584 2586 2585
v -0.00037485313 -0.019594784 0.00218812002
v -6.6996158e-06 -0.0195774861 0.00183416323
v -0.000633610671 -0.0195514847 0.00189680759
f 2587 2589 2588
v -0.000691681362 -0.0195887289 0.00241443377
v 0.000116610727 -0.018414369 0.00254221941
v -0.00037485313 -0.019594784 0.00218812002
f 2590 2592 2591
v -0.00037485313 -0.019594784 0.00218812002
v 0.000116610727 -0.018414369 0.00254221941
v -6.6996158e-06 -0.0195774861 0.00183416323
f 2593 2595 2594
v 0.000116610727 -0.018414369 0.00254221941
v 0.00012913049 -0.0195237546 0.00173637491
v -6.6996158e-06 -0.0195774861 0.00183416323
f 2596 2598 2597
v -0.000345490298 -0.018952071 -0.000976862793
v -0.000196100564 -0.0187980739 -0.000920384264
v -0.000473347745 -0.0190034625 -0.00102958165
f 2599 2601 2600
v -0.00019709023 -0.0190315652 -0.000536132575
v 0.000160100456 -0.0187718106 -0.000654186624
v -0.000196100564 -0.0187980739 -0.000920384264
f 2602 2604 2603
v 0.000160100456 -0.0187718106 -0.000654186624
v 0.000324155462 -0.0179501149 -0.000701924364
v -0.000196100564 -0.0187980739 -0.000920384264
f 2605 2607 2606
v -0.000196100564 -0.0187980739 -0.000920384264
v -0.00047384292 -0.017823909 -0.0011634007
v -0.000473347745 -0.0190034625 -0.00102958165
f 2608 2610 2609
v -4.27615191e-05 -0.0191428684 -4.83129099e-05
v 0.000435182847 -0.0192654261 -2.15239282e-05
v -0.00019709023 -0.0190315652 -0.000536132575
f 2611 2613 2612
v -0.00019709023 -0.0190315652 -0.000536132575
v 0.000332425884 -0.0190478371 -0.000349097809
v 0.000160100456 -0.0187718106 -0.000654186624
f 2614 2616 2615
v 0.000563751701 -0.0189339567 0.000370801831
v 0.000669381916 -0.0185527591 0.00016265775
v 0.000435182847 -0.0192654261 -2.15239282e-05
f 2617 2619 2618
v 0.000435182847 -0.0192654261 -2.15239282e-05
v 0.000669381916 -0.0185527591 0.00016265775
v 0.000332425884 -0.0190478371 -0.000349097809
f 2620 2622 2621
v -4.27615191e-05 -0.0191428684 -4.83129099e-05
v 0.000269027964 -0.0191461731 0.000137712721
v 0.000435182847 -0.0192654261 -2.15239282e-05
f 2623 2625 2624
v 0.000563751701 -0.0189339567 0.000370801831
v 0.000369879785 -0.019064857 0.000424257814
v 0.000504121454 -0.0192063337 0.00091242764
f 2626 2628 2627
v 0.000406508298 -0.0193761894 0.00125054812
v 0.000573045736 -0.0186661346 0.00173320113
v 0.000713582267 -0.0185528857 0.00116737046
f 2629 2631 2630
v -0.00047384292 -0.017823909 -0.0011634007
v -0.0011272291 -0.018150649 -0.0012573757
v -0.000641017959 -0.0186383972 -0.00111343306
f 2632 2634 2633
v -0.000629073656 -0.0185188343 0.00293458234
v -0.000208626034 -0.0182968026 0.00283391564
v -0.000691681362 -0.0195887289 0.00241443377
f 2635 2637 2636
v -0.00156157021 -0.0182244752 0.00299851217
v -0.00061514952 -0.0174051514 0.00304351579
v -0.000629073656 -0.0185188343 0.00293458234
f 2638 2640 2639
v -0.000349890024 -0.0176741029 0.00295507471
v -0.000208626034 -0.0182968026 0.00283391564
v -0.000629073656 -0.0185188343 0.00293458234
f 2641 2643 2642
v 0.000116610727 -0.018414369 0.00254221941
v 0.000488571459 -0.0183134936 0.00214312386
v 0.00012913049 -0.0195237546 0.00173637491
f 2644 2646 2645
v -0.000208626034 -0.0182968026 0.00283391564
v 0.000192788048 -0.0177567897 0.00265003364
v 0.000116610727 -0.018414369 0.00254221941
f 2647 2649 2648
v 0.000691069681 -0.0183182652 0.00166592199
v 0.000573045736 -0.0186661346 0.00173320113
v 0.000488571459 -0.0183134936 0.00214312386
f 2650 2652 2651
v -0.00061514952 -0.0174051514 0.00304351579
v -0.000349890024 -0.0176741029 0.00295507471
v -0.000629073656 -0.0185188343 0.00293458234
f 2653 2655 2654
v -0.000349890024 -0.0176741029 0.00295507471
v -0.00061514952 -0.0174051514 0.00304351579
v -8.78662192e-06 -0.017134237 0.00291853521
f 2656 2658 2657
v -0.00061514952 -0.0174051514 0.00304351579
v -0.000418574336 -0.0166596001 0.00306681832
v -8.78662192e-06 -0.017134237 0.00291853521
f 2659 2661 2660
v -8.78662192e-06 -0.017134237 0.00291853521
v 0.00070476699 -0.0171167063 0.00231917402
v 0.000192788048 -0.0177567897 0.00265003364
f 2662 2664 2663
v 0.000953962808 -0.016780851 0.00200523082
v 0.000875834758 -0.0171010644 0.00215642431
v 0.00070476699 -0.0171167063 0.00231917402
f 2665 2667 2666
v -0.000349890024 -0.0176741029 0.00295507471
v 0.000192788048 -0.0177567897 0.00265003364
v -0.000208626034 -0.0182968026 0.00283391564
f 2668 2670 2669
v -0.000349890024 -0.0176741029 0.00295507471
v -8.78662192e-06 -0.017134237 0.00291853521
v 0.000192788048 -0.0177567897 0.00265003364
f 2671 2673 2672
v 0.000324155462 -0.0179501149 -0.000701924364
v -5.86229874e-05 -0.0177725728 -0.00099653389
v -0.000196100564 -0.0187980739 -0.000920384264
f 2674 2676 2675
v -5.86229874e-05 -0.0177725728 -0.00099653389
v 0.000324155462 -0.0179501149 -0.000701924364
v 8.88262889e-05 -0.0168431347 -0.00112191756
f 2677 2679 2678
v 0.000332425884 -0.0190478371 -0.000349097809
v 0.000636312689 -0.0174781395 -0.000527008888
v 0.000324155462 -0.0179501149 -0.000701924364
f 2680 2682 2681
v 0.000332425884 -0.0190478371 -0.000349097809
v 0.000669381916 -0.0185527591 0.00016265775
v 0.000881506639 -0.0173868335 -0.000189777359
f 2683 2685 2684
v 0.000324155462 -0.0179501149 -0.000701924364
v 0.000636312689 -0.0174781395 -0.000527008888
v 8.88262889e-05 -0.0168431347 -0.00112191756
f 2686 2688 2687
v 0.000636312689 -0.0174781395 -0.000527008888
v 0.000881506639 -0.0173868335 -0.000189777359
v 0.000613400789 -0.0161098302 -0.000613372958
f 2689 2691 2690
v 0.00110828414 -0.0170973013 0.000933489173
v 0.00111271083 -0.0161671909 0.000953118433
v 0.000990132503 -0.0164357756 -5.08538108e-05
f 2692 2694 2693
v 0.00110828414 -0.0170973013 0.000933489173
v 0.000996971085 -0.0169555409 7.42524151e-05
v 0.000881506639 -0.0173868335 -0.000189777359
f 2695 2697 2696
v 0.000160100456 -0.0187718106 -0.000654186624
v 0.000332425884 -0.0190478371 -0.000349097809
v 0.000324155462 -0.0179501149 -0.000701924364
f 2698 2700 2699
v 0.000504121454 -0.0192063337 0.00091242764
v 0.000713582267 -0.0185528857 0.00116737046
v 0.000563751701 -0.0189339567 0.000370801831
f 2701 2703 2702
v 0.000713582267 -0.0185528857 0.00116737046
v 0.000669381916 -0.0185527591 0.00016265775
v 0.000563751701 -0.0189339567 0.000370801831
f 2704 2706 2705
v 0.00102505783 -0.0174779256 0.00159953888
v 0.00109021521 -0.0171534281 0.00148837426
v 0.000993991125 -0.017648119 0.000608437131
f 2707 2709 2708
v 0.000691069681 -0.0183182652 0.00166592199
v 0.00102505783 -0.0174779256 0.00159953888
v 0.000713582267 -0.0185528857 0.00116737046
f 2710 2712 2711
v 0.000953962808 -0.016780851 0.00200523082
v 0.0010449573 -0.0171590378 0.00180781644
v 0.00093278868 -0.0173688488 0.00189763814
f 2713 2715 2714
v 0.0010449573 -0.0171590378 0.00180781644
v 0.00102505783 -0.0174779256 0.00159953888
v 0.00093278868 -0.0173688488 0.00189763814
f 2716 2718 2717
v 0.0010449573 -0.0171590378 0.00180781644
v 0.00109021521 -0.0171534281 0.00148837426
v 0.00102505783 -0.0174779256 0.00159953888
f 2719 2721 2720
v 0.00110828414 -0.0170973013 0.000933489173
v 0.000993991125 -0.017648119 0.000608437131
v 0.00109021521 -0.0171534281 0.00148837426
f 2722 2724 2723
v 0.000875834758 -0.0171010644 0.00215642431
v 0.000953962808 -0.016780851 0.00200523082
v 0.00093278868 -0.0173688488 0.00189763814
f 2725 2727 2726
v -0.000196100564 -0.0187980739 -0.000920384264
v -5.86229874e-05 -0.0177725728 -0.00099653389
v -0.00047384292 -0.017823909 -0.0011634007
f 2728 2730 2729
v 0.000210192593 -0.01928407 0.000811378322
v 0.000369879785 -0.019064857 0.000424257814
v -4.27615191e-05 -0.0191428684 -4.83129099e-05
f 2731 2733 2732
v -0.000253804865 -0.0155807866 0.0029657298
v 0.000160852642 -0.0159411255 0.00274704835
v -0.000207807489 -0.0162977667 0.00301062901
f 2734 2736 2735
v 0.000511715052 -0.0164431098 0.00246447235
v 0.000620692845 -0.0155733331 0.00222115104
v 0.000898962298 -0.0160421318 0.00195629091
f 2737 2739 2738
v 0.000160852642 -0.0159411255 0.00274704835
v 0.000620692845 -0.0155733331 0.00222115104
v 0.000226030238 -0.0166810278 0.00274669346
f 2740 2742 2741
v -0.000502787634 -0.0145063605 0.00289613945
v 4.05749347e-05 -0.0151807457 0.00271807621
v -0.000253804865 -0.0155807866 0.0029657298
f 2743 2745 2744
v 0.000519826517 -0.0148906722 0.00220273141
v 0.000620692845 -0.0155733331 0.00222115104
v 0.000160852642 -0.0159411255 0.00274704835
f 2746 2748 2747
v 0.000519826517 -0.0148906722 0.00220273141
v 0.000812519374 -0.0152186272 0.00186109828
v 0.000620692845 -0.0155733331 0.00222115104
f 2749 2751 2750
v 0.000620692845 -0.0155733331 0.00222115104
v 0.000812519374 -0.0152186272 0.00186109828
v 0.000898962298 -0.0160421318 0.00195629091
f 2752 2754 2753
v 0.000812519374 -0.0152186272 0.00186109828
v 0.000519826517 -0.0148906722 0.00220273141
v 0.000771409213 -0.0144223901 0.00178979462
f 2755 2757 2756
v -0.00129906457 -0.0153390793 0.00315109683
v -0.000253804865 -0.0155807866 0.0029657298
v -0.000207807489 -0.0162977667 0.00301062901
f 2758 2760 2759
v 4.05749347e-05 -0.0151807457 0.00271807621
v 0.000160852642 -0.0159411255 0.00274704835
v -0.000253804865 -0.0155807866 0.0029657298
f 2761 2763 2762
v 0.000613400789 -0.0161098302 -0.000613372958
v 0.000131235811 -0.0156658032 -0.00105596446
v -1.31218997e-05 -0.0166885889 -0.00123628051
f 2764 2766 2765
v 0.000613400789 -0.0161098302 -0.000613372958
v 0.000466740721 -0.01350885 -0.000572032059
v 0.000245755518 -0.0144787176 -0.000851153163
f 2767 2769 2768
v 0.000613400789 -0.0161098302 -0.000613372958
v 0.000245755518 -0.0144787176 -0.000851153163
v 0.000131235811 -0.0156658032 -0.00105596446
f 2770 2772 2771
v 0.000990132503 -0.0164357756 -5.08538108e-05
v 0.000966681546 -0.0156999755 -4.15703255e-05
v 0.000613400789 -0.0161098302 -0.000613372958
f 2773 2775 2774
v 0.00096959111 -0.0151567234 0.000118052537
v 0.000866267237 -0.0140196556 6.28718624e-05
v 0.000879485742 -0.0147242972 -9.49314256e-05
f 2776 2778 2777
v 0.00101710311 -0.0151798813 0.000917663419
v 0.00096959111 -0.0151567234 0.000118052537
v 0.000966681546 -0.0156999755 -4.15703255e-05
f 2779 2781 2780
v 0.00104368501 -0.0156296577 0.00130510016
v 0.00101710311 -0.0151798813 0.000917663419
v 0.00111271083 -0.0161671909 0.000953118433
f 2782 2784 2783
v 0.000966681546 -0.0156999755 -4.15703255e-05
v 0.00096959111 -0.0151567234 0.000118052537
v 0.000890280717 -0.0153329514 -0.000144279068
f 2785 2787 2786
v 0.00104281917 -0.0163282195 0.00181241503
v 0.00112233411 -0.0163779856 0.00135979089
v 0.00106569205 -0.0165343561 0.00162284723
f 2788 2790 2789
v 0.00106569205 -0.0165343561 0.00162284723
v 0.00112868111 -0.0167119942 0.00160031177
v 0.000953962808 -0.016780851 0.00200523082
f 2791 2793 2792
v 0.00104269629 -0.0162162498 0.0015840018
v 0.00106717771 -0.0159961302 0.0015492049
v 0.00112233411 -0.0163779856 0.00135979089
f 2794 2796 2795
v 0.00112233411 -0.0163779856 0.00135979089
v 0.00104368501 -0.0156296577 0.00130510016
v 0.00111271083 -0.0161671909 0.000953118433
f 2797 2799 2798
v 0.00106717771 -0.0159961302 0.0015492049
v 0.00104368501 -0.0156296577 0.00130510016
v 0.00112233411 -0.0163779856 0.00135979089
f 2800 2802 2801
v 0.00104281917 -0.0163282195 0.00181241503
v 0.000898962298 -0.0160421318 0.00195629091
v 0.00104269629 -0.0162162498 0.0015840018
f 2803 2805 2804
v 0.00112233411 -0.0163779856 0.00135979089
v 0.00104281917 -0.0163282195 0.00181241503
v 0.00104269629 -0.0162162498 0.0015840018
f 2806 2808 2807
v 0.000963905313 -0.0152337918 0.00148733816
v 0.00104368501 -0.0156296577 0.00130510016
v 0.000812519374 -0.0152186272 0.00186109828
f 2809 2811 2810
v 0.000939625352 -0.0155840171 0.00174419129
v 0.000812519374 -0.0152186272 0.00186109828
v 0.00104368501 -0.0156296577 0.00130510016
f 2812 2814 2813
v 0.000856835595 -0.0140738775 0.00164214543
v 0.000736936499 -0.0137948286 0.00178308746
v 0.000923800781 -0.0140708478 0.0012171874
f 2815 2817 2816
v 0.000236020969 -0.0133253838 0.00217766501
v 0.00072449252 -0.0123540871 0.00193517953
v 0.000685551595 -0.0133026013 0.00178459632
f 2818 2820 2819
v 0.000970022029 -0.012926737 0.00133418671
v 0.000685551595 -0.0133026013 0.00178459632
v 0.00072449252 -0.0123540871 0.00193517953
f 2821 2823 2822
v 0.00072449252 -0.0123540871 0.00193517953
v 0.000964204082 -0.0124942031 0.00157203067
v 0.000970022029 -0.012926737 0.00133418671
f 2824 2826 2825
v -0.000565345636 -0.013791208 0.00300447664
v -0.000463572223 -0.0140468619 0.00288580559
v -0.000564649599 -0.0137917901 0.00300660158
f 2827 2829 2828
v -0.000463572223 -0.0140468619 0.00288580559
v -9.65268967e-06 -0.0138666423 0.00250870835
v -6.50910067e-05 -0.0144752514 0.00262136437
f 2830 2832 2831
v -0.000564649599 -0.0137917901 0.00300660158
v -0.000794512289 -0.0143392899 0.00297531515
v -0.000565345636 -0.013791208 0.00300447664
f 2833 2835 2834
v -0.000751126163 -0.0133399604 0.00317621343
v -0.000452801305 -0.0133196329 0.00301159725
v -0.000463572223 -0.0140468619 0.00288580559
f 2836 2838 2837
v -0.000565345636 -0.013791208 0.00300447664
v -0.000911992083 -0.0137314899 0.00309322531
v -0.000564649599 -0.0137917901 0.00300660158
f 2839 2841 2840
v -0.000911992083 -0.0137314899 0.00309322531
v -0.000565345636 -0.013791208 0.00300447664
v -0.000794512289 -0.0143392899 0.00297531515
f 2842 2844 2843
v -0.000751126163 -0.0133399604 0.00317621343
v -0.000564649599 -0.0137917901 0.00300660158
v -0.000911992083 -0.0137314899 0.00309322531
f 2845 2847 2846
v -8.48120067e-05 -0.0130865446 0.00253363942
v -9.65268967e-06 -0.0138666423 0.00250870835
v -0.000452801305 -0.0133196329 0.00301159725
f 2848 2850 2849
v 0.000463639799 -0.014109748 0.00212976374
v 0.000736936499 -0.0137948286 0.00178308746
v 0.000771409213 -0.0144223901 0.00178979462
f 2851 2853 2852
v -0.000751126163 -0.0133399604 0.00317621343
v -0.000527668544 -0.0128083586 0.00300465035
v -0.000452801305 -0.0133196329 0.00301159725
f 2854 2856 2855
v -0.00061810033 -0.0120834309 0.00292519271
v -0.000527668544 -0.0128083586 0.00300465035
v -0.000825415646 -0.0126485727 0.00310418909
f 2857 2859 2858
v -4.66275935e-05 -0.0121732315 0.00257709089
v -8.48120067e-05 -0.0130865446 0.00253363942
v -0.000527668544 -0.0128083586 0.00300465035
f 2860 2862 2861
v -8.48120067e-05 -0.0130865446 0.00253363942
v 0.00072449252 -0.0123540871 0.00193517953
v 0.000236020969 -0.0133253838 0.00217766501
f 2863 2865 2864
v -6.50910067e-05 -0.0144752514 0.00262136437
v 0.000463639799 -0.014109748 0.00212976374
v 4.05749347e-05 -0.0151807457 0.00271807621
f 2866 2868 2867
v 0.000236020969 -0.0133253838 0.00217766501
v -9.65268967e-06 -0.0138666423 0.00250870835
v -8.48120067e-05 -0.0130865446 0.00253363942
f 2869 2871 2870
v 0.00093326953 -0.0138877906 0.000912702126
v 0.000812002691 -0.0132965419 1.54656334e-05
v 0.000866267237 -0.0140196556 6.28718624e-05
f 2872 2874 2873
v 0.000925359836 -0.0132354951 0.000808611912
v 0.000812002691 -0.0132965419 1.54656334e-05
v 0.00093326953 -0.0138877906 0.000912702126
f 2875 2877 2876
v 0.000812002691 -0.0132965419 1.54656334e-05
v 0.000732153012 -0.013234865 -0.000213826479
v 0.000787486442 -0.0140010598 -0.000187228773
f 2878 2880 2879
v 0.000866267237 -0.0140196556 6.28718624e-05
v 0.000812002691 -0.0132965419 1.54656334e-05
v 0.000787486442 -0.0140010598 -0.000187228773
f 2881 2883 2882
v 0.000979536435 -0.0148186809 0.00114143477
v 0.000923800781 -0.0140708478 0.0012171874
v 0.00093326953 -0.0138877906 0.000912702126
f 2884 2886 2885
v 0.000771409213 -0.0144223901 0.00178979462
v 0.000923800781 -0.0140708478 0.0012171874
v 0.000979536435 -0.0148186809 0.00114143477
f 2887 2889 2888
v 0.00101426158 -0.0126155719 0.000880016705
v 0.00101390733 -0.0117774696 0.000835491755
v 0.000839305267 -0.012175311 -2.55260204e-05
f 2890 2892 2891
v 0.000925359836 -0.0132354951 0.000808611912
v 0.00101426158 -0.0126155719 0.000880016705
v 0.000839305267 -0.012175311 -2.55260204e-05
f 2893 2895 2894
v 0.00093326953 -0.0138877906 0.000912702126
v 0.000970022029 -0.012926737 0.00133418671
v 0.000925359836 -0.0132354951 0.000808611912
f 2896 2898 2897
v 0.00101426158 -0.0126155719 0.000880016705
v 0.00101712676 -0.012202144 0.00135881937
v 0.00106319321 -0.0121752026 0.000996920789
f 2899 2901 2900
v 0.00101426158 -0.0126155719 0.000880016705
v 0.0010705724 -0.0126114086 0.0011374691
v 0.00101712676 -0.012202144 0.00135881937
f 2902 2904 2903
v 0.00101426158 -0.0126155719 0.000880016705
v 0.000970022029 -0.012926737 0.00133418671
v 0.0010705724 -0.0126114086 0.0011374691
f 2905 2907 2906
v 0.000812002691 -0.0132965419 1.54656334e-05
v 0.000839305267 -0.012175311 -2.55260204e-05
v 0.000732153012 -0.013234865 -0.000213826479
f 2908 2910 2909
v 0.000979536435 -0.0148186809 0.00114143477
v 0.00093326953 -0.0138877906 0.000912702126
v 0.000866267237 -0.0140196556 6.28718624e-05
f 2911 2913 2912
v 0.000898962298 -0.0160421318 0.00195629091
v 0.000953962808 -0.016780851 0.00200523082
v 0.000511715052 -0.0164431098 0.00246447235
f 2914 2916 2915
v 0.000812519374 -0.0152186272 0.00186109828
v 0.000979536435 -0.0148186809 0.00114143477
v 0.000963905313 -0.0152337918 0.00148733816
f 2917 2919 2918
v 0.000226030238 -0.0166810278 0.00274669346
v 0.000511715052 -0.0164431098 0.00246447235
v -8.78662192e-06 -0.017134237 0.00291853521
f 2920 2922 2921
v 0.000226030238 -0.0166810278 0.00274669346
v -8.78662192e-06 -0.017134237 0.00291853521
v -0.000418574336 -0.0166596001 0.00306681832
f 2923 2925 2924
v -0.00368551264 -0.0114629642 0.000839798304
v -0.00369748268 -0.0110557114 0.000898294275
v -0.00381532482 -0.0110747424 0.00137181978
f 2926 2928 2927
v -0.00368551264 -0.0114629642 0.000839798304
v -0.00381532482 -0.0110747424 0.00137181978
v -0.00373584953 -0.0114662864 0.001589368
f 2929 2931 2930
v -0.00381532482 -0.0110747424 0.00137181978
v -0.00386361135 -0.0107457847 0.00113063834
v -0.00384241866 -0.0107335254 0.00151102849
f 2932 2934 2933
v -0.00392455622 -0.0103826962 0.00130405506
v -0.00372670547 -0.0103265978 0.000900282794
v -0.00382867947 -0.00992222194 0.000997579355
f 2935 2937 2936
v -0.00384241866 -0.0107335254 0.00151102849
v -0.00386361135 -0.0107457847 0.00113063834
v -0.00392455622 -0.0103826962 0.00130405506
f 2938 2940 2939
v -0.00372670547 -0.0103265978 0.000900282794
v -0.00392455622 -0.0103826962 0.00130405506
v -0.00386361135 -0.0107457847 0.00113063834
f 2941 2943 2942
v -0.00364940424 -0.00930207607 0.00068020704
v -0.00382867947 -0.00992222194 0.000997579355
v -0.00363774598 -0.00957588491 0.00059688482
f 2944 2946 2945
v -0.00364940424 -0.00930207607 0.00068020704
v -0.00368545407 -0.00877082639 0.000549105653
v -0.00386240754 -0.00913247641 0.000896521851
f 2947 2949 2948
v -0.00392455622 -0.0103826962 0.00130405506
v -0.00382867947 -0.00992222194 0.000997579355
v -0.00394961098 -0.00997075986 0.00148754843
f 2950 2952 2951
v -0.00404974489 -0.00961508122 0.00128161746
v -0.00386240754 -0.00913247641 0.000896521851
v -0.00403107297 -0.00924014821 0.00140610737
f 2953 2955 2954
v -0.00404974489 -0.00961508122 0.00128161746
v -0.00380660276 -0.00954668649 0.00184645905
v -0.00394961098 -0.00997075986 0.00148754843
f 2956 2958 2957
v -0.00404974489 -0.00961508122 0.00128161746
v -0.00403107297 -0.00924014821 0.00140610737
v -0.00380660276 -0.00954668649 0.00184645905
f 2959 2961 2960
v -0.00382867947 -0.00992222194 0.000997579355
v -0.00364940424 -0.00930207607 0.00068020704
v -0.00386240754 -0.00913247641 0.000896521851
f 2962 2964 2963
v -0.00340317056 -0.0105119121 -0.000901381827
v -0.00322815613 -0.0108320739 -0.000922257459
v -0.0029085084 -0.0102839556 -0.00102256563
f 2965 2967 2966
v -0.00356826786 -0.0104695966 -0.000774964064
v -0.00335485456 -0.0103802508 -0.000903692489
v -0.00330574585 -0.0102692458 -0.000909881965
f 2968 2970 2969
v -0.00340317056 -0.0105119121 -0.000901381827
v -0.00335485456 -0.0103802508 -0.000903692489
v -0.00335584919 -0.010379422 -0.000906779678
f 2971 2973 2972
v -0.00340317056 -0.0105119121 -0.000901381827
v -0.00335584919 -0.010379422 -0.000906779678
v -0.00356826786 -0.0104695966 -0.000774964064
f 2974 2976 2975
v -0.00330574585 -0.0102692458 -0.000909881965
v -0.0029085084 -0.0102839556 -0.00102256563
v -0.00267064352 -0.00960041143 -0.00111591435
f 2977 2979 2978
v -0.0029085084 -0.0102839556 -0.00102256563
v -0.00196753481 -0.00997060997 -0.0011637936
v -0.00267064352 -0.00960041143 -0.00111591435
f 2980 2982 2981
v -0.0038684746 -0.0105055093 -0.000477920366
v -0.0031698939 -0.00929575544 -0.000792808169
v -0.0035383222 -0.00960112375 -0.000443917543
f 2983 2985 2984
v -0.0035383222 -0.00960112375 -0.000443917543
v -0.0031698939 -0.00929575544 -0.000792808169
v -0.00340952829 -0.00928278896 -0.000556945088
f 2986 2988 2987
v -0.0038684746 -0.0105055093 -0.000477920366
v -0.00330574585 -0.0102692458 -0.000909881965
v -0.0031698939 -0.00929575544 -0.000792808169
f 2989 2991 2990
v -0.00362028768 -0.00926534121 -7.51886148e-05
v -0.00340952829 -0.00928278896 -0.000556945088
v -0.00356892015 -0.00895870398 -0.000443021145
f 2992 2994 2993
v -0.00209841273 -0.00927386936 -0.00126948289
v -0.00267064352 -0.00960041143 -0.00111591435
v -0.00196753481 -0.00997060997 -0.0011637936
f 2995 2997 2996
v -0.00267064352 -0.00960041143 -0.00111591435
v -0.0025472893 -0.0092355971 -0.00121525281
v -0.00273208625 -0.00892995522 -0.00112349517
f 2998 3000 2999
v -0.0025472893 -0.0092355971 -0.00121525281
v -0.00209841273 -0.00927386936 -0.00126948289
v -0.00273208625 -0.00892995522 -0.00112349517
f 3001 3003 3002
v -0.00196789588 -0.00878622304 -0.00140774009
v -0.00273208625 -0.00892995522 -0.00112349517
v -0.00209841273 -0.00927386936 -0.00126948289
f 3004 3006 3005
v -0.00273208625 -0.00892995522 -0.00112349517
v -0.0031698939 -0.00929575544 -0.000792808169
v -0.00267064352 -0.00960041143 -0.00111591435
f 3007 3009 3008
v -0.00267064352 -0.00960041143 -0.00111591435
v -0.00209841273 -0.00927386936 -0.00126948289
v -0.0025472893 -0.0092355971 -0.00121525281
f 3010 3012 3011
v -0.0038684746 -0.0105055093 -0.000477920366
v -0.00371368951 -0.0108401175 -0.000713626832
v -0.00356826786 -0.0104695966 -0.000774964064
f 3013 3015 3014
v -0.0037997921 -0.0115076567 -0.000251599977
v -0.00388287008 -0.0108357803 -0.000369830559
v -0.00359825608 -0.0110283974 0.000549412607
f 3016 3018 3017
v -0.00371371862 -0.0113313341 -0.000740748874
v -0.00322815613 -0.0108320739 -0.000922257459
v -0.00371368951 -0.0108401175 -0.000713626832
f 3019 3021 3020
v -0.0035383222 -0.00960112375 -0.000443917543
v -0.00368525434 -0.00978531461 -6.85812722e-05
v -0.00381639875 -0.0102793747 -0.000325032033
f 3022 3024 3023
v -0.00381639875 -0.0102793747 -0.000325032033
v -0.00358985199 -0.00999460026 0.000688519231
v -0.00359825608 -0.0110283974 0.000549412607
f 3025 3027 3026
v -0.00381639875 -0.0102793747 -0.000325032033
v -0.00359825608 -0.0110283974 0.000549412607
v -0.00388287008 -0.0108357803 -0.000369830559
f 3028 3030 3029
v -0.00369748268 -0.0110557114 0.000898294275
v -0.00358985199 -0.00999460026 0.000688519231
v -0.00372670547 -0.0103265978 0.000900282794
f 3031 3033 3032
v -0.00359825608 -0.0110283974 0.000549412607
v -0.00358985199 -0.00999460026 0.000688519231
v -0.00369748268 -0.0110557114 0.000898294275
f 3034 3036 3035
v -0.00322815613 -0.0108320739 -0.000922257459
v -0.00244391867 -0.0112825481 -0.00110023611
v -0.0029085084 -0.0102839556 -0.00102256563
f 3037 3039 3038
v -0.00244391867 -0.0112825481 -0.00110023611
v -0.00191693907 -0.0113566348 -0.0012701521
v -0.0016810407 -0.0108746914 -0.00124764974
f 3040 3042 3041
v -0.00374074843 -0.00873974132 -0.000128073862
v -0.00368545407 -0.00877082639 0.000549105653
v -0.00362028768 -0.00926534121 -7.51886148e-05
f 3043 3045 3044
v -0.00362028768 -0.00926534121 -7.51886148e-05
v -0.00368545407 -0.00877082639 0.000549105653
v -0.00364940424 -0.00930207607 0.00068020704
f 3046 3048 3047
v -0.00340952829 -0.00928278896 -0.000556945088
v -0.00362028768 -0.00926534121 -7.51886148e-05
v -0.0035383222 -0.00960112375 -0.000443917543
f 3049 3051 3050
v -0.00382620528 -0.00855210455 -0.000324690154
v -0.00381069731 -0.007751659 -0.000320871914
v -0.00371007372 -0.00795294982 0.000570665088
f 3052 3054 3053
v -0.0037153146 -0.00713665722 -2.11563489e-05
v -0.00371007372 -0.00795294982 0.000570665088
v -0.00381069731 -0.007751659 -0.000320871914
f 3055 3057 3056
v -0.0037153146 -0.00713665722 -2.11563489e-05
v -0.00370929811 -0.00610453862 -0.00014100242
v -0.00368928086 -0.0059975122 0.000662714319
f 3058 3060 3059
v -0.00382620528 -0.00855210455 -0.000324690154
v -0.00371007372 -0.00795294982 0.000570665088
v -0.00374074843 -0.00873974132 -0.000128073862
f 3061 3063 3062
v -0.00403313934 -0.00888146387 0.00121690809
v -0.00386240754 -0.00913247641 0.000896521851
v -0.00376684948 -0.00815306485 0.000886470389
f 3064 3066 3065
v -0.00368545407 -0.00877082639 0.000549105653
v -0.00371007372 -0.00795294982 0.000570665088
v -0.00376684948 -0.00815306485 0.000886470389
f 3067 3069 3068
v -0.0039508941 -0.00905152046 0.00154066402
v -0.00403313934 -0.00888146387 0.00121690809
v -0.00382571488 -0.0087858185 0.00175958558
f 3070 3072 3071
v -0.00403107297 -0.00924014821 0.00140610737
v -0.00403313934 -0.00888146387 0.00121690809
v -0.0039508941 -0.00905152046 0.00154066402
f 3073 3075 3074
v -0.00403313934 -0.00888146387 0.00121690809
v -0.00394203198 -0.0083951556 0.00143048092
v -0.00382571488 -0.0087858185 0.00175958558
f 3076 3078 3077
v -0.0039508941 -0.00905152046 0.00154066402
v -0.00382571488 -0.0087858185 0.00175958558
v -0.00353766227 -0.00914627526 0.00201028161
f 3079 3081 3080
v -0.00394203198 -0.0083951556 0.00143048092
v -0.00376214412 -0.00780800692 0.00162952401
v -0.00360859813 -0.00838216365 0.00197959525
f 3082 3084 3083
v -0.00360859813 -0.00838216365 0.00197959525
v -0.00276280589 -0.00778286412 0.00255373252
v -0.0029631934 -0.00851811856 0.00241751986
f 3085 3087 3086
v -0.00376684948 -0.00815306485 0.000886470389
v -0.00371007372 -0.00795294982 0.000570665088
v -0.00378938385 -0.00767708334 0.00139121021
f 3088 3090 3089
v -0.00378938385 -0.00767708334 0.00139121021
v -0.00371007372 -0.00795294982 0.000570665088
v -0.0037777565 -0.0071776587 0.00149417428
f 3091 3093 3092
v -0.00368928086 -0.0059975122 0.000662714319
v -0.00381519931 -0.00614238161 0.00142216622
v -0.0037777565 -0.0071776587 0.00149417428
f 3094 3096 3095
v -0.0037153146 -0.00713665722 -2.11563489e-05
v -0.00368928086 -0.0059975122 0.000662714319
v -0.00371007372 -0.00795294982 0.000570665088
f 3097 3099 3098
v -0.00376214412 -0.00780800692 0.00162952401
v -0.00368663787 -0.00762953277 0.00172103501
v -0.00356665696 -0.00749354876 0.00194859404
f 3100 3102 3101
v -0.00378938385 -0.00767708334 0.00139121021
v -0.00368561414 -0.00762963973 0.00172067957
v -0.00376214412 -0.00780800692 0.00162952401
f 3103 3105 3104
v -0.00356665696 -0.00749354876 0.00194859404
v -0.00363997824 -0.00751286934 0.00182490367
v -0.0037777565 -0.0071776587 0.00149417428
f 3106 3108 3107
v -0.00356665696 -0.00749354876 0.00194859404
v -0.00277785857 -0.00681733 0.00278055595
v -0.00327099842 -0.00776155357 0.00224711257
f 3109 3111 3110
v -0.00368561414 -0.00762963973 0.00172067957
v -0.00356665696 -0.00749354876 0.00194859404
v -0.00368663787 -0.00762953277 0.00172103501
f 3112 3114 3113
v -0.00368663787 -0.00762953277 0.00172103501
v -0.00368561414 -0.00762963973 0.00172067957
v -0.00378938385 -0.00767708334 0.00139121021
f 3115 3117 3116
v -0.00363997824 -0.00751286934 0.00182490367
v -0.00368561414 -0.00762963973 0.00172067957
v -0.00368663787 -0.00762953277 0.00172103501
f 3118 3120 3119
v -0.00376214412 -0.00780800692 0.00162952401
v -0.00368561414 -0.00762963973 0.00172067957
v -0.00368663787 -0.00762953277 0.00172103501
f 3121 3123 3122
v -0.0037777565 -0.0071776587 0.00149417428
v -0.0037478545 -0.00672303286 0.00165219171
v -0.00356665696 -0.00749354876 0.00194859404
f 3124 3126 3125
v -0.00376214412 -0.00780800692 0.00162952401
v -0.00327099842 -0.00776155357 0.00224711257
v -0.00360859813 -0.00838216365 0.00197959525
f 3127 3129 3128
v -0.00376684948 -0.00815306485 0.000886470389
v -0.00394203198 -0.0083951556 0.00143048092
v -0.00403313934 -0.00888146387 0.00121690809
f 3130 3132 3131
v -0.00369301015 -0.00851742589 -0.00059306949
v -0.00382620528 -0.00855210455 -0.000324690154
v -0.00356892015 -0.00895870398 -0.000443021145
f 3133 3135 3134
v -0.00284647613 -0.00812327271 -0.00111754816
v -0.003383894 -0.00800358248 -0.000964517858
v -0.00328239148 -0.00850960278 -0.00092526443
f 3136 3138 3137
v -0.00369301015 -0.00851742589 -0.00059306949
v -0.00320156141 -0.00894192417 -0.000830559293
v -0.00328239148 -0.00850960278 -0.00092526443
f 3139 3141 3140
v -0.00273208625 -0.00892995522 -0.00112349517
v -0.00284647613 -0.00812327271 -0.00111754816
v -0.00328239148 -0.00850960278 -0.00092526443
f 3142 3144 3143
v -0.00196789588 -0.00878622304 -0.00140774009
v -0.00193916349 -0.00808861005 -0.00143907382
v -0.00284647613 -0.00812327271 -0.00111754816
f 3145 3147 3146
v -0.00288670617 -0.00595227139 -0.00119183806
v -0.00325485453 -0.00690629313 -0.000772793555
v -0.00286446466 -0.00691120513 -0.00110671444
f 3148 3150 3149
v -0.00325485453 -0.00690629313 -0.000772793555
v -0.00367128705 -0.00750547188 -0.000452487075
v -0.00328546048 -0.00744432255 -0.000860437103
f 3151 3153 3152
v -0.00328546048 -0.00744432255 -0.000860437103
v -0.00286446466 -0.00691120513 -0.00110671444
v -0.00325485453 -0.00690629313 -0.000772793555
f 3154 3156 3155
v -0.00328546048 -0.00744432255 -0.000860437103
v -0.00285573351 -0.00747278318 -0.00111026548
v -0.00286446466 -0.00691120513 -0.00110671444
f 3157 3159 3158
v -0.00286446466 -0.00691120513 -0.00110671444
v -0.0024163639 -0.00657928103 -0.00149226962
v -0.00244560943 -0.00585104681 -0.00146993243
f 3160 3162 3161
v -0.00286446466 -0.00691120513 -0.00110671444
v -0.00230771966 -0.00700186574 -0.00140109678
v -0.0024163639 -0.00657928103 -0.00149226962
f 3163 3165 3164
v -0.00286446466 -0.00691120513 -0.00110671444
v -0.00285573351 -0.00747278318 -0.00111026548
v -0.00230771966 -0.00700186574 -0.00140109678
f 3166 3168 3167
v -0.00224210708 -0.00751033294 -0.0013366689
v -0.00230771966 -0.00700186574 -0.00140109678
v -0.00285573351 -0.00747278318 -0.00111026548
f 3169 3171 3170
v -0.003383894 -0.00800358248 -0.000964517858
v -0.00284647613 -0.00812327271 -0.00111754816
v -0.00285573351 -0.00747278318 -0.00111026548
f 3172 3174 3173
v -0.00362028768 -0.00926534121 -7.51886148e-05
v -0.00356892015 -0.00895870398 -0.000443021145
v -0.00374074843 -0.00873974132 -0.000128073862
f 3175 3177 3176
v -0.00368928086 -0.0059975122 0.000662714319
v -0.00370929811 -0.00610453862 -0.00014100242
v -0.00374409792 -0.00518215093 0.000186846137
f 3178 3180 3179
v -0.00363375839 -0.00489116501 -0.000109178745
v -0.00381324608 -0.00451874257 0.000732103172
v -0.00374409792 -0.00518215093 0.000186846137
f 3181 3183 3182
v -0.00355508528 -0.00423452548 -0.000186771013
v -0.00376592761 -0.0039219387 0.000336490007
v -0.00363375839 -0.00489116501 -0.000109178745
f 3184 3186 3185
v -0.00381519931 -0.00614238161 0.00142216622
v -0.0037478545 -0.00672303286 0.00165219171
v -0.0037777565 -0.0071776587 0.00149417428
f 3187 3189 3188
v -0.00357932986 -0.00587422001 -0.000555795759
v -0.00363375839 -0.00489116501 -0.000109178745
v -0.00374409792 -0.00518215093 0.000186846137
f 3190 3192 3191
v -0.00381519931 -0.00614238161 0.00142216622
v -0.00375987584 -0.00554275539 0.00103147268
v -0.00378987352 -0.00587661307 0.00161131502
f 3193 3195 3194
v -0.0037478545 -0.00672303286 0.00165219171
v -0.00381519931 -0.00614238161 0.00142216622
v -0.00378987352 -0.00587661307 0.00161131502
f 3196 3198 3197
v -0.00368928086 -0.0059975122 0.000662714319
v -0.00375987584 -0.00554275539 0.00103147268
v -0.00381519931 -0.00614238161 0.00142216622
f 3199 3201 3200
v -0.0037478545 -0.00672303286 0.00165219171
v -0.00347660934 -0.00641596489 0.00211535626
v -0.00320093422 -0.00670314985 0.00242586193
f 3202 3204 3203
v -0.00378987352 -0.00587661307 0.00161131502
v -0.00347660934 -0.00641596489 0.00211535626
v -0.0037478545 -0.00672303286 0.00165219171
f 3205 3207 3206
v -0.00381324608 -0.00451874257 0.000732103172
v -0.00375795098 -0.00501426621 0.00111814634
v -0.00375987584 -0.00554275539 0.00103147268
f 3208 3210 3209
v -0.00375987584 -0.00554275539 0.00103147268
v -0.00375795098 -0.00501426621 0.00111814634
v -0.00373291405 -0.00545281582 0.00170237781
f 3211 3213 3212
v -0.00373291405 -0.00545281582 0.00170237781
v -0.00346727684 -0.00574756559 0.00210794842
v -0.00378987352 -0.00587661307 0.00161131502
f 3214 3216 3215
v -0.00381324608 -0.00451874257 0.000732103172
v -0.00365654887 -0.00458363356 0.00146462635
v -0.00375795098 -0.00501426621 0.00111814634
f 3217 3219 3218
v -0.00373291405 -0.00545281582 0.00170237781
v -0.00375795098 -0.00501426621 0.00111814634
v -0.00347954592 -0.00493940679 0.00189852235
f 3220 3222 3221
v -0.00373291405 -0.00545281582 0.00170237781
v -0.00329953109 -0.00521334441 0.00222215822
v -0.00346727684 -0.00574756559 0.00210794842
f 3223 3225 3224
v -0.00329953109 -0.00521334441 0.00222215822
v -0.00271080262 -0.00533864441 0.00267016458
v -0.00260284487 -0.00629634887 0.00293266239
f 3226 3228 3227
v -0.00271080262 -0.00533864441 0.00267016458
v -0.00221375449 -0.00547474701 0.00292324712
v -0.00260284487 -0.00629634887 0.00293266239
f 3229 3231 3230
v -0.00330417279 -0.0059617807 -0.000875780461
v -0.00288670617 -0.00595227139 -0.00119183806
v -0.00288046303 -0.0049834387 -0.00111404297
f 3232 3234 3233
v -0.00363282197 -0.00624324239 -0.000341628675
v -0.0036032583 -0.00689429216 -0.000353781434
v -0.00330417279 -0.0059617807 -0.000875780461
f 3235 3237 3236
v -0.0036032583 -0.00689429216 -0.000353781434
v -0.00325485453 -0.00690629313 -0.000772793555
v -0.00330417279 -0.0059617807 -0.000875780461
f 3238 3240 3239
v -0.00288670617 -0.00595227139 -0.00119183806
v -0.00286446466 -0.00691120513 -0.00110671444
v -0.00244560943 -0.00585104681 -0.00146993243
f 3241 3243 3242
v -0.00216674853 -0.00580809683 -0.00161832904
v -0.00194748573 -0.00617305122 -0.00162604665
v -0.00153189867 -0.0053121883 -0.00164918456
f 3244 3246 3245
v -0.00244560943 -0.00585104681 -0.00146993243
v -0.00216674853 -0.00580809683 -0.00161832904
v -0.00246456748 -0.00486517965 -0.00137738753
f 3247 3249 3248
v -0.00153189867 -0.0053121883 -0.00164918456
v -0.00182722124 -0.00499293092 -0.0016026459
v -0.00216674853 -0.00580809683 -0.00161832904
f 3250 3252 3251
v -0.00244560943 -0.00585104681 -0.00146993243
v -0.0024163639 -0.00657928103 -0.00149226962
v -0.00194748573 -0.00617305122 -0.00162604665
f 3253 3255 3254
v -0.00330303119 -0.00399414312 -0.000642999566
v -0.00355508528 -0.00423452548 -0.000186771013
v -0.00363375839 -0.00489116501 -0.000109178745
f 3256 3258 3257
v -0.00279973774 -0.00392842594 -0.00108891363
v -0.00316418918 -0.00493127518 -0.00084419753
v -0.00288046303 -0.0049834387 -0.00111404297
f 3259 3261 3260
v -0.00246456748 -0.00486517965 -0.00137738753
v -0.00205238575 -0.00465342455 -0.00151972836
v -0.00243289087 -0.00391410249 -0.00126089053
f 3262 3264 3263
v -0.00182722124 -0.00499293092 -0.0016026459
v -0.00205238575 -0.00465342455 -0.00151972836
v -0.00246456748 -0.00486517965 -0.00137738753
f 3265 3267 3266
v -0.00216674853 -0.00580809683 -0.00161832904
v -0.00182722124 -0.00499293092 -0.0016026459
v -0.00246456748 -0.00486517965 -0.00137738753
f 3268 3270 3269
v -0.00381324608 -0.00451874257 0.000732103172
v -0.00378811565 -0.0039493174 0.000507942377
v -0.00385232597 -0.00395523202 0.000755574001
f 3271 3273 3272
v -0.00377245415 -0.00416370785 0.00110370784
v -0.00385232597 -0.00395523202 0.000755574001
v -0.0036469919 -0.00410299945 0.00107294463
f 3274 3276 3275
v -0.00378811565 -0.0039493174 0.000507942377
v -0.0036469919 -0.00410299945 0.00107294463
v -0.00385232597 -0.00395523202 0.000755574001
f 3277 3279 3278
v -0.00377245415 -0.00416370785 0.00110370784
v -0.00381324608 -0.00451874257 0.000732103172
v -0.00385232597 -0.00395523202 0.000755574001
f 3280 3282 3281
v -0.00355508528 -0.00423452548 -0.000186771013
v -0.00362794999 -0.0039646784 -1.74238721e-05
v -0.00362261271 -0.00396928554 -7.61156471e-07
f 3283 3285 3284
v -0.00376592761 -0.0039219387 0.000336490007
v -0.00355508528 -0.00423452548 -0.000186771013
v -0.00365708511 -0.00395608404 3.86940854e-05
f 3286 3288 3287
v -0.00376592761 -0.0039219387 0.000336490007
v -0.0036418216 -0.00393623959 1.41700184e-05
v -0.00355939628 -0.00396429714 -6.0244929e-06
f 3289 3291 3290
v -0.00365708511 -0.00395608404 3.86940854e-05
v -0.00362794999 -0.0039646784 -1.74238721e-05
v -0.0036418216 -0.00393623959 1.41700184e-05
f 3292 3294 3293
v -0.00355508528 -0.00423452548 -0.000186771013
v -0.00362261271 -0.00396928554 -7.61156471e-07
v -0.00365708511 -0.00395608404 3.86940854e-05
f 3295 3297 3296
v -0.0036469919 -0.00410299945 0.00107294463
v -0.00378811565 -0.0039493174 0.000507942377
v -0.00332354612 -0.00401037651 0.000983957216
f 3298 3300 3299
v -0.00376592761 -0.0039219387 0.000336490007
v -0.00378811565 -0.0039493174 0.000507942377
v -0.00381324608 -0.00451874257 0.000732103172
f 3301 3303 3302
v -0.00375660493 -0.00404853017 0.00119057659
v -0.00371875831 -0.00402851911 0.00124013295
v -0.00374186166 -0.00402386904 0.00124824946
f 3304 3306 3305
v -0.00377245415 -0.00416370785 0.00110370784
v -0.00375660493 -0.00404853017 0.00119057659
v -0.00374186166 -0.00402386904 0.00124824946
f 3307 3309 3308
v -0.00375660493 -0.00404853017 0.00119057659
v -0.0036469919 -0.00410299945 0.00107294463
v -0.00367277426 -0.0039595554 0.00131207526
f 3310 3312 3311
v -0.00367277426 -0.0039595554 0.00131207526
v -0.00371875831 -0.00402851911 0.00124013295
v -0.00375660493 -0.00404853017 0.00119057659
f 3313 3315 3314
v -0.00377245415 -0.00416370785 0.00110370784
v -0.00371875831 -0.00402851911 0.00124013295
v -0.00369977024 -0.00402947589 0.00135120672
f 3316 3318 3317
v -0.00377245415 -0.00416370785 0.00110370784
v -0.00369977024 -0.00402947589 0.00135120672
v -0.0036153182 -0.00401205725 0.00151236309
f 3319 3321 3320
v -0.00377245415 -0.00416370785 0.00110370784
v -0.00347146961 -0.00414761053 0.00177070069
v -0.00365654887 -0.00458363356 0.00146462635
f 3322 3324 3323
v -0.00365654887 -0.00458363356 0.00146462635
v -0.00323146924 -0.00447515667 0.00208101592
v -0.00347954592 -0.00493940679 0.00189852235
f 3325 3327 3326
v -0.00365654887 -0.00458363356 0.00146462635
v -0.00347146961 -0.00414761053 0.00177070069
v -0.00323146924 -0.00447515667 0.00208101592
f 3328 3330 3329
v -0.00345074404 -0.00394475537 0.00147532319
v -0.0036153182 -0.00401205725 0.00151236309
v -0.00369485242 -0.00391037647 0.00140043421
f 3331 3333 3332
v -0.0036153182 -0.00401205725 0.00151236309
v -0.00369561894 -0.00397996228 0.00138086953
v -0.00369485242 -0.00391037647 0.00140043421
f 3334 3336 3335
v -0.00345201734 -0.00402085243 0.00169868727
v -0.00336729536 -0.00400117242 0.00188088416
v -0.00337460478 -0.00400049576 0.00188340546
f 3337 3339 3338
v -0.00347146961 -0.00414761053 0.00177070069
v -0.00345201734 -0.00402085243 0.00169868727
v -0.00337460478 -0.00400049576 0.00188340546
f 3340 3342 3341
v -0.00347146961 -0.00414761053 0.00177070069
v -0.0032798951 -0.00384989871 0.00201392158
v -0.00312434968 -0.00391304675 0.00215076834
f 3343 3345 3344
v -0.00367277426 -0.0039595554 0.00131207526
v -0.00332354612 -0.00401037651 0.000983957216
v -0.00345074404 -0.00394475537 0.00147532319
f 3346 3348 3347
v -0.00347146961 -0.00414761053 0.00177070069
v -0.00336729536 -0.00400117242 0.00188088416
v -0.0032798951 -0.00384989871 0.00201392158
f 3349 3351 3350
v -0.00292505247 -0.00394351628 0.001349994
v -0.00312434968 -0.00391304675 0.00215076834
v -0.0032798951 -0.00384989871 0.00201392158
f 3352 3354 3353
v -0.00345074404 -0.00394475537 0.00147532319
v -0.00292505247 -0.00394351628 0.001349994
v -0.00332734562 -0.00388763328 0.00192837924
f 3355 3357 3356
v -0.00242363421 -0.00397864897 0.00197655245
v -0.00312434968 -0.00391304675 0.00215076834
v -0.00292505247 -0.00394351628 0.001349994
f 3358 3360 3359
v -0.00369561894 -0.00397996228 0.00138086953
v -0.00367277426 -0.0039595554 0.00131207526
v -0.00369977024 -0.00402947589 0.00135120672
f 3361 3363 3362
v -0.0036153182 -0.00401205725 0.00151236309
v -0.00369977024 -0.00402947589 0.00135120672
v -0.00367277426 -0.0039595554 0.00131207526
f 3364 3366 3365
v -0.00345201734 -0.00402085243 0.00169868727
v -0.00345074404 -0.00394475537 0.00147532319
v -0.00332734562 -0.00388763328 0.00192837924
f 3367 3369 3368
v -0.00345201734 -0.00402085243 0.00169868727
v -0.00347146961 -0.00414761053 0.00177070069
v -0.0036153182 -0.00401205725 0.00151236309
f 3370 3372 3371
v -0.00301077143 -0.00480976523 0.00239088695
v -0.00223038933 -0.00474172703 0.00283844784
v -0.00271080262 -0.00533864441 0.00267016458
f 3373 3375 3374
v -0.00284066482 -0.0038872884 0.00242423084
v -0.00297204388 -0.00405488645 0.0023300754
v -0.00295627469 -0.00393173432 0.00216583976
f 3376 3378 3377
v -0.00312434968 -0.00391304675 0.00215076834
v -0.00295627469 -0.00393173432 0.00216583976
v -0.00297204388 -0.00405488645 0.0023300754
f 3379 3381 3380
v -0.00242363421 -0.00397864897 0.00197655245
v -0.00284066482 -0.0038872884 0.00242423084
v -0.00295627469 -0.00393173432 0.00216583976
f 3382 3384 3383
v -0.00297204388 -0.00405488645 0.0023300754
v -0.00284066482 -0.0038872884 0.00242423084
v -0.00257770298 -0.00392358379 0.00256348849
f 3385 3387 3386
v -0.00323146924 -0.00447515667 0.00208101592
v -0.00267919004 -0.00438537791 0.00259102544
v -0.00301077143 -0.00480976523 0.00239088695
f 3388 3390 3389
v -0.00267919004 -0.00438537791 0.00259102544
v -0.00297204388 -0.00405488645 0.0023300754
v -0.00257770298 -0.00392358379 0.00256348849
f 3391 3393 3392
v -0.00312434968 -0.00391304675 0.00215076834
v -0.00242363421 -0.00397864897 0.00197655245
v -0.00295627469 -0.00393173432 0.00216583976
f 3394 3396 3395
v -0.0031871914 -0.00396813084 -0.000764133529
v -0.00330303119 -0.00399414312 -0.000642999566
v -0.00303304041 -0.00395805 -0.000917881698
f 3397 3399 3398
v -0.0031871914 -0.00396813084 -0.000764133529
v -0.00243289087 -0.00391410249 -0.00126089053
v -0.00344164764 -0.00393094997 -0.000473530508
f 3400 3402 3401
v -0.00210291455 -0.00390463356 -0.00133569574
v -0.00243289087 -0.00391410249 -0.00126089053
v -0.00205238575 -0.00465342455 -0.00151972836
f 3403 3405 3404
v -0.00344164764 -0.00393094997 -0.000473530508
v -0.00214727461 -0.00396692667 0.000716016393
v -0.00292505247 -0.00394351628 0.001349994
f 3406 3408 3407
v -0.00205238575 -0.00465342455 -0.00151972836
v -0.001473669 -0.00488803344 -0.00158972125
v -0.00160033196 -0.00395859788 -0.00143210491
f 3409 3411 3410
v -0.00154375139 -0.0038548842 -0.00140321099
v -0.00160033196 -0.00395859788 -0.00143210491
v -0.00153483415 -0.00386248903 -0.0013760291
f 3412 3414 3413
v -0.00185306326 -0.0038587892 -0.00139161166
v -0.00160033196 -0.00395859788 -0.00143210491
v -0.00154375139 -0.0038548842 -0.00140321099
f 3415 3417 3416
v -0.00185306326 -0.0038587892 -0.00139161166
v -0.00143266243 -0.00385819985 -0.00113949209
v -0.00210291455 -0.00390463356 -0.00133569574
f 3418 3420 3419
v -0.00210291455 -0.00390463356 -0.00133569574
v -0.00205238575 -0.00465342455 -0.00151972836
v -0.00185306326 -0.0038587892 -0.00139161166
f 3421 3423 3422
v -0.00143266243 -0.00385819985 -0.00113949209
v -0.00344164764 -0.00393094997 -0.000473530508
v -0.00243289087 -0.00391410249 -0.00126089053
f 3424 3426 3425
v -0.00292505247 -0.00394351628 0.001349994
v -0.00214727461 -0.00396692667 0.000716016393
v -0.00242363421 -0.00397864897 0.00197655245
f 3427 3429 3428
v -0.00214727461 -0.00396692667 0.000716016393
v -0.00156252845 -0.00411524561 0.00174105298
v -0.00242363421 -0.00397864897 0.00197655245
f 3430 3432 3431
v -0.00223619045 -0.00400676472 0.00274002159
v -0.00257770298 -0.00392358379 0.00256348849
v -0.00242363421 -0.00397864897 0.00197655245
f 3433 3435 3434
v -0.00195387111 -0.00410252287 0.00277816325
v -0.00184669734 -0.00423817146 0.00279307133
v -0.0021916816 -0.00399784076 0.00275039947
f 3436 3438 3437
v -0.00195387111 -0.00410252287 0.00277816325
v -0.00189881066 -0.00417606898 0.00263609636
v -0.00184669734 -0.00423817146 0.00279307133
f 3439 3441 3440
v -0.0021916816 -0.00399784076 0.00275039947
v -0.00223619045 -0.00400676472 0.00274002159
v -0.00195387111 -0.00410252287 0.00277816325
f 3442 3444 3443
v -0.00100545267 -0.00397003569 0.000113000624
v -0.000598689348 -0.00406904765 0.00114759423
v -0.00156252845 -0.00411524561 0.00174105298
f 3445 3447 3446
v -0.00100545267 -0.00397003569 0.000113000624
v -0.00156252845 -0.00411524561 0.00174105298
v -0.00214727461 -0.00396692667 0.000716016393
f 3448 3450 3449
v -0.000598689348 -0.00406904765 0.00114759423
v -0.000106486152 -0.00416548901 0.00221379123
v -0.00156252845 -0.00411524561 0.00174105298
f 3451 3453 3452
v -0.000106486152 -0.00416548901 0.00221379123
v -0.00102420081 -0.00423241618 0.00259014596
v -0.00156252845 -0.00411524561 0.00174105298
f 3454 3456 3455
v -0.000468333565 -0.00423281053 0.0025437208
v -0.00102420081 -0.00423241618 0.00259014596
v -0.000106486152 -0.00416548901 0.00221379123
f 3457 3459 3458
v -0.00347954592 -0.00493940679 0.00189852235
v -0.00323146924 -0.00447515667 0.00208101592
v -0.00301077143 -0.00480976523 0.00239088695
f 3460 3462 3461
v -0.00370929811 -0.00610453862 -0.00014100242
v -0.00363282197 -0.00624324239 -0.000341628675
v -0.00357932986 -0.00587422001 -0.000555795759
f 3463 3465 3464
v -0.00373584953 -0.0114662864 0.001589368
v -0.00381532482 -0.0110747424 0.00137181978
v -0.00361977873 -0.0110574452 0.00193247142
f 3466 3468 3467
v -0.00370070047 -0.0103051963 0.00187169462
v -0.003395565 -0.0106426734 0.00214710162
v -0.00384241866 -0.0107335254 0.00151102849
f 3469 3471 3470
v -0.00384241866 -0.0107335254 0.00151102849
v -0.003395565 -0.0106426734 0.00214710162
v -0.00361977873 -0.0110574452 0.00193247142
f 3472 3474 3473
v -0.00361977873 -0.0110574452 0.00193247142
v -0.003395565 -0.0106426734 0.00214710162
v -0.00302434892 -0.0109016459 0.00252441914
f 3475 3477 3476
v -0.00394961098 -0.00997075986 0.00148754843
v -0.00344921646 -0.00990990011 0.00207622652
v -0.00370070047 -0.0103051963 0.00187169462
f 3478 3480 3479
v -0.00294174606 -0.00952440605 0.00240029785
v -0.00344921646 -0.00990990011 0.00207622652
v -0.00380660276 -0.00954668649 0.00184645905
f 3481 3483 3482
v -0.00313720484 -0.011732275 0.0026029802
v -0.00337823476 -0.0113712282 0.0022403914
v -0.00282343408 -0.011342582 0.00277527961
f 3484 3486 3485
v -0.00243143295 -0.0104463048 0.00294936217
v -0.00246921281 -0.011460622 0.00294169658
v -0.00282343408 -0.011342582 0.00277527961
f 3487 3489 3488
v -0.00302434892 -0.0109016459 0.00252441914
v -0.00243143295 -0.0104463048 0.00294936217
v -0.00282343408 -0.011342582 0.00277527961
f 3490 3492 3491
v -0.00243143295 -0.0104463048 0.00294936217
v -0.00203656346 -0.0104853971 0.00297525185
v -0.00246921281 -0.011460622 0.00294169658
f 3493 3495 3494
v -0.00246921281 -0.011460622 0.00294169658
v -0.00203656346 -0.0104853971 0.00297525185
v -0.0016493681 -0.011750601 0.00283914324
f 3496 3498 3497
v -0.00120568138 -0.0110871326 0.0028594317
v -0.0016493681 -0.011750601 0.00283914324
v -0.00203656346 -0.0104853971 0.00297525185
f 3499 3501 3500
v -0.00115655885 -0.011523984 0.00288677929
v -0.000671451016 -0.0110847323 0.00277110703
v -0.000940891914 -0.0118925716 0.00297938677
f 3502 3504 3503
v -0.00344921646 -0.00990990011 0.00207622652
v -0.00243143295 -0.0104463048 0.00294936217
v -0.00302434892 -0.0109016459 0.00252441914
f 3505 3507 3506
v -0.00344921646 -0.00990990011 0.00207622652
v -0.00294174606 -0.00952440605 0.00240029785
v -0.00243143295 -0.0104463048 0.00294936217
f 3508 3510 3509
v -0.00235107127 -0.0100056306 0.00284455327
v -0.00167883791 -0.00979931719 0.00303453708
v -0.00203656346 -0.0104853971 0.00297525185
f 3511 3513 3512
v -0.0016493681 -0.011750601 0.00283914324
v -0.000940891914 -0.0118925716 0.00297938677
v -0.00103824468 -0.0122524099 0.00299422845
f 3514 3516 3515
v -0.00103824468 -0.0122524099 0.00299422845
v -0.000940891914 -0.0118925716 0.00297938677
v -0.00061810033 -0.0120834309 0.00292519271
f 3517 3519 3518
v -0.0029631934 -0.00851811856 0.00241751986
v -0.00294174606 -0.00952440605 0.00240029785
v -0.00353766227 -0.00914627526 0.00201028161
f 3520 3522 3521
v -0.00277785857 -0.00681733 0.00278055595
v -0.00276280589 -0.00778286412 0.00255373252
v -0.00327099842 -0.00776155357 0.00224711257
f 3523 3525 3524
v -0.00265376384 -0.00916221616 0.00253344588
v -0.00188128961 -0.00896201163 0.00286419763
v -0.00235107127 -0.0100056306 0.00284455327
f 3526 3528 3527
v -0.00167883791 -0.00979931719 0.00303453708
v -0.00113131218 -0.00956345757 0.00307414448
v -0.000976604588 -0.00995322407 0.00309356983
f 3529 3531 3530
v -0.000751376638 -0.00874006582 0.00292406512
v -0.000666351934 -0.00954486604 0.00292402892
v -0.00103588854 -0.00915878845 0.00306737275
f 3532 3534 3533
v -0.00029816847 -0.00883220346 0.00264383179
v -0.000666351934 -0.00954486604 0.00292402892
v -0.000751376638 -0.00874006582 0.00292406512
f 3535 3537 3536
v -0.00108822624 -0.00840791545 0.00297861006
v -0.00103588854 -0.00915878845 0.00306737275
v -0.00204390362 -0.00780548944 0.0027622189
f 3538 3540 3539
v -0.00123909658 -0.00775686858 0.00286528248
v -0.00108822624 -0.00840791545 0.00297861006
v -0.00204390362 -0.00780548944 0.0027622189
f 3541 3543 3542
v -0.00123909658 -0.00775686858 0.00286528248
v -0.000861615445 -0.00788089601 0.00284149974
v -0.00108822624 -0.00840791545 0.00297861006
f 3544 3546 3545
v -0.000861615445 -0.00788089601 0.00284149974
v -0.000289852869 -0.00790594204 0.00260852812
v -0.000751376638 -0.00874006582 0.00292406512
f 3547 3549 3548
v -0.00108822624 -0.00840791545 0.00297861006
v -0.000861615445 -0.00788089601 0.00284149974
v -0.000751376638 -0.00874006582 0.00292406512
f 3550 3552 3551
v -0.00108822624 -0.00840791545 0.00297861006
v -0.000751376638 -0.00874006582 0.00292406512
v -0.00103588854 -0.00915878845 0.00306737275
f 3553 3555 3554
v -0.003395565 -0.0106426734 0.00214710162
v -0.00344921646 -0.00990990011 0.00207622652
v -0.00302434892 -0.0109016459 0.00252441914
f 3556 3558 3557
v -0.00277785857 -0.00681733 0.00278055595
v -0.00320093422 -0.00670314985 0.00242586193
v -0.00260284487 -0.00629634887 0.00293266239
f 3559 3561 3560
v -0.00252287809 -0.00687219508 0.00291515007
v -0.00195076027 -0.00593328041 0.00305756694
v -0.00182369804 -0.00632674783 0.00306250222
f 3562 3564 3563
v -0.00131527922 -0.00703785263 0.00286830746
v -0.00123909658 -0.00775686858 0.00286528248
v -0.00204390362 -0.00780548944 0.0027622189
f 3565 3567 3566
v -0.000707210165 -0.00696224233 0.0028320519
v -0.000325421661 -0.00687035426 0.00266556599
v -0.000289852869 -0.00790594204 0.00260852812
f 3568 3570 3569
v -0.00131527922 -0.00703785263 0.00286830746
v -0.000707210165 -0.00696224233 0.0028320519
v -0.000861615445 -0.00788089601 0.00284149974
f 3571 3573 3572
v -0.00182369804 -0.00632674783 0.00306250222
v -0.00077632485 -0.00647068809 0.00293919948
v -0.00131527922 -0.00703785263 0.00286830746
f 3574 3576 3575
v -0.00077632485 -0.00647068809 0.00293919948
v -0.000707210165 -0.00696224233 0.0028320519
v -0.00131527922 -0.00703785263 0.00286830746
f 3577 3579 3578
v -0.00077632485 -0.00647068809 0.00293919948
v -0.000325421661 -0.00687035426 0.00266556599
v -0.000707210165 -0.00696224233 0.0028320519
f 3580 3582 3581
v -0.00271080262 -0.00533864441 0.00267016458
v -0.00223038933 -0.00474172703 0.00283844784
v -0.00221375449 -0.00547474701 0.00292324712
f 3583 3585 3584
v -0.00182369804 -0.00632674783 0.00306250222
v -0.000946245746 -0.00608803057 0.00297240877
v -0.00077632485 -0.00647068809 0.00293919948
f 3586 3588 3587
v -0.000946245746 -0.00608803057 0.00297240877
v -0.000339583926 -0.00605436471 0.00269896864
v -0.00077632485 -0.00647068809 0.00293919948
f 3589 3591 3590
v -0.00126185487 -0.00498512309 0.00294684341
v -0.000891446507 -0.00516218861 0.00289354302
v -0.000946245746 -0.00608803057 0.00297240877
f 3592 3594 3593
v -0.000946245746 -0.00608803057 0.00297240877
v -0.000891446507 -0.00516218861 0.00289354302
v -0.000721814968 -0.00570800912 0.00289903855
f 3595 3597 3596
v -0.00131527922 -0.00703785263 0.00286830746
v -0.000861615445 -0.00788089601 0.00284149974
v -0.00123909658 -0.00775686858 0.00286528248
f 3598 3600 3599
v -0.00223038933 -0.00474172703 0.00283844784
v -0.00126185487 -0.00498512309 0.00294684341
v -0.00195076027 -0.00593328041 0.00305756694
f 3601 3603 3602
v -0.0021916816 -0.00399784076 0.00275039947
v -0.00184669734 -0.00423817146 0.00279307133
v -0.00126185487 -0.00498512309 0.00294684341
f 3604 3606 3605
v -0.00184669734 -0.00423817146 0.00279307133
v -0.00134921765 -0.00427916784 0.00281487246
v -0.00126185487 -0.00498512309 0.00294684341
f 3607 3609 3608
v -0.00134921765 -0.00427916784 0.00281487246
v -0.000992483183 -0.00442310666 0.00279584347
v -0.00126185487 -0.00498512309 0.00294684341
f 3610 3612 3611
v -0.000992483183 -0.00442310666 0.00279584347
v -0.000443456065 -0.00476294226 0.00265280141
v -0.000891446507 -0.00516218861 0.00289354302
f 3613 3615 3614
v -0.000443456065 -0.00476294226 0.00265280141
v -0.000468333565 -0.00423281053 0.0025437208
v -6.62862476e-05 -0.00453131906 0.00227344062
f 3616 3618 3617
v -0.000468333565 -0.00423281053 0.0025437208
v -0.000847738738 -0.00426268198 0.00273459736
v -0.00102420081 -0.00423241618 0.00259014596
f 3619 3621 3620
v -0.00216584722 -0.00747925151 0.00277393883
v -0.00131527922 -0.00703785263 0.00286830746
v -0.00204390362 -0.00780548944 0.0027622189
f 3622 3624 3623
v -0.00182750555 -0.00955751239 -0.00121328812
v -0.00209841273 -0.00927386936 -0.00126948289
v -0.00196753481 -0.00997060997 -0.0011637936
f 3625 3627 3626
v -0.00196753481 -0.00997060997 -0.0011637936
v -0.0014196241 -0.00990866683 -0.00133661724
v -0.00182750555 -0.00955751239 -0.00121328812
f 3628 3630 3629
v -0.0014196241 -0.00990866683 -0.00133661724
v -0.000941581584 -0.0101102014 -0.00137042243
v -0.00111137861 -0.00986333907 -0.00147784085
f 3631 3633 3632
v -0.0014196241 -0.00990866683 -0.00133661724
v -0.00111137861 -0.00986333907 -0.00147784085
v -0.000936737706 -0.00945563443 -0.00151950699
f 3634 3636 3635
v -0.00160013715 -0.00905540001 -0.00138825271
v -0.00196789588 -0.00878622304 -0.00140774009
v -0.00209841273 -0.00927386936 -0.00126948289
f 3637 3639 3638
v -0.00209841273 -0.00927386936 -0.00126948289
v -0.00182750555 -0.00955751239 -0.00121328812
v -0.00160013715 -0.00905540001 -0.00138825271
f 3640 3642 3641
v -0.00160013715 -0.00905540001 -0.00138825271
v -0.000936737706 -0.00945563443 -0.00151950699
v -0.000913532676 -0.0088231267 -0.00148441559
f 3643 3645 3644
v -0.00182750555 -0.00955751239 -0.00121328812
v -0.000936737706 -0.00945563443 -0.00151950699
v -0.00160013715 -0.00905540001 -0.00138825271
f 3646 3648 3647
v -0.000450868311 -0.00963266575 -0.00140211505
v -0.000574455044 -0.00942641491 -0.00152567936
v -0.000936737706 -0.00945563443 -0.00151950699
f 3649 3651 3650
v -0.000936737706 -0.00945563443 -0.00151950699
v -0.000513531222 -0.00905048801 -0.00147758656
v -0.000805685067 -0.00910586969 -0.00154420923
f 3652 3654 3653
v -0.00140260881 -0.0114070688 -0.00128608444
v -0.000506211472 -0.0113349597 -0.00124898597
v -0.0016810407 -0.0108746914 -0.00124764974
f 3655 3657 3656
v -0.000506211472 -0.0113349597 -0.00124898597
v -0.00132459163 -0.0103695245 -0.00125507522
v -0.0016810407 -0.0108746914 -0.00124764974
f 3658 3660 3659
v -0.000506211472 -0.0113349597 -0.00124898597
v -0.000581195309 -0.0105734827 -0.00119962242
v -0.00132459163 -0.0103695245 -0.00125507522
f 3661 3663 3662
v -0.0016810407 -0.0108746914 -0.00124764974
v -0.00132459163 -0.0103695245 -0.00125507522
v -0.00196753481 -0.00997060997 -0.0011637936
f 3664 3666 3665
v -0.000581195309 -0.0105734827 -0.00119962242
v -0.000941581584 -0.0101102014 -0.00137042243
v -0.00132459163 -0.0103695245 -0.00125507522
f 3667 3669 3668
v -0.00132459163 -0.0103695245 -0.00125507522
v -0.0014196241 -0.00990866683 -0.00133661724
v -0.00196753481 -0.00997060997 -0.0011637936
f 3670 3672 3671
v -8.09361495e-05 -0.0108402855 -0.00105820327
v -0.000581195309 -0.0105734827 -0.00119962242
v -0.000506211472 -0.0113349597 -0.00124898597
f 3673 3675 3674
v -0.000212694795 -0.0120607918 -0.00127686908
v -8.09361495e-05 -0.0108402855 -0.00105820327
v -0.000277383015 -0.0117445183 -0.00129380787
f 3676 3678 3677
v -8.09361495e-05 -0.0108402855 -0.00105820327
v -0.000506211472 -0.0113349597 -0.00124898597
v -0.000277383015 -0.0117445183 -0.00129380787
f 3679 3681 3680
v -0.000581195309 -0.0105734827 -0.00119962242
v -8.09361495e-05 -0.0108402855 -0.00105820327
v -0.000107498795 -0.0101561272 -0.00112037505
f 3682 3684 3683
v -0.000581195309 -0.0105734827 -0.00119962242
v -0.000107498795 -0.0101561272 -0.00112037505
v -0.000450868311 -0.00963266575 -0.00140211505
f 3685 3687 3686
v -0.000107498795 -0.0101561272 -0.00112037505
v -0.000513531222 -0.00905048801 -0.00147758656
v -0.000450868311 -0.00963266575 -0.00140211505
f 3688 3690 3689
v 0.000496156144 -0.0096020718 -0.000824841027
v -0.000513531222 -0.00905048801 -0.00147758656
v -0.000107498795 -0.0101561272 -0.00112037505
f 3691 3693 3692
v 0.000495816721 -0.0115184557 -0.000546334741
v 0.000839305267 -0.012175311 -2.55260204e-05
v 0.000750282288 -0.0110852649 -0.000230447404
f 3694 3696 3695
v 0.000839305267 -0.012175311 -2.55260204e-05
v 0.000907178037 -0.0113581504 0.000105562094
v 0.000750282288 -0.0110852649 -0.000230447404
f 3697 3699 3698
v 0.000750282288 -0.0110852649 -0.000230447404
v 0.000354503254 -0.0106211999 -0.000734696368
v 0.000495816721 -0.0115184557 -0.000546334741
f 3700 3702 3701
v 0.000987457406 -0.0102110003 8.38191625e-05
v 0.000959714725 -0.0102032827 0.000505691787
v 0.000945348984 -0.00954399075 0.000241853104
f 3703 3705 3704
v -0.00160013715 -0.00905540001 -0.00138825271
v -0.00127977646 -0.00831434736 -0.0014027959
v -0.00196789588 -0.00878622304 -0.00140774009
f 3706 3708 3707
v -0.000913532676 -0.0088231267 -0.00148441559
v -0.000833268678 -0.00824133967 -0.00143038233
v -0.00127977646 -0.00831434736 -0.0014027959
f 3709 3711 3710
v -0.00127977646 -0.00831434736 -0.0014027959
v -0.00159472147 -0.00724627389 -0.00142862446
v -0.00193916349 -0.00808861005 -0.00143907382
f 3712 3714 3713
v -0.000391341018 -0.00785886732 -0.00133101366
v -0.000888556769 -0.00753298009 -0.00147695246
v -0.000833268678 -0.00824133967 -0.00143038233
f 3715 3717 3716
v -0.00160013715 -0.00905540001 -0.00138825271
v -0.000913532676 -0.0088231267 -0.00148441559
v -0.00127977646 -0.00831434736 -0.0014027959
f 3718 3720 3719
v -0.000913532676 -0.0088231267 -0.00148441559
v -0.000513531222 -0.00905048801 -0.00147758656
v -0.000590933951 -0.00874245452 -0.00150843134
f 3721 3723 3722
v -0.000513531222 -0.00905048801 -0.00147758656
v -0.000391341018 -0.00785886732 -0.00133101366
v -0.000590933951 -0.00874245452 -0.00150843134
f 3724 3726 3725
v -0.000590933951 -0.00874245452 -0.00150843134
v -0.000391341018 -0.00785886732 -0.00133101366
v -0.000833268678 -0.00824133967 -0.00143038233
f 3727 3729 3728
v -0.000888556769 -0.00753298009 -0.00147695246
v -0.000960332636 -0.00682981045 -0.00152954799
v -0.00159472147 -0.00724627389 -0.00142862446
f 3730 3732 3731
v -0.000492929757 -0.00716935538 -0.00143839006
v -0.000729927297 -0.00718417068 -0.00156248898
v -0.000888556769 -0.00753298009 -0.00147695246
f 3733 3735 3734
v -0.00159472147 -0.00724627389 -0.00142862446
v -0.000960332636 -0.00682981045 -0.00152954799
v -0.00139783306 -0.00685126943 -0.00146123002
f 3736 3738 3737
v -0.000729927297 -0.00718417068 -0.00156248898
v -0.00077431514 -0.00693679976 -0.00150657361
v -0.000960332636 -0.00682981045 -0.00152954799
f 3739 3741 3740
v -0.00077431514 -0.00693679976 -0.00150657361
v -0.000492929757 -0.00716935538 -0.00143839006
v -0.000585068528 -0.0068135545 -0.00153622732
f 3742 3744 3743
v -0.000111009933 -0.00744292483 -0.00112691323
v -0.000492929757 -0.00716935538 -0.00143839006
v -0.000391341018 -0.00785886732 -0.00133101366
f 3745 3747 3746
v -0.000391341018 -0.00785886732 -0.00133101366
v -0.000492929757 -0.00716935538 -0.00143839006
v -0.000888556769 -0.00753298009 -0.00147695246
f 3748 3750 3749
v 0.000367763505 -0.00861438239 -0.000899880615
v 0.000689644594 -0.00883836692 -0.000527673365
v 0.000415858995 -0.00738978561 -0.000514254771
f 3751 3753 3752
v 0.000894674031 -0.00920112507 -6.11001326e-05
v 0.000859780175 -0.00889217117 0.000389574325
v 0.000874827765 -0.00880481966 0.000102614922
f 3754 3756 3755
v 0.000859780175 -0.00889217117 0.000389574325
v 0.000816145985 -0.00849807911 3.06244118e-05
v 0.000874827765 -0.00880481966 0.000102614922
f 3757 3759 3758
v 0.000689644594 -0.00883836692 -0.000527673365
v 0.000639699692 -0.00766394587 -0.000134074071
v 0.000415858995 -0.00738978561 -0.000514254771
f 3760 3762 3761
v 0.000689644594 -0.00883836692 -0.000527673365
v 0.000816145985 -0.00849807911 3.06244118e-05
v 0.000639699692 -0.00766394587 -0.000134074071
f 3763 3765 3764
v 0.000639699692 -0.00766394587 -0.000134074071
v 0.000816145985 -0.00849807911 3.06244118e-05
v 0.000766975154 -0.00795516607 0.000207549101
f 3766 3768 3767
v 0.000737735627 -0.00809711128 0.000814665691
v 0.000859780175 -0.00889217117 0.000389574325
v 0.000655265694 -0.0087218541 0.00142979716
f 3769 3771 3770
v 0.000639699692 -0.00766394587 -0.000134074071
v 0.000766975154 -0.00795516607 0.000207549101
v 0.000718237379 -0.00737629089 0.000189765342
f 3772 3774 3773
v 0.000766975154 -0.00795516607 0.000207549101
v 0.000859780175 -0.00889217117 0.000389574325
v 0.000737735627 -0.00809711128 0.000814665691
f 3775 3777 3776
v 0.000786098099 -0.00966924999 -0.00048821712
v 0.000689644594 -0.00883836692 -0.000527673365
v 0.000496156144 -0.0096020718 -0.000824841027
f 3778 3780 3779
v 0.000786098099 -0.00966924999 -0.00048821712
v 0.000894674031 -0.00920112507 -6.11001326e-05
v 0.000689644594 -0.00883836692 -0.000527673365
f 3781 3783 3782
v 0.000987457406 -0.0102110003 8.38191625e-05
v 0.000945348984 -0.00954399075 0.000241853104
v 0.000894674031 -0.00920112507 -6.11001326e-05
f 3784 3786 3785
v 0.000894674031 -0.00920112507 -6.11001326e-05
v 0.000945348984 -0.00954399075 0.000241853104
v 0.000859780175 -0.00889217117 0.000389574325
f 3787 3789 3788
v -0.000513531222 -0.00905048801 -0.00147758656
v -0.000913532676 -0.0088231267 -0.00148441559
v -0.000805685067 -0.00910586969 -0.00154420923
f 3790 3792 3791
v 0.000496156144 -0.0096020718 -0.000824841027
v 0.000367763505 -0.00861438239 -0.000899880615
v -0.000513531222 -0.00905048801 -0.00147758656
f 3793 3795 3794
v -0.000450868311 -0.00963266575 -0.00140211505
v -0.000513531222 -0.00905048801 -0.00147758656
v -0.000574455044 -0.00942641491 -0.00152567936
f 3796 3798 3797
v -0.00143263233 -0.00605085152 -0.0016217311
v -0.00194748573 -0.00617305122 -0.00162604665
v -0.00139783306 -0.00685126943 -0.00146123002
f 3799 3801 3800
v -0.000830804856 -0.00623652304 -0.00157080722
v -0.000562086325 -0.00590165182 -0.00154261052
v -0.00153189867 -0.0053121883 -0.00164918456
f 3802 3804 3803
v -0.000830804856 -0.00623652304 -0.00157080722
v -0.00153189867 -0.0053121883 -0.00164918456
v -0.00143263233 -0.00605085152 -0.0016217311
f 3805 3807 3806
v -0.000960332636 -0.00682981045 -0.00152954799
v -0.00047067756 -0.00640255967 -0.00150329997
v -0.000830804856 -0.00623652304 -0.00157080722
f 3808 3810 3809
v -0.00047067756 -0.00640255967 -0.00150329997
v -0.000492929757 -0.00716935538 -0.00143839006
v -0.000111009933 -0.00744292483 -0.00112691323
f 3811 3813 3812
v 0.00017415714 -0.00718303709 -0.000838319829
v 0.000437902418 -0.00618085251 -0.000749559513
v -0.000111009933 -0.00744292483 -0.00112691323
f 3814 3816 3815
v -0.000111009933 -0.00744292483 -0.00112691323
v 0.000437902418 -0.00618085251 -0.000749559513
v -9.77004788e-05 -0.00594407356 -0.00132663681
f 3817 3819 3818
v 0.00026642283 -0.00523521085 -0.000958061719
v -9.77004788e-05 -0.00594407356 -0.00132663681
v 0.000437902418 -0.00618085251 -0.000749559513
f 3820 3822 3821
v 0.00026642283 -0.00523521085 -0.000958061719
v 0.000188393494 -0.00435901129 -0.000874462057
v -0.000136066762 -0.00507494624 -0.00127477524
f 3823 3825 3824
v 0.000656797692 -0.0059932474 -0.000475685738
v 0.00026642283 -0.00523521085 -0.000958061719
v 0.000437902418 -0.00618085251 -0.000749559513
f 3826 3828 3827
v 0.000656797692 -0.0059932474 -0.000475685738
v 0.000488626074 -0.00461139643 -0.000606565573
v 0.00026642283 -0.00523521085 -0.000958061719
f 3829 3831 3830
v -9.77004788e-05 -0.00594407356 -0.00132663681
v -0.000136066762 -0.00507494624 -0.00127477524
v -0.000562086325 -0.00590165182 -0.00154261052
f 3832 3834 3833
v -0.000960332636 -0.00682981045 -0.00152954799
v -0.000585068528 -0.0068135545 -0.00153622732
v -0.00047067756 -0.00640255967 -0.00150329997
f 3835 3837 3836
v -0.000562086325 -0.00590165182 -0.00154261052
v -0.000136066762 -0.00507494624 -0.00127477524
v -0.000637903986 -0.00517165026 -0.00150768665
f 3838 3840 3839
v 0.000613787688 -0.00695759882 -0.000184195778
v 0.000656797692 -0.0059932474 -0.000475685738
v 0.000437902418 -0.00618085251 -0.000749559513
f 3841 3843 3842
v 0.000656797692 -0.0059932474 -0.000475685738
v 0.00081708904 -0.00617687401 5.25398264e-05
v 0.000802447721 -0.00573408433 -1.70806771e-05
f 3844 3846 3845
v 0.000415858995 -0.00738978561 -0.000514254771
v 0.000613787688 -0.00695759882 -0.000184195778
v 0.000437902418 -0.00618085251 -0.000749559513
f 3847 3849 3848
v 0.000718237379 -0.00737629089 0.000189765342
v 0.000613787688 -0.00695759882 -0.000184195778
v 0.000639699692 -0.00766394587 -0.000134074071
f 3850 3852 3851
v 0.000758830947 -0.0067906476 0.000489215108
v 0.000737735627 -0.00809711128 0.000814665691
v 0.000812558483 -0.00703598416 0.00110106866
f 3853 3855 3854
v 0.000812558483 -0.00703598416 0.00110106866
v 0.000740656242 -0.0062403662 0.0010277744
v 0.000758830947 -0.0067906476 0.000489215108
f 3856 3858 3857
v 0.000738219615 -0.00681581369 0.00157404393
v 0.000643422118 -0.00606699177 0.00144851001
v 0.000812558483 -0.00703598416 0.00110106866
f 3859 3861 3860
v 0.000364591551 -0.00568078176 0.00190423852
v 0.000293187895 -0.00493215703 0.00183079464
v 0.000548208845 -0.0052856376 0.00139490039
f 3862 3864 3863
v 0.000737735627 -0.00809711128 0.000814665691
v 0.000758830947 -0.0067906476 0.000489215108
v 0.000718237379 -0.00737629089 0.000189765342
f 3865 3867 3866
v 0.000811764858 -0.00583463443 0.000394160816
v 0.000802447721 -0.00573408433 -1.70806771e-05
v 0.00081708904 -0.00617687401 5.25398264e-05
f 3868 3870 3869
v 0.000656797692 -0.0059932474 -0.000475685738
v 0.000734677542 -0.00498870286 -0.000171951706
v 0.000488626074 -0.00461139643 -0.000606565573
f 3871 3873 3872
v 0.000802447721 -0.00573408433 -1.70806771e-05
v 0.000734677542 -0.00498870286 -0.000171951706
v 0.000656797692 -0.0059932474 -0.000475685738
f 3874 3876 3875
v 0.000776953584 -0.00489206795 0.000213989097
v 0.000734677542 -0.00498870286 -0.000171951706
v 0.000802447721 -0.00573408433 -1.70806771e-05
f 3877 3879 3878
v -0.00108520398 -0.00392378315 -0.00115241291
v -0.0013537122 -0.00386174397 -0.00139607382
v -0.00115343719 -0.00397426229 -0.00138027608
f 3880 3882 3881
v -0.00108520398 -0.00392378315 -0.00115241291
v -0.00115343719 -0.00397426229 -0.00138027608
v -0.000907710637 -0.0041198542 -0.00135130849
f 3883 3885 3884
v -0.000458740624 -0.00394289709 -0.00120271343
v -0.00108520398 -0.00392378315 -0.00115241291
v -0.000512192901 -0.0040787967 -0.00124826838
f 3886 3888 3887
v -0.000637903986 -0.00517165026 -0.00150768665
v -0.000512192901 -0.0040787967 -0.00124826838
v -0.000907710637 -0.0041198542 -0.00135130849
f 3889 3891 3890
v -0.00108520398 -0.00392378315 -0.00115241291
v -0.000458740624 -0.00394289709 -0.00120271343
v -0.00143266243 -0.00385819985 -0.00113949209
f 3892 3894 3893
v -0.000582292705 -0.00402995393 -0.000598521729
v -0.00100545267 -0.00397003569 0.000113000624
v -0.00143266243 -0.00385819985 -0.00113949209
f 3895 3897 3896
v -0.000191300751 -0.00402229598 -0.0010501004
v 3.63985691e-05 -0.00434645663 -0.000143818579
v -0.000582292705 -0.00402995393 -0.000598521729
f 3898 3900 3899
v 3.63985691e-05 -0.00434645663 -0.000143818579
v -0.00100545267 -0.00397003569 0.000113000624
v -0.000582292705 -0.00402995393 -0.000598521729
f 3901 3903 3902
v -0.000136066762 -0.00507494624 -0.00127477524
v 1.39191087e-05 -0.00419807948 -0.000965580148
v -0.000512192901 -0.0040787967 -0.00124826838
f 3904 3906 3905
v -0.000512192901 -0.0040787967 -0.00124826838
v 1.39191087e-05 -0.00419807948 -0.000965580148
v -0.000191300751 -0.00402229598 -0.0010501004
f 3907 3909 3908
v -0.000136066762 -0.00507494624 -0.00127477524
v 0.000188393494 -0.00435901129 -0.000874462057
v 1.39191087e-05 -0.00419807948 -0.000965580148
f 3910 3912 3911
v 0.000488626074 -0.00461139643 -0.000606565573
v 0.000296038547 -0.00445264122 -0.000315141097
v 0.000188393494 -0.00435901129 -0.000874462057
f 3913 3915 3914
v 0.00026642283 -0.00523521085 -0.000958061719
v 0.000488626074 -0.00461139643 -0.000606565573
v 0.000188393494 -0.00435901129 -0.000874462057
f 3916 3918 3917
v 0.000188393494 -0.00435901129 -0.000874462057
v 0.000296038547 -0.00445264122 -0.000315141097
v -0.000191300751 -0.00402229598 -0.0010501004
f 3919 3921 3920
v 3.63985691e-05 -0.00434645663 -0.000143818579
v 0.000326464374 -0.00425279468 0.000635419701
v -0.000291247716 -0.00415674986 0.000515578449
f 3922 3924 3923
v -0.000598689348 -0.00406904765 0.00114759423
v -0.000291247716 -0.00415674986 0.000515578449
v 0.000326464374 -0.00425279468 0.000635419701
f 3925 3927 3926
v 0.000320923709 -0.00419331809 0.00118291628
v -0.000598689348 -0.00406904765 0.00114759423
v 0.000326464374 -0.00425279468 0.000635419701
f 3928 3930 3929
v 0.000446005015 -0.00474948683 0.00148233603
v 0.000452375252 -0.00441805569 0.0013194991
v 0.000548208845 -0.0052856376 0.00139490039
f 3931 3933 3932
v 0.000548208845 -0.0052856376 0.00139490039
v 0.000293187895 -0.00493215703 0.00183079464
v 0.000446005015 -0.00474948683 0.00148233603
f 3934 3936 3935
v 0.000320923709 -0.00419331809 0.00118291628
v 0.00032321509 -0.00417252777 0.00157534196
v -0.000598689348 -0.00406904765 0.00114759423
f 3937 3939 3938
v 0.000452375252 -0.00441805569 0.0013194991
v 0.00032321509 -0.00417252777 0.00157534196
v 0.000320923709 -0.00419331809 0.00118291628
f 3940 3942 3941
v 0.000158277908 -0.0041917232 0.00188136837
v 0.000293187895 -0.00493215703 0.00183079464
v -6.62862476e-05 -0.00453131906 0.00227344062
f 3943 3945 3944
v 0.000604349361 -0.00432224806 -0.000116911997
v 0.000296038547 -0.00445264122 -0.000315141097
v 0.000550187769 -0.00456114758 -0.000410557641
f 3946 3948 3947
v 0.000734677542 -0.00498870286 -0.000171951706
v 0.000776953584 -0.00489206795 0.000213989097
v 0.000604349361 -0.00432224806 -0.000116911997
f 3949 3951 3950
v 0.000622586003 -0.00428313615 0.000143463831
v 0.000636349569 -0.00434848225 0.000374809315
v 0.000326464374 -0.00425279468 0.000635419701
f 3952 3954 3953
v 0.000601398779 -0.0043353426 0.000655924123
v 0.000636349569 -0.00434848225 0.000374809315
v 0.000776953584 -0.00489206795 0.000213989097
f 3955 3957 3956
v 0.000636349569 -0.00434848225 0.000374809315
v 0.000622586003 -0.00428313615 0.000143463831
v 0.000776953584 -0.00489206795 0.000213989097
f 3958 3960 3959
v 0.000489767444 -0.00420524339 0.00107045107
v 0.000552222627 -0.00421946206 0.000812336384
v 0.000452375252 -0.00441805569 0.0013194991
f 3961 3963 3962
v 0.000548208845 -0.0052856376 0.00139490039
v 0.000452375252 -0.00441805569 0.0013194991
v 0.000776953584 -0.00489206795 0.000213989097
f 3964 3966 3965
v 0.000552222627 -0.00421946206 0.000812336384
v 0.000489767444 -0.00420524339 0.00107045107
v 0.000320923709 -0.00419331809 0.00118291628
f 3967 3969 3968
v -0.000637903986 -0.00517165026 -0.00150768665
v -0.000907710637 -0.0041198542 -0.00135130849
v -0.001473669 -0.00488803344 -0.00158972125
f 3970 3972 3971
v 0.000776953584 -0.00489206795 0.000213989097
v 0.000811764858 -0.00583463443 0.000394160816
v 0.000740656242 -0.0062403662 0.0010277744
f 3973 3975 3974
v -0.000585068528 -0.0068135545 -0.00153622732
v -0.000492929757 -0.00716935538 -0.00143839006
v -0.00047067756 -0.00640255967 -0.00150329997
f 3976 3978 3977
v -4.66275935e-05 -0.0121732315 0.00257709089
v 0.00072449252 -0.0123540871 0.00193517953
v -8.48120067e-05 -0.0130865446 0.00253363942
f 3979 3981 3980
v -4.66275935e-05 -0.0121732315 0.00257709089
v 0.000234405661 -0.0109818808 0.00221658393
v 0.00072449252 -0.0123540871 0.00193517953
f 3982 3984 3983
v 0.000647294701 -0.0116556919 0.00192308289
v 0.00072449252 -0.0123540871 0.00193517953
v 0.000234405661 -0.0109818808 0.00221658393
f 3985 3987 3986
v 0.000647294701 -0.0116556919 0.00192308289
v 0.000920044295 -0.0117675067 0.00153719629
v 0.00101712676 -0.012202144 0.00135881937
f 3988 3990 3989
v 0.000920044295 -0.0117675067 0.00153719629
v 0.0010258711 -0.0117678544 0.00111615136
v 0.00101712676 -0.012202144 0.00135881937
f 3991 3993 3992
v 0.000647294701 -0.0116556919 0.00192308289
v 0.00101712676 -0.012202144 0.00135881937
v 0.00072449252 -0.0123540871 0.00193517953
f 3994 3996 3995
v 0.000647294701 -0.0116556919 0.00192308289
v 0.00062825593 -0.0110091569 0.00185863864
v 0.000941933286 -0.011390914 0.00128703659
f 3997 3999 3998
v 0.000941933286 -0.011390914 0.00128703659
v 0.000920044295 -0.0117675067 0.00153719629
v 0.000647294701 -0.0116556919 0.00192308289
f 4000 4002 4001
v 0.0010258711 -0.0117678544 0.00111615136
v 0.000941933286 -0.011390914 0.00128703659
v 0.00101390733 -0.0117774696 0.000835491755
f 4003 4005 4004
v 0.000920044295 -0.0117675067 0.00153719629
v 0.000941933286 -0.011390914 0.00128703659
v 0.0010258711 -0.0117678544 0.00111615136
f 4006 4008 4007
v 0.000234405661 -0.0109818808 0.00221658393
v 0.00062825593 -0.0110091569 0.00185863864
v 0.000647294701 -0.0116556919 0.00192308289
f 4009 4011 4010
v 0.000775681565 -0.00980360055 0.00166221125
v 0.000866863957 -0.0106517764 0.00124941198
v 0.000621083518 -0.0103523031 0.00185573808
f 4012 4014 4013
v 0.000775681565 -0.00980360055 0.00166221125
v 0.000959714725 -0.0102032827 0.000505691787
v 0.000866863957 -0.0106517764 0.00124941198
f 4015 4017 4016
v 0.000621083518 -0.0103523031 0.00185573808
v 0.00062825593 -0.0110091569 0.00185863864
v 0.000234405661 -0.0109818808 0.00221658393
f 4018 4020 4019
v 0.000294120241 -0.00952559785 0.00225740387
v 0.000621503978 -0.00979218894 0.00192078824
v 0.000621083518 -0.0103523031 0.00185573808
f 4021 4023 4022
v 0.000621083518 -0.0103523031 0.00185573808
v 0.000744907629 -0.0106238942 0.00167217186
v 0.00062825593 -0.0110091569 0.00185863864
f 4024 4026 4025
v 0.000941933286 -0.011390914 0.00128703659
v 0.000866863957 -0.0106517764 0.00124941198
v 0.000960431953 -0.0110556844 0.000605867808
f 4027 4029 4028
v 0.000843845646 -0.0110142311 0.00148686049
v 0.000866863957 -0.0106517764 0.00124941198
v 0.000941933286 -0.011390914 0.00128703659
f 4030 4032 4031
v -0.00061810033 -0.0120834309 0.00292519271
v -4.66275935e-05 -0.0121732315 0.00257709089
v -0.000527668544 -0.0128083586 0.00300465035
f 4033 4035 4034
v 0.000907178037 -0.0113581504 0.000105562094
v 0.000960431953 -0.0110556844 0.000605867808
v 0.000943496161 -0.0107215848 7.49391745e-05
f 4036 4038 4037
v 0.000124507892 -0.00849781864 0.00223581574
v 0.000294120241 -0.00952559785 0.00225740387
v -0.00029816847 -0.00883220346 0.00264383179
f 4039 4041 4040
v 0.000816934789 -0.00916109857 0.000793222171
v 0.000945348984 -0.00954399075 0.000241853104
v 0.000959714725 -0.0102032827 0.000505691787
f 4042 4044 4043
v 0.000687290139 -0.00912838586 0.00160822092
v 0.000781166636 -0.00950255926 0.00143088637
v 0.000550463665 -0.00938335288 0.00197878817
f 4045 4047 4046
v 0.000781166636 -0.00950255926 0.00143088637
v 0.000687290139 -0.00912838586 0.00160822092
v 0.000655265694 -0.0087218541 0.00142979716
f 4048 4050 4049
v 0.000792727042 -0.00760880139 0.00164255052
v 0.000812558483 -0.00703598416 0.00110106866
v 0.000719494437 -0.00801132919 0.000886818634
f 4051 4053 4052
v 0.00077546747 -0.00790818085 0.00180379902
v 0.000705257435 -0.00815213498 0.00164954799
v 0.00046546279 -0.00807706456 0.00199244714
f 4054 4056 4055
v 0.00077546747 -0.00790818085 0.00180379902
v 0.000792727042 -0.00760880139 0.00164255052
v 0.000705257435 -0.00815213498 0.00164954799
f 4057 4059 4058
v 0.000461633908 -0.00762971249 0.00206018594
v 0.00077546747 -0.00790818085 0.00180379902
v 0.00046546279 -0.00807706456 0.00199244714
f 4060 4062 4061
v -0.000289852869 -0.00790594204 0.00260852812
v -0.000325421661 -0.00687035426 0.00266556599
v 0.00046546279 -0.00807706456 0.00199244714
f 4063 4065 4064
v 0.000461633908 -0.00762971249 0.00206018594
v 0.00046546279 -0.00807706456 0.00199244714
v -0.000325421661 -0.00687035426 0.00266556599
f 4066 4068 4067
v 8.14839836e-05 -0.00606061294 0.00229630787
v 0.000461633908 -0.00762971249 0.00206018594
v -0.000339583926 -0.00605436471 0.00269896864
f 4069 4071 4070
v 8.14839836e-05 -0.00606061294 0.00229630787
v 0.000551490984 -0.00712911205 0.00197208228
v 0.000461633908 -0.00762971249 0.00206018594
f 4072 4074 4073
v 8.14839836e-05 -0.00606061294 0.00229630787
v 0.000614681448 -0.00641383158 0.00172589989
v 0.000551490984 -0.00712911205 0.00197208228
f 4075 4077 4076
v 0.000812558483 -0.00703598416 0.00110106866
v 0.000792727042 -0.00760880139 0.00164255052
v 0.000738219615 -0.00681581369 0.00157404393
f 4078 4080 4079
v 0.000551490984 -0.00712911205 0.00197208228
v 0.000759462228 -0.00715872375 0.00173707176
v 0.000792727042 -0.00760880139 0.00164255052
f 4081 4083 4082
v 0.000614681448 -0.00641383158 0.00172589989
v 0.000364591551 -0.00568078176 0.00190423852
v 0.000643422118 -0.00606699177 0.00144851001
f 4084 4086 4085
v 0.000547998661 -0.00566640301 0.00161395292
v 0.000643422118 -0.00606699177 0.00144851001
v 0.000364591551 -0.00568078176 0.00190423852
f 4087 4089 4088
v 0.000293187895 -0.00493215703 0.00183079464
v 0.000364591551 -0.00568078176 0.00190423852
v 8.14839836e-05 -0.00606061294 0.00229630787
f 4090 4092 4091
v 8.14839836e-05 -0.00606061294 0.00229630787
v -0.000339583926 -0.00605436471 0.00269896864
v -0.000443456065 -0.00476294226 0.00265280141
f 4093 4095 4094
v 0.000792727042 -0.00760880139 0.00164255052
v 0.00077546747 -0.00790818085 0.00180379902
v 0.000461633908 -0.00762971249 0.00206018594
f 4096 4098 4097
v -0.00313720484 -0.011732275 0.0026029802
v -0.00360113991 -0.0118508528 0.00201744224
v -0.00337823476 -0.0113712282 0.0022403914
f 4099 4101 4100
v -0.00246921281 -0.011460622 0.00294169658
v -0.00230697533 -0.0123114034 0.00285883234
v -0.00284999005 -0.0123842256 0.00268365911
f 4102 4104 4103
v -0.00060849984 -0.0118053824 -0.0013259636
v -0.000506211472 -0.0113349597 -0.00124898597
v -0.00140260881 -0.0114070688 -0.00128608444
f 4105 4107 4106
v -0.00103824468 -0.0122524099 0.00299422845
v -0.00061810033 -0.0120834309 0.00292519271
v -0.000825415646 -0.0126485727 0.00310418909
f 4108 4110 4109
v -0.00301232485 -0.0187119702 -0.00108561926
v -0.00260469296 -0.0188204547 -0.00127808162
v -0.00251504061 -0.0184911769 -0.00132667155
f 4111 4113 4112
v -0.0024209623 -0.0144268459 -0.00113043952
v -0.00242763072 -0.0151691725 -0.00124959297
v -0.00187315018 -0.0146078484 -0.00129764685
f 4114 4116 4115
v -0.00193916349 -0.00808861005 -0.00143907382
v -0.00159472147 -0.00724627389 -0.00142862446
v -0.00224210708 -0.00751033294 -0.0013366689
f 4117 4119 4118
v -0.00212379964 -0.00654402465 -0.00160579621
v -0.00139783306 -0.00685126943 -0.00146123002
v -0.00194748573 -0.00617305122 -0.00162604665
f 4120 4122 4121
v -0.000958251167 -0.0130235334 0.00310182077
v -0.000825415646 -0.0126485727 0.00310418909
v -0.000527668544 -0.0128083586 0.00300465035
f 4123 4125 4124
v -0.000671451016 -0.0110847323 0.00277110703
v -0.00061810033 -0.0120834309 0.00292519271
v -0.000940891914 -0.0118925716 0.00297938677
f 4126 4128 4127
v -0.00353682299 -0.0188688486 -0.000896556776
v -0.00364579791 -0.0185709563 -0.00034627019
v -0.00328697279 -0.0188075865 -0.000640369944
f 4129 4131 4130
v -0.00380526471 -0.0121779492 0.0013482877
v -0.00368551264 -0.0114629642 0.000839798304
v -0.00373584953 -0.0114662864 0.001589368
f 4132 4134 4133
v -1.31218997e-05 -0.0166885889 -0.00123628051
v -0.00036140641 -0.0167159931 -0.00127585317
v 8.88262889e-05 -0.0168431347 -0.00112191756
f 4135 4137 4136
v -0.00155986454 -0.0191171712 -0.00112809066
v -0.00191451163 -0.0186785939 -0.00128858082
v -0.00212993127 -0.0189657541 -0.00124681537
f 4138 4140 4139
v -0.00047384292 -0.017823909 -0.0011634007
v 8.88262889e-05 -0.0168431347 -0.00112191756
v -0.00036140641 -0.0167159931 -0.00127585317
f 4141 4143 4142
v 0.000787486442 -0.0140010598 -0.000187228773
v 0.000732153012 -0.013234865 -0.000213826479
v 0.000466740721 -0.01350885 -0.000572032059
f 4144 4146 4145
v 0.000732153012 -0.013234865 -0.000213826479
v 0.000839305267 -0.012175311 -2.55260204e-05
v 0.000495816721 -0.0115184557 -0.000546334741
f 4147 4149 4148
v -0.00394961098 -0.00997075986 0.00148754843
v -0.00380660276 -0.00954668649 0.00184645905
v -0.00344921646 -0.00990990011 0.00207622652
f 4150 4152 4151
v 0.000959714725 -0.0102032827 0.000505691787
v 0.000987457406 -0.0102110003 8.38191625e-05
v 0.000943496161 -0.0107215848 7.49391745e-05
f 4153 4155 4154
v -0.000468333565 -0.00423281053 0.0025437208
v -0.000106486152 -0.00416548901 0.00221379123
v -6.62862476e-05 -0.00453131906 0.00227344062
f 4156 4158 4157
v -0.00388948574 -0.0190720079 -0.00103257462
v -0.0040838604 -0.0189703802 -0.00099114568
v -0.00398731063 -0.0190585299 -0.000903677756
f 4159 4161 4160
v -0.00388948574 -0.0190720079 -0.00103257462
v -0.00397635486 -0.0189985003 -0.00111265854
v -0.0040838604 -0.0189703802 -0.00099114568
f 4162 4164 4163
v -0.00401006328 -0.0186409699 -0.000830151112
v -0.0040838604 -0.0189703802 -0.00099114568
v -0.0037852169 -0.0187130005 -0.00106184816
f 4165 4167 4166
v -0.00309167772 -0.0187522674 -0.000880171501
v -0.00308958406 -0.0187399215 -0.000877429557
v -0.00299703952 -0.0186791483 -0.00105461113
f 4168 4170 4169
v -0.00309167772 -0.0187522674 -0.000880171501
v -0.00299703952 -0.0186791483 -0.00105461113
v -0.00302286699 -0.0187282189 -0.00108009899
f 4171 4173 4172
v -0.00373204239 -0.0186997844 -0.0010670854
v -0.00373491712 -0.0186972669 -0.00107603919
v -0.00359697879 -0.0182327669 -0.000971660484
f 4174 4176 4175
v -0.0037852169 -0.0187130005 -0.00106184816
v -0.00373491712 -0.0186972669 -0.00107603919
v -0.00373204239 -0.0186997844 -0.0010670854
f 4177 4179 4178
v -0.00365453379 -0.0186679419 -0.00109440898
v -0.00353682299 -0.0188688486 -0.000896556776
v -0.00301232485 -0.0187119702 -0.00108561926
f 4180 4182 4181
v -0.00353682299 -0.0188688486 -0.000896556776
v -0.00385999374 -0.0188562728 -0.000646558965
v -0.00364579791 -0.0185709563 -0.00034627019
f 4183 4185 4184
v -0.002974583 -0.0188237886 -0.000860890941
v -0.00309167772 -0.0187522674 -0.000880171501
v -0.00312013071 -0.0187557249 -0.000821349931
f 4186 4188 4187
v -0.00312013071 -0.0187557249 -0.000821349931
v -0.00308958406 -0.0187399215 -0.000877429557
v -0.00313602723 -0.018749552 -0.000847295087
f 4189 4191 4190
v -0.00312798875 -0.0182982112 -0.00114400627
v -0.00299703952 -0.0186791483 -0.00105461113
v -0.00251504061 -0.0184911769 -0.00132667155
f 4192 4194 4193
v -0.00308958406 -0.0187399215 -0.000877429557
v -0.00309167772 -0.0187522674 -0.000880171501
v -0.002974583 -0.0188237886 -0.000860890941
f 4195 4197 4196
v -0.00364366788 -0.0144638703 0.00209166374
v -0.00369198133 -0.0145398939 0.00204370335
v -0.00370261187 -0.0145389073 0.00204737098
f 4198 4200 4199
v -0.00364366788 -0.0144638703 0.00209166374
v -0.00370261187 -0.0145389073 0.00204737098
v -0.00370013076 -0.0145011742 0.0020620173
f 4201 4203 4202
v -0.00312798875 -0.0182982112 -0.00114400627
v -0.00301232485 -0.0187119702 -0.00108561926
v -0.00299703952 -0.0186791483 -0.00105461113
f 4204 4206 4205
v -0.00313588062 -0.0161453951 -0.000640911276
v -0.00338205718 -0.0167555219 -0.000295735117
v -0.0029100469 -0.0163206074 -0.000916879253
f 4207 4209 4208
v -0.00372615978 -0.0151111468 -0.000239880683
v -0.0034840632 -0.0150058331 -0.000657961664
v -0.0034250108 -0.0144760357 -0.000486769386
f 4210 4212 4211
v -0.00242763072 -0.0151691725 -0.00124959297
v -0.00290699572 -0.0154607449 -0.0010877231
v -0.00252438294 -0.0158181952 -0.00125275656
f 4213 4215 4214
v -0.0024209623 -0.0144268459 -0.00113043952
v -0.00287426592 -0.0143878715 -0.000915179044
v -0.00242763072 -0.0151691725 -0.00124959297
f 4216 4218 4217
v -0.0034250108 -0.0144760357 -0.000486769386
v -0.00292701588 -0.0138428266 -0.000862704292
v -0.00339857506 -0.0139191776 -0.000501834438
f 4219 4221 4220
v -0.00363480831 -0.0124715632 -0.000146519869
v -0.00359543119 -0.0127173902 0.000584682766
v -0.00365975138 -0.0127994121 -0.000326318423
f 4222 4224 4223
v -0.0024935207 -0.0123905644 -0.00109494595
v -0.00240094105 -0.0133423178 -0.00114550166
v -0.00190244627 -0.0126482657 -0.00124515191
f 4225 4227 4226
v -0.00361078746 -0.0116183292 -0.00060258526
v -0.00371371862 -0.0113313341 -0.000740748874
v -0.00393731643 -0.011273579 -0.000509512665
f 4228 4230 4229
v -0.00309625575 -0.0128427375 -0.000796308541
v -0.00347598107 -0.0134668648 -0.000575362174
v -0.00292701588 -0.0138428266 -0.000862704292
f 4231 4233 4232
v -0.0032908938 -0.018821191 0.000875206388
v -0.00352003226 -0.0187407248 0.00126380364
v -0.00310164578 -0.0188096921 0.00158516887
f 4234 4236 4235
v -0.00356899545 -0.0184216784 0.00150193819
v -0.00336695375 -0.0186821562 0.00199333681
v -0.0034080851 -0.0185720564 0.00170521398
f 4237 4239 4238
v -0.00385999374 -0.0188562728 -0.000646558965
v -0.00375469317 -0.0186901569 -0.000504171567
v -0.00364579791 -0.0185709563 -0.00034627019
f 4240 4242 4241
v -0.00316283549 -0.0189671904 -0.000427011219
v -0.00337091406 -0.0188921025 4.97166582e-05
v -0.00328500937 -0.0190615814 -4.80961319e-05
f 4243 4245 4244
v -0.002974583 -0.0188237886 -0.000860890941
v -0.00328697279 -0.0188075865 -0.000640369944
v -0.00316283549 -0.0189671904 -0.000427011219
f 4246 4248 4247
v -0.00271899135 -0.0192226173 0.0022707738
v -0.00293967587 -0.0190551422 0.00220442016
v -0.0024077568 -0.0193998596 0.00236465639
f 4249 4251 4250
v -0.00176224985 -0.0197898655 0.00208793099
v -0.00208675174 -0.019631855 0.00245329102
v -0.00170630683 -0.0198608192 0.00256217227
f 4252 4254 4253
v -0.00356853452 -0.0184010278 0.00201115035
v -0.00356899545 -0.0184216784 0.00150193819
v -0.00373381117 -0.0179754163 0.00174532634
f 4255 4257 4256
v -0.00356853452 -0.0184010278 0.00201115035
v -0.00373381117 -0.0179754163 0.00174532634
v -0.00366790046 -0.0179763869 0.00203943855
f 4258 4260 4259
v -0.0040297251 -0.0172347573 0.00168453553
v -0.00378755794 -0.0172761283 0.00134088405
v -0.00387444124 -0.016898998 0.00136671242
f 4261 4263 4262
v -0.00378755794 -0.0172761283 0.00134088405
v -0.0040297251 -0.0172347573 0.00168453553
v -0.00373810326 -0.0176825473 0.00144574478
f 4264 4266 4265
v -0.00390181158 -0.0175546491 0.00183827833
v -0.00373381117 -0.0179754163 0.00174532634
v -0.00373810326 -0.0176825473 0.00144574478
f 4267 4269 4268
v -0.00390181158 -0.0175546491 0.00183827833
v -0.00373810326 -0.0176825473 0.00144574478
v -0.0040297251 -0.0172347573 0.00168453553
f 4270 4272 4271
v -0.00357830177 -0.0166094804 0.000858319709
v -0.00361564489 -0.0168810526 0.00104292412
v -0.00360633967 -0.0174047964 0.000469485622
f 4273 4275 4274
v -0.00361564489 -0.0168810526 0.00104292412
v -0.00387444124 -0.016898998 0.00136671242
v -0.00378755794 -0.0172761283 0.00134088405
f 4276 4278 4277
v -0.00334202668 -0.0183365773 0.00234913441
v -0.00336695375 -0.0186821562 0.00199333681
v -0.00356853452 -0.0184010278 0.00201115035
f 4279 4281 4280
v -0.00366790046 -0.0179763869 0.00203943855
v -0.00334202668 -0.0183365773 0.00234913441
v -0.00356853452 -0.0184010278 0.00201115035
f 4282 4284 4283
v -0.00270712499 -0.0174619432 0.00305523063
v -0.0021440268 -0.0168988758 0.00310730975
v -0.00213429194 -0.0178131682 0.00312798729
f 4285 4287 4286
v -0.00202515675 -0.0191359373 -0.000844942042
v -0.00140666089 -0.0192170162 -0.000491734772
v -0.00155986454 -0.0191171712 -0.00112809066
f 4288 4290 4289
v -0.00202515675 -0.0191359373 -0.000844942042
v -0.00155986454 -0.0191171712 -0.00112809066
v -0.00193116775 -0.0191240368 -0.0011165921
f 4291 4293 4292
v -0.00363364015 -0.0146306324 0.00216843764
v -0.00370261187 -0.0145389073 0.00204737098
v -0.00369198133 -0.0145398939 0.00204370335
f 4294 4296 4295
v -0.00363364015 -0.0146306324 0.00216843764
v -0.00369198133 -0.0145398939 0.00204370335
v -0.00364366788 -0.0144638703 0.00209166374
f 4297 4299 4298
v -0.00381668833 -0.0148854175 0.0015350186
v -0.00367125976 -0.0149402811 0.000985022416
v -0.0039223145 -0.01436819 0.0014224147
f 4300 4302 4301
v -0.00379880184 -0.012969278 0.00190679493
v -0.00389966808 -0.0132530215 0.00131990573
v -0.00383962943 -0.012636224 0.00140140655
f 4303 4305 4304
v -0.00360113991 -0.0118508528 0.00201744224
v -0.00369026347 -0.0120826509 0.00183392694
v -0.00380526471 -0.0121779492 0.0013482877
f 4306 4308 4307
v -0.00360113991 -0.0118508528 0.00201744224
v -0.00369201698 -0.0120825134 0.00183453194
v -0.00369026347 -0.0120826509 0.00183392694
f 4309 4311 4310
v -0.00360113991 -0.0118508528 0.00201744224
v -0.00338798454 -0.0122023899 0.00236324122
v -0.00367879511 -0.0120711273 0.00186705329
f 4312 4314 4313
v -0.00374878691 -0.0122574158 0.00174196575
v -0.00369201698 -0.0120825134 0.00183453194
v -0.00369026347 -0.0120826509 0.00183392694
f 4315 4317 4316
v -0.00369026347 -0.0120826509 0.00183392694
v -0.00369201698 -0.0120825134 0.00183453194
v -0.00367879511 -0.0120711273 0.00186705329
f 4318 4320 4319
v -0.000911992083 -0.0137314899 0.00309322531
v -0.0014815183 -0.0132891102 0.00298803243
v -0.000751126163 -0.0133399604 0.00317621343
f 4321 4323 4322
v -0.00303036104 -0.016175535 0.0027055532
v -0.0038141141 -0.0161639357 0.00225398217
v -0.00345738408 -0.0156292532 0.00247502485
f 4324 4326 4325
v -0.00187547175 -0.0180382267 -0.0013500694
v -0.00251504061 -0.0184911769 -0.00132667155
v -0.00208828169 -0.0184634118 -0.00138584237
f 4327 4329 4328
v -0.00243961258 -0.0178118367 -0.00129257915
v -0.00187547175 -0.0180382267 -0.0013500694
v -0.00205511533 -0.0175369423 -0.00135623686
f 4330 4332 4331
v -0.00186538418 -0.0161954638 -0.00142121808
v -0.00168723163 -0.0166141312 -0.00139651074
v -0.00114510158 -0.0164155004 -0.00136189865
f 4333 4335 4334
v -0.000875067144 -0.0143562982 -0.00134123857
v -0.000746126216 -0.0151943459 -0.00136158706
v -3.12159216e-05 -0.0147395142 -0.00105159888
f 4336 4338 4337
v -0.0024209623 -0.0144268459 -0.00113043952
v -0.00187315018 -0.0146078484 -0.00129764685
v -0.00200206796 -0.0140075499 -0.00122391884
f 4339 4341 4340
v -0.000938784979 -0.0133007372 -0.0014081359
v -0.00200206796 -0.0140075499 -0.00122391884
v -0.000875067144 -0.0143562982 -0.00134123857
f 4342 4344 4343
v -0.000938784979 -0.0133007372 -0.0014081359
v -0.000875067144 -0.0143562982 -0.00134123857
v -0.000855708549 -0.0137939875 -0.00136580038
f 4345 4347 4346
v -0.000875067144 -0.0143562982 -0.00134123857
v -3.12159216e-05 -0.0147395142 -0.00105159888
v -0.000406487288 -0.0137977375 -0.00118995977
f 4348 4350 4349
v -3.12159216e-05 -0.0147395142 -0.00105159888
v -8.48585501e-05 -0.0142052668 -0.00101197111
v -0.000406487288 -0.0137977375 -0.00118995977
f 4351 4353 4352
v -0.000294482902 -0.012488557 -0.00136190993
v -0.000599781833 -0.0124785511 -0.00140181837
v -0.000138531925 -0.0127302628 -0.00119626893
f 4354 4356 4355
v -8.48585501e-05 -0.0142052668 -0.00101197111
v 0.000466740721 -0.01350885 -0.000572032059
v 0.000309841835 -0.0128631669 -0.00077269051
f 4357 4359 4358
v -8.48585501e-05 -0.0142052668 -0.00101197111
v 0.000309841835 -0.0128631669 -0.00077269051
v -0.000406487288 -0.0137977375 -0.00118995977
f 4360 4362 4361
v -0.00191693907 -0.0113566348 -0.0012701521
v -0.00140260881 -0.0114070688 -0.00128608444
v -0.0016810407 -0.0108746914 -0.00124764974
f 4363 4365 4364
v -0.000212694795 -0.0120607918 -0.00127686908
v -0.000277383015 -0.0117445183 -0.00129380787
v -0.00060849984 -0.0118053824 -0.0013259636
f 4366 4368 4367
v -0.00029807386 -0.0130187531 -0.00127872117
v -0.000855708549 -0.0137939875 -0.00136580038
v -0.000406487288 -0.0137977375 -0.00118995977
f 4369 4371 4370
v -0.00155986454 -0.0191171712 -0.00112809066
v -0.00212993127 -0.0189657541 -0.00124681537
v -0.00193116775 -0.0191240368 -0.0011165921
f 4372 4374 4373
v 0.000254462452 -0.019469476 0.00150890319
v -4.27615191e-05 -0.0191428684 -4.83129099e-05
v -0.00080639993 -0.0191638028 -0.000348604135
f 4375 4377 4376
v 0.000254462452 -0.019469476 0.00150890319
v -0.00080639993 -0.0191638028 -0.000348604135
v 0.00012913049 -0.0195237546 0.00173637491
f 4378 4380 4379
v -0.00134428692 -0.0190569393 -0.00112237431
v -0.00155986454 -0.0191171712 -0.00112809066
v -0.00140666089 -0.0192170162 -0.000491734772
f 4381 4383 4382
v -0.00176224985 -0.0197898655 0.00208793099
v -0.00170630683 -0.0198608192 0.00256217227
v -0.00136463877 -0.0199569389 0.00246003674
f 4384 4386 4385
v -0.00101691467 -0.0195966786 0.00254762726
v -0.0013240413 -0.0197072339 0.00204193566
v -0.00129945292 -0.019830653 0.00253988346
f 4387 4389 4388
v -0.00378938385 -0.00767708334 0.00139121021
v -0.0037777565 -0.0071776587 0.00149417428
v -0.00363997824 -0.00751286934 0.00182490367
f 4390 4392 4391
v -0.00378938385 -0.00767708334 0.00139121021
v -0.00363997824 -0.00751286934 0.00182490367
v -0.00368663787 -0.00762953277 0.00172103501
f 4393 4395 4394
v 0.000269027964 -0.0191461731 0.000137712721
v 0.000369879785 -0.019064857 0.000424257814
v 0.000472364582 -0.019135722 0.000150632457
f 4396 4398 4397
v 0.000563751701 -0.0189339567 0.000370801831
v 0.000472364582 -0.019135722 0.000150632457
v 0.000369879785 -0.019064857 0.000424257814
f 4399 4401 4400
v 0.000332425884 -0.0190478371 -0.000349097809
v -0.00019709023 -0.0190315652 -0.000536132575
v 0.000435182847 -0.0192654261 -2.15239282e-05
f 4402 4404 4403
v 0.000990132503 -0.0164357756 -5.08538108e-05
v 0.000881506639 -0.0173868335 -0.000189777359
v 0.000996971085 -0.0169555409 7.42524151e-05
f 4405 4407 4406
v 0.00093278868 -0.0173688488 0.00189763814
v 0.00102505783 -0.0174779256 0.00159953888
v 0.000691069681 -0.0183182652 0.00166592199
f 4408 4410 4409
v 0.000993991125 -0.017648119 0.000608437131
v 0.000713582267 -0.0185528857 0.00116737046
v 0.00102505783 -0.0174779256 0.00159953888
f 4411 4413 4412
v 0.00093278868 -0.0173688488 0.00189763814
v 0.00070476699 -0.0171167063 0.00231917402
v 0.000875834758 -0.0171010644 0.00215642431
f 4414 4416 4415
v 0.000466740721 -0.01350885 -0.000572032059
v 0.000879485742 -0.0147242972 -9.49314256e-05
v 0.000787486442 -0.0140010598 -0.000187228773
f 4417 4419 4418
v 0.00101710311 -0.0151798813 0.000917663419
v 0.00104368501 -0.0156296577 0.00130510016
v 0.000979536435 -0.0148186809 0.00114143477
f 4420 4422 4421
v 0.000953962808 -0.016780851 0.00200523082
v 0.00104281917 -0.0163282195 0.00181241503
v 0.00106569205 -0.0165343561 0.00162284723
f 4423 4425 4424
v 0.00104269629 -0.0162162498 0.0015840018
v 0.000898962298 -0.0160421318 0.00195629091
v 0.00106717771 -0.0159961302 0.0015492049
f 4426 4428 4427
v 0.000856835595 -0.0140738775 0.00164214543
v 0.000923800781 -0.0140708478 0.0012171874
v 0.000771409213 -0.0144223901 0.00178979462
f 4429 4431 4430
v 0.000964204082 -0.0124942031 0.00157203067
v 0.00072449252 -0.0123540871 0.00193517953
v 0.00101712676 -0.012202144 0.00135881937
f 4432 4434 4433
v 0.000970022029 -0.012926737 0.00133418671
v 0.000964204082 -0.0124942031 0.00157203067
v 0.00101712676 -0.012202144 0.00135881937
f 4435 4437 4436
v -0.000565345636 -0.013791208 0.00300447664
v -0.000564649599 -0.0137917901 0.00300660158
v -0.000751126163 -0.0133399604 0.00317621343
f 4438 4440 4439
v -9.65268967e-06 -0.0138666423 0.00250870835
v -0.000463572223 -0.0140468619 0.00288580559
v -0.000452801305 -0.0133196329 0.00301159725
f 4441 4443 4442
v 0.00109021521 -0.0171534281 0.00148837426
v 0.0010449573 -0.0171590378 0.00180781644
v 0.000953962808 -0.016780851 0.00200523082
f 4444 4446 4445
v 0.00109021521 -0.0171534281 0.00148837426
v 0.000953962808 -0.016780851 0.00200523082
v 0.00112868111 -0.0167119942 0.00160031177
f 4447 4449 4448
v -0.00394961098 -0.00997075986 0.00148754843
v -0.00382867947 -0.00992222194 0.000997579355
v -0.00404974489 -0.00961508122 0.00128161746
f 4450 4452 4451
v -0.00330574585 -0.0102692458 -0.000909881965
v -0.00335584919 -0.010379422 -0.000906779678
v -0.0029085084 -0.0102839556 -0.00102256563
f 4453 4455 4454
v -0.00330574585 -0.0102692458 -0.000909881965
v -0.00335485456 -0.0103802508 -0.000903692489
v -0.00335584919 -0.010379422 -0.000906779678
f 4456 4458 4457
v -0.00356826786 -0.0104695966 -0.000774964064
v -0.00335584919 -0.010379422 -0.000906779678
v -0.00335485456 -0.0103802508 -0.000903692489
f 4459 4461 4460
v -0.0029085084 -0.0102839556 -0.00102256563
v -0.00335485456 -0.0103802508 -0.000903692489
v -0.00340317056 -0.0105119121 -0.000901381827
f 4462 4464 4463
v -0.0035383222 -0.00960112375 -0.000443917543
v -0.00381639875 -0.0102793747 -0.000325032033
v -0.0038684746 -0.0105055093 -0.000477920366
f 4465 4467 4466
v -0.00368525434 -0.00978531461 -6.85812722e-05
v -0.0035383222 -0.00960112375 -0.000443917543
v -0.00362028768 -0.00926534121 -7.51886148e-05
f 4468 4470 4469
v -0.00371007372 -0.00795294982 0.000570665088
v -0.00368928086 -0.0059975122 0.000662714319
v -0.0037777565 -0.0071776587 0.00149417428
f 4471 4473 4472
v -0.00374186166 -0.00402386904 0.00124824946
v -0.00371875831 -0.00402851911 0.00124013295
v -0.00367277426 -0.0039595554 0.00131207526
f 4474 4476 4475
v -0.00374186166 -0.00402386904 0.00124824946
v -0.00367277426 -0.0039595554 0.00131207526
v -0.00369485242 -0.00391037647 0.00140043421
f 4477 4479 4478
v -0.00356665696 -0.00749354876 0.00194859404
v -0.00368561414 -0.00762963973 0.00172067957
v -0.00363997824 -0.00751286934 0.00182490367
f 4480 4482 4481
v -0.00376684948 -0.00815306485 0.000886470389
v -0.00378938385 -0.00767708334 0.00139121021
v -0.00394203198 -0.0083951556 0.00143048092
f 4483 4485 4484
v -0.00382620528 -0.00855210455 -0.000324690154
v -0.00371660608 -0.00790886552 -0.000666199048
v -0.00381069731 -0.007751659 -0.000320871914
f 4486 4488 4487
v -0.00381069731 -0.007751659 -0.000320871914
v -0.00371660608 -0.00790886552 -0.000666199048
v -0.00367128705 -0.00750547188 -0.000452487075
f 4489 4491 4490
v -0.00224210708 -0.00751033294 -0.0013366689
v -0.00159472147 -0.00724627389 -0.00142862446
v -0.00230771966 -0.00700186574 -0.00140109678
f 4492 4494 4493
v -0.00356892015 -0.00895870398 -0.000443021145
v -0.00382620528 -0.00855210455 -0.000324690154
v -0.00374074843 -0.00873974132 -0.000128073862
f 4495 4497 4496
v -0.00356665696 -0.00749354876 0.00194859404
v -0.0037478545 -0.00672303286 0.00165219171
v -0.00320093422 -0.00670314985 0.00242586193
f 4498 4500 4499
v -0.00194748573 -0.00617305122 -0.00162604665
v -0.00216674853 -0.00580809683 -0.00161832904
v -0.00244560943 -0.00585104681 -0.00146993243
f 4501 4503 4502
v -0.00365708511 -0.00395608404 3.86940854e-05
v -0.0036418216 -0.00393623959 1.41700184e-05
v -0.00376592761 -0.0039219387 0.000336490007
f 4504 4506 4505
v -0.00362261271 -0.00396928554 -7.61156471e-07
v -0.00362794999 -0.0039646784 -1.74238721e-05
v -0.00355939628 -0.00396429714 -6.0244929e-06
f 4507 4509 4508
v -0.0036418216 -0.00393623959 1.41700184e-05
v -0.00362794999 -0.0039646784 -1.74238721e-05
v -0.00362261271 -0.00396928554 -7.61156471e-07
f 4510 4512 4511
v -0.0036418216 -0.00393623959 1.41700184e-05
v -0.00362261271 -0.00396928554 -7.61156471e-07
v -0.00355939628 -0.00396429714 -6.0244929e-06
f 4513 4515 4514
v -0.00355939628 -0.00396429714 -6.0244929e-06
v -0.00362794999 -0.0039646784 -1.74238721e-05
v -0.00355508528 -0.00423452548 -0.000186771013
f 4516 4518 4517
v -0.00341805207 -0.00395538045 -0.000126528812
v -0.00355939628 -0.00396429714 -6.0244929e-06
v -0.00355508528 -0.00423452548 -0.000186771013
f 4519 4521 4520
v -0.00362261271 -0.00396928554 -7.61156471e-07
v -0.00362794999 -0.0039646784 -1.74238721e-05
v -0.00365708511 -0.00395608404 3.86940854e-05
f 4522 4524 4523
v -0.00377245415 -0.00416370785 0.00110370784
v -0.00374186166 -0.00402386904 0.00124824946
v -0.00371875831 -0.00402851911 0.00124013295
f 4525 4527 4526
v -0.00371875831 -0.00402851911 0.00124013295
v -0.00374186166 -0.00402386904 0.00124824946
v -0.00369977024 -0.00402947589 0.00135120672
f 4528 4530 4529
v -0.0036469919 -0.00410299945 0.00107294463
v -0.00375660493 -0.00404853017 0.00119057659
v -0.00377245415 -0.00416370785 0.00110370784
f 4531 4533 4532
v -0.0036153182 -0.00401205725 0.00151236309
v -0.00345074404 -0.00394475537 0.00147532319
v -0.00345201734 -0.00402085243 0.00169868727
f 4534 4536 4535
v -0.0036153182 -0.00401205725 0.00151236309
v -0.00367277426 -0.0039595554 0.00131207526
v -0.00369561894 -0.00397996228 0.00138086953
f 4537 4539 4538
v -0.00332734562 -0.00388763328 0.00192837924
v -0.00336729536 -0.00400117242 0.00188088416
v -0.00345201734 -0.00402085243 0.00169868727
f 4540 4542 4541
v -0.00332734562 -0.00388763328 0.00192837924
v -0.00337460478 -0.00400049576 0.00188340546
v -0.00336729536 -0.00400117242 0.00188088416
f 4543 4545 4544
v -0.00347146961 -0.00414761053 0.00177070069
v -0.00337460478 -0.00400049576 0.00188340546
v -0.00336729536 -0.00400117242 0.00188088416
f 4546 4548 4547
v -0.00336729536 -0.00400117242 0.00188088416
v -0.00337460478 -0.00400049576 0.00188340546
v -0.0032798951 -0.00384989871 0.00201392158
f 4549 4551 4550
v -0.00153049732 -0.00383067709 -0.00140268712
v -0.00143266243 -0.00385819985 -0.00113949209
v -0.00153483415 -0.00386248903 -0.0013760291
f 4552 4554 4553
v -0.00153049732 -0.00383067709 -0.00140268712
v -0.00153483415 -0.00386248903 -0.0013760291
v -0.00154375139 -0.0038548842 -0.00140321099
f 4555 4557 4556
v -0.00369561894 -0.00397996228 0.00138086953
v -0.00369977024 -0.00402947589 0.00135120672
v -0.00369485242 -0.00391037647 0.00140043421
f 4558 4560 4559
v -0.00369977024 -0.00402947589 0.00135120672
v -0.00374186166 -0.00402386904 0.00124824946
v -0.00369485242 -0.00391037647 0.00140043421
f 4561 4563 4562
v -0.00242363421 -0.00397864897 0.00197655245
v -0.00257770298 -0.00392358379 0.00256348849
v -0.00284066482 -0.0038872884 0.00242423084
f 4564 4566 4565
v -0.00330303119 -0.00399414312 -0.000642999566
v -0.0031871914 -0.00396813084 -0.000764133529
v -0.00344164764 -0.00393094997 -0.000473530508
f 4567 4569 4568
v -0.0031871914 -0.00396813084 -0.000764133529
v -0.00303304041 -0.00395805 -0.000917881698
v -0.00279973774 -0.00392842594 -0.00108891363
f 4570 4572 4571
v -0.00185306326 -0.0038587892 -0.00139161166
v -0.00154375139 -0.0038548842 -0.00140321099
v -0.00153483415 -0.00386248903 -0.0013760291
f 4573 4575 4574
v -0.00195387111 -0.00410252287 0.00277816325
v -0.00223619045 -0.00400676472 0.00274002159
v -0.00189881066 -0.00417606898 0.00263609636
f 4576 4578 4577
v -0.00294174606 -0.00952440605 0.00240029785
v -0.00235107127 -0.0100056306 0.00284455327
v -0.00243143295 -0.0104463048 0.00294936217
f 4579 4581 4580
v -0.00204390362 -0.00780548944 0.0027622189
v -0.0029631934 -0.00851811856 0.00241751986
v -0.00276280589 -0.00778286412 0.00255373252
f 4582 4584 4583
v -0.000861615445 -0.00788089601 0.00284149974
v -0.000707210165 -0.00696224233 0.0028320519
v -0.000289852869 -0.00790594204 0.00260852812
f 4585 4587 4586
v -0.00134921765 -0.00427916784 0.00281487246
v -0.00102420081 -0.00423241618 0.00259014596
v -0.000992483183 -0.00442310666 0.00279584347
f 4588 4590 4589
v -0.00182750555 -0.00955751239 -0.00121328812
v -0.0014196241 -0.00990866683 -0.00133661724
v -0.000936737706 -0.00945563443 -0.00151950699
f 4591 4593 4592
v -0.000960332636 -0.00682981045 -0.00152954799
v -0.000888556769 -0.00753298009 -0.00147695246
v -0.000729927297 -0.00718417068 -0.00156248898
f 4594 4596 4595
v -0.00077431514 -0.00693679976 -0.00150657361
v -0.000729927297 -0.00718417068 -0.00156248898
v -0.000492929757 -0.00716935538 -0.00143839006
f 4597 4599 4598
v -0.000833268678 -0.00824133967 -0.00143038233
v -0.000913532676 -0.0088231267 -0.00148441559
v -0.000590933951 -0.00874245452 -0.00150843134
f 4600 4602 4601
v -0.000562086325 -0.00590165182 -0.00154261052
v -0.000830804856 -0.00623652304 -0.00157080722
v -0.00047067756 -0.00640255967 -0.00150329997
f 4603 4605 4604
v -0.00153189867 -0.0053121883 -0.00164918456
v -0.000562086325 -0.00590165182 -0.00154261052
v -0.000637903986 -0.00517165026 -0.00150768665
f 4606 4608 4607
v 0.000656797692 -0.0059932474 -0.000475685738
v 0.000613787688 -0.00695759882 -0.000184195778
v 0.00081708904 -0.00617687401 5.25398264e-05
f 4609 4611 4610
v 0.000613787688 -0.00695759882 -0.000184195778
v 0.000718237379 -0.00737629089 0.000189765342
v 0.000758830947 -0.0067906476 0.000489215108
f 4612 4614 4613
v 0.000758830947 -0.0067906476 0.000489215108
v 0.000811764858 -0.00583463443 0.000394160816
v 0.00081708904 -0.00617687401 5.25398264e-05
f 4615 4617 4616
v -0.0013537122 -0.00386174397 -0.00139607382
v -0.00160033196 -0.00395859788 -0.00143210491
v -0.00115343719 -0.00397426229 -0.00138027608
f 4618 4620 4619
v -0.000582292705 -0.00402995393 -0.000598521729
v -0.00143266243 -0.00385819985 -0.00113949209
v -0.000458740624 -0.00394289709 -0.00120271343
f 4621 4623 4622
v -0.000458740624 -0.00394289709 -0.00120271343
v -0.000191300751 -0.00402229598 -0.0010501004
v -0.000582292705 -0.00402995393 -0.000598521729
f 4624 4626 4625
v 0.000452375252 -0.00441805569 0.0013194991
v 0.000446005015 -0.00474948683 0.00148233603
v 0.00032321509 -0.00417252777 0.00157534196
f 4627 4629 4628
v 0.000320923709 -0.00419331809 0.00118291628
v 0.000489767444 -0.00420524339 0.00107045107
v 0.000452375252 -0.00441805569 0.0013194991
f 4630 4632 4631
v 0.000326464374 -0.00425279468 0.000635419701
v 0.000636349569 -0.00434848225 0.000374809315
v 0.000601398779 -0.0043353426 0.000655924123
f 4633 4635 4634
v 0.000604349361 -0.00432224806 -0.000116911997
v 3.63985691e-05 -0.00434645663 -0.000143818579
v 0.000296038547 -0.00445264122 -0.000315141097
f 4636 4638 4637
v 0.00017415714 -0.00718303709 -0.000838319829
v 0.000415858995 -0.00738978561 -0.000514254771
v 0.000437902418 -0.00618085251 -0.000749559513
f 4639 4641 4640
v 0.000744907629 -0.0106238942 0.00167217186
v 0.000621083518 -0.0103523031 0.00185573808
v 0.000866863957 -0.0106517764 0.00124941198
f 4642 4644 4643
v 0.000124507892 -0.00849781864 0.00223581574
v 0.00046546279 -0.00807706456 0.00199244714
v 0.000466597612 -0.00871766606 0.00184083983
f 4645 4647 4646
v 0.000655265694 -0.0087218541 0.00142979716
v 0.000719494437 -0.00801132919 0.000886818634
v 0.000737735627 -0.00809711128 0.000814665691
f 4648 4650 4649
v -0.00299703952 -0.0186791483 -0.00105461113
v -0.00301232485 -0.0187119702 -0.00108561926
v -0.00251504061 -0.0184911769 -0.00132667155
f 4651 4653 4652
v -0.0013537122 -0.00386174397 -0.00139607382
v -0.00154375139 -0.0038548842 -0.00140321099
v -0.00153483415 -0.00386248903 -0.0013760291
f 4654 4656 4655
v -0.00143266243 -0.00385819985 -0.00113949209
v -0.00153049732 -0.00383067709 -0.00140268712
v -0.0013537122 -0.00386174397 -0.00139607382
f 4657 4659 4658
v -0.00153049732 -0.00383067709 -0.00140268712
v -0.00154375139 -0.0038548842 -0.00140321099
v -0.0013537122 -0.00386174397 -0.00139607382
f 4660 4662 4661
v -0.0013537122 -0.00386174397 -0.00139607382
v -0.00153483415 -0.00386248903 -0.0013760291
v -0.00160033196 -0.00395859788 -0.00143210491
f 4663 4665 4664
v -0.00193116775 -0.0191240368 -0.0011165921
v -0.00212993127 -0.0189657541 -0.00124681537
v -0.00238473913 -0.0190337509 -0.00115449457
f 4666 4668 4667
