# FlyGym 1.2.1 STL; B(x,y,z)=(x,z,y); winding reversed
v 0.000559448154 -0.00985632287 -0.000566295557
v 0.00100120033 -0.00948044835 -0.000568316591
v 0.000592499327 -0.00968263848 -0.000114245131
f 1 3 2
v 0.000832804108 -0.00921880346 0.00020141797
v 0.000592499327 -0.00968263848 -0.000114245131
v 0.00108375752 -0.00927650326 -0.000270863165
f 4 6 5
v -0.000320676827 -0.0100949997 0.000462738535
v -0.000487838406 -0.0100935802 0.00067800429
v -0.000602696127 -0.0102931132 0.000487178659
f 7 9 8
v -0.000536640619 -0.0103510945 0.000157188333
v -0.000320676827 -0.0100949997 0.000462738535
v -0.000602696127 -0.0102931132 0.000487178659
f 10 12 11
v -0.000149042432 -0.0100563404 0.000200837167
v -0.000320676827 -0.0100949997 0.000462738535
v -0.000536640619 -0.0103510945 0.000157188333
f 13 15 14
v 0.000477676667 -0.00996745221 -0.000907115736
v 0.000559448154 -0.00985632287 -0.000566295557
v 0.000260454112 -0.0101422731 -0.000859840202
f 16 18 17
v 0.000592499327 -0.00968263848 -0.000114245131
v 0.000189386128 -0.0100409772 -0.000211426777
v 0.000559448154 -0.00985632287 -0.000566295557
f 19 21 20
v -0.000100465581 -0.0102124715 -0.000207793346
v -0.00049229352 -0.0104710234 -0.00052854075
v -5.57816008e-05 -0.0102813225 -0.000513338546
f 22 24 23
v -0.000100465581 -0.0102124715 -0.000207793346
v -0.000564173251 -0.0104354556 -0.000153884184
v -0.00049229352 -0.0104710234 -0.00052854075
f 25 27 26
v -5.57816008e-05 -0.0102813225 -0.000513338546
v 0.000559448154 -0.00985632287 -0.000566295557
v 0.000189386128 -0.0100409772 -0.000211426777
f 28 30 29
v 0.000832804108 -0.00921880346 0.00020141797
v 0.000580308188 -0.00957908414 9.11404584e-05
v 0.000592499327 -0.00968263848 -0.000114245131
f 31 33 32
v 0.000471024168 -0.0089686444 0.000598845509
v 0.0005989898 -0.00934672935 0.00030262554
v 0.000707033314 -0.00884083638 0.000491151877
f 34 36 35
v 0.000830347653 -0.00819827183 0.000563256344
v 0.000478300035 -0.00847505216 0.000674106559
v 0.000990919398 -0.0086312546 0.000319451283
f 37 39 38
v -0.000360667809 -0.00986357481 0.000661673403
v -0.000636828781 -0.0101010337 0.000875103433
v -0.000487838406 -0.0100935802 0.00067800429
f 40 42 41
v 0.000302586272 -0.00980848636 2.32941559e-05
v -0.000145793558 -0.00971595 0.000537813139
v -0.000149042432 -0.0100563404 0.000200837167
f 43 45 44
v -0.000320676827 -0.0100949997 0.000462738535
v -0.000360667809 -0.00986357481 0.000661673403
v -0.000487838406 -0.0100935802 0.00067800429
f 46 48 47
v -0.00044359067 -0.00963466082 0.000835751234
v -0.00061530618 -0.00966975567 0.00107637788
v -0.000360667809 -0.00986357481 0.000661673403
f 49 51 50
v -0.000360667809 -0.00986357481 0.000661673403
v -0.000324387088 -0.00935193166 0.000812421058
v -0.00044359067 -0.00963466082 0.000835751234
f 52 54 53
v -0.000706122228 -0.00933617193 0.00104729716
v -0.000899987936 -0.00939692181 0.00139514268
v -0.000612831764 -0.00961456026 0.00107234264
f 55 57 56
v 0.000580308188 -0.00957908414 9.11404584e-05
v 0.0005989898 -0.00934672935 0.00030262554
v 0.000199636179 -0.00952077171 0.000413111593
f 58 60 59
v 0.0005989898 -0.00934672935 0.00030262554
v 7.82948007e-05 -0.00914222328 0.000687394459
v 0.000199636179 -0.00952077171 0.000413111593
f 61 63 62
v 0.000471024168 -0.0089686444 0.000598845509
v 0.000353973928 -0.00877061902 0.00071570048
v 7.82948007e-05 -0.00914222328 0.000687394459
f 64 66 65
v 3.46905182e-05 -0.00852173616 0.00079813417
v 0.000353973928 -0.00877061902 0.00071570048
v 0.000478300035 -0.00847505216 0.000674106559
f 67 69 68
v -0.000324387088 -0.00935193166 0.000812421058
v -0.000145793558 -0.00971595 0.000537813139
v 0.000199636179 -0.00952077171 0.000413111593
f 70 72 71
v 3.46905182e-05 -0.00852173616 0.00079813417
v -0.000454793326 -0.00861503577 0.00089576788
v -0.000365605206 -0.00890192023 0.000875486512
f 73 75 74
v 0.000431735043 -0.00798185647 0.00076925553
v -6.87620968e-05 -0.00800592679 0.000884342262
v 0.000478300035 -0.00847505216 0.000674106559
f 76 78 77
v -6.87620968e-05 -0.00800592679 0.000884342262
v -0.000579940115 -0.00791214406 0.000981370613
v 3.46905182e-05 -0.00852173616 0.00079813417
f 79 81 80
v -0.000945148076 -0.00869541473 0.000955269024
v -0.000840344183 -0.00901363819 0.00104640749
v -0.000454793326 -0.00861503577 0.00089576788
f 82 84 83
v -0.000454793326 -0.00861503577 0.00089576788
v -0.00101158948 -0.00835455648 0.000989735963
v -0.000945148076 -0.00869541473 0.000955269024
f 85 87 86
v 0.000832804108 -0.00921880346 0.00020141797
v 0.0005989898 -0.00934672935 0.00030262554
v 0.000580308188 -0.00957908414 9.11404584e-05
f 88 90 89
v 0.000431735043 -0.00798185647 0.00076925553
v 0.000478300035 -0.00847505216 0.000674106559
v 0.000830347653 -0.00819827183 0.000563256344
f 91 93 92
v -6.87620968e-05 -0.00800592679 0.000884342262
v 3.46905182e-05 -0.00852173616 0.00079813417
v 0.000478300035 -0.00847505216 0.000674106559
f 94 96 95
v 0.00157330378 -0.00719350646 -0.000452554104
v 0.00167862581 -0.00676048221 -0.000120694813
v 0.00154157096 -0.00728685918 -9.2318993e-05
f 97 99 98
v 0.00157330378 -0.00719350646 -0.000452554104
v 0.00184503515 -0.00628505586 -0.000473753153
v 0.00167862581 -0.00676048221 -0.000120694813
f 100 102 101
v 0.00178834434 -0.00539822431 -0.000273752266
v 0.0017440434 -0.00565136943 4.78386937e-05
v 0.00183186075 -0.00611426731 -0.000177031916
f 103 105 104
v 0.0017440434 -0.00565136943 4.78386937e-05
v 0.00166344071 -0.0058480633 0.000226765678
v 0.00183186075 -0.00611426731 -0.000177031916
f 106 108 107
v 0.00156050573 -0.00664390027 -0.00125529896
v 0.00177482198 -0.00616514153 -0.0012338488
v 0.00176485846 -0.00631266739 -0.00096517706
f 109 111 110
v 0.00177482198 -0.00616514153 -0.0012338488
v 0.00187103142 -0.00588290131 -0.0012636363
v 0.00183957291 -0.00606461945 -0.000858307703
f 112 114 113
v 0.00183957291 -0.00606461945 -0.000858307703
v 0.00182635831 -0.00549189535 -0.000981604262
v 0.00185409772 -0.00577245883 -0.000583874862
f 115 117 116
v 0.00185409772 -0.00577245883 -0.000583874862
v 0.00175238019 -0.00512415063 -0.000740546602
v 0.00178834434 -0.00539822431 -0.000273752266
f 118 120 119
v 0.00182635831 -0.00549189535 -0.000981604262
v 0.00175238019 -0.00512415063 -0.000740546602
v 0.00185409772 -0.00577245883 -0.000583874862
f 121 123 122
v 0.00176485846 -0.00631266739 -0.00096517706
v 0.00183957291 -0.00606461945 -0.000858307703
v 0.00184503515 -0.00628505586 -0.000473753153
f 124 126 125
v 0.00183186075 -0.00611426731 -0.000177031916
v 0.00184503515 -0.00628505586 -0.000473753153
v 0.00185409772 -0.00577245883 -0.000583874862
f 127 129 128
v 0.0013086772 -0.00882807872 -0.000142397357
v 0.00126625064 -0.0091803995 -0.00061214314
v 0.00149337275 -0.00890710289 -0.000655338772
f 130 132 131
v 0.000911860934 -0.00941645121 -0.00140575767
v 0.00120081886 -0.00931346658 -0.000917418402
v 0.000845674276 -0.00962839913 -0.000911048846
f 133 135 134
v 0.00108375752 -0.00927650326 -0.000270863165
v 0.00100120033 -0.00948044835 -0.000568316591
v 0.00126625064 -0.0091803995 -0.00061214314
f 136 138 137
v 0.00143201069 -0.00908684888 -0.000942124734
v 0.00141848277 -0.00890667943 -0.00121611338
v 0.00152518078 -0.00877733037 -0.000959338286
f 139 141 140
v 0.00143191737 -0.00848146301 -0.0013585458
v 0.00152518078 -0.00877733037 -0.000959338286
v 0.00141848277 -0.00890667943 -0.00121611338
f 142 144 143
v 0.00117880463 -0.00882476306 -0.00161545086
v 0.00143191737 -0.00848146301 -0.0013585458
v 0.0013785153 -0.0087756096 -0.00139702261
f 145 147 146
v 0.00120081886 -0.00931346658 -0.000917418402
v 0.000911860934 -0.00941645121 -0.00140575767
v 0.00122808196 -0.00916190838 -0.00123462087
f 148 150 149
v 0.00087424296 -0.00911353491 -0.00179600975
v 0.0013785153 -0.0087756096 -0.00139702261
v 0.00122808196 -0.00916190838 -0.00123462087
f 151 153 152
v 0.000911860934 -0.00941645121 -0.00140575767
v 0.000656628254 -0.00924469859 -0.00187945479
v 0.00087424296 -0.00911353491 -0.00179600975
f 154 156 155
v 0.00120081886 -0.00931346658 -0.000917418402
v 0.00122808196 -0.00916190838 -0.00123462087
v 0.00143201069 -0.00908684888 -0.000942124734
f 157 159 158
v -6.22029575e-05 -0.0101972633 -0.00126051855
v -0.000645453974 -0.0103788327 -0.00147465671
v -0.000594149742 -0.0102018334 -0.00184491255
f 160 162 161
v 0.000350601363 -0.00974961731 -0.00159658466
v -0.000187287708 -0.0100159195 -0.00179542913
v 3.55396622e-05 -0.00965273794 -0.00207273661
f 163 165 164
v 3.55396622e-05 -0.00965273794 -0.00207273661
v -0.000187287708 -0.0100159195 -0.00179542913
v -0.000284958014 -0.00981928752 -0.00219785434
f 166 168 167
v 0.000350601363 -0.00974961731 -0.00159658466
v 0.000651046275 -0.00975648582 -0.00119878696
v -0.000187287708 -0.0100159195 -0.00179542913
f 169 171 170
v 0.000911860934 -0.00941645121 -0.00140575767
v 3.55396622e-05 -0.00965273794 -0.00207273661
v 0.000656628254 -0.00924469859 -0.00187945479
f 172 174 173
v -6.22029575e-05 -0.0101972633 -0.00126051855
v -0.000187287708 -0.0100159195 -0.00179542913
v 0.000651046275 -0.00975648582 -0.00119878696
f 175 177 176
v 0.00143191737 -0.00848146301 -0.0013585458
v 0.00115666426 -0.0082021048 -0.001774675
v 0.00131442521 -0.0081094935 -0.00157158174
f 178 180 179
v 0.00115666426 -0.0082021048 -0.001774675
v 0.00135539458 -0.00773774227 -0.00148739218
v 0.00131442521 -0.0081094935 -0.00157158174
f 181 183 182
v 0.00117722448 -0.00784030781 -0.0017527098
v 0.00135539458 -0.00773774227 -0.00148739218
v 0.00115666426 -0.0082021048 -0.001774675
f 184 186 185
v 0.00087424296 -0.00911353491 -0.00179600975
v 0.000656628254 -0.00924469859 -0.00187945479
v 0.000748526054 -0.00877803323 -0.00214876854
f 187 189 188
v 0.000748526054 -0.00877803323 -0.00214876854
v 0.000961225396 -0.00852443554 -0.00198314847
v 0.00117880463 -0.00882476306 -0.00161545086
f 190 192 191
v 0.00087424296 -0.00911353491 -0.00179600975
v 0.000748526054 -0.00877803323 -0.00214876854
v 0.00117880463 -0.00882476306 -0.00161545086
f 193 195 194
v 0.000961225396 -0.00852443554 -0.00198314847
v 0.00115666426 -0.0082021048 -0.001774675
v 0.00117880463 -0.00882476306 -0.00161545086
f 196 198 197
v 0.000553402379 -0.00894758705 -0.00226690136
v 0.000533733146 -0.00840225839 -0.00240700319
v 0.000748526054 -0.00877803323 -0.00214876854
f 199 201 200
v 0.000492314166 -0.00860416767 -0.00244360872
v 0.000533733146 -0.00840225839 -0.00240700319
v 0.000553402379 -0.00894758705 -0.00226690136
f 202 204 203
v 0.000961225396 -0.00852443554 -0.00198314847
v 0.000533733146 -0.00840225839 -0.00240700319
v 0.000828636257 -0.00830375793 -0.00215866967
f 205 207 206
v 0.000533733146 -0.00840225839 -0.00240700319
v 0.000614853889 -0.00800178241 -0.00229973521
v 0.000837250172 -0.00793751606 -0.00209869359
f 208 210 209
v 0.000837250172 -0.00793751606 -0.00209869359
v 0.000400951649 -0.00782943534 -0.00241199323
v 0.000777259265 -0.00736404108 -0.00207949852
f 211 213 212
v -0.00037799889 -0.00950835674 -0.00257779175
v -0.000178118842 -0.00937892037 -0.00247112948
v -0.000284958014 -0.00981928752 -0.00219785434
f 214 216 215
v -0.000587097293 -0.010004772 -0.00228367135
v -0.000630691193 -0.00981547855 -0.00271276785
v -0.000284958014 -0.00981928752 -0.00219785434
f 217 219 218
v -0.000630691193 -0.00981547855 -0.00271276785
v -0.000639426707 -0.0094230134 -0.00303582274
v -0.00037799889 -0.00950835674 -0.00257779175
f 220 222 221
v -0.000630691193 -0.00981547855 -0.00271276785
v -0.00037799889 -0.00950835674 -0.00257779175
v -0.000284958014 -0.00981928752 -0.00219785434
f 223 225 224
v -0.000607779566 -0.00893442557 -0.00288350457
v -0.000570560223 -0.00933589545 -0.00295541377
v -0.000639426707 -0.0094230134 -0.00303582274
f 226 228 227
v 3.55396622e-05 -0.00965273794 -0.00207273661
v 0.000174873719 -0.00917838624 -0.00235862844
v 0.000656628254 -0.00924469859 -0.00187945479
f 229 231 230
v -0.000343509146 -0.00902824322 -0.00270546498
v -0.000312037264 -0.00900291489 -0.00269181983
v -0.000178118842 -0.00937892037 -0.00247112948
f 232 234 233
v 0.000492314166 -0.00860416767 -0.00244360872
v 0.000553402379 -0.00894758705 -0.00226690136
v 0.000454819929 -0.008750095 -0.00248380111
f 235 237 236
v 0.000417737192 -0.00852547819 -0.00245775227
v 0.000492314166 -0.00860416767 -0.00244360872
v 0.000454819929 -0.008750095 -0.00248380111
f 238 240 239
v 0.000101480907 -0.00851410005 -0.00261658843
v 0.000180341738 -0.00881142259 -0.00254653896
v -0.000312037264 -0.00900291489 -0.00269181983
f 241 243 242
v 0.000101480907 -0.00851410005 -0.00261658843
v 4.40009018e-05 -0.0081833372 -0.00263674956
v 0.000533733146 -0.00840225839 -0.00240700319
f 244 246 245
v 0.000101480907 -0.00851410005 -0.00261658843
v 0.000533733146 -0.00840225839 -0.00240700319
v 0.000417737192 -0.00852547819 -0.00245775227
f 247 249 248
v 4.40009018e-05 -0.0081833372 -0.00263674956
v 0.000319867127 -0.0081289807 -0.00253479102
v 0.000533733146 -0.00840225839 -0.00240700319
f 250 252 251
v 0.000400951649 -0.00782943534 -0.00241199323
v 0.000319867127 -0.0081289807 -0.00253479102
v 4.40009018e-05 -0.0081833372 -0.00263674956
f 253 255 254
v -0.000343509146 -0.00902824322 -0.00270546498
v -0.000607779566 -0.00893442557 -0.00288350457
v -0.000372395925 -0.00865192123 -0.00272885973
f 256 258 257
v -0.000372395925 -0.00865192123 -0.00272885973
v 0.000101480907 -0.00851410005 -0.00261658843
v -0.000312037264 -0.00900291489 -0.00269181983
f 259 261 260
v -0.000865075344 -0.0083582825 -0.00290603239
v -0.000612124541 -0.00867947383 -0.00280766799
v -0.000607779566 -0.00893442557 -0.00288350457
f 262 264 263
v -0.000187287708 -0.0100159195 -0.00179542913
v -6.22029575e-05 -0.0101972633 -0.00126051855
v -0.000594149742 -0.0102018334 -0.00184491255
f 265 267 266
v 0.00149337275 -0.00890710289 -0.000655338772
v 0.00164992452 -0.00831721554 -0.000664960498
v 0.00150274072 -0.00861837616 -0.000325129758
f 268 270 269
v 0.00149337275 -0.00890710289 -0.000655338772
v 0.00150274072 -0.00861837616 -0.000325129758
v 0.0013086772 -0.00882807872 -0.000142397357
f 271 273 272
v 0.0010695192 -0.00808848199 0.000454314613
v 0.000990919398 -0.0086312546 0.000319451283
v 0.00122548008 -0.00846294934 0.000169138821
f 274 276 275
v 0.000847750562 -0.00771562845 0.000701563295
v 0.000830347653 -0.00819827183 0.000563256344
v 0.0010695192 -0.00808848199 0.000454314613
f 277 279 278
v 0.00152518078 -0.00877733037 -0.000959338286
v 0.00164992452 -0.00831721554 -0.000664960498
v 0.00149337275 -0.00890710289 -0.000655338772
f 280 282 281
v 0.00158159892 -0.00801853676 -0.00104825403
v 0.0015548394 -0.0072867253 -0.000769015605
v 0.00164992452 -0.00831721554 -0.000664960498
f 283 285 284
v 0.00160502932 -0.00792171631 -0.000353057021
v 0.00164992452 -0.00831721554 -0.000664960498
v 0.0015548394 -0.0072867253 -0.000769015605
f 286 288 287
v 0.0015548394 -0.0072867253 -0.000769015605
v 0.0015597765 -0.0074081574 -0.000455791724
v 0.00160502932 -0.00792171631 -0.000353057021
f 289 291 290
v 0.00152863977 -0.00754210632 -7.02263662e-05
v 0.0015597765 -0.0074081574 -0.000455791724
v 0.00154157096 -0.00728685918 -9.2318993e-05
f 292 294 293
v 0.00150274072 -0.00861837616 -0.000325129758
v 0.00142943754 -0.00824117524 -8.57386429e-07
v 0.00122548008 -0.00846294934 0.000169138821
f 295 297 296
v 0.000723566654 -0.00796780878 0.000698499025
v 0.000830347653 -0.00819827183 0.000563256344
v 0.000847750562 -0.00771562845 0.000701563295
f 298 300 299
v 0.000285743681 -0.00738308736 0.000924770393
v 0.000280092308 -0.00775715671 0.000883143912
v 0.000847750562 -0.00771562845 0.000701563295
f 301 303 302
v 0.000723566654 -0.00796780878 0.000698499025
v 0.000431735043 -0.00798185647 0.00076925553
v 0.000830347653 -0.00819827183 0.000563256344
f 304 306 305
v 0.00152863977 -0.00754210632 -7.02263662e-05
v 0.00140856573 -0.0072762552 0.00032953667
v 0.00133532103 -0.00787106474 0.000271422414
f 307 309 308
v 0.00140856573 -0.0072762552 0.00032953667
v 0.00154157096 -0.00728685918 -9.2318993e-05
v 0.00154013778 -0.00706430292 0.000127617841
f 310 312 311
v 0.00118177431 -0.00691138994 0.000586348688
v 0.00140856573 -0.0072762552 0.00032953667
v 0.00142858316 -0.00701360841 0.00027822698
f 313 315 314
v 0.00104247129 -0.00641774241 0.000677900971
v 0.00059458971 -0.00664300896 0.000849359458
v 0.00118177431 -0.00691138994 0.000586348688
f 316 318 317
v 0.00144731366 -0.00668402572 0.00041772646
v 0.00104247129 -0.00641774241 0.000677900971
v 0.00118177431 -0.00691138994 0.000586348688
f 319 321 320
v 0.000345548915 -0.00697484793 0.000937198456
v 0.000725994551 -0.00719331001 0.000805608033
v 0.00059458971 -0.00664300896 0.000849359458
f 322 324 323
v 0.000345548915 -0.00697484793 0.000937198456
v -0.000361350294 -0.00681830861 0.00105135987
v 0.000285743681 -0.00738308736 0.000924770393
f 325 327 326
v -0.000361350294 -0.00681830861 0.00105135987
v -0.000181755331 -0.00761303672 0.000974141585
v 0.000285743681 -0.00738308736 0.000924770393
f 328 330 329
v -0.000181755331 -0.00761303672 0.000974141585
v -0.000671285216 -0.00759140894 0.00101255737
v -0.000579940115 -0.00791214406 0.000981370613
f 331 333 332
v -0.00117529898 -0.00713159898 0.00100320594
v -0.00107704482 -0.00797742614 0.00102642534
v -0.000671285216 -0.00759140894 0.00101255737
f 334 336 335
v -0.000671285216 -0.00759140894 0.00101255737
v -0.00107704482 -0.00797742614 0.00102642534
v -0.000579940115 -0.00791214406 0.000981370613
f 337 339 338
v -0.000684285533 -0.00691818277 0.00103940547
v -0.00117529898 -0.00713159898 0.00100320594
v -0.000671285216 -0.00759140894 0.00101255737
f 340 342 341
v -0.000181755331 -0.00761303672 0.000974141585
v -6.87620968e-05 -0.00800592679 0.000884342262
v 0.000280092308 -0.00775715671 0.000883143912
f 343 345 344
v 0.00135539458 -0.00773774227 -0.00148739218
v 0.00135736809 -0.00700194287 -0.00150530759
v 0.00150569022 -0.00738826348 -0.00113788892
f 346 348 347
v 0.00150569022 -0.00738826348 -0.00113788892
v 0.00151741415 -0.00714134367 -0.00104481369
v 0.0015548394 -0.0072867253 -0.000769015605
f 349 351 350
v 0.00135736809 -0.00700194287 -0.00150530759
v 0.00151741415 -0.00714134367 -0.00104481369
v 0.00150569022 -0.00738826348 -0.00113788892
f 352 354 353
v 0.00115337234 -0.00738696835 -0.00174365287
v 0.00103701541 -0.00761315605 -0.00187649166
v 0.000777259265 -0.00736404108 -0.00207949852
f 355 357 356
v 0.00104488827 -0.00715614151 -0.00185443769
v 0.00109853627 -0.00686447966 -0.00179505423
v 0.00115337234 -0.00738696835 -0.00174365287
f 358 360 359
v -0.000181755331 -0.00761303672 0.000974141585
v 0.000280092308 -0.00775715671 0.000883143912
v 0.000285743681 -0.00738308736 0.000924770393
f 361 363 362
v 0.000199636179 -0.00952077171 0.000413111593
v 0.000302586272 -0.00980848636 2.32941559e-05
v 0.000580308188 -0.00957908414 9.11404584e-05
f 364 366 365
v 0.0017440434 -0.00565136943 4.78386937e-05
v 0.00140584261 -0.00536092484 0.000452335007
v 0.00166344071 -0.0058480633 0.000226765678
f 367 369 368
v 0.00164089233 -0.00533872408 0.000181086307
v 0.00140584261 -0.00536092484 0.000452335007
v 0.0017440434 -0.00565136943 4.78386937e-05
f 370 372 371
v 0.00140584261 -0.00536092484 0.000452335007
v 0.00131503948 -0.00547077252 0.000524917232
v 0.00128156607 -0.00570788179 0.000590490072
f 373 375 374
v 0.000963247476 -0.00524503048 0.000843184171
v 0.00111755226 -0.00543452661 0.000720734897
v 0.00140584261 -0.00536092484 0.000452335007
f 376 378 377
v 0.00120711784 -0.00499613161 0.000681543315
v 0.00142051658 -0.00476959794 0.000427189934
v 0.00115848698 -0.00435341171 0.000642518717
f 379 381 380
v 0.00163627228 -0.00504575582 7.00490091e-05
v 0.00154690315 -0.00433456953 -5.08347512e-05
v 0.00149555563 -0.0045938843 0.000243293562
f 382 384 383
v 0.00140529346 -0.00433533132 0.000340870611
v 0.00115848698 -0.00435341171 0.000642518717
v 0.00149555563 -0.0045938843 0.000243293562
f 385 387 386
v 0.00149555563 -0.0045938843 0.000243293562
v 0.00138993155 -0.00402820515 0.000247840399
v 0.00140529346 -0.00433533132 0.000340870611
f 388 390 389
v 0.00115848698 -0.00435341171 0.000642518717
v 0.00105674153 -0.00468265862 0.000828492557
v 0.00120711784 -0.00499613161 0.000681543315
f 391 393 392
v 0.000691485775 -0.00414627357 0.00087519802
v 0.000995676783 -0.00437686831 0.00078594112
v 0.00115848698 -0.00435341171 0.000642518717
f 394 396 395
v 0.00112747966 -0.00618956255 0.000660408841
v 0.000683073267 -0.00620264036 0.000849778917
v 0.00104247129 -0.00641774241 0.000677900971
f 397 399 398
v 0.00143644838 -0.00615562531 0.000454873316
v 0.000951899437 -0.00581176901 0.000774027831
v 0.00112747966 -0.00618956255 0.000660408841
f 400 402 401
v 0.000285951819 -0.00594042322 0.00103743314
v 0.000683073267 -0.00620264036 0.000849778917
v 0.000951899437 -0.00581176901 0.000774027831
f 403 405 404
v 0.00059458971 -0.00664300896 0.000849359458
v 5.27913471e-05 -0.0062063802 0.00105513627
v 0.000139831752 -0.00669993315 0.000983021528
f 406 408 407
v 0.000285951819 -0.00594042322 0.00103743314
v 5.27913471e-05 -0.0062063802 0.00105513627
v 0.000683073267 -0.00620264036 0.000849778917
f 409 411 410
v 0.000383243332 -0.00551779813 0.00104128703
v -5.43379599e-05 -0.00574049518 0.00116060965
v 0.000285951819 -0.00594042322 0.00103743314
f 412 414 413
v -5.43379599e-05 -0.00574049518 0.00116060965
v -0.000158662692 -0.00598241859 0.00114857394
v 5.27913471e-05 -0.0062063802 0.00105513627
f 415 417 416
v 0.000951899437 -0.00581176901 0.000774027831
v 0.000383243332 -0.00551779813 0.00104128703
v 0.000285951819 -0.00594042322 0.00103743314
f 418 420 419
v -0.000361350294 -0.00681830861 0.00105135987
v 0.000139831752 -0.00669993315 0.000983021528
v -0.000460469437 -0.00614991804 0.00114158211
f 421 423 422
v -0.00123970003 -0.00639681384 0.001080947
v -0.000684285533 -0.00691818277 0.00103940547
v -0.000361350294 -0.00681830861 0.00105135987
f 424 426 425
v -0.000460469437 -0.00614991804 0.00114158211
v -0.00123970003 -0.00639681384 0.001080947
v -0.000361350294 -0.00681830861 0.00105135987
f 427 429 428
v -0.000158662692 -0.00598241859 0.00114857394
v -5.43379599e-05 -0.00574049518 0.00116060965
v -0.000460469437 -0.00614991804 0.00114158211
f 430 432 431
v -0.000651209348 -0.00535591425 0.00126538798
v -0.000562638206 -0.00578828549 0.00123322588
v -5.43379599e-05 -0.00574049518 0.00116060965
f 433 435 434
v 0.00111755226 -0.00543452661 0.000720734897
v 0.000963247476 -0.00524503048 0.000843184171
v 0.000951899437 -0.00581176901 0.000774027831
f 436 438 437
v 0.000665843618 -0.00529291137 0.000963239108
v 0.000951899437 -0.00581176901 0.000774027831
v 0.000963247476 -0.00524503048 0.000843184171
f 439 441 440
v 0.000383243332 -0.00551779813 0.00104128703
v 0.000951899437 -0.00581176901 0.000774027831
v 0.000665843618 -0.00529291137 0.000963239108
f 442 444 443
v 0.000730991678 -0.00478319926 0.000960161742
v 0.000963247476 -0.00524503048 0.000843184171
v 0.00120711784 -0.00499613161 0.000681543315
f 445 447 446
v -0.000193193023 -0.00524490933 0.00120630248
v 0.000383243332 -0.00551779813 0.00104128703
v 0.000326609984 -0.00520848371 0.00107978758
f 448 450 449
v 0.000166205996 -0.00454786459 0.00103631064
v -0.000193193023 -0.00524490933 0.00120630248
v 0.000326609984 -0.00520848371 0.00107978758
f 451 453 452
v 0.00069588159 -0.0042210846 0.000921194987
v 0.000835781429 -0.00439837095 0.000930579517
v 0.000691485775 -0.00414627357 0.00087519802
f 454 456 455
v 0.000595459278 -0.00409032618 0.000916480712
v 0.000691485775 -0.00414627357 0.00087519802
v 0.000932551848 -0.00405517676 0.000771338455
f 457 459 458
v -0.000394695144 -0.00428819367 0.00110651854
v -0.000193193023 -0.00524490933 0.00120630248
v 0.000166205996 -0.00454786459 0.00103631064
f 460 462 461
v -0.0011266774 -0.00547272684 0.00122834499
v -0.00159314295 -0.00559565597 0.00112845446
v -0.00104422361 -0.00590139171 0.00119166725
f 463 465 464
v -0.000889147123 -0.00413943344 0.00107841224
v -0.000734847617 -0.00502265721 0.00124610306
v -0.000394695144 -0.00428819367 0.00110651854
f 466 468 467
v -0.000889147123 -0.00413943344 0.00107841224
v -0.00168703955 -0.004230997 0.000893378638
v -0.00128293932 -0.00475892375 0.00112328671
f 469 471 470
v -0.00168703955 -0.004230997 0.000893378638
v -0.00183255906 -0.00454699511 0.00090487556
v -0.00128293932 -0.00475892375 0.00112328671
f 472 474 473
v -0.00128293932 -0.00475892375 0.00112328671
v -0.00183255906 -0.00454699511 0.00090487556
v -0.0016625163 -0.00522597948 0.00107774558
f 475 477 476
v 0.000932551848 -0.00405517676 0.000771338455
v 0.000691485775 -0.00414627357 0.00087519802
v 0.00115848698 -0.00435341171 0.000642518717
f 478 480 479
v -0.000602696127 -0.0102931132 0.000487178659
v -0.000944567728 -0.0103932012 0.000847101001
v -0.0010356297 -0.0105154664 0.000502432067
f 481 483 482
v -0.00124885592 -0.0105400235 0.00083487248
v -0.0010356297 -0.0105154664 0.000502432067
v -0.000944567728 -0.0103932012 0.000847101001
f 484 486 485
v -0.000796785753 -0.0105002568 0.00015962396
v -0.000602696127 -0.0102931132 0.000487178659
v -0.0010356297 -0.0105154664 0.000502432067
f 487 489 488
v -0.00126119758 -0.0106360356 0.000175400601
v -0.000796785753 -0.0105002568 0.00015962396
v -0.0010356297 -0.0105154664 0.000502432067
f 490 492 491
v -0.000796785753 -0.0105002568 0.00015962396
v -0.00126119758 -0.0106360356 0.000175400601
v -0.000980676941 -0.0105945051 -0.000187074056
f 493 495 494
v -0.000564173251 -0.0104354556 -0.000153884184
v -0.000796785753 -0.0105002568 0.00015962396
v -0.000980676941 -0.0105945051 -0.000187074056
f 496 498 497
v -0.00124885592 -0.0105400235 0.00083487248
v -0.00148716636 -0.0106215171 0.000431756598
v -0.0010356297 -0.0105154664 0.000502432067
f 499 501 500
v -0.00186511079 -0.0105826053 0.000575778631
v -0.0017305143 -0.0105470681 0.00029775756
v -0.00148716636 -0.0106215171 0.000431756598
f 502 504 503
v -0.00181975029 -0.0106095104 0.00070125916
v -0.00186511079 -0.0105826053 0.000575778631
v -0.00152912198 -0.0106064865 0.000827567055
f 505 507 506
v -0.00186511079 -0.0105826053 0.000575778631
v -0.00148716636 -0.0106215171 0.000431756598
v -0.00152912198 -0.0106064865 0.000827567055
f 508 510 509
v -0.00163922959 -0.0106219042 0.000132931746
v -0.00145590839 -0.0106675318 -0.000191496656
v -0.00148716636 -0.0106215171 0.000431756598
f 511 513 512
v -0.0017305143 -0.0105470681 0.00029775756
v -0.00163922959 -0.0106219042 0.000132931746
v -0.00148716636 -0.0106215171 0.000431756598
f 514 516 515
v -0.000564173251 -0.0104354556 -0.000153884184
v -0.000980676941 -0.0105945051 -0.000187074056
v -0.00108136719 -0.010663033 -0.000517770422
f 517 519 518
v -0.00145590839 -0.0106675318 -0.000191496656
v -0.00127825197 -0.0107011685 -0.000527737302
v -0.000980676941 -0.0105945051 -0.000187074056
f 520 522 521
v -0.00192181324 -0.0105143445 -0.000596095924
v -0.00149465714 -0.010667702 -0.000293136509
v -0.00145590839 -0.0106675318 -0.000191496656
f 523 525 524
v -0.00192181324 -0.0105143445 -0.000596095924
v -0.00173613626 -0.0106126623 -0.00057493944
v -0.00149465714 -0.010667702 -0.000293136509
f 526 528 527
v -0.00158300572 -0.0106214829 -0.000731537693
v -0.00177083966 -0.010576639 -0.000873803219
v -0.00145280428 -0.010658156 -0.000762282252
f 529 531 530
v -0.00126119758 -0.0106360356 0.000175400601
v -0.00145590839 -0.0106675318 -0.000191496656
v -0.000980676941 -0.0105945051 -0.000187074056
f 532 534 533
v -0.0010356297 -0.0105154664 0.000502432067
v -0.00148716636 -0.0106215171 0.000431756598
v -0.00126119758 -0.0106360356 0.000175400601
f 535 537 536
v -0.00192181324 -0.0105143445 -0.000596095924
v -0.00185087611 -0.0104824408 -0.00112930138
v -0.00177083966 -0.010576639 -0.000873803219
f 538 540 539
v -0.00205602428 -0.0104449333 0.000113427723
v -0.00192181324 -0.0105143445 -0.000596095924
v -0.00197078189 -0.0105015715 -3.53200477e-05
f 541 543 542
v -0.00192181324 -0.0105143445 -0.000596095924
v -0.001834252 -0.0105937725 -0.00023454154
v -0.00197078189 -0.0105015715 -3.53200477e-05
f 544 546 545
v -0.00205602428 -0.0104449333 0.000113427723
v -0.00226450193 -0.0103280159 0.000407754123
v -0.00246354593 -0.0101398538 0.000378860659
f 547 549 548
v -0.00165393121 -0.0101071244 0.00216912758
v -0.00213059193 -0.0102069811 0.00205165234
v -0.00159193823 -0.0103146493 0.00181846135
f 550 552 551
v -0.00079164829 -0.0101686797 0.0011648357
v -0.000803016337 -0.00994927759 0.00143082216
v -0.00111368681 -0.0101642312 0.00162960278
f 553 555 554
v -0.000944567728 -0.0103932012 0.000847101001
v -0.00079164829 -0.0101686797 0.0011648357
v -0.00110757819 -0.0103860788 0.00108982713
f 556 558 557
v -0.00124404296 -0.010166633 0.00182733238
v -0.00111368681 -0.0101642312 0.00162960278
v -0.00108565264 -0.00971126938 0.00182504591
f 559 561 560
v -0.00108565264 -0.00971126938 0.00182504591
v -0.00110146584 -0.00967922897 0.00184563978
v -0.00118734752 -0.00980855039 0.00194650365
f 562 564 563
v -0.000913023177 -0.00967903688 0.00163843433
v -0.00108565264 -0.00971126938 0.00182504591
v -0.000803016337 -0.00994927759 0.00143082216
f 565 567 566
v -0.000899987936 -0.00939692181 0.00139514268
v -0.00114709619 -0.00958722085 0.00179006529
v -0.00110146584 -0.00967922897 0.00184563978
f 568 570 569
v -0.00111368681 -0.0101642312 0.00162960278
v -0.00156643255 -0.0103895138 0.00149888856
v -0.00110757819 -0.0103860788 0.00108982713
f 571 573 572
v -0.00154218869 -0.0104960825 0.00115323419
v -0.00179948183 -0.0105526575 0.000986566374
v -0.00152912198 -0.0106064865 0.000827567055
f 574 576 575
v -0.00156643255 -0.0103895138 0.00149888856
v -0.00210364997 -0.0103196726 0.00145006834
v -0.00154218869 -0.0104960825 0.00115323419
f 577 579 578
v -0.00111368681 -0.0101642312 0.00162960278
v -0.00124404296 -0.010166633 0.00182733238
v -0.00156643255 -0.0103895138 0.00149888856
f 580 582 581
v -0.00197986119 -0.0103371232 0.00183318807
v -0.00191490271 -0.0103101331 0.00161650296
v -0.00159193823 -0.0103146493 0.00181846135
f 583 585 584
v -0.00173458593 -0.00974811337 0.00232367129
v -0.00151106287 -0.0100349906 0.00212930427
v -0.0012867119 -0.00992575442 0.00205568758
f 586 588 587
v -0.00173458593 -0.00974811337 0.00232367129
v -0.00217102333 -0.00975578951 0.00238944995
v -0.00165393121 -0.0101071244 0.00216912758
f 589 591 590
v -0.00114709619 -0.00958722085 0.00179006529
v -0.00142244071 -0.00921060127 0.00161710141
v -0.00138932619 -0.00948974921 0.00200730628
f 592 594 593
v -0.00138932619 -0.00948974921 0.00200730628
v -0.00158041603 -0.009727625 0.00226500451
v -0.00141277587 -0.0097108561 0.00220089169
f 595 597 596
v -0.00142244071 -0.00921060127 0.00161710141
v -0.00177083275 -0.00939045422 0.00208866422
v -0.00138932619 -0.00948974921 0.00200730628
f 598 600 599
v -0.00194113618 -0.00924548367 0.00185561166
v -0.00177083275 -0.00939045422 0.00208866422
v -0.00181451815 -0.00917653961 0.00163986533
f 601 603 602
v -0.00197302488 -0.0104451799 0.00120115983
v -0.00216390399 -0.0103796905 0.000772116437
v -0.00186262732 -0.0105483552 0.000994115362
f 604 606 605
v -0.00191490271 -0.0103101331 0.00161650296
v -0.00210364997 -0.0103196726 0.00145006834
v -0.00156643255 -0.0103895138 0.00149888856
f 607 609 608
v -0.00240835234 -0.0100032899 0.00110230521
v -0.00226362954 -0.010141587 0.0012605944
v -0.0024799856 -0.010043673 0.00153747351
f 610 612 611
v -0.0024799856 -0.010043673 0.00153747351
v -0.002151439 -0.0102848106 0.00147566188
v -0.00253702256 -0.0100210316 0.00176048325
f 613 615 614
v -0.00267593878 -0.00989953624 0.00186288762
v -0.00257434331 -0.00973879287 0.00151376717
v -0.00253702256 -0.0100210316 0.00176048325
f 616 618 617
v -0.00254673523 -0.00975144285 0.00147906867
v -0.0024799856 -0.010043673 0.00153747351
v -0.00253702256 -0.0100210316 0.00176048325
f 619 621 620
v -0.002151439 -0.0102848106 0.00147566188
v -0.00210364997 -0.0103196726 0.00145006834
v -0.00224562846 -0.0102528538 0.00166039299
f 622 624 623
v -0.00210292765 -0.0103037499 0.00156833848
v -0.00210364997 -0.0103196726 0.00145006834
v -0.00191490271 -0.0103101331 0.00161650296
f 625 627 626
v -0.00267593878 -0.00989953624 0.00186288762
v -0.00253702256 -0.0100210316 0.00176048325
v -0.00262580725 -0.00991941415 0.00202430729
f 628 630 629
v -0.00227834771 -0.0101408645 0.00198483249
v -0.00232953626 -0.010217318 0.00178875416
v -0.00221776627 -0.0102049496 0.00196021156
f 631 633 632
v -0.00210292765 -0.0103037499 0.00156833848
v -0.00197986119 -0.0103371232 0.00183318807
v -0.00213059193 -0.0102069811 0.00205165234
f 634 636 635
v -0.00262580725 -0.00991941415 0.00202430729
v -0.00261161931 -0.00993123904 0.00222736417
v -0.00266202351 -0.0098666882 0.0022873046
f 637 639 638
v -0.0024894156 -0.0100850782 0.00209154096
v -0.0021541533 -0.0101754486 0.00209848222
v -0.00261161931 -0.00993123904 0.00222736417
f 640 642 641
v -0.00242500901 -0.00954687566 0.00244579896
v -0.00275722086 -0.00959978934 0.00243963077
v -0.00224210035 -0.00973803762 0.00240062764
f 643 645 644
v -0.00233802166 -0.00924044507 0.00210774851
v -0.00221029804 -0.00929600283 0.00196381607
v -0.0022866805 -0.00924605629 0.00171426291
f 646 648 647
v -0.00233802166 -0.00924044507 0.00210774851
v -0.00240184108 -0.0093415867 0.00226973571
v -0.00215181717 -0.00935050193 0.00220754046
f 649 651 650
v -0.00246845648 -0.00916419303 0.00202138999
v -0.00256168896 -0.00917220241 0.0020480471
v -0.00233802166 -0.00924044507 0.00210774851
f 652 654 653
v -0.00285619317 -0.00921482861 0.00207156681
v -0.00280633631 -0.0093634786 0.00230015357
v -0.00256168896 -0.00917220241 0.0020480471
f 655 657 656
v -0.00290783355 -0.00970085675 0.00238561406
v -0.00287312178 -0.00973516799 0.00201353978
v -0.00273625919 -0.00978898024 0.00233958926
f 658 660 659
v -0.00310201103 -0.00960004763 0.00215950422
v -0.00303578672 -0.00957536831 0.00196925193
v -0.00287312178 -0.00973516799 0.00201353978
f 661 663 662
v -0.00282027177 -0.00953272902 0.00185110293
v -0.00287312178 -0.00973516799 0.00201353978
v -0.00297394799 -0.00944032508 0.00185713288
f 664 666 665
v -0.00316654878 -0.00950997637 0.00225425792
v -0.00321449552 -0.00945497086 0.00217685902
v -0.00310201103 -0.00960004763 0.00215950422
f 667 669 668
v -0.00328095884 -0.00936692668 0.00213188305
v -0.00317450722 -0.00944302737 0.001929877
v -0.00321449552 -0.00945497086 0.00217685902
f 670 672 671
v -0.00317450722 -0.00944302737 0.001929877
v -0.00310201103 -0.00960004763 0.00215950422
v -0.00321449552 -0.00945497086 0.00217685902
f 673 675 674
v -0.00316654878 -0.00950997637 0.00225425792
v -0.00307519622 -0.00957249285 0.00233297505
v -0.00280633631 -0.0093634786 0.00230015357
f 676 678 677
v -0.00307519622 -0.00957249285 0.00233297505
v -0.00300613319 -0.00964121064 0.00239318069
v -0.00280633631 -0.0093634786 0.00230015357
f 679 681 680
v -0.00316786973 -0.00942492916 0.00219038811
v -0.00285619317 -0.00921482861 0.00207156681
v -0.00302009921 -0.00923359257 0.00205302822
f 682 684 683
v -0.00326928748 -0.00927387446 0.00207817375
v -0.00328095884 -0.00936692668 0.00213188305
v -0.00316786973 -0.00942492916 0.00219038811
f 685 687 686
v -0.00273625919 -0.00978898024 0.00233958926
v -0.00262580725 -0.00991941415 0.00202430729
v -0.00266202351 -0.0098666882 0.0022873046
f 688 690 689
v -0.000487838406 -0.0100935802 0.00067800429
v -0.000636828781 -0.0101010337 0.000875103433
v -0.000602696127 -0.0102931132 0.000487178659
f 691 693 692
v -0.00061530618 -0.00966975567 0.00107637788
v -0.000612831764 -0.00961456026 0.00107234264
v -0.000803016337 -0.00994927759 0.00143082216
f 694 696 695
v -0.000612831764 -0.00961456026 0.00107234264
v -0.000899987936 -0.00939692181 0.00139514268
v -0.000803016337 -0.00994927759 0.00143082216
f 697 699 698
v -0.00118052021 -0.00923827101 0.00152588582
v -0.000899987936 -0.00939692181 0.00139514268
v -0.0010210244 -0.00913911135 0.00130440058
f 700 702 701
v -0.00117597474 -0.00896238635 0.00111095687
v -0.00138008054 -0.00892741809 0.00114201302
v -0.00118052021 -0.00923827101 0.00152588582
f 703 705 704
v -0.00118052021 -0.00923827101 0.00152588582
v -0.00159473184 -0.0089469926 0.00117408217
v -0.00142244071 -0.00921060127 0.00161710141
f 706 708 707
v -0.0022866805 -0.00924605629 0.00171426291
v -0.00194113618 -0.00924548367 0.00185561166
v -0.00181451815 -0.00917653961 0.00163986533
f 709 711 710
v -0.00215155051 -0.00918567966 0.00156561928
v -0.0022866805 -0.00924605629 0.00171426291
v -0.00181451815 -0.00917653961 0.00163986533
f 712 714 713
v -0.00183654738 -0.00901390813 0.00119483466
v -0.00181451815 -0.00917653961 0.00163986533
v -0.00159473184 -0.0089469926 0.00117408217
f 715 717 716
v -0.00196539677 -0.00908698203 0.00135339997
v -0.00212249706 -0.00920858147 0.00136229355
v -0.00215155051 -0.00918567966 0.00156561928
f 718 720 719
v -0.00183654738 -0.00901390813 0.00119483466
v -0.00196539677 -0.00908698203 0.00135339997
v -0.00181451815 -0.00917653961 0.00163986533
f 721 723 722
v -0.00185717108 -0.00891338786 0.00114456052
v -0.00199246206 -0.00855084727 0.000949877176
v -0.00195994162 -0.00866765331 0.00100291436
f 724 726 725
v -0.00159473184 -0.0089469926 0.00117408217
v -0.00118052021 -0.00923827101 0.00152588582
v -0.00138008054 -0.00892741809 0.00114201302
f 727 729 728
v -0.00107704482 -0.00797742614 0.00102642534
v -0.00152250814 -0.0081016311 0.00100540383
v -0.00101158948 -0.00835455648 0.000989735963
f 730 732 731
v -0.00186511079 -0.0105826053 0.000575778631
v -0.00181975029 -0.0106095104 0.00070125916
v -0.00186262732 -0.0105483552 0.000994115362
f 733 735 734
v -0.00216390399 -0.0103796905 0.000772116437
v -0.00186511079 -0.0105826053 0.000575778631
v -0.00186262732 -0.0105483552 0.000994115362
f 736 738 737
v -0.0023440718 -0.0100300436 0.00110434394
v -0.00214877182 -0.0103334984 0.00116672018
v -0.00226362954 -0.010141587 0.0012605944
f 739 741 740
v -0.00216390399 -0.0103796905 0.000772116437
v -0.00205602428 -0.0104449333 0.000113427723
v -0.00186511079 -0.0105826053 0.000575778631
f 742 744 743
v -0.00237610147 -0.010191257 0.000703938531
v -0.00246354593 -0.0101398538 0.000378860659
v -0.00216390399 -0.0103796905 0.000772116437
f 745 747 746
v -0.00246354593 -0.0101398538 0.000378860659
v -0.00226450193 -0.0103280159 0.000407754123
v -0.00216390399 -0.0103796905 0.000772116437
f 748 750 749
v -0.0023440718 -0.0100300436 0.00110434394
v -0.00238118828 -0.010087205 0.000986879422
v -0.00216390399 -0.0103796905 0.000772116437
f 751 753 752
v -0.00242859041 -0.00998721371 0.00114129307
v -0.00254673523 -0.00975144285 0.00147906867
v -0.00242988681 -0.00961893165 0.00133800277
f 754 756 755
v -0.00230142268 -0.00927988149 0.00130852386
v -0.00239840301 -0.00960210018 0.0012556342
v -0.00233665069 -0.00940075042 0.00152857792
f 757 759 758
v -0.00238386692 -0.00947022272 0.00103862931
v -0.00243952745 -0.00963893763 0.00100621655
v -0.00239840301 -0.00960210018 0.0012556342
f 760 762 761
v -0.00238617631 -0.00988757602 0.00111008158
v -0.00246045984 -0.00967324522 0.000972206726
v -0.00245290048 -0.00996600284 0.00104329101
f 763 765 764
v -0.00242988681 -0.00961893165 0.00133800277
v -0.00238617631 -0.00988757602 0.00111008158
v -0.00242859041 -0.00998721371 0.00114129307
f 766 768 767
v -0.00260148681 -0.0100199817 0.00021445594
v -0.00237455097 -0.0102100734 9.77943131e-06
v -0.00246354593 -0.0101398538 0.000378860659
f 769 771 770
v -0.00269163647 -0.00977421078 0.00066261473
v -0.00246354593 -0.0101398538 0.000378860659
v -0.00267502892 -0.00976616793 0.000709684718
f 772 774 773
v -0.00260148681 -0.0100199817 0.00021445594
v -0.00246354593 -0.0101398538 0.000378860659
v -0.00272604666 -0.00983275022 0.000338747122
f 775 777 776
v -0.00246045984 -0.00967324522 0.000972206726
v -0.00273488131 -0.00952391129 0.000806718708
v -0.00267502892 -0.00976616793 0.000709684718
f 778 780 779
v -0.00238386692 -0.00947022272 0.00103862931
v -0.00233945266 -0.00929052985 0.00107424003
v -0.00246045984 -0.00967324522 0.000972206726
f 781 783 782
v -0.00276726478 -0.00988169995 3.72056064e-05
v -0.00237455097 -0.0102100734 9.77943131e-06
v -0.00260148681 -0.0100199817 0.00021445594
f 784 786 785
v -0.00276726478 -0.00988169995 3.72056064e-05
v -0.00272604666 -0.00983275022 0.000338747122
v -0.00289514755 -0.0097871547 0.000335644199
f 787 789 788
v -0.00296157577 -0.0096055177 0.000745916259
v -0.00307800256 -0.00963684652 0.000618726972
v -0.0027375816 -0.00973558635 0.000701391218
f 790 792 791
v -0.00327323505 -0.00943395717 0.000795986125
v -0.00307800256 -0.00963684652 0.000618726972
v -0.00296157577 -0.0096055177 0.000745916259
f 793 795 794
v -0.00325415967 -0.00952541814 0.000575211288
v -0.00328456299 -0.00946376822 0.000729200292
v -0.00341708437 -0.00955824798 0.000640180406
f 796 798 797
v -0.00330399052 -0.00958408637 0.000443774115
v -0.00331660594 -0.00956505537 0.000346361321
v -0.0032024971 -0.00962486665 0.000345483022
f 799 801 800
v -0.00273488131 -0.00952391129 0.000806718708
v -0.00278393691 -0.00929320304 0.000903420732
v -0.00296157577 -0.0096055177 0.000745916259
f 802 804 803
v -0.00327323505 -0.00943395717 0.000795986125
v -0.00325415967 -0.00952541814 0.000575211288
v -0.00307800256 -0.00963684652 0.000618726972
f 805 807 806
v -0.0025667201 -0.00986304076 0.000861402623
v -0.00246354593 -0.0101398538 0.000378860659
v -0.00245290048 -0.00996600284 0.00104329101
f 808 810 809
v -0.00233665069 -0.00940075042 0.00152857792
v -0.00244889816 -0.0095612806 0.00156219812
v -0.00234542313 -0.00937542718 0.00164184403
f 811 813 812
v -0.0022866805 -0.00924605629 0.00171426291
v -0.00236795659 -0.00921148821 0.00186242432
v -0.00233802166 -0.00924044507 0.00210774851
f 814 816 815
v -0.00254673523 -0.00975144285 0.00147906867
v -0.00255622199 -0.00935265562 0.00175117875
v -0.00244889816 -0.0095612806 0.00156219812
f 817 819 818
v -0.00268931108 -0.00956759686 0.00166673344
v -0.00254673523 -0.00975144285 0.00147906867
v -0.00257434331 -0.00973879287 0.00151376717
f 820 822 821
v -0.00278801799 -0.0094324052 0.001793929
v -0.00246845648 -0.00916419303 0.00202138999
v -0.0022866805 -0.00924605629 0.00171426291
f 823 825 824
v -0.0028417202 -0.00919902814 0.00202497595
v -0.00246845648 -0.00916419303 0.00202138999
v -0.00278801799 -0.0094324052 0.001793929
f 826 828 827
v -0.00297394799 -0.00944032508 0.00185713288
v -0.0028417202 -0.00919902814 0.00202497595
v -0.00278801799 -0.0094324052 0.001793929
f 829 831 830
v -0.00302009921 -0.00923359257 0.00205302822
v -0.0028417202 -0.00919902814 0.00202497595
v -0.00297394799 -0.00944032508 0.00185713288
f 832 834 833
v -0.00227005312 -0.00925741115 0.00108620497
v -0.00241362377 -0.00902659158 0.000946608998
v -0.00233945266 -0.00929052985 0.00107424003
f 835 837 836
v -0.00267034557 -0.00920881721 0.000919936792
v -0.00288837382 -0.00884614929 0.000935301978
v -0.00278393691 -0.00929320304 0.000903420732
f 838 840 839
v -0.00288837382 -0.00884614929 0.000935301978
v -0.0026580492 -0.00904720146 0.000947487024
v -0.00241362377 -0.00902659158 0.000946608998
f 841 843 842
v -0.00251276524 -0.0083031875 0.000875240767
v -0.00288837382 -0.00884614929 0.000935301978
v -0.00241362377 -0.00902659158 0.000946608998
f 844 846 845
v -0.00251276524 -0.0083031875 0.000875240767
v -0.00298740124 -0.00841420842 0.000856464976
v -0.00288837382 -0.00884614929 0.000935301978
f 847 849 848
v -0.00241362377 -0.00902659158 0.000946608998
v -0.0020704616 -0.00891466261 0.00096263193
v -0.00251276524 -0.0083031875 0.000875240767
f 850 852 851
v -0.00288837382 -0.00884614929 0.000935301978
v -0.00267034557 -0.00920881721 0.000919936792
v -0.0026580492 -0.00904720146 0.000947487024
f 853 855 854
v -0.00314870849 -0.00859021238 0.000880743573
v -0.00340171646 -0.00886230555 0.000918028854
v -0.00288837382 -0.00884614929 0.000935301978
f 856 858 857
v -0.00287312178 -0.00973516799 0.00201353978
v -0.00278801799 -0.0094324052 0.001793929
v -0.00268931108 -0.00956759686 0.00166673344
f 859 861 860
v -0.00214877182 -0.0103334984 0.00116672018
v -0.00216390399 -0.0103796905 0.000772116437
v -0.00197302488 -0.0104451799 0.00120115983
f 862 864 863
v -0.00213059193 -0.0102069811 0.00205165234
v -0.00197986119 -0.0103371232 0.00183318807
v -0.00159193823 -0.0103146493 0.00181846135
f 865 867 866
v -0.00257434331 -0.00973879287 0.00151376717
v -0.00267593878 -0.00989953624 0.00186288762
v -0.00287312178 -0.00973516799 0.00201353978
f 868 870 869
v -0.00340171646 -0.00886230555 0.000918028854
v -0.00363522668 -0.00913706099 0.000893783181
v -0.00358046054 -0.00922819017 0.000961814112
f 871 873 872
v -0.00357082026 -0.00875444675 0.000748006278
v -0.00370217858 -0.00902400207 0.000818073386
v -0.00340171646 -0.00886230555 0.000918028854
f 874 876 875
v -0.00363815307 -0.0093444869 0.00060692264
v -0.00355477314 -0.00934403652 0.000865340371
v -0.00358046054 -0.00922819017 0.000961814112
f 877 879 878
v -0.000985100633 -0.010533537 -0.00130524822
v -0.00100769566 -0.010473407 -0.00156151964
v -0.000645453974 -0.0103788327 -0.00147465671
f 880 882 881
v -0.00168929255 -0.0104781386 -0.00164115881
v -0.00152035709 -0.010451916 -0.00184688706
v -0.00151507147 -0.0105509418 -0.00137464722
f 883 885 884
v -0.00151507147 -0.0105509418 -0.00137464722
v -0.00134981474 -0.01053983 -0.00157076756
v -0.00139503036 -0.0105439118 -0.00139314034
f 886 888 887
v -0.00101350715 -0.0103709681 -0.0018728113
v -0.00101683545 -0.0102186495 -0.00242020342
v -0.000594149742 -0.0102018334 -0.00184491255
f 889 891 890
v -0.00100769566 -0.010473407 -0.00156151964
v -0.00152035709 -0.010451916 -0.00184688706
v -0.00101350715 -0.0103709681 -0.0018728113
f 892 894 893
v -0.00177276925 -0.0103734012 -0.00175902824
v -0.00152035709 -0.010451916 -0.00184688706
v -0.00168929255 -0.0104781386 -0.00164115881
f 895 897 896
v -0.00101350715 -0.0103709681 -0.0018728113
v -0.00151358809 -0.0103485625 -0.00228608878
v -0.00151161385 -0.0103072918 -0.00246963082
f 898 900 899
v -0.0018211269 -0.010367643 -0.00194595923
v -0.00192577863 -0.0102543403 -0.00226925167
v -0.00152035709 -0.010451916 -0.00184688706
f 901 903 902
v -0.00192577863 -0.0102543403 -0.00226925167
v -0.00151358809 -0.0103485625 -0.00228608878
v -0.00152035709 -0.010451916 -0.00184688706
f 904 906 905
v -0.000158688545 -0.01035022 -0.00082229808
v -0.000985100633 -0.010533537 -0.00130524822
v -0.000645453974 -0.0103788327 -0.00147465671
f 907 909 908
v -0.0014780172 -0.0105989428 -0.00109894572
v -0.000985100633 -0.010533537 -0.00130524822
v -0.00108136719 -0.010663033 -0.000517770422
f 910 912 911
v -0.0014780172 -0.0105989428 -0.00109894572
v -0.00151507147 -0.0105509418 -0.00137464722
v -0.00139503036 -0.0105439118 -0.00139314034
f 913 915 914
v -0.00221694117 -0.0101127072 -0.00213226631
v -0.00192577863 -0.0102543403 -0.00226925167
v -0.00202158026 -0.0102956845 -0.00166599821
f 916 918 917
v -0.00226329503 -0.0101945458 -0.00134746933
v -0.00201563907 -0.0103019462 -0.00164044577
v -0.00228708031 -0.0102106489 -0.000931050727
f 919 921 920
v -0.00225316344 -0.0102891398 -0.000381585915
v -0.00228708031 -0.0102106489 -0.000931050727
v -0.00192181324 -0.0105143445 -0.000596095924
f 922 924 923
v -0.00251598776 -0.010030566 -0.000710548647
v -0.00228708031 -0.0102106489 -0.000931050727
v -0.00225316344 -0.0102891398 -0.000381585915
f 925 927 926
v -0.00251598776 -0.010030566 -0.000710548647
v -0.00237455097 -0.0102100734 9.77943131e-06
v -0.00276726478 -0.00988169995 3.72056064e-05
f 928 930 929
v -0.00288109077 -0.00970882465 -0.0004683302
v -0.00251598776 -0.010030566 -0.000710548647
v -0.00276726478 -0.00988169995 3.72056064e-05
f 931 933 932
v -0.00285162641 -0.0096918935 -0.00107569131
v -0.00251598776 -0.010030566 -0.000710548647
v -0.00288109077 -0.00970882465 -0.0004683302
f 934 936 935
v -0.00243131708 -0.00997786774 -0.00196570509
v -0.00236218766 -0.0100914338 -0.00166505852
v -0.0024847448 -0.0100175137 -0.00139868507
f 937 939 938
v -0.00236218766 -0.0100914338 -0.00166505852
v -0.00243131708 -0.00997786774 -0.00196570509
v -0.00202158026 -0.0102956845 -0.00166599821
f 940 942 941
v -0.00101683545 -0.0102186495 -0.00242020342
v -0.000866380105 -0.0101053207 -0.00266422139
v -0.000587097293 -0.010004772 -0.00228367135
f 943 945 944
v -0.000866380105 -0.0101053207 -0.00266422139
v -0.000726214694 -0.00993282665 -0.00270007513
v -0.000630691193 -0.00981547855 -0.00271276785
f 946 948 947
v -0.000726214694 -0.00993282665 -0.00270007513
v -0.000866380105 -0.0101053207 -0.00266422139
v -0.000774304681 -0.00992483983 -0.00295315876
f 949 951 950
v -0.000726214694 -0.00993282665 -0.00270007513
v -0.000774304681 -0.00992483983 -0.00295315876
v -0.000630691193 -0.00981547855 -0.00271276785
f 952 954 953
v -0.000866380105 -0.0101053207 -0.00266422139
v -0.0012880364 -0.0102550322 -0.00266288425
v -0.00104624032 -0.0100886471 -0.0028726874
f 955 957 956
v -0.0012880364 -0.0102550322 -0.00266288425
v -0.00153340206 -0.010183463 -0.00288829888
v -0.00104624032 -0.0100886471 -0.0028726874
f 958 960 959
v -0.00207684061 -0.0100719131 -0.0027218397
v -0.0018554605 -0.0101327321 -0.00299991443
v -0.00176295998 -0.010140767 -0.00281303983
f 961 963 962
v -0.00109930743 -0.00984295111 -0.00332078052
v -0.000999599433 -0.00950396061 -0.00357675453
v -0.000809554422 -0.00970004839 -0.00325915571
f 964 966 965
v -0.0011332093 -0.00950008034 -0.0036691672
v -0.000999599433 -0.00950396061 -0.00357675453
v -0.00109930743 -0.00984295111 -0.00332078052
f 967 969 968
v -0.000852436278 -0.00926251305 -0.00335294826
v -0.000639426707 -0.0094230134 -0.00303582274
v -0.000809554422 -0.00970004839 -0.00325915571
f 970 972 971
v -0.000886113412 -0.00925275745 -0.00341291743
v -0.000852436278 -0.00926251305 -0.00335294826
v -0.000809554422 -0.00970004839 -0.00325915571
f 973 975 974
v -0.000886113412 -0.00925275745 -0.00341291743
v -0.000745458692 -0.00912961405 -0.00307127775
v -0.000852436278 -0.00926251305 -0.00335294826
f 976 978 977
v -0.00193839478 -0.0100012767 -0.00324417015
v -0.00157082522 -0.00995841692 -0.00334772485
v -0.00153340206 -0.010183463 -0.00288829888
f 979 981 980
v -0.00162277793 -0.00968129098 -0.00374350639
v -0.0011332093 -0.00950008034 -0.0036691672
v -0.00109930743 -0.00984295111 -0.00332078052
f 982 984 983
v -0.00207684061 -0.0100719131 -0.0027218397
v -0.00243911818 -0.00972700655 -0.00302381541
v -0.00223875504 -0.00986758823 -0.00319152459
f 985 987 986
v -0.00214127958 -0.00971815753 -0.0036758629
v -0.00193839478 -0.0100012767 -0.00324417015
v -0.00223875504 -0.00986758823 -0.00319152459
f 988 990 989
v -0.00262451485 -0.00954418574 -0.00351823692
v -0.00232381208 -0.00974232244 -0.00349051188
v -0.00223875504 -0.00986758823 -0.00319152459
f 991 993 992
v -0.00267621053 -0.00947157459 -0.00279886899
v -0.00262451485 -0.00954418574 -0.00351823692
v -0.00243911818 -0.00972700655 -0.00302381541
f 994 996 995
v -0.00243911818 -0.00972700655 -0.00302381541
v -0.00237102049 -0.00986434025 -0.00271041008
v -0.00248434608 -0.00980324694 -0.00242933384
f 997 999 998
v -0.00296538692 -0.00952250775 -0.00173651551
v -0.00323940949 -0.00908201691 -0.00189571474
v -0.00312655939 -0.00911516545 -0.00244665807
f 1000 1002 1001
v -0.00303589259 -0.00943011764 -0.00146690236
v -0.00323940949 -0.00908201691 -0.00189571474
v -0.00296538692 -0.00952250775 -0.00173651551
f 1003 1005 1004
v -0.00290765292 -0.00924947017 -0.00261105542
v -0.00282903093 -0.00949854802 -0.00219735794
v -0.00312655939 -0.00911516545 -0.00244665807
f 1006 1008 1007
v -0.00267621053 -0.00947157459 -0.00279886899
v -0.00282903093 -0.00949854802 -0.00219735794
v -0.00290765292 -0.00924947017 -0.00261105542
f 1009 1011 1010
v -0.00285773549 -0.00929090238 -0.00308847411
v -0.00267621053 -0.00947157459 -0.00279886899
v -0.00290765292 -0.00924947017 -0.00261105542
f 1012 1014 1013
v -0.00312655939 -0.00911516545 -0.00244665807
v -0.00332984091 -0.00889171788 -0.00289781074
v -0.00290765292 -0.00924947017 -0.00261105542
f 1015 1017 1016
v -0.00296646394 -0.00913527838 -0.00285382612
v -0.00285773549 -0.00929090238 -0.00308847411
v -0.00290765292 -0.00924947017 -0.00261105542
f 1018 1020 1019
v -0.00336712947 -0.00886202251 -0.00219865287
v -0.00312655939 -0.00911516545 -0.00244665807
v -0.00323940949 -0.00908201691 -0.00189571474
f 1021 1023 1022
v -0.00336712947 -0.00886202251 -0.00219865287
v -0.00346164379 -0.00871296579 -0.00242988481
v -0.00332984091 -0.00889171788 -0.00289781074
f 1024 1026 1025
v -0.00248434608 -0.00980324694 -0.00242933384
v -0.00230275855 -0.0100050391 -0.00242052229
v -0.00221694117 -0.0101127072 -0.00213226631
f 1027 1029 1028
v -0.00248434608 -0.00980324694 -0.00242933384
v -0.00267621053 -0.00947157459 -0.00279886899
v -0.00243911818 -0.00972700655 -0.00302381541
f 1030 1032 1031
v -0.00215698328 -0.00750332692 0.00093289309
v -0.00204772841 -0.00807981414 0.000937029836
v -0.00152250814 -0.0081016311 0.00100540383
f 1033 1035 1034
v -0.00303579563 -0.00956756048 -0.000311131953
v -0.00288109077 -0.00970882465 -0.0004683302
v -0.00276726478 -0.00988169995 3.72056064e-05
f 1036 1038 1037
v -0.00325328692 -0.00957883385 0.000307993832
v -0.00303579563 -0.00956756048 -0.000311131953
v -0.00294359361 -0.00977625677 0.000150525102
f 1039 1041 1040
v -0.00307923729 -0.00937402874 -0.000738329345
v -0.00288109077 -0.00970882465 -0.0004683302
v -0.00303579563 -0.00956756048 -0.000311131953
f 1042 1044 1043
v -0.00307923729 -0.00937402874 -0.000738329345
v -0.00303579563 -0.00956756048 -0.000311131953
v -0.00333882963 -0.00934920827 -0.000112516136
f 1045 1047 1046
v -0.00358905745 -0.00922087493 5.32131708e-05
v -0.00333882963 -0.00934920827 -0.000112516136
v -0.00325328692 -0.00957883385 0.000307993832
f 1048 1050 1049
v -0.00333882963 -0.00934920827 -0.000112516136
v -0.00359402729 -0.00900799059 -0.000152288112
v -0.00341956948 -0.00900426967 -0.000398734028
f 1051 1053 1052
v -0.00333397584 -0.00902400643 -0.000706620267
v -0.00307923729 -0.00937402874 -0.000738329345
v -0.00341956948 -0.00900426967 -0.000398734028
f 1054 1056 1055
v -0.00342224666 -0.00866206319 -0.000602631872
v -0.00333397584 -0.00902400643 -0.000706620267
v -0.00341956948 -0.00900426967 -0.000398734028
f 1057 1059 1058
v -0.00354771837 -0.00862308589 -0.000191522349
v -0.00341956948 -0.00900426967 -0.000398734028
v -0.00359402729 -0.00900799059 -0.000152288112
f 1060 1062 1061
v -0.00335601981 -0.00831505677 -0.000529031968
v -0.00335442382 -0.00867939307 -0.000849232765
v -0.00342224666 -0.00866206319 -0.000602631872
f 1063 1065 1064
v -0.00333882963 -0.00934920827 -0.000112516136
v -0.00341956948 -0.00900426967 -0.000398734028
v -0.00307923729 -0.00937402874 -0.000738329345
f 1066 1068 1067
v -0.00301509772 -0.00819933557 0.000720616481
v -0.00298740124 -0.00841420842 0.000856464976
v -0.00251276524 -0.0083031875 0.000875240767
f 1069 1071 1070
v -0.0025790554 -0.00793964209 0.00082090246
v -0.00278280786 -0.00806458847 0.000772136991
v -0.00251276524 -0.0083031875 0.000875240767
f 1072 1074 1073
v -0.00328966416 -0.00827848853 0.000626883048
v -0.00340171646 -0.00886230555 0.000918028854
v -0.00314870849 -0.00859021238 0.000880743573
f 1075 1077 1076
v -0.00328966416 -0.00827848853 0.000626883048
v -0.00343670472 -0.00845848845 0.000655279291
v -0.00340171646 -0.00886230555 0.000918028854
f 1078 1080 1079
v -0.00371431015 -0.00858477506 0.000189783987
v -0.00342967069 -0.00829154014 0.00022915001
v -0.00360603735 -0.00847157644 0.00018511173
f 1081 1083 1082
v -0.00343670472 -0.00845848845 0.000655279291
v -0.00328966416 -0.00827848853 0.000626883048
v -0.00342967069 -0.00829154014 0.00022915001
f 1084 1086 1085
v -0.00329090253 -0.00815484382 0.00048982638
v -0.00328966416 -0.00827848853 0.000626883048
v -0.00301509772 -0.00819933557 0.000720616481
f 1087 1089 1088
v -0.00272186608 -0.00738563613 0.00035582616
v -0.00277611707 -0.00764267534 0.00053428821
v -0.00258660639 -0.00736680886 0.000709924279
f 1090 1092 1091
v -0.00306626498 -0.00792795472 0.000391047524
v -0.00301509772 -0.00819933557 0.000720616481
v -0.00277611707 -0.00764267534 0.00053428821
f 1093 1095 1094
v -0.00283805948 -0.00742018965 6.12301847e-05
v -0.00277611707 -0.00764267534 0.00053428821
v -0.00272186608 -0.00738563613 0.00035582616
f 1096 1098 1097
v -0.00258660639 -0.00736680886 0.000709924279
v -0.00266115803 -0.00700816308 0.000373249986
v -0.00272186608 -0.00738563613 0.00035582616
f 1099 1101 1100
v -0.00283805948 -0.00742018965 6.12301847e-05
v -0.00293808553 -0.00766800586 6.45060936e-05
v -0.00299199164 -0.00777665991 0.000300991451
f 1102 1104 1103
v -0.00329090253 -0.00815484382 0.00048982638
v -0.00306626498 -0.00792795472 0.000391047524
v -0.00346098132 -0.00831566431 0.00017568982
f 1105 1107 1106
v -0.00332466552 -0.00816870452 -0.00019049362
v -0.00308332419 -0.00782427014 -0.000216726357
v -0.00335601981 -0.00831505677 -0.000529031968
f 1108 1110 1109
v -0.00335601981 -0.00831505677 -0.000529031968
v -0.00354771837 -0.00862308589 -0.000191522349
v -0.00346098132 -0.00831566431 0.00017568982
f 1111 1113 1112
v -0.00335601981 -0.00831505677 -0.000529031968
v -0.00346098132 -0.00831566431 0.00017568982
v -0.00332466552 -0.00816870452 -0.00019049362
f 1114 1116 1115
v -0.00293808553 -0.00766800586 6.45060936e-05
v -0.00308332419 -0.00782427014 -0.000216726357
v -0.00306626498 -0.00792795472 0.000391047524
f 1117 1119 1118
v -0.00322330234 -0.00905668276 -0.00111029731
v -0.00323940949 -0.00908201691 -0.00189571474
v -0.00303589259 -0.00943011764 -0.00146690236
f 1120 1122 1121
v -0.00331334886 -0.00836966283 -0.00122778511
v -0.00316383557 -0.00796103559 -0.000911972529
v -0.003187314 -0.00804740994 -0.0014069079
f 1123 1125 1124
v -0.00335601981 -0.00831505677 -0.000529031968
v -0.00316383557 -0.00796103559 -0.000911972529
v -0.00331334886 -0.00836966283 -0.00122778511
f 1126 1128 1127
v -0.00296788876 -0.00736082657 -0.00157446884
v -0.00308494018 -0.00770537226 -0.00198900125
v -0.00304758614 -0.00761309348 -0.00127180629
f 1129 1131 1130
v -0.00340924562 -0.00847343617 -0.00192961434
v -0.00331334886 -0.00836966283 -0.00122778511
v -0.00329928298 -0.00819178822 -0.00176534013
f 1132 1134 1133
v -0.00339853796 -0.00814978339 -0.00224772011
v -0.00352316565 -0.00854229147 -0.00247344524
v -0.00345609369 -0.00850197539 -0.00215924338
f 1135 1137 1136
v -0.00308494018 -0.00770537226 -0.00198900125
v -0.00329928298 -0.00819178822 -0.00176534013
v -0.003187314 -0.00804740994 -0.0014069079
f 1138 1140 1139
v -0.00290641201 -0.0074978183 -0.000233145965
v -0.00308332419 -0.00782427014 -0.000216726357
v -0.00283805948 -0.00742018965 6.12301847e-05
f 1141 1143 1142
v -0.00308332419 -0.00782427014 -0.000216726357
v -0.00290641201 -0.0074978183 -0.000233145965
v -0.00292191344 -0.00737311348 -0.000453689245
f 1144 1146 1145
v -0.00284292018 -0.00709819506 -0.000277982872
v -0.00283805948 -0.00742018965 6.12301847e-05
v -0.00266115803 -0.00700816308 0.000373249986
f 1147 1149 1148
v -0.00300620868 -0.00755172368 -0.000634619573
v -0.00299036601 -0.00728824161 -0.00113958704
v -0.00304758614 -0.00761309348 -0.00127180629
f 1150 1152 1151
v -0.00292877139 -0.00691706227 -0.00134394859
v -0.00299036601 -0.00728824161 -0.00113958704
v -0.00294309411 -0.00711009488 -0.000887657006
f 1153 1155 1154
v -0.00289200798 -0.00678900178 -0.000678190281
v -0.00294309411 -0.00711009488 -0.000887657006
v -0.00284292018 -0.00709819506 -0.000277982872
f 1156 1158 1157
v -0.0028445349 -0.00640257276 -0.000370502175
v -0.00292989753 -0.00614998062 -0.000762449599
v -0.00294004221 -0.00648328496 -0.00105054687
f 1159 1161 1160
v -0.00294309411 -0.00711009488 -0.000887657006
v -0.00292191344 -0.00737311348 -0.000453689245
v -0.00284292018 -0.00709819506 -0.000277982872
f 1162 1164 1163
v -0.00292877139 -0.00691706227 -0.00134394859
v -0.00294309411 -0.00711009488 -0.000887657006
v -0.00289200798 -0.00678900178 -0.000678190281
f 1165 1167 1166
v -0.00248402594 -0.00758921451 0.000870503209
v -0.0025616544 -0.00714618291 0.000649746471
v -0.00258660639 -0.00736680886 0.000709924279
f 1168 1170 1169
v -0.00177083966 -0.010576639 -0.000873803219
v -0.00185087611 -0.0104824408 -0.00112930138
v -0.00145280428 -0.010658156 -0.000762282252
f 1171 1173 1172
v -0.00358905745 -0.00922087493 5.32131708e-05
v -0.00325328692 -0.00957883385 0.000307993832
v -0.00354942385 -0.00944581043 0.000356197143
f 1174 1176 1175
v -0.00358905745 -0.00922087493 5.32131708e-05
v -0.00354942385 -0.00944581043 0.000356197143
v -0.00363815307 -0.0093444869 0.00060692264
f 1177 1179 1178
v -0.00358046054 -0.00922819017 0.000961814112
v -0.00355477314 -0.00934403652 0.000865340371
v -0.00335941986 -0.00939370075 0.000831445504
f 1180 1182 1181
v -0.00216390399 -0.0103796905 0.000772116437
v -0.00226450193 -0.0103280159 0.000407754123
v -0.00205602428 -0.0104449333 0.000113427723
f 1183 1185 1184
v -0.00345609369 -0.00850197539 -0.00215924338
v -0.00336712947 -0.00886202251 -0.00219865287
v -0.00340924562 -0.00847343617 -0.00192961434
f 1186 1188 1187
v -0.00117529898 -0.00713159898 0.00100320594
v -0.00184642267 -0.00673824834 0.000953029303
v -0.0017809276 -0.00708898879 0.000963840284
f 1189 1191 1190
v -0.00123970003 -0.00639681384 0.001080947
v -0.00184642267 -0.00673824834 0.000953029303
v -0.00117529898 -0.00713159898 0.00100320594
f 1192 1194 1193
v -0.00162472352 -0.00631462972 0.00105395502
v -0.00194199602 -0.00642244195 0.000927024666
v -0.00184642267 -0.00673824834 0.000953029303
f 1195 1197 1196
v -0.00162472352 -0.00631462972 0.00105395502
v -0.00188255217 -0.00567291681 0.00103032671
v -0.00198680955 -0.00599217165 0.000951419861
f 1198 1200 1199
v -0.00194199602 -0.00642244195 0.000927024666
v -0.00162472352 -0.00631462972 0.00105395502
v -0.00198680955 -0.00599217165 0.000951419861
f 1201 1203 1202
v -0.0017809276 -0.00708898879 0.000963840284
v -0.00229879697 -0.00715792121 0.000850108336
v -0.00215698328 -0.00750332692 0.00093289309
f 1204 1206 1205
v -0.0017809276 -0.00708898879 0.000963840284
v -0.00184642267 -0.00673824834 0.000953029303
v -0.00218596324 -0.00683489488 0.000847996853
f 1207 1209 1208
v -0.00198680955 -0.00599217165 0.000951419861
v -0.00220771435 -0.00579285443 0.000834731691
v -0.00228328317 -0.00615676981 0.000770592123
f 1210 1212 1211
v -0.00259922108 -0.00627515328 0.000354403801
v -0.00270946166 -0.0060858205 0.000206047025
v -0.00260128836 -0.006606432 0.000325814108
f 1213 1215 1214
v -0.00243876548 -0.00582987814 0.00061859846
v -0.00259922108 -0.00627515328 0.000354403801
v -0.00228328317 -0.00615676981 0.000770592123
f 1216 1218 1217
v -0.0027305965 -0.00560417502 0.000247383832
v -0.00243876548 -0.00582987814 0.00061859846
v -0.00241339512 -0.00547771633 0.000654913856
f 1219 1221 1220
v -0.00198680955 -0.00599217165 0.000951419861
v -0.00228328317 -0.00615676981 0.000770592123
v -0.00194199602 -0.00642244195 0.000927024666
f 1222 1224 1223
v -0.00159314295 -0.00559565597 0.00112845446
v -0.0016625163 -0.00522597948 0.00107774558
v -0.00188255217 -0.00567291681 0.00103032671
f 1225 1227 1226
v -0.0019786321 -0.00499983762 0.000921327955
v -0.00210299168 -0.00537809792 0.000866432492
v -0.0016625163 -0.00522597948 0.00107774558
f 1228 1230 1229
v -0.00210299168 -0.00537809792 0.000866432492
v -0.00188255217 -0.00567291681 0.00103032671
v -0.0016625163 -0.00522597948 0.00107774558
f 1231 1233 1232
v -0.00210299168 -0.00537809792 0.000866432492
v -0.00223542011 -0.00491082137 0.000753934546
v -0.00241339512 -0.00547771633 0.000654913856
f 1234 1236 1235
v -0.00183255906 -0.00454699511 0.00090487556
v -0.0019786321 -0.00499983762 0.000921327955
v -0.0016625163 -0.00522597948 0.00107774558
f 1237 1239 1238
v -0.00240715635 -0.0043450189 0.000593066034
v -0.00252976752 -0.00481738098 0.000547791024
v -0.00223542011 -0.00491082137 0.000753934546
f 1240 1242 1241
v -0.00280579825 -0.0057231111 4.29402462e-05
v -0.0028445349 -0.00640257276 -0.000370502175
v -0.00270946166 -0.0060858205 0.000206047025
f 1243 1245 1244
v 0.00161190765 -0.00627020563 -0.00152191751
v 0.00160884792 -0.00594622215 -0.00178743285
v 0.00186682028 -0.00603058252 -0.00154937024
f 1246 1248 1247
v 0.00163702389 -0.00625132016 -0.00150891574
v 0.00161190765 -0.00627020563 -0.00152191751
v 0.00186682028 -0.00603058252 -0.00154937024
f 1249 1251 1250
v 0.00186682028 -0.00603058252 -0.00154937024
v 0.00183496886 -0.00587964314 -0.00173277331
v 0.00181006544 -0.00561609413 -0.00160233503
f 1252 1254 1253
v 0.00186682028 -0.00603058252 -0.00154937024
v 0.00160884792 -0.00594622215 -0.00178743285
v 0.00183496886 -0.00587964314 -0.00173277331
f 1255 1257 1256
v 0.00119173383 -0.0060162125 -0.00187559453
v 0.0015390804 -0.00593416407 -0.00180053848
v 0.00160884792 -0.00594622215 -0.00178743285
f 1258 1260 1259
v 0.00119173383 -0.0060162125 -0.00187559453
v 0.00145717686 -0.00554457692 -0.00177424117
v 0.0015390804 -0.00593416407 -0.00180053848
f 1261 1263 1262
v 0.00182635831 -0.00549189535 -0.000981604262
v 0.0016379583 -0.00480916024 -0.00104049832
v 0.00175238019 -0.00512415063 -0.000740546602
f 1264 1266 1265
v 0.00145717686 -0.00554457692 -0.00177424117
v 0.00154568133 -0.00538653476 -0.00161064472
v 0.00165984038 -0.0055728422 -0.00167149938
f 1267 1269 1268
v 0.0012953974 -0.00494341621 -0.00164410721
v 0.00145717686 -0.00554457692 -0.00177424117
v 0.00107216929 -0.00525463365 -0.00182153271
f 1270 1272 1271
v 0.00154700356 -0.0051517738 -0.00156742171
v 0.00166050086 -0.00514416788 -0.0013553602
v 0.00154568133 -0.00538653476 -0.00161064472
f 1273 1275 1274
v 0.0012953974 -0.00494341621 -0.00164410721
v 0.00146993798 -0.00501863651 -0.00149887492
v 0.00154700356 -0.0051517738 -0.00156742171
f 1276 1278 1277
v 0.00106975767 -0.00436529808 -0.00168453807
v 0.0012953974 -0.00494341621 -0.00164410721
v 0.00102207396 -0.00467894679 -0.00178698538
f 1279 1281 1280
v 0.00154700356 -0.0051517738 -0.00156742171
v 0.00151102604 -0.00531631522 -0.00165394977
v 0.00145717686 -0.00554457692 -0.00177424117
f 1282 1284 1283
v 0.00166050086 -0.00514416788 -0.0013553602
v 0.00162044489 -0.00500338647 -0.00134508819
v 0.0016379583 -0.00480916024 -0.00104049832
f 1285 1287 1286
v 0.000350479127 -0.00730342217 -0.00234524123
v 0.000400951649 -0.00782943534 -0.00241199323
v -4.24908592e-05 -0.00775110966 -0.00262796111
f 1288 1290 1289
v -0.000438381448 -0.00828987395 -0.00277446488
v -0.000575381227 -0.00798478504 -0.002828982
v -4.24908592e-05 -0.00775110966 -0.00262796111
f 1291 1293 1292
v -0.000865075344 -0.0083582825 -0.00290603239
v -0.000575381227 -0.00798478504 -0.002828982
v -0.000438381448 -0.00828987395 -0.00277446488
f 1294 1296 1295
v -0.00102999429 -0.00784174263 -0.00288959
v -0.000674792909 -0.00719828604 -0.00280591394
v -0.000535264098 -0.00762596392 -0.00280210188
f 1297 1299 1298
v -0.00102999429 -0.00784174263 -0.00288959
v -0.000535264098 -0.00762596392 -0.00280210188
v -0.000575381227 -0.00798478504 -0.002828982
f 1300 1302 1301
v -0.00114392542 -0.00729172898 -0.00284602356
v -0.000674792909 -0.00719828604 -0.00280591394
v -0.00102999429 -0.00784174263 -0.00288959
f 1303 1305 1304
v -0.000535264098 -0.00762596392 -0.00280210188
v -4.24908592e-05 -0.00775110966 -0.00262796111
v -0.000575381227 -0.00798478504 -0.002828982
f 1306 1308 1307
v 0.000638538995 -0.00688302753 -0.00211745573
v 0.00120871728 -0.00651123919 -0.00173177359
v 0.00109853627 -0.00686447966 -0.00179505423
f 1309 1311 1310
v 0.00129465634 -0.00654410542 -0.0016167236
v 0.00141459986 -0.00638230413 -0.0016254533
v 0.00144865962 -0.00658833669 -0.00141307155
f 1312 1314 1313
v 0.00129465634 -0.00654410542 -0.0016167236
v 0.00120871728 -0.00651123919 -0.00173177359
v 0.00141459986 -0.00638230413 -0.0016254533
f 1315 1317 1316
v 0.00131562147 -0.00616814796 -0.00171765714
v 0.00141459986 -0.00638230413 -0.0016254533
v 0.00120871728 -0.00651123919 -0.00173177359
f 1318 1320 1319
v 0.00161190765 -0.00627020563 -0.00152191751
v 0.00119173383 -0.0060162125 -0.00187559453
v 0.00160884792 -0.00594622215 -0.00178743285
f 1321 1323 1322
v 0.00131562147 -0.00616814796 -0.00171765714
v 0.00119173383 -0.0060162125 -0.00187559453
v 0.00161190765 -0.00627020563 -0.00152191751
f 1324 1326 1325
v 0.000248683523 -0.00668209541 -0.0023752189
v 0.000622901098 -0.0062476669 -0.00211508395
v 0.000638538995 -0.00688302753 -0.00211745573
f 1327 1329 1328
v 4.02223378e-05 -0.00639945647 -0.00249814839
v 0.000248683523 -0.00668209541 -0.0023752189
v 3.7228773e-06 -0.00659125071 -0.0024989562
f 1330 1332 1331
v 0.000104445803 -0.00599641244 -0.00243097747
v 0.000622901098 -0.0062476669 -0.00211508395
v 0.000248683523 -0.00668209541 -0.0023752189
f 1333 1335 1334
v 4.02223378e-05 -0.00639945647 -0.00249814839
v 0.000104445803 -0.00599641244 -0.00243097747
v 0.000248683523 -0.00668209541 -0.0023752189
f 1336 1338 1337
v -0.000124698033 -0.00572928075 -0.00253302478
v -8.73956083e-05 -0.00535157378 -0.00245076099
v 0.000104445803 -0.00599641244 -0.00243097747
f 1339 1341 1340
v 0.000622901098 -0.0062476669 -0.00211508395
v 0.00120871728 -0.00651123919 -0.00173177359
v 0.000638538995 -0.00688302753 -0.00211745573
f 1342 1344 1343
v 0.000638538995 -0.00688302753 -0.00211745573
v 0.00109853627 -0.00686447966 -0.00179505423
v 0.000777259265 -0.00736404108 -0.00207949852
f 1345 1347 1346
v 0.000560161743 -0.00588930197 -0.00215031214
v 0.000765450659 -0.00582104294 -0.00201859366
v 0.00100744774 -0.00604868255 -0.00191849758
f 1348 1350 1349
v 0.00075248231 -0.00510497412 -0.00199849455
v 0.00089596515 -0.0055143686 -0.00195713437
v 0.000479328855 -0.00546410483 -0.00217487795
f 1351 1353 1352
v 0.00089596515 -0.0055143686 -0.00195713437
v 0.00075248231 -0.00510497412 -0.00199849455
v 0.00107216929 -0.00525463365 -0.00182153271
f 1354 1356 1355
v 0.000248683523 -0.00668209541 -0.0023752189
v 0.000350479127 -0.00730342217 -0.00234524123
v -0.000152265523 -0.00714019116 -0.00263112142
f 1357 1359 1358
v -0.000535264098 -0.00762596392 -0.00280210188
v -0.000674792909 -0.00719828604 -0.00280591394
v -0.000152265523 -0.00714019116 -0.00263112142
f 1360 1362 1361
v -0.000341513964 -0.00648653368 -0.00266929092
v -0.000152265523 -0.00714019116 -0.00263112142
v -0.000378697428 -0.0068685411 -0.00271195258
f 1363 1365 1364
v -0.000341513964 -0.00648653368 -0.00266929092
v -0.000299434214 -0.00612116128 -0.00264076916
v 0.000104445803 -0.00599641244 -0.00243097747
f 1366 1368 1367
v -0.000480278641 -0.00591581484 -0.00266988573
v -0.000341513964 -0.00648653368 -0.00266929092
v -0.000602849195 -0.00618862468 -0.00272630659
f 1369 1371 1370
v -0.000480278641 -0.00591581484 -0.00266988573
v -0.000299434214 -0.00612116128 -0.00264076916
v -0.000341513964 -0.00648653368 -0.00266929092
f 1372 1374 1373
v -0.000811654991 -0.00626798501 -0.00274580216
v -0.000602849195 -0.00618862468 -0.00272630659
v -0.000341513964 -0.00648653368 -0.00266929092
f 1375 1377 1376
v 3.7228773e-06 -0.00659125071 -0.0024989562
v -0.000341513964 -0.00648653368 -0.00266929092
v 4.02223378e-05 -0.00639945647 -0.00249814839
f 1378 1380 1379
v 0.000665486868 -0.00428548519 -0.00188370377
v 0.00102207396 -0.00467894679 -0.00178698538
v 0.000330093894 -0.00488853439 -0.00216270237
f 1381 1383 1382
v -0.00133516451 -0.00663276587 -0.00277398176
v -0.00143166117 -0.00601476386 -0.00277007639
v -0.000811654991 -0.00626798501 -0.00274580216
f 1384 1386 1385
v -0.000614940382 -0.00514866151 -0.00260014986
v -0.000328139708 -0.0050285038 -0.00249968252
v -8.73956083e-05 -0.00535157378 -0.00245076099
f 1387 1389 1388
v -0.000614940382 -0.00514866151 -0.00260014986
v -0.00053809822 -0.00558102256 -0.00264405808
v -0.0010390856 -0.00548975659 -0.00272184825
f 1390 1392 1391
v -0.00114246459 -0.00457931928 -0.00259156277
v -0.000779661877 -0.00442324235 -0.00250799621
v -0.0010390856 -0.00548975659 -0.00272184825
f 1393 1395 1394
v -0.00165115689 -0.00484703705 -0.00261320329
v -0.00127218937 -0.00429859465 -0.00255948216
v -0.00114246459 -0.00457931928 -0.00259156277
f 1396 1398 1397
v -0.00184616274 -0.00468166727 -0.00254466431
v -0.0017442544 -0.00439990072 -0.00253029157
v -0.00165115689 -0.00484703705 -0.00261320329
f 1399 1401 1400
v 0.000302393096 -0.00526772674 -0.00224834348
v 0.000330093894 -0.00488853439 -0.00216270237
v 0.000479328855 -0.00546410483 -0.00217487795
f 1402 1404 1403
v -0.000779661877 -0.00442324235 -0.00250799621
v -0.00036375568 -0.0041709176 -0.00232085004
v -0.000328139708 -0.0050285038 -0.00249968252
f 1405 1407 1406
v -0.000152265523 -0.00714019116 -0.00263112142
v -4.24908592e-05 -0.00775110966 -0.00262796111
v -0.000535264098 -0.00762596392 -0.00280210188
f 1408 1410 1409
v 0.00159178271 -0.00429260035 -0.000382392454
v 0.00178834434 -0.00539822431 -0.000273752266
v 0.00175238019 -0.00512415063 -0.000740546602
f 1411 1413 1412
v 0.00149555563 -0.0045938843 0.000243293562
v 0.00154690315 -0.00433456953 -5.08347512e-05
v 0.00138993155 -0.00402820515 0.000247840399
f 1414 1416 1415
v 0.00159178271 -0.00429260035 -0.000382392454
v 0.00139894619 -0.00337739039 -0.000512472707
v 0.00134788852 -0.00321047155 -0.000164440189
f 1417 1419 1418
v 0.00151482609 -0.00462184435 -0.00132071473
v 0.00144677988 -0.00411541441 -0.00118351227
v 0.0016379583 -0.00480916024 -0.00104049832
f 1420 1422 1421
v 0.0014056086 -0.00431617809 -0.0013315328
v 0.00138223131 -0.00419145399 -0.00140216889
v 0.00144677988 -0.00411541441 -0.00118351227
f 1423 1425 1424
v 0.00175238019 -0.00512415063 -0.000740546602
v 0.00144820397 -0.00374483607 -0.000816689408
v 0.00159178271 -0.00429260035 -0.000382392454
f 1426 1428 1427
v 0.00144677988 -0.00411541441 -0.00118351227
v 0.00144820397 -0.00374483607 -0.000816689408
v 0.00175238019 -0.00512415063 -0.000740546602
f 1429 1431 1430
v 0.00144677988 -0.00411541441 -0.00118351227
v 0.00131383931 -0.00359308797 -0.00114080849
v 0.00144820397 -0.00374483607 -0.000816689408
f 1432 1434 1433
v 0.00127552539 -0.00362123537 0.000340628503
v 0.001163863 -0.00378969708 0.000471120893
v 0.00138993155 -0.00402820515 0.000247840399
f 1435 1437 1436
v 0.00127552539 -0.00362123537 0.000340628503
v 0.00102769145 -0.0036693149 0.000597538747
v 0.001163863 -0.00378969708 0.000471120893
f 1438 1440 1439
v 0.00125702954 -0.00334353535 0.000227734199
v 0.00113716778 -0.00352831448 0.00043160826
v 0.00127552539 -0.00362123537 0.000340628503
f 1441 1443 1442
v 0.00114336699 -0.00333250464 0.000454241672
v 0.0009075452 -0.00300939973 0.00053070271
v 0.00107963006 -0.00352179923 0.000530746547
f 1444 1446 1445
v 0.00113716778 -0.00352831448 0.00043160826
v 0.00114336699 -0.00333250464 0.000454241672
v 0.00107963006 -0.00352179923 0.000530746547
f 1447 1449 1448
v 0.00105297731 -0.00258635937 0.000198941416
v 0.000989824457 -0.00265398667 0.000372900922
v 0.00112314037 -0.00266962506 0.000142292993
f 1450 1452 1451
v 0.00125702954 -0.00334353535 0.000227734199
v 0.00112314037 -0.00266962506 0.000142292993
v 0.00114325112 -0.00298703308 0.000296887083
f 1453 1455 1454
v 0.00131383931 -0.00359308797 -0.00114080849
v 0.00134966049 -0.00388275657 -0.00129931004
v 0.0011219664 -0.00392991678 -0.00152797038
f 1456 1458 1457
v 0.00106975767 -0.00436529808 -0.00168453807
v 0.0011219664 -0.00392991678 -0.00152797038
v 0.00133933963 -0.00441139309 -0.00148722611
f 1459 1461 1460
v 0.000665486868 -0.00428548519 -0.00188370377
v 0.0011219664 -0.00392991678 -0.00152797038
v 0.00106975767 -0.00436529808 -0.00168453807
f 1462 1464 1463
v 0.000852149697 -0.00366585227 -0.00163507466
v 0.000861476383 -0.00336430494 -0.00149702037
v 0.0011219664 -0.00392991678 -0.00152797038
f 1465 1467 1466
v 0.00104296205 -0.00184680557 -0.000611656651
v 0.00113261021 -0.0021870359 -0.000303103434
v 0.00113986389 -0.00221570936 -0.000312013026
f 1468 1470 1469
v 0.00144820397 -0.00374483607 -0.000816689408
v 0.00123571754 -0.00308073322 -0.000922649724
v 0.00139894619 -0.00337739039 -0.000512472707
f 1471 1473 1472
v 0.000888957402 -0.00287211733 -0.00130008939
v 0.00102226259 -0.00294562396 -0.00115754228
v 0.00112843281 -0.00312682641 -0.0011517508
f 1474 1476 1475
v 0.00112843281 -0.00312682641 -0.0011517508
v 0.00102226259 -0.00294562396 -0.00115754228
v 0.00123571754 -0.00308073322 -0.000922649724
f 1477 1479 1478
v 0.00123571754 -0.00308073322 -0.000922649724
v 0.0010845416 -0.00243668528 -0.00096773274
v 0.00123488962 -0.00259847766 -0.00058662813
f 1480 1482 1481
v 0.00111840391 -0.00279565757 -0.00104484752
v 0.0010845416 -0.00243668528 -0.00096773274
v 0.00123571754 -0.00308073322 -0.000922649724
f 1483 1485 1484
v 0.00112843281 -0.00312682641 -0.0011517508
v 0.00123571754 -0.00308073322 -0.000922649724
v 0.00112039315 -0.00338460159 -0.00130020217
f 1486 1488 1487
v 0.000888957402 -0.00287211733 -0.00130008939
v 0.0010845416 -0.00243668528 -0.00096773274
v 0.00111840391 -0.00279565757 -0.00104484752
f 1489 1491 1490
v 0.000728040095 -0.00219840131 -0.00134327274
v 0.000888957402 -0.00287211733 -0.00130008939
v 0.000326679242 -0.00267874548 -0.00170046205
f 1492 1494 1493
v 0.00104296205 -0.00184680557 -0.000611656651
v 0.00123488962 -0.00259847766 -0.00058662813
v 0.0010845416 -0.00243668528 -0.00096773274
f 1495 1497 1496
v 0.000964757328 -0.00211883889 -0.0010883653
v 0.0010845416 -0.00243668528 -0.00096773274
v 0.000910724884 -0.00231981467 -0.00115194116
f 1498 1500 1499
v 0.000829933742 -0.0019374369 -0.00115626499
v 0.000964757328 -0.00211883889 -0.0010883653
v 0.000728040095 -0.00219840131 -0.00134327274
f 1501 1503 1502
v 0.00113910155 -0.00221588616 -0.000312006114
v 0.00104296205 -0.00184680557 -0.000611656651
v 0.00113986389 -0.00221570936 -0.000312013026
f 1504 1506 1505
v 0.000728040095 -0.00219840131 -0.00134327274
v 0.000910724884 -0.00231981467 -0.00115194116
v 0.000836688741 -0.00234619365 -0.00126544455
f 1507 1509 1508
v 0.000888957402 -0.00287211733 -0.00130008939
v 0.00112843281 -0.00312682641 -0.0011517508
v 0.00112039315 -0.00338460159 -0.00130020217
f 1510 1512 1511
v 0.000662429647 -0.00269498323 0.000609050494
v 0.000318443813 -0.00274959402 0.000773901411
v 0.0009075452 -0.00300939973 0.00053070271
f 1513 1515 1514
v 0.000763932985 -0.00234351955 0.000446708691
v 0.00105297731 -0.00258635937 0.000198941416
v 0.000997159441 -0.00232148614 0.000208556412
f 1516 1518 1517
v 0.000866775827 -0.0021774802 0.000261344485
v 0.000846815237 -0.00200201721 0.000293085486
v 0.000763932985 -0.00234351955 0.000446708691
f 1519 1521 1520
v 0.000763932985 -0.00234351955 0.000446708691
v 0.000621894651 -0.00166897862 0.000393423852
v 0.000523119525 -0.00201812727 0.000547467334
f 1522 1524 1523
v 0.000763932985 -0.00234351955 0.000446708691
v 0.000193576284 -0.00205087545 0.000711325265
v 0.000404541788 -0.00238118992 0.000682766586
f 1525 1527 1526
v 0.00112314037 -0.00266962506 0.000142292993
v 0.00115123285 -0.00225547792 -0.000287209559
v 0.000970732799 -0.00200195718 6.83702638e-05
f 1528 1530 1529
v 0.000965209983 -0.00194823151 5.60234184e-05
v 0.000698174017 -0.00174278885 0.000332207219
v 0.000846815237 -0.00200201721 0.000293085486
f 1531 1533 1532
v 0.000718765978 -0.00130909511 0.000233460923
v 0.000597633561 -0.00116773945 0.000275165166
v 0.0006800145 -0.00144324276 0.000292941513
f 1534 1536 1535
v 0.000621894651 -0.00166897862 0.000393423852
v 0.0006800145 -0.00144324276 0.000292941513
v 0.000471178009 -0.00100716316 0.000318283764
f 1537 1539 1538
v 7.86019882e-05 -0.00134871725 0.000637383437
v 0.000386942656 -0.00134695256 0.00048785887
v 0.000471178009 -0.00100716316 0.000318283764
f 1540 1542 1541
v 0.000597633561 -0.00116773945 0.000275165166
v 0.000471178009 -0.00100716316 0.000318283764
v 0.0006800145 -0.00144324276 0.000292941513
f 1543 1545 1544
v 0.00104296205 -0.00184680557 -0.000611656651
v 0.000884025758 -0.00139544973 -0.000740919904
v 0.000991495108 -0.00163970653 -0.000359226715
f 1546 1548 1547
v 0.000991495108 -0.00163970653 -0.000359226715
v 0.000884025758 -0.00139544973 -0.000740919904
v 0.000795068081 -0.00100246043 -0.000442700866
f 1549 1551 1550
v 0.000827472468 -0.00131131201 -1.28726256e-05
v 0.000669247856 -0.000722796722 -0.000191203935
v 0.000706912897 -0.000994297261 7.159897e-05
f 1552 1554 1553
v 0.000991495108 -0.00163970653 -0.000359226715
v 0.000795068081 -0.00100246043 -0.000442700866
v 0.000827472468 -0.00131131201 -1.28726256e-05
f 1555 1557 1556
v 0.000827472468 -0.00131131201 -1.28726256e-05
v 0.000689496937 -0.00118425942 0.000118694334
v 0.000597633561 -0.00116773945 0.000275165166
f 1558 1560 1559
v 0.000698174017 -0.00174278885 0.000332207219
v 0.000621894651 -0.00166897862 0.000393423852
v 0.000846815237 -0.00200201721 0.000293085486
f 1561 1563 1562
v 0.000965209983 -0.00194823151 5.60234184e-05
v 0.000860584987 -0.00163342993 0.000137633106
v 0.000698174017 -0.00174278885 0.000332207219
f 1564 1566 1565
v 0.000233260926 -0.000730961801 0.000366383574
v 0.000189213279 -0.000877033926 0.000424089558
v 0.000471178009 -0.00100716316 0.000318283764
f 1567 1569 1568
v 0.000462660137 -0.000530236139 -7.15440365e-05
v 0.000522887058 -0.000522212167 -0.000126084478
v 0.000429256579 -0.000505422577 3.18502316e-05
f 1570 1572 1571
v 0.000198236648 -0.000432166962 0.000143787202
v 0.000346778461 -0.000454774727 9.19222657e-05
v 0.000256599583 -0.00059641402 -0.000164229095
f 1573 1575 1574
v 7.40313908e-05 -0.000401453826 0.000254688439
v 0.000154389352 -0.000392272932 0.000224513951
v 0.000198236648 -0.000432166962 0.000143787202
f 1576 1578 1577
v 0.000346778461 -0.000454774727 9.19222657e-05
v 0.000510526934 -0.0010033028 0.000269819157
v 0.000429256579 -0.000505422577 3.18502316e-05
f 1579 1581 1580
v 0.000189213279 -0.000877033926 0.000424089558
v 0.000152357916 -0.00102992371 0.000556237865
v 0.000471178009 -0.00100716316 0.000318283764
f 1582 1584 1583
v -0.000164913581 -0.0030678857 0.000936582182
v -8.90008039e-05 -0.0037822967 0.0010030124
v 0.000451900178 -0.00342516687 0.000841200381
f 1585 1587 1586
v -0.00104222854 -0.00370598282 0.000981961239
v -0.00197892223 -0.00394965209 0.000797042412
v -0.00168703955 -0.004230997 0.000893378638
f 1588 1590 1589
v 7.87947556e-05 -0.00369231566 -0.00200143768
v 0.000583959809 -0.00378577315 -0.00179660929
v 0.000665486868 -0.00428548519 -0.00188370377
f 1591 1593 1592
v 0.00047309677 -0.00326399859 -0.00169207924
v 0.000861476383 -0.00336430494 -0.00149702037
v 0.000583959809 -0.00378577315 -0.00179660929
f 1594 1596 1595
v 7.87947556e-05 -0.00369231566 -0.00200143768
v 0.00047309677 -0.00326399859 -0.00169207924
v 0.000583959809 -0.00378577315 -0.00179660929
f 1597 1599 1598
v 0.000276271066 -0.00306638576 -0.00176720278
v 0.00047309677 -0.00326399859 -0.00169207924
v -7.65408231e-05 -0.00315827638 -0.00198979833
f 1600 1602 1601
v 0.000326679242 -0.00267874548 -0.00170046205
v 0.000276271066 -0.00306638576 -0.00176720278
v -7.65408231e-05 -0.00315827638 -0.00198979833
f 1603 1605 1604
v 7.87947556e-05 -0.00369231566 -0.00200143768
v -7.65408231e-05 -0.00315827638 -0.00198979833
v 0.00047309677 -0.00326399859 -0.00169207924
f 1606 1608 1607
v 7.87947556e-05 -0.00369231566 -0.00200143768
v 0.000665486868 -0.00428548519 -0.00188370377
v -0.00036375568 -0.0041709176 -0.00232085004
f 1609 1611 1610
v -0.00081431499 -0.00408873602 -0.00247344524
v -0.000482227415 -0.00361635393 -0.00228005738
v -0.00036375568 -0.0041709176 -0.00232085004
f 1612 1614 1613
v -0.00127218937 -0.00429859465 -0.00255948216
v -0.000931355316 -0.00373669318 -0.00247495245
v -0.00081431499 -0.00408873602 -0.00247344524
f 1615 1617 1616
v -0.00188544109 -0.00395163152 -0.00249256282
v -0.00138865962 -0.00394774142 -0.00254401984
v -0.0017442544 -0.00439990072 -0.00253029157
f 1618 1620 1619
v 0.000545292869 -0.00306031397 0.00075420794
v 0.000318443813 -0.00274959402 0.000773901411
v 0.000451900178 -0.00342516687 0.000841200381
f 1621 1623 1622
v -0.000250281937 -0.00248056404 0.000842855661
v -0.000164913581 -0.0030678857 0.000936582182
v 0.000318443813 -0.00274959402 0.000773901411
f 1624 1626 1625
v -0.000517117542 -0.00396373398 0.00108035238
v -8.90008039e-05 -0.0037822967 0.0010030124
v -0.000569542681 -0.0032217602 0.000982626079
f 1627 1629 1628
v 0.000763932985 -0.00234351955 0.000446708691
v 0.000404541788 -0.00238118992 0.000682766586
v 0.000318443813 -0.00274959402 0.000773901411
f 1630 1632 1631
v 0.000193576284 -0.00205087545 0.000711325265
v -0.000250281937 -0.00248056404 0.000842855661
v 8.96409063e-05 -0.00243666109 0.000795669257
f 1633 1635 1634
v 0.000193576284 -0.00205087545 0.000711325265
v 0.000523119525 -0.00201812727 0.000547467334
v 0.000621894651 -0.00166897862 0.000393423852
f 1636 1638 1637
v -2.98506592e-05 -0.00175398454 0.000744474164
v -0.000420677725 -0.00179006274 0.000808056211
v 0.000193576284 -0.00205087545 0.000711325265
f 1639 1641 1640
v -0.000164913581 -0.0030678857 0.000936582182
v -0.000250281937 -0.00248056404 0.000842855661
v -0.000740348605 -0.00253442286 0.000856998122
f 1642 1644 1643
v -0.000164913581 -0.0030678857 0.000936582182
v 0.000213500311 -0.00311392469 0.000865584479
v 0.000318443813 -0.00274959402 0.000773901411
f 1645 1647 1646
v 0.000404541788 -0.00238118992 0.000682766586
v 0.000193576284 -0.00205087545 0.000711325265
v 0.000318443813 -0.00274959402 0.000773901411
f 1648 1650 1649
v -0.00104222854 -0.00370598282 0.000981961239
v -0.00119399556 -0.0032164553 0.00090877711
v -0.00214409956 -0.00327440612 0.000741047188
f 1651 1653 1652
v -0.00119399556 -0.0032164553 0.00090877711
v -0.00227309247 -0.00268247932 0.000696511779
v -0.00214409956 -0.00327440612 0.000741047188
f 1654 1656 1655
v -0.00119399556 -0.0032164553 0.00090877711
v -0.00147935871 -0.00262714329 0.000819814159
v -0.00227309247 -0.00268247932 0.000696511779
f 1657 1659 1658
v -0.00147935871 -0.00262714329 0.000819814159
v -0.00238994216 -0.00197187746 0.000670908412
v -0.00227309247 -0.00268247932 0.000696511779
f 1660 1662 1661
v -0.00238994216 -0.00197187746 0.000670908412
v -0.00147935871 -0.00262714329 0.000819814159
v -0.00226082193 -0.00155889102 0.000691818786
f 1663 1665 1664
v 0.000193576284 -0.00205087545 0.000711325265
v 0.000304649234 -0.00170715193 0.000629677379
v 8.15561634e-05 -0.0014215474 0.000652887138
f 1666 1668 1667
v 0.000193576284 -0.00205087545 0.000711325265
v 8.15561634e-05 -0.0014215474 0.000652887138
v -2.98506592e-05 -0.00175398454 0.000744474164
f 1669 1671 1670
v -0.00124770258 -0.00108124323 -0.000316427167
v -0.00110486717 -0.00100591515 -4.89872946e-05
v -0.000830375484 -0.000932506737 -0.000130941999
f 1672 1674 1673
v -0.00124770258 -0.00108124323 -0.000316427167
v -0.000830375484 -0.000932506737 -0.000130941999
v -0.000264118739 -0.000768490463 -0.000211023462
f 1675 1677 1676
v -0.000165816618 -0.00109134207 0.000660041405
v 8.15561634e-05 -0.0014215474 0.000652887138
v 7.86019882e-05 -0.00134871725 0.000637383437
f 1678 1680 1679
v -9.66589141e-05 -0.000768466361 0.000539744906
v -0.000605689866 -0.000831604939 0.000672633178
v -0.000514829298 -0.0011664576 0.000733748857
f 1681 1683 1682
v -0.000165816618 -0.00109134207 0.000660041405
v -0.000514829298 -0.0011664576 0.000733748857
v 8.15561634e-05 -0.0014215474 0.000652887138
f 1684 1686 1685
v -0.000605689866 -0.000831604939 0.000672633178
v -0.00105984827 -0.000939331767 0.000717472903
v -0.000985374027 -0.00136391509 0.000781289054
f 1687 1689 1688
v -0.000514829298 -0.0011664576 0.000733748857
v -0.000605689866 -0.000831604939 0.000672633178
v -0.000985374027 -0.00136391509 0.000781289054
f 1690 1692 1691
v -0.0012214522 -0.00096937174 0.000701444515
v -0.00105984827 -0.000939331767 0.000717472903
v -0.000786708097 -0.000850536799 0.000652773269
f 1693 1695 1694
v -0.000420677725 -0.00179006274 0.000808056211
v -0.000514829298 -0.0011664576 0.000733748857
v -0.000985374027 -0.00136391509 0.000781289054
f 1696 1698 1697
v -0.000249068057 -0.000623954702 0.000543399983
v -9.66589141e-05 -0.000768466361 0.000539744906
v -7.38944607e-05 -0.000594221319 0.000461045602
f 1699 1701 1700
v -9.66589141e-05 -0.000768466361 0.000539744906
v -0.000602411046 -0.000534952187 0.000609677591
v -0.000602259934 -0.000638664415 0.00062922818
f 1702 1704 1703
v -0.000263651282 -0.000569368285 0.000476274636
v -0.000427841587 -0.000522087794 0.000562800233
v -0.000331215597 -0.000542414546 0.000542138605
f 1705 1707 1706
v -5.52623533e-05 -0.000466247775 0.000399477176
v -7.38944607e-05 -0.000594221319 0.000461045602
v 7.41975896e-05 -0.000454020801 0.000304137666
f 1708 1710 1709
v -0.000180945904 -0.000605363084 0.000129678028
v -0.000264118739 -0.000768490463 -0.000211023462
v -0.000830375484 -0.000932506737 -0.000130941999
f 1711 1713 1712
v -0.000883113262 -0.000865768016 0.000543445822
v -0.000739960842 -0.00073532924 0.00053388294
v -0.000876584454 -0.000815661406 0.000258852288
f 1714 1716 1715
v -0.000876584454 -0.000815661406 0.000258852288
v -0.000830375484 -0.000932506737 -0.000130941999
v -0.00110486717 -0.00100591515 -4.89872946e-05
f 1717 1719 1718
v -0.00159433857 -0.00120232453 -7.46001206e-05
v -0.00110486717 -0.00100591515 -4.89872946e-05
v -0.00124770258 -0.00108124323 -0.000316427167
f 1720 1722 1721
v -0.00159433857 -0.00120232453 -7.46001206e-05
v -0.00245707779 -0.00146008915 -0.000553295285
v -0.00242591868 -0.00152917655 0.000140634802
f 1723 1725 1724
v -0.0020105339 -0.00148513409 0.000716274008
v -0.00147935871 -0.00262714329 0.000819814159
v -0.00170336498 -0.00139925205 0.000731963337
f 1726 1728 1727
v -0.00154844838 -0.00112704347 0.000563727644
v -0.00162718352 -0.0012303738 0.000683715552
v -0.00151538352 -0.00108420154 0.000645639739
f 1729 1731 1730
v -0.00162718352 -0.0012303738 0.000683715552
v -0.00154844838 -0.00112704347 0.000563727644
v -0.00175208042 -0.001231852 0.000486526824
f 1732 1734 1733
v -0.00175208042 -0.001231852 0.000486526824
v -0.00170336498 -0.00139925205 0.000731963337
v -0.00162718352 -0.0012303738 0.000683715552
f 1735 1737 1736
v -0.000985374027 -0.00136391509 0.000781289054
v -0.00154290501 -0.00132488331 0.000744677527
v -0.00147935871 -0.00262714329 0.000819814159
f 1738 1740 1739
v -0.00105984827 -0.000939331767 0.000717472903
v -0.00152023276 -0.00115077364 0.000732095032
v -0.00154290501 -0.00132488331 0.000744677527
f 1741 1743 1742
v -0.00151538352 -0.00108420154 0.000645639739
v -0.00153878445 -0.00104297305 0.000722911682
v -0.00147463406 -0.00102549138 0.000719243326
f 1744 1746 1745
v -0.00238994216 -0.00197187746 0.000670908412
v -0.00226082193 -0.00155889102 0.000691818786
v -0.00254489805 -0.00160681448 0.000644533247
f 1747 1749 1748
v -0.00175208042 -0.001231852 0.000486526824
v -0.00195775501 -0.00143650232 0.000649648246
v -0.00170336498 -0.00139925205 0.000731963337
f 1750 1752 1751
v -0.00195775501 -0.00143650232 0.000649648246
v -0.00175208042 -0.001231852 0.000486526824
v -0.00194012518 -0.00132117511 0.000449708932
f 1753 1755 1754
v -0.00159433857 -0.00120232453 -7.46001206e-05
v -0.00175208042 -0.001231852 0.000486526824
v -0.00110486717 -0.00100591515 -4.89872946e-05
f 1756 1758 1757
v -0.00112605303 -0.000961432852 0.000406139225
v -0.00110486717 -0.00100591515 -4.89872946e-05
v -0.00175208042 -0.001231852 0.000486526824
f 1759 1761 1760
v -0.00175208042 -0.001231852 0.000486526824
v -0.00154844838 -0.00112704347 0.000563727644
v -0.00112605303 -0.000961432852 0.000406139225
f 1762 1764 1763
v -0.000569542681 -0.0032217602 0.000982626079
v -0.00119399556 -0.0032164553 0.00090877711
v -0.000517117542 -0.00396373398 0.00108035238
f 1765 1767 1766
v 0.000561123898 -0.00152380335 -0.00138242913
v 0.000779795391 -0.00178704468 -0.00122352212
v 0.000728040095 -0.00219840131 -0.00134327274
f 1768 1770 1769
v 0.000791143157 -0.00145268687 -0.00110644914
v 0.000764391098 -0.00124319749 -0.000983282825
v 0.00089797104 -0.00174057641 -0.00102563272
f 1771 1773 1772
v 0.000884025758 -0.00139544973 -0.000740919904
v 0.000764391098 -0.00124319749 -0.000983282825
v 0.00068988943 -0.000832330079 -0.000711307803
f 1774 1776 1775
v 0.000313655141 -0.000954401639 -0.00145411586
v 0.000597768349 -0.00111177678 -0.00116272613
v 0.000561123898 -0.00152380335 -0.00138242913
f 1777 1779 1778
v 0.000313655141 -0.000954401639 -0.00145411586
v 0.000253255848 -0.000507797949 -0.00127050644
v 0.000597768349 -0.00111177678 -0.00116272613
f 1780 1782 1781
v 0.000597768349 -0.00111177678 -0.00116272613
v 0.000764391098 -0.00124319749 -0.000983282825
v 0.000561123898 -0.00152380335 -0.00138242913
f 1783 1785 1784
v 0.000607606535 -0.000554402732 -0.00046709647
v 0.000669247856 -0.000722796722 -0.000191203935
v 0.000795068081 -0.00100246043 -0.000442700866
f 1786 1788 1787
v 0.000607606535 -0.000554402732 -0.00046709647
v 0.000521987158 -0.000490094271 -0.000255974373
v 0.000522887058 -0.000522212167 -0.000126084478
f 1789 1791 1790
v 0.00036225606 -0.000436780874 -0.000479505024
v 0.000256599583 -0.00059641402 -0.000164229095
v 0.000497432438 -0.000425296048 -0.000386703505
f 1792 1794 1793
v 0.000475405704 -0.000369666282 -0.000530458374
v 0.000607606535 -0.000554402732 -0.00046709647
v 0.000522568826 -0.000646700892 -0.000901558815
f 1795 1797 1796
v 0.000383205088 -0.000266519464 -0.000690057732
v 0.000297214547 -0.000284414023 -0.00075150374
v 0.000119656511 -0.000477921549 -0.00067841338
f 1798 1800 1799
v 0.000383205088 -0.000266519464 -0.000690057732
v 0.00036225606 -0.000436780874 -0.000479505024
v 0.000475405704 -0.000369666282 -0.000530458374
f 1801 1803 1802
v 0.000334670585 -0.000229991656 -0.000820503465
v 0.000383205088 -0.000266519464 -0.000690057732
v 0.000522568826 -0.000646700892 -0.000901558815
f 1804 1806 1805
v 0.000255411192 -0.000238220105 -0.000882570203
v 0.000297214547 -0.000284414023 -0.00075150374
v 0.000334670585 -0.000229991656 -0.000820503465
f 1807 1809 1808
v 8.04683282e-05 -0.000382328608 -0.00103947787
v 0.000297214547 -0.000284414023 -0.00075150374
v 0.000255411192 -0.000238220105 -0.000882570203
f 1810 1812 1811
v 0.000227874034 -0.000200832983 -0.00095296873
v 0.000192412608 -0.000115770877 -0.00105622321
v 0.000139266331 -0.000201456237 -0.00112809021
f 1813 1815 1814
v 0.000117409502 -0.000156729129 -0.00126437844
v 0.000170438011 -0.000225761914 -0.00122442707
v 0.000253255848 -0.000507797949 -0.00127050644
f 1816 1818 1817
v 0.000117409502 -0.000156729129 -0.00126437844
v 0.000253255848 -0.000507797949 -0.00127050644
v 0.00011012836 -0.000309778898 -0.00137273855
f 1819 1821 1820
v 0.000157387626 -0.000147402409 -0.00116131687
v 0.000169025361 -0.000183774182 -0.00119159404
v 0.000138706775 -0.000147229616 -0.00119537353
f 1822 1824 1823
v 0.00011312452 -0.000176182493 -0.00121832045
v 0.000139266331 -0.000201456237 -0.00112809021
v 0.000143835632 -0.000194041672 -0.00119035321
f 1825 1827 1826
v 0.00019417796 -0.000164304788 -0.00110796718
v 0.000250785456 -0.000148120102 -0.000967374672
v 0.000253255848 -0.000507797949 -0.00127050644
f 1828 1830 1829
v -0.000672211672 -0.00295088921 -0.00231166032
v -0.000235991661 -0.00248406413 -0.0020462805
v -7.65408231e-05 -0.00315827638 -0.00198979833
f 1831 1833 1832
v 0.000197304826 -0.00200345257 -0.00175277673
v 0.00042048955 -0.00229325669 -0.00161056614
v 0.000326679242 -0.00267874548 -0.00170046205
f 1834 1836 1835
v -3.22611101e-05 -0.0017265058 -0.0018939907
v 0.000197304826 -0.00200345257 -0.00175277673
v -0.000346292495 -0.00185883109 -0.00206633049
f 1837 1839 1838
v 2.42140942e-05 -0.0013300556 -0.00178731643
v 0.000324990174 -0.00126361238 -0.00156913338
v 0.000251779193 -0.00141819237 -0.00161914286
f 1840 1842 1841
v -0.000255382838 -0.000961758815 -0.00187481382
v 2.42140942e-05 -0.0013300556 -0.00178731643
v -0.000517347644 -0.00121449493 -0.00206395925
f 1843 1845 1844
v -0.000457485203 -0.00218519745 -0.00215940581
v -0.000346292495 -0.00185883109 -0.00206633049
v -0.000235991661 -0.00248406413 -0.0020462805
f 1846 1848 1847
v -0.000346292495 -0.00185883109 -0.00206633049
v -0.000835728224 -0.00175151472 -0.00224972464
v -0.000517347644 -0.00121449493 -0.00206395925
f 1849 1851 1850
v -3.22611101e-05 -0.0017265058 -0.0018939907
v 2.42140942e-05 -0.0013300556 -0.00178731643
v 0.000197304826 -0.00200345257 -0.00175277673
f 1852 1854 1853
v -0.00101090618 -0.00333329735 -0.00248757624
v -0.000725285918 -0.00334380675 -0.00237984859
v -0.000482227415 -0.00361635393 -0.00228005738
f 1855 1857 1856
v -0.00101090618 -0.00333329735 -0.00248757624
v -0.000482227415 -0.00361635393 -0.00228005738
v -0.000931355316 -0.00373669318 -0.00247495245
f 1858 1860 1859
v -0.000931355316 -0.00373669318 -0.00247495245
v -0.00127218937 -0.00429859465 -0.00255948216
v -0.00138865962 -0.00394774142 -0.00254401984
f 1861 1863 1862
v -0.00195604352 -0.00359721744 -0.00251469774
v -0.0015464324 -0.00318595885 -0.00257721949
v -0.00138865962 -0.00394774142 -0.00254401984
f 1864 1866 1865
v -0.00101090618 -0.00333329735 -0.00248757624
v -0.0015464324 -0.00318595885 -0.00257721949
v -0.00170709409 -0.00256338681 -0.00256986441
f 1867 1869 1868
v -0.00101090618 -0.00333329735 -0.00248757624
v -0.00170709409 -0.00256338681 -0.00256986441
v -0.00113762244 -0.00274496761 -0.00248707056
f 1870 1872 1871
v -0.00144488313 -0.00172808923 -0.0024835299
v -0.000835728224 -0.00175151472 -0.00224972464
v -0.00131059296 -0.0022266926 -0.00246785585
f 1873 1875 1874
v -0.0022166867 -0.0024491972 -0.00266963743
v -0.00170709409 -0.00256338681 -0.00256986441
v -0.00208766851 -0.00293370649 -0.00260493107
f 1876 1878 1877
v -0.00176323992 -0.00216008921 -0.00256997046
v -0.00170709409 -0.00256338681 -0.00256986441
v -0.0022166867 -0.0024491972 -0.00266963743
f 1879 1881 1880
v -0.00170709409 -0.00256338681 -0.00256986441
v -0.00176323992 -0.00216008921 -0.00256997046
v -0.00131059296 -0.0022266926 -0.00246785585
f 1882 1884 1883
v -0.00166357077 -0.00142353811 -0.00258677537
v -0.00155782509 -0.00104769442 -0.00254404094
v -0.00144488313 -0.00172808923 -0.0024835299
f 1885 1887 1886
v -0.00181751147 -0.00113555079 -0.00261126443
v -0.00166357077 -0.00142353811 -0.00258677537
v -0.00190353203 -0.0014906801 -0.00263650581
f 1888 1890 1889
v -0.00184989149 -0.00181504329 -0.00260742308
v -0.0022166867 -0.0024491972 -0.00266963743
v -0.00233437149 -0.00193375145 -0.002686472
f 1891 1893 1892
v -0.00196623787 -0.00115711573 -0.00265642448
v -0.00211799179 -0.00118627277 -0.00265231465
v -0.00181751147 -0.00113555079 -0.00261126443
f 1894 1896 1895
v -0.00190353203 -0.0014906801 -0.00263650581
v -0.00196623787 -0.00115711573 -0.00265642448
v -0.00181751147 -0.00113555079 -0.00261126443
f 1897 1899 1898
v -0.00244519288 -0.00122540096 -0.0026372958
v -0.00227144392 -0.00119841507 -0.00258795644
v -0.00229403777 -0.00120114282 -0.00264185965
f 1900 1902 1901
v -0.00244519288 -0.00122540096 -0.0026372958
v -0.00250880948 -0.00125878787 -0.0026139709
v -0.00227144392 -0.00119841507 -0.00258795644
f 1903 1905 1904
v -0.00229403777 -0.00120114282 -0.00264185965
v -0.00227144392 -0.00119841507 -0.00258795644
v -0.00211799179 -0.00118627277 -0.00265231465
f 1906 1908 1907
v -0.00190353203 -0.0014906801 -0.00263650581
v -0.00166357077 -0.00142353811 -0.00258677537
v -0.00144488313 -0.00172808923 -0.0024835299
f 1909 1911 1910
v -0.00190353203 -0.0014906801 -0.00263650581
v -0.00144488313 -0.00172808923 -0.0024835299
v -0.00184989149 -0.00181504329 -0.00260742308
f 1912 1914 1913
v -0.000907058802 -0.00267719843 -0.00241612997
v -0.000759746081 -0.0023849816 -0.00230947662
v -0.000672211672 -0.00295088921 -0.00231166032
f 1915 1917 1916
v -0.000835728224 -0.00175151472 -0.00224972464
v -0.000759746081 -0.0023849816 -0.00230947662
v -0.00131059296 -0.0022266926 -0.00246785585
f 1918 1920 1919
v -0.00170709409 -0.00256338681 -0.00256986441
v -0.00131059296 -0.0022266926 -0.00246785585
v -0.00113762244 -0.00274496761 -0.00248707056
f 1921 1923 1922
v -0.000264118739 -0.000768490463 -0.000211023462
v 0.000256599583 -0.00059641402 -0.000164229095
v 0.00036225606 -0.000436780874 -0.000479505024
f 1924 1926 1925
v -0.000337649249 -0.000575869035 -0.00100454554
v -0.000264118739 -0.000768490463 -0.000211023462
v 0.000119656511 -0.000477921549 -0.00067841338
f 1927 1929 1928
v -0.00103859811 -0.000924346114 -0.000730252486
v -0.000264118739 -0.000768490463 -0.000211023462
v -0.000337649249 -0.000575869035 -0.00100454554
f 1930 1932 1931
v -0.0002608675 -0.000422412859 -0.00174642191
v 7.51365064e-05 -0.000834425646 -0.0016239328
v -0.000255382838 -0.000961758815 -0.00187481382
f 1933 1935 1934
v -0.0002608675 -0.000422412859 -0.00174642191
v 9.02898876e-05 -0.000561417164 -0.00153082419
v 7.51365064e-05 -0.000834425646 -0.0016239328
f 1936 1938 1937
v -0.000312169595 -0.000376596904 -0.00174158722
v -0.000337649249 -0.000575869035 -0.00100454554
v 6.18400065e-05 -0.000307117034 -0.00129806067
f 1939 1941 1940
v -0.00113518336 -0.00074015793 -0.00180895768
v -0.00170070252 -0.00106527032 -0.00141496585
v -0.000802976047 -0.000615128693 -0.0017670096
f 1942 1944 1943
v -0.000337649249 -0.000575869035 -0.00100454554
v -0.00170070252 -0.00106527032 -0.00141496585
v -0.00103859811 -0.000924346114 -0.000730252486
f 1945 1947 1946
v -0.00170070252 -0.00106527032 -0.00141496585
v -0.000337649249 -0.000575869035 -0.00100454554
v -0.00050265885 -0.000490791035 -0.00166915452
f 1948 1950 1949
v -0.000337649249 -0.000575869035 -0.00100454554
v 0.000119656511 -0.000477921549 -0.00067841338
v 8.04683282e-05 -0.000382328608 -0.00103947787
f 1951 1953 1952
v -0.00170070252 -0.00106527032 -0.00141496585
v -0.00153685596 -0.00090510639 -0.00192917614
v -0.00243171799 -0.0013118819 -0.00179356375
f 1954 1956 1955
v -0.00050446647 -0.000599939494 -0.0019416173
v -0.000359363685 -0.000437082008 -0.0018162802
v -0.000546783576 -0.000712029669 -0.00200621835
f 1957 1959 1958
v -0.000373990383 -0.000419271555 -0.00179456874
v -0.000440501117 -0.000509856909 -0.00188392478
v -0.00050265885 -0.000490791035 -0.00166915452
f 1960 1962 1961
v -0.000312169595 -0.000376596904 -0.00174158722
v -0.000192661719 -0.000357298427 -0.00166176942
v -0.000220162087 -0.000367402936 -0.00168902134
f 1963 1965 1964
v -0.000792318951 -0.000631698185 -0.00215409236
v -0.00068673794 -0.000603865055 -0.00208271067
v -0.000583464453 -0.000653518646 -0.00201888597
f 1966 1968 1967
v -0.000663527044 -0.000631774128 -0.00195477296
v -0.00050446647 -0.000599939494 -0.0019416173
v -0.000583464453 -0.000653518646 -0.00201888597
f 1969 1971 1970
v -0.000802976047 -0.000615128693 -0.0017670096
v -0.00050265885 -0.000490791035 -0.00166915452
v -0.00050446647 -0.000599939494 -0.0019416173
f 1972 1974 1973
v -0.000583464453 -0.000653518646 -0.00201888597
v -0.00068673794 -0.000603865055 -0.00208271067
v -0.000663527044 -0.000631774128 -0.00195477296
f 1975 1977 1976
v -0.00120326586 -0.000678142078 -0.00213995954
v -0.000930897022 -0.000539503208 -0.00223163152
v -0.00114087625 -0.00060826228 -0.00235319421
f 1978 1980 1979
v -0.000875335991 -0.000546950469 -0.0021901702
v -0.00120326586 -0.000678142078 -0.00213995954
v -0.000821981939 -0.000580711958 -0.00210316739
f 1981 1983 1982
v -0.000344322416 -0.000385836302 -0.00176875001
v -0.000373990383 -0.000419271555 -0.00179456874
v -0.00050265885 -0.000490791035 -0.00166915452
f 1984 1986 1985
v -0.00175163696 -0.000980917685 -0.00224897485
v -0.00153685596 -0.00090510639 -0.00192917614
v -0.00120326586 -0.000678142078 -0.00213995954
f 1987 1989 1988
v -0.00175163696 -0.000980917685 -0.00224897485
v -0.00120326586 -0.000678142078 -0.00213995954
v -0.00156656206 -0.000839658787 -0.00241108082
f 1990 1992 1991
v -0.00156656206 -0.000839658787 -0.00241108082
v -0.00120326586 -0.000678142078 -0.00213995954
v -0.00129205373 -0.000655144686 -0.00240234349
f 1993 1995 1994
v -0.00174049092 -0.000961218393 -0.0024837389
v -0.00156656206 -0.000839658787 -0.00241108082
v -0.00161932076 -0.000915962573 -0.0025149855
f 1996 1998 1997
v -0.00161932076 -0.000915962573 -0.0025149855
v -0.00156656206 -0.000839658787 -0.00241108082
v -0.00152877674 -0.000870908298 -0.0025314499
f 1999 2001 2000
v -0.00175163696 -0.000980917685 -0.00224897485
v -0.00243321665 -0.00128804986 -0.00202359406
v -0.00153685596 -0.00090510639 -0.00192917614
f 2002 2004 2003
v -0.00243321665 -0.00128804986 -0.00202359406
v -0.00175163696 -0.000980917685 -0.00224897485
v -0.00216993831 -0.00114724971 -0.00241490998
f 2005 2007 2006
v -0.00201250987 -0.00108849363 -0.00244793537
v -0.00175163696 -0.000980917685 -0.00224897485
v -0.00174049092 -0.000961218393 -0.0024837389
f 2008 2010 2009
v -0.00216993831 -0.00114724971 -0.00241490998
v -0.00175163696 -0.000980917685 -0.00224897485
v -0.00201250987 -0.00108849363 -0.00244793537
f 2011 2013 2012
v 0.00042048955 -0.00229325669 -0.00161056614
v 0.000728040095 -0.00219840131 -0.00134327274
v 0.000326679242 -0.00267874548 -0.00170046205
f 2014 2016 2015
v 0.000304649234 -0.00170715193 0.000629677379
v 0.000193576284 -0.00205087545 0.000711325265
v 0.000621894651 -0.00166897862 0.000393423852
f 2017 2019 2018
v 8.15561634e-05 -0.0014215474 0.000652887138
v 0.000304649234 -0.00170715193 0.000629677379
v 0.000621894651 -0.00166897862 0.000393423852
f 2020 2022 2021
v 0.00104296205 -0.00184680557 -0.000611656651
v 0.000991495108 -0.00163970653 -0.000359226715
v 0.00113261021 -0.0021870359 -0.000303103434
f 2023 2025 2024
v 0.00115123285 -0.00225547792 -0.000287209559
v 0.00113261021 -0.0021870359 -0.000303103434
v 0.000965209983 -0.00194823151 5.60234184e-05
f 2026 2028 2027
v 0.000324990174 -0.00126361238 -0.00156913338
v 0.000313655141 -0.000954401639 -0.00145411586
v 0.000561123898 -0.00152380335 -0.00138242913
f 2029 2031 2030
v 2.42140942e-05 -0.0013300556 -0.00178731643
v 0.000313655141 -0.000954401639 -0.00145411586
v 0.000324990174 -0.00126361238 -0.00156913338
f 2032 2034 2033
v -0.00152877674 -0.000870908298 -0.0025314499
v -0.00150770966 -0.000777674177 -0.00252697282
v -0.00155782509 -0.00104769442 -0.00254404094
f 2035 2037 2036
v -0.00162277793 -0.00968129098 -0.00374350639
v -0.00124146454 -0.00939633101 -0.00380315032
v -0.0011332093 -0.00950008034 -0.0036691672
f 2038 2040 2039
v -0.000999599433 -0.00950396061 -0.00357675453
v -0.000886113412 -0.00925275745 -0.00341291743
v -0.000886136695 -0.00949942551 -0.00349959519
f 2041 2043 2042
v -0.000886113412 -0.00925275745 -0.00341291743
v -0.000887411352 -0.00881105225 -0.00313590426
v -0.000745458692 -0.00912961405 -0.00307127775
f 2044 2046 2045
v -0.00105074278 -0.00910195013 -0.00359960395
v -0.000887411352 -0.00881105225 -0.00313590426
v -0.000886113412 -0.00925275745 -0.00341291743
f 2047 2049 2048
v -0.00105074278 -0.00910195013 -0.00359960395
v -0.0011332093 -0.00950008034 -0.0036691672
v -0.00123213258 -0.00902605025 -0.00376094249
f 2050 2052 2051
v -0.00123213258 -0.00902605025 -0.00376094249
v -0.0014054559 -0.0086665983 -0.00347034766
v -0.00116382098 -0.00895281482 -0.00355075463
f 2053 2055 2054
v -0.00105074278 -0.00910195013 -0.00359960395
v -0.00123213258 -0.00902605025 -0.00376094249
v -0.00116382098 -0.00895281482 -0.00355075463
f 2056 2058 2057
v -0.00176421254 -0.00887034985 -0.00412171103
v -0.00158239854 -0.00889032817 -0.00403240992
v -0.00168850711 -0.0092822127 -0.0041024934
f 2059 2061 2060
v -0.00147354249 -0.0089438443 -0.00395919014
v -0.00160918589 -0.00925531058 -0.00405671781
v -0.00168850711 -0.0092822127 -0.0041024934
f 2062 2064 2063
v -0.00207330468 -0.0088373512 -0.00421422192
v -0.00183931097 -0.00885932386 -0.00414485949
v -0.00220946986 -0.009176803 -0.00428253406
f 2065 2067 2066
v -0.00183931097 -0.00885932386 -0.00414485949
v -0.00184382206 -0.00910033195 -0.00424903665
v -0.00220946986 -0.009176803 -0.00428253406
f 2068 2070 2069
v -0.00199114183 -0.00855654798 -0.00387899127
v -0.00176421254 -0.00887034985 -0.00412171103
v -0.00183931097 -0.00885932386 -0.00414485949
f 2071 2073 2072
v -0.00158239854 -0.00889032817 -0.00403240992
v -0.0014054559 -0.0086665983 -0.00347034766
v -0.00147354249 -0.0089438443 -0.00395919014
f 2074 2076 2075
v -0.00134942447 -0.00898965955 -0.00387222935
v -0.00134335078 -0.00927323999 -0.00395125535
v -0.00160918589 -0.00925531058 -0.00405671781
f 2077 2079 2078
v -0.000865075344 -0.0083582825 -0.00290603239
v -0.000607779566 -0.00893442557 -0.00288350457
v -0.000887411352 -0.00881105225 -0.00313590426
f 2080 2082 2081
v -0.00105074278 -0.00910195013 -0.00359960395
v -0.00113618953 -0.00870019867 -0.00330374314
v -0.000887411352 -0.00881105225 -0.00313590426
f 2083 2085 2084
v -0.00113618953 -0.00870019867 -0.00330374314
v -0.00101024434 -0.00854276586 -0.00311848853
v -0.000887411352 -0.00881105225 -0.00313590426
f 2086 2088 2087
v -0.0014054559 -0.0086665983 -0.00347034766
v -0.00142223353 -0.00829731725 -0.003062834
v -0.00113618953 -0.00870019867 -0.00330374314
f 2089 2091 2090
v -0.000887411352 -0.00881105225 -0.00313590426
v -0.00101024434 -0.00854276586 -0.00311848853
v -0.000865075344 -0.0083582825 -0.00290603239
f 2092 2094 2093
v -0.00113618953 -0.00870019867 -0.00330374314
v -0.00142223353 -0.00829731725 -0.003062834
v -0.00101024434 -0.00854276586 -0.00311848853
f 2095 2097 2096
v -0.00174923953 -0.00831057769 -0.00317286467
v -0.00142223353 -0.00829731725 -0.003062834
v -0.00161562348 -0.00841876608 -0.00333378848
f 2098 2100 2099
v -0.00182891836 -0.00854864556 -0.00363893523
v -0.00174923953 -0.00831057769 -0.00317286467
v -0.00161562348 -0.00841876608 -0.00333378848
f 2101 2103 2102
v -0.00182891836 -0.00854864556 -0.00363893523
v -0.0019091538 -0.00832207079 -0.00323030035
v -0.00174923953 -0.00831057769 -0.00317286467
f 2104 2106 2105
v -0.00154853242 -0.00787368481 -0.00290695607
v -0.00162913857 -0.00739427778 -0.00281626035
v -0.00114392542 -0.00729172898 -0.00284602356
f 2107 2109 2108
v -0.0023626455 -0.00842153167 -0.00393802438
v -0.00215879736 -0.00841305955 -0.00359387122
v -0.00199114183 -0.00855654798 -0.00387899127
f 2110 2112 2111
v -0.00215879736 -0.00841305955 -0.00359387122
v -0.00224588221 -0.00827727345 -0.00338418977
v -0.0019091538 -0.00832207079 -0.00323030035
f 2113 2115 2114
v -0.00224588221 -0.00827727345 -0.00338418977
v -0.00241387243 -0.00792464198 -0.0030690222
v -0.0020354064 -0.00792570645 -0.00295065784
f 2116 2118 2117
v -0.00162913857 -0.00739427778 -0.00281626035
v -0.00154853242 -0.00787368481 -0.00290695607
v -0.0020354064 -0.00792570645 -0.00295065784
f 2119 2121 2120
v -0.00262451485 -0.00954418574 -0.00351823692
v -0.00242320366 -0.00960659745 -0.00377695906
v -0.00243097129 -0.00961497644 -0.00359585174
f 2122 2124 2123
v -0.00248015986 -0.00943559644 -0.00400982608
v -0.00217252127 -0.00942375409 -0.00407700427
v -0.00227613236 -0.00965616709 -0.00374524971
f 2125 2127 2126
v -0.00243097129 -0.00961497644 -0.00359585174
v -0.00227613236 -0.00965616709 -0.00374524971
v -0.00214127958 -0.00971815753 -0.0036758629
f 2128 2130 2129
v -0.00290966364 -0.00942565894 -0.0036786907
v -0.00273714304 -0.00937846708 -0.00397578769
v -0.00262451485 -0.00954418574 -0.00351823692
f 2131 2133 2132
v -0.00311207223 -0.00919201921 -0.00330067851
v -0.00262451485 -0.00954418574 -0.00351823692
v -0.00285773549 -0.00929090238 -0.00308847411
f 2134 2136 2135
v -0.00319551436 -0.00930720853 -0.00383298975
v -0.00300713982 -0.00936862562 -0.00355388765
v -0.00311207223 -0.00919201921 -0.00330067851
f 2137 2139 2138
v -0.00269700704 -0.00906294445 -0.00428537096
v -0.00248627657 -0.00923869811 -0.00424212849
v -0.00273714304 -0.00937846708 -0.00397578769
f 2140 2142 2141
v -0.00231884569 -0.00880857042 -0.00428322019
v -0.00199114183 -0.00855654798 -0.00387899127
v -0.00207330468 -0.0088373512 -0.00421422192
f 2143 2145 2144
v -0.00252865393 -0.00859551583 -0.00434012254
v -0.0023626455 -0.00842153167 -0.00393802438
v -0.00238116791 -0.008756647 -0.00430009168
f 2146 2148 2147
v -0.00238116791 -0.008756647 -0.00430009168
v -0.0023626455 -0.00842153167 -0.00393802438
v -0.00231884569 -0.00880857042 -0.00428322019
f 2149 2151 2150
v -0.00269700704 -0.00906294445 -0.00428537096
v -0.00238116791 -0.008756647 -0.00430009168
v -0.00231884569 -0.00880857042 -0.00428322019
f 2152 2154 2153
v -0.00319551436 -0.00930720853 -0.00383298975
v -0.0032471853 -0.00906806017 -0.00426956176
v -0.00297807765 -0.00923001571 -0.00411584479
f 2155 2157 2156
v -0.00269700704 -0.00906294445 -0.00428537096
v -0.00329453469 -0.00874293255 -0.004426124
v -0.00284961297 -0.00865584007 -0.0043988508
f 2158 2160 2159
v -0.0032471853 -0.00906806017 -0.00426956176
v -0.00319551436 -0.00930720853 -0.00383298975
v -0.00337684032 -0.00925933127 -0.00387355394
f 2161 2163 2162
v -0.00248015986 -0.00943559644 -0.00400982608
v -0.00248627657 -0.00923869811 -0.00424212849
v -0.00217252127 -0.00942375409 -0.00407700427
f 2164 2166 2165
v -0.00319551436 -0.00930720853 -0.00383298975
v -0.00297807765 -0.00923001571 -0.00411584479
v -0.00273714304 -0.00937846708 -0.00397578769
f 2167 2169 2168
v -0.00262451485 -0.00954418574 -0.00351823692
v -0.00273714304 -0.00937846708 -0.00397578769
v -0.00258098498 -0.00951459879 -0.00366838285
f 2170 2172 2171
v -0.00343340362 -0.00878462379 -0.00305495196
v -0.00334579963 -0.00898571307 -0.00313814417
v -0.00332984091 -0.00889171788 -0.00289781074
f 2173 2175 2174
v -0.00334579963 -0.00898571307 -0.00313814417
v -0.00347637579 -0.00885789996 -0.00333304597
v -0.00337337369 -0.0091118105 -0.00345849476
f 2176 2178 2177
v -0.00343340362 -0.00878462379 -0.00305495196
v -0.00349485781 -0.00871327356 -0.00312128905
v -0.00334579963 -0.00898571307 -0.00313814417
f 2179 2181 2180
v -0.00356050587 -0.00864004905 -0.00323134373
v -0.00347637579 -0.00885789996 -0.00333304597
v -0.00349485781 -0.00871327356 -0.00312128905
f 2182 2184 2183
v -0.00352316565 -0.00854229147 -0.00247344524
v -0.00339853796 -0.00814978339 -0.00224772011
v -0.00355989105 -0.00856475672 -0.00265515191
f 2185 2187 2186
v -0.00350068549 -0.00823075898 -0.00300211013
v -0.0036088335 -0.00858406856 -0.00284676462
v -0.00355989105 -0.00856475672 -0.00265515191
f 2188 2190 2189
v -0.00356867313 -0.00834415478 -0.00304236382
v -0.0036088335 -0.00858406856 -0.00284676462
v -0.00350068549 -0.00823075898 -0.00300211013
f 2191 2193 2192
v -0.00347435853 -0.00818842891 -0.00292064724
v -0.00350068549 -0.00823075898 -0.00300211013
v -0.00339853796 -0.00814978339 -0.00224772011
f 2194 2196 2195
v -0.00255540308 -0.00819244524 -0.00357977478
v -0.00224588221 -0.00827727345 -0.00338418977
v -0.00215879736 -0.00841305955 -0.00359387122
f 2197 2199 2198
v -0.0030576517 -0.0081465987 -0.00397425902
v -0.00293373414 -0.00811612117 -0.00372181239
v -0.00270982782 -0.00825779571 -0.00398689626
f 2200 2202 2201
v -0.00293373414 -0.00811612117 -0.00372181239
v -0.00255540308 -0.00819244524 -0.00357977478
v -0.00270982782 -0.00825779571 -0.00398689626
f 2203 2205 2204
v -0.00241387243 -0.00792464198 -0.0030690222
v -0.00224588221 -0.00827727345 -0.00338418977
v -0.00267834894 -0.00791171478 -0.00321291373
f 2206 2208 2207
v -0.00267834894 -0.00791171478 -0.00321291373
v -0.00273261976 -0.00771161722 -0.0029709985
v -0.00241387243 -0.00792464198 -0.0030690222
f 2209 2211 2210
v -0.00300605407 -0.00791469065 -0.00321273583
v -0.00273261976 -0.00771161722 -0.0029709985
v -0.00267834894 -0.00791171478 -0.00321291373
f 2212 2214 2213
v -0.0030576517 -0.0081465987 -0.00397425902
v -0.00330354378 -0.00816000029 -0.00373298535
v -0.00293373414 -0.00811612117 -0.00372181239
f 2215 2217 2216
v -0.00347435853 -0.00818842891 -0.00292064724
v -0.00317209488 -0.00789391997 -0.00300063475
v -0.00337226338 -0.00810129277 -0.00298773157
f 2218 2220 2219
v -0.00317209488 -0.00789391997 -0.00300063475
v -0.00311898657 -0.00783096912 -0.00283527479
v -0.00300605407 -0.00791469065 -0.00321273583
f 2221 2223 2222
v -0.00317209488 -0.00789391997 -0.00300063475
v -0.00316159785 -0.00801009373 -0.00314483768
v -0.00330516887 -0.00810082493 -0.003078187
f 2224 2226 2225
v -0.00350068549 -0.00823075898 -0.00300211013
v -0.00330516887 -0.00810082493 -0.003078187
v -0.00350418049 -0.00818258195 -0.00318737657
f 2227 2229 2228
v -0.00293373414 -0.00811612117 -0.00372181239
v -0.00330354378 -0.00816000029 -0.00373298535
v -0.00351165618 -0.00817353066 -0.0035311692
f 2230 2232 2231
v -0.00300605407 -0.00791469065 -0.00321273583
v -0.00293373414 -0.00811612117 -0.00372181239
v -0.00351165618 -0.00817353066 -0.0035311692
f 2233 2235 2234
v -0.00337835736 -0.00810978308 -0.00344663713
v -0.00318714847 -0.00799020636 -0.00329064569
v -0.00300605407 -0.00791469065 -0.00321273583
f 2236 2238 2237
v -0.00293373414 -0.00811612117 -0.00372181239
v -0.00284827365 -0.0080480866 -0.00355451884
v -0.00255540308 -0.00819244524 -0.00357977478
f 2239 2241 2240
v -0.00364623302 -0.00880708976 -0.00438127172
v -0.003401699 -0.00838943961 -0.00433360001
v -0.00329453469 -0.00874293255 -0.004426124
f 2242 2244 2243
v -0.00331573174 -0.00840700086 -0.00433139394
v -0.00288433785 -0.00835934552 -0.00420593606
v -0.00329453469 -0.00874293255 -0.004426124
f 2245 2247 2246
v -0.00288433785 -0.00835934552 -0.00420593606
v -0.00270982782 -0.00825779571 -0.00398689626
v -0.00256954718 -0.00844781534 -0.00423135352
f 2248 2250 2249
v -0.003401699 -0.00838943961 -0.00433360001
v -0.00288433785 -0.00835934552 -0.00420593606
v -0.00331573174 -0.00840700086 -0.00433139394
f 2251 2253 2252
v -0.003401699 -0.00838943961 -0.00433360001
v -0.00369806439 -0.00849383287 -0.00431487497
v -0.00352439201 -0.00808547702 -0.00393069749
f 2254 2256 2255
v -0.00352439201 -0.00808547702 -0.00393069749
v -0.00340729348 -0.00810282654 -0.00395149291
v -0.003401699 -0.00838943961 -0.00433360001
f 2257 2259 2258
v -0.00351165618 -0.00817353066 -0.0035311692
v -0.00352439201 -0.00808547702 -0.00393069749
v -0.00369922527 -0.00803999937 -0.00373073854
f 2260 2262 2261
v -0.00284961297 -0.00865584007 -0.0043988508
v -0.00288433785 -0.00835934552 -0.00420593606
v -0.00256954718 -0.00844781534 -0.00423135352
f 2263 2265 2264
v -0.00133516451 -0.00663276587 -0.00277398176
v -0.00162913857 -0.00739427778 -0.00281626035
v -0.00179885392 -0.00675260162 -0.0027330283
f 2266 2268 2267
v -0.00162913857 -0.00739427778 -0.00281626035
v -0.00133516451 -0.00663276587 -0.00277398176
v -0.00114392542 -0.00729172898 -0.00284602356
f 2269 2271 2270
v -0.00179885392 -0.00675260162 -0.0027330283
v -0.00167154922 -0.0064285181 -0.00275832554
v -0.00133516451 -0.00663276587 -0.00277398176
f 2272 2274 2273
v -0.00214263928 -0.00746022415 -0.00277275849
v -0.00203020336 -0.00723302364 -0.00273295791
v -0.00162913857 -0.00739427778 -0.00281626035
f 2275 2277 2276
v -0.00226923803 -0.00767896345 -0.00290867101
v -0.00214263928 -0.00746022415 -0.00277275849
v -0.0020354064 -0.00792570645 -0.00295065784
f 2278 2280 2279
v -0.00214263928 -0.00746022415 -0.00277275849
v -0.00239132951 -0.00711367829 -0.002507713
v -0.00203020336 -0.00723302364 -0.00273295791
f 2281 2283 2282
v -0.00261577861 -0.00658497374 -0.00216229582
v -0.00272809011 -0.00628236157 -0.00202558367
v -0.00269648353 -0.00584091431 -0.0020784657
f 2284 2286 2285
v -0.00298041832 -0.00757006128 -0.00230459045
v -0.0027035032 -0.00730470347 -0.00231268605
v -0.00306960683 -0.00776388624 -0.00268186614
f 2287 2289 2288
v -0.00294937963 -0.00737240698 -0.00188886534
v -0.00296788876 -0.00736082657 -0.00157446884
v -0.00288824212 -0.00719210148 -0.00177228721
f 2290 2292 2291
v -0.00269054053 -0.00689520384 -0.00205855722
v -0.0027035032 -0.00730470347 -0.00231268605
v -0.00288824212 -0.00719210148 -0.00177228721
f 2293 2295 2294
v -0.00308494018 -0.00770537226 -0.00198900125
v -0.00280106033 -0.00740380128 -0.00223032002
v -0.00298041832 -0.00757006128 -0.00230459045
f 2296 2298 2297
v -0.00294937963 -0.00737240698 -0.00188886534
v -0.00288824212 -0.00719210148 -0.00177228721
v -0.0027035032 -0.00730470347 -0.00231268605
f 2299 2301 2300
v -0.00324180037 -0.00787975296 -0.00223314455
v -0.00329928298 -0.00819178822 -0.00176534013
v -0.00308494018 -0.00770537226 -0.00198900125
f 2302 2304 2303
v -0.00339853796 -0.00814978339 -0.00224772011
v -0.00329928298 -0.00819178822 -0.00176534013
v -0.00324180037 -0.00787975296 -0.00223314455
f 2305 2307 2306
v -0.00347435853 -0.00818842891 -0.00292064724
v -0.0031977761 -0.00786585151 -0.00266737843
v -0.00306960683 -0.00776388624 -0.00268186614
f 2308 2310 2309
v -0.0031977761 -0.00786585151 -0.00266737843
v -0.00314459212 -0.00784384538 -0.00258848304
v -0.00306960683 -0.00776388624 -0.00268186614
f 2311 2313 2312
v -0.00314459212 -0.00784384538 -0.00258848304
v -0.00339853796 -0.00814978339 -0.00224772011
v -0.00324226967 -0.00795779706 -0.00244781022
f 2314 2316 2315
v -0.00338671416 -0.00801340211 -0.00264667833
v -0.00339853796 -0.00814978339 -0.00224772011
v -0.00314459212 -0.00784384538 -0.00258848304
f 2317 2319 2318
v -0.00306960683 -0.00776388624 -0.00268186614
v -0.0027035032 -0.00730470347 -0.00231268605
v -0.00260086035 -0.00759887844 -0.00280025415
f 2320 2322 2321
v -0.00311898657 -0.00783096912 -0.00283527479
v -0.00306960683 -0.00776388624 -0.00268186614
v -0.00291018205 -0.00776322995 -0.00297767128
f 2323 2325 2324
v -0.00260086035 -0.00759887844 -0.00280025415
v -0.00291018205 -0.00776322995 -0.00297767128
v -0.00306960683 -0.00776388624 -0.00268186614
f 2326 2328 2327
v -0.00291018205 -0.00776322995 -0.00297767128
v -0.00260086035 -0.00759887844 -0.00280025415
v -0.00273261976 -0.00771161722 -0.0029709985
f 2329 2331 2330
v -0.00317209488 -0.00789391997 -0.00300063475
v -0.00347435853 -0.00818842891 -0.00292064724
v -0.00311898657 -0.00783096912 -0.00283527479
f 2332 2334 2333
v -0.00294004221 -0.00648328496 -0.00105054687
v -0.00284828056 -0.00655439508 -0.00172595974
v -0.00292877139 -0.00691706227 -0.00134394859
f 2335 2337 2336
v -0.00284828056 -0.00655439508 -0.00172595974
v -0.00269054053 -0.00689520384 -0.00205855722
v -0.00284623475 -0.00690890956 -0.00159642732
f 2338 2340 2339
v -0.00284828056 -0.00655439508 -0.00172595974
v -0.00284623475 -0.00690890956 -0.00159642732
v -0.00292877139 -0.00691706227 -0.00134394859
f 2341 2343 2342
v -0.00299622297 -0.00581215718 -0.00114250888
v -0.00295786886 -0.0061933606 -0.00143736834
v -0.00292989753 -0.00614998062 -0.000762449599
f 2344 2346 2345
v -0.00299622297 -0.00581215718 -0.00114250888
v -0.00285827355 -0.00582966386 -0.00182509903
v -0.00295786886 -0.0061933606 -0.00143736834
f 2347 2349 2348
v -0.00143166117 -0.00601476386 -0.00277007639
v -0.00133516451 -0.00663276587 -0.00277398176
v -0.00167154922 -0.0064285181 -0.00275832554
f 2350 2352 2351
v -0.00167154922 -0.0064285181 -0.00275832554
v -0.0018765737 -0.00618613631 -0.00269131451
v -0.00143166117 -0.00601476386 -0.00277007639
f 2353 2355 2354
v -0.00217083743 -0.00628447597 -0.00255066934
v -0.00203043019 -0.00569416261 -0.00260605611
v -0.0018765737 -0.00618613631 -0.00269131451
f 2356 2358 2357
v -0.0018765737 -0.00618613631 -0.00269131451
v -0.00153965393 -0.00560324552 -0.00275599978
v -0.00143166117 -0.00601476386 -0.00277007639
f 2359 2361 2360
v -0.00192794523 -0.0054398035 -0.00264884984
v -0.00165115689 -0.00484703705 -0.00261320329
v -0.00153965393 -0.00560324552 -0.00275599978
f 2362 2364 2363
v -0.00213690455 -0.00511289109 -0.00247590669
v -0.00165115689 -0.00484703705 -0.00261320329
v -0.00192794523 -0.0054398035 -0.00264884984
f 2365 2367 2366
v -0.00224127834 -0.00467607133 -0.00234609179
v -0.00184616274 -0.00468166727 -0.00254466431
v -0.00213690455 -0.00511289109 -0.00247590669
f 2368 2370 2369
v -0.00217083743 -0.00628447597 -0.00255066934
v -0.00269648353 -0.00584091431 -0.0020784657
v -0.00227806468 -0.00544322575 -0.00243137911
f 2371 2373 2372
v -0.00290701628 -0.0052656811 -0.00174275156
v -0.00282164765 -0.00554541875 -0.00192036532
v -0.00298347295 -0.005518322 -0.00150032374
f 2374 2376 2375
v -0.00364739753 -0.00903737018 -0.00417496849
v -0.00355585325 -0.00921970714 -0.00390786699
v -0.00372881987 -0.00904783592 -0.00382764338
f 2377 2379 2378
v -0.00355585325 -0.00921970714 -0.00390786699
v -0.00364739753 -0.00903737018 -0.00417496849
v -0.00337684032 -0.00925933127 -0.00387355394
f 2380 2382 2381
v -0.00346124179 -0.00899681472 -0.00340842598
v -0.00377620709 -0.00904291956 -0.0036673362
v -0.00337337369 -0.0091118105 -0.00345849476
f 2383 2385 2384
v -0.00347637579 -0.00885789996 -0.00333304597
v -0.00365126398 -0.00876300328 -0.00330116272
v -0.00346124179 -0.00899681472 -0.00340842598
f 2386 2388 2387
v -0.00374107985 -0.00863823225 -0.00323645181
v -0.00369214758 -0.00863365713 -0.00322993656
v -0.00365129672 -0.00862612142 -0.00322819178
f 2389 2391 2390
v -0.00369345616 -0.00855742765 -0.00317569247
v -0.00365343003 -0.00858016065 -0.00296793787
v -0.00363968356 -0.00847563351 -0.00312040065
f 2392 2394 2393
v -0.00360278827 -0.00841230067 -0.00308199305
v -0.00363968356 -0.00847563351 -0.00312040065
v -0.00365343003 -0.00858016065 -0.00296793787
f 2395 2397 2396
v -0.00369345616 -0.00855742765 -0.00317569247
v -0.00372126815 -0.00862222441 -0.00318239508
v -0.00365343003 -0.00858016065 -0.00296793787
f 2398 2400 2399
v -0.00377620709 -0.00904291956 -0.0036673362
v -0.00372881987 -0.00904783592 -0.00382764338
v -0.00367776993 -0.00911476527 -0.00375920354
f 2401 2403 2402
v -0.00405649189 -0.00894614132 -0.00365626402
v -0.00413159541 -0.0088361332 -0.00387220934
v -0.00388880035 -0.00900185041 -0.00366150853
f 2404 2406 2405
v -0.0039238188 -0.00892902026 -0.00406042054
v -0.00372881987 -0.00904783592 -0.00382764338
v -0.00377620709 -0.00904291956 -0.0036673362
f 2407 2409 2408
v -0.00418287636 -0.00878878927 -0.00391711874
v -0.00413159541 -0.0088361332 -0.00387220934
v -0.00411168076 -0.00892007884 -0.00367193716
f 2410 2412 2411
v -0.00390073546 -0.00868641728 -0.00335193763
v -0.00403260638 -0.008731665 -0.00344346772
v -0.00388880035 -0.00900185041 -0.00366150853
f 2413 2415 2414
v -0.00414841961 -0.00875919577 -0.00352153111
v -0.00403260638 -0.008731665 -0.00344346772
v -0.00390073546 -0.00868641728 -0.00335193763
f 2416 2418 2417
v -0.00418928539 -0.00856571642 -0.00414128481
v -0.0038409089 -0.00856975967 -0.00430944565
v -0.0039238188 -0.00892902026 -0.00406042054
f 2419 2421 2420
v -0.00425161161 -0.00848852651 -0.00365833112
v -0.00418287636 -0.00878878927 -0.00391711874
v -0.00414841961 -0.00875919577 -0.00352153111
f 2422 2424 2423
v -0.00374107985 -0.00863823225 -0.00323645181
v -0.00388880035 -0.00900185041 -0.00366150853
v -0.00377620709 -0.00904291956 -0.0036673362
f 2425 2427 2426
v -0.00390073546 -0.00868641728 -0.00335193763
v -0.00388880035 -0.00900185041 -0.00366150853
v -0.00374107985 -0.00863823225 -0.00323645181
f 2428 2430 2429
v -0.00405649189 -0.00894614132 -0.00365626402
v -0.00414841961 -0.00875919577 -0.00352153111
v -0.00411168076 -0.00892007884 -0.00367193716
f 2431 2433 2432
v -0.00356545534 -0.00811405553 -0.00349446418
v -0.00384271007 -0.0081607126 -0.00356231612
v -0.00364318621 -0.00819305642 -0.00351949784
f 2434 2436 2435
v -0.00399148339 -0.00806469689 -0.00373757939
v -0.00384271007 -0.0081607126 -0.00356231612
v -0.00365773558 -0.0080643229 -0.00361924431
f 2437 2439 2438
v -0.00421505938 -0.00820314235 -0.00363119361
v -0.00423982419 -0.00812728176 -0.00373734947
v -0.0042401236 -0.00832405058 -0.00365362794
f 2440 2442 2441
v -0.00421505938 -0.00820314235 -0.00363119361
v -0.0039056009 -0.00836848194 -0.00342160129
v -0.00384271007 -0.0081607126 -0.00356231612
f 2443 2445 2444
v -0.00418928539 -0.00856571642 -0.00414128481
v -0.00418287636 -0.00878878927 -0.00391711874
v -0.00425161161 -0.00848852651 -0.00365833112
f 2446 2448 2447
v -0.0042401236 -0.00832405058 -0.00365362794
v -0.00425712969 -0.0082694467 -0.00394814233
v -0.00425161161 -0.00848852651 -0.00365833112
f 2449 2451 2450
v -0.0038409089 -0.00856975967 -0.00430944565
v -0.00386315405 -0.0084989937 -0.00426959668
v -0.00369806439 -0.00849383287 -0.00431487497
f 2452 2454 2453
v -0.00352439201 -0.00808547702 -0.00393069749
v -0.00369080153 -0.00832493461 -0.00413223934
v -0.00395021016 -0.0081423801 -0.00402598307
f 2455 2457 2456
v -0.0038409089 -0.00856975967 -0.00430944565
v -0.00418928539 -0.00856571642 -0.00414128481
v -0.00398023913 -0.00854281534 -0.00424843238
f 2458 2460 2459
v -0.00418928539 -0.00856571642 -0.00414128481
v -0.00417897754 -0.00854938917 -0.0041638752
v -0.00398023913 -0.00854281534 -0.00424843238
f 2461 2463 2462
v -0.00395021016 -0.0081423801 -0.00402598307
v -0.00386315405 -0.0084989937 -0.00426959668
v -0.00398023913 -0.00854281534 -0.00424843238
f 2464 2466 2465
v -0.00395021016 -0.0081423801 -0.00402598307
v -0.00398023913 -0.00854281534 -0.00424843238
v -0.00417897754 -0.00854938917 -0.0041638752
f 2467 2469 2468
v -0.00395021016 -0.0081423801 -0.00402598307
v -0.00399148339 -0.00806469689 -0.00373757939
v -0.00369922527 -0.00803999937 -0.00373073854
f 2470 2472 2471
v -0.00395021016 -0.0081423801 -0.00402598307
v -0.00369922527 -0.00803999937 -0.00373073854
v -0.00352439201 -0.00808547702 -0.00393069749
f 2473 2475 2474
v -0.00424577702 -0.00818447807 -0.00382638318
v -0.00399148339 -0.00806469689 -0.00373757939
v -0.00425712969 -0.0082694467 -0.00394814233
f 2476 2478 2477
v -0.00319551436 -0.00930720853 -0.00383298975
v -0.00367776993 -0.00911476527 -0.00375920354
v -0.00355585325 -0.00921970714 -0.00390786699
f 2479 2481 2480
v -0.00363914005 -0.00864334434 -0.00299416752
v -0.00356306846 -0.00874506877 -0.00308861781
v -0.00342927124 -0.00882370223 -0.00296461058
f 2482 2484 2483
v -0.00364318621 -0.00819305642 -0.00351949784
v -0.0039056009 -0.00836848194 -0.00342160129
v -0.00353456453 -0.00829654018 -0.00343494758
f 2485 2487 2486
v -0.0038409089 -0.00856975967 -0.00430944565
v -0.00369806439 -0.00849383287 -0.00431487497
v -0.003401699 -0.00838943961 -0.00433360001
f 2488 2490 2489
v -0.00369806439 -0.00849383287 -0.00431487497
v -0.00369080153 -0.00832493461 -0.00413223934
v -0.00352439201 -0.00808547702 -0.00393069749
f 2491 2493 2492
v -0.00338671416 -0.00801340211 -0.00264667833
v -0.00347435853 -0.00818842891 -0.00292064724
v -0.00339853796 -0.00814978339 -0.00224772011
f 2494 2496 2495
v -0.00294175934 -0.00503144256 -0.000130819853
v -0.00297587831 -0.00544246832 -0.000865715538
v -0.00285732094 -0.00532969934 5.25152302e-05
f 2497 2499 2498
v -0.00221959344 -0.00365123451 0.000730045576
v -0.0023309296 -0.00402976329 0.000641766928
v -0.00197892223 -0.00394965209 0.000797042412
f 2500 2502 2501
v -0.0023309296 -0.00402976329 0.000641766928
v -0.00240715635 -0.0043450189 0.000593066034
v -0.00205688993 -0.00430301079 0.000787621684
f 2503 2505 2504
v -0.00259869885 -0.00313281125 0.000574173555
v -0.00283886638 -0.00345266781 0.000410674784
v -0.0025435289 -0.00379539561 0.000533196635
f 2506 2508 2507
v -0.00205688993 -0.00430301079 0.000787621684
v -0.00197892223 -0.00394965209 0.000797042412
v -0.0023309296 -0.00402976329 0.000641766928
f 2509 2511 2510
v -0.00284024427 -0.00491674764 0.000126491796
v -0.00294175934 -0.00503144256 -0.000130819853
v -0.00285732094 -0.00532969934 5.25152302e-05
f 2512 2514 2513
v -0.00267148098 -0.00457350907 0.000405239916
v -0.00298589021 -0.00462158241 -0.000185634462
v -0.00284024427 -0.00491674764 0.000126491796
f 2515 2517 2516
v -0.00286335453 -0.00420962024 0.000155385351
v -0.00291136057 -0.00437245872 1.52483182e-05
v -0.00267148098 -0.00457350907 0.000405239916
f 2518 2520 2519
v -0.00304436671 -0.00430902219 -0.000538591758
v -0.00294175934 -0.00503144256 -0.000130819853
v -0.00298589021 -0.00462158241 -0.000185634462
f 2521 2523 2522
v -0.00305642279 -0.00393394548 -0.000266979077
v -0.00307161936 -0.00410388529 -0.00100756315
v -0.00304436671 -0.00430902219 -0.000538591758
f 2524 2526 2525
v -0.00312786833 -0.00355591001 7.29906162e-06
v -0.00305642279 -0.00393394548 -0.000266979077
v -0.00283923328 -0.00376845855 0.000316174373
f 2527 2529 2528
v -0.00285732094 -0.00532969934 5.25152302e-05
v -0.00299622297 -0.00581215718 -0.00114250888
v -0.00292989753 -0.00614998062 -0.000762449599
f 2530 2532 2531
v -0.00305457725 -0.00450518237 -0.000810079837
v -0.0030125495 -0.00477578324 -0.00154441786
v -0.00302023618 -0.00511722865 -0.00122160272
f 2533 2535 2534
v -0.00297587831 -0.00544246832 -0.000865715538
v -0.00298347295 -0.005518322 -0.00150032374
v -0.00299622297 -0.00581215718 -0.00114250888
f 2536 2538 2537
v -0.0030748055 -0.00440058393 -0.00121726362
v -0.0030125495 -0.00477578324 -0.00154441786
v -0.00305457725 -0.00450518237 -0.000810079837
f 2539 2541 2540
v -0.0030748055 -0.00440058393 -0.00121726362
v -0.00303911474 -0.00445853402 -0.00163915447
v -0.0030125495 -0.00477578324 -0.00154441786
f 2542 2544 2543
v -0.00309943243 -0.00418371237 -0.00121457097
v -0.00310659489 -0.00410444154 -0.00161737971
v -0.0030748055 -0.00440058393 -0.00121726362
f 2545 2547 2546
v -0.00184616274 -0.00468166727 -0.00254466431
v -0.00224127834 -0.00467607133 -0.00234609179
v -0.00213658095 -0.00438484421 -0.00240731551
f 2548 2550 2549
v -0.00213658095 -0.00438484421 -0.00240731551
v -0.00188544109 -0.00395163152 -0.00249256282
v -0.0017442544 -0.00439990072 -0.00253029157
f 2551 2553 2552
v -0.00240004574 -0.00402690021 -0.00234694035
v -0.00188544109 -0.00395163152 -0.00249256282
v -0.00213658095 -0.00438484421 -0.00240731551
f 2554 2556 2555
v -0.0024792731 -0.00440327021 -0.00218132445
v -0.00224127834 -0.00467607133 -0.00234609179
v -0.00254377865 -0.00487457983 -0.00211755323
f 2557 2559 2558
v -0.00280834265 -0.00444835314 -0.00192155421
v -0.00275748607 -0.00405662649 -0.00217113775
v -0.0024792731 -0.00440327021 -0.00218132445
f 2560 2562 2561
v -0.00303911474 -0.00445853402 -0.00163915447
v -0.00310659489 -0.00410444154 -0.00161737971
v -0.00280834265 -0.00444835314 -0.00192155421
f 2563 2565 2564
v -0.00312114462 -0.00404962229 -0.0016352642
v -0.00310659489 -0.00410444154 -0.00161737971
v -0.00313970086 -0.00371376882 -0.00137383449
f 2566 2568 2567
v -0.0032028438 -0.00374231495 -0.00187178812
v -0.00315826364 -0.0039402039 -0.00166947793
v -0.00325668007 -0.00355221564 -0.00172422879
f 2569 2571 2570
v -0.00322653614 -0.00324649482 -0.00038768012
v -0.00309382813 -0.00333343341 -0.00104074188
v -0.00306535912 -0.00361628881 -0.000714198904
f 2572 2574 2573
v -0.00317219383 -0.00296226808 -0.000748793309
v -0.00324749017 -0.00306115944 -0.00142528806
v -0.00309382813 -0.00333343341 -0.00104074188
f 2575 2577 2576
v -0.00322973501 -0.0026638847 -0.00111296995
v -0.00324749017 -0.00306115944 -0.00142528806
v -0.00317219383 -0.00296226808 -0.000748793309
f 2578 2580 2579
v -0.00332714299 -0.00229616726 -0.000826688574
v -0.00327507732 -0.00255822397 -0.0012655808
v -0.00322973501 -0.0026638847 -0.00111296995
f 2581 2583 2582
v -0.00337874699 -0.00323934946 -0.00016445133
v -0.00325861693 -0.00343294123 -1.07294881e-05
v -0.00334791657 -0.00335653895 -1.88699204e-05
f 2584 2586 2585
v -0.00313970086 -0.00371376882 -0.00137383449
v -0.00325668007 -0.00355221564 -0.00172422879
v -0.00315826364 -0.0039402039 -0.00166947793
f 2587 2589 2588
v -0.00268791064 -0.0026449281 0.000566881499
v -0.00315158832 -0.00283303834 0.000407560401
v -0.00259869885 -0.00313281125 0.000574173555
f 2590 2592 2591
v -0.00259869885 -0.00313281125 0.000574173555
v -0.00315158832 -0.00283303834 0.000407560401
v -0.00305740759 -0.00323069216 0.000342648582
f 2593 2595 2594
v -0.00305740759 -0.00323069216 0.000342648582
v -0.00344078326 -0.00312951815 0.000171682586
v -0.00317448721 -0.00350728551 8.06130913e-06
f 2596 2598 2597
v -0.00303718443 -0.00191945619 0.000438664119
v -0.00297131392 -0.00194532022 0.000492781328
v -0.00269832344 -0.00183562588 0.000439783526
f 2599 2601 2600
v -0.00279456399 -0.00196976162 0.000558449938
v -0.00258203072 -0.0023087985 0.000622960579
v -0.00238994216 -0.00197187746 0.000670908412
f 2602 2604 2603
v -0.0035160152 -0.00294600432 -0.000109741995
v -0.00335947407 -0.00294879119 -0.000368598876
v -0.00337874699 -0.00323934946 -0.00016445133
f 2605 2607 2606
v -0.00335947407 -0.00294879119 -0.000368598876
v -0.00337797392 -0.00261885343 -0.000496235316
v -0.00317219383 -0.00296226808 -0.000748793309
f 2608 2610 2609
v -0.00354707481 -0.00263582042 -0.000295794644
v -0.00337797392 -0.00261885343 -0.000496235316
v -0.00335947407 -0.00294879119 -0.000368598876
f 2611 2613 2612
v -0.00315158832 -0.00283303834 0.000407560401
v -0.00288962437 -0.0024063911 0.000484928296
v -0.00326116424 -0.00250749927 0.000363491108
f 2614 2616 2615
v -0.00279456399 -0.00196976162 0.000558449938
v -0.00331214433 -0.00212101859 0.000350995742
v -0.00288962437 -0.0024063911 0.000484928296
f 2617 2619 2618
v -0.00331214433 -0.00212101859 0.000350995742
v -0.00326116424 -0.00250749927 0.000363491108
v -0.00288962437 -0.0024063911 0.000484928296
f 2620 2622 2621
v -0.00358488323 -0.00259472981 0.000198519956
v -0.00358353464 -0.00223923271 0.000242074111
v -0.00358702309 -0.00242211681 0.000215877571
f 2623 2625 2624
v -0.00326116424 -0.00250749927 0.000363491108
v -0.00358488323 -0.00259472981 0.000198519956
v -0.00351069866 -0.00279620817 0.000276093942
f 2626 2628 2627
v -0.00312394623 -0.00191035324 0.000447510592
v -0.00304679234 -0.00194329768 0.000469563383
v -0.00308111703 -0.00192838233 0.000441101929
f 2629 2631 2630
v -0.00313860182 -0.00179668386 0.000260780325
v -0.00310839459 -0.00189273087 0.000394002018
v -0.00303718443 -0.00191945619 0.000438664119
f 2632 2634 2633
v -0.00338062418 -0.00187025635 0.000265300605
v -0.00358353464 -0.00223923271 0.000242074111
v -0.00331214433 -0.00212101859 0.000350995742
f 2635 2637 2636
v -0.0026849073 -0.00165689526 0.000141683813
v -0.0025428455 -0.00165597048 0.000260794695
v -0.00242591868 -0.00152917655 0.000140634802
f 2638 2640 2639
v -0.00304010955 -0.00174914894 1.51858359e-05
v -0.0026849073 -0.00165689526 0.000141683813
v -0.00242591868 -0.00152917655 0.000140634802
f 2641 2643 2642
v -0.00304010955 -0.00174914894 1.51858359e-05
v -0.00242591868 -0.00152917655 0.000140634802
v -0.00283508962 -0.00161703701 -0.000517510762
f 2644 2646 2645
v -0.00245707779 -0.00146008915 -0.000553295285
v -0.00283508962 -0.00161703701 -0.000517510762
v -0.00242591868 -0.00152917655 0.000140634802
f 2647 2649 2648
v -0.00332714299 -0.00229616726 -0.000826688574
v -0.00337797392 -0.00261885343 -0.000496235316
v -0.00351286762 -0.00227602286 -0.00041242547
f 2650 2652 2651
v -0.00334889919 -0.00198915568 -0.00116753927
v -0.00332714299 -0.00229616726 -0.000826688574
v -0.00350273367 -0.00195729481 -0.000500808346
f 2653 2655 2654
v -0.00307769515 -0.00173245098 -0.000300092142
v -0.00340735605 -0.00174032448 -0.000101672686
v -0.00304010955 -0.00174914894 1.51858359e-05
f 2656 2658 2657
v -0.00341292071 -0.00181043451 0.000197148165
v -0.00304010955 -0.00174914894 1.51858359e-05
v -0.00340735605 -0.00174032448 -0.000101672686
f 2659 2661 2660
v -0.00360833146 -0.00201672847 -0.000239400379
v -0.00351286762 -0.00227602286 -0.00041242547
v -0.00362564024 -0.00224914875 -0.000163821869
f 2662 2664 2663
v -0.00359744299 -0.00177279653 -8.53755353e-05
v -0.00350456066 -0.00174973684 2.86976558e-05
v -0.00354202821 -0.00175027744 -4.21910897e-05
f 2665 2667 2666
v -0.00334360593 -0.00182111962 -0.000564657012
v -0.00307769515 -0.00173245098 -0.000300092142
v -0.00314645185 -0.00174509041 -0.000536002244
f 2668 2670 2669
v -0.00338225909 -0.00178095852 -0.000332233094
v -0.00340735605 -0.00174032448 -0.000101672686
v -0.00307769515 -0.00173245098 -0.000300092142
f 2671 2673 2672
v -0.0034307086 -0.00187129699 -0.000493950483
v -0.00338225909 -0.00178095852 -0.000332233094
v -0.00334360593 -0.00182111962 -0.000564657012
f 2674 2676 2675
v -0.00350273367 -0.00195729481 -0.000500808346
v -0.0035439738 -0.00186689613 -0.000378836921
v -0.0034307086 -0.00187129699 -0.000493950483
f 2677 2679 2678
v -0.0036100053 -0.00168881998 -0.000198710632
v -0.00359744299 -0.00177279653 -8.53755353e-05
v -0.00358363941 -0.00165798701 -0.000155492535
f 2680 2682 2681
v -0.00360833146 -0.00201672847 -0.000239400379
v -0.00350273367 -0.00195729481 -0.000500808346
v -0.00351286762 -0.00227602286 -0.00041242547
f 2683 2685 2684
v -0.00358363941 -0.00165798701 -0.000155492535
v -0.00359744299 -0.00177279653 -8.53755353e-05
v -0.00354081749 -0.00173897279 -3.29940065e-05
f 2686 2688 2687
v -0.00362564024 -0.00224914875 -0.000163821869
v -0.00351286762 -0.00227602286 -0.00041242547
v -0.00354707481 -0.00263582042 -0.000295794644
f 2689 2691 2690
v -0.0025428455 -0.00165597048 0.000260794695
v -0.00265807812 -0.00179458584 0.00040505447
v -0.00251877082 -0.00165954534 0.000491938954
f 2692 2694 2693
v -0.00238994216 -0.00197187746 0.000670908412
v -0.0027182039 -0.00178864393 0.000601676129
v -0.00279456399 -0.00196976162 0.000558449938
f 2695 2697 2696
v -0.00251877082 -0.00165954534 0.000491938954
v -0.00241728339 -0.00157048798 0.0005819752
v -0.00242591868 -0.00152917655 0.000140634802
f 2698 2700 2699
v -0.0035160152 -0.00294600432 -0.000109741995
v -0.00337874699 -0.00323934946 -0.00016445133
v -0.00344078326 -0.00312951815 0.000171682586
f 2701 2703 2702
v -0.00358488323 -0.00259472981 0.000198519956
v -0.0035160152 -0.00294600432 -0.000109741995
v -0.00351069866 -0.00279620817 0.000276093942
f 2704 2706 2705
v -0.0035160152 -0.00294600432 -0.000109741995
v -0.00344078326 -0.00312951815 0.000171682586
v -0.00351069866 -0.00279620817 0.000276093942
f 2707 2709 2708
v -0.00240004574 -0.00402690021 -0.00234694035
v -0.00233131395 -0.00369394111 -0.00243496015
v -0.00188544109 -0.00395163152 -0.00249256282
f 2710 2712 2711
v -0.00254610786 -0.00345442604 -0.00247685275
v -0.00257332431 -0.0030206309 -0.00261678233
v -0.00204408661 -0.00329378418 -0.00255032537
f 2713 2715 2714
v -0.00297679981 -0.00343816246 -0.00238092598
v -0.00254610786 -0.00345442604 -0.00247685275
v -0.00268731001 -0.00369875197 -0.00237746535
f 2716 2718 2717
v -0.00327001108 -0.00340013976 -0.00223542575
v -0.00297679981 -0.00343816246 -0.00238092598
v -0.00294970887 -0.00381463433 -0.00213500007
f 2719 2721 2720
v -0.0032707303 -0.00317224549 -0.00241961625
v -0.00296807484 -0.00310197975 -0.00255764153
v -0.00297679981 -0.00343816246 -0.00238092598
f 2722 2724 2723
v -0.00327001108 -0.00340013976 -0.00223542575
v -0.0032707303 -0.00317224549 -0.00241961625
v -0.00297679981 -0.00343816246 -0.00238092598
f 2725 2727 2726
v -0.00297679981 -0.00343816246 -0.00238092598
v -0.00296807484 -0.00310197975 -0.00255764153
v -0.00254610786 -0.00345442604 -0.00247685275
f 2728 2730 2729
v -0.00204408661 -0.00329378418 -0.00255032537
v -0.00257332431 -0.0030206309 -0.00261678233
v -0.00208766851 -0.00293370649 -0.00260493107
f 2731 2733 2732
v -0.0033433007 -0.00316265287 -0.00216656063
v -0.00327001108 -0.00340013976 -0.00223542575
v -0.00325668007 -0.00355221564 -0.00172422879
f 2734 2736 2735
v -0.00324749017 -0.00306115944 -0.00142528806
v -0.00337514321 -0.00268876483 -0.00174425622
v -0.00334883116 -0.00310598334 -0.00170214316
f 2737 2739 2738
v -0.00339965118 -0.00285917649 -0.00197374357
v -0.00334883116 -0.00310598334 -0.00170214316
v -0.00337514321 -0.00268876483 -0.00174425622
f 2740 2742 2741
v -0.0033433007 -0.00316265287 -0.00216656063
v -0.00325668007 -0.00355221564 -0.00172422879
v -0.00334883116 -0.00310598334 -0.00170214316
f 2743 2745 2744
v -0.00322973501 -0.0026638847 -0.00111296995
v -0.00337514321 -0.00268876483 -0.00174425622
v -0.00324749017 -0.00306115944 -0.00142528806
f 2746 2748 2747
v -0.00334753349 -0.00235982498 -0.00146515904
v -0.00337514321 -0.00268876483 -0.00174425622
v -0.00327507732 -0.00255822397 -0.0012655808
f 2749 2751 2750
v -0.0033288532 -0.00250976354 -0.00217441448
v -0.00339965118 -0.00285917649 -0.00197374357
v -0.00337514321 -0.00268876483 -0.00174425622
f 2752 2754 2753
v -0.00334753349 -0.00235982498 -0.00146515904
v -0.00334156393 -0.00209030131 -0.00190524934
v -0.0033288532 -0.00250976354 -0.00217441448
f 2755 2757 2756
v -0.00334889919 -0.00198915568 -0.00116753927
v -0.00334156393 -0.00209030131 -0.00190524934
v -0.00334753349 -0.00235982498 -0.00146515904
f 2758 2760 2759
v -0.00337514321 -0.00268876483 -0.00174425622
v -0.00322973501 -0.0026638847 -0.00111296995
v -0.00327507732 -0.00255822397 -0.0012655808
f 2761 2763 2762
v -0.00269828415 -0.00239421825 -0.00270391374
v -0.0022166867 -0.0024491972 -0.00266963743
v -0.00264612208 -0.00273949954 -0.00268699077
f 2764 2766 2765
v -0.00340608167 -0.00273356873 -0.00213429958
v -0.0033288532 -0.00250976354 -0.00217441448
v -0.00337516649 -0.00289010841 -0.00225782314
f 2767 2769 2768
v -0.00311141521 -0.00217787165 -0.0024432491
v -0.00300502397 -0.00248003998 -0.00262917274
v -0.0033288532 -0.00250976354 -0.00217441448
f 2770 2772 2771
v -0.00300502397 -0.00248003998 -0.00262917274
v -0.00264612208 -0.00273949954 -0.00268699077
v -0.00312768425 -0.00283677618 -0.00251085112
f 2773 2775 2774
v -0.00300502397 -0.00248003998 -0.00262917274
v -0.00312768425 -0.00283677618 -0.00251085112
v -0.0033288532 -0.00250976354 -0.00217441448
f 2776 2778 2777
v -0.00311141521 -0.00217787165 -0.0024432491
v -0.00320228392 -0.00179208237 -0.00216147746
v -0.00297778606 -0.00156876777 -0.00234322833
f 2779 2781 2780
v -0.00337516649 -0.00289010841 -0.00225782314
v -0.00312768425 -0.00283677618 -0.00251085112
v -0.0032707303 -0.00317224549 -0.00241961625
f 2782 2784 2783
v -0.0033288532 -0.00250976354 -0.00217441448
v -0.00340608167 -0.00273356873 -0.00213429958
v -0.00339965118 -0.00285917649 -0.00197374357
f 2785 2787 2786
v -0.00269828415 -0.00239421825 -0.00270391374
v -0.00233437149 -0.00193375145 -0.002686472
v -0.0022166867 -0.0024491972 -0.00266963743
f 2788 2790 2789
v -0.00277671934 -0.00197659301 -0.00261307505
v -0.00233437149 -0.00193375145 -0.002686472
v -0.00269828415 -0.00239421825 -0.00270391374
f 2791 2793 2792
v -0.00266069055 -0.00171806641 -0.00263172387
v -0.00255796294 -0.00146478696 -0.00263517504
v -0.00237827353 -0.00160879081 -0.00266844145
f 2794 2796 2795
v -0.00246786822 -0.00126866234 -0.00234348117
v -0.0026488191 -0.0013762954 -0.00245839219
v -0.00275855509 -0.00136767858 -0.00229539964
f 2797 2799 2798
v -0.00311141521 -0.00217787165 -0.0024432491
v -0.00297778606 -0.00156876777 -0.00234322833
v -0.00277671934 -0.00197659301 -0.00261307505
f 2800 2802 2801
v -0.00250880948 -0.00125878787 -0.0026139709
v -0.00260311317 -0.00131739544 -0.00257027023
v -0.0026488191 -0.0013762954 -0.00245839219
f 2803 2805 2804
v -0.00275855509 -0.00136767858 -0.00229539964
v -0.0026488191 -0.0013762954 -0.00245839219
v -0.00277233794 -0.00147192995 -0.00249582463
f 2806 2808 2807
v -0.00277671934 -0.00197659301 -0.00261307505
v -0.00266069055 -0.00171806641 -0.00263172387
v -0.00233437149 -0.00193375145 -0.002686472
f 2809 2811 2810
v -0.00264612208 -0.00273949954 -0.00268699077
v -0.0022166867 -0.0024491972 -0.00266963743
v -0.00257332431 -0.0030206309 -0.00261678233
f 2812 2814 2813
v -0.00296807484 -0.00310197975 -0.00255764153
v -0.00312768425 -0.00283677618 -0.00251085112
v -0.00264612208 -0.00273949954 -0.00268699077
f 2815 2817 2816
v -0.00334889919 -0.00198915568 -0.00116753927
v -0.00334753349 -0.00235982498 -0.00146515904
v -0.00332714299 -0.00229616726 -0.000826688574
f 2818 2820 2819
v -0.00340738479 -0.00155660618 -0.000976249612
v -0.00334925971 -0.00167101771 -0.0015884325
v -0.00334889919 -0.00198915568 -0.00116753927
f 2821 2823 2822
v -0.00342761232 -0.00168476472 -0.000825798998
v -0.00334360593 -0.00182111962 -0.000564657012
v -0.00314645185 -0.00174509041 -0.000536002244
f 2824 2826 2825
v -0.00342761232 -0.00168476472 -0.000825798998
v -0.00334889919 -0.00198915568 -0.00116753927
v -0.00346913403 -0.0018529201 -0.000625805023
f 2827 2829 2828
v -0.00339549842 -0.00134683278 -0.00126430295
v -0.00340738479 -0.00155660618 -0.000976249612
v -0.00331046322 -0.00141847395 -0.00115963358
f 2830 2832 2831
v -0.00290334665 -0.00148608469 -0.000932283638
v -0.00316904261 -0.00149594389 -0.00100040425
v -0.00342761232 -0.00168476472 -0.000825798998
f 2833 2835 2834
v -0.00309683819 -0.00138114192 -0.00154583104
v -0.00297855277 -0.00141585761 -0.00115128114
v -0.00242337483 -0.00136049694 -0.00133067961
f 2836 2838 2837
v -0.00326039008 -0.00134746533 -0.00196580149
v -0.00309444404 -0.00136440685 -0.00169294708
v -0.00243321665 -0.00128804986 -0.00202359406
f 2839 2841 2840
v -0.00309444404 -0.00136440685 -0.00169294708
v -0.00309683819 -0.00138114192 -0.00154583104
v -0.00242337483 -0.00136049694 -0.00133067961
f 2842 2844 2843
v -0.00242337483 -0.00136049694 -0.00133067961
v -0.00243171799 -0.0013118819 -0.00179356375
v -0.00309444404 -0.00136440685 -0.00169294708
f 2845 2847 2846
v -0.00309683819 -0.00138114192 -0.00154583104
v -0.00324077992 -0.00151510549 -0.00162737233
v -0.00328348724 -0.00147368355 -0.00147355422
f 2848 2850 2849
v -0.00326039008 -0.00134746533 -0.00196580149
v -0.00327303278 -0.00136170001 -0.00191076142
v -0.00320707586 -0.00141839964 -0.001752973
f 2851 2853 2852
v -0.00329687173 -0.00144691967 -0.00181824835
v -0.00320228392 -0.00179208237 -0.00216147746
v -0.00333050666 -0.0016329288 -0.00162066481
f 2854 2856 2855
v -0.00334925971 -0.00167101771 -0.0015884325
v -0.00334156393 -0.00209030131 -0.00190524934
v -0.00334889919 -0.00198915568 -0.00116753927
f 2857 2859 2858
v -0.00327203525 -0.00140284374 -0.00131755569
v -0.00297855277 -0.00141585761 -0.00115128114
v -0.00314867139 -0.00140251623 -0.00137821098
f 2860 2862 2861
v -0.00312182419 -0.00135187765 -0.00203976851
v -0.00243321665 -0.00128804986 -0.00202359406
v -0.00310389587 -0.00138395662 -0.00218564783
f 2863 2865 2864
v -0.00310389587 -0.00138395662 -0.00218564783
v -0.00295737173 -0.00138640053 -0.00222502604
v -0.00297778606 -0.00156876777 -0.00234322833
f 2866 2868 2867
v -0.00326039008 -0.00134746533 -0.00196580149
v -0.00315759098 -0.00139868398 -0.00214163701
v -0.00320228392 -0.00179208237 -0.00216147746
f 2869 2871 2870
v 0.00120871728 -0.00651123919 -0.00173177359
v 0.00141073542 -0.00669271758 -0.00151863842
v 0.00135736809 -0.00700194287 -0.00150530759
f 2872 2874 2873
v -0.00332984091 -0.00889171788 -0.00289781074
v -0.00313607197 -0.0090220783 -0.00287575476
v -0.00290765292 -0.00924947017 -0.00261105542
f 2875 2877 2876
v -0.00289200798 -0.00678900178 -0.000678190281
v -0.00294004221 -0.00648328496 -0.00105054687
v -0.00292877139 -0.00691706227 -0.00134394859
f 2878 2880 2879
v -0.00284024427 -0.00491674764 0.000126491796
v -0.00285732094 -0.00532969934 5.25152302e-05
v -0.00255894611 -0.0051372419 0.000512171846
f 2881 2883 2882
v -0.00168703955 -0.004230997 0.000893378638
v -0.00205688993 -0.00430301079 0.000787621684
v -0.00183255906 -0.00454699511 0.00090487556
f 2884 2886 2885
v -0.00204408661 -0.00329378418 -0.00255032537
v -0.00208766851 -0.00293370649 -0.00260493107
v -0.0015464324 -0.00318595885 -0.00257721949
f 2887 2889 2888
v -0.00262613121 -0.00146649218 -0.000799001918
v -0.00245707779 -0.00146008915 -0.000553295285
v -0.00242337483 -0.00136049694 -0.00133067961
f 2890 2892 2891
v 0.000139831752 -0.00669993315 0.000983021528
v 0.000345548915 -0.00697484793 0.000937198456
v 0.00059458971 -0.00664300896 0.000849359458
f 2893 2895 2894
v 0.000683073267 -0.00620264036 0.000849778917
v 0.00059458971 -0.00664300896 0.000849359458
v 0.00104247129 -0.00641774241 0.000677900971
f 2896 2898 2897
v 0.00133933963 -0.00441139309 -0.00148722611
v 0.0012953974 -0.00494341621 -0.00164410721
v 0.00106975767 -0.00436529808 -0.00168453807
f 2899 2901 2900
v -0.00213658095 -0.00438484421 -0.00240731551
v -0.0017442544 -0.00439990072 -0.00253029157
v -0.00184616274 -0.00468166727 -0.00254466431
f 2902 2904 2903
v 0.00108375752 -0.00927650326 -0.000270863165
v 0.000592499327 -0.00968263848 -0.000114245131
v 0.00100120033 -0.00948044835 -0.000568316591
f 2905 2907 2906
v -5.57816008e-05 -0.0102813225 -0.000513338546
v 0.000260454112 -0.0101422731 -0.000859840202
v 0.000559448154 -0.00985632287 -0.000566295557
f 2908 2910 2909
v 0.000592499327 -0.00968263848 -0.000114245131
v 0.000580308188 -0.00957908414 9.11404584e-05
v 0.000302586272 -0.00980848636 2.32941559e-05
f 2911 2913 2912
v 0.000189386128 -0.0100409772 -0.000211426777
v 0.000302586272 -0.00980848636 2.32941559e-05
v -0.000149042432 -0.0100563404 0.000200837167
f 2914 2916 2915
v 0.000189386128 -0.0100409772 -0.000211426777
v 0.000592499327 -0.00968263848 -0.000114245131
v 0.000302586272 -0.00980848636 2.32941559e-05
f 2917 2919 2918
v -0.000158688545 -0.01035022 -0.00082229808
v -5.57816008e-05 -0.0102813225 -0.000513338546
v -0.00049229352 -0.0104710234 -0.00052854075
f 2920 2922 2921
v -0.000536640619 -0.0103510945 0.000157188333
v -0.000100465581 -0.0102124715 -0.000207793346
v -0.000149042432 -0.0100563404 0.000200837167
f 2923 2925 2924
v -5.57816008e-05 -0.0102813225 -0.000513338546
v 0.000189386128 -0.0100409772 -0.000211426777
v -0.000100465581 -0.0102124715 -0.000207793346
f 2926 2928 2927
v -0.000100465581 -0.0102124715 -0.000207793346
v 0.000189386128 -0.0100409772 -0.000211426777
v -0.000149042432 -0.0100563404 0.000200837167
f 2929 2931 2930
v 0.000832804108 -0.00921880346 0.00020141797
v 0.00108375752 -0.00927650326 -0.000270863165
v 0.00106225389 -0.009037774 4.65418395e-05
f 2932 2934 2933
v 0.00122548008 -0.00846294934 0.000169138821
v 0.000990919398 -0.0086312546 0.000319451283
v 0.00106225389 -0.009037774 4.65418395e-05
f 2935 2937 2936
v 0.000707033314 -0.00884083638 0.000491151877
v 0.00106225389 -0.009037774 4.65418395e-05
v 0.000990919398 -0.0086312546 0.000319451283
f 2938 2940 2939
v 0.000832804108 -0.00921880346 0.00020141797
v 0.000707033314 -0.00884083638 0.000491151877
v 0.0005989898 -0.00934672935 0.00030262554
f 2941 2943 2942
v 0.000832804108 -0.00921880346 0.00020141797
v 0.00106225389 -0.009037774 4.65418395e-05
v 0.000707033314 -0.00884083638 0.000491151877
f 2944 2946 2945
v 0.000707033314 -0.00884083638 0.000491151877
v 0.000478300035 -0.00847505216 0.000674106559
v 0.000471024168 -0.0089686444 0.000598845509
f 2947 2949 2948
v 0.000990919398 -0.0086312546 0.000319451283
v 0.000478300035 -0.00847505216 0.000674106559
v 0.000707033314 -0.00884083638 0.000491151877
f 2950 2952 2951
v -0.000636828781 -0.0101010337 0.000875103433
v -0.000360667809 -0.00986357481 0.000661673403
v -0.00061530618 -0.00966975567 0.00107637788
f 2953 2955 2954
v 0.000302586272 -0.00980848636 2.32941559e-05
v 0.000199636179 -0.00952077171 0.000413111593
v -0.000145793558 -0.00971595 0.000537813139
f 2956 2958 2957
v -0.000320676827 -0.0100949997 0.000462738535
v -0.000149042432 -0.0100563404 0.000200837167
v -0.000145793558 -0.00971595 0.000537813139
f 2959 2961 2960
v -0.000360667809 -0.00986357481 0.000661673403
v -0.000320676827 -0.0100949997 0.000462738535
v -0.000145793558 -0.00971595 0.000537813139
f 2962 2964 2963
v -0.000324387088 -0.00935193166 0.000812421058
v -0.000360667809 -0.00986357481 0.000661673403
v -0.000145793558 -0.00971595 0.000537813139
f 2965 2967 2966
v -0.000324387088 -0.00935193166 0.000812421058
v -0.000840344183 -0.00901363819 0.00104640749
v -0.000706122228 -0.00933617193 0.00104729716
f 2968 2970 2969
v -0.000706122228 -0.00933617193 0.00104729716
v -0.000612831764 -0.00961456026 0.00107234264
v -0.000324387088 -0.00935193166 0.000812421058
f 2971 2973 2972
v 0.0005989898 -0.00934672935 0.00030262554
v 0.000471024168 -0.0089686444 0.000598845509
v 7.82948007e-05 -0.00914222328 0.000687394459
f 2974 2976 2975
v 0.000199636179 -0.00952077171 0.000413111593
v 7.82948007e-05 -0.00914222328 0.000687394459
v -0.000324387088 -0.00935193166 0.000812421058
f 2977 2979 2978
v 0.000478300035 -0.00847505216 0.000674106559
v 0.000353973928 -0.00877061902 0.00071570048
v 0.000471024168 -0.0089686444 0.000598845509
f 2980 2982 2981
v 0.000353973928 -0.00877061902 0.00071570048
v -0.000365605206 -0.00890192023 0.000875486512
v 7.82948007e-05 -0.00914222328 0.000687394459
f 2983 2985 2984
v 3.46905182e-05 -0.00852173616 0.00079813417
v -0.000365605206 -0.00890192023 0.000875486512
v 0.000353973928 -0.00877061902 0.00071570048
f 2986 2988 2987
v -0.000365605206 -0.00890192023 0.000875486512
v -0.000840344183 -0.00901363819 0.00104640749
v -0.000324387088 -0.00935193166 0.000812421058
f 2989 2991 2990
v -0.000365605206 -0.00890192023 0.000875486512
v -0.000324387088 -0.00935193166 0.000812421058
v 7.82948007e-05 -0.00914222328 0.000687394459
f 2992 2994 2993
v -0.000324387088 -0.00935193166 0.000812421058
v -0.00061530618 -0.00966975567 0.00107637788
v -0.00044359067 -0.00963466082 0.000835751234
f 2995 2997 2996
v 3.46905182e-05 -0.00852173616 0.00079813417
v -0.000579940115 -0.00791214406 0.000981370613
v -0.000454793326 -0.00861503577 0.00089576788
f 2998 3000 2999
v -0.000579940115 -0.00791214406 0.000981370613
v -0.00101158948 -0.00835455648 0.000989735963
v -0.000454793326 -0.00861503577 0.00089576788
f 3001 3003 3002
v -0.00107704482 -0.00797742614 0.00102642534
v -0.00101158948 -0.00835455648 0.000989735963
v -0.000579940115 -0.00791214406 0.000981370613
f 3004 3006 3005
v 0.00154013778 -0.00706430292 0.000127617841
v 0.00144731366 -0.00668402572 0.00041772646
v 0.00142858316 -0.00701360841 0.00027822698
f 3007 3009 3008
v 0.00167862581 -0.00676048221 -0.000120694813
v 0.00167242251 -0.00643520834 0.000141205237
v 0.00154013778 -0.00706430292 0.000127617841
f 3010 3012 3011
v 0.00167862581 -0.00676048221 -0.000120694813
v 0.00154013778 -0.00706430292 0.000127617841
v 0.00154157096 -0.00728685918 -9.2318993e-05
f 3013 3015 3014
v 0.00154013778 -0.00706430292 0.000127617841
v 0.00167242251 -0.00643520834 0.000141205237
v 0.00144731366 -0.00668402572 0.00041772646
f 3016 3018 3017
v 0.00143644838 -0.00615562531 0.000454873316
v 0.00135755317 -0.00645847249 0.000525859832
v 0.00144731366 -0.00668402572 0.00041772646
f 3019 3021 3020
v 0.00143644838 -0.00615562531 0.000454873316
v 0.00144731366 -0.00668402572 0.00041772646
v 0.00167242251 -0.00643520834 0.000141205237
f 3022 3024 3023
v 0.00127790599 -0.00624403037 0.000547364561
v 0.00135755317 -0.00645847249 0.000525859832
v 0.00143644838 -0.00615562531 0.000454873316
f 3025 3027 3026
v 0.00157330378 -0.00719350646 -0.000452554104
v 0.0015548394 -0.0072867253 -0.000769015605
v 0.00161673997 -0.00691402893 -0.000816607462
f 3028 3030 3029
v 0.0015548394 -0.0072867253 -0.000769015605
v 0.00151741415 -0.00714134367 -0.00104481369
v 0.00161673997 -0.00691402893 -0.000816607462
f 3031 3033 3032
v 0.00156050573 -0.00664390027 -0.00125529896
v 0.00161673997 -0.00691402893 -0.000816607462
v 0.00151741415 -0.00714134367 -0.00104481369
f 3034 3036 3035
v 0.00156050573 -0.00664390027 -0.00125529896
v 0.00161190765 -0.00627020563 -0.00152191751
v 0.00177482198 -0.00616514153 -0.0012338488
f 3037 3039 3038
v 0.00144865962 -0.00658833669 -0.00141307155
v 0.00156050573 -0.00664390027 -0.00125529896
v 0.00141073542 -0.00669271758 -0.00151863842
f 3040 3042 3041
v 0.00156050573 -0.00664390027 -0.00125529896
v 0.00144865962 -0.00658833669 -0.00141307155
v 0.00161190765 -0.00627020563 -0.00152191751
f 3043 3045 3044
v 0.00157330378 -0.00719350646 -0.000452554104
v 0.00161673997 -0.00691402893 -0.000816607462
v 0.00184503515 -0.00628505586 -0.000473753153
f 3046 3048 3047
v 0.00167862581 -0.00676048221 -0.000120694813
v 0.00180231764 -0.00625282046 -2.77008496e-05
v 0.00167242251 -0.00643520834 0.000141205237
f 3049 3051 3050
v 0.00183186075 -0.00611426731 -0.000177031916
v 0.00180231764 -0.00625282046 -2.77008496e-05
v 0.00184503515 -0.00628505586 -0.000473753153
f 3052 3054 3053
v 0.00180231764 -0.00625282046 -2.77008496e-05
v 0.00166344071 -0.0058480633 0.000226765678
v 0.00167242251 -0.00643520834 0.000141205237
f 3055 3057 3056
v 0.00167242251 -0.00643520834 0.000141205237
v 0.00166344071 -0.0058480633 0.000226765678
v 0.00143644838 -0.00615562531 0.000454873316
f 3058 3060 3059
v 0.00183186075 -0.00611426731 -0.000177031916
v 0.00166344071 -0.0058480633 0.000226765678
v 0.00180231764 -0.00625282046 -2.77008496e-05
f 3061 3063 3062
v 0.00184503515 -0.00628505586 -0.000473753153
v 0.00183957291 -0.00606461945 -0.000858307703
v 0.00185409772 -0.00577245883 -0.000583874862
f 3064 3066 3065
v 0.00183957291 -0.00606461945 -0.000858307703
v 0.00176485846 -0.00631266739 -0.00096517706
v 0.00177482198 -0.00616514153 -0.0012338488
f 3067 3069 3068
v 0.00178834434 -0.00539822431 -0.000273752266
v 0.00183186075 -0.00611426731 -0.000177031916
v 0.00185409772 -0.00577245883 -0.000583874862
f 3070 3072 3071
v 0.00167862581 -0.00676048221 -0.000120694813
v 0.00184503515 -0.00628505586 -0.000473753153
v 0.00180231764 -0.00625282046 -2.77008496e-05
f 3073 3075 3074
v 0.0015597765 -0.0074081574 -0.000455791724
v 0.0015548394 -0.0072867253 -0.000769015605
v 0.00157330378 -0.00719350646 -0.000452554104
f 3076 3078 3077
v 0.00143201069 -0.00908684888 -0.000942124734
v 0.00149337275 -0.00890710289 -0.000655338772
v 0.00126625064 -0.0091803995 -0.00061214314
f 3079 3081 3080
v 0.00149337275 -0.00890710289 -0.000655338772
v 0.00143201069 -0.00908684888 -0.000942124734
v 0.00152518078 -0.00877733037 -0.000959338286
f 3082 3084 3083
v 0.000559448154 -0.00985632287 -0.000566295557
v 0.000845674276 -0.00962839913 -0.000911048846
v 0.00100120033 -0.00948044835 -0.000568316591
f 3085 3087 3086
v 0.000845674276 -0.00962839913 -0.000911048846
v 0.000651046275 -0.00975648582 -0.00119878696
v 0.000911860934 -0.00941645121 -0.00140575767
f 3088 3090 3089
v 0.00108375752 -0.00927650326 -0.000270863165
v 0.00126625064 -0.0091803995 -0.00061214314
v 0.0013086772 -0.00882807872 -0.000142397357
f 3091 3093 3092
v 0.00100120033 -0.00948044835 -0.000568316591
v 0.000845674276 -0.00962839913 -0.000911048846
v 0.00120081886 -0.00931346658 -0.000917418402
f 3094 3096 3095
v 0.00141848277 -0.00890667943 -0.00121611338
v 0.00143201069 -0.00908684888 -0.000942124734
v 0.00122808196 -0.00916190838 -0.00123462087
f 3097 3099 3098
v 0.00141848277 -0.00890667943 -0.00121611338
v 0.00122808196 -0.00916190838 -0.00123462087
v 0.0013785153 -0.0087756096 -0.00139702261
f 3100 3102 3101
v 0.00141848277 -0.00890667943 -0.00121611338
v 0.0013785153 -0.0087756096 -0.00139702261
v 0.00143191737 -0.00848146301 -0.0013585458
f 3103 3105 3104
v 0.00158159892 -0.00801853676 -0.00104825403
v 0.00152518078 -0.00877733037 -0.000959338286
v 0.00143191737 -0.00848146301 -0.0013585458
f 3106 3108 3107
v 0.0013785153 -0.0087756096 -0.00139702261
v 0.00087424296 -0.00911353491 -0.00179600975
v 0.00117880463 -0.00882476306 -0.00161545086
f 3109 3111 3110
v 0.00087424296 -0.00911353491 -0.00179600975
v 0.00122808196 -0.00916190838 -0.00123462087
v 0.000911860934 -0.00941645121 -0.00140575767
f 3112 3114 3113
v 0.00143201069 -0.00908684888 -0.000942124734
v 0.00126625064 -0.0091803995 -0.00061214314
v 0.00120081886 -0.00931346658 -0.000917418402
f 3115 3117 3116
v -0.000187287708 -0.0100159195 -0.00179542913
v -0.000594149742 -0.0102018334 -0.00184491255
v -0.000587097293 -0.010004772 -0.00228367135
f 3118 3120 3119
v -0.000284958014 -0.00981928752 -0.00219785434
v -0.000187287708 -0.0100159195 -0.00179542913
v -0.000587097293 -0.010004772 -0.00228367135
f 3121 3123 3122
v 0.000845674276 -0.00962839913 -0.000911048846
v 0.000477676667 -0.00996745221 -0.000907115736
v 0.000651046275 -0.00975648582 -0.00119878696
f 3124 3126 3125
v 0.000477676667 -0.00996745221 -0.000907115736
v 0.000845674276 -0.00962839913 -0.000911048846
v 0.000559448154 -0.00985632287 -0.000566295557
f 3127 3129 3128
v 0.000260454112 -0.0101422731 -0.000859840202
v -6.22029575e-05 -0.0101972633 -0.00126051855
v 0.000651046275 -0.00975648582 -0.00119878696
f 3130 3132 3131
v 0.000477676667 -0.00996745221 -0.000907115736
v 0.000260454112 -0.0101422731 -0.000859840202
v 0.000651046275 -0.00975648582 -0.00119878696
f 3133 3135 3134
v 0.000260454112 -0.0101422731 -0.000859840202
v -0.000158688545 -0.01035022 -0.00082229808
v -6.22029575e-05 -0.0101972633 -0.00126051855
f 3136 3138 3137
v -6.22029575e-05 -0.0101972633 -0.00126051855
v -0.000158688545 -0.01035022 -0.00082229808
v -0.000645453974 -0.0103788327 -0.00147465671
f 3139 3141 3140
v 0.000651046275 -0.00975648582 -0.00119878696
v 0.000350601363 -0.00974961731 -0.00159658466
v 0.000911860934 -0.00941645121 -0.00140575767
f 3142 3144 3143
v 0.000911860934 -0.00941645121 -0.00140575767
v 0.000350601363 -0.00974961731 -0.00159658466
v 3.55396622e-05 -0.00965273794 -0.00207273661
f 3145 3147 3146
v 0.00117880463 -0.00882476306 -0.00161545086
v 0.00115666426 -0.0082021048 -0.001774675
v 0.00129292566 -0.00852593075 -0.00158653402
f 3148 3150 3149
v 0.00143191737 -0.00848146301 -0.0013585458
v 0.00117880463 -0.00882476306 -0.00161545086
v 0.00129292566 -0.00852593075 -0.00158653402
f 3151 3153 3152
v 0.00131442521 -0.0081094935 -0.00157158174
v 0.00135539458 -0.00773774227 -0.00148739218
v 0.00143191737 -0.00848146301 -0.0013585458
f 3154 3156 3155
v 0.00115666426 -0.0082021048 -0.001774675
v 0.00143191737 -0.00848146301 -0.0013585458
v 0.00129292566 -0.00852593075 -0.00158653402
f 3157 3159 3158
v 0.000533733146 -0.00840225839 -0.00240700319
v 0.000961225396 -0.00852443554 -0.00198314847
v 0.000748526054 -0.00877803323 -0.00214876854
f 3160 3162 3161
v 0.000656628254 -0.00924469859 -0.00187945479
v 0.000553402379 -0.00894758705 -0.00226690136
v 0.000748526054 -0.00877803323 -0.00214876854
f 3163 3165 3164
v 0.000828636257 -0.00830375793 -0.00215866967
v 0.000837250172 -0.00793751606 -0.00209869359
v 0.000961225396 -0.00852443554 -0.00198314847
f 3166 3168 3167
v 0.00115666426 -0.0082021048 -0.001774675
v 0.000837250172 -0.00793751606 -0.00209869359
v 0.00103701541 -0.00761315605 -0.00187649166
f 3169 3171 3170
v 0.000400951649 -0.00782943534 -0.00241199323
v 0.000614853889 -0.00800178241 -0.00229973521
v 0.000533733146 -0.00840225839 -0.00240700319
f 3172 3174 3173
v 0.000400951649 -0.00782943534 -0.00241199323
v 0.000837250172 -0.00793751606 -0.00209869359
v 0.000614853889 -0.00800178241 -0.00229973521
f 3175 3177 3176
v 0.000828636257 -0.00830375793 -0.00215866967
v 0.000533733146 -0.00840225839 -0.00240700319
v 0.000837250172 -0.00793751606 -0.00209869359
f 3178 3180 3179
v 0.000837250172 -0.00793751606 -0.00209869359
v 0.00115666426 -0.0082021048 -0.001774675
v 0.000961225396 -0.00852443554 -0.00198314847
f 3181 3183 3182
v -0.000178118842 -0.00937892037 -0.00247112948
v -0.00037799889 -0.00950835674 -0.00257779175
v -0.000343509146 -0.00902824322 -0.00270546498
f 3184 3186 3185
v -0.000570560223 -0.00933589545 -0.00295541377
v -0.000461247419 -0.00918326841 -0.00283496538
v -0.00037799889 -0.00950835674 -0.00257779175
f 3187 3189 3188
v -0.000570560223 -0.00933589545 -0.00295541377
v -0.00037799889 -0.00950835674 -0.00257779175
v -0.000639426707 -0.0094230134 -0.00303582274
f 3190 3192 3191
v -0.000745458692 -0.00912961405 -0.00307127775
v -0.000607779566 -0.00893442557 -0.00288350457
v -0.000639426707 -0.0094230134 -0.00303582274
f 3193 3195 3194
v -0.000570560223 -0.00933589545 -0.00295541377
v -0.000607779566 -0.00893442557 -0.00288350457
v -0.000461247419 -0.00918326841 -0.00283496538
f 3196 3198 3197
v 0.000656628254 -0.00924469859 -0.00187945479
v 0.000174873719 -0.00917838624 -0.00235862844
v 0.000553402379 -0.00894758705 -0.00226690136
f 3199 3201 3200
v -0.000178118842 -0.00937892037 -0.00247112948
v 0.000174873719 -0.00917838624 -0.00235862844
v 3.55396622e-05 -0.00965273794 -0.00207273661
f 3202 3204 3203
v 0.000180341738 -0.00881142259 -0.00254653896
v 0.000174873719 -0.00917838624 -0.00235862844
v -0.000312037264 -0.00900291489 -0.00269181983
f 3205 3207 3206
v 0.000174873719 -0.00917838624 -0.00235862844
v 0.000180341738 -0.00881142259 -0.00254653896
v 0.000553402379 -0.00894758705 -0.00226690136
f 3208 3210 3209
v 0.000553402379 -0.00894758705 -0.00226690136
v 0.000180341738 -0.00881142259 -0.00254653896
v 0.000454819929 -0.008750095 -0.00248380111
f 3211 3213 3212
v 0.000180341738 -0.00881142259 -0.00254653896
v 0.000101480907 -0.00851410005 -0.00261658843
v 0.000417737192 -0.00852547819 -0.00245775227
f 3214 3216 3215
v 0.000454819929 -0.008750095 -0.00248380111
v 0.000180341738 -0.00881142259 -0.00254653896
v 0.000417737192 -0.00852547819 -0.00245775227
f 3217 3219 3218
v -0.000607779566 -0.00893442557 -0.00288350457
v -0.000343509146 -0.00902824322 -0.00270546498
v -0.000461247419 -0.00918326841 -0.00283496538
f 3220 3222 3221
v -0.000607779566 -0.00893442557 -0.00288350457
v -0.000612124541 -0.00867947383 -0.00280766799
v -0.000372395925 -0.00865192123 -0.00272885973
f 3223 3225 3224
v -0.000312037264 -0.00900291489 -0.00269181983
v -0.000343509146 -0.00902824322 -0.00270546498
v -0.000372395925 -0.00865192123 -0.00272885973
f 3226 3228 3227
v -0.000178118842 -0.00937892037 -0.00247112948
v -0.000312037264 -0.00900291489 -0.00269181983
v 0.000174873719 -0.00917838624 -0.00235862844
f 3229 3231 3230
v -0.00037799889 -0.00950835674 -0.00257779175
v -0.000461247419 -0.00918326841 -0.00283496538
v -0.000343509146 -0.00902824322 -0.00270546498
f 3232 3234 3233
v 0.0013086772 -0.00882807872 -0.000142397357
v 0.00150274072 -0.00861837616 -0.000325129758
v 0.00122548008 -0.00846294934 0.000169138821
f 3235 3237 3236
v 0.00160502932 -0.00792171631 -0.000353057021
v 0.00142943754 -0.00824117524 -8.57386429e-07
v 0.00150274072 -0.00861837616 -0.000325129758
f 3238 3240 3239
v 0.00142943754 -0.00824117524 -8.57386429e-07
v 0.0010695192 -0.00808848199 0.000454314613
v 0.00122548008 -0.00846294934 0.000169138821
f 3241 3243 3242
v 0.0010695192 -0.00808848199 0.000454314613
v 0.00142943754 -0.00824117524 -8.57386429e-07
v 0.00133532103 -0.00787106474 0.000271422414
f 3244 3246 3245
v 0.00142943754 -0.00824117524 -8.57386429e-07
v 0.00152863977 -0.00754210632 -7.02263662e-05
v 0.00133532103 -0.00787106474 0.000271422414
f 3247 3249 3248
v 0.00108375752 -0.00927650326 -0.000270863165
v 0.0013086772 -0.00882807872 -0.000142397357
v 0.00106225389 -0.009037774 4.65418395e-05
f 3250 3252 3251
v 0.0010695192 -0.00808848199 0.000454314613
v 0.000830347653 -0.00819827183 0.000563256344
v 0.000990919398 -0.0086312546 0.000319451283
f 3253 3255 3254
v 0.00152518078 -0.00877733037 -0.000959338286
v 0.00158159892 -0.00801853676 -0.00104825403
v 0.00164992452 -0.00831721554 -0.000664960498
f 3256 3258 3257
v 0.0015597765 -0.0074081574 -0.000455791724
v 0.00152863977 -0.00754210632 -7.02263662e-05
v 0.00160502932 -0.00792171631 -0.000353057021
f 3259 3261 3260
v 0.00152863977 -0.00754210632 -7.02263662e-05
v 0.00142943754 -0.00824117524 -8.57386429e-07
v 0.00160502932 -0.00792171631 -0.000353057021
f 3262 3264 3263
v 0.000847750562 -0.00771562845 0.000701563295
v 0.0010695192 -0.00808848199 0.000454314613
v 0.00133532103 -0.00787106474 0.000271422414
f 3265 3267 3266
v 0.00106225389 -0.009037774 4.65418395e-05
v 0.0013086772 -0.00882807872 -0.000142397357
v 0.00122548008 -0.00846294934 0.000169138821
f 3268 3270 3269
v 0.00120575669 -0.0074670148 0.000527954853
v 0.00108290069 -0.00720679236 0.000658730278
v 0.000725994551 -0.00719331001 0.000805608033
f 3271 3273 3272
v 0.00108290069 -0.00720679236 0.000658730278
v 0.00118177431 -0.00691138994 0.000586348688
v 0.000725994551 -0.00719331001 0.000805608033
f 3274 3276 3275
v 0.00118177431 -0.00691138994 0.000586348688
v 0.00108290069 -0.00720679236 0.000658730278
v 0.00120575669 -0.0074670148 0.000527954853
f 3277 3279 3278
v 0.000431735043 -0.00798185647 0.00076925553
v 0.000847750562 -0.00771562845 0.000701563295
v 0.000280092308 -0.00775715671 0.000883143912
f 3280 3282 3281
v 0.000725994551 -0.00719331001 0.000805608033
v 0.000847750562 -0.00771562845 0.000701563295
v 0.00120575669 -0.0074670148 0.000527954853
f 3283 3285 3284
v 0.000847750562 -0.00771562845 0.000701563295
v 0.000725994551 -0.00719331001 0.000805608033
v 0.000285743681 -0.00738308736 0.000924770393
f 3286 3288 3287
v 0.000725994551 -0.00719331001 0.000805608033
v 0.000345548915 -0.00697484793 0.000937198456
v 0.000285743681 -0.00738308736 0.000924770393
f 3289 3291 3290
v 0.00152863977 -0.00754210632 -7.02263662e-05
v 0.00154157096 -0.00728685918 -9.2318993e-05
v 0.00140856573 -0.0072762552 0.00032953667
f 3292 3294 3293
v 0.00154013778 -0.00706430292 0.000127617841
v 0.00142858316 -0.00701360841 0.00027822698
v 0.00140856573 -0.0072762552 0.00032953667
f 3295 3297 3296
v 0.00118177431 -0.00691138994 0.000586348688
v 0.00059458971 -0.00664300896 0.000849359458
v 0.000725994551 -0.00719331001 0.000805608033
f 3298 3300 3299
v 0.00144731366 -0.00668402572 0.00041772646
v 0.00135755317 -0.00645847249 0.000525859832
v 0.00104247129 -0.00641774241 0.000677900971
f 3301 3303 3302
v 0.00135755317 -0.00645847249 0.000525859832
v 0.00127790599 -0.00624403037 0.000547364561
v 0.00104247129 -0.00641774241 0.000677900971
f 3304 3306 3305
v 0.000280092308 -0.00775715671 0.000883143912
v -6.87620968e-05 -0.00800592679 0.000884342262
v 0.000431735043 -0.00798185647 0.00076925553
f 3307 3309 3308
v -0.000671285216 -0.00759140894 0.00101255737
v -0.000181755331 -0.00761303672 0.000974141585
v -0.000684285533 -0.00691818277 0.00103940547
f 3310 3312 3311
v -0.000361350294 -0.00681830861 0.00105135987
v -0.000684285533 -0.00691818277 0.00103940547
v -0.000181755331 -0.00761303672 0.000974141585
f 3313 3315 3314
v 0.00143191737 -0.00848146301 -0.0013585458
v 0.00135539458 -0.00773774227 -0.00148739218
v 0.00158159892 -0.00801853676 -0.00104825403
f 3316 3318 3317
v 0.0015548394 -0.0072867253 -0.000769015605
v 0.00158159892 -0.00801853676 -0.00104825403
v 0.00150569022 -0.00738826348 -0.00113788892
f 3319 3321 3320
v 0.00158159892 -0.00801853676 -0.00104825403
v 0.00135539458 -0.00773774227 -0.00148739218
v 0.00150569022 -0.00738826348 -0.00113788892
f 3322 3324 3323
v 0.00117722448 -0.00784030781 -0.0017527098
v 0.00103701541 -0.00761315605 -0.00187649166
v 0.00135539458 -0.00773774227 -0.00148739218
f 3325 3327 3326
v 0.00103701541 -0.00761315605 -0.00187649166
v 0.00115337234 -0.00738696835 -0.00174365287
v 0.00135539458 -0.00773774227 -0.00148739218
f 3328 3330 3329
v 0.00115337234 -0.00738696835 -0.00174365287
v 0.00109853627 -0.00686447966 -0.00179505423
v 0.00135736809 -0.00700194287 -0.00150530759
f 3331 3333 3332
v 0.000777259265 -0.00736404108 -0.00207949852
v 0.00104488827 -0.00715614151 -0.00185443769
v 0.00115337234 -0.00738696835 -0.00174365287
f 3334 3336 3335
v 0.00104488827 -0.00715614151 -0.00185443769
v 0.000777259265 -0.00736404108 -0.00207949852
v 0.00109853627 -0.00686447966 -0.00179505423
f 3337 3339 3338
v 0.00115337234 -0.00738696835 -0.00174365287
v 0.00135736809 -0.00700194287 -0.00150530759
v 0.00135539458 -0.00773774227 -0.00148739218
f 3340 3342 3341
v 0.00151741415 -0.00714134367 -0.00104481369
v 0.00135736809 -0.00700194287 -0.00150530759
v 0.00156050573 -0.00664390027 -0.00125529896
f 3343 3345 3344
v 0.00109853627 -0.00686447966 -0.00179505423
v 0.00120871728 -0.00651123919 -0.00173177359
v 0.00135736809 -0.00700194287 -0.00150530759
f 3346 3348 3347
v 0.000837250172 -0.00793751606 -0.00209869359
v 0.000777259265 -0.00736404108 -0.00207949852
v 0.00103701541 -0.00761315605 -0.00187649166
f 3349 3351 3350
v 0.00156050573 -0.00664390027 -0.00125529896
v 0.00135736809 -0.00700194287 -0.00150530759
v 0.00141073542 -0.00669271758 -0.00151863842
f 3352 3354 3353
v 0.00127790599 -0.00624403037 0.000547364561
v 0.00143644838 -0.00615562531 0.000454873316
v 0.00112747966 -0.00618956255 0.000660408841
f 3355 3357 3356
v 0.00128156607 -0.00570788179 0.000590490072
v 0.000951899437 -0.00581176901 0.000774027831
v 0.00143644838 -0.00615562531 0.000454873316
f 3358 3360 3359
v 0.00128156607 -0.00570788179 0.000590490072
v 0.00143644838 -0.00615562531 0.000454873316
v 0.00166344071 -0.0058480633 0.000226765678
f 3361 3363 3362
v 0.001102637 -0.00567358111 0.0006720089
v 0.00131503948 -0.00547077252 0.000524917232
v 0.00111755226 -0.00543452661 0.000720734897
f 3364 3366 3365
v 0.00131503948 -0.00547077252 0.000524917232
v 0.001102637 -0.00567358111 0.0006720089
v 0.00128156607 -0.00570788179 0.000590490072
f 3367 3369 3368
v 0.00140584261 -0.00536092484 0.000452335007
v 0.00164089233 -0.00533872408 0.000181086307
v 0.00155587404 -0.00516660657 0.000210420785
f 3370 3372 3371
v 0.00111755226 -0.00543452661 0.000720734897
v 0.00131503948 -0.00547077252 0.000524917232
v 0.00140584261 -0.00536092484 0.000452335007
f 3373 3375 3374
v 0.00166344071 -0.0058480633 0.000226765678
v 0.00140584261 -0.00536092484 0.000452335007
v 0.00128156607 -0.00570788179 0.000590490072
f 3376 3378 3377
v 0.00140584261 -0.00536092484 0.000452335007
v 0.00120711784 -0.00499613161 0.000681543315
v 0.000963247476 -0.00524503048 0.000843184171
f 3379 3381 3380
v 0.00178834434 -0.00539822431 -0.000273752266
v 0.00163627228 -0.00504575582 7.00490091e-05
v 0.0017440434 -0.00565136943 4.78386937e-05
f 3382 3384 3383
v 0.00152762968 -0.00503745287 0.000314915542
v 0.00155587404 -0.00516660657 0.000210420785
v 0.00163627228 -0.00504575582 7.00490091e-05
f 3385 3387 3386
v 0.00155587404 -0.00516660657 0.000210420785
v 0.00164089233 -0.00533872408 0.000181086307
v 0.00163627228 -0.00504575582 7.00490091e-05
f 3388 3390 3389
v 0.00178834434 -0.00539822431 -0.000273752266
v 0.00159178271 -0.00429260035 -0.000382392454
v 0.00163627228 -0.00504575582 7.00490091e-05
f 3391 3393 3392
v 0.00140584261 -0.00536092484 0.000452335007
v 0.00142051658 -0.00476959794 0.000427189934
v 0.00120711784 -0.00499613161 0.000681543315
f 3394 3396 3395
v 0.00152762968 -0.00503745287 0.000314915542
v 0.00142051658 -0.00476959794 0.000427189934
v 0.00140584261 -0.00536092484 0.000452335007
f 3397 3399 3398
v 0.00163627228 -0.00504575582 7.00490091e-05
v 0.00149555563 -0.0045938843 0.000243293562
v 0.00142051658 -0.00476959794 0.000427189934
f 3400 3402 3401
v 0.00149555563 -0.0045938843 0.000243293562
v 0.00115848698 -0.00435341171 0.000642518717
v 0.00142051658 -0.00476959794 0.000427189934
f 3403 3405 3404
v 0.00140584261 -0.00536092484 0.000452335007
v 0.00155587404 -0.00516660657 0.000210420785
v 0.00152762968 -0.00503745287 0.000314915542
f 3406 3408 3407
v 0.00115848698 -0.00435341171 0.000642518717
v 0.000995676783 -0.00437686831 0.00078594112
v 0.00101203341 -0.00449419858 0.000757913404
f 3409 3411 3410
v 0.00140529346 -0.00433533132 0.000340870611
v 0.00138993155 -0.00402820515 0.000247840399
v 0.00115848698 -0.00435341171 0.000642518717
f 3412 3414 3413
v 0.00138993155 -0.00402820515 0.000247840399
v 0.00126295172 -0.00402976475 0.00046162786
v 0.00115848698 -0.00435341171 0.000642518717
f 3415 3417 3416
v 0.00126295172 -0.00402976475 0.00046162786
v 0.00101699225 -0.00372083668 0.000616901798
v 0.00115848698 -0.00435341171 0.000642518717
f 3418 3420 3419
v 0.00102769145 -0.0036693149 0.000597538747
v 0.000670011241 -0.00373770017 0.000832609658
v 0.00101699225 -0.00372083668 0.000616901798
f 3421 3423 3422
v 0.00101203341 -0.00449419858 0.000757913404
v 0.000858985914 -0.00473172986 0.000911659117
v 0.00105674153 -0.00468265862 0.000828492557
f 3424 3426 3425
v 0.000951899437 -0.00581176901 0.000774027831
v 0.000683073267 -0.00620264036 0.000849778917
v 0.00112747966 -0.00618956255 0.000660408841
f 3427 3429 3428
v 0.000683073267 -0.00620264036 0.000849778917
v 5.27913471e-05 -0.0062063802 0.00105513627
v 0.00059458971 -0.00664300896 0.000849359458
f 3430 3432 3431
v -5.43379599e-05 -0.00574049518 0.00116060965
v 5.27913471e-05 -0.0062063802 0.00105513627
v 0.000285951819 -0.00594042322 0.00103743314
f 3433 3435 3434
v 5.27913471e-05 -0.0062063802 0.00105513627
v -0.000158662692 -0.00598241859 0.00114857394
v -0.000460469437 -0.00614991804 0.00114158211
f 3436 3438 3437
v -5.43379599e-05 -0.00574049518 0.00116060965
v -0.000562638206 -0.00578828549 0.00123322588
v -0.000460469437 -0.00614991804 0.00114158211
f 3439 3441 3440
v -0.000460469437 -0.00614991804 0.00114158211
v -0.000562638206 -0.00578828549 0.00123322588
v -0.00123970003 -0.00639681384 0.001080947
f 3442 3444 3443
v -0.000651209348 -0.00535591425 0.00126538798
v -0.0011266774 -0.00547272684 0.00122834499
v -0.000562638206 -0.00578828549 0.00123322588
f 3445 3447 3446
v -0.000684285533 -0.00691818277 0.00103940547
v -0.00123970003 -0.00639681384 0.001080947
v -0.00117529898 -0.00713159898 0.00100320594
f 3448 3450 3449
v -0.00123970003 -0.00639681384 0.001080947
v -0.00104422361 -0.00590139171 0.00119166725
v -0.00162472352 -0.00631462972 0.00105395502
f 3451 3453 3452
v -0.00123970003 -0.00639681384 0.001080947
v -0.000562638206 -0.00578828549 0.00123322588
v -0.00104422361 -0.00590139171 0.00119166725
f 3454 3456 3455
v 0.001102637 -0.00567358111 0.0006720089
v 0.00111755226 -0.00543452661 0.000720734897
v 0.000951899437 -0.00581176901 0.000774027831
f 3457 3459 3458
v 0.000665843618 -0.00529291137 0.000963239108
v 0.000963247476 -0.00524503048 0.000843184171
v 0.000694970595 -0.00475023662 0.000980178811
f 3460 3462 3461
v 0.000730991678 -0.00478319926 0.000960161742
v 0.000694970595 -0.00475023662 0.000980178811
v 0.000963247476 -0.00524503048 0.000843184171
f 3463 3465 3464
v 0.000665843618 -0.00529291137 0.000963239108
v 0.000326609984 -0.00520848371 0.00107978758
v 0.000383243332 -0.00551779813 0.00104128703
f 3466 3468 3467
v 0.000694970595 -0.00475023662 0.000980178811
v 0.000563886215 -0.00513734522 0.00103071525
v 0.000665843618 -0.00529291137 0.000963239108
f 3469 3471 3470
v 0.000563886215 -0.00513734522 0.00103071525
v 0.000326609984 -0.00520848371 0.00107978758
v 0.000665843618 -0.00529291137 0.000963239108
f 3472 3474 3473
v 0.000563886215 -0.00513734522 0.00103071525
v 0.000694970595 -0.00475023662 0.000980178811
v 0.000326609984 -0.00520848371 0.00107978758
f 3475 3477 3476
v 0.00105674153 -0.00468265862 0.000828492557
v 0.000858985914 -0.00473172986 0.000911659117
v 0.00120711784 -0.00499613161 0.000681543315
f 3478 3480 3479
v 0.000835781429 -0.00439837095 0.000930579517
v 0.00101203341 -0.00449419858 0.000757913404
v 0.000995676783 -0.00437686831 0.00078594112
f 3481 3483 3482
v 0.00101203341 -0.00449419858 0.000757913404
v 0.000747275908 -0.00463809338 0.000958619057
v 0.000808631557 -0.00467764476 0.000903451291
f 3484 3486 3485
v 0.000835781429 -0.00439837095 0.000930579517
v 0.000747275908 -0.00463809338 0.000958619057
v 0.00101203341 -0.00449419858 0.000757913404
f 3487 3489 3488
v 0.00069588159 -0.0042210846 0.000921194987
v 0.000747275908 -0.00463809338 0.000958619057
v 0.000835781429 -0.00439837095 0.000930579517
f 3490 3492 3491
v 0.000595459278 -0.00409032618 0.000916480712
v 0.000166205996 -0.00454786459 0.00103631064
v 0.000694970595 -0.00475023662 0.000980178811
f 3493 3495 3494
v 0.00101699225 -0.00372083668 0.000616901798
v 0.000670011241 -0.00373770017 0.000832609658
v 0.000595459278 -0.00409032618 0.000916480712
f 3496 3498 3497
v 0.000670011241 -0.00373770017 0.000832609658
v 0.000451900178 -0.00342516687 0.000841200381
v 0.000595459278 -0.00409032618 0.000916480712
f 3499 3501 3500
v 0.000451900178 -0.00342516687 0.000841200381
v -8.90008039e-05 -0.0037822967 0.0010030124
v 0.000595459278 -0.00409032618 0.000916480712
f 3502 3504 3503
v -8.90008039e-05 -0.0037822967 0.0010030124
v -0.000517117542 -0.00396373398 0.00108035238
v 0.000166205996 -0.00454786459 0.00103631064
f 3505 3507 3506
v 0.000166205996 -0.00454786459 0.00103631064
v -0.000517117542 -0.00396373398 0.00108035238
v -0.000394695144 -0.00428819367 0.00110651854
f 3508 3510 3509
v 0.000694970595 -0.00475023662 0.000980178811
v 0.000166205996 -0.00454786459 0.00103631064
v 0.000326609984 -0.00520848371 0.00107978758
f 3511 3513 3512
v 0.000595459278 -0.00409032618 0.000916480712
v -8.90008039e-05 -0.0037822967 0.0010030124
v 0.000166205996 -0.00454786459 0.00103631064
f 3514 3516 3515
v -5.43379599e-05 -0.00574049518 0.00116060965
v -0.000193193023 -0.00524490933 0.00120630248
v -0.000651209348 -0.00535591425 0.00126538798
f 3517 3519 3518
v -0.000193193023 -0.00524490933 0.00120630248
v -0.000734847617 -0.00502265721 0.00124610306
v -0.000651209348 -0.00535591425 0.00126538798
f 3520 3522 3521
v -0.0012059756 -0.00515600295 0.00120402419
v -0.0011266774 -0.00547272684 0.00122834499
v -0.000734847617 -0.00502265721 0.00124610306
f 3523 3525 3524
v -0.000734847617 -0.00502265721 0.00124610306
v -0.0011266774 -0.00547272684 0.00122834499
v -0.000651209348 -0.00535591425 0.00126538798
f 3526 3528 3527
v -0.000394695144 -0.00428819367 0.00110651854
v -0.000734847617 -0.00502265721 0.00124610306
v -0.000193193023 -0.00524490933 0.00120630248
f 3529 3531 3530
v -0.0011266774 -0.00547272684 0.00122834499
v -0.0012059756 -0.00515600295 0.00120402419
v -0.00159314295 -0.00559565597 0.00112845446
f 3532 3534 3533
v -0.00128293932 -0.00475892375 0.00112328671
v -0.0012059756 -0.00515600295 0.00120402419
v -0.000734847617 -0.00502265721 0.00124610306
f 3535 3537 3536
v -0.00128293932 -0.00475892375 0.00112328671
v -0.0016625163 -0.00522597948 0.00107774558
v -0.0012059756 -0.00515600295 0.00120402419
f 3538 3540 3539
v -0.0012059756 -0.00515600295 0.00120402419
v -0.0016625163 -0.00522597948 0.00107774558
v -0.00159314295 -0.00559565597 0.00112845446
f 3541 3543 3542
v -0.000517117542 -0.00396373398 0.00108035238
v -0.00104222854 -0.00370598282 0.000981961239
v -0.000889147123 -0.00413943344 0.00107841224
f 3544 3546 3545
v -0.000394695144 -0.00428819367 0.00110651854
v -0.000517117542 -0.00396373398 0.00108035238
v -0.000889147123 -0.00413943344 0.00107841224
f 3547 3549 3548
v -0.000889147123 -0.00413943344 0.00107841224
v -0.00104222854 -0.00370598282 0.000981961239
v -0.00168703955 -0.004230997 0.000893378638
f 3550 3552 3551
v 0.000383243332 -0.00551779813 0.00104128703
v -0.000193193023 -0.00524490933 0.00120630248
v -5.43379599e-05 -0.00574049518 0.00116060965
f 3553 3555 3554
v 5.27913471e-05 -0.0062063802 0.00105513627
v -0.000460469437 -0.00614991804 0.00114158211
v 0.000139831752 -0.00669993315 0.000983021528
f 3556 3558 3557
v -0.000536640619 -0.0103510945 0.000157188333
v -0.000796785753 -0.0105002568 0.00015962396
v -0.000564173251 -0.0104354556 -0.000153884184
f 3559 3561 3560
v -0.000602696127 -0.0102931132 0.000487178659
v -0.000796785753 -0.0105002568 0.00015962396
v -0.000536640619 -0.0103510945 0.000157188333
f 3562 3564 3563
v -0.00124885592 -0.0105400235 0.00083487248
v -0.00152912198 -0.0106064865 0.000827567055
v -0.00148716636 -0.0106215171 0.000431756598
f 3565 3567 3566
v -0.00181975029 -0.0106095104 0.00070125916
v -0.00152912198 -0.0106064865 0.000827567055
v -0.00177063739 -0.0106474363 0.000822936454
f 3568 3570 3569
v -0.00126119758 -0.0106360356 0.000175400601
v -0.00148716636 -0.0106215171 0.000431756598
v -0.00145590839 -0.0106675318 -0.000191496656
f 3571 3573 3572
v -0.00163922959 -0.0106219042 0.000132931746
v -0.00187680143 -0.0105143496 9.53150234e-06
v -0.00145590839 -0.0106675318 -0.000191496656
f 3574 3576 3575
v -0.00049229352 -0.0104710234 -0.00052854075
v -0.000564173251 -0.0104354556 -0.000153884184
v -0.00108136719 -0.010663033 -0.000517770422
f 3577 3579 3578
v -0.000158688545 -0.01035022 -0.00082229808
v -0.00108136719 -0.010663033 -0.000517770422
v -0.000985100633 -0.010533537 -0.00130524822
f 3580 3582 3581
v -0.00049229352 -0.0104710234 -0.00052854075
v -0.00108136719 -0.010663033 -0.000517770422
v -0.000158688545 -0.01035022 -0.00082229808
f 3583 3585 3584
v -0.000980676941 -0.0105945051 -0.000187074056
v -0.00127825197 -0.0107011685 -0.000527737302
v -0.00108136719 -0.010663033 -0.000517770422
f 3586 3588 3587
v -0.00127825197 -0.0107011685 -0.000527737302
v -0.00149465714 -0.010667702 -0.000293136509
v -0.00145280428 -0.010658156 -0.000762282252
f 3589 3591 3590
v -0.00149465714 -0.010667702 -0.000293136509
v -0.00160260006 -0.0106803418 -0.000568623
v -0.00145280428 -0.010658156 -0.000762282252
f 3592 3594 3593
v -0.00173613626 -0.0106126623 -0.00057493944
v -0.00160260006 -0.0106803418 -0.000568623
v -0.00149465714 -0.010667702 -0.000293136509
f 3595 3597 3596
v -0.001834252 -0.0105937725 -0.00023454154
v -0.00192181324 -0.0105143445 -0.000596095924
v -0.00145590839 -0.0106675318 -0.000191496656
f 3598 3600 3599
v -0.00127825197 -0.0107011685 -0.000527737302
v -0.00145280428 -0.010658156 -0.000762282252
v -0.00108136719 -0.010663033 -0.000517770422
f 3601 3603 3602
v -0.00145280428 -0.010658156 -0.000762282252
v -0.00160260006 -0.0106803418 -0.000568623
v -0.00158300572 -0.0106214829 -0.000731537693
f 3604 3606 3605
v -0.00145280428 -0.010658156 -0.000762282252
v -0.0014780172 -0.0105989428 -0.00109894572
v -0.00108136719 -0.010663033 -0.000517770422
f 3607 3609 3608
v -0.00173613626 -0.0106126623 -0.00057493944
v -0.00158300572 -0.0106214829 -0.000731537693
v -0.00160260006 -0.0106803418 -0.000568623
f 3610 3612 3611
v -0.00173613626 -0.0106126623 -0.00057493944
v -0.00192181324 -0.0105143445 -0.000596095924
v -0.00158300572 -0.0106214829 -0.000731537693
f 3613 3615 3614
v -0.00192181324 -0.0105143445 -0.000596095924
v -0.00177083966 -0.010576639 -0.000873803219
v -0.00158300572 -0.0106214829 -0.000731537693
f 3616 3618 3617
v -0.00145590839 -0.0106675318 -0.000191496656
v -0.00187680143 -0.0105143496 9.53150234e-06
v -0.001834252 -0.0105937725 -0.00023454154
f 3619 3621 3620
v -0.00186511079 -0.0105826053 0.000575778631
v -0.00205602428 -0.0104449333 0.000113427723
v -0.0017305143 -0.0105470681 0.00029775756
f 3622 3624 3623
v -0.00187680143 -0.0105143496 9.53150234e-06
v -0.00163922959 -0.0106219042 0.000132931746
v -0.00205602428 -0.0104449333 0.000113427723
f 3625 3627 3626
v -0.00187680143 -0.0105143496 9.53150234e-06
v -0.00205602428 -0.0104449333 0.000113427723
v -0.00197078189 -0.0105015715 -3.53200477e-05
f 3628 3630 3629
v -0.00225316344 -0.0102891398 -0.000381585915
v -0.00205602428 -0.0104449333 0.000113427723
v -0.00237455097 -0.0102100734 9.77943131e-06
f 3631 3633 3632
v -0.00205602428 -0.0104449333 0.000113427723
v -0.00225316344 -0.0102891398 -0.000381585915
v -0.00192181324 -0.0105143445 -0.000596095924
f 3634 3636 3635
v -0.00163922959 -0.0106219042 0.000132931746
v -0.0017305143 -0.0105470681 0.00029775756
v -0.00205602428 -0.0104449333 0.000113427723
f 3637 3639 3638
v -0.00187680143 -0.0105143496 9.53150234e-06
v -0.00197078189 -0.0105015715 -3.53200477e-05
v -0.001834252 -0.0105937725 -0.00023454154
f 3640 3642 3641
v -0.00124404296 -0.010166633 0.00182733238
v -0.00165393121 -0.0101071244 0.00216912758
v -0.00159193823 -0.0103146493 0.00181846135
f 3643 3645 3644
v -0.00124404296 -0.010166633 0.00182733238
v -0.0012867119 -0.00992575442 0.00205568758
v -0.00165393121 -0.0101071244 0.00216912758
f 3646 3648 3647
v -0.00165393121 -0.0101071244 0.00216912758
v -0.00217102333 -0.00975578951 0.00238944995
v -0.0021541533 -0.0101754486 0.00209848222
f 3649 3651 3650
v -0.00213059193 -0.0102069811 0.00205165234
v -0.00165393121 -0.0101071244 0.00216912758
v -0.0021541533 -0.0101754486 0.00209848222
f 3652 3654 3653
v -0.000636828781 -0.0101010337 0.000875103433
v -0.00061530618 -0.00966975567 0.00107637788
v -0.00079164829 -0.0101686797 0.0011648357
f 3655 3657 3656
v -0.00079164829 -0.0101686797 0.0011648357
v -0.00061530618 -0.00966975567 0.00107637788
v -0.000803016337 -0.00994927759 0.00143082216
f 3658 3660 3659
v -0.000944567728 -0.0103932012 0.000847101001
v -0.00110757819 -0.0103860788 0.00108982713
v -0.00124885592 -0.0105400235 0.00083487248
f 3661 3663 3662
v -0.00079164829 -0.0101686797 0.0011648357
v -0.00111368681 -0.0101642312 0.00162960278
v -0.00110757819 -0.0103860788 0.00108982713
f 3664 3666 3665
v -0.00118734752 -0.00980855039 0.00194650365
v -0.00123295995 -0.00959018071 0.00191366107
v -0.0012867119 -0.00992575442 0.00205568758
f 3667 3669 3668
v -0.00110146584 -0.00967922897 0.00184563978
v -0.00123295995 -0.00959018071 0.00191366107
v -0.00118734752 -0.00980855039 0.00194650365
f 3670 3672 3671
v -0.0012867119 -0.00992575442 0.00205568758
v -0.00108565264 -0.00971126938 0.00182504591
v -0.00118734752 -0.00980855039 0.00194650365
f 3673 3675 3674
v -0.000899987936 -0.00939692181 0.00139514268
v -0.00110146584 -0.00967922897 0.00184563978
v -0.000913023177 -0.00967903688 0.00163843433
f 3676 3678 3677
v -0.000803016337 -0.00994927759 0.00143082216
v -0.00108565264 -0.00971126938 0.00182504591
v -0.00111368681 -0.0101642312 0.00162960278
f 3679 3681 3680
v -0.0012867119 -0.00992575442 0.00205568758
v -0.00124404296 -0.010166633 0.00182733238
v -0.00108565264 -0.00971126938 0.00182504591
f 3682 3684 3683
v -0.00154218869 -0.0104960825 0.00115323419
v -0.00152912198 -0.0106064865 0.000827567055
v -0.00124885592 -0.0105400235 0.00083487248
f 3685 3687 3686
v -0.00154218869 -0.0104960825 0.00115323419
v -0.00124885592 -0.0105400235 0.00083487248
v -0.00110757819 -0.0103860788 0.00108982713
f 3688 3690 3689
v -0.00110757819 -0.0103860788 0.00108982713
v -0.00156643255 -0.0103895138 0.00149888856
v -0.00154218869 -0.0104960825 0.00115323419
f 3691 3693 3692
v -0.00154218869 -0.0104960825 0.00115323419
v -0.00186262732 -0.0105483552 0.000994115362
v -0.00179948183 -0.0105526575 0.000986566374
f 3694 3696 3695
v -0.00179948183 -0.0105526575 0.000986566374
v -0.00186262732 -0.0105483552 0.000994115362
v -0.00177063739 -0.0106474363 0.000822936454
f 3697 3699 3698
v -0.00154218869 -0.0104960825 0.00115323419
v -0.00210364997 -0.0103196726 0.00145006834
v -0.00186262732 -0.0105483552 0.000994115362
f 3700 3702 3701
v -0.00156643255 -0.0103895138 0.00149888856
v -0.00124404296 -0.010166633 0.00182733238
v -0.00159193823 -0.0103146493 0.00181846135
f 3703 3705 3704
v -0.00159193823 -0.0103146493 0.00181846135
v -0.00191490271 -0.0103101331 0.00161650296
v -0.00156643255 -0.0103895138 0.00149888856
f 3706 3708 3707
v -0.00123295995 -0.00959018071 0.00191366107
v -0.00138932619 -0.00948974921 0.00200730628
v -0.0012867119 -0.00992575442 0.00205568758
f 3709 3711 3710
v -0.00123295995 -0.00959018071 0.00191366107
v -0.00114709619 -0.00958722085 0.00179006529
v -0.00138932619 -0.00948974921 0.00200730628
f 3712 3714 3713
v -0.00141277587 -0.0097108561 0.00220089169
v -0.00158041603 -0.009727625 0.00226500451
v -0.00173458593 -0.00974811337 0.00232367129
f 3715 3717 3716
v -0.00173458593 -0.00974811337 0.00232367129
v -0.00224210035 -0.00973803762 0.00240062764
v -0.00217102333 -0.00975578951 0.00238944995
f 3718 3720 3719
v -0.00186728284 -0.00940115278 0.00213966905
v -0.00224210035 -0.00973803762 0.00240062764
v -0.00173458593 -0.00974811337 0.00232367129
f 3721 3723 3722
v -0.00177083275 -0.00939045422 0.00208866422
v -0.00186728284 -0.00940115278 0.00213966905
v -0.00138932619 -0.00948974921 0.00200730628
f 3724 3726 3725
v -0.00138932619 -0.00948974921 0.00200730628
v -0.00186728284 -0.00940115278 0.00213966905
v -0.00173458593 -0.00974811337 0.00232367129
f 3727 3729 3728
v -0.0021541533 -0.0101754486 0.00209848222
v -0.00221854662 -0.010168201 0.00207968351
v -0.00213059193 -0.0102069811 0.00205165234
f 3730 3732 3731
v -0.00210292765 -0.0103037499 0.00156833848
v -0.00224562846 -0.0102528538 0.00166039299
v -0.00210364997 -0.0103196726 0.00145006834
f 3733 3735 3734
v -0.00232953626 -0.010217318 0.00178875416
v -0.00224562846 -0.0102528538 0.00166039299
v -0.00213059193 -0.0102069811 0.00205165234
f 3736 3738 3737
v -0.00213059193 -0.0102069811 0.00205165234
v -0.00221776627 -0.0102049496 0.00196021156
v -0.00232953626 -0.010217318 0.00178875416
f 3739 3741 3740
v -0.00221854662 -0.010168201 0.00207968351
v -0.0024894156 -0.0100850782 0.00209154096
v -0.00227834771 -0.0101408645 0.00198483249
f 3742 3744 3743
v -0.00227834771 -0.0101408645 0.00198483249
v -0.0024894156 -0.0100850782 0.00209154096
v -0.00240438258 -0.0100825906 0.00187607275
f 3745 3747 3746
v -0.00232953626 -0.010217318 0.00178875416
v -0.00240438258 -0.0100825906 0.00187607275
v -0.00253702256 -0.0100210316 0.00176048325
f 3748 3750 3749
v -0.00240438258 -0.0100825906 0.00187607275
v -0.00232953626 -0.010217318 0.00178875416
v -0.00227834771 -0.0101408645 0.00198483249
f 3751 3753 3752
v -0.00214877182 -0.0103334984 0.00116672018
v -0.002151439 -0.0102848106 0.00147566188
v -0.00226362954 -0.010141587 0.0012605944
f 3754 3756 3755
v -0.0024799856 -0.010043673 0.00153747351
v -0.00226362954 -0.010141587 0.0012605944
v -0.002151439 -0.0102848106 0.00147566188
f 3757 3759 3758
v -0.00257434331 -0.00973879287 0.00151376717
v -0.00254673523 -0.00975144285 0.00147906867
v -0.00253702256 -0.0100210316 0.00176048325
f 3760 3762 3761
v -0.00253702256 -0.0100210316 0.00176048325
v -0.00224562846 -0.0102528538 0.00166039299
v -0.00232953626 -0.010217318 0.00178875416
f 3763 3765 3764
v -0.00224562846 -0.0102528538 0.00166039299
v -0.00253702256 -0.0100210316 0.00176048325
v -0.002151439 -0.0102848106 0.00147566188
f 3766 3768 3767
v -0.00217102333 -0.00975578951 0.00238944995
v -0.00224210035 -0.00973803762 0.00240062764
v -0.0021541533 -0.0101754486 0.00209848222
f 3769 3771 3770
v -0.00224210035 -0.00973803762 0.00240062764
v -0.00234555864 -0.00942155675 0.00229209581
v -0.00234147683 -0.00962919294 0.00242675051
f 3772 3774 3773
v -0.00215181717 -0.00935050193 0.00220754046
v -0.00234555864 -0.00942155675 0.00229209581
v -0.00224210035 -0.00973803762 0.00240062764
f 3775 3777 3776
v -0.00234555864 -0.00942155675 0.00229209581
v -0.00242500901 -0.00954687566 0.00244579896
v -0.00234147683 -0.00962919294 0.00242675051
f 3778 3780 3779
v -0.00273625919 -0.00978898024 0.00233958926
v -0.00266202351 -0.0098666882 0.0022873046
v -0.00224210035 -0.00973803762 0.00240062764
f 3781 3783 3782
v -0.00224210035 -0.00973803762 0.00240062764
v -0.00275722086 -0.00959978934 0.00243963077
v -0.00273625919 -0.00978898024 0.00233958926
f 3784 3786 3785
v -0.00215181717 -0.00935050193 0.00220754046
v -0.00221029804 -0.00929600283 0.00196381607
v -0.00233802166 -0.00924044507 0.00210774851
f 3787 3789 3788
v -0.00215181717 -0.00935050193 0.00220754046
v -0.00240184108 -0.0093415867 0.00226973571
v -0.00234555864 -0.00942155675 0.00229209581
f 3790 3792 3791
v -0.00224210035 -0.00973803762 0.00240062764
v -0.00234147683 -0.00962919294 0.00242675051
v -0.00242500901 -0.00954687566 0.00244579896
f 3793 3795 3794
v -0.0021541533 -0.0101754486 0.00209848222
v -0.00224210035 -0.00973803762 0.00240062764
v -0.00266202351 -0.0098666882 0.0022873046
f 3796 3798 3797
v -0.00240184108 -0.0093415867 0.00226973571
v -0.00275722086 -0.00959978934 0.00243963077
v -0.00242500901 -0.00954687566 0.00244579896
f 3799 3801 3800
v -0.00275722086 -0.00959978934 0.00243963077
v -0.00240184108 -0.0093415867 0.00226973571
v -0.00280633631 -0.0093634786 0.00230015357
f 3802 3804 3803
v -0.00256168896 -0.00917220241 0.0020480471
v -0.00280633631 -0.0093634786 0.00230015357
v -0.00240184108 -0.0093415867 0.00226973571
f 3805 3807 3806
v -0.00273625919 -0.00978898024 0.00233958926
v -0.00287312178 -0.00973516799 0.00201353978
v -0.00262580725 -0.00991941415 0.00202430729
f 3808 3810 3809
v -0.00290783355 -0.00970085675 0.00238561406
v -0.00275722086 -0.00959978934 0.00243963077
v -0.00300613319 -0.00964121064 0.00239318069
f 3811 3813 3812
v -0.00290783355 -0.00970085675 0.00238561406
v -0.00273625919 -0.00978898024 0.00233958926
v -0.00275722086 -0.00959978934 0.00243963077
f 3814 3816 3815
v -0.00290783355 -0.00970085675 0.00238561406
v -0.00310201103 -0.00960004763 0.00215950422
v -0.00287312178 -0.00973516799 0.00201353978
f 3817 3819 3818
v -0.00300613319 -0.00964121064 0.00239318069
v -0.00307519622 -0.00957249285 0.00233297505
v -0.0030240024 -0.00964388091 0.0023157012
f 3820 3822 3821
v -0.0030240024 -0.00964388091 0.0023157012
v -0.00310201103 -0.00960004763 0.00215950422
v -0.00290783355 -0.00970085675 0.00238561406
f 3823 3825 3824
v -0.00297394799 -0.00944032508 0.00185713288
v -0.00303578672 -0.00957536831 0.00196925193
v -0.00317450722 -0.00944302737 0.001929877
f 3826 3828 3827
v -0.00287312178 -0.00973516799 0.00201353978
v -0.00303578672 -0.00957536831 0.00196925193
v -0.00297394799 -0.00944032508 0.00185713288
f 3829 3831 3830
v -0.00303578672 -0.00957536831 0.00196925193
v -0.00310201103 -0.00960004763 0.00215950422
v -0.00317450722 -0.00944302737 0.001929877
f 3832 3834 3833
v -0.00332687923 -0.00930664683 0.00206256664
v -0.00322551932 -0.00939088495 0.00197723548
v -0.00328095884 -0.00936692668 0.00213188305
f 3835 3837 3836
v -0.00262580725 -0.00991941415 0.00202430729
v -0.00287312178 -0.00973516799 0.00201353978
v -0.00267593878 -0.00989953624 0.00186288762
f 3838 3840 3839
v -0.0030240024 -0.00964388091 0.0023157012
v -0.00316654878 -0.00950997637 0.00225425792
v -0.00310201103 -0.00960004763 0.00215950422
f 3841 3843 3842
v -0.00275722086 -0.00959978934 0.00243963077
v -0.00280633631 -0.0093634786 0.00230015357
v -0.00300613319 -0.00964121064 0.00239318069
f 3844 3846 3845
v -0.00316786973 -0.00942492916 0.00219038811
v -0.00316654878 -0.00950997637 0.00225425792
v -0.00280633631 -0.0093634786 0.00230015357
f 3847 3849 3848
v -0.00280633631 -0.0093634786 0.00230015357
v -0.00285619317 -0.00921482861 0.00207156681
v -0.00316786973 -0.00942492916 0.00219038811
f 3850 3852 3851
v -0.00316786973 -0.00942492916 0.00219038811
v -0.00302009921 -0.00923359257 0.00205302822
v -0.00326928748 -0.00927387446 0.00207817375
f 3853 3855 3854
v -0.00328095884 -0.00936692668 0.00213188305
v -0.00326928748 -0.00927387446 0.00207817375
v -0.00332687923 -0.00930664683 0.00206256664
f 3856 3858 3857
v -0.00321449552 -0.00945497086 0.00217685902
v -0.00316786973 -0.00942492916 0.00219038811
v -0.00328095884 -0.00936692668 0.00213188305
f 3859 3861 3860
v -0.000944567728 -0.0103932012 0.000847101001
v -0.000602696127 -0.0102931132 0.000487178659
v -0.000636828781 -0.0101010337 0.000875103433
f 3862 3864 3863
v -0.000840344183 -0.00901363819 0.00104640749
v -0.00117597474 -0.00896238635 0.00111095687
v -0.0010210244 -0.00913911135 0.00130440058
f 3865 3867 3866
v -0.00117597474 -0.00896238635 0.00111095687
v -0.000840344183 -0.00901363819 0.00104640749
v -0.000945148076 -0.00869541473 0.000955269024
f 3868 3870 3869
v -0.00117597474 -0.00896238635 0.00111095687
v -0.00118052021 -0.00923827101 0.00152588582
v -0.0010210244 -0.00913911135 0.00130440058
f 3871 3873 3872
v -0.00181451815 -0.00917653961 0.00163986533
v -0.00177083275 -0.00939045422 0.00208866422
v -0.00142244071 -0.00921060127 0.00161710141
f 3874 3876 3875
v -0.00142244071 -0.00921060127 0.00161710141
v -0.00159473184 -0.0089469926 0.00117408217
v -0.00181451815 -0.00917653961 0.00163986533
f 3877 3879 3878
v -0.00196539677 -0.00908698203 0.00135339997
v -0.00215155051 -0.00918567966 0.00156561928
v -0.00181451815 -0.00917653961 0.00163986533
f 3880 3882 3881
v -0.00183654738 -0.00901390813 0.00119483466
v -0.00210795006 -0.0091687747 0.00113051028
v -0.00212249706 -0.00920858147 0.00136229355
f 3883 3885 3884
v -0.00117597474 -0.00896238635 0.00111095687
v -0.000945148076 -0.00869541473 0.000955269024
v -0.00138008054 -0.00892741809 0.00114201302
f 3886 3888 3887
v -0.00132873902 -0.00875789337 0.000986509986
v -0.00147612745 -0.00870244912 0.00106193493
v -0.00138008054 -0.00892741809 0.00114201302
f 3889 3891 3890
v -0.00101158948 -0.00835455648 0.000989735963
v -0.00152250814 -0.0081016311 0.00100540383
v -0.00150769984 -0.00854570972 0.000997657116
f 3892 3894 3893
v -0.00150769984 -0.00854570972 0.000997657116
v -0.00152250814 -0.0081016311 0.00100540383
v -0.00204772841 -0.00807981414 0.000937029836
f 3895 3897 3896
v -0.00132873902 -0.00875789337 0.000986509986
v -0.00150769984 -0.00854570972 0.000997657116
v -0.00147612745 -0.00870244912 0.00106193493
f 3898 3900 3899
v -0.00132873902 -0.00875789337 0.000986509986
v -0.00138008054 -0.00892741809 0.00114201302
v -0.000945148076 -0.00869541473 0.000955269024
f 3901 3903 3902
v -0.000945148076 -0.00869541473 0.000955269024
v -0.00101158948 -0.00835455648 0.000989735963
v -0.00150769984 -0.00854570972 0.000997657116
f 3904 3906 3905
v -0.000945148076 -0.00869541473 0.000955269024
v -0.00150769984 -0.00854570972 0.000997657116
v -0.00132873902 -0.00875789337 0.000986509986
f 3907 3909 3908
v -0.00147612745 -0.00870244912 0.00106193493
v -0.00185717108 -0.00891338786 0.00114456052
v -0.00159473184 -0.0089469926 0.00117408217
f 3910 3912 3911
v -0.00159473184 -0.0089469926 0.00117408217
v -0.00185717108 -0.00891338786 0.00114456052
v -0.00183654738 -0.00901390813 0.00119483466
f 3913 3915 3914
v -0.00185717108 -0.00891338786 0.00114456052
v -0.00195994162 -0.00866765331 0.00100291436
v -0.00183654738 -0.00901390813 0.00119483466
f 3916 3918 3917
v -0.00183654738 -0.00901390813 0.00119483466
v -0.00195994162 -0.00866765331 0.00100291436
v -0.0020704616 -0.00891466261 0.00096263193
f 3919 3921 3920
v -0.00195994162 -0.00866765331 0.00100291436
v -0.00203144991 -0.00874113321 0.000958348755
v -0.0020704616 -0.00891466261 0.00096263193
f 3922 3924 3923
v -0.00210795006 -0.0091687747 0.00113051028
v -0.00183654738 -0.00901390813 0.00119483466
v -0.00227005312 -0.00925741115 0.00108620497
f 3925 3927 3926
v -0.00227005312 -0.00925741115 0.00108620497
v -0.00183654738 -0.00901390813 0.00119483466
v -0.0020704616 -0.00891466261 0.00096263193
f 3928 3930 3929
v -0.00150769984 -0.00854570972 0.000997657116
v -0.00204772841 -0.00807981414 0.000937029836
v -0.00199246206 -0.00855084727 0.000949877176
f 3931 3933 3932
v -0.0020704616 -0.00891466261 0.00096263193
v -0.00203144991 -0.00874113321 0.000958348755
v -0.00251276524 -0.0083031875 0.000875240767
f 3934 3936 3935
v -0.00203144991 -0.00874113321 0.000958348755
v -0.00199246206 -0.00855084727 0.000949877176
v -0.00251276524 -0.0083031875 0.000875240767
f 3937 3939 3938
v -0.00150769984 -0.00854570972 0.000997657116
v -0.00185717108 -0.00891338786 0.00114456052
v -0.00147612745 -0.00870244912 0.00106193493
f 3940 3942 3941
v -0.0023440718 -0.0100300436 0.00110434394
v -0.00216390399 -0.0103796905 0.000772116437
v -0.00214877182 -0.0103334984 0.00116672018
f 3943 3945 3944
v -0.00237610147 -0.010191257 0.000703938531
v -0.00216390399 -0.0103796905 0.000772116437
v -0.00238118828 -0.010087205 0.000986879422
f 3946 3948 3947
v -0.00245290048 -0.00996600284 0.00104329101
v -0.00237610147 -0.010191257 0.000703938531
v -0.00238118828 -0.010087205 0.000986879422
f 3949 3951 3950
v -0.00237610147 -0.010191257 0.000703938531
v -0.00245290048 -0.00996600284 0.00104329101
v -0.00246354593 -0.0101398538 0.000378860659
f 3952 3954 3953
v -0.0023440718 -0.0100300436 0.00110434394
v -0.00240835234 -0.0100032899 0.00110230521
v -0.00238118828 -0.010087205 0.000986879422
f 3955 3957 3956
v -0.00240835234 -0.0100032899 0.00110230521
v -0.00245290048 -0.00996600284 0.00104329101
v -0.00238118828 -0.010087205 0.000986879422
f 3958 3960 3959
v -0.00246045984 -0.00967324522 0.000972206726
v -0.00238617631 -0.00988757602 0.00111008158
v -0.00243952745 -0.00963893763 0.00100621655
f 3961 3963 3962
v -0.0025667201 -0.00986304076 0.000861402623
v -0.00267502892 -0.00976616793 0.000709684718
v -0.00246354593 -0.0101398538 0.000378860659
f 3964 3966 3965
v -0.00246045984 -0.00967324522 0.000972206726
v -0.00267502892 -0.00976616793 0.000709684718
v -0.0025667201 -0.00986304076 0.000861402623
f 3967 3969 3968
v -0.00245290048 -0.00996600284 0.00104329101
v -0.0023840008 -0.00994413494 0.00110089259
v -0.00238617631 -0.00988757602 0.00111008158
f 3970 3972 3971
v -0.00239840301 -0.00960210018 0.0012556342
v -0.00242988681 -0.00961893165 0.00133800277
v -0.00233665069 -0.00940075042 0.00152857792
f 3973 3975 3974
v -0.00254673523 -0.00975144285 0.00147906867
v -0.00242859041 -0.00998721371 0.00114129307
v -0.0024799856 -0.010043673 0.00153747351
f 3976 3978 3977
v -0.00269163647 -0.00977421078 0.00066261473
v -0.00272604666 -0.00983275022 0.000338747122
v -0.00246354593 -0.0101398538 0.000378860659
f 3979 3981 3980
v -0.00246045984 -0.00967324522 0.000972206726
v -0.00278393691 -0.00929320304 0.000903420732
v -0.00273488131 -0.00952391129 0.000806718708
f 3982 3984 3983
v -0.00233945266 -0.00929052985 0.00107424003
v -0.00267034557 -0.00920881721 0.000919936792
v -0.00278393691 -0.00929320304 0.000903420732
f 3985 3987 3986
v -0.00289514755 -0.0097871547 0.000335644199
v -0.00294359361 -0.00977625677 0.000150525102
v -0.00276726478 -0.00988169995 3.72056064e-05
f 3988 3990 3989
v -0.00289514755 -0.0097871547 0.000335644199
v -0.0032024971 -0.00962486665 0.000345483022
v -0.00294359361 -0.00977625677 0.000150525102
f 3991 3993 3992
v -0.00272604666 -0.00983275022 0.000338747122
v -0.00276726478 -0.00988169995 3.72056064e-05
v -0.00260148681 -0.0100199817 0.00021445594
f 3994 3996 3995
v -0.00269163647 -0.00977421078 0.00066261473
v -0.0027375816 -0.00973558635 0.000701391218
v -0.00307800256 -0.00963684652 0.000618726972
f 3997 3999 3998
v -0.00307800256 -0.00963684652 0.000618726972
v -0.0032024971 -0.00962486665 0.000345483022
v -0.00269163647 -0.00977421078 0.00066261473
f 4000 4002 4001
v -0.00278393691 -0.00929320304 0.000903420732
v -0.00327323505 -0.00943395717 0.000795986125
v -0.00296157577 -0.0096055177 0.000745916259
f 4003 4005 4004
v -0.00328305141 -0.00917114521 0.00098424498
v -0.00327323505 -0.00943395717 0.000795986125
v -0.00278393691 -0.00929320304 0.000903420732
f 4006 4008 4007
v -0.00307800256 -0.00963684652 0.000618726972
v -0.00325415967 -0.00952541814 0.000575211288
v -0.00321772277 -0.00959354875 0.00044238077
f 4009 4011 4010
v -0.00328456299 -0.00946376822 0.000729200292
v -0.00325415967 -0.00952541814 0.000575211288
v -0.00327323505 -0.00943395717 0.000795986125
f 4012 4014 4013
v -0.00328456299 -0.00946376822 0.000729200292
v -0.00340595507 -0.00952778646 0.000676035233
v -0.00341708437 -0.00955824798 0.000640180406
f 4015 4017 4016
v -0.00328456299 -0.00946376822 0.000729200292
v -0.0034052704 -0.00953130802 0.000680542144
v -0.00340595507 -0.00952778646 0.000676035233
f 4018 4020 4019
v -0.00337543315 -0.00941026519 0.000768934115
v -0.00328456299 -0.00946376822 0.000729200292
v -0.00327323505 -0.00943395717 0.000795986125
f 4021 4023 4022
v -0.00330399052 -0.00958408637 0.000443774115
v -0.00345337176 -0.00954786738 0.000647640354
v -0.00346892848 -0.00946327491 0.000497904148
f 4024 4026 4025
v -0.00346892848 -0.00946327491 0.000497904148
v -0.00354942385 -0.00944581043 0.000356197143
v -0.00331660594 -0.00956505537 0.000346361321
f 4027 4029 4028
v -0.0032024971 -0.00962486665 0.000345483022
v -0.00321772277 -0.00959354875 0.00044238077
v -0.00330399052 -0.00958408637 0.000443774115
f 4030 4032 4031
v -0.0032024971 -0.00962486665 0.000345483022
v -0.00289514755 -0.0097871547 0.000335644199
v -0.00269163647 -0.00977421078 0.00066261473
f 4033 4035 4034
v -0.0032024971 -0.00962486665 0.000345483022
v -0.00307800256 -0.00963684652 0.000618726972
v -0.00321772277 -0.00959354875 0.00044238077
f 4036 4038 4037
v -0.00358903817 -0.00936122378 0.000646509761
v -0.00337543315 -0.00941026519 0.000768934115
v -0.00348414942 -0.00938072553 0.000710834865
f 4039 4041 4040
v -0.00227005312 -0.00925741115 0.00108620497
v -0.00233945266 -0.00929052985 0.00107424003
v -0.00230775204 -0.00929040907 0.00111959453
f 4042 4044 4043
v -0.00228600911 -0.00926429493 0.0015367732
v -0.00215155051 -0.00918567966 0.00156561928
v -0.00212249706 -0.00920858147 0.00136229355
f 4045 4047 4046
v -0.0022866805 -0.00924605629 0.00171426291
v -0.00221029804 -0.00929600283 0.00196381607
v -0.00194113618 -0.00924548367 0.00185561166
f 4048 4050 4049
v -0.00215155051 -0.00918567966 0.00156561928
v -0.00228600911 -0.00926429493 0.0015367732
v -0.0022866805 -0.00924605629 0.00171426291
f 4051 4053 4052
v -0.00244889816 -0.0095612806 0.00156219812
v -0.00255622199 -0.00935265562 0.00175117875
v -0.00234542313 -0.00937542718 0.00164184403
f 4054 4056 4055
v -0.00268931108 -0.00956759686 0.00166673344
v -0.00255622199 -0.00935265562 0.00175117875
v -0.00254673523 -0.00975144285 0.00147906867
f 4057 4059 4058
v -0.00242988681 -0.00961893165 0.00133800277
v -0.00254673523 -0.00975144285 0.00147906867
v -0.00244889816 -0.0095612806 0.00156219812
f 4060 4062 4061
v -0.00278801799 -0.0094324052 0.001793929
v -0.0022866805 -0.00924605629 0.00171426291
v -0.00255622199 -0.00935265562 0.00175117875
f 4063 4065 4064
v -0.00228600911 -0.00926429493 0.0015367732
v -0.00230142268 -0.00927988149 0.00130852386
v -0.00233665069 -0.00940075042 0.00152857792
f 4066 4068 4067
v -0.00230775204 -0.00929040907 0.00111959453
v -0.00230142268 -0.00927988149 0.00130852386
v -0.00212249706 -0.00920858147 0.00136229355
f 4069 4071 4070
v -0.00212249706 -0.00920858147 0.00136229355
v -0.00210795006 -0.0091687747 0.00113051028
v -0.00227005312 -0.00925741115 0.00108620497
f 4072 4074 4073
v -0.00230775204 -0.00929040907 0.00111959453
v -0.00212249706 -0.00920858147 0.00136229355
v -0.00227005312 -0.00925741115 0.00108620497
f 4075 4077 4076
v -0.00246845648 -0.00916419303 0.00202138999
v -0.00236795659 -0.00921148821 0.00186242432
v -0.0022866805 -0.00924605629 0.00171426291
f 4078 4080 4079
v -0.00234542313 -0.00937542718 0.00164184403
v -0.00255622199 -0.00935265562 0.00175117875
v -0.0022866805 -0.00924605629 0.00171426291
f 4081 4083 4082
v -0.00278801799 -0.0094324052 0.001793929
v -0.00255622199 -0.00935265562 0.00175117875
v -0.00268931108 -0.00956759686 0.00166673344
f 4084 4086 4085
v -0.00278393691 -0.00929320304 0.000903420732
v -0.00288837382 -0.00884614929 0.000935301978
v -0.00298307768 -0.00910593881 0.000984342842
f 4087 4089 4088
v -0.00335941986 -0.00939370075 0.000831445504
v -0.00328305141 -0.00917114521 0.00098424498
v -0.00358046054 -0.00922819017 0.000961814112
f 4090 4092 4091
v -0.00328305141 -0.00917114521 0.00098424498
v -0.00340171646 -0.00886230555 0.000918028854
v -0.00358046054 -0.00922819017 0.000961814112
f 4093 4095 4094
v -0.00298307768 -0.00910593881 0.000984342842
v -0.00288837382 -0.00884614929 0.000935301978
v -0.00328305141 -0.00917114521 0.00098424498
f 4096 4098 4097
v -0.0028417202 -0.00919902814 0.00202497595
v -0.00256168896 -0.00917220241 0.0020480471
v -0.00246845648 -0.00916419303 0.00202138999
f 4099 4101 4100
v -0.00326928748 -0.00927387446 0.00207817375
v -0.00322551932 -0.00939088495 0.00197723548
v -0.00332687923 -0.00930664683 0.00206256664
f 4102 4104 4103
v -0.00322551932 -0.00939088495 0.00197723548
v -0.00326928748 -0.00927387446 0.00207817375
v -0.00302009921 -0.00923359257 0.00205302822
f 4105 4107 4106
v -0.00114709619 -0.00958722085 0.00179006529
v -0.00118052021 -0.00923827101 0.00152588582
v -0.00142244071 -0.00921060127 0.00161710141
f 4108 4110 4109
v -0.00246845648 -0.00916419303 0.00202138999
v -0.00233802166 -0.00924044507 0.00210774851
v -0.00236795659 -0.00921148821 0.00186242432
f 4111 4113 4112
v -0.00287312178 -0.00973516799 0.00201353978
v -0.00268931108 -0.00956759686 0.00166673344
v -0.00257434331 -0.00973879287 0.00151376717
f 4114 4116 4115
v -0.0028417202 -0.00919902814 0.00202497595
v -0.00285619317 -0.00921482861 0.00207156681
v -0.00256168896 -0.00917220241 0.0020480471
f 4117 4119 4118
v -0.00282027177 -0.00953272902 0.00185110293
v -0.00278801799 -0.0094324052 0.001793929
v -0.00287312178 -0.00973516799 0.00201353978
f 4120 4122 4121
v -0.00285619317 -0.00921482861 0.00207156681
v -0.0028417202 -0.00919902814 0.00202497595
v -0.00302009921 -0.00923359257 0.00205302822
f 4123 4125 4124
v -0.00210364997 -0.0103196726 0.00145006834
v -0.00197302488 -0.0104451799 0.00120115983
v -0.00186262732 -0.0105483552 0.000994115362
f 4126 4128 4127
v -0.00197986119 -0.0103371232 0.00183318807
v -0.00210292765 -0.0103037499 0.00156833848
v -0.00191490271 -0.0103101331 0.00161650296
f 4129 4131 4130
v -0.00177063739 -0.0106474363 0.000822936454
v -0.00186262732 -0.0105483552 0.000994115362
v -0.00181975029 -0.0106095104 0.00070125916
f 4132 4134 4133
v -0.00215181717 -0.00935050193 0.00220754046
v -0.00224210035 -0.00973803762 0.00240062764
v -0.00186728284 -0.00940115278 0.00213966905
f 4135 4137 4136
v -0.00151106287 -0.0100349906 0.00212930427
v -0.00173458593 -0.00974811337 0.00232367129
v -0.00165393121 -0.0101071244 0.00216912758
f 4138 4140 4139
v -0.0012867119 -0.00992575442 0.00205568758
v -0.00141277587 -0.0097108561 0.00220089169
v -0.00173458593 -0.00974811337 0.00232367129
f 4141 4143 4142
v -0.0021541533 -0.0101754486 0.00209848222
v -0.0024894156 -0.0100850782 0.00209154096
v -0.00221854662 -0.010168201 0.00207968351
f 4144 4146 4145
v -0.000899987936 -0.00939692181 0.00139514268
v -0.00118052021 -0.00923827101 0.00152588582
v -0.00114709619 -0.00958722085 0.00179006529
f 4147 4149 4148
v -0.00244889816 -0.0095612806 0.00156219812
v -0.00233665069 -0.00940075042 0.00152857792
v -0.00242988681 -0.00961893165 0.00133800277
f 4150 4152 4151
v -0.00230142268 -0.00927988149 0.00130852386
v -0.00230775204 -0.00929040907 0.00111959453
v -0.00239840301 -0.00960210018 0.0012556342
f 4153 4155 4154
v -0.00328305141 -0.00917114521 0.00098424498
v -0.00335941986 -0.00939370075 0.000831445504
v -0.00327323505 -0.00943395717 0.000795986125
f 4156 4158 4157
v -0.00355477314 -0.00934403652 0.000865340371
v -0.00348414942 -0.00938072553 0.000710834865
v -0.00337543315 -0.00941026519 0.000768934115
f 4159 4161 4160
v -0.00354942385 -0.00944581043 0.000356197143
v -0.00325328692 -0.00957883385 0.000307993832
v -0.00331660594 -0.00956505537 0.000346361321
f 4162 4164 4163
v -0.00345337176 -0.00954786738 0.000647640354
v -0.00358903817 -0.00936122378 0.000646509761
v -0.00363815307 -0.0093444869 0.00060692264
f 4165 4167 4166
v -0.00355477314 -0.00934403652 0.000865340371
v -0.00358903817 -0.00936122378 0.000646509761
v -0.00348414942 -0.00938072553 0.000710834865
f 4168 4170 4169
v -0.00346892848 -0.00946327491 0.000497904148
v -0.00363815307 -0.0093444869 0.00060692264
v -0.00354942385 -0.00944581043 0.000356197143
f 4171 4173 4172
v -0.00337543315 -0.00941026519 0.000768934115
v -0.00358903817 -0.00936122378 0.000646509761
v -0.00345337176 -0.00954786738 0.000647640354
f 4174 4176 4175
v -0.00363815307 -0.0093444869 0.00060692264
v -0.00363522668 -0.00913706099 0.000893783181
v -0.00370217858 -0.00902400207 0.000818073386
f 4177 4179 4178
v -0.00340171646 -0.00886230555 0.000918028854
v -0.00370217858 -0.00902400207 0.000818073386
v -0.00363522668 -0.00913706099 0.000893783181
f 4180 4182 4181
v -0.000985100633 -0.010533537 -0.00130524822
v -0.00139503036 -0.0105439118 -0.00139314034
v -0.00100769566 -0.010473407 -0.00156151964
f 4183 4185 4184
v -0.00139503036 -0.0105439118 -0.00139314034
v -0.00134981474 -0.01053983 -0.00157076756
v -0.00100769566 -0.010473407 -0.00156151964
f 4186 4188 4187
v -0.00151507147 -0.0105509418 -0.00137464722
v -0.00152035709 -0.010451916 -0.00184688706
v -0.00134981474 -0.01053983 -0.00157076756
f 4189 4191 4190
v -0.00101350715 -0.0103709681 -0.0018728113
v -0.000594149742 -0.0102018334 -0.00184491255
v -0.000645453974 -0.0103788327 -0.00147465671
f 4192 4194 4193
v -0.000645453974 -0.0103788327 -0.00147465671
v -0.00100769566 -0.010473407 -0.00156151964
v -0.00101350715 -0.0103709681 -0.0018728113
f 4195 4197 4196
v -0.000594149742 -0.0102018334 -0.00184491255
v -0.00101683545 -0.0102186495 -0.00242020342
v -0.000587097293 -0.010004772 -0.00228367135
f 4198 4200 4199
v -0.00101683545 -0.0102186495 -0.00242020342
v -0.00101350715 -0.0103709681 -0.0018728113
v -0.00151161385 -0.0103072918 -0.00246963082
f 4201 4203 4202
v -0.00100769566 -0.010473407 -0.00156151964
v -0.00134981474 -0.01053983 -0.00157076756
v -0.00152035709 -0.010451916 -0.00184688706
f 4204 4206 4205
v -0.00152035709 -0.010451916 -0.00184688706
v -0.00151358809 -0.0103485625 -0.00228608878
v -0.00101350715 -0.0103709681 -0.0018728113
f 4207 4209 4208
v -0.00177276925 -0.0103734012 -0.00175902824
v -0.0018211269 -0.010367643 -0.00194595923
v -0.00152035709 -0.010451916 -0.00184688706
f 4210 4212 4211
v -0.0014780172 -0.0105989428 -0.00109894572
v -0.00139503036 -0.0105439118 -0.00139314034
v -0.000985100633 -0.010533537 -0.00130524822
f 4213 4215 4214
v -0.00185087611 -0.0104824408 -0.00112930138
v -0.00151507147 -0.0105509418 -0.00137464722
v -0.0014780172 -0.0105989428 -0.00109894572
f 4216 4218 4217
v -0.00185087611 -0.0104824408 -0.00112930138
v -0.00201563907 -0.0103019462 -0.00164044577
v -0.00151507147 -0.0105509418 -0.00137464722
f 4219 4221 4220
v -0.00201563907 -0.0103019462 -0.00164044577
v -0.00168929255 -0.0104781386 -0.00164115881
v -0.00151507147 -0.0105509418 -0.00137464722
f 4222 4224 4223
v -0.00177276925 -0.0103734012 -0.00175902824
v -0.00202158026 -0.0102956845 -0.00166599821
v -0.0018211269 -0.010367643 -0.00194595923
f 4225 4227 4226
v -0.00202158026 -0.0102956845 -0.00166599821
v -0.00192577863 -0.0102543403 -0.00226925167
v -0.0018211269 -0.010367643 -0.00194595923
f 4228 4230 4229
v -0.00192181324 -0.0105143445 -0.000596095924
v -0.00228708031 -0.0102106489 -0.000931050727
v -0.00185087611 -0.0104824408 -0.00112930138
f 4231 4233 4232
v -0.00228708031 -0.0102106489 -0.000931050727
v -0.00201563907 -0.0103019462 -0.00164044577
v -0.00185087611 -0.0104824408 -0.00112930138
f 4234 4236 4235
v -0.00237455097 -0.0102100734 9.77943131e-06
v -0.00251598776 -0.010030566 -0.000710548647
v -0.00225316344 -0.0102891398 -0.000381585915
f 4237 4239 4238
v -0.00251598776 -0.010030566 -0.000710548647
v -0.0024847448 -0.0100175137 -0.00139868507
v -0.00228708031 -0.0102106489 -0.000931050727
f 4240 4242 4241
v -0.00226329503 -0.0101945458 -0.00134746933
v -0.0024847448 -0.0100175137 -0.00139868507
v -0.00201563907 -0.0103019462 -0.00164044577
f 4243 4245 4244
v -0.00228708031 -0.0102106489 -0.000931050727
v -0.0024847448 -0.0100175137 -0.00139868507
v -0.00226329503 -0.0101945458 -0.00134746933
f 4246 4248 4247
v -0.00243131708 -0.00997786774 -0.00196570509
v -0.00221694117 -0.0101127072 -0.00213226631
v -0.00202158026 -0.0102956845 -0.00166599821
f 4249 4251 4250
v -0.0024847448 -0.0100175137 -0.00139868507
v -0.00277901963 -0.00970625188 -0.00170993517
v -0.00243131708 -0.00997786774 -0.00196570509
f 4252 4254 4253
v -0.0024847448 -0.0100175137 -0.00139868507
v -0.00236218766 -0.0100914338 -0.00166505852
v -0.00202158026 -0.0102956845 -0.00166599821
f 4255 4257 4256
v -0.00285162641 -0.0096918935 -0.00107569131
v -0.00277901963 -0.00970625188 -0.00170993517
v -0.0024847448 -0.0100175137 -0.00139868507
f 4258 4260 4259
v -0.00307923729 -0.00937402874 -0.000738329345
v -0.00303589259 -0.00943011764 -0.00146690236
v -0.00285162641 -0.0096918935 -0.00107569131
f 4261 4263 4262
v -0.00290213684 -0.00963274433 -0.00141907112
v -0.00303589259 -0.00943011764 -0.00146690236
v -0.00277901963 -0.00970625188 -0.00170993517
f 4264 4266 4265
v -0.00285162641 -0.0096918935 -0.00107569131
v -0.00290213684 -0.00963274433 -0.00141907112
v -0.00277901963 -0.00970625188 -0.00170993517
f 4267 4269 4268
v -0.00285162641 -0.0096918935 -0.00107569131
v -0.00303589259 -0.00943011764 -0.00146690236
v -0.00290213684 -0.00963274433 -0.00141907112
f 4270 4272 4271
v -0.000774304681 -0.00992483983 -0.00295315876
v -0.00104624032 -0.0100886471 -0.0028726874
v -0.00109930743 -0.00984295111 -0.00332078052
f 4273 4275 4274
v -0.000630691193 -0.00981547855 -0.00271276785
v -0.000587097293 -0.010004772 -0.00228367135
v -0.000866380105 -0.0101053207 -0.00266422139
f 4276 4278 4277
v -0.000866380105 -0.0101053207 -0.00266422139
v -0.00101683545 -0.0102186495 -0.00242020342
v -0.0012880364 -0.0102550322 -0.00266288425
f 4279 4281 4280
v -0.000774304681 -0.00992483983 -0.00295315876
v -0.000639426707 -0.0094230134 -0.00303582274
v -0.000630691193 -0.00981547855 -0.00271276785
f 4282 4284 4283
v -0.000774304681 -0.00992483983 -0.00295315876
v -0.000866380105 -0.0101053207 -0.00266422139
v -0.00104624032 -0.0100886471 -0.0028726874
f 4285 4287 4286
v -0.00153340206 -0.010183463 -0.00288829888
v -0.00157082522 -0.00995841692 -0.00334772485
v -0.00104624032 -0.0100886471 -0.0028726874
f 4288 4290 4289
v -0.00101683545 -0.0102186495 -0.00242020342
v -0.00151161385 -0.0103072918 -0.00246963082
v -0.0012880364 -0.0102550322 -0.00266288425
f 4291 4293 4292
v -0.00151161385 -0.0103072918 -0.00246963082
v -0.00153340206 -0.010183463 -0.00288829888
v -0.0012880364 -0.0102550322 -0.00266288425
f 4294 4296 4295
v -0.00151161385 -0.0103072918 -0.00246963082
v -0.00151358809 -0.0103485625 -0.00228608878
v -0.00172566706 -0.0102253194 -0.00253868238
f 4297 4299 4298
v -0.00151358809 -0.0103485625 -0.00228608878
v -0.00192577863 -0.0102543403 -0.00226925167
v -0.00172566706 -0.0102253194 -0.00253868238
f 4300 4302 4301
v -0.00151161385 -0.0103072918 -0.00246963082
v -0.00172566706 -0.0102253194 -0.00253868238
v -0.00167198541 -0.0102516278 -0.00270617238
f 4303 4305 4304
v -0.00176295998 -0.010140767 -0.00281303983
v -0.00153340206 -0.010183463 -0.00288829888
v -0.00167198541 -0.0102516278 -0.00270617238
f 4306 4308 4307
v -0.00176295998 -0.010140767 -0.00281303983
v -0.0018554605 -0.0101327321 -0.00299991443
v -0.00153340206 -0.010183463 -0.00288829888
f 4309 4311 4310
v -0.000774304681 -0.00992483983 -0.00295315876
v -0.00109930743 -0.00984295111 -0.00332078052
v -0.000809554422 -0.00970004839 -0.00325915571
f 4312 4314 4313
v -0.000809554422 -0.00970004839 -0.00325915571
v -0.000639426707 -0.0094230134 -0.00303582274
v -0.000774304681 -0.00992483983 -0.00295315876
f 4315 4317 4316
v -0.000809554422 -0.00970004839 -0.00325915571
v -0.000886136695 -0.00949942551 -0.00349959519
v -0.000886113412 -0.00925275745 -0.00341291743
f 4318 4320 4319
v -0.00109930743 -0.00984295111 -0.00332078052
v -0.00104624032 -0.0100886471 -0.0028726874
v -0.00157082522 -0.00995841692 -0.00334772485
f 4321 4323 4322
v -0.00157082522 -0.00995841692 -0.00334772485
v -0.00162277793 -0.00968129098 -0.00374350639
v -0.00109930743 -0.00984295111 -0.00332078052
f 4324 4326 4325
v -0.0018554605 -0.0101327321 -0.00299991443
v -0.00193839478 -0.0100012767 -0.00324417015
v -0.00153340206 -0.010183463 -0.00288829888
f 4327 4329 4328
v -0.000809554422 -0.00970004839 -0.00325915571
v -0.000999599433 -0.00950396061 -0.00357675453
v -0.000886136695 -0.00949942551 -0.00349959519
f 4330 4332 4331
v -0.000745458692 -0.00912961405 -0.00307127775
v -0.000887411352 -0.00881105225 -0.00313590426
v -0.000607779566 -0.00893442557 -0.00288350457
f 4333 4335 4334
v -0.00221694117 -0.0101127072 -0.00213226631
v -0.00230275855 -0.0100050391 -0.00242052229
v -0.00192577863 -0.0102543403 -0.00226925167
f 4336 4338 4337
v -0.00167198541 -0.0102516278 -0.00270617238
v -0.00201047478 -0.0100969315 -0.00271450408
v -0.00176295998 -0.010140767 -0.00281303983
f 4339 4341 4340
v -0.00176295998 -0.010140767 -0.00281303983
v -0.00201047478 -0.0100969315 -0.00271450408
v -0.00207684061 -0.0100719131 -0.0027218397
f 4342 4344 4343
v -0.00230275855 -0.0100050391 -0.00242052229
v -0.00207684061 -0.0100719131 -0.0027218397
v -0.00192577863 -0.0102543403 -0.00226925167
f 4345 4347 4346
v -0.00207684061 -0.0100719131 -0.0027218397
v -0.00230275855 -0.0100050391 -0.00242052229
v -0.00226806769 -0.00994770089 -0.0025871992
f 4348 4350 4349
v -0.00230275855 -0.0100050391 -0.00242052229
v -0.00248434608 -0.00980324694 -0.00242933384
v -0.00226806769 -0.00994770089 -0.0025871992
f 4351 4353 4352
v -0.00207684061 -0.0100719131 -0.0027218397
v -0.00226806769 -0.00994770089 -0.0025871992
v -0.00237102049 -0.00986434025 -0.00271041008
f 4354 4356 4355
v -0.00248434608 -0.00980324694 -0.00242933384
v -0.00237102049 -0.00986434025 -0.00271041008
v -0.00226806769 -0.00994770089 -0.0025871992
f 4357 4359 4358
v -0.00192577863 -0.0102543403 -0.00226925167
v -0.00201047478 -0.0100969315 -0.00271450408
v -0.00172566706 -0.0102253194 -0.00253868238
f 4360 4362 4361
v -0.00193839478 -0.0100012767 -0.00324417015
v -0.00214127958 -0.00971815753 -0.0036758629
v -0.00157082522 -0.00995841692 -0.00334772485
f 4363 4365 4364
v -0.0018554605 -0.0101327321 -0.00299991443
v -0.00207684061 -0.0100719131 -0.0027218397
v -0.00193839478 -0.0100012767 -0.00324417015
f 4366 4368 4367
v -0.00207684061 -0.0100719131 -0.0027218397
v -0.00223875504 -0.00986758823 -0.00319152459
v -0.00193839478 -0.0100012767 -0.00324417015
f 4369 4371 4370
v -0.00243911818 -0.00972700655 -0.00302381541
v -0.00207684061 -0.0100719131 -0.0027218397
v -0.00237102049 -0.00986434025 -0.00271041008
f 4372 4374 4373
v -0.00223875504 -0.00986758823 -0.00319152459
v -0.00232381208 -0.00974232244 -0.00349051188
v -0.00214127958 -0.00971815753 -0.0036758629
f 4375 4377 4376
v -0.00243911818 -0.00972700655 -0.00302381541
v -0.00262451485 -0.00954418574 -0.00351823692
v -0.00223875504 -0.00986758823 -0.00319152459
f 4378 4380 4379
v -0.00221694117 -0.0101127072 -0.00213226631
v -0.00243131708 -0.00997786774 -0.00196570509
v -0.00248434608 -0.00980324694 -0.00242933384
f 4381 4383 4382
v -0.00277901963 -0.00970625188 -0.00170993517
v -0.00248434608 -0.00980324694 -0.00242933384
v -0.00243131708 -0.00997786774 -0.00196570509
f 4384 4386 4385
v -0.00282903093 -0.00949854802 -0.00219735794
v -0.00267621053 -0.00947157459 -0.00279886899
v -0.00248434608 -0.00980324694 -0.00242933384
f 4387 4389 4388
v -0.00277901963 -0.00970625188 -0.00170993517
v -0.00296538692 -0.00952250775 -0.00173651551
v -0.00282903093 -0.00949854802 -0.00219735794
f 4390 4392 4391
v -0.00282903093 -0.00949854802 -0.00219735794
v -0.00248434608 -0.00980324694 -0.00242933384
v -0.00277901963 -0.00970625188 -0.00170993517
f 4393 4395 4394
v -0.00303589259 -0.00943011764 -0.00146690236
v -0.00296538692 -0.00952250775 -0.00173651551
v -0.00277901963 -0.00970625188 -0.00170993517
f 4396 4398 4397
v -0.00285773549 -0.00929090238 -0.00308847411
v -0.00262451485 -0.00954418574 -0.00351823692
v -0.00267621053 -0.00947157459 -0.00279886899
f 4399 4401 4400
v -0.00290765292 -0.00924947017 -0.00261105542
v -0.00313607197 -0.0090220783 -0.00287575476
v -0.00296646394 -0.00913527838 -0.00285382612
f 4402 4404 4403
v -0.00332984091 -0.00889171788 -0.00289781074
v -0.00312655939 -0.00911516545 -0.00244665807
v -0.00336712947 -0.00886202251 -0.00219865287
f 4405 4407 4406
v -0.00336712947 -0.00886202251 -0.00219865287
v -0.00352316565 -0.00854229147 -0.00247344524
v -0.00346164379 -0.00871296579 -0.00242988481
f 4408 4410 4409
v -0.00345609369 -0.00850197539 -0.00215924338
v -0.00352316565 -0.00854229147 -0.00247344524
v -0.00336712947 -0.00886202251 -0.00219865287
f 4411 4413 4412
v -0.00296538692 -0.00952250775 -0.00173651551
v -0.00312655939 -0.00911516545 -0.00244665807
v -0.00282903093 -0.00949854802 -0.00219735794
f 4414 4416 4415
v -0.00172566706 -0.0102253194 -0.00253868238
v -0.00201047478 -0.0100969315 -0.00271450408
v -0.00167198541 -0.0102516278 -0.00270617238
f 4417 4419 4418
v -0.00201563907 -0.0103019462 -0.00164044577
v -0.00202158026 -0.0102956845 -0.00166599821
v -0.00177276925 -0.0103734012 -0.00175902824
f 4420 4422 4421
v -0.00117529898 -0.00713159898 0.00100320594
v -0.00152250814 -0.0081016311 0.00100540383
v -0.00107704482 -0.00797742614 0.00102642534
f 4423 4425 4424
v -0.00199246206 -0.00855084727 0.000949877176
v -0.00204772841 -0.00807981414 0.000937029836
v -0.0025790554 -0.00793964209 0.00082090246
f 4426 4428 4427
v -0.00204772841 -0.00807981414 0.000937029836
v -0.00248402594 -0.00758921451 0.000870503209
v -0.00252023437 -0.00773522333 0.000850241122
f 4429 4431 4430
v -0.00229879697 -0.00715792121 0.000850108336
v -0.00248402594 -0.00758921451 0.000870503209
v -0.00215698328 -0.00750332692 0.00093289309
f 4432 4434 4433
v -0.00229879697 -0.00715792121 0.000850108336
v -0.0025616544 -0.00714618291 0.000649746471
v -0.00248402594 -0.00758921451 0.000870503209
f 4435 4437 4436
v -0.00333882963 -0.00934920827 -0.000112516136
v -0.00303579563 -0.00956756048 -0.000311131953
v -0.00325328692 -0.00957883385 0.000307993832
f 4438 4440 4439
v -0.00333397584 -0.00902400643 -0.000706620267
v -0.00322330234 -0.00905668276 -0.00111029731
v -0.00307923729 -0.00937402874 -0.000738329345
f 4441 4443 4442
v -0.00333397584 -0.00902400643 -0.000706620267
v -0.00342224666 -0.00866206319 -0.000602631872
v -0.00322330234 -0.00905668276 -0.00111029731
f 4444 4446 4445
v -0.00335442382 -0.00867939307 -0.000849232765
v -0.00322330234 -0.00905668276 -0.00111029731
v -0.00342224666 -0.00866206319 -0.000602631872
f 4447 4449 4448
v -0.00341956948 -0.00900426967 -0.000398734028
v -0.00354771837 -0.00862308589 -0.000191522349
v -0.00342224666 -0.00866206319 -0.000602631872
f 4450 4452 4451
v -0.00354771837 -0.00862308589 -0.000191522349
v -0.00335601981 -0.00831505677 -0.000529031968
v -0.00342224666 -0.00866206319 -0.000602631872
f 4453 4455 4454
v -0.00199246206 -0.00855084727 0.000949877176
v -0.0025790554 -0.00793964209 0.00082090246
v -0.00251276524 -0.0083031875 0.000875240767
f 4456 4458 4457
v -0.0025790554 -0.00793964209 0.00082090246
v -0.00277611707 -0.00764267534 0.00053428821
v -0.00278280786 -0.00806458847 0.000772136991
f 4459 4461 4460
v -0.00277611707 -0.00764267534 0.00053428821
v -0.00301509772 -0.00819933557 0.000720616481
v -0.00278280786 -0.00806458847 0.000772136991
f 4462 4464 4463
v -0.00328966416 -0.00827848853 0.000626883048
v -0.00298740124 -0.00841420842 0.000856464976
v -0.00301509772 -0.00819933557 0.000720616481
f 4465 4467 4466
v -0.00343670472 -0.00845848845 0.000655279291
v -0.00357082026 -0.00875444675 0.000748006278
v -0.00340171646 -0.00886230555 0.000918028854
f 4468 4470 4469
v -0.00328966416 -0.00827848853 0.000626883048
v -0.00329090253 -0.00815484382 0.00048982638
v -0.0033599099 -0.00827093972 0.000410025859
f 4471 4473 4472
v -0.00342967069 -0.00829154014 0.00022915001
v -0.0033599099 -0.00827093972 0.000410025859
v -0.00329090253 -0.00815484382 0.00048982638
f 4474 4476 4475
v -0.0033599099 -0.00827093972 0.000410025859
v -0.00342967069 -0.00829154014 0.00022915001
v -0.00328966416 -0.00827848853 0.000626883048
f 4477 4479 4478
v -0.00342967069 -0.00829154014 0.00022915001
v -0.00376981952 -0.00871310913 0.000461621403
v -0.00343670472 -0.00845848845 0.000655279291
f 4480 4482 4481
v -0.00298740124 -0.00841420842 0.000856464976
v -0.00328966416 -0.00827848853 0.000626883048
v -0.00314870849 -0.00859021238 0.000880743573
f 4483 4485 4484
v -0.00293808553 -0.00766800586 6.45060936e-05
v -0.00306626498 -0.00792795472 0.000391047524
v -0.00299199164 -0.00777665991 0.000300991451
f 4486 4488 4487
v -0.00277611707 -0.00764267534 0.00053428821
v -0.00299199164 -0.00777665991 0.000300991451
v -0.00306626498 -0.00792795472 0.000391047524
f 4489 4491 4490
v -0.00283805948 -0.00742018965 6.12301847e-05
v -0.00299199164 -0.00777665991 0.000300991451
v -0.00277611707 -0.00764267534 0.00053428821
f 4492 4494 4493
v -0.00266115803 -0.00700816308 0.000373249986
v -0.00283805948 -0.00742018965 6.12301847e-05
v -0.00272186608 -0.00738563613 0.00035582616
f 4495 4497 4496
v -0.00346098132 -0.00831566431 0.00017568982
v -0.00360603735 -0.00847157644 0.00018511173
v -0.00342967069 -0.00829154014 0.00022915001
f 4498 4500 4499
v -0.00354771837 -0.00862308589 -0.000191522349
v -0.00355738848 -0.00853960228 8.01403075e-05
v -0.00346098132 -0.00831566431 0.00017568982
f 4501 4503 4502
v -0.00308332419 -0.00782427014 -0.000216726357
v -0.00346098132 -0.00831566431 0.00017568982
v -0.00306626498 -0.00792795472 0.000391047524
f 4504 4506 4505
v -0.00346098132 -0.00831566431 0.00017568982
v -0.00342967069 -0.00829154014 0.00022915001
v -0.00329090253 -0.00815484382 0.00048982638
f 4507 4509 4508
v -0.00308332419 -0.00782427014 -0.000216726357
v -0.00332466552 -0.00816870452 -0.00019049362
v -0.00346098132 -0.00831566431 0.00017568982
f 4510 4512 4511
v -0.00252023437 -0.00773522333 0.000850241122
v -0.00248402594 -0.00758921451 0.000870503209
v -0.0025790554 -0.00793964209 0.00082090246
f 4513 4515 4514
v -0.00322330234 -0.00905668276 -0.00111029731
v -0.00334004289 -0.00876777121 -0.00150735468
v -0.00323940949 -0.00908201691 -0.00189571474
f 4516 4518 4517
v -0.00335442382 -0.00867939307 -0.000849232765
v -0.00331334886 -0.00836966283 -0.00122778511
v -0.00334376673 -0.00874791003 -0.00116407036
f 4519 4521 4520
v -0.00322330234 -0.00905668276 -0.00111029731
v -0.00335442382 -0.00867939307 -0.000849232765
v -0.00334376673 -0.00874791003 -0.00116407036
f 4522 4524 4523
v -0.00322330234 -0.00905668276 -0.00111029731
v -0.00334376673 -0.00874791003 -0.00116407036
v -0.00334004289 -0.00876777121 -0.00150735468
f 4525 4527 4526
v -0.00335601981 -0.00831505677 -0.000529031968
v -0.00331334886 -0.00836966283 -0.00122778511
v -0.00335442382 -0.00867939307 -0.000849232765
f 4528 4530 4529
v -0.00299036601 -0.00728824161 -0.00113958704
v -0.00296788876 -0.00736082657 -0.00157446884
v -0.00304758614 -0.00761309348 -0.00127180629
f 4531 4533 4532
v -0.00334004289 -0.00876777121 -0.00150735468
v -0.00331334886 -0.00836966283 -0.00122778511
v -0.00340924562 -0.00847343617 -0.00192961434
f 4534 4536 4535
v -0.00329928298 -0.00819178822 -0.00176534013
v -0.00339853796 -0.00814978339 -0.00224772011
v -0.00340924562 -0.00847343617 -0.00192961434
f 4537 4539 4538
v -0.003187314 -0.00804740994 -0.0014069079
v -0.00329928298 -0.00819178822 -0.00176534013
v -0.00331334886 -0.00836966283 -0.00122778511
f 4540 4542 4541
v -0.00316383557 -0.00796103559 -0.000911972529
v -0.00304758614 -0.00761309348 -0.00127180629
v -0.003187314 -0.00804740994 -0.0014069079
f 4543 4545 4544
v -0.00308494018 -0.00770537226 -0.00198900125
v -0.003187314 -0.00804740994 -0.0014069079
v -0.00304758614 -0.00761309348 -0.00127180629
f 4546 4548 4547
v -0.00340924562 -0.00847343617 -0.00192961434
v -0.00336712947 -0.00886202251 -0.00219865287
v -0.00334004289 -0.00876777121 -0.00150735468
f 4549 4551 4550
v -0.00300620868 -0.00755172368 -0.000634619573
v -0.00304758614 -0.00761309348 -0.00127180629
v -0.00316383557 -0.00796103559 -0.000911972529
f 4552 4554 4553
v -0.00292191344 -0.00737311348 -0.000453689245
v -0.00300620868 -0.00755172368 -0.000634619573
v -0.00308332419 -0.00782427014 -0.000216726357
f 4555 4557 4556
v -0.00294309411 -0.00711009488 -0.000887657006
v -0.00300620868 -0.00755172368 -0.000634619573
v -0.00292191344 -0.00737311348 -0.000453689245
f 4558 4560 4559
v -0.00300620868 -0.00755172368 -0.000634619573
v -0.00316383557 -0.00796103559 -0.000911972529
v -0.00308332419 -0.00782427014 -0.000216726357
f 4561 4563 4562
v -0.00266115803 -0.00700816308 0.000373249986
v -0.00271822246 -0.00667308414 5.44037903e-05
v -0.00284292018 -0.00709819506 -0.000277982872
f 4564 4566 4565
v -0.00283805948 -0.00742018965 6.12301847e-05
v -0.00292191344 -0.00737311348 -0.000453689245
v -0.00290641201 -0.0074978183 -0.000233145965
f 4567 4569 4568
v -0.00284292018 -0.00709819506 -0.000277982872
v -0.00292191344 -0.00737311348 -0.000453689245
v -0.00283805948 -0.00742018965 6.12301847e-05
f 4570 4572 4571
v -0.00316383557 -0.00796103559 -0.000911972529
v -0.00335601981 -0.00831505677 -0.000529031968
v -0.00308332419 -0.00782427014 -0.000216726357
f 4573 4575 4574
v -0.00300620868 -0.00755172368 -0.000634619573
v -0.00294309411 -0.00711009488 -0.000887657006
v -0.00299036601 -0.00728824161 -0.00113958704
f 4576 4578 4577
v -0.00284292018 -0.00709819506 -0.000277982872
v -0.00271822246 -0.00667308414 5.44037903e-05
v -0.00289200798 -0.00678900178 -0.000678190281
f 4579 4581 4580
v -0.0028445349 -0.00640257276 -0.000370502175
v -0.00294004221 -0.00648328496 -0.00105054687
v -0.00289200798 -0.00678900178 -0.000678190281
f 4582 4584 4583
v -0.00204772841 -0.00807981414 0.000937029836
v -0.00252023437 -0.00773522333 0.000850241122
v -0.0025790554 -0.00793964209 0.00082090246
f 4585 4587 4586
v -0.00363815307 -0.0093444869 0.00060692264
v -0.00375274576 -0.00900843879 0.000228675162
v -0.00358905745 -0.00922087493 5.32131708e-05
f 4588 4590 4589
v -0.00375274576 -0.00900843879 0.000228675162
v -0.00359402729 -0.00900799059 -0.000152288112
v -0.00358905745 -0.00922087493 5.32131708e-05
f 4591 4593 4592
v -0.00375274576 -0.00900843879 0.000228675162
v -0.00366998356 -0.00879469226 -1.06228875e-06
v -0.00359402729 -0.00900799059 -0.000152288112
f 4594 4596 4595
v -0.00366998356 -0.00879469226 -1.06228875e-06
v -0.00355738848 -0.00853960228 8.01403075e-05
v -0.00354771837 -0.00862308589 -0.000191522349
f 4597 4599 4598
v -0.00357082026 -0.00875444675 0.000748006278
v -0.00376981952 -0.00871310913 0.000461621403
v -0.00370217858 -0.00902400207 0.000818073386
f 4600 4602 4601
v -0.00376981952 -0.00871310913 0.000461621403
v -0.00375274576 -0.00900843879 0.000228675162
v -0.00370217858 -0.00902400207 0.000818073386
f 4603 4605 4604
v -0.00376981952 -0.00871310913 0.000461621403
v -0.00371431015 -0.00858477506 0.000189783987
v -0.00366998356 -0.00879469226 -1.06228875e-06
f 4606 4608 4607
v -0.00376981952 -0.00871310913 0.000461621403
v -0.00366998356 -0.00879469226 -1.06228875e-06
v -0.00375274576 -0.00900843879 0.000228675162
f 4609 4611 4610
v -0.00371431015 -0.00858477506 0.000189783987
v -0.00360603735 -0.00847157644 0.00018511173
v -0.00355738848 -0.00853960228 8.01403075e-05
f 4612 4614 4613
v -0.00371431015 -0.00858477506 0.000189783987
v -0.00376981952 -0.00871310913 0.000461621403
v -0.00342967069 -0.00829154014 0.00022915001
f 4615 4617 4616
v -0.00185087611 -0.0104824408 -0.00112930138
v -0.0014780172 -0.0105989428 -0.00109894572
v -0.00145280428 -0.010658156 -0.000762282252
f 4618 4620 4619
v -0.00298740124 -0.00841420842 0.000856464976
v -0.00314870849 -0.00859021238 0.000880743573
v -0.00288837382 -0.00884614929 0.000935301978
f 4621 4623 4622
v -0.00370217858 -0.00902400207 0.000818073386
v -0.00375274576 -0.00900843879 0.000228675162
v -0.00363815307 -0.0093444869 0.00060692264
f 4624 4626 4625
v -0.00345337176 -0.00954786738 0.000647640354
v -0.00341708437 -0.00955824798 0.000640180406
v -0.0034052704 -0.00953130802 0.000680542144
f 4627 4629 4628
v -0.00337543315 -0.00941026519 0.000768934115
v -0.00335941986 -0.00939370075 0.000831445504
v -0.00355477314 -0.00934403652 0.000865340371
f 4630 4632 4631
v -0.00358905745 -0.00922087493 5.32131708e-05
v -0.00359402729 -0.00900799059 -0.000152288112
v -0.00333882963 -0.00934920827 -0.000112516136
f 4633 4635 4634
v -0.00343670472 -0.00845848845 0.000655279291
v -0.00376981952 -0.00871310913 0.000461621403
v -0.00357082026 -0.00875444675 0.000748006278
f 4636 4638 4637
v -0.00288109077 -0.00970882465 -0.0004683302
v -0.00307923729 -0.00937402874 -0.000738329345
v -0.00285162641 -0.0096918935 -0.00107569131
f 4639 4641 4640
v -0.00307923729 -0.00937402874 -0.000738329345
v -0.00322330234 -0.00905668276 -0.00111029731
v -0.00303589259 -0.00943011764 -0.00146690236
f 4642 4644 4643
v -0.00152250814 -0.0081016311 0.00100540383
v -0.00117529898 -0.00713159898 0.00100320594
v -0.0017809276 -0.00708898879 0.000963840284
f 4645 4647 4646
v -0.00123970003 -0.00639681384 0.001080947
v -0.00162472352 -0.00631462972 0.00105395502
v -0.00184642267 -0.00673824834 0.000953029303
f 4648 4650 4649
v -0.00218596324 -0.00683489488 0.000847996853
v -0.00184642267 -0.00673824834 0.000953029303
v -0.00194199602 -0.00642244195 0.000927024666
f 4651 4653 4652
v -0.00162472352 -0.00631462972 0.00105395502
v -0.00159314295 -0.00559565597 0.00112845446
v -0.00188255217 -0.00567291681 0.00103032671
f 4654 4656 4655
v -0.00218596324 -0.00683489488 0.000847996853
v -0.00229879697 -0.00715792121 0.000850108336
v -0.0017809276 -0.00708898879 0.000963840284
f 4657 4659 4658
v -0.00194199602 -0.00642244195 0.000927024666
v -0.00234382296 -0.00653524112 0.000684979386
v -0.00218596324 -0.00683489488 0.000847996853
f 4660 4662 4661
v -0.00254017868 -0.00681580786 0.000544870454
v -0.0025616544 -0.00714618291 0.000649746471
v -0.00229879697 -0.00715792121 0.000850108336
f 4663 4665 4664
v -0.00234382296 -0.00653524112 0.000684979386
v -0.00254017868 -0.00681580786 0.000544870454
v -0.00218596324 -0.00683489488 0.000847996853
f 4666 4668 4667
v -0.00218596324 -0.00683489488 0.000847996853
v -0.00254017868 -0.00681580786 0.000544870454
v -0.00229879697 -0.00715792121 0.000850108336
f 4669 4671 4670
v -0.0025616544 -0.00714618291 0.000649746471
v -0.00254017868 -0.00681580786 0.000544870454
v -0.00266115803 -0.00700816308 0.000373249986
f 4672 4674 4673
v -0.00198680955 -0.00599217165 0.000951419861
v -0.00188255217 -0.00567291681 0.00103032671
v -0.00220771435 -0.00579285443 0.000834731691
f 4675 4677 4676
v -0.00254017868 -0.00681580786 0.000544870454
v -0.00234382296 -0.00653524112 0.000684979386
v -0.00260128836 -0.006606432 0.000325814108
f 4678 4680 4679
v -0.00254017868 -0.00681580786 0.000544870454
v -0.00260128836 -0.006606432 0.000325814108
v -0.00266115803 -0.00700816308 0.000373249986
f 4681 4683 4682
v -0.00234382296 -0.00653524112 0.000684979386
v -0.00259922108 -0.00627515328 0.000354403801
v -0.00260128836 -0.006606432 0.000325814108
f 4684 4686 4685
v -0.00234382296 -0.00653524112 0.000684979386
v -0.00228328317 -0.00615676981 0.000770592123
v -0.00259922108 -0.00627515328 0.000354403801
f 4687 4689 4688
v -0.00260128836 -0.006606432 0.000325814108
v -0.00270946166 -0.0060858205 0.000206047025
v -0.00271822246 -0.00667308414 5.44037903e-05
f 4690 4692 4691
v -0.00220771435 -0.00579285443 0.000834731691
v -0.00241339512 -0.00547771633 0.000654913856
v -0.00243876548 -0.00582987814 0.00061859846
f 4693 4695 4694
v -0.00243876548 -0.00582987814 0.00061859846
v -0.00270946166 -0.0060858205 0.000206047025
v -0.00259922108 -0.00627515328 0.000354403801
f 4696 4698 4697
v -0.00220771435 -0.00579285443 0.000834731691
v -0.00243876548 -0.00582987814 0.00061859846
v -0.00228328317 -0.00615676981 0.000770592123
f 4699 4701 4700
v -0.00241339512 -0.00547771633 0.000654913856
v -0.00255894611 -0.0051372419 0.000512171846
v -0.0027305965 -0.00560417502 0.000247383832
f 4702 4704 4703
v -0.00243876548 -0.00582987814 0.00061859846
v -0.0027305965 -0.00560417502 0.000247383832
v -0.00270946166 -0.0060858205 0.000206047025
f 4705 4707 4706
v -0.0027305965 -0.00560417502 0.000247383832
v -0.00285732094 -0.00532969934 5.25152302e-05
v -0.00280579825 -0.0057231111 4.29402462e-05
f 4708 4710 4709
v -0.0027305965 -0.00560417502 0.000247383832
v -0.00255894611 -0.0051372419 0.000512171846
v -0.00285732094 -0.00532969934 5.25152302e-05
f 4711 4713 4712
v -0.0027305965 -0.00560417502 0.000247383832
v -0.00280579825 -0.0057231111 4.29402462e-05
v -0.00270946166 -0.0060858205 0.000206047025
f 4714 4716 4715
v -0.00241339512 -0.00547771633 0.000654913856
v -0.00220771435 -0.00579285443 0.000834731691
v -0.00210299168 -0.00537809792 0.000866432492
f 4717 4719 4718
v -0.0019786321 -0.00499983762 0.000921327955
v -0.00183255906 -0.00454699511 0.00090487556
v -0.00223542011 -0.00491082137 0.000753934546
f 4720 4722 4721
v -0.00210299168 -0.00537809792 0.000866432492
v -0.0019786321 -0.00499983762 0.000921327955
v -0.00223542011 -0.00491082137 0.000753934546
f 4723 4725 4724
v -0.00183255906 -0.00454699511 0.00090487556
v -0.00205688993 -0.00430301079 0.000787621684
v -0.00223542011 -0.00491082137 0.000753934546
f 4726 4728 4727
v -0.00168703955 -0.004230997 0.000893378638
v -0.00197892223 -0.00394965209 0.000797042412
v -0.00205688993 -0.00430301079 0.000787621684
f 4729 4731 4730
v -0.00223542011 -0.00491082137 0.000753934546
v -0.00205688993 -0.00430301079 0.000787621684
v -0.00240715635 -0.0043450189 0.000593066034
f 4732 4734 4733
v -0.00223542011 -0.00491082137 0.000753934546
v -0.00255894611 -0.0051372419 0.000512171846
v -0.00241339512 -0.00547771633 0.000654913856
f 4735 4737 4736
v -0.00255894611 -0.0051372419 0.000512171846
v -0.00223542011 -0.00491082137 0.000753934546
v -0.00252976752 -0.00481738098 0.000547791024
f 4738 4740 4739
v -0.00255894611 -0.0051372419 0.000512171846
v -0.00252976752 -0.00481738098 0.000547791024
v -0.00284024427 -0.00491674764 0.000126491796
f 4741 4743 4742
v -0.00266115803 -0.00700816308 0.000373249986
v -0.00260128836 -0.006606432 0.000325814108
v -0.00271822246 -0.00667308414 5.44037903e-05
f 4744 4746 4745
v -0.00271822246 -0.00667308414 5.44037903e-05
v -0.00270946166 -0.0060858205 0.000206047025
v -0.0028445349 -0.00640257276 -0.000370502175
f 4747 4749 4748
v -0.00285732094 -0.00532969934 5.25152302e-05
v -0.00292989753 -0.00614998062 -0.000762449599
v -0.00280579825 -0.0057231111 4.29402462e-05
f 4750 4752 4751
v -0.0028445349 -0.00640257276 -0.000370502175
v -0.00280579825 -0.0057231111 4.29402462e-05
v -0.00292989753 -0.00614998062 -0.000762449599
f 4753 4755 4754
v -0.00194199602 -0.00642244195 0.000927024666
v -0.00228328317 -0.00615676981 0.000770592123
v -0.00234382296 -0.00653524112 0.000684979386
f 4756 4758 4757
v -0.00188255217 -0.00567291681 0.00103032671
v -0.00210299168 -0.00537809792 0.000866432492
v -0.00220771435 -0.00579285443 0.000834731691
f 4759 4761 4760
v 0.00177482198 -0.00616514153 -0.0012338488
v 0.00186682028 -0.00603058252 -0.00154937024
v 0.00187103142 -0.00588290131 -0.0012636363
f 4762 4764 4763
v 0.00186682028 -0.00603058252 -0.00154937024
v 0.00177482198 -0.00616514153 -0.0012338488
v 0.00163702389 -0.00625132016 -0.00150891574
f 4765 4767 4766
v 0.0015390804 -0.00593416407 -0.00180053848
v 0.00181006544 -0.00561609413 -0.00160233503
v 0.00160884792 -0.00594622215 -0.00178743285
f 4768 4770 4769
v 0.00181006544 -0.00561609413 -0.00160233503
v 0.00179468643 -0.00555400584 -0.00155773414
v 0.00187103142 -0.00588290131 -0.0012636363
f 4771 4773 4772
v 0.00181006544 -0.00561609413 -0.00160233503
v 0.00154568133 -0.00538653476 -0.00161064472
v 0.00170367966 -0.00527426018 -0.00140910724
f 4774 4776 4775
v 0.00165984038 -0.0055728422 -0.00167149938
v 0.00154568133 -0.00538653476 -0.00161064472
v 0.00181006544 -0.00561609413 -0.00160233503
f 4777 4779 4778
v 0.00187103142 -0.00588290131 -0.0012636363
v 0.00179468643 -0.00555400584 -0.00155773414
v 0.00170367966 -0.00527426018 -0.00140910724
f 4780 4782 4781
v 0.00179468643 -0.00555400584 -0.00155773414
v 0.00181006544 -0.00561609413 -0.00160233503
v 0.00170367966 -0.00527426018 -0.00140910724
f 4783 4785 4784
v 0.00100744774 -0.00604868255 -0.00191849758
v 0.00145717686 -0.00554457692 -0.00177424117
v 0.00119173383 -0.0060162125 -0.00187559453
f 4786 4788 4787
v 0.00145717686 -0.00554457692 -0.00177424117
v 0.00165984038 -0.0055728422 -0.00167149938
v 0.0015390804 -0.00593416407 -0.00180053848
f 4789 4791 4790
v 0.00187103142 -0.00588290131 -0.0012636363
v 0.00170367966 -0.00527426018 -0.00140910724
v 0.00166050086 -0.00514416788 -0.0013553602
f 4792 4794 4793
v 0.00187103142 -0.00588290131 -0.0012636363
v 0.00166050086 -0.00514416788 -0.0013553602
v 0.00182635831 -0.00549189535 -0.000981604262
f 4795 4797 4796
v 0.00182635831 -0.00549189535 -0.000981604262
v 0.00166050086 -0.00514416788 -0.0013553602
v 0.0016379583 -0.00480916024 -0.00104049832
f 4798 4800 4799
v 0.00154568133 -0.00538653476 -0.00161064472
v 0.00145717686 -0.00554457692 -0.00177424117
v 0.00151102604 -0.00531631522 -0.00165394977
f 4801 4803 4802
v 0.00145717686 -0.00554457692 -0.00177424117
v 0.00089596515 -0.0055143686 -0.00195713437
v 0.00107216929 -0.00525463365 -0.00182153271
f 4804 4806 4805
v 0.00151102604 -0.00531631522 -0.00165394977
v 0.00154700356 -0.0051517738 -0.00156742171
v 0.00154568133 -0.00538653476 -0.00161064472
f 4807 4809 4808
v 0.00166050086 -0.00514416788 -0.0013553602
v 0.00146993798 -0.00501863651 -0.00149887492
v 0.00162044489 -0.00500338647 -0.00134508819
f 4810 4812 4811
v 0.0016379583 -0.00480916024 -0.00104049832
v 0.00162044489 -0.00500338647 -0.00134508819
v 0.00151482609 -0.00462184435 -0.00132071473
f 4813 4815 4814
v 0.0012953974 -0.00494341621 -0.00164410721
v 0.00151482609 -0.00462184435 -0.00132071473
v 0.00162044489 -0.00500338647 -0.00134508819
f 4816 4818 4817
v 0.0012953974 -0.00494341621 -0.00164410721
v 0.00154700356 -0.0051517738 -0.00156742171
v 0.00145717686 -0.00554457692 -0.00177424117
f 4819 4821 4820
v 0.00151482609 -0.00462184435 -0.00132071473
v 0.0012953974 -0.00494341621 -0.00164410721
v 0.00133933963 -0.00441139309 -0.00148722611
f 4822 4824 4823
v 0.0012953974 -0.00494341621 -0.00164410721
v 0.00162044489 -0.00500338647 -0.00134508819
v 0.00146993798 -0.00501863651 -0.00149887492
f 4825 4827 4826
v 0.00154568133 -0.00538653476 -0.00161064472
v 0.00166050086 -0.00514416788 -0.0013553602
v 0.00170367966 -0.00527426018 -0.00140910724
f 4828 4830 4829
v 4.40009018e-05 -0.0081833372 -0.00263674956
v -4.24908592e-05 -0.00775110966 -0.00262796111
v 0.000400951649 -0.00782943534 -0.00241199323
f 4831 4833 4832
v -4.24908592e-05 -0.00775110966 -0.00262796111
v 4.40009018e-05 -0.0081833372 -0.00263674956
v -0.000438381448 -0.00828987395 -0.00277446488
f 4834 4836 4835
v -0.000612124541 -0.00867947383 -0.00280766799
v -0.000865075344 -0.0083582825 -0.00290603239
v -0.000438381448 -0.00828987395 -0.00277446488
f 4837 4839 4838
v -0.000372395925 -0.00865192123 -0.00272885973
v -0.000612124541 -0.00867947383 -0.00280766799
v -0.000438381448 -0.00828987395 -0.00277446488
f 4840 4842 4841
v -0.000865075344 -0.0083582825 -0.00290603239
v -0.00102999429 -0.00784174263 -0.00288959
v -0.000575381227 -0.00798478504 -0.002828982
f 4843 4845 4844
v 0.000622901098 -0.0062476669 -0.00211508395
v 0.00100744774 -0.00604868255 -0.00191849758
v 0.00120871728 -0.00651123919 -0.00173177359
f 4846 4848 4847
v 0.00131562147 -0.00616814796 -0.00171765714
v 0.00120871728 -0.00651123919 -0.00173177359
v 0.00100744774 -0.00604868255 -0.00191849758
f 4849 4851 4850
v 0.00131562147 -0.00616814796 -0.00171765714
v 0.00100744774 -0.00604868255 -0.00191849758
v 0.00119173383 -0.0060162125 -0.00187559453
f 4852 4854 4853
v 0.000350479127 -0.00730342217 -0.00234524123
v 0.000638538995 -0.00688302753 -0.00211745573
v 0.000777259265 -0.00736404108 -0.00207949852
f 4855 4857 4856
v -4.24908592e-05 -0.00775110966 -0.00262796111
v -0.000152265523 -0.00714019116 -0.00263112142
v 0.000350479127 -0.00730342217 -0.00234524123
f 4858 4860 4859
v 0.000638538995 -0.00688302753 -0.00211745573
v 0.000350479127 -0.00730342217 -0.00234524123
v 0.000248683523 -0.00668209541 -0.0023752189
f 4861 4863 4862
v 0.000622901098 -0.0062476669 -0.00211508395
v 0.000560161743 -0.00588930197 -0.00215031214
v 0.00100744774 -0.00604868255 -0.00191849758
f 4864 4866 4865
v 0.000104445803 -0.00599641244 -0.00243097747
v 0.000560161743 -0.00588930197 -0.00215031214
v 0.000622901098 -0.0062476669 -0.00211508395
f 4867 4869 4868
v 0.000560161743 -0.00588930197 -0.00215031214
v 0.00089596515 -0.0055143686 -0.00195713437
v 0.000765450659 -0.00582104294 -0.00201859366
f 4870 4872 4871
v 0.000765450659 -0.00582104294 -0.00201859366
v 0.00089596515 -0.0055143686 -0.00195713437
v 0.00100744774 -0.00604868255 -0.00191849758
f 4873 4875 4874
v 0.00107216929 -0.00525463365 -0.00182153271
v 0.00075248231 -0.00510497412 -0.00199849455
v 0.0012953974 -0.00494341621 -0.00164410721
f 4876 4878 4877
v 0.000560161743 -0.00588930197 -0.00215031214
v 0.000104445803 -0.00599641244 -0.00243097747
v 0.000479328855 -0.00546410483 -0.00217487795
f 4879 4881 4880
v 0.000104445803 -0.00599641244 -0.00243097747
v 0.000182186102 -0.00562753048 -0.00236512133
v 0.000479328855 -0.00546410483 -0.00217487795
f 4882 4884 4883
v -8.73956083e-05 -0.00535157378 -0.00245076099
v 0.000182186102 -0.00562753048 -0.00236512133
v 0.000104445803 -0.00599641244 -0.00243097747
f 4885 4887 4886
v 0.00089596515 -0.0055143686 -0.00195713437
v 0.000560161743 -0.00588930197 -0.00215031214
v 0.000479328855 -0.00546410483 -0.00217487795
f 4888 4890 4889
v -7.01482691e-05 -0.00677783319 -0.00259039425
v 3.7228773e-06 -0.00659125071 -0.0024989562
v 0.000248683523 -0.00668209541 -0.0023752189
f 4891 4893 4892
v -0.000152265523 -0.00714019116 -0.00263112142
v -0.000706458513 -0.00698102594 -0.00278284861
v -0.000378697428 -0.0068685411 -0.00271195258
f 4894 4896 4895
v -0.000706458513 -0.00698102594 -0.00278284861
v -0.000341513964 -0.00648653368 -0.00266929092
v -0.000378697428 -0.0068685411 -0.00271195258
f 4897 4899 4898
v -0.000299434214 -0.00612116128 -0.00264076916
v -0.000480278641 -0.00591581484 -0.00266988573
v 0.000104445803 -0.00599641244 -0.00243097747
f 4900 4902 4901
v -0.000706458513 -0.00698102594 -0.00278284861
v -0.00114392542 -0.00729172898 -0.00284602356
v -0.000811654991 -0.00626798501 -0.00274580216
f 4903 4905 4904
v -0.00133516451 -0.00663276587 -0.00277398176
v -0.000811654991 -0.00626798501 -0.00274580216
v -0.00114392542 -0.00729172898 -0.00284602356
f 4906 4908 4907
v -0.000674792909 -0.00719828604 -0.00280591394
v -0.00114392542 -0.00729172898 -0.00284602356
v -0.000706458513 -0.00698102594 -0.00278284861
f 4909 4911 4910
v 0.000595459278 -0.00409032618 0.000916480712
v 0.000694970595 -0.00475023662 0.000980178811
v 0.000747275908 -0.00463809338 0.000958619057
f 4912 4914 4913
v 0.000595459278 -0.00409032618 0.000916480712
v 0.000747275908 -0.00463809338 0.000958619057
v 0.00069588159 -0.0042210846 0.000921194987
f 4915 4917 4916
v 0.000248683523 -0.00668209541 -0.0023752189
v -0.000152265523 -0.00714019116 -0.00263112142
v -7.01482691e-05 -0.00677783319 -0.00259039425
f 4918 4920 4919
v -0.000341513964 -0.00648653368 -0.00266929092
v 3.7228773e-06 -0.00659125071 -0.0024989562
v -7.01482691e-05 -0.00677783319 -0.00259039425
f 4921 4923 4922
v -0.000706458513 -0.00698102594 -0.00278284861
v -0.000811654991 -0.00626798501 -0.00274580216
v -0.000341513964 -0.00648653368 -0.00266929092
f 4924 4926 4925
v 0.000330093894 -0.00488853439 -0.00216270237
v 0.00075248231 -0.00510497412 -0.00199849455
v 0.000479328855 -0.00546410483 -0.00217487795
f 4927 4929 4928
v 0.00102207396 -0.00467894679 -0.00178698538
v 0.000665486868 -0.00428548519 -0.00188370377
v 0.00106975767 -0.00436529808 -0.00168453807
f 4930 4932 4931
v 0.00075248231 -0.00510497412 -0.00199849455
v 0.000330093894 -0.00488853439 -0.00216270237
v 0.00102207396 -0.00467894679 -0.00178698538
f 4933 4935 4934
v 0.000182186102 -0.00562753048 -0.00236512133
v -8.73956083e-05 -0.00535157378 -0.00245076099
v 0.000479328855 -0.00546410483 -0.00217487795
f 4936 4938 4937
v 0.000479328855 -0.00546410483 -0.00217487795
v -8.73956083e-05 -0.00535157378 -0.00245076099
v 0.000302393096 -0.00526772674 -0.00224834348
f 4939 4941 4940
v -0.000328139708 -0.0050285038 -0.00249968252
v 0.000330093894 -0.00488853439 -0.00216270237
v 0.000302393096 -0.00526772674 -0.00224834348
f 4942 4944 4943
v -0.000328139708 -0.0050285038 -0.00249968252
v 0.000665486868 -0.00428548519 -0.00188370377
v 0.000330093894 -0.00488853439 -0.00216270237
f 4945 4947 4946
v -0.00036375568 -0.0041709176 -0.00232085004
v 0.000665486868 -0.00428548519 -0.00188370377
v -0.000328139708 -0.0050285038 -0.00249968252
f 4948 4950 4949
v -0.000602849195 -0.00618862468 -0.00272630659
v -0.000811654991 -0.00626798501 -0.00274580216
v -0.000480278641 -0.00591581484 -0.00266988573
f 4951 4953 4952
v -0.000811654991 -0.00626798501 -0.00274580216
v -0.00053809822 -0.00558102256 -0.00264405808
v -0.000480278641 -0.00591581484 -0.00266988573
f 4954 4956 4955
v -0.00053809822 -0.00558102256 -0.00264405808
v -8.73956083e-05 -0.00535157378 -0.00245076099
v -0.000480278641 -0.00591581484 -0.00266988573
f 4957 4959 4958
v -0.00053809822 -0.00558102256 -0.00264405808
v -0.000614940382 -0.00514866151 -0.00260014986
v -8.73956083e-05 -0.00535157378 -0.00245076099
f 4960 4962 4961
v -0.000779661877 -0.00442324235 -0.00250799621
v -0.000328139708 -0.0050285038 -0.00249968252
v -0.000614940382 -0.00514866151 -0.00260014986
f 4963 4965 4964
v -0.00153965393 -0.00560324552 -0.00275599978
v -0.0010390856 -0.00548975659 -0.00272184825
v -0.00143166117 -0.00601476386 -0.00277007639
f 4966 4968 4967
v -0.0010390856 -0.00548975659 -0.00272184825
v -0.000779661877 -0.00442324235 -0.00250799621
v -0.000614940382 -0.00514866151 -0.00260014986
f 4969 4971 4970
v -0.00127218937 -0.00429859465 -0.00255948216
v -0.00081431499 -0.00408873602 -0.00247344524
v -0.000779661877 -0.00442324235 -0.00250799621
f 4972 4974 4973
v -0.00153965393 -0.00560324552 -0.00275599978
v -0.00114246459 -0.00457931928 -0.00259156277
v -0.0010390856 -0.00548975659 -0.00272184825
f 4975 4977 4976
v -0.00153965393 -0.00560324552 -0.00275599978
v -0.00165115689 -0.00484703705 -0.00261320329
v -0.00114246459 -0.00457931928 -0.00259156277
f 4978 4980 4979
v -0.00127218937 -0.00429859465 -0.00255948216
v -0.00165115689 -0.00484703705 -0.00261320329
v -0.0017442544 -0.00439990072 -0.00253029157
f 4981 4983 4982
v -0.000811654991 -0.00626798501 -0.00274580216
v -0.0010390856 -0.00548975659 -0.00272184825
v -0.00053809822 -0.00558102256 -0.00264405808
f 4984 4986 4985
v -0.00114246459 -0.00457931928 -0.00259156277
v -0.00127218937 -0.00429859465 -0.00255948216
v -0.000779661877 -0.00442324235 -0.00250799621
f 4987 4989 4988
v 0.00075248231 -0.00510497412 -0.00199849455
v 0.00102207396 -0.00467894679 -0.00178698538
v 0.0012953974 -0.00494341621 -0.00164410721
f 4990 4992 4991
v 0.000104445803 -0.00599641244 -0.00243097747
v -0.000480278641 -0.00591581484 -0.00266988573
v -0.000124698033 -0.00572928075 -0.00253302478
f 4993 4995 4994
v -0.000811654991 -0.00626798501 -0.00274580216
v -0.00143166117 -0.00601476386 -0.00277007639
v -0.0010390856 -0.00548975659 -0.00272184825
f 4996 4998 4997
v 0.00100744774 -0.00604868255 -0.00191849758
v 0.00089596515 -0.0055143686 -0.00195713437
v 0.00145717686 -0.00554457692 -0.00177424117
f 4999 5001 5000
v 0.00154690315 -0.00433456953 -5.08347512e-05
v 0.00159178271 -0.00429260035 -0.000382392454
v 0.00134788852 -0.00321047155 -0.000164440189
f 5002 5004 5003
v 0.00175238019 -0.00512415063 -0.000740546602
v 0.0016379583 -0.00480916024 -0.00104049832
v 0.00144677988 -0.00411541441 -0.00118351227
f 5005 5007 5006
v 0.00151482609 -0.00462184435 -0.00132071473
v 0.0014056086 -0.00431617809 -0.0013315328
v 0.00144677988 -0.00411541441 -0.00118351227
f 5008 5010 5009
v 0.0014056086 -0.00431617809 -0.0013315328
v 0.00133933963 -0.00441139309 -0.00148722611
v 0.00138223131 -0.00419145399 -0.00140216889
f 5011 5013 5012
v 0.00133933963 -0.00441139309 -0.00148722611
v 0.0014056086 -0.00431617809 -0.0013315328
v 0.00151482609 -0.00462184435 -0.00132071473
f 5014 5016 5015
v 0.00159178271 -0.00429260035 -0.000382392454
v 0.00144820397 -0.00374483607 -0.000816689408
v 0.00139894619 -0.00337739039 -0.000512472707
f 5017 5019 5018
v 0.00144820397 -0.00374483607 -0.000816689408
v 0.00131383931 -0.00359308797 -0.00114080849
v 0.00123571754 -0.00308073322 -0.000922649724
f 5020 5022 5021
v 0.00138993155 -0.00402820515 0.000247840399
v 0.001163863 -0.00378969708 0.000471120893
v 0.00126295172 -0.00402976475 0.00046162786
f 5023 5025 5024
v 0.00101699225 -0.00372083668 0.000616901798
v 0.001163863 -0.00378969708 0.000471120893
v 0.00102769145 -0.0036693149 0.000597538747
f 5026 5028 5027
v 0.00113716778 -0.00352831448 0.00043160826
v 0.00102769145 -0.0036693149 0.000597538747
v 0.00127552539 -0.00362123537 0.000340628503
f 5029 5031 5030
v 0.00102769145 -0.0036693149 0.000597538747
v 0.00113716778 -0.00352831448 0.00043160826
v 0.00107963006 -0.00352179923 0.000530746547
f 5032 5034 5033
v 0.00107963006 -0.00352179923 0.000530746547
v 0.000817638374 -0.00336651647 0.000682161408
v 0.00102769145 -0.0036693149 0.000597538747
f 5035 5037 5036
v 0.0009075452 -0.00300939973 0.00053070271
v 0.000451900178 -0.00342516687 0.000841200381
v 0.000817638374 -0.00336651647 0.000682161408
f 5038 5040 5039
v 0.00125702954 -0.00334353535 0.000227734199
v 0.00114325112 -0.00298703308 0.000296887083
v 0.00111577501 -0.00319196297 0.000347100467
f 5041 5043 5042
v 0.0009075452 -0.00300939973 0.00053070271
v 0.000545292869 -0.00306031397 0.00075420794
v 0.000451900178 -0.00342516687 0.000841200381
f 5044 5046 5045
v 0.0009075452 -0.00300939973 0.00053070271
v 0.000817638374 -0.00336651647 0.000682161408
v 0.00107963006 -0.00352179923 0.000530746547
f 5047 5049 5048
v 0.00134788852 -0.00321047155 -0.000164440189
v 0.00139894619 -0.00337739039 -0.000512472707
v 0.00123488962 -0.00259847766 -0.00058662813
f 5050 5052 5051
v 0.00134788852 -0.00321047155 -0.000164440189
v 0.00123488962 -0.00259847766 -0.00058662813
v 0.00115123285 -0.00225547792 -0.000287209559
f 5053 5055 5054
v 0.00123571754 -0.00308073322 -0.000922649724
v 0.00123488962 -0.00259847766 -0.00058662813
v 0.00139894619 -0.00337739039 -0.000512472707
f 5056 5058 5057
v 0.00134788852 -0.00321047155 -0.000164440189
v 0.00112314037 -0.00266962506 0.000142292993
v 0.00125702954 -0.00334353535 0.000227734199
f 5059 5061 5060
v 0.00114325112 -0.00298703308 0.000296887083
v 0.00112314037 -0.00266962506 0.000142292993
v 0.0010201813 -0.00283708378 0.000333921435
f 5062 5064 5063
v 0.00112314037 -0.00266962506 0.000142292993
v 0.000997159441 -0.00232148614 0.000208556412
v 0.00105297731 -0.00258635937 0.000198941416
f 5065 5067 5066
v 0.00112314037 -0.00266962506 0.000142292993
v 0.00134788852 -0.00321047155 -0.000164440189
v 0.00115123285 -0.00225547792 -0.000287209559
f 5068 5070 5069
v 0.0009075452 -0.00300939973 0.00053070271
v 0.00114325112 -0.00298703308 0.000296887083
v 0.0010201813 -0.00283708378 0.000333921435
f 5071 5073 5072
v 0.00126679297 -0.00401484976 -0.00137783827
v 0.0011219664 -0.00392991678 -0.00152797038
v 0.00134966049 -0.00388275657 -0.00129931004
f 5074 5076 5075
v 0.00126679297 -0.00401484976 -0.00137783827
v 0.0012948999 -0.00411799228 -0.00146246748
v 0.0011219664 -0.00392991678 -0.00152797038
f 5077 5079 5078
v 0.000971801546 -0.00390002533 -0.00160852906
v 0.0011219664 -0.00392991678 -0.00152797038
v 0.000791681032 -0.00398411212 -0.00175455916
f 5080 5082 5081
v 0.0011219664 -0.00392991678 -0.00152797038
v 0.000971801546 -0.00390002533 -0.00160852906
v 0.000852149697 -0.00366585227 -0.00163507466
f 5083 5085 5084
v 0.0011219664 -0.00392991678 -0.00152797038
v 0.0012948999 -0.00411799228 -0.00146246748
v 0.00133933963 -0.00441139309 -0.00148722611
f 5086 5088 5087
v 0.000665486868 -0.00428548519 -0.00188370377
v 0.000791681032 -0.00398411212 -0.00175455916
v 0.0011219664 -0.00392991678 -0.00152797038
f 5089 5091 5090
v 0.00134966049 -0.00388275657 -0.00129931004
v 0.00131383931 -0.00359308797 -0.00114080849
v 0.00144677988 -0.00411541441 -0.00118351227
f 5092 5094 5093
v 0.0011219664 -0.00392991678 -0.00152797038
v 0.00112039315 -0.00338460159 -0.00130020217
v 0.00131383931 -0.00359308797 -0.00114080849
f 5095 5097 5096
v 0.00131383931 -0.00359308797 -0.00114080849
v 0.00112039315 -0.00338460159 -0.00130020217
v 0.00123571754 -0.00308073322 -0.000922649724
f 5098 5100 5099
v 0.000861476383 -0.00336430494 -0.00149702037
v 0.00112039315 -0.00338460159 -0.00130020217
v 0.0011219664 -0.00392991678 -0.00152797038
f 5101 5103 5102
v 0.00047309677 -0.00326399859 -0.00169207924
v 0.000888957402 -0.00287211733 -0.00130008939
v 0.000861476383 -0.00336430494 -0.00149702037
f 5104 5106 5105
v 0.000861476383 -0.00336430494 -0.00149702037
v 0.000888957402 -0.00287211733 -0.00130008939
v 0.00112039315 -0.00338460159 -0.00130020217
f 5107 5109 5108
v 0.00115123285 -0.00225547792 -0.000287209559
v 0.00123488962 -0.00259847766 -0.00058662813
v 0.00113986389 -0.00221570936 -0.000312013026
f 5110 5112 5111
v 0.00102226259 -0.00294562396 -0.00115754228
v 0.00111840391 -0.00279565757 -0.00104484752
v 0.00123571754 -0.00308073322 -0.000922649724
f 5113 5115 5114
v 0.00115123285 -0.00225547792 -0.000287209559
v 0.00113910155 -0.00221588616 -0.000312006114
v 0.00113261021 -0.0021870359 -0.000303103434
f 5116 5118 5117
v 0.000888957402 -0.00287211733 -0.00130008939
v 0.000836688741 -0.00234619365 -0.00126544455
v 0.000955340238 -0.00248246215 -0.00117415493
f 5119 5121 5120
v 0.000955340238 -0.00248246215 -0.00117415493
v 0.000910724884 -0.00231981467 -0.00115194116
v 0.0010845416 -0.00243668528 -0.00096773274
f 5122 5124 5123
v 0.000836688741 -0.00234619365 -0.00126544455
v 0.000910724884 -0.00231981467 -0.00115194116
v 0.000955340238 -0.00248246215 -0.00117415493
f 5125 5127 5126
v 0.000728040095 -0.00219840131 -0.00134327274
v 0.000836688741 -0.00234619365 -0.00126544455
v 0.000888957402 -0.00287211733 -0.00130008939
f 5128 5130 5129
v 0.000888957402 -0.00287211733 -0.00130008939
v 0.000955340238 -0.00248246215 -0.00117415493
v 0.0010845416 -0.00243668528 -0.00096773274
f 5131 5133 5132
v 0.00089797104 -0.00174057641 -0.00102563272
v 0.00104296205 -0.00184680557 -0.000611656651
v 0.0010845416 -0.00243668528 -0.00096773274
f 5134 5136 5135
v 0.000829933742 -0.0019374369 -0.00115626499
v 0.000779795391 -0.00178704468 -0.00122352212
v 0.00089797104 -0.00174057641 -0.00102563272
f 5137 5139 5138
v 0.000829933742 -0.0019374369 -0.00115626499
v 0.000728040095 -0.00219840131 -0.00134327274
v 0.000779795391 -0.00178704468 -0.00122352212
f 5140 5142 5141
v 0.00102226259 -0.00294562396 -0.00115754228
v 0.000888957402 -0.00287211733 -0.00130008939
v 0.00111840391 -0.00279565757 -0.00104484752
f 5143 5145 5144
v 0.000829933742 -0.0019374369 -0.00115626499
v 0.00089797104 -0.00174057641 -0.00102563272
v 0.000964757328 -0.00211883889 -0.0010883653
f 5146 5148 5147
v 0.00113910155 -0.00221588616 -0.000312006114
v 0.00113986389 -0.00221570936 -0.000312013026
v 0.00123488962 -0.00259847766 -0.00058662813
f 5149 5151 5150
v 0.00134788852 -0.00321047155 -0.000164440189
v 0.00138993155 -0.00402820515 0.000247840399
v 0.00154690315 -0.00433456953 -5.08347512e-05
f 5152 5154 5153
v 0.000763932985 -0.00234351955 0.000446708691
v 0.000318443813 -0.00274959402 0.000773901411
v 0.000662429647 -0.00269498323 0.000609050494
f 5155 5157 5156
v 0.000888481009 -0.00251415695 0.000403957529
v 0.000763932985 -0.00234351955 0.000446708691
v 0.000989824457 -0.00265398667 0.000372900922
f 5158 5160 5159
v 0.000763932985 -0.00234351955 0.000446708691
v 0.000662429647 -0.00269498323 0.000609050494
v 0.000989824457 -0.00265398667 0.000372900922
f 5161 5163 5162
v 0.000997159441 -0.00232148614 0.000208556412
v 0.00112314037 -0.00266962506 0.000142292993
v 0.000970732799 -0.00200195718 6.83702638e-05
f 5164 5166 5165
v 0.000997159441 -0.00232148614 0.000208556412
v 0.000866775827 -0.0021774802 0.000261344485
v 0.000763932985 -0.00234351955 0.000446708691
f 5167 5169 5168
v 0.000523119525 -0.00201812727 0.000547467334
v 0.000193576284 -0.00205087545 0.000711325265
v 0.000763932985 -0.00234351955 0.000446708691
f 5170 5172 5171
v 0.000989824457 -0.00265398667 0.000372900922
v 0.00105297731 -0.00258635937 0.000198941416
v 0.000888481009 -0.00251415695 0.000403957529
f 5173 5175 5174
v 0.00115123285 -0.00225547792 -0.000287209559
v 0.000965209983 -0.00194823151 5.60234184e-05
v 0.000970732799 -0.00200195718 6.83702638e-05
f 5176 5178 5177
v 0.000970732799 -0.00200195718 6.83702638e-05
v 0.000866775827 -0.0021774802 0.000261344485
v 0.000997159441 -0.00232148614 0.000208556412
f 5179 5181 5180
v 0.000970732799 -0.00200195718 6.83702638e-05
v 0.000965209983 -0.00194823151 5.60234184e-05
v 0.000846815237 -0.00200201721 0.000293085486
f 5182 5184 5183
v 0.00113261021 -0.0021870359 -0.000303103434
v 0.000991495108 -0.00163970653 -0.000359226715
v 0.000965209983 -0.00194823151 5.60234184e-05
f 5185 5187 5186
v 0.000860584987 -0.00163342993 0.000137633106
v 0.000965209983 -0.00194823151 5.60234184e-05
v 0.000827472468 -0.00131131201 -1.28726256e-05
f 5188 5190 5189
v 0.000991495108 -0.00163970653 -0.000359226715
v 0.000827472468 -0.00131131201 -1.28726256e-05
v 0.000965209983 -0.00194823151 5.60234184e-05
f 5191 5193 5192
v 0.000860584987 -0.00163342993 0.000137633106
v 0.000621894651 -0.00166897862 0.000393423852
v 0.000698174017 -0.00174278885 0.000332207219
f 5194 5196 5195
v 0.000621894651 -0.00166897862 0.000393423852
v 0.000386942656 -0.00134695256 0.00048785887
v 8.15561634e-05 -0.0014215474 0.000652887138
f 5197 5199 5198
v 0.000860584987 -0.00163342993 0.000137633106
v 0.000761509045 -0.00144234082 0.000133024605
v 0.000621894651 -0.00166897862 0.000393423852
f 5200 5202 5201
v 0.000718765978 -0.00130909511 0.000233460923
v 0.000761509045 -0.00144234082 0.000133024605
v 0.000827472468 -0.00131131201 -1.28726256e-05
f 5203 5205 5204
v 0.000761509045 -0.00144234082 0.000133024605
v 0.000718765978 -0.00130909511 0.000233460923
v 0.0006800145 -0.00144324276 0.000292941513
f 5206 5208 5207
v 0.000597633561 -0.00116773945 0.000275165166
v 0.000718765978 -0.00130909511 0.000233460923
v 0.000827472468 -0.00131131201 -1.28726256e-05
f 5209 5211 5210
v 0.000386942656 -0.00134695256 0.00048785887
v 0.000621894651 -0.00166897862 0.000393423852
v 0.000471178009 -0.00100716316 0.000318283764
f 5212 5214 5213
v 0.0006800145 -0.00144324276 0.000292941513
v 0.000621894651 -0.00166897862 0.000393423852
v 0.000761509045 -0.00144234082 0.000133024605
f 5215 5217 5216
v 0.00089797104 -0.00174057641 -0.00102563272
v 0.000764391098 -0.00124319749 -0.000983282825
v 0.000884025758 -0.00139544973 -0.000740919904
f 5218 5220 5219
v 0.000706912897 -0.000994297261 7.159897e-05
v 0.000689496937 -0.00118425942 0.000118694334
v 0.000827472468 -0.00131131201 -1.28726256e-05
f 5221 5223 5222
v 0.000689496937 -0.00118425942 0.000118694334
v 0.000510526934 -0.0010033028 0.000269819157
v 0.000471178009 -0.00100716316 0.000318283764
f 5224 5226 5225
v 0.000600438625 -0.000819536126 -1.14905676e-06
v 0.000510526934 -0.0010033028 0.000269819157
v 0.000706912897 -0.000994297261 7.159897e-05
f 5227 5229 5228
v 0.000706912897 -0.000994297261 7.159897e-05
v 0.000510526934 -0.0010033028 0.000269819157
v 0.000689496937 -0.00118425942 0.000118694334
f 5230 5232 5231
v 0.000827472468 -0.00131131201 -1.28726256e-05
v 0.000795068081 -0.00100246043 -0.000442700866
v 0.000669247856 -0.000722796722 -0.000191203935
f 5233 5235 5234
v 0.000600438625 -0.000819536126 -1.14905676e-06
v 0.000669247856 -0.000722796722 -0.000191203935
v 0.000533531647 -0.000570170505 -3.41206942e-05
f 5236 5238 5237
v 0.000706912897 -0.000994297261 7.159897e-05
v 0.000669247856 -0.000722796722 -0.000191203935
v 0.000600438625 -0.000819536126 -1.14905676e-06
f 5239 5241 5240
v 0.000471178009 -0.00100716316 0.000318283764
v 0.000152357916 -0.00102992371 0.000556237865
v 7.86019882e-05 -0.00134871725 0.000637383437
f 5242 5244 5243
v 0.000471178009 -0.00100716316 0.000318283764
v 0.000510526934 -0.0010033028 0.000269819157
v 0.000258428281 -0.000403869262 0.000162753076
f 5245 5247 5246
v 0.000154389352 -0.000392272932 0.000224513951
v -9.66589141e-05 -0.000768466361 0.000539744906
v 0.000233260926 -0.000730961801 0.000366383574
f 5248 5250 5249
v 0.000600438625 -0.000819536126 -1.14905676e-06
v 0.000533531647 -0.000570170505 -3.41206942e-05
v 0.000510526934 -0.0010033028 0.000269819157
f 5251 5253 5252
v 0.000669247856 -0.000722796722 -0.000191203935
v 0.000522887058 -0.000522212167 -0.000126084478
v 0.000533531647 -0.000570170505 -3.41206942e-05
f 5254 5256 5255
v 0.000346778461 -0.000454774727 9.19222657e-05
v 0.000258428281 -0.000403869262 0.000162753076
v 0.000510526934 -0.0010033028 0.000269819157
f 5257 5259 5258
v 0.000429256579 -0.000505422577 3.18502316e-05
v 0.000522887058 -0.000522212167 -0.000126084478
v 0.000256599583 -0.00059641402 -0.000164229095
f 5260 5262 5261
v 0.000256599583 -0.00059641402 -0.000164229095
v 0.000346778461 -0.000454774727 9.19222657e-05
v 0.000429256579 -0.000505422577 3.18502316e-05
f 5263 5265 5264
v 0.000154389352 -0.000392272932 0.000224513951
v 7.40313908e-05 -0.000401453826 0.000254688439
v 7.41975896e-05 -0.000454020801 0.000304137666
f 5266 5268 5267
v 0.000154389352 -0.000392272932 0.000224513951
v 7.41975896e-05 -0.000454020801 0.000304137666
v -7.38944607e-05 -0.000594221319 0.000461045602
f 5269 5271 5270
v 0.000154389352 -0.000392272932 0.000224513951
v 0.000216253011 -0.000413042471 0.00017841503
v 0.000207326843 -0.000395210918 0.000189840011
f 5272 5274 5273
v 0.000258428281 -0.000403869262 0.000162753076
v 0.000218469609 -0.000380524034 0.000175031164
v 0.000207326843 -0.000395210918 0.000189840011
f 5275 5277 5276
v 0.000216253011 -0.000413042471 0.00017841503
v 0.000258428281 -0.000403869262 0.000162753076
v 0.000207326843 -0.000395210918 0.000189840011
f 5278 5280 5279
v 0.000258428281 -0.000403869262 0.000162753076
v 0.000346778461 -0.000454774727 9.19222657e-05
v 0.000198236648 -0.000432166962 0.000143787202
f 5281 5283 5282
v 0.000233260926 -0.000730961801 0.000366383574
v 0.000258428281 -0.000403869262 0.000162753076
v 0.000154389352 -0.000392272932 0.000224513951
f 5284 5286 5285
v 0.000763932985 -0.00234351955 0.000446708691
v 0.000846815237 -0.00200201721 0.000293085486
v 0.000621894651 -0.00166897862 0.000393423852
f 5287 5289 5288
v 0.000817638374 -0.00336651647 0.000682161408
v 0.000451900178 -0.00342516687 0.000841200381
v 0.00102769145 -0.0036693149 0.000597538747
f 5290 5292 5291
v 0.00102769145 -0.0036693149 0.000597538747
v 0.000451900178 -0.00342516687 0.000841200381
v 0.000670011241 -0.00373770017 0.000832609658
f 5293 5295 5294
v -0.000164913581 -0.0030678857 0.000936582182
v -0.000569542681 -0.0032217602 0.000982626079
v -8.90008039e-05 -0.0037822967 0.0010030124
f 5296 5298 5297
v -0.00104222854 -0.00370598282 0.000981961239
v -0.00214409956 -0.00327440612 0.000741047188
v -0.00197892223 -0.00394965209 0.000797042412
f 5299 5301 5300
v 0.000583959809 -0.00378577315 -0.00179660929
v 0.000791681032 -0.00398411212 -0.00175455916
v 0.000665486868 -0.00428548519 -0.00188370377
f 5302 5304 5303
v 0.000583959809 -0.00378577315 -0.00179660929
v 0.000971801546 -0.00390002533 -0.00160852906
v 0.000791681032 -0.00398411212 -0.00175455916
f 5305 5307 5306
v 0.000852149697 -0.00366585227 -0.00163507466
v 0.000583959809 -0.00378577315 -0.00179660929
v 0.000861476383 -0.00336430494 -0.00149702037
f 5308 5310 5309
v -0.000482227415 -0.00361635393 -0.00228005738
v 7.87947556e-05 -0.00369231566 -0.00200143768
v -0.00036375568 -0.0041709176 -0.00232085004
f 5311 5313 5312
v -0.000482227415 -0.00361635393 -0.00228005738
v -0.00012693979 -0.00354197618 -0.002067487
v 7.87947556e-05 -0.00369231566 -0.00200143768
f 5314 5316 5315
v -7.65408231e-05 -0.00315827638 -0.00198979833
v 7.87947556e-05 -0.00369231566 -0.00200143768
v -0.00012693979 -0.00354197618 -0.002067487
f 5317 5319 5318
v -0.000482227415 -0.00361635393 -0.00228005738
v -7.65408231e-05 -0.00315827638 -0.00198979833
v -0.00012693979 -0.00354197618 -0.002067487
f 5320 5322 5321
v 0.000326679242 -0.00267874548 -0.00170046205
v 0.00047309677 -0.00326399859 -0.00169207924
v 0.000276271066 -0.00306638576 -0.00176720278
f 5323 5325 5324
v -0.00081431499 -0.00408873602 -0.00247344524
v -0.000931355316 -0.00373669318 -0.00247495245
v -0.000482227415 -0.00361635393 -0.00228005738
f 5326 5328 5327
v -0.000779661877 -0.00442324235 -0.00250799621
v -0.00081431499 -0.00408873602 -0.00247344524
v -0.00036375568 -0.0041709176 -0.00232085004
f 5329 5331 5330
v 0.000451900178 -0.00342516687 0.000841200381
v 0.000213500311 -0.00311392469 0.000865584479
v -0.000164913581 -0.0030678857 0.000936582182
f 5332 5334 5333
v -0.0017442544 -0.00439990072 -0.00253029157
v -0.00138865962 -0.00394774142 -0.00254401984
v -0.00127218937 -0.00429859465 -0.00255948216
f 5335 5337 5336
v -0.000740348605 -0.00253442286 0.000856998122
v -0.000569542681 -0.0032217602 0.000982626079
v -0.000164913581 -0.0030678857 0.000936582182
f 5338 5340 5339
v 0.000193576284 -0.00205087545 0.000711325265
v 8.96409063e-05 -0.00243666109 0.000795669257
v 0.000318443813 -0.00274959402 0.000773901411
f 5341 5343 5342
v 0.000193576284 -0.00205087545 0.000711325265
v -0.000420677725 -0.00179006274 0.000808056211
v -0.000250281937 -0.00248056404 0.000842855661
f 5344 5346 5345
v -0.000250281937 -0.00248056404 0.000842855661
v -0.000985374027 -0.00136391509 0.000781289054
v -0.000740348605 -0.00253442286 0.000856998122
f 5347 5349 5348
v -0.000420677725 -0.00179006274 0.000808056211
v -0.000985374027 -0.00136391509 0.000781289054
v -0.000250281937 -0.00248056404 0.000842855661
f 5350 5352 5351
v -0.000740348605 -0.00253442286 0.000856998122
v -0.00147935871 -0.00262714329 0.000819814159
v -0.000569542681 -0.0032217602 0.000982626079
f 5353 5355 5354
v -0.000569542681 -0.0032217602 0.000982626079
v -0.00147935871 -0.00262714329 0.000819814159
v -0.00119399556 -0.0032164553 0.00090877711
f 5356 5358 5357
v -0.000985374027 -0.00136391509 0.000781289054
v -0.00147935871 -0.00262714329 0.000819814159
v -0.000740348605 -0.00253442286 0.000856998122
f 5359 5361 5360
v 7.86019882e-05 -0.00134871725 0.000637383437
v 8.15561634e-05 -0.0014215474 0.000652887138
v 0.000386942656 -0.00134695256 0.00048785887
f 5362 5364 5363
v 8.15561634e-05 -0.0014215474 0.000652887138
v -0.000420677725 -0.00179006274 0.000808056211
v -2.98506592e-05 -0.00175398454 0.000744474164
f 5365 5367 5366
v -0.000514829298 -0.0011664576 0.000733748857
v -0.000420677725 -0.00179006274 0.000808056211
v 8.15561634e-05 -0.0014215474 0.000652887138
f 5368 5370 5369
v -9.66589141e-05 -0.000768466361 0.000539744906
v -0.000165816618 -0.00109134207 0.000660041405
v 7.86019882e-05 -0.00134871725 0.000637383437
f 5371 5373 5372
v 0.000152357916 -0.00102992371 0.000556237865
v -9.66589141e-05 -0.000768466361 0.000539744906
v 7.86019882e-05 -0.00134871725 0.000637383437
f 5374 5376 5375
v -0.000165816618 -0.00109134207 0.000660041405
v -9.66589141e-05 -0.000768466361 0.000539744906
v -0.000514829298 -0.0011664576 0.000733748857
f 5377 5379 5378
v -0.000605689866 -0.000831604939 0.000672633178
v -0.000690572278 -0.000806132994 0.000636018376
v -0.00105984827 -0.000939331767 0.000717472903
f 5380 5382 5381
v -0.000690572278 -0.000806132994 0.000636018376
v -0.000786708097 -0.000850536799 0.000652773269
v -0.00105984827 -0.000939331767 0.000717472903
f 5383 5385 5384
v -0.000263651282 -0.000569368285 0.000476274636
v -0.000249068057 -0.000623954702 0.000543399983
v -7.38944607e-05 -0.000594221319 0.000461045602
f 5386 5388 5387
v -5.52623533e-05 -0.000466247775 0.000399477176
v -0.000354174858 -0.000549805827 0.000411369365
v -0.000263651282 -0.000569368285 0.000476274636
f 5389 5391 5390
v -0.000249068057 -0.000623954702 0.000543399983
v -0.000331215597 -0.000542414546 0.000542138605
v -0.000427841587 -0.000522087794 0.000562800233
f 5392 5394 5393
v -0.000331215597 -0.000542414546 0.000542138605
v -0.000249068057 -0.000623954702 0.000543399983
v -0.000263651282 -0.000569368285 0.000476274636
f 5395 5397 5396
v -0.000263651282 -0.000569368285 0.000476274636
v -0.000354174858 -0.000549805827 0.000411369365
v -0.000427841587 -0.000522087794 0.000562800233
f 5398 5400 5399
v -0.000249068057 -0.000623954702 0.000543399983
v -0.000427841587 -0.000522087794 0.000562800233
v -9.66589141e-05 -0.000768466361 0.000539744906
f 5401 5403 5402
v -0.000264118739 -0.000768490463 -0.000211023462
v -0.000180945904 -0.000605363084 0.000129678028
v 2.88461592e-05 -0.0005838177 -1.75818059e-05
f 5404 5406 5405
v 4.29913513e-05 -0.000432392289 0.00029511275
v 7.40313908e-05 -0.000401453826 0.000254688439
v -6.76443733e-05 -0.000498450436 0.000287657713
f 5407 5409 5408
v 7.41975896e-05 -0.000454020801 0.000304137666
v -2.5029874e-05 -0.000402359728 0.000361419461
v -5.52623533e-05 -0.000466247775 0.000399477176
f 5410 5412 5411
v 7.40313908e-05 -0.000401453826 0.000254688439
v -0.000180945904 -0.000605363084 0.000129678028
v -6.76443733e-05 -0.000498450436 0.000287657713
f 5413 5415 5414
v -6.76443733e-05 -0.000498450436 0.000287657713
v -5.52623533e-05 -0.000466247775 0.000399477176
v -2.5029874e-05 -0.000402359728 0.000361419461
f 5416 5418 5417
v -2.5029874e-05 -0.000402359728 0.000361419461
v 7.41975896e-05 -0.000454020801 0.000304137666
v 3.88139426e-05 -0.000415693967 0.000308120161
f 5419 5421 5420
v -0.000180945904 -0.000605363084 0.000129678028
v 7.40313908e-05 -0.000401453826 0.000254688439
v 2.88461592e-05 -0.0005838177 -1.75818059e-05
f 5422 5424 5423
v 7.41975896e-05 -0.000454020801 0.000304137666
v 4.29913513e-05 -0.000432392289 0.00029511275
v 3.88139426e-05 -0.000415693967 0.000308120161
f 5425 5427 5426
v -6.76443733e-05 -0.000498450436 0.000287657713
v -0.000354174858 -0.000549805827 0.000411369365
v -5.52623533e-05 -0.000466247775 0.000399477176
f 5428 5430 5429
v -0.000636841878 -0.000644304782 0.000367594021
v -0.000180945904 -0.000605363084 0.000129678028
v -0.000830375484 -0.000932506737 -0.000130941999
f 5431 5433 5432
v -0.000180945904 -0.000605363084 0.000129678028
v -0.000636841878 -0.000644304782 0.000367594021
v -0.000354174858 -0.000549805827 0.000411369365
f 5434 5436 5435
v -0.000636841878 -0.000644304782 0.000367594021
v -0.000596512609 -0.000557396334 0.000523447216
v -0.000354174858 -0.000549805827 0.000411369365
f 5437 5439 5438
v -0.000507640016 -0.000515279362 0.000581736549
v -0.000596512609 -0.000557396334 0.000523447216
v -0.000602411046 -0.000534952187 0.000609677591
f 5440 5442 5441
v -0.000427841587 -0.000522087794 0.000562800233
v -0.000507640016 -0.000515279362 0.000581736549
v -0.000602411046 -0.000534952187 0.000609677591
f 5443 5445 5444
v -0.000602259934 -0.000638664415 0.00062922818
v -0.000739960842 -0.00073532924 0.00053388294
v -0.000690572278 -0.000806132994 0.000636018376
f 5446 5448 5447
v -0.000605689866 -0.000831604939 0.000672633178
v -0.000602259934 -0.000638664415 0.00062922818
v -0.000690572278 -0.000806132994 0.000636018376
f 5449 5451 5450
v -0.000786708097 -0.000850536799 0.000652773269
v -0.000739960842 -0.00073532924 0.00053388294
v -0.000883113262 -0.000865768016 0.000543445822
f 5452 5454 5453
v -0.000596512609 -0.000557396334 0.000523447216
v -0.000739960842 -0.00073532924 0.00053388294
v -0.000602259934 -0.000638664415 0.00062922818
f 5455 5457 5456
v -0.000876584454 -0.000815661406 0.000258852288
v -0.000739960842 -0.00073532924 0.00053388294
v -0.000636841878 -0.000644304782 0.000367594021
f 5458 5460 5459
v -0.00112605303 -0.000961432852 0.000406139225
v -0.000876584454 -0.000815661406 0.000258852288
v -0.00110486717 -0.00100591515 -4.89872946e-05
f 5461 5463 5462
v -0.000883113262 -0.000865768016 0.000543445822
v -0.000876584454 -0.000815661406 0.000258852288
v -0.00112605303 -0.000961432852 0.000406139225
f 5464 5466 5465
v -0.000830375484 -0.000932506737 -0.000130941999
v -0.000876584454 -0.000815661406 0.000258852288
v -0.000636841878 -0.000644304782 0.000367594021
f 5467 5469 5468
v -0.000602259934 -0.000638664415 0.00062922818
v -0.000602411046 -0.000534952187 0.000609677591
v -0.000596512609 -0.000557396334 0.000523447216
f 5470 5472 5471
v -9.66589141e-05 -0.000768466361 0.000539744906
v 0.000152357916 -0.00102992371 0.000556237865
v 0.000189213279 -0.000877033926 0.000424089558
f 5473 5475 5474
v -9.66589141e-05 -0.000768466361 0.000539744906
v -0.000602259934 -0.000638664415 0.00062922818
v -0.000605689866 -0.000831604939 0.000672633178
f 5476 5478 5477
v -9.66589141e-05 -0.000768466361 0.000539744906
v -0.000427841587 -0.000522087794 0.000562800233
v -0.000602411046 -0.000534952187 0.000609677591
f 5479 5481 5480
v -0.00147935871 -0.00262714329 0.000819814159
v -0.0020105339 -0.00148513409 0.000716274008
v -0.00226082193 -0.00155889102 0.000691818786
f 5482 5484 5483
v -0.00105984827 -0.000939331767 0.000717472903
v -0.0012214522 -0.00096937174 0.000701444515
v -0.00147463406 -0.00102549138 0.000719243326
f 5485 5487 5486
v -0.00154844838 -0.00112704347 0.000563727644
v -0.00147463406 -0.00102549138 0.000719243326
v -0.0012214522 -0.00096937174 0.000701444515
f 5488 5490 5489
v -0.00147463406 -0.00102549138 0.000719243326
v -0.00153878445 -0.00104297305 0.000722911682
v -0.00152023276 -0.00115077364 0.000732095032
f 5491 5493 5492
v -0.00147463406 -0.00102549138 0.000719243326
v -0.00152023276 -0.00115077364 0.000732095032
v -0.00105984827 -0.000939331767 0.000717472903
f 5494 5496 5495
v -0.00152023276 -0.00115077364 0.000732095032
v -0.00162718352 -0.0012303738 0.000683715552
v -0.00154290501 -0.00132488331 0.000744677527
f 5497 5499 5498
v -0.00170336498 -0.00139925205 0.000731963337
v -0.00154290501 -0.00132488331 0.000744677527
v -0.00162718352 -0.0012303738 0.000683715552
f 5500 5502 5501
v -0.00152023276 -0.00115077364 0.000732095032
v -0.00151538352 -0.00108420154 0.000645639739
v -0.00162718352 -0.0012303738 0.000683715552
f 5503 5505 5504
v -0.00152023276 -0.00115077364 0.000732095032
v -0.00153878445 -0.00104297305 0.000722911682
v -0.00151538352 -0.00108420154 0.000645639739
f 5506 5508 5507
v -0.00154844838 -0.00112704347 0.000563727644
v -0.00151538352 -0.00108420154 0.000645639739
v -0.00147463406 -0.00102549138 0.000719243326
f 5509 5511 5510
v -0.00154290501 -0.00132488331 0.000744677527
v -0.00170336498 -0.00139925205 0.000731963337
v -0.00147935871 -0.00262714329 0.000819814159
f 5512 5514 5513
v -0.00195775501 -0.00143650232 0.000649648246
v -0.0020105339 -0.00148513409 0.000716274008
v -0.00170336498 -0.00139925205 0.000731963337
f 5515 5517 5516
v -0.00213300264 -0.00145205113 0.000537670257
v -0.00226082193 -0.00155889102 0.000691818786
v -0.0020105339 -0.00148513409 0.000716274008
f 5518 5520 5519
v -0.00226082193 -0.00155889102 0.000691818786
v -0.00241728339 -0.00157048798 0.0005819752
v -0.00254489805 -0.00160681448 0.000644533247
f 5521 5523 5522
v -0.00242591868 -0.00152917655 0.000140634802
v -0.00241728339 -0.00157048798 0.0005819752
v -0.00194012518 -0.00132117511 0.000449708932
f 5524 5526 5525
v -0.00194012518 -0.00132117511 0.000449708932
v -0.00241728339 -0.00157048798 0.0005819752
v -0.00213300264 -0.00145205113 0.000537670257
f 5527 5529 5528
v -0.00213300264 -0.00145205113 0.000537670257
v -0.00241728339 -0.00157048798 0.0005819752
v -0.00226082193 -0.00155889102 0.000691818786
f 5530 5532 5531
v -0.0020105339 -0.00148513409 0.000716274008
v -0.00195775501 -0.00143650232 0.000649648246
v -0.00213300264 -0.00145205113 0.000537670257
f 5533 5535 5534
v -0.00112605303 -0.000961432852 0.000406139225
v -0.00154844838 -0.00112704347 0.000563727644
v -0.0012214522 -0.00096937174 0.000701444515
f 5536 5538 5537
v -0.00194012518 -0.00132117511 0.000449708932
v -0.00175208042 -0.001231852 0.000486526824
v -0.00159433857 -0.00120232453 -7.46001206e-05
f 5539 5541 5540
v -0.00159433857 -0.00120232453 -7.46001206e-05
v -0.00242591868 -0.00152917655 0.000140634802
v -0.00194012518 -0.00132117511 0.000449708932
f 5542 5544 5543
v -0.00105984827 -0.000939331767 0.000717472903
v -0.00154290501 -0.00132488331 0.000744677527
v -0.000985374027 -0.00136391509 0.000781289054
f 5545 5547 5546
v 0.000197304826 -0.00200345257 -0.00175277673
v 0.000485774126 -0.00192015796 -0.00153016081
v 0.000728040095 -0.00219840131 -0.00134327274
f 5548 5550 5549
v 0.000197304826 -0.00200345257 -0.00175277673
v 0.000561123898 -0.00152380335 -0.00138242913
v 0.000485774126 -0.00192015796 -0.00153016081
f 5551 5553 5552
v 0.000485774126 -0.00192015796 -0.00153016081
v 0.000561123898 -0.00152380335 -0.00138242913
v 0.000728040095 -0.00219840131 -0.00134327274
f 5554 5556 5555
v 0.000561123898 -0.00152380335 -0.00138242913
v 0.000197304826 -0.00200345257 -0.00175277673
v 0.000274809372 -0.00161305888 -0.00166640039
f 5557 5559 5558
v 0.000251779193 -0.00141819237 -0.00161914286
v 0.000324990174 -0.00126361238 -0.00156913338
v 0.000561123898 -0.00152380335 -0.00138242913
f 5560 5562 5561
v 0.000251779193 -0.00141819237 -0.00161914286
v 0.000561123898 -0.00152380335 -0.00138242913
v 0.000274809372 -0.00161305888 -0.00166640039
f 5563 5565 5564
v 0.000561123898 -0.00152380335 -0.00138242913
v 0.000791143157 -0.00145268687 -0.00110644914
v 0.00089797104 -0.00174057641 -0.00102563272
f 5566 5568 5567
v 0.000561123898 -0.00152380335 -0.00138242913
v 0.000764391098 -0.00124319749 -0.000983282825
v 0.000791143157 -0.00145268687 -0.00110644914
f 5569 5571 5570
v 0.000764391098 -0.00124319749 -0.000983282825
v 0.000597768349 -0.00111177678 -0.00116272613
v 0.00068988943 -0.000832330079 -0.000711307803
f 5572 5574 5573
v 0.000253255848 -0.000507797949 -0.00127050644
v 0.000522568826 -0.000646700892 -0.000901558815
v 0.000597768349 -0.00111177678 -0.00116272613
f 5575 5577 5576
v 0.000597768349 -0.00111177678 -0.00116272613
v 0.000522568826 -0.000646700892 -0.000901558815
v 0.00068988943 -0.000832330079 -0.000711307803
f 5578 5580 5579
v 0.00068988943 -0.000832330079 -0.000711307803
v 0.000522568826 -0.000646700892 -0.000901558815
v 0.000607606535 -0.000554402732 -0.00046709647
f 5581 5583 5582
v 0.000795068081 -0.00100246043 -0.000442700866
v 0.00068988943 -0.000832330079 -0.000711307803
v 0.000607606535 -0.000554402732 -0.00046709647
f 5584 5586 5585
v 0.000607606535 -0.000554402732 -0.00046709647
v 0.000497432438 -0.000425296048 -0.000386703505
v 0.000521987158 -0.000490094271 -0.000255974373
f 5587 5589 5588
v 8.04683282e-05 -0.000382328608 -0.00103947787
v 0.000119656511 -0.000477921549 -0.00067841338
v 0.000297214547 -0.000284414023 -0.00075150374
f 5590 5592 5591
v 0.000253255848 -0.000507797949 -0.00127050644
v 7.51365064e-05 -0.000834425646 -0.0016239328
v 9.02898876e-05 -0.000561417164 -0.00153082419
f 5593 5595 5594
v 7.51365064e-05 -0.000834425646 -0.0016239328
v 0.000253255848 -0.000507797949 -0.00127050644
v 0.000313655141 -0.000954401639 -0.00145411586
f 5596 5598 5597
v 0.000253255848 -0.000507797949 -0.00127050644
v 0.000250785456 -0.000148120102 -0.000967374672
v 0.000522568826 -0.000646700892 -0.000901558815
f 5599 5601 5600
v 0.000227874034 -0.000200832983 -0.00095296873
v 0.000269936527 -0.000202287765 -0.000940733935
v 0.000268741633 -0.000177840559 -0.000928106874
f 5602 5604 5603
v 0.000212567943 -0.000151922188 -0.00102634122
v 0.000227874034 -0.000200832983 -0.00095296873
v 0.000250785456 -0.000148120102 -0.000967374672
f 5605 5607 5606
v 0.000269936527 -0.000202287765 -0.000940733935
v 0.000255411192 -0.000238220105 -0.000882570203
v 0.000268741633 -0.000177840559 -0.000928106874
f 5608 5610 5609
v 0.000294975848 -0.000186161685 -0.000910834387
v 0.000268741633 -0.000177840559 -0.000928106874
v 0.000255411192 -0.000238220105 -0.000882570203
f 5611 5613 5612
v 0.000139266331 -0.000201456237 -0.00112809021
v 8.04683282e-05 -0.000382328608 -0.00103947787
v 0.000255411192 -0.000238220105 -0.000882570203
f 5614 5616 5615
v 0.000522568826 -0.000646700892 -0.000901558815
v 0.000294975848 -0.000186161685 -0.000910834387
v 0.000334670585 -0.000229991656 -0.000820503465
f 5617 5619 5618
v 0.000139266331 -0.000201456237 -0.00112809021
v 0.000255411192 -0.000238220105 -0.000882570203
v 0.000227874034 -0.000200832983 -0.00095296873
f 5620 5622 5621
v -4.83418944e-05 -0.000346036222 -0.00154227
v 0.00011012836 -0.000309778898 -0.00137273855
v 0.000253255848 -0.000507797949 -0.00127050644
f 5623 5625 5624
v 0.000117409502 -0.000156729129 -0.00126437844
v 0.00011012836 -0.000309778898 -0.00137273855
v 0.000103963237 -0.000267418636 -0.0013669649
f 5626 5628 5627
v 0.000103963237 -0.000267418636 -0.0013669649
v 8.62305853e-05 -0.00018189487 -0.0013280408
v 0.000117409502 -0.000156729129 -0.00126437844
f 5629 5631 5630
v 0.000170438011 -0.000225761914 -0.00122442707
v 0.000143835632 -0.000194041672 -0.00119035321
v 0.000169025361 -0.000183774182 -0.00119159404
f 5632 5634 5633
v 0.000139266331 -0.000201456237 -0.00112809021
v 0.00011312452 -0.000176182493 -0.00121832045
v 8.62305853e-05 -0.00018189487 -0.0013280408
f 5635 5637 5636
v 0.000169025361 -0.000183774182 -0.00119159404
v 0.000143835632 -0.000194041672 -0.00119035321
v 0.000143354316 -0.000176116987 -0.00120924815
f 5638 5640 5639
v 0.000157387626 -0.000147402409 -0.00116131687
v 0.00019417796 -0.000164304788 -0.00110796718
v 0.000169025361 -0.000183774182 -0.00119159404
f 5641 5643 5642
v 0.000139266331 -0.000201456237 -0.00112809021
v 0.000157387626 -0.000147402409 -0.00116131687
v 0.000143835632 -0.000194041672 -0.00119035321
f 5644 5646 5645
v 0.00011312452 -0.000176182493 -0.00121832045
v 0.000143354316 -0.000176116987 -0.00120924815
v 0.000138706775 -0.000147229616 -0.00119537353
f 5647 5649 5648
v 0.000117409502 -0.000156729129 -0.00126437844
v 0.00011312452 -0.000176182493 -0.00121832045
v 0.000112210796 -8.94985533e-05 -0.00122482998
f 5650 5652 5651
v 8.04683282e-05 -0.000382328608 -0.00103947787
v 0.000139266331 -0.000201456237 -0.00112809021
v 6.18400065e-05 -0.000307117034 -0.00129806067
f 5653 5655 5654
v 0.000522568826 -0.000646700892 -0.000901558815
v 0.000250785456 -0.000148120102 -0.000967374672
v 0.000294975848 -0.000186161685 -0.000910834387
f 5656 5658 5657
v 6.18400065e-05 -0.000307117034 -0.00129806067
v 0.000139266331 -0.000201456237 -0.00112809021
v 8.62305853e-05 -0.00018189487 -0.0013280408
f 5659 5661 5660
v 0.000497432438 -0.000425296048 -0.000386703505
v 0.000522887058 -0.000522212167 -0.000126084478
v 0.000521987158 -0.000490094271 -0.000255974373
f 5662 5664 5663
v 0.000497432438 -0.000425296048 -0.000386703505
v 0.000256599583 -0.00059641402 -0.000164229095
v 0.000522887058 -0.000522212167 -0.000126084478
f 5665 5667 5666
v -0.000482227415 -0.00361635393 -0.00228005738
v -0.000672211672 -0.00295088921 -0.00231166032
v -7.65408231e-05 -0.00315827638 -0.00198979833
f 5668 5670 5669
v 0.000197304826 -0.00200345257 -0.00175277673
v 0.000728040095 -0.00219840131 -0.00134327274
v 0.00042048955 -0.00229325669 -0.00161056614
f 5671 5673 5672
v -7.65408231e-05 -0.00315827638 -0.00198979833
v -0.000235991661 -0.00248406413 -0.0020462805
v 0.000326679242 -0.00267874548 -0.00170046205
f 5674 5676 5675
v -0.000235991661 -0.00248406413 -0.0020462805
v -0.000146813579 -0.00210694361 -0.0019847208
v 0.000197304826 -0.00200345257 -0.00175277673
f 5677 5679 5678
v -0.000146813579 -0.00210694361 -0.0019847208
v -0.000346292495 -0.00185883109 -0.00206633049
v 0.000197304826 -0.00200345257 -0.00175277673
f 5680 5682 5681
v -0.000235991661 -0.00248406413 -0.0020462805
v 0.000197304826 -0.00200345257 -0.00175277673
v 0.000326679242 -0.00267874548 -0.00170046205
f 5683 5685 5684
v -0.000346292495 -0.00185883109 -0.00206633049
v -0.000146813579 -0.00210694361 -0.0019847208
v -0.000235991661 -0.00248406413 -0.0020462805
f 5686 5688 5687
v -0.000672211672 -0.00295088921 -0.00231166032
v -0.000759746081 -0.0023849816 -0.00230947662
v -0.000235991661 -0.00248406413 -0.0020462805
f 5689 5691 5690
v -0.000759746081 -0.0023849816 -0.00230947662
v -0.000457485203 -0.00218519745 -0.00215940581
v -0.000235991661 -0.00248406413 -0.0020462805
f 5692 5694 5693
v 0.000274809372 -0.00161305888 -0.00166640039
v 2.42140942e-05 -0.0013300556 -0.00178731643
v 0.000251779193 -0.00141819237 -0.00161914286
f 5695 5697 5696
v -0.000517347644 -0.00121449493 -0.00206395925
v 2.42140942e-05 -0.0013300556 -0.00178731643
v -3.22611101e-05 -0.0017265058 -0.0018939907
f 5698 5700 5699
v -0.000517347644 -0.00121449493 -0.00206395925
v -3.22611101e-05 -0.0017265058 -0.0018939907
v -0.000346292495 -0.00185883109 -0.00206633049
f 5701 5703 5702
v -0.000835728224 -0.00175151472 -0.00224972464
v -0.000346292495 -0.00185883109 -0.00206633049
v -0.000457485203 -0.00218519745 -0.00215940581
f 5704 5706 5705
v -0.000759746081 -0.0023849816 -0.00230947662
v -0.000835728224 -0.00175151472 -0.00224972464
v -0.000457485203 -0.00218519745 -0.00215940581
f 5707 5709 5708
v -0.000835728224 -0.00175151472 -0.00224972464
v -0.000924095821 -0.00121674602 -0.00225209296
v -0.000517347644 -0.00121449493 -0.00206395925
f 5710 5712 5711
v 0.000197304826 -0.00200345257 -0.00175277673
v 2.42140942e-05 -0.0013300556 -0.00178731643
v 0.000274809372 -0.00161305888 -0.00166640039
f 5713 5715 5714
v -0.000931355316 -0.00373669318 -0.00247495245
v -0.0015464324 -0.00318595885 -0.00257721949
v -0.00101090618 -0.00333329735 -0.00248757624
f 5716 5718 5717
v -0.00101090618 -0.00333329735 -0.00248757624
v -0.000672211672 -0.00295088921 -0.00231166032
v -0.000725285918 -0.00334380675 -0.00237984859
f 5719 5721 5720
v -0.000907058802 -0.00267719843 -0.00241612997
v -0.000672211672 -0.00295088921 -0.00231166032
v -0.00113762244 -0.00274496761 -0.00248707056
f 5722 5724 5723
v -0.00113762244 -0.00274496761 -0.00248707056
v -0.000672211672 -0.00295088921 -0.00231166032
v -0.00101090618 -0.00333329735 -0.00248757624
f 5725 5727 5726
v -0.00138865962 -0.00394774142 -0.00254401984
v -0.00188544109 -0.00395163152 -0.00249256282
v -0.00195604352 -0.00359721744 -0.00251469774
f 5728 5730 5729
v -0.00204408661 -0.00329378418 -0.00255032537
v -0.0015464324 -0.00318595885 -0.00257721949
v -0.00195604352 -0.00359721744 -0.00251469774
f 5731 5733 5732
v -0.00208766851 -0.00293370649 -0.00260493107
v -0.00170709409 -0.00256338681 -0.00256986441
v -0.0015464324 -0.00318595885 -0.00257721949
f 5734 5736 5735
v -0.00138865962 -0.00394774142 -0.00254401984
v -0.0015464324 -0.00318595885 -0.00257721949
v -0.000931355316 -0.00373669318 -0.00247495245
f 5737 5739 5738
v -0.00113762244 -0.00274496761 -0.00248707056
v -0.00131059296 -0.0022266926 -0.00246785585
v -0.000759746081 -0.0023849816 -0.00230947662
f 5740 5742 5741
v -0.00131059296 -0.0022266926 -0.00246785585
v -0.00176323992 -0.00216008921 -0.00256997046
v -0.00144488313 -0.00172808923 -0.0024835299
f 5743 5745 5744
v -0.00144488313 -0.00172808923 -0.0024835299
v -0.000924095821 -0.00121674602 -0.00225209296
v -0.000835728224 -0.00175151472 -0.00224972464
f 5746 5748 5747
v -0.0022166867 -0.0024491972 -0.00266963743
v -0.00184989149 -0.00181504329 -0.00260742308
v -0.00176323992 -0.00216008921 -0.00256997046
f 5749 5751 5750
v -0.00144488313 -0.00172808923 -0.0024835299
v -0.00155782509 -0.00104769442 -0.00254404094
v -0.000924095821 -0.00121674602 -0.00225209296
f 5752 5754 5753
v -0.00181751147 -0.00113555079 -0.00261126443
v -0.00155782509 -0.00104769442 -0.00254404094
v -0.00166357077 -0.00142353811 -0.00258677537
f 5755 5757 5756
v -0.00155782509 -0.00104769442 -0.00254404094
v -0.00161932076 -0.000915962573 -0.0025149855
v -0.00152877674 -0.000870908298 -0.0025314499
f 5758 5760 5759
v -0.00155782509 -0.00104769442 -0.00254404094
v -0.00174049092 -0.000961218393 -0.0024837389
v -0.00161932076 -0.000915962573 -0.0025149855
f 5761 5763 5762
v -0.00184989149 -0.00181504329 -0.00260742308
v -0.00144488313 -0.00172808923 -0.0024835299
v -0.00176323992 -0.00216008921 -0.00256997046
f 5764 5766 5765
v -0.00190353203 -0.0014906801 -0.00263650581
v -0.00184989149 -0.00181504329 -0.00260742308
v -0.00237827353 -0.00160879081 -0.00266844145
f 5767 5769 5768
v -0.00174049092 -0.000961218393 -0.0024837389
v -0.00181751147 -0.00113555079 -0.00261126443
v -0.00201250987 -0.00108849363 -0.00244793537
f 5770 5772 5771
v -0.00237827353 -0.00160879081 -0.00266844145
v -0.00196623787 -0.00115711573 -0.00265642448
v -0.00190353203 -0.0014906801 -0.00263650581
f 5773 5775 5774
v -0.00211799179 -0.00118627277 -0.00265231465
v -0.00227144392 -0.00119841507 -0.00258795644
v -0.00181751147 -0.00113555079 -0.00261126443
f 5776 5778 5777
v -0.00237827353 -0.00160879081 -0.00266844145
v -0.00229403777 -0.00120114282 -0.00264185965
v -0.00211799179 -0.00118627277 -0.00265231465
f 5779 5781 5780
v -0.00244519288 -0.00122540096 -0.0026372958
v -0.00229403777 -0.00120114282 -0.00264185965
v -0.00237827353 -0.00160879081 -0.00266844145
f 5782 5784 5783
v -0.00227144392 -0.00119841507 -0.00258795644
v -0.00250880948 -0.00125878787 -0.0026139709
v -0.00216993831 -0.00114724971 -0.00241490998
f 5785 5787 5786
v -0.00237827353 -0.00160879081 -0.00266844145
v -0.00211799179 -0.00118627277 -0.00265231465
v -0.00196623787 -0.00115711573 -0.00265642448
f 5788 5790 5789
v -0.00237827353 -0.00160879081 -0.00266844145
v -0.00184989149 -0.00181504329 -0.00260742308
v -0.00233437149 -0.00193375145 -0.002686472
f 5791 5793 5792
v -0.000725285918 -0.00334380675 -0.00237984859
v -0.000672211672 -0.00295088921 -0.00231166032
v -0.000482227415 -0.00361635393 -0.00228005738
f 5794 5796 5795
v -0.000907058802 -0.00267719843 -0.00241612997
v -0.00113762244 -0.00274496761 -0.00248707056
v -0.000759746081 -0.0023849816 -0.00230947662
f 5797 5799 5798
v 0.000119656511 -0.000477921549 -0.00067841338
v -0.000264118739 -0.000768490463 -0.000211023462
v 0.00036225606 -0.000436780874 -0.000479505024
f 5800 5802 5801
v -0.00103859811 -0.000924346114 -0.000730252486
v -0.00124770258 -0.00108124323 -0.000316427167
v -0.000264118739 -0.000768490463 -0.000211023462
f 5803 5805 5804
v 2.42140942e-05 -0.0013300556 -0.00178731643
v 7.51365064e-05 -0.000834425646 -0.0016239328
v 0.000313655141 -0.000954401639 -0.00145411586
f 5806 5808 5807
v -0.000255382838 -0.000961758815 -0.00187481382
v 7.51365064e-05 -0.000834425646 -0.0016239328
v 2.42140942e-05 -0.0013300556 -0.00178731643
f 5809 5811 5810
v -0.000546783576 -0.000712029669 -0.00200621835
v -0.000255382838 -0.000961758815 -0.00187481382
v -0.000517347644 -0.00121449493 -0.00206395925
f 5812 5814 5813
v 8.04683282e-05 -0.000382328608 -0.00103947787
v 6.18400065e-05 -0.000307117034 -0.00129806067
v -0.000337649249 -0.000575869035 -0.00100454554
f 5815 5817 5816
v 6.18400065e-05 -0.000307117034 -0.00129806067
v -0.000100796649 -0.00034422892 -0.00149927073
v -0.000312169595 -0.000376596904 -0.00174158722
f 5818 5820 5819
v -4.83418944e-05 -0.000346036222 -0.00154227
v -0.000100796649 -0.00034422892 -0.00149927073
v -3.41727116e-05 -0.000319649575 -0.00150655478
f 5821 5823 5822
v 7.23648412e-06 -0.000302782428 -0.00146730181
v -4.83418944e-05 -0.000346036222 -0.00154227
v -3.06242242e-05 -0.000325958922 -0.00149382267
f 5824 5826 5825
v 7.23648412e-06 -0.000302782428 -0.00146730181
v -3.06242242e-05 -0.000325958922 -0.00149382267
v -3.41727116e-05 -0.000319649575 -0.00150655478
f 5827 5829 5828
v 7.23648412e-06 -0.000302782428 -0.00146730181
v -2.86689129e-05 -0.000306154857 -0.00148217514
v -0.000100796649 -0.00034422892 -0.00149927073
f 5830 5832 5831
v 9.02898876e-05 -0.000561417164 -0.00153082419
v -0.000139677286 -0.000330531225 -0.00163006225
v -4.83418944e-05 -0.000346036222 -0.00154227
f 5833 5835 5834
v -0.000139677286 -0.000330531225 -0.00163006225
v -0.000312169595 -0.000376596904 -0.00174158722
v -0.000100796649 -0.00034422892 -0.00149927073
f 5836 5838 5837
v 7.23648412e-06 -0.000302782428 -0.00146730181
v -0.000100796649 -0.00034422892 -0.00149927073
v 6.18400065e-05 -0.000307117034 -0.00129806067
f 5839 5841 5840
v -0.000100796649 -0.00034422892 -0.00149927073
v -4.83418944e-05 -0.000346036222 -0.00154227
v -0.000139677286 -0.000330531225 -0.00163006225
f 5842 5844 5843
v -3.06242242e-05 -0.000325958922 -0.00149382267
v -2.86689129e-05 -0.000306154857 -0.00148217514
v -3.41727116e-05 -0.000319649575 -0.00150655478
f 5845 5847 5846
v -0.00050265885 -0.000490791035 -0.00166915452
v -0.000337649249 -0.000575869035 -0.00100454554
v -0.000312169595 -0.000376596904 -0.00174158722
f 5848 5850 5849
v -0.000802976047 -0.000615128693 -0.0017670096
v -0.00170070252 -0.00106527032 -0.00141496585
v -0.00050265885 -0.000490791035 -0.00166915452
f 5851 5853 5852
v -0.00153685596 -0.00090510639 -0.00192917614
v -0.00170070252 -0.00106527032 -0.00141496585
v -0.00113518336 -0.00074015793 -0.00180895768
f 5854 5856 5855
v -0.0002608675 -0.000422412859 -0.00174642191
v -0.000139677286 -0.000330531225 -0.00163006225
v 9.02898876e-05 -0.000561417164 -0.00153082419
f 5857 5859 5858
v -0.00170070252 -0.00106527032 -0.00141496585
v -0.00245707779 -0.00146008915 -0.000553295285
v -0.00103859811 -0.000924346114 -0.000730252486
f 5860 5862 5861
v -0.00103859811 -0.000924346114 -0.000730252486
v -0.00245707779 -0.00146008915 -0.000553295285
v -0.00124770258 -0.00108124323 -0.000316427167
f 5863 5865 5864
v -0.00242337483 -0.00136049694 -0.00133067961
v -0.00245707779 -0.00146008915 -0.000553295285
v -0.00170070252 -0.00106527032 -0.00141496585
f 5866 5868 5867
v -0.00243171799 -0.0013118819 -0.00179356375
v -0.00242337483 -0.00136049694 -0.00133067961
v -0.00170070252 -0.00106527032 -0.00141496585
f 5869 5871 5870
v -0.00243321665 -0.00128804986 -0.00202359406
v -0.00243171799 -0.0013118819 -0.00179356375
v -0.00153685596 -0.00090510639 -0.00192917614
f 5872 5874 5873
v -0.000359363685 -0.000437082008 -0.0018162802
v -0.0002608675 -0.000422412859 -0.00174642191
v -0.000255382838 -0.000961758815 -0.00187481382
f 5875 5877 5876
v -0.000312329576 -0.000384306895 -0.00175906862
v -0.0002608675 -0.000422412859 -0.00174642191
v -0.000317139347 -0.000374631327 -0.00177203037
f 5878 5880 5879
v -0.000348079516 -0.000423258734 -0.00178791852
v -0.000344322416 -0.000385836302 -0.00176875001
v -0.000352509392 -0.00041087651 -0.00180187326
f 5881 5883 5882
v -0.0002608675 -0.000422412859 -0.00174642191
v -0.000348079516 -0.000423258734 -0.00178791852
v -0.000352509392 -0.00041087651 -0.00180187326
f 5884 5886 5885
v -0.000359363685 -0.000437082008 -0.0018162802
v -0.000373990383 -0.000419271555 -0.00179456874
v -0.000352509392 -0.00041087651 -0.00180187326
f 5887 5889 5888
v -0.000348079516 -0.000423258734 -0.00178791852
v -0.000359363685 -0.000437082008 -0.0018162802
v -0.000352509392 -0.00041087651 -0.00180187326
f 5890 5892 5891
v -0.000359363685 -0.000437082008 -0.0018162802
v -0.000348079516 -0.000423258734 -0.00178791852
v -0.0002608675 -0.000422412859 -0.00174642191
f 5893 5895 5894
v -0.00050265885 -0.000490791035 -0.00166915452
v -0.000440501117 -0.000509856909 -0.00188392478
v -0.00050446647 -0.000599939494 -0.0019416173
f 5896 5898 5897
v -0.000440501117 -0.000509856909 -0.00188392478
v -0.000373990383 -0.000419271555 -0.00179456874
v -0.000359363685 -0.000437082008 -0.0018162802
f 5899 5901 5900
v -0.000546783576 -0.000712029669 -0.00200621835
v -0.000359363685 -0.000437082008 -0.0018162802
v -0.000255382838 -0.000961758815 -0.00187481382
f 5902 5904 5903
v -0.000191765753 -0.000374709066 -0.00166705759
v -0.000192661719 -0.000357298427 -0.00166176942
v -0.000197511304 -0.000363240338 -0.00167798171
f 5905 5907 5906
v -0.000139677286 -0.000330531225 -0.00163006225
v -0.000191765753 -0.000374709066 -0.00166705759
v -0.000197511304 -0.000363240338 -0.00167798171
f 5908 5910 5909
v -0.000344322416 -0.000385836302 -0.00176875001
v -0.00050265885 -0.000490791035 -0.00166915452
v -0.000312169595 -0.000376596904 -0.00174158722
f 5911 5913 5912
v -0.000312169595 -0.000376596904 -0.00174158722
v -0.000220162087 -0.000367402936 -0.00168902134
v -0.000289340187 -0.000363933827 -0.00175316709
f 5914 5916 5915
v -0.000546783576 -0.000712029669 -0.00200621835
v -0.00100691113 -0.000624141558 -0.00228936169
v -0.000583464453 -0.000653518646 -0.00201888597
f 5917 5919 5918
v -0.00100691113 -0.000624141558 -0.00228936169
v -0.000792318951 -0.000631698185 -0.00215409236
v -0.000583464453 -0.000653518646 -0.00201888597
f 5920 5922 5921
v -0.000924095821 -0.00121674602 -0.00225209296
v -0.00100691113 -0.000624141558 -0.00228936169
v -0.000546783576 -0.000712029669 -0.00200621835
f 5923 5925 5924
v -0.000924095821 -0.00121674602 -0.00225209296
v -0.000546783576 -0.000712029669 -0.00200621835
v -0.000517347644 -0.00121449493 -0.00206395925
f 5926 5928 5927
v -0.00068673794 -0.000603865055 -0.00208271067
v -0.000821981939 -0.000580711958 -0.00210316739
v -0.000663527044 -0.000631774128 -0.00195477296
f 5929 5931 5930
v -0.000821981939 -0.000580711958 -0.00210316739
v -0.00068673794 -0.000603865055 -0.00208271067
v -0.000791973889 -0.000575667855 -0.00213908133
f 5932 5934 5933
v -0.000802976047 -0.000615128693 -0.0017670096
v -0.00050446647 -0.000599939494 -0.0019416173
v -0.000663527044 -0.000631774128 -0.00195477296
f 5935 5937 5936
v -0.00114087625 -0.00060826228 -0.00235319421
v -0.00100691113 -0.000624141558 -0.00228936169
v -0.000924095821 -0.00121674602 -0.00225209296
f 5938 5940 5939
v -0.00088774641 -0.000616411853 -0.0019776644
v -0.00113518336 -0.00074015793 -0.00180895768
v -0.000802976047 -0.000615128693 -0.0017670096
f 5941 5943 5942
v -0.000821981939 -0.000580711958 -0.00210316739
v -0.00120326586 -0.000678142078 -0.00213995954
v -0.00113518336 -0.00074015793 -0.00180895768
f 5944 5946 5945
v -0.000821981939 -0.000580711958 -0.00210316739
v -0.00113518336 -0.00074015793 -0.00180895768
v -0.00088774641 -0.000616411853 -0.0019776644
f 5947 5949 5948
v -0.00100691113 -0.000624141558 -0.00228936169
v -0.00102991698 -0.000580173719 -0.00229177713
v -0.000930897022 -0.000539503208 -0.00223163152
f 5950 5952 5951
v -0.00100691113 -0.000624141558 -0.00228936169
v -0.000930897022 -0.000539503208 -0.00223163152
v -0.000792318951 -0.000631698185 -0.00215409236
f 5953 5955 5954
v -0.00100691113 -0.000624141558 -0.00228936169
v -0.00114087625 -0.00060826228 -0.00235319421
v -0.00102991698 -0.000580173719 -0.00229177713
f 5956 5958 5957
v -0.00102991698 -0.000580173719 -0.00229177713
v -0.00114087625 -0.00060826228 -0.00235319421
v -0.000930897022 -0.000539503208 -0.00223163152
f 5959 5961 5960
v -0.00120326586 -0.000678142078 -0.00213995954
v -0.000875335991 -0.000546950469 -0.0021901702
v -0.000930897022 -0.000539503208 -0.00223163152
f 5962 5964 5963
v -0.000792318951 -0.000631698185 -0.00215409236
v -0.000930897022 -0.000539503208 -0.00223163152
v -0.000875335991 -0.000546950469 -0.0021901702
f 5965 5967 5966
v -0.000791973889 -0.000575667855 -0.00213908133
v -0.000875335991 -0.000546950469 -0.0021901702
v -0.000821981939 -0.000580711958 -0.00210316739
f 5968 5970 5969
v -0.000792318951 -0.000631698185 -0.00215409236
v -0.000791973889 -0.000575667855 -0.00213908133
v -0.00068673794 -0.000603865055 -0.00208271067
f 5971 5973 5972
v -0.000546783576 -0.000712029669 -0.00200621835
v -0.000583464453 -0.000653518646 -0.00201888597
v -0.00050446647 -0.000599939494 -0.0019416173
f 5974 5976 5975
v -0.0002608675 -0.000422412859 -0.00174642191
v -0.000220162087 -0.000367402936 -0.00168902134
v -0.000197511304 -0.000363240338 -0.00167798171
f 5977 5979 5978
v -0.000191765753 -0.000374709066 -0.00166705759
v -0.0002608675 -0.000422412859 -0.00174642191
v -0.000197511304 -0.000363240338 -0.00167798171
f 5980 5982 5981
v -0.0002608675 -0.000422412859 -0.00174642191
v -0.000191765753 -0.000374709066 -0.00166705759
v -0.000139677286 -0.000330531225 -0.00163006225
f 5983 5985 5984
v -0.000312329576 -0.000384306895 -0.00175906862
v -0.000312169595 -0.000376596904 -0.00174158722
v -0.000317139347 -0.000374631327 -0.00177203037
f 5986 5988 5987
v -0.00126719578 -0.00064930714 -0.00241529633
v -0.0012781742 -0.000648467494 -0.00240446661
v -0.00114087625 -0.00060826228 -0.00235319421
f 5989 5991 5990
v -0.00153685596 -0.00090510639 -0.00192917614
v -0.00113518336 -0.00074015793 -0.00180895768
v -0.00120326586 -0.000678142078 -0.00213995954
f 5992 5994 5993
v -0.00155782509 -0.00104769442 -0.00254404094
v -0.00114087625 -0.00060826228 -0.00235319421
v -0.000924095821 -0.00121674602 -0.00225209296
f 5995 5997 5996
v -0.00126719578 -0.00064930714 -0.00241529633
v -0.00130177386 -0.000673480099 -0.00241908765
v -0.00130669559 -0.000662314778 -0.00243108079
f 5998 6000 5999
v -0.00155782509 -0.00104769442 -0.00254404094
v -0.00150770966 -0.000777674177 -0.00252697282
v -0.00130748558 -0.000692612957 -0.00243531558
f 6001 6003 6002
v -0.00150770966 -0.000777674177 -0.00252697282
v -0.00148410872 -0.000757160296 -0.0024853116
v -0.00139607973 -0.000683374719 -0.00247095631
f 6004 6006 6005
v -0.00129205373 -0.000655144686 -0.00240234349
v -0.00139607973 -0.000683374719 -0.00247095631
v -0.00156656206 -0.000839658787 -0.00241108082
f 6007 6009 6008
v -0.00130748558 -0.000692612957 -0.00243531558
v -0.00150770966 -0.000777674177 -0.00252697282
v -0.00139607973 -0.000683374719 -0.00247095631
f 6010 6012 6011
v -0.00155782509 -0.00104769442 -0.00254404094
v -0.00130748558 -0.000692612957 -0.00243531558
v -0.00114087625 -0.00060826228 -0.00235319421
f 6013 6015 6014
v -0.00130748558 -0.000692612957 -0.00243531558
v -0.00139607973 -0.000683374719 -0.00247095631
v -0.00130669559 -0.000662314778 -0.00243108079
f 6016 6018 6017
v -0.00130748558 -0.000692612957 -0.00243531558
v -0.00126719578 -0.00064930714 -0.00241529633
v -0.00114087625 -0.00060826228 -0.00235319421
f 6019 6021 6020
v -0.00130748558 -0.000692612957 -0.00243531558
v -0.00130177386 -0.000673480099 -0.00241908765
v -0.00126719578 -0.00064930714 -0.00241529633
f 6022 6024 6023
v -0.00130177386 -0.000673480099 -0.00241908765
v -0.00130748558 -0.000692612957 -0.00243531558
v -0.00130669559 -0.000662314778 -0.00243108079
f 6025 6027 6026
v -0.00139607973 -0.000683374719 -0.00247095631
v -0.00148410872 -0.000757160296 -0.0024853116
v -0.00156656206 -0.000839658787 -0.00241108082
f 6028 6030 6029
v -0.00174049092 -0.000961218393 -0.0024837389
v -0.00175163696 -0.000980917685 -0.00224897485
v -0.00156656206 -0.000839658787 -0.00241108082
f 6031 6033 6032
v -0.00216993831 -0.00114724971 -0.00241490998
v -0.00246786822 -0.00126866234 -0.00234348117
v -0.00243321665 -0.00128804986 -0.00202359406
f 6034 6036 6035
v -0.000192661719 -0.000357298427 -0.00166176942
v -0.000312169595 -0.000376596904 -0.00174158722
v -0.000139677286 -0.000330531225 -0.00163006225
f 6037 6039 6038
v -0.00129205373 -0.000655144686 -0.00240234349
v -0.00120326586 -0.000678142078 -0.00213995954
v -0.00114087625 -0.00060826228 -0.00235319421
f 6040 6042 6041
v 0.000884025758 -0.00139544973 -0.000740919904
v 0.00068988943 -0.000832330079 -0.000711307803
v 0.000795068081 -0.00100246043 -0.000442700866
f 6043 6045 6044
v 0.000607606535 -0.000554402732 -0.00046709647
v 0.000522887058 -0.000522212167 -0.000126084478
v 0.000669247856 -0.000722796722 -0.000191203935
f 6046 6048 6047
v 0.000583959809 -0.00378577315 -0.00179660929
v 0.000852149697 -0.00366585227 -0.00163507466
v 0.000971801546 -0.00390002533 -0.00160852906
f 6049 6051 6050
v 0.00047309677 -0.00326399859 -0.00169207924
v 0.000326679242 -0.00267874548 -0.00170046205
v 0.000888957402 -0.00287211733 -0.00130008939
f 6052 6054 6053
v 6.98815484e-05 -0.000410516759 0.000298097166
v 7.40313908e-05 -0.000401453826 0.000254688439
v 3.88139426e-05 -0.000415693967 0.000308120161
f 6055 6057 6056
v 0.00011012836 -0.000309778898 -0.00137273855
v 7.23648412e-06 -0.000302782428 -0.00146730181
v 8.17519265e-05 -0.000276776268 -0.00138493433
f 6058 6060 6059
v 0.000989824457 -0.00265398667 0.000372900922
v 0.000662429647 -0.00269498323 0.000609050494
v 0.0009075452 -0.00300939973 0.00053070271
f 6061 6063 6062
v 0.00089797104 -0.00174057641 -0.00102563272
v 0.000884025758 -0.00139544973 -0.000740919904
v 0.00104296205 -0.00184680557 -0.000611656651
f 6064 6066 6065
v -0.000517117542 -0.00396373398 0.00108035238
v -0.00119399556 -0.0032164553 0.00090877711
v -0.00104222854 -0.00370598282 0.000981961239
f 6067 6069 6068
v -0.00250880948 -0.00125878787 -0.0026139709
v -0.00246786822 -0.00126866234 -0.00234348117
v -0.00216993831 -0.00114724971 -0.00241490998
f 6070 6072 6071
v -0.0011332093 -0.00950008034 -0.0036691672
v -0.000886113412 -0.00925275745 -0.00341291743
v -0.000999599433 -0.00950396061 -0.00357675453
f 6073 6075 6074
v -0.0011332093 -0.00950008034 -0.0036691672
v -0.00105074278 -0.00910195013 -0.00359960395
v -0.000886113412 -0.00925275745 -0.00341291743
f 6076 6078 6077
v -0.0011332093 -0.00950008034 -0.0036691672
v -0.00124146454 -0.00939633101 -0.00380315032
v -0.00134942447 -0.00898965955 -0.00387222935
f 6079 6081 6080
v -0.00124146454 -0.00939633101 -0.00380315032
v -0.00134335078 -0.00927323999 -0.00395125535
v -0.00134942447 -0.00898965955 -0.00387222935
f 6082 6084 6083
v -0.00134942447 -0.00898965955 -0.00387222935
v -0.00123213258 -0.00902605025 -0.00376094249
v -0.0011332093 -0.00950008034 -0.0036691672
f 6085 6087 6086
v -0.00116382098 -0.00895281482 -0.00355075463
v -0.00113618953 -0.00870019867 -0.00330374314
v -0.00105074278 -0.00910195013 -0.00359960395
f 6088 6090 6089
v -0.00134942447 -0.00898965955 -0.00387222935
v -0.0014054559 -0.0086665983 -0.00347034766
v -0.00123213258 -0.00902605025 -0.00376094249
f 6091 6093 6092
v -0.00214127958 -0.00971815753 -0.0036758629
v -0.00217252127 -0.00942375409 -0.00407700427
v -0.00162277793 -0.00968129098 -0.00374350639
f 6094 6096 6095
v -0.00168850711 -0.0092822127 -0.0041024934
v -0.00134335078 -0.00927323999 -0.00395125535
v -0.00124146454 -0.00939633101 -0.00380315032
f 6097 6099 6098
v -0.00162277793 -0.00968129098 -0.00374350639
v -0.00168850711 -0.0092822127 -0.0041024934
v -0.00124146454 -0.00939633101 -0.00380315032
f 6100 6102 6101
v -0.00147354249 -0.0089438443 -0.00395919014
v -0.00134942447 -0.00898965955 -0.00387222935
v -0.00160918589 -0.00925531058 -0.00405671781
f 6103 6105 6104
v -0.00158239854 -0.00889032817 -0.00403240992
v -0.00147354249 -0.0089438443 -0.00395919014
v -0.00168850711 -0.0092822127 -0.0041024934
f 6106 6108 6107
v -0.00158239854 -0.00889032817 -0.00403240992
v -0.00182891836 -0.00854864556 -0.00363893523
v -0.0014054559 -0.0086665983 -0.00347034766
f 6109 6111 6110
v -0.00183044995 -0.00914788689 -0.00423612255
v -0.00184382206 -0.00910033195 -0.00424903665
v -0.00168850711 -0.0092822127 -0.0041024934
f 6112 6114 6113
v -0.00184382206 -0.00910033195 -0.00424903665
v -0.00183044995 -0.00914788689 -0.00423612255
v -0.00220946986 -0.009176803 -0.00428253406
f 6115 6117 6116
v -0.00168850711 -0.0092822127 -0.0041024934
v -0.00184382206 -0.00910033195 -0.00424903665
v -0.00176421254 -0.00887034985 -0.00412171103
f 6118 6120 6119
v -0.00183931097 -0.00885932386 -0.00414485949
v -0.00207330468 -0.0088373512 -0.00421422192
v -0.00199114183 -0.00855654798 -0.00387899127
f 6121 6123 6122
v -0.00158239854 -0.00889032817 -0.00403240992
v -0.00199114183 -0.00855654798 -0.00387899127
v -0.00182891836 -0.00854864556 -0.00363893523
f 6124 6126 6125
v -0.00199114183 -0.00855654798 -0.00387899127
v -0.00158239854 -0.00889032817 -0.00403240992
v -0.00176421254 -0.00887034985 -0.00412171103
f 6127 6129 6128
v -0.00147354249 -0.0089438443 -0.00395919014
v -0.0014054559 -0.0086665983 -0.00347034766
v -0.00134942447 -0.00898965955 -0.00387222935
f 6130 6132 6131
v -0.00142223353 -0.00829731725 -0.003062834
v -0.000865075344 -0.0083582825 -0.00290603239
v -0.00101024434 -0.00854276586 -0.00311848853
f 6133 6135 6134
v -0.00113618953 -0.00870019867 -0.00330374314
v -0.00116382098 -0.00895281482 -0.00355075463
v -0.0014054559 -0.0086665983 -0.00347034766
f 6136 6138 6137
v -0.0014054559 -0.0086665983 -0.00347034766
v -0.00161562348 -0.00841876608 -0.00333378848
v -0.00142223353 -0.00829731725 -0.003062834
f 6139 6141 6140
v -0.00118803355 -0.00801540227 -0.0029546316
v -0.00102999429 -0.00784174263 -0.00288959
v -0.00109549583 -0.00810985002 -0.00291507858
f 6142 6144 6143
v -0.000865075344 -0.0083582825 -0.00290603239
v -0.00109549583 -0.00810985002 -0.00291507858
v -0.00102999429 -0.00784174263 -0.00288959
f 6145 6147 6146
v -0.00102999429 -0.00784174263 -0.00288959
v -0.00154853242 -0.00787368481 -0.00290695607
v -0.00114392542 -0.00729172898 -0.00284602356
f 6148 6150 6149
v -0.00174923953 -0.00831057769 -0.00317286467
v -0.00154853242 -0.00787368481 -0.00290695607
v -0.00142223353 -0.00829731725 -0.003062834
f 6151 6153 6152
v -0.00182891836 -0.00854864556 -0.00363893523
v -0.00161562348 -0.00841876608 -0.00333378848
v -0.0014054559 -0.0086665983 -0.00347034766
f 6154 6156 6155
v -0.00174923953 -0.00831057769 -0.00317286467
v -0.0019091538 -0.00832207079 -0.00323030035
v -0.00154853242 -0.00787368481 -0.00290695607
f 6157 6159 6158
v -0.0019091538 -0.00832207079 -0.00323030035
v -0.0020354064 -0.00792570645 -0.00295065784
v -0.00154853242 -0.00787368481 -0.00290695607
f 6160 6162 6161
v -0.00182891836 -0.00854864556 -0.00363893523
v -0.00199114183 -0.00855654798 -0.00387899127
v -0.00215879736 -0.00841305955 -0.00359387122
f 6163 6165 6164
v -0.00182891836 -0.00854864556 -0.00363893523
v -0.00215879736 -0.00841305955 -0.00359387122
v -0.0019091538 -0.00832207079 -0.00323030035
f 6166 6168 6167
v -0.00162913857 -0.00739427778 -0.00281626035
v -0.0020354064 -0.00792570645 -0.00295065784
v -0.00214263928 -0.00746022415 -0.00277275849
f 6169 6171 6170
v -0.0020354064 -0.00792570645 -0.00295065784
v -0.00241387243 -0.00792464198 -0.0030690222
v -0.00226923803 -0.00767896345 -0.00290867101
f 6172 6174 6173
v -0.00142223353 -0.00829731725 -0.003062834
v -0.00109549583 -0.00810985002 -0.00291507858
v -0.000865075344 -0.0083582825 -0.00290603239
f 6175 6177 6176
v -0.00224588221 -0.00827727345 -0.00338418977
v -0.0020354064 -0.00792570645 -0.00295065784
v -0.0019091538 -0.00832207079 -0.00323030035
f 6178 6180 6179
v -0.00214127958 -0.00971815753 -0.0036758629
v -0.00227613236 -0.00965616709 -0.00374524971
v -0.00217252127 -0.00942375409 -0.00407700427
f 6181 6183 6182
v -0.00243097129 -0.00961497644 -0.00359585174
v -0.00242320366 -0.00960659745 -0.00377695906
v -0.00227613236 -0.00965616709 -0.00374524971
f 6184 6186 6185
v -0.00227613236 -0.00965616709 -0.00374524971
v -0.00242320366 -0.00960659745 -0.00377695906
v -0.00248015986 -0.00943559644 -0.00400982608
f 6187 6189 6188
v -0.00258098498 -0.00951459879 -0.00366838285
v -0.00273714304 -0.00937846708 -0.00397578769
v -0.00248015986 -0.00943559644 -0.00400982608
f 6190 6192 6191
v -0.00242320366 -0.00960659745 -0.00377695906
v -0.00258098498 -0.00951459879 -0.00366838285
v -0.00248015986 -0.00943559644 -0.00400982608
f 6193 6195 6194
v -0.00262451485 -0.00954418574 -0.00351823692
v -0.00311207223 -0.00919201921 -0.00330067851
v -0.00300713982 -0.00936862562 -0.00355388765
f 6196 6198 6197
v -0.00290966364 -0.00942565894 -0.0036786907
v -0.00319551436 -0.00930720853 -0.00383298975
v -0.00273714304 -0.00937846708 -0.00397578769
f 6199 6201 6200
v -0.00300713982 -0.00936862562 -0.00355388765
v -0.00319551436 -0.00930720853 -0.00383298975
v -0.00290966364 -0.00942565894 -0.0036786907
f 6202 6204 6203
v -0.00319551436 -0.00930720853 -0.00383298975
v -0.00355585325 -0.00921970714 -0.00390786699
v -0.00337684032 -0.00925933127 -0.00387355394
f 6205 6207 6206
v -0.00337337369 -0.0091118105 -0.00345849476
v -0.00367776993 -0.00911476527 -0.00375920354
v -0.00319551436 -0.00930720853 -0.00383298975
f 6208 6210 6209
v -0.00217252127 -0.00942375409 -0.00407700427
v -0.00220946986 -0.009176803 -0.00428253406
v -0.00183044995 -0.00914788689 -0.00423612255
f 6211 6213 6212
v -0.00248627657 -0.00923869811 -0.00424212849
v -0.00231884569 -0.00880857042 -0.00428322019
v -0.00220946986 -0.009176803 -0.00428253406
f 6214 6216 6215
v -0.00217252127 -0.00942375409 -0.00407700427
v -0.00248627657 -0.00923869811 -0.00424212849
v -0.00220946986 -0.009176803 -0.00428253406
f 6217 6219 6218
v -0.00248015986 -0.00943559644 -0.00400982608
v -0.00273714304 -0.00937846708 -0.00397578769
v -0.00248627657 -0.00923869811 -0.00424212849
f 6220 6222 6221
v -0.00248627657 -0.00923869811 -0.00424212849
v -0.00269700704 -0.00906294445 -0.00428537096
v -0.00231884569 -0.00880857042 -0.00428322019
f 6223 6225 6224
v -0.00252865393 -0.00859551583 -0.00434012254
v -0.00256954718 -0.00844781534 -0.00423135352
v -0.0023626455 -0.00842153167 -0.00393802438
f 6226 6228 6227
v -0.00269700704 -0.00906294445 -0.00428537096
v -0.00284961297 -0.00865584007 -0.0043988508
v -0.00238116791 -0.008756647 -0.00430009168
f 6229 6231 6230
v -0.00273714304 -0.00937846708 -0.00397578769
v -0.00297807765 -0.00923001571 -0.00411584479
v -0.00269700704 -0.00906294445 -0.00428537096
f 6232 6234 6233
v -0.00269700704 -0.00906294445 -0.00428537096
v -0.0032471853 -0.00906806017 -0.00426956176
v -0.00329453469 -0.00874293255 -0.004426124
f 6235 6237 6236
v -0.00297807765 -0.00923001571 -0.00411584479
v -0.0032471853 -0.00906806017 -0.00426956176
v -0.00269700704 -0.00906294445 -0.00428537096
f 6238 6240 6239
v -0.00168850711 -0.0092822127 -0.0041024934
v -0.00217252127 -0.00942375409 -0.00407700427
v -0.00183044995 -0.00914788689 -0.00423612255
f 6241 6243 6242
v -0.00313607197 -0.0090220783 -0.00287575476
v -0.00285773549 -0.00929090238 -0.00308847411
v -0.00296646394 -0.00913527838 -0.00285382612
f 6244 6246 6245
v -0.00332984091 -0.00889171788 -0.00289781074
v -0.00311207223 -0.00919201921 -0.00330067851
v -0.00285773549 -0.00929090238 -0.00308847411
f 6247 6249 6248
v -0.00332984091 -0.00889171788 -0.00289781074
v -0.00334579963 -0.00898571307 -0.00313814417
v -0.00311207223 -0.00919201921 -0.00330067851
f 6250 6252 6251
v -0.00332984091 -0.00889171788 -0.00289781074
v -0.00342927124 -0.00882370223 -0.00296461058
v -0.00343340362 -0.00878462379 -0.00305495196
f 6253 6255 6254
v -0.00334579963 -0.00898571307 -0.00313814417
v -0.00349485781 -0.00871327356 -0.00312128905
v -0.00347637579 -0.00885789996 -0.00333304597
f 6256 6258 6257
v -0.00334579963 -0.00898571307 -0.00313814417
v -0.00337337369 -0.0091118105 -0.00345849476
v -0.00311207223 -0.00919201921 -0.00330067851
f 6259 6261 6260
v -0.00343340362 -0.00878462379 -0.00305495196
v -0.00342927124 -0.00882370223 -0.00296461058
v -0.00356306846 -0.00874506877 -0.00308861781
f 6262 6264 6263
v -0.00285773549 -0.00929090238 -0.00308847411
v -0.00313607197 -0.0090220783 -0.00287575476
v -0.00332984091 -0.00889171788 -0.00289781074
f 6265 6267 6266
v -0.00346164379 -0.00871296579 -0.00242988481
v -0.00355989105 -0.00856475672 -0.00265515191
v -0.00332984091 -0.00889171788 -0.00289781074
f 6268 6270 6269
v -0.0036088335 -0.00858406856 -0.00284676462
v -0.00342927124 -0.00882370223 -0.00296461058
v -0.00332984091 -0.00889171788 -0.00289781074
f 6271 6273 6272
v -0.00355989105 -0.00856475672 -0.00265515191
v -0.0036088335 -0.00858406856 -0.00284676462
v -0.00332984091 -0.00889171788 -0.00289781074
f 6274 6276 6275
v -0.00357652643 -0.00840089415 -0.00308333329
v -0.00356867313 -0.00834415478 -0.00304236382
v -0.00357709141 -0.00839780623 -0.00308727831
f 6277 6279 6278
v -0.00353510623 -0.0084360865 -0.00311861368
v -0.00355604716 -0.00843464441 -0.00311469776
v -0.00357652643 -0.00840089415 -0.00308333329
f 6280 6282 6281
v -0.00357652643 -0.00840089415 -0.00308333329
v -0.00355604716 -0.00843464441 -0.00311469776
v -0.00357709141 -0.00839780623 -0.00308727831
f 6283 6285 6284
v -0.00339853796 -0.00814978339 -0.00224772011
v -0.00350068549 -0.00823075898 -0.00300211013
v -0.00355989105 -0.00856475672 -0.00265515191
f 6286 6288 6287
v -0.0023626455 -0.00842153167 -0.00393802438
v -0.00255540308 -0.00819244524 -0.00357977478
v -0.00215879736 -0.00841305955 -0.00359387122
f 6289 6291 6290
v -0.0023626455 -0.00842153167 -0.00393802438
v -0.00270982782 -0.00825779571 -0.00398689626
v -0.00255540308 -0.00819244524 -0.00357977478
f 6292 6294 6293
v -0.00256954718 -0.00844781534 -0.00423135352
v -0.00270982782 -0.00825779571 -0.00398689626
v -0.0023626455 -0.00842153167 -0.00393802438
f 6295 6297 6296
v -0.00224588221 -0.00827727345 -0.00338418977
v -0.00255540308 -0.00819244524 -0.00357977478
v -0.00267834894 -0.00791171478 -0.00321291373
f 6298 6300 6299
v -0.00260086035 -0.00759887844 -0.00280025415
v -0.00241387243 -0.00792464198 -0.0030690222
v -0.00273261976 -0.00771161722 -0.0029709985
f 6301 6303 6302
v -0.00300605407 -0.00791469065 -0.00321273583
v -0.00311898657 -0.00783096912 -0.00283527479
v -0.00291018205 -0.00776322995 -0.00297767128
f 6304 6306 6305
v -0.00284827365 -0.0080480866 -0.00355451884
v -0.00300605407 -0.00791469065 -0.00321273583
v -0.00267834894 -0.00791171478 -0.00321291373
f 6307 6309 6308
v -0.00293373414 -0.00811612117 -0.00372181239
v -0.00300605407 -0.00791469065 -0.00321273583
v -0.00284827365 -0.0080480866 -0.00355451884
f 6310 6312 6311
v -0.00318714847 -0.00799020636 -0.00329064569
v -0.00330516887 -0.00810082493 -0.003078187
v -0.00316159785 -0.00801009373 -0.00314483768
f 6313 6315 6314
v -0.00317209488 -0.00789391997 -0.00300063475
v -0.00330516887 -0.00810082493 -0.003078187
v -0.00337226338 -0.00810129277 -0.00298773157
f 6316 6318 6317
v -0.00355938537 -0.00855568069 -0.00325266446
v -0.00353510623 -0.0084360865 -0.00311861368
v -0.0035265628 -0.00836396357 -0.00310501709
f 6319 6321 6320
v -0.00350418049 -0.00818258195 -0.00318737657
v -0.00351820454 -0.00815187523 -0.003286828
v -0.00352019269 -0.00819870475 -0.00348164322
f 6322 6324 6323
v -0.0035265628 -0.00836396357 -0.00310501709
v -0.00353456453 -0.00829654018 -0.00343494758
v -0.00355938537 -0.00855568069 -0.00325266446
f 6325 6327 6326
v -0.00352019269 -0.00819870475 -0.00348164322
v -0.00353456453 -0.00829654018 -0.00343494758
v -0.00350418049 -0.00818258195 -0.00318737657
f 6328 6330 6329
v -0.00337226338 -0.00810129277 -0.00298773157
v -0.00330516887 -0.00810082493 -0.003078187
v -0.00350068549 -0.00823075898 -0.00300211013
f 6331 6333 6332
v -0.00336171033 -0.00805309828 -0.00337156744
v -0.00351820454 -0.00815187523 -0.003286828
v -0.00350418049 -0.00818258195 -0.00318737657
f 6334 6336 6335
v -0.00336171033 -0.00805309828 -0.00337156744
v -0.00337835736 -0.00810978308 -0.00344663713
v -0.00352164534 -0.00811122227 -0.00345136723
f 6337 6339 6338
v -0.00352019269 -0.00819870475 -0.00348164322
v -0.00364318621 -0.00819305642 -0.00351949784
v -0.00353456453 -0.00829654018 -0.00343494758
f 6340 6342 6341
v -0.00340729348 -0.00810282654 -0.00395149291
v -0.00351165618 -0.00817353066 -0.0035311692
v -0.00330354378 -0.00816000029 -0.00373298535
f 6343 6345 6344
v -0.00356545534 -0.00811405553 -0.00349446418
v -0.00351165618 -0.00817353066 -0.0035311692
v -0.00365773558 -0.0080643229 -0.00361924431
f 6346 6348 6347
v -0.00337835736 -0.00810978308 -0.00344663713
v -0.00300605407 -0.00791469065 -0.00321273583
v -0.00351165618 -0.00817353066 -0.0035311692
f 6349 6351 6350
v -0.00352019269 -0.00819870475 -0.00348164322
v -0.00353321921 -0.00815398525 -0.00350705741
v -0.00352944007 -0.00817303589 -0.00352440111
f 6352 6354 6353
v -0.00365773558 -0.0080643229 -0.00361924431
v -0.00351165618 -0.00817353066 -0.0035311692
v -0.00369922527 -0.00803999937 -0.00373073854
f 6355 6357 6356
v -0.00336171033 -0.00805309828 -0.00337156744
v -0.00352164534 -0.00811122227 -0.00345136723
v -0.00351820454 -0.00815187523 -0.003286828
f 6358 6360 6359
v -0.00350068549 -0.00823075898 -0.00300211013
v -0.00347435853 -0.00818842891 -0.00292064724
v -0.00337226338 -0.00810129277 -0.00298773157
f 6361 6363 6362
v -0.00284961297 -0.00865584007 -0.0043988508
v -0.00252865393 -0.00859551583 -0.00434012254
v -0.00238116791 -0.008756647 -0.00430009168
f 6364 6366 6365
v -0.00252865393 -0.00859551583 -0.00434012254
v -0.00284961297 -0.00865584007 -0.0043988508
v -0.00256954718 -0.00844781534 -0.00423135352
f 6367 6369 6368
v -0.00284961297 -0.00865584007 -0.0043988508
v -0.00329453469 -0.00874293255 -0.004426124
v -0.00288433785 -0.00835934552 -0.00420593606
f 6370 6372 6371
v -0.00329453469 -0.00874293255 -0.004426124
v -0.0032471853 -0.00906806017 -0.00426956176
v -0.00364623302 -0.00880708976 -0.00438127172
f 6373 6375 6374
v -0.00329453469 -0.00874293255 -0.004426124
v -0.003401699 -0.00838943961 -0.00433360001
v -0.00331573174 -0.00840700086 -0.00433139394
f 6376 6378 6377
v -0.00288433785 -0.00835934552 -0.00420593606
v -0.0030576517 -0.0081465987 -0.00397425902
v -0.00270982782 -0.00825779571 -0.00398689626
f 6379 6381 6380
v -0.00288433785 -0.00835934552 -0.00420593606
v -0.003401699 -0.00838943961 -0.00433360001
v -0.0030576517 -0.0081465987 -0.00397425902
f 6382 6384 6383
v -0.0030576517 -0.0081465987 -0.00397425902
v -0.00340729348 -0.00810282654 -0.00395149291
v -0.00330354378 -0.00816000029 -0.00373298535
f 6385 6387 6386
v -0.003401699 -0.00838943961 -0.00433360001
v -0.00340729348 -0.00810282654 -0.00395149291
v -0.0030576517 -0.0081465987 -0.00397425902
f 6388 6390 6389
v -0.00352439201 -0.00808547702 -0.00393069749
v -0.00351165618 -0.00817353066 -0.0035311692
v -0.00340729348 -0.00810282654 -0.00395149291
f 6391 6393 6392
v -0.00231884569 -0.00880857042 -0.00428322019
v -0.0023626455 -0.00842153167 -0.00393802438
v -0.00199114183 -0.00855654798 -0.00387899127
f 6394 6396 6395
v -0.00311207223 -0.00919201921 -0.00330067851
v -0.00337337369 -0.0091118105 -0.00345849476
v -0.00319551436 -0.00930720853 -0.00383298975
f 6397 6399 6398
v -0.00167154922 -0.0064285181 -0.00275832554
v -0.00179885392 -0.00675260162 -0.0027330283
v -0.00200782597 -0.00647670822 -0.00266001534
f 6400 6402 6401
v -0.00203020336 -0.00723302364 -0.00273295791
v -0.00179885392 -0.00675260162 -0.0027330283
v -0.00162913857 -0.00739427778 -0.00281626035
f 6403 6405 6404
v -0.00214263928 -0.00746022415 -0.00277275849
v -0.00226923803 -0.00767896345 -0.00290867101
v -0.00260086035 -0.00759887844 -0.00280025415
f 6406 6408 6407
v -0.00247885637 -0.00686742933 -0.00231326594
v -0.00239132951 -0.00711367829 -0.002507713
v -0.0027035032 -0.00730470347 -0.00231268605
f 6409 6411 6410
v -0.00247885637 -0.00686742933 -0.00231326594
v -0.00261577861 -0.00658497374 -0.00216229582
v -0.00217083743 -0.00628447597 -0.00255066934
f 6412 6414 6413
v -0.00269054053 -0.00689520384 -0.00205855722
v -0.00261577861 -0.00658497374 -0.00216229582
v -0.00247885637 -0.00686742933 -0.00231326594
f 6415 6417 6416
v -0.00216384869 -0.00695586496 -0.00260717152
v -0.00200782597 -0.00647670822 -0.00266001534
v -0.00179885392 -0.00675260162 -0.0027330283
f 6418 6420 6419
v -0.00216384869 -0.00695586496 -0.00260717152
v -0.00217083743 -0.00628447597 -0.00255066934
v -0.00200782597 -0.00647670822 -0.00266001534
f 6421 6423 6422
v -0.00247885637 -0.00686742933 -0.00231326594
v -0.00217083743 -0.00628447597 -0.00255066934
v -0.00216384869 -0.00695586496 -0.00260717152
f 6424 6426 6425
v -0.00203020336 -0.00723302364 -0.00273295791
v -0.00216384869 -0.00695586496 -0.00260717152
v -0.00179885392 -0.00675260162 -0.0027330283
f 6427 6429 6428
v -0.00217083743 -0.00628447597 -0.00255066934
v -0.00261577861 -0.00658497374 -0.00216229582
v -0.00269648353 -0.00584091431 -0.0020784657
f 6430 6432 6431
v -0.00298041832 -0.00757006128 -0.00230459045
v -0.00306960683 -0.00776388624 -0.00268186614
v -0.00308494018 -0.00770537226 -0.00198900125
f 6433 6435 6434
v -0.00296788876 -0.00736082657 -0.00157446884
v -0.00294937963 -0.00737240698 -0.00188886534
v -0.00308494018 -0.00770537226 -0.00198900125
f 6436 6438 6437
v -0.00280106033 -0.00740380128 -0.00223032002
v -0.00308494018 -0.00770537226 -0.00198900125
v -0.00294937963 -0.00737240698 -0.00188886534
f 6439 6441 6440
v -0.00269054053 -0.00689520384 -0.00205855722
v -0.00247885637 -0.00686742933 -0.00231326594
v -0.0027035032 -0.00730470347 -0.00231268605
f 6442 6444 6443
v -0.00294937963 -0.00737240698 -0.00188886534
v -0.0027035032 -0.00730470347 -0.00231268605
v -0.00280106033 -0.00740380128 -0.00223032002
f 6445 6447 6446
v -0.00298041832 -0.00757006128 -0.00230459045
v -0.00280106033 -0.00740380128 -0.00223032002
v -0.0027035032 -0.00730470347 -0.00231268605
f 6448 6450 6449
v -0.00324226967 -0.00795779706 -0.00244781022
v -0.00339853796 -0.00814978339 -0.00224772011
v -0.00324180037 -0.00787975296 -0.00223314455
f 6451 6453 6452
v -0.00306960683 -0.00776388624 -0.00268186614
v -0.00324180037 -0.00787975296 -0.00223314455
v -0.00308494018 -0.00770537226 -0.00198900125
f 6454 6456 6455
v -0.00347435853 -0.00818842891 -0.00292064724
v -0.00338671416 -0.00801340211 -0.00264667833
v -0.0031977761 -0.00786585151 -0.00266737843
f 6457 6459 6458
v -0.0031977761 -0.00786585151 -0.00266737843
v -0.00338671416 -0.00801340211 -0.00264667833
v -0.00314459212 -0.00784384538 -0.00258848304
f 6460 6462 6461
v -0.00347435853 -0.00818842891 -0.00292064724
v -0.00306960683 -0.00776388624 -0.00268186614
v -0.00311898657 -0.00783096912 -0.00283527479
f 6463 6465 6464
v -0.00314459212 -0.00784384538 -0.00258848304
v -0.00324180037 -0.00787975296 -0.00223314455
v -0.00306960683 -0.00776388624 -0.00268186614
f 6466 6468 6467
v -0.00250257908 -0.00737525916 -0.00266478855
v -0.0027035032 -0.00730470347 -0.00231268605
v -0.00239132951 -0.00711367829 -0.002507713
f 6469 6471 6470
v -0.00260086035 -0.00759887844 -0.00280025415
v -0.00250257908 -0.00737525916 -0.00266478855
v -0.00214263928 -0.00746022415 -0.00277275849
f 6472 6474 6473
v -0.00284623475 -0.00690890956 -0.00159642732
v -0.00288824212 -0.00719210148 -0.00177228721
v -0.00292877139 -0.00691706227 -0.00134394859
f 6475 6477 6476
v -0.00296788876 -0.00736082657 -0.00157446884
v -0.00299036601 -0.00728824161 -0.00113958704
v -0.00292877139 -0.00691706227 -0.00134394859
f 6478 6480 6479
v -0.00292877139 -0.00691706227 -0.00134394859
v -0.00288824212 -0.00719210148 -0.00177228721
v -0.00296788876 -0.00736082657 -0.00157446884
f 6481 6483 6482
v -0.00284623475 -0.00690890956 -0.00159642732
v -0.00269054053 -0.00689520384 -0.00205855722
v -0.00288824212 -0.00719210148 -0.00177228721
f 6484 6486 6485
v -0.00294004221 -0.00648328496 -0.00105054687
v -0.00295786886 -0.0061933606 -0.00143736834
v -0.00284828056 -0.00655439508 -0.00172595974
f 6487 6489 6488
v -0.00294004221 -0.00648328496 -0.00105054687
v -0.00292989753 -0.00614998062 -0.000762449599
v -0.00295786886 -0.0061933606 -0.00143736834
f 6490 6492 6491
v -0.00284828056 -0.00655439508 -0.00172595974
v -0.00272809011 -0.00628236157 -0.00202558367
v -0.00261577861 -0.00658497374 -0.00216229582
f 6493 6495 6494
v -0.00284828056 -0.00655439508 -0.00172595974
v -0.00295786886 -0.0061933606 -0.00143736834
v -0.00272809011 -0.00628236157 -0.00202558367
f 6496 6498 6497
v -0.00285827355 -0.00582966386 -0.00182509903
v -0.00298347295 -0.005518322 -0.00150032374
v -0.00282164765 -0.00554541875 -0.00192036532
f 6499 6501 6500
v -0.00299622297 -0.00581215718 -0.00114250888
v -0.00298347295 -0.005518322 -0.00150032374
v -0.00285827355 -0.00582966386 -0.00182509903
f 6502 6504 6503
v -0.00285827355 -0.00582966386 -0.00182509903
v -0.00272809011 -0.00628236157 -0.00202558367
v -0.00295786886 -0.0061933606 -0.00143736834
f 6505 6507 6506
v -0.00284828056 -0.00655439508 -0.00172595974
v -0.00261577861 -0.00658497374 -0.00216229582
v -0.00269054053 -0.00689520384 -0.00205855722
f 6508 6510 6509
v -0.00200782597 -0.00647670822 -0.00266001534
v -0.00217083743 -0.00628447597 -0.00255066934
v -0.0018765737 -0.00618613631 -0.00269131451
f 6511 6513 6512
v -0.0018765737 -0.00618613631 -0.00269131451
v -0.00203043019 -0.00569416261 -0.00260605611
v -0.00153965393 -0.00560324552 -0.00275599978
f 6514 6516 6515
v -0.00192794523 -0.0054398035 -0.00264884984
v -0.00203043019 -0.00569416261 -0.00260605611
v -0.00227806468 -0.00544322575 -0.00243137911
f 6517 6519 6518
v -0.00153965393 -0.00560324552 -0.00275599978
v -0.00203043019 -0.00569416261 -0.00260605611
v -0.00192794523 -0.0054398035 -0.00264884984
f 6520 6522 6521
v -0.00192794523 -0.0054398035 -0.00264884984
v -0.00227806468 -0.00544322575 -0.00243137911
v -0.00213690455 -0.00511289109 -0.00247590669
f 6523 6525 6524
v -0.00238903722 -0.00521563452 -0.00231221256
v -0.00224127834 -0.00467607133 -0.00234609179
v -0.00213690455 -0.00511289109 -0.00247590669
f 6526 6528 6527
v -0.00217083743 -0.00628447597 -0.00255066934
v -0.00227806468 -0.00544322575 -0.00243137911
v -0.00203043019 -0.00569416261 -0.00260605611
f 6529 6531 6530
v -0.00269648353 -0.00584091431 -0.0020784657
v -0.00238903722 -0.00521563452 -0.00231221256
v -0.00227806468 -0.00544322575 -0.00243137911
f 6532 6534 6533
v -0.00269648353 -0.00584091431 -0.0020784657
v -0.00282164765 -0.00554541875 -0.00192036532
v -0.00238903722 -0.00521563452 -0.00231221256
f 6535 6537 6536
v -0.00282164765 -0.00554541875 -0.00192036532
v -0.00290701628 -0.0052656811 -0.00174275156
v -0.00254377865 -0.00487457983 -0.00211755323
f 6538 6540 6539
v -0.00282164765 -0.00554541875 -0.00192036532
v -0.00254377865 -0.00487457983 -0.00211755323
v -0.00238903722 -0.00521563452 -0.00231221256
f 6541 6543 6542
v -0.00213690455 -0.00511289109 -0.00247590669
v -0.00227806468 -0.00544322575 -0.00243137911
v -0.00238903722 -0.00521563452 -0.00231221256
f 6544 6546 6545
v -0.00213690455 -0.00511289109 -0.00247590669
v -0.00184616274 -0.00468166727 -0.00254466431
v -0.00165115689 -0.00484703705 -0.00261320329
f 6547 6549 6548
v -0.00269648353 -0.00584091431 -0.0020784657
v -0.00272809011 -0.00628236157 -0.00202558367
v -0.00285827355 -0.00582966386 -0.00182509903
f 6550 6552 6551
v -0.00372881987 -0.00904783592 -0.00382764338
v -0.00355585325 -0.00921970714 -0.00390786699
v -0.00367776993 -0.00911476527 -0.00375920354
f 6553 6555 6554
v -0.00364739753 -0.00903737018 -0.00417496849
v -0.00364623302 -0.00880708976 -0.00438127172
v -0.0032471853 -0.00906806017 -0.00426956176
f 6556 6558 6557
v -0.00364739753 -0.00903737018 -0.00417496849
v -0.0039238188 -0.00892902026 -0.00406042054
v -0.00364623302 -0.00880708976 -0.00438127172
f 6559 6561 6560
v -0.00337684032 -0.00925933127 -0.00387355394
v -0.00364739753 -0.00903737018 -0.00417496849
v -0.0032471853 -0.00906806017 -0.00426956176
f 6562 6564 6563
v -0.00337337369 -0.0091118105 -0.00345849476
v -0.00377620709 -0.00904291956 -0.0036673362
v -0.00367776993 -0.00911476527 -0.00375920354
f 6565 6567 6566
v -0.00346124179 -0.00899681472 -0.00340842598
v -0.00365126398 -0.00876300328 -0.00330116272
v -0.00377620709 -0.00904291956 -0.0036673362
f 6568 6570 6569
v -0.00365126398 -0.00876300328 -0.00330116272
v -0.00347637579 -0.00885789996 -0.00333304597
v -0.00356050587 -0.00864004905 -0.00323134373
f 6571 6573 6572
v -0.00365126398 -0.00876300328 -0.00330116272
v -0.00374107985 -0.00863823225 -0.00323645181
v -0.00377620709 -0.00904291956 -0.0036673362
f 6574 6576 6575
v -0.00363914005 -0.00864334434 -0.00299416752
v -0.00369854024 -0.00865590846 -0.00318029779
v -0.00356306846 -0.00874506877 -0.00308861781
f 6577 6579 6578
v -0.0035787285 -0.00861216104 -0.0032257878
v -0.00355938537 -0.00855568069 -0.00325266446
v -0.00361044658 -0.00861863373 -0.00322646338
f 6580 6582 6581
v -0.00369345616 -0.00855742765 -0.00317569247
v -0.00363968356 -0.00847563351 -0.00312040065
v -0.00356194578 -0.00849548887 -0.00315646976
f 6583 6585 6584
v -0.00361044658 -0.00861863373 -0.00322646338
v -0.00356306846 -0.00874506877 -0.00308861781
v -0.00365129672 -0.00862612142 -0.00322819178
f 6586 6588 6587
v -0.00356194578 -0.00849548887 -0.00315646976
v -0.00363968356 -0.00847563351 -0.00312040065
v -0.00361284074 -0.00843874295 -0.00311317563
f 6589 6591 6590
v -0.00361341154 -0.00844535898 -0.00310205505
v -0.00356194578 -0.00849548887 -0.00315646976
v -0.00361284074 -0.00843874295 -0.00311317563
f 6592 6594 6593
v -0.00361341154 -0.00844535898 -0.00310205505
v -0.00360278827 -0.00841230067 -0.00308199305
v -0.00361284074 -0.00843874295 -0.00311317563
f 6595 6597 6596
v -0.00360278827 -0.00841230067 -0.00308199305
v -0.00361341154 -0.00844535898 -0.00310205505
v -0.00363968356 -0.00847563351 -0.00312040065
f 6598 6600 6599
v -0.00369854024 -0.00865590846 -0.00318029779
v -0.00372126815 -0.00862222441 -0.00318239508
v -0.00372677969 -0.00863986279 -0.00323159402
f 6601 6603 6602
v -0.00363914005 -0.00864334434 -0.00299416752
v -0.00372126815 -0.00862222441 -0.00318239508
v -0.00369854024 -0.00865590846 -0.00318029779
f 6604 6606 6605
v -0.00369214758 -0.00863365713 -0.00322993656
v -0.00369854024 -0.00865590846 -0.00318029779
v -0.00372677969 -0.00863986279 -0.00323159402
f 6607 6609 6608
v -0.00363914005 -0.00864334434 -0.00299416752
v -0.00365343003 -0.00858016065 -0.00296793787
v -0.00372126815 -0.00862222441 -0.00318239508
f 6610 6612 6611
v -0.00388880035 -0.00900185041 -0.00366150853
v -0.00413159541 -0.0088361332 -0.00387220934
v -0.00377620709 -0.00904291956 -0.0036673362
f 6613 6615 6614
v -0.00413159541 -0.0088361332 -0.00387220934
v -0.0039238188 -0.00892902026 -0.00406042054
v -0.00377620709 -0.00904291956 -0.0036673362
f 6616 6618 6617
v -0.00413159541 -0.0088361332 -0.00387220934
v -0.00405649189 -0.00894614132 -0.00365626402
v -0.00411168076 -0.00892007884 -0.00367193716
f 6619 6621 6620
v -0.00388880035 -0.00900185041 -0.00366150853
v -0.00403260638 -0.008731665 -0.00344346772
v -0.00414841961 -0.00875919577 -0.00352153111
f 6622 6624 6623
v -0.00414841961 -0.00875919577 -0.00352153111
v -0.00418287636 -0.00878878927 -0.00391711874
v -0.00411168076 -0.00892007884 -0.00367193716
f 6625 6627 6626
v -0.0039238188 -0.00892902026 -0.00406042054
v -0.00418287636 -0.00878878927 -0.00391711874
v -0.00418928539 -0.00856571642 -0.00414128481
f 6628 6630 6629
v -0.00418287636 -0.00878878927 -0.00391711874
v -0.0039238188 -0.00892902026 -0.00406042054
v -0.00413159541 -0.0088361332 -0.00387220934
f 6631 6633 6632
v -0.00425161161 -0.00848852651 -0.00365833112
v -0.00425712969 -0.0082694467 -0.00394814233
v -0.00418928539 -0.00856571642 -0.00414128481
f 6634 6636 6635
v -0.00405649189 -0.00894614132 -0.00365626402
v -0.00388880035 -0.00900185041 -0.00366150853
v -0.00414841961 -0.00875919577 -0.00352153111
f 6637 6639 6638
v -0.0038291997 -0.00850039723 -0.00333316893
v -0.0039056009 -0.00836848194 -0.00342160129
v -0.00390073546 -0.00868641728 -0.00335193763
f 6640 6642 6641
v -0.00374107985 -0.00863823225 -0.00323645181
v -0.0038291997 -0.00850039723 -0.00333316893
v -0.00390073546 -0.00868641728 -0.00335193763
f 6643 6645 6644
v -0.00353456453 -0.00829654018 -0.00343494758
v -0.0039056009 -0.00836848194 -0.00342160129
v -0.00374107985 -0.00863823225 -0.00323645181
f 6646 6648 6647
v -0.0039056009 -0.00836848194 -0.00342160129
v -0.0038291997 -0.00850039723 -0.00333316893
v -0.00374107985 -0.00863823225 -0.00323645181
f 6649 6651 6650
v -0.0039056009 -0.00836848194 -0.00342160129
v -0.00425161161 -0.00848852651 -0.00365833112
v -0.00414841961 -0.00875919577 -0.00352153111
f 6652 6654 6653
v -0.0039056009 -0.00836848194 -0.00342160129
v -0.00414841961 -0.00875919577 -0.00352153111
v -0.00390073546 -0.00868641728 -0.00335193763
f 6655 6657 6656
v -0.00384271007 -0.0081607126 -0.00356231612
v -0.0039056009 -0.00836848194 -0.00342160129
v -0.00364318621 -0.00819305642 -0.00351949784
f 6658 6660 6659
v -0.00421505938 -0.00820314235 -0.00363119361
v -0.0042401236 -0.00832405058 -0.00365362794
v -0.00425161161 -0.00848852651 -0.00365833112
f 6661 6663 6662
v -0.00399148339 -0.00806469689 -0.00373757939
v -0.00421505938 -0.00820314235 -0.00363119361
v -0.00384271007 -0.0081607126 -0.00356231612
f 6664 6666 6665
v -0.0042401236 -0.00832405058 -0.00365362794
v -0.00423982419 -0.00812728176 -0.00373734947
v -0.00424577702 -0.00818447807 -0.00382638318
f 6667 6669 6668
v -0.00356050587 -0.00864004905 -0.00323134373
v -0.0035787285 -0.00861216104 -0.0032257878
v -0.00361044658 -0.00861863373 -0.00322646338
f 6670 6672 6671
v -0.00361044658 -0.00861863373 -0.00322646338
v -0.00365129672 -0.00862612142 -0.00322819178
v -0.00356050587 -0.00864004905 -0.00323134373
f 6673 6675 6674
v -0.00372677969 -0.00863986279 -0.00323159402
v -0.00365126398 -0.00876300328 -0.00330116272
v -0.00369214758 -0.00863365713 -0.00322993656
f 6676 6678 6677
v -0.0042401236 -0.00832405058 -0.00365362794
v -0.00424577702 -0.00818447807 -0.00382638318
v -0.00425712969 -0.0082694467 -0.00394814233
f 6679 6681 6680
v -0.0038409089 -0.00856975967 -0.00430944565
v -0.003401699 -0.00838943961 -0.00433360001
v -0.00364623302 -0.00880708976 -0.00438127172
f 6682 6684 6683
v -0.00386315405 -0.0084989937 -0.00426959668
v -0.00369080153 -0.00832493461 -0.00413223934
v -0.00369806439 -0.00849383287 -0.00431487497
f 6685 6687 6686
v -0.00386315405 -0.0084989937 -0.00426959668
v -0.00395021016 -0.0081423801 -0.00402598307
v -0.00369080153 -0.00832493461 -0.00413223934
f 6688 6690 6689
v -0.00425712969 -0.0082694467 -0.00394814233
v -0.00417897754 -0.00854938917 -0.0041638752
v -0.00418928539 -0.00856571642 -0.00414128481
f 6691 6693 6692
v -0.00425712969 -0.0082694467 -0.00394814233
v -0.00395021016 -0.0081423801 -0.00402598307
v -0.00417897754 -0.00854938917 -0.0041638752
f 6694 6696 6695
v -0.00386315405 -0.0084989937 -0.00426959668
v -0.0038409089 -0.00856975967 -0.00430944565
v -0.00398023913 -0.00854281534 -0.00424843238
f 6697 6699 6698
v -0.00425712969 -0.0082694467 -0.00394814233
v -0.00399148339 -0.00806469689 -0.00373757939
v -0.00395021016 -0.0081423801 -0.00402598307
f 6700 6702 6701
v -0.00355604716 -0.00843464441 -0.00311469776
v -0.00356194578 -0.00849548887 -0.00315646976
v -0.00361341154 -0.00844535898 -0.00310205505
f 6703 6705 6704
v -0.00355604716 -0.00843464441 -0.00311469776
v -0.00361341154 -0.00844535898 -0.00310205505
v -0.00361284074 -0.00843874295 -0.00311317563
f 6706 6708 6707
v -0.0036088335 -0.00858406856 -0.00284676462
v -0.00356867313 -0.00834415478 -0.00304236382
v -0.00365343003 -0.00858016065 -0.00296793787
f 6709 6711 6710
v -0.00294175934 -0.00503144256 -0.000130819853
v -0.00305457725 -0.00450518237 -0.000810079837
v -0.00302023618 -0.00511722865 -0.00122160272
f 6712 6714 6713
v -0.00240715635 -0.0043450189 0.000593066034
v -0.0023309296 -0.00402976329 0.000641766928
v -0.0026406753 -0.00414332972 0.00043372238
f 6715 6717 6716
v -0.00221959344 -0.00365123451 0.000730045576
v -0.0025435289 -0.00379539561 0.000533196635
v -0.0023309296 -0.00402976329 0.000641766928
f 6718 6720 6719
v -0.0023309296 -0.00402976329 0.000641766928
v -0.0025435289 -0.00379539561 0.000533196635
v -0.0026406753 -0.00414332972 0.00043372238
f 6721 6723 6722
v -0.00240715635 -0.0043450189 0.000593066034
v -0.00267148098 -0.00457350907 0.000405239916
v -0.00252976752 -0.00481738098 0.000547791024
f 6724 6726 6725
v -0.00284024427 -0.00491674764 0.000126491796
v -0.00298589021 -0.00462158241 -0.000185634462
v -0.00294175934 -0.00503144256 -0.000130819853
f 6727 6729 6728
v -0.00298589021 -0.00462158241 -0.000185634462
v -0.00267148098 -0.00457350907 0.000405239916
v -0.00291136057 -0.00437245872 1.52483182e-05
f 6730 6732 6731
v -0.00240715635 -0.0043450189 0.000593066034
v -0.0026406753 -0.00414332972 0.00043372238
v -0.00267148098 -0.00457350907 0.000405239916
f 6733 6735 6734
v -0.00267148098 -0.00457350907 0.000405239916
v -0.0026406753 -0.00414332972 0.00043372238
v -0.00286335453 -0.00420962024 0.000155385351
f 6736 6738 6737
v -0.0026406753 -0.00414332972 0.00043372238
v -0.0025435289 -0.00379539561 0.000533196635
v -0.00283923328 -0.00376845855 0.000316174373
f 6739 6741 6740
v -0.00291136057 -0.00437245872 1.52483182e-05
v -0.00304436671 -0.00430902219 -0.000538591758
v -0.00298589021 -0.00462158241 -0.000185634462
f 6742 6744 6743
v -0.00294175934 -0.00503144256 -0.000130819853
v -0.00304436671 -0.00430902219 -0.000538591758
v -0.00305457725 -0.00450518237 -0.000810079837
f 6745 6747 6746
v -0.00286335453 -0.00420962024 0.000155385351
v -0.00304436671 -0.00430902219 -0.000538591758
v -0.00291136057 -0.00437245872 1.52483182e-05
f 6748 6750 6749
v -0.00307161936 -0.00410388529 -0.00100756315
v -0.00305457725 -0.00450518237 -0.000810079837
v -0.00304436671 -0.00430902219 -0.000538591758
f 6751 6753 6752
v -0.00305642279 -0.00393394548 -0.000266979077
v -0.00304436671 -0.00430902219 -0.000538591758
v -0.00286335453 -0.00420962024 0.000155385351
f 6754 6756 6755
v -0.0025435289 -0.00379539561 0.000533196635
v -0.00283886638 -0.00345266781 0.000410674784
v -0.00283923328 -0.00376845855 0.000316174373
f 6757 6759 6758
v -0.00283923328 -0.00376845855 0.000316174373
v -0.00283886638 -0.00345266781 0.000410674784
v -0.00312786833 -0.00355591001 7.29906162e-06
f 6760 6762 6761
v -0.00312786833 -0.00355591001 7.29906162e-06
v -0.00305740759 -0.00323069216 0.000342648582
v -0.00317448721 -0.00350728551 8.06130913e-06
f 6763 6765 6764
v -0.00283923328 -0.00376845855 0.000316174373
v -0.00305642279 -0.00393394548 -0.000266979077
v -0.00286335453 -0.00420962024 0.000155385351
f 6766 6768 6767
v -0.00297587831 -0.00544246832 -0.000865715538
v -0.00299622297 -0.00581215718 -0.00114250888
v -0.00285732094 -0.00532969934 5.25152302e-05
f 6769 6771 6770
v -0.00297587831 -0.00544246832 -0.000865715538
v -0.00294175934 -0.00503144256 -0.000130819853
v -0.00302023618 -0.00511722865 -0.00122160272
f 6772 6774 6773
v -0.00302023618 -0.00511722865 -0.00122160272
v -0.00290701628 -0.0052656811 -0.00174275156
v -0.00298347295 -0.005518322 -0.00150032374
f 6775 6777 6776
v -0.0030125495 -0.00477578324 -0.00154441786
v -0.00290701628 -0.0052656811 -0.00174275156
v -0.00302023618 -0.00511722865 -0.00122160272
f 6778 6780 6779
v -0.00289116215 -0.00475738962 -0.00174358065
v -0.00303911474 -0.00445853402 -0.00163915447
v -0.00280834265 -0.00444835314 -0.00192155421
f 6781 6783 6782
v -0.00254377865 -0.00487457983 -0.00211755323
v -0.00290701628 -0.0052656811 -0.00174275156
v -0.00289116215 -0.00475738962 -0.00174358065
f 6784 6786 6785
v -0.00289116215 -0.00475738962 -0.00174358065
v -0.00280834265 -0.00444835314 -0.00192155421
v -0.00254377865 -0.00487457983 -0.00211755323
f 6787 6789 6788
v -0.00307161936 -0.00410388529 -0.00100756315
v -0.0030748055 -0.00440058393 -0.00121726362
v -0.00305457725 -0.00450518237 -0.000810079837
f 6790 6792 6791
v -0.00307161936 -0.00410388529 -0.00100756315
v -0.00309943243 -0.00418371237 -0.00121457097
v -0.0030748055 -0.00440058393 -0.00121726362
f 6793 6795 6794
v -0.0024792731 -0.00440327021 -0.00218132445
v -0.00213658095 -0.00438484421 -0.00240731551
v -0.00224127834 -0.00467607133 -0.00234609179
f 6796 6798 6797
v -0.00213658095 -0.00438484421 -0.00240731551
v -0.0024792731 -0.00440327021 -0.00218132445
v -0.00240004574 -0.00402690021 -0.00234694035
f 6799 6801 6800
v -0.00240004574 -0.00402690021 -0.00234694035
v -0.0024792731 -0.00440327021 -0.00218132445
v -0.00275748607 -0.00405662649 -0.00217113775
f 6802 6804 6803
v -0.00275748607 -0.00405662649 -0.00217113775
v -0.00310659489 -0.00410444154 -0.00161737971
v -0.00312114462 -0.00404962229 -0.0016352642
f 6805 6807 6806
v -0.00280834265 -0.00444835314 -0.00192155421
v -0.00310659489 -0.00410444154 -0.00161737971
v -0.00275748607 -0.00405662649 -0.00217113775
f 6808 6810 6809
v -0.00312114462 -0.00404962229 -0.0016352642
v -0.00313970086 -0.00371376882 -0.00137383449
v -0.00315826364 -0.0039402039 -0.00166947793
f 6811 6813 6812
v -0.00312114462 -0.00404962229 -0.0016352642
v -0.00315826364 -0.0039402039 -0.00166947793
v -0.0032028438 -0.00374231495 -0.00187178812
f 6814 6816 6815
v -0.00268731001 -0.00369875197 -0.00237746535
v -0.00240004574 -0.00402690021 -0.00234694035
v -0.00275748607 -0.00405662649 -0.00217113775
f 6817 6819 6818
v -0.00275748607 -0.00405662649 -0.00217113775
v -0.00312114462 -0.00404962229 -0.0016352642
v -0.00294970887 -0.00381463433 -0.00213500007
f 6820 6822 6821
v -0.0032028438 -0.00374231495 -0.00187178812
v -0.00294970887 -0.00381463433 -0.00213500007
v -0.00312114462 -0.00404962229 -0.0016352642
f 6823 6825 6824
v -0.00254377865 -0.00487457983 -0.00211755323
v -0.00280834265 -0.00444835314 -0.00192155421
v -0.0024792731 -0.00440327021 -0.00218132445
f 6826 6828 6827
v -0.00306535912 -0.00361628881 -0.000714198904
v -0.00307161936 -0.00410388529 -0.00100756315
v -0.00305642279 -0.00393394548 -0.000266979077
f 6829 6831 6830
v -0.00307161936 -0.00410388529 -0.00100756315
v -0.00313970086 -0.00371376882 -0.00137383449
v -0.00310659489 -0.00410444154 -0.00161737971
f 6832 6834 6833
v -0.00306535912 -0.00361628881 -0.000714198904
v -0.00313970086 -0.00371376882 -0.00137383449
v -0.00307161936 -0.00410388529 -0.00100756315
f 6835 6837 6836
v -0.00312786833 -0.00355591001 7.29906162e-06
v -0.00322653614 -0.00324649482 -0.00038768012
v -0.00306535912 -0.00361628881 -0.000714198904
f 6838 6840 6839
v -0.00335947407 -0.00294879119 -0.000368598876
v -0.00317219383 -0.00296226808 -0.000748793309
v -0.00322653614 -0.00324649482 -0.00038768012
f 6841 6843 6842
v -0.00309382813 -0.00333343341 -0.00104074188
v -0.00334883116 -0.00310598334 -0.00170214316
v -0.00313970086 -0.00371376882 -0.00137383449
f 6844 6846 6845
v -0.00306535912 -0.00361628881 -0.000714198904
v -0.00309382813 -0.00333343341 -0.00104074188
v -0.00313970086 -0.00371376882 -0.00137383449
f 6847 6849 6848
v -0.00309382813 -0.00333343341 -0.00104074188
v -0.00324749017 -0.00306115944 -0.00142528806
v -0.00334883116 -0.00310598334 -0.00170214316
f 6850 6852 6851
v -0.00313970086 -0.00371376882 -0.00137383449
v -0.00334883116 -0.00310598334 -0.00170214316
v -0.00325668007 -0.00355221564 -0.00172422879
f 6853 6855 6854
v -0.00312786833 -0.00355591001 7.29906162e-06
v -0.00306535912 -0.00361628881 -0.000714198904
v -0.00305642279 -0.00393394548 -0.000266979077
f 6856 6858 6857
v -0.00312786833 -0.00355591001 7.29906162e-06
v -0.00317448721 -0.00350728551 8.06130913e-06
v -0.00322653614 -0.00324649482 -0.00038768012
f 6859 6861 6860
v -0.00337874699 -0.00323934946 -0.00016445133
v -0.00322653614 -0.00324649482 -0.00038768012
v -0.00317448721 -0.00350728551 8.06130913e-06
f 6862 6864 6863
v -0.00317448721 -0.00350728551 8.06130913e-06
v -0.00325861693 -0.00343294123 -1.07294881e-05
v -0.00337874699 -0.00323934946 -0.00016445133
f 6865 6867 6866
v -0.00197892223 -0.00394965209 0.000797042412
v -0.00214409956 -0.00327440612 0.000741047188
v -0.00221959344 -0.00365123451 0.000730045576
f 6868 6870 6869
v -0.00221959344 -0.00365123451 0.000730045576
v -0.00214409956 -0.00327440612 0.000741047188
v -0.00259869885 -0.00313281125 0.000574173555
f 6871 6873 6872
v -0.0025435289 -0.00379539561 0.000533196635
v -0.00221959344 -0.00365123451 0.000730045576
v -0.00259869885 -0.00313281125 0.000574173555
f 6874 6876 6875
v -0.00214409956 -0.00327440612 0.000741047188
v -0.00227309247 -0.00268247932 0.000696511779
v -0.00239899891 -0.00298854338 0.000674002877
f 6877 6879 6878
v -0.00227309247 -0.00268247932 0.000696511779
v -0.00268791064 -0.0026449281 0.000566881499
v -0.00239899891 -0.00298854338 0.000674002877
f 6880 6882 6881
v -0.00227309247 -0.00268247932 0.000696511779
v -0.00258203072 -0.0023087985 0.000622960579
v -0.00268791064 -0.0026449281 0.000566881499
f 6883 6885 6884
v -0.00227309247 -0.00268247932 0.000696511779
v -0.00238994216 -0.00197187746 0.000670908412
v -0.00258203072 -0.0023087985 0.000622960579
f 6886 6888 6887
v -0.00268791064 -0.0026449281 0.000566881499
v -0.00288962437 -0.0024063911 0.000484928296
v -0.00315158832 -0.00283303834 0.000407560401
f 6889 6891 6890
v -0.00283886638 -0.00345266781 0.000410674784
v -0.00305740759 -0.00323069216 0.000342648582
v -0.00312786833 -0.00355591001 7.29906162e-06
f 6892 6894 6893
v -0.00283886638 -0.00345266781 0.000410674784
v -0.00259869885 -0.00313281125 0.000574173555
v -0.00305740759 -0.00323069216 0.000342648582
f 6895 6897 6896
v -0.00315158832 -0.00283303834 0.000407560401
v -0.00326509835 -0.00305375397 0.000333268417
v -0.00305740759 -0.00323069216 0.000342648582
f 6898 6900 6899
v -0.00326509835 -0.00305375397 0.000333268417
v -0.00345477965 -0.00289154032 0.000323045879
v -0.00305740759 -0.00323069216 0.000342648582
f 6901 6903 6902
v -0.00326509835 -0.00305375397 0.000333268417
v -0.00315158832 -0.00283303834 0.000407560401
v -0.00345477965 -0.00289154032 0.000323045879
f 6904 6906 6905
v -0.00214409956 -0.00327440612 0.000741047188
v -0.00239899891 -0.00298854338 0.000674002877
v -0.00259869885 -0.00313281125 0.000574173555
f 6907 6909 6908
v -0.00259869885 -0.00313281125 0.000574173555
v -0.00239899891 -0.00298854338 0.000674002877
v -0.00268791064 -0.0026449281 0.000566881499
f 6910 6912 6911
v -0.00268791064 -0.0026449281 0.000566881499
v -0.00258203072 -0.0023087985 0.000622960579
v -0.00288962437 -0.0024063911 0.000484928296
f 6913 6915 6914
v -0.00288962437 -0.0024063911 0.000484928296
v -0.00258203072 -0.0023087985 0.000622960579
v -0.00279456399 -0.00196976162 0.000558449938
f 6916 6918 6917
v -0.00277278941 -0.00191364725 0.000514329076
v -0.00269832344 -0.00183562588 0.000439783526
v -0.00297131392 -0.00194532022 0.000492781328
f 6919 6921 6920
v -0.0025428455 -0.00165597048 0.000260794695
v -0.00269832344 -0.00183562588 0.000439783526
v -0.00265807812 -0.00179458584 0.00040505447
f 6922 6924 6923
v -0.0025428455 -0.00165597048 0.000260794695
v -0.00313860182 -0.00179668386 0.000260780325
v -0.00269832344 -0.00183562588 0.000439783526
f 6925 6927 6926
v -0.00313860182 -0.00179668386 0.000260780325
v -0.00303718443 -0.00191945619 0.000438664119
v -0.00269832344 -0.00183562588 0.000439783526
f 6928 6930 6929
v -0.00315158832 -0.00283303834 0.000407560401
v -0.00326116424 -0.00250749927 0.000363491108
v -0.00345477965 -0.00289154032 0.000323045879
f 6931 6933 6932
v -0.00326116424 -0.00250749927 0.000363491108
v -0.00358353464 -0.00223923271 0.000242074111
v -0.00358488323 -0.00259472981 0.000198519956
f 6934 6936 6935
v -0.00303718443 -0.00191945619 0.000438664119
v -0.00310839459 -0.00189273087 0.000394002018
v -0.00308111703 -0.00192838233 0.000441101929
f 6937 6939 6938
v -0.00312394623 -0.00191035324 0.000447510592
v -0.00315993348 -0.00189222665 0.000431083845
v -0.00331214433 -0.00212101859 0.000350995742
f 6940 6942 6941
v -0.00320309446 -0.00186629022 0.000338285645
v -0.00313860182 -0.00179668386 0.000260780325
v -0.00332059972 -0.00183268257 0.000286244358
f 6943 6945 6944
v -0.00313860182 -0.00179668386 0.000260780325
v -0.00320309446 -0.00186629022 0.000338285645
v -0.00310839459 -0.00189273087 0.000394002018
f 6946 6948 6947
v -0.00329042414 -0.00187374153 0.000345840544
v -0.00338062418 -0.00187025635 0.000265300605
v -0.00331214433 -0.00212101859 0.000350995742
f 6949 6951 6950
v -0.00304679234 -0.00194329768 0.000469563383
v -0.00331214433 -0.00212101859 0.000350995742
v -0.00279456399 -0.00196976162 0.000558449938
f 6952 6954 6953
v -0.00304679234 -0.00194329768 0.000469563383
v -0.00312394623 -0.00191035324 0.000447510592
v -0.00331214433 -0.00212101859 0.000350995742
f 6955 6957 6956
v -0.00359394871 -0.00220756956 0.000221379651
v -0.00358702309 -0.00242211681 0.000215877571
v -0.00358353464 -0.00223923271 0.000242074111
f 6958 6960 6959
v -0.00326116424 -0.00250749927 0.000363491108
v -0.00331214433 -0.00212101859 0.000350995742
v -0.00358353464 -0.00223923271 0.000242074111
f 6961 6963 6962
v -0.00359394871 -0.00220756956 0.000221379651
v -0.00343114516 -0.00183937918 0.000225948679
v -0.0036248679 -0.00203187483 2.08415301e-05
f 6964 6966 6965
v -0.00359394871 -0.00220756956 0.000221379651
v -0.0036248679 -0.00203187483 2.08415301e-05
v -0.00362564024 -0.00224914875 -0.000163821869
f 6967 6969 6968
v -0.0026849073 -0.00165689526 0.000141683813
v -0.00304010955 -0.00174914894 1.51858359e-05
v -0.0025428455 -0.00165597048 0.000260794695
f 6970 6972 6971
v -0.00304010955 -0.00174914894 1.51858359e-05
v -0.00313860182 -0.00179668386 0.000260780325
v -0.0025428455 -0.00165597048 0.000260794695
f 6973 6975 6974
v -0.00283508962 -0.00161703701 -0.000517510762
v -0.00314645185 -0.00174509041 -0.000536002244
v -0.00307769515 -0.00173245098 -0.000300092142
f 6976 6978 6977
v -0.00307769515 -0.00173245098 -0.000300092142
v -0.00304010955 -0.00174914894 1.51858359e-05
v -0.00283508962 -0.00161703701 -0.000517510762
f 6979 6981 6980
v -0.00337797392 -0.00261885343 -0.000496235316
v -0.00332714299 -0.00229616726 -0.000826688574
v -0.00322973501 -0.0026638847 -0.00111296995
f 6982 6984 6983
v -0.00351286762 -0.00227602286 -0.00041242547
v -0.00350273367 -0.00195729481 -0.000500808346
v -0.00332714299 -0.00229616726 -0.000826688574
f 6985 6987 6986
v -0.00304010955 -0.00174914894 1.51858359e-05
v -0.00341292071 -0.00181043451 0.000197148165
v -0.00313860182 -0.00179668386 0.000260780325
f 6988 6990 6989
v -0.00362564024 -0.00224914875 -0.000163821869
v -0.0036248679 -0.00203187483 2.08415301e-05
v -0.00360833146 -0.00201672847 -0.000239400379
f 6991 6993 6992
v -0.00341292071 -0.00181043451 0.000197148165
v -0.00350456066 -0.00174973684 2.86976558e-05
v -0.00343114516 -0.00183937918 0.000225948679
f 6994 6996 6995
v -0.00359744299 -0.00177279653 -8.53755353e-05
v -0.0036248679 -0.00203187483 2.08415301e-05
v -0.00343114516 -0.00183937918 0.000225948679
f 6997 6999 6998
v -0.00350456066 -0.00174973684 2.86976558e-05
v -0.00354081749 -0.00173897279 -3.29940065e-05
v -0.00354202821 -0.00175027744 -4.21910897e-05
f 7000 7002 7001
v -0.0036248679 -0.00203187483 2.08415301e-05
v -0.00359744299 -0.00177279653 -8.53755353e-05
v -0.0036100053 -0.00168881998 -0.000198710632
f 7003 7005 7004
v -0.0036248679 -0.00203187483 2.08415301e-05
v -0.0036100053 -0.00168881998 -0.000198710632
v -0.00360833146 -0.00201672847 -0.000239400379
f 7006 7008 7007
v -0.00359744299 -0.00177279653 -8.53755353e-05
v -0.00354202821 -0.00175027744 -4.21910897e-05
v -0.00354081749 -0.00173897279 -3.29940065e-05
f 7009 7011 7010
v -0.00359744299 -0.00177279653 -8.53755353e-05
v -0.00343114516 -0.00183937918 0.000225948679
v -0.00350456066 -0.00174973684 2.86976558e-05
f 7012 7014 7013
v -0.00360833146 -0.00201672847 -0.000239400379
v -0.0036100053 -0.00168881998 -0.000198710632
v -0.0035439738 -0.00186689613 -0.000378836921
f 7015 7017 7016
v -0.00334360593 -0.00182111962 -0.000564657012
v -0.00346913403 -0.0018529201 -0.000625805023
v -0.0034307086 -0.00187129699 -0.000493950483
f 7018 7020 7019
v -0.00338225909 -0.00178095852 -0.000332233094
v -0.0035439738 -0.00186689613 -0.000378836921
v -0.00357503413 -0.00166578902 -0.000208811844
f 7021 7023 7022
v -0.0036100053 -0.00168881998 -0.000198710632
v -0.00357503413 -0.00166578902 -0.000208811844
v -0.0035439738 -0.00186689613 -0.000378836921
f 7024 7026 7025
v -0.00358363941 -0.00165798701 -0.000155492535
v -0.00357503413 -0.00166578902 -0.000208811844
v -0.0036100053 -0.00168881998 -0.000198710632
f 7027 7029 7028
v -0.00340735605 -0.00174032448 -0.000101672686
v -0.00358363941 -0.00165798701 -0.000155492535
v -0.00354202821 -0.00175027744 -4.21910897e-05
f 7030 7032 7031
v -0.00332059972 -0.00183268257 0.000286244358
v -0.00335999393 -0.0018311066 0.000243814975
v -0.00334756005 -0.001852061 0.000270676992
f 7033 7035 7034
v -0.00335999393 -0.0018311066 0.000243814975
v -0.00332059972 -0.00183268257 0.000286244358
v -0.00313860182 -0.00179668386 0.000260780325
f 7036 7038 7037
v -0.00297131392 -0.00194532022 0.000492781328
v -0.00304679234 -0.00194329768 0.000469563383
v -0.00279456399 -0.00196976162 0.000558449938
f 7039 7041 7040
v -0.00254489805 -0.00160681448 0.000644533247
v -0.00241728339 -0.00157048798 0.0005819752
v -0.00251877082 -0.00165954534 0.000491938954
f 7042 7044 7043
v -0.00274393169 -0.00174442721 0.000546567207
v -0.00267649539 -0.00165655038 0.000614803048
v -0.00269832344 -0.00183562588 0.000439783526
f 7045 7047 7046
v -0.00267649539 -0.00165655038 0.000614803048
v -0.00251877082 -0.00165954534 0.000491938954
v -0.00265807812 -0.00179458584 0.00040505447
f 7048 7050 7049
v -0.00269832344 -0.00183562588 0.000439783526
v -0.00267649539 -0.00165655038 0.000614803048
v -0.00265807812 -0.00179458584 0.00040505447
f 7051 7053 7052
v -0.00251877082 -0.00165954534 0.000491938954
v -0.00267649539 -0.00165655038 0.000614803048
v -0.00254489805 -0.00160681448 0.000644533247
f 7054 7056 7055
v -0.00267649539 -0.00165655038 0.000614803048
v -0.00274393169 -0.00174442721 0.000546567207
v -0.002776767 -0.00169514333 0.000593848472
f 7057 7059 7058
v -0.00277278941 -0.00191364725 0.000514329076
v -0.00277624622 -0.0018510038 0.000566049403
v -0.00269832344 -0.00183562588 0.000439783526
f 7060 7062 7061
v -0.0027521899 -0.00176835347 0.000572365207
v -0.00277624622 -0.0018510038 0.000566049403
v -0.0027733875 -0.0017726381 0.000573728812
f 7063 7065 7064
v -0.00274393169 -0.00174442721 0.000546567207
v -0.0027521899 -0.00176835347 0.000572365207
v -0.0027733875 -0.0017726381 0.000573728812
f 7066 7068 7067
v -0.00277624622 -0.0018510038 0.000566049403
v -0.0028011078 -0.00180483239 0.000575618105
v -0.0027733875 -0.0017726381 0.000573728812
f 7069 7071 7070
v -0.0027521899 -0.00176835347 0.000572365207
v -0.0027182039 -0.00178864393 0.000601676129
v -0.002776767 -0.00169514333 0.000593848472
f 7072 7074 7073
v -0.00238994216 -0.00197187746 0.000670908412
v -0.00254489805 -0.00160681448 0.000644533247
v -0.00267649539 -0.00165655038 0.000614803048
f 7075 7077 7076
v -0.00238994216 -0.00197187746 0.000670908412
v -0.002776767 -0.00169514333 0.000593848472
v -0.0027182039 -0.00178864393 0.000601676129
f 7078 7080 7079
v -0.00315993348 -0.00189222665 0.000431083845
v -0.00312394623 -0.00191035324 0.000447510592
v -0.00313147611 -0.00182312178 0.000445869318
f 7081 7083 7082
v -0.00304679234 -0.00194329768 0.000469563383
v -0.00305514368 -0.00190189203 0.000459599778
v -0.00307974806 -0.00191203217 0.000451514188
f 7084 7086 7085
v -0.00312394623 -0.00191035324 0.000447510592
v -0.00308125782 -0.00187079931 0.00045355273
v -0.00313147611 -0.00182312178 0.000445869318
f 7087 7089 7088
v -0.00329042414 -0.00187374153 0.000345840544
v -0.0032262109 -0.00185678091 0.000360659942
v -0.00322765663 -0.00183151478 0.000376819025
f 7090 7092 7091
v -0.0032262109 -0.00185678091 0.000360659942
v -0.00321977641 -0.00187687237 0.000397384792
v -0.00322765663 -0.00183151478 0.000376819025
f 7093 7095 7094
v -0.00321977641 -0.00187687237 0.000397384792
v -0.0032262109 -0.00185678091 0.000360659942
v -0.00329042414 -0.00187374153 0.000345840544
f 7096 7098 7097
v -0.00329042414 -0.00187374153 0.000345840544
v -0.00332059972 -0.00183268257 0.000286244358
v -0.00334776742 -0.0018364748 0.000279322921
f 7099 7101 7100
v -0.00327408343 -0.00184240616 0.000328026999
v -0.00329042414 -0.00187374153 0.000345840544
v -0.00327384078 -0.001820742 0.000341896339
f 7102 7104 7103
v -0.00318183265 -0.00187447331 0.000396319774
v -0.00315993348 -0.00189222665 0.000431083845
v -0.00318483399 -0.00185000426 0.000414127953
f 7105 7107 7106
v -0.00315993348 -0.00189222665 0.000431083845
v -0.00313147611 -0.00182312178 0.000445869318
v -0.00318483399 -0.00185000426 0.000414127953
f 7108 7110 7109
v -0.00311365184 -0.00186420984 0.000416156126
v -0.00315993348 -0.00189222665 0.000431083845
v -0.00310839459 -0.00189273087 0.000394002018
f 7111 7113 7112
v -0.00315993348 -0.00189222665 0.000431083845
v -0.00321977641 -0.00187687237 0.000397384792
v -0.00331214433 -0.00212101859 0.000350995742
f 7114 7116 7115
v -0.00321977641 -0.00187687237 0.000397384792
v -0.00318183265 -0.00187447331 0.000396319774
v -0.00318483399 -0.00185000426 0.000414127953
f 7117 7119 7118
v -0.00315993348 -0.00189222665 0.000431083845
v -0.00318183265 -0.00187447331 0.000396319774
v -0.00321977641 -0.00187687237 0.000397384792
f 7120 7122 7121
v -0.00242591868 -0.00152917655 0.000140634802
v -0.0025428455 -0.00165597048 0.000260794695
v -0.00251877082 -0.00165954534 0.000491938954
f 7123 7125 7124
v -0.0035160152 -0.00294600432 -0.000109741995
v -0.00354707481 -0.00263582042 -0.000295794644
v -0.00335947407 -0.00294879119 -0.000368598876
f 7126 7128 7127
v -0.00362564024 -0.00224914875 -0.000163821869
v -0.00354707481 -0.00263582042 -0.000295794644
v -0.00358488323 -0.00259472981 0.000198519956
f 7129 7131 7130
v -0.00344078326 -0.00312951815 0.000171682586
v -0.00345477965 -0.00289154032 0.000323045879
v -0.00351069866 -0.00279620817 0.000276093942
f 7132 7134 7133
v -0.00312394623 -0.00191035324 0.000447510592
v -0.00308111703 -0.00192838233 0.000441101929
v -0.00307974806 -0.00191203217 0.000451514188
f 7135 7137 7136
v -0.00308125782 -0.00187079931 0.00045355273
v -0.00310839459 -0.00189273087 0.000394002018
v -0.00315993348 -0.00189222665 0.000431083845
f 7138 7140 7139
v -0.00304679234 -0.00194329768 0.000469563383
v -0.00303718443 -0.00191945619 0.000438664119
v -0.00305514368 -0.00190189203 0.000459599778
f 7141 7143 7142
v -0.00308111703 -0.00192838233 0.000441101929
v -0.00304679234 -0.00194329768 0.000469563383
v -0.00307974806 -0.00191203217 0.000451514188
f 7144 7146 7145
v -0.00310839459 -0.00189273087 0.000394002018
v -0.00320309446 -0.00186629022 0.000338285645
v -0.00318183265 -0.00187447331 0.000396319774
f 7147 7149 7148
v -0.00334756005 -0.001852061 0.000270676992
v -0.00329042414 -0.00187374153 0.000345840544
v -0.00334776742 -0.0018364748 0.000279322921
f 7150 7152 7151
v -0.00338062418 -0.00187025635 0.000265300605
v -0.00334756005 -0.001852061 0.000270676992
v -0.00334776742 -0.0018364748 0.000279322921
f 7153 7155 7154
v -0.00331214433 -0.00212101859 0.000350995742
v -0.00321977641 -0.00187687237 0.000397384792
v -0.00329042414 -0.00187374153 0.000345840544
f 7156 7158 7157
v -0.00343114516 -0.00183937918 0.000225948679
v -0.00339281905 -0.00183615539 0.000236396954
v -0.00339412909 -0.00183037027 0.000241135967
f 7159 7161 7160
v -0.00339281905 -0.00183615539 0.000236396954
v -0.00338062418 -0.00187025635 0.000265300605
v -0.00339412909 -0.00183037027 0.000241135967
f 7162 7164 7163
v -0.00188544109 -0.00395163152 -0.00249256282
v -0.00233131395 -0.00369394111 -0.00243496015
v -0.00195604352 -0.00359721744 -0.00251469774
f 7165 7167 7166
v -0.00233131395 -0.00369394111 -0.00243496015
v -0.00204408661 -0.00329378418 -0.00255032537
v -0.00195604352 -0.00359721744 -0.00251469774
f 7168 7170 7169
v -0.00233131395 -0.00369394111 -0.00243496015
v -0.00268731001 -0.00369875197 -0.00237746535
v -0.00254610786 -0.00345442604 -0.00247685275
f 7171 7173 7172
v -0.00204408661 -0.00329378418 -0.00255032537
v -0.00233131395 -0.00369394111 -0.00243496015
v -0.00254610786 -0.00345442604 -0.00247685275
f 7174 7176 7175
v -0.00275748607 -0.00405662649 -0.00217113775
v -0.00294970887 -0.00381463433 -0.00213500007
v -0.00268731001 -0.00369875197 -0.00237746535
f 7177 7179 7178
v -0.00297679981 -0.00343816246 -0.00238092598
v -0.00268731001 -0.00369875197 -0.00237746535
v -0.00294970887 -0.00381463433 -0.00213500007
f 7180 7182 7181
v -0.00257332431 -0.0030206309 -0.00261678233
v -0.0022166867 -0.0024491972 -0.00266963743
v -0.00208766851 -0.00293370649 -0.00260493107
f 7183 7185 7184
v -0.00257332431 -0.0030206309 -0.00261678233
v -0.00254610786 -0.00345442604 -0.00247685275
v -0.00296807484 -0.00310197975 -0.00255764153
f 7186 7188 7187
v -0.00296807484 -0.00310197975 -0.00255764153
v -0.00264612208 -0.00273949954 -0.00268699077
v -0.00257332431 -0.0030206309 -0.00261678233
f 7189 7191 7190
v -0.00296807484 -0.00310197975 -0.00255764153
v -0.0032707303 -0.00317224549 -0.00241961625
v -0.00312768425 -0.00283677618 -0.00251085112
f 7192 7194 7193
v -0.00268731001 -0.00369875197 -0.00237746535
v -0.00233131395 -0.00369394111 -0.00243496015
v -0.00240004574 -0.00402690021 -0.00234694035
f 7195 7197 7196
v -0.00339965118 -0.00285917649 -0.00197374357
v -0.0033433007 -0.00316265287 -0.00216656063
v -0.00334883116 -0.00310598334 -0.00170214316
f 7198 7200 7199
v -0.0033433007 -0.00316265287 -0.00216656063
v -0.00339965118 -0.00285917649 -0.00197374357
v -0.00337516649 -0.00289010841 -0.00225782314
f 7201 7203 7202
v -0.00337516649 -0.00289010841 -0.00225782314
v -0.0032707303 -0.00317224549 -0.00241961625
v -0.0033433007 -0.00316265287 -0.00216656063
f 7204 7206 7205
v -0.00339965118 -0.00285917649 -0.00197374357
v -0.00340608167 -0.00273356873 -0.00213429958
v -0.00337516649 -0.00289010841 -0.00225782314
f 7207 7209 7208
v -0.00337514321 -0.00268876483 -0.00174425622
v -0.00334753349 -0.00235982498 -0.00146515904
v -0.0033288532 -0.00250976354 -0.00217441448
f 7210 7212 7211
v -0.00312768425 -0.00283677618 -0.00251085112
v -0.00337516649 -0.00289010841 -0.00225782314
v -0.0033288532 -0.00250976354 -0.00217441448
f 7213 7215 7214
v -0.00300502397 -0.00248003998 -0.00262917274
v -0.00311141521 -0.00217787165 -0.0024432491
v -0.00277671934 -0.00197659301 -0.00261307505
f 7216 7218 7217
v -0.00311141521 -0.00217787165 -0.0024432491
v -0.00334156393 -0.00209030131 -0.00190524934
v -0.00320228392 -0.00179208237 -0.00216147746
f 7219 7221 7220
v -0.00334156393 -0.00209030131 -0.00190524934
v -0.00311141521 -0.00217787165 -0.0024432491
v -0.0033288532 -0.00250976354 -0.00217441448
f 7222 7224 7223
v -0.00300502397 -0.00248003998 -0.00262917274
v -0.00277671934 -0.00197659301 -0.00261307505
v -0.00269828415 -0.00239421825 -0.00270391374
f 7225 7227 7226
v -0.00266069055 -0.00171806641 -0.00263172387
v -0.00237827353 -0.00160879081 -0.00266844145
v -0.00233437149 -0.00193375145 -0.002686472
f 7228 7230 7229
v -0.00297778606 -0.00156876777 -0.00234322833
v -0.00266069055 -0.00171806641 -0.00263172387
v -0.00277671934 -0.00197659301 -0.00261307505
f 7231 7233 7232
v -0.00288285064 -0.00151058648 -0.00238370521
v -0.00295737173 -0.00138640053 -0.00222502604
v -0.00275855509 -0.00136767858 -0.00229539964
f 7234 7236 7235
v -0.00275855509 -0.00136767858 -0.00229539964
v -0.00277233794 -0.00147192995 -0.00249582463
v -0.00288285064 -0.00151058648 -0.00238370521
f 7237 7239 7238
v -0.00297778606 -0.00156876777 -0.00234322833
v -0.00277233794 -0.00147192995 -0.00249582463
v -0.00266069055 -0.00171806641 -0.00263172387
f 7240 7242 7241
v -0.00250880948 -0.00125878787 -0.0026139709
v -0.00255796294 -0.00146478696 -0.00263517504
v -0.00260311317 -0.00131739544 -0.00257027023
f 7243 7245 7244
v -0.00250880948 -0.00125878787 -0.0026139709
v -0.0026488191 -0.0013762954 -0.00245839219
v -0.00246786822 -0.00126866234 -0.00234348117
f 7246 7248 7247
v -0.00255796294 -0.00146478696 -0.00263517504
v -0.00269498705 -0.00141317978 -0.00253498656
v -0.00260311317 -0.00131739544 -0.00257027023
f 7249 7251 7250
v -0.00255796294 -0.00146478696 -0.00263517504
v -0.00250880948 -0.00125878787 -0.0026139709
v -0.00244519288 -0.00122540096 -0.0026372958
f 7252 7254 7253
v -0.00260311317 -0.00131739544 -0.00257027023
v -0.00269498705 -0.00141317978 -0.00253498656
v -0.0026488191 -0.0013762954 -0.00245839219
f 7255 7257 7256
v -0.00266069055 -0.00171806641 -0.00263172387
v -0.00277233794 -0.00147192995 -0.00249582463
v -0.00269498705 -0.00141317978 -0.00253498656
f 7258 7260 7259
v -0.00255796294 -0.00146478696 -0.00263517504
v -0.00244519288 -0.00122540096 -0.0026372958
v -0.00237827353 -0.00160879081 -0.00266844145
f 7261 7263 7262
v -0.00255796294 -0.00146478696 -0.00263517504
v -0.00266069055 -0.00171806641 -0.00263172387
v -0.00269498705 -0.00141317978 -0.00253498656
f 7264 7266 7265
v -0.00315759098 -0.00139868398 -0.00214163701
v -0.00297778606 -0.00156876777 -0.00234322833
v -0.00320228392 -0.00179208237 -0.00216147746
f 7267 7269 7268
v -0.0033433007 -0.00316265287 -0.00216656063
v -0.0032707303 -0.00317224549 -0.00241961625
v -0.00327001108 -0.00340013976 -0.00223542575
f 7270 7272 7271
v -0.00262613121 -0.00146649218 -0.000799001918
v -0.00283508962 -0.00161703701 -0.000517510762
v -0.00245707779 -0.00146008915 -0.000553295285
f 7273 7275 7274
v -0.00342761232 -0.00168476472 -0.000825798998
v -0.00314645185 -0.00174509041 -0.000536002244
v -0.00283508962 -0.00161703701 -0.000517510762
f 7276 7278 7277
v -0.00290334665 -0.00148608469 -0.000932283638
v -0.00283508962 -0.00161703701 -0.000517510762
v -0.00262613121 -0.00146649218 -0.000799001918
f 7279 7281 7280
v -0.00290334665 -0.00148608469 -0.000932283638
v -0.00342761232 -0.00168476472 -0.000825798998
v -0.00283508962 -0.00161703701 -0.000517510762
f 7282 7284 7283
v -0.00242337483 -0.00136049694 -0.00133067961
v -0.00297855277 -0.00141585761 -0.00115128114
v -0.00262613121 -0.00146649218 -0.000799001918
f 7285 7287 7286
v -0.00297855277 -0.00141585761 -0.00115128114
v -0.00290334665 -0.00148608469 -0.000932283638
v -0.00262613121 -0.00146649218 -0.000799001918
f 7288 7290 7289
v -0.00297855277 -0.00141585761 -0.00115128114
v -0.00316904261 -0.00149594389 -0.00100040425
v -0.00290334665 -0.00148608469 -0.000932283638
f 7291 7293 7292
v -0.00342761232 -0.00168476472 -0.000825798998
v -0.00340738479 -0.00155660618 -0.000976249612
v -0.00334889919 -0.00198915568 -0.00116753927
f 7294 7296 7295
v -0.00346913403 -0.0018529201 -0.000625805023
v -0.00334360593 -0.00182111962 -0.000564657012
v -0.00342761232 -0.00168476472 -0.000825798998
f 7297 7299 7298
v -0.00316904261 -0.00149594389 -0.00100040425
v -0.00340738479 -0.00155660618 -0.000976249612
v -0.00342761232 -0.00168476472 -0.000825798998
f 7300 7302 7301
v -0.00297855277 -0.00141585761 -0.00115128114
v -0.00331046322 -0.00141847395 -0.00115963358
v -0.00316904261 -0.00149594389 -0.00100040425
f 7303 7305 7304
v -0.00331046322 -0.00141847395 -0.00115963358
v -0.00340738479 -0.00155660618 -0.000976249612
v -0.00316904261 -0.00149594389 -0.00100040425
f 7306 7308 7307
v -0.00309683819 -0.00138114192 -0.00154583104
v -0.00314867139 -0.00140251623 -0.00137821098
v -0.00297855277 -0.00141585761 -0.00115128114
f 7309 7311 7310
v -0.00243171799 -0.0013118819 -0.00179356375
v -0.00243321665 -0.00128804986 -0.00202359406
v -0.00309444404 -0.00136440685 -0.00169294708
f 7312 7314 7313
v -0.00320228392 -0.00179208237 -0.00216147746
v -0.00334156393 -0.00209030131 -0.00190524934
v -0.00334925971 -0.00167101771 -0.0015884325
f 7315 7317 7316
v -0.00334925971 -0.00167101771 -0.0015884325
v -0.00333050666 -0.0016329288 -0.00162066481
v -0.00320228392 -0.00179208237 -0.00216147746
f 7318 7320 7319
v -0.00328348724 -0.00147368355 -0.00147355422
v -0.00314867139 -0.00140251623 -0.00137821098
v -0.00309683819 -0.00138114192 -0.00154583104
f 7321 7323 7322
v -0.00328348724 -0.00147368355 -0.00147355422
v -0.00324077992 -0.00151510549 -0.00162737233
v -0.00333050666 -0.0016329288 -0.00162066481
f 7324 7326 7325
v -0.00328348724 -0.00147368355 -0.00147355422
v -0.00327203525 -0.00140284374 -0.00131755569
v -0.00314867139 -0.00140251623 -0.00137821098
f 7327 7329 7328
v -0.00328348724 -0.00147368355 -0.00147355422
v -0.00334925971 -0.00167101771 -0.0015884325
v -0.00337657839 -0.00145860749 -0.00140472457
f 7330 7332 7331
v -0.00329687173 -0.00144691967 -0.00181824835
v -0.00327303278 -0.00136170001 -0.00191076142
v -0.00326039008 -0.00134746533 -0.00196580149
f 7333 7335 7334
v -0.00329687173 -0.00144691967 -0.00181824835
v -0.00326039008 -0.00134746533 -0.00196580149
v -0.00320228392 -0.00179208237 -0.00216147746
f 7336 7338 7337
v -0.00320707586 -0.00141839964 -0.001752973
v -0.00324077992 -0.00151510549 -0.00162737233
v -0.00309683819 -0.00138114192 -0.00154583104
f 7339 7341 7340
v -0.00329687173 -0.00144691967 -0.00181824835
v -0.00324077992 -0.00151510549 -0.00162737233
v -0.00320707586 -0.00141839964 -0.001752973
f 7342 7344 7343
v -0.00320707586 -0.00141839964 -0.001752973
v -0.00327303278 -0.00136170001 -0.00191076142
v -0.00329687173 -0.00144691967 -0.00181824835
f 7345 7347 7346
v -0.00324077992 -0.00151510549 -0.00162737233
v -0.00329687173 -0.00144691967 -0.00181824835
v -0.00333050666 -0.0016329288 -0.00162066481
f 7348 7350 7349
v -0.00331046322 -0.00141847395 -0.00115963358
v -0.00327203525 -0.00140284374 -0.00131755569
v -0.00339549842 -0.00134683278 -0.00126430295
f 7351 7353 7352
v -0.00339549842 -0.00134683278 -0.00126430295
v -0.00337657839 -0.00145860749 -0.00140472457
v -0.00334925971 -0.00167101771 -0.0015884325
f 7354 7356 7355
v -0.00340738479 -0.00155660618 -0.000976249612
v -0.00339549842 -0.00134683278 -0.00126430295
v -0.00334925971 -0.00167101771 -0.0015884325
f 7357 7359 7358
v -0.00327203525 -0.00140284374 -0.00131755569
v -0.00328348724 -0.00147368355 -0.00147355422
v -0.00339549842 -0.00134683278 -0.00126430295
f 7360 7362 7361
v -0.00328348724 -0.00147368355 -0.00147355422
v -0.00337657839 -0.00145860749 -0.00140472457
v -0.00339549842 -0.00134683278 -0.00126430295
f 7363 7365 7364
v -0.00257928896 -0.00130377257 -0.00212510477
v -0.00243321665 -0.00128804986 -0.00202359406
v -0.00246786822 -0.00126866234 -0.00234348117
f 7366 7368 7367
v -0.00257928896 -0.00130377257 -0.00212510477
v -0.00295737173 -0.00138640053 -0.00222502604
v -0.00243321665 -0.00128804986 -0.00202359406
f 7369 7371 7370
v -0.00275855509 -0.00136767858 -0.00229539964
v -0.00295737173 -0.00138640053 -0.00222502604
v -0.00257928896 -0.00130377257 -0.00212510477
f 7372 7374 7373
v -0.00246786822 -0.00126866234 -0.00234348117
v -0.00275855509 -0.00136767858 -0.00229539964
v -0.00257928896 -0.00130377257 -0.00212510477
f 7375 7377 7376
v -0.00243321665 -0.00128804986 -0.00202359406
v -0.00312182419 -0.00135187765 -0.00203976851
v -0.00326039008 -0.00134746533 -0.00196580149
f 7378 7380 7379
v -0.00295737173 -0.00138640053 -0.00222502604
v -0.00310389587 -0.00138395662 -0.00218564783
v -0.00243321665 -0.00128804986 -0.00202359406
f 7381 7383 7382
v -0.00297778606 -0.00156876777 -0.00234322833
v -0.00315759098 -0.00139868398 -0.00214163701
v -0.00310389587 -0.00138395662 -0.00218564783
f 7384 7386 7385
v -0.00319192332 -0.00132276191 -0.00206395889
v -0.00318195234 -0.00136120734 -0.00209544978
v -0.00326039008 -0.00134746533 -0.00196580149
f 7387 7389 7388
v -0.00326039008 -0.00134746533 -0.00196580149
v -0.00312182419 -0.00135187765 -0.00203976851
v -0.00319192332 -0.00132276191 -0.00206395889
f 7390 7392 7391
v -0.00315759098 -0.00139868398 -0.00214163701
v -0.00315599973 -0.00136004064 -0.00210301641
v -0.00315537873 -0.00134903685 -0.00211656588
f 7393 7395 7394
v -0.00326039008 -0.00134746533 -0.00196580149
v -0.00318195234 -0.00136120734 -0.00209544978
v -0.00315759098 -0.00139868398 -0.00214163701
f 7396 7398 7397
v -0.00325668007 -0.00355221564 -0.00172422879
v -0.00327001108 -0.00340013976 -0.00223542575
v -0.0032028438 -0.00374231495 -0.00187178812
f 7399 7401 7400
v -0.00346913403 -0.0018529201 -0.000625805023
v -0.00334889919 -0.00198915568 -0.00116753927
v -0.00350273367 -0.00195729481 -0.000500808346
f 7402 7404 7403
v -0.00334791657 -0.00335653895 -1.88699204e-05
v -0.00325861693 -0.00343294123 -1.07294881e-05
v -0.00344078326 -0.00312951815 0.000171682586
f 7405 7407 7406
v -0.00337874699 -0.00323934946 -0.00016445133
v -0.00335947407 -0.00294879119 -0.000368598876
v -0.00322653614 -0.00324649482 -0.00038768012
f 7408 7410 7409
v -0.00317219383 -0.00296226808 -0.000748793309
v -0.00337797392 -0.00261885343 -0.000496235316
v -0.00322973501 -0.0026638847 -0.00111296995
f 7411 7413 7412
v -0.00332714299 -0.00229616726 -0.000826688574
v -0.00334753349 -0.00235982498 -0.00146515904
v -0.00327507732 -0.00255822397 -0.0012655808
f 7414 7416 7415
v 0.00177482198 -0.00616514153 -0.0012338488
v 0.00161190765 -0.00627020563 -0.00152191751
v 0.00163702389 -0.00625132016 -0.00150891574
f 7417 7419 7418
v 0.000400951649 -0.00782943534 -0.00241199323
v 0.000350479127 -0.00730342217 -0.00234524123
v 0.000777259265 -0.00736404108 -0.00207949852
f 7420 7422 7421
v 0.00159178271 -0.00429260035 -0.000382392454
v 0.00154690315 -0.00433456953 -5.08347512e-05
v 0.00163627228 -0.00504575582 7.00490091e-05
f 7423 7425 7424
v 0.00126295172 -0.00402976475 0.00046162786
v 0.001163863 -0.00378969708 0.000471120893
v 0.00101699225 -0.00372083668 0.000616901798
f 7426 7428 7427
v -0.00157082522 -0.00995841692 -0.00334772485
v -0.00214127958 -0.00971815753 -0.0036758629
v -0.00162277793 -0.00968129098 -0.00374350639
f 7429 7431 7430
v -0.00352316565 -0.00854229147 -0.00247344524
v -0.00355989105 -0.00856475672 -0.00265515191
v -0.00346164379 -0.00871296579 -0.00242988481
f 7432 7434 7433
v -0.00252976752 -0.00481738098 0.000547791024
v -0.00267148098 -0.00457350907 0.000405239916
v -0.00284024427 -0.00491674764 0.000126491796
f 7435 7437 7436
v -0.000100465581 -0.0102124715 -0.000207793346
v -0.000536640619 -0.0103510945 0.000157188333
v -0.000564173251 -0.0104354556 -0.000153884184
f 7438 7440 7439
v -0.00162472352 -0.00631462972 0.00105395502
v -0.00104422361 -0.00590139171 0.00119166725
v -0.00159314295 -0.00559565597 0.00112845446
f 7441 7443 7442
v -0.00215698328 -0.00750332692 0.00093289309
v -0.00152250814 -0.0081016311 0.00100540383
v -0.0017809276 -0.00708898879 0.000963840284
f 7444 7446 7445
v -0.00258660639 -0.00736680886 0.000709924279
v -0.0025616544 -0.00714618291 0.000649746471
v -0.00266115803 -0.00700816308 0.000373249986
f 7447 7449 7448
v -0.000158688545 -0.01035022 -0.00082229808
v 0.000260454112 -0.0101422731 -0.000859840202
v -5.57816008e-05 -0.0102813225 -0.000513338546
f 7450 7452 7451
v -0.000612831764 -0.00961456026 0.00107234264
v -0.00061530618 -0.00966975567 0.00107637788
v -0.000324387088 -0.00935193166 0.000812421058
f 7453 7455 7454
v -0.000365605206 -0.00890192023 0.000875486512
v -0.000454793326 -0.00861503577 0.00089576788
v -0.000840344183 -0.00901363819 0.00104640749
f 7456 7458 7457
v 0.00157330378 -0.00719350646 -0.000452554104
v 0.00154157096 -0.00728685918 -9.2318993e-05
v 0.0015597765 -0.0074081574 -0.000455791724
f 7459 7461 7460
v 0.00161673997 -0.00691402893 -0.000816607462
v 0.00176485846 -0.00631266739 -0.00096517706
v 0.00184503515 -0.00628505586 -0.000473753153
f 7462 7464 7463
v 0.00156050573 -0.00664390027 -0.00125529896
v 0.00176485846 -0.00631266739 -0.00096517706
v 0.00161673997 -0.00691402893 -0.000816607462
f 7465 7467 7466
v 0.00120081886 -0.00931346658 -0.000917418402
v 0.00126625064 -0.0091803995 -0.00061214314
v 0.00100120033 -0.00948044835 -0.000568316591
f 7468 7470 7469
v 0.00117722448 -0.00784030781 -0.0017527098
v 0.00115666426 -0.0082021048 -0.001774675
v 0.00103701541 -0.00761315605 -0.00187649166
f 7471 7473 7472
v -0.000178118842 -0.00937892037 -0.00247112948
v 3.55396622e-05 -0.00965273794 -0.00207273661
v -0.000284958014 -0.00981928752 -0.00219785434
f 7474 7476 7475
v 0.000101480907 -0.00851410005 -0.00261658843
v -0.000438381448 -0.00828987395 -0.00277446488
v 4.40009018e-05 -0.0081833372 -0.00263674956
f 7477 7479 7478
v -0.000438381448 -0.00828987395 -0.00277446488
v 0.000101480907 -0.00851410005 -0.00261658843
v -0.000372395925 -0.00865192123 -0.00272885973
f 7480 7482 7481
v 0.000533733146 -0.00840225839 -0.00240700319
v 0.000492314166 -0.00860416767 -0.00244360872
v 0.000417737192 -0.00852547819 -0.00245775227
f 7483 7485 7484
v 0.000400951649 -0.00782943534 -0.00241199323
v 0.000533733146 -0.00840225839 -0.00240700319
v 0.000319867127 -0.0081289807 -0.00253479102
f 7486 7488 7487
v 0.00164992452 -0.00831721554 -0.000664960498
v 0.00160502932 -0.00792171631 -0.000353057021
v 0.00150274072 -0.00861837616 -0.000325129758
f 7489 7491 7490
v 0.000847750562 -0.00771562845 0.000701563295
v 0.00133532103 -0.00787106474 0.000271422414
v 0.00120575669 -0.0074670148 0.000527954853
f 7492 7494 7493
v 0.00120575669 -0.0074670148 0.000527954853
v 0.00133532103 -0.00787106474 0.000271422414
v 0.00140856573 -0.0072762552 0.00032953667
f 7495 7497 7496
v 0.000431735043 -0.00798185647 0.00076925553
v 0.000723566654 -0.00796780878 0.000698499025
v 0.000847750562 -0.00771562845 0.000701563295
f 7498 7500 7499
v 0.00120575669 -0.0074670148 0.000527954853
v 0.00140856573 -0.0072762552 0.00032953667
v 0.00118177431 -0.00691138994 0.000586348688
f 7501 7503 7502
v 0.00118177431 -0.00691138994 0.000586348688
v 0.00142858316 -0.00701360841 0.00027822698
v 0.00144731366 -0.00668402572 0.00041772646
f 7504 7506 7505
v -0.000579940115 -0.00791214406 0.000981370613
v -6.87620968e-05 -0.00800592679 0.000884342262
v -0.000181755331 -0.00761303672 0.000974141585
f 7507 7509 7508
v 0.00144865962 -0.00658833669 -0.00141307155
v 0.00141073542 -0.00669271758 -0.00151863842
v 0.00129465634 -0.00654410542 -0.0016167236
f 7510 7512 7511
v 0.00164089233 -0.00533872408 0.000181086307
v 0.0017440434 -0.00565136943 4.78386937e-05
v 0.00163627228 -0.00504575582 7.00490091e-05
f 7513 7515 7514
v 0.00163627228 -0.00504575582 7.00490091e-05
v 0.00142051658 -0.00476959794 0.000427189934
v 0.00152762968 -0.00503745287 0.000314915542
f 7516 7518 7517
v 0.00115848698 -0.00435341171 0.000642518717
v 0.00101203341 -0.00449419858 0.000757913404
v 0.00105674153 -0.00468265862 0.000828492557
f 7519 7521 7520
v 0.000932551848 -0.00405517676 0.000771338455
v 0.00115848698 -0.00435341171 0.000642518717
v 0.00101699225 -0.00372083668 0.000616901798
f 7522 7524 7523
v 0.00104247129 -0.00641774241 0.000677900971
v 0.00127790599 -0.00624403037 0.000547364561
v 0.00112747966 -0.00618956255 0.000660408841
f 7525 7527 7526
v 0.000345548915 -0.00697484793 0.000937198456
v 0.000139831752 -0.00669993315 0.000983021528
v -0.000361350294 -0.00681830861 0.00105135987
f 7528 7530 7529
v -0.00104422361 -0.00590139171 0.00119166725
v -0.000562638206 -0.00578828549 0.00123322588
v -0.0011266774 -0.00547272684 0.00122834499
f 7531 7533 7532
v 0.000951899437 -0.00581176901 0.000774027831
v 0.00128156607 -0.00570788179 0.000590490072
v 0.001102637 -0.00567358111 0.0006720089
f 7534 7536 7535
v 0.000730991678 -0.00478319926 0.000960161742
v 0.00120711784 -0.00499613161 0.000681543315
v 0.000858985914 -0.00473172986 0.000911659117
f 7537 7539 7538
v 0.000694970595 -0.00475023662 0.000980178811
v 0.000808631557 -0.00467764476 0.000903451291
v 0.000747275908 -0.00463809338 0.000958619057
f 7540 7542 7541
v 0.000730991678 -0.00478319926 0.000960161742
v 0.000858985914 -0.00473172986 0.000911659117
v 0.000808631557 -0.00467764476 0.000903451291
f 7543 7545 7544
v 0.000694970595 -0.00475023662 0.000980178811
v 0.000730991678 -0.00478319926 0.000960161742
v 0.000808631557 -0.00467764476 0.000903451291
f 7546 7548 7547
v -0.00262580725 -0.00991941415 0.00202430729
v -0.00253702256 -0.0100210316 0.00176048325
v -0.0024894156 -0.0100850782 0.00209154096
f 7549 7551 7550
v -0.00262580725 -0.00991941415 0.00202430729
v -0.0024894156 -0.0100850782 0.00209154096
v -0.00261161931 -0.00993123904 0.00222736417
f 7552 7554 7553
v 0.000835781429 -0.00439837095 0.000930579517
v 0.000995676783 -0.00437686831 0.00078594112
v 0.000691485775 -0.00414627357 0.00087519802
f 7555 7557 7556
v 0.000691485775 -0.00414627357 0.00087519802
v 0.000595459278 -0.00409032618 0.000916480712
v 0.00069588159 -0.0042210846 0.000921194987
f 7558 7560 7559
v 0.000932551848 -0.00405517676 0.000771338455
v 0.00101699225 -0.00372083668 0.000616901798
v 0.000595459278 -0.00409032618 0.000916480712
f 7561 7563 7562
v 0.000858985914 -0.00473172986 0.000911659117
v 0.00101203341 -0.00449419858 0.000757913404
v 0.000808631557 -0.00467764476 0.000903451291
f 7564 7566 7565
v -0.000734847617 -0.00502265721 0.00124610306
v -0.000889147123 -0.00413943344 0.00107841224
v -0.00128293932 -0.00475892375 0.00112328671
f 7567 7569 7568
v -0.00127825197 -0.0107011685 -0.000527737302
v -0.00145590839 -0.0106675318 -0.000191496656
v -0.00149465714 -0.010667702 -0.000293136509
f 7570 7572 7571
v -0.00205602428 -0.0104449333 0.000113427723
v -0.00246354593 -0.0101398538 0.000378860659
v -0.00237455097 -0.0102100734 9.77943131e-06
f 7573 7575 7574
v -0.00165393121 -0.0101071244 0.00216912758
v -0.0012867119 -0.00992575442 0.00205568758
v -0.00151106287 -0.0100349906 0.00212930427
f 7576 7578 7577
v -0.000944567728 -0.0103932012 0.000847101001
v -0.000636828781 -0.0101010337 0.000875103433
v -0.00079164829 -0.0101686797 0.0011648357
f 7579 7581 7580
v -0.00108565264 -0.00971126938 0.00182504591
v -0.000913023177 -0.00967903688 0.00163843433
v -0.00110146584 -0.00967922897 0.00184563978
f 7582 7584 7583
v -0.00177063739 -0.0106474363 0.000822936454
v -0.00152912198 -0.0106064865 0.000827567055
v -0.00179948183 -0.0105526575 0.000986566374
f 7585 7587 7586
v -0.00141277587 -0.0097108561 0.00220089169
v -0.0012867119 -0.00992575442 0.00205568758
v -0.00138932619 -0.00948974921 0.00200730628
f 7588 7590 7589
v -0.00158041603 -0.009727625 0.00226500451
v -0.00138932619 -0.00948974921 0.00200730628
v -0.00173458593 -0.00974811337 0.00232367129
f 7591 7593 7592
v -0.00177083275 -0.00939045422 0.00208866422
v -0.00194113618 -0.00924548367 0.00185561166
v -0.00215181717 -0.00935050193 0.00220754046
f 7594 7596 7595
v -0.00186728284 -0.00940115278 0.00213966905
v -0.00177083275 -0.00939045422 0.00208866422
v -0.00215181717 -0.00935050193 0.00220754046
f 7597 7599 7598
v -0.00197302488 -0.0104451799 0.00120115983
v -0.00210364997 -0.0103196726 0.00145006834
v -0.00214877182 -0.0103334984 0.00116672018
f 7600 7602 7601
v -0.00210292765 -0.0103037499 0.00156833848
v -0.00213059193 -0.0102069811 0.00205165234
v -0.00224562846 -0.0102528538 0.00166039299
f 7603 7605 7604
v -0.00227834771 -0.0101408645 0.00198483249
v -0.00221776627 -0.0102049496 0.00196021156
v -0.00221854662 -0.010168201 0.00207968351
f 7606 7608 7607
v -0.00221776627 -0.0102049496 0.00196021156
v -0.00213059193 -0.0102069811 0.00205165234
v -0.00221854662 -0.010168201 0.00207968351
f 7609 7611 7610
v -0.00240438258 -0.0100825906 0.00187607275
v -0.0024894156 -0.0100850782 0.00209154096
v -0.00253702256 -0.0100210316 0.00176048325
f 7612 7614 7613
v -0.00214877182 -0.0103334984 0.00116672018
v -0.00210364997 -0.0103196726 0.00145006834
v -0.002151439 -0.0102848106 0.00147566188
f 7615 7617 7616
v -0.00234555864 -0.00942155675 0.00229209581
v -0.00240184108 -0.0093415867 0.00226973571
v -0.00242500901 -0.00954687566 0.00244579896
f 7618 7620 7619
v -0.0021541533 -0.0101754486 0.00209848222
v -0.00266202351 -0.0098666882 0.0022873046
v -0.00261161931 -0.00993123904 0.00222736417
f 7621 7623 7622
v -0.00325415967 -0.00952541814 0.000575211288
v -0.00341708437 -0.00955824798 0.000640180406
v -0.00330399052 -0.00958408637 0.000443774115
f 7624 7626 7625
v -0.00325415967 -0.00952541814 0.000575211288
v -0.00330399052 -0.00958408637 0.000443774115
v -0.00321772277 -0.00959354875 0.00044238077
f 7627 7629 7628
v -0.00233802166 -0.00924044507 0.00210774851
v -0.00256168896 -0.00917220241 0.0020480471
v -0.00240184108 -0.0093415867 0.00226973571
f 7630 7632 7631
v -0.0030240024 -0.00964388091 0.0023157012
v -0.00307519622 -0.00957249285 0.00233297505
v -0.00316654878 -0.00950997637 0.00225425792
f 7633 7635 7634
v -0.00290783355 -0.00970085675 0.00238561406
v -0.00300613319 -0.00964121064 0.00239318069
v -0.0030240024 -0.00964388091 0.0023157012
f 7636 7638 7637
v -0.00317450722 -0.00944302737 0.001929877
v -0.00328095884 -0.00936692668 0.00213188305
v -0.00322551932 -0.00939088495 0.00197723548
f 7639 7641 7640
v -0.00316654878 -0.00950997637 0.00225425792
v -0.00316786973 -0.00942492916 0.00219038811
v -0.00321449552 -0.00945497086 0.00217685902
f 7642 7644 7643
v -0.000899987936 -0.00939692181 0.00139514268
v -0.000840344183 -0.00901363819 0.00104640749
v -0.0010210244 -0.00913911135 0.00130440058
f 7645 7647 7646
v -0.000899987936 -0.00939692181 0.00139514268
v -0.000706122228 -0.00933617193 0.00104729716
v -0.000840344183 -0.00901363819 0.00104640749
f 7648 7650 7649
v -0.00183654738 -0.00901390813 0.00119483466
v -0.00212249706 -0.00920858147 0.00136229355
v -0.00196539677 -0.00908698203 0.00135339997
f 7651 7653 7652
v -0.00138008054 -0.00892741809 0.00114201302
v -0.00147612745 -0.00870244912 0.00106193493
v -0.00159473184 -0.0089469926 0.00117408217
f 7654 7656 7655
v -0.00150769984 -0.00854570972 0.000997657116
v -0.00199246206 -0.00855084727 0.000949877176
v -0.00185717108 -0.00891338786 0.00114456052
f 7657 7659 7658
v -0.00203144991 -0.00874113321 0.000958348755
v -0.00195994162 -0.00866765331 0.00100291436
v -0.00199246206 -0.00855084727 0.000949877176
f 7660 7662 7661
v -0.0023440718 -0.0100300436 0.00110434394
v -0.00226362954 -0.010141587 0.0012605944
v -0.00240835234 -0.0100032899 0.00110230521
f 7663 7665 7664
v -0.0024799856 -0.010043673 0.00153747351
v -0.00242859041 -0.00998721371 0.00114129307
v -0.00240835234 -0.0100032899 0.00110230521
f 7666 7668 7667
v -0.00240835234 -0.0100032899 0.00110230521
v -0.0023840008 -0.00994413494 0.00110089259
v -0.00245290048 -0.00996600284 0.00104329101
f 7669 7671 7670
v -0.00240835234 -0.0100032899 0.00110230521
v -0.00242859041 -0.00998721371 0.00114129307
v -0.0023840008 -0.00994413494 0.00110089259
f 7672 7674 7673
v -0.0023840008 -0.00994413494 0.00110089259
v -0.00242859041 -0.00998721371 0.00114129307
v -0.00238617631 -0.00988757602 0.00111008158
f 7675 7677 7676
v -0.00239840301 -0.00960210018 0.0012556342
v -0.00238617631 -0.00988757602 0.00111008158
v -0.00242988681 -0.00961893165 0.00133800277
f 7678 7680 7679
v -0.00239840301 -0.00960210018 0.0012556342
v -0.00230775204 -0.00929040907 0.00111959453
v -0.00238386692 -0.00947022272 0.00103862931
f 7681 7683 7682
v -0.00233945266 -0.00929052985 0.00107424003
v -0.00238386692 -0.00947022272 0.00103862931
v -0.00230775204 -0.00929040907 0.00111959453
f 7684 7686 7685
v -0.00245290048 -0.00996600284 0.00104329101
v -0.00246045984 -0.00967324522 0.000972206726
v -0.0025667201 -0.00986304076 0.000861402623
f 7687 7689 7688
v -0.00238386692 -0.00947022272 0.00103862931
v -0.00246045984 -0.00967324522 0.000972206726
v -0.00243952745 -0.00963893763 0.00100621655
f 7690 7692 7691
v -0.00238617631 -0.00988757602 0.00111008158
v -0.00239840301 -0.00960210018 0.0012556342
v -0.00243952745 -0.00963893763 0.00100621655
f 7693 7695 7694
v -0.0027375816 -0.00973558635 0.000701391218
v -0.00267502892 -0.00976616793 0.000709684718
v -0.00273488131 -0.00952391129 0.000806718708
f 7696 7698 7697
v -0.00278393691 -0.00929320304 0.000903420732
v -0.00246045984 -0.00967324522 0.000972206726
v -0.00233945266 -0.00929052985 0.00107424003
f 7699 7701 7700
v -0.00289514755 -0.0097871547 0.000335644199
v -0.00272604666 -0.00983275022 0.000338747122
v -0.00269163647 -0.00977421078 0.00066261473
f 7702 7704 7703
v -0.00325328692 -0.00957883385 0.000307993832
v -0.00294359361 -0.00977625677 0.000150525102
v -0.0032024971 -0.00962486665 0.000345483022
f 7705 7707 7706
v -0.0027375816 -0.00973558635 0.000701391218
v -0.00273488131 -0.00952391129 0.000806718708
v -0.00296157577 -0.0096055177 0.000745916259
f 7708 7710 7709
v -0.00340595507 -0.00952778646 0.000676035233
v -0.0034052704 -0.00953130802 0.000680542144
v -0.00341708437 -0.00955824798 0.000640180406
f 7711 7713 7712
v -0.00337543315 -0.00941026519 0.000768934115
v -0.0034052704 -0.00953130802 0.000680542144
v -0.00328456299 -0.00946376822 0.000729200292
f 7714 7716 7715
v -0.00340595507 -0.00952778646 0.000676035233
v -0.0034052704 -0.00953130802 0.000680542144
v -0.00337543315 -0.00941026519 0.000768934115
f 7717 7719 7718
v -0.00327323505 -0.00943395717 0.000795986125
v -0.00335941986 -0.00939370075 0.000831445504
v -0.00337543315 -0.00941026519 0.000768934115
f 7720 7722 7721
v -0.00322551932 -0.00939088495 0.00197723548
v -0.00302009921 -0.00923359257 0.00205302822
v -0.00297394799 -0.00944032508 0.00185713288
f 7723 7725 7724
v -0.00322551932 -0.00939088495 0.00197723548
v -0.00297394799 -0.00944032508 0.00185713288
v -0.00317450722 -0.00944302737 0.001929877
f 7726 7728 7727
v -0.00330399052 -0.00958408637 0.000443774115
v -0.00341708437 -0.00955824798 0.000640180406
v -0.00345337176 -0.00954786738 0.000647640354
f 7729 7731 7730
v -0.00330399052 -0.00958408637 0.000443774115
v -0.00346892848 -0.00946327491 0.000497904148
v -0.00331660594 -0.00956505537 0.000346361321
f 7732 7734 7733
v -0.00325328692 -0.00957883385 0.000307993832
v -0.0032024971 -0.00962486665 0.000345483022
v -0.00331660594 -0.00956505537 0.000346361321
f 7735 7737 7736
v -0.0027375816 -0.00973558635 0.000701391218
v -0.00269163647 -0.00977421078 0.00066261473
v -0.00267502892 -0.00976616793 0.000709684718
f 7738 7740 7739
v -0.00234542313 -0.00937542718 0.00164184403
v -0.00228600911 -0.00926429493 0.0015367732
v -0.00233665069 -0.00940075042 0.00152857792
f 7741 7743 7742
v -0.00212249706 -0.00920858147 0.00136229355
v -0.00230142268 -0.00927988149 0.00130852386
v -0.00228600911 -0.00926429493 0.0015367732
f 7744 7746 7745
v -0.00234542313 -0.00937542718 0.00164184403
v -0.0022866805 -0.00924605629 0.00171426291
v -0.00228600911 -0.00926429493 0.0015367732
f 7747 7749 7748
v -0.00297394799 -0.00944032508 0.00185713288
v -0.00278801799 -0.0094324052 0.001793929
v -0.00282027177 -0.00953272902 0.00185110293
f 7750 7752 7751
v -0.00258660639 -0.00736680886 0.000709924279
v -0.00277611707 -0.00764267534 0.00053428821
v -0.0025790554 -0.00793964209 0.00082090246
f 7753 7755 7754
v -0.00258660639 -0.00736680886 0.000709924279
v -0.0025790554 -0.00793964209 0.00082090246
v -0.00248402594 -0.00758921451 0.000870503209
f 7756 7758 7757
v -0.00227005312 -0.00925741115 0.00108620497
v -0.0020704616 -0.00891466261 0.00096263193
v -0.00241362377 -0.00902659158 0.000946608998
f 7759 7761 7760
v -0.00267034557 -0.00920881721 0.000919936792
v -0.00241362377 -0.00902659158 0.000946608998
v -0.0026580492 -0.00904720146 0.000947487024
f 7762 7764 7763
v -0.00267034557 -0.00920881721 0.000919936792
v -0.00233945266 -0.00929052985 0.00107424003
v -0.00241362377 -0.00902659158 0.000946608998
f 7765 7767 7766
v -0.00328305141 -0.00917114521 0.00098424498
v -0.00278393691 -0.00929320304 0.000903420732
v -0.00298307768 -0.00910593881 0.000984342842
f 7768 7770 7769
v -0.00328305141 -0.00917114521 0.00098424498
v -0.00288837382 -0.00884614929 0.000935301978
v -0.00340171646 -0.00886230555 0.000918028854
f 7771 7773 7772
v -0.000899987936 -0.00939692181 0.00139514268
v -0.000913023177 -0.00967903688 0.00163843433
v -0.000803016337 -0.00994927759 0.00143082216
f 7774 7776 7775
v -0.00215181717 -0.00935050193 0.00220754046
v -0.00194113618 -0.00924548367 0.00185561166
v -0.00221029804 -0.00929600283 0.00196381607
f 7777 7779 7778
v -0.00123295995 -0.00959018071 0.00191366107
v -0.00110146584 -0.00967922897 0.00184563978
v -0.00114709619 -0.00958722085 0.00179006529
f 7780 7782 7781
v -0.00345337176 -0.00954786738 0.000647640354
v -0.00363815307 -0.0093444869 0.00060692264
v -0.00346892848 -0.00946327491 0.000497904148
f 7783 7785 7784
v -0.00358903817 -0.00936122378 0.000646509761
v -0.00355477314 -0.00934403652 0.000865340371
v -0.00363815307 -0.0093444869 0.00060692264
f 7786 7788 7787
v -0.00363815307 -0.0093444869 0.00060692264
v -0.00358046054 -0.00922819017 0.000961814112
v -0.00363522668 -0.00913706099 0.000893783181
f 7789 7791 7790
v -0.00177276925 -0.0103734012 -0.00175902824
v -0.00168929255 -0.0104781386 -0.00164115881
v -0.00201563907 -0.0103019462 -0.00164044577
f 7792 7794 7793
v -0.00201563907 -0.0103019462 -0.00164044577
v -0.0024847448 -0.0100175137 -0.00139868507
v -0.00202158026 -0.0102956845 -0.00166599821
f 7795 7797 7796
v -0.00251598776 -0.010030566 -0.000710548647
v -0.00285162641 -0.0096918935 -0.00107569131
v -0.0024847448 -0.0100175137 -0.00139868507
f 7798 7800 7799
v -0.00167198541 -0.0102516278 -0.00270617238
v -0.00153340206 -0.010183463 -0.00288829888
v -0.00151161385 -0.0103072918 -0.00246963082
f 7801 7803 7802
v -0.000639426707 -0.0094230134 -0.00303582274
v -0.000852436278 -0.00926251305 -0.00335294826
v -0.000745458692 -0.00912961405 -0.00307127775
f 7804 7806 7805
v -0.00192577863 -0.0102543403 -0.00226925167
v -0.00207684061 -0.0100719131 -0.0027218397
v -0.00201047478 -0.0100969315 -0.00271450408
f 7807 7809 7808
v -0.00248402594 -0.00758921451 0.000870503209
v -0.00204772841 -0.00807981414 0.000937029836
v -0.00215698328 -0.00750332692 0.00093289309
f 7810 7812 7811
v -0.00303579563 -0.00956756048 -0.000311131953
v -0.00276726478 -0.00988169995 3.72056064e-05
v -0.00294359361 -0.00977625677 0.000150525102
f 7813 7815 7814
v 0.00126679297 -0.00401484976 -0.00137783827
v 0.00144677988 -0.00411541441 -0.00118351227
v 0.00138223131 -0.00419145399 -0.00140216889
f 7816 7818 7817
v 0.00126679297 -0.00401484976 -0.00137783827
v 0.00138223131 -0.00419145399 -0.00140216889
v 0.0012948999 -0.00411799228 -0.00146246748
f 7819 7821 7820
v -0.00355738848 -0.00853960228 8.01403075e-05
v -0.00360603735 -0.00847157644 0.00018511173
v -0.00346098132 -0.00831566431 0.00017568982
f 7822 7824 7823
v -0.00301509772 -0.00819933557 0.000720616481
v -0.00306626498 -0.00792795472 0.000391047524
v -0.00329090253 -0.00815484382 0.00048982638
f 7825 7827 7826
v -0.00301509772 -0.00819933557 0.000720616481
v -0.00251276524 -0.0083031875 0.000875240767
v -0.00278280786 -0.00806458847 0.000772136991
f 7828 7830 7829
v -0.00323940949 -0.00908201691 -0.00189571474
v -0.00334004289 -0.00876777121 -0.00150735468
v -0.00336712947 -0.00886202251 -0.00219865287
f 7831 7833 7832
v -0.00334004289 -0.00876777121 -0.00150735468
v -0.00334376673 -0.00874791003 -0.00116407036
v -0.00331334886 -0.00836966283 -0.00122778511
f 7834 7836 7835
v -0.00345609369 -0.00850197539 -0.00215924338
v -0.00340924562 -0.00847343617 -0.00192961434
v -0.00339853796 -0.00814978339 -0.00224772011
f 7837 7839 7838
v -0.00271822246 -0.00667308414 5.44037903e-05
v -0.0028445349 -0.00640257276 -0.000370502175
v -0.00289200798 -0.00678900178 -0.000678190281
f 7840 7842 7841
v -0.00293808553 -0.00766800586 6.45060936e-05
v -0.00283805948 -0.00742018965 6.12301847e-05
v -0.00308332419 -0.00782427014 -0.000216726357
f 7843 7845 7844
v -0.00359402729 -0.00900799059 -0.000152288112
v -0.00366998356 -0.00879469226 -1.06228875e-06
v -0.00354771837 -0.00862308589 -0.000191522349
f 7846 7848 7847
v -0.00355738848 -0.00853960228 8.01403075e-05
v -0.00366998356 -0.00879469226 -1.06228875e-06
v -0.00371431015 -0.00858477506 0.000189783987
f 7849 7851 7850
v -0.00345337176 -0.00954786738 0.000647640354
v -0.0034052704 -0.00953130802 0.000680542144
v -0.00340595507 -0.00952778646 0.000676035233
f 7852 7854 7853
v -0.00345337176 -0.00954786738 0.000647640354
v -0.00340595507 -0.00952778646 0.000676035233
v -0.00337543315 -0.00941026519 0.000768934115
f 7855 7857 7856
v 0.00131562147 -0.00616814796 -0.00171765714
v 0.00161190765 -0.00627020563 -0.00152191751
v 0.00141459986 -0.00638230413 -0.0016254533
f 7858 7860 7859
v 0.00161190765 -0.00627020563 -0.00152191751
v 0.00144865962 -0.00658833669 -0.00141307155
v 0.00141459986 -0.00638230413 -0.0016254533
f 7861 7863 7862
v 0.00182635831 -0.00549189535 -0.000981604262
v 0.00183957291 -0.00606461945 -0.000858307703
v 0.00187103142 -0.00588290131 -0.0012636363
f 7864 7866 7865
v 0.00183496886 -0.00587964314 -0.00173277331
v 0.00160884792 -0.00594622215 -0.00178743285
v 0.00181006544 -0.00561609413 -0.00160233503
f 7867 7869 7868
v 0.00181006544 -0.00561609413 -0.00160233503
v 0.0015390804 -0.00593416407 -0.00180053848
v 0.00165984038 -0.0055728422 -0.00167149938
f 7870 7872 7871
v 0.00187103142 -0.00588290131 -0.0012636363
v 0.00186682028 -0.00603058252 -0.00154937024
v 0.00181006544 -0.00561609413 -0.00160233503
f 7873 7875 7874
v 0.00146993798 -0.00501863651 -0.00149887492
v 0.00166050086 -0.00514416788 -0.0013553602
v 0.00154700356 -0.0051517738 -0.00156742171
f 7876 7878 7877
v 0.00129465634 -0.00654410542 -0.0016167236
v 0.00141073542 -0.00669271758 -0.00151863842
v 0.00120871728 -0.00651123919 -0.00173177359
f 7879 7881 7880
v -7.01482691e-05 -0.00677783319 -0.00259039425
v -0.000152265523 -0.00714019116 -0.00263112142
v -0.000341513964 -0.00648653368 -0.00266929092
f 7882 7884 7883
v -0.000152265523 -0.00714019116 -0.00263112142
v -0.000674792909 -0.00719828604 -0.00280591394
v -0.000706458513 -0.00698102594 -0.00278284861
f 7885 7887 7886
v 4.02223378e-05 -0.00639945647 -0.00249814839
v -0.000341513964 -0.00648653368 -0.00266929092
v 0.000104445803 -0.00599641244 -0.00243097747
f 7888 7890 7889
v 0.000302393096 -0.00526772674 -0.00224834348
v -8.73956083e-05 -0.00535157378 -0.00245076099
v -0.000328139708 -0.0050285038 -0.00249968252
f 7891 7893 7892
v -0.000480278641 -0.00591581484 -0.00266988573
v -8.73956083e-05 -0.00535157378 -0.00245076099
v -0.000124698033 -0.00572928075 -0.00253302478
f 7894 7896 7895
v 0.00134788852 -0.00321047155 -0.000164440189
v 0.00125702954 -0.00334353535 0.000227734199
v 0.00127552539 -0.00362123537 0.000340628503
f 7897 7899 7898
v 0.00134788852 -0.00321047155 -0.000164440189
v 0.00127552539 -0.00362123537 0.000340628503
v 0.00138993155 -0.00402820515 0.000247840399
f 7900 7902 7901
v 0.000198236648 -0.000432166962 0.000143787202
v 0.000154389352 -0.000392272932 0.000224513951
v 0.000207326843 -0.000395210918 0.000189840011
f 7903 7905 7904
v 0.000198236648 -0.000432166962 0.000143787202
v 0.000207326843 -0.000395210918 0.000189840011
v 0.000216253011 -0.000413042471 0.00017841503
f 7906 7908 7907
v 0.00113716778 -0.00352831448 0.00043160826
v 0.00125702954 -0.00334353535 0.000227734199
v 0.00114336699 -0.00333250464 0.000454241672
f 7909 7911 7910
v 0.00114336699 -0.00333250464 0.000454241672
v 0.00125702954 -0.00334353535 0.000227734199
v 0.00111577501 -0.00319196297 0.000347100467
f 7912 7914 7913
v 0.00111577501 -0.00319196297 0.000347100467
v 0.00114325112 -0.00298703308 0.000296887083
v 0.0009075452 -0.00300939973 0.00053070271
f 7915 7917 7916
v 0.00114336699 -0.00333250464 0.000454241672
v 0.00111577501 -0.00319196297 0.000347100467
v 0.0009075452 -0.00300939973 0.00053070271
f 7918 7920 7919
v 0.0009075452 -0.00300939973 0.00053070271
v 0.0010201813 -0.00283708378 0.000333921435
v 0.000989824457 -0.00265398667 0.000372900922
f 7921 7923 7922
v 0.0010201813 -0.00283708378 0.000333921435
v 0.00112314037 -0.00266962506 0.000142292993
v 0.000989824457 -0.00265398667 0.000372900922
f 7924 7926 7925
v 0.00104296205 -0.00184680557 -0.000611656651
v 0.00113910155 -0.00221588616 -0.000312006114
v 0.00123488962 -0.00259847766 -0.00058662813
f 7927 7929 7928
v 0.000964757328 -0.00211883889 -0.0010883653
v 0.000910724884 -0.00231981467 -0.00115194116
v 0.000728040095 -0.00219840131 -0.00134327274
f 7930 7932 7931
v 0.000964757328 -0.00211883889 -0.0010883653
v 0.00089797104 -0.00174057641 -0.00102563272
v 0.0010845416 -0.00243668528 -0.00096773274
f 7933 7935 7934
v 0.00113910155 -0.00221588616 -0.000312006114
v 0.00113986389 -0.00221570936 -0.000312013026
v 0.00113261021 -0.0021870359 -0.000303103434
f 7936 7938 7937
v 0.00115123285 -0.00225547792 -0.000287209559
v 0.00113986389 -0.00221570936 -0.000312013026
v 0.00113910155 -0.00221588616 -0.000312006114
f 7939 7941 7940
v 0.0012948999 -0.00411799228 -0.00146246748
v 0.00138223131 -0.00419145399 -0.00140216889
v 0.00133933963 -0.00441139309 -0.00148722611
f 7942 7944 7943
v 0.00144677988 -0.00411541441 -0.00118351227
v 0.00126679297 -0.00401484976 -0.00137783827
v 0.00134966049 -0.00388275657 -0.00129931004
f 7945 7947 7946
v 0.000545292869 -0.00306031397 0.00075420794
v 0.0009075452 -0.00300939973 0.00053070271
v 0.000318443813 -0.00274959402 0.000773901411
f 7948 7950 7949
v 0.000888481009 -0.00251415695 0.000403957529
v 0.00105297731 -0.00258635937 0.000198941416
v 0.000763932985 -0.00234351955 0.000446708691
f 7951 7953 7952
v 0.000846815237 -0.00200201721 0.000293085486
v 0.000866775827 -0.0021774802 0.000261344485
v 0.000970732799 -0.00200195718 6.83702638e-05
f 7954 7956 7955
v 0.000860584987 -0.00163342993 0.000137633106
v 0.000827472468 -0.00131131201 -1.28726256e-05
v 0.000761509045 -0.00144234082 0.000133024605
f 7957 7959 7958
v 0.000597633561 -0.00116773945 0.000275165166
v 0.000689496937 -0.00118425942 0.000118694334
v 0.000471178009 -0.00100716316 0.000318283764
f 7960 7962 7961
v 0.000233260926 -0.000730961801 0.000366383574
v 0.000471178009 -0.00100716316 0.000318283764
v 0.000258428281 -0.000403869262 0.000162753076
f 7963 7965 7964
v 0.000510526934 -0.0010033028 0.000269819157
v 0.000533531647 -0.000570170505 -3.41206942e-05
v 0.000429256579 -0.000505422577 3.18502316e-05
f 7966 7968 7967
v 0.000429256579 -0.000505422577 3.18502316e-05
v 0.000533531647 -0.000570170505 -3.41206942e-05
v 0.000462660137 -0.000530236139 -7.15440365e-05
f 7969 7971 7970
v 0.000533531647 -0.000570170505 -3.41206942e-05
v 0.000522887058 -0.000522212167 -0.000126084478
v 0.000462660137 -0.000530236139 -7.15440365e-05
f 7972 7974 7973
v 0.000256599583 -0.00059641402 -0.000164229095
v 2.88461592e-05 -0.0005838177 -1.75818059e-05
v 0.000198236648 -0.000432166962 0.000143787202
f 7975 7977 7976
v 7.40313908e-05 -0.000401453826 0.000254688439
v 0.000198236648 -0.000432166962 0.000143787202
v 2.88461592e-05 -0.0005838177 -1.75818059e-05
f 7978 7980 7979
v 0.000218469609 -0.000380524034 0.000175031164
v 0.000198236648 -0.000432166962 0.000143787202
v 0.000216253011 -0.000413042471 0.00017841503
f 7981 7983 7982
v 0.000218469609 -0.000380524034 0.000175031164
v 0.000216253011 -0.000413042471 0.00017841503
v 0.000207326843 -0.000395210918 0.000189840011
f 7984 7986 7985
v -0.000507640016 -0.000515279362 0.000581736549
v -0.000427841587 -0.000522087794 0.000562800233
v -0.000354174858 -0.000549805827 0.000411369365
f 7987 7989 7988
v -0.000507640016 -0.000515279362 0.000581736549
v -0.000354174858 -0.000549805827 0.000411369365
v -0.000596512609 -0.000557396334 0.000523447216
f 7990 7992 7991
v 0.000154389352 -0.000392272932 0.000224513951
v 0.000258428281 -0.000403869262 0.000162753076
v 0.000216253011 -0.000413042471 0.00017841503
f 7993 7995 7994
v 0.000218469609 -0.000380524034 0.000175031164
v 0.000258428281 -0.000403869262 0.000162753076
v 0.000198236648 -0.000432166962 0.000143787202
f 7996 7998 7997
v 6.98815484e-05 -0.000410516759 0.000298097166
v 7.41975896e-05 -0.000454020801 0.000304137666
v 7.40313908e-05 -0.000401453826 0.000254688439
f 7999 8001 8000
v -0.000250281937 -0.00248056404 0.000842855661
v 0.000318443813 -0.00274959402 0.000773901411
v 8.96409063e-05 -0.00243666109 0.000795669257
f 8002 8004 8003
v -9.66589141e-05 -0.000768466361 0.000539744906
v 0.000189213279 -0.000877033926 0.000424089558
v 0.000233260926 -0.000730961801 0.000366383574
f 8005 8007 8006
v -9.66589141e-05 -0.000768466361 0.000539744906
v 0.000154389352 -0.000392272932 0.000224513951
v -7.38944607e-05 -0.000594221319 0.000461045602
f 8008 8010 8009
v -0.000263651282 -0.000569368285 0.000476274636
v -7.38944607e-05 -0.000594221319 0.000461045602
v -5.52623533e-05 -0.000466247775 0.000399477176
f 8011 8013 8012
v -2.5029874e-05 -0.000402359728 0.000361419461
v 3.88139426e-05 -0.000415693967 0.000308120161
v 4.29913513e-05 -0.000432392289 0.00029511275
f 8014 8016 8015
v -2.5029874e-05 -0.000402359728 0.000361419461
v 4.29913513e-05 -0.000432392289 0.00029511275
v -6.76443733e-05 -0.000498450436 0.000287657713
f 8017 8019 8018
v 2.88461592e-05 -0.0005838177 -1.75818059e-05
v 0.000256599583 -0.00059641402 -0.000164229095
v -0.000264118739 -0.000768490463 -0.000211023462
f 8020 8022 8021
v 8.43538203e-05 -0.000289406239 -0.00136115623
v 8.17519265e-05 -0.000276776268 -0.00138493433
v 0.000103963237 -0.000267418636 -0.0013669649
f 8023 8025 8024
v 8.43538203e-05 -0.000289406239 -0.00136115623
v 0.000103963237 -0.000267418636 -0.0013669649
v 0.00011012836 -0.000309778898 -0.00137273855
f 8026 8028 8027
v 4.29913513e-05 -0.000432392289 0.00029511275
v 3.88139426e-05 -0.000415693967 0.000308120161
v 7.40313908e-05 -0.000401453826 0.000254688439
f 8029 8031 8030
v -6.76443733e-05 -0.000498450436 0.000287657713
v -0.000180945904 -0.000605363084 0.000129678028
v -0.000354174858 -0.000549805827 0.000411369365
f 8032 8034 8033
v -0.000739960842 -0.00073532924 0.00053388294
v -0.000596512609 -0.000557396334 0.000523447216
v -0.000636841878 -0.000644304782 0.000367594021
f 8035 8037 8036
v -0.000883113262 -0.000865768016 0.000543445822
v -0.00112605303 -0.000961432852 0.000406139225
v -0.0012214522 -0.00096937174 0.000701444515
f 8038 8040 8039
v -0.000690572278 -0.000806132994 0.000636018376
v -0.000739960842 -0.00073532924 0.00053388294
v -0.000786708097 -0.000850536799 0.000652773269
f 8041 8043 8042
v -0.000883113262 -0.000865768016 0.000543445822
v -0.0012214522 -0.00096937174 0.000701444515
v -0.000786708097 -0.000850536799 0.000652773269
f 8044 8046 8045
v -0.00124770258 -0.00108124323 -0.000316427167
v -0.00245707779 -0.00146008915 -0.000553295285
v -0.00159433857 -0.00120232453 -7.46001206e-05
f 8047 8049 8048
v -0.00213300264 -0.00145205113 0.000537670257
v -0.00195775501 -0.00143650232 0.000649648246
v -0.00194012518 -0.00132117511 0.000449708932
f 8050 8052 8051
v 0.00089797104 -0.00174057641 -0.00102563272
v 0.000779795391 -0.00178704468 -0.00122352212
v 0.000561123898 -0.00152380335 -0.00138242913
f 8053 8055 8054
v 0.000497432438 -0.000425296048 -0.000386703505
v 0.000475405704 -0.000369666282 -0.000530458374
v 0.00036225606 -0.000436780874 -0.000479505024
f 8056 8058 8057
v 0.000383205088 -0.000266519464 -0.000690057732
v 0.000475405704 -0.000369666282 -0.000530458374
v 0.000522568826 -0.000646700892 -0.000901558815
f 8059 8061 8060
v 0.000119656511 -0.000477921549 -0.00067841338
v 0.00036225606 -0.000436780874 -0.000479505024
v 0.000383205088 -0.000266519464 -0.000690057732
f 8062 8064 8063
v 0.000475405704 -0.000369666282 -0.000530458374
v 0.000497432438 -0.000425296048 -0.000386703505
v 0.000607606535 -0.000554402732 -0.00046709647
f 8065 8067 8066
v 0.000297214547 -0.000284414023 -0.00075150374
v 0.000383205088 -0.000266519464 -0.000690057732
v 0.000334670585 -0.000229991656 -0.000820503465
f 8068 8070 8069
v 0.000334670585 -0.000229991656 -0.000820503465
v 0.000294975848 -0.000186161685 -0.000910834387
v 0.000255411192 -0.000238220105 -0.000882570203
f 8071 8073 8072
v 0.000268741633 -0.000177840559 -0.000928106874
v 0.000269936527 -0.000202287765 -0.000940733935
v 0.000250785456 -0.000148120102 -0.000967374672
f 8074 8076 8075
v 0.000227874034 -0.000200832983 -0.00095296873
v 0.000268741633 -0.000177840559 -0.000928106874
v 0.000250785456 -0.000148120102 -0.000967374672
f 8077 8079 8078
v 0.000294975848 -0.000186161685 -0.000910834387
v 0.000269936527 -0.000202287765 -0.000940733935
v 0.000268741633 -0.000177840559 -0.000928106874
f 8080 8082 8081
v 0.000255411192 -0.000238220105 -0.000882570203
v 0.000269936527 -0.000202287765 -0.000940733935
v 0.000227874034 -0.000200832983 -0.00095296873
f 8083 8085 8084
v 0.000227874034 -0.000200832983 -0.00095296873
v 0.000212567943 -0.000151922188 -0.00102634122
v 0.000192412608 -0.000115770877 -0.00105622321
f 8086 8088 8087
v 0.000212567943 -0.000151922188 -0.00102634122
v 0.000250785456 -0.000148120102 -0.000967374672
v 0.00019417796 -0.000164304788 -0.00110796718
f 8089 8091 8090
v 0.000294975848 -0.000186161685 -0.000910834387
v 0.000250785456 -0.000148120102 -0.000967374672
v 0.000269936527 -0.000202287765 -0.000940733935
f 8092 8094 8093
v 0.000253255848 -0.000507797949 -0.00127050644
v 9.02898876e-05 -0.000561417164 -0.00153082419
v -4.83418944e-05 -0.000346036222 -0.00154227
f 8095 8097 8096
v 0.000103963237 -0.000267418636 -0.0013669649
v 8.17519265e-05 -0.000276776268 -0.00138493433
v 8.62305853e-05 -0.00018189487 -0.0013280408
f 8098 8100 8099
v 8.17519265e-05 -0.000276776268 -0.00138493433
v 8.43538203e-05 -0.000289406239 -0.00136115623
v 0.00011012836 -0.000309778898 -0.00137273855
f 8101 8103 8102
v 8.62305853e-05 -0.00018189487 -0.0013280408
v 8.17519265e-05 -0.000276776268 -0.00138493433
v 8.43538203e-05 -0.000289406239 -0.00136115623
f 8104 8106 8105
v 8.62305853e-05 -0.00018189487 -0.0013280408
v 8.43538203e-05 -0.000289406239 -0.00136115623
v 6.18400065e-05 -0.000307117034 -0.00129806067
f 8107 8109 8108
v 0.000170438011 -0.000225761914 -0.00122442707
v 0.000169025361 -0.000183774182 -0.00119159404
v 0.00019417796 -0.000164304788 -0.00110796718
f 8110 8112 8111
v 0.000170438011 -0.000225761914 -0.00122442707
v 0.00019417796 -0.000164304788 -0.00110796718
v 0.000253255848 -0.000507797949 -0.00127050644
f 8113 8115 8114
v 0.000170438011 -0.000225761914 -0.00122442707
v 0.000117409502 -0.000156729129 -0.00126437844
v 0.000143354316 -0.000176116987 -0.00120924815
f 8116 8118 8117
v 0.000170438011 -0.000225761914 -0.00122442707
v 0.000143354316 -0.000176116987 -0.00120924815
v 0.000143835632 -0.000194041672 -0.00119035321
f 8119 8121 8120
v 0.000139266331 -0.000201456237 -0.00112809021
v 0.00019417796 -0.000164304788 -0.00110796718
v 0.000157387626 -0.000147402409 -0.00116131687
f 8122 8124 8123
v 8.62305853e-05 -0.00018189487 -0.0013280408
v 0.00011312452 -0.000176182493 -0.00121832045
v 0.000117409502 -0.000156729129 -0.00126437844
f 8125 8127 8126
v 0.000117409502 -0.000156729129 -0.00126437844
v 0.000112210796 -8.94985533e-05 -0.00122482998
v 0.000138706775 -0.000147229616 -0.00119537353
f 8128 8130 8129
v 0.000117409502 -0.000156729129 -0.00126437844
v 0.000138706775 -0.000147229616 -0.00119537353
v 0.000143354316 -0.000176116987 -0.00120924815
f 8131 8133 8132
v 0.00011312452 -0.000176182493 -0.00121832045
v 0.000138706775 -0.000147229616 -0.00119537353
v 0.000112210796 -8.94985533e-05 -0.00122482998
f 8134 8136 8135
v 0.000169025361 -0.000183774182 -0.00119159404
v 0.000143354316 -0.000176116987 -0.00120924815
v 0.000138706775 -0.000147229616 -0.00119537353
f 8137 8139 8138
v 0.000138706775 -0.000147229616 -0.00119537353
v 0.000143354316 -0.000176116987 -0.00120924815
v 0.000143835632 -0.000194041672 -0.00119035321
f 8140 8142 8141
v 0.000138706775 -0.000147229616 -0.00119537353
v 0.000143835632 -0.000194041672 -0.00119035321
v 0.000157387626 -0.000147402409 -0.00116131687
f 8143 8145 8144
v -0.000312329576 -0.000384306895 -0.00175906862
v -0.000317139347 -0.000374631327 -0.00177203037
v -0.000289340187 -0.000363933827 -0.00175316709
f 8146 8148 8147
v -0.000312329576 -0.000384306895 -0.00175906862
v -0.000289340187 -0.000363933827 -0.00175316709
v -0.0002608675 -0.000422412859 -0.00174642191
f 8149 8151 8150
v 0.000143835632 -0.000194041672 -0.00119035321
v 0.000143354316 -0.000176116987 -0.00120924815
v 0.00011312452 -0.000176182493 -0.00121832045
f 8152 8154 8153
v 0.000192412608 -0.000115770877 -0.00105622321
v 0.00019417796 -0.000164304788 -0.00110796718
v 0.000139266331 -0.000201456237 -0.00112809021
f 8155 8157 8156
v 0.000192412608 -0.000115770877 -0.00105622321
v 0.000212567943 -0.000151922188 -0.00102634122
v 0.00019417796 -0.000164304788 -0.00110796718
f 8158 8160 8159
v -0.00174049092 -0.000961218393 -0.0024837389
v -0.00155782509 -0.00104769442 -0.00254404094
v -0.00181751147 -0.00113555079 -0.00261126443
f 8161 8163 8162
v -0.00181751147 -0.00113555079 -0.00261126443
v -0.00227144392 -0.00119841507 -0.00258795644
v -0.00201250987 -0.00108849363 -0.00244793537
f 8164 8166 8165
v -0.00201250987 -0.00108849363 -0.00244793537
v -0.00227144392 -0.00119841507 -0.00258795644
v -0.00216993831 -0.00114724971 -0.00241490998
f 8167 8169 8168
v 7.23648412e-06 -0.000302782428 -0.00146730181
v 0.00011012836 -0.000309778898 -0.00137273855
v -4.83418944e-05 -0.000346036222 -0.00154227
f 8170 8172 8171
v -3.41727116e-05 -0.000319649575 -0.00150655478
v -3.06242242e-05 -0.000325958922 -0.00149382267
v -4.83418944e-05 -0.000346036222 -0.00154227
f 8173 8175 8174
v -3.06242242e-05 -0.000325958922 -0.00149382267
v -3.41727116e-05 -0.000319649575 -0.00150655478
v -0.000100796649 -0.00034422892 -0.00149927073
f 8176 8178 8177
v -2.86689129e-05 -0.000306154857 -0.00148217514
v -3.06242242e-05 -0.000325958922 -0.00149382267
v -0.000100796649 -0.00034422892 -0.00149927073
f 8179 8181 8180
v 7.23648412e-06 -0.000302782428 -0.00146730181
v -3.41727116e-05 -0.000319649575 -0.00150655478
v -2.86689129e-05 -0.000306154857 -0.00148217514
f 8182 8184 8183
v -0.000344322416 -0.000385836302 -0.00176875001
v -0.000317139347 -0.000374631327 -0.00177203037
v -0.0002608675 -0.000422412859 -0.00174642191
f 8185 8187 8186
v -0.000344322416 -0.000385836302 -0.00176875001
v -0.0002608675 -0.000422412859 -0.00174642191
v -0.000352509392 -0.00041087651 -0.00180187326
f 8188 8190 8189
v -0.000344322416 -0.000385836302 -0.00176875001
v -0.000348079516 -0.000423258734 -0.00178791852
v -0.000373990383 -0.000419271555 -0.00179456874
f 8191 8193 8192
v -0.000373990383 -0.000419271555 -0.00179456874
v -0.000348079516 -0.000423258734 -0.00178791852
v -0.000352509392 -0.00041087651 -0.00180187326
f 8194 8196 8195
v -0.0012781742 -0.000648467494 -0.00240446661
v -0.00130669559 -0.000662314778 -0.00243108079
v -0.00130177386 -0.000673480099 -0.00241908765
f 8197 8199 8198
v -0.0012781742 -0.000648467494 -0.00240446661
v -0.00130177386 -0.000673480099 -0.00241908765
v -0.00129205373 -0.000655144686 -0.00240234349
f 8200 8202 8201
v -0.000344322416 -0.000385836302 -0.00176875001
v -0.000312329576 -0.000384306895 -0.00175906862
v -0.000317139347 -0.000374631327 -0.00177203037
f 8203 8205 8204
v -0.000440501117 -0.000509856909 -0.00188392478
v -0.000359363685 -0.000437082008 -0.0018162802
v -0.00050446647 -0.000599939494 -0.0019416173
f 8206 8208 8207
v -0.000192661719 -0.000357298427 -0.00166176942
v -0.000191765753 -0.000374709066 -0.00166705759
v -0.000220162087 -0.000367402936 -0.00168902134
f 8209 8211 8210
v -0.000220162087 -0.000367402936 -0.00168902134
v -0.000191765753 -0.000374709066 -0.00166705759
v -0.000197511304 -0.000363240338 -0.00167798171
f 8212 8214 8213
v -0.000139677286 -0.000330531225 -0.00163006225
v -0.000197511304 -0.000363240338 -0.00167798171
v -0.000192661719 -0.000357298427 -0.00166176942
f 8215 8217 8216
v -0.000663527044 -0.000631774128 -0.00195477296
v -0.000821981939 -0.000580711958 -0.00210316739
v -0.00088774641 -0.000616411853 -0.0019776644
f 8218 8220 8219
v -0.000802976047 -0.000615128693 -0.0017670096
v -0.000663527044 -0.000631774128 -0.00195477296
v -0.00088774641 -0.000616411853 -0.0019776644
f 8221 8223 8222
v -0.000791973889 -0.000575667855 -0.00213908133
v -0.000792318951 -0.000631698185 -0.00215409236
v -0.000875335991 -0.000546950469 -0.0021901702
f 8224 8226 8225
v -0.000289340187 -0.000363933827 -0.00175316709
v -0.000317139347 -0.000374631327 -0.00177203037
v -0.000312169595 -0.000376596904 -0.00174158722
f 8227 8229 8228
v -0.000312169595 -0.000376596904 -0.00174158722
v -0.000312329576 -0.000384306895 -0.00175906862
v -0.000344322416 -0.000385836302 -0.00176875001
f 8230 8232 8231
v -0.000220162087 -0.000367402936 -0.00168902134
v -0.0002608675 -0.000422412859 -0.00174642191
v -0.000289340187 -0.000363933827 -0.00175316709
f 8233 8235 8234
v -0.00130669559 -0.000662314778 -0.00243108079
v -0.00139607973 -0.000683374719 -0.00247095631
v -0.00130177386 -0.000673480099 -0.00241908765
f 8236 8238 8237
v -0.00139607973 -0.000683374719 -0.00247095631
v -0.00129205373 -0.000655144686 -0.00240234349
v -0.00130177386 -0.000673480099 -0.00241908765
f 8239 8241 8240
v 6.98815484e-05 -0.000410516759 0.000298097166
v 3.88139426e-05 -0.000415693967 0.000308120161
v 4.29913513e-05 -0.000432392289 0.00029511275
f 8242 8244 8243
v 6.98815484e-05 -0.000410516759 0.000298097166
v 4.29913513e-05 -0.000432392289 0.00029511275
v 7.41975896e-05 -0.000454020801 0.000304137666
f 8245 8247 8246
v -0.00126719578 -0.00064930714 -0.00241529633
v -0.00130669559 -0.000662314778 -0.00243108079
v -0.0012781742 -0.000648467494 -0.00240446661
f 8248 8250 8249
v -0.00156656206 -0.000839658787 -0.00241108082
v -0.00148410872 -0.000757160296 -0.0024853116
v -0.00152877674 -0.000870908298 -0.0025314499
f 8251 8253 8252
v -0.00152877674 -0.000870908298 -0.0025314499
v -0.00148410872 -0.000757160296 -0.0024853116
v -0.00150770966 -0.000777674177 -0.00252697282
f 8254 8256 8255
v -0.00114087625 -0.00060826228 -0.00235319421
v -0.0012781742 -0.000648467494 -0.00240446661
v -0.00129205373 -0.000655144686 -0.00240234349
f 8257 8259 8258
v 8.17519265e-05 -0.000276776268 -0.00138493433
v 7.23648412e-06 -0.000302782428 -0.00146730181
v 6.18400065e-05 -0.000307117034 -0.00129806067
f 8260 8262 8261
v 8.17519265e-05 -0.000276776268 -0.00138493433
v 6.18400065e-05 -0.000307117034 -0.00129806067
v 8.43538203e-05 -0.000289406239 -0.00136115623
f 8263 8265 8264
v -0.00232381208 -0.00974232244 -0.00349051188
v -0.00262451485 -0.00954418574 -0.00351823692
v -0.00243097129 -0.00961497644 -0.00359585174
f 8266 8268 8267
v -0.00232381208 -0.00974232244 -0.00349051188
v -0.00243097129 -0.00961497644 -0.00359585174
v -0.00214127958 -0.00971815753 -0.0036758629
f 8269 8271 8270
v 0.000213500311 -0.00311392469 0.000865584479
v 0.000451900178 -0.00342516687 0.000841200381
v 0.000318443813 -0.00274959402 0.000773901411
f 8272 8274 8273
v -0.00168850711 -0.0092822127 -0.0041024934
v -0.00162277793 -0.00968129098 -0.00374350639
v -0.00217252127 -0.00942375409 -0.00407700427
f 8275 8277 8276
v -0.00134335078 -0.00927323999 -0.00395125535
v -0.00168850711 -0.0092822127 -0.0041024934
v -0.00160918589 -0.00925531058 -0.00405671781
f 8278 8280 8279
v -0.00176421254 -0.00887034985 -0.00412171103
v -0.00184382206 -0.00910033195 -0.00424903665
v -0.00183931097 -0.00885932386 -0.00414485949
f 8281 8283 8282
v -0.00109549583 -0.00810985002 -0.00291507858
v -0.00142223353 -0.00829731725 -0.003062834
v -0.00118803355 -0.00801540227 -0.0029546316
f 8284 8286 8285
v -0.00118803355 -0.00801540227 -0.0029546316
v -0.00142223353 -0.00829731725 -0.003062834
v -0.00154853242 -0.00787368481 -0.00290695607
f 8287 8289 8288
v -0.00118803355 -0.00801540227 -0.0029546316
v -0.00154853242 -0.00787368481 -0.00290695607
v -0.00102999429 -0.00784174263 -0.00288959
f 8290 8292 8291
v -0.00355604716 -0.00843464441 -0.00311469776
v -0.00353510623 -0.0084360865 -0.00311861368
v -0.00355938537 -0.00855568069 -0.00325266446
f 8293 8295 8294
v -0.00355604716 -0.00843464441 -0.00311469776
v -0.00355938537 -0.00855568069 -0.00325266446
v -0.00356194578 -0.00849548887 -0.00315646976
f 8296 8298 8297
v -0.00258098498 -0.00951459879 -0.00366838285
v -0.00242320366 -0.00960659745 -0.00377695906
v -0.00262451485 -0.00954418574 -0.00351823692
f 8299 8301 8300
v -0.00262451485 -0.00954418574 -0.00351823692
v -0.00300713982 -0.00936862562 -0.00355388765
v -0.00290966364 -0.00942565894 -0.0036786907
f 8302 8304 8303
v -0.00231884569 -0.00880857042 -0.00428322019
v -0.00207330468 -0.0088373512 -0.00421422192
v -0.00220946986 -0.009176803 -0.00428253406
f 8305 8307 8306
v -0.00346124179 -0.00899681472 -0.00340842598
v -0.00337337369 -0.0091118105 -0.00345849476
v -0.00347637579 -0.00885789996 -0.00333304597
f 8308 8310 8309
v -0.00349485781 -0.00871327356 -0.00312128905
v -0.00343340362 -0.00878462379 -0.00305495196
v -0.00356306846 -0.00874506877 -0.00308861781
f 8311 8313 8312
v -0.00342927124 -0.00882370223 -0.00296461058
v -0.0036088335 -0.00858406856 -0.00284676462
v -0.00363914005 -0.00864334434 -0.00299416752
f 8314 8316 8315
v -0.00353510623 -0.0084360865 -0.00311861368
v -0.00357652643 -0.00840089415 -0.00308333329
v -0.00357709141 -0.00839780623 -0.00308727831
f 8317 8319 8318
v -0.00353510623 -0.0084360865 -0.00311861368
v -0.00357709141 -0.00839780623 -0.00308727831
v -0.0035265628 -0.00836396357 -0.00310501709
f 8320 8322 8321
v -0.0035265628 -0.00836396357 -0.00310501709
v -0.00357709141 -0.00839780623 -0.00308727831
v -0.00356867313 -0.00834415478 -0.00304236382
f 8323 8325 8324
v -0.00357652643 -0.00840089415 -0.00308333329
v -0.00360278827 -0.00841230067 -0.00308199305
v -0.00356867313 -0.00834415478 -0.00304236382
f 8326 8328 8327
v -0.00350418049 -0.00818258195 -0.00318737657
v -0.00353456453 -0.00829654018 -0.00343494758
v -0.0035265628 -0.00836396357 -0.00310501709
f 8329 8331 8330
v -0.00350418049 -0.00818258195 -0.00318737657
v -0.0035265628 -0.00836396357 -0.00310501709
v -0.00350068549 -0.00823075898 -0.00300211013
f 8332 8334 8333
v -0.0035265628 -0.00836396357 -0.00310501709
v -0.00356867313 -0.00834415478 -0.00304236382
v -0.00350068549 -0.00823075898 -0.00300211013
f 8335 8337 8336
v -0.00226923803 -0.00767896345 -0.00290867101
v -0.00241387243 -0.00792464198 -0.0030690222
v -0.00260086035 -0.00759887844 -0.00280025415
f 8338 8340 8339
v -0.00255540308 -0.00819244524 -0.00357977478
v -0.00284827365 -0.0080480866 -0.00355451884
v -0.00267834894 -0.00791171478 -0.00321291373
f 8341 8343 8342
v -0.00300605407 -0.00791469065 -0.00321273583
v -0.00318714847 -0.00799020636 -0.00329064569
v -0.00316159785 -0.00801009373 -0.00314483768
f 8344 8346 8345
v -0.00316159785 -0.00801009373 -0.00314483768
v -0.00317209488 -0.00789391997 -0.00300063475
v -0.00300605407 -0.00791469065 -0.00321273583
f 8347 8349 8348
v -0.00353321921 -0.00815398525 -0.00350705741
v -0.00353852301 -0.00812508224 -0.00348353351
v -0.00352164534 -0.00811122227 -0.00345136723
f 8350 8352 8351
v -0.00353321921 -0.00815398525 -0.00350705741
v -0.00352164534 -0.00811122227 -0.00345136723
v -0.00337835736 -0.00810978308 -0.00344663713
f 8353 8355 8354
v -0.00352019269 -0.00819870475 -0.00348164322
v -0.00352944007 -0.00817303589 -0.00352440111
v -0.00364318621 -0.00819305642 -0.00351949784
f 8356 8358 8357
v -0.00353852301 -0.00812508224 -0.00348353351
v -0.00353321921 -0.00815398525 -0.00350705741
v -0.00352019269 -0.00819870475 -0.00348164322
f 8359 8361 8360
v -0.00353852301 -0.00812508224 -0.00348353351
v -0.00352019269 -0.00819870475 -0.00348164322
v -0.00352164534 -0.00811122227 -0.00345136723
f 8362 8364 8363
v -0.00356545534 -0.00811405553 -0.00349446418
v -0.00353852301 -0.00812508224 -0.00348353351
v -0.00353321921 -0.00815398525 -0.00350705741
f 8365 8367 8366
v -0.00353852301 -0.00812508224 -0.00348353351
v -0.00356545534 -0.00811405553 -0.00349446418
v -0.00364318621 -0.00819305642 -0.00351949784
f 8368 8370 8369
v -0.00353852301 -0.00812508224 -0.00348353351
v -0.00364318621 -0.00819305642 -0.00351949784
v -0.00353321921 -0.00815398525 -0.00350705741
f 8371 8373 8372
v -0.00352944007 -0.00817303589 -0.00352440111
v -0.00353321921 -0.00815398525 -0.00350705741
v -0.00337835736 -0.00810978308 -0.00344663713
f 8374 8376 8375
v -0.00352944007 -0.00817303589 -0.00352440111
v -0.00337835736 -0.00810978308 -0.00344663713
v -0.00351165618 -0.00817353066 -0.0035311692
f 8377 8379 8378
v -0.00352019269 -0.00819870475 -0.00348164322
v -0.00351820454 -0.00815187523 -0.003286828
v -0.00352164534 -0.00811122227 -0.00345136723
f 8380 8382 8381
v -0.00352944007 -0.00817303589 -0.00352440111
v -0.00351165618 -0.00817353066 -0.0035311692
v -0.00353321921 -0.00815398525 -0.00350705741
f 8383 8385 8384
v -0.00351165618 -0.00817353066 -0.0035311692
v -0.00356545534 -0.00811405553 -0.00349446418
v -0.00353321921 -0.00815398525 -0.00350705741
f 8386 8388 8387
v -0.00336171033 -0.00805309828 -0.00337156744
v -0.00350418049 -0.00818258195 -0.00318737657
v -0.00330516887 -0.00810082493 -0.003078187
f 8389 8391 8390
v -0.00336171033 -0.00805309828 -0.00337156744
v -0.00330516887 -0.00810082493 -0.003078187
v -0.00318714847 -0.00799020636 -0.00329064569
f 8392 8394 8393
v -0.00364318621 -0.00819305642 -0.00351949784
v -0.00352944007 -0.00817303589 -0.00352440111
v -0.00353321921 -0.00815398525 -0.00350705741
f 8395 8397 8396
v -0.00369214758 -0.00863365713 -0.00322993656
v -0.00372126815 -0.00862222441 -0.00318239508
v -0.00369345616 -0.00855742765 -0.00317569247
f 8398 8400 8399
v -0.00369214758 -0.00863365713 -0.00322993656
v -0.00369345616 -0.00855742765 -0.00317569247
v -0.00365129672 -0.00862612142 -0.00322819178
f 8401 8403 8402
v -0.00337835736 -0.00810978308 -0.00344663713
v -0.00336171033 -0.00805309828 -0.00337156744
v -0.00318714847 -0.00799020636 -0.00329064569
f 8404 8406 8405
v -0.0018765737 -0.00618613631 -0.00269131451
v -0.00167154922 -0.0064285181 -0.00275832554
v -0.00200782597 -0.00647670822 -0.00266001534
f 8407 8409 8408
v -0.00250257908 -0.00737525916 -0.00266478855
v -0.00239132951 -0.00711367829 -0.002507713
v -0.00214263928 -0.00746022415 -0.00277275849
f 8410 8412 8411
v -0.00203020336 -0.00723302364 -0.00273295791
v -0.00239132951 -0.00711367829 -0.002507713
v -0.00216384869 -0.00695586496 -0.00260717152
f 8413 8415 8414
v -0.00216384869 -0.00695586496 -0.00260717152
v -0.00239132951 -0.00711367829 -0.002507713
v -0.00247885637 -0.00686742933 -0.00231326594
f 8416 8418 8417
v -0.00269648353 -0.00584091431 -0.0020784657
v -0.00285827355 -0.00582966386 -0.00182509903
v -0.00282164765 -0.00554541875 -0.00192036532
f 8419 8421 8420
v -0.00324226967 -0.00795779706 -0.00244781022
v -0.00324180037 -0.00787975296 -0.00223314455
v -0.00314459212 -0.00784384538 -0.00258848304
f 8422 8424 8423
v -0.00250257908 -0.00737525916 -0.00266478855
v -0.00260086035 -0.00759887844 -0.00280025415
v -0.0027035032 -0.00730470347 -0.00231268605
f 8425 8427 8426
v -0.00254377865 -0.00487457983 -0.00211755323
v -0.00224127834 -0.00467607133 -0.00234609179
v -0.00238903722 -0.00521563452 -0.00231221256
f 8428 8430 8429
v -0.00364623302 -0.00880708976 -0.00438127172
v -0.0039238188 -0.00892902026 -0.00406042054
v -0.0038409089 -0.00856975967 -0.00430944565
f 8431 8433 8432
v -0.0039238188 -0.00892902026 -0.00406042054
v -0.00364739753 -0.00903737018 -0.00417496849
v -0.00372881987 -0.00904783592 -0.00382764338
f 8434 8436 8435
v -0.00363914005 -0.00864334434 -0.00299416752
v -0.0036088335 -0.00858406856 -0.00284676462
v -0.00365343003 -0.00858016065 -0.00296793787
f 8437 8439 8438
v -0.00356306846 -0.00874506877 -0.00308861781
v -0.00356050587 -0.00864004905 -0.00323134373
v -0.00349485781 -0.00871327356 -0.00312128905
f 8440 8442 8441
v -0.0035787285 -0.00861216104 -0.0032257878
v -0.00361044658 -0.00861863373 -0.00322646338
v -0.00356194578 -0.00849548887 -0.00315646976
f 8443 8445 8444
v -0.0035787285 -0.00861216104 -0.0032257878
v -0.00356194578 -0.00849548887 -0.00315646976
v -0.00355938537 -0.00855568069 -0.00325266446
f 8446 8448 8447
v -0.00356306846 -0.00874506877 -0.00308861781
v -0.00361044658 -0.00861863373 -0.00322646338
v -0.0035787285 -0.00861216104 -0.0032257878
f 8449 8451 8450
v -0.00356306846 -0.00874506877 -0.00308861781
v -0.0035787285 -0.00861216104 -0.0032257878
v -0.00356050587 -0.00864004905 -0.00323134373
f 8452 8454 8453
v -0.00356306846 -0.00874506877 -0.00308861781
v -0.00369854024 -0.00865590846 -0.00318029779
v -0.00369214758 -0.00863365713 -0.00322993656
f 8455 8457 8456
v -0.00356306846 -0.00874506877 -0.00308861781
v -0.00369214758 -0.00863365713 -0.00322993656
v -0.00365129672 -0.00862612142 -0.00322819178
f 8458 8460 8459
v -0.00365129672 -0.00862612142 -0.00322819178
v -0.00369345616 -0.00855742765 -0.00317569247
v -0.00356194578 -0.00849548887 -0.00315646976
f 8461 8463 8462
v -0.00365129672 -0.00862612142 -0.00322819178
v -0.00356194578 -0.00849548887 -0.00315646976
v -0.00361044658 -0.00861863373 -0.00322646338
f 8464 8466 8465
v -0.00355938537 -0.00855568069 -0.00325266446
v -0.00374107985 -0.00863823225 -0.00323645181
v -0.00365129672 -0.00862612142 -0.00322819178
f 8467 8469 8468
v -0.00355938537 -0.00855568069 -0.00325266446
v -0.00365129672 -0.00862612142 -0.00322819178
v -0.00361044658 -0.00861863373 -0.00322646338
f 8470 8472 8471
v -0.00365129672 -0.00862612142 -0.00322819178
v -0.00369214758 -0.00863365713 -0.00322993656
v -0.00365126398 -0.00876300328 -0.00330116272
f 8473 8475 8474
v -0.00365129672 -0.00862612142 -0.00322819178
v -0.00365126398 -0.00876300328 -0.00330116272
v -0.00356050587 -0.00864004905 -0.00323134373
f 8476 8478 8477
v -0.00361341154 -0.00844535898 -0.00310205505
v -0.00361284074 -0.00843874295 -0.00311317563
v -0.00363968356 -0.00847563351 -0.00312040065
f 8479 8481 8480
v -0.00365343003 -0.00858016065 -0.00296793787
v -0.00356867313 -0.00834415478 -0.00304236382
v -0.00360278827 -0.00841230067 -0.00308199305
f 8482 8484 8483
v -0.00369214758 -0.00863365713 -0.00322993656
v -0.00372677969 -0.00863986279 -0.00323159402
v -0.00372126815 -0.00862222441 -0.00318239508
f 8485 8487 8486
v -0.00372677969 -0.00863986279 -0.00323159402
v -0.00369214758 -0.00863365713 -0.00322993656
v -0.00374107985 -0.00863823225 -0.00323645181
f 8488 8490 8489
v -0.00384271007 -0.0081607126 -0.00356231612
v -0.00356545534 -0.00811405553 -0.00349446418
v -0.00365773558 -0.0080643229 -0.00361924431
f 8491 8493 8492
v -0.00425161161 -0.00848852651 -0.00365833112
v -0.0039056009 -0.00836848194 -0.00342160129
v -0.00421505938 -0.00820314235 -0.00363119361
f 8494 8496 8495
v -0.00360278827 -0.00841230067 -0.00308199305
v -0.00357709141 -0.00839780623 -0.00308727831
v -0.00355604716 -0.00843464441 -0.00311469776
f 8497 8499 8498
v -0.00360278827 -0.00841230067 -0.00308199305
v -0.00355604716 -0.00843464441 -0.00311469776
v -0.00361284074 -0.00843874295 -0.00311317563
f 8500 8502 8501
v -0.00372677969 -0.00863986279 -0.00323159402
v -0.00374107985 -0.00863823225 -0.00323645181
v -0.00365126398 -0.00876300328 -0.00330116272
f 8503 8505 8504
v -0.00399148339 -0.00806469689 -0.00373757939
v -0.00424577702 -0.00818447807 -0.00382638318
v -0.00423982419 -0.00812728176 -0.00373734947
f 8506 8508 8507
v -0.00365773558 -0.0080643229 -0.00361924431
v -0.00369922527 -0.00803999937 -0.00373073854
v -0.00399148339 -0.00806469689 -0.00373757939
f 8509 8511 8510
v -0.00421505938 -0.00820314235 -0.00363119361
v -0.00399148339 -0.00806469689 -0.00373757939
v -0.00423982419 -0.00812728176 -0.00373734947
f 8512 8514 8513
v -0.00357652643 -0.00840089415 -0.00308333329
v -0.00357709141 -0.00839780623 -0.00308727831
v -0.00360278827 -0.00841230067 -0.00308199305
f 8515 8517 8516
v -0.00354081749 -0.00173897279 -3.29940065e-05
v -0.00350456066 -0.00174973684 2.86976558e-05
v -0.00340735605 -0.00174032448 -0.000101672686
f 8518 8520 8519
v -0.00354081749 -0.00173897279 -3.29940065e-05
v -0.00340735605 -0.00174032448 -0.000101672686
v -0.00354202821 -0.00175027744 -4.21910897e-05
f 8521 8523 8522
v -0.00355938537 -0.00855568069 -0.00325266446
v -0.00353456453 -0.00829654018 -0.00343494758
v -0.00374107985 -0.00863823225 -0.00323645181
f 8524 8526 8525
v -0.00273261976 -0.00771161722 -0.0029709985
v -0.00300605407 -0.00791469065 -0.00321273583
v -0.00291018205 -0.00776322995 -0.00297767128
f 8527 8529 8528
v -0.00283923328 -0.00376845855 0.000316174373
v -0.00286335453 -0.00420962024 0.000155385351
v -0.0026406753 -0.00414332972 0.00043372238
f 8530 8532 8531
v -0.00298347295 -0.005518322 -0.00150032374
v -0.00297587831 -0.00544246832 -0.000865715538
v -0.00302023618 -0.00511722865 -0.00122160272
f 8533 8535 8534
v -0.00289116215 -0.00475738962 -0.00174358065
v -0.00290701628 -0.0052656811 -0.00174275156
v -0.0030125495 -0.00477578324 -0.00154441786
f 8536 8538 8537
v -0.00289116215 -0.00475738962 -0.00174358065
v -0.0030125495 -0.00477578324 -0.00154441786
v -0.00303911474 -0.00445853402 -0.00163915447
f 8539 8541 8540
v -0.00309943243 -0.00418371237 -0.00121457097
v -0.00307161936 -0.00410388529 -0.00100756315
v -0.00310659489 -0.00410444154 -0.00161737971
f 8542 8544 8543
v -0.00303911474 -0.00445853402 -0.00163915447
v -0.0030748055 -0.00440058393 -0.00121726362
v -0.00310659489 -0.00410444154 -0.00161737971
f 8545 8547 8546
v -0.00309382813 -0.00333343341 -0.00104074188
v -0.00322653614 -0.00324649482 -0.00038768012
v -0.00317219383 -0.00296226808 -0.000748793309
f 8548 8550 8549
v -0.00344078326 -0.00312951815 0.000171682586
v -0.00305740759 -0.00323069216 0.000342648582
v -0.00345477965 -0.00289154032 0.000323045879
f 8551 8553 8552
v -0.00279456399 -0.00196976162 0.000558449938
v -0.00277278941 -0.00191364725 0.000514329076
v -0.00297131392 -0.00194532022 0.000492781328
f 8554 8556 8555
v -0.00351069866 -0.00279620817 0.000276093942
v -0.00345477965 -0.00289154032 0.000323045879
v -0.00326116424 -0.00250749927 0.000363491108
f 8557 8559 8558
v -0.00343114516 -0.00183937918 0.000225948679
v -0.00358353464 -0.00223923271 0.000242074111
v -0.00338062418 -0.00187025635 0.000265300605
f 8560 8562 8561
v -0.00359394871 -0.00220756956 0.000221379651
v -0.00358353464 -0.00223923271 0.000242074111
v -0.00343114516 -0.00183937918 0.000225948679
f 8563 8565 8564
v -0.00351286762 -0.00227602286 -0.00041242547
v -0.00337797392 -0.00261885343 -0.000496235316
v -0.00354707481 -0.00263582042 -0.000295794644
f 8566 8568 8567
v -0.00341292071 -0.00181043451 0.000197148165
v -0.00335999393 -0.0018311066 0.000243814975
v -0.00313860182 -0.00179668386 0.000260780325
f 8569 8571 8570
v -0.00341292071 -0.00181043451 0.000197148165
v -0.00340735605 -0.00174032448 -0.000101672686
v -0.00350456066 -0.00174973684 2.86976558e-05
f 8572 8574 8573
v -0.00357503413 -0.00166578902 -0.000208811844
v -0.00358363941 -0.00165798701 -0.000155492535
v -0.00340735605 -0.00174032448 -0.000101672686
f 8575 8577 8576
v -0.00357503413 -0.00166578902 -0.000208811844
v -0.00340735605 -0.00174032448 -0.000101672686
v -0.00338225909 -0.00178095852 -0.000332233094
f 8578 8580 8579
v -0.00350273367 -0.00195729481 -0.000500808346
v -0.0034307086 -0.00187129699 -0.000493950483
v -0.00346913403 -0.0018529201 -0.000625805023
f 8581 8583 8582
v -0.0034307086 -0.00187129699 -0.000493950483
v -0.0035439738 -0.00186689613 -0.000378836921
v -0.00338225909 -0.00178095852 -0.000332233094
f 8584 8586 8585
v -0.00350273367 -0.00195729481 -0.000500808346
v -0.00360833146 -0.00201672847 -0.000239400379
v -0.0035439738 -0.00186689613 -0.000378836921
f 8587 8589 8588
v -0.0027521899 -0.00176835347 0.000572365207
v -0.0027733875 -0.0017726381 0.000573728812
v -0.0028011078 -0.00180483239 0.000575618105
f 8590 8592 8591
v -0.0027521899 -0.00176835347 0.000572365207
v -0.0028011078 -0.00180483239 0.000575618105
v -0.0027182039 -0.00178864393 0.000601676129
f 8593 8595 8594
v -0.00358363941 -0.00165798701 -0.000155492535
v -0.00354081749 -0.00173897279 -3.29940065e-05
v -0.00354202821 -0.00175027744 -4.21910897e-05
f 8596 8598 8597
v -0.00339281905 -0.00183615539 0.000236396954
v -0.00335999393 -0.0018311066 0.000243814975
v -0.00341292071 -0.00181043451 0.000197148165
f 8599 8601 8600
v -0.00307769515 -0.00173245098 -0.000300092142
v -0.00334360593 -0.00182111962 -0.000564657012
v -0.00338225909 -0.00178095852 -0.000332233094
f 8602 8604 8603
v -0.00338062418 -0.00187025635 0.000265300605
v -0.00339281905 -0.00183615539 0.000236396954
v -0.00343114516 -0.00183937918 0.000225948679
f 8605 8607 8606
v -0.00304679234 -0.00194329768 0.000469563383
v -0.00297131392 -0.00194532022 0.000492781328
v -0.00303718443 -0.00191945619 0.000438664119
f 8608 8610 8609
v -0.0028011078 -0.00180483239 0.000575618105
v -0.00277624622 -0.0018510038 0.000566049403
v -0.0027182039 -0.00178864393 0.000601676129
f 8611 8613 8612
v -0.00305514368 -0.00190189203 0.000459599778
v -0.00308125782 -0.00187079931 0.00045355273
v -0.00312394623 -0.00191035324 0.000447510592
f 8614 8616 8615
v -0.00305514368 -0.00190189203 0.000459599778
v -0.00312394623 -0.00191035324 0.000447510592
v -0.00307974806 -0.00191203217 0.000451514188
f 8617 8619 8618
v -0.00277624622 -0.0018510038 0.000566049403
v -0.0027521899 -0.00176835347 0.000572365207
v -0.00274393169 -0.00174442721 0.000546567207
f 8620 8622 8621
v -0.00269832344 -0.00183562588 0.000439783526
v -0.00277624622 -0.0018510038 0.000566049403
v -0.00274393169 -0.00174442721 0.000546567207
f 8623 8625 8624
v -0.002776767 -0.00169514333 0.000593848472
v -0.0027733875 -0.0017726381 0.000573728812
v -0.0027521899 -0.00176835347 0.000572365207
f 8626 8628 8627
v -0.00274393169 -0.00174442721 0.000546567207
v -0.0027733875 -0.0017726381 0.000573728812
v -0.002776767 -0.00169514333 0.000593848472
f 8629 8631 8630
v -0.00277624622 -0.0018510038 0.000566049403
v -0.00279456399 -0.00196976162 0.000558449938
v -0.0027182039 -0.00178864393 0.000601676129
f 8632 8634 8633
v -0.00277278941 -0.00191364725 0.000514329076
v -0.00279456399 -0.00196976162 0.000558449938
v -0.00277624622 -0.0018510038 0.000566049403
f 8635 8637 8636
v -0.002776767 -0.00169514333 0.000593848472
v -0.00238994216 -0.00197187746 0.000670908412
v -0.00267649539 -0.00165655038 0.000614803048
f 8638 8640 8639
v -0.00318483399 -0.00185000426 0.000414127953
v -0.00313147611 -0.00182312178 0.000445869318
v -0.00310839459 -0.00189273087 0.000394002018
f 8641 8643 8642
v -0.00318483399 -0.00185000426 0.000414127953
v -0.00310839459 -0.00189273087 0.000394002018
v -0.00318183265 -0.00187447331 0.000396319774
f 8644 8646 8645
v -0.00308125782 -0.00187079931 0.00045355273
v -0.00305514368 -0.00190189203 0.000459599778
v -0.00307974806 -0.00191203217 0.000451514188
f 8647 8649 8648
v -0.00318183265 -0.00187447331 0.000396319774
v -0.00320309446 -0.00186629022 0.000338285645
v -0.00320259969 -0.00183020366 0.000391369394
f 8650 8652 8651
v -0.00318183265 -0.00187447331 0.000396319774
v -0.00320259969 -0.00183020366 0.000391369394
v -0.00318483399 -0.00185000426 0.000414127953
f 8653 8655 8654
v -0.00327384078 -0.001820742 0.000341896339
v -0.00324467874 -0.0018145327 0.000358210036
v -0.00320309446 -0.00186629022 0.000338285645
f 8656 8658 8657
v -0.00327384078 -0.001820742 0.000341896339
v -0.00320309446 -0.00186629022 0.000338285645
v -0.00327408343 -0.00184240616 0.000328026999
f 8659 8661 8660
v -0.00311365184 -0.00186420984 0.000416156126
v -0.00310839459 -0.00189273087 0.000394002018
v -0.00313147611 -0.00182312178 0.000445869318
f 8662 8664 8663
v -0.0032262109 -0.00185678091 0.000360659942
v -0.00320309446 -0.00186629022 0.000338285645
v -0.00324467874 -0.0018145327 0.000358210036
f 8665 8667 8666
v -0.0032262109 -0.00185678091 0.000360659942
v -0.00324467874 -0.0018145327 0.000358210036
v -0.00322765663 -0.00183151478 0.000376819025
f 8668 8670 8669
v -0.00332059972 -0.00183268257 0.000286244358
v -0.00327384078 -0.001820742 0.000341896339
v -0.00327408343 -0.00184240616 0.000328026999
f 8671 8673 8672
v -0.00329042414 -0.00187374153 0.000345840544
v -0.0033000546 -0.00182246386 0.000326740155
v -0.00332059972 -0.00183268257 0.000286244358
f 8674 8676 8675
v -0.00324467874 -0.0018145327 0.000358210036
v -0.00327384078 -0.001820742 0.000341896339
v -0.00329042414 -0.00187374153 0.000345840544
f 8677 8679 8678
v -0.00324467874 -0.0018145327 0.000358210036
v -0.00329042414 -0.00187374153 0.000345840544
v -0.00322765663 -0.00183151478 0.000376819025
f 8680 8682 8681
v -0.00327408343 -0.00184240616 0.000328026999
v -0.00327384078 -0.001820742 0.000341896339
v -0.0033000546 -0.00182246386 0.000326740155
f 8683 8685 8684
v -0.00327408343 -0.00184240616 0.000328026999
v -0.0033000546 -0.00182246386 0.000326740155
v -0.00329042414 -0.00187374153 0.000345840544
f 8686 8688 8687
v -0.00322765663 -0.00183151478 0.000376819025
v -0.00320259969 -0.00183020366 0.000391369394
v -0.00320309446 -0.00186629022 0.000338285645
f 8689 8691 8690
v -0.00322765663 -0.00183151478 0.000376819025
v -0.00320309446 -0.00186629022 0.000338285645
v -0.0032262109 -0.00185678091 0.000360659942
f 8692 8694 8693
v -0.0033000546 -0.00182246386 0.000326740155
v -0.00327384078 -0.001820742 0.000341896339
v -0.00332059972 -0.00183268257 0.000286244358
f 8695 8697 8696
v -0.00313147611 -0.00182312178 0.000445869318
v -0.00308125782 -0.00187079931 0.00045355273
v -0.00311365184 -0.00186420984 0.000416156126
f 8698 8700 8699
v -0.00311365184 -0.00186420984 0.000416156126
v -0.00308125782 -0.00187079931 0.00045355273
v -0.00315993348 -0.00189222665 0.000431083845
f 8701 8703 8702
v -0.00320259969 -0.00183020366 0.000391369394
v -0.00322765663 -0.00183151478 0.000376819025
v -0.00321977641 -0.00187687237 0.000397384792
f 8704 8706 8705
v -0.00320259969 -0.00183020366 0.000391369394
v -0.00321977641 -0.00187687237 0.000397384792
v -0.00318483399 -0.00185000426 0.000414127953
f 8707 8709 8708
v -0.00335999393 -0.0018311066 0.000243814975
v -0.00339412909 -0.00183037027 0.000241135967
v -0.00338062418 -0.00187025635 0.000265300605
f 8710 8712 8711
v -0.00335999393 -0.0018311066 0.000243814975
v -0.00338062418 -0.00187025635 0.000265300605
v -0.00334776742 -0.0018364748 0.000279322921
f 8713 8715 8714
v -0.00343114516 -0.00183937918 0.000225948679
v -0.00339412909 -0.00183037027 0.000241135967
v -0.00341292071 -0.00181043451 0.000197148165
f 8716 8718 8717
v -0.00359394871 -0.00220756956 0.000221379651
v -0.00362564024 -0.00224914875 -0.000163821869
v -0.00358488323 -0.00259472981 0.000198519956
f 8719 8721 8720
v -0.00359394871 -0.00220756956 0.000221379651
v -0.00358488323 -0.00259472981 0.000198519956
v -0.00358702309 -0.00242211681 0.000215877571
f 8722 8724 8723
v -0.00354707481 -0.00263582042 -0.000295794644
v -0.0035160152 -0.00294600432 -0.000109741995
v -0.00358488323 -0.00259472981 0.000198519956
f 8725 8727 8726
v -0.00307974806 -0.00191203217 0.000451514188
v -0.00305514368 -0.00190189203 0.000459599778
v -0.00303718443 -0.00191945619 0.000438664119
f 8728 8730 8729
v -0.00307974806 -0.00191203217 0.000451514188
v -0.00303718443 -0.00191945619 0.000438664119
v -0.00308111703 -0.00192838233 0.000441101929
f 8731 8733 8732
v -0.00334791657 -0.00335653895 -1.88699204e-05
v -0.00344078326 -0.00312951815 0.000171682586
v -0.00337874699 -0.00323934946 -0.00016445133
f 8734 8736 8735
v -0.00310839459 -0.00189273087 0.000394002018
v -0.00308125782 -0.00187079931 0.00045355273
v -0.00307974806 -0.00191203217 0.000451514188
f 8737 8739 8738
v -0.00310839459 -0.00189273087 0.000394002018
v -0.00307974806 -0.00191203217 0.000451514188
v -0.00308111703 -0.00192838233 0.000441101929
f 8740 8742 8741
v -0.00315599973 -0.00136004064 -0.00210301641
v -0.00315537873 -0.00134903685 -0.00211656588
v -0.00319192332 -0.00132276191 -0.00206395889
f 8743 8745 8744
v -0.00315599973 -0.00136004064 -0.00210301641
v -0.00319192332 -0.00132276191 -0.00206395889
v -0.00312182419 -0.00135187765 -0.00203976851
f 8746 8748 8747
v -0.00332059972 -0.00183268257 0.000286244358
v -0.00327408343 -0.00184240616 0.000328026999
v -0.00320309446 -0.00186629022 0.000338285645
f 8749 8751 8750
v -0.00332059972 -0.00183268257 0.000286244358
v -0.00334756005 -0.001852061 0.000270676992
v -0.00334776742 -0.0018364748 0.000279322921
f 8752 8754 8753
v -0.00334756005 -0.001852061 0.000270676992
v -0.00338062418 -0.00187025635 0.000265300605
v -0.00329042414 -0.00187374153 0.000345840544
f 8755 8757 8756
v -0.00341292071 -0.00181043451 0.000197148165
v -0.00339412909 -0.00183037027 0.000241135967
v -0.00339281905 -0.00183615539 0.000236396954
f 8758 8760 8759
v -0.00335999393 -0.0018311066 0.000243814975
v -0.00339281905 -0.00183615539 0.000236396954
v -0.00339412909 -0.00183037027 0.000241135967
f 8761 8763 8762
v -0.00335999393 -0.0018311066 0.000243814975
v -0.00334776742 -0.0018364748 0.000279322921
v -0.00334756005 -0.001852061 0.000270676992
f 8764 8766 8765
v -0.00294970887 -0.00381463433 -0.00213500007
v -0.0032028438 -0.00374231495 -0.00187178812
v -0.00327001108 -0.00340013976 -0.00223542575
f 8767 8769 8768
v -0.00269828415 -0.00239421825 -0.00270391374
v -0.00264612208 -0.00273949954 -0.00268699077
v -0.00300502397 -0.00248003998 -0.00262917274
f 8770 8772 8771
v -0.00297778606 -0.00156876777 -0.00234322833
v -0.00288285064 -0.00151058648 -0.00238370521
v -0.00277233794 -0.00147192995 -0.00249582463
f 8773 8775 8774
v -0.00295737173 -0.00138640053 -0.00222502604
v -0.00288285064 -0.00151058648 -0.00238370521
v -0.00297778606 -0.00156876777 -0.00234322833
f 8776 8778 8777
v -0.0026488191 -0.0013762954 -0.00245839219
v -0.00269498705 -0.00141317978 -0.00253498656
v -0.00277233794 -0.00147192995 -0.00249582463
f 8779 8781 8780
v -0.00328348724 -0.00147368355 -0.00147355422
v -0.00333050666 -0.0016329288 -0.00162066481
v -0.00334925971 -0.00167101771 -0.0015884325
f 8782 8784 8783
v -0.00309444404 -0.00136440685 -0.00169294708
v -0.00320707586 -0.00141839964 -0.001752973
v -0.00309683819 -0.00138114192 -0.00154583104
f 8785 8787 8786
v -0.00320707586 -0.00141839964 -0.001752973
v -0.00309444404 -0.00136440685 -0.00169294708
v -0.00326039008 -0.00134746533 -0.00196580149
f 8788 8790 8789
v -0.00297855277 -0.00141585761 -0.00115128114
v -0.00327203525 -0.00140284374 -0.00131755569
v -0.00331046322 -0.00141847395 -0.00115963358
f 8791 8793 8792
v -0.00313637938 -0.00134390975 -0.00215520631
v -0.00315537873 -0.00134903685 -0.00211656588
v -0.00315599973 -0.00136004064 -0.00210301641
f 8794 8796 8795
v -0.00313637938 -0.00134390975 -0.00215520631
v -0.00315599973 -0.00136004064 -0.00210301641
v -0.00312182419 -0.00135187765 -0.00203976851
f 8797 8799 8798
v -0.00319192332 -0.00132276191 -0.00206395889
v -0.00315537873 -0.00134903685 -0.00211656588
v -0.00318195234 -0.00136120734 -0.00209544978
f 8800 8802 8801
v -0.00318195234 -0.00136120734 -0.00209544978
v -0.00315537873 -0.00134903685 -0.00211656588
v -0.00315599973 -0.00136004064 -0.00210301641
f 8803 8805 8804
v -0.00313637938 -0.00134390975 -0.00215520631
v -0.00310389587 -0.00138395662 -0.00218564783
v -0.00315759098 -0.00139868398 -0.00214163701
f 8806 8808 8807
v -0.00313637938 -0.00134390975 -0.00215520631
v -0.00312182419 -0.00135187765 -0.00203976851
v -0.00310389587 -0.00138395662 -0.00218564783
f 8809 8811 8810
v -0.00315759098 -0.00139868398 -0.00214163701
v -0.00318195234 -0.00136120734 -0.00209544978
v -0.00315599973 -0.00136004064 -0.00210301641
f 8812 8814 8813
v -0.00313637938 -0.00134390975 -0.00215520631
v -0.00315759098 -0.00139868398 -0.00214163701
v -0.00315537873 -0.00134903685 -0.00211656588
f 8815 8817 8816
v -0.00325861693 -0.00343294123 -1.07294881e-05
v -0.00317448721 -0.00350728551 8.06130913e-06
v -0.00344078326 -0.00312951815 0.000171682586
f 8818 8820 8819
