# FlyGym 1.2.1 STL; B(x,y,z)=(x,z,y); winding reversed
v -0.00114227623 -0.0370608643 -0.00141526962
v -0.00125025645 -0.0372795505 -0.00241533926
v -0.00170251442 -0.0367509056 -0.00182994718
f 1 3 2
v -0.00155638954 -0.037056423 -0.00102247513
v 1.17640496e-05 -0.0370798982 -0.00100896405
v -0.00114227623 -0.0370608643 -0.00141526962
f 4 6 5
v -0.00114227623 -0.0370608643 -0.00141526962
v -0.000242057718 -0.0362130522 -0.00207897319
v -0.00125025645 -0.0372795505 -0.00241533926
f 7 9 8
v 1.17640496e-05 -0.0370798982 -0.00100896405
v -0.000242057718 -0.0362130522 -0.00207897319
v -0.00114227623 -0.0370608643 -0.00141526962
f 10 12 11
v -0.00376124408 -0.0372325681 -0.000928025747
v -0.00396221985 -0.0370502356 -0.00072598632
v -0.0037602982 -0.0372452283 -0.000909490427
f 13 15 14
v -0.00396221985 -0.0370502356 -0.00072598632
v -0.00376013268 -0.0372174836 -0.000885966347
v -0.0037602982 -0.0372452283 -0.000909490427
f 16 18 17
v -0.00376124408 -0.0372325681 -0.000928025747
v -0.00359412115 -0.0373792631 -0.00134455804
v -0.00399143137 -0.0370558788 -0.00120449731
f 19 21 20
v -0.00399143137 -0.0370558788 -0.00120449731
v -0.00396221985 -0.0370502356 -0.00072598632
v -0.00376124408 -0.0372325681 -0.000928025747
f 22 24 23
v -0.00236297037 -0.0362911262 -0.00202141673
v -0.00399143137 -0.0370558788 -0.00120449731
v -0.00359412115 -0.0373792631 -0.00134455804
f 25 27 26
v -0.00170251442 -0.0367509056 -0.00182994718
v -0.00236297037 -0.0362911262 -0.00202141673
v -0.00359412115 -0.0373792631 -0.00134455804
f 28 30 29
v -0.00177806414 -0.0372192648 -0.00125810493
v -0.00155638954 -0.037056423 -0.00102247513
v -0.00166526697 -0.0370700844 -0.00132328823
f 31 33 32
v -0.00166526697 -0.0370700844 -0.00132328823
v -0.00209107202 -0.0372001727 -0.00126635623
v -0.0016563039 -0.0370767142 -0.00132571804
f 34 36 35
v -0.00209107202 -0.0372001727 -0.00126635623
v -0.00155638954 -0.037056423 -0.00102247513
v -0.00177806414 -0.0372192648 -0.00125810493
f 37 39 38
v -0.00166526697 -0.0370700844 -0.00132328823
v -0.00114227623 -0.0370608643 -0.00141526962
v -0.00209107202 -0.0372001727 -0.00126635623
f 40 42 41
v -0.00114227623 -0.0370608643 -0.00141526962
v -0.00166526697 -0.0370700844 -0.00132328823
v -0.0016563039 -0.0370767142 -0.00132571804
f 43 45 44
v -0.00155638954 -0.037056423 -0.00102247513
v -0.00114227623 -0.0370608643 -0.00141526962
v -0.0016563039 -0.0370767142 -0.00132571804
f 46 48 47
v -0.00236297037 -0.0362911262 -0.00202141673
v -0.00233491519 -0.0348927249 -0.00251685997
v -0.00375790296 -0.0350612303 -0.00068098725
f 49 51 50
v -0.00396221985 -0.0370502356 -0.00072598632
v -0.00374423907 -0.0367423694 4.56490909e-05
v -0.0037376507 -0.037028431 -0.000341519308
f 52 54 53
v -0.00364003317 -0.0366535474 0.00122358479
v -0.00353673058 -0.0367605127 0.00104615974
v -0.00364254302 -0.0366737251 0.00125433371
f 55 57 56
v -0.00380553829 -0.036103421 0.00158789062
v -0.00404686361 -0.0361852377 0.00096838121
v -0.00461676173 -0.0364937849 0.0012553679
f 58 60 59
v -0.00404686361 -0.0361852377 0.00096838121
v -0.00424473183 -0.0354196382 0.000573605712
v -0.0043974811 -0.0359663914 0.00131606466
f 61 63 62
v -0.0043974811 -0.0359663914 0.00131606466
v -0.00476289752 -0.035944616 0.000783745782
v -0.00404686361 -0.0361852377 0.00096838121
f 64 66 65
v -0.00374423907 -0.0367423694 4.56490909e-05
v -0.00424473183 -0.0354196382 0.000573605712
v -0.00404686361 -0.0361852377 0.00096838121
f 67 69 68
v -0.00374423907 -0.0367423694 4.56490909e-05
v -0.00375790296 -0.0350612303 -0.00068098725
v -0.00424473183 -0.0354196382 0.000573605712
f 70 72 71
v -0.00363049112 -0.036552985 0.00127181847
v -0.00404686361 -0.0361852377 0.00096838121
v -0.00380553829 -0.036103421 0.00158789062
f 73 75 74
v -0.00396221985 -0.0370502356 -0.00072598632
v -0.00355803313 -0.0371536356 -0.00106024445
v -0.00376013268 -0.0372174836 -0.000885966347
f 76 78 77
v -0.00399143137 -0.0370558788 -0.00120449731
v -0.00375790296 -0.0350612303 -0.00068098725
v -0.00374423907 -0.0367423694 4.56490909e-05
f 79 81 80
v 0.000307184359 -0.0361480517 0.00278519783
v 0.000172309979 -0.035327737 0.0029756673
v 0.00101344367 -0.0364317326 0.00208538258
f 82 84 83
v 0.000307184359 -0.0361480517 0.00278519783
v 0.00101344367 -0.0364317326 0.00208538258
v 0.000304009131 -0.0361570215 0.00279794749
f 85 87 86
v 0.000172309979 -0.035327737 0.0029756673
v 0.000307184359 -0.0361480517 0.00278519783
v 0.000304009131 -0.0361570215 0.00279794749
f 88 90 89
v 0.00043394607 -0.0368095702 -0.000481823145
v -0.00155638954 -0.037056423 -0.00102247513
v 0.000219739536 -0.0362066319 0.00262058766
f 91 93 92
v 1.17640496e-05 -0.0370798982 -0.00100896405
v -0.00155638954 -0.037056423 -0.00102247513
v 0.00043394607 -0.0368095702 -0.000481823145
f 94 96 95
v 1.17640496e-05 -0.0370798982 -0.00100896405
v 0.00047817839 -0.0367133471 -0.000630574505
v -0.000242057718 -0.0362130522 -0.00207897319
f 97 99 98
v 0.000552939628 -0.0369009678 -0.000305991534
v 0.000543375018 -0.0368754787 -0.000390029936
v 0.000567212328 -0.0369243324 -0.000309074267
f 100 102 101
v 0.00043394607 -0.0368095702 -0.000481823145
v 0.000572698264 -0.036922915 -0.000276106152
v 0.000552939628 -0.0369009678 -0.000305991534
f 103 105 104
v 0.000543375018 -0.0368754787 -0.000390029936
v 0.000470142459 -0.0367446861 -0.00057784182
v 0.000476213336 -0.0367491739 -0.000579449807
f 106 108 107
v 0.000567716006 -0.0368585606 -0.000252327322
v 0.000552939628 -0.0369009678 -0.000305991534
v 0.000567212328 -0.0369243324 -0.000309074267
f 109 111 110
v 0.000572698264 -0.036922915 -0.000276106152
v 0.000567716006 -0.0368585606 -0.000252327322
v 0.000567212328 -0.0369243324 -0.000309074267
f 112 114 113
v 0.000567716006 -0.0368585606 -0.000252327322
v 0.000813101087 -0.036496314 0.000313207215
v 0.000543375018 -0.0368754787 -0.000390029936
f 115 117 116
v 0.000470142459 -0.0367446861 -0.00057784182
v 0.00047817839 -0.0367133471 -0.000630574505
v 0.000476213336 -0.0367491739 -0.000579449807
f 118 120 119
v 0.000543375018 -0.0368754787 -0.000390029936
v 0.00047817839 -0.0367133471 -0.000630574505
v 0.000470142459 -0.0367446861 -0.00057784182
f 121 123 122
v -0.000242057718 -0.0362130522 -0.00207897319
v 0.00047817839 -0.0367133471 -0.000630574505
v 0.000287614216 -0.0339231745 -0.00163443347
f 124 126 125
v 0.000848135005 -0.0365203072 0.000465757012
v 0.000801242004 -0.0365000917 0.000369666759
v 0.000842371537 -0.0365363929 0.000604581101
f 127 129 128
v 0.000848135005 -0.0365203072 0.000465757012
v 0.000838789038 -0.0364945037 0.000413558018
v 0.000801242004 -0.0365000917 0.000369666759
f 130 132 131
v 0.00104561232 -0.0364897714 0.000944183739
v 0.000921072751 -0.0357070123 0.000300463512
v 0.000865471793 -0.0364996085 0.00049369296
f 133 135 134
v 0.000865471793 -0.0364996085 0.00049369296
v 0.000921072751 -0.0357070123 0.000300463512
v 0.00087104554 -0.0365100976 0.000492429399
f 136 138 137
v 0.00104561232 -0.0364897714 0.000944183739
v 0.000865471793 -0.0364996085 0.00049369296
v 0.00087104554 -0.0365100976 0.000492429399
f 139 141 140
v 0.000838789038 -0.0364945037 0.000413558018
v 0.000813101087 -0.036496314 0.000313207215
v 0.000847497267 -0.0365078158 0.000411835435
f 142 144 143
v 0.000848135005 -0.0365203072 0.000465757012
v 0.000865471793 -0.0364996085 0.00049369296
v 0.00087104554 -0.0365100976 0.000492429399
f 145 147 146
v 0.000921072751 -0.0357070123 0.000300463512
v 0.000838789038 -0.0364945037 0.000413558018
v 0.000847497267 -0.0365078158 0.000411835435
f 148 150 149
v 0.000842371537 -0.0365363929 0.000604581101
v 0.000865471793 -0.0364996085 0.00049369296
v 0.000848135005 -0.0365203072 0.000465757012
f 151 153 152
v 0.000842371537 -0.0365363929 0.000604581101
v 0.00101344367 -0.0364317326 0.00208538258
v 0.00104561232 -0.0364897714 0.000944183739
f 154 156 155
v 0.00116720876 -0.0365028711 0.0014296088
v 0.00104561232 -0.0364897714 0.000944183739
v 0.00118502867 -0.0365120795 0.00142406207
f 157 159 158
v 0.00122018573 -0.0364586595 0.00153570163
v 0.00116720876 -0.0365028711 0.0014296088
v 0.00118502867 -0.0365120795 0.00142406207
f 160 162 161
v 0.0011387322 -0.0365566579 0.00132279165
v 0.00116720876 -0.0365028711 0.0014296088
v 0.00118502867 -0.0365120795 0.00142406207
f 163 165 164
v 0.0011387322 -0.0365566579 0.00132279165
v 0.00101344367 -0.0364317326 0.00208538258
v 0.00116720876 -0.0365028711 0.0014296088
f 166 168 167
v 0.000842371537 -0.0365363929 0.000604581101
v 0.000801242004 -0.0365000917 0.000369666759
v 0.000219739536 -0.0362066319 0.00262058766
f 169 171 170
v 0.000921072751 -0.0357070123 0.000300463512
v 0.00104561232 -0.0364897714 0.000944183739
v 0.00111249292 -0.035122555 0.00225096319
f 172 174 173
v 0.00101344367 -0.0364317326 0.00208538258
v 0.00122018573 -0.0364586595 0.00153570163
v 0.00118502867 -0.0365120795 0.00142406207
f 175 177 176
v -0.00304828609 -0.034921465 0.00279471751
v -0.00324805369 -0.0362594728 0.00231504364
v -0.00380553829 -0.036103421 0.00158789062
f 178 180 179
v -0.00363049112 -0.036552985 0.00127181847
v -0.00380553829 -0.036103421 0.00158789062
v -0.00324805369 -0.0362594728 0.00231504364
f 181 183 182
v -0.00228618846 -0.0361967017 0.00304317655
v -0.000329673026 -0.0361676182 0.00309660572
v 0.000219739536 -0.0362066319 0.00262058766
f 184 186 185
v 0.000232583761 -0.0361150131 0.00286340237
v -0.000134080483 -0.0362273655 0.00301832151
v -0.000329673026 -0.0361676182 0.00309660572
f 187 189 188
v 0.000172309979 -0.035327737 0.0029756673
v -0.000329673026 -0.0361676182 0.00309660572
v -0.00043822065 -0.0351012044 0.00365015694
f 190 192 191
v -0.000329673026 -0.0361676182 0.00309660572
v 0.000172309979 -0.035327737 0.0029756673
v 0.000232583761 -0.0361150131 0.00286340237
f 193 195 194
v -0.00043822065 -0.0351012044 0.00365015694
v -0.000329673026 -0.0361676182 0.00309660572
v -0.00110469264 -0.036173439 0.00341312443
f 196 198 197
v -0.00363049112 -0.036552985 0.00127181847
v -0.00324805369 -0.0362594728 0.00231504364
v -0.00155638954 -0.037056423 -0.00102247513
f 199 201 200
v -0.00324805369 -0.0362594728 0.00231504364
v 0.000219739536 -0.0362066319 0.00262058766
v -0.00155638954 -0.037056423 -0.00102247513
f 202 204 203
v -0.00384460436 -0.0343382329 0.00136495664
v -0.00380553829 -0.036103421 0.00158789062
v -0.0043974811 -0.0359663914 0.00131606466
f 205 207 206
v -0.00384460436 -0.0343382329 0.00136495664
v -0.00304828609 -0.034921465 0.00279471751
v -0.00380553829 -0.036103421 0.00158789062
f 208 210 209
v -0.00324805369 -0.0362594728 0.00231504364
v -0.00228618846 -0.0361967017 0.00304317655
v 0.000219739536 -0.0362066319 0.00262058766
f 211 213 212
v 0.000232583761 -0.0361150131 0.00286340237
v 0.000172309979 -0.035327737 0.0029756673
v 0.000304009131 -0.0361570215 0.00279794749
f 214 216 215
v 0.000219739536 -0.0362066319 0.00262058766
v 0.000232583761 -0.0361150131 0.00286340237
v 0.000307184359 -0.0361480517 0.00278519783
f 217 219 218
v -0.000684474799 -0.035823416 -0.00235105399
v -0.00233491519 -0.0348927249 -0.00251685997
v -0.00236297037 -0.0362911262 -0.00202141673
f 220 222 221
v -0.00233491519 -0.0348927249 -0.00251685997
v -0.00358443722 -0.0341052859 -0.00136736599
v -0.00375790296 -0.0350612303 -0.00068098725
f 223 225 224
v -0.00233491519 -0.0348927249 -0.00251685997
v -0.000684474799 -0.035823416 -0.00235105399
v 0.000250044923 -0.0346677058 -0.00212026625
f 226 228 227
v -0.00475426968 -0.035886126 0.00127939193
v -0.0043974811 -0.0359663914 0.00131606466
v -0.0047645266 -0.0359020516 0.00130779135
f 229 231 230
v -0.00475426968 -0.035886126 0.00127939193
v -0.0048798167 -0.0360175269 0.00132723053
v -0.00459849725 -0.0355822092 0.0011953578
f 232 234 233
v -0.00475426968 -0.035886126 0.00127939193
v -0.00459849725 -0.0355822092 0.0011953578
v -0.0047645266 -0.0359020516 0.00130779135
f 235 237 236
v -0.00459849725 -0.0355822092 0.0011953578
v -0.00474946719 -0.0358613732 0.00130062544
v -0.0047645266 -0.0359020516 0.00130779135
f 238 240 239
v -0.00474946719 -0.0358613732 0.00130062544
v -0.00475426968 -0.035886126 0.00127939193
v -0.0047645266 -0.0359020516 0.00130779135
f 241 243 242
v -0.00358443722 -0.0341052859 -0.00136736599
v -0.00401768739 -0.0338516635 -0.000208440747
v -0.00375790296 -0.0350612303 -0.00068098725
f 244 246 245
v -0.00384460436 -0.0343382329 0.00136495664
v -0.00459849725 -0.0355822092 0.0011953578
v -0.00476289752 -0.035944616 0.000783745782
f 247 249 248
v -0.0038722661 -0.0347274356 0.00051843158
v -0.00384460436 -0.0343382329 0.00136495664
v -0.00476289752 -0.035944616 0.000783745782
f 250 252 251
v -0.00401768739 -0.0338516635 -0.000208440747
v -0.00464761179 -0.0327750604 -0.000563960157
v -0.00465540179 -0.0328226917 -2.91897805e-05
f 253 255 254
v -0.00356100463 -0.0332499738 0.000487257466
v -0.00465540179 -0.0328226917 -2.91897805e-05
v -0.00361850907 -0.0323025801 0.0005729657
f 256 258 257
v -0.00465540179 -0.0328226917 -2.91897805e-05
v -0.00420823308 -0.0312937511 -0.000327279531
v -0.00361850907 -0.0323025801 0.0005729657
f 259 261 260
v -0.0034370878 -0.0326177134 0.00310636133
v -0.00250569301 -0.0342480722 0.00384404375
v -0.00336733174 -0.0340535335 0.00312550146
f 262 264 263
v -0.00327276102 -0.0310219359 0.000784271197
v -0.0034370878 -0.0326177134 0.00310636133
v -0.00361850907 -0.0323025801 0.0005729657
f 265 267 266
v -0.00384460436 -0.0343382329 0.00136495664
v -0.00361850907 -0.0323025801 0.0005729657
v -0.0034370878 -0.0326177134 0.00310636133
f 268 270 269
v -0.00320102299 -0.0312630786 -0.00230417099
v -0.00421502482 -0.0316420919 -0.00109009934
v -0.00289419295 -0.0327238231 -0.00197281115
f 271 273 272
v -0.00358443722 -0.0341052859 -0.00136736599
v -0.00421502482 -0.0316420919 -0.00109009934
v -0.00464761179 -0.0327750604 -0.000563960157
f 274 276 275
v -0.00421502482 -0.0316420919 -0.00109009934
v -0.00420823308 -0.0312937511 -0.000327279531
v -0.00464761179 -0.0327750604 -0.000563960157
f 277 279 278
v -0.0037451071 -0.030124461 -0.00151876357
v -0.00178989176 -0.0308124698 -0.00248459328
v -0.0031696316 -0.027646852 -0.00204902262
f 280 282 281
v -0.0031696316 -0.027646852 -0.00204902262
v -0.00178989176 -0.0308124698 -0.00248459328
v -0.00193702872 -0.0284166046 -0.00250093144
f 283 285 284
v -0.0044967197 -0.0300825166 -1.22352972e-05
v -0.00327276102 -0.0310219359 0.000784271197
v -0.00420823308 -0.0312937511 -0.000327279531
f 286 288 287
v -0.0037451071 -0.030124461 -0.00151876357
v -0.0044967197 -0.0300825166 -1.22352972e-05
v -0.00421502482 -0.0316420919 -0.00109009934
f 289 291 290
v -0.0037451071 -0.030124461 -0.00151876357
v -0.00458134418 -0.0291777687 -0.000137051586
v -0.0044967197 -0.0300825166 -1.22352972e-05
f 292 294 293
v -0.0044967197 -0.0300825166 -1.22352972e-05
v -0.00336298617 -0.0288730284 0.000941197504
v -0.00327276102 -0.0310219359 0.000784271197
f 295 297 296
v -0.00458134418 -0.0291777687 -0.000137051586
v -0.0031696316 -0.027646852 -0.00204902262
v -0.00472738175 -0.0284468086 -0.000248788933
f 298 300 299
v 0.00111249292 -0.035122555 0.00225096319
v 0.00173808457 -0.0335327757 0.00161951903
v 0.000921072751 -0.0357070123 0.000300463512
f 301 303 302
v -0.00207673274 -0.0352340983 0.00337956262
v -0.00130101753 -0.0322633219 0.00392009788
v -0.000368362043 -0.0337722944 0.00348592912
f 304 306 305
v -0.000368362043 -0.0337722944 0.00348592912
v 0.001564593 -0.0328052673 0.00211303577
v 0.000172309979 -0.035327737 0.0029756673
f 307 309 308
v 0.000287614216 -0.0339231745 -0.00163443347
v 0.00173808457 -0.0335327757 0.00161951903
v 0.00138114765 -0.0316061865 0.000489586319
f 310 312 311
v 0.000921072751 -0.0357070123 0.000300463512
v 0.00173808457 -0.0335327757 0.00161951903
v 0.000287614216 -0.0339231745 -0.00163443347
f 313 315 314
v 0.00179300878 -0.0315803103 0.00219852027
v 0.00138114765 -0.0316061865 0.000489586319
v 0.00173808457 -0.0335327757 0.00161951903
f 316 318 317
v -0.00130101753 -0.0322633219 0.00392009788
v -0.000309659026 -0.0318418926 0.00345937915
v 0.000430802947 -0.0320268911 0.0031476291
f 319 321 320
v 0.000430802947 -0.0320268911 0.0031476291
v -0.000309659026 -0.0318418926 0.00345937915
v 0.000355808288 -0.0315970829 0.00363196777
f 322 324 323
v 0.000430802947 -0.0320268911 0.0031476291
v 0.00179300878 -0.0315803103 0.00219852027
v 0.001564593 -0.0328052673 0.00211303577
f 325 327 326
v 0.000355808288 -0.0315970829 0.00363196777
v 0.00111482432 -0.029797008 0.00288314259
v 0.000430802947 -0.0320268911 0.0031476291
f 328 330 329
v 0.000430802947 -0.0320268911 0.0031476291
v 0.001564593 -0.0328052673 0.00211303577
v -0.000368362043 -0.0337722944 0.00348592912
f 331 333 332
v -0.00028546965 -0.0312087534 -0.00226629963
v 0.00138114765 -0.0316061865 0.000489586319
v -0.000569486156 -0.0291203207 -0.0026599515
f 334 336 335
v 0.00206269196 -0.0264064845 0.000772000203
v -0.000569486156 -0.0291203207 -0.0026599515
v 0.00138114765 -0.0316061865 0.000489586319
f 337 339 338
v 0.00198881244 -0.0293626479 0.000766860012
v 0.00206269196 -0.0264064845 0.000772000203
v 0.00138114765 -0.0316061865 0.000489586319
f 340 342 341
v 0.00151353752 -0.0279324449 0.00224406394
v 0.00198881244 -0.0293626479 0.000766860012
v 0.00179300878 -0.0315803103 0.00219852027
f 343 345 344
v 0.00151353752 -0.0279324449 0.00224406394
v 0.00179300878 -0.0315803103 0.00219852027
v 0.00111482432 -0.029797008 0.00288314259
f 346 348 347
v -0.00299156582 -0.0307146169 0.00370133239
v -0.00295163027 -0.0297940511 0.00401236975
v -0.00130101753 -0.0322633219 0.00392009788
f 349 351 350
v -0.000551207449 -0.0283831556 0.00381371065
v 0.00111482432 -0.029797008 0.00288314259
v -0.00105019017 -0.0305794529 0.0041208863
f 352 354 353
v -0.00295163027 -0.0297940511 0.00401236975
v -0.00105019017 -0.0305794529 0.0041208863
v -0.00130101753 -0.0322633219 0.00392009788
f 355 357 356
v -0.00295163027 -0.0297940511 0.00401236975
v -0.000551207449 -0.0283831556 0.00381371065
v -0.00105019017 -0.0305794529 0.0041208863
f 358 360 359
v -0.0032123542 -0.0266229501 0.00293849389
v -0.00262460017 -0.0277951738 0.00371344286
v -0.00308369054 -0.027968784 0.00322639389
f 361 363 362
v -0.00336298617 -0.0288730284 0.000941197504
v -0.00354870572 -0.029860303 0.00311932199
v -0.00327276102 -0.0310219359 0.000784271197
f 364 366 365
v -0.000130155468 -0.0274049526 -0.00246094933
v -0.00174855832 -0.0271352677 -0.00271168028
v -0.000569486156 -0.0291203207 -0.0026599515
f 367 369 368
v -0.00174855832 -0.0271352677 -0.00271168028
v -0.0031696316 -0.027646852 -0.00204902262
v -0.00193702872 -0.0284166046 -0.00250093144
f 370 372 371
v -0.00243978266 -0.0245107483 -0.0024812045
v -0.0031696316 -0.027646852 -0.00204902262
v -0.00174855832 -0.0271352677 -0.00271168028
f 373 375 374
v 0.00206269196 -0.0264064845 0.000772000203
v 0.00074405325 -0.0238223263 -0.00100022653
v -0.000451357164 -0.0258278887 -0.00252629688
f 376 378 377
v -0.000451357164 -0.0258278887 -0.00252629688
v 0.00074405325 -0.0238223263 -0.00100022653
v -0.000531520755 -0.024873417 -0.00255069681
f 379 381 380
v -0.00243978266 -0.0245107483 -0.0024812045
v -0.000451357164 -0.0258278887 -0.00252629688
v -0.000531520755 -0.024873417 -0.00255069681
f 382 384 383
v -0.00447688144 -0.0275206112 -0.000163102709
v -0.00322308479 -0.0269370386 0.00115118737
v -0.00472738175 -0.0284468086 -0.000248788933
f 385 387 386
v -0.00435232578 -0.0265917013 -0.000597115741
v -0.00322308479 -0.0269370386 0.00115118737
v -0.00447688144 -0.0275206112 -0.000163102709
f 388 390 389
v -0.00431717963 -0.0249285076 -0.000235353423
v -0.00349232687 -0.0252531696 0.000469375254
v -0.00435232578 -0.0265917013 -0.000597115741
f 391 393 392
v -0.00322308479 -0.0269370386 0.00115118737
v -0.0032123542 -0.0266229501 0.00293849389
v -0.00336298617 -0.0288730284 0.000941197504
f 394 396 395
v -0.00299344629 -0.0258703541 0.00196346318
v -0.0032123542 -0.0266229501 0.00293849389
v -0.00322308479 -0.0269370386 0.00115118737
f 397 399 398
v -0.00293966132 -0.0250405603 0.00325123874
v -0.00275514885 -0.0257189065 0.00352525931
v -0.0032123542 -0.0266229501 0.00293849389
f 400 402 401
v -0.00304089863 -0.0242989612 0.000945833108
v -0.00299344629 -0.0258703541 0.00196346318
v -0.00349232687 -0.0252531696 0.000469375254
f 403 405 404
v -0.00435232578 -0.0265917013 -0.000597115741
v -0.00349232687 -0.0252531696 0.000469375254
v -0.00322308479 -0.0269370386 0.00115118737
f 406 408 407
v -0.0031696316 -0.027646852 -0.00204902262
v -0.00437867348 -0.0257106003 -0.00103760385
v -0.00435232578 -0.0265917013 -0.000597115741
f 409 411 410
v -0.00368640212 -0.0240443012 -0.00175164132
v -0.00437867348 -0.0257106003 -0.00103760385
v -0.0031696316 -0.027646852 -0.00204902262
f 412 414 413
v -0.00414139031 -0.0238954803 -0.000953661129
v -0.00437867348 -0.0257106003 -0.00103760385
v -0.00368640212 -0.0240443012 -0.00175164132
f 415 417 416
v -0.00414139031 -0.0238954803 -0.000953661129
v -0.00431717963 -0.0249285076 -0.000235353423
v -0.00437867348 -0.0257106003 -0.00103760385
f 418 420 419
v -0.00349232687 -0.0252531696 0.000469375254
v -0.00414784627 -0.0233550061 -0.000216846115
v -0.00304089863 -0.0242989612 0.000945833108
f 421 423 422
v -0.00414139031 -0.0238954803 -0.000953661129
v -0.00445233163 -0.0220590649 -0.000305438471
v -0.00414784627 -0.0233550061 -0.000216846115
f 424 426 425
v -0.00443279459 -0.0216859116 -0.000716055638
v -0.00414139031 -0.0238954803 -0.000953661129
v -0.00368640212 -0.0240443012 -0.00175164132
f 427 429 428
v -0.00414139031 -0.0238954803 -0.000953661129
v -0.00443279459 -0.0216859116 -0.000716055638
v -0.00445233163 -0.0220590649 -0.000305438471
f 430 432 431
v 0.00175429068 -0.0260339875 0.00242127808
v 0.00226607917 -0.0259020366 0.00092317714
v 0.00210060443 -0.0266974734 0.00103240973
f 433 435 434
v 0.00226607917 -0.0259020366 0.00092317714
v 0.0023018245 -0.0261855195 0.000699837847
v 0.00215891578 -0.0264252594 0.000834744969
f 436 438 437
v 0.0014237763 -0.0222745715 0.00285387578
v 0.00213381445 -0.0238909706 0.00136334365
v 0.00102085423 -0.0242851034 0.00276016308
f 439 441 440
v 0.0023018245 -0.0261855195 0.000699837847
v 0.00226607917 -0.0259020366 0.00092317714
v 0.00206269196 -0.0264064845 0.000772000203
f 442 444 443
v 0.00195318607 -0.0213504522 -0.000236442088
v -0.000594372386 -0.0233627929 -0.00250579506
v 0.00074405325 -0.0238223263 -0.00100022653
f 445 447 446
v 0.0021072703 -0.0244115814 3.85800888e-05
v 0.00226607917 -0.0259020366 0.00092317714
v 0.00213381445 -0.0238909706 0.00136334365
f 448 450 449
v 0.00213381445 -0.0238909706 0.00136334365
v 0.00236501528 -0.0226439748 -2.66606577e-05
v 0.0021072703 -0.0244115814 3.85800888e-05
f 451 453 452
v 0.00236501528 -0.0226439748 -2.66606577e-05
v 0.00213381445 -0.0238909706 0.00136334365
v 0.00233838473 -0.0222805465 0.00148401577
f 454 456 455
v -0.00293546564 -0.023794116 0.00325011169
v -0.00227275577 -0.0240897934 0.00379887897
v -0.00293966132 -0.0250405603 0.00325123874
f 457 459 458
v -0.00304089863 -0.0242989612 0.000945833108
v -0.00293546564 -0.023794116 0.00325011169
v -0.00293966132 -0.0250405603 0.00325123874
f 460 462 461
v -0.00293546564 -0.023794116 0.00325011169
v -0.00304089863 -0.0242989612 0.000945833108
v -0.00294051279 -0.021873966 0.00318195816
f 463 465 464
v -0.00227275577 -0.0240897934 0.00379887897
v -0.000910856397 -0.0237680491 0.00401555153
v -0.000407322386 -0.0249605859 0.00365235101
f 466 468 467
v -0.000605475179 -0.022050718 0.00385381718
v -0.000910856397 -0.0237680491 0.00401555153
v -0.00227275577 -0.0240897934 0.00379887897
f 469 471 470
v -0.00317576269 -0.0212700746 0.000764981178
v -0.00329267823 -0.0226404096 0.000501002205
v -0.00445233163 -0.0220590649 -0.000305438471
f 472 474 473
v -0.00317576269 -0.0212700746 0.000764981178
v -0.00301411819 -0.0202854397 0.00314212048
v -0.00294051279 -0.021873966 0.00318195816
f 475 477 476
v -0.00250569301 -0.0342480722 0.00384404375
v -0.00130101753 -0.0322633219 0.00392009788
v -0.00207673274 -0.0352340983 0.00337956262
f 478 480 479
v 0.00195318607 -0.0213504522 -0.000236442088
v 0.00193402939 -0.0203404066 -0.000944350268
v 0.00158174698 -0.0192313542 -0.00157580707
f 481 483 482
v -0.000713724648 -0.0218750502 -0.00267557189
v -0.000114426007 -0.0204121898 -0.00251127021
v -0.00248281431 -0.0196199384 -0.00249333279
f 484 486 485
v 0.00158174698 -0.0192313542 -0.00157580707
v -5.00227145e-05 -0.0180163508 -0.00251648016
v -0.000114426007 -0.0204121898 -0.00251127021
f 487 489 488
v -0.001775091 -0.0163080069 -0.00282056426
v -0.00205141896 -0.0176346817 -0.00255005143
v -5.00227145e-05 -0.0180163508 -0.00251648016
f 490 492 491
v -0.001775091 -0.0163080069 -0.00282056426
v -5.00227145e-05 -0.0180163508 -0.00251648016
v -0.000548917251 -0.015077398 -0.00264459777
f 493 495 494
v -0.00443279459 -0.0216859116 -0.000716055638
v -0.00483230106 -0.0202696872 -0.000306293396
v -0.00467661084 -0.0206862547 3.97813039e-05
f 496 498 497
v -0.00317576269 -0.0212700746 0.000764981178
v -0.00445233163 -0.0220590649 -0.000305438471
v -0.00467661084 -0.0206862547 3.97813039e-05
f 499 501 500
v -0.00409427485 -0.0191100262 -2.69168169e-05
v -0.00317576269 -0.0212700746 0.000764981178
v -0.00467661084 -0.0206862547 3.97813039e-05
f 502 504 503
v -0.00409427485 -0.0191100262 -2.69168169e-05
v -0.00483230106 -0.0202696872 -0.000306293396
v -0.00445986334 -0.0190714651 -0.00088184579
f 505 507 506
v -0.00337708516 -0.0213332576 -0.00195718076
v -0.00483230106 -0.0202696872 -0.000306293396
v -0.00443279459 -0.0216859116 -0.000716055638
f 508 510 509
v -0.00301411819 -0.0202854397 0.00314212048
v -0.00255299838 -0.0206236335 0.00360754493
v -0.00294051279 -0.021873966 0.00318195816
f 511 513 512
v -0.00337708516 -0.0213332576 -0.00195718076
v -0.00433700261 -0.0176284797 -0.00135041882
v -0.00445986334 -0.0190714651 -0.00088184579
f 514 516 515
v -0.00433700261 -0.0176284797 -0.00135041882
v -0.00485404707 -0.0184246484 -0.000804025876
v -0.00445986334 -0.0190714651 -0.00088184579
f 517 519 518
v -0.00445986334 -0.0190714651 -0.00088184579
v -0.00464821751 -0.0183498807 -0.000258322802
v -0.00409427485 -0.0191100262 -2.69168169e-05
f 520 522 521
v -0.00445986334 -0.0190714651 -0.00088184579
v -0.00471383646 -0.0186058576 -0.000524347661
v -0.00471645581 -0.0186132704 -0.000513806162
f 523 525 524
v -0.00473972432 -0.0185977493 -0.000521683478
v -0.00464821751 -0.0183498807 -0.000258322802
v -0.00471383646 -0.0186058576 -0.000524347661
f 526 528 527
v -0.00473972432 -0.0185977493 -0.000521683478
v -0.00471383646 -0.0186058576 -0.000524347661
v -0.00471645581 -0.0186132704 -0.000513806162
f 529 531 530
v -0.00485404707 -0.0184246484 -0.000804025876
v -0.00473972432 -0.0185977493 -0.000521683478
v -0.00471645581 -0.0186132704 -0.000513806162
f 532 534 533
v -0.00469590341 -0.0174669854 -0.000517768922
v -0.00464821751 -0.0183498807 -0.000258322802
v -0.00485404707 -0.0184246484 -0.000804025876
f 535 537 536
v -0.00205141896 -0.0176346817 -0.00255005143
v -0.00440545591 -0.0154343375 -0.00186106263
v -0.00433700261 -0.0176284797 -0.00135041882
f 538 540 539
v -0.00464821751 -0.0183498807 -0.000258322802
v -0.00469590341 -0.0174669854 -0.000517768922
v -0.00409427485 -0.0191100262 -2.69168169e-05
f 541 543 542
v -0.00469590341 -0.0174669854 -0.000517768922
v -0.00388508597 -0.0158913695 0.000210057101
v -0.00346909073 -0.0178268107 0.000660936166
f 544 546 545
v -0.00528973396 -0.0165005884 -0.000599213399
v -0.00388508597 -0.0158913695 0.000210057101
v -0.00469590341 -0.0174669854 -0.000517768922
f 547 549 548
v -0.00388508597 -0.0158913695 0.000210057101
v -0.00528973396 -0.0165005884 -0.000599213399
v -0.00483257099 -0.0143365178 -0.000565415803
f 550 552 551
v -0.000605475179 -0.022050718 0.00385381718
v 0.0014237763 -0.0222745715 0.00285387578
v 0.00102085423 -0.0242851034 0.00276016308
f 553 555 554
v 0.00233838473 -0.0222805465 0.00148401577
v 0.00213381445 -0.0238909706 0.00136334365
v 0.0014237763 -0.0222745715 0.00285387578
f 556 558 557
v 0.00233838473 -0.0222805465 0.00148401577
v 0.00240645404 -0.0204203912 0.00138130154
v 0.00236501528 -0.0226439748 -2.66606577e-05
f 559 561 560
v -0.000605475179 -0.022050718 0.00385381718
v 0.00152241555 -0.0207301215 0.00260367487
v 0.0014237763 -0.0222745715 0.00285387578
f 562 564 563
v -0.000605475179 -0.022050718 0.00385381718
v -0.00255299838 -0.0206236335 0.00360754493
v -0.000554065991 -0.0205624296 0.00401967809
f 565 567 566
v 0.00152241555 -0.0207301215 0.00260367487
v 0.00168878723 -0.018857696 0.00234182589
v 0.00240645404 -0.0204203912 0.00138130154
f 568 570 569
v 0.00168878723 -0.018857696 0.00234182589
v 0.00206385903 -0.0179902258 0.00115427974
v 0.00240645404 -0.0204203912 0.00138130154
f 571 573 572
v 0.00240645404 -0.0204203912 0.00138130154
v 0.00193402939 -0.0203404066 -0.000944350268
v 0.00195318607 -0.0213504522 -0.000236442088
f 574 576 575
v 0.00240645404 -0.0204203912 0.00138130154
v 0.00205729139 -0.0177874681 -0.000693290804
v 0.00193402939 -0.0203404066 -0.000944350268
f 577 579 578
v 0.00205729139 -0.0177874681 -0.000693290804
v 0.000574727756 -0.0161276243 -0.00220926522
v 0.00158174698 -0.0192313542 -0.00157580707
f 580 582 581
v 0.00153703641 -0.0175197885 0.00272107791
v 0.0015894404 -0.0159042451 0.00252168502
v 0.00206385903 -0.0179902258 0.00115427974
f 583 585 584
v 0.0015894404 -0.0159042451 0.00252168502
v 0.00229649049 -0.0158253781 0.000991674005
v 0.00206385903 -0.0179902258 0.00115427974
f 586 588 587
v 0.00229649049 -0.0158253781 0.000991674005
v 0.00194137228 -0.015775967 -0.000674606963
v 0.00205729139 -0.0177874681 -0.000693290804
f 589 591 590
v 0.00205729139 -0.0177874681 -0.000693290804
v 0.00206385903 -0.0179902258 0.00115427974
v 0.00229649049 -0.0158253781 0.000991674005
f 592 594 593
v 0.00229649049 -0.0158253781 0.000991674005
v 0.00203891013 -0.0134458649 -0.000796329005
v 0.00194137228 -0.015775967 -0.000674606963
f 595 597 596
v 0.00205729139 -0.0177874681 -0.000693290804
v 0.00158174698 -0.0192313542 -0.00157580707
v 0.00193402939 -0.0203404066 -0.000944350268
f 598 600 599
v -0.0030612835 -0.0194135675 0.00327207053
v -0.000695091057 -0.0192658976 0.00383575098
v -0.00255299838 -0.0206236335 0.00360754493
f 601 603 602
v -0.00301411819 -0.0202854397 0.00314212048
v -0.0030612835 -0.0194135675 0.00327207053
v -0.00255299838 -0.0206236335 0.00360754493
f 604 606 605
v -0.00328035712 -0.0169439139 0.0015448777
v -0.00293073535 -0.0154425637 0.0032544147
v -0.00299518488 -0.0168057624 0.00314257268
f 607 609 608
v -0.00293073535 -0.0154425637 0.0032544147
v -0.00200293907 -0.01645312 0.00361580642
v -0.00299518488 -0.0168057624 0.00314257268
f 610 612 611
v -0.00258709169 -0.0138842253 -0.00258940454
v -0.001775091 -0.0163080069 -0.00282056426
v -0.000548917251 -0.015077398 -0.00264459777
f 613 615 614
v -0.0025247542 -0.0126255327 -0.00292710611
v -0.00258709169 -0.0138842253 -0.00258940454
v -0.00146399088 -0.0124298618 -0.00271689751
f 616 618 617
v -0.00115874209 -0.0109904533 -0.00295814098
v -0.00146399088 -0.0124298618 -0.00271689751
v 0.000217326374 -0.0113789851 -0.00233566043
f 619 621 620
v 0.000102899162 -0.0133569338 -0.0025471305
v -0.00258709169 -0.0138842253 -0.00258940454
v -0.000548917251 -0.015077398 -0.00264459777
f 622 624 623
v -0.00483257099 -0.0143365178 -0.000565415803
v -0.00435741167 -0.0129987675 2.49246597e-05
v -0.00359264013 -0.0142876277 0.000389244406
f 625 627 626
v -0.00435741167 -0.0129987675 2.49246597e-05
v -0.00392200418 -0.0119295648 0.000386873035
v -0.00359264013 -0.0142876277 0.000389244406
f 628 630 629
v -0.00329935901 -0.0112645699 0.00295609789
v -0.00285196274 -0.0126174185 0.00336599805
v -0.00392200418 -0.0119295648 0.000386873035
f 631 633 632
v -0.00344033579 -0.00997647658 -0.00271153658
v -0.00399281816 -0.0125423816 -0.00250054909
v -0.0025247542 -0.0126255327 -0.00292710611
f 634 636 635
v -0.00494514388 -0.0113344606 -0.00149183506
v -0.00510905957 -0.0142834891 -0.00133902377
v -0.00399281816 -0.0125423816 -0.00250054909
f 637 639 638
v -0.00494514388 -0.0113344606 -0.00149183506
v -0.00553433092 -0.0106055959 -0.00113933374
v -0.00531838159 -0.0116976364 -0.000418031368
f 640 642 641
v -0.00604762572 -0.0113911687 -0.00024040603
v -0.00518237175 -0.0106567939 2.82316734e-05
v -0.00531838159 -0.0116976364 -0.000418031368
f 643 645 644
v -0.00344033579 -0.00997647658 -0.00271153658
v -0.0025247542 -0.0126255327 -0.00292710611
v -0.00146399088 -0.0124298618 -0.00271689751
f 646 648 647
v -0.00115874209 -0.0109904533 -0.00295814098
v -0.00344033579 -0.00997647658 -0.00271153658
v -0.00146399088 -0.0124298618 -0.00271689751
f 649 651 650
v -0.00518237175 -0.0106567939 2.82316734e-05
v -0.00422865633 -0.00985026345 0.000394570316
v -0.00392200418 -0.0119295648 0.000386873035
f 652 654 653
v -0.00376013268 -0.0372174836 -0.000885966347
v -0.00355803313 -0.0371536356 -0.00106024445
v -0.00376124408 -0.0372325681 -0.000928025747
f 655 657 656
v -0.00376013268 -0.0372174836 -0.000885966347
v -0.00376124408 -0.0372325681 -0.000928025747
v -0.0037602982 -0.0372452283 -0.000909490427
f 658 660 659
v -0.0053062191 -0.00909029695 -0.00119806336
v -0.00553433092 -0.0106055959 -0.00113933374
v -0.00494514388 -0.0113344606 -0.00149183506
f 661 663 662
v -0.0025247542 -0.0126255327 -0.00292710611
v -0.00399281816 -0.0125423816 -0.00250054909
v -0.00258709169 -0.0138842253 -0.00258940454
f 664 666 665
v 0.00161188891 -0.0136570452 0.00261947935
v 0.0015894404 -0.0159042451 0.00252168502
v -0.000153069595 -0.0156890834 0.00363764811
f 667 669 668
v 0.00161188891 -0.0136570452 0.00261947935
v 0.00222315266 -0.0113772418 0.0008935398
v 0.00229649049 -0.0158253781 0.000991674005
f 670 672 671
v -0.000835390165 -0.0122512341 0.00375233431
v 0.00161188891 -0.0136570452 0.00261947935
v -0.000153069595 -0.0156890834 0.00363764811
f 673 675 674
v 0.00222315266 -0.0113772418 0.0008935398
v 0.00178897008 -0.0107158674 -0.000865498168
v 0.00203891013 -0.0134458649 -0.000796329005
f 676 678 677
v 0.0020852638 -0.00893039105 -0.00072732355
v 0.000711725079 -0.0093537099 -0.00212956893
v 0.00178897008 -0.0107158674 -0.000865498168
f 679 681 680
v -0.00322756423 -0.014314377 0.00319639912
v -0.00285196274 -0.0126174185 0.00336599805
v -0.00164930188 -0.0139604832 0.00400269419
f 682 684 683
v -0.00356288037 -0.00935134158 0.00193755423
v -0.00329935901 -0.0112645699 0.00295609789
v -0.00392200418 -0.0119295648 0.000386873035
f 685 687 686
v -0.00356288037 -0.00935134158 0.00193755423
v -0.00326170484 -0.00948638917 0.00330529037
v -0.00329935901 -0.0112645699 0.00295609789
f 688 690 689
v -0.00285196274 -0.0126174185 0.00336599805
v -0.00326170484 -0.00948638917 0.00330529037
v -0.00088873694 -0.010955058 0.00394391427
f 691 693 692
v -0.000582963639 -0.0094001487 0.00375729142
v -0.00088873694 -0.010955058 0.00394391427
v -0.00148714571 -0.00854887767 0.00419120624
f 694 696 695
v -0.00344033579 -0.00997647658 -0.00271153658
v -0.00115874209 -0.0109904533 -0.00295814098
v -0.00144266205 -0.0081334445 -0.00287140683
f 697 699 698
v -0.00401784528 -0.0082915969 -0.00279914821
v -0.00344033579 -0.00997647658 -0.00271153658
v -0.00144266205 -0.0081334445 -0.00287140683
f 700 702 701
v -0.00395946372 -0.00747874437 -0.00245954361
v -0.00401784528 -0.0082915969 -0.00279914821
v -0.00144266205 -0.0081334445 -0.00287140683
f 703 705 704
v -0.00144266205 -0.0081334445 -0.00287140683
v -0.00115874209 -0.0109904533 -0.00295814098
v 0.000711725079 -0.0093537099 -0.00212956893
f 706 708 707
v -0.00144266205 -0.0081334445 -0.00287140683
v 0.000711725079 -0.0093537099 -0.00212956893
v 0.000403132435 -0.00755679212 -0.00250013254
f 709 711 710
v -0.00178010378 -0.00630223149 -0.00287012117
v -0.00144266205 -0.0081334445 -0.00287140683
v 0.000869678388 -0.00649267895 -0.00214101165
f 712 714 713
v -0.000724051188 -0.00482655487 -0.00279099258
v -0.00325853871 -0.00540021683 -0.00280739332
v -0.00178010378 -0.00630223149 -0.00287012117
f 715 717 716
v 0.000869678388 -0.00649267895 -0.00214101165
v 0.000403132435 -0.00755679212 -0.00250013254
v 0.0020852638 -0.00893039105 -0.00072732355
f 718 720 719
v -0.00771471896 -0.0106619671 0.000761469619
v -0.00591814023 -0.0110619287 0.000478516813
v -0.00604762572 -0.0113911687 -0.00024040603
f 721 723 722
v -0.00771471896 -0.0106619671 0.000761469619
v -0.00718986485 -0.00979470788 0.00162113811
v -0.00591814023 -0.0110619287 0.000478516813
f 724 726 725
v -0.00422865633 -0.00985026345 0.000394570316
v -0.00518237175 -0.0106567939 2.82316734e-05
v -0.00505088537 -0.00944255225 0.000442305145
f 727 729 728
v -0.00698748991 -0.00907892609 0.000611227324
v -0.00631266812 -0.00961632395 -0.000290593516
v -0.00574252263 -0.00918342557 0.000426990027
f 730 732 731
v -0.00644950997 -0.00981659687 0.00133695012
v -0.00505088537 -0.00944255225 0.000442305145
v -0.00518237175 -0.0106567939 2.82316734e-05
f 733 735 734
v -0.00644950997 -0.00981659687 0.00133695012
v -0.00574252263 -0.00918342557 0.000426990027
v -0.00505088537 -0.00944255225 0.000442305145
f 736 738 737
v -0.00592401157 -0.00748211096 -0.000121952337
v -0.00562228961 -0.00810386628 9.75961598e-05
v -0.00551566482 -0.00744948702 -0.00129220134
f 739 741 740
v -0.00551566482 -0.00744948702 -0.00129220134
v -0.00562228961 -0.00810386628 9.75961598e-05
v -0.0053062191 -0.00909029695 -0.00119806336
f 742 744 743
v -0.00698748991 -0.00907892609 0.000611227324
v -0.00718986485 -0.00979470788 0.00162113811
v -0.00778781032 -0.00948991656 0.000768668178
f 745 747 746
v -0.00356288037 -0.00935134158 0.00193755423
v -0.00319772407 -0.00770818879 0.00358915167
v -0.00326170484 -0.00948638917 0.00330529037
f 748 750 749
v -0.00617321493 -0.00801866627 0.000480721701
v -0.00517235239 -0.00802197974 0.000707481104
v -0.00562228961 -0.00810386628 9.75961598e-05
f 751 753 752
v -0.00517235239 -0.00802197974 0.000707481104
v -0.00372876675 -0.0079392732 0.00154686077
v -0.00422865633 -0.00985026345 0.000394570316
f 754 756 755
v -0.00641133302 -0.00760892217 0.000745663419
v -0.00517235239 -0.00802197974 0.000707481104
v -0.00617321493 -0.00801866627 0.000480721701
f 757 759 758
v -0.00641133302 -0.00760892217 0.000745663419
v -0.0055943543 -0.00617056285 0.000922880372
v -0.00517235239 -0.00802197974 0.000707481104
f 760 762 761
v -0.00585593189 -0.00613947559 0.000198987959
v -0.00531392325 -0.00676733835 -0.000182409008
v -0.00551566482 -0.00744948702 -0.00129220134
f 763 765 764
v -0.00585593189 -0.00613947559 0.000198987959
v -0.00617265614 -0.00694856208 0.000238049574
v -0.00531392325 -0.00676733835 -0.000182409008
f 766 768 767
v -0.0055943543 -0.00617056285 0.000922880372
v -0.00444344078 -0.00612177828 0.000855891903
v -0.00517235239 -0.00802197974 0.000707481104
f 769 771 770
v -0.00585593189 -0.00613947559 0.000198987959
v -0.00581920649 -0.00635077377 0.000442016744
v -0.00581619024 -0.00635295801 0.000441209841
f 772 774 773
v -0.00581920649 -0.00635077377 0.000442016744
v -0.00617265614 -0.00694856208 0.000238049574
v -0.00581619024 -0.00635295801 0.000441209841
f 775 777 776
v -0.00581920649 -0.00635077377 0.000442016744
v -0.0055943543 -0.00617056285 0.000922880372
v -0.00581619024 -0.00635295801 0.000441209841
f 778 780 779
v -0.0055943543 -0.00617056285 0.000922880372
v -0.00591551652 -0.00643215099 0.000646688568
v -0.00581619024 -0.00635295801 0.000441209841
f 781 783 782
v -0.0038160415 -0.00520506583 0.00188054746
v -0.00296282942 -0.00610510615 0.00375716991
v -0.00319772407 -0.00770818879 0.00358915167
f 784 786 785
v -0.00531392325 -0.00676733835 -0.000182409008
v -0.00592401157 -0.00748211096 -0.000121952337
v -0.00551566482 -0.00744948702 -0.00129220134
f 787 789 788
v -0.00551566482 -0.00744948702 -0.00129220134
v -0.00325853871 -0.00540021683 -0.00280739332
v -0.00473243599 -0.00488278638 -0.00170714102
f 790 792 791
v -0.00328182578 -0.0038297745 -0.00258249529
v -0.000724051188 -0.00482655487 -0.00279099258
v -0.000835786068 -0.00395500574 -0.00282928304
f 793 795 794
v -0.00328182578 -0.0038297745 -0.00258249529
v -0.004389889 -0.00153595047 -0.00174839442
v -0.00473243599 -0.00488278638 -0.00170714102
f 796 798 797
v -0.00473243599 -0.00488278638 -0.00170714102
v -0.004389889 -0.00153595047 -0.00174839442
v -0.00540116744 -0.00345439112 -0.000529407635
f 799 801 800
v -0.00328182578 -0.0038297745 -0.00258249529
v -0.00374414776 -0.0018150371 -0.00208439578
v -0.004389889 -0.00153595047 -0.00174839442
f 802 804 803
v -0.00255862815 -0.00171547672 -0.00242277129
v -0.00328182578 -0.0038297745 -0.00258249529
v -0.000835786068 -0.00395500574 -0.00282928304
f 805 807 806
v -0.004389889 -0.00153595047 -0.00174839442
v -0.00506469296 -0.00195976081 -0.000262991693
v -0.00540116744 -0.00345439112 -0.000529407635
f 808 810 809
v 0.00130636017 -0.0107752079 0.00279418109
v 0.00213467792 -0.0080168531 0.000696491497
v 0.00222315266 -0.0113772418 0.0008935398
f 811 813 812
v 0.00146357625 -0.009522654 0.00276469673
v 0.00213467792 -0.0080168531 0.000696491497
v 0.00130636017 -0.0107752079 0.00279418109
f 814 816 815
v 0.00213467792 -0.0080168531 0.000696491497
v 0.0020852638 -0.00893039105 -0.00072732355
v 0.00222315266 -0.0113772418 0.0008935398
f 817 819 818
v 0.0021224183 -0.0058115118 -3.50123202e-05
v 0.00213467792 -0.0080168531 0.000696491497
v 0.00227054825 -0.00656954289 0.00140957582
f 820 822 821
v -0.00148714571 -0.00854887767 0.00419120624
v 4.35602459e-05 -0.00778277608 0.00382990002
v -0.000582963639 -0.0094001487 0.00375729142
f 823 825 824
v -0.00127410221 -0.0063127758 0.00409898312
v 4.35602459e-05 -0.00778277608 0.00382990002
v -0.00148714571 -0.00854887767 0.00419120624
f 826 828 827
v 0.00227054825 -0.00656954289 0.00140957582
v 0.00213467792 -0.0080168531 0.000696491497
v 0.00146357625 -0.009522654 0.00276469673
f 829 831 830
v 0.00116349202 -0.00635669203 0.00302746594
v 0.00227054825 -0.00656954289 0.00140957582
v 0.00146357625 -0.009522654 0.00276469673
f 832 834 833
v -0.00127410221 -0.0063127758 0.00409898312
v 0.00116349202 -0.00635669203 0.00302746594
v 4.35602459e-05 -0.00778277608 0.00382990002
f 835 837 836
v 0.00145566682 -0.00451270826 0.00312286975
v 0.00187590449 -0.00385005333 0.00240623758
v 0.00227054825 -0.00656954289 0.00140957582
f 838 840 839
v 0.00141511664 -0.00356582823 0.0032457061
v 0.00145566682 -0.00451270826 0.00312286975
v 0.00116349202 -0.00635669203 0.00302746594
f 841 843 842
v 0.0020852638 -0.00893039105 -0.00072732355
v 0.00121945832 -0.00451985943 -0.0013808989
v 0.000869678388 -0.00649267895 -0.00214101165
f 844 846 845
v 0.00121945832 -0.00451985943 -0.0013808989
v 0.0020852638 -0.00893039105 -0.00072732355
v 0.0021224183 -0.0058115118 -3.50123202e-05
f 847 849 848
v 0.00121945832 -0.00451985943 -0.0013808989
v 0.000644899001 -0.00259162753 -0.000920786897
v -0.000835786068 -0.00395500574 -0.00282928304
f 850 852 851
v 0.00187590449 -0.00385005333 0.00240623758
v 0.0021224183 -0.0058115118 -3.50123202e-05
v 0.00227054825 -0.00656954289 0.00140957582
f 853 855 854
v 0.00187590449 -0.00385005333 0.00240623758
v 0.000644899001 -0.00259162753 -0.000920786897
v 0.0021224183 -0.0058115118 -3.50123202e-05
f 856 858 857
v 0.00141511664 -0.00356582823 0.0032457061
v 0.00113077695 -0.00166272039 0.00349941583
v 0.00187590449 -0.00385005333 0.00240623758
f 859 861 860
v 0.00113077695 -0.00166272039 0.00349941583
v 0.00149143807 -0.00281342454 0.00108560207
v 0.00187590449 -0.00385005333 0.00240623758
f 862 864 863
v -0.00296282942 -0.00610510615 0.00375716991
v -0.00127410221 -0.0063127758 0.00409898312
v -0.00319772407 -0.00770818879 0.00358915167
f 865 867 866
v -0.00159643932 -0.00372421127 0.00421086806
v 0.00141511664 -0.00356582823 0.0032457061
v -0.00127410221 -0.0063127758 0.00409898312
f 868 870 869
v -0.00307384689 -0.00499875277 0.00374679621
v -0.00296282942 -0.00610510615 0.00375716991
v -0.0038160415 -0.00520506583 0.00188054746
f 871 873 872
v -0.00526753756 -0.00450025473 0.00153021701
v -0.00481195457 -0.00244029834 0.00198648322
v -0.00441701704 -0.00362340252 0.00211116821
f 874 876 875
v -0.00371848982 -0.00315397047 0.00344347027
v -0.0038160415 -0.00520506583 0.00188054746
v -0.00441701704 -0.00362340252 0.00211116821
f 877 879 878
v -0.00371848982 -0.00315397047 0.00344347027
v -0.00393264272 -0.00145768727 0.00326012123
v -0.00288659485 -0.00121039302 0.00377557553
f 880 882 881
v -0.00159643932 -0.00372421127 0.00421086806
v 0.00093022536 -0.00280114291 0.00377955403
v 0.00141511664 -0.00356582823 0.0032457061
f 883 885 884
v -0.00159643932 -0.00372421127 0.00421086806
v -0.000396590076 -0.000822893526 0.004060422
v 0.00093022536 -0.00280114291 0.00377955403
f 886 888 887
v -0.000396590076 -0.000822893526 0.004060422
v -0.000707100526 -0.000885951431 0.00413816815
v -0.000412059399 -0.000759774593 0.00411610235
f 889 891 890
v -0.00374414776 -0.0018150371 -0.00208439578
v -0.00024481028 -0.000505520529 -0.000181683231
v -0.00341002124 -0.00153193523 -0.000494467758
f 892 894 893
v -0.00288659485 -0.00121039302 0.00377557553
v -0.00341002124 -0.00153193523 -0.000494467758
v -0.00024481028 -0.000505520529 -0.000181683231
f 895 897 896
v -0.00171735155 -0.0020476662 -0.00233292139
v -0.00255862815 -0.00171547672 -0.00242277129
v -0.000835786068 -0.00395500574 -0.00282928304
f 898 900 899
v -0.00232609273 -0.00170041694 -0.00186256366
v -0.00171735155 -0.0020476662 -0.00233292139
v -0.000570432212 -0.00169409923 -0.00175380865
f 901 903 902
v -0.00374414776 -0.0018150371 -0.00208439578
v -0.00232609273 -0.00170041694 -0.00186256366
v -0.000570432212 -0.00169409923 -0.00175380865
f 904 906 905
v -0.000570432212 -0.00169409923 -0.00175380865
v 0.000644899001 -0.00259162753 -0.000920786897
v 0.00110289429 -0.00107661281 -0.000683042435
f 907 909 908
v 0.000422465519 -0.000554999679 -0.00103241464
v -0.00024481028 -0.000505520529 -0.000181683231
v -0.000570432212 -0.00169409923 -0.00175380865
f 910 912 911
v -0.00443445024 -0.0015939675 0.00145557924
v -0.00466458514 -0.00131254965 0.000416239482
v -0.00341002124 -0.00153193523 -0.000494467758
f 913 915 914
v -0.00466458514 -0.00131254965 0.000416239482
v -0.00467483915 -0.00180385723 0.00125659481
v -0.00467580758 -0.00180318348 0.00125683709
f 916 918 917
v -0.00443445024 -0.0015939675 0.00145557924
v -0.00481195457 -0.00244029834 0.00198648322
v -0.00467580758 -0.00180318348 0.00125683709
f 919 921 920
v -0.00443445024 -0.0015939675 0.00145557924
v -0.00467580758 -0.00180318348 0.00125683709
v -0.00467483915 -0.00180385723 0.00125659481
f 922 924 923
v -0.00341002124 -0.00153193523 -0.000494467758
v -0.00288659485 -0.00121039302 0.00377557553
v -0.00422135272 -0.00156808255 0.00227825822
f 925 927 926
v 0.00093022536 -0.00280114291 0.00377955403
v 0.00113077695 -0.00166272039 0.00349941583
v 0.00141511664 -0.00356582823 0.0032457061
f 928 930 929
v 0.00133290996 -0.00112185462 0.00253486087
v 0.00167787803 -0.000632766114 0.00147393484
v 0.00149143807 -0.00281342454 0.00108560207
f 931 933 932
v 0.00142512599 -0.000232296043 0.000970414112
v 0.00119429806 -2.26612343e-05 0.000551721814
v 0.00110289429 -0.00107661281 -0.000683042435
f 934 936 935
v 0.00143267916 -0.000256447856 0.00105586832
v 0.00142512599 -0.000232296043 0.000970414112
v 0.00167787803 -0.000632766114 0.00147393484
f 937 939 938
v 0.000800172074 -0.000239156043 0.000630828299
v 0.00119429806 -2.26612343e-05 0.000551721814
v 0.00139035528 -0.000179005485 0.000959440513
f 940 942 941
v 0.00137650622 -0.000189878676 0.000943464602
v 0.000800172074 -0.000239156043 0.000630828299
v 0.00139035528 -0.000179005485 0.000959440513
f 943 945 944
v 0.00142503213 -0.000219641697 0.00105843219
v 0.0014184041 -0.000206803998 0.00101796368
v 0.00144716378 -0.000244609851 0.00107249771
f 946 948 947
v 0.00137650622 -0.000189878676 0.000943464602
v 0.00119429806 -2.26612343e-05 0.000551721814
v 0.00142512599 -0.000232296043 0.000970414112
f 949 951 950
v 0.00139035528 -0.000179005485 0.000959440513
v 0.0014184041 -0.000206803998 0.00101796368
v 0.00137650622 -0.000189878676 0.000943464602
f 952 954 953
v -0.00182601434 -0.00104053543 0.00413918824
v -0.000420660399 -0.000888678369 0.0038666818
v -0.000707100526 -0.000885951431 0.00413816815
f 955 957 956
v 0.00167787803 -0.000632766114 0.00147393484
v 0.00133290996 -0.00112185462 0.00253486087
v -0.000420660399 -0.000888678369 0.0038666818
f 958 960 959
v -0.000579258494 -0.000818987883 0.0041300973
v -0.000396590076 -0.000822893526 0.004060422
v -0.000609202152 -0.000796685617 0.00414108654
f 961 963 962
v -0.000396590076 -0.000822893526 0.004060422
v -0.000412059399 -0.000759774593 0.00411610235
v -0.000609202152 -0.000796685617 0.00414108654
f 964 966 965
v 0.00103102639 3.768113e-05 -2.9741571e-05
v 0.000800172074 -0.000239156043 0.000630828299
v 0.000814951909 -0.0001067016 -0.000579547122
f 967 969 968
v 0.00104079036 6.47455138e-06 -3.42311068e-06
v 0.000800172074 -0.000239156043 0.000630828299
v 0.00102565073 -1.67488565e-05 -3.14347773e-05
f 970 972 971
v -0.00148714571 -0.00854887767 0.00419120624
v -0.00326170484 -0.00948638917 0.00330529037
v -0.00319772407 -0.00770818879 0.00358915167
f 973 975 974
v 0.000711725079 -0.0093537099 -0.00212956893
v -0.00115874209 -0.0109904533 -0.00295814098
v 0.000217326374 -0.0113789851 -0.00233566043
f 976 978 977
v -0.00469590341 -0.0174669854 -0.000517768922
v -0.00346909073 -0.0178268107 0.000660936166
v -0.00409427485 -0.0191100262 -2.69168169e-05
f 979 981 980
v -0.000242057718 -0.0362130522 -0.00207897319
v -0.000684474799 -0.035823416 -0.00235105399
v -0.00125025645 -0.0372795505 -0.00241533926
f 982 984 983
v -0.00355803313 -0.0371536356 -0.00106024445
v -0.0037602982 -0.0372452283 -0.000909490427
v -0.00376124408 -0.0372325681 -0.000928025747
f 985 987 986
v -0.00376124408 -0.0372325681 -0.000928025747
v -0.0037602982 -0.0372452283 -0.000909490427
v -0.00359412115 -0.0373792631 -0.00134455804
f 988 990 989
v -0.00355803313 -0.0371536356 -0.00106024445
v -0.00331957308 -0.0368793844 -0.000265720996
v -0.00209107202 -0.0372001727 -0.00126635623
f 991 993 992
v -0.00155638954 -0.037056423 -0.00102247513
v -0.00331957308 -0.0368793844 -0.000265720996
v -0.00363049112 -0.036552985 0.00127181847
f 994 996 995
v -0.00209107202 -0.0372001727 -0.00126635623
v -0.00331957308 -0.0368793844 -0.000265720996
v -0.00155638954 -0.037056423 -0.00102247513
f 997 999 998
v -0.00114227623 -0.0370608643 -0.00141526962
v -0.00170251442 -0.0367509056 -0.00182994718
v -0.00209107202 -0.0372001727 -0.00126635623
f 1000 1002 1001
v -0.00209107202 -0.0372001727 -0.00126635623
v -0.00359412115 -0.0373792631 -0.00134455804
v -0.00355803313 -0.0371536356 -0.00106024445
f 1003 1005 1004
v -0.00177806414 -0.0372192648 -0.00125810493
v -0.0016563039 -0.0370767142 -0.00132571804
v -0.00209107202 -0.0372001727 -0.00126635623
f 1006 1008 1007
v -0.00166526697 -0.0370700844 -0.00132328823
v -0.0016563039 -0.0370767142 -0.00132571804
v -0.00177806414 -0.0372192648 -0.00125810493
f 1009 1011 1010
v -0.0016563039 -0.0370767142 -0.00132571804
v -0.00166526697 -0.0370700844 -0.00132328823
v -0.00155638954 -0.037056423 -0.00102247513
f 1012 1014 1013
v -0.00170251442 -0.0367509056 -0.00182994718
v -0.00125025645 -0.0372795505 -0.00241533926
v -0.00236297037 -0.0362911262 -0.00202141673
f 1015 1017 1016
v -0.00209107202 -0.0372001727 -0.00126635623
v -0.00170251442 -0.0367509056 -0.00182994718
v -0.00359412115 -0.0373792631 -0.00134455804
f 1018 1020 1019
v -0.00373951225 -0.0370336988 -0.000334017795
v -0.0037376507 -0.037028431 -0.000341519308
v -0.00374423907 -0.0367423694 4.56490909e-05
f 1021 1023 1022
v -0.00396221985 -0.0370502356 -0.00072598632
v -0.00372880058 -0.037052168 -0.000351997505
v -0.00331957308 -0.0368793844 -0.000265720996
f 1024 1026 1025
v -0.0037376507 -0.037028431 -0.000341519308
v -0.00373951225 -0.0370336988 -0.000334017795
v -0.00396221985 -0.0370502356 -0.00072598632
f 1027 1029 1028
v -0.00396221985 -0.0370502356 -0.00072598632
v -0.00373951225 -0.0370336988 -0.000334017795
v -0.00372880058 -0.037052168 -0.000351997505
f 1030 1032 1031
v -0.00399143137 -0.0370558788 -0.00120449731
v -0.00374423907 -0.0367423694 4.56490909e-05
v -0.00396221985 -0.0370502356 -0.00072598632
f 1033 1035 1034
v -0.00366605709 -0.0368362176 0.000722742016
v -0.00353673058 -0.0367605127 0.00104615974
v -0.00331957308 -0.0368793844 -0.000265720996
f 1036 1038 1037
v -0.00374423907 -0.0367423694 4.56490909e-05
v -0.00363049112 -0.036552985 0.00127181847
v -0.00366605709 -0.0368362176 0.000722742016
f 1039 1041 1040
v -0.00374423907 -0.0367423694 4.56490909e-05
v -0.00404686361 -0.0361852377 0.00096838121
v -0.00363049112 -0.036552985 0.00127181847
f 1042 1044 1043
v -0.0036444264 -0.0366388034 0.00128655629
v -0.00364003317 -0.0366535474 0.00122358479
v -0.00363049112 -0.036552985 0.00127181847
f 1045 1047 1046
v -0.00353673058 -0.0367605127 0.00104615974
v -0.00363049112 -0.036552985 0.00127181847
v -0.00331957308 -0.0368793844 -0.000265720996
f 1048 1050 1049
v -0.00364003317 -0.0366535474 0.00122358479
v -0.0036444264 -0.0366388034 0.00128655629
v -0.00353673058 -0.0367605127 0.00104615974
f 1051 1053 1052
v -0.00364003317 -0.0366535474 0.00122358479
v -0.00364254302 -0.0366737251 0.00125433371
v -0.00366605709 -0.0368362176 0.000722742016
f 1054 1056 1055
v -0.00363049112 -0.036552985 0.00127181847
v -0.00364003317 -0.0366535474 0.00122358479
v -0.00366605709 -0.0368362176 0.000722742016
f 1057 1059 1058
v -0.00366605709 -0.0368362176 0.000722742016
v -0.00364254302 -0.0366737251 0.00125433371
v -0.00353673058 -0.0367605127 0.00104615974
f 1060 1062 1061
v -0.0036444264 -0.0366388034 0.00128655629
v -0.00363049112 -0.036552985 0.00127181847
v -0.00353673058 -0.0367605127 0.00104615974
f 1063 1065 1064
v -0.00476289752 -0.035944616 0.000783745782
v -0.0043974811 -0.0359663914 0.00131606466
v -0.00424473183 -0.0354196382 0.000573605712
f 1066 1068 1067
v -0.00461676173 -0.0364937849 0.0012553679
v -0.00404686361 -0.0361852377 0.00096838121
v -0.00476289752 -0.035944616 0.000783745782
f 1069 1071 1070
v -0.00461676173 -0.0364937849 0.0012553679
v -0.00476289752 -0.035944616 0.000783745782
v -0.0048798167 -0.0360175269 0.00132723053
f 1072 1074 1073
v -0.00461676173 -0.0364937849 0.0012553679
v -0.0048798167 -0.0360175269 0.00132723053
v -0.0043974811 -0.0359663914 0.00131606466
f 1075 1077 1076
v -0.00380553829 -0.036103421 0.00158789062
v -0.00461676173 -0.0364937849 0.0012553679
v -0.0043974811 -0.0359663914 0.00131606466
f 1078 1080 1079
v -0.00399143137 -0.0370558788 -0.00120449731
v -0.00236297037 -0.0362911262 -0.00202141673
v -0.00375790296 -0.0350612303 -0.00068098725
f 1081 1083 1082
v -0.00355803313 -0.0371536356 -0.00106024445
v -0.00396221985 -0.0370502356 -0.00072598632
v -0.00331957308 -0.0368793844 -0.000265720996
f 1084 1086 1085
v 0.000219739536 -0.0362066319 0.00262058766
v 0.000304009131 -0.0361570215 0.00279794749
v 0.00101344367 -0.0364317326 0.00208538258
f 1087 1089 1088
v 0.000307184359 -0.0361480517 0.00278519783
v 0.000304009131 -0.0361570215 0.00279794749
v 0.000219739536 -0.0362066319 0.00262058766
f 1090 1092 1091
v 0.00043394607 -0.0368095702 -0.000481823145
v 0.000801242004 -0.0365000917 0.000369666759
v 0.000813101087 -0.036496314 0.000313207215
f 1093 1095 1094
v 0.000801242004 -0.0365000917 0.000369666759
v 0.00043394607 -0.0368095702 -0.000481823145
v 0.000219739536 -0.0362066319 0.00262058766
f 1096 1098 1097
v 0.00043394607 -0.0368095702 -0.000481823145
v 0.000567212328 -0.0369243324 -0.000309074267
v 0.000543375018 -0.0368754787 -0.000390029936
f 1099 1101 1100
v 0.00043394607 -0.0368095702 -0.000481823145
v 0.000552939628 -0.0369009678 -0.000305991534
v 0.000567212328 -0.0369243324 -0.000309074267
f 1102 1104 1103
v 0.000572698264 -0.036922915 -0.000276106152
v 0.000567212328 -0.0369243324 -0.000309074267
v 0.000552939628 -0.0369009678 -0.000305991534
f 1105 1107 1106
v 0.000470142459 -0.0367446861 -0.00057784182
v 1.17640496e-05 -0.0370798982 -0.00100896405
v 0.00043394607 -0.0368095702 -0.000481823145
f 1108 1110 1109
v 0.000567716006 -0.0368585606 -0.000252327322
v 0.00043394607 -0.0368095702 -0.000481823145
v 0.000813101087 -0.036496314 0.000313207215
f 1111 1113 1112
v 1.17640496e-05 -0.0370798982 -0.00100896405
v 0.000476213336 -0.0367491739 -0.000579449807
v 0.00047817839 -0.0367133471 -0.000630574505
f 1114 1116 1115
v 0.000813101087 -0.036496314 0.000313207215
v 0.000921072751 -0.0357070123 0.000300463512
v 0.000543375018 -0.0368754787 -0.000390029936
f 1117 1119 1118
v 0.00047817839 -0.0367133471 -0.000630574505
v 0.000543375018 -0.0368754787 -0.000390029936
v 0.000921072751 -0.0357070123 0.000300463512
f 1120 1122 1121
v 0.000801242004 -0.0365000917 0.000369666759
v 0.000847497267 -0.0365078158 0.000411835435
v 0.000813101087 -0.036496314 0.000313207215
f 1123 1125 1124
v 0.000848135005 -0.0365203072 0.000465757012
v 0.000847497267 -0.0365078158 0.000411835435
v 0.000838789038 -0.0364945037 0.000413558018
f 1126 1128 1127
v 0.000842371537 -0.0365363929 0.000604581101
v 0.00087104554 -0.0365100976 0.000492429399
v 0.000865471793 -0.0364996085 0.00049369296
f 1129 1131 1130
v 0.0011387322 -0.0365566579 0.00132279165
v 0.00118502867 -0.0365120795 0.00142406207
v 0.00104561232 -0.0364897714 0.000944183739
f 1132 1134 1133
v 0.00104561232 -0.0364897714 0.000944183739
v 0.00122018573 -0.0364586595 0.00153570163
v 0.00111249292 -0.035122555 0.00225096319
f 1135 1137 1136
v 0.00101344367 -0.0364317326 0.00208538258
v 0.000842371537 -0.0365363929 0.000604581101
v 0.000219739536 -0.0362066319 0.00262058766
f 1138 1140 1139
v 0.00111249292 -0.035122555 0.00225096319
v 0.00122018573 -0.0364586595 0.00153570163
v 0.00101344367 -0.0364317326 0.00208538258
f 1141 1143 1142
v 0.000172309979 -0.035327737 0.0029756673
v 0.00111249292 -0.035122555 0.00225096319
v 0.00101344367 -0.0364317326 0.00208538258
f 1144 1146 1145
v 0.00101344367 -0.0364317326 0.00208538258
v 0.00118502867 -0.0365120795 0.00142406207
v 0.00116720876 -0.0365028711 0.0014296088
f 1147 1149 1148
v 0.000921072751 -0.0357070123 0.000300463512
v 0.000287614216 -0.0339231745 -0.00163443347
v 0.00047817839 -0.0367133471 -0.000630574505
f 1150 1152 1151
v -0.00324805369 -0.0362594728 0.00231504364
v -0.00304828609 -0.034921465 0.00279471751
v -0.00228618846 -0.0361967017 0.00304317655
f 1153 1155 1154
v -0.000134080483 -0.0362273655 0.00301832151
v -0.000124555345 -0.0362228719 0.00299868261
v -0.000329673026 -0.0361676182 0.00309660572
f 1156 1158 1157
v -0.000124555345 -0.0362228719 0.00299868261
v -0.000131833121 -0.0362375344 0.00301288928
v -0.000329673026 -0.0361676182 0.00309660572
f 1159 1161 1160
v -0.000329673026 -0.0361676182 0.00309660572
v -0.000131833121 -0.0362375344 0.00301288928
v -2.29886012e-05 -0.0363324652 0.00296640173
f 1162 1164 1163
v -0.000124555345 -0.0362228719 0.00299868261
v -0.000134080483 -0.0362273655 0.00301832151
v 0.000232583761 -0.0361150131 0.00286340237
f 1165 1167 1166
v -2.29886012e-05 -0.0363324652 0.00296640173
v 0.000219739536 -0.0362066319 0.00262058766
v -0.000329673026 -0.0361676182 0.00309660572
f 1168 1170 1169
v 0.000232583761 -0.0361150131 0.00286340237
v 0.000304009131 -0.0361570215 0.00279794749
v 0.000307184359 -0.0361480517 0.00278519783
f 1171 1173 1172
v -0.00110469264 -0.036173439 0.00341312443
v -0.00228618846 -0.0361967017 0.00304317655
v -0.00207673274 -0.0352340983 0.00337956262
f 1174 1176 1175
v -0.00110469264 -0.036173439 0.00341312443
v -0.00207673274 -0.0352340983 0.00337956262
v -0.00043822065 -0.0351012044 0.00365015694
f 1177 1179 1178
v -0.00304828609 -0.034921465 0.00279471751
v -0.00336733174 -0.0340535335 0.00312550146
v -0.00207673274 -0.0352340983 0.00337956262
f 1180 1182 1181
v -0.00207673274 -0.0352340983 0.00337956262
v -0.00336733174 -0.0340535335 0.00312550146
v -0.00250569301 -0.0342480722 0.00384404375
f 1183 1185 1184
v -0.00304828609 -0.034921465 0.00279471751
v -0.00207673274 -0.0352340983 0.00337956262
v -0.00228618846 -0.0361967017 0.00304317655
f 1186 1188 1187
v -0.00375790296 -0.0350612303 -0.00068098725
v -0.0038722661 -0.0347274356 0.00051843158
v -0.00424473183 -0.0354196382 0.000573605712
f 1189 1191 1190
v 0.000250044923 -0.0346677058 -0.00212026625
v -0.000684474799 -0.035823416 -0.00235105399
v -0.000242057718 -0.0362130522 -0.00207897319
f 1192 1194 1193
v -0.000242057718 -0.0362130522 -0.00207897319
v 0.000287614216 -0.0339231745 -0.00163443347
v 0.000250044923 -0.0346677058 -0.00212026625
f 1195 1197 1196
v 0.000250044923 -0.0346677058 -0.00212026625
v -0.000471154044 -0.0324981229 -0.00231157792
v -0.00233491519 -0.0348927249 -0.00251685997
f 1198 1200 1199
v -0.00233491519 -0.0348927249 -0.00251685997
v -0.00289419295 -0.0327238231 -0.00197281115
v -0.00358443722 -0.0341052859 -0.00136736599
f 1201 1203 1202
v -0.000471154044 -0.0324981229 -0.00231157792
v -0.00289419295 -0.0327238231 -0.00197281115
v -0.00233491519 -0.0348927249 -0.00251685997
f 1204 1206 1205
v -0.000471154044 -0.0324981229 -0.00231157792
v -0.00178989176 -0.0308124698 -0.00248459328
v -0.00289419295 -0.0327238231 -0.00197281115
f 1207 1209 1208
v -0.00178989176 -0.0308124698 -0.00248459328
v -0.00320102299 -0.0312630786 -0.00230417099
v -0.00289419295 -0.0327238231 -0.00197281115
f 1210 1212 1211
v 0.000287614216 -0.0339231745 -0.00163443347
v -0.00028546965 -0.0312087534 -0.00226629963
v -0.000471154044 -0.0324981229 -0.00231157792
f 1213 1215 1214
v -0.00028546965 -0.0312087534 -0.00226629963
v -0.00178989176 -0.0308124698 -0.00248459328
v -0.000471154044 -0.0324981229 -0.00231157792
f 1216 1218 1217
v 0.000250044923 -0.0346677058 -0.00212026625
v 0.000287614216 -0.0339231745 -0.00163443347
v -0.000471154044 -0.0324981229 -0.00231157792
f 1219 1221 1220
v -0.00028546965 -0.0312087534 -0.00226629963
v -0.000569486156 -0.0291203207 -0.0026599515
v -0.00178989176 -0.0308124698 -0.00248459328
f 1222 1224 1223
v -0.0048798167 -0.0360175269 0.00132723053
v -0.0047645266 -0.0359020516 0.00130779135
v -0.0043974811 -0.0359663914 0.00131606466
f 1225 1227 1226
v -0.00475426968 -0.035886126 0.00127939193
v -0.0047645266 -0.0359020516 0.00130779135
v -0.0048798167 -0.0360175269 0.00132723053
f 1228 1230 1229
v -0.00476289752 -0.035944616 0.000783745782
v -0.00459849725 -0.0355822092 0.0011953578
v -0.0048798167 -0.0360175269 0.00132723053
f 1231 1233 1232
v -0.0043974811 -0.0359663914 0.00131606466
v -0.00475426968 -0.035886126 0.00127939193
v -0.00474946719 -0.0358613732 0.00130062544
f 1234 1236 1235
v -0.00459849725 -0.0355822092 0.0011953578
v -0.00384460436 -0.0343382329 0.00136495664
v -0.0043974811 -0.0359663914 0.00131606466
f 1237 1239 1238
v -0.00424473183 -0.0354196382 0.000573605712
v -0.0038722661 -0.0347274356 0.00051843158
v -0.00476289752 -0.035944616 0.000783745782
f 1240 1242 1241
v -0.0038722661 -0.0347274356 0.00051843158
v -0.00356100463 -0.0332499738 0.000487257466
v -0.00384460436 -0.0343382329 0.00136495664
f 1243 1245 1244
v -0.00375790296 -0.0350612303 -0.00068098725
v -0.00401768739 -0.0338516635 -0.000208440747
v -0.0038722661 -0.0347274356 0.00051843158
f 1246 1248 1247
v -0.0038722661 -0.0347274356 0.00051843158
v -0.00401768739 -0.0338516635 -0.000208440747
v -0.00356100463 -0.0332499738 0.000487257466
f 1249 1251 1250
v -0.00401768739 -0.0338516635 -0.000208440747
v -0.00358443722 -0.0341052859 -0.00136736599
v -0.00464761179 -0.0327750604 -0.000563960157
f 1252 1254 1253
v -0.00401768739 -0.0338516635 -0.000208440747
v -0.00465540179 -0.0328226917 -2.91897805e-05
v -0.00356100463 -0.0332499738 0.000487257466
f 1255 1257 1256
v -0.00356100463 -0.0332499738 0.000487257466
v -0.00361850907 -0.0323025801 0.0005729657
v -0.00384460436 -0.0343382329 0.00136495664
f 1258 1260 1259
v -0.00384460436 -0.0343382329 0.00136495664
v -0.0034370878 -0.0326177134 0.00310636133
v -0.00336733174 -0.0340535335 0.00312550146
f 1261 1263 1262
v -0.00250569301 -0.0342480722 0.00384404375
v -0.0034370878 -0.0326177134 0.00310636133
v -0.00130101753 -0.0322633219 0.00392009788
f 1264 1266 1265
v -0.00361850907 -0.0323025801 0.0005729657
v -0.00420823308 -0.0312937511 -0.000327279531
v -0.00327276102 -0.0310219359 0.000784271197
f 1267 1269 1268
v -0.00327276102 -0.0310219359 0.000784271197
v -0.00339892285 -0.0313340162 0.00339164653
v -0.0034370878 -0.0326177134 0.00310636133
f 1270 1272 1271
v -0.00384460436 -0.0343382329 0.00136495664
v -0.00336733174 -0.0340535335 0.00312550146
v -0.00304828609 -0.034921465 0.00279471751
f 1273 1275 1274
v -0.00358443722 -0.0341052859 -0.00136736599
v -0.00289419295 -0.0327238231 -0.00197281115
v -0.00421502482 -0.0316420919 -0.00109009934
f 1276 1278 1277
v -0.00421502482 -0.0316420919 -0.00109009934
v -0.00320102299 -0.0312630786 -0.00230417099
v -0.0037451071 -0.030124461 -0.00151876357
f 1279 1281 1280
v -0.00178989176 -0.0308124698 -0.00248459328
v -0.0037451071 -0.030124461 -0.00151876357
v -0.00320102299 -0.0312630786 -0.00230417099
f 1282 1284 1283
v -0.00421502482 -0.0316420919 -0.00109009934
v -0.0044967197 -0.0300825166 -1.22352972e-05
v -0.00420823308 -0.0312937511 -0.000327279531
f 1285 1287 1286
v -0.0044967197 -0.0300825166 -1.22352972e-05
v -0.00458134418 -0.0291777687 -0.000137051586
v -0.00336298617 -0.0288730284 0.000941197504
f 1288 1290 1289
v -0.0037451071 -0.030124461 -0.00151876357
v -0.0031696316 -0.027646852 -0.00204902262
v -0.00458134418 -0.0291777687 -0.000137051586
f 1291 1293 1292
v -0.00472738175 -0.0284468086 -0.000248788933
v -0.0031696316 -0.027646852 -0.00204902262
v -0.00435232578 -0.0265917013 -0.000597115741
f 1294 1296 1295
v -0.000569486156 -0.0291203207 -0.0026599515
v -0.00193702872 -0.0284166046 -0.00250093144
v -0.00178989176 -0.0308124698 -0.00248459328
f 1297 1299 1298
v -0.00472738175 -0.0284468086 -0.000248788933
v -0.00435232578 -0.0265917013 -0.000597115741
v -0.00447688144 -0.0275206112 -0.000163102709
f 1300 1302 1301
v 0.000172309979 -0.035327737 0.0029756673
v 0.00173808457 -0.0335327757 0.00161951903
v 0.00111249292 -0.035122555 0.00225096319
f 1303 1305 1304
v 0.001564593 -0.0328052673 0.00211303577
v 0.00173808457 -0.0335327757 0.00161951903
v 0.000172309979 -0.035327737 0.0029756673
f 1306 1308 1307
v -0.000368362043 -0.0337722944 0.00348592912
v 0.000172309979 -0.035327737 0.0029756673
v -0.00043822065 -0.0351012044 0.00365015694
f 1309 1311 1310
v 0.00173808457 -0.0335327757 0.00161951903
v 0.001564593 -0.0328052673 0.00211303577
v 0.00179300878 -0.0315803103 0.00219852027
f 1312 1314 1313
v -0.00130101753 -0.0322633219 0.00392009788
v 0.000430802947 -0.0320268911 0.0031476291
v -0.000368362043 -0.0337722944 0.00348592912
f 1315 1317 1316
v 0.00111482432 -0.029797008 0.00288314259
v 0.00179300878 -0.0315803103 0.00219852027
v 0.000430802947 -0.0320268911 0.0031476291
f 1318 1320 1319
v 0.000287614216 -0.0339231745 -0.00163443347
v 0.00138114765 -0.0316061865 0.000489586319
v -0.00028546965 -0.0312087534 -0.00226629963
f 1321 1323 1322
v 0.00179300878 -0.0315803103 0.00219852027
v 0.00198881244 -0.0293626479 0.000766860012
v 0.00138114765 -0.0316061865 0.000489586319
f 1324 1326 1325
v 0.00198881244 -0.0293626479 0.000766860012
v 0.00210060443 -0.0266974734 0.00103240973
v 0.00206269196 -0.0264064845 0.000772000203
f 1327 1329 1328
v 0.00206269196 -0.0264064845 0.000772000203
v -0.000130155468 -0.0274049526 -0.00246094933
v -0.000569486156 -0.0291203207 -0.0026599515
f 1330 1332 1331
v 0.00198881244 -0.0293626479 0.000766860012
v 0.00151353752 -0.0279324449 0.00224406394
v 0.00210060443 -0.0266974734 0.00103240973
f 1333 1335 1334
v -0.0034370878 -0.0326177134 0.00310636133
v -0.00299156582 -0.0307146169 0.00370133239
v -0.00130101753 -0.0322633219 0.00392009788
f 1336 1338 1337
v -0.00299156582 -0.0307146169 0.00370133239
v -0.0034370878 -0.0326177134 0.00310636133
v -0.00339892285 -0.0313340162 0.00339164653
f 1339 1341 1340
v -0.00339892285 -0.0313340162 0.00339164653
v -0.00327276102 -0.0310219359 0.000784271197
v -0.00354870572 -0.029860303 0.00311932199
f 1342 1344 1343
v -0.00339892285 -0.0313340162 0.00339164653
v -0.00354870572 -0.029860303 0.00311932199
v -0.00299156582 -0.0307146169 0.00370133239
f 1345 1347 1346
v -0.00354870572 -0.029860303 0.00311932199
v -0.00308369054 -0.027968784 0.00322639389
v -0.00295163027 -0.0297940511 0.00401236975
f 1348 1350 1349
v -0.00105019017 -0.0305794529 0.0041208863
v 0.00111482432 -0.029797008 0.00288314259
v 0.000355808288 -0.0315970829 0.00363196777
f 1351 1353 1352
v -0.00295163027 -0.0297940511 0.00401236975
v -0.00308369054 -0.027968784 0.00322639389
v -0.00262460017 -0.0277951738 0.00371344286
f 1354 1356 1355
v -0.00295163027 -0.0297940511 0.00401236975
v -0.00262460017 -0.0277951738 0.00371344286
v -0.000551207449 -0.0283831556 0.00381371065
f 1357 1359 1358
v -0.00354870572 -0.029860303 0.00311932199
v -0.00295163027 -0.0297940511 0.00401236975
v -0.00299156582 -0.0307146169 0.00370133239
f 1360 1362 1361
v -0.00336298617 -0.0288730284 0.000941197504
v -0.00308369054 -0.027968784 0.00322639389
v -0.00354870572 -0.029860303 0.00311932199
f 1363 1365 1364
v -0.00336298617 -0.0288730284 0.000941197504
v -0.0032123542 -0.0266229501 0.00293849389
v -0.00308369054 -0.027968784 0.00322639389
f 1366 1368 1367
v -0.00174855832 -0.0271352677 -0.00271168028
v -0.00193702872 -0.0284166046 -0.00250093144
v -0.000569486156 -0.0291203207 -0.0026599515
f 1369 1371 1370
v -0.000451357164 -0.0258278887 -0.00252629688
v -0.00174855832 -0.0271352677 -0.00271168028
v -0.000130155468 -0.0274049526 -0.00246094933
f 1372 1374 1373
v -0.000451357164 -0.0258278887 -0.00252629688
v -0.00243978266 -0.0245107483 -0.0024812045
v -0.00174855832 -0.0271352677 -0.00271168028
f 1375 1377 1376
v 0.00206269196 -0.0264064845 0.000772000203
v -0.000451357164 -0.0258278887 -0.00252629688
v -0.000130155468 -0.0274049526 -0.00246094933
f 1378 1380 1379
v -0.000594372386 -0.0233627929 -0.00250579506
v -0.00243978266 -0.0245107483 -0.0024812045
v -0.000531520755 -0.024873417 -0.00255069681
f 1381 1383 1382
v -0.00458134418 -0.0291777687 -0.000137051586
v -0.00472738175 -0.0284468086 -0.000248788933
v -0.00336298617 -0.0288730284 0.000941197504
f 1384 1386 1385
v -0.00322308479 -0.0269370386 0.00115118737
v -0.00336298617 -0.0288730284 0.000941197504
v -0.00472738175 -0.0284468086 -0.000248788933
f 1387 1389 1388
v -0.00299344629 -0.0258703541 0.00196346318
v -0.00293966132 -0.0250405603 0.00325123874
v -0.0032123542 -0.0266229501 0.00293849389
f 1390 1392 1391
v -0.00299344629 -0.0258703541 0.00196346318
v -0.00322308479 -0.0269370386 0.00115118737
v -0.00349232687 -0.0252531696 0.000469375254
f 1393 1395 1394
v -0.0031696316 -0.027646852 -0.00204902262
v -0.00243978266 -0.0245107483 -0.0024812045
v -0.00368640212 -0.0240443012 -0.00175164132
f 1396 1398 1397
v -0.00435232578 -0.0265917013 -0.000597115741
v -0.00437867348 -0.0257106003 -0.00103760385
v -0.00431717963 -0.0249285076 -0.000235353423
f 1399 1401 1400
v -0.000713724648 -0.0218750502 -0.00267557189
v -0.00337708516 -0.0213332576 -0.00195718076
v -0.00243978266 -0.0245107483 -0.0024812045
f 1402 1404 1403
v -0.00243978266 -0.0245107483 -0.0024812045
v -0.000594372386 -0.0233627929 -0.00250579506
v -0.000713724648 -0.0218750502 -0.00267557189
f 1405 1407 1406
v -0.00349232687 -0.0252531696 0.000469375254
v -0.00431717963 -0.0249285076 -0.000235353423
v -0.00414784627 -0.0233550061 -0.000216846115
f 1408 1410 1409
v -0.00414139031 -0.0238954803 -0.000953661129
v -0.00414784627 -0.0233550061 -0.000216846115
v -0.00431717963 -0.0249285076 -0.000235353423
f 1411 1413 1412
v -0.00414784627 -0.0233550061 -0.000216846115
v -0.00329267823 -0.0226404096 0.000501002205
v -0.00304089863 -0.0242989612 0.000945833108
f 1414 1416 1415
v -0.00414784627 -0.0233550061 -0.000216846115
v -0.00445233163 -0.0220590649 -0.000305438471
v -0.00329267823 -0.0226404096 0.000501002205
f 1417 1419 1418
v -0.00368640212 -0.0240443012 -0.00175164132
v -0.00337708516 -0.0213332576 -0.00195718076
v -0.00443279459 -0.0216859116 -0.000716055638
f 1420 1422 1421
v -0.00368640212 -0.0240443012 -0.00175164132
v -0.00243978266 -0.0245107483 -0.0024812045
v -0.00337708516 -0.0213332576 -0.00195718076
f 1423 1425 1424
v 0.00111482432 -0.029797008 0.00288314259
v -0.000551207449 -0.0283831556 0.00381371065
v 0.00151353752 -0.0279324449 0.00224406394
f 1426 1428 1427
v -0.000551207449 -0.0283831556 0.00381371065
v -0.000296821145 -0.0263072929 0.0040251387
v 0.00151353752 -0.0279324449 0.00224406394
f 1429 1431 1430
v -0.000296821145 -0.0263072929 0.0040251387
v 0.00175429068 -0.0260339875 0.00242127808
v 0.00151353752 -0.0279324449 0.00224406394
f 1432 1434 1433
v 0.00151353752 -0.0279324449 0.00224406394
v 0.00175429068 -0.0260339875 0.00242127808
v 0.00210060443 -0.0266974734 0.00103240973
f 1435 1437 1436
v 0.00226607917 -0.0259020366 0.00092317714
v 0.00213063813 -0.0264012604 0.000843057023
v 0.00210060443 -0.0266974734 0.00103240973
f 1438 1440 1439
v 0.00210060443 -0.0266974734 0.00103240973
v 0.00215891578 -0.0264252594 0.000834744969
v 0.00206269196 -0.0264064845 0.000772000203
f 1441 1443 1442
v -0.000551207449 -0.0283831556 0.00381371065
v -0.00262460017 -0.0277951738 0.00371344286
v -0.000296821145 -0.0263072929 0.0040251387
f 1444 1446 1445
v 0.00226607917 -0.0259020366 0.00092317714
v 0.00175429068 -0.0260339875 0.00242127808
v 0.00213381445 -0.0238909706 0.00136334365
f 1447 1449 1448
v 0.00102085423 -0.0242851034 0.00276016308
v 0.00213381445 -0.0238909706 0.00136334365
v 0.00175429068 -0.0260339875 0.00242127808
f 1450 1452 1451
v -0.000296821145 -0.0263072929 0.0040251387
v -0.000407322386 -0.0249605859 0.00365235101
v 0.00175429068 -0.0260339875 0.00242127808
f 1453 1455 1454
v -0.000407322386 -0.0249605859 0.00365235101
v 0.00102085423 -0.0242851034 0.00276016308
v 0.00175429068 -0.0260339875 0.00242127808
f 1456 1458 1457
v -0.000910856397 -0.0237680491 0.00401555153
v 0.00102085423 -0.0242851034 0.00276016308
v -0.000407322386 -0.0249605859 0.00365235101
f 1459 1461 1460
v -0.000910856397 -0.0237680491 0.00401555153
v -0.000605475179 -0.022050718 0.00385381718
v 0.00102085423 -0.0242851034 0.00276016308
f 1462 1464 1463
v 0.00226607917 -0.0259020366 0.00092317714
v 0.0021072703 -0.0244115814 3.85800888e-05
v 0.00206269196 -0.0264064845 0.000772000203
f 1465 1467 1466
v 0.0021072703 -0.0244115814 3.85800888e-05
v 0.00074405325 -0.0238223263 -0.00100022653
v 0.00206269196 -0.0264064845 0.000772000203
f 1468 1470 1469
v 0.00074405325 -0.0238223263 -0.00100022653
v -0.000594372386 -0.0233627929 -0.00250579506
v -0.000531520755 -0.024873417 -0.00255069681
f 1471 1473 1472
v 0.00236501528 -0.0226439748 -2.66606577e-05
v 0.00074405325 -0.0238223263 -0.00100022653
v 0.0021072703 -0.0244115814 3.85800888e-05
f 1474 1476 1475
v 0.00236501528 -0.0226439748 -2.66606577e-05
v 0.00195318607 -0.0213504522 -0.000236442088
v 0.00074405325 -0.0238223263 -0.00100022653
f 1477 1479 1478
v -0.00262460017 -0.0277951738 0.00371344286
v -0.0032123542 -0.0266229501 0.00293849389
v -0.00275514885 -0.0257189065 0.00352525931
f 1480 1482 1481
v -0.00262460017 -0.0277951738 0.00371344286
v -0.00275514885 -0.0257189065 0.00352525931
v -0.000296821145 -0.0263072929 0.0040251387
f 1483 1485 1484
v -0.00275514885 -0.0257189065 0.00352525931
v -0.00227275577 -0.0240897934 0.00379887897
v -0.000407322386 -0.0249605859 0.00365235101
f 1486 1488 1487
v -0.00275514885 -0.0257189065 0.00352525931
v -0.00293966132 -0.0250405603 0.00325123874
v -0.00227275577 -0.0240897934 0.00379887897
f 1489 1491 1490
v -0.00275514885 -0.0257189065 0.00352525931
v -0.000407322386 -0.0249605859 0.00365235101
v -0.000296821145 -0.0263072929 0.0040251387
f 1492 1494 1493
v -0.00293966132 -0.0250405603 0.00325123874
v -0.00299344629 -0.0258703541 0.00196346318
v -0.00304089863 -0.0242989612 0.000945833108
f 1495 1497 1496
v -0.00227275577 -0.0240897934 0.00379887897
v -0.00294051279 -0.021873966 0.00318195816
v -0.00255299838 -0.0206236335 0.00360754493
f 1498 1500 1499
v -0.00227275577 -0.0240897934 0.00379887897
v -0.00255299838 -0.0206236335 0.00360754493
v -0.000605475179 -0.022050718 0.00385381718
f 1501 1503 1502
v -0.00294051279 -0.021873966 0.00318195816
v -0.00227275577 -0.0240897934 0.00379887897
v -0.00293546564 -0.023794116 0.00325011169
f 1504 1506 1505
v -0.00329267823 -0.0226404096 0.000501002205
v -0.00294051279 -0.021873966 0.00318195816
v -0.00304089863 -0.0242989612 0.000945833108
f 1507 1509 1508
v -0.00317576269 -0.0212700746 0.000764981178
v -0.00294051279 -0.021873966 0.00318195816
v -0.00329267823 -0.0226404096 0.000501002205
f 1510 1512 1511
v -0.00043822065 -0.0351012044 0.00365015694
v -0.00207673274 -0.0352340983 0.00337956262
v -0.000368362043 -0.0337722944 0.00348592912
f 1513 1515 1514
v -0.00105019017 -0.0305794529 0.0041208863
v -0.000309659026 -0.0318418926 0.00345937915
v -0.00130101753 -0.0322633219 0.00392009788
f 1516 1518 1517
v -0.000309659026 -0.0318418926 0.00345937915
v -0.00105019017 -0.0305794529 0.0041208863
v 0.000355808288 -0.0315970829 0.00363196777
f 1519 1521 1520
v -0.00420823308 -0.0312937511 -0.000327279531
v -0.00465540179 -0.0328226917 -2.91897805e-05
v -0.00464761179 -0.0327750604 -0.000563960157
f 1522 1524 1523
v -0.000713724648 -0.0218750502 -0.00267557189
v -0.00248281431 -0.0196199384 -0.00249333279
v -0.00337708516 -0.0213332576 -0.00195718076
f 1525 1527 1526
v -0.000594372386 -0.0233627929 -0.00250579506
v 0.00195318607 -0.0213504522 -0.000236442088
v -0.000713724648 -0.0218750502 -0.00267557189
f 1528 1530 1529
v -0.000713724648 -0.0218750502 -0.00267557189
v 0.00195318607 -0.0213504522 -0.000236442088
v -0.000114426007 -0.0204121898 -0.00251127021
f 1531 1533 1532
v 0.00195318607 -0.0213504522 -0.000236442088
v 0.00158174698 -0.0192313542 -0.00157580707
v -0.000114426007 -0.0204121898 -0.00251127021
f 1534 1536 1535
v -5.00227145e-05 -0.0180163508 -0.00251648016
v -0.00248281431 -0.0196199384 -0.00249333279
v -0.000114426007 -0.0204121898 -0.00251127021
f 1537 1539 1538
v -5.00227145e-05 -0.0180163508 -0.00251648016
v -0.00205141896 -0.0176346817 -0.00255005143
v -0.00248281431 -0.0196199384 -0.00249333279
f 1540 1542 1541
v -0.00443279459 -0.0216859116 -0.000716055638
v -0.00467661084 -0.0206862547 3.97813039e-05
v -0.00445233163 -0.0220590649 -0.000305438471
f 1543 1545 1544
v -0.00317576269 -0.0212700746 0.000764981178
v -0.00409427485 -0.0191100262 -2.69168169e-05
v -0.0033222499 -0.019741393 0.000828272368
f 1546 1548 1547
v -0.00467661084 -0.0206862547 3.97813039e-05
v -0.00483230106 -0.0202696872 -0.000306293396
v -0.00409427485 -0.0191100262 -2.69168169e-05
f 1549 1551 1550
v -0.0033222499 -0.019741393 0.000828272368
v -0.00301411819 -0.0202854397 0.00314212048
v -0.00317576269 -0.0212700746 0.000764981178
f 1552 1554 1553
v -0.00301411819 -0.0202854397 0.00314212048
v -0.00328035712 -0.0169439139 0.0015448777
v -0.0030612835 -0.0194135675 0.00327207053
f 1555 1557 1556
v -0.00328035712 -0.0169439139 0.0015448777
v -0.00331286865 -0.0183006734 0.00300390311
v -0.0030612835 -0.0194135675 0.00327207053
f 1558 1560 1559
v -0.00346909073 -0.0178268107 0.000660936166
v -0.0033222499 -0.019741393 0.000828272368
v -0.00409427485 -0.0191100262 -2.69168169e-05
f 1561 1563 1562
v -0.00346909073 -0.0178268107 0.000660936166
v -0.00328035712 -0.0169439139 0.0015448777
v -0.0033222499 -0.019741393 0.000828272368
f 1564 1566 1565
v -0.00328035712 -0.0169439139 0.0015448777
v -0.00301411819 -0.0202854397 0.00314212048
v -0.0033222499 -0.019741393 0.000828272368
f 1567 1569 1568
v -0.00483230106 -0.0202696872 -0.000306293396
v -0.00337708516 -0.0213332576 -0.00195718076
v -0.00445986334 -0.0190714651 -0.00088184579
f 1570 1572 1571
v -0.00337708516 -0.0213332576 -0.00195718076
v -0.00248281431 -0.0196199384 -0.00249333279
v -0.00433700261 -0.0176284797 -0.00135041882
f 1573 1575 1574
v -0.00248281431 -0.0196199384 -0.00249333279
v -0.00205141896 -0.0176346817 -0.00255005143
v -0.00433700261 -0.0176284797 -0.00135041882
f 1576 1578 1577
v -0.00445986334 -0.0190714651 -0.00088184579
v -0.00471645581 -0.0186132704 -0.000513806162
v -0.00464821751 -0.0183498807 -0.000258322802
f 1579 1581 1580
v -0.00485404707 -0.0184246484 -0.000804025876
v -0.00471383646 -0.0186058576 -0.000524347661
v -0.00445986334 -0.0190714651 -0.00088184579
f 1582 1584 1583
v -0.00485404707 -0.0184246484 -0.000804025876
v -0.00471645581 -0.0186132704 -0.000513806162
v -0.00471383646 -0.0186058576 -0.000524347661
f 1585 1587 1586
v -0.00473972432 -0.0185977493 -0.000521683478
v -0.00485404707 -0.0184246484 -0.000804025876
v -0.00464821751 -0.0183498807 -0.000258322802
f 1588 1590 1589
v -0.00485404707 -0.0184246484 -0.000804025876
v -0.00433700261 -0.0176284797 -0.00135041882
v -0.00469590341 -0.0174669854 -0.000517768922
f 1591 1593 1592
v -0.00469590341 -0.0174669854 -0.000517768922
v -0.00433700261 -0.0176284797 -0.00135041882
v -0.00523807066 -0.0160762938 -0.00122513211
f 1594 1596 1595
v -0.001775091 -0.0163080069 -0.00282056426
v -0.00440545591 -0.0154343375 -0.00186106263
v -0.00205141896 -0.0176346817 -0.00255005143
f 1597 1599 1598
v -0.00523807066 -0.0160762938 -0.00122513211
v -0.00433700261 -0.0176284797 -0.00135041882
v -0.00440545591 -0.0154343375 -0.00186106263
f 1600 1602 1601
v -0.001775091 -0.0163080069 -0.00282056426
v -0.00258709169 -0.0138842253 -0.00258940454
v -0.00440545591 -0.0154343375 -0.00186106263
f 1603 1605 1604
v -0.00469590341 -0.0174669854 -0.000517768922
v -0.00523807066 -0.0160762938 -0.00122513211
v -0.00528973396 -0.0165005884 -0.000599213399
f 1606 1608 1607
v -0.00510905957 -0.0142834891 -0.00133902377
v -0.00483257099 -0.0143365178 -0.000565415803
v -0.00523807066 -0.0160762938 -0.00122513211
f 1609 1611 1610
v -0.00523807066 -0.0160762938 -0.00122513211
v -0.00483257099 -0.0143365178 -0.000565415803
v -0.00528973396 -0.0165005884 -0.000599213399
f 1612 1614 1613
v -0.00523807066 -0.0160762938 -0.00122513211
v -0.00440545591 -0.0154343375 -0.00186106263
v -0.00510905957 -0.0142834891 -0.00133902377
f 1615 1617 1616
v -0.0057833684 -0.0131668727 -0.00071909617
v -0.00483257099 -0.0143365178 -0.000565415803
v -0.00510905957 -0.0142834891 -0.00133902377
f 1618 1620 1619
v 0.00152241555 -0.0207301215 0.00260367487
v 0.00233838473 -0.0222805465 0.00148401577
v 0.0014237763 -0.0222745715 0.00285387578
f 1621 1623 1622
v 0.00152241555 -0.0207301215 0.00260367487
v 0.00240645404 -0.0204203912 0.00138130154
v 0.00233838473 -0.0222805465 0.00148401577
f 1624 1626 1625
v 0.00240645404 -0.0204203912 0.00138130154
v 0.00195318607 -0.0213504522 -0.000236442088
v 0.00236501528 -0.0226439748 -2.66606577e-05
f 1627 1629 1628
v -0.000605475179 -0.022050718 0.00385381718
v -0.000695091057 -0.0192658976 0.00383575098
v 0.00152241555 -0.0207301215 0.00260367487
f 1630 1632 1631
v -0.000554065991 -0.0205624296 0.00401967809
v -0.000695091057 -0.0192658976 0.00383575098
v -0.000605475179 -0.022050718 0.00385381718
f 1633 1635 1634
v -0.00255299838 -0.0206236335 0.00360754493
v -0.000695091057 -0.0192658976 0.00383575098
v -0.000554065991 -0.0205624296 0.00401967809
f 1636 1638 1637
v -0.000695091057 -0.0192658976 0.00383575098
v 0.00168878723 -0.018857696 0.00234182589
v 0.00152241555 -0.0207301215 0.00260367487
f 1639 1641 1640
v 0.00153703641 -0.0175197885 0.00272107791
v 0.00206385903 -0.0179902258 0.00115427974
v 0.00168878723 -0.018857696 0.00234182589
f 1642 1644 1643
v -0.000695091057 -0.0192658976 0.00383575098
v -1.91165768e-05 -0.0172360786 0.00379473422
v 0.00153703641 -0.0175197885 0.00272107791
f 1645 1647 1646
v -0.000695091057 -0.0192658976 0.00383575098
v 0.00153703641 -0.0175197885 0.00272107791
v 0.00168878723 -0.018857696 0.00234182589
f 1648 1650 1649
v -1.91165768e-05 -0.0172360786 0.00379473422
v 0.0015894404 -0.0159042451 0.00252168502
v 0.00153703641 -0.0175197885 0.00272107791
f 1651 1653 1652
v 0.000574727756 -0.0161276243 -0.00220926522
v -5.00227145e-05 -0.0180163508 -0.00251648016
v 0.00158174698 -0.0192313542 -0.00157580707
f 1654 1656 1655
v 0.00205729139 -0.0177874681 -0.000693290804
v 0.00194137228 -0.015775967 -0.000674606963
v 0.000574727756 -0.0161276243 -0.00220926522
f 1657 1659 1658
v 0.00240645404 -0.0204203912 0.00138130154
v 0.00206385903 -0.0179902258 0.00115427974
v 0.00205729139 -0.0177874681 -0.000693290804
f 1660 1662 1661
v 0.000574727756 -0.0161276243 -0.00220926522
v -0.000548917251 -0.015077398 -0.00264459777
v -5.00227145e-05 -0.0180163508 -0.00251648016
f 1663 1665 1664
v 0.00194137228 -0.015775967 -0.000674606963
v 0.00203891013 -0.0134458649 -0.000796329005
v 0.000574727756 -0.0161276243 -0.00220926522
f 1666 1668 1667
v 0.00161188891 -0.0136570452 0.00261947935
v 0.00229649049 -0.0158253781 0.000991674005
v 0.0015894404 -0.0159042451 0.00252168502
f 1669 1671 1670
v -0.002367259 -0.0184381774 0.00404976236
v -0.000695091057 -0.0192658976 0.00383575098
v -0.0030612835 -0.0194135675 0.00327207053
f 1672 1674 1673
v -0.0030612835 -0.0194135675 0.00327207053
v -0.00331286865 -0.0183006734 0.00300390311
v -0.002367259 -0.0184381774 0.00404976236
f 1675 1677 1676
v -0.00299518488 -0.0168057624 0.00314257268
v -0.002367259 -0.0184381774 0.00404976236
v -0.00331286865 -0.0183006734 0.00300390311
f 1678 1680 1679
v -0.00328035712 -0.0169439139 0.0015448777
v -0.00299518488 -0.0168057624 0.00314257268
v -0.00331286865 -0.0183006734 0.00300390311
f 1681 1683 1682
v -0.000695091057 -0.0192658976 0.00383575098
v -0.002367259 -0.0184381774 0.00404976236
v -1.91165768e-05 -0.0172360786 0.00379473422
f 1684 1686 1685
v -0.002367259 -0.0184381774 0.00404976236
v -0.00200293907 -0.01645312 0.00361580642
v -0.000153069595 -0.0156890834 0.00363764811
f 1687 1689 1688
v -1.91165768e-05 -0.0172360786 0.00379473422
v -0.002367259 -0.0184381774 0.00404976236
v -0.000153069595 -0.0156890834 0.00363764811
f 1690 1692 1691
v -0.00299518488 -0.0168057624 0.00314257268
v -0.00200293907 -0.01645312 0.00361580642
v -0.002367259 -0.0184381774 0.00404976236
f 1693 1695 1694
v -0.00293073535 -0.0154425637 0.0032544147
v -0.00322756423 -0.014314377 0.00319639912
v -0.00164930188 -0.0139604832 0.00400269419
f 1696 1698 1697
v -1.91165768e-05 -0.0172360786 0.00379473422
v -0.000153069595 -0.0156890834 0.00363764811
v 0.0015894404 -0.0159042451 0.00252168502
f 1699 1701 1700
v -0.000153069595 -0.0156890834 0.00363764811
v -0.00200293907 -0.01645312 0.00361580642
v -0.00164930188 -0.0139604832 0.00400269419
f 1702 1704 1703
v -0.00293073535 -0.0154425637 0.0032544147
v -0.00164930188 -0.0139604832 0.00400269419
v -0.00200293907 -0.01645312 0.00361580642
f 1705 1707 1706
v -0.00388508597 -0.0158913695 0.000210057101
v -0.00328035712 -0.0169439139 0.0015448777
v -0.00346909073 -0.0178268107 0.000660936166
f 1708 1710 1709
v 0.000102899162 -0.0133569338 -0.0025471305
v -0.000548917251 -0.015077398 -0.00264459777
v 0.000574727756 -0.0161276243 -0.00220926522
f 1711 1713 1712
v -0.00440545591 -0.0154343375 -0.00186106263
v -0.00258709169 -0.0138842253 -0.00258940454
v -0.00399281816 -0.0125423816 -0.00250054909
f 1714 1716 1715
v 0.00203891013 -0.0134458649 -0.000796329005
v 0.000102899162 -0.0133569338 -0.0025471305
v 0.000574727756 -0.0161276243 -0.00220926522
f 1717 1719 1718
v 0.000102899162 -0.0133569338 -0.0025471305
v 0.000217326374 -0.0113789851 -0.00233566043
v -0.00146399088 -0.0124298618 -0.00271689751
f 1720 1722 1721
v 0.000102899162 -0.0133569338 -0.0025471305
v -0.00146399088 -0.0124298618 -0.00271689751
v -0.00258709169 -0.0138842253 -0.00258940454
f 1723 1725 1724
v -0.00359264013 -0.0142876277 0.000389244406
v -0.00328035712 -0.0169439139 0.0015448777
v -0.00388508597 -0.0158913695 0.000210057101
f 1726 1728 1727
v -0.0057833684 -0.0131668727 -0.00071909617
v -0.00531838159 -0.0116976364 -0.000418031368
v -0.0056706449 -0.0130211032 -0.00031301056
f 1729 1731 1730
v -0.00435741167 -0.0129987675 2.49246597e-05
v -0.00483257099 -0.0143365178 -0.000565415803
v -0.0056706449 -0.0130211032 -0.00031301056
f 1732 1734 1733
v -0.0056706449 -0.0130211032 -0.00031301056
v -0.00531838159 -0.0116976364 -0.000418031368
v -0.00435741167 -0.0129987675 2.49246597e-05
f 1735 1737 1736
v -0.00435741167 -0.0129987675 2.49246597e-05
v -0.00531838159 -0.0116976364 -0.000418031368
v -0.00392200418 -0.0119295648 0.000386873035
f 1738 1740 1739
v -0.00328035712 -0.0169439139 0.0015448777
v -0.00359264013 -0.0142876277 0.000389244406
v -0.00322756423 -0.014314377 0.00319639912
f 1741 1743 1742
v -0.00392200418 -0.0119295648 0.000386873035
v -0.00322756423 -0.014314377 0.00319639912
v -0.00359264013 -0.0142876277 0.000389244406
f 1744 1746 1745
v -0.00392200418 -0.0119295648 0.000386873035
v -0.00285196274 -0.0126174185 0.00336599805
v -0.00322756423 -0.014314377 0.00319639912
f 1747 1749 1748
v -0.00399281816 -0.0125423816 -0.00250054909
v -0.00510905957 -0.0142834891 -0.00133902377
v -0.00440545591 -0.0154343375 -0.00186106263
f 1750 1752 1751
v -0.00510905957 -0.0142834891 -0.00133902377
v -0.00494514388 -0.0113344606 -0.00149183506
v -0.0057833684 -0.0131668727 -0.00071909617
f 1753 1755 1754
v -0.0057833684 -0.0131668727 -0.00071909617
v -0.00494514388 -0.0113344606 -0.00149183506
v -0.00531838159 -0.0116976364 -0.000418031368
f 1756 1758 1757
v -0.00604762572 -0.0113911687 -0.00024040603
v -0.00531838159 -0.0116976364 -0.000418031368
v -0.00553433092 -0.0106055959 -0.00113933374
f 1759 1761 1760
v -0.00399281816 -0.0125423816 -0.00250054909
v -0.00344033579 -0.00997647658 -0.00271153658
v -0.00494514388 -0.0113344606 -0.00149183506
f 1762 1764 1763
v -0.00392200418 -0.0119295648 0.000386873035
v -0.00531838159 -0.0116976364 -0.000418031368
v -0.00518237175 -0.0106567939 2.82316734e-05
f 1765 1767 1766
v -0.00494514388 -0.0113344606 -0.00149183506
v -0.00344033579 -0.00997647658 -0.00271153658
v -0.0053062191 -0.00909029695 -0.00119806336
f 1768 1770 1769
v -0.0053062191 -0.00909029695 -0.00119806336
v -0.00344033579 -0.00997647658 -0.00271153658
v -0.00401784528 -0.0082915969 -0.00279914821
f 1771 1773 1772
v -0.00164930188 -0.0139604832 0.00400269419
v -0.000835390165 -0.0122512341 0.00375233431
v -0.000153069595 -0.0156890834 0.00363764811
f 1774 1776 1775
v 0.00111688851 -0.0119471733 0.00286323229
v 0.00222315266 -0.0113772418 0.0008935398
v 0.00161188891 -0.0136570452 0.00261947935
f 1777 1779 1778
v -0.000835390165 -0.0122512341 0.00375233431
v 0.00111688851 -0.0119471733 0.00286323229
v 0.00161188891 -0.0136570452 0.00261947935
f 1780 1782 1781
v -0.000835390165 -0.0122512341 0.00375233431
v -0.00088873694 -0.010955058 0.00394391427
v 0.00111688851 -0.0119471733 0.00286323229
f 1783 1785 1784
v 0.00229649049 -0.0158253781 0.000991674005
v 0.00222315266 -0.0113772418 0.0008935398
v 0.00203891013 -0.0134458649 -0.000796329005
f 1786 1788 1787
v 0.00203891013 -0.0134458649 -0.000796329005
v 0.00178897008 -0.0107158674 -0.000865498168
v 0.000217326374 -0.0113789851 -0.00233566043
f 1789 1791 1790
v 0.000102899162 -0.0133569338 -0.0025471305
v 0.00203891013 -0.0134458649 -0.000796329005
v 0.000217326374 -0.0113789851 -0.00233566043
f 1792 1794 1793
v 0.00178897008 -0.0107158674 -0.000865498168
v 0.000711725079 -0.0093537099 -0.00212956893
v 0.000217326374 -0.0113789851 -0.00233566043
f 1795 1797 1796
v 0.00130636017 -0.0107752079 0.00279418109
v 0.00222315266 -0.0113772418 0.0008935398
v 0.00111688851 -0.0119471733 0.00286323229
f 1798 1800 1799
v 0.00178897008 -0.0107158674 -0.000865498168
v 0.00222315266 -0.0113772418 0.0008935398
v 0.0020852638 -0.00893039105 -0.00072732355
f 1801 1803 1802
v -0.00164930188 -0.0139604832 0.00400269419
v -0.00285196274 -0.0126174185 0.00336599805
v -0.000835390165 -0.0122512341 0.00375233431
f 1804 1806 1805
v -0.00285196274 -0.0126174185 0.00336599805
v -0.00329935901 -0.0112645699 0.00295609789
v -0.00326170484 -0.00948638917 0.00330529037
f 1807 1809 1808
v -0.000835390165 -0.0122512341 0.00375233431
v -0.00285196274 -0.0126174185 0.00336599805
v -0.00088873694 -0.010955058 0.00394391427
f 1810 1812 1811
v -0.00088873694 -0.010955058 0.00394391427
v -0.000582963639 -0.0094001487 0.00375729142
v 0.00130636017 -0.0107752079 0.00279418109
f 1813 1815 1814
v -0.00088873694 -0.010955058 0.00394391427
v 0.00130636017 -0.0107752079 0.00279418109
v 0.00111688851 -0.0119471733 0.00286323229
f 1816 1818 1817
v -0.00326170484 -0.00948638917 0.00330529037
v -0.00148714571 -0.00854887767 0.00419120624
v -0.00088873694 -0.010955058 0.00394391427
f 1819 1821 1820
v -0.00422865633 -0.00985026345 0.000394570316
v -0.00356288037 -0.00935134158 0.00193755423
v -0.00392200418 -0.0119295648 0.000386873035
f 1822 1824 1823
v 0.000711725079 -0.0093537099 -0.00212956893
v 0.0020852638 -0.00893039105 -0.00072732355
v 0.000403132435 -0.00755679212 -0.00250013254
f 1825 1827 1826
v -0.00178010378 -0.00630223149 -0.00287012117
v -0.00395946372 -0.00747874437 -0.00245954361
v -0.00144266205 -0.0081334445 -0.00287140683
f 1828 1830 1829
v -0.00178010378 -0.00630223149 -0.00287012117
v -0.00325853871 -0.00540021683 -0.00280739332
v -0.00395946372 -0.00747874437 -0.00245954361
f 1831 1833 1832
v 0.000403132435 -0.00755679212 -0.00250013254
v 0.000869678388 -0.00649267895 -0.00214101165
v -0.00144266205 -0.0081334445 -0.00287140683
f 1834 1836 1835
v -0.000724051188 -0.00482655487 -0.00279099258
v -0.00178010378 -0.00630223149 -0.00287012117
v 0.000869678388 -0.00649267895 -0.00214101165
f 1837 1839 1838
v -0.00718986485 -0.00979470788 0.00162113811
v -0.00644950997 -0.00981659687 0.00133695012
v -0.00591814023 -0.0110619287 0.000478516813
f 1840 1842 1841
v -0.00718986485 -0.00979470788 0.00162113811
v -0.00698748991 -0.00907892609 0.000611227324
v -0.00644950997 -0.00981659687 0.00133695012
f 1843 1845 1844
v -0.00778781032 -0.00948991656 0.000768668178
v -0.00718986485 -0.00979470788 0.00162113811
v -0.00771471896 -0.0106619671 0.000761469619
f 1846 1848 1847
v -0.00591814023 -0.0110619287 0.000478516813
v -0.00518237175 -0.0106567939 2.82316734e-05
v -0.00604762572 -0.0113911687 -0.00024040603
f 1849 1851 1850
v -0.00604762572 -0.0113911687 -0.00024040603
v -0.00553433092 -0.0106055959 -0.00113933374
v -0.00775965455 -0.0102410777 0.000257660508
f 1852 1854 1853
v -0.00631266812 -0.00961632395 -0.000290593516
v -0.00698748991 -0.00907892609 0.000611227324
v -0.00775965455 -0.0102410777 0.000257660508
f 1855 1857 1856
v -0.00631266812 -0.00961632395 -0.000290593516
v -0.00775965455 -0.0102410777 0.000257660508
v -0.00553433092 -0.0106055959 -0.00113933374
f 1858 1860 1859
v -0.00775965455 -0.0102410777 0.000257660508
v -0.00778781032 -0.00948991656 0.000768668178
v -0.00771471896 -0.0106619671 0.000761469619
f 1861 1863 1862
v -0.00775965455 -0.0102410777 0.000257660508
v -0.00698748991 -0.00907892609 0.000611227324
v -0.00778781032 -0.00948991656 0.000768668178
f 1864 1866 1865
v -0.00518237175 -0.0106567939 2.82316734e-05
v -0.00591814023 -0.0110619287 0.000478516813
v -0.00644950997 -0.00981659687 0.00133695012
f 1867 1869 1868
v -0.00698748991 -0.00907892609 0.000611227324
v -0.00574252263 -0.00918342557 0.000426990027
v -0.00644950997 -0.00981659687 0.00133695012
f 1870 1872 1871
v -0.00631266812 -0.00961632395 -0.000290593516
v -0.00562228961 -0.00810386628 9.75961598e-05
v -0.00574252263 -0.00918342557 0.000426990027
f 1873 1875 1874
v -0.00631266812 -0.00961632395 -0.000290593516
v -0.00553433092 -0.0106055959 -0.00113933374
v -0.0053062191 -0.00909029695 -0.00119806336
f 1876 1878 1877
v -0.00551566482 -0.00744948702 -0.00129220134
v -0.0053062191 -0.00909029695 -0.00119806336
v -0.00401784528 -0.0082915969 -0.00279914821
f 1879 1881 1880
v -0.00631266812 -0.00961632395 -0.000290593516
v -0.0053062191 -0.00909029695 -0.00119806336
v -0.00562228961 -0.00810386628 9.75961598e-05
f 1882 1884 1883
v -0.00617321493 -0.00801866627 0.000480721701
v -0.00592401157 -0.00748211096 -0.000121952337
v -0.00617265614 -0.00694856208 0.000238049574
f 1885 1887 1886
v -0.00562228961 -0.00810386628 9.75961598e-05
v -0.00592401157 -0.00748211096 -0.000121952337
v -0.00617321493 -0.00801866627 0.000480721701
f 1888 1890 1889
v -0.00617321493 -0.00801866627 0.000480721701
v -0.00617265614 -0.00694856208 0.000238049574
v -0.00641133302 -0.00760892217 0.000745663419
f 1891 1893 1892
v -0.00574252263 -0.00918342557 0.000426990027
v -0.00562228961 -0.00810386628 9.75961598e-05
v -0.00517235239 -0.00802197974 0.000707481104
f 1894 1896 1895
v -0.00422865633 -0.00985026345 0.000394570316
v -0.00505088537 -0.00944255225 0.000442305145
v -0.00517235239 -0.00802197974 0.000707481104
f 1897 1899 1898
v -0.00422865633 -0.00985026345 0.000394570316
v -0.00372876675 -0.0079392732 0.00154686077
v -0.00356288037 -0.00935134158 0.00193755423
f 1900 1902 1901
v -0.00517235239 -0.00802197974 0.000707481104
v -0.00444344078 -0.00612177828 0.000855891903
v -0.00372876675 -0.0079392732 0.00154686077
f 1903 1905 1904
v -0.00592401157 -0.00748211096 -0.000121952337
v -0.00531392325 -0.00676733835 -0.000182409008
v -0.00617265614 -0.00694856208 0.000238049574
f 1906 1908 1907
v -0.00617265614 -0.00694856208 0.000238049574
v -0.0055943543 -0.00617056285 0.000922880372
v -0.00641133302 -0.00760892217 0.000745663419
f 1909 1911 1910
v -0.00617265614 -0.00694856208 0.000238049574
v -0.00591551652 -0.00643215099 0.000646688568
v -0.0055943543 -0.00617056285 0.000922880372
f 1912 1914 1913
v -0.00585593189 -0.00613947559 0.000198987959
v -0.00581619024 -0.00635295801 0.000441209841
v -0.00617265614 -0.00694856208 0.000238049574
f 1915 1917 1916
v -0.00581920649 -0.00635077377 0.000442016744
v -0.00581619024 -0.00635295801 0.000441209841
v -0.00591551652 -0.00643215099 0.000646688568
f 1918 1920 1919
v -0.00617265614 -0.00694856208 0.000238049574
v -0.00581920649 -0.00635077377 0.000442016744
v -0.00591551652 -0.00643215099 0.000646688568
f 1921 1923 1922
v -0.00571601013 -0.00466520796 0.000938356607
v -0.0055943543 -0.00617056285 0.000922880372
v -0.00585593189 -0.00613947559 0.000198987959
f 1924 1926 1925
v -0.00372876675 -0.0079392732 0.00154686077
v -0.00319772407 -0.00770818879 0.00358915167
v -0.00356288037 -0.00935134158 0.00193755423
f 1927 1929 1928
v -0.00372876675 -0.0079392732 0.00154686077
v -0.0038160415 -0.00520506583 0.00188054746
v -0.00319772407 -0.00770818879 0.00358915167
f 1930 1932 1931
v -0.00372876675 -0.0079392732 0.00154686077
v -0.00444344078 -0.00612177828 0.000855891903
v -0.0038160415 -0.00520506583 0.00188054746
f 1933 1935 1934
v -0.0055943543 -0.00617056285 0.000922880372
v -0.00526753756 -0.00450025473 0.00153021701
v -0.00444344078 -0.00612177828 0.000855891903
f 1936 1938 1937
v -0.00444344078 -0.00612177828 0.000855891903
v -0.00526753756 -0.00450025473 0.00153021701
v -0.00441701704 -0.00362340252 0.00211116821
f 1939 1941 1940
v -0.00444344078 -0.00612177828 0.000855891903
v -0.00441701704 -0.00362340252 0.00211116821
v -0.0038160415 -0.00520506583 0.00188054746
f 1942 1944 1943
v -0.00571601013 -0.00466520796 0.000938356607
v -0.00526753756 -0.00450025473 0.00153021701
v -0.0055943543 -0.00617056285 0.000922880372
f 1945 1947 1946
v -0.00571601013 -0.00466520796 0.000938356607
v -0.00481195457 -0.00244029834 0.00198648322
v -0.00526753756 -0.00450025473 0.00153021701
f 1948 1950 1949
v -0.00505088537 -0.00944255225 0.000442305145
v -0.00574252263 -0.00918342557 0.000426990027
v -0.00517235239 -0.00802197974 0.000707481104
f 1951 1953 1952
v -0.00771471896 -0.0106619671 0.000761469619
v -0.00604762572 -0.0113911687 -0.00024040603
v -0.00775965455 -0.0102410777 0.000257660508
f 1954 1956 1955
v -0.00401784528 -0.0082915969 -0.00279914821
v -0.00395946372 -0.00747874437 -0.00245954361
v -0.00551566482 -0.00744948702 -0.00129220134
f 1957 1959 1958
v -0.00395946372 -0.00747874437 -0.00245954361
v -0.00325853871 -0.00540021683 -0.00280739332
v -0.00551566482 -0.00744948702 -0.00129220134
f 1960 1962 1961
v -0.00325853871 -0.00540021683 -0.00280739332
v -0.00328182578 -0.0038297745 -0.00258249529
v -0.00473243599 -0.00488278638 -0.00170714102
f 1963 1965 1964
v -0.00585593189 -0.00613947559 0.000198987959
v -0.00551566482 -0.00744948702 -0.00129220134
v -0.00473243599 -0.00488278638 -0.00170714102
f 1966 1968 1967
v -0.00585593189 -0.00613947559 0.000198987959
v -0.00540116744 -0.00345439112 -0.000529407635
v -0.00571601013 -0.00466520796 0.000938356607
f 1969 1971 1970
v -0.00585593189 -0.00613947559 0.000198987959
v -0.00473243599 -0.00488278638 -0.00170714102
v -0.00540116744 -0.00345439112 -0.000529407635
f 1972 1974 1973
v -0.000724051188 -0.00482655487 -0.00279099258
v -0.00328182578 -0.0038297745 -0.00258249529
v -0.00325853871 -0.00540021683 -0.00280739332
f 1975 1977 1976
v -0.00328182578 -0.0038297745 -0.00258249529
v -0.00255862815 -0.00171547672 -0.00242277129
v -0.00374414776 -0.0018150371 -0.00208439578
f 1978 1980 1979
v -0.004389889 -0.00153595047 -0.00174839442
v -0.00341002124 -0.00153193523 -0.000494467758
v -0.00506469296 -0.00195976081 -0.000262991693
f 1981 1983 1982
v -0.004389889 -0.00153595047 -0.00174839442
v -0.00374414776 -0.0018150371 -0.00208439578
v -0.00341002124 -0.00153193523 -0.000494467758
f 1984 1986 1985
v 0.00130636017 -0.0107752079 0.00279418109
v -0.000582963639 -0.0094001487 0.00375729142
v 0.00146357625 -0.009522654 0.00276469673
f 1987 1989 1988
v 4.35602459e-05 -0.00778277608 0.00382990002
v 0.00146357625 -0.009522654 0.00276469673
v -0.000582963639 -0.0094001487 0.00375729142
f 1990 1992 1991
v 4.35602459e-05 -0.00778277608 0.00382990002
v 0.00116349202 -0.00635669203 0.00302746594
v 0.00146357625 -0.009522654 0.00276469673
f 1993 1995 1994
v 0.00145566682 -0.00451270826 0.00312286975
v 0.00227054825 -0.00656954289 0.00140957582
v 0.00116349202 -0.00635669203 0.00302746594
f 1996 1998 1997
v 0.00141511664 -0.00356582823 0.0032457061
v 0.00187590449 -0.00385005333 0.00240623758
v 0.00145566682 -0.00451270826 0.00312286975
f 1999 2001 2000
v 0.00121945832 -0.00451985943 -0.0013808989
v -0.000724051188 -0.00482655487 -0.00279099258
v 0.000869678388 -0.00649267895 -0.00214101165
f 2002 2004 2003
v -0.000835786068 -0.00395500574 -0.00282928304
v -0.000724051188 -0.00482655487 -0.00279099258
v 0.00121945832 -0.00451985943 -0.0013808989
f 2005 2007 2006
v 0.0021224183 -0.0058115118 -3.50123202e-05
v 0.000644899001 -0.00259162753 -0.000920786897
v 0.00121945832 -0.00451985943 -0.0013808989
f 2008 2010 2009
v 0.00187590449 -0.00385005333 0.00240623758
v 0.00149143807 -0.00281342454 0.00108560207
v 0.000644899001 -0.00259162753 -0.000920786897
f 2011 2013 2012
v 0.00213467792 -0.0080168531 0.000696491497
v 0.0021224183 -0.0058115118 -3.50123202e-05
v 0.0020852638 -0.00893039105 -0.00072732355
f 2014 2016 2015
v -0.00148714571 -0.00854887767 0.00419120624
v -0.00319772407 -0.00770818879 0.00358915167
v -0.00127410221 -0.0063127758 0.00409898312
f 2017 2019 2018
v -0.00296282942 -0.00610510615 0.00375716991
v -0.00307384689 -0.00499875277 0.00374679621
v -0.00127410221 -0.0063127758 0.00409898312
f 2020 2022 2021
v -0.0038160415 -0.00520506583 0.00188054746
v -0.00371848982 -0.00315397047 0.00344347027
v -0.00307384689 -0.00499875277 0.00374679621
f 2023 2025 2024
v -0.00127410221 -0.0063127758 0.00409898312
v -0.00307384689 -0.00499875277 0.00374679621
v -0.00159643932 -0.00372421127 0.00421086806
f 2026 2028 2027
v -0.00307384689 -0.00499875277 0.00374679621
v -0.00371848982 -0.00315397047 0.00344347027
v -0.00159643932 -0.00372421127 0.00421086806
f 2029 2031 2030
v -0.00441701704 -0.00362340252 0.00211116821
v -0.00481195457 -0.00244029834 0.00198648322
v -0.00371848982 -0.00315397047 0.00344347027
f 2032 2034 2033
v -0.00393264272 -0.00145768727 0.00326012123
v -0.00371848982 -0.00315397047 0.00344347027
v -0.00481195457 -0.00244029834 0.00198648322
f 2035 2037 2036
v -0.00422135272 -0.00156808255 0.00227825822
v -0.00393264272 -0.00145768727 0.00326012123
v -0.00481195457 -0.00244029834 0.00198648322
f 2038 2040 2039
v 0.00113077695 -0.00166272039 0.00349941583
v 0.00093022536 -0.00280114291 0.00377955403
v -0.000396590076 -0.000822893526 0.004060422
f 2041 2043 2042
v -0.00159643932 -0.00372421127 0.00421086806
v -0.00371848982 -0.00315397047 0.00344347027
v -0.00182601434 -0.00104053543 0.00413918824
f 2044 2046 2045
v -0.00182601434 -0.00104053543 0.00413918824
v -0.00371848982 -0.00315397047 0.00344347027
v -0.00288659485 -0.00121039302 0.00377557553
f 2047 2049 2048
v -0.000396590076 -0.000822893526 0.004060422
v -0.00159643932 -0.00372421127 0.00421086806
v -0.00182601434 -0.00104053543 0.00413918824
f 2050 2052 2051
v -0.00182601434 -0.00104053543 0.00413918824
v -0.000707100526 -0.000885951431 0.00413816815
v -0.000396590076 -0.000822893526 0.004060422
f 2053 2055 2054
v 0.000644899001 -0.00259162753 -0.000920786897
v 0.00149143807 -0.00281342454 0.00108560207
v 0.00110289429 -0.00107661281 -0.000683042435
f 2056 2058 2057
v -0.000835786068 -0.00395500574 -0.00282928304
v -0.000570432212 -0.00169409923 -0.00175380865
v -0.00171735155 -0.0020476662 -0.00233292139
f 2059 2061 2060
v 0.000644899001 -0.00259162753 -0.000920786897
v -0.000570432212 -0.00169409923 -0.00175380865
v -0.000835786068 -0.00395500574 -0.00282928304
f 2062 2064 2063
v -0.00232609273 -0.00170041694 -0.00186256366
v -0.00255862815 -0.00171547672 -0.00242277129
v -0.00171735155 -0.0020476662 -0.00233292139
f 2065 2067 2066
v -0.00374414776 -0.0018150371 -0.00208439578
v -0.00255862815 -0.00171547672 -0.00242277129
v -0.00232609273 -0.00170041694 -0.00186256366
f 2068 2070 2069
v 0.00110289429 -0.00107661281 -0.000683042435
v 0.000422465519 -0.000554999679 -0.00103241464
v -0.000570432212 -0.00169409923 -0.00175380865
f 2071 2073 2072
v 0.000814951909 -0.0001067016 -0.000579547122
v 0.000422465519 -0.000554999679 -0.00103241464
v 0.00110289429 -0.00107661281 -0.000683042435
f 2074 2076 2075
v -0.00024481028 -0.000505520529 -0.000181683231
v -0.00374414776 -0.0018150371 -0.00208439578
v -0.000570432212 -0.00169409923 -0.00175380865
f 2077 2079 2078
v -0.00506469296 -0.00195976081 -0.000262991693
v -0.00481195457 -0.00244029834 0.00198648322
v -0.00540116744 -0.00345439112 -0.000529407635
f 2080 2082 2081
v -0.00506469296 -0.00195976081 -0.000262991693
v -0.00467483915 -0.00180385723 0.00125659481
v -0.00481195457 -0.00244029834 0.00198648322
f 2083 2085 2084
v -0.00481195457 -0.00244029834 0.00198648322
v -0.00467483915 -0.00180385723 0.00125659481
v -0.00467580758 -0.00180318348 0.00125683709
f 2086 2088 2087
v -0.00506469296 -0.00195976081 -0.000262991693
v -0.00467580758 -0.00180318348 0.00125683709
v -0.00467483915 -0.00180385723 0.00125659481
f 2089 2091 2090
v -0.00466458514 -0.00131254965 0.000416239482
v -0.00467580758 -0.00180318348 0.00125683709
v -0.00506469296 -0.00195976081 -0.000262991693
f 2092 2094 2093
v -0.00466458514 -0.00131254965 0.000416239482
v -0.00443445024 -0.0015939675 0.00145557924
v -0.00467483915 -0.00180385723 0.00125659481
f 2095 2097 2096
v -0.00571601013 -0.00466520796 0.000938356607
v -0.00540116744 -0.00345439112 -0.000529407635
v -0.00481195457 -0.00244029834 0.00198648322
f 2098 2100 2099
v -0.00466458514 -0.00131254965 0.000416239482
v -0.00506469296 -0.00195976081 -0.000262991693
v -0.00341002124 -0.00153193523 -0.000494467758
f 2101 2103 2102
v -0.00443445024 -0.0015939675 0.00145557924
v -0.00341002124 -0.00153193523 -0.000494467758
v -0.00422135272 -0.00156808255 0.00227825822
f 2104 2106 2105
v -0.00422135272 -0.00156808255 0.00227825822
v -0.00481195457 -0.00244029834 0.00198648322
v -0.00443445024 -0.0015939675 0.00145557924
f 2107 2109 2108
v -0.00288659485 -0.00121039302 0.00377557553
v -0.00393264272 -0.00145768727 0.00326012123
v -0.00422135272 -0.00156808255 0.00227825822
f 2110 2112 2111
v 0.00113077695 -0.00166272039 0.00349941583
v 0.00133290996 -0.00112185462 0.00253486087
v 0.00149143807 -0.00281342454 0.00108560207
f 2113 2115 2114
v 0.00149143807 -0.00281342454 0.00108560207
v 0.00167787803 -0.000632766114 0.00147393484
v 0.00110289429 -0.00107661281 -0.000683042435
f 2116 2118 2117
v 0.000800172074 -0.000239156043 0.000630828299
v 0.00167787803 -0.000632766114 0.00147393484
v -0.000420660399 -0.000888678369 0.0038666818
f 2119 2121 2120
v 0.00167787803 -0.000632766114 0.00147393484
v 0.00144716378 -0.000244609851 0.00107249771
v 0.00143267916 -0.000256447856 0.00105586832
f 2122 2124 2123
v 0.0014184041 -0.000206803998 0.00101796368
v 0.00142503213 -0.000219641697 0.00105843219
v 0.000800172074 -0.000239156043 0.000630828299
f 2125 2127 2126
v 0.00110289429 -0.00107661281 -0.000683042435
v 0.00167787803 -0.000632766114 0.00147393484
v 0.00142512599 -0.000232296043 0.000970414112
f 2128 2130 2129
v 0.00137650622 -0.000189878676 0.000943464602
v 0.00139035528 -0.000179005485 0.000959440513
v 0.00119429806 -2.26612343e-05 0.000551721814
f 2131 2133 2132
v 0.000800172074 -0.000239156043 0.000630828299
v 0.00144716378 -0.000244609851 0.00107249771
v 0.00167787803 -0.000632766114 0.00147393484
f 2134 2136 2135
v 0.000800172074 -0.000239156043 0.000630828299
v 0.00137650622 -0.000189878676 0.000943464602
v 0.0014184041 -0.000206803998 0.00101796368
f 2137 2139 2138
v 0.0014184041 -0.000206803998 0.00101796368
v 0.00139035528 -0.000179005485 0.000959440513
v 0.00142512599 -0.000232296043 0.000970414112
f 2140 2142 2141
v 0.00142512599 -0.000232296043 0.000970414112
v 0.00139035528 -0.000179005485 0.000959440513
v 0.00137650622 -0.000189878676 0.000943464602
f 2143 2145 2144
v -0.00288659485 -0.00121039302 0.00377557553
v -0.000420660399 -0.000888678369 0.0038666818
v -0.00182601434 -0.00104053543 0.00413918824
f 2146 2148 2147
v -0.00024481028 -0.000505520529 -0.000181683231
v 0.000800172074 -0.000239156043 0.000630828299
v -0.00288659485 -0.00121039302 0.00377557553
f 2149 2151 2150
v -0.000420660399 -0.000888678369 0.0038666818
v -0.00288659485 -0.00121039302 0.00377557553
v 0.000800172074 -0.000239156043 0.000630828299
f 2152 2154 2153
v 0.00113077695 -0.00166272039 0.00349941583
v -0.000420660399 -0.000888678369 0.0038666818
v 0.00133290996 -0.00112185462 0.00253486087
f 2155 2157 2156
v 0.00113077695 -0.00166272039 0.00349941583
v -0.000396590076 -0.000822893526 0.004060422
v -0.000420660399 -0.000888678369 0.0038666818
f 2158 2160 2159
v -0.000609202152 -0.000796685617 0.00414108654
v -0.000579258494 -0.000818987883 0.0041300973
v -0.000707100526 -0.000885951431 0.00413816815
f 2161 2163 2162
v 0.00103102639 3.768113e-05 -2.9741571e-05
v 0.00102565073 -1.67488565e-05 -3.14347773e-05
v 0.00104079036 6.47455138e-06 -3.42311068e-06
f 2164 2166 2165
v -0.000420660399 -0.000888678369 0.0038666818
v -0.000609202152 -0.000796685617 0.00414108654
v -0.000707100526 -0.000885951431 0.00413816815
f 2167 2169 2168
v -0.000579258494 -0.000818987883 0.0041300973
v -0.000609202152 -0.000796685617 0.00414108654
v -0.000420660399 -0.000888678369 0.0038666818
f 2170 2172 2171
v -0.000707100526 -0.000885951431 0.00413816815
v -0.000579258494 -0.000818987883 0.0041300973
v -0.000412059399 -0.000759774593 0.00411610235
f 2173 2175 2174
v -0.000396590076 -0.000822893526 0.004060422
v -0.000579258494 -0.000818987883 0.0041300973
v -0.000420660399 -0.000888678369 0.0038666818
f 2176 2178 2177
v 0.00119429806 -2.26612343e-05 0.000551721814
v 0.000814951909 -0.0001067016 -0.000579547122
v 0.00110289429 -0.00107661281 -0.000683042435
f 2179 2181 2180
v 0.000814951909 -0.0001067016 -0.000579547122
v 0.000800172074 -0.000239156043 0.000630828299
v -0.00024481028 -0.000505520529 -0.000181683231
f 2182 2184 2183
v 0.000422465519 -0.000554999679 -0.00103241464
v 0.000814951909 -0.0001067016 -0.000579547122
v -0.00024481028 -0.000505520529 -0.000181683231
f 2185 2187 2186
v 0.00119429806 -2.26612343e-05 0.000551721814
v 0.00104079036 6.47455138e-06 -3.42311068e-06
v 0.00102565073 -1.67488565e-05 -3.14347773e-05
f 2188 2190 2189
v 0.00119429806 -2.26612343e-05 0.000551721814
v 0.00102565073 -1.67488565e-05 -3.14347773e-05
v 0.000814951909 -0.0001067016 -0.000579547122
f 2191 2193 2192
v 0.000800172074 -0.000239156043 0.000630828299
v 0.00104079036 6.47455138e-06 -3.42311068e-06
v 0.00119429806 -2.26612343e-05 0.000551721814
f 2194 2196 2195
v 0.00141511664 -0.00356582823 0.0032457061
v 0.00116349202 -0.00635669203 0.00302746594
v -0.00127410221 -0.0063127758 0.00409898312
f 2197 2199 2198
v -0.00388508597 -0.0158913695 0.000210057101
v -0.00483257099 -0.0143365178 -0.000565415803
v -0.00359264013 -0.0142876277 0.000389244406
f 2200 2202 2201
v -0.0056706449 -0.0130211032 -0.00031301056
v -0.00483257099 -0.0143365178 -0.000565415803
v -0.0057833684 -0.0131668727 -0.00071909617
f 2203 2205 2204
v -0.00322756423 -0.014314377 0.00319639912
v -0.00293073535 -0.0154425637 0.0032544147
v -0.00328035712 -0.0169439139 0.0015448777
f 2206 2208 2207
v -0.00373951225 -0.0370336988 -0.000334017795
v -0.00374423907 -0.0367423694 4.56490909e-05
v -0.00331957308 -0.0368793844 -0.000265720996
f 2209 2211 2210
v -0.00373951225 -0.0370336988 -0.000334017795
v -0.00331957308 -0.0368793844 -0.000265720996
v -0.0037376507 -0.037028431 -0.000341519308
f 2212 2214 2213
v -0.00355803313 -0.0371536356 -0.00106024445
v -0.00359412115 -0.0373792631 -0.00134455804
v -0.0037602982 -0.0372452283 -0.000909490427
f 2215 2217 2216
v -0.00236297037 -0.0362911262 -0.00202141673
v -0.00125025645 -0.0372795505 -0.00241533926
v -0.000684474799 -0.035823416 -0.00235105399
f 2218 2220 2219
v -0.00331957308 -0.0368793844 -0.000265720996
v -0.00374423907 -0.0367423694 4.56490909e-05
v -0.00366605709 -0.0368362176 0.000722742016
f 2221 2223 2222
v -0.0037376507 -0.037028431 -0.000341519308
v -0.00331957308 -0.0368793844 -0.000265720996
v -0.00372880058 -0.037052168 -0.000351997505
f 2224 2226 2225
v -0.0037376507 -0.037028431 -0.000341519308
v -0.00372880058 -0.037052168 -0.000351997505
v -0.00373951225 -0.0370336988 -0.000334017795
f 2227 2229 2228
v 0.000476213336 -0.0367491739 -0.000579449807
v 0.000470142459 -0.0367446861 -0.00057784182
v 0.00043394607 -0.0368095702 -0.000481823145
f 2230 2232 2231
v 0.000476213336 -0.0367491739 -0.000579449807
v 0.00043394607 -0.0368095702 -0.000481823145
v 0.000543375018 -0.0368754787 -0.000390029936
f 2233 2235 2234
v -0.0036444264 -0.0366388034 0.00128655629
v -0.00364254302 -0.0366737251 0.00125433371
v -0.00364003317 -0.0366535474 0.00122358479
f 2236 2238 2237
v 0.000567716006 -0.0368585606 -0.000252327322
v 0.000572698264 -0.036922915 -0.000276106152
v 0.00043394607 -0.0368095702 -0.000481823145
f 2239 2241 2240
v 0.000848135005 -0.0365203072 0.000465757012
v 0.00087104554 -0.0365100976 0.000492429399
v 0.000921072751 -0.0357070123 0.000300463512
f 2242 2244 2243
v 0.000848135005 -0.0365203072 0.000465757012
v 0.000921072751 -0.0357070123 0.000300463512
v 0.000847497267 -0.0365078158 0.000411835435
f 2245 2247 2246
v 0.000470142459 -0.0367446861 -0.00057784182
v 0.000476213336 -0.0367491739 -0.000579449807
v 1.17640496e-05 -0.0370798982 -0.00100896405
f 2248 2250 2249
v 0.000543375018 -0.0368754787 -0.000390029936
v 0.000552939628 -0.0369009678 -0.000305991534
v 0.000567716006 -0.0368585606 -0.000252327322
f 2251 2253 2252
v -0.000124555345 -0.0362228719 0.00299868261
v 0.000232583761 -0.0361150131 0.00286340237
v -2.29886012e-05 -0.0363324652 0.00296640173
f 2254 2256 2255
v -0.000124555345 -0.0362228719 0.00299868261
v -2.29886012e-05 -0.0363324652 0.00296640173
v -0.000131833121 -0.0362375344 0.00301288928
f 2257 2259 2258
v 0.000813101087 -0.036496314 0.000313207215
v 0.000838789038 -0.0364945037 0.000413558018
v 0.000921072751 -0.0357070123 0.000300463512
f 2260 2262 2261
v 0.000838789038 -0.0364945037 0.000413558018
v 0.000847497267 -0.0365078158 0.000411835435
v 0.000801242004 -0.0365000917 0.000369666759
f 2263 2265 2264
v 0.00104561232 -0.0364897714 0.000944183739
v 0.00087104554 -0.0365100976 0.000492429399
v 0.000842371537 -0.0365363929 0.000604581101
f 2266 2268 2267
v 0.00104561232 -0.0364897714 0.000944183739
v 0.00116720876 -0.0365028711 0.0014296088
v 0.00122018573 -0.0364586595 0.00153570163
f 2269 2271 2270
v 0.00104561232 -0.0364897714 0.000944183739
v 0.00101344367 -0.0364317326 0.00208538258
v 0.0011387322 -0.0365566579 0.00132279165
f 2272 2274 2273
v -0.00228618846 -0.0361967017 0.00304317655
v -0.00110469264 -0.036173439 0.00341312443
v -0.000329673026 -0.0361676182 0.00309660572
f 2275 2277 2276
v 0.0023018245 -0.0261855195 0.000699837847
v 0.00206269196 -0.0264064845 0.000772000203
v 0.00213063813 -0.0264012604 0.000843057023
f 2278 2280 2279
v 0.0023018245 -0.0261855195 0.000699837847
v 0.00213063813 -0.0264012604 0.000843057023
v 0.00215891578 -0.0264252594 0.000834744969
f 2281 2283 2282
v -0.000134080483 -0.0362273655 0.00301832151
v -0.000131833121 -0.0362375344 0.00301288928
v -0.000124555345 -0.0362228719 0.00299868261
f 2284 2286 2285
v 0.000219739536 -0.0362066319 0.00262058766
v -2.29886012e-05 -0.0363324652 0.00296640173
v 0.000232583761 -0.0361150131 0.00286340237
f 2287 2289 2288
v -0.0043974811 -0.0359663914 0.00131606466
v -0.00474946719 -0.0358613732 0.00130062544
v -0.00459849725 -0.0355822092 0.0011953578
f 2290 2292 2291
v 0.00143267916 -0.000256447856 0.00105586832
v 0.00144716378 -0.000244609851 0.00107249771
v 0.0014184041 -0.000206803998 0.00101796368
f 2293 2295 2294
v 0.00143267916 -0.000256447856 0.00105586832
v 0.0014184041 -0.000206803998 0.00101796368
v 0.00142512599 -0.000232296043 0.000970414112
f 2296 2298 2297
v 0.00215891578 -0.0264252594 0.000834744969
v 0.00213063813 -0.0264012604 0.000843057023
v 0.00206269196 -0.0264064845 0.000772000203
f 2299 2301 2300
v 0.00226607917 -0.0259020366 0.00092317714
v 0.00215891578 -0.0264252594 0.000834744969
v 0.00213063813 -0.0264012604 0.000843057023
f 2302 2304 2303
v 0.00210060443 -0.0266974734 0.00103240973
v 0.00213063813 -0.0264012604 0.000843057023
v 0.00215891578 -0.0264252594 0.000834744969
f 2305 2307 2306
v -0.00471645581 -0.0186132704 -0.000513806162
v -0.00471383646 -0.0186058576 -0.000524347661
v -0.00464821751 -0.0183498807 -0.000258322802
f 2308 2310 2309
v -0.0055943543 -0.00617056285 0.000922880372
v -0.00581920649 -0.00635077377 0.000442016744
v -0.00585593189 -0.00613947559 0.000198987959
f 2311 2313 2312
v 0.00143267916 -0.000256447856 0.00105586832
v 0.000800172074 -0.000239156043 0.000630828299
v 0.00142503213 -0.000219641697 0.00105843219
f 2314 2316 2315
v 0.00143267916 -0.000256447856 0.00105586832
v 0.00142503213 -0.000219641697 0.00105843219
v 0.00144716378 -0.000244609851 0.00107249771
f 2317 2319 2318
v 0.000800172074 -0.000239156043 0.000630828299
v 0.00143267916 -0.000256447856 0.00105586832
v 0.00144716378 -0.000244609851 0.00107249771
f 2320 2322 2321
v -0.000579258494 -0.000818987883 0.0041300973
v -0.000609202152 -0.000796685617 0.00414108654
v -0.000412059399 -0.000759774593 0.00411610235
f 2323 2325 2324
v 0.00103102639 3.768113e-05 -2.9741571e-05
v 0.000814951909 -0.0001067016 -0.000579547122
v 0.00102565073 -1.67488565e-05 -3.14347773e-05
f 2326 2328 2327
v 0.00102565073 -1.67488565e-05 -3.14347773e-05
v 0.000800172074 -0.000239156043 0.000630828299
v 0.00103102639 3.768113e-05 -2.9741571e-05
f 2329 2331 2330
